<?xml version="1.0" encoding="UTF-8"?>
<gpx creator="IGPSPORT" xmlns:xsi="http://www.w3.org/2001/XMLSchema-instance" schemaLocation="http://www.topografix.com/GPX/1/1 http://www.topografix.com/GPX/1/1/gpx.xsd" version="1.1" xmlns="http://www.topografix.com/GPX/1/1">
  <metadata>
    <time>2026-07-27T09:56:57.000Z</time>
    <link href="https://www.igpsport.cn/">
      <text>Велоспорт на свежем воздухе</text>
    </link>
  </metadata>
  <trk>
    <name>Велоспорт на свежем воздухе</name>
    <trkseg>
      <trkpt lat="50.40248419158161" lon="86.78687076084316">
        <ele>797.4</ele>
        <time>2026-07-27T10:02:41.000Z</time>
      </trkpt>
      <trkpt lat="50.40246826596558" lon="86.786925829947">
        <ele>797.4</ele>
        <time>2026-07-27T10:02:43.000Z</time>
      </trkpt>
      <trkpt lat="50.4024395160377" lon="86.78700529038906">
        <ele>797.4</ele>
        <time>2026-07-27T10:02:46.000Z</time>
      </trkpt>
      <trkpt lat="50.402360474690795" lon="86.7872725892812">
        <ele>797.6</ele>
        <time>2026-07-27T10:02:57.000Z</time>
      </trkpt>
      <trkpt lat="50.40235578082502" lon="86.78735037334263">
        <ele>797.8</ele>
        <time>2026-07-27T10:03:00.000Z</time>
      </trkpt>
      <trkpt lat="50.40233717299998" lon="86.78763477131724">
        <ele>798</ele>
        <time>2026-07-27T10:03:11.000Z</time>
      </trkpt>
      <trkpt lat="50.40229903534055" lon="86.78806627169251">
        <ele>798.4</ele>
        <time>2026-07-27T10:03:27.000Z</time>
      </trkpt>
      <trkpt lat="50.40230875834823" lon="86.78852853365242">
        <ele>798.8</ele>
        <time>2026-07-27T10:03:44.000Z</time>
      </trkpt>
      <trkpt lat="50.40232988074422" lon="86.78861327469349">
        <ele>799</ele>
        <time>2026-07-27T10:03:48.000Z</time>
      </trkpt>
      <trkpt lat="50.40239525958896" lon="86.78899322636425">
        <ele>799.4</ele>
        <time>2026-07-27T10:04:04.000Z</time>
      </trkpt>
      <trkpt lat="50.40247153490782" lon="86.78929338231683">
        <ele>800.6</ele>
        <time>2026-07-27T10:04:33.000Z</time>
      </trkpt>
      <trkpt lat="50.40250439196825" lon="86.78951650857925">
        <ele>801.6</ele>
        <time>2026-07-27T10:04:49.000Z</time>
      </trkpt>
      <trkpt lat="50.40251319296658" lon="86.78964525461197">
        <ele>802.6</ele>
        <time>2026-07-27T10:05:00.000Z</time>
      </trkpt>
      <trkpt lat="50.40256851352751" lon="86.79003509692848">
        <ele>806</ele>
        <time>2026-07-27T10:05:49.000Z</time>
      </trkpt>
      <trkpt lat="50.40262257680297" lon="86.79023089818656">
        <ele>808</ele>
        <time>2026-07-27T10:06:09.000Z</time>
      </trkpt>
      <trkpt lat="50.40307159535587" lon="86.79147083312273">
        <ele>821.4</ele>
        <time>2026-07-27T10:09:08.000Z</time>
      </trkpt>
      <trkpt lat="50.403198413550854" lon="86.79158868268132">
        <ele>822.2</ele>
        <time>2026-07-27T10:09:24.000Z</time>
      </trkpt>
      <trkpt lat="50.40329547598958" lon="86.79160720668733">
        <ele>822.8</ele>
        <time>2026-07-27T10:09:34.000Z</time>
      </trkpt>
      <trkpt lat="50.403335290029645" lon="86.79158826358616">
        <ele>823</ele>
        <time>2026-07-27T10:09:38.000Z</time>
      </trkpt>
      <trkpt lat="50.403413912281394" lon="86.7915846593678">
        <ele>824.4</ele>
        <time>2026-07-27T10:09:49.000Z</time>
      </trkpt>
      <trkpt lat="50.403568809852004" lon="86.79153562523425">
        <ele>827.8</ele>
        <time>2026-07-27T10:10:35.000Z</time>
      </trkpt>
      <trkpt lat="50.40383937768638" lon="86.79163478314877">
        <ele>829.8</ele>
        <time>2026-07-27T10:11:23.000Z</time>
      </trkpt>
      <trkpt lat="50.404099468141794" lon="86.79166705347598">
        <ele>830.4</ele>
        <time>2026-07-27T10:11:37.000Z</time>
      </trkpt>
      <trkpt lat="50.40431077592075" lon="86.79169077426195">
        <ele>830.8</ele>
        <time>2026-07-27T10:11:48.000Z</time>
      </trkpt>
      <trkpt lat="50.404354613274336" lon="86.79169580340385">
        <ele>830.8</ele>
        <time>2026-07-27T10:11:50.000Z</time>
      </trkpt>
      <trkpt lat="50.404614955186844" lon="86.79172195494175">
        <ele>831</ele>
        <time>2026-07-27T10:12:02.000Z</time>
      </trkpt>
      <trkpt lat="50.404981914907694" lon="86.79173117503524">
        <ele>831.2</ele>
        <time>2026-07-27T10:12:18.000Z</time>
      </trkpt>
      <trkpt lat="50.405274610966444" lon="86.79173259995878">
        <ele>832</ele>
        <time>2026-07-27T10:12:35.000Z</time>
      </trkpt>
      <trkpt lat="50.405391873791814" lon="86.79171935655177">
        <ele>832.4</ele>
        <time>2026-07-27T10:12:43.000Z</time>
      </trkpt>
      <trkpt lat="50.405403608456254" lon="86.7919871583581">
        <ele>833.2</ele>
        <time>2026-07-27T10:12:52.000Z</time>
      </trkpt>
      <trkpt lat="50.40539547801018" lon="86.79206888191402">
        <ele>833.2</ele>
        <time>2026-07-27T10:12:54.000Z</time>
      </trkpt>
      <trkpt lat="50.405361698940396" lon="86.79243240505457">
        <ele>833.6</ele>
        <time>2026-07-27T10:13:03.000Z</time>
      </trkpt>
      <trkpt lat="50.40530579164624" lon="86.79304705001414">
        <ele>834</ele>
        <time>2026-07-27T10:13:19.000Z</time>
      </trkpt>
      <trkpt lat="50.40527150966227" lon="86.79344745352864">
        <ele>834</ele>
        <time>2026-07-27T10:13:29.000Z</time>
      </trkpt>
      <trkpt lat="50.40521048940718" lon="86.79404047317803">
        <ele>834.4</ele>
        <time>2026-07-27T10:13:45.000Z</time>
      </trkpt>
      <trkpt lat="50.40515139698982" lon="86.79463508538902">
        <ele>835</ele>
        <time>2026-07-27T10:14:01.000Z</time>
      </trkpt>
      <trkpt lat="50.405103117227554" lon="86.79516348056495">
        <ele>835.8</ele>
        <time>2026-07-27T10:14:17.000Z</time>
      </trkpt>
      <trkpt lat="50.40505005978048" lon="86.79569045081735">
        <ele>836.8</ele>
        <time>2026-07-27T10:14:33.000Z</time>
      </trkpt>
      <trkpt lat="50.405014269053936" lon="86.79608481936157">
        <ele>838</ele>
        <time>2026-07-27T10:14:47.000Z</time>
      </trkpt>
      <trkpt lat="50.404965402558446" lon="86.79655546322465">
        <ele>839.4</ele>
        <time>2026-07-27T10:15:03.000Z</time>
      </trkpt>
      <trkpt lat="50.404923325404525" lon="86.79703046567738">
        <ele>840.8</ele>
        <time>2026-07-27T10:15:19.000Z</time>
      </trkpt>
      <trkpt lat="50.404888708144426" lon="86.79748493246734">
        <ele>842</ele>
        <time>2026-07-27T10:15:35.000Z</time>
      </trkpt>
      <trkpt lat="50.40485668927431" lon="86.79793646559119">
        <ele>843.4</ele>
        <time>2026-07-27T10:15:51.000Z</time>
      </trkpt>
      <trkpt lat="50.404826598241925" lon="86.79828205145895">
        <ele>844.2</ele>
        <time>2026-07-27T10:16:02.000Z</time>
      </trkpt>
      <trkpt lat="50.404787957668304" lon="86.79887289181352">
        <ele>844.6</ele>
        <time>2026-07-27T10:16:17.000Z</time>
      </trkpt>
      <trkpt lat="50.404766416177154" lon="86.79925301112235">
        <ele>844.6</ele>
        <time>2026-07-27T10:16:26.000Z</time>
      </trkpt>
      <trkpt lat="50.40476331487298" lon="86.79934688843787">
        <ele>844.8</ele>
        <time>2026-07-27T10:16:28.000Z</time>
      </trkpt>
      <trkpt lat="50.40476247668266" lon="86.79973656311631">
        <ele>844.8</ele>
        <time>2026-07-27T10:16:36.000Z</time>
      </trkpt>
      <trkpt lat="50.40476381778717" lon="86.79983681067824">
        <ele>844.8</ele>
        <time>2026-07-27T10:16:38.000Z</time>
      </trkpt>
      <trkpt lat="50.40477002039552" lon="86.79994376376271">
        <ele>844.8</ele>
        <time>2026-07-27T10:16:40.000Z</time>
      </trkpt>
      <trkpt lat="50.40482550859451" lon="86.80044902488589">
        <ele>844.8</ele>
        <time>2026-07-27T10:16:49.000Z</time>
      </trkpt>
      <trkpt lat="50.40498417802155" lon="86.80110197514296">
        <ele>845.8</ele>
        <time>2026-07-27T10:17:06.000Z</time>
      </trkpt>
      <trkpt lat="50.405211159959435" lon="86.80174386128783">
        <ele>846</ele>
        <time>2026-07-27T10:17:22.000Z</time>
      </trkpt>
      <trkpt lat="50.40547619573772" lon="86.80243880487978">
        <ele>847</ele>
        <time>2026-07-27T10:17:38.000Z</time>
      </trkpt>
      <trkpt lat="50.40561055764556" lon="86.8030371889472">
        <ele>848.2</ele>
        <time>2026-07-27T10:17:52.000Z</time>
      </trkpt>
      <trkpt lat="50.40563989430666" lon="86.80332602933049">
        <ele>847.8</ele>
        <time>2026-07-27T10:17:57.000Z</time>
      </trkpt>
      <trkpt lat="50.40564760565758" lon="86.80345552973449">
        <ele>847.6</ele>
        <time>2026-07-27T10:17:59.000Z</time>
      </trkpt>
      <trkpt lat="50.40565355680883" lon="86.8035966809839">
        <ele>847.4</ele>
        <time>2026-07-27T10:18:01.000Z</time>
      </trkpt>
      <trkpt lat="50.405658166855574" lon="86.80374981835485">
        <ele>847.2</ele>
        <time>2026-07-27T10:18:03.000Z</time>
      </trkpt>
      <trkpt lat="50.40566042996943" lon="86.80391485802829">
        <ele>847</ele>
        <time>2026-07-27T10:18:05.000Z</time>
      </trkpt>
      <trkpt lat="50.40566101670265" lon="86.80408995598555">
        <ele>846.8</ele>
        <time>2026-07-27T10:18:07.000Z</time>
      </trkpt>
      <trkpt lat="50.40565959177911" lon="86.8042721785605">
        <ele>846.4</ele>
        <time>2026-07-27T10:18:09.000Z</time>
      </trkpt>
      <trkpt lat="50.40561533533037" lon="86.80559425614774">
        <ele>845.8</ele>
        <time>2026-07-27T10:18:25.000Z</time>
      </trkpt>
      <trkpt lat="50.40552003309131" lon="86.80670628324151">
        <ele>845.4</ele>
        <time>2026-07-27T10:18:41.000Z</time>
      </trkpt>
      <trkpt lat="50.40528567507863" lon="86.80766609497368">
        <ele>844.8</ele>
        <time>2026-07-27T10:18:57.000Z</time>
      </trkpt>
      <trkpt lat="50.40491368621588" lon="86.80845055729151">
        <ele>844.4</ele>
        <time>2026-07-27T10:19:13.000Z</time>
      </trkpt>
      <trkpt lat="50.40450255386531" lon="86.80927307344973">
        <ele>844</ele>
        <time>2026-07-27T10:19:30.000Z</time>
      </trkpt>
      <trkpt lat="50.40409150533378" lon="86.81007639504969">
        <ele>843.8</ele>
        <time>2026-07-27T10:19:46.000Z</time>
      </trkpt>
      <trkpt lat="50.40368967689574" lon="86.81088441051543">
        <ele>843.4</ele>
        <time>2026-07-27T10:20:02.000Z</time>
      </trkpt>
      <trkpt lat="50.403294805437326" lon="86.81167867965996">
        <ele>843.2</ele>
        <time>2026-07-27T10:20:18.000Z</time>
      </trkpt>
      <trkpt lat="50.40292399004102" lon="86.81243866682053">
        <ele>843</ele>
        <time>2026-07-27T10:20:34.000Z</time>
      </trkpt>
      <trkpt lat="50.40248041972518" lon="86.81334835477173">
        <ele>842.4</ele>
        <time>2026-07-27T10:20:50.000Z</time>
      </trkpt>
      <trkpt lat="50.40204808115959" lon="86.81422979570925">
        <ele>842</ele>
        <time>2026-07-27T10:21:06.000Z</time>
      </trkpt>
      <trkpt lat="50.401589926332235" lon="86.81512632407248">
        <ele>840.8</ele>
        <time>2026-07-27T10:21:22.000Z</time>
      </trkpt>
      <trkpt lat="50.40109178982675" lon="86.8160386942327">
        <ele>839.6</ele>
        <time>2026-07-27T10:21:38.000Z</time>
      </trkpt>
      <trkpt lat="50.40072047151625" lon="86.81692172773182">
        <ele>837</ele>
        <time>2026-07-27T10:21:50.000Z</time>
      </trkpt>
      <trkpt lat="50.40050539188087" lon="86.81782186031342">
        <ele>833.2</ele>
        <time>2026-07-27T10:22:02.000Z</time>
      </trkpt>
      <trkpt lat="50.4004814196378" lon="86.81801958940923">
        <ele>832.2</ele>
        <time>2026-07-27T10:22:04.000Z</time>
      </trkpt>
      <trkpt lat="50.40045862086117" lon="86.81836157105863">
        <ele>830.4</ele>
        <time>2026-07-27T10:22:07.000Z</time>
      </trkpt>
      <trkpt lat="50.40045158006251" lon="86.81861696764827">
        <ele>828.8</ele>
        <time>2026-07-27T10:22:09.000Z</time>
      </trkpt>
      <trkpt lat="50.4004520829767" lon="86.81890002451837">
        <ele>827.2</ele>
        <time>2026-07-27T10:22:11.000Z</time>
      </trkpt>
      <trkpt lat="50.40046390146017" lon="86.81920856237411">
        <ele>825.4</ele>
        <time>2026-07-27T10:22:13.000Z</time>
      </trkpt>
      <trkpt lat="50.400498770177364" lon="86.81953562423587">
        <ele>823.6</ele>
        <time>2026-07-27T10:22:15.000Z</time>
      </trkpt>
      <trkpt lat="50.40055811405182" lon="86.81986427865922">
        <ele>822.2</ele>
        <time>2026-07-27T10:22:17.000Z</time>
      </trkpt>
      <trkpt lat="50.40087436325848" lon="86.82071831077337">
        <ele>820</ele>
        <time>2026-07-27T10:22:23.000Z</time>
      </trkpt>
      <trkpt lat="50.4015795327723" lon="86.8218896817416">
        <ele>822.6</ele>
        <time>2026-07-27T10:22:39.000Z</time>
      </trkpt>
      <trkpt lat="50.40163652971387" lon="86.82197391986847">
        <ele>823</ele>
        <time>2026-07-27T10:22:43.000Z</time>
      </trkpt>
      <trkpt lat="50.40166829712689" lon="86.82202722877264">
        <ele>823.4</ele>
        <time>2026-07-27T10:22:46.000Z</time>
      </trkpt>
      <trkpt lat="50.401844065636396" lon="86.8223397899419">
        <ele>825</ele>
        <time>2026-07-27T10:23:02.000Z</time>
      </trkpt>
      <trkpt lat="50.40192939341068" lon="86.82248085737228">
        <ele>825.8</ele>
        <time>2026-07-27T10:23:10.000Z</time>
      </trkpt>
      <trkpt lat="50.40196191519499" lon="86.82253475300968">
        <ele>826.2</ele>
        <time>2026-07-27T10:23:13.000Z</time>
      </trkpt>
      <trkpt lat="50.40198069065809" lon="86.82257398031652">
        <ele>826.4</ele>
        <time>2026-07-27T10:23:15.000Z</time>
      </trkpt>
      <trkpt lat="50.40216827765107" lon="86.8228981923312">
        <ele>828</ele>
        <time>2026-07-27T10:23:31.000Z</time>
      </trkpt>
      <trkpt lat="50.40234412997961" lon="86.82319030165672">
        <ele>829.8</ele>
        <time>2026-07-27T10:23:47.000Z</time>
      </trkpt>
      <trkpt lat="50.40241646580398" lon="86.82330295443535">
        <ele>830.6</ele>
        <time>2026-07-27T10:23:54.000Z</time>
      </trkpt>
      <trkpt lat="50.402442617341876" lon="86.82335576042533">
        <ele>831</ele>
        <time>2026-07-27T10:23:57.000Z</time>
      </trkpt>
      <trkpt lat="50.402611680328846" lon="86.82362775318325">
        <ele>832.6</ele>
        <time>2026-07-27T10:24:14.000Z</time>
      </trkpt>
      <trkpt lat="50.40279842913151" lon="86.82389387860894">
        <ele>833.6</ele>
        <time>2026-07-27T10:24:30.000Z</time>
      </trkpt>
      <trkpt lat="50.40297738276422" lon="86.82418590411544">
        <ele>834.6</ele>
        <time>2026-07-27T10:24:46.000Z</time>
      </trkpt>
      <trkpt lat="50.403140326961875" lon="86.8244920950383">
        <ele>835.4</ele>
        <time>2026-07-27T10:25:02.000Z</time>
      </trkpt>
      <trkpt lat="50.40327477268875" lon="86.82481236755848">
        <ele>836.8</ele>
        <time>2026-07-27T10:25:18.000Z</time>
      </trkpt>
      <trkpt lat="50.40337476879358" lon="86.8251718673855">
        <ele>838.2</ele>
        <time>2026-07-27T10:25:34.000Z</time>
      </trkpt>
      <trkpt lat="50.40345959365368" lon="86.82561602443457">
        <ele>839.2</ele>
        <time>2026-07-27T10:25:50.000Z</time>
      </trkpt>
      <trkpt lat="50.40350259281695" lon="86.82609622366726">
        <ele>840</ele>
        <time>2026-07-27T10:26:06.000Z</time>
      </trkpt>
      <trkpt lat="50.403501419350505" lon="86.82669033296406">
        <ele>839.6</ele>
        <time>2026-07-27T10:26:22.000Z</time>
      </trkpt>
      <trkpt lat="50.40348708629608" lon="86.82732216082513">
        <ele>840</ele>
        <time>2026-07-27T10:26:39.000Z</time>
      </trkpt>
      <trkpt lat="50.40351156145334" lon="86.82820779271424">
        <ele>838.6</ele>
        <time>2026-07-27T10:26:55.000Z</time>
      </trkpt>
      <trkpt lat="50.403496976941824" lon="86.82909275405109">
        <ele>838.8</ele>
        <time>2026-07-27T10:27:11.000Z</time>
      </trkpt>
      <trkpt lat="50.403497982770205" lon="86.8296810798347">
        <ele>839.2</ele>
        <time>2026-07-27T10:27:27.000Z</time>
      </trkpt>
      <trkpt lat="50.40348859503865" lon="86.8301388155669">
        <ele>840.6</ele>
        <time>2026-07-27T10:27:43.000Z</time>
      </trkpt>
      <trkpt lat="50.40347727946937" lon="86.8305114749819">
        <ele>842.6</ele>
        <time>2026-07-27T10:27:57.000Z</time>
      </trkpt>
      <trkpt lat="50.40347493253648" lon="86.83058892376721">
        <ele>843</ele>
        <time>2026-07-27T10:28:00.000Z</time>
      </trkpt>
      <trkpt lat="50.40345079265535" lon="86.8309948593378">
        <ele>845</ele>
        <time>2026-07-27T10:28:16.000Z</time>
      </trkpt>
      <trkpt lat="50.403437968343496" lon="86.83136609382927">
        <ele>846.6</ele>
        <time>2026-07-27T10:28:32.000Z</time>
      </trkpt>
      <trkpt lat="50.40342262946069" lon="86.8317361548543">
        <ele>848.2</ele>
        <time>2026-07-27T10:28:48.000Z</time>
      </trkpt>
      <trkpt lat="50.40340251289308" lon="86.83212708681822">
        <ele>849.4</ele>
        <time>2026-07-27T10:29:05.000Z</time>
      </trkpt>
      <trkpt lat="50.40337812155485" lon="86.83253729715943">
        <ele>850.4</ele>
        <time>2026-07-27T10:29:21.000Z</time>
      </trkpt>
      <trkpt lat="50.40330880321562" lon="86.83293451555073">
        <ele>851.2</ele>
        <time>2026-07-27T10:29:37.000Z</time>
      </trkpt>
      <trkpt lat="50.40321735665202" lon="86.833302564919">
        <ele>852</ele>
        <time>2026-07-27T10:29:53.000Z</time>
      </trkpt>
      <trkpt lat="50.40308777242899" lon="86.8336876295507">
        <ele>852.8</ele>
        <time>2026-07-27T10:30:09.000Z</time>
      </trkpt>
      <trkpt lat="50.40293538942933" lon="86.83406598865986">
        <ele>853.4</ele>
        <time>2026-07-27T10:30:25.000Z</time>
      </trkpt>
      <trkpt lat="50.40276783518493" lon="86.83449991978705">
        <ele>854.2</ele>
        <time>2026-07-27T10:30:41.000Z</time>
      </trkpt>
      <trkpt lat="50.402618469670415" lon="86.83489487506449">
        <ele>855.2</ele>
        <time>2026-07-27T10:30:57.000Z</time>
      </trkpt>
      <trkpt lat="50.40245410054922" lon="86.83530466631055">
        <ele>856.2</ele>
        <time>2026-07-27T10:31:13.000Z</time>
      </trkpt>
      <trkpt lat="50.402320912107825" lon="86.83564539067447">
        <ele>857</ele>
        <time>2026-07-27T10:31:30.000Z</time>
      </trkpt>
      <trkpt lat="50.40215352550149" lon="86.83605442754924">
        <ele>857.6</ele>
        <time>2026-07-27T10:31:46.000Z</time>
      </trkpt>
      <trkpt lat="50.401967111974955" lon="86.83646296150982">
        <ele>858.4</ele>
        <time>2026-07-27T10:32:02.000Z</time>
      </trkpt>
      <trkpt lat="50.40168975479901" lon="86.83692689985037">
        <ele>859</ele>
        <time>2026-07-27T10:32:18.000Z</time>
      </trkpt>
      <trkpt lat="50.401323130354285" lon="86.83738647960126">
        <ele>859.4</ele>
        <time>2026-07-27T10:32:34.000Z</time>
      </trkpt>
      <trkpt lat="50.40093789808452" lon="86.83783642016351">
        <ele>859.4</ele>
        <time>2026-07-27T10:32:50.000Z</time>
      </trkpt>
      <trkpt lat="50.4004742950201" lon="86.8383773881942">
        <ele>858.8</ele>
        <time>2026-07-27T10:33:06.000Z</time>
      </trkpt>
      <trkpt lat="50.39995528757572" lon="86.8389889318496">
        <ele>857.8</ele>
        <time>2026-07-27T10:33:22.000Z</time>
      </trkpt>
      <trkpt lat="50.39929202757776" lon="86.84005368500948">
        <ele>855.6</ele>
        <time>2026-07-27T10:33:38.000Z</time>
      </trkpt>
      <trkpt lat="50.3988978266716" lon="86.84138112701476">
        <ele>853.2</ele>
        <time>2026-07-27T10:33:52.000Z</time>
      </trkpt>
      <trkpt lat="50.398597000166774" lon="86.84298927895725">
        <ele>852.2</ele>
        <time>2026-07-27T10:34:08.000Z</time>
      </trkpt>
      <trkpt lat="50.398413771763444" lon="86.84422275982797">
        <ele>852</ele>
        <time>2026-07-27T10:34:24.000Z</time>
      </trkpt>
      <trkpt lat="50.398264825344086" lon="86.84525675140321">
        <ele>851.8</ele>
        <time>2026-07-27T10:34:40.000Z</time>
      </trkpt>
      <trkpt lat="50.398155776783824" lon="86.84630272909999">
        <ele>852</ele>
        <time>2026-07-27T10:34:56.000Z</time>
      </trkpt>
      <trkpt lat="50.398103054612875" lon="86.84731216169894">
        <ele>851.6</ele>
        <time>2026-07-27T10:35:12.000Z</time>
      </trkpt>
      <trkpt lat="50.39813993498683" lon="86.84842402115464">
        <ele>851.6</ele>
        <time>2026-07-27T10:35:28.000Z</time>
      </trkpt>
      <trkpt lat="50.398233477026224" lon="86.84937352314591">
        <ele>851.6</ele>
        <time>2026-07-27T10:35:44.000Z</time>
      </trkpt>
      <trkpt lat="50.39841569960117" lon="86.85036627575755">
        <ele>851.4</ele>
        <time>2026-07-27T10:36:00.000Z</time>
      </trkpt>
      <trkpt lat="50.398625414818525" lon="86.85139515437186">
        <ele>851.2</ele>
        <time>2026-07-27T10:36:17.000Z</time>
      </trkpt>
      <trkpt lat="50.398860862478614" lon="86.85252922587097">
        <ele>850</ele>
        <time>2026-07-27T10:36:33.000Z</time>
      </trkpt>
      <trkpt lat="50.39909178391099" lon="86.85372155159712">
        <ele>849.8</ele>
        <time>2026-07-27T10:36:49.000Z</time>
      </trkpt>
      <trkpt lat="50.39929588325322" lon="86.85476291924715">
        <ele>849.6</ele>
        <time>2026-07-27T10:37:05.000Z</time>
      </trkpt>
      <trkpt lat="50.3995574824512" lon="86.85583136044443">
        <ele>849.4</ele>
        <time>2026-07-27T10:37:21.000Z</time>
      </trkpt>
      <trkpt lat="50.39988337084651" lon="86.8568138871342">
        <ele>849.8</ele>
        <time>2026-07-27T10:37:37.000Z</time>
      </trkpt>
      <trkpt lat="50.40020288899541" lon="86.85772189870477">
        <ele>849.8</ele>
        <time>2026-07-27T10:37:53.000Z</time>
      </trkpt>
      <trkpt lat="50.40057219564915" lon="86.85870476067066">
        <ele>849.6</ele>
        <time>2026-07-27T10:38:09.000Z</time>
      </trkpt>
      <trkpt lat="50.40079800412059" lon="86.85929912142456">
        <ele>849.6</ele>
        <time>2026-07-27T10:38:22.000Z</time>
      </trkpt>
      <trkpt lat="50.401086173951626" lon="86.8601322825998">
        <ele>849.8</ele>
        <time>2026-07-27T10:38:39.000Z</time>
      </trkpt>
      <trkpt lat="50.40139580145478" lon="86.86098572798073">
        <ele>850.2</ele>
        <time>2026-07-27T10:38:55.000Z</time>
      </trkpt>
      <trkpt lat="50.40171565487981" lon="86.86185132712126">
        <ele>850.4</ele>
        <time>2026-07-27T10:39:11.000Z</time>
      </trkpt>
      <trkpt lat="50.40205076336861" lon="86.86278942972422">
        <ele>850.2</ele>
        <time>2026-07-27T10:39:27.000Z</time>
      </trkpt>
      <trkpt lat="50.40240213274956" lon="86.86378327198327">
        <ele>851</ele>
        <time>2026-07-27T10:39:43.000Z</time>
      </trkpt>
      <trkpt lat="50.40271578356624" lon="86.86465105041862">
        <ele>852.4</ele>
        <time>2026-07-27T10:39:59.000Z</time>
      </trkpt>
      <trkpt lat="50.40293086320162" lon="86.86530240811408">
        <ele>854</ele>
        <time>2026-07-27T10:40:15.000Z</time>
      </trkpt>
      <trkpt lat="50.40311761200428" lon="86.86580976471305">
        <ele>855.6</ele>
        <time>2026-07-27T10:40:31.000Z</time>
      </trkpt>
      <trkpt lat="50.40331978350878" lon="86.86636758036911">
        <ele>856.4</ele>
        <time>2026-07-27T10:40:47.000Z</time>
      </trkpt>
      <trkpt lat="50.40347585454583" lon="86.86679891310632">
        <ele>857.4</ele>
        <time>2026-07-27T10:41:00.000Z</time>
      </trkpt>
      <trkpt lat="50.40367517620325" lon="86.8673268891871">
        <ele>858.6</ele>
        <time>2026-07-27T10:41:16.000Z</time>
      </trkpt>
      <trkpt lat="50.40388321503997" lon="86.8679085932672">
        <ele>859.4</ele>
        <time>2026-07-27T10:41:32.000Z</time>
      </trkpt>
      <trkpt lat="50.40409619919956" lon="86.86849297955632">
        <ele>860.2</ele>
        <time>2026-07-27T10:41:48.000Z</time>
      </trkpt>
      <trkpt lat="50.40432536043227" lon="86.86912581324577">
        <ele>861</ele>
        <time>2026-07-27T10:42:04.000Z</time>
      </trkpt>
      <trkpt lat="50.40455016307533" lon="86.86975521035492">
        <ele>861.2</ele>
        <time>2026-07-27T10:42:20.000Z</time>
      </trkpt>
      <trkpt lat="50.40478586219251" lon="86.87039307318628">
        <ele>861.2</ele>
        <time>2026-07-27T10:42:36.000Z</time>
      </trkpt>
      <trkpt lat="50.405033212155104" lon="86.87109631486237">
        <ele>861.6</ele>
        <time>2026-07-27T10:42:52.000Z</time>
      </trkpt>
      <trkpt lat="50.40529481135309" lon="86.87182797119021">
        <ele>861.8</ele>
        <time>2026-07-27T10:43:08.000Z</time>
      </trkpt>
      <trkpt lat="50.405495055019855" lon="86.87238050624728">
        <ele>862</ele>
        <time>2026-07-27T10:43:20.000Z</time>
      </trkpt>
      <trkpt lat="50.405755899846554" lon="86.87307519838214">
        <ele>862.6</ele>
        <time>2026-07-27T10:43:36.000Z</time>
      </trkpt>
      <trkpt lat="50.40596175938845" lon="86.87367986887693">
        <ele>863.2</ele>
        <time>2026-07-27T10:43:52.000Z</time>
      </trkpt>
      <trkpt lat="50.40616166777909" lon="86.8742670211941">
        <ele>863.8</ele>
        <time>2026-07-27T10:44:08.000Z</time>
      </trkpt>
      <trkpt lat="50.406374568119645" lon="86.8748645670712">
        <ele>864.4</ele>
        <time>2026-07-27T10:44:24.000Z</time>
      </trkpt>
      <trkpt lat="50.40657699108124" lon="86.87541517429054">
        <ele>864.8</ele>
        <time>2026-07-27T10:44:40.000Z</time>
      </trkpt>
      <trkpt lat="50.406771283596754" lon="86.8759769294411">
        <ele>865.4</ele>
        <time>2026-07-27T10:44:56.000Z</time>
      </trkpt>
      <trkpt lat="50.40693867020309" lon="86.8764447234571">
        <ele>865.6</ele>
        <time>2026-07-27T10:45:12.000Z</time>
      </trkpt>
      <trkpt lat="50.40714092552662" lon="86.87679659575224">
        <ele>866.4</ele>
        <time>2026-07-27T10:50:19.000Z</time>
      </trkpt>
      <trkpt lat="50.4073887784034" lon="86.87685342505574">
        <ele>865.4</ele>
        <time>2026-07-27T10:50:32.000Z</time>
      </trkpt>
      <trkpt lat="50.40753152221441" lon="86.87688058242202">
        <ele>865</ele>
        <time>2026-07-27T10:50:39.000Z</time>
      </trkpt>
      <trkpt lat="50.40773285552859" lon="86.87713488936424">
        <ele>864.4</ele>
        <time>2026-07-27T10:50:48.000Z</time>
      </trkpt>
      <trkpt lat="50.40805807337165" lon="86.87693330459297">
        <ele>865</ele>
        <time>2026-07-27T10:51:04.000Z</time>
      </trkpt>
      <trkpt lat="50.4082040861249" lon="86.87686700373888">
        <ele>864</ele>
        <time>2026-07-27T10:51:18.000Z</time>
      </trkpt>
      <trkpt lat="50.4083904158324" lon="86.87675141729414">
        <ele>863.8</ele>
        <time>2026-07-27T10:51:28.000Z</time>
      </trkpt>
      <trkpt lat="50.40860348381102" lon="86.87655217945576">
        <ele>864.2</ele>
        <time>2026-07-27T10:52:04.000Z</time>
      </trkpt>
      <trkpt lat="50.40878428146243" lon="86.87634539790452">
        <ele>864.4</ele>
        <time>2026-07-27T10:52:20.000Z</time>
      </trkpt>
      <trkpt lat="50.408747820183635" lon="86.87628077343106">
        <ele>864.6</ele>
        <time>2026-07-27T10:59:11.000Z</time>
      </trkpt>
      <trkpt lat="50.40864170528948" lon="86.87643516808748">
        <ele>864.4</ele>
        <time>2026-07-27T10:59:29.000Z</time>
      </trkpt>
      <trkpt lat="50.408549001440406" lon="86.87659886665642">
        <ele>864.6</ele>
        <time>2026-07-27T10:59:45.000Z</time>
      </trkpt>
      <trkpt lat="50.40844372473657" lon="86.8767330609262">
        <ele>864.4</ele>
        <time>2026-07-27T11:00:02.000Z</time>
      </trkpt>
      <trkpt lat="50.40828547440469" lon="86.87680615112185">
        <ele>864.2</ele>
        <time>2026-07-27T11:00:26.000Z</time>
      </trkpt>
      <trkpt lat="50.408141389489174" lon="86.87691327184439">
        <ele>864.6</ele>
        <time>2026-07-27T11:00:42.000Z</time>
      </trkpt>
      <trkpt lat="50.40775699540973" lon="86.87710127793252">
        <ele>865.2</ele>
        <time>2026-07-27T11:01:16.000Z</time>
      </trkpt>
      <trkpt lat="50.407610815018415" lon="86.87706397846341">
        <ele>865.4</ele>
        <time>2026-07-27T11:01:23.000Z</time>
      </trkpt>
      <trkpt lat="50.40742113254964" lon="86.87680740840733">
        <ele>866.2</ele>
        <time>2026-07-27T11:01:37.000Z</time>
      </trkpt>
      <trkpt lat="50.40728467516601" lon="86.87692140229046">
        <ele>865.8</ele>
        <time>2026-07-27T11:01:47.000Z</time>
      </trkpt>
      <trkpt lat="50.40712156333029" lon="86.87677170149982">
        <ele>867</ele>
        <time>2026-07-27T11:01:59.000Z</time>
      </trkpt>
      <trkpt lat="50.4071834217757" lon="86.87713916413486">
        <ele>867.4</ele>
        <time>2026-07-27T11:02:10.000Z</time>
      </trkpt>
      <trkpt lat="50.40738643147051" lon="86.87770645134151">
        <ele>867.8</ele>
        <time>2026-07-27T11:02:27.000Z</time>
      </trkpt>
      <trkpt lat="50.40765389800072" lon="86.8784599006176">
        <ele>868</ele>
        <time>2026-07-27T11:02:43.000Z</time>
      </trkpt>
      <trkpt lat="50.40795598179102" lon="86.87930228188634">
        <ele>867.8</ele>
        <time>2026-07-27T11:02:59.000Z</time>
      </trkpt>
      <trkpt lat="50.40830626152456" lon="86.88026326708496">
        <ele>867</ele>
        <time>2026-07-27T11:03:15.000Z</time>
      </trkpt>
      <trkpt lat="50.40864497423172" lon="86.8812348973006">
        <ele>866.6</ele>
        <time>2026-07-27T11:03:31.000Z</time>
      </trkpt>
      <trkpt lat="50.409010257571936" lon="86.88225799240172">
        <ele>866.2</ele>
        <time>2026-07-27T11:03:47.000Z</time>
      </trkpt>
      <trkpt lat="50.40941552259028" lon="86.88340002670884">
        <ele>866</ele>
        <time>2026-07-27T11:04:03.000Z</time>
      </trkpt>
      <trkpt lat="50.40984685532749" lon="86.88458195887506">
        <ele>865</ele>
        <time>2026-07-27T11:04:19.000Z</time>
      </trkpt>
      <trkpt lat="50.41024901904166" lon="86.8856796529144">
        <ele>865.4</ele>
        <time>2026-07-27T11:04:35.000Z</time>
      </trkpt>
      <trkpt lat="50.41067381389439" lon="86.88677676022053">
        <ele>864.4</ele>
        <time>2026-07-27T11:04:52.000Z</time>
      </trkpt>
      <trkpt lat="50.41133992373943" lon="86.88831098377705">
        <ele>860</ele>
        <time>2026-07-27T11:05:08.000Z</time>
      </trkpt>
      <trkpt lat="50.411792462691665" lon="86.8891993816942">
        <ele>855.8</ele>
        <time>2026-07-27T11:05:15.000Z</time>
      </trkpt>
      <trkpt lat="50.41242336854339" lon="86.89042406156659">
        <ele>853</ele>
        <time>2026-07-27T11:05:24.000Z</time>
      </trkpt>
      <trkpt lat="50.41321118362248" lon="86.89203958958387">
        <ele>853.8</ele>
        <time>2026-07-27T11:05:40.000Z</time>
      </trkpt>
      <trkpt lat="50.41383991017938" lon="86.89307299442589">
        <ele>854.4</ele>
        <time>2026-07-27T11:05:56.000Z</time>
      </trkpt>
      <trkpt lat="50.41406823322177" lon="86.8934884853661">
        <ele>856.2</ele>
        <time>2026-07-27T11:06:10.000Z</time>
      </trkpt>
      <trkpt lat="50.41416898369789" lon="86.89379283227026">
        <ele>857.8</ele>
        <time>2026-07-27T11:06:26.000Z</time>
      </trkpt>
      <trkpt lat="50.41424123570323" lon="86.89411511644721">
        <ele>859.2</ele>
        <time>2026-07-27T11:06:42.000Z</time>
      </trkpt>
      <trkpt lat="50.41424911469221" lon="86.89441686496139">
        <ele>860.4</ele>
        <time>2026-07-27T11:06:58.000Z</time>
      </trkpt>
      <trkpt lat="50.414274763315916" lon="86.89468257129192">
        <ele>861.8</ele>
        <time>2026-07-27T11:08:33.000Z</time>
      </trkpt>
      <trkpt lat="50.41428666561842" lon="86.89503226429224">
        <ele>863.2</ele>
        <time>2026-07-27T11:08:49.000Z</time>
      </trkpt>
      <trkpt lat="50.41429932229221" lon="86.89535580575466">
        <ele>865</ele>
        <time>2026-07-27T11:09:05.000Z</time>
      </trkpt>
      <trkpt lat="50.41432170197368" lon="86.89565051347017">
        <ele>866.8</ele>
        <time>2026-07-27T11:09:21.000Z</time>
      </trkpt>
      <trkpt lat="50.41433343663812" lon="86.89596659503877">
        <ele>868.4</ele>
        <time>2026-07-27T11:09:38.000Z</time>
      </trkpt>
      <trkpt lat="50.414351960644126" lon="86.89631360583007">
        <ele>869.8</ele>
        <time>2026-07-27T11:09:54.000Z</time>
      </trkpt>
      <trkpt lat="50.41437073610723" lon="86.89667779952288">
        <ele>871</ele>
        <time>2026-07-27T11:10:10.000Z</time>
      </trkpt>
      <trkpt lat="50.41439269669354" lon="86.89710879698396">
        <ele>871.8</ele>
        <time>2026-07-27T11:10:26.000Z</time>
      </trkpt>
      <trkpt lat="50.41442253626883" lon="86.89764691516757">
        <ele>872.6</ele>
        <time>2026-07-27T11:10:42.000Z</time>
      </trkpt>
      <trkpt lat="50.41445245966315" lon="86.8981961812824">
        <ele>873.6</ele>
        <time>2026-07-27T11:10:58.000Z</time>
      </trkpt>
      <trkpt lat="50.41447567753494" lon="86.89880889840424">
        <ele>874</ele>
        <time>2026-07-27T11:11:14.000Z</time>
      </trkpt>
      <trkpt lat="50.41447592899203" lon="86.89956947229803">
        <ele>874.6</ele>
        <time>2026-07-27T11:11:30.000Z</time>
      </trkpt>
      <trkpt lat="50.414395881816745" lon="86.90039861015975">
        <ele>874.6</ele>
        <time>2026-07-27T11:11:46.000Z</time>
      </trkpt>
      <trkpt lat="50.41425397619605" lon="86.90133336000144">
        <ele>874.8</ele>
        <time>2026-07-27T11:12:03.000Z</time>
      </trkpt>
      <trkpt lat="50.4140923731029" lon="86.90232502296567">
        <ele>874.8</ele>
        <time>2026-07-27T11:12:19.000Z</time>
      </trkpt>
      <trkpt lat="50.41391769424081" lon="86.90331006422639">
        <ele>875.4</ele>
        <time>2026-07-27T11:12:35.000Z</time>
      </trkpt>
      <trkpt lat="50.41376732289791" lon="86.90420491620898">
        <ele>876.2</ele>
        <time>2026-07-27T11:12:51.000Z</time>
      </trkpt>
      <trkpt lat="50.413623321801424" lon="86.90501519478858">
        <ele>877.6</ele>
        <time>2026-07-27T11:13:07.000Z</time>
      </trkpt>
      <trkpt lat="50.41350496932864" lon="86.90572991967201">
        <ele>879</ele>
        <time>2026-07-27T11:13:23.000Z</time>
      </trkpt>
      <trkpt lat="50.41338217444718" lon="86.90642737783492">
        <ele>880</ele>
        <time>2026-07-27T11:13:39.000Z</time>
      </trkpt>
      <trkpt lat="50.41326650418341" lon="86.90707395784557">
        <ele>881</ele>
        <time>2026-07-27T11:13:55.000Z</time>
      </trkpt>
      <trkpt lat="50.41315200738609" lon="86.90775507129729">
        <ele>882</ele>
        <time>2026-07-27T11:14:12.000Z</time>
      </trkpt>
      <trkpt lat="50.413060896098614" lon="86.9084316585213">
        <ele>883.4</ele>
        <time>2026-07-27T11:14:28.000Z</time>
      </trkpt>
      <trkpt lat="50.41300507262349" lon="86.90905862487853">
        <ele>884.2</ele>
        <time>2026-07-27T11:14:44.000Z</time>
      </trkpt>
      <trkpt lat="50.412966096773744" lon="86.90990477800369">
        <ele>884.2</ele>
        <time>2026-07-27T11:15:00.000Z</time>
      </trkpt>
      <trkpt lat="50.412947572767735" lon="86.91096542403102">
        <ele>883.4</ele>
        <time>2026-07-27T11:15:16.000Z</time>
      </trkpt>
      <trkpt lat="50.4129250254482" lon="86.91237366758287">
        <ele>881.4</ele>
        <time>2026-07-27T11:15:32.000Z</time>
      </trkpt>
      <trkpt lat="50.4128856305033" lon="86.91416513174772">
        <ele>880</ele>
        <time>2026-07-27T11:15:48.000Z</time>
      </trkpt>
      <trkpt lat="50.41277012787759" lon="86.91575802862644">
        <ele>879.8</ele>
        <time>2026-07-27T11:16:04.000Z</time>
      </trkpt>
      <trkpt lat="50.41261313483119" lon="86.9170692935586">
        <ele>880.2</ele>
        <time>2026-07-27T11:16:19.000Z</time>
      </trkpt>
      <trkpt lat="50.41227903217077" lon="86.91816732287407">
        <ele>880.8</ele>
        <time>2026-07-27T11:16:35.000Z</time>
      </trkpt>
      <trkpt lat="50.41190352290869" lon="86.91928965970874">
        <ele>880</ele>
        <time>2026-07-27T11:16:51.000Z</time>
      </trkpt>
      <trkpt lat="50.4112898837775" lon="86.9210859015584">
        <ele>875.6</ele>
        <time>2026-07-27T11:17:07.000Z</time>
      </trkpt>
      <trkpt lat="50.410808427259326" lon="86.92273537628353">
        <ele>875.4</ele>
        <time>2026-07-27T11:17:22.000Z</time>
      </trkpt>
      <trkpt lat="50.41061505675316" lon="86.9239541888237">
        <ele>877</ele>
        <time>2026-07-27T11:17:38.000Z</time>
      </trkpt>
      <trkpt lat="50.41046367958188" lon="86.92491333000362">
        <ele>878</ele>
        <time>2026-07-27T11:17:54.000Z</time>
      </trkpt>
      <trkpt lat="50.41033962741494" lon="86.92571120336652">
        <ele>878.6</ele>
        <time>2026-07-27T11:18:10.000Z</time>
      </trkpt>
      <trkpt lat="50.41020157746971" lon="86.92658426240087">
        <ele>879.2</ele>
        <time>2026-07-27T11:18:26.000Z</time>
      </trkpt>
      <trkpt lat="50.41005212813616" lon="86.92753887735307">
        <ele>879.8</ele>
        <time>2026-07-27T11:18:42.000Z</time>
      </trkpt>
      <trkpt lat="50.40987577289343" lon="86.928577311337">
        <ele>880.4</ele>
        <time>2026-07-27T11:18:59.000Z</time>
      </trkpt>
      <trkpt lat="50.40966907516122" lon="86.92946470342577">
        <ele>881.4</ele>
        <time>2026-07-27T11:19:15.000Z</time>
      </trkpt>
      <trkpt lat="50.409444607794285" lon="86.93033415824175">
        <ele>882</ele>
        <time>2026-07-27T11:19:31.000Z</time>
      </trkpt>
      <trkpt lat="50.409234976395965" lon="86.93114720284939">
        <ele>883</ele>
        <time>2026-07-27T11:19:47.000Z</time>
      </trkpt>
      <trkpt lat="50.40904076769948" lon="86.93190618418157">
        <ele>884</ele>
        <time>2026-07-27T11:20:03.000Z</time>
      </trkpt>
      <trkpt lat="50.408875895664096" lon="86.93255452439189">
        <ele>885.6</ele>
        <time>2026-07-27T11:20:19.000Z</time>
      </trkpt>
      <trkpt lat="50.40873206220567" lon="86.93313631229103">
        <ele>886.6</ele>
        <time>2026-07-27T11:20:35.000Z</time>
      </trkpt>
      <trkpt lat="50.40859510190785" lon="86.93375590257347">
        <ele>888</ele>
        <time>2026-07-27T11:20:51.000Z</time>
      </trkpt>
      <trkpt lat="50.40847406722605" lon="86.93436660803854">
        <ele>889.2</ele>
        <time>2026-07-27T11:21:07.000Z</time>
      </trkpt>
      <trkpt lat="50.40835873223841" lon="86.93496541120112">
        <ele>890</ele>
        <time>2026-07-27T11:21:24.000Z</time>
      </trkpt>
      <trkpt lat="50.408219173550606" lon="86.93563085049391">
        <ele>890.6</ele>
        <time>2026-07-27T11:21:40.000Z</time>
      </trkpt>
      <trkpt lat="50.40808883495629" lon="86.9363137241453">
        <ele>891.4</ele>
        <time>2026-07-27T11:21:56.000Z</time>
      </trkpt>
      <trkpt lat="50.40797467343509" lon="86.93697161972523">
        <ele>892.2</ele>
        <time>2026-07-27T11:22:12.000Z</time>
      </trkpt>
      <trkpt lat="50.407861936837435" lon="86.93767410703003">
        <ele>892.8</ele>
        <time>2026-07-27T11:22:28.000Z</time>
      </trkpt>
      <trkpt lat="50.4077669698745" lon="86.93838807754219">
        <ele>893</ele>
        <time>2026-07-27T11:22:44.000Z</time>
      </trkpt>
      <trkpt lat="50.40767099708319" lon="86.93925862200558">
        <ele>893</ele>
        <time>2026-07-27T11:23:00.000Z</time>
      </trkpt>
      <trkpt lat="50.40756312198937" lon="86.9402232952416">
        <ele>893.2</ele>
        <time>2026-07-27T11:23:16.000Z</time>
      </trkpt>
      <trkpt lat="50.40743513032794" lon="86.94130389019847">
        <ele>892.8</ele>
        <time>2026-07-27T11:23:32.000Z</time>
      </trkpt>
      <trkpt lat="50.407292218878865" lon="86.94244709797204">
        <ele>893</ele>
        <time>2026-07-27T11:23:49.000Z</time>
      </trkpt>
      <trkpt lat="50.40717369876802" lon="86.94343138486147">
        <ele>893.2</ele>
        <time>2026-07-27T11:24:05.000Z</time>
      </trkpt>
      <trkpt lat="50.407044533640146" lon="86.94448507390916">
        <ele>893.4</ele>
        <time>2026-07-27T11:24:21.000Z</time>
      </trkpt>
      <trkpt lat="50.406912602484226" lon="86.94556675851345">
        <ele>893.8</ele>
        <time>2026-07-27T11:24:37.000Z</time>
      </trkpt>
      <trkpt lat="50.40677069686353" lon="86.94679906591773">
        <ele>893.6</ele>
        <time>2026-07-27T11:24:53.000Z</time>
      </trkpt>
      <trkpt lat="50.40663918480277" lon="86.9480080716312">
        <ele>893.8</ele>
        <time>2026-07-27T11:25:09.000Z</time>
      </trkpt>
      <trkpt lat="50.40652276016772" lon="86.94882681593299">
        <ele>893.8</ele>
        <time>2026-07-27T11:25:21.000Z</time>
      </trkpt>
      <trkpt lat="50.40638471022248" lon="86.94995963014662">
        <ele>894</ele>
        <time>2026-07-27T11:25:36.000Z</time>
      </trkpt>
      <trkpt lat="50.40621070191264" lon="86.95136561058462">
        <ele>894</ele>
        <time>2026-07-27T11:25:52.000Z</time>
      </trkpt>
      <trkpt lat="50.40605236776173" lon="86.95266447030008">
        <ele>893.8</ele>
        <time>2026-07-27T11:26:09.000Z</time>
      </trkpt>
      <trkpt lat="50.40589537471533" lon="86.95394011214375">
        <ele>893.8</ele>
        <time>2026-07-27T11:26:25.000Z</time>
      </trkpt>
      <trkpt lat="50.40575120598078" lon="86.95513939484954">
        <ele>894</ele>
        <time>2026-07-27T11:26:41.000Z</time>
      </trkpt>
      <trkpt lat="50.40562807582319" lon="86.95641377940774">
        <ele>893.8</ele>
        <time>2026-07-27T11:26:57.000Z</time>
      </trkpt>
      <trkpt lat="50.40549723431468" lon="86.95798798464239">
        <ele>891.4</ele>
        <time>2026-07-27T11:27:13.000Z</time>
      </trkpt>
      <trkpt lat="50.405347533524036" lon="86.96035109460354">
        <ele>884.6</ele>
        <time>2026-07-27T11:27:28.000Z</time>
      </trkpt>
      <trkpt lat="50.40520403534174" lon="86.96186897344887">
        <ele>882.4</ele>
        <time>2026-07-27T11:27:37.000Z</time>
      </trkpt>
      <trkpt lat="50.40521878749132" lon="86.96196570061147">
        <ele>882.8</ele>
        <time>2026-07-27T11:28:00.000Z</time>
      </trkpt>
      <trkpt lat="50.40525156073272" lon="86.96133932098746">
        <ele>882</ele>
        <time>2026-07-27T11:28:15.000Z</time>
      </trkpt>
      <trkpt lat="50.405179308727384" lon="86.96208212524652">
        <ele>882.6</ele>
        <time>2026-07-27T11:28:50.000Z</time>
      </trkpt>
      <trkpt lat="50.40512499399483" lon="86.962701799348">
        <ele>884</ele>
        <time>2026-07-27T11:29:06.000Z</time>
      </trkpt>
      <trkpt lat="50.4050731100142" lon="86.96328090503812">
        <ele>885.2</ele>
        <time>2026-07-27T11:29:22.000Z</time>
      </trkpt>
      <trkpt lat="50.4050178732723" lon="86.96391558274627">
        <ele>885.8</ele>
        <time>2026-07-27T11:29:38.000Z</time>
      </trkpt>
      <trkpt lat="50.40495836175978" lon="86.96459711529315">
        <ele>886.2</ele>
        <time>2026-07-27T11:29:54.000Z</time>
      </trkpt>
      <trkpt lat="50.40488937869668" lon="86.96522357873619">
        <ele>886.8</ele>
        <time>2026-07-27T11:30:10.000Z</time>
      </trkpt>
      <trkpt lat="50.40481452830136" lon="86.96588767692447">
        <ele>888.2</ele>
        <time>2026-07-27T11:30:26.000Z</time>
      </trkpt>
      <trkpt lat="50.404750406742096" lon="86.96653886698186">
        <ele>889.6</ele>
        <time>2026-07-27T11:30:42.000Z</time>
      </trkpt>
      <trkpt lat="50.404689218848944" lon="86.96722023189068">
        <ele>890.2</ele>
        <time>2026-07-27T11:30:59.000Z</time>
      </trkpt>
      <trkpt lat="50.40462451055646" lon="86.96796932257712">
        <ele>890.2</ele>
        <time>2026-07-27T11:31:15.000Z</time>
      </trkpt>
      <trkpt lat="50.40455770678818" lon="86.96880089119077">
        <ele>890.2</ele>
        <time>2026-07-27T11:31:31.000Z</time>
      </trkpt>
      <trkpt lat="50.40445611812174" lon="86.9699006807059">
        <ele>888.6</ele>
        <time>2026-07-27T11:31:47.000Z</time>
      </trkpt>
      <trkpt lat="50.404176665470004" lon="86.97135913185775">
        <ele>885.6</ele>
        <time>2026-07-27T11:32:02.000Z</time>
      </trkpt>
      <trkpt lat="50.40370769798756" lon="86.97233386337757">
        <ele>884.8</ele>
        <time>2026-07-27T11:32:13.000Z</time>
      </trkpt>
      <trkpt lat="50.403458923101425" lon="86.97268892079592">
        <ele>885.4</ele>
        <time>2026-07-27T11:33:58.000Z</time>
      </trkpt>
      <trkpt lat="50.40322758257389" lon="86.97299025021493">
        <ele>886.4</ele>
        <time>2026-07-27T11:34:14.000Z</time>
      </trkpt>
      <trkpt lat="50.40302189067006" lon="86.97326232679188">
        <ele>888.4</ele>
        <time>2026-07-27T11:34:30.000Z</time>
      </trkpt>
      <trkpt lat="50.40285618044436" lon="86.9735116045922">
        <ele>890.2</ele>
        <time>2026-07-27T11:34:46.000Z</time>
      </trkpt>
      <trkpt lat="50.40270128287375" lon="86.97374738752842">
        <ele>891.8</ele>
        <time>2026-07-27T11:35:02.000Z</time>
      </trkpt>
      <trkpt lat="50.402532471343875" lon="86.9739915523678">
        <ele>893</ele>
        <time>2026-07-27T11:35:18.000Z</time>
      </trkpt>
      <trkpt lat="50.40236902423203" lon="86.97421836666763">
        <ele>894.4</ele>
        <time>2026-07-27T11:35:34.000Z</time>
      </trkpt>
      <trkpt lat="50.4021942615509" lon="86.97444618679583">
        <ele>895.4</ele>
        <time>2026-07-27T11:35:51.000Z</time>
      </trkpt>
      <trkpt lat="50.402025701478124" lon="86.97469202801585">
        <ele>896.6</ele>
        <time>2026-07-27T11:36:07.000Z</time>
      </trkpt>
      <trkpt lat="50.40185211226344" lon="86.97492999024689">
        <ele>897.6</ele>
        <time>2026-07-27T11:36:23.000Z</time>
      </trkpt>
      <trkpt lat="50.40168648585677" lon="86.97517247870564">
        <ele>898.8</ele>
        <time>2026-07-27T11:36:39.000Z</time>
      </trkpt>
      <trkpt lat="50.40152471512556" lon="86.97540231049061">
        <ele>900.4</ele>
        <time>2026-07-27T11:36:55.000Z</time>
      </trkpt>
      <trkpt lat="50.40134676732123" lon="86.97561998851597">
        <ele>902</ele>
        <time>2026-07-27T11:37:11.000Z</time>
      </trkpt>
      <trkpt lat="50.401166724041104" lon="86.97583322413266">
        <ele>903.6</ele>
        <time>2026-07-27T11:37:27.000Z</time>
      </trkpt>
      <trkpt lat="50.40098282508552" lon="86.97602081112564">
        <ele>905.2</ele>
        <time>2026-07-27T11:37:43.000Z</time>
      </trkpt>
      <trkpt lat="50.400793813169" lon="86.97620839811862">
        <ele>907</ele>
        <time>2026-07-27T11:38:00.000Z</time>
      </trkpt>
      <trkpt lat="50.4005969222635" lon="86.97637000121176">
        <ele>908.2</ele>
        <time>2026-07-27T11:38:16.000Z</time>
      </trkpt>
      <trkpt lat="50.40038418956101" lon="86.9765098951757">
        <ele>909.4</ele>
        <time>2026-07-27T11:38:32.000Z</time>
      </trkpt>
      <trkpt lat="50.40013248100877" lon="86.97660100646317">
        <ele>910.2</ele>
        <time>2026-07-27T11:38:48.000Z</time>
      </trkpt>
      <trkpt lat="50.39991019293666" lon="86.9767654594034">
        <ele>911.2</ele>
        <time>2026-07-27T11:39:53.000Z</time>
      </trkpt>
      <trkpt lat="50.3996420558542" lon="86.97688079439104">
        <ele>911.8</ele>
        <time>2026-07-27T11:40:09.000Z</time>
      </trkpt>
      <trkpt lat="50.39940501563251" lon="86.9770070258528">
        <ele>912.8</ele>
        <time>2026-07-27T11:40:24.000Z</time>
      </trkpt>
      <trkpt lat="50.3991343639791" lon="86.97710962034762">
        <ele>913.8</ele>
        <time>2026-07-27T11:40:40.000Z</time>
      </trkpt>
      <trkpt lat="50.39888659492135" lon="86.97721405886114">
        <ele>914.8</ele>
        <time>2026-07-27T11:40:56.000Z</time>
      </trkpt>
      <trkpt lat="50.39864670485258" lon="86.97731321677566">
        <ele>916.2</ele>
        <time>2026-07-27T11:41:12.000Z</time>
      </trkpt>
      <trkpt lat="50.3984057251364" lon="86.97740340605378">
        <ele>917.4</ele>
        <time>2026-07-27T11:41:28.000Z</time>
      </trkpt>
      <trkpt lat="50.3981744684279" lon="86.97750650346279">
        <ele>918.6</ele>
        <time>2026-07-27T11:41:44.000Z</time>
      </trkpt>
      <trkpt lat="50.39793902076781" lon="86.97761085815728">
        <ele>919.4</ele>
        <time>2026-07-27T11:42:00.000Z</time>
      </trkpt>
      <trkpt lat="50.39768295362592" lon="86.97767682373524">
        <ele>920.6</ele>
        <time>2026-07-27T11:42:16.000Z</time>
      </trkpt>
      <trkpt lat="50.39740811102092" lon="86.97779391892254">
        <ele>921.8</ele>
        <time>2026-07-27T11:42:32.000Z</time>
      </trkpt>
      <trkpt lat="50.39710443466902" lon="86.97791805490851">
        <ele>922.6</ele>
        <time>2026-07-27T11:42:49.000Z</time>
      </trkpt>
      <trkpt lat="50.39673948660493" lon="86.97808552533388">
        <ele>922.8</ele>
        <time>2026-07-27T11:43:05.000Z</time>
      </trkpt>
      <trkpt lat="50.39627596735954" lon="86.97833966463804">
        <ele>922.8</ele>
        <time>2026-07-27T11:43:21.000Z</time>
      </trkpt>
      <trkpt lat="50.39581957273185" lon="86.9787079654634">
        <ele>923</ele>
        <time>2026-07-27T11:43:37.000Z</time>
      </trkpt>
      <trkpt lat="50.39537591859698" lon="86.97914960794151">
        <ele>923.4</ele>
        <time>2026-07-27T11:43:53.000Z</time>
      </trkpt>
      <trkpt lat="50.39493955671787" lon="86.97967967949808">
        <ele>923.8</ele>
        <time>2026-07-27T11:44:09.000Z</time>
      </trkpt>
      <trkpt lat="50.3945220541209" lon="86.98022953234613">
        <ele>924.4</ele>
        <time>2026-07-27T11:44:25.000Z</time>
      </trkpt>
      <trkpt lat="50.39409323595464" lon="86.98082548566163">
        <ele>925</ele>
        <time>2026-07-27T11:44:41.000Z</time>
      </trkpt>
      <trkpt lat="50.393676571547985" lon="86.98138078674674">
        <ele>925.6</ele>
        <time>2026-07-27T11:44:57.000Z</time>
      </trkpt>
      <trkpt lat="50.393295865505934" lon="86.98189065791667">
        <ele>926</ele>
        <time>2026-07-27T11:45:14.000Z</time>
      </trkpt>
      <trkpt lat="50.3928745072335" lon="86.98244847357273">
        <ele>926.6</ele>
        <time>2026-07-27T11:45:30.000Z</time>
      </trkpt>
      <trkpt lat="50.392474522814155" lon="86.982998913154">
        <ele>927</ele>
        <time>2026-07-27T11:45:46.000Z</time>
      </trkpt>
      <trkpt lat="50.39213522337377" lon="86.98345673270524">
        <ele>927.8</ele>
        <time>2026-07-27T11:46:02.000Z</time>
      </trkpt>
      <trkpt lat="50.3917814232409" lon="86.98393567465246">
        <ele>928.8</ele>
        <time>2026-07-27T11:46:18.000Z</time>
      </trkpt>
      <trkpt lat="50.391410272568464" lon="86.9844374153763">
        <ele>929.8</ele>
        <time>2026-07-27T11:46:34.000Z</time>
      </trkpt>
      <trkpt lat="50.391111206263304" lon="86.98485743254423">
        <ele>930.6</ele>
        <time>2026-07-27T11:46:49.000Z</time>
      </trkpt>
      <trkpt lat="50.39071457460523" lon="86.98538096621633">
        <ele>930.8</ele>
        <time>2026-07-27T11:47:05.000Z</time>
      </trkpt>
      <trkpt lat="50.39023923687637" lon="86.98601086623967">
        <ele>931.2</ele>
        <time>2026-07-27T11:47:21.000Z</time>
      </trkpt>
      <trkpt lat="50.38976037874818" lon="86.98665618896484">
        <ele>931.6</ele>
        <time>2026-07-27T11:47:38.000Z</time>
      </trkpt>
      <trkpt lat="50.389234414324164" lon="86.98736135847867">
        <ele>931.6</ele>
        <time>2026-07-27T11:47:54.000Z</time>
      </trkpt>
      <trkpt lat="50.388705683872104" lon="86.98808597400784">
        <ele>931.6</ele>
        <time>2026-07-27T11:48:10.000Z</time>
      </trkpt>
      <trkpt lat="50.388141917064786" lon="86.98885099031031">
        <ele>931.2</ele>
        <time>2026-07-27T11:48:26.000Z</time>
      </trkpt>
      <trkpt lat="50.387531127780676" lon="86.98970519006252">
        <ele>930</ele>
        <time>2026-07-27T11:48:42.000Z</time>
      </trkpt>
      <trkpt lat="50.38647693581879" lon="86.99114369228482">
        <ele>924</ele>
        <time>2026-07-27T11:48:58.000Z</time>
      </trkpt>
      <trkpt lat="50.38583907298744" lon="86.99218237772584">
        <ele>921.6</ele>
        <time>2026-07-27T11:49:07.000Z</time>
      </trkpt>
      <trkpt lat="50.385478902608156" lon="86.99325333349407">
        <ele>920</ele>
        <time>2026-07-27T11:49:15.000Z</time>
      </trkpt>
      <trkpt lat="50.38533431477845" lon="86.99438891373575">
        <ele>918.4</ele>
        <time>2026-07-27T11:49:23.000Z</time>
      </trkpt>
      <trkpt lat="50.38530011661351" lon="86.99698369950056">
        <ele>911.8</ele>
        <time>2026-07-27T11:49:39.000Z</time>
      </trkpt>
      <trkpt lat="50.385375721380115" lon="86.99882310815156">
        <ele>910</ele>
        <time>2026-07-27T11:49:50.000Z</time>
      </trkpt>
      <trkpt lat="50.385624915361404" lon="86.99984117411077">
        <ele>909.8</ele>
        <time>2026-07-27T11:49:58.000Z</time>
      </trkpt>
      <trkpt lat="50.38625649176538" lon="87.00112997554243">
        <ele>912.8</ele>
        <time>2026-07-27T11:50:11.000Z</time>
      </trkpt>
      <trkpt lat="50.38661800324917" lon="87.00164638459682">
        <ele>916.6</ele>
        <time>2026-07-27T11:50:27.000Z</time>
      </trkpt>
      <trkpt lat="50.38700935430825" lon="87.00200119055808">
        <ele>917.2</ele>
        <time>2026-07-27T11:50:43.000Z</time>
      </trkpt>
      <trkpt lat="50.387333733960986" lon="87.002532184124">
        <ele>916.4</ele>
        <time>2026-07-27T11:50:56.000Z</time>
      </trkpt>
      <trkpt lat="50.38743272423744" lon="87.00323685072362">
        <ele>917</ele>
        <time>2026-07-27T11:51:07.000Z</time>
      </trkpt>
      <trkpt lat="50.38731990382075" lon="87.00392760336399">
        <ele>918.6</ele>
        <time>2026-07-27T11:51:23.000Z</time>
      </trkpt>
      <trkpt lat="50.38717020303011" lon="87.00431685894728">
        <ele>920.2</ele>
        <time>2026-07-27T11:51:39.000Z</time>
      </trkpt>
      <trkpt lat="50.387021424248815" lon="87.00470561161637">
        <ele>921.6</ele>
        <time>2026-07-27T11:51:55.000Z</time>
      </trkpt>
      <trkpt lat="50.386866023764014" lon="87.0051034167409">
        <ele>923</ele>
        <time>2026-07-27T11:52:11.000Z</time>
      </trkpt>
      <trkpt lat="50.38670249283314" lon="87.00551580637693">
        <ele>924.4</ele>
        <time>2026-07-27T11:52:28.000Z</time>
      </trkpt>
      <trkpt lat="50.38654080592096" lon="87.005893914029">
        <ele>925</ele>
        <time>2026-07-27T11:52:44.000Z</time>
      </trkpt>
      <trkpt lat="50.3864798694849" lon="87.0060405973345">
        <ele>925.6</ele>
        <time>2026-07-27T11:52:54.000Z</time>
      </trkpt>
      <trkpt lat="50.38630736991763" lon="87.00648131780326">
        <ele>925.8</ele>
        <time>2026-07-27T11:54:47.000Z</time>
      </trkpt>
      <trkpt lat="50.38608457893133" lon="87.00702236965299">
        <ele>925.6</ele>
        <time>2026-07-27T11:55:03.000Z</time>
      </trkpt>
      <trkpt lat="50.385853070765734" lon="87.007564175874">
        <ele>924.8</ele>
        <time>2026-07-27T11:55:19.000Z</time>
      </trkpt>
      <trkpt lat="50.38562458008528" lon="87.00814856216311">
        <ele>925.2</ele>
        <time>2026-07-27T11:57:25.000Z</time>
      </trkpt>
      <trkpt lat="50.38533146493137" lon="87.00888147577643">
        <ele>924.8</ele>
        <time>2026-07-27T11:57:41.000Z</time>
      </trkpt>
      <trkpt lat="50.38498755544424" lon="87.00971530750394">
        <ele>924</ele>
        <time>2026-07-27T11:57:57.000Z</time>
      </trkpt>
      <trkpt lat="50.384506015107036" lon="87.011036882177">
        <ele>921.2</ele>
        <time>2026-07-27T11:58:13.000Z</time>
      </trkpt>
      <trkpt lat="50.38401181809604" lon="87.01297016814351">
        <ele>918.4</ele>
        <time>2026-07-27T11:58:29.000Z</time>
      </trkpt>
      <trkpt lat="50.38359632715583" lon="87.01481653377414">
        <ele>917.8</ele>
        <time>2026-07-27T11:58:45.000Z</time>
      </trkpt>
      <trkpt lat="50.383270187303424" lon="87.01639945618808">
        <ele>917.2</ele>
        <time>2026-07-27T11:59:01.000Z</time>
      </trkpt>
      <trkpt lat="50.38294991478324" lon="87.01767325401306">
        <ele>916.2</ele>
        <time>2026-07-27T11:59:14.000Z</time>
      </trkpt>
      <trkpt lat="50.38246929645538" lon="87.0183105301112">
        <ele>916.8</ele>
        <time>2026-07-27T11:59:27.000Z</time>
      </trkpt>
      <trkpt lat="50.38165172562003" lon="87.01920311897993">
        <ele>914.8</ele>
        <time>2026-07-27T11:59:43.000Z</time>
      </trkpt>
      <trkpt lat="50.38092317059636" lon="87.02013317495584">
        <ele>914.4</ele>
        <time>2026-07-27T11:59:57.000Z</time>
      </trkpt>
      <trkpt lat="50.380645394325256" lon="87.0207453891635">
        <ele>916.4</ele>
        <time>2026-07-27T12:00:13.000Z</time>
      </trkpt>
      <trkpt lat="50.380593007430434" lon="87.02086030505598">
        <ele>917.4</ele>
        <time>2026-07-27T12:00:19.000Z</time>
      </trkpt>
      <trkpt lat="50.38046032190323" lon="87.02117035165429">
        <ele>919.4</ele>
        <time>2026-07-27T12:00:35.000Z</time>
      </trkpt>
      <trkpt lat="50.380256809294224" lon="87.02166412957013">
        <ele>919.2</ele>
        <time>2026-07-27T12:00:51.000Z</time>
      </trkpt>
      <trkpt lat="50.37991616874933" lon="87.02227575704455">
        <ele>918</ele>
        <time>2026-07-27T12:01:02.000Z</time>
      </trkpt>
      <trkpt lat="50.379249807447195" lon="87.0227690320462">
        <ele>917.6</ele>
        <time>2026-07-27T12:01:18.000Z</time>
      </trkpt>
      <trkpt lat="50.37849803455174" lon="87.02328535728157">
        <ele>916.2</ele>
        <time>2026-07-27T12:01:31.000Z</time>
      </trkpt>
      <trkpt lat="50.37805488333106" lon="87.02390947379172">
        <ele>917.2</ele>
        <time>2026-07-27T12:01:45.000Z</time>
      </trkpt>
      <trkpt lat="50.377868888899684" lon="87.02422169968486">
        <ele>918.6</ele>
        <time>2026-07-27T12:02:02.000Z</time>
      </trkpt>
      <trkpt lat="50.377721870318055" lon="87.0244702231139">
        <ele>920</ele>
        <time>2026-07-27T12:02:18.000Z</time>
      </trkpt>
      <trkpt lat="50.37757242098451" lon="87.02472503297031">
        <ele>921.6</ele>
        <time>2026-07-27T12:02:34.000Z</time>
      </trkpt>
      <trkpt lat="50.37743177264929" lon="87.02496198937297">
        <ele>923.2</ele>
        <time>2026-07-27T12:02:50.000Z</time>
      </trkpt>
      <trkpt lat="50.377290453761816" lon="87.02520791441202">
        <ele>924.6</ele>
        <time>2026-07-27T12:03:06.000Z</time>
      </trkpt>
      <trkpt lat="50.377153577283025" lon="87.02544461935759">
        <ele>926.2</ele>
        <time>2026-07-27T12:03:22.000Z</time>
      </trkpt>
      <trkpt lat="50.377006558701396" lon="87.02569708228111">
        <ele>927.8</ele>
        <time>2026-07-27T12:03:38.000Z</time>
      </trkpt>
      <trkpt lat="50.376851158216596" lon="87.02596966177225">
        <ele>929.6</ele>
        <time>2026-07-27T12:03:54.000Z</time>
      </trkpt>
      <trkpt lat="50.3767058160156" lon="87.02623000368476">
        <ele>931</ele>
        <time>2026-07-27T12:04:11.000Z</time>
      </trkpt>
      <trkpt lat="50.376535998657346" lon="87.02651356346905">
        <ele>932</ele>
        <time>2026-07-27T12:04:27.000Z</time>
      </trkpt>
      <trkpt lat="50.376341454684734" lon="87.02681715600193">
        <ele>932.8</ele>
        <time>2026-07-27T12:04:43.000Z</time>
      </trkpt>
      <trkpt lat="50.37609460763633" lon="87.02718570828438">
        <ele>933.4</ele>
        <time>2026-07-27T12:04:59.000Z</time>
      </trkpt>
      <trkpt lat="50.375819178298116" lon="87.02757731080055">
        <ele>933.8</ele>
        <time>2026-07-27T12:05:15.000Z</time>
      </trkpt>
      <trkpt lat="50.375529415905476" lon="87.02795105986297">
        <ele>934.2</ele>
        <time>2026-07-27T12:05:31.000Z</time>
      </trkpt>
      <trkpt lat="50.37520461715758" lon="87.02832791022956">
        <ele>934.8</ele>
        <time>2026-07-27T12:05:47.000Z</time>
      </trkpt>
      <trkpt lat="50.37480748258531" lon="87.0287598297">
        <ele>935.2</ele>
        <time>2026-07-27T12:06:03.000Z</time>
      </trkpt>
      <trkpt lat="50.37440137937665" lon="87.02919401228428">
        <ele>935.6</ele>
        <time>2026-07-27T12:06:19.000Z</time>
      </trkpt>
      <trkpt lat="50.374001478776336" lon="87.02963448129594">
        <ele>936.2</ele>
        <time>2026-07-27T12:06:36.000Z</time>
      </trkpt>
      <trkpt lat="50.37358456291258" lon="87.03008660115302">
        <ele>936.8</ele>
        <time>2026-07-27T12:06:52.000Z</time>
      </trkpt>
      <trkpt lat="50.373139986768365" lon="87.03056168742478">
        <ele>937.4</ele>
        <time>2026-07-27T12:07:08.000Z</time>
      </trkpt>
      <trkpt lat="50.37273170426488" lon="87.03100458718836">
        <ele>938</ele>
        <time>2026-07-27T12:07:24.000Z</time>
      </trkpt>
      <trkpt lat="50.37226902320981" lon="87.03148688189685">
        <ele>938.2</ele>
        <time>2026-07-27T12:07:40.000Z</time>
      </trkpt>
      <trkpt lat="50.37180081009865" lon="87.03197889961302">
        <ele>938.2</ele>
        <time>2026-07-27T12:07:56.000Z</time>
      </trkpt>
      <trkpt lat="50.37107267417014" lon="87.03273989260197">
        <ele>935.2</ele>
        <time>2026-07-27T12:08:12.000Z</time>
      </trkpt>
      <trkpt lat="50.36975487135351" lon="87.03419800847769">
        <ele>927.8</ele>
        <time>2026-07-27T12:08:28.000Z</time>
      </trkpt>
      <trkpt lat="50.36923913285136" lon="87.03503108583391">
        <ele>927</ele>
        <time>2026-07-27T12:08:34.000Z</time>
      </trkpt>
      <trkpt lat="50.36850269883871" lon="87.03658701851964">
        <ele>927.8</ele>
        <time>2026-07-27T12:08:50.000Z</time>
      </trkpt>
      <trkpt lat="50.36814445629716" lon="87.03729738481343">
        <ele>929.8</ele>
        <time>2026-07-27T12:09:07.000Z</time>
      </trkpt>
      <trkpt lat="50.36790297366679" lon="87.03779325820506">
        <ele>930.8</ele>
        <time>2026-07-27T12:09:23.000Z</time>
      </trkpt>
      <trkpt lat="50.36765428259969" lon="87.03830832615495">
        <ele>931</ele>
        <time>2026-07-27T12:09:39.000Z</time>
      </trkpt>
      <trkpt lat="50.367366867139935" lon="87.03886270523071">
        <ele>931.8</ele>
        <time>2026-07-27T12:09:55.000Z</time>
      </trkpt>
      <trkpt lat="50.36707308143377" lon="87.03939277678728">
        <ele>932.8</ele>
        <time>2026-07-27T12:10:11.000Z</time>
      </trkpt>
      <trkpt lat="50.36686026491225" lon="87.03983089886606">
        <ele>933.8</ele>
        <time>2026-07-27T12:10:27.000Z</time>
      </trkpt>
      <trkpt lat="50.366693967953324" lon="87.04023448750377">
        <ele>935.2</ele>
        <time>2026-07-27T12:10:43.000Z</time>
      </trkpt>
      <trkpt lat="50.36658902652562" lon="87.04039776697755">
        <ele>935.4</ele>
        <time>2026-07-27T12:10:53.000Z</time>
      </trkpt>
      <trkpt lat="50.3663688339293" lon="87.0409182831645">
        <ele>935.2</ele>
        <time>2026-07-27T12:13:13.000Z</time>
      </trkpt>
      <trkpt lat="50.365971783176064" lon="87.04155790619552">
        <ele>935.2</ele>
        <time>2026-07-27T12:13:29.000Z</time>
      </trkpt>
      <trkpt lat="50.365616558119655" lon="87.04206031747162">
        <ele>935.6</ele>
        <time>2026-07-27T12:13:46.000Z</time>
      </trkpt>
      <trkpt lat="50.36526158452034" lon="87.04254101961851">
        <ele>936.2</ele>
        <time>2026-07-27T12:14:02.000Z</time>
      </trkpt>
      <trkpt lat="50.364910466596484" lon="87.04299665987492">
        <ele>936.8</ele>
        <time>2026-07-27T12:14:18.000Z</time>
      </trkpt>
      <trkpt lat="50.364502016454935" lon="87.04353712499142">
        <ele>936.8</ele>
        <time>2026-07-27T12:14:34.000Z</time>
      </trkpt>
      <trkpt lat="50.36404838785529" lon="87.04400475136936">
        <ele>937</ele>
        <time>2026-07-27T12:14:50.000Z</time>
      </trkpt>
      <trkpt lat="50.36377631127834" lon="87.0442163106054">
        <ele>938.2</ele>
        <time>2026-07-27T12:15:06.000Z</time>
      </trkpt>
      <trkpt lat="50.363554107025266" lon="87.04434941522777">
        <ele>940</ele>
        <time>2026-07-27T12:15:22.000Z</time>
      </trkpt>
      <trkpt lat="50.363339027389884" lon="87.04446885734797">
        <ele>941.4</ele>
        <time>2026-07-27T12:15:38.000Z</time>
      </trkpt>
      <trkpt lat="50.36310659721494" lon="87.04462702386081">
        <ele>942.6</ele>
        <time>2026-07-27T12:15:54.000Z</time>
      </trkpt>
      <trkpt lat="50.362858325242996" lon="87.04482215456665">
        <ele>943.6</ele>
        <time>2026-07-27T12:16:11.000Z</time>
      </trkpt>
      <trkpt lat="50.36257987841964" lon="87.045037150383">
        <ele>944.4</ele>
        <time>2026-07-27T12:16:27.000Z</time>
      </trkpt>
      <trkpt lat="50.362295815721154" lon="87.04524426721036">
        <ele>945.2</ele>
        <time>2026-07-27T12:16:43.000Z</time>
      </trkpt>
      <trkpt lat="50.36201418377459" lon="87.04545247368515">
        <ele>946</ele>
        <time>2026-07-27T12:16:59.000Z</time>
      </trkpt>
      <trkpt lat="50.361717799678445" lon="87.04570828936994">
        <ele>946.6</ele>
        <time>2026-07-27T12:17:15.000Z</time>
      </trkpt>
      <trkpt lat="50.361280515789986" lon="87.04612118192017">
        <ele>945.2</ele>
        <time>2026-07-27T12:17:31.000Z</time>
      </trkpt>
      <trkpt lat="50.36038960330188" lon="87.04689977690578">
        <ele>942.4</ele>
        <time>2026-07-27T12:17:47.000Z</time>
      </trkpt>
      <trkpt lat="50.359711926430464" lon="87.04750008881092">
        <ele>944</ele>
        <time>2026-07-27T12:18:03.000Z</time>
      </trkpt>
      <trkpt lat="50.35957111045718" lon="87.04763822257519">
        <ele>945.6</ele>
        <time>2026-07-27T12:18:14.000Z</time>
      </trkpt>
      <trkpt lat="50.35940129309893" lon="87.04781038686633">
        <ele>947.4</ele>
        <time>2026-07-27T12:18:31.000Z</time>
      </trkpt>
      <trkpt lat="50.359244886785746" lon="87.04798196442425">
        <ele>949</ele>
        <time>2026-07-27T12:18:47.000Z</time>
      </trkpt>
      <trkpt lat="50.35910138860345" lon="87.04814842902124">
        <ele>950.4</ele>
        <time>2026-07-27T12:19:03.000Z</time>
      </trkpt>
      <trkpt lat="50.358954118564725" lon="87.04832176677883">
        <ele>952.2</ele>
        <time>2026-07-27T12:19:19.000Z</time>
      </trkpt>
      <trkpt lat="50.35880768671632" lon="87.04848948866129">
        <ele>954</ele>
        <time>2026-07-27T12:19:35.000Z</time>
      </trkpt>
      <trkpt lat="50.358772315084934" lon="87.04853290691972">
        <ele>954.4</ele>
        <time>2026-07-27T12:19:39.000Z</time>
      </trkpt>
      <trkpt lat="50.35873677581549" lon="87.04857246950269">
        <ele>955</ele>
        <time>2026-07-27T12:19:43.000Z</time>
      </trkpt>
      <trkpt lat="50.35869386047125" lon="87.0486253593117">
        <ele>955.6</ele>
        <time>2026-07-27T12:19:48.000Z</time>
      </trkpt>
      <trkpt lat="50.358655136078596" lon="87.0486750639975">
        <ele>956.2</ele>
        <time>2026-07-27T12:19:53.000Z</time>
      </trkpt>
      <trkpt lat="50.358581291511655" lon="87.04877145588398">
        <ele>957.2</ele>
        <time>2026-07-27T12:20:03.000Z</time>
      </trkpt>
      <trkpt lat="50.358445420861244" lon="87.04892015084624">
        <ele>959</ele>
        <time>2026-07-27T12:20:19.000Z</time>
      </trkpt>
      <trkpt lat="50.35833327099681" lon="87.04907203093171">
        <ele>960.8</ele>
        <time>2026-07-27T12:20:32.000Z</time>
      </trkpt>
      <trkpt lat="50.358216762542725" lon="87.04922030679882">
        <ele>962.8</ele>
        <time>2026-07-27T12:20:47.000Z</time>
      </trkpt>
      <trkpt lat="50.35810159519315" lon="87.04938962124288">
        <ele>964.6</ele>
        <time>2026-07-27T12:21:04.000Z</time>
      </trkpt>
      <trkpt lat="50.358008556067944" lon="87.04959698952734">
        <ele>966.2</ele>
        <time>2026-07-27T12:21:20.000Z</time>
      </trkpt>
      <trkpt lat="50.357935382053256" lon="87.04980972222984">
        <ele>967.8</ele>
        <time>2026-07-27T12:21:36.000Z</time>
      </trkpt>
      <trkpt lat="50.35786455497146" lon="87.0500099658966">
        <ele>969.4</ele>
        <time>2026-07-27T12:21:52.000Z</time>
      </trkpt>
      <trkpt lat="50.35780118778348" lon="87.05021800473332">
        <ele>971</ele>
        <time>2026-07-27T12:22:08.000Z</time>
      </trkpt>
      <trkpt lat="50.35773958079517" lon="87.05043945461512">
        <ele>972.8</ele>
        <time>2026-07-27T12:22:24.000Z</time>
      </trkpt>
      <trkpt lat="50.35767721943557" lon="87.05065805464983">
        <ele>974.6</ele>
        <time>2026-07-27T12:22:40.000Z</time>
      </trkpt>
      <trkpt lat="50.35761100240052" lon="87.05086559057236">
        <ele>976</ele>
        <time>2026-07-27T12:22:56.000Z</time>
      </trkpt>
      <trkpt lat="50.35753690637648" lon="87.05106658861041">
        <ele>977.6</ele>
        <time>2026-07-27T12:23:13.000Z</time>
      </trkpt>
      <trkpt lat="50.35746742039919" lon="87.05128108151257">
        <ele>979.2</ele>
        <time>2026-07-27T12:23:29.000Z</time>
      </trkpt>
      <trkpt lat="50.35738988779485" lon="87.05150336958468">
        <ele>981</ele>
        <time>2026-07-27T12:23:45.000Z</time>
      </trkpt>
      <trkpt lat="50.35731595940888" lon="87.05170730128884">
        <ele>982.4</ele>
        <time>2026-07-27T12:24:01.000Z</time>
      </trkpt>
      <trkpt lat="50.357242031022906" lon="87.0519046112895">
        <ele>984</ele>
        <time>2026-07-27T12:24:17.000Z</time>
      </trkpt>
      <trkpt lat="50.35716399550438" lon="87.05211910419166">
        <ele>985.6</ele>
        <time>2026-07-27T12:24:33.000Z</time>
      </trkpt>
      <trkpt lat="50.35708579234779" lon="87.05231322906911">
        <ele>987.2</ele>
        <time>2026-07-27T12:24:49.000Z</time>
      </trkpt>
      <trkpt lat="50.357000129297376" lon="87.05250936560333">
        <ele>988.8</ele>
        <time>2026-07-27T12:25:05.000Z</time>
      </trkpt>
      <trkpt lat="50.35689921118319" lon="87.05270902253687">
        <ele>990.2</ele>
        <time>2026-07-27T12:25:21.000Z</time>
      </trkpt>
      <trkpt lat="50.35679988563061" lon="87.05290272831917">
        <ele>991.6</ele>
        <time>2026-07-27T12:25:38.000Z</time>
      </trkpt>
      <trkpt lat="50.356697626411915" lon="87.05310557037592">
        <ele>993.2</ele>
        <time>2026-07-27T12:25:54.000Z</time>
      </trkpt>
      <trkpt lat="50.35658547654748" lon="87.05331025645137">
        <ele>994.4</ele>
        <time>2026-07-27T12:26:10.000Z</time>
      </trkpt>
      <trkpt lat="50.356464106589556" lon="87.0534982625395">
        <ele>995.8</ele>
        <time>2026-07-27T12:26:26.000Z</time>
      </trkpt>
      <trkpt lat="50.35634298808873" lon="87.05365542322397">
        <ele>995.8</ele>
        <time>2026-07-27T12:26:47.000Z</time>
      </trkpt>
      <trkpt lat="50.355956330895424" lon="87.05408507958055">
        <ele>995.4</ele>
        <time>2026-07-27T12:28:07.000Z</time>
      </trkpt>
      <trkpt lat="50.35538585856557" lon="87.05499292351305">
        <ele>992.6</ele>
        <time>2026-07-27T12:28:22.000Z</time>
      </trkpt>
      <trkpt lat="50.35475109703839" lon="87.05568610690534">
        <ele>990.2</ele>
        <time>2026-07-27T12:28:32.000Z</time>
      </trkpt>
      <trkpt lat="50.35404156893492" lon="87.05596731975675">
        <ele>990.6</ele>
        <time>2026-07-27T12:28:44.000Z</time>
      </trkpt>
      <trkpt lat="50.35329323261976" lon="87.05615540966392">
        <ele>990.8</ele>
        <time>2026-07-27T12:29:00.000Z</time>
      </trkpt>
      <trkpt lat="50.35306641831994" lon="87.05609690397978">
        <ele>991</ele>
        <time>2026-07-27T12:29:10.000Z</time>
      </trkpt>
      <trkpt lat="50.35289576277137" lon="87.05610402859747">
        <ele>991.2</ele>
        <time>2026-07-27T12:29:24.000Z</time>
      </trkpt>
      <trkpt lat="50.35253860987723" lon="87.05606278963387">
        <ele>990.8</ele>
        <time>2026-07-27T12:57:16.000Z</time>
      </trkpt>
      <trkpt lat="50.3520099632442" lon="87.0556730311364">
        <ele>989.8</ele>
        <time>2026-07-27T12:57:32.000Z</time>
      </trkpt>
      <trkpt lat="50.35145348869264" lon="87.05539089627564">
        <ele>988.4</ele>
        <time>2026-07-27T12:57:44.000Z</time>
      </trkpt>
      <trkpt lat="50.3507028054446" lon="87.05549298785627">
        <ele>985</ele>
        <time>2026-07-27T12:57:57.000Z</time>
      </trkpt>
      <trkpt lat="50.349157098680735" lon="87.05596421845257">
        <ele>977.2</ele>
        <time>2026-07-27T12:58:13.000Z</time>
      </trkpt>
      <trkpt lat="50.34761608578265" lon="87.05634291283786">
        <ele>974.4</ele>
        <time>2026-07-27T12:58:29.000Z</time>
      </trkpt>
      <trkpt lat="50.3464028891176" lon="87.05668640322983">
        <ele>973.4</ele>
        <time>2026-07-27T12:58:45.000Z</time>
      </trkpt>
      <trkpt lat="50.34488970413804" lon="87.05712008289993">
        <ele>968</ele>
        <time>2026-07-27T12:59:02.000Z</time>
      </trkpt>
      <trkpt lat="50.34336377866566" lon="87.05755217000842">
        <ele>965.6</ele>
        <time>2026-07-27T12:59:18.000Z</time>
      </trkpt>
      <trkpt lat="50.342499017715454" lon="87.05784788355231">
        <ele>967.4</ele>
        <time>2026-07-27T12:59:34.000Z</time>
      </trkpt>
      <trkpt lat="50.34200767055154" lon="87.05817511305213">
        <ele>967.8</ele>
        <time>2026-07-27T12:59:50.000Z</time>
      </trkpt>
      <trkpt lat="50.341575583443046" lon="87.05867961980402">
        <ele>967.4</ele>
        <time>2026-07-27T13:00:06.000Z</time>
      </trkpt>
      <trkpt lat="50.34141121432185" lon="87.05897566862404">
        <ele>967.2</ele>
        <time>2026-07-27T13:01:05.000Z</time>
      </trkpt>
      <trkpt lat="50.34108180552721" lon="87.05960020422935">
        <ele>966.6</ele>
        <time>2026-07-27T13:01:22.000Z</time>
      </trkpt>
      <trkpt lat="50.3408198710531" lon="87.06016296520829">
        <ele>966.6</ele>
        <time>2026-07-27T13:01:38.000Z</time>
      </trkpt>
      <trkpt lat="50.34052667208016" lon="87.06079739145935">
        <ele>966.4</ele>
        <time>2026-07-27T13:01:54.000Z</time>
      </trkpt>
      <trkpt lat="50.34016231074929" lon="87.06152820959687">
        <ele>966.4</ele>
        <time>2026-07-27T13:02:10.000Z</time>
      </trkpt>
      <trkpt lat="50.33980742096901" lon="87.06223396584392">
        <ele>966.6</ele>
        <time>2026-07-27T13:02:26.000Z</time>
      </trkpt>
      <trkpt lat="50.339457811787724" lon="87.0629154983908">
        <ele>967</ele>
        <time>2026-07-27T13:02:42.000Z</time>
      </trkpt>
      <trkpt lat="50.33909931778908" lon="87.06362376920879">
        <ele>967</ele>
        <time>2026-07-27T13:02:58.000Z</time>
      </trkpt>
      <trkpt lat="50.338733699172735" lon="87.06437403336167">
        <ele>966.8</ele>
        <time>2026-07-27T13:03:14.000Z</time>
      </trkpt>
      <trkpt lat="50.3383400849998" lon="87.06514961086214">
        <ele>966</ele>
        <time>2026-07-27T13:03:30.000Z</time>
      </trkpt>
      <trkpt lat="50.337843960151076" lon="87.0659804251045">
        <ele>965.4</ele>
        <time>2026-07-27T13:03:47.000Z</time>
      </trkpt>
      <trkpt lat="50.33726309426129" lon="87.06680880859494">
        <ele>964</ele>
        <time>2026-07-27T13:04:03.000Z</time>
      </trkpt>
      <trkpt lat="50.3365786280483" lon="87.06783056259155">
        <ele>960.6</ele>
        <time>2026-07-27T13:04:17.000Z</time>
      </trkpt>
      <trkpt lat="50.336338402703404" lon="87.06851779483259">
        <ele>958.4</ele>
        <time>2026-07-27T13:04:23.000Z</time>
      </trkpt>
      <trkpt lat="50.3363370615989" lon="87.06928356550634">
        <ele>956.6</ele>
        <time>2026-07-27T13:04:28.000Z</time>
      </trkpt>
      <trkpt lat="50.33676286228001" lon="87.07094008103013">
        <ele>951.8</ele>
        <time>2026-07-27T13:04:39.000Z</time>
      </trkpt>
      <trkpt lat="50.33721196465194" lon="87.07283447496593">
        <ele>950.4</ele>
        <time>2026-07-27T13:04:52.000Z</time>
      </trkpt>
      <trkpt lat="50.337257981300354" lon="87.07428881898522">
        <ele>950.8</ele>
        <time>2026-07-27T13:05:05.000Z</time>
      </trkpt>
      <trkpt lat="50.33723191358149" lon="87.07541509531438">
        <ele>951.6</ele>
        <time>2026-07-27T13:05:19.000Z</time>
      </trkpt>
      <trkpt lat="50.337002919986844" lon="87.07624146714807">
        <ele>952.2</ele>
        <time>2026-07-27T13:05:33.000Z</time>
      </trkpt>
      <trkpt lat="50.336708799004555" lon="87.07699759863317">
        <ele>953</ele>
        <time>2026-07-27T13:05:49.000Z</time>
      </trkpt>
      <trkpt lat="50.33651023171842" lon="87.07748726941645">
        <ele>954.4</ele>
        <time>2026-07-27T13:06:06.000Z</time>
      </trkpt>
      <trkpt lat="50.33637788146734" lon="87.07781055942178">
        <ele>955.2</ele>
        <time>2026-07-27T13:06:22.000Z</time>
      </trkpt>
      <trkpt lat="50.33623748458922" lon="87.07813259214163">
        <ele>956.4</ele>
        <time>2026-07-27T13:06:38.000Z</time>
      </trkpt>
      <trkpt lat="50.33610203303397" lon="87.0784554630518">
        <ele>957.4</ele>
        <time>2026-07-27T13:06:54.000Z</time>
      </trkpt>
      <trkpt lat="50.335965659469366" lon="87.07880482077599">
        <ele>958.4</ele>
        <time>2026-07-27T13:07:10.000Z</time>
      </trkpt>
      <trkpt lat="50.33582626841962" lon="87.07915342412889">
        <ele>959.2</ele>
        <time>2026-07-27T13:07:26.000Z</time>
      </trkpt>
      <trkpt lat="50.33567950129509" lon="87.07951133139431">
        <ele>960.4</ele>
        <time>2026-07-27T13:07:42.000Z</time>
      </trkpt>
      <trkpt lat="50.33553340472281" lon="87.07986261695623">
        <ele>961.2</ele>
        <time>2026-07-27T13:07:58.000Z</time>
      </trkpt>
      <trkpt lat="50.335400300100446" lon="87.08019487559795">
        <ele>962.2</ele>
        <time>2026-07-27T13:08:14.000Z</time>
      </trkpt>
      <trkpt lat="50.335256131365895" lon="87.08056300878525">
        <ele>963.2</ele>
        <time>2026-07-27T13:08:31.000Z</time>
      </trkpt>
      <trkpt lat="50.33511221408844" lon="87.08091488108039">
        <ele>964.4</ele>
        <time>2026-07-27T13:08:47.000Z</time>
      </trkpt>
      <trkpt lat="50.33499838784337" lon="87.08120003342628">
        <ele>965.8</ele>
        <time>2026-07-27T13:09:03.000Z</time>
      </trkpt>
      <trkpt lat="50.334892105311155" lon="87.08146775141358">
        <ele>967.2</ele>
        <time>2026-07-27T13:09:19.000Z</time>
      </trkpt>
      <trkpt lat="50.33478842116892" lon="87.08174787461758">
        <ele>968.6</ele>
        <time>2026-07-27T13:09:35.000Z</time>
      </trkpt>
      <trkpt lat="50.3346757683903" lon="87.08204442635179">
        <ele>970</ele>
        <time>2026-07-27T13:09:51.000Z</time>
      </trkpt>
      <trkpt lat="50.33456797711551" lon="87.08233687095344">
        <ele>971.4</ele>
        <time>2026-07-27T13:10:07.000Z</time>
      </trkpt>
      <trkpt lat="50.33446026965976" lon="87.0826425589621">
        <ele>972.6</ele>
        <time>2026-07-27T13:10:23.000Z</time>
      </trkpt>
      <trkpt lat="50.334347281605005" lon="87.08297590725124">
        <ele>973.4</ele>
        <time>2026-07-27T13:10:39.000Z</time>
      </trkpt>
      <trkpt lat="50.33421568572521" lon="87.0834131911397">
        <ele>974</ele>
        <time>2026-07-27T13:10:56.000Z</time>
      </trkpt>
      <trkpt lat="50.33409976400435" lon="87.08393672481179">
        <ele>974.4</ele>
        <time>2026-07-27T13:11:12.000Z</time>
      </trkpt>
      <trkpt lat="50.333984177559614" lon="87.0846373680979">
        <ele>974.4</ele>
        <time>2026-07-27T13:11:28.000Z</time>
      </trkpt>
      <trkpt lat="50.333866998553276" lon="87.08542945794761">
        <ele>974</ele>
        <time>2026-07-27T13:11:44.000Z</time>
      </trkpt>
      <trkpt lat="50.33375635743141" lon="87.08620780147612">
        <ele>974.2</ele>
        <time>2026-07-27T13:12:00.000Z</time>
      </trkpt>
      <trkpt lat="50.33364647068083" lon="87.08698882721364">
        <ele>974</ele>
        <time>2026-07-27T13:12:16.000Z</time>
      </trkpt>
      <trkpt lat="50.33354379236698" lon="87.08773599006236">
        <ele>974</ele>
        <time>2026-07-27T13:12:32.000Z</time>
      </trkpt>
      <trkpt lat="50.333433486521244" lon="87.08852321840823">
        <ele>974.2</ele>
        <time>2026-07-27T13:12:48.000Z</time>
      </trkpt>
      <trkpt lat="50.33329887315631" lon="87.08956550806761">
        <ele>972</ele>
        <time>2026-07-27T13:13:04.000Z</time>
      </trkpt>
      <trkpt lat="50.333116902038455" lon="87.09127021953464">
        <ele>966</ele>
        <time>2026-07-27T13:13:20.000Z</time>
      </trkpt>
      <trkpt lat="50.33319376409054" lon="87.09200925193727">
        <ele>963</ele>
        <time>2026-07-27T13:13:27.000Z</time>
      </trkpt>
      <trkpt lat="50.33369366079569" lon="87.09317961707711">
        <ele>960.4</ele>
        <time>2026-07-27T13:13:39.000Z</time>
      </trkpt>
      <trkpt lat="50.334289614111185" lon="87.09449641406536">
        <ele>959</ele>
        <time>2026-07-27T13:13:55.000Z</time>
      </trkpt>
      <trkpt lat="50.334726478904486" lon="87.0957894064486">
        <ele>957.4</ele>
        <time>2026-07-27T13:14:11.000Z</time>
      </trkpt>
      <trkpt lat="50.33501925878227" lon="87.0969342906028">
        <ele>956.2</ele>
        <time>2026-07-27T13:14:27.000Z</time>
      </trkpt>
      <trkpt lat="50.33506938256323" lon="87.09707217290998">
        <ele>956.2</ele>
        <time>2026-07-27T13:16:39.000Z</time>
      </trkpt>
      <trkpt lat="50.33519569784403" lon="87.09761230275035">
        <ele>956.6</ele>
        <time>2026-07-27T13:16:55.000Z</time>
      </trkpt>
      <trkpt lat="50.33532813191414" lon="87.09814882837236">
        <ele>957.2</ele>
        <time>2026-07-27T13:17:11.000Z</time>
      </trkpt>
      <trkpt lat="50.3354527708143" lon="87.09869507700205">
        <ele>957.8</ele>
        <time>2026-07-27T13:17:27.000Z</time>
      </trkpt>
      <trkpt lat="50.33555888570845" lon="87.0991637930274">
        <ele>958.6</ele>
        <time>2026-07-27T13:17:43.000Z</time>
      </trkpt>
      <trkpt lat="50.33563717268407" lon="87.09953888319433">
        <ele>960</ele>
        <time>2026-07-27T13:18:00.000Z</time>
      </trkpt>
      <trkpt lat="50.33569911494851" lon="87.09984758868814">
        <ele>961.4</ele>
        <time>2026-07-27T13:18:16.000Z</time>
      </trkpt>
      <trkpt lat="50.33575929701328" lon="87.10017716512084">
        <ele>962.6</ele>
        <time>2026-07-27T13:18:32.000Z</time>
      </trkpt>
      <trkpt lat="50.335778407752514" lon="87.10052065551281">
        <ele>964.4</ele>
        <time>2026-07-27T13:18:48.000Z</time>
      </trkpt>
      <trkpt lat="50.33576223067939" lon="87.1008787304163">
        <ele>966</ele>
        <time>2026-07-27T13:19:04.000Z</time>
      </trkpt>
      <trkpt lat="50.33573272638023" lon="87.10122867487371">
        <ele>967.4</ele>
        <time>2026-07-27T13:19:20.000Z</time>
      </trkpt>
      <trkpt lat="50.33567447215319" lon="87.10169227793813">
        <ele>968</ele>
        <time>2026-07-27T13:19:36.000Z</time>
      </trkpt>
      <trkpt lat="50.33561839722097" lon="87.10218622349203">
        <ele>968.2</ele>
        <time>2026-07-27T13:19:52.000Z</time>
      </trkpt>
      <trkpt lat="50.33554865978658" lon="87.10272417403758">
        <ele>968.6</ele>
        <time>2026-07-27T13:20:08.000Z</time>
      </trkpt>
      <trkpt lat="50.33547246828675" lon="87.10323982872069">
        <ele>969</ele>
        <time>2026-07-27T13:20:25.000Z</time>
      </trkpt>
      <trkpt lat="50.33540675416589" lon="87.10369605571032">
        <ele>970</ele>
        <time>2026-07-27T13:20:41.000Z</time>
      </trkpt>
      <trkpt lat="50.33534883521497" lon="87.10408497601748">
        <ele>971.2</ele>
        <time>2026-07-27T13:20:57.000Z</time>
      </trkpt>
      <trkpt lat="50.33528228290379" lon="87.1044724714011">
        <ele>972.4</ele>
        <time>2026-07-27T13:21:13.000Z</time>
      </trkpt>
      <trkpt lat="50.33521128818393" lon="87.10482920520008">
        <ele>973.4</ele>
        <time>2026-07-27T13:21:29.000Z</time>
      </trkpt>
      <trkpt lat="50.33517952077091" lon="87.10506071336567">
        <ele>974.2</ele>
        <time>2026-07-27T13:21:52.000Z</time>
      </trkpt>
      <trkpt lat="50.335112465545535" lon="87.1054027788341">
        <ele>975.4</ele>
        <time>2026-07-27T13:22:08.000Z</time>
      </trkpt>
      <trkpt lat="50.335053876042366" lon="87.10583922453225">
        <ele>976.2</ele>
        <time>2026-07-27T13:22:24.000Z</time>
      </trkpt>
      <trkpt lat="50.33494499512017" lon="87.10647666826844">
        <ele>976</ele>
        <time>2026-07-27T13:22:40.000Z</time>
      </trkpt>
      <trkpt lat="50.334778781980276" lon="87.10737747140229">
        <ele>975.2</ele>
        <time>2026-07-27T13:22:57.000Z</time>
      </trkpt>
      <trkpt lat="50.334554482251406" lon="87.10836125537753">
        <ele>974</ele>
        <time>2026-07-27T13:23:13.000Z</time>
      </trkpt>
      <trkpt lat="50.334168495610356" lon="87.10975055582821">
        <ele>971.2</ele>
        <time>2026-07-27T13:23:29.000Z</time>
      </trkpt>
      <trkpt lat="50.333715956658125" lon="87.11120590567589">
        <ele>969.6</ele>
        <time>2026-07-27T13:23:45.000Z</time>
      </trkpt>
      <trkpt lat="50.33337615430355" lon="87.1123539749533">
        <ele>969.2</ele>
        <time>2026-07-27T13:24:01.000Z</time>
      </trkpt>
      <trkpt lat="50.333080273121595" lon="87.11330087855458">
        <ele>969</ele>
        <time>2026-07-27T13:24:17.000Z</time>
      </trkpt>
      <trkpt lat="50.33283040858805" lon="87.11419179104269">
        <ele>969.4</ele>
        <time>2026-07-27T13:24:33.000Z</time>
      </trkpt>
      <trkpt lat="50.33269856125116" lon="87.11495948955417">
        <ele>969.6</ele>
        <time>2026-07-27T13:24:49.000Z</time>
      </trkpt>
      <trkpt lat="50.332648856565356" lon="87.11568553000689">
        <ele>970.4</ele>
        <time>2026-07-27T13:25:06.000Z</time>
      </trkpt>
      <trkpt lat="50.33262153156102" lon="87.11625239811838">
        <ele>971.4</ele>
        <time>2026-07-27T13:25:22.000Z</time>
      </trkpt>
      <trkpt lat="50.33260149881244" lon="87.11667920462787">
        <ele>972.8</ele>
        <time>2026-07-27T13:25:38.000Z</time>
      </trkpt>
      <trkpt lat="50.33258356153965" lon="87.1170056797564">
        <ele>974.2</ele>
        <time>2026-07-27T13:25:54.000Z</time>
      </trkpt>
      <trkpt lat="50.33257291652262" lon="87.11732125841081">
        <ele>975.6</ele>
        <time>2026-07-27T13:26:10.000Z</time>
      </trkpt>
      <trkpt lat="50.33257710747421" lon="87.11764697916806">
        <ele>977.2</ele>
        <time>2026-07-27T13:26:26.000Z</time>
      </trkpt>
      <trkpt lat="50.332590602338314" lon="87.11793607100844">
        <ele>978.8</ele>
        <time>2026-07-27T13:26:42.000Z</time>
      </trkpt>
      <trkpt lat="50.33262521959841" lon="87.1182010229677">
        <ele>980.2</ele>
        <time>2026-07-27T13:26:58.000Z</time>
      </trkpt>
      <trkpt lat="50.33268389292061" lon="87.11853881366551">
        <ele>981</ele>
        <time>2026-07-27T13:27:14.000Z</time>
      </trkpt>
      <trkpt lat="50.33279227092862" lon="87.11895505897701">
        <ele>981.6</ele>
        <time>2026-07-27T13:27:31.000Z</time>
      </trkpt>
      <trkpt lat="50.33291037194431" lon="87.11939041502774">
        <ele>982.2</ele>
        <time>2026-07-27T13:27:47.000Z</time>
      </trkpt>
      <trkpt lat="50.333017911762" lon="87.11979425512254">
        <ele>983</ele>
        <time>2026-07-27T13:28:03.000Z</time>
      </trkpt>
      <trkpt lat="50.33312201499939" lon="87.12018577381968">
        <ele>984</ele>
        <time>2026-07-27T13:28:19.000Z</time>
      </trkpt>
      <trkpt lat="50.33321731723845" lon="87.12055826559663">
        <ele>985.2</ele>
        <time>2026-07-27T13:28:35.000Z</time>
      </trkpt>
      <trkpt lat="50.33331253565848" lon="87.12090795859694">
        <ele>986.4</ele>
        <time>2026-07-27T13:28:51.000Z</time>
      </trkpt>
      <trkpt lat="50.33341278322041" lon="87.12128279730678">
        <ele>987.4</ele>
        <time>2026-07-27T13:29:07.000Z</time>
      </trkpt>
      <trkpt lat="50.333513114601374" lon="87.12164212949574">
        <ele>988.4</ele>
        <time>2026-07-27T13:29:23.000Z</time>
      </trkpt>
      <trkpt lat="50.33361420035362" lon="87.12200380861759">
        <ele>989.4</ele>
        <time>2026-07-27T13:29:39.000Z</time>
      </trkpt>
      <trkpt lat="50.33373707905412" lon="87.12239608168602">
        <ele>990.2</ele>
        <time>2026-07-27T13:29:56.000Z</time>
      </trkpt>
      <trkpt lat="50.33391511067748" lon="87.12284820154309">
        <ele>990.6</ele>
        <time>2026-07-27T13:30:12.000Z</time>
      </trkpt>
      <trkpt lat="50.334260277450085" lon="87.12353928945959">
        <ele>989.4</ele>
        <time>2026-07-27T13:30:28.000Z</time>
      </trkpt>
      <trkpt lat="50.334702506661415" lon="87.12432333268225">
        <ele>989</ele>
        <time>2026-07-27T13:30:44.000Z</time>
      </trkpt>
      <trkpt lat="50.33509008586407" lon="87.1249788813293">
        <ele>989.4</ele>
        <time>2026-07-27T13:31:00.000Z</time>
      </trkpt>
      <trkpt lat="50.335464254021645" lon="87.12558967061341">
        <ele>989.6</ele>
        <time>2026-07-27T13:31:16.000Z</time>
      </trkpt>
      <trkpt lat="50.335956858471036" lon="87.12639609351754">
        <ele>988.2</ele>
        <time>2026-07-27T13:31:32.000Z</time>
      </trkpt>
      <trkpt lat="50.33651542849839" lon="87.12734090164304">
        <ele>987.8</ele>
        <time>2026-07-27T13:31:48.000Z</time>
      </trkpt>
      <trkpt lat="50.336995124816895" lon="87.1281320694834">
        <ele>988.2</ele>
        <time>2026-07-27T13:32:04.000Z</time>
      </trkpt>
      <trkpt lat="50.33736719749868" lon="87.12873665615916">
        <ele>989.2</ele>
        <time>2026-07-27T13:32:21.000Z</time>
      </trkpt>
      <trkpt lat="50.33763743005693" lon="87.12926010601223">
        <ele>990.2</ele>
        <time>2026-07-27T13:32:37.000Z</time>
      </trkpt>
      <trkpt lat="50.337929874658585" lon="87.12987458333373">
        <ele>990.6</ele>
        <time>2026-07-27T13:32:53.000Z</time>
      </trkpt>
      <trkpt lat="50.338234305381775" lon="87.13063306175172">
        <ele>990.2</ele>
        <time>2026-07-27T13:33:09.000Z</time>
      </trkpt>
      <trkpt lat="50.33859807997942" lon="87.1315595973283">
        <ele>988.8</ele>
        <time>2026-07-27T13:33:25.000Z</time>
      </trkpt>
      <trkpt lat="50.339153464883566" lon="87.1329877898097">
        <ele>984.2</ele>
        <time>2026-07-27T13:33:41.000Z</time>
      </trkpt>
      <trkpt lat="50.339784286916256" lon="87.1345386095345">
        <ele>981.6</ele>
        <time>2026-07-27T13:33:57.000Z</time>
      </trkpt>
      <trkpt lat="50.34060261212289" lon="87.13591407984495">
        <ele>978.2</ele>
        <time>2026-07-27T13:34:12.000Z</time>
      </trkpt>
      <trkpt lat="50.34123519435525" lon="87.13694647885859">
        <ele>978</ele>
        <time>2026-07-27T13:34:28.000Z</time>
      </trkpt>
      <trkpt lat="50.3416349273175" lon="87.13782247155905">
        <ele>978.6</ele>
        <time>2026-07-27T13:34:45.000Z</time>
      </trkpt>
      <trkpt lat="50.34186651930213" lon="87.13839830830693">
        <ele>980</ele>
        <time>2026-07-27T13:35:01.000Z</time>
      </trkpt>
      <trkpt lat="50.342061314731836" lon="87.13886752724648">
        <ele>981</ele>
        <time>2026-07-27T13:35:17.000Z</time>
      </trkpt>
      <trkpt lat="50.34230036661029" lon="87.13951938785613">
        <ele>980.8</ele>
        <time>2026-07-27T13:35:33.000Z</time>
      </trkpt>
      <trkpt lat="50.342583088204265" lon="87.14043192565441">
        <ele>980</ele>
        <time>2026-07-27T13:35:49.000Z</time>
      </trkpt>
      <trkpt lat="50.34271568991244" lon="87.14102159254253">
        <ele>981.6</ele>
        <time>2026-07-27T13:36:05.000Z</time>
      </trkpt>
      <trkpt lat="50.34279188141227" lon="87.14151319116354">
        <ele>983.4</ele>
        <time>2026-07-27T13:36:21.000Z</time>
      </trkpt>
      <trkpt lat="50.3428524825722" lon="87.14199439622462">
        <ele>984.6</ele>
        <time>2026-07-27T13:36:37.000Z</time>
      </trkpt>
      <trkpt lat="50.342911491170526" lon="87.14253125712276">
        <ele>985.4</ele>
        <time>2026-07-27T13:36:53.000Z</time>
      </trkpt>
      <trkpt lat="50.34295943565667" lon="87.14317339472473">
        <ele>985.4</ele>
        <time>2026-07-27T13:37:10.000Z</time>
      </trkpt>
      <trkpt lat="50.342955915257335" lon="87.14431802742183">
        <ele>983.4</ele>
        <time>2026-07-27T13:37:26.000Z</time>
      </trkpt>
      <trkpt lat="50.34279640763998" lon="87.14536190964282">
        <ele>981.6</ele>
        <time>2026-07-27T13:37:36.000Z</time>
      </trkpt>
      <trkpt lat="50.34241243265569" lon="87.14620471000671">
        <ele>981.8</ele>
        <time>2026-07-27T13:37:49.000Z</time>
      </trkpt>
      <trkpt lat="50.34203910268843" lon="87.1469430718571">
        <ele>982.2</ele>
        <time>2026-07-27T13:38:05.000Z</time>
      </trkpt>
      <trkpt lat="50.341633753851056" lon="87.1476521808654">
        <ele>982</ele>
        <time>2026-07-27T13:38:21.000Z</time>
      </trkpt>
      <trkpt lat="50.3410960547626" lon="87.14816087856889">
        <ele>982.4</ele>
        <time>2026-07-27T13:38:37.000Z</time>
      </trkpt>
      <trkpt lat="50.34060487523675" lon="87.14838358573616">
        <ele>983.6</ele>
        <time>2026-07-27T13:38:53.000Z</time>
      </trkpt>
      <trkpt lat="50.34028518944979" lon="87.1484952326864">
        <ele>984.8</ele>
        <time>2026-07-27T13:39:09.000Z</time>
      </trkpt>
      <trkpt lat="50.339966509491205" lon="87.1485887747258">
        <ele>986.2</ele>
        <time>2026-07-27T13:39:26.000Z</time>
      </trkpt>
      <trkpt lat="50.33968906849623" lon="87.14867108501494">
        <ele>987.6</ele>
        <time>2026-07-27T13:39:42.000Z</time>
      </trkpt>
      <trkpt lat="50.339532662183046" lon="87.14871047995985">
        <ele>988.2</ele>
        <time>2026-07-27T13:39:55.000Z</time>
      </trkpt>
      <trkpt lat="50.33921247348189" lon="87.14881047606468">
        <ele>989.8</ele>
        <time>2026-07-27T13:41:03.000Z</time>
      </trkpt>
      <trkpt lat="50.338922794908285" lon="87.14888842776418">
        <ele>990.8</ele>
        <time>2026-07-27T13:41:19.000Z</time>
      </trkpt>
      <trkpt lat="50.33862758427858" lon="87.14897601865232">
        <ele>991.6</ele>
        <time>2026-07-27T13:41:35.000Z</time>
      </trkpt>
      <trkpt lat="50.33831091597676" lon="87.14907232671976">
        <ele>992.6</ele>
        <time>2026-07-27T13:41:52.000Z</time>
      </trkpt>
      <trkpt lat="50.33804068341851" lon="87.14914868585765">
        <ele>993.4</ele>
        <time>2026-07-27T13:42:08.000Z</time>
      </trkpt>
      <trkpt lat="50.33774530515075" lon="87.1492410544306">
        <ele>994</ele>
        <time>2026-07-27T13:42:24.000Z</time>
      </trkpt>
      <trkpt lat="50.33745319582522" lon="87.14933292008936">
        <ele>994.8</ele>
        <time>2026-07-27T13:42:40.000Z</time>
      </trkpt>
      <trkpt lat="50.33716309815645" lon="87.14942520484328">
        <ele>995.6</ele>
        <time>2026-07-27T13:42:56.000Z</time>
      </trkpt>
      <trkpt lat="50.33686780370772" lon="87.149519585073">
        <ele>996.4</ele>
        <time>2026-07-27T13:43:12.000Z</time>
      </trkpt>
      <trkpt lat="50.3365855012089" lon="87.14960281737149">
        <ele>997</ele>
        <time>2026-07-27T13:43:28.000Z</time>
      </trkpt>
      <trkpt lat="50.33628442324698" lon="87.1496987901628">
        <ele>997.8</ele>
        <time>2026-07-27T13:43:44.000Z</time>
      </trkpt>
      <trkpt lat="50.336019387468696" lon="87.14977758005261">
        <ele>998.8</ele>
        <time>2026-07-27T13:44:00.000Z</time>
      </trkpt>
      <trkpt lat="50.33574747852981" lon="87.14986458420753">
        <ele>1000</ele>
        <time>2026-07-27T13:44:17.000Z</time>
      </trkpt>
      <trkpt lat="50.335512701421976" lon="87.1499392669648">
        <ele>1001.2</ele>
        <time>2026-07-27T13:44:33.000Z</time>
      </trkpt>
      <trkpt lat="50.335277672857046" lon="87.15000020340085">
        <ele>1002.4</ele>
        <time>2026-07-27T13:44:49.000Z</time>
      </trkpt>
      <trkpt lat="50.33504725433886" lon="87.15007002465427">
        <ele>1003.6</ele>
        <time>2026-07-27T13:45:05.000Z</time>
      </trkpt>
      <trkpt lat="50.334824128076434" lon="87.15016725473106">
        <ele>1004.6</ele>
        <time>2026-07-27T13:45:21.000Z</time>
      </trkpt>
      <trkpt lat="50.33460158854723" lon="87.15028292499483">
        <ele>1005.8</ele>
        <time>2026-07-27T13:45:37.000Z</time>
      </trkpt>
      <trkpt lat="50.33438416197896" lon="87.15043120086193">
        <ele>1006.6</ele>
        <time>2026-07-27T13:45:53.000Z</time>
      </trkpt>
      <trkpt lat="50.33417553640902" lon="87.15062968432903">
        <ele>1007.6</ele>
        <time>2026-07-27T13:46:09.000Z</time>
      </trkpt>
      <trkpt lat="50.334038408473134" lon="87.15079036541283">
        <ele>1007.8</ele>
        <time>2026-07-27T13:47:21.000Z</time>
      </trkpt>
      <trkpt lat="50.33382383175194" lon="87.15105406008661">
        <ele>1008.4</ele>
        <time>2026-07-27T13:47:37.000Z</time>
      </trkpt>
      <trkpt lat="50.333634819835424" lon="87.15140216052532">
        <ele>1008.6</ele>
        <time>2026-07-27T13:47:53.000Z</time>
      </trkpt>
      <trkpt lat="50.33346466720104" lon="87.1517781727016">
        <ele>1008.8</ele>
        <time>2026-07-27T13:48:09.000Z</time>
      </trkpt>
      <trkpt lat="50.333392499014735" lon="87.15197606943548">
        <ele>1009</ele>
        <time>2026-07-27T13:48:21.000Z</time>
      </trkpt>
      <trkpt lat="50.333492159843445" lon="87.15212945826352">
        <ele>1009.8</ele>
        <time>2026-07-27T13:48:39.000Z</time>
      </trkpt>
      <trkpt lat="50.33329166471958" lon="87.15234512463212">
        <ele>1008.2</ele>
        <time>2026-07-27T14:02:48.000Z</time>
      </trkpt>
      <trkpt lat="50.33314808271825" lon="87.1525673288852">
        <ele>1008.4</ele>
        <time>2026-07-27T14:02:56.000Z</time>
      </trkpt>
      <trkpt lat="50.33294088207185" lon="87.15316361747682">
        <ele>1008.6</ele>
        <time>2026-07-27T14:03:12.000Z</time>
      </trkpt>
      <trkpt lat="50.33267836086452" lon="87.15396467596292">
        <ele>1007.4</ele>
        <time>2026-07-27T14:03:28.000Z</time>
      </trkpt>
      <trkpt lat="50.33220478333533" lon="87.15543092228472">
        <ele>1002</ele>
        <time>2026-07-27T14:03:44.000Z</time>
      </trkpt>
      <trkpt lat="50.33165375702083" lon="87.1570139285177">
        <ele>994.8</ele>
        <time>2026-07-27T14:04:00.000Z</time>
      </trkpt>
      <trkpt lat="50.33122376538813" lon="87.15856726281345">
        <ele>991.4</ele>
        <time>2026-07-27T14:04:13.000Z</time>
      </trkpt>
      <trkpt lat="50.33109812065959" lon="87.16012009419501">
        <ele>990.4</ele>
        <time>2026-07-27T14:04:26.000Z</time>
      </trkpt>
      <trkpt lat="50.33110256306827" lon="87.16194005683064">
        <ele>988.6</ele>
        <time>2026-07-27T14:04:42.000Z</time>
      </trkpt>
      <trkpt lat="50.331015307456255" lon="87.16346187517047">
        <ele>987.8</ele>
        <time>2026-07-27T14:04:58.000Z</time>
      </trkpt>
      <trkpt lat="50.33090173266828" lon="87.16473181731999">
        <ele>987.4</ele>
        <time>2026-07-27T14:05:15.000Z</time>
      </trkpt>
      <trkpt lat="50.33077483065426" lon="87.16610577888787">
        <ele>987</ele>
        <time>2026-07-27T14:05:31.000Z</time>
      </trkpt>
      <trkpt lat="50.33061875961721" lon="87.16730950400233">
        <ele>987</ele>
        <time>2026-07-27T14:05:47.000Z</time>
      </trkpt>
      <trkpt lat="50.33051809296012" lon="87.16841658577323">
        <ele>987.4</ele>
        <time>2026-07-27T14:06:03.000Z</time>
      </trkpt>
      <trkpt lat="50.33042035996914" lon="87.16942509636283">
        <ele>987.6</ele>
        <time>2026-07-27T14:06:19.000Z</time>
      </trkpt>
      <trkpt lat="50.33020628616214" lon="87.17023327946663">
        <ele>988</ele>
        <time>2026-07-27T14:06:35.000Z</time>
      </trkpt>
      <trkpt lat="50.32997469417751" lon="87.17085773125291">
        <ele>989</ele>
        <time>2026-07-27T14:06:51.000Z</time>
      </trkpt>
      <trkpt lat="50.329772690311074" lon="87.17142661102116">
        <ele>990</ele>
        <time>2026-07-27T14:07:07.000Z</time>
      </trkpt>
      <trkpt lat="50.329611506313086" lon="87.17202507890761">
        <ele>990.6</ele>
        <time>2026-07-27T14:07:23.000Z</time>
      </trkpt>
      <trkpt lat="50.329474126920104" lon="87.17263938859105">
        <ele>991</ele>
        <time>2026-07-27T14:07:40.000Z</time>
      </trkpt>
      <trkpt lat="50.32932878471911" lon="87.17334288172424">
        <ele>991.4</ele>
        <time>2026-07-27T14:07:56.000Z</time>
      </trkpt>
      <trkpt lat="50.32920749858022" lon="87.17396247200668">
        <ele>992</ele>
        <time>2026-07-27T14:08:12.000Z</time>
      </trkpt>
      <trkpt lat="50.32907850109041" lon="87.17459916137159">
        <ele>992.6</ele>
        <time>2026-07-27T14:08:28.000Z</time>
      </trkpt>
      <trkpt lat="50.32895738258958" lon="87.17521690763533">
        <ele>993.4</ele>
        <time>2026-07-27T14:08:44.000Z</time>
      </trkpt>
      <trkpt lat="50.328851686790586" lon="87.17573591507971">
        <ele>994.2</ele>
        <time>2026-07-27T14:09:00.000Z</time>
      </trkpt>
      <trkpt lat="50.32877113670111" lon="87.17611226253211">
        <ele>995.4</ele>
        <time>2026-07-27T14:09:16.000Z</time>
      </trkpt>
      <trkpt lat="50.328703159466386" lon="87.17647477984428">
        <ele>996.8</ele>
        <time>2026-07-27T14:09:32.000Z</time>
      </trkpt>
      <trkpt lat="50.32862872816622" lon="87.17683763243258">
        <ele>998.2</ele>
        <time>2026-07-27T14:09:48.000Z</time>
      </trkpt>
      <trkpt lat="50.32858991995454" lon="87.17714876867831">
        <ele>999.8</ele>
        <time>2026-07-27T14:10:05.000Z</time>
      </trkpt>
      <trkpt lat="50.328577933833" lon="87.17746887356043">
        <ele>1001.2</ele>
        <time>2026-07-27T14:10:21.000Z</time>
      </trkpt>
      <trkpt lat="50.32859059050679" lon="87.1777642518282">
        <ele>1002.6</ele>
        <time>2026-07-27T14:10:37.000Z</time>
      </trkpt>
      <trkpt lat="50.32863149419427" lon="87.17803850769997">
        <ele>1003.8</ele>
        <time>2026-07-27T14:10:53.000Z</time>
      </trkpt>
      <trkpt lat="50.328678181394935" lon="87.17832156457007">
        <ele>1005.2</ele>
        <time>2026-07-27T14:11:09.000Z</time>
      </trkpt>
      <trkpt lat="50.3287298977375" lon="87.17860252596438">
        <ele>1006.4</ele>
        <time>2026-07-27T14:11:25.000Z</time>
      </trkpt>
      <trkpt lat="50.32877633348107" lon="87.17887778766453">
        <ele>1007.8</ele>
        <time>2026-07-27T14:11:41.000Z</time>
      </trkpt>
      <trkpt lat="50.32882293686271" lon="87.17914097942412">
        <ele>1008.8</ele>
        <time>2026-07-27T14:11:57.000Z</time>
      </trkpt>
      <trkpt lat="50.32884598709643" lon="87.17942009679973">
        <ele>1010</ele>
        <time>2026-07-27T14:12:13.000Z</time>
      </trkpt>
      <trkpt lat="50.3288699593395" lon="87.1796893235296">
        <ele>1011.2</ele>
        <time>2026-07-27T14:12:30.000Z</time>
      </trkpt>
      <trkpt lat="50.3288749884814" lon="87.17995670624077">
        <ele>1012.4</ele>
        <time>2026-07-27T14:12:46.000Z</time>
      </trkpt>
      <trkpt lat="50.32888077199459" lon="87.18022392131388">
        <ele>1013.6</ele>
        <time>2026-07-27T14:13:02.000Z</time>
      </trkpt>
      <trkpt lat="50.32887741923332" lon="87.18049515970051">
        <ele>1014.8</ele>
        <time>2026-07-27T14:13:18.000Z</time>
      </trkpt>
      <trkpt lat="50.32887373119593" lon="87.18076966702938">
        <ele>1016</ele>
        <time>2026-07-27T14:13:34.000Z</time>
      </trkpt>
      <trkpt lat="50.32886710949242" lon="87.18103730119765">
        <ele>1017.2</ele>
        <time>2026-07-27T14:13:50.000Z</time>
      </trkpt>
      <trkpt lat="50.32886023633182" lon="87.18129789456725">
        <ele>1018.2</ele>
        <time>2026-07-27T14:14:06.000Z</time>
      </trkpt>
      <trkpt lat="50.32883869484067" lon="87.18156385235488">
        <ele>1019.4</ele>
        <time>2026-07-27T14:14:22.000Z</time>
      </trkpt>
      <trkpt lat="50.32880793325603" lon="87.1818268764764">
        <ele>1020.4</ele>
        <time>2026-07-27T14:14:39.000Z</time>
      </trkpt>
      <trkpt lat="50.32877608202398" lon="87.18209451064467">
        <ele>1021.6</ele>
        <time>2026-07-27T14:14:55.000Z</time>
      </trkpt>
      <trkpt lat="50.32874305732548" lon="87.18236491084099">
        <ele>1022.8</ele>
        <time>2026-07-27T14:15:11.000Z</time>
      </trkpt>
      <trkpt lat="50.328700728714466" lon="87.18262860551476">
        <ele>1024</ele>
        <time>2026-07-27T14:15:27.000Z</time>
      </trkpt>
      <trkpt lat="50.3286593221128" lon="87.18290596269071">
        <ele>1025.4</ele>
        <time>2026-07-27T14:15:43.000Z</time>
      </trkpt>
      <trkpt lat="50.328619005158544" lon="87.18317770399153">
        <ele>1026.6</ele>
        <time>2026-07-27T14:15:59.000Z</time>
      </trkpt>
      <trkpt lat="50.32859100960195" lon="87.18344491906464">
        <ele>1027.8</ele>
        <time>2026-07-27T14:16:15.000Z</time>
      </trkpt>
      <trkpt lat="50.328571731224656" lon="87.18372286297381">
        <ele>1029</ele>
        <time>2026-07-27T14:16:31.000Z</time>
      </trkpt>
      <trkpt lat="50.32857441343367" lon="87.183992927894">
        <ele>1030.2</ele>
        <time>2026-07-27T14:16:47.000Z</time>
      </trkpt>
      <trkpt lat="50.328574078157544" lon="87.18427246436477">
        <ele>1031.2</ele>
        <time>2026-07-27T14:17:04.000Z</time>
      </trkpt>
      <trkpt lat="50.32858078368008" lon="87.18457111157477">
        <ele>1032.4</ele>
        <time>2026-07-27T14:17:20.000Z</time>
      </trkpt>
      <trkpt lat="50.32859930768609" lon="87.18484243378043">
        <ele>1033.6</ele>
        <time>2026-07-27T14:17:36.000Z</time>
      </trkpt>
      <trkpt lat="50.32860869541764" lon="87.18511945568025">
        <ele>1034.8</ele>
        <time>2026-07-27T14:17:52.000Z</time>
      </trkpt>
      <trkpt lat="50.328620010986924" lon="87.1853756904602">
        <ele>1036.2</ele>
        <time>2026-07-27T14:18:08.000Z</time>
      </trkpt>
      <trkpt lat="50.32862462103367" lon="87.18563100323081">
        <ele>1037.4</ele>
        <time>2026-07-27T14:18:24.000Z</time>
      </trkpt>
      <trkpt lat="50.32864180393517" lon="87.18589453026652">
        <ele>1038.6</ele>
        <time>2026-07-27T14:18:40.000Z</time>
      </trkpt>
      <trkpt lat="50.3286487609148" lon="87.1861790958792">
        <ele>1039.8</ele>
        <time>2026-07-27T14:18:56.000Z</time>
      </trkpt>
      <trkpt lat="50.328660579398274" lon="87.18648000620306">
        <ele>1040.6</ele>
        <time>2026-07-27T14:19:12.000Z</time>
      </trkpt>
      <trkpt lat="50.32868136651814" lon="87.1868110075593">
        <ele>1041.4</ele>
        <time>2026-07-27T14:19:29.000Z</time>
      </trkpt>
      <trkpt lat="50.32869846560061" lon="87.18724795617163">
        <ele>1042</ele>
        <time>2026-07-27T14:19:45.000Z</time>
      </trkpt>
      <trkpt lat="50.32872235402465" lon="87.18763872049749">
        <ele>1042.6</ele>
        <time>2026-07-27T14:20:01.000Z</time>
      </trkpt>
      <trkpt lat="50.328737273812294" lon="87.18802277930081">
        <ele>1043.6</ele>
        <time>2026-07-27T14:20:17.000Z</time>
      </trkpt>
      <trkpt lat="50.32875303179026" lon="87.18838211148977">
        <ele>1044.2</ele>
        <time>2026-07-27T14:20:33.000Z</time>
      </trkpt>
      <trkpt lat="50.32876677811146" lon="87.18873172067106">
        <ele>1045.4</ele>
        <time>2026-07-27T14:20:49.000Z</time>
      </trkpt>
      <trkpt lat="50.3287732321769" lon="87.18906121328473">
        <ele>1047</ele>
        <time>2026-07-27T14:21:05.000Z</time>
      </trkpt>
      <trkpt lat="50.32878261990845" lon="87.18934619799256">
        <ele>1048.2</ele>
        <time>2026-07-27T14:21:21.000Z</time>
      </trkpt>
      <trkpt lat="50.32878203317523" lon="87.1896414924413">
        <ele>1049.4</ele>
        <time>2026-07-27T14:21:37.000Z</time>
      </trkpt>
      <trkpt lat="50.32876627519727" lon="87.18995338305831">
        <ele>1050.8</ele>
        <time>2026-07-27T14:21:54.000Z</time>
      </trkpt>
      <trkpt lat="50.32872009091079" lon="87.1902736555785">
        <ele>1052</ele>
        <time>2026-07-27T14:22:10.000Z</time>
      </trkpt>
      <trkpt lat="50.32867642119527" lon="87.19055252149701">
        <ele>1053.2</ele>
        <time>2026-07-27T14:22:26.000Z</time>
      </trkpt>
      <trkpt lat="50.32862093299627" lon="87.19083121977746">
        <ele>1054.4</ele>
        <time>2026-07-27T14:22:42.000Z</time>
      </trkpt>
      <trkpt lat="50.32856016419828" lon="87.19108913093805">
        <ele>1055.6</ele>
        <time>2026-07-27T14:22:58.000Z</time>
      </trkpt>
      <trkpt lat="50.328494533896446" lon="87.1913633029908">
        <ele>1057</ele>
        <time>2026-07-27T14:23:14.000Z</time>
      </trkpt>
      <trkpt lat="50.32841767184436" lon="87.19164459966123">
        <ele>1058</ele>
        <time>2026-07-27T14:23:30.000Z</time>
      </trkpt>
      <trkpt lat="50.32833008095622" lon="87.19191642478108">
        <ele>1059.2</ele>
        <time>2026-07-27T14:23:46.000Z</time>
      </trkpt>
      <trkpt lat="50.328244334086776" lon="87.19219269230962">
        <ele>1060.6</ele>
        <time>2026-07-27T14:24:02.000Z</time>
      </trkpt>
      <trkpt lat="50.32815950922668" lon="87.19244490377605">
        <ele>1061.8</ele>
        <time>2026-07-27T14:24:19.000Z</time>
      </trkpt>
      <trkpt lat="50.32807166688144" lon="87.19272125512362">
        <ele>1063</ele>
        <time>2026-07-27T14:24:35.000Z</time>
      </trkpt>
      <trkpt lat="50.327989691868424" lon="87.19296810217202">
        <ele>1064</ele>
        <time>2026-07-27T14:24:51.000Z</time>
      </trkpt>
      <trkpt lat="50.32791869714856" lon="87.19323665834963">
        <ele>1065.4</ele>
        <time>2026-07-27T14:25:07.000Z</time>
      </trkpt>
      <trkpt lat="50.32785767689347" lon="87.19352365471423">
        <ele>1066.4</ele>
        <time>2026-07-27T14:25:23.000Z</time>
      </trkpt>
      <trkpt lat="50.327803026884794" lon="87.1938655525446">
        <ele>1067.2</ele>
        <time>2026-07-27T14:25:39.000Z</time>
      </trkpt>
      <trkpt lat="50.32779162749648" lon="87.19422999769449">
        <ele>1067.8</ele>
        <time>2026-07-27T14:25:55.000Z</time>
      </trkpt>
      <trkpt lat="50.32779011875391" lon="87.19460207037628">
        <ele>1068.6</ele>
        <time>2026-07-27T14:26:11.000Z</time>
      </trkpt>
      <trkpt lat="50.327811911702156" lon="87.1949856262654">
        <ele>1069.2</ele>
        <time>2026-07-27T14:26:27.000Z</time>
      </trkpt>
      <trkpt lat="50.327860191464424" lon="87.19549809582531">
        <ele>1069.6</ele>
        <time>2026-07-27T14:26:44.000Z</time>
      </trkpt>
      <trkpt lat="50.32792925834656" lon="87.19605876132846">
        <ele>1070</ele>
        <time>2026-07-27T14:27:00.000Z</time>
      </trkpt>
      <trkpt lat="50.327997570857406" lon="87.19655379652977">
        <ele>1070.4</ele>
        <time>2026-07-27T14:27:16.000Z</time>
      </trkpt>
      <trkpt lat="50.328077701851726" lon="87.19714933075011">
        <ele>1071</ele>
        <time>2026-07-27T14:27:32.000Z</time>
      </trkpt>
      <trkpt lat="50.32816872932017" lon="87.19776506535709">
        <ele>1071.4</ele>
        <time>2026-07-27T14:27:48.000Z</time>
      </trkpt>
      <trkpt lat="50.32826545648277" lon="87.19841156154871">
        <ele>1072</ele>
        <time>2026-07-27T14:28:04.000Z</time>
      </trkpt>
      <trkpt lat="50.32837341539562" lon="87.19902830198407">
        <ele>1072</ele>
        <time>2026-07-27T14:28:20.000Z</time>
      </trkpt>
      <trkpt lat="50.32851917669177" lon="87.19970807433128">
        <ele>1072</ele>
        <time>2026-07-27T14:28:36.000Z</time>
      </trkpt>
      <trkpt lat="50.32877951860428" lon="87.20064961351454">
        <ele>1069.8</ele>
        <time>2026-07-27T14:28:52.000Z</time>
      </trkpt>
      <trkpt lat="50.329247396439314" lon="87.20226028002799">
        <ele>1065</ele>
        <time>2026-07-27T14:29:09.000Z</time>
      </trkpt>
      <trkpt lat="50.32984837889671" lon="87.20417755655944">
        <ele>1061.6</ele>
        <time>2026-07-27T14:29:25.000Z</time>
      </trkpt>
      <trkpt lat="50.33053485676646" lon="87.20567967742682">
        <ele>1057.4</ele>
        <time>2026-07-27T14:29:41.000Z</time>
      </trkpt>
      <trkpt lat="50.33133088611066" lon="87.20732990652323">
        <ele>1051</ele>
        <time>2026-07-27T14:29:57.000Z</time>
      </trkpt>
      <trkpt lat="50.33217318356037" lon="87.20902355387807">
        <ele>1048.2</ele>
        <time>2026-07-27T14:30:13.000Z</time>
      </trkpt>
      <trkpt lat="50.33288455568254" lon="87.21027103252709">
        <ele>1048</ele>
        <time>2026-07-27T14:30:29.000Z</time>
      </trkpt>
      <trkpt lat="50.3334444668144" lon="87.21104862168431">
        <ele>1048.2</ele>
        <time>2026-07-27T14:30:45.000Z</time>
      </trkpt>
      <trkpt lat="50.333916367962956" lon="87.21160870045424">
        <ele>1048.8</ele>
        <time>2026-07-27T14:31:01.000Z</time>
      </trkpt>
      <trkpt lat="50.33436463214457" lon="87.21208772622049">
        <ele>1049</ele>
        <time>2026-07-27T14:31:18.000Z</time>
      </trkpt>
      <trkpt lat="50.3346979804337" lon="87.2124408558011">
        <ele>1049.2</ele>
        <time>2026-07-27T14:31:34.000Z</time>
      </trkpt>
      <trkpt lat="50.33513417467475" lon="87.21290261484683">
        <ele>1049.6</ele>
        <time>2026-07-27T14:31:50.000Z</time>
      </trkpt>
      <trkpt lat="50.33558998256922" lon="87.21338801085949">
        <ele>1050</ele>
        <time>2026-07-27T14:32:06.000Z</time>
      </trkpt>
      <trkpt lat="50.33611351624131" lon="87.21393652260303">
        <ele>1050</ele>
        <time>2026-07-27T14:32:22.000Z</time>
      </trkpt>
      <trkpt lat="50.33665498718619" lon="87.21449785865843">
        <ele>1050</ele>
        <time>2026-07-27T14:32:38.000Z</time>
      </trkpt>
      <trkpt lat="50.33718790858984" lon="87.21504712477326">
        <ele>1050</ele>
        <time>2026-07-27T14:32:54.000Z</time>
      </trkpt>
      <trkpt lat="50.33771236427128" lon="87.21558130346239">
        <ele>1049.8</ele>
        <time>2026-07-27T14:33:10.000Z</time>
      </trkpt>
      <trkpt lat="50.33829892985523" lon="87.21619695425034">
        <ele>1048.8</ele>
        <time>2026-07-27T14:33:26.000Z</time>
      </trkpt>
      <trkpt lat="50.338937463238835" lon="87.21685049124062">
        <ele>1048</ele>
        <time>2026-07-27T14:33:43.000Z</time>
      </trkpt>
      <trkpt lat="50.33963827416301" lon="87.21755499020219">
        <ele>1046.8</ele>
        <time>2026-07-27T14:33:59.000Z</time>
      </trkpt>
      <trkpt lat="50.34021117724478" lon="87.21812948584557">
        <ele>1047</ele>
        <time>2026-07-27T14:34:15.000Z</time>
      </trkpt>
      <trkpt lat="50.340595822781324" lon="87.2184744849801">
        <ele>1047.4</ele>
        <time>2026-07-27T14:34:31.000Z</time>
      </trkpt>
      <trkpt lat="50.34090771339834" lon="87.21870289184153">
        <ele>1048.2</ele>
        <time>2026-07-27T14:34:47.000Z</time>
      </trkpt>
      <trkpt lat="50.34116939641535" lon="87.21887388266623">
        <ele>1049.2</ele>
        <time>2026-07-27T14:35:03.000Z</time>
      </trkpt>
      <trkpt lat="50.34144390374422" lon="87.21905929036438">
        <ele>1050.2</ele>
        <time>2026-07-27T14:35:19.000Z</time>
      </trkpt>
      <trkpt lat="50.34174179658294" lon="87.2192411776632">
        <ele>1050.8</ele>
        <time>2026-07-27T14:35:35.000Z</time>
      </trkpt>
      <trkpt lat="50.34208243712783" lon="87.21944938413799">
        <ele>1051</ele>
        <time>2026-07-27T14:35:51.000Z</time>
      </trkpt>
      <trkpt lat="50.34242701716721" lon="87.21966630779207">
        <ele>1051.2</ele>
        <time>2026-07-27T14:36:08.000Z</time>
      </trkpt>
      <trkpt lat="50.342796575278044" lon="87.21991575323045">
        <ele>1051.4</ele>
        <time>2026-07-27T14:36:24.000Z</time>
      </trkpt>
      <trkpt lat="50.34312271513045" lon="87.22016042098403">
        <ele>1051.4</ele>
        <time>2026-07-27T14:36:40.000Z</time>
      </trkpt>
      <trkpt lat="50.34344198182225" lon="87.220408776775">
        <ele>1051.6</ele>
        <time>2026-07-27T14:36:56.000Z</time>
      </trkpt>
      <trkpt lat="50.34365261904895" lon="87.22060902044177">
        <ele>1051.8</ele>
        <time>2026-07-27T14:37:12.000Z</time>
      </trkpt>
      <trkpt lat="50.34386811777949" lon="87.22082250751555">
        <ele>1052</ele>
        <time>2026-07-27T14:37:28.000Z</time>
      </trkpt>
      <trkpt lat="50.34402712248266" lon="87.22096391022205">
        <ele>1052.2</ele>
        <time>2026-07-27T14:37:43.000Z</time>
      </trkpt>
      <trkpt lat="50.34417003393173" lon="87.22116080112755">
        <ele>1052.4</ele>
        <time>2026-07-27T14:37:59.000Z</time>
      </trkpt>
      <trkpt lat="50.34428562037647" lon="87.22135920077562">
        <ele>1052.6</ele>
        <time>2026-07-27T14:38:12.000Z</time>
      </trkpt>
      <trkpt lat="50.34435871057212" lon="87.22137537784874">
        <ele>1052.8</ele>
        <time>2026-07-27T14:40:37.000Z</time>
      </trkpt>
      <trkpt lat="50.34425200894475" lon="87.22111721523106">
        <ele>1052.8</ele>
        <time>2026-07-27T14:44:46.000Z</time>
      </trkpt>
      <trkpt lat="50.3440872207284" lon="87.22084228880703">
        <ele>1052.6</ele>
        <time>2026-07-27T14:44:57.000Z</time>
      </trkpt>
      <trkpt lat="50.344117395579815" lon="87.22057465463877">
        <ele>1053.6</ele>
        <time>2026-07-27T14:45:08.000Z</time>
      </trkpt>
      <trkpt lat="50.3440906573087" lon="87.22069401293993">
        <ele>1053.6</ele>
        <time>2026-07-27T14:50:51.000Z</time>
      </trkpt>
      <trkpt lat="50.34411530010402" lon="87.22090020775795">
        <ele>1053</ele>
        <time>2026-07-27T14:51:08.000Z</time>
      </trkpt>
      <trkpt lat="50.344368517398834" lon="87.221241267398">
        <ele>1053.2</ele>
        <time>2026-07-27T14:51:29.000Z</time>
      </trkpt>
      <trkpt lat="50.344658363610506" lon="87.22147369757295">
        <ele>1053.4</ele>
        <time>2026-07-27T14:51:45.000Z</time>
      </trkpt>
      <trkpt lat="50.34495189785957" lon="87.22169271670282">
        <ele>1053.6</ele>
        <time>2026-07-27T14:52:01.000Z</time>
      </trkpt>
      <trkpt lat="50.34525557421148" lon="87.22196638584137">
        <ele>1054</ele>
        <time>2026-07-27T14:52:17.000Z</time>
      </trkpt>
      <trkpt lat="50.34560208208859" lon="87.22226679325104">
        <ele>1054</ele>
        <time>2026-07-27T14:52:33.000Z</time>
      </trkpt>
      <trkpt lat="50.3459657728672" lon="87.22257860004902">
        <ele>1054</ele>
        <time>2026-07-27T14:52:50.000Z</time>
      </trkpt>
      <trkpt lat="50.3463027253747" lon="87.22288219258189">
        <ele>1054.6</ele>
        <time>2026-07-27T14:53:06.000Z</time>
      </trkpt>
      <trkpt lat="50.34657262265682" lon="87.22314127720892">
        <ele>1056</ele>
        <time>2026-07-27T14:53:22.000Z</time>
      </trkpt>
      <trkpt lat="50.346745708957314" lon="87.22335258498788">
        <ele>1057.2</ele>
        <time>2026-07-27T14:53:38.000Z</time>
      </trkpt>
      <trkpt lat="50.3468881174922" lon="87.22357721999288">
        <ele>1058.6</ele>
        <time>2026-07-27T14:53:54.000Z</time>
      </trkpt>
      <trkpt lat="50.34697310999036" lon="87.22380612976849">
        <ele>1059.8</ele>
        <time>2026-07-27T14:54:10.000Z</time>
      </trkpt>
      <trkpt lat="50.34702851437032" lon="87.22406496293843">
        <ele>1061.2</ele>
        <time>2026-07-27T14:54:26.000Z</time>
      </trkpt>
      <trkpt lat="50.347062377259135" lon="87.22430451773107">
        <ele>1062.6</ele>
        <time>2026-07-27T14:54:42.000Z</time>
      </trkpt>
      <trkpt lat="50.34708643332124" lon="87.22453133203089">
        <ele>1063.8</ele>
        <time>2026-07-27T14:54:58.000Z</time>
      </trkpt>
      <trkpt lat="50.3471315279603" lon="87.22479108721018">
        <ele>1064.8</ele>
        <time>2026-07-27T14:55:15.000Z</time>
      </trkpt>
      <trkpt lat="50.34720830619335" lon="87.2250630799681">
        <ele>1065.8</ele>
        <time>2026-07-27T14:55:31.000Z</time>
      </trkpt>
      <trkpt lat="50.34731735475361" lon="87.22535016015172">
        <ele>1067</ele>
        <time>2026-07-27T14:55:47.000Z</time>
      </trkpt>
      <trkpt lat="50.34744216129184" lon="87.22564805299044">
        <ele>1068</ele>
        <time>2026-07-27T14:56:03.000Z</time>
      </trkpt>
      <trkpt lat="50.34758800640702" lon="87.22596178762615">
        <ele>1068.6</ele>
        <time>2026-07-27T14:56:19.000Z</time>
      </trkpt>
      <trkpt lat="50.347799230366945" lon="87.22626739181578">
        <ele>1068.6</ele>
        <time>2026-07-27T14:56:35.000Z</time>
      </trkpt>
      <trkpt lat="50.34821623004973" lon="87.22667642869055">
        <ele>1067.4</ele>
        <time>2026-07-27T14:56:51.000Z</time>
      </trkpt>
      <trkpt lat="50.34901158884168" lon="87.22723390907049">
        <ele>1063.2</ele>
        <time>2026-07-27T14:57:07.000Z</time>
      </trkpt>
      <trkpt lat="50.34932062961161" lon="87.22760858014226">
        <ele>1060</ele>
        <time>2026-07-27T14:57:20.000Z</time>
      </trkpt>
      <trkpt lat="50.34979806281626" lon="87.22806011326611">
        <ele>1057.2</ele>
        <time>2026-07-27T14:57:52.000Z</time>
      </trkpt>
      <trkpt lat="50.35084311850369" lon="87.2287253011018">
        <ele>1051.4</ele>
        <time>2026-07-27T14:58:04.000Z</time>
      </trkpt>
      <trkpt lat="50.35171626135707" lon="87.2293561231345">
        <ele>1047.2</ele>
        <time>2026-07-27T14:58:13.000Z</time>
      </trkpt>
      <trkpt lat="50.35255906172097" lon="87.2298276051879">
        <ele>1044.4</ele>
        <time>2026-07-27T14:58:22.000Z</time>
      </trkpt>
      <trkpt lat="50.35311771556735" lon="87.23072966560721">
        <ele>1043.2</ele>
        <time>2026-07-27T14:58:31.000Z</time>
      </trkpt>
      <trkpt lat="50.35379329696298" lon="87.23240252584219">
        <ele>1039.8</ele>
        <time>2026-07-27T14:58:45.000Z</time>
      </trkpt>
      <trkpt lat="50.354362931102514" lon="87.23356308415532">
        <ele>1039.4</ele>
        <time>2026-07-27T14:58:58.000Z</time>
      </trkpt>
      <trkpt lat="50.35498478449881" lon="87.23464996553957">
        <ele>1038.8</ele>
        <time>2026-07-27T14:59:14.000Z</time>
      </trkpt>
      <trkpt lat="50.355438496917486" lon="87.23550592549145">
        <ele>1038.8</ele>
        <time>2026-07-27T14:59:30.000Z</time>
      </trkpt>
      <trkpt lat="50.35586186684668" lon="87.23629591986537">
        <ele>1039</ele>
        <time>2026-07-27T14:59:46.000Z</time>
      </trkpt>
      <trkpt lat="50.356280878186226" lon="87.2370489500463">
        <ele>1039</ele>
        <time>2026-07-27T15:00:03.000Z</time>
      </trkpt>
      <trkpt lat="50.356629230082035" lon="87.23768027499318">
        <ele>1039</ele>
        <time>2026-07-27T15:00:19.000Z</time>
      </trkpt>
      <trkpt lat="50.356977665796876" lon="87.2383841034025">
        <ele>1039.2</ele>
        <time>2026-07-27T15:00:35.000Z</time>
      </trkpt>
      <trkpt lat="50.35728259943426" lon="87.23918549716473">
        <ele>1039.2</ele>
        <time>2026-07-27T15:00:51.000Z</time>
      </trkpt>
      <trkpt lat="50.357540091499686" lon="87.24006777629256">
        <ele>1039</ele>
        <time>2026-07-27T15:01:07.000Z</time>
      </trkpt>
      <trkpt lat="50.35799430683255" lon="87.24084838293493">
        <ele>1038.6</ele>
        <time>2026-07-27T15:01:23.000Z</time>
      </trkpt>
      <trkpt lat="50.35834031179547" lon="87.24152731709182">
        <ele>1039</ele>
        <time>2026-07-27T15:01:39.000Z</time>
      </trkpt>
      <trkpt lat="50.358427399769425" lon="87.24191875196993">
        <ele>1040.2</ele>
        <time>2026-07-27T15:01:55.000Z</time>
      </trkpt>
      <trkpt lat="50.358460089191794" lon="87.2420930955559">
        <ele>1040.6</ele>
        <time>2026-07-27T15:02:20.000Z</time>
      </trkpt>
      <trkpt lat="50.35856167785823" lon="87.24255619570613">
        <ele>1040.4</ele>
        <time>2026-07-27T15:04:43.000Z</time>
      </trkpt>
      <trkpt lat="50.358608616515994" lon="87.24333009682596">
        <ele>1040.4</ele>
        <time>2026-07-27T15:04:59.000Z</time>
      </trkpt>
      <trkpt lat="50.35859948024154" lon="87.24412495270371">
        <ele>1041.2</ele>
        <time>2026-07-27T15:05:15.000Z</time>
      </trkpt>
      <trkpt lat="50.358563270419836" lon="87.24481201730669">
        <ele>1041.8</ele>
        <time>2026-07-27T15:05:31.000Z</time>
      </trkpt>
      <trkpt lat="50.3585010766983" lon="87.24552649073303">
        <ele>1042</ele>
        <time>2026-07-27T15:05:47.000Z</time>
      </trkpt>
      <trkpt lat="50.35841013304889" lon="87.24622562527657">
        <ele>1042.6</ele>
        <time>2026-07-27T15:06:03.000Z</time>
      </trkpt>
      <trkpt lat="50.35828683525324" lon="87.24686172790825">
        <ele>1043</ele>
        <time>2026-07-27T15:06:19.000Z</time>
      </trkpt>
      <trkpt lat="50.35816269926727" lon="87.24741660989821">
        <ele>1043.6</ele>
        <time>2026-07-27T15:06:35.000Z</time>
      </trkpt>
      <trkpt lat="50.35801878198981" lon="87.24799169227481">
        <ele>1044</ele>
        <time>2026-07-27T15:06:51.000Z</time>
      </trkpt>
      <trkpt lat="50.35786522552371" lon="87.2485236916691">
        <ele>1045</ele>
        <time>2026-07-27T15:07:08.000Z</time>
      </trkpt>
      <trkpt lat="50.35773572511971" lon="87.24892040714622">
        <ele>1046.6</ele>
        <time>2026-07-27T15:07:24.000Z</time>
      </trkpt>
      <trkpt lat="50.35762692801654" lon="87.24928418174386">
        <ele>1048.2</ele>
        <time>2026-07-27T15:07:40.000Z</time>
      </trkpt>
      <trkpt lat="50.357547886669636" lon="87.24967167712748">
        <ele>1049.4</ele>
        <time>2026-07-27T15:07:56.000Z</time>
      </trkpt>
      <trkpt lat="50.35746607929468" lon="87.2501096315682">
        <ele>1049.8</ele>
        <time>2026-07-27T15:08:12.000Z</time>
      </trkpt>
      <trkpt lat="50.35740036517382" lon="87.25041020661592">
        <ele>1050.2</ele>
        <time>2026-07-27T15:09:07.000Z</time>
      </trkpt>
      <trkpt lat="50.35728570073843" lon="87.25085771642625">
        <ele>1051</ele>
        <time>2026-07-27T15:09:24.000Z</time>
      </trkpt>
      <trkpt lat="50.35715477541089" lon="87.25131411105394">
        <ele>1051.8</ele>
        <time>2026-07-27T15:09:40.000Z</time>
      </trkpt>
      <trkpt lat="50.35701747983694" lon="87.25177587009966">
        <ele>1053</ele>
        <time>2026-07-27T15:09:56.000Z</time>
      </trkpt>
      <trkpt lat="50.35688730888069" lon="87.25218222476542">
        <ele>1054</ele>
        <time>2026-07-27T15:10:12.000Z</time>
      </trkpt>
      <trkpt lat="50.35678127780557" lon="87.25250031799078">
        <ele>1055.2</ele>
        <time>2026-07-27T15:10:28.000Z</time>
      </trkpt>
      <trkpt lat="50.35667767748237" lon="87.25279485806823">
        <ele>1056.8</ele>
        <time>2026-07-27T15:10:44.000Z</time>
      </trkpt>
      <trkpt lat="50.35659670829773" lon="87.25309585221112">
        <ele>1058.6</ele>
        <time>2026-07-27T15:11:00.000Z</time>
      </trkpt>
      <trkpt lat="50.35651406273246" lon="87.25338536314666">
        <ele>1060</ele>
        <time>2026-07-27T15:11:16.000Z</time>
      </trkpt>
      <trkpt lat="50.35644382238388" lon="87.2536944039166">
        <ele>1061.4</ele>
        <time>2026-07-27T15:11:32.000Z</time>
      </trkpt>
      <trkpt lat="50.35639059729874" lon="87.2540554124862">
        <ele>1062.4</ele>
        <time>2026-07-27T15:11:49.000Z</time>
      </trkpt>
      <trkpt lat="50.35635329782963" lon="87.25441759452224">
        <ele>1063.2</ele>
        <time>2026-07-27T15:12:05.000Z</time>
      </trkpt>
      <trkpt lat="50.35631231032312" lon="87.25481430999935">
        <ele>1064</ele>
        <time>2026-07-27T15:12:21.000Z</time>
      </trkpt>
      <trkpt lat="50.35626788623631" lon="87.25519325584173">
        <ele>1065</ele>
        <time>2026-07-27T15:12:37.000Z</time>
      </trkpt>
      <trkpt lat="50.35621591843665" lon="87.2555972635746">
        <ele>1066.2</ele>
        <time>2026-07-27T15:12:53.000Z</time>
      </trkpt>
      <trkpt lat="50.356164034456015" lon="87.2559923864901">
        <ele>1067</ele>
        <time>2026-07-27T15:13:09.000Z</time>
      </trkpt>
      <trkpt lat="50.356128914281726" lon="87.25640972144902">
        <ele>1067.8</ele>
        <time>2026-07-27T15:13:25.000Z</time>
      </trkpt>
      <trkpt lat="50.35611508414149" lon="87.25681817159057">
        <ele>1068.4</ele>
        <time>2026-07-27T15:13:41.000Z</time>
      </trkpt>
      <trkpt lat="50.35612422041595" lon="87.25722620263696">
        <ele>1069.4</ele>
        <time>2026-07-27T15:13:57.000Z</time>
      </trkpt>
      <trkpt lat="50.35615028813481" lon="87.25762099027634">
        <ele>1069.8</ele>
        <time>2026-07-27T15:14:14.000Z</time>
      </trkpt>
      <trkpt lat="50.35619613714516" lon="87.25803866051137">
        <ele>1070.2</ele>
        <time>2026-07-27T15:14:30.000Z</time>
      </trkpt>
      <trkpt lat="50.35628439858556" lon="87.2585015092045">
        <ele>1071</ele>
        <time>2026-07-27T15:14:46.000Z</time>
      </trkpt>
      <trkpt lat="50.35638213157654" lon="87.25892026908696">
        <ele>1071.4</ele>
        <time>2026-07-27T15:15:02.000Z</time>
      </trkpt>
      <trkpt lat="50.35647500306368" lon="87.2593170683831">
        <ele>1071.6</ele>
        <time>2026-07-27T15:15:18.000Z</time>
      </trkpt>
      <trkpt lat="50.35657198168337" lon="87.25971227511764">
        <ele>1070.6</ele>
        <time>2026-07-27T15:19:50.000Z</time>
      </trkpt>
      <trkpt lat="50.35682771354914" lon="87.26078297942877">
        <ele>1067.8</ele>
        <time>2026-07-27T15:20:06.000Z</time>
      </trkpt>
      <trkpt lat="50.35714689642191" lon="87.2621229942888">
        <ele>1064.6</ele>
        <time>2026-07-27T15:20:22.000Z</time>
      </trkpt>
      <trkpt lat="50.357455518096685" lon="87.26346971467137">
        <ele>1062</ele>
        <time>2026-07-27T15:20:38.000Z</time>
      </trkpt>
      <trkpt lat="50.35773337818682" lon="87.26468953303993">
        <ele>1059.6</ele>
        <time>2026-07-27T15:20:54.000Z</time>
      </trkpt>
      <trkpt lat="50.3579867631197" lon="87.2657357621938">
        <ele>1056.6</ele>
        <time>2026-07-27T15:21:10.000Z</time>
      </trkpt>
      <trkpt lat="50.358357494696975" lon="87.2669446002692">
        <ele>1053</ele>
        <time>2026-07-27T15:21:27.000Z</time>
      </trkpt>
      <trkpt lat="50.35879368893802" lon="87.26786158047616">
        <ele>1052.6</ele>
        <time>2026-07-27T15:21:43.000Z</time>
      </trkpt>
      <trkpt lat="50.3590988740325" lon="87.26842677220702">
        <ele>1053.6</ele>
        <time>2026-07-27T15:21:59.000Z</time>
      </trkpt>
      <trkpt lat="50.35934722982347" lon="87.26888467557728">
        <ele>1054.4</ele>
        <time>2026-07-27T15:22:15.000Z</time>
      </trkpt>
      <trkpt lat="50.359581084921956" lon="87.2692967299372">
        <ele>1054.8</ele>
        <time>2026-07-27T15:22:31.000Z</time>
      </trkpt>
      <trkpt lat="50.35980278626084" lon="87.26970450952649">
        <ele>1054.8</ele>
        <time>2026-07-27T15:22:47.000Z</time>
      </trkpt>
      <trkpt lat="50.36003731191158" lon="87.27011103183031">
        <ele>1055</ele>
        <time>2026-07-27T15:23:03.000Z</time>
      </trkpt>
      <trkpt lat="50.3600690793246" lon="87.27034916169941">
        <ele>1054.6</ele>
        <time>2026-07-27T15:23:13.000Z</time>
      </trkpt>
      <trkpt lat="50.35990957170725" lon="87.27065275423229">
        <ele>1054.2</ele>
        <time>2026-07-27T15:23:28.000Z</time>
      </trkpt>
      <trkpt lat="50.35997562110424" lon="87.2709474619478">
        <ele>1053.6</ele>
        <time>2026-07-27T15:23:41.000Z</time>
      </trkpt>
      <trkpt lat="50.360010070726275" lon="87.27125365287066">
        <ele>1053</ele>
        <time>2026-07-27T15:23:54.000Z</time>
      </trkpt>
      <trkpt lat="50.360001772642136" lon="87.27119321934879">
        <ele>1051.8</ele>
        <time>2026-07-27T15:26:21.000Z</time>
      </trkpt>
      <trkpt lat="50.35997662693262" lon="87.27096472866833">
        <ele>1052.6</ele>
        <time>2026-07-27T15:27:04.000Z</time>
      </trkpt>
      <trkpt lat="50.360036892816424" lon="87.27073246613145">
        <ele>1053.4</ele>
        <time>2026-07-27T15:27:18.000Z</time>
      </trkpt>
      <trkpt lat="50.36001518368721" lon="87.27045075036585">
        <ele>1053.4</ele>
        <time>2026-07-27T15:27:32.000Z</time>
      </trkpt>
      <trkpt lat="50.360103361308575" lon="87.27032636292279">
        <ele>1053.6</ele>
        <time>2026-07-27T15:27:41.000Z</time>
      </trkpt>
      <trkpt lat="50.360269071534276" lon="87.27050179615617">
        <ele>1055</ele>
        <time>2026-07-27T15:27:56.000Z</time>
      </trkpt>
      <trkpt lat="50.36050200462341" lon="87.27092650718987">
        <ele>1055.2</ele>
        <time>2026-07-27T15:28:12.000Z</time>
      </trkpt>
      <trkpt lat="50.360991759225726" lon="87.27179990150034">
        <ele>1052</ele>
        <time>2026-07-27T15:28:29.000Z</time>
      </trkpt>
      <trkpt lat="50.36150246858597" lon="87.27271378040314">
        <ele>1049</ele>
        <time>2026-07-27T15:28:45.000Z</time>
      </trkpt>
      <trkpt lat="50.362019296735525" lon="87.27366319857538">
        <ele>1048</ele>
        <time>2026-07-27T15:29:01.000Z</time>
      </trkpt>
      <trkpt lat="50.36235666833818" lon="87.27439871057868">
        <ele>1048</ele>
        <time>2026-07-27T15:29:17.000Z</time>
      </trkpt>
      <trkpt lat="50.36250427365303" lon="87.27509340271354">
        <ele>1048.2</ele>
        <time>2026-07-27T15:29:32.000Z</time>
      </trkpt>
      <trkpt lat="50.362567557021976" lon="87.2757291700691">
        <ele>1048.4</ele>
        <time>2026-07-27T15:29:48.000Z</time>
      </trkpt>
      <trkpt lat="50.36266126669943" lon="87.27638999931514">
        <ele>1048.6</ele>
        <time>2026-07-27T15:30:04.000Z</time>
      </trkpt>
      <trkpt lat="50.36281297914684" lon="87.27704412303865">
        <ele>1049.6</ele>
        <time>2026-07-27T15:30:20.000Z</time>
      </trkpt>
      <trkpt lat="50.362976090982556" lon="87.27750001475215">
        <ele>1050.8</ele>
        <time>2026-07-27T15:30:36.000Z</time>
      </trkpt>
      <trkpt lat="50.36317675374448" lon="87.2779103089124">
        <ele>1052</ele>
        <time>2026-07-27T15:30:53.000Z</time>
      </trkpt>
      <trkpt lat="50.363407004624605" lon="87.27841389365494">
        <ele>1052</ele>
        <time>2026-07-27T15:31:09.000Z</time>
      </trkpt>
      <trkpt lat="50.36364211700857" lon="87.27897288277745">
        <ele>1052</ele>
        <time>2026-07-27T15:31:25.000Z</time>
      </trkpt>
      <trkpt lat="50.36388318054378" lon="87.27951049804688">
        <ele>1051.6</ele>
        <time>2026-07-27T15:31:41.000Z</time>
      </trkpt>
      <trkpt lat="50.36413782276213" lon="87.28010041639209">
        <ele>1051.6</ele>
        <time>2026-07-27T15:31:57.000Z</time>
      </trkpt>
      <trkpt lat="50.36438550800085" lon="87.28072025813162">
        <ele>1051.8</ele>
        <time>2026-07-27T15:32:13.000Z</time>
      </trkpt>
      <trkpt lat="50.364561108872294" lon="87.28133481927216">
        <ele>1052.4</ele>
        <time>2026-07-27T15:32:29.000Z</time>
      </trkpt>
      <trkpt lat="50.364638306200504" lon="87.28192440234125">
        <ele>1053.2</ele>
        <time>2026-07-27T15:32:45.000Z</time>
      </trkpt>
      <trkpt lat="50.364643754437566" lon="87.28254240006208">
        <ele>1053.6</ele>
        <time>2026-07-27T15:33:01.000Z</time>
      </trkpt>
      <trkpt lat="50.36461709998548" lon="87.28322979994118">
        <ele>1054</ele>
        <time>2026-07-27T15:33:18.000Z</time>
      </trkpt>
      <trkpt lat="50.36458742804825" lon="87.28381200693548">
        <ele>1055.4</ele>
        <time>2026-07-27T15:33:34.000Z</time>
      </trkpt>
      <trkpt lat="50.36455272696912" lon="87.28429606184363">
        <ele>1057</ele>
        <time>2026-07-27T15:33:50.000Z</time>
      </trkpt>
      <trkpt lat="50.36452137865126" lon="87.28478212840855">
        <ele>1058.8</ele>
        <time>2026-07-27T15:34:06.000Z</time>
      </trkpt>
      <trkpt lat="50.36449111998081" lon="87.28524866513908">
        <ele>1060.4</ele>
        <time>2026-07-27T15:34:22.000Z</time>
      </trkpt>
      <trkpt lat="50.36446840502322" lon="87.2857209853828">
        <ele>1061.6</ele>
        <time>2026-07-27T15:34:38.000Z</time>
      </trkpt>
      <trkpt lat="50.36444602534175" lon="87.28620026260614">
        <ele>1063.2</ele>
        <time>2026-07-27T15:34:54.000Z</time>
      </trkpt>
      <trkpt lat="50.36441249772906" lon="87.28667451068759">
        <ele>1064.6</ele>
        <time>2026-07-27T15:35:10.000Z</time>
      </trkpt>
      <trkpt lat="50.364389698952436" lon="87.28700777515769">
        <ele>1065.4</ele>
        <time>2026-07-27T15:35:22.000Z</time>
      </trkpt>
      <trkpt lat="50.36426816135645" lon="87.28691691532731">
        <ele>1064.2</ele>
        <time>2026-07-27T15:35:28.000Z</time>
      </trkpt>
      <trkpt lat="50.364191215485334" lon="87.28669823147357">
        <ele>1062</ele>
        <time>2026-07-27T15:35:40.000Z</time>
      </trkpt>
      <trkpt lat="50.364396991208196" lon="87.28725772351027">
        <ele>1065.4</ele>
        <time>2026-07-27T16:28:33.000Z</time>
      </trkpt>
      <trkpt lat="50.36439539864659" lon="87.28766240179539">
        <ele>1066.4</ele>
        <time>2026-07-27T16:28:49.000Z</time>
      </trkpt>
      <trkpt lat="50.36440487019718" lon="87.28807051666081">
        <ele>1067.4</ele>
        <time>2026-07-27T16:29:26.000Z</time>
      </trkpt>
      <trkpt lat="50.36442507058382" lon="87.28846463374794">
        <ele>1067.4</ele>
        <time>2026-07-27T16:29:42.000Z</time>
      </trkpt>
      <trkpt lat="50.36446161568165" lon="87.28904868476093">
        <ele>1067</ele>
        <time>2026-07-27T16:29:58.000Z</time>
      </trkpt>
      <trkpt lat="50.36450369283557" lon="87.28986851871014">
        <ele>1066.4</ele>
        <time>2026-07-27T16:30:14.000Z</time>
      </trkpt>
      <trkpt lat="50.364549374207854" lon="87.29096218943596">
        <ele>1064.8</ele>
        <time>2026-07-27T16:30:31.000Z</time>
      </trkpt>
      <trkpt lat="50.36458918824792" lon="87.29197329841554">
        <ele>1064.2</ele>
        <time>2026-07-27T16:30:47.000Z</time>
      </trkpt>
      <trkpt lat="50.36462648771703" lon="87.29299019090831">
        <ele>1064.6</ele>
        <time>2026-07-27T16:31:03.000Z</time>
      </trkpt>
      <trkpt lat="50.364660769701004" lon="87.29401839897037">
        <ele>1065.8</ele>
        <time>2026-07-27T16:31:19.000Z</time>
      </trkpt>
      <trkpt lat="50.364694464951754" lon="87.29497008025646">
        <ele>1066.4</ele>
        <time>2026-07-27T16:31:35.000Z</time>
      </trkpt>
      <trkpt lat="50.36471961066127" lon="87.29593969881535">
        <ele>1066.4</ele>
        <time>2026-07-27T16:31:51.000Z</time>
      </trkpt>
      <trkpt lat="50.3647247236222" lon="87.29686765931547">
        <ele>1067.2</ele>
        <time>2026-07-27T16:32:07.000Z</time>
      </trkpt>
      <trkpt lat="50.36467828787863" lon="87.29774088598788">
        <ele>1068.4</ele>
        <time>2026-07-27T16:32:23.000Z</time>
      </trkpt>
      <trkpt lat="50.364593379199505" lon="87.29841210879385">
        <ele>1069.8</ele>
        <time>2026-07-27T16:32:39.000Z</time>
      </trkpt>
      <trkpt lat="50.36451148800552" lon="87.29901133105159">
        <ele>1071.2</ele>
        <time>2026-07-27T16:32:56.000Z</time>
      </trkpt>
      <trkpt lat="50.364422891288996" lon="87.29957861825824">
        <ele>1072.4</ele>
        <time>2026-07-27T16:33:12.000Z</time>
      </trkpt>
      <trkpt lat="50.36435231566429" lon="87.30012780055404">
        <ele>1073.8</ele>
        <time>2026-07-27T16:33:28.000Z</time>
      </trkpt>
      <trkpt lat="50.36429791711271" lon="87.3006977699697">
        <ele>1075.2</ele>
        <time>2026-07-27T16:33:44.000Z</time>
      </trkpt>
      <trkpt lat="50.36424460820854" lon="87.30123739689589">
        <ele>1076.6</ele>
        <time>2026-07-27T16:34:00.000Z</time>
      </trkpt>
      <trkpt lat="50.36418819800019" lon="87.30176612734795">
        <ele>1077.8</ele>
        <time>2026-07-27T16:34:16.000Z</time>
      </trkpt>
      <trkpt lat="50.364132625982165" lon="87.30231883004308">
        <ele>1078.8</ele>
        <time>2026-07-27T16:34:32.000Z</time>
      </trkpt>
      <trkpt lat="50.364074455574155" lon="87.30287781916559">
        <ele>1079.8</ele>
        <time>2026-07-27T16:34:48.000Z</time>
      </trkpt>
      <trkpt lat="50.36401838064194" lon="87.30344611220062">
        <ele>1080.6</ele>
        <time>2026-07-27T16:35:04.000Z</time>
      </trkpt>
      <trkpt lat="50.363953756168485" lon="87.3040306661278">
        <ele>1081</ele>
        <time>2026-07-27T16:35:21.000Z</time>
      </trkpt>
      <trkpt lat="50.363889299333096" lon="87.3046176508069">
        <ele>1082</ele>
        <time>2026-07-27T16:35:37.000Z</time>
      </trkpt>
      <trkpt lat="50.36382207646966" lon="87.3052080720663">
        <ele>1082.8</ele>
        <time>2026-07-27T16:35:53.000Z</time>
      </trkpt>
      <trkpt lat="50.363756362348795" lon="87.30579807423055">
        <ele>1084</ele>
        <time>2026-07-27T16:36:09.000Z</time>
      </trkpt>
      <trkpt lat="50.36368729546666" lon="87.30639251880348">
        <ele>1084.6</ele>
        <time>2026-07-27T16:36:25.000Z</time>
      </trkpt>
      <trkpt lat="50.363613199442625" lon="87.30700448155403">
        <ele>1085</ele>
        <time>2026-07-27T16:36:41.000Z</time>
      </trkpt>
      <trkpt lat="50.363541869446635" lon="87.30763245373964">
        <ele>1085.6</ele>
        <time>2026-07-27T16:36:57.000Z</time>
      </trkpt>
      <trkpt lat="50.363474395126104" lon="87.30824139900506">
        <ele>1086.2</ele>
        <time>2026-07-27T16:37:13.000Z</time>
      </trkpt>
      <trkpt lat="50.363402059301734" lon="87.30884531512856">
        <ele>1087</ele>
        <time>2026-07-27T16:37:30.000Z</time>
      </trkpt>
      <trkpt lat="50.363254034891725" lon="87.3094236664474">
        <ele>1087.8</ele>
        <time>2026-07-27T16:37:46.000Z</time>
      </trkpt>
      <trkpt lat="50.36310072988272" lon="87.30965165421367">
        <ele>1089.4</ele>
        <time>2026-07-27T16:38:02.000Z</time>
      </trkpt>
      <trkpt lat="50.36294390447438" lon="87.30983396060765">
        <ele>1091</ele>
        <time>2026-07-27T16:38:18.000Z</time>
      </trkpt>
      <trkpt lat="50.36279696971178" lon="87.31001190841198">
        <ele>1092.4</ele>
        <time>2026-07-27T16:38:34.000Z</time>
      </trkpt>
      <trkpt lat="50.3626508731395" lon="87.31020787730813">
        <ele>1093.8</ele>
        <time>2026-07-27T16:38:50.000Z</time>
      </trkpt>
      <trkpt lat="50.36250712350011" lon="87.31051272712648">
        <ele>1094.8</ele>
        <time>2026-07-27T16:39:06.000Z</time>
      </trkpt>
      <trkpt lat="50.36242296919227" lon="87.31090516783297">
        <ele>1095.8</ele>
        <time>2026-07-27T16:39:22.000Z</time>
      </trkpt>
      <trkpt lat="50.362409055233" lon="87.31130531989038">
        <ele>1097.2</ele>
        <time>2026-07-27T16:39:38.000Z</time>
      </trkpt>
      <trkpt lat="50.362458508461714" lon="87.31176565401256">
        <ele>1098</ele>
        <time>2026-07-27T16:39:55.000Z</time>
      </trkpt>
      <trkpt lat="50.36245691590011" lon="87.31245322152972">
        <ele>1097.4</ele>
        <time>2026-07-27T16:40:09.000Z</time>
      </trkpt>
      <trkpt lat="50.36216958425939" lon="87.31306476518512">
        <ele>1097.8</ele>
        <time>2026-07-27T16:40:25.000Z</time>
      </trkpt>
      <trkpt lat="50.36190857179463" lon="87.31356960721314">
        <ele>1099</ele>
        <time>2026-07-27T16:40:41.000Z</time>
      </trkpt>
      <trkpt lat="50.361807653680444" lon="87.31429346837103">
        <ele>1099.6</ele>
        <time>2026-07-27T16:40:57.000Z</time>
      </trkpt>
      <trkpt lat="50.36187135614455" lon="87.31493342667818">
        <ele>1101</ele>
        <time>2026-07-27T16:41:13.000Z</time>
      </trkpt>
      <trkpt lat="50.36200731061399" lon="87.31539962813258">
        <ele>1102</ele>
        <time>2026-07-27T16:41:29.000Z</time>
      </trkpt>
      <trkpt lat="50.362249379977584" lon="87.31586633250117">
        <ele>1102.6</ele>
        <time>2026-07-27T16:41:45.000Z</time>
      </trkpt>
      <trkpt lat="50.36250636912882" lon="87.31659857556224">
        <ele>1102</ele>
        <time>2026-07-27T16:42:00.000Z</time>
      </trkpt>
      <trkpt lat="50.362587086856365" lon="87.31748412363231">
        <ele>1102.6</ele>
        <time>2026-07-27T16:42:17.000Z</time>
      </trkpt>
      <trkpt lat="50.36264073103666" lon="87.31824377551675">
        <ele>1102.8</ele>
        <time>2026-07-27T16:42:33.000Z</time>
      </trkpt>
      <trkpt lat="50.36269613541663" lon="87.31903586536646">
        <ele>1103</ele>
        <time>2026-07-27T16:42:49.000Z</time>
      </trkpt>
      <trkpt lat="50.36275212652981" lon="87.31982678174973">
        <ele>1103</ele>
        <time>2026-07-27T16:43:05.000Z</time>
      </trkpt>
      <trkpt lat="50.36281289532781" lon="87.32069581747055">
        <ele>1103.8</ele>
        <time>2026-07-27T16:43:21.000Z</time>
      </trkpt>
      <trkpt lat="50.362865617498755" lon="87.32149721123278">
        <ele>1104</ele>
        <time>2026-07-27T16:43:37.000Z</time>
      </trkpt>
      <trkpt lat="50.362915489822626" lon="87.32225527055562">
        <ele>1104.6</ele>
        <time>2026-07-27T16:43:53.000Z</time>
      </trkpt>
      <trkpt lat="50.36296485923231" lon="87.32303378172219">
        <ele>1105</ele>
        <time>2026-07-27T16:44:09.000Z</time>
      </trkpt>
      <trkpt lat="50.3630066011101" lon="87.32373241335154">
        <ele>1105.6</ele>
        <time>2026-07-27T16:44:25.000Z</time>
      </trkpt>
      <trkpt lat="50.36305437795818" lon="87.32450447045267">
        <ele>1106</ele>
        <time>2026-07-27T16:44:42.000Z</time>
      </trkpt>
      <trkpt lat="50.363105088472366" lon="87.32531885616481">
        <ele>1106.2</ele>
        <time>2026-07-27T16:44:58.000Z</time>
      </trkpt>
      <trkpt lat="50.36315068602562" lon="87.32598513364792">
        <ele>1106.8</ele>
        <time>2026-07-27T16:45:14.000Z</time>
      </trkpt>
      <trkpt lat="50.363146578893065" lon="87.32675065286458">
        <ele>1106.8</ele>
        <time>2026-07-27T16:45:30.000Z</time>
      </trkpt>
      <trkpt lat="50.36298455670476" lon="87.32768649235368">
        <ele>1106.4</ele>
        <time>2026-07-27T16:45:46.000Z</time>
      </trkpt>
      <trkpt lat="50.36281012929976" lon="87.32856340706348">
        <ele>1106.6</ele>
        <time>2026-07-27T16:46:02.000Z</time>
      </trkpt>
      <trkpt lat="50.36261960864067" lon="87.32954258099198">
        <ele>1106.2</ele>
        <time>2026-07-27T16:46:18.000Z</time>
      </trkpt>
      <trkpt lat="50.3624383918941" lon="87.3305003810674">
        <ele>1106.4</ele>
        <time>2026-07-27T16:46:34.000Z</time>
      </trkpt>
      <trkpt lat="50.362267484888434" lon="87.33139707706869">
        <ele>1106.4</ele>
        <time>2026-07-27T16:46:50.000Z</time>
      </trkpt>
      <trkpt lat="50.3620776347816" lon="87.33240407891572">
        <ele>1105.2</ele>
        <time>2026-07-27T16:47:07.000Z</time>
      </trkpt>
      <trkpt lat="50.361879486590624" lon="87.33359321951866">
        <ele>1104.4</ele>
        <time>2026-07-27T16:47:23.000Z</time>
      </trkpt>
      <trkpt lat="50.36181528121233" lon="87.33438489027321">
        <ele>1104.8</ele>
        <time>2026-07-27T16:47:39.000Z</time>
      </trkpt>
      <trkpt lat="50.36177127622068" lon="87.33514538034797">
        <ele>1105.6</ele>
        <time>2026-07-27T16:47:55.000Z</time>
      </trkpt>
      <trkpt lat="50.361737832427025" lon="87.33597485348582">
        <ele>1106.6</ele>
        <time>2026-07-27T16:48:11.000Z</time>
      </trkpt>
      <trkpt lat="50.3617150336504" lon="87.33667901717126">
        <ele>1107.6</ele>
        <time>2026-07-27T16:48:27.000Z</time>
      </trkpt>
      <trkpt lat="50.36168536171317" lon="87.33746046200395">
        <ele>1108.6</ele>
        <time>2026-07-27T16:48:43.000Z</time>
      </trkpt>
      <trkpt lat="50.36166197620332" lon="87.3382626939565">
        <ele>1109.8</ele>
        <time>2026-07-27T16:48:59.000Z</time>
      </trkpt>
      <trkpt lat="50.361628867685795" lon="87.33910038135946">
        <ele>1110</ele>
        <time>2026-07-27T16:49:15.000Z</time>
      </trkpt>
      <trkpt lat="50.36159835755825" lon="87.33993739821017">
        <ele>1110.2</ele>
        <time>2026-07-27T16:49:32.000Z</time>
      </trkpt>
      <trkpt lat="50.36148939281702" lon="87.34067877754569">
        <ele>1110.2</ele>
        <time>2026-07-27T16:49:46.000Z</time>
      </trkpt>
      <trkpt lat="50.36120591685176" lon="87.34104473143816">
        <ele>1109.6</ele>
        <time>2026-07-27T16:49:56.000Z</time>
      </trkpt>
      <trkpt lat="50.36044366657734" lon="87.34153356403112">
        <ele>1107.4</ele>
        <time>2026-07-27T16:50:12.000Z</time>
      </trkpt>
      <trkpt lat="50.36005809903145" lon="87.34193815849721">
        <ele>1106</ele>
        <time>2026-07-27T16:50:20.000Z</time>
      </trkpt>
      <trkpt lat="50.35996489226818" lon="87.34243637882173">
        <ele>1105.2</ele>
        <time>2026-07-27T16:50:26.000Z</time>
      </trkpt>
      <trkpt lat="50.36003278568387" lon="87.34410387463868">
        <ele>1101</ele>
        <time>2026-07-27T16:50:42.000Z</time>
      </trkpt>
      <trkpt lat="50.3601332847029" lon="87.34605560079217">
        <ele>1096.6</ele>
        <time>2026-07-27T16:50:58.000Z</time>
      </trkpt>
      <trkpt lat="50.36012230440974" lon="87.34690686687827">
        <ele>1093</ele>
        <time>2026-07-27T16:51:06.000Z</time>
      </trkpt>
      <trkpt lat="50.35990378819406" lon="87.34732386656106">
        <ele>1090.2</ele>
        <time>2026-07-27T16:51:11.000Z</time>
      </trkpt>
      <trkpt lat="50.358959482982755" lon="87.34789685346186">
        <ele>1083.6</ele>
        <time>2026-07-27T16:51:23.000Z</time>
      </trkpt>
      <trkpt lat="50.3582317661494" lon="87.34834025613964">
        <ele>1082</ele>
        <time>2026-07-27T16:51:34.000Z</time>
      </trkpt>
      <trkpt lat="50.35792632959783" lon="87.348906788975">
        <ele>1081.6</ele>
        <time>2026-07-27T16:51:43.000Z</time>
      </trkpt>
      <trkpt lat="50.35785491578281" lon="87.34938045032322">
        <ele>1083.4</ele>
        <time>2026-07-27T16:52:00.000Z</time>
      </trkpt>
      <trkpt lat="50.35782482475042" lon="87.34983349218965">
        <ele>1084.8</ele>
        <time>2026-07-27T16:52:16.000Z</time>
      </trkpt>
      <trkpt lat="50.35779238678515" lon="87.35051921568811">
        <ele>1084.4</ele>
        <time>2026-07-27T16:52:32.000Z</time>
      </trkpt>
      <trkpt lat="50.35773077979684" lon="87.35152420587838">
        <ele>1083.6</ele>
        <time>2026-07-27T16:52:48.000Z</time>
      </trkpt>
      <trkpt lat="50.3577087353915" lon="87.35225058160722">
        <ele>1083.4</ele>
        <time>2026-07-27T16:53:04.000Z</time>
      </trkpt>
      <trkpt lat="50.35783060826361" lon="87.35293982550502">
        <ele>1084.2</ele>
        <time>2026-07-27T16:53:20.000Z</time>
      </trkpt>
      <trkpt lat="50.35801140591502" lon="87.35327996313572">
        <ele>1085.4</ele>
        <time>2026-07-27T16:53:36.000Z</time>
      </trkpt>
      <trkpt lat="50.35821852274239" lon="87.35350091010332">
        <ele>1086.8</ele>
        <time>2026-07-27T16:53:52.000Z</time>
      </trkpt>
      <trkpt lat="50.35839647054672" lon="87.35366066917777">
        <ele>1088.4</ele>
        <time>2026-07-27T16:54:08.000Z</time>
      </trkpt>
      <trkpt lat="50.35860802978277" lon="87.35382067970932">
        <ele>1090</ele>
        <time>2026-07-27T16:54:25.000Z</time>
      </trkpt>
      <trkpt lat="50.35868028178811" lon="87.35409242101014">
        <ele>1089.2</ele>
        <time>2026-07-27T16:54:38.000Z</time>
      </trkpt>
      <trkpt lat="50.35869587212801" lon="87.35389536246657">
        <ele>1088</ele>
        <time>2026-07-27T18:03:00.000Z</time>
      </trkpt>
      <trkpt lat="50.3588240314275" lon="87.35397700220346">
        <ele>1088.6</ele>
        <time>2026-07-27T18:03:13.000Z</time>
      </trkpt>
      <trkpt lat="50.359165174886584" lon="87.35421605408192">
        <ele>1087.4</ele>
        <time>2026-07-27T18:03:51.000Z</time>
      </trkpt>
      <trkpt lat="50.35958318039775" lon="87.35478040762246">
        <ele>1085</ele>
        <time>2026-07-27T18:04:06.000Z</time>
      </trkpt>
      <trkpt lat="50.35990965552628" lon="87.35575966536999">
        <ele>1083.2</ele>
        <time>2026-07-27T18:04:20.000Z</time>
      </trkpt>
      <trkpt lat="50.36010227166116" lon="87.3565586283803">
        <ele>1083.2</ele>
        <time>2026-07-27T18:04:36.000Z</time>
      </trkpt>
      <trkpt lat="50.36023830994964" lon="87.35737829469144">
        <ele>1082.4</ele>
        <time>2026-07-27T18:04:50.000Z</time>
      </trkpt>
      <trkpt lat="50.36024426110089" lon="87.35862527042627">
        <ele>1080.8</ele>
        <time>2026-07-27T18:05:05.000Z</time>
      </trkpt>
      <trkpt lat="50.36009967327118" lon="87.35966546460986">
        <ele>1080.8</ele>
        <time>2026-07-27T18:05:21.000Z</time>
      </trkpt>
      <trkpt lat="50.359902027994394" lon="87.36055956222117">
        <ele>1081</ele>
        <time>2026-07-27T18:05:37.000Z</time>
      </trkpt>
      <trkpt lat="50.3596858587116" lon="87.36132466234267">
        <ele>1081.8</ele>
        <time>2026-07-27T18:05:54.000Z</time>
      </trkpt>
      <trkpt lat="50.359539510682225" lon="87.36181693151593">
        <ele>1083.8</ele>
        <time>2026-07-27T18:06:10.000Z</time>
      </trkpt>
      <trkpt lat="50.35942601971328" lon="87.36225228756666">
        <ele>1084.8</ele>
        <time>2026-07-27T18:06:26.000Z</time>
      </trkpt>
      <trkpt lat="50.35930808633566" lon="87.36267901025712">
        <ele>1086</ele>
        <time>2026-07-27T18:06:42.000Z</time>
      </trkpt>
      <trkpt lat="50.35918805748224" lon="87.36309726722538">
        <ele>1086.6</ele>
        <time>2026-07-27T18:06:58.000Z</time>
      </trkpt>
      <trkpt lat="50.35898077301681" lon="87.3638320248574">
        <ele>1085</ele>
        <time>2026-07-27T18:07:14.000Z</time>
      </trkpt>
      <trkpt lat="50.358588583767414" lon="87.3647282179445">
        <ele>1082.6</ele>
        <time>2026-07-27T18:07:25.000Z</time>
      </trkpt>
      <trkpt lat="50.3579986654222" lon="87.36556221731007">
        <ele>1081.8</ele>
        <time>2026-07-27T18:07:41.000Z</time>
      </trkpt>
      <trkpt lat="50.35743422806263" lon="87.36624802462757">
        <ele>1081.2</ele>
        <time>2026-07-27T18:07:57.000Z</time>
      </trkpt>
      <trkpt lat="50.35710582509637" lon="87.3668007273227">
        <ele>1081.2</ele>
        <time>2026-07-27T18:08:14.000Z</time>
      </trkpt>
      <trkpt lat="50.356891667470336" lon="87.36718067899346">
        <ele>1083.4</ele>
        <time>2026-07-27T18:08:30.000Z</time>
      </trkpt>
      <trkpt lat="50.35672386176884" lon="87.36740615218878">
        <ele>1085</ele>
        <time>2026-07-27T18:08:46.000Z</time>
      </trkpt>
      <trkpt lat="50.35650081932545" lon="87.36761997453868">
        <ele>1086</ele>
        <time>2026-07-27T18:09:02.000Z</time>
      </trkpt>
      <trkpt lat="50.3562771063298" lon="87.36779138445854">
        <ele>1087.6</ele>
        <time>2026-07-27T18:09:18.000Z</time>
      </trkpt>
      <trkpt lat="50.356030678376555" lon="87.36792608164251">
        <ele>1089.2</ele>
        <time>2026-07-27T18:09:34.000Z</time>
      </trkpt>
      <trkpt lat="50.35575583577156" lon="87.36795281991363">
        <ele>1089.8</ele>
        <time>2026-07-27T18:09:50.000Z</time>
      </trkpt>
      <trkpt lat="50.35536339506507" lon="87.36798115074635">
        <ele>1090</ele>
        <time>2026-07-27T18:10:06.000Z</time>
      </trkpt>
      <trkpt lat="50.35499953664839" lon="87.36812196671963">
        <ele>1091</ele>
        <time>2026-07-27T18:10:22.000Z</time>
      </trkpt>
      <trkpt lat="50.354711785912514" lon="87.36833620816469">
        <ele>1092.6</ele>
        <time>2026-07-27T18:10:39.000Z</time>
      </trkpt>
      <trkpt lat="50.354338036850095" lon="87.36868212930858">
        <ele>1092.4</ele>
        <time>2026-07-27T18:10:55.000Z</time>
      </trkpt>
      <trkpt lat="50.353613421320915" lon="87.36907113343477">
        <ele>1090</ele>
        <time>2026-07-27T18:11:09.000Z</time>
      </trkpt>
      <trkpt lat="50.35312307998538" lon="87.36955652944744">
        <ele>1089</ele>
        <time>2026-07-27T18:11:19.000Z</time>
      </trkpt>
      <trkpt lat="50.35285611636937" lon="87.37032632343471">
        <ele>1088.6</ele>
        <time>2026-07-27T18:11:31.000Z</time>
      </trkpt>
      <trkpt lat="50.35267263650894" lon="87.37148252315819">
        <ele>1087.4</ele>
        <time>2026-07-27T18:11:47.000Z</time>
      </trkpt>
      <trkpt lat="50.35267397761345" lon="87.37242381088436">
        <ele>1088.2</ele>
        <time>2026-07-27T18:12:03.000Z</time>
      </trkpt>
      <trkpt lat="50.35268613137305" lon="87.37317902036011">
        <ele>1089.2</ele>
        <time>2026-07-27T18:12:18.000Z</time>
      </trkpt>
      <trkpt lat="50.352526204660535" lon="87.37400706857443">
        <ele>1089</ele>
        <time>2026-07-27T18:12:34.000Z</time>
      </trkpt>
      <trkpt lat="50.35259183496237" lon="87.37487610429525">
        <ele>1089</ele>
        <time>2026-07-27T18:12:50.000Z</time>
      </trkpt>
      <trkpt lat="50.352819906547666" lon="87.37569971010089">
        <ele>1089.4</ele>
        <time>2026-07-27T18:13:06.000Z</time>
      </trkpt>
      <trkpt lat="50.353072537109256" lon="87.3764643073082">
        <ele>1089.2</ele>
        <time>2026-07-27T18:13:22.000Z</time>
      </trkpt>
      <trkpt lat="50.353282671421766" lon="87.37724441103637">
        <ele>1089.2</ele>
        <time>2026-07-27T18:13:38.000Z</time>
      </trkpt>
      <trkpt lat="50.353491213172674" lon="87.37797757610679">
        <ele>1090.2</ele>
        <time>2026-07-27T18:13:54.000Z</time>
      </trkpt>
      <trkpt lat="50.353692127391696" lon="87.37863639369607">
        <ele>1091.4</ele>
        <time>2026-07-27T18:14:10.000Z</time>
      </trkpt>
      <trkpt lat="50.35390829667449" lon="87.379355058074">
        <ele>1092</ele>
        <time>2026-07-27T18:14:26.000Z</time>
      </trkpt>
      <trkpt lat="50.35415371879935" lon="87.38028117455542">
        <ele>1091</ele>
        <time>2026-07-27T18:14:42.000Z</time>
      </trkpt>
      <trkpt lat="50.354204596951604" lon="87.38116513006389">
        <ele>1088.6</ele>
        <time>2026-07-27T18:14:51.000Z</time>
      </trkpt>
      <trkpt lat="50.353941321372986" lon="87.3826131876558">
        <ele>1086.8</ele>
        <time>2026-07-27T18:15:04.000Z</time>
      </trkpt>
      <trkpt lat="50.35363412462175" lon="87.38387282006443">
        <ele>1086.6</ele>
        <time>2026-07-27T18:15:21.000Z</time>
      </trkpt>
      <trkpt lat="50.35335140302777" lon="87.38500806502998">
        <ele>1086.8</ele>
        <time>2026-07-27T18:15:37.000Z</time>
      </trkpt>
      <trkpt lat="50.35306633450091" lon="87.3860496841371">
        <ele>1087.2</ele>
        <time>2026-07-27T18:15:53.000Z</time>
      </trkpt>
      <trkpt lat="50.3528717905283" lon="87.38705249503255">
        <ele>1088</ele>
        <time>2026-07-27T18:16:09.000Z</time>
      </trkpt>
      <trkpt lat="50.35284396260977" lon="87.38813669420779">
        <ele>1088.2</ele>
        <time>2026-07-27T18:16:25.000Z</time>
      </trkpt>
      <trkpt lat="50.35280297510326" lon="87.38926447927952">
        <ele>1088.6</ele>
        <time>2026-07-27T18:16:41.000Z</time>
      </trkpt>
      <trkpt lat="50.352671798318624" lon="87.39016159437597">
        <ele>1089.4</ele>
        <time>2026-07-27T18:16:57.000Z</time>
      </trkpt>
      <trkpt lat="50.35241489298642" lon="87.39106667228043">
        <ele>1089.6</ele>
        <time>2026-07-27T18:17:13.000Z</time>
      </trkpt>
      <trkpt lat="50.35209696739912" lon="87.39189019426703">
        <ele>1090</ele>
        <time>2026-07-27T18:17:29.000Z</time>
      </trkpt>
      <trkpt lat="50.35175557248294" lon="87.39270307123661">
        <ele>1091</ele>
        <time>2026-07-27T18:17:46.000Z</time>
      </trkpt>
      <trkpt lat="50.35144720226526" lon="87.39357302896678">
        <ele>1091</ele>
        <time>2026-07-27T18:18:01.000Z</time>
      </trkpt>
      <trkpt lat="50.3513881098479" lon="87.39457491785288">
        <ele>1091.4</ele>
        <time>2026-07-27T18:18:16.000Z</time>
      </trkpt>
      <trkpt lat="50.35139188170433" lon="87.39551905542612">
        <ele>1092</ele>
        <time>2026-07-27T18:18:32.000Z</time>
      </trkpt>
      <trkpt lat="50.35137679427862" lon="87.39645120687783">
        <ele>1092.2</ele>
        <time>2026-07-27T18:18:48.000Z</time>
      </trkpt>
      <trkpt lat="50.35137042403221" lon="87.39729652181268">
        <ele>1093</ele>
        <time>2026-07-27T18:19:04.000Z</time>
      </trkpt>
      <trkpt lat="50.35136455669999" lon="87.39786640740931">
        <ele>1094.2</ele>
        <time>2026-07-27T18:19:20.000Z</time>
      </trkpt>
      <trkpt lat="50.35136313177645" lon="87.39823361858726">
        <ele>1096</ele>
        <time>2026-07-27T18:19:36.000Z</time>
      </trkpt>
      <trkpt lat="50.3513587731868" lon="87.39858649671078">
        <ele>1098</ele>
        <time>2026-07-27T18:19:52.000Z</time>
      </trkpt>
      <trkpt lat="50.351350056007504" lon="87.39892671816051">
        <ele>1099.8</ele>
        <time>2026-07-27T18:20:09.000Z</time>
      </trkpt>
      <trkpt lat="50.35135801881552" lon="87.3992673587054">
        <ele>1101.4</ele>
        <time>2026-07-27T18:20:25.000Z</time>
      </trkpt>
      <trkpt lat="50.35138048231602" lon="87.3996489867568">
        <ele>1102.6</ele>
        <time>2026-07-27T18:20:41.000Z</time>
      </trkpt>
      <trkpt lat="50.35142356529832" lon="87.40010496228933">
        <ele>1103.4</ele>
        <time>2026-07-27T18:20:57.000Z</time>
      </trkpt>
      <trkpt lat="50.35147410817444" lon="87.40059739910066">
        <ele>1104</ele>
        <time>2026-07-27T18:21:13.000Z</time>
      </trkpt>
      <trkpt lat="50.351526914164424" lon="87.40114440210164">
        <ele>1104.8</ele>
        <time>2026-07-27T18:21:29.000Z</time>
      </trkpt>
      <trkpt lat="50.35160436294973" lon="87.40165326744318">
        <ele>1105</ele>
        <time>2026-07-27T18:21:45.000Z</time>
      </trkpt>
      <trkpt lat="50.351813323795795" lon="87.40237528458238">
        <ele>1104.2</ele>
        <time>2026-07-27T18:22:01.000Z</time>
      </trkpt>
      <trkpt lat="50.35187568515539" lon="87.40306561812758">
        <ele>1103.6</ele>
        <time>2026-07-27T18:22:15.000Z</time>
      </trkpt>
      <trkpt lat="50.35191558301449" lon="87.4036431312561">
        <ele>1104.2</ele>
        <time>2026-07-27T18:22:32.000Z</time>
      </trkpt>
      <trkpt lat="50.351950619369745" lon="87.4040644057095">
        <ele>1105.6</ele>
        <time>2026-07-27T18:22:48.000Z</time>
      </trkpt>
      <trkpt lat="50.35196403041482" lon="87.40447855554521">
        <ele>1107</ele>
        <time>2026-07-27T18:23:04.000Z</time>
      </trkpt>
      <trkpt lat="50.3519703168422" lon="87.40482757799327">
        <ele>1108.8</ele>
        <time>2026-07-27T18:23:20.000Z</time>
      </trkpt>
      <trkpt lat="50.3519597556442" lon="87.4051162507385">
        <ele>1110.4</ele>
        <time>2026-07-27T18:23:36.000Z</time>
      </trkpt>
      <trkpt lat="50.35195489414036" lon="87.40540768951178">
        <ele>1112</ele>
        <time>2026-07-27T18:23:52.000Z</time>
      </trkpt>
      <trkpt lat="50.35193947143853" lon="87.40569141693413">
        <ele>1113.8</ele>
        <time>2026-07-27T18:24:08.000Z</time>
      </trkpt>
      <trkpt lat="50.351923294365406" lon="87.40601043216884">
        <ele>1115.4</ele>
        <time>2026-07-27T18:24:24.000Z</time>
      </trkpt>
      <trkpt lat="50.351906614378095" lon="87.40645341575146">
        <ele>1115.8</ele>
        <time>2026-07-27T18:24:40.000Z</time>
      </trkpt>
      <trkpt lat="50.35178281366825" lon="87.40750718861818">
        <ele>1114.2</ele>
        <time>2026-07-27T18:24:57.000Z</time>
      </trkpt>
      <trkpt lat="50.351616432890296" lon="87.40818100981414">
        <ele>1115.2</ele>
        <time>2026-07-27T18:25:13.000Z</time>
      </trkpt>
      <trkpt lat="50.351458098739386" lon="87.40879188291728">
        <ele>1115.2</ele>
        <time>2026-07-27T18:25:29.000Z</time>
      </trkpt>
      <trkpt lat="50.351088205352426" lon="87.41008931770921">
        <ele>1112.2</ele>
        <time>2026-07-27T18:25:45.000Z</time>
      </trkpt>
      <trkpt lat="50.35071806050837" lon="87.41134895011783">
        <ele>1112</ele>
        <time>2026-07-27T18:26:01.000Z</time>
      </trkpt>
      <trkpt lat="50.350439278408885" lon="87.41213383153081">
        <ele>1113</ele>
        <time>2026-07-27T18:26:17.000Z</time>
      </trkpt>
      <trkpt lat="50.35015068948269" lon="87.41273615509272">
        <ele>1113.2</ele>
        <time>2026-07-27T18:26:33.000Z</time>
      </trkpt>
      <trkpt lat="50.349890096113086" lon="87.4134861677885">
        <ele>1113.6</ele>
        <time>2026-07-27T18:26:49.000Z</time>
      </trkpt>
      <trkpt lat="50.34966948442161" lon="87.41429602727294">
        <ele>1113.6</ele>
        <time>2026-07-27T18:27:06.000Z</time>
      </trkpt>
      <trkpt lat="50.349301770329475" lon="87.4152254126966">
        <ele>1112.6</ele>
        <time>2026-07-27T18:27:22.000Z</time>
      </trkpt>
      <trkpt lat="50.3485837765038" lon="87.41644606925547">
        <ele>1109.8</ele>
        <time>2026-07-27T18:27:38.000Z</time>
      </trkpt>
      <trkpt lat="50.348018081858754" lon="87.41712567396462">
        <ele>1110.8</ele>
        <time>2026-07-27T18:27:54.000Z</time>
      </trkpt>
      <trkpt lat="50.34745875746012" lon="87.41775155067444">
        <ele>1110.2</ele>
        <time>2026-07-27T18:28:10.000Z</time>
      </trkpt>
      <trkpt lat="50.346725173294544" lon="87.41827122867107">
        <ele>1108.4</ele>
        <time>2026-07-27T18:28:24.000Z</time>
      </trkpt>
      <trkpt lat="50.345718087628484" lon="87.41968433372676">
        <ele>1104.4</ele>
        <time>2026-07-27T18:28:40.000Z</time>
      </trkpt>
      <trkpt lat="50.34525423310697" lon="87.42039838805795">
        <ele>1106.6</ele>
        <time>2026-07-27T18:28:56.000Z</time>
      </trkpt>
      <trkpt lat="50.34503052011132" lon="87.42079242132604">
        <ele>1108.4</ele>
        <time>2026-07-27T18:29:12.000Z</time>
      </trkpt>
      <trkpt lat="50.344743356108665" lon="87.4212778173387">
        <ele>1109</ele>
        <time>2026-07-27T18:29:29.000Z</time>
      </trkpt>
      <trkpt lat="50.344432387501" lon="87.42205842398107">
        <ele>1108.8</ele>
        <time>2026-07-27T18:29:45.000Z</time>
      </trkpt>
      <trkpt lat="50.34414270892739" lon="87.42310381494462">
        <ele>1107.8</ele>
        <time>2026-07-27T18:30:01.000Z</time>
      </trkpt>
      <trkpt lat="50.343754291534424" lon="87.42458330467343">
        <ele>1105.2</ele>
        <time>2026-07-27T18:30:17.000Z</time>
      </trkpt>
      <trkpt lat="50.34340803511441" lon="87.42599632591009">
        <ele>1105</ele>
        <time>2026-07-27T18:30:33.000Z</time>
      </trkpt>
      <trkpt lat="50.34321575425565" lon="87.42710391059518">
        <ele>1105.8</ele>
        <time>2026-07-27T18:30:49.000Z</time>
      </trkpt>
      <trkpt lat="50.34307577647269" lon="87.42813270539045">
        <ele>1106.4</ele>
        <time>2026-07-27T18:31:05.000Z</time>
      </trkpt>
      <trkpt lat="50.34300000406802" lon="87.42905530147254">
        <ele>1106.8</ele>
        <time>2026-07-27T18:31:21.000Z</time>
      </trkpt>
      <trkpt lat="50.342995980754495" lon="87.43003640323877">
        <ele>1106.6</ele>
        <time>2026-07-27T18:31:37.000Z</time>
      </trkpt>
      <trkpt lat="50.34295557998121" lon="87.43106310255826">
        <ele>1107</ele>
        <time>2026-07-27T18:31:54.000Z</time>
      </trkpt>
      <trkpt lat="50.3428905364126" lon="87.43194932118058">
        <ele>1108.2</ele>
        <time>2026-07-27T18:32:10.000Z</time>
      </trkpt>
      <trkpt lat="50.3428368922323" lon="87.4327202886343">
        <ele>1109.2</ele>
        <time>2026-07-27T18:32:26.000Z</time>
      </trkpt>
      <trkpt lat="50.34284980036318" lon="87.43348480202258">
        <ele>1109.8</ele>
        <time>2026-07-27T18:32:42.000Z</time>
      </trkpt>
      <trkpt lat="50.3429835755378" lon="87.43417245335877">
        <ele>1110.8</ele>
        <time>2026-07-27T18:32:58.000Z</time>
      </trkpt>
      <trkpt lat="50.343142161145806" lon="87.43484191596508">
        <ele>1111.4</ele>
        <time>2026-07-27T18:33:14.000Z</time>
      </trkpt>
      <trkpt lat="50.34325716085732" lon="87.43546678684652">
        <ele>1112.6</ele>
        <time>2026-07-27T18:33:30.000Z</time>
      </trkpt>
      <trkpt lat="50.3432996571064" lon="87.43583290837705">
        <ele>1113.6</ele>
        <time>2026-07-27T18:35:35.000Z</time>
      </trkpt>
      <trkpt lat="50.34333502873778" lon="87.43629382923245">
        <ele>1115.2</ele>
        <time>2026-07-27T18:35:51.000Z</time>
      </trkpt>
      <trkpt lat="50.34331742674112" lon="87.43677729740739">
        <ele>1116.2</ele>
        <time>2026-07-27T18:36:07.000Z</time>
      </trkpt>
      <trkpt lat="50.34329337067902" lon="87.43739345110953">
        <ele>1116.2</ele>
        <time>2026-07-27T18:36:23.000Z</time>
      </trkpt>
      <trkpt lat="50.34328029491007" lon="87.43806576356292">
        <ele>1116.4</ele>
        <time>2026-07-27T18:36:40.000Z</time>
      </trkpt>
      <trkpt lat="50.34326998516917" lon="87.43879389949143">
        <ele>1117.2</ele>
        <time>2026-07-27T18:36:56.000Z</time>
      </trkpt>
      <trkpt lat="50.343248108401895" lon="87.43951407261193">
        <ele>1117.6</ele>
        <time>2026-07-27T18:37:12.000Z</time>
      </trkpt>
      <trkpt lat="50.34322841092944" lon="87.44027640670538">
        <ele>1118</ele>
        <time>2026-07-27T18:37:28.000Z</time>
      </trkpt>
      <trkpt lat="50.34321717917919" lon="87.44087671861053">
        <ele>1119.6</ele>
        <time>2026-07-27T18:37:44.000Z</time>
      </trkpt>
      <trkpt lat="50.34322053194046" lon="87.44138918817043">
        <ele>1120.8</ele>
        <time>2026-07-27T18:38:00.000Z</time>
      </trkpt>
      <trkpt lat="50.343229584395885" lon="87.44197516702116">
        <ele>1121.8</ele>
        <time>2026-07-27T18:38:16.000Z</time>
      </trkpt>
      <trkpt lat="50.34322287887335" lon="87.44261579588056">
        <ele>1122.2</ele>
        <time>2026-07-27T18:38:32.000Z</time>
      </trkpt>
      <trkpt lat="50.3431788738817" lon="87.44341819547117">
        <ele>1122.2</ele>
        <time>2026-07-27T18:38:48.000Z</time>
      </trkpt>
      <trkpt lat="50.343125984072685" lon="87.4442386161536">
        <ele>1122.4</ele>
        <time>2026-07-27T18:39:05.000Z</time>
      </trkpt>
      <trkpt lat="50.34304861910641" lon="87.44498485699296">
        <ele>1123.2</ele>
        <time>2026-07-27T18:39:21.000Z</time>
      </trkpt>
      <trkpt lat="50.34293512813747" lon="87.44564677588642">
        <ele>1124</ele>
        <time>2026-07-27T18:39:37.000Z</time>
      </trkpt>
      <trkpt lat="50.34277788363397" lon="87.44628698565066">
        <ele>1124.6</ele>
        <time>2026-07-27T18:39:53.000Z</time>
      </trkpt>
      <trkpt lat="50.34254226833582" lon="87.44688671082258">
        <ele>1124.8</ele>
        <time>2026-07-27T18:40:09.000Z</time>
      </trkpt>
      <trkpt lat="50.34232593141496" lon="87.44734888896346">
        <ele>1125</ele>
        <time>2026-07-27T18:40:25.000Z</time>
      </trkpt>
      <trkpt lat="50.34205821342766" lon="87.44787158444524">
        <ele>1125.6</ele>
        <time>2026-07-27T18:40:41.000Z</time>
      </trkpt>
      <trkpt lat="50.34187498502433" lon="87.44822597131133">
        <ele>1126</ele>
        <time>2026-07-27T18:41:46.000Z</time>
      </trkpt>
      <trkpt lat="50.34159033559263" lon="87.44875009171665">
        <ele>1126.4</ele>
        <time>2026-07-27T18:42:02.000Z</time>
      </trkpt>
      <trkpt lat="50.34135648049414" lon="87.44915870949626">
        <ele>1126.8</ele>
        <time>2026-07-27T18:42:18.000Z</time>
      </trkpt>
      <trkpt lat="50.341094210743904" lon="87.44963807053864">
        <ele>1127.2</ele>
        <time>2026-07-27T18:42:34.000Z</time>
      </trkpt>
      <trkpt lat="50.340782990679145" lon="87.45018381625414">
        <ele>1128</ele>
        <time>2026-07-27T18:42:50.000Z</time>
      </trkpt>
      <trkpt lat="50.340480990707874" lon="87.45071866549551">
        <ele>1129</ele>
        <time>2026-07-27T18:43:06.000Z</time>
      </trkpt>
      <trkpt lat="50.34020279534161" lon="87.45122057385743">
        <ele>1129.8</ele>
        <time>2026-07-27T18:43:22.000Z</time>
      </trkpt>
      <trkpt lat="50.3399168048054" lon="87.45172717608511">
        <ele>1130.2</ele>
        <time>2026-07-27T18:43:38.000Z</time>
      </trkpt>
      <trkpt lat="50.339609356597066" lon="87.45228147134185">
        <ele>1130.4</ele>
        <time>2026-07-27T18:43:55.000Z</time>
      </trkpt>
      <trkpt lat="50.33931163139641" lon="87.45281816460192">
        <ele>1130.8</ele>
        <time>2026-07-27T18:44:11.000Z</time>
      </trkpt>
      <trkpt lat="50.33901097252965" lon="87.45334329083562">
        <ele>1131.4</ele>
        <time>2026-07-27T18:44:27.000Z</time>
      </trkpt>
      <trkpt lat="50.33872741274536" lon="87.45384662412107">
        <ele>1132</ele>
        <time>2026-07-27T18:44:43.000Z</time>
      </trkpt>
      <trkpt lat="50.33843966200948" lon="87.4543575849384">
        <ele>1132.6</ele>
        <time>2026-07-27T18:44:59.000Z</time>
      </trkpt>
      <trkpt lat="50.338167836889625" lon="87.45485287159681">
        <ele>1133.4</ele>
        <time>2026-07-27T18:45:15.000Z</time>
      </trkpt>
      <trkpt lat="50.33799550496042" lon="87.45514229871333">
        <ele>1135</ele>
        <time>2026-07-27T18:45:31.000Z</time>
      </trkpt>
      <trkpt lat="50.337882433086634" lon="87.45537783019245">
        <ele>1136.8</ele>
        <time>2026-07-27T18:45:47.000Z</time>
      </trkpt>
      <trkpt lat="50.33777086995542" lon="87.45559701696038">
        <ele>1138.4</ele>
        <time>2026-07-27T18:46:03.000Z</time>
      </trkpt>
      <trkpt lat="50.337643129751086" lon="87.45582215487957">
        <ele>1139.8</ele>
        <time>2026-07-27T18:46:20.000Z</time>
      </trkpt>
      <trkpt lat="50.337502313777804" lon="87.45605802163482">
        <ele>1141</ele>
        <time>2026-07-27T18:46:36.000Z</time>
      </trkpt>
      <trkpt lat="50.33733417280018" lon="87.45631995610893">
        <ele>1141.8</ele>
        <time>2026-07-27T18:46:52.000Z</time>
      </trkpt>
      <trkpt lat="50.33706787973642" lon="87.45659320615232">
        <ele>1142.2</ele>
        <time>2026-07-27T18:47:08.000Z</time>
      </trkpt>
      <trkpt lat="50.336819691583514" lon="87.45678020641208">
        <ele>1141.8</ele>
        <time>2026-07-27T18:47:22.000Z</time>
      </trkpt>
      <trkpt lat="50.33636991865933" lon="87.45717331767082">
        <ele>1140.2</ele>
        <time>2026-07-27T18:48:11.000Z</time>
      </trkpt>
      <trkpt lat="50.33572065643966" lon="87.45773800648749">
        <ele>1135.8</ele>
        <time>2026-07-27T18:48:26.000Z</time>
      </trkpt>
      <trkpt lat="50.33508882857859" lon="87.45833622291684">
        <ele>1130.8</ele>
        <time>2026-07-27T18:48:35.000Z</time>
      </trkpt>
      <trkpt lat="50.33434610813856" lon="87.45874215848744">
        <ele>1126.8</ele>
        <time>2026-07-27T18:48:43.000Z</time>
      </trkpt>
      <trkpt lat="50.33325679600239" lon="87.45992031879723">
        <ele>1123.2</ele>
        <time>2026-07-27T18:48:57.000Z</time>
      </trkpt>
      <trkpt lat="50.33260275609791" lon="87.46091173030436">
        <ele>1123.6</ele>
        <time>2026-07-27T18:49:13.000Z</time>
      </trkpt>
      <trkpt lat="50.33213261514902" lon="87.4616729747504">
        <ele>1124.2</ele>
        <time>2026-07-27T18:49:29.000Z</time>
      </trkpt>
      <trkpt lat="50.3317815810442" lon="87.46225702576339">
        <ele>1125</ele>
        <time>2026-07-27T18:49:45.000Z</time>
      </trkpt>
      <trkpt lat="50.33157547004521" lon="87.46258928440511">
        <ele>1126.6</ele>
        <time>2026-07-27T18:50:01.000Z</time>
      </trkpt>
      <trkpt lat="50.33139701932669" lon="87.46285901404917">
        <ele>1128.2</ele>
        <time>2026-07-27T18:50:17.000Z</time>
      </trkpt>
      <trkpt lat="50.331243462860584" lon="87.46311407536268">
        <ele>1129.6</ele>
        <time>2026-07-27T18:50:33.000Z</time>
      </trkpt>
      <trkpt lat="50.33111119642854" lon="87.46345295570791">
        <ele>1130.8</ele>
        <time>2026-07-27T18:50:49.000Z</time>
      </trkpt>
      <trkpt lat="50.33105118200183" lon="87.46360667981207">
        <ele>1131.2</ele>
        <time>2026-07-27T18:51:00.000Z</time>
      </trkpt>
      <trkpt lat="50.33090332522988" lon="87.4640459753573">
        <ele>1132</ele>
        <time>2026-07-27T18:51:32.000Z</time>
      </trkpt>
      <trkpt lat="50.33076678402722" lon="87.46444629505277">
        <ele>1132.6</ele>
        <time>2026-07-27T18:51:48.000Z</time>
      </trkpt>
      <trkpt lat="50.33060719259083" lon="87.46490428224206">
        <ele>1133.2</ele>
        <time>2026-07-27T18:52:04.000Z</time>
      </trkpt>
      <trkpt lat="50.330488588660955" lon="87.46528616175056">
        <ele>1133</ele>
        <time>2026-07-27T18:52:49.000Z</time>
      </trkpt>
      <trkpt lat="50.33015666529536" lon="87.46654537506402">
        <ele>1130</ele>
        <time>2026-07-27T18:53:05.000Z</time>
      </trkpt>
      <trkpt lat="50.32984519377351" lon="87.46779209934175">
        <ele>1127.2</ele>
        <time>2026-07-27T18:53:18.000Z</time>
      </trkpt>
      <trkpt lat="50.329833291471004" lon="87.46867312118411">
        <ele>1126.8</ele>
        <time>2026-07-27T18:53:29.000Z</time>
      </trkpt>
      <trkpt lat="50.329820131883025" lon="87.46937552466989">
        <ele>1127.8</ele>
        <time>2026-07-27T18:53:45.000Z</time>
      </trkpt>
      <trkpt lat="50.32981711439788" lon="87.46995236724615">
        <ele>1128.2</ele>
        <time>2026-07-27T18:54:01.000Z</time>
      </trkpt>
      <trkpt lat="50.32976623624563" lon="87.47057321481407">
        <ele>1128.4</ele>
        <time>2026-07-27T18:54:17.000Z</time>
      </trkpt>
      <trkpt lat="50.32957881689072" lon="87.4711497221142">
        <ele>1129</ele>
        <time>2026-07-27T18:54:33.000Z</time>
      </trkpt>
      <trkpt lat="50.3294381685555" lon="87.47151819057763">
        <ele>1130.6</ele>
        <time>2026-07-27T18:54:49.000Z</time>
      </trkpt>
      <trkpt lat="50.3293068241328" lon="87.47192949056625">
        <ele>1132</ele>
        <time>2026-07-27T18:55:05.000Z</time>
      </trkpt>
      <trkpt lat="50.32922375947237" lon="87.47239099815488">
        <ele>1132.8</ele>
        <time>2026-07-27T18:55:21.000Z</time>
      </trkpt>
      <trkpt lat="50.32917749136686" lon="87.47293531894684">
        <ele>1133</ele>
        <time>2026-07-27T18:55:38.000Z</time>
      </trkpt>
      <trkpt lat="50.329143796116114" lon="87.47364501468837">
        <ele>1132.8</ele>
        <time>2026-07-27T18:55:54.000Z</time>
      </trkpt>
      <trkpt lat="50.32909518107772" lon="87.47454531490803">
        <ele>1132.8</ele>
        <time>2026-07-27T18:56:10.000Z</time>
      </trkpt>
      <trkpt lat="50.32904673367739" lon="87.47536456212401">
        <ele>1134.4</ele>
        <time>2026-07-27T18:56:26.000Z</time>
      </trkpt>
      <trkpt lat="50.329005997627974" lon="87.4760545603931">
        <ele>1135.2</ele>
        <time>2026-07-27T18:56:42.000Z</time>
      </trkpt>
      <trkpt lat="50.32899987883866" lon="87.47668378986418">
        <ele>1136</ele>
        <time>2026-07-27T18:56:58.000Z</time>
      </trkpt>
      <trkpt lat="50.32905369065702" lon="87.47725753113627">
        <ele>1136.8</ele>
        <time>2026-07-27T18:57:14.000Z</time>
      </trkpt>
      <trkpt lat="50.329168355092406" lon="87.47779221273959">
        <ele>1137.4</ele>
        <time>2026-07-27T18:57:30.000Z</time>
      </trkpt>
      <trkpt lat="50.32929232344031" lon="87.47830132953823">
        <ele>1138.2</ele>
        <time>2026-07-27T18:57:46.000Z</time>
      </trkpt>
      <trkpt lat="50.329430624842644" lon="87.47880759648979">
        <ele>1139</ele>
        <time>2026-07-27T18:58:03.000Z</time>
      </trkpt>
      <trkpt lat="50.329580157995224" lon="87.47934286482632">
        <ele>1139.4</ele>
        <time>2026-07-27T18:58:19.000Z</time>
      </trkpt>
      <trkpt lat="50.32973740249872" lon="87.47990311123431">
        <ele>1139.6</ele>
        <time>2026-07-27T18:58:35.000Z</time>
      </trkpt>
      <trkpt lat="50.32989330589771" lon="87.4804750084877">
        <ele>1140.4</ele>
        <time>2026-07-27T18:58:51.000Z</time>
      </trkpt>
      <trkpt lat="50.330042503774166" lon="87.4810170661658">
        <ele>1141.2</ele>
        <time>2026-07-27T18:59:07.000Z</time>
      </trkpt>
      <trkpt lat="50.3301911149174" lon="87.48158158734441">
        <ele>1141.8</ele>
        <time>2026-07-27T18:59:23.000Z</time>
      </trkpt>
      <trkpt lat="50.33032623119652" lon="87.48222338967025">
        <ele>1141.8</ele>
        <time>2026-07-27T18:59:39.000Z</time>
      </trkpt>
      <trkpt lat="50.33040183596313" lon="87.48283610679209">
        <ele>1143.2</ele>
        <time>2026-07-27T18:59:55.000Z</time>
      </trkpt>
      <trkpt lat="50.33043410629034" lon="87.48340900987387">
        <ele>1143.8</ele>
        <time>2026-07-27T19:00:11.000Z</time>
      </trkpt>
      <trkpt lat="50.33046939410269" lon="87.48402155935764">
        <ele>1143.6</ele>
        <time>2026-07-27T19:00:28.000Z</time>
      </trkpt>
      <trkpt lat="50.330514991655946" lon="87.48479956761003">
        <ele>1143.2</ele>
        <time>2026-07-27T19:00:44.000Z</time>
      </trkpt>
      <trkpt lat="50.33053711988032" lon="87.48519770801067">
        <ele>1144.6</ele>
        <time>2026-07-27T19:01:00.000Z</time>
      </trkpt>
      <trkpt lat="50.330558996647596" lon="87.4855313077569">
        <ele>1146.4</ele>
        <time>2026-07-27T19:01:16.000Z</time>
      </trkpt>
      <trkpt lat="50.33057232387364" lon="87.48585359193385">
        <ele>1148.2</ele>
        <time>2026-07-27T19:01:32.000Z</time>
      </trkpt>
      <trkpt lat="50.33058347180486" lon="87.48616196215153">
        <ele>1149.2</ele>
        <time>2026-07-27T19:01:48.000Z</time>
      </trkpt>
      <trkpt lat="50.33059713430703" lon="87.48647779226303">
        <ele>1150.8</ele>
        <time>2026-07-27T19:02:04.000Z</time>
      </trkpt>
      <trkpt lat="50.330586824566126" lon="87.4868196900934">
        <ele>1152</ele>
        <time>2026-07-27T19:02:20.000Z</time>
      </trkpt>
      <trkpt lat="50.330556482076645" lon="87.4871801957488">
        <ele>1153</ele>
        <time>2026-07-27T19:02:36.000Z</time>
      </trkpt>
      <trkpt lat="50.33046646043658" lon="87.48754950240254">
        <ele>1153.6</ele>
        <time>2026-07-27T19:02:53.000Z</time>
      </trkpt>
      <trkpt lat="50.33029907383025" lon="87.48797496780753">
        <ele>1154.4</ele>
        <time>2026-07-27T19:03:09.000Z</time>
      </trkpt>
      <trkpt lat="50.33012581989169" lon="87.48837880790234">
        <ele>1154.6</ele>
        <time>2026-07-27T19:03:25.000Z</time>
      </trkpt>
      <trkpt lat="50.329918367788196" lon="87.48883905820549">
        <ele>1154.8</ele>
        <time>2026-07-27T19:03:41.000Z</time>
      </trkpt>
      <trkpt lat="50.32972558401525" lon="87.48926293104887">
        <ele>1155.6</ele>
        <time>2026-07-27T19:03:57.000Z</time>
      </trkpt>
      <trkpt lat="50.32950907945633" lon="87.48973650857806">
        <ele>1156</ele>
        <time>2026-07-27T19:04:13.000Z</time>
      </trkpt>
      <trkpt lat="50.32927522435784" lon="87.49027286656201">
        <ele>1156.8</ele>
        <time>2026-07-27T19:04:29.000Z</time>
      </trkpt>
      <trkpt lat="50.32906207256019" lon="87.49074392952025">
        <ele>1157.2</ele>
        <time>2026-07-27T19:04:45.000Z</time>
      </trkpt>
      <trkpt lat="50.32883785665035" lon="87.49122605659068">
        <ele>1158</ele>
        <time>2026-07-27T19:05:01.000Z</time>
      </trkpt>
      <trkpt lat="50.328610287979245" lon="87.49174917116761">
        <ele>1158.8</ele>
        <time>2026-07-27T19:05:18.000Z</time>
      </trkpt>
      <trkpt lat="50.32838523387909" lon="87.49224345199764">
        <ele>1159.6</ele>
        <time>2026-07-27T19:05:34.000Z</time>
      </trkpt>
      <trkpt lat="50.32815456390381" lon="87.49275147914886">
        <ele>1160.2</ele>
        <time>2026-07-27T19:05:50.000Z</time>
      </trkpt>
      <trkpt lat="50.327933533117175" lon="87.4932455085218">
        <ele>1161.2</ele>
        <time>2026-07-27T19:06:06.000Z</time>
      </trkpt>
      <trkpt lat="50.32772742211819" lon="87.49372377991676">
        <ele>1162.4</ele>
        <time>2026-07-27T19:06:22.000Z</time>
      </trkpt>
      <trkpt lat="50.327518125995994" lon="87.49419517815113">
        <ele>1163</ele>
        <time>2026-07-27T19:06:38.000Z</time>
      </trkpt>
      <trkpt lat="50.327277230098844" lon="87.49474880285561">
        <ele>1163.2</ele>
        <time>2026-07-27T19:06:54.000Z</time>
      </trkpt>
      <trkpt lat="50.326973805204034" lon="87.49542530626059">
        <ele>1162.4</ele>
        <time>2026-07-27T19:07:10.000Z</time>
      </trkpt>
      <trkpt lat="50.32669653184712" lon="87.49602972529829">
        <ele>1163.6</ele>
        <time>2026-07-27T19:07:26.000Z</time>
      </trkpt>
      <trkpt lat="50.326431496068835" lon="87.49660992063582">
        <ele>1163.8</ele>
        <time>2026-07-27T19:07:43.000Z</time>
      </trkpt>
      <trkpt lat="50.326163778081536" lon="87.49720050953329">
        <ele>1164.2</ele>
        <time>2026-07-27T19:07:59.000Z</time>
      </trkpt>
      <trkpt lat="50.325913075357676" lon="87.49775958247483">
        <ele>1165</ele>
        <time>2026-07-27T19:08:15.000Z</time>
      </trkpt>
      <trkpt lat="50.325678968802094" lon="87.49828563071787">
        <ele>1165.6</ele>
        <time>2026-07-27T19:08:31.000Z</time>
      </trkpt>
      <trkpt lat="50.32543723471463" lon="87.49882031232119">
        <ele>1166.4</ele>
        <time>2026-07-27T19:08:47.000Z</time>
      </trkpt>
      <trkpt lat="50.32520782202482" lon="87.4993327818811">
        <ele>1167.2</ele>
        <time>2026-07-27T19:09:03.000Z</time>
      </trkpt>
      <trkpt lat="50.32494563609362" lon="87.49993996694684">
        <ele>1168.2</ele>
        <time>2026-07-27T19:09:19.000Z</time>
      </trkpt>
      <trkpt lat="50.32471127808094" lon="87.50052787363529">
        <ele>1168.8</ele>
        <time>2026-07-27T19:09:35.000Z</time>
      </trkpt>
      <trkpt lat="50.32454120926559" lon="87.50097555108368">
        <ele>1169.8</ele>
        <time>2026-07-27T19:09:51.000Z</time>
      </trkpt>
      <trkpt lat="50.32438572496176" lon="87.50139389187098">
        <ele>1171.4</ele>
        <time>2026-07-27T19:10:08.000Z</time>
      </trkpt>
      <trkpt lat="50.32422496005893" lon="87.5018281582743">
        <ele>1172.6</ele>
        <time>2026-07-27T19:10:24.000Z</time>
      </trkpt>
      <trkpt lat="50.32401658594608" lon="87.5023993011564">
        <ele>1173</ele>
        <time>2026-07-27T19:10:40.000Z</time>
      </trkpt>
      <trkpt lat="50.32379220239818" lon="87.50300841405988">
        <ele>1173.4</ele>
        <time>2026-07-27T19:10:56.000Z</time>
      </trkpt>
      <trkpt lat="50.323573434725404" lon="87.50360880978405">
        <ele>1173.6</ele>
        <time>2026-07-27T19:11:12.000Z</time>
      </trkpt>
      <trkpt lat="50.32334938645363" lon="87.50421959906816">
        <ele>1174.2</ele>
        <time>2026-07-27T19:11:28.000Z</time>
      </trkpt>
      <trkpt lat="50.32308368012309" lon="87.50494019128382">
        <ele>1174.4</ele>
        <time>2026-07-27T19:11:44.000Z</time>
      </trkpt>
      <trkpt lat="50.322828870266676" lon="87.50564452260733">
        <ele>1174</ele>
        <time>2026-07-27T19:12:00.000Z</time>
      </trkpt>
      <trkpt lat="50.32263080589473" lon="87.50619102269411">
        <ele>1174.6</ele>
        <time>2026-07-27T19:12:16.000Z</time>
      </trkpt>
      <trkpt lat="50.322458473965526" lon="87.50662981532514">
        <ele>1175.4</ele>
        <time>2026-07-27T19:12:33.000Z</time>
      </trkpt>
      <trkpt lat="50.32229167409241" lon="87.50714672729373">
        <ele>1176.2</ele>
        <time>2026-07-27T19:12:49.000Z</time>
      </trkpt>
      <trkpt lat="50.32205899246037" lon="87.50768719241023">
        <ele>1177</ele>
        <time>2026-07-27T19:13:05.000Z</time>
      </trkpt>
      <trkpt lat="50.32180678099394" lon="87.50816789455712">
        <ele>1177.8</ele>
        <time>2026-07-27T19:13:21.000Z</time>
      </trkpt>
      <trkpt lat="50.321702091023326" lon="87.5088459905237">
        <ele>1177.6</ele>
        <time>2026-07-27T19:13:35.000Z</time>
      </trkpt>
      <trkpt lat="50.32179429195821" lon="87.50997511669993">
        <ele>1175.4</ele>
        <time>2026-07-27T19:13:51.000Z</time>
      </trkpt>
      <trkpt lat="50.32182882539928" lon="87.51150540076196">
        <ele>1174.6</ele>
        <time>2026-07-27T19:14:07.000Z</time>
      </trkpt>
      <trkpt lat="50.32182932831347" lon="87.51223320141435">
        <ele>1176.4</ele>
        <time>2026-07-27T19:14:23.000Z</time>
      </trkpt>
      <trkpt lat="50.321825221180916" lon="87.51268699765205">
        <ele>1177.2</ele>
        <time>2026-07-27T19:14:40.000Z</time>
      </trkpt>
      <trkpt lat="50.32179789617658" lon="87.51323592849076">
        <ele>1177.6</ele>
        <time>2026-07-27T19:14:56.000Z</time>
      </trkpt>
      <trkpt lat="50.32174928113818" lon="87.51381101086736">
        <ele>1178.4</ele>
        <time>2026-07-27T19:15:12.000Z</time>
      </trkpt>
      <trkpt lat="50.32170770689845" lon="87.51430227421224">
        <ele>1179.4</ele>
        <time>2026-07-27T19:15:28.000Z</time>
      </trkpt>
      <trkpt lat="50.32166462391615" lon="87.51480200327933">
        <ele>1180.4</ele>
        <time>2026-07-27T19:15:44.000Z</time>
      </trkpt>
      <trkpt lat="50.32160930335522" lon="87.51532729715109">
        <ele>1181</ele>
        <time>2026-07-27T19:16:00.000Z</time>
      </trkpt>
      <trkpt lat="50.32155280932784" lon="87.51584655605257">
        <ele>1181.4</ele>
        <time>2026-07-27T19:16:16.000Z</time>
      </trkpt>
      <trkpt lat="50.321493884548545" lon="87.51641870476305">
        <ele>1182.6</ele>
        <time>2026-07-27T19:16:32.000Z</time>
      </trkpt>
      <trkpt lat="50.32143663614988" lon="87.51694852486253">
        <ele>1183.6</ele>
        <time>2026-07-27T19:16:48.000Z</time>
      </trkpt>
      <trkpt lat="50.3214031085372" lon="87.5172106269747">
        <ele>1184.6</ele>
        <time>2026-07-27T19:16:59.000Z</time>
      </trkpt>
      <trkpt lat="50.321397576481104" lon="87.51752972602844">
        <ele>1185.4</ele>
        <time>2026-07-27T19:19:48.000Z</time>
      </trkpt>
      <trkpt lat="50.32137913629413" lon="87.51796122640371">
        <ele>1186.6</ele>
        <time>2026-07-27T19:20:04.000Z</time>
      </trkpt>
      <trkpt lat="50.3213856741786" lon="87.51841351389885">
        <ele>1187.6</ele>
        <time>2026-07-27T19:20:20.000Z</time>
      </trkpt>
      <trkpt lat="50.321384081617" lon="87.51895456574857">
        <ele>1188</ele>
        <time>2026-07-27T19:20:36.000Z</time>
      </trkpt>
      <trkpt lat="50.32130780629814" lon="87.51947642304003">
        <ele>1188.6</ele>
        <time>2026-07-27T19:20:52.000Z</time>
      </trkpt>
      <trkpt lat="50.3212094027549" lon="87.51994991675019">
        <ele>1189.4</ele>
        <time>2026-07-27T19:21:08.000Z</time>
      </trkpt>
      <trkpt lat="50.32109876163304" lon="87.52046749927104">
        <ele>1190</ele>
        <time>2026-07-27T19:21:24.000Z</time>
      </trkpt>
      <trkpt lat="50.321004716679454" lon="87.52093529328704">
        <ele>1190.8</ele>
        <time>2026-07-27T19:21:40.000Z</time>
      </trkpt>
      <trkpt lat="50.320915365591645" lon="87.52133720554411">
        <ele>1192.2</ele>
        <time>2026-07-27T19:21:57.000Z</time>
      </trkpt>
      <trkpt lat="50.3208330553025" lon="87.5216973759234">
        <ele>1193.6</ele>
        <time>2026-07-27T19:22:13.000Z</time>
      </trkpt>
      <trkpt lat="50.32076331786811" lon="87.52204908058047">
        <ele>1194.8</ele>
        <time>2026-07-27T19:22:29.000Z</time>
      </trkpt>
      <trkpt lat="50.320702381432056" lon="87.52238318324089">
        <ele>1196</ele>
        <time>2026-07-27T19:22:45.000Z</time>
      </trkpt>
      <trkpt lat="50.32064798288047" lon="87.52275911159813">
        <ele>1197</ele>
        <time>2026-07-27T19:23:01.000Z</time>
      </trkpt>
      <trkpt lat="50.320585034787655" lon="87.52314149402082">
        <ele>1197.8</ele>
        <time>2026-07-27T19:23:17.000Z</time>
      </trkpt>
      <trkpt lat="50.32052426598966" lon="87.52352865412831">
        <ele>1199</ele>
        <time>2026-07-27T19:23:33.000Z</time>
      </trkpt>
      <trkpt lat="50.32046123407781" lon="87.52391531132162">
        <ele>1200</ele>
        <time>2026-07-27T19:23:49.000Z</time>
      </trkpt>
      <trkpt lat="50.32039811834693" lon="87.52428629435599">
        <ele>1201.2</ele>
        <time>2026-07-27T19:24:05.000Z</time>
      </trkpt>
      <trkpt lat="50.32032687216997" lon="87.52467789687216">
        <ele>1202.2</ele>
        <time>2026-07-27T19:24:22.000Z</time>
      </trkpt>
      <trkpt lat="50.3202563803643" lon="87.52508073113859">
        <ele>1203.2</ele>
        <time>2026-07-27T19:24:38.000Z</time>
      </trkpt>
      <trkpt lat="50.320184798911214" lon="87.52551399171352">
        <ele>1204.2</ele>
        <time>2026-07-27T19:24:54.000Z</time>
      </trkpt>
      <trkpt lat="50.320130567997694" lon="87.52596418373287">
        <ele>1204.8</ele>
        <time>2026-07-27T19:25:10.000Z</time>
      </trkpt>
      <trkpt lat="50.32007843255997" lon="87.52655200660229">
        <ele>1205.4</ele>
        <time>2026-07-27T19:25:26.000Z</time>
      </trkpt>
      <trkpt lat="50.320029901340604" lon="87.52718701958656">
        <ele>1206</ele>
        <time>2026-07-27T19:25:42.000Z</time>
      </trkpt>
      <trkpt lat="50.31998296268284" lon="87.52781465649605">
        <ele>1206.6</ele>
        <time>2026-07-27T19:25:58.000Z</time>
      </trkpt>
      <trkpt lat="50.31993585638702" lon="87.52841731533408">
        <ele>1207</ele>
        <time>2026-07-27T19:26:14.000Z</time>
      </trkpt>
      <trkpt lat="50.3198610059917" lon="87.52901553176343">
        <ele>1207.8</ele>
        <time>2026-07-27T19:26:30.000Z</time>
      </trkpt>
      <trkpt lat="50.31967392191291" lon="87.5294694956392">
        <ele>1208.4</ele>
        <time>2026-07-27T19:26:47.000Z</time>
      </trkpt>
      <trkpt lat="50.31938625499606" lon="87.52990300767124">
        <ele>1208.6</ele>
        <time>2026-07-27T19:27:03.000Z</time>
      </trkpt>
      <trkpt lat="50.319088362157345" lon="87.53034481778741">
        <ele>1209</ele>
        <time>2026-07-27T19:27:19.000Z</time>
      </trkpt>
      <trkpt lat="50.318779489025474" lon="87.53078956156969">
        <ele>1208.8</ele>
        <time>2026-07-27T19:27:35.000Z</time>
      </trkpt>
      <trkpt lat="50.318489810451865" lon="87.53117395564914">
        <ele>1209.4</ele>
        <time>2026-07-27T19:27:51.000Z</time>
      </trkpt>
      <trkpt lat="50.318259224295616" lon="87.5314191263169">
        <ele>1210.8</ele>
        <time>2026-07-27T19:28:07.000Z</time>
      </trkpt>
      <trkpt lat="50.318057388067245" lon="87.5315401609987">
        <ele>1212.6</ele>
        <time>2026-07-27T19:28:23.000Z</time>
      </trkpt>
      <trkpt lat="50.317848678678274" lon="87.53165532834828">
        <ele>1213.8</ele>
        <time>2026-07-27T19:28:39.000Z</time>
      </trkpt>
      <trkpt lat="50.31763879582286" lon="87.53180176019669">
        <ele>1215.2</ele>
        <time>2026-07-27T19:28:55.000Z</time>
      </trkpt>
      <trkpt lat="50.317452969029546" lon="87.53203008323908">
        <ele>1216.4</ele>
        <time>2026-07-27T19:29:12.000Z</time>
      </trkpt>
      <trkpt lat="50.31731307506561" lon="87.53236971795559">
        <ele>1217.2</ele>
        <time>2026-07-27T19:29:28.000Z</time>
      </trkpt>
      <trkpt lat="50.317200757563114" lon="87.53283089026809">
        <ele>1217.4</ele>
        <time>2026-07-27T19:29:44.000Z</time>
      </trkpt>
      <trkpt lat="50.317129008471966" lon="87.53336180001497">
        <ele>1217.2</ele>
        <time>2026-07-27T19:30:00.000Z</time>
      </trkpt>
      <trkpt lat="50.317068826407194" lon="87.53388256765902">
        <ele>1217.8</ele>
        <time>2026-07-27T19:30:16.000Z</time>
      </trkpt>
      <trkpt lat="50.3170149307698" lon="87.53435681574047">
        <ele>1219</ele>
        <time>2026-07-27T19:30:32.000Z</time>
      </trkpt>
      <trkpt lat="50.31696606427431" lon="87.53479569219053">
        <ele>1220</ele>
        <time>2026-07-27T19:30:48.000Z</time>
      </trkpt>
      <trkpt lat="50.31691920943558" lon="87.53522652201355">
        <ele>1221</ele>
        <time>2026-07-27T19:31:04.000Z</time>
      </trkpt>
      <trkpt lat="50.3168751206249" lon="87.53563689999282">
        <ele>1222</ele>
        <time>2026-07-27T19:31:21.000Z</time>
      </trkpt>
      <trkpt lat="50.31683010980487" lon="87.53604417666793">
        <ele>1223.4</ele>
        <time>2026-07-27T19:31:37.000Z</time>
      </trkpt>
      <trkpt lat="50.31679205596447" lon="87.53641633316875">
        <ele>1224.8</ele>
        <time>2026-07-27T19:31:53.000Z</time>
      </trkpt>
      <trkpt lat="50.31675601378083" lon="87.536789663136">
        <ele>1226.2</ele>
        <time>2026-07-27T19:32:09.000Z</time>
      </trkpt>
      <trkpt lat="50.316728353500366" lon="87.53720490261912">
        <ele>1226.6</ele>
        <time>2026-07-27T19:32:25.000Z</time>
      </trkpt>
      <trkpt lat="50.316718965768814" lon="87.53764076158404">
        <ele>1227.4</ele>
        <time>2026-07-27T19:32:41.000Z</time>
      </trkpt>
      <trkpt lat="50.31672567129135" lon="87.53808139823377">
        <ele>1228.4</ele>
        <time>2026-07-27T19:32:57.000Z</time>
      </trkpt>
      <trkpt lat="50.31677587889135" lon="87.5385584961623">
        <ele>1229.2</ele>
        <time>2026-07-27T19:33:13.000Z</time>
      </trkpt>
      <trkpt lat="50.316836815327406" lon="87.5390003900975">
        <ele>1230</ele>
        <time>2026-07-27T19:33:29.000Z</time>
      </trkpt>
      <trkpt lat="50.31690579839051" lon="87.53945217467844">
        <ele>1230.6</ele>
        <time>2026-07-27T19:33:46.000Z</time>
      </trkpt>
      <trkpt lat="50.31693655997515" lon="87.53992700949311">
        <ele>1231.6</ele>
        <time>2026-07-27T19:34:02.000Z</time>
      </trkpt>
      <trkpt lat="50.31691233627498" lon="87.54040821455419">
        <ele>1232.6</ele>
        <time>2026-07-27T19:34:18.000Z</time>
      </trkpt>
      <trkpt lat="50.31685559079051" lon="87.54087449982762">
        <ele>1233.6</ele>
        <time>2026-07-27T19:34:34.000Z</time>
      </trkpt>
      <trkpt lat="50.316796666011214" lon="87.54131069406867">
        <ele>1234.2</ele>
        <time>2026-07-27T19:34:50.000Z</time>
      </trkpt>
      <trkpt lat="50.316714607179165" lon="87.54196875728667">
        <ele>1233.8</ele>
        <time>2026-07-27T19:35:06.000Z</time>
      </trkpt>
      <trkpt lat="50.31659952364862" lon="87.54283997230232">
        <ele>1233.4</ele>
        <time>2026-07-27T19:35:22.000Z</time>
      </trkpt>
      <trkpt lat="50.316515285521746" lon="87.54349359311163">
        <ele>1234</ele>
        <time>2026-07-27T19:35:38.000Z</time>
      </trkpt>
      <trkpt lat="50.31643347814679" lon="87.54413958638906">
        <ele>1235.2</ele>
        <time>2026-07-27T19:35:54.000Z</time>
      </trkpt>
      <trkpt lat="50.31635426916182" lon="87.54472858272493">
        <ele>1236.2</ele>
        <time>2026-07-27T19:36:11.000Z</time>
      </trkpt>
      <trkpt lat="50.31628201715648" lon="87.54530567675829">
        <ele>1237.2</ele>
        <time>2026-07-27T19:36:27.000Z</time>
      </trkpt>
      <trkpt lat="50.316211357712746" lon="87.54587086848915">
        <ele>1238</ele>
        <time>2026-07-27T19:36:43.000Z</time>
      </trkpt>
      <trkpt lat="50.31612946651876" lon="87.54646816290915">
        <ele>1239</ele>
        <time>2026-07-27T19:36:59.000Z</time>
      </trkpt>
      <trkpt lat="50.316056376323104" lon="87.54699999466538">
        <ele>1240</ele>
        <time>2026-07-27T19:37:15.000Z</time>
      </trkpt>
      <trkpt lat="50.31597993336618" lon="87.54754716530442">
        <ele>1240.8</ele>
        <time>2026-07-27T19:37:31.000Z</time>
      </trkpt>
      <trkpt lat="50.31592763029039" lon="87.54795628599823">
        <ele>1241.6</ele>
        <time>2026-07-27T19:37:47.000Z</time>
      </trkpt>
      <trkpt lat="50.31586107797921" lon="87.54846146330237">
        <ele>1242</ele>
        <time>2026-07-27T19:38:03.000Z</time>
      </trkpt>
      <trkpt lat="50.31578689813614" lon="87.5491024274379">
        <ele>1243</ele>
        <time>2026-07-27T19:38:19.000Z</time>
      </trkpt>
      <trkpt lat="50.31571959145367" lon="87.54967675544322">
        <ele>1244.2</ele>
        <time>2026-07-27T19:38:36.000Z</time>
      </trkpt>
      <trkpt lat="50.315651865676045" lon="87.5502235069871">
        <ele>1245</ele>
        <time>2026-07-27T19:38:52.000Z</time>
      </trkpt>
      <trkpt lat="50.31558271497488" lon="87.55077537149191">
        <ele>1246</ele>
        <time>2026-07-27T19:39:08.000Z</time>
      </trkpt>
      <trkpt lat="50.31552420929074" lon="87.55127317272127">
        <ele>1247</ele>
        <time>2026-07-27T19:39:24.000Z</time>
      </trkpt>
      <trkpt lat="50.315453968942165" lon="87.55179771222174">
        <ele>1248</ele>
        <time>2026-07-27T19:39:40.000Z</time>
      </trkpt>
      <trkpt lat="50.315383560955524" lon="87.55237128585577">
        <ele>1249</ele>
        <time>2026-07-27T19:39:56.000Z</time>
      </trkpt>
      <trkpt lat="50.31531675718725" lon="87.55287051200867">
        <ele>1250</ele>
        <time>2026-07-27T19:40:12.000Z</time>
      </trkpt>
      <trkpt lat="50.31524802558124" lon="87.55343385972083">
        <ele>1250.8</ele>
        <time>2026-07-27T19:40:28.000Z</time>
      </trkpt>
      <trkpt lat="50.31518499366939" lon="87.55390936508775">
        <ele>1251.8</ele>
        <time>2026-07-27T19:40:44.000Z</time>
      </trkpt>
      <trkpt lat="50.31511886045337" lon="87.5544111058116">
        <ele>1252.6</ele>
        <time>2026-07-27T19:41:01.000Z</time>
      </trkpt>
      <trkpt lat="50.31505708582699" lon="87.55491150543094">
        <ele>1253.6</ele>
        <time>2026-07-27T19:41:17.000Z</time>
      </trkpt>
      <trkpt lat="50.31498592346907" lon="87.55543537437916">
        <ele>1254.4</ele>
        <time>2026-07-27T19:41:33.000Z</time>
      </trkpt>
      <trkpt lat="50.314921801909804" lon="87.5559619255364">
        <ele>1255</ele>
        <time>2026-07-27T19:41:49.000Z</time>
      </trkpt>
      <trkpt lat="50.31484971754253" lon="87.55649442784488">
        <ele>1255.8</ele>
        <time>2026-07-27T19:42:05.000Z</time>
      </trkpt>
      <trkpt lat="50.3147872723639" lon="87.55699725821614">
        <ele>1257</ele>
        <time>2026-07-27T19:42:21.000Z</time>
      </trkpt>
      <trkpt lat="50.3147130087018" lon="87.55749698728323">
        <ele>1258</ele>
        <time>2026-07-27T19:42:37.000Z</time>
      </trkpt>
      <trkpt lat="50.31463966704905" lon="87.5580978859216">
        <ele>1258.6</ele>
        <time>2026-07-27T19:42:53.000Z</time>
      </trkpt>
      <trkpt lat="50.31458686105907" lon="87.55860666744411">
        <ele>1259.6</ele>
        <time>2026-07-27T19:43:09.000Z</time>
      </trkpt>
      <trkpt lat="50.31455316580832" lon="87.55915727466345">
        <ele>1260.8</ele>
        <time>2026-07-27T19:43:26.000Z</time>
      </trkpt>
      <trkpt lat="50.314548471942544" lon="87.55972766317427">
        <ele>1262</ele>
        <time>2026-07-27T19:43:42.000Z</time>
      </trkpt>
      <trkpt lat="50.314592057839036" lon="87.56030190736055">
        <ele>1262.8</ele>
        <time>2026-07-27T19:43:58.000Z</time>
      </trkpt>
      <trkpt lat="50.31466162763536" lon="87.56091671995819">
        <ele>1263.2</ele>
        <time>2026-07-27T19:44:14.000Z</time>
      </trkpt>
      <trkpt lat="50.31474435701966" lon="87.56157805211842">
        <ele>1263.6</ele>
        <time>2026-07-27T19:44:30.000Z</time>
      </trkpt>
      <trkpt lat="50.314827086403966" lon="87.56223301403224">
        <ele>1264.2</ele>
        <time>2026-07-27T19:44:46.000Z</time>
      </trkpt>
      <trkpt lat="50.31489162705839" lon="87.56279761902988">
        <ele>1265</ele>
        <time>2026-07-27T19:45:02.000Z</time>
      </trkpt>
      <trkpt lat="50.314966309815645" lon="87.56339197978377">
        <ele>1265.8</ele>
        <time>2026-07-27T19:45:18.000Z</time>
      </trkpt>
      <trkpt lat="50.31505113467574" lon="87.56389330141246">
        <ele>1267</ele>
        <time>2026-07-27T19:45:34.000Z</time>
      </trkpt>
      <trkpt lat="50.31514543108642" lon="87.56451540626585">
        <ele>1267.4</ele>
        <time>2026-07-27T19:45:51.000Z</time>
      </trkpt>
      <trkpt lat="50.315198823809624" lon="87.5651194062084">
        <ele>1268</ele>
        <time>2026-07-27T19:46:07.000Z</time>
      </trkpt>
      <trkpt lat="50.3150946367532" lon="87.56571653299034">
        <ele>1268.8</ele>
        <time>2026-07-27T19:46:23.000Z</time>
      </trkpt>
      <trkpt lat="50.314926663413644" lon="87.56623218767345">
        <ele>1270</ele>
        <time>2026-07-27T19:46:39.000Z</time>
      </trkpt>
      <trkpt lat="50.314772771671414" lon="87.56670568138361">
        <ele>1271.4</ele>
        <time>2026-07-27T19:46:55.000Z</time>
      </trkpt>
      <trkpt lat="50.31463195569813" lon="87.56710960529745">
        <ele>1272.4</ele>
        <time>2026-07-27T19:47:11.000Z</time>
      </trkpt>
      <trkpt lat="50.31446867622435" lon="87.56751637905836">
        <ele>1273.4</ele>
        <time>2026-07-27T19:47:27.000Z</time>
      </trkpt>
      <trkpt lat="50.314264576882124" lon="87.56796766072512">
        <ele>1274.8</ele>
        <time>2026-07-27T19:47:43.000Z</time>
      </trkpt>
      <trkpt lat="50.31407187692821" lon="87.56837032735348">
        <ele>1276</ele>
        <time>2026-07-27T19:48:00.000Z</time>
      </trkpt>
      <trkpt lat="50.31386316753924" lon="87.56877508945763">
        <ele>1277</ele>
        <time>2026-07-27T19:48:16.000Z</time>
      </trkpt>
      <trkpt lat="50.313632832840085" lon="87.56913115270436">
        <ele>1277.6</ele>
        <time>2026-07-27T19:48:32.000Z</time>
      </trkpt>
      <trkpt lat="50.313392858952284" lon="87.56950741633773">
        <ele>1278.4</ele>
        <time>2026-07-27T19:48:48.000Z</time>
      </trkpt>
      <trkpt lat="50.31318683177233" lon="87.56990916095674">
        <ele>1279.4</ele>
        <time>2026-07-27T19:49:04.000Z</time>
      </trkpt>
      <trkpt lat="50.31304442323744" lon="87.57035809569061">
        <ele>1280.2</ele>
        <time>2026-07-27T19:49:20.000Z</time>
      </trkpt>
      <trkpt lat="50.312890615314245" lon="87.5708486046642">
        <ele>1281</ele>
        <time>2026-07-27T19:49:36.000Z</time>
      </trkpt>
      <trkpt lat="50.31269581988454" lon="87.5713914167136">
        <ele>1281.6</ele>
        <time>2026-07-27T19:49:52.000Z</time>
      </trkpt>
      <trkpt lat="50.3125165309757" lon="87.57190589793026">
        <ele>1282.2</ele>
        <time>2026-07-27T19:50:08.000Z</time>
      </trkpt>
      <trkpt lat="50.312373619526625" lon="87.57244217209518">
        <ele>1283.4</ele>
        <time>2026-07-27T19:50:25.000Z</time>
      </trkpt>
      <trkpt lat="50.31226012855768" lon="87.57286151871085">
        <ele>1285.4</ele>
        <time>2026-07-27T19:50:41.000Z</time>
      </trkpt>
      <trkpt lat="50.31212409026921" lon="87.57331749424338">
        <ele>1286.4</ele>
        <time>2026-07-27T19:50:57.000Z</time>
      </trkpt>
      <trkpt lat="50.31195268034935" lon="87.57385628297925">
        <ele>1286.8</ele>
        <time>2026-07-27T19:51:13.000Z</time>
      </trkpt>
      <trkpt lat="50.31177490018308" lon="87.57441912777722">
        <ele>1287.2</ele>
        <time>2026-07-27T19:51:29.000Z</time>
      </trkpt>
      <trkpt lat="50.31163475476205" lon="87.57489010691643">
        <ele>1288</ele>
        <time>2026-07-27T19:51:45.000Z</time>
      </trkpt>
      <trkpt lat="50.311501482501626" lon="87.57535488344729">
        <ele>1288.8</ele>
        <time>2026-07-27T19:52:01.000Z</time>
      </trkpt>
      <trkpt lat="50.31135211698711" lon="87.5758742261678">
        <ele>1289.8</ele>
        <time>2026-07-27T19:52:17.000Z</time>
      </trkpt>
      <trkpt lat="50.31118473038077" lon="87.5764234084636">
        <ele>1291</ele>
        <time>2026-07-27T19:52:33.000Z</time>
      </trkpt>
      <trkpt lat="50.31103251501918" lon="87.57692498154938">
        <ele>1292.4</ele>
        <time>2026-07-27T19:52:50.000Z</time>
      </trkpt>
      <trkpt lat="50.31089773401618" lon="87.57737559266388">
        <ele>1293.4</ele>
        <time>2026-07-27T19:53:06.000Z</time>
      </trkpt>
      <trkpt lat="50.310770496726036" lon="87.57781228981912">
        <ele>1294.4</ele>
        <time>2026-07-27T19:53:22.000Z</time>
      </trkpt>
      <trkpt lat="50.3106549102813" lon="87.5782570336014">
        <ele>1295.2</ele>
        <time>2026-07-27T19:53:38.000Z</time>
      </trkpt>
      <trkpt lat="50.31055851839483" lon="87.57873706519604">
        <ele>1296.4</ele>
        <time>2026-07-27T19:53:54.000Z</time>
      </trkpt>
      <trkpt lat="50.31048081815243" lon="87.57923939265311">
        <ele>1297.8</ele>
        <time>2026-07-27T19:54:10.000Z</time>
      </trkpt>
      <trkpt lat="50.31043656170368" lon="87.57967977784574">
        <ele>1299.4</ele>
        <time>2026-07-27T19:54:26.000Z</time>
      </trkpt>
      <trkpt lat="50.310392305254936" lon="87.58015888743103">
        <ele>1300.4</ele>
        <time>2026-07-27T19:54:42.000Z</time>
      </trkpt>
      <trkpt lat="50.31035198830068" lon="87.58063791319728">
        <ele>1300.8</ele>
        <time>2026-07-27T19:54:58.000Z</time>
      </trkpt>
      <trkpt lat="50.31031049787998" lon="87.58111786097288">
        <ele>1301.6</ele>
        <time>2026-07-27T19:55:15.000Z</time>
      </trkpt>
      <trkpt lat="50.310273533686996" lon="87.58158045820892">
        <ele>1302.8</ele>
        <time>2026-07-27T19:55:31.000Z</time>
      </trkpt>
      <trkpt lat="50.31023480929434" lon="87.58204171434045">
        <ele>1303.6</ele>
        <time>2026-07-27T19:55:47.000Z</time>
      </trkpt>
      <trkpt lat="50.31018761917949" lon="87.58246055804193">
        <ele>1304.4</ele>
        <time>2026-07-27T19:56:03.000Z</time>
      </trkpt>
      <trkpt lat="50.310173789039254" lon="87.5827612169087">
        <ele>1305</ele>
        <time>2026-07-27T19:56:38.000Z</time>
      </trkpt>
      <trkpt lat="50.31013196334243" lon="87.58326278999448">
        <ele>1305.8</ele>
        <time>2026-07-27T19:56:54.000Z</time>
      </trkpt>
      <trkpt lat="50.310080498456955" lon="87.58384021930397">
        <ele>1306.8</ele>
        <time>2026-07-27T19:57:10.000Z</time>
      </trkpt>
      <trkpt lat="50.31004252843559" lon="87.58428228087723">
        <ele>1307.6</ele>
        <time>2026-07-27T19:57:26.000Z</time>
      </trkpt>
      <trkpt lat="50.31000095419586" lon="87.58477882482111">
        <ele>1308.4</ele>
        <time>2026-07-27T19:57:43.000Z</time>
      </trkpt>
      <trkpt lat="50.30996046960354" lon="87.58525927551091">
        <ele>1309</ele>
        <time>2026-07-27T19:57:59.000Z</time>
      </trkpt>
      <trkpt lat="50.30991856008768" lon="87.58573746308684">
        <ele>1309.8</ele>
        <time>2026-07-27T19:58:15.000Z</time>
      </trkpt>
      <trkpt lat="50.30987690202892" lon="87.58620517328382">
        <ele>1310.8</ele>
        <time>2026-07-27T19:58:31.000Z</time>
      </trkpt>
      <trkpt lat="50.30984077602625" lon="87.58665712550282">
        <ele>1311.2</ele>
        <time>2026-07-27T19:58:47.000Z</time>
      </trkpt>
      <trkpt lat="50.30981596559286" lon="87.5870228279382">
        <ele>1311.8</ele>
        <time>2026-07-27T20:00:44.000Z</time>
      </trkpt>
      <trkpt lat="50.30977229587734" lon="87.58751375600696">
        <ele>1312.8</ele>
        <time>2026-07-27T20:01:00.000Z</time>
      </trkpt>
      <trkpt lat="50.309725776314735" lon="87.58803217671812">
        <ele>1313.8</ele>
        <time>2026-07-27T20:01:16.000Z</time>
      </trkpt>
      <trkpt lat="50.30967925675213" lon="87.58860130794346">
        <ele>1315</ele>
        <time>2026-07-27T20:01:32.000Z</time>
      </trkpt>
      <trkpt lat="50.30962871387601" lon="87.58917815051973">
        <ele>1316.2</ele>
        <time>2026-07-27T20:01:48.000Z</time>
      </trkpt>
      <trkpt lat="50.30958076938987" lon="87.58968123234808">
        <ele>1317.2</ele>
        <time>2026-07-27T20:02:04.000Z</time>
      </trkpt>
      <trkpt lat="50.30953290872276" lon="87.59020568802953">
        <ele>1317.8</ele>
        <time>2026-07-27T20:02:21.000Z</time>
      </trkpt>
      <trkpt lat="50.30947716906667" lon="87.59081362746656">
        <ele>1318.6</ele>
        <time>2026-07-27T20:02:37.000Z</time>
      </trkpt>
      <trkpt lat="50.30942855402827" lon="87.59135166183114">
        <ele>1319.2</ele>
        <time>2026-07-27T20:02:53.000Z</time>
      </trkpt>
      <trkpt lat="50.309375915676355" lon="87.59194375947118">
        <ele>1319.8</ele>
        <time>2026-07-27T20:03:09.000Z</time>
      </trkpt>
      <trkpt lat="50.30932763591409" lon="87.59253510273993">
        <ele>1320.8</ele>
        <time>2026-07-27T20:03:25.000Z</time>
      </trkpt>
      <trkpt lat="50.30927600339055" lon="87.59308721870184">
        <ele>1321.2</ele>
        <time>2026-07-27T20:03:41.000Z</time>
      </trkpt>
      <trkpt lat="50.30922336503863" lon="87.59368141181767">
        <ele>1322</ele>
        <time>2026-07-27T20:03:57.000Z</time>
      </trkpt>
      <trkpt lat="50.309168295934796" lon="87.5943067856133">
        <ele>1322.8</ele>
        <time>2026-07-27T20:04:13.000Z</time>
      </trkpt>
      <trkpt lat="50.309117836877704" lon="87.59498136118054">
        <ele>1323.8</ele>
        <time>2026-07-27T20:04:29.000Z</time>
      </trkpt>
      <trkpt lat="50.309063605964184" lon="87.59572215378284">
        <ele>1324.6</ele>
        <time>2026-07-27T20:04:46.000Z</time>
      </trkpt>
      <trkpt lat="50.3090039268136" lon="87.5963705778122">
        <ele>1325.2</ele>
        <time>2026-07-27T20:05:02.000Z</time>
      </trkpt>
      <trkpt lat="50.308948773890734" lon="87.597004333511">
        <ele>1326</ele>
        <time>2026-07-27T20:05:18.000Z</time>
      </trkpt>
      <trkpt lat="50.3088900167495" lon="87.59765242226422">
        <ele>1327</ele>
        <time>2026-07-27T20:05:34.000Z</time>
      </trkpt>
      <trkpt lat="50.308830169960856" lon="87.5982805620879">
        <ele>1327.2</ele>
        <time>2026-07-27T20:05:50.000Z</time>
      </trkpt>
      <trkpt lat="50.30868080444634" lon="87.59875732474029">
        <ele>1327.2</ele>
        <time>2026-07-27T20:06:06.000Z</time>
      </trkpt>
      <trkpt lat="50.30863017775118" lon="87.5989534612745">
        <ele>1326.8</ele>
        <time>2026-07-27T20:06:17.000Z</time>
      </trkpt>
      <trkpt lat="50.30852490104735" lon="87.5988625176251">
        <ele>1326.6</ele>
        <time>2026-07-27T20:06:23.000Z</time>
      </trkpt>
      <trkpt lat="50.308479722589254" lon="87.5990242883563">
        <ele>1326.6</ele>
        <time>2026-07-27T20:06:32.000Z</time>
      </trkpt>
      <trkpt lat="50.30859530903399" lon="87.598827900365">
        <ele>1326.8</ele>
        <time>2026-07-27T20:27:31.000Z</time>
      </trkpt>
      <trkpt lat="50.308664962649345" lon="87.59867945685983">
        <ele>1327</ele>
        <time>2026-07-27T20:27:45.000Z</time>
      </trkpt>
      <trkpt lat="50.308910300955176" lon="87.59891800582409">
        <ele>1327.8</ele>
        <time>2026-07-27T20:27:58.000Z</time>
      </trkpt>
      <trkpt lat="50.309210708364844" lon="87.59925831109285">
        <ele>1329</ele>
        <time>2026-07-27T20:28:14.000Z</time>
      </trkpt>
      <trkpt lat="50.30950566753745" lon="87.59952158667147">
        <ele>1330.4</ele>
        <time>2026-07-27T20:28:30.000Z</time>
      </trkpt>
      <trkpt lat="50.30978159978986" lon="87.59982467629015">
        <ele>1331.6</ele>
        <time>2026-07-27T20:28:46.000Z</time>
      </trkpt>
      <trkpt lat="50.310037080198526" lon="87.6000798214227">
        <ele>1332.8</ele>
        <time>2026-07-27T20:29:02.000Z</time>
      </trkpt>
      <trkpt lat="50.31031812541187" lon="87.6003557536751">
        <ele>1334.2</ele>
        <time>2026-07-27T20:29:18.000Z</time>
      </trkpt>
      <trkpt lat="50.31057477928698" lon="87.6006078813225">
        <ele>1335.4</ele>
        <time>2026-07-27T20:29:35.000Z</time>
      </trkpt>
      <trkpt lat="50.31084576621652" lon="87.60085749439895">
        <ele>1336.4</ele>
        <time>2026-07-27T20:29:51.000Z</time>
      </trkpt>
      <trkpt lat="50.31114600598812" lon="87.60115345939994">
        <ele>1337.6</ele>
        <time>2026-07-27T20:30:07.000Z</time>
      </trkpt>
      <trkpt lat="50.31144850887358" lon="87.60145881213248">
        <ele>1339</ele>
        <time>2026-07-27T20:30:23.000Z</time>
      </trkpt>
      <trkpt lat="50.31172997318208" lon="87.60172996670008">
        <ele>1340.4</ele>
        <time>2026-07-27T20:30:39.000Z</time>
      </trkpt>
      <trkpt lat="50.31201428733766" lon="87.60199408046901">
        <ele>1341.6</ele>
        <time>2026-07-27T20:30:55.000Z</time>
      </trkpt>
      <trkpt lat="50.312311509624124" lon="87.6022987626493">
        <ele>1342.4</ele>
        <time>2026-07-27T20:31:11.000Z</time>
      </trkpt>
      <trkpt lat="50.31259825453162" lon="87.6025852560997">
        <ele>1343.6</ele>
        <time>2026-07-27T20:31:27.000Z</time>
      </trkpt>
      <trkpt lat="50.31271241605282" lon="87.60298691689968">
        <ele>1344.6</ele>
        <time>2026-07-27T20:31:40.000Z</time>
      </trkpt>
      <trkpt lat="50.31260789372027" lon="87.60341607034206">
        <ele>1345</ele>
        <time>2026-07-27T20:31:55.000Z</time>
      </trkpt>
      <trkpt lat="50.31261443160474" lon="87.60374531149864">
        <ele>1345</ele>
        <time>2026-07-27T20:32:07.000Z</time>
      </trkpt>
      <trkpt lat="50.31264888122678" lon="87.60389559902251">
        <ele>1345</ele>
        <time>2026-07-27T20:32:15.000Z</time>
      </trkpt>
      <trkpt lat="50.312602277845144" lon="87.60417966172099">
        <ele>1345.2</ele>
        <time>2026-07-27T20:41:43.000Z</time>
      </trkpt>
      <trkpt lat="50.31242709606886" lon="87.60438962839544">
        <ele>1345.2</ele>
        <time>2026-07-27T20:41:56.000Z</time>
      </trkpt>
      <trkpt lat="50.312312012538314" lon="87.60463882237673">
        <ele>1345</ele>
        <time>2026-07-27T20:42:08.000Z</time>
      </trkpt>
      <trkpt lat="50.312210926786065" lon="87.60486731305718">
        <ele>1344.4</ele>
        <time>2026-07-27T20:42:19.000Z</time>
      </trkpt>
      <trkpt lat="50.31184178777039" lon="87.60465642437339">
        <ele>1343.4</ele>
        <time>2026-07-27T20:42:44.000Z</time>
      </trkpt>
      <trkpt lat="50.31132537871599" lon="87.60442407801747">
        <ele>1341.8</ele>
        <time>2026-07-27T20:43:00.000Z</time>
      </trkpt>
      <trkpt lat="50.310739232227206" lon="87.60418175719678">
        <ele>1340.2</ele>
        <time>2026-07-27T20:43:16.000Z</time>
      </trkpt>
      <trkpt lat="50.310199689120054" lon="87.6039618998766">
        <ele>1338.2</ele>
        <time>2026-07-27T20:43:32.000Z</time>
      </trkpt>
      <trkpt lat="50.30954020097852" lon="87.60366568341851">
        <ele>1336</ele>
        <time>2026-07-27T20:43:49.000Z</time>
      </trkpt>
      <trkpt lat="50.30883578583598" lon="87.6034140586853">
        <ele>1333.8</ele>
        <time>2026-07-27T20:44:05.000Z</time>
      </trkpt>
      <trkpt lat="50.308510567992926" lon="87.60338958352804">
        <ele>1332.4</ele>
        <time>2026-07-27T20:44:14.000Z</time>
      </trkpt>
      <trkpt lat="50.30837486498058" lon="87.60381379164755">
        <ele>1331.8</ele>
        <time>2026-07-27T20:44:25.000Z</time>
      </trkpt>
      <trkpt lat="50.308316526934505" lon="87.60461753234267">
        <ele>1331.8</ele>
        <time>2026-07-27T20:44:41.000Z</time>
      </trkpt>
      <trkpt lat="50.30822197906673" lon="87.60569209232926">
        <ele>1331.4</ele>
        <time>2026-07-27T20:44:57.000Z</time>
      </trkpt>
      <trkpt lat="50.3081095777452" lon="87.60683672502637">
        <ele>1330.4</ele>
        <time>2026-07-27T20:45:13.000Z</time>
      </trkpt>
      <trkpt lat="50.308050904423" lon="87.60768857784569">
        <ele>1329.6</ele>
        <time>2026-07-27T20:45:28.000Z</time>
      </trkpt>
      <trkpt lat="50.30821183696389" lon="87.60767793282866">
        <ele>1329.6</ele>
        <time>2026-07-27T20:45:37.000Z</time>
      </trkpt>
      <trkpt lat="50.30820823274553" lon="87.6075620111078">
        <ele>1329.8</ele>
        <time>2026-07-27T20:56:17.000Z</time>
      </trkpt>
      <trkpt lat="50.30810488387942" lon="87.60782671160996">
        <ele>1329.6</ele>
        <time>2026-07-27T20:56:29.000Z</time>
      </trkpt>
      <trkpt lat="50.307996924966574" lon="87.60823457501829">
        <ele>1329.6</ele>
        <time>2026-07-27T20:56:39.000Z</time>
      </trkpt>
      <trkpt lat="50.307929115369916" lon="87.60916798375547">
        <ele>1329.2</ele>
        <time>2026-07-27T20:56:55.000Z</time>
      </trkpt>
      <trkpt lat="50.307841105386615" lon="87.61036902666092">
        <ele>1327.2</ele>
        <time>2026-07-27T20:57:11.000Z</time>
      </trkpt>
      <trkpt lat="50.30772007070482" lon="87.61187835596502">
        <ele>1325.6</ele>
        <time>2026-07-27T20:57:28.000Z</time>
      </trkpt>
      <trkpt lat="50.30760666355491" lon="87.61330839246511">
        <ele>1324</ele>
        <time>2026-07-27T20:57:44.000Z</time>
      </trkpt>
      <trkpt lat="50.307505493983626" lon="87.61472937650979">
        <ele>1322.8</ele>
        <time>2026-07-27T20:58:00.000Z</time>
      </trkpt>
      <trkpt lat="50.30741119757295" lon="87.61594416573644">
        <ele>1322.4</ele>
        <time>2026-07-27T20:58:16.000Z</time>
      </trkpt>
      <trkpt lat="50.30731706880033" lon="87.61691235937178">
        <ele>1322.6</ele>
        <time>2026-07-27T20:58:32.000Z</time>
      </trkpt>
      <trkpt lat="50.30720575712621" lon="87.61780335567892">
        <ele>1323.2</ele>
        <time>2026-07-27T20:58:48.000Z</time>
      </trkpt>
      <trkpt lat="50.30709461309016" lon="87.61861128732562">
        <ele>1324.4</ele>
        <time>2026-07-27T20:59:04.000Z</time>
      </trkpt>
      <trkpt lat="50.3069958742708" lon="87.61935300193727">
        <ele>1325.4</ele>
        <time>2026-07-27T20:59:20.000Z</time>
      </trkpt>
      <trkpt lat="50.306884311139584" lon="87.62021365575492">
        <ele>1325.6</ele>
        <time>2026-07-27T20:59:36.000Z</time>
      </trkpt>
      <trkpt lat="50.306765120476484" lon="87.62104933150113">
        <ele>1325.4</ele>
        <time>2026-07-27T20:59:53.000Z</time>
      </trkpt>
      <trkpt lat="50.306730000302196" lon="87.62152257375419">
        <ele>1325.8</ele>
        <time>2026-07-27T21:00:22.000Z</time>
      </trkpt>
      <trkpt lat="50.30679135583341" lon="87.6224874984473">
        <ele>1325.2</ele>
        <time>2026-07-27T21:00:38.000Z</time>
      </trkpt>
      <trkpt lat="50.30687391757965" lon="87.62361469678581">
        <ele>1324.2</ele>
        <time>2026-07-27T21:00:54.000Z</time>
      </trkpt>
      <trkpt lat="50.30694801360369" lon="87.62474709190428">
        <ele>1323.6</ele>
        <time>2026-07-27T21:01:10.000Z</time>
      </trkpt>
      <trkpt lat="50.3070130571723" lon="87.6256993599236">
        <ele>1324.2</ele>
        <time>2026-07-27T21:01:26.000Z</time>
      </trkpt>
      <trkpt lat="50.30707776546478" lon="87.62657962739468">
        <ele>1325.4</ele>
        <time>2026-07-27T21:01:42.000Z</time>
      </trkpt>
      <trkpt lat="50.307147754356265" lon="87.62729016132653">
        <ele>1327</ele>
        <time>2026-07-27T21:01:58.000Z</time>
      </trkpt>
      <trkpt lat="50.30732335522771" lon="87.62819037772715">
        <ele>1326.8</ele>
        <time>2026-07-27T21:02:15.000Z</time>
      </trkpt>
      <trkpt lat="50.307539692148566" lon="87.62934599071741">
        <ele>1325.2</ele>
        <time>2026-07-27T21:02:31.000Z</time>
      </trkpt>
      <trkpt lat="50.30783389694989" lon="87.63055985793471">
        <ele>1324.6</ele>
        <time>2026-07-27T21:02:47.000Z</time>
      </trkpt>
      <trkpt lat="50.30808418057859" lon="87.63160390779376">
        <ele>1325.2</ele>
        <time>2026-07-27T21:03:03.000Z</time>
      </trkpt>
      <trkpt lat="50.30830227769911" lon="87.63262348249555">
        <ele>1326.4</ele>
        <time>2026-07-27T21:03:19.000Z</time>
      </trkpt>
      <trkpt lat="50.308474861085415" lon="87.63350374996662">
        <ele>1327.4</ele>
        <time>2026-07-27T21:03:35.000Z</time>
      </trkpt>
      <trkpt lat="50.3085998352617" lon="87.63445107266307">
        <ele>1327.6</ele>
        <time>2026-07-27T21:03:51.000Z</time>
      </trkpt>
      <trkpt lat="50.308584328740835" lon="87.63529990799725">
        <ele>1327.2</ele>
        <time>2026-07-27T21:04:07.000Z</time>
      </trkpt>
      <trkpt lat="50.30857686884701" lon="87.63582930900156">
        <ele>1326.4</ele>
        <time>2026-07-27T21:04:23.000Z</time>
      </trkpt>
      <trkpt lat="50.3086035232991" lon="87.6364853605628">
        <ele>1326.2</ele>
        <time>2026-07-27T21:04:39.000Z</time>
      </trkpt>
      <trkpt lat="50.308601427823305" lon="87.63745347037911">
        <ele>1326.2</ele>
        <time>2026-07-27T21:04:55.000Z</time>
      </trkpt>
      <trkpt lat="50.30861928127706" lon="87.63835636898875">
        <ele>1326.8</ele>
        <time>2026-07-27T21:05:11.000Z</time>
      </trkpt>
      <trkpt lat="50.308665968477726" lon="87.63940125703812">
        <ele>1326.2</ele>
        <time>2026-07-27T21:05:27.000Z</time>
      </trkpt>
      <trkpt lat="50.308715756982565" lon="87.64058067463338">
        <ele>1325</ele>
        <time>2026-07-27T21:05:43.000Z</time>
      </trkpt>
      <trkpt lat="50.30867502093315" lon="87.64192773029208">
        <ele>1323.4</ele>
        <time>2026-07-27T21:05:59.000Z</time>
      </trkpt>
      <trkpt lat="50.308572594076395" lon="87.6430668309331">
        <ele>1323.4</ele>
        <time>2026-07-27T21:06:15.000Z</time>
      </trkpt>
      <trkpt lat="50.308400094509125" lon="87.64408607035875">
        <ele>1323.6</ele>
        <time>2026-07-27T21:06:31.000Z</time>
      </trkpt>
      <trkpt lat="50.30822457745671" lon="87.64497681520879">
        <ele>1324.2</ele>
        <time>2026-07-27T21:06:47.000Z</time>
      </trkpt>
      <trkpt lat="50.308055682107806" lon="87.64582648873329">
        <ele>1324.4</ele>
        <time>2026-07-27T21:07:04.000Z</time>
      </trkpt>
      <trkpt lat="50.307912016287446" lon="87.64660265296698">
        <ele>1325</ele>
        <time>2026-07-27T21:07:20.000Z</time>
      </trkpt>
      <trkpt lat="50.30778553336859" lon="87.64723506756127">
        <ele>1325.8</ele>
        <time>2026-07-27T21:07:36.000Z</time>
      </trkpt>
      <trkpt lat="50.30767078511417" lon="87.64779372140765">
        <ele>1326</ele>
        <time>2026-07-27T21:07:52.000Z</time>
      </trkpt>
      <trkpt lat="50.30761999078095" lon="87.6480467710644">
        <ele>1326.2</ele>
        <time>2026-07-27T21:08:04.000Z</time>
      </trkpt>
      <trkpt lat="50.30746886506677" lon="87.64802346937358">
        <ele>1324.2</ele>
        <time>2026-07-27T21:09:38.000Z</time>
      </trkpt>
      <trkpt lat="50.30734389089048" lon="87.64816805720329">
        <ele>1323.2</ele>
        <time>2026-07-27T21:09:54.000Z</time>
      </trkpt>
      <trkpt lat="50.307220509275794" lon="87.64829118736088">
        <ele>1322.6</ele>
        <time>2026-07-27T21:10:10.000Z</time>
      </trkpt>
      <trkpt lat="50.307117411866784" lon="87.6484093721956">
        <ele>1322.2</ele>
        <time>2026-07-27T21:10:25.000Z</time>
      </trkpt>
      <trkpt lat="50.307031916454434" lon="87.64843007549644">
        <ele>1321.8</ele>
        <time>2026-07-27T21:10:37.000Z</time>
      </trkpt>
      <trkpt lat="50.30702772550285" lon="87.64864029362798">
        <ele>1321.4</ele>
        <time>2026-07-27T21:16:31.000Z</time>
      </trkpt>
    </trkseg>
  </trk>
</gpx>