<?xml version="1.0" encoding="UTF-8"?>
<gpx creator="IGPSPORT" xmlns:xsi="http://www.w3.org/2001/XMLSchema-instance" schemaLocation="http://www.topografix.com/GPX/1/1 http://www.topografix.com/GPX/1/1/gpx.xsd" version="1.1" xmlns="http://www.topografix.com/GPX/1/1">
  <metadata>
    <time>2026-08-24T09:09:05.000Z</time>
    <link href="https://www.igpsport.cn/">
      <text>Велоспорт на свежем воздухе</text>
    </link>
  </metadata>
  <trk>
    <name>Велоспорт на свежем воздухе</name>
    <trkseg>
      <trkpt lat="45.6567672919482" lon="109.54493287950754">
        <ele>995.4</ele>
        <time>2026-08-24T09:09:05.000Z</time>
      </trkpt>
      <trkpt lat="45.65676310099661" lon="109.54507377929986">
        <ele>995.2</ele>
        <time>2026-08-24T09:12:14.000Z</time>
      </trkpt>
      <trkpt lat="45.656747510656714" lon="109.54525147564709">
        <ele>995.6</ele>
        <time>2026-08-24T09:12:28.000Z</time>
      </trkpt>
      <trkpt lat="45.656626392155886" lon="109.54530076123774">
        <ele>996.4</ele>
        <time>2026-08-24T09:12:56.000Z</time>
      </trkpt>
      <trkpt lat="45.656534023582935" lon="109.5453426707536">
        <ele>997.4</ele>
        <time>2026-08-24T09:13:08.000Z</time>
      </trkpt>
      <trkpt lat="45.656473925337195" lon="109.54535549506545">
        <ele>997.6</ele>
        <time>2026-08-24T09:13:29.000Z</time>
      </trkpt>
      <trkpt lat="45.65643075853586" lon="109.5453664753586">
        <ele>997.6</ele>
        <time>2026-08-24T09:13:31.000Z</time>
      </trkpt>
      <trkpt lat="45.656383065506816" lon="109.54537879675627">
        <ele>997.6</ele>
        <time>2026-08-24T09:13:33.000Z</time>
      </trkpt>
      <trkpt lat="45.656333193182945" lon="109.5453979074955">
        <ele>997.6</ele>
        <time>2026-08-24T09:13:35.000Z</time>
      </trkpt>
      <trkpt lat="45.656155329197645" lon="109.54546445980668">
        <ele>997.2</ele>
        <time>2026-08-24T09:13:42.000Z</time>
      </trkpt>
      <trkpt lat="45.656089782714844" lon="109.54547602683306">
        <ele>997</ele>
        <time>2026-08-24T09:13:44.000Z</time>
      </trkpt>
      <trkpt lat="45.65588685683906" lon="109.54549320973456">
        <ele>996.8</ele>
        <time>2026-08-24T09:13:50.000Z</time>
      </trkpt>
      <trkpt lat="45.655675968155265" lon="109.54550276510417">
        <ele>996.4</ele>
        <time>2026-08-24T09:13:58.000Z</time>
      </trkpt>
      <trkpt lat="45.65559173002839" lon="109.54551818780601">
        <ele>996.2</ele>
        <time>2026-08-24T09:14:00.000Z</time>
      </trkpt>
      <trkpt lat="45.65516416914761" lon="109.54561818391085">
        <ele>996.2</ele>
        <time>2026-08-24T09:14:16.000Z</time>
      </trkpt>
      <trkpt lat="45.654716324061155" lon="109.5458086207509">
        <ele>995.2</ele>
        <time>2026-08-24T09:14:32.000Z</time>
      </trkpt>
      <trkpt lat="45.654105534777045" lon="109.54599880613387">
        <ele>993.4</ele>
        <time>2026-08-24T09:14:48.000Z</time>
      </trkpt>
      <trkpt lat="45.653532296419144" lon="109.54595698043704">
        <ele>992.6</ele>
        <time>2026-08-24T09:15:04.000Z</time>
      </trkpt>
      <trkpt lat="45.65317749045789" lon="109.54598866403103">
        <ele>992.4</ele>
        <time>2026-08-24T09:15:21.000Z</time>
      </trkpt>
      <trkpt lat="45.652742302045226" lon="109.54610835760832">
        <ele>992.6</ele>
        <time>2026-08-24T09:15:37.000Z</time>
      </trkpt>
      <trkpt lat="45.65242135897279" lon="109.54621262848377">
        <ele>993</ele>
        <time>2026-08-24T09:15:50.000Z</time>
      </trkpt>
      <trkpt lat="45.65199815668166" lon="109.54636082053185">
        <ele>993.2</ele>
        <time>2026-08-24T09:16:06.000Z</time>
      </trkpt>
      <trkpt lat="45.65156531520188" lon="109.54647288657725">
        <ele>993</ele>
        <time>2026-08-24T09:16:22.000Z</time>
      </trkpt>
      <trkpt lat="45.65114169381559" lon="109.5466379262507">
        <ele>992.8</ele>
        <time>2026-08-24T09:16:38.000Z</time>
      </trkpt>
      <trkpt lat="45.65080071799457" lon="109.54697906970978">
        <ele>993.4</ele>
        <time>2026-08-24T09:16:54.000Z</time>
      </trkpt>
      <trkpt lat="45.65051397308707" lon="109.54721971414983">
        <ele>993.8</ele>
        <time>2026-08-24T09:17:08.000Z</time>
      </trkpt>
      <trkpt lat="45.65028665587306" lon="109.54739866778255">
        <ele>994.2</ele>
        <time>2026-08-24T09:17:21.000Z</time>
      </trkpt>
      <trkpt lat="45.65023301169276" lon="109.54743747599423">
        <ele>994.4</ele>
        <time>2026-08-24T09:17:31.000Z</time>
      </trkpt>
      <trkpt lat="45.65003695897758" lon="109.54756588675082">
        <ele>995</ele>
        <time>2026-08-24T09:17:41.000Z</time>
      </trkpt>
      <trkpt lat="45.64999898895621" lon="109.5475893560797">
        <ele>995</ele>
        <time>2026-08-24T09:17:43.000Z</time>
      </trkpt>
      <trkpt lat="45.649794386699796" lon="109.54768876545131">
        <ele>995.6</ele>
        <time>2026-08-24T09:17:53.000Z</time>
      </trkpt>
      <trkpt lat="45.64950286410749" lon="109.5478985644877">
        <ele>996</ele>
        <time>2026-08-24T09:18:09.000Z</time>
      </trkpt>
      <trkpt lat="45.64918577671051" lon="109.54807315953076">
        <ele>996.4</ele>
        <time>2026-08-24T09:18:25.000Z</time>
      </trkpt>
      <trkpt lat="45.64885200932622" lon="109.54820735380054">
        <ele>997</ele>
        <time>2026-08-24T09:18:41.000Z</time>
      </trkpt>
      <trkpt lat="45.648535676300526" lon="109.54827390611172">
        <ele>996.8</ele>
        <time>2026-08-24T09:18:56.000Z</time>
      </trkpt>
      <trkpt lat="45.64813820645213" lon="109.54837440513074">
        <ele>996.8</ele>
        <time>2026-08-24T09:19:12.000Z</time>
      </trkpt>
      <trkpt lat="45.64784928224981" lon="109.54843685030937">
        <ele>997.2</ele>
        <time>2026-08-24T09:19:24.000Z</time>
      </trkpt>
      <trkpt lat="45.64775506965816" lon="109.5485127903521">
        <ele>997.8</ele>
        <time>2026-08-24T09:19:30.000Z</time>
      </trkpt>
      <trkpt lat="45.647718105465174" lon="109.54854137264192">
        <ele>997.8</ele>
        <time>2026-08-24T09:19:32.000Z</time>
      </trkpt>
      <trkpt lat="45.64734796062112" lon="109.54868889413774">
        <ele>998.2</ele>
        <time>2026-08-24T09:19:48.000Z</time>
      </trkpt>
      <trkpt lat="45.64693448133767" lon="109.54884278587997">
        <ele>997.8</ele>
        <time>2026-08-24T09:20:05.000Z</time>
      </trkpt>
      <trkpt lat="45.64647582359612" lon="109.5491449534893">
        <ele>997.2</ele>
        <time>2026-08-24T09:20:21.000Z</time>
      </trkpt>
      <trkpt lat="45.646132584661245" lon="109.54943102784455">
        <ele>997.2</ele>
        <time>2026-08-24T09:20:35.000Z</time>
      </trkpt>
      <trkpt lat="45.64576730132103" lon="109.54937411472201">
        <ele>997.4</ele>
        <time>2026-08-24T09:20:48.000Z</time>
      </trkpt>
      <trkpt lat="45.645340075716376" lon="109.5494179520756">
        <ele>997.6</ele>
        <time>2026-08-24T09:21:04.000Z</time>
      </trkpt>
      <trkpt lat="45.64490740187466" lon="109.54954938031733">
        <ele>997.8</ele>
        <time>2026-08-24T09:21:20.000Z</time>
      </trkpt>
      <trkpt lat="45.6444410327822" lon="109.54970058985054">
        <ele>998.2</ele>
        <time>2026-08-24T09:21:36.000Z</time>
      </trkpt>
      <trkpt lat="45.64405219629407" lon="109.54988147132099">
        <ele>998.6</ele>
        <time>2026-08-24T09:21:52.000Z</time>
      </trkpt>
      <trkpt lat="45.64362857490778" lon="109.55002714879811">
        <ele>999.4</ele>
        <time>2026-08-24T09:22:09.000Z</time>
      </trkpt>
      <trkpt lat="45.64321601763368" lon="109.55010551959276">
        <ele>999.8</ele>
        <time>2026-08-24T09:22:25.000Z</time>
      </trkpt>
      <trkpt lat="45.642793234437704" lon="109.55021381378174">
        <ele>1000</ele>
        <time>2026-08-24T09:22:41.000Z</time>
      </trkpt>
      <trkpt lat="45.642384281381965" lon="109.55033794976771">
        <ele>1000.4</ele>
        <time>2026-08-24T09:22:57.000Z</time>
      </trkpt>
      <trkpt lat="45.64198329113424" lon="109.55044532194734">
        <ele>1000.8</ele>
        <time>2026-08-24T09:23:13.000Z</time>
      </trkpt>
      <trkpt lat="45.641552712768316" lon="109.55050500109792">
        <ele>1000.8</ele>
        <time>2026-08-24T09:23:29.000Z</time>
      </trkpt>
      <trkpt lat="45.641110483556986" lon="109.55054732970893">
        <ele>1000.8</ele>
        <time>2026-08-24T09:23:45.000Z</time>
      </trkpt>
      <trkpt lat="45.64066666178405" lon="109.55053266137838">
        <ele>1001.6</ele>
        <time>2026-08-24T09:24:01.000Z</time>
      </trkpt>
      <trkpt lat="45.640241699293256" lon="109.55045479349792">
        <ele>1001.8</ele>
        <time>2026-08-24T09:24:17.000Z</time>
      </trkpt>
      <trkpt lat="45.63990608789027" lon="109.55052101053298">
        <ele>1001.8</ele>
        <time>2026-08-24T09:24:34.000Z</time>
      </trkpt>
      <trkpt lat="45.63957600854337" lon="109.5506421290338">
        <ele>1001.8</ele>
        <time>2026-08-24T09:24:50.000Z</time>
      </trkpt>
      <trkpt lat="45.639233607798815" lon="109.55078277736902">
        <ele>1002</ele>
        <time>2026-08-24T09:25:06.000Z</time>
      </trkpt>
      <trkpt lat="45.63903386704624" lon="109.55089677125216">
        <ele>1002</ele>
        <time>2026-08-24T09:25:18.000Z</time>
      </trkpt>
      <trkpt lat="45.63911039382219" lon="109.55118058249354">
        <ele>1002.2</ele>
        <time>2026-08-24T09:25:30.000Z</time>
      </trkpt>
      <trkpt lat="45.63919572159648" lon="109.55155290663242">
        <ele>1002.4</ele>
        <time>2026-08-24T09:25:57.000Z</time>
      </trkpt>
      <trkpt lat="45.63928507268429" lon="109.55223578028381">
        <ele>1002.2</ele>
        <time>2026-08-24T09:26:13.000Z</time>
      </trkpt>
      <trkpt lat="45.63944743014872" lon="109.55291052348912">
        <ele>1002.2</ele>
        <time>2026-08-24T09:26:29.000Z</time>
      </trkpt>
      <trkpt lat="45.63955748453736" lon="109.5534607116133">
        <ele>1002.6</ele>
        <time>2026-08-24T09:26:45.000Z</time>
      </trkpt>
      <trkpt lat="45.63960425555706" lon="109.55395105294883">
        <ele>1003.8</ele>
        <time>2026-08-24T09:27:02.000Z</time>
      </trkpt>
      <trkpt lat="45.639700312167406" lon="109.55443745478988">
        <ele>1004</ele>
        <time>2026-08-24T09:27:17.000Z</time>
      </trkpt>
      <trkpt lat="45.63972579315305" lon="109.55494866706431">
        <ele>1004.6</ele>
        <time>2026-08-24T09:27:31.000Z</time>
      </trkpt>
      <trkpt lat="45.63986258581281" lon="109.55549038946629">
        <ele>1004.6</ele>
        <time>2026-08-24T09:27:46.000Z</time>
      </trkpt>
      <trkpt lat="45.63986920751631" lon="109.55597662366927">
        <ele>1004.6</ele>
        <time>2026-08-24T09:27:58.000Z</time>
      </trkpt>
      <trkpt lat="45.63970383256674" lon="109.5561802200973">
        <ele>1005.2</ele>
        <time>2026-08-24T09:28:06.000Z</time>
      </trkpt>
      <trkpt lat="45.639325054362416" lon="109.55626362003386">
        <ele>1005.2</ele>
        <time>2026-08-24T09:28:22.000Z</time>
      </trkpt>
      <trkpt lat="45.63902456313372" lon="109.55635749734938">
        <ele>1005</ele>
        <time>2026-08-24T09:28:36.000Z</time>
      </trkpt>
      <trkpt lat="45.6385887041688" lon="109.5565105509013">
        <ele>1005</ele>
        <time>2026-08-24T09:28:49.000Z</time>
      </trkpt>
      <trkpt lat="45.637958804145455" lon="109.55668925307691">
        <ele>1004.6</ele>
        <time>2026-08-24T09:29:06.000Z</time>
      </trkpt>
      <trkpt lat="45.63762051053345" lon="109.55679486505687">
        <ele>1004.6</ele>
        <time>2026-08-24T09:29:15.000Z</time>
      </trkpt>
      <trkpt lat="45.63723620027304" lon="109.55691020004451">
        <ele>1004.4</ele>
        <time>2026-08-24T09:29:24.000Z</time>
      </trkpt>
      <trkpt lat="45.63655718229711" lon="109.55709619447589">
        <ele>1004</ele>
        <time>2026-08-24T09:29:40.000Z</time>
      </trkpt>
      <trkpt lat="45.63602761365473" lon="109.55724094994366">
        <ele>1003.6</ele>
        <time>2026-08-24T09:29:52.000Z</time>
      </trkpt>
      <trkpt lat="45.63556618988514" lon="109.55736676231027">
        <ele>1003.4</ele>
        <time>2026-08-24T09:30:02.000Z</time>
      </trkpt>
      <trkpt lat="45.63511331565678" lon="109.5574913173914">
        <ele>1003</ele>
        <time>2026-08-24T09:30:11.000Z</time>
      </trkpt>
      <trkpt lat="45.63495992682874" lon="109.55753062851727">
        <ele>1003</ele>
        <time>2026-08-24T09:30:14.000Z</time>
      </trkpt>
      <trkpt lat="45.634144032374024" lon="109.55774461850524">
        <ele>1002.4</ele>
        <time>2026-08-24T09:30:30.000Z</time>
      </trkpt>
      <trkpt lat="45.63332201912999" lon="109.55795416608453">
        <ele>1001.8</ele>
        <time>2026-08-24T09:30:46.000Z</time>
      </trkpt>
      <trkpt lat="45.632846765220165" lon="109.55808190628886">
        <ele>1001.6</ele>
        <time>2026-08-24T09:30:55.000Z</time>
      </trkpt>
      <trkpt lat="45.63210689462721" lon="109.55825340002775">
        <ele>1001</ele>
        <time>2026-08-24T09:31:11.000Z</time>
      </trkpt>
      <trkpt lat="45.63121790997684" lon="109.55847619101405">
        <ele>1000.4</ele>
        <time>2026-08-24T09:31:27.000Z</time>
      </trkpt>
      <trkpt lat="45.63050410710275" lon="109.55865296535194">
        <ele>1000</ele>
        <time>2026-08-24T09:31:44.000Z</time>
      </trkpt>
      <trkpt lat="45.62978083267808" lon="109.55883275717497">
        <ele>999.6</ele>
        <time>2026-08-24T09:32:00.000Z</time>
      </trkpt>
      <trkpt lat="45.6290025729686" lon="109.55902587622404">
        <ele>999</ele>
        <time>2026-08-24T09:32:16.000Z</time>
      </trkpt>
      <trkpt lat="45.62823596410453" lon="109.55921438522637">
        <ele>998.8</ele>
        <time>2026-08-24T09:32:32.000Z</time>
      </trkpt>
      <trkpt lat="45.62744630500674" lon="109.5594150479883">
        <ele>998.6</ele>
        <time>2026-08-24T09:32:48.000Z</time>
      </trkpt>
      <trkpt lat="45.62663518823683" lon="109.55961545929313">
        <ele>998.4</ele>
        <time>2026-08-24T09:33:04.000Z</time>
      </trkpt>
      <trkpt lat="45.62603613361716" lon="109.55980338156223">
        <ele>998.2</ele>
        <time>2026-08-24T09:33:20.000Z</time>
      </trkpt>
      <trkpt lat="45.625971760600805" lon="109.55976088531315">
        <ele>998</ele>
        <time>2026-08-24T09:34:00.000Z</time>
      </trkpt>
      <trkpt lat="45.625508995726705" lon="109.55989331938326">
        <ele>997.8</ele>
        <time>2026-08-24T09:34:59.000Z</time>
      </trkpt>
      <trkpt lat="45.6248564645648" lon="109.56005425192416">
        <ele>997.8</ele>
        <time>2026-08-24T09:35:15.000Z</time>
      </trkpt>
      <trkpt lat="45.624140817672014" lon="109.56023605540395">
        <ele>997.6</ele>
        <time>2026-08-24T09:35:31.000Z</time>
      </trkpt>
      <trkpt lat="45.62341318465769" lon="109.56041341647506">
        <ele>997.2</ele>
        <time>2026-08-24T09:35:47.000Z</time>
      </trkpt>
      <trkpt lat="45.62262570485473" lon="109.56061189994216">
        <ele>997</ele>
        <time>2026-08-24T09:36:03.000Z</time>
      </trkpt>
      <trkpt lat="45.62185188755393" lon="109.56080434843898">
        <ele>997</ele>
        <time>2026-08-24T09:36:19.000Z</time>
      </trkpt>
      <trkpt lat="45.621085027232766" lon="109.56099277362227">
        <ele>996.8</ele>
        <time>2026-08-24T09:36:36.000Z</time>
      </trkpt>
      <trkpt lat="45.62032780610025" lon="109.56118069589138">
        <ele>997.4</ele>
        <time>2026-08-24T09:36:52.000Z</time>
      </trkpt>
      <trkpt lat="45.619632275775075" lon="109.5613543689251">
        <ele>997.8</ele>
        <time>2026-08-24T09:37:08.000Z</time>
      </trkpt>
      <trkpt lat="45.61905652284622" lon="109.56150147132576">
        <ele>998.4</ele>
        <time>2026-08-24T09:37:24.000Z</time>
      </trkpt>
      <trkpt lat="45.61852963641286" lon="109.5616250205785">
        <ele>999</ele>
        <time>2026-08-24T09:37:40.000Z</time>
      </trkpt>
      <trkpt lat="45.61797073110938" lon="109.56176399253309">
        <ele>999.6</ele>
        <time>2026-08-24T09:37:56.000Z</time>
      </trkpt>
      <trkpt lat="45.61750503256917" lon="109.56188628450036">
        <ele>1000</ele>
        <time>2026-08-24T09:38:12.000Z</time>
      </trkpt>
      <trkpt lat="45.61702039092779" lon="109.56200656481087">
        <ele>1000.4</ele>
        <time>2026-08-24T09:38:28.000Z</time>
      </trkpt>
      <trkpt lat="45.61653206124902" lon="109.56212122924626">
        <ele>1000.8</ele>
        <time>2026-08-24T09:38:45.000Z</time>
      </trkpt>
      <trkpt lat="45.61591641046107" lon="109.56227788701653">
        <ele>1001.2</ele>
        <time>2026-08-24T09:39:01.000Z</time>
      </trkpt>
      <trkpt lat="45.61526647768915" lon="109.56243789754808">
        <ele>1001.8</ele>
        <time>2026-08-24T09:39:17.000Z</time>
      </trkpt>
      <trkpt lat="45.61462710611522" lon="109.56259162165225">
        <ele>1002.4</ele>
        <time>2026-08-24T09:39:33.000Z</time>
      </trkpt>
      <trkpt lat="45.61396208591759" lon="109.56276185810566">
        <ele>1003</ele>
        <time>2026-08-24T09:39:49.000Z</time>
      </trkpt>
      <trkpt lat="45.61327736824751" lon="109.56293259747326">
        <ele>1003.6</ele>
        <time>2026-08-24T09:40:05.000Z</time>
      </trkpt>
      <trkpt lat="45.61267018318176" lon="109.56308489665389">
        <ele>1004</ele>
        <time>2026-08-24T09:40:21.000Z</time>
      </trkpt>
      <trkpt lat="45.61212946660817" lon="109.56321992911398">
        <ele>1004.8</ele>
        <time>2026-08-24T09:40:37.000Z</time>
      </trkpt>
      <trkpt lat="45.61160249635577" lon="109.56334901042283">
        <ele>1005.8</ele>
        <time>2026-08-24T09:40:53.000Z</time>
      </trkpt>
      <trkpt lat="45.611121375113726" lon="109.56346618942916">
        <ele>1007</ele>
        <time>2026-08-24T09:41:10.000Z</time>
      </trkpt>
      <trkpt lat="45.6106804870069" lon="109.5635801833123">
        <ele>1008</ele>
        <time>2026-08-24T09:41:26.000Z</time>
      </trkpt>
      <trkpt lat="45.61028125695884" lon="109.5637025590986">
        <ele>1008.8</ele>
        <time>2026-08-24T09:41:40.000Z</time>
      </trkpt>
      <trkpt lat="45.610157288610935" lon="109.56374882720411">
        <ele>1009</ele>
        <time>2026-08-24T09:41:49.000Z</time>
      </trkpt>
      <trkpt lat="45.60984028503299" lon="109.56378998234868">
        <ele>1009.2</ele>
        <time>2026-08-24T09:42:32.000Z</time>
      </trkpt>
      <trkpt lat="45.609311973676085" lon="109.56391805782914">
        <ele>1009.6</ele>
        <time>2026-08-24T09:42:48.000Z</time>
      </trkpt>
      <trkpt lat="45.608840491622686" lon="109.56405920907855">
        <ele>1009.6</ele>
        <time>2026-08-24T09:43:01.000Z</time>
      </trkpt>
      <trkpt lat="45.608502281829715" lon="109.56411545164883">
        <ele>1009.2</ele>
        <time>2026-08-24T09:43:10.000Z</time>
      </trkpt>
      <trkpt lat="45.6077450606972" lon="109.56430546939373">
        <ele>1008.4</ele>
        <time>2026-08-24T09:43:26.000Z</time>
      </trkpt>
      <trkpt lat="45.607219180092216" lon="109.5644380711019">
        <ele>1007.6</ele>
        <time>2026-08-24T09:43:37.000Z</time>
      </trkpt>
      <trkpt lat="45.60705330222845" lon="109.56448283046484">
        <ele>1007.4</ele>
        <time>2026-08-24T09:43:40.000Z</time>
      </trkpt>
      <trkpt lat="45.606884490698576" lon="109.56452172249556">
        <ele>1007.2</ele>
        <time>2026-08-24T09:43:43.000Z</time>
      </trkpt>
      <trkpt lat="45.60671358369291" lon="109.56456220708787">
        <ele>1006.8</ele>
        <time>2026-08-24T09:43:46.000Z</time>
      </trkpt>
      <trkpt lat="45.606595231220126" lon="109.56459145992994">
        <ele>1006.8</ele>
        <time>2026-08-24T09:43:48.000Z</time>
      </trkpt>
      <trkpt lat="45.60647268779576" lon="109.56462129950523">
        <ele>1006.6</ele>
        <time>2026-08-24T09:43:50.000Z</time>
      </trkpt>
      <trkpt lat="45.6063462048769" lon="109.56465415656567">
        <ele>1006.2</ele>
        <time>2026-08-24T09:43:52.000Z</time>
      </trkpt>
      <trkpt lat="45.60602283105254" lon="109.56474057398736">
        <ele>1005.8</ele>
        <time>2026-08-24T09:43:57.000Z</time>
      </trkpt>
      <trkpt lat="45.60505681671202" lon="109.56498691812158">
        <ele>1004.6</ele>
        <time>2026-08-24T09:44:12.000Z</time>
      </trkpt>
      <trkpt lat="45.604048389941454" lon="109.5652568154037">
        <ele>1003.8</ele>
        <time>2026-08-24T09:44:28.000Z</time>
      </trkpt>
      <trkpt lat="45.603093607351184" lon="109.56551187671721">
        <ele>1003.2</ele>
        <time>2026-08-24T09:44:44.000Z</time>
      </trkpt>
      <trkpt lat="45.602178890258074" lon="109.5657589752227">
        <ele>1003</ele>
        <time>2026-08-24T09:45:00.000Z</time>
      </trkpt>
      <trkpt lat="45.60122880153358" lon="109.56602308899164">
        <ele>1002.6</ele>
        <time>2026-08-24T09:45:16.000Z</time>
      </trkpt>
      <trkpt lat="45.600225403904915" lon="109.56630539149046">
        <ele>1002.2</ele>
        <time>2026-08-24T09:45:32.000Z</time>
      </trkpt>
      <trkpt lat="45.599311692640185" lon="109.56656875088811">
        <ele>1001.8</ele>
        <time>2026-08-24T09:45:48.000Z</time>
      </trkpt>
      <trkpt lat="45.59839622117579" lon="109.56683680415154">
        <ele>1001.6</ele>
        <time>2026-08-24T09:46:05.000Z</time>
      </trkpt>
      <trkpt lat="45.597492484375834" lon="109.56710619851947">
        <ele>1001</ele>
        <time>2026-08-24T09:46:21.000Z</time>
      </trkpt>
      <trkpt lat="45.596505515277386" lon="109.56740811467171">
        <ele>999.6</ele>
        <time>2026-08-24T09:46:37.000Z</time>
      </trkpt>
      <trkpt lat="45.59549516066909" lon="109.56772562116385">
        <ele>998.2</ele>
        <time>2026-08-24T09:46:53.000Z</time>
      </trkpt>
      <trkpt lat="45.59453501366079" lon="109.56802728585899">
        <ele>996.8</ele>
        <time>2026-08-24T09:47:08.000Z</time>
      </trkpt>
      <trkpt lat="45.59414550662041" lon="109.56814848817885">
        <ele>996.2</ele>
        <time>2026-08-24T09:47:14.000Z</time>
      </trkpt>
      <trkpt lat="45.59401189908385" lon="109.56819023005664">
        <ele>996</ele>
        <time>2026-08-24T09:47:16.000Z</time>
      </trkpt>
      <trkpt lat="45.59321586973965" lon="109.56844721920788">
        <ele>995.4</ele>
        <time>2026-08-24T09:47:28.000Z</time>
      </trkpt>
      <trkpt lat="45.59218715876341" lon="109.56877872347832">
        <ele>995</ele>
        <time>2026-08-24T09:47:44.000Z</time>
      </trkpt>
      <trkpt lat="45.59116020798683" lon="109.56910486333072">
        <ele>994.2</ele>
        <time>2026-08-24T09:48:00.000Z</time>
      </trkpt>
      <trkpt lat="45.59018287807703" lon="109.56941273063421">
        <ele>993.6</ele>
        <time>2026-08-24T09:48:17.000Z</time>
      </trkpt>
      <trkpt lat="45.589200519025326" lon="109.56972646526992">
        <ele>993</ele>
        <time>2026-08-24T09:48:33.000Z</time>
      </trkpt>
      <trkpt lat="45.588169461116195" lon="109.57005302421749">
        <ele>992.6</ele>
        <time>2026-08-24T09:48:49.000Z</time>
      </trkpt>
      <trkpt lat="45.58750326745212" lon="109.57026567310095">
        <ele>992.2</ele>
        <time>2026-08-24T09:48:59.000Z</time>
      </trkpt>
      <trkpt lat="45.58736538514495" lon="109.57031060010195">
        <ele>992.2</ele>
        <time>2026-08-24T09:49:01.000Z</time>
      </trkpt>
      <trkpt lat="45.58722582645714" lon="109.57035628147423">
        <ele>992</ele>
        <time>2026-08-24T09:49:03.000Z</time>
      </trkpt>
      <trkpt lat="45.586145566776395" lon="109.57069910131395">
        <ele>992</ele>
        <time>2026-08-24T09:49:19.000Z</time>
      </trkpt>
      <trkpt lat="45.585105707868934" lon="109.57102926447988">
        <ele>991.2</ele>
        <time>2026-08-24T09:49:35.000Z</time>
      </trkpt>
      <trkpt lat="45.58408470824361" lon="109.57135205157101">
        <ele>990.4</ele>
        <time>2026-08-24T09:49:51.000Z</time>
      </trkpt>
      <trkpt lat="45.583088267594576" lon="109.57167877815664">
        <ele>989.8</ele>
        <time>2026-08-24T09:50:07.000Z</time>
      </trkpt>
      <trkpt lat="45.58205016888678" lon="109.57205587998033">
        <ele>989.2</ele>
        <time>2026-08-24T09:50:23.000Z</time>
      </trkpt>
      <trkpt lat="45.581066804006696" lon="109.57243608310819">
        <ele>988.8</ele>
        <time>2026-08-24T09:50:40.000Z</time>
      </trkpt>
      <trkpt lat="45.58014806360006" lon="109.57282491959631">
        <ele>987.8</ele>
        <time>2026-08-24T09:50:56.000Z</time>
      </trkpt>
      <trkpt lat="45.57925472036004" lon="109.57322272472084">
        <ele>987.4</ele>
        <time>2026-08-24T09:51:12.000Z</time>
      </trkpt>
      <trkpt lat="45.57833002880216" lon="109.57365070469677">
        <ele>986.8</ele>
        <time>2026-08-24T09:51:28.000Z</time>
      </trkpt>
      <trkpt lat="45.57737306691706" lon="109.57409947179258">
        <ele>986.4</ele>
        <time>2026-08-24T09:51:44.000Z</time>
      </trkpt>
      <trkpt lat="45.57640830986202" lon="109.57455075345933">
        <ele>985.8</ele>
        <time>2026-08-24T09:52:00.000Z</time>
      </trkpt>
      <trkpt lat="45.57542419061065" lon="109.57501259632409">
        <ele>985.4</ele>
        <time>2026-08-24T09:52:16.000Z</time>
      </trkpt>
      <trkpt lat="45.574439065530896" lon="109.57547200843692">
        <ele>985</ele>
        <time>2026-08-24T09:52:32.000Z</time>
      </trkpt>
      <trkpt lat="45.57333793491125" lon="109.57599001005292">
        <ele>984.6</ele>
        <time>2026-08-24T09:52:48.000Z</time>
      </trkpt>
      <trkpt lat="45.57232783176005" lon="109.57646165974438">
        <ele>984.2</ele>
        <time>2026-08-24T09:53:05.000Z</time>
      </trkpt>
      <trkpt lat="45.57132703252137" lon="109.57692819647491">
        <ele>983.6</ele>
        <time>2026-08-24T09:53:21.000Z</time>
      </trkpt>
      <trkpt lat="45.57031282223761" lon="109.57740303128958">
        <ele>983.2</ele>
        <time>2026-08-24T09:53:37.000Z</time>
      </trkpt>
      <trkpt lat="45.56933800689876" lon="109.57785716280341">
        <ele>982.8</ele>
        <time>2026-08-24T09:53:53.000Z</time>
      </trkpt>
      <trkpt lat="45.56845606304705" lon="109.57829536870122">
        <ele>982.8</ele>
        <time>2026-08-24T09:54:09.000Z</time>
      </trkpt>
      <trkpt lat="45.56765852496028" lon="109.5787025615573">
        <ele>983</ele>
        <time>2026-08-24T09:54:25.000Z</time>
      </trkpt>
      <trkpt lat="45.566889736801386" lon="109.57912140525877">
        <ele>983</ele>
        <time>2026-08-24T09:54:41.000Z</time>
      </trkpt>
      <trkpt lat="45.56608012877405" lon="109.5795741956681">
        <ele>983.2</ele>
        <time>2026-08-24T09:54:57.000Z</time>
      </trkpt>
      <trkpt lat="45.5652485601604" lon="109.58004358224571">
        <ele>983.2</ele>
        <time>2026-08-24T09:55:13.000Z</time>
      </trkpt>
      <trkpt lat="45.5645749066025" lon="109.58042780868709">
        <ele>983.4</ele>
        <time>2026-08-24T09:55:30.000Z</time>
      </trkpt>
      <trkpt lat="45.563837299123406" lon="109.58084162324667">
        <ele>983.6</ele>
        <time>2026-08-24T09:55:46.000Z</time>
      </trkpt>
      <trkpt lat="45.56310597807169" lon="109.58124864846468">
        <ele>984.6</ele>
        <time>2026-08-24T09:56:02.000Z</time>
      </trkpt>
      <trkpt lat="45.562500301748514" lon="109.58158317022026">
        <ele>986</ele>
        <time>2026-08-24T09:56:18.000Z</time>
      </trkpt>
      <trkpt lat="45.56202278472483" lon="109.58184066228569">
        <ele>987</ele>
        <time>2026-08-24T09:56:34.000Z</time>
      </trkpt>
      <trkpt lat="45.561560690402985" lon="109.58206362091005">
        <ele>988</ele>
        <time>2026-08-24T09:56:50.000Z</time>
      </trkpt>
      <trkpt lat="45.56106682866812" lon="109.58228481933475">
        <ele>989</ele>
        <time>2026-08-24T09:57:06.000Z</time>
      </trkpt>
      <trkpt lat="45.56056307628751" lon="109.58250501193106">
        <ele>990.2</ele>
        <time>2026-08-24T09:57:22.000Z</time>
      </trkpt>
      <trkpt lat="45.56003920733929" lon="109.58271875046194">
        <ele>991.2</ele>
        <time>2026-08-24T09:57:38.000Z</time>
      </trkpt>
      <trkpt lat="45.55956579744816" lon="109.58289845846593">
        <ele>992</ele>
        <time>2026-08-24T09:57:55.000Z</time>
      </trkpt>
      <trkpt lat="45.55906313471496" lon="109.58307749591768">
        <ele>992.8</ele>
        <time>2026-08-24T09:58:11.000Z</time>
      </trkpt>
      <trkpt lat="45.55848880670965" lon="109.58325301297009">
        <ele>993.4</ele>
        <time>2026-08-24T09:58:27.000Z</time>
      </trkpt>
      <trkpt lat="45.55785991251469" lon="109.58343205042183">
        <ele>993.2</ele>
        <time>2026-08-24T09:58:43.000Z</time>
      </trkpt>
      <trkpt lat="45.5571891926229" lon="109.58359759300947">
        <ele>993</ele>
        <time>2026-08-24T09:58:59.000Z</time>
      </trkpt>
      <trkpt lat="45.55646080523729" lon="109.58378048613667">
        <ele>992.8</ele>
        <time>2026-08-24T09:59:15.000Z</time>
      </trkpt>
      <trkpt lat="45.55572487413883" lon="109.58395223133266">
        <ele>992</ele>
        <time>2026-08-24T09:59:31.000Z</time>
      </trkpt>
      <trkpt lat="45.554923228919506" lon="109.58414811640978">
        <ele>992</ele>
        <time>2026-08-24T09:59:47.000Z</time>
      </trkpt>
      <trkpt lat="45.554201463237405" lon="109.5843281596899">
        <ele>991.6</ele>
        <time>2026-08-24T10:00:03.000Z</time>
      </trkpt>
      <trkpt lat="45.55343217216432" lon="109.58453896455467">
        <ele>991.4</ele>
        <time>2026-08-24T10:00:20.000Z</time>
      </trkpt>
      <trkpt lat="45.55262348614633" lon="109.58478388376534">
        <ele>990.8</ele>
        <time>2026-08-24T10:00:36.000Z</time>
      </trkpt>
      <trkpt lat="45.551806669682264" lon="109.585049925372">
        <ele>990.4</ele>
        <time>2026-08-24T10:00:52.000Z</time>
      </trkpt>
      <trkpt lat="45.550966802984476" lon="109.58534622564912">
        <ele>990</ele>
        <time>2026-08-24T10:01:08.000Z</time>
      </trkpt>
      <trkpt lat="45.55013196542859" lon="109.5856458786875">
        <ele>989.6</ele>
        <time>2026-08-24T10:01:24.000Z</time>
      </trkpt>
      <trkpt lat="45.54926410317421" lon="109.58595424890518">
        <ele>989.2</ele>
        <time>2026-08-24T10:01:40.000Z</time>
      </trkpt>
      <trkpt lat="45.54842230863869" lon="109.58625080063939">
        <ele>989</ele>
        <time>2026-08-24T10:01:56.000Z</time>
      </trkpt>
      <trkpt lat="45.54759652353823" lon="109.58654349669814">
        <ele>989.4</ele>
        <time>2026-08-24T10:02:12.000Z</time>
      </trkpt>
      <trkpt lat="45.54684441536665" lon="109.58681490272284">
        <ele>990</ele>
        <time>2026-08-24T10:02:28.000Z</time>
      </trkpt>
      <trkpt lat="45.546168917790055" lon="109.58705294877291">
        <ele>990.6</ele>
        <time>2026-08-24T10:02:45.000Z</time>
      </trkpt>
      <trkpt lat="45.545502891764045" lon="109.58731488324702">
        <ele>991.6</ele>
        <time>2026-08-24T10:03:01.000Z</time>
      </trkpt>
      <trkpt lat="45.544868214055896" lon="109.58761411719024">
        <ele>992.6</ele>
        <time>2026-08-24T10:03:17.000Z</time>
      </trkpt>
      <trkpt lat="45.54427879862487" lon="109.58793849684298">
        <ele>993.2</ele>
        <time>2026-08-24T10:03:33.000Z</time>
      </trkpt>
      <trkpt lat="45.54365987889469" lon="109.58832565695047">
        <ele>993.4</ele>
        <time>2026-08-24T10:03:49.000Z</time>
      </trkpt>
      <trkpt lat="45.54306048899889" lon="109.5887470152229">
        <ele>993.6</ele>
        <time>2026-08-24T10:04:05.000Z</time>
      </trkpt>
      <trkpt lat="45.542476857081056" lon="109.58921455778182">
        <ele>993.8</ele>
        <time>2026-08-24T10:04:21.000Z</time>
      </trkpt>
      <trkpt lat="45.54189565591514" lon="109.58973322995007">
        <ele>993.8</ele>
        <time>2026-08-24T10:04:37.000Z</time>
      </trkpt>
      <trkpt lat="45.54140447638929" lon="109.59017638117075">
        <ele>993.8</ele>
        <time>2026-08-24T10:04:53.000Z</time>
      </trkpt>
      <trkpt lat="45.540896616876125" lon="109.5906398165971">
        <ele>994.2</ele>
        <time>2026-08-24T10:05:10.000Z</time>
      </trkpt>
      <trkpt lat="45.54032027721405" lon="109.59116418845952">
        <ele>994.2</ele>
        <time>2026-08-24T10:05:26.000Z</time>
      </trkpt>
      <trkpt lat="45.539704374969006" lon="109.59172083064914">
        <ele>994.6</ele>
        <time>2026-08-24T10:05:42.000Z</time>
      </trkpt>
      <trkpt lat="45.53907522931695" lon="109.59225727245212">
        <ele>994.8</ele>
        <time>2026-08-24T10:05:58.000Z</time>
      </trkpt>
      <trkpt lat="45.538591761142015" lon="109.59263739176095">
        <ele>996</ele>
        <time>2026-08-24T10:06:14.000Z</time>
      </trkpt>
      <trkpt lat="45.53813251666725" lon="109.59296059794724">
        <ele>997.6</ele>
        <time>2026-08-24T10:06:30.000Z</time>
      </trkpt>
      <trkpt lat="45.53768349811435" lon="109.59324792958796">
        <ele>998.2</ele>
        <time>2026-08-24T10:06:46.000Z</time>
      </trkpt>
      <trkpt lat="45.537166837602854" lon="109.59354230202734">
        <ele>998.6</ele>
        <time>2026-08-24T10:07:02.000Z</time>
      </trkpt>
      <trkpt lat="45.53655931726098" lon="109.59384547546506">
        <ele>998.8</ele>
        <time>2026-08-24T10:07:19.000Z</time>
      </trkpt>
      <trkpt lat="45.535916509106755" lon="109.59411721676588">
        <ele>998.2</ele>
        <time>2026-08-24T10:07:35.000Z</time>
      </trkpt>
      <trkpt lat="45.53521947003901" lon="109.59436322562397">
        <ele>998</ele>
        <time>2026-08-24T10:07:51.000Z</time>
      </trkpt>
      <trkpt lat="45.534587977454066" lon="109.59454578347504">
        <ele>998.6</ele>
        <time>2026-08-24T10:08:07.000Z</time>
      </trkpt>
      <trkpt lat="45.53397802636027" lon="109.59471099078655">
        <ele>999.6</ele>
        <time>2026-08-24T10:08:23.000Z</time>
      </trkpt>
      <trkpt lat="45.533432280644774" lon="109.59486178122461">
        <ele>1000.6</ele>
        <time>2026-08-24T10:08:39.000Z</time>
      </trkpt>
      <trkpt lat="45.532917296513915" lon="109.59500452503562">
        <ele>1001.4</ele>
        <time>2026-08-24T10:08:55.000Z</time>
      </trkpt>
      <trkpt lat="45.53237356245518" lon="109.5951522141695">
        <ele>1002.2</ele>
        <time>2026-08-24T10:09:11.000Z</time>
      </trkpt>
      <trkpt lat="45.53180803544819" lon="109.59530845284462">
        <ele>1002.6</ele>
        <time>2026-08-24T10:09:27.000Z</time>
      </trkpt>
      <trkpt lat="45.531132789328694" lon="109.5954962912947">
        <ele>1002.8</ele>
        <time>2026-08-24T10:09:44.000Z</time>
      </trkpt>
      <trkpt lat="45.53052577190101" lon="109.595663594082">
        <ele>1003</ele>
        <time>2026-08-24T10:10:00.000Z</time>
      </trkpt>
      <trkpt lat="45.529890172183514" lon="109.5958377700299">
        <ele>1003</ele>
        <time>2026-08-24T10:10:16.000Z</time>
      </trkpt>
      <trkpt lat="45.52926161326468" lon="109.59601286798716">
        <ele>1003.4</ele>
        <time>2026-08-24T10:10:32.000Z</time>
      </trkpt>
      <trkpt lat="45.52864822559059" lon="109.59618276916444">
        <ele>1003.6</ele>
        <time>2026-08-24T10:10:48.000Z</time>
      </trkpt>
      <trkpt lat="45.528055373579264" lon="109.59634169004858">
        <ele>1003.6</ele>
        <time>2026-08-24T10:11:04.000Z</time>
      </trkpt>
      <trkpt lat="45.52748640999198" lon="109.59650538861752">
        <ele>1003.8</ele>
        <time>2026-08-24T10:11:20.000Z</time>
      </trkpt>
      <trkpt lat="45.52689163014293" lon="109.59666095674038">
        <ele>1003.8</ele>
        <time>2026-08-24T10:11:36.000Z</time>
      </trkpt>
      <trkpt lat="45.526213785633445" lon="109.59684108383954">
        <ele>1004</ele>
        <time>2026-08-24T10:11:52.000Z</time>
      </trkpt>
      <trkpt lat="45.525536527857184" lon="109.59700939245522">
        <ele>1004.2</ele>
        <time>2026-08-24T10:12:09.000Z</time>
      </trkpt>
      <trkpt lat="45.524881733581424" lon="109.59716621786356">
        <ele>1004.2</ele>
        <time>2026-08-24T10:12:25.000Z</time>
      </trkpt>
      <trkpt lat="45.52425912581384" lon="109.59731399081647">
        <ele>1004.2</ele>
        <time>2026-08-24T10:12:41.000Z</time>
      </trkpt>
      <trkpt lat="45.52358170039952" lon="109.59745849482715">
        <ele>1004.4</ele>
        <time>2026-08-24T10:12:57.000Z</time>
      </trkpt>
      <trkpt lat="45.5229402333498" lon="109.59759025834501">
        <ele>1004</ele>
        <time>2026-08-24T10:13:13.000Z</time>
      </trkpt>
      <trkpt lat="45.522258365526795" lon="109.59772068075836">
        <ele>1004.2</ele>
        <time>2026-08-24T10:13:29.000Z</time>
      </trkpt>
      <trkpt lat="45.521563002839684" lon="109.59784808568656">
        <ele>1004</ele>
        <time>2026-08-24T10:13:45.000Z</time>
      </trkpt>
      <trkpt lat="45.52087811753154" lon="109.59796987473965">
        <ele>1004</ele>
        <time>2026-08-24T10:14:01.000Z</time>
      </trkpt>
      <trkpt lat="45.520146964117885" lon="109.59810272790492">
        <ele>1003.6</ele>
        <time>2026-08-24T10:14:17.000Z</time>
      </trkpt>
      <trkpt lat="45.51947481930256" lon="109.59822250530124">
        <ele>1003.6</ele>
        <time>2026-08-24T10:14:34.000Z</time>
      </trkpt>
      <trkpt lat="45.518799405544996" lon="109.59833716973662">
        <ele>1003.4</ele>
        <time>2026-08-24T10:14:50.000Z</time>
      </trkpt>
      <trkpt lat="45.518105970695615" lon="109.5984613057226">
        <ele>1003.6</ele>
        <time>2026-08-24T10:15:06.000Z</time>
      </trkpt>
      <trkpt lat="45.51745771430433" lon="109.59857462905347">
        <ele>1003.8</ele>
        <time>2026-08-24T10:15:22.000Z</time>
      </trkpt>
      <trkpt lat="45.516805769875646" lon="109.59869189187884">
        <ele>1004.2</ele>
        <time>2026-08-24T10:15:38.000Z</time>
      </trkpt>
      <trkpt lat="45.51620897836983" lon="109.59881552495062">
        <ele>1004.4</ele>
        <time>2026-08-24T10:15:54.000Z</time>
      </trkpt>
      <trkpt lat="45.51562098786235" lon="109.59897075779736">
        <ele>1004.8</ele>
        <time>2026-08-24T10:16:10.000Z</time>
      </trkpt>
      <trkpt lat="45.51500340923667" lon="109.59916211664677">
        <ele>1004.8</ele>
        <time>2026-08-24T10:16:26.000Z</time>
      </trkpt>
      <trkpt lat="45.5142973177135" lon="109.59942480549216">
        <ele>1004</ele>
        <time>2026-08-24T10:16:42.000Z</time>
      </trkpt>
      <trkpt lat="45.51351511850953" lon="109.59975865669549">
        <ele>1002.8</ele>
        <time>2026-08-24T10:16:59.000Z</time>
      </trkpt>
      <trkpt lat="45.51246997900307" lon="109.60029769688845">
        <ele>1000</ele>
        <time>2026-08-24T10:17:16.000Z</time>
      </trkpt>
      <trkpt lat="45.51233268342912" lon="109.6003744751215">
        <ele>999.6</ele>
        <time>2026-08-24T10:17:18.000Z</time>
      </trkpt>
      <trkpt lat="45.5121920350939" lon="109.6004503313452">
        <ele>999.2</ele>
        <time>2026-08-24T10:17:20.000Z</time>
      </trkpt>
      <trkpt lat="45.51204912364483" lon="109.6005301270634">
        <ele>998.8</ele>
        <time>2026-08-24T10:17:22.000Z</time>
      </trkpt>
      <trkpt lat="45.51161142066121" lon="109.6007661614567">
        <ele>997.6</ele>
        <time>2026-08-24T10:17:28.000Z</time>
      </trkpt>
      <trkpt lat="45.5105066858232" lon="109.6013710834086">
        <ele>995.8</ele>
        <time>2026-08-24T10:17:44.000Z</time>
      </trkpt>
      <trkpt lat="45.50967721268535" lon="109.60183124989271">
        <ele>995.8</ele>
        <time>2026-08-24T10:18:00.000Z</time>
      </trkpt>
      <trkpt lat="45.50896491855383" lon="109.60223006084561">
        <ele>995.6</ele>
        <time>2026-08-24T10:18:16.000Z</time>
      </trkpt>
      <trkpt lat="45.50831372849643" lon="109.60258277133107">
        <ele>995.8</ele>
        <time>2026-08-24T10:18:32.000Z</time>
      </trkpt>
      <trkpt lat="45.50772221758962" lon="109.60291125811636">
        <ele>996.4</ele>
        <time>2026-08-24T10:18:48.000Z</time>
      </trkpt>
      <trkpt lat="45.50721997395158" lon="109.6031928062439">
        <ele>997.8</ele>
        <time>2026-08-24T10:19:04.000Z</time>
      </trkpt>
      <trkpt lat="45.5067871324718" lon="109.60344929248095">
        <ele>998.8</ele>
        <time>2026-08-24T10:19:21.000Z</time>
      </trkpt>
      <trkpt lat="45.50637952052057" lon="109.60372061468661">
        <ele>999.2</ele>
        <time>2026-08-24T10:19:37.000Z</time>
      </trkpt>
      <trkpt lat="45.505906865000725" lon="109.60405195131898">
        <ele>999.6</ele>
        <time>2026-08-24T10:19:53.000Z</time>
      </trkpt>
      <trkpt lat="45.50539783202112" lon="109.60439845919609">
        <ele>999.8</ele>
        <time>2026-08-24T10:20:09.000Z</time>
      </trkpt>
      <trkpt lat="45.504873879253864" lon="109.60483146831393">
        <ele>999.4</ele>
        <time>2026-08-24T10:20:25.000Z</time>
      </trkpt>
      <trkpt lat="45.50422587431967" lon="109.60541912354529">
        <ele>998.2</ele>
        <time>2026-08-24T10:20:41.000Z</time>
      </trkpt>
      <trkpt lat="45.50345817580819" lon="109.60616502910852">
        <ele>996.6</ele>
        <time>2026-08-24T10:20:57.000Z</time>
      </trkpt>
      <trkpt lat="45.50261411815882" lon="109.60699500516057">
        <ele>994.4</ele>
        <time>2026-08-24T10:21:13.000Z</time>
      </trkpt>
      <trkpt lat="45.50164232030511" lon="109.60796889849007">
        <ele>992.6</ele>
        <time>2026-08-24T10:21:29.000Z</time>
      </trkpt>
      <trkpt lat="45.50084193237126" lon="109.60878261364996">
        <ele>992</ele>
        <time>2026-08-24T10:21:46.000Z</time>
      </trkpt>
      <trkpt lat="45.5003235116601" lon="109.60931855253875">
        <ele>991.6</ele>
        <time>2026-08-24T10:22:00.000Z</time>
      </trkpt>
      <trkpt lat="45.50031102262437" lon="109.60937395691872">
        <ele>991.8</ele>
        <time>2026-08-24T10:22:04.000Z</time>
      </trkpt>
      <trkpt lat="45.50042971037328" lon="109.6091743838042">
        <ele>991.8</ele>
        <time>2026-08-24T10:22:12.000Z</time>
      </trkpt>
      <trkpt lat="45.500234328210354" lon="109.60936917923391">
        <ele>991.6</ele>
        <time>2026-08-24T10:24:12.000Z</time>
      </trkpt>
      <trkpt lat="45.49981355667114" lon="109.60977938957512">
        <ele>991.4</ele>
        <time>2026-08-24T10:24:28.000Z</time>
      </trkpt>
      <trkpt lat="45.49929656088352" lon="109.61029755882919">
        <ele>991.6</ele>
        <time>2026-08-24T10:24:44.000Z</time>
      </trkpt>
      <trkpt lat="45.49881460145116" lon="109.61078329011798">
        <ele>992.4</ele>
        <time>2026-08-24T10:25:00.000Z</time>
      </trkpt>
      <trkpt lat="45.49840271472931" lon="109.61119098588824">
        <ele>993.4</ele>
        <time>2026-08-24T10:25:16.000Z</time>
      </trkpt>
      <trkpt lat="45.49795906059444" lon="109.61163044907153">
        <ele>994.2</ele>
        <time>2026-08-24T10:25:32.000Z</time>
      </trkpt>
      <trkpt lat="45.49749336205423" lon="109.61209271103144">
        <ele>995</ele>
        <time>2026-08-24T10:25:48.000Z</time>
      </trkpt>
      <trkpt lat="45.49698617309332" lon="109.61259562522173">
        <ele>995</ele>
        <time>2026-08-24T10:26:04.000Z</time>
      </trkpt>
      <trkpt lat="45.4964070674032" lon="109.61316936649382">
        <ele>994.6</ele>
        <time>2026-08-24T10:26:21.000Z</time>
      </trkpt>
      <trkpt lat="45.49575109966099" lon="109.61380764842033">
        <ele>993.4</ele>
        <time>2026-08-24T10:26:37.000Z</time>
      </trkpt>
      <trkpt lat="45.495019778609276" lon="109.6145211160183">
        <ele>992.2</ele>
        <time>2026-08-24T10:26:53.000Z</time>
      </trkpt>
      <trkpt lat="45.494245709851384" lon="109.61526417173445">
        <ele>990.8</ele>
        <time>2026-08-24T10:27:09.000Z</time>
      </trkpt>
      <trkpt lat="45.49340349622071" lon="109.61606715805829">
        <ele>989.2</ele>
        <time>2026-08-24T10:27:25.000Z</time>
      </trkpt>
      <trkpt lat="45.492500429973006" lon="109.61692077107728">
        <ele>987.8</ele>
        <time>2026-08-24T10:27:41.000Z</time>
      </trkpt>
      <trkpt lat="45.491605158895254" lon="109.61775745265186">
        <ele>986.8</ele>
        <time>2026-08-24T10:27:57.000Z</time>
      </trkpt>
      <trkpt lat="45.49069857224822" lon="109.61861550807953">
        <ele>985.2</ele>
        <time>2026-08-24T10:28:13.000Z</time>
      </trkpt>
      <trkpt lat="45.48980388790369" lon="109.61945579387248">
        <ele>984.2</ele>
        <time>2026-08-24T10:28:29.000Z</time>
      </trkpt>
      <trkpt lat="45.48883745446801" lon="109.62036590091884">
        <ele>983</ele>
        <time>2026-08-24T10:28:46.000Z</time>
      </trkpt>
      <trkpt lat="45.487907733768225" lon="109.62124038487673">
        <ele>981.8</ele>
        <time>2026-08-24T10:29:02.000Z</time>
      </trkpt>
      <trkpt lat="45.487021431326866" lon="109.62207237258554">
        <ele>981.4</ele>
        <time>2026-08-24T10:29:18.000Z</time>
      </trkpt>
      <trkpt lat="45.48633277416229" lon="109.62271509692073">
        <ele>983</ele>
        <time>2026-08-24T10:29:34.000Z</time>
      </trkpt>
      <trkpt lat="45.485873529687524" lon="109.62314148433506">
        <ele>984.2</ele>
        <time>2026-08-24T10:29:50.000Z</time>
      </trkpt>
      <trkpt lat="45.48542669042945" lon="109.6235543768853">
        <ele>985.4</ele>
        <time>2026-08-24T10:30:06.000Z</time>
      </trkpt>
      <trkpt lat="45.48496250063181" lon="109.6239960193634">
        <ele>986.4</ele>
        <time>2026-08-24T10:30:22.000Z</time>
      </trkpt>
      <trkpt lat="45.48450971022248" lon="109.62442886084318">
        <ele>987</ele>
        <time>2026-08-24T10:30:38.000Z</time>
      </trkpt>
      <trkpt lat="45.48401853069663" lon="109.62488777004182">
        <ele>987.2</ele>
        <time>2026-08-24T10:30:54.000Z</time>
      </trkpt>
      <trkpt lat="45.4834277741611" lon="109.62544307112694">
        <ele>987.2</ele>
        <time>2026-08-24T10:31:11.000Z</time>
      </trkpt>
      <trkpt lat="45.48287406563759" lon="109.62597071193159">
        <ele>987.4</ele>
        <time>2026-08-24T10:31:27.000Z</time>
      </trkpt>
      <trkpt lat="45.48227668739855" lon="109.62652710266411">
        <ele>987.4</ele>
        <time>2026-08-24T10:31:43.000Z</time>
      </trkpt>
      <trkpt lat="45.48168048262596" lon="109.62709539569914">
        <ele>987.4</ele>
        <time>2026-08-24T10:31:59.000Z</time>
      </trkpt>
      <trkpt lat="45.481027364730835" lon="109.62770559825003">
        <ele>987.2</ele>
        <time>2026-08-24T10:32:15.000Z</time>
      </trkpt>
      <trkpt lat="45.48034415580332" lon="109.62835368700325">
        <ele>986.8</ele>
        <time>2026-08-24T10:32:31.000Z</time>
      </trkpt>
      <trkpt lat="45.47964761964977" lon="109.62900537997484">
        <ele>986.6</ele>
        <time>2026-08-24T10:32:47.000Z</time>
      </trkpt>
      <trkpt lat="45.478989807888865" lon="109.62962488643825">
        <ele>986.8</ele>
        <time>2026-08-24T10:33:03.000Z</time>
      </trkpt>
      <trkpt lat="45.47836267389357" lon="109.63021363131702">
        <ele>986.8</ele>
        <time>2026-08-24T10:33:19.000Z</time>
      </trkpt>
      <trkpt lat="45.477704694494605" lon="109.6308343950659">
        <ele>986.8</ele>
        <time>2026-08-24T10:33:36.000Z</time>
      </trkpt>
      <trkpt lat="45.477093402296305" lon="109.63141626678407">
        <ele>987</ele>
        <time>2026-08-24T10:33:52.000Z</time>
      </trkpt>
      <trkpt lat="45.47649619169533" lon="109.63198682293296">
        <ele>987.2</ele>
        <time>2026-08-24T10:34:08.000Z</time>
      </trkpt>
      <trkpt lat="45.47587299719453" lon="109.63257648982108">
        <ele>987.6</ele>
        <time>2026-08-24T10:34:24.000Z</time>
      </trkpt>
      <trkpt lat="45.47534393146634" lon="109.63307437486947">
        <ele>988.6</ele>
        <time>2026-08-24T10:34:40.000Z</time>
      </trkpt>
      <trkpt lat="45.474924333393574" lon="109.63346530683339">
        <ele>990</ele>
        <time>2026-08-24T10:34:56.000Z</time>
      </trkpt>
      <trkpt lat="45.47456793487072" lon="109.63380695320666">
        <ele>991</ele>
        <time>2026-08-24T10:35:12.000Z</time>
      </trkpt>
      <trkpt lat="45.47421606257558" lon="109.63414859957993">
        <ele>992.2</ele>
        <time>2026-08-24T10:35:28.000Z</time>
      </trkpt>
      <trkpt lat="45.473854802548885" lon="109.63449929840863">
        <ele>993.2</ele>
        <time>2026-08-24T10:35:44.000Z</time>
      </trkpt>
      <trkpt lat="45.4735226277262" lon="109.63481705635786">
        <ele>994.2</ele>
        <time>2026-08-24T10:36:01.000Z</time>
      </trkpt>
      <trkpt lat="45.47316949814558" lon="109.63516096584499">
        <ele>995.2</ele>
        <time>2026-08-24T10:36:17.000Z</time>
      </trkpt>
      <trkpt lat="45.47279239632189" lon="109.63554410263896">
        <ele>996.2</ele>
        <time>2026-08-24T10:36:33.000Z</time>
      </trkpt>
      <trkpt lat="45.47243029810488" lon="109.63591852225363">
        <ele>996.8</ele>
        <time>2026-08-24T10:36:49.000Z</time>
      </trkpt>
      <trkpt lat="45.472069792449474" lon="109.6363035030663">
        <ele>997</ele>
        <time>2026-08-24T10:37:05.000Z</time>
      </trkpt>
      <trkpt lat="45.471642734482884" lon="109.63675662875175">
        <ele>997.2</ele>
        <time>2026-08-24T10:37:21.000Z</time>
      </trkpt>
      <trkpt lat="45.47118709422648" lon="109.63724160566926">
        <ele>996.8</ele>
        <time>2026-08-24T10:37:37.000Z</time>
      </trkpt>
      <trkpt lat="45.470711002126336" lon="109.63777435943484">
        <ele>996.4</ele>
        <time>2026-08-24T10:37:53.000Z</time>
      </trkpt>
      <trkpt lat="45.470217475667596" lon="109.63831851258874">
        <ele>996</ele>
        <time>2026-08-24T10:38:09.000Z</time>
      </trkpt>
      <trkpt lat="45.46976619400084" lon="109.63884782977402">
        <ele>995.6</ele>
        <time>2026-08-24T10:38:26.000Z</time>
      </trkpt>
      <trkpt lat="45.46933528035879" lon="109.63934345170856">
        <ele>995.2</ele>
        <time>2026-08-24T10:38:42.000Z</time>
      </trkpt>
      <trkpt lat="45.46898717992008" lon="109.6397420950234">
        <ele>995.4</ele>
        <time>2026-08-24T10:38:58.000Z</time>
      </trkpt>
      <trkpt lat="45.46862876974046" lon="109.64015557430685">
        <ele>995.4</ele>
        <time>2026-08-24T10:39:14.000Z</time>
      </trkpt>
      <trkpt lat="45.46848946250975" lon="109.64032438583672">
        <ele>995.4</ele>
        <time>2026-08-24T10:41:26.000Z</time>
      </trkpt>
      <trkpt lat="45.46813759021461" lon="109.64073727838695">
        <ele>995.4</ele>
        <time>2026-08-24T10:41:42.000Z</time>
      </trkpt>
      <trkpt lat="45.467786975204945" lon="109.64114631526172">
        <ele>995.6</ele>
        <time>2026-08-24T10:41:58.000Z</time>
      </trkpt>
      <trkpt lat="45.467384811490774" lon="109.64161176234484">
        <ele>995.8</ele>
        <time>2026-08-24T10:42:14.000Z</time>
      </trkpt>
      <trkpt lat="45.46695616096258" lon="109.6420974098146">
        <ele>996</ele>
        <time>2026-08-24T10:42:30.000Z</time>
      </trkpt>
      <trkpt lat="45.46655198559165" lon="109.64255942031741">
        <ele>996.2</ele>
        <time>2026-08-24T10:42:46.000Z</time>
      </trkpt>
      <trkpt lat="45.466101206839085" lon="109.64308429509401">
        <ele>996.2</ele>
        <time>2026-08-24T10:43:03.000Z</time>
      </trkpt>
      <trkpt lat="45.46556392684579" lon="109.64370841160417">
        <ele>995.6</ele>
        <time>2026-08-24T10:43:19.000Z</time>
      </trkpt>
      <trkpt lat="45.4649658780545" lon="109.6444022655487">
        <ele>994.6</ele>
        <time>2026-08-24T10:43:35.000Z</time>
      </trkpt>
      <trkpt lat="45.464322064071894" lon="109.64515278115869">
        <ele>994</ele>
        <time>2026-08-24T10:43:51.000Z</time>
      </trkpt>
      <trkpt lat="45.46367942355573" lon="109.64589357376099">
        <ele>993.6</ele>
        <time>2026-08-24T10:44:07.000Z</time>
      </trkpt>
      <trkpt lat="45.46305228956044" lon="109.64662120677531">
        <ele>993.4</ele>
        <time>2026-08-24T10:44:23.000Z</time>
      </trkpt>
      <trkpt lat="45.46241283416748" lon="109.64736308902502">
        <ele>993</ele>
        <time>2026-08-24T10:44:39.000Z</time>
      </trkpt>
      <trkpt lat="45.46174379065633" lon="109.64813908562064">
        <ele>992.4</ele>
        <time>2026-08-24T10:44:55.000Z</time>
      </trkpt>
      <trkpt lat="45.46106628142297" lon="109.64892715215683">
        <ele>991.2</ele>
        <time>2026-08-24T10:45:11.000Z</time>
      </trkpt>
      <trkpt lat="45.46033311635256" lon="109.64978118427098">
        <ele>990.4</ele>
        <time>2026-08-24T10:45:28.000Z</time>
      </trkpt>
      <trkpt lat="45.45951973646879" lon="109.65072758495808">
        <ele>989.4</ele>
        <time>2026-08-24T10:45:44.000Z</time>
      </trkpt>
      <trkpt lat="45.45878271572292" lon="109.65157725848258">
        <ele>989.6</ele>
        <time>2026-08-24T10:46:00.000Z</time>
      </trkpt>
      <trkpt lat="45.45819405466318" lon="109.6522721182555">
        <ele>989.8</ele>
        <time>2026-08-24T10:46:16.000Z</time>
      </trkpt>
      <trkpt lat="45.45765803195536" lon="109.65289539657533">
        <ele>990.2</ele>
        <time>2026-08-24T10:46:32.000Z</time>
      </trkpt>
      <trkpt lat="45.45715696178377" lon="109.65345840901136">
        <ele>990.4</ele>
        <time>2026-08-24T10:46:48.000Z</time>
      </trkpt>
      <trkpt lat="45.4566734097898" lon="109.65401446446776">
        <ele>990.6</ele>
        <time>2026-08-24T10:47:04.000Z</time>
      </trkpt>
      <trkpt lat="45.45613160356879" lon="109.6546409279108">
        <ele>991.2</ele>
        <time>2026-08-24T10:47:20.000Z</time>
      </trkpt>
      <trkpt lat="45.45567571185529" lon="109.65516932308674">
        <ele>991.2</ele>
        <time>2026-08-24T10:47:36.000Z</time>
      </trkpt>
      <trkpt lat="45.455204313620925" lon="109.65569109655917">
        <ele>991.4</ele>
        <time>2026-08-24T10:47:53.000Z</time>
      </trkpt>
      <trkpt lat="45.45473492704332" lon="109.65617858804762">
        <ele>991.6</ele>
        <time>2026-08-24T10:48:09.000Z</time>
      </trkpt>
      <trkpt lat="45.454145930707455" lon="109.65679700486362">
        <ele>992</ele>
        <time>2026-08-24T10:48:25.000Z</time>
      </trkpt>
      <trkpt lat="45.45354578644037" lon="109.65740460902452">
        <ele>992</ele>
        <time>2026-08-24T10:48:41.000Z</time>
      </trkpt>
      <trkpt lat="45.452938014641404" lon="109.65799368917942">
        <ele>992</ele>
        <time>2026-08-24T10:48:57.000Z</time>
      </trkpt>
      <trkpt lat="45.452297972515225" lon="109.65859106741846">
        <ele>992.2</ele>
        <time>2026-08-24T10:49:13.000Z</time>
      </trkpt>
      <trkpt lat="45.45165432617068" lon="109.65916790999472">
        <ele>992.2</ele>
        <time>2026-08-24T10:49:29.000Z</time>
      </trkpt>
      <trkpt lat="45.4509712010622" lon="109.65976336039603">
        <ele>992.6</ele>
        <time>2026-08-24T10:49:45.000Z</time>
      </trkpt>
      <trkpt lat="45.450343983247876" lon="109.6602826192975">
        <ele>993.2</ele>
        <time>2026-08-24T10:50:01.000Z</time>
      </trkpt>
      <trkpt lat="45.44966001994908" lon="109.66085552237928">
        <ele>993.8</ele>
        <time>2026-08-24T10:50:18.000Z</time>
      </trkpt>
      <trkpt lat="45.449092984199524" lon="109.66133236885071">
        <ele>994.6</ele>
        <time>2026-08-24T10:50:34.000Z</time>
      </trkpt>
      <trkpt lat="45.44856442138553" lon="109.66176873072982">
        <ele>995.2</ele>
        <time>2026-08-24T10:50:50.000Z</time>
      </trkpt>
      <trkpt lat="45.44801716692746" lon="109.66222177259624">
        <ele>995.4</ele>
        <time>2026-08-24T10:51:06.000Z</time>
      </trkpt>
      <trkpt lat="45.44739640317857" lon="109.66274958103895">
        <ele>995.6</ele>
        <time>2026-08-24T10:51:22.000Z</time>
      </trkpt>
      <trkpt lat="45.446752002462745" lon="109.66328820213675">
        <ele>995.6</ele>
        <time>2026-08-24T10:51:38.000Z</time>
      </trkpt>
      <trkpt lat="45.44608706608415" lon="109.66384408995509">
        <ele>995.6</ele>
        <time>2026-08-24T10:51:54.000Z</time>
      </trkpt>
      <trkpt lat="45.44542062096298" lon="109.66440265998244">
        <ele>995.4</ele>
        <time>2026-08-24T10:52:10.000Z</time>
      </trkpt>
      <trkpt lat="45.444731963798404" lon="109.66497782617807">
        <ele>995.4</ele>
        <time>2026-08-24T10:52:26.000Z</time>
      </trkpt>
      <trkpt lat="45.44410231523216" lon="109.66550320386887">
        <ele>996.4</ele>
        <time>2026-08-24T10:52:43.000Z</time>
      </trkpt>
      <trkpt lat="45.44361331500113" lon="109.66592322103679">
        <ele>997.2</ele>
        <time>2026-08-24T10:52:59.000Z</time>
      </trkpt>
      <trkpt lat="45.443235374987125" lon="109.6662298310548">
        <ele>998</ele>
        <time>2026-08-24T10:53:15.000Z</time>
      </trkpt>
      <trkpt lat="45.44308760203421" lon="109.66634575277567">
        <ele>998.6</ele>
        <time>2026-08-24T10:54:22.000Z</time>
      </trkpt>
      <trkpt lat="45.44270890764892" lon="109.66666300781071">
        <ele>999.2</ele>
        <time>2026-08-24T10:54:38.000Z</time>
      </trkpt>
      <trkpt lat="45.442316718399525" lon="109.66700448654592">
        <ele>1000.2</ele>
        <time>2026-08-24T10:54:55.000Z</time>
      </trkpt>
      <trkpt lat="45.441894605755806" lon="109.66736457310617">
        <ele>1000.8</ele>
        <time>2026-08-24T10:55:11.000Z</time>
      </trkpt>
      <trkpt lat="45.441473331302404" lon="109.66772206127644">
        <ele>1001.8</ele>
        <time>2026-08-24T10:55:27.000Z</time>
      </trkpt>
      <trkpt lat="45.441056499257684" lon="109.6680848300457">
        <ele>1002.6</ele>
        <time>2026-08-24T10:55:43.000Z</time>
      </trkpt>
      <trkpt lat="45.440584095194936" lon="109.66849680058658">
        <ele>1003.2</ele>
        <time>2026-08-24T10:55:59.000Z</time>
      </trkpt>
      <trkpt lat="45.44010607525706" lon="109.66891991905868">
        <ele>1003.4</ele>
        <time>2026-08-24T10:56:15.000Z</time>
      </trkpt>
      <trkpt lat="45.439591174945235" lon="109.66938662342727">
        <ele>1003.6</ele>
        <time>2026-08-24T10:56:31.000Z</time>
      </trkpt>
      <trkpt lat="45.43905842117965" lon="109.66986020095646">
        <ele>1003.8</ele>
        <time>2026-08-24T10:56:47.000Z</time>
      </trkpt>
      <trkpt lat="45.4385207220912" lon="109.67034601606429">
        <ele>1004</ele>
        <time>2026-08-24T10:57:03.000Z</time>
      </trkpt>
      <trkpt lat="45.437919069081545" lon="109.67090165242553">
        <ele>1004.2</ele>
        <time>2026-08-24T10:57:20.000Z</time>
      </trkpt>
      <trkpt lat="45.437382627278566" lon="109.67140255495906">
        <ele>1004.2</ele>
        <time>2026-08-24T10:57:36.000Z</time>
      </trkpt>
      <trkpt lat="45.436861189082265" lon="109.67189189046621">
        <ele>1004.4</ele>
        <time>2026-08-24T10:57:52.000Z</time>
      </trkpt>
      <trkpt lat="45.436316868290305" lon="109.67239941470325">
        <ele>1004.6</ele>
        <time>2026-08-24T10:58:08.000Z</time>
      </trkpt>
      <trkpt lat="45.43576885946095" lon="109.67291221953928">
        <ele>1004.6</ele>
        <time>2026-08-24T10:58:24.000Z</time>
      </trkpt>
      <trkpt lat="45.43520098552108" lon="109.67344019562006">
        <ele>1005</ele>
        <time>2026-08-24T10:58:40.000Z</time>
      </trkpt>
      <trkpt lat="45.43465272523463" lon="109.67396079562604">
        <ele>1005</ele>
        <time>2026-08-24T10:58:56.000Z</time>
      </trkpt>
      <trkpt lat="45.43412349186838" lon="109.67445390298963">
        <ele>1005.2</ele>
        <time>2026-08-24T10:59:12.000Z</time>
      </trkpt>
      <trkpt lat="45.43361739255488" lon="109.6749284863472">
        <ele>1005.2</ele>
        <time>2026-08-24T10:59:28.000Z</time>
      </trkpt>
      <trkpt lat="45.43306510895491" lon="109.67544757761061">
        <ele>1005.4</ele>
        <time>2026-08-24T10:59:45.000Z</time>
      </trkpt>
      <trkpt lat="45.432469910010695" lon="109.67600086703897">
        <ele>1005.6</ele>
        <time>2026-08-24T11:00:01.000Z</time>
      </trkpt>
      <trkpt lat="45.43185392394662" lon="109.67657628469169">
        <ele>1005.8</ele>
        <time>2026-08-24T11:00:17.000Z</time>
      </trkpt>
      <trkpt lat="45.4312195815146" lon="109.67716846615076">
        <ele>1006</ele>
        <time>2026-08-24T11:00:33.000Z</time>
      </trkpt>
      <trkpt lat="45.43061373755336" lon="109.67773432843387">
        <ele>1006.2</ele>
        <time>2026-08-24T11:00:49.000Z</time>
      </trkpt>
      <trkpt lat="45.43005206622183" lon="109.67826046049595">
        <ele>1007</ele>
        <time>2026-08-24T11:01:05.000Z</time>
      </trkpt>
      <trkpt lat="45.42953892610967" lon="109.67874510213733">
        <ele>1008</ele>
        <time>2026-08-24T11:01:21.000Z</time>
      </trkpt>
      <trkpt lat="45.429046992212534" lon="109.67920627444983">
        <ele>1009</ele>
        <time>2026-08-24T11:01:37.000Z</time>
      </trkpt>
      <trkpt lat="45.428558913990855" lon="109.67966560274363">
        <ele>1009.8</ele>
        <time>2026-08-24T11:01:53.000Z</time>
      </trkpt>
      <trkpt lat="45.428078128024936" lon="109.68011445365846">
        <ele>1010.6</ele>
        <time>2026-08-24T11:02:10.000Z</time>
      </trkpt>
      <trkpt lat="45.42767043225467" lon="109.68047571368515">
        <ele>1011.2</ele>
        <time>2026-08-24T11:02:22.000Z</time>
      </trkpt>
      <trkpt lat="45.42709962464869" lon="109.6809639595449">
        <ele>1011.8</ele>
        <time>2026-08-24T11:02:38.000Z</time>
      </trkpt>
      <trkpt lat="45.42655077762902" lon="109.68140702694654">
        <ele>1012.4</ele>
        <time>2026-08-24T11:02:54.000Z</time>
      </trkpt>
      <trkpt lat="45.42598759755492" lon="109.6818427182734">
        <ele>1013</ele>
        <time>2026-08-24T11:03:10.000Z</time>
      </trkpt>
      <trkpt lat="45.42542500421405" lon="109.6822489053011">
        <ele>1013.6</ele>
        <time>2026-08-24T11:03:26.000Z</time>
      </trkpt>
      <trkpt lat="45.424830727279186" lon="109.68266012147069">
        <ele>1013.8</ele>
        <time>2026-08-24T11:03:42.000Z</time>
      </trkpt>
      <trkpt lat="45.424192529171705" lon="109.68306018970907">
        <ele>1014</ele>
        <time>2026-08-24T11:03:58.000Z</time>
      </trkpt>
      <trkpt lat="45.4235053807497" lon="109.68346076086164">
        <ele>1014.2</ele>
        <time>2026-08-24T11:04:14.000Z</time>
      </trkpt>
      <trkpt lat="45.42279685847461" lon="109.68384842388332">
        <ele>1014</ele>
        <time>2026-08-24T11:04:31.000Z</time>
      </trkpt>
      <trkpt lat="45.422060675919056" lon="109.6842209994793">
        <ele>1014.2</ele>
        <time>2026-08-24T11:04:47.000Z</time>
      </trkpt>
      <trkpt lat="45.42136078700423" lon="109.68456675298512">
        <ele>1014.2</ele>
        <time>2026-08-24T11:05:03.000Z</time>
      </trkpt>
      <trkpt lat="45.42068143375218" lon="109.68490186147392">
        <ele>1014</ele>
        <time>2026-08-24T11:05:19.000Z</time>
      </trkpt>
      <trkpt lat="45.420003505423665" lon="109.6852342877537">
        <ele>1013.8</ele>
        <time>2026-08-24T11:05:35.000Z</time>
      </trkpt>
      <trkpt lat="45.41932616382837" lon="109.68556956388056">
        <ele>1013.8</ele>
        <time>2026-08-24T11:05:51.000Z</time>
      </trkpt>
      <trkpt lat="45.41862233541906" lon="109.68591389246285">
        <ele>1013.8</ele>
        <time>2026-08-24T11:06:07.000Z</time>
      </trkpt>
      <trkpt lat="45.41796125471592" lon="109.68624061904848">
        <ele>1013.8</ele>
        <time>2026-08-24T11:06:23.000Z</time>
      </trkpt>
      <trkpt lat="45.41736563667655" lon="109.68652551993728">
        <ele>1014.8</ele>
        <time>2026-08-24T11:06:39.000Z</time>
      </trkpt>
      <trkpt lat="45.416774209588766" lon="109.68681771308184">
        <ele>1016</ele>
        <time>2026-08-24T11:06:56.000Z</time>
      </trkpt>
      <trkpt lat="45.416288394480944" lon="109.6870596986264">
        <ele>1017.2</ele>
        <time>2026-08-24T11:07:12.000Z</time>
      </trkpt>
      <trkpt lat="45.415808614343405" lon="109.68729346990585">
        <ele>1018.2</ele>
        <time>2026-08-24T11:07:28.000Z</time>
      </trkpt>
      <trkpt lat="45.41529128327966" lon="109.68756638467312">
        <ele>1019.2</ele>
        <time>2026-08-24T11:07:44.000Z</time>
      </trkpt>
      <trkpt lat="45.41474419645965" lon="109.68789151869714">
        <ele>1019.6</ele>
        <time>2026-08-24T11:08:00.000Z</time>
      </trkpt>
      <trkpt lat="45.41414321400225" lon="109.68828848563135">
        <ele>1019.6</ele>
        <time>2026-08-24T11:08:16.000Z</time>
      </trkpt>
      <trkpt lat="45.413509123027325" lon="109.68877572566271">
        <ele>1019.4</ele>
        <time>2026-08-24T11:08:32.000Z</time>
      </trkpt>
      <trkpt lat="45.41283898986876" lon="109.68935910612345">
        <ele>1019.2</ele>
        <time>2026-08-24T11:08:48.000Z</time>
      </trkpt>
      <trkpt lat="45.41224957443774" lon="109.68993091955781">
        <ele>1019</ele>
        <time>2026-08-24T11:09:03.000Z</time>
      </trkpt>
      <trkpt lat="45.412076991051435" lon="109.69012772664428">
        <ele>1019</ele>
        <time>2026-08-24T11:10:32.000Z</time>
      </trkpt>
      <trkpt lat="45.411715395748615" lon="109.69044489786029">
        <ele>1018.8</ele>
        <time>2026-08-24T11:10:45.000Z</time>
      </trkpt>
      <trkpt lat="45.41114785708487" lon="109.69101017341018">
        <ele>1018</ele>
        <time>2026-08-24T11:11:01.000Z</time>
      </trkpt>
      <trkpt lat="45.41040698066354" lon="109.69175448641181">
        <ele>1016.2</ele>
        <time>2026-08-24T11:11:17.000Z</time>
      </trkpt>
      <trkpt lat="45.40941171348095" lon="109.69274112023413">
        <ele>1013.6</ele>
        <time>2026-08-24T11:11:34.000Z</time>
      </trkpt>
      <trkpt lat="45.4084643907845" lon="109.69367997720838">
        <ele>1013</ele>
        <time>2026-08-24T11:11:50.000Z</time>
      </trkpt>
      <trkpt lat="45.40761798620224" lon="109.69452110119164">
        <ele>1013</ele>
        <time>2026-08-24T11:12:06.000Z</time>
      </trkpt>
      <trkpt lat="45.406797816976905" lon="109.69533590599895">
        <ele>1013.2</ele>
        <time>2026-08-24T11:12:22.000Z</time>
      </trkpt>
      <trkpt lat="45.40604361332953" lon="109.69607686623931">
        <ele>1013.2</ele>
        <time>2026-08-24T11:12:38.000Z</time>
      </trkpt>
      <trkpt lat="45.405291337519884" lon="109.6968247834593">
        <ele>1013.4</ele>
        <time>2026-08-24T11:12:54.000Z</time>
      </trkpt>
      <trkpt lat="45.4045426659286" lon="109.69751670956612">
        <ele>1013.6</ele>
        <time>2026-08-24T11:13:10.000Z</time>
      </trkpt>
      <trkpt lat="45.40388192050159" lon="109.69809975475073">
        <ele>1013.6</ele>
        <time>2026-08-24T11:13:26.000Z</time>
      </trkpt>
      <trkpt lat="45.40356575511396" lon="109.69835448078811">
        <ele>1013.6</ele>
        <time>2026-08-24T11:13:37.000Z</time>
      </trkpt>
      <trkpt lat="45.403014309704304" lon="109.69879629090428">
        <ele>1013.6</ele>
        <time>2026-08-24T11:14:05.000Z</time>
      </trkpt>
      <trkpt lat="45.40240628644824" lon="109.69927355647087">
        <ele>1013.6</ele>
        <time>2026-08-24T11:14:21.000Z</time>
      </trkpt>
      <trkpt lat="45.401720982044935" lon="109.69980790279806">
        <ele>1013.6</ele>
        <time>2026-08-24T11:14:37.000Z</time>
      </trkpt>
      <trkpt lat="45.40100349113345" lon="109.7003720048815">
        <ele>1013.4</ele>
        <time>2026-08-24T11:14:53.000Z</time>
      </trkpt>
      <trkpt lat="45.400274097919464" lon="109.70093350857496">
        <ele>1013.2</ele>
        <time>2026-08-24T11:15:09.000Z</time>
      </trkpt>
      <trkpt lat="45.39955417625606" lon="109.70149819739163">
        <ele>1013</ele>
        <time>2026-08-24T11:15:25.000Z</time>
      </trkpt>
      <trkpt lat="45.39880860596895" lon="109.70208275131881">
        <ele>1013</ele>
        <time>2026-08-24T11:15:41.000Z</time>
      </trkpt>
      <trkpt lat="45.39803646504879" lon="109.70269069075584">
        <ele>1013</ele>
        <time>2026-08-24T11:15:57.000Z</time>
      </trkpt>
      <trkpt lat="45.39735526777804" lon="109.70322327688336">
        <ele>1013.2</ele>
        <time>2026-08-24T11:16:13.000Z</time>
      </trkpt>
      <trkpt lat="45.39660877548158" lon="109.70381076447666">
        <ele>1014.2</ele>
        <time>2026-08-24T11:16:30.000Z</time>
      </trkpt>
      <trkpt lat="45.395944928750396" lon="109.7043317835778">
        <ele>1014.8</ele>
        <time>2026-08-24T11:16:46.000Z</time>
      </trkpt>
      <trkpt lat="45.39528007619083" lon="109.70486990176141">
        <ele>1015</ele>
        <time>2026-08-24T11:17:02.000Z</time>
      </trkpt>
      <trkpt lat="45.394698875024915" lon="109.70536351203918">
        <ele>1015.6</ele>
        <time>2026-08-24T11:17:18.000Z</time>
      </trkpt>
      <trkpt lat="45.39407039992511" lon="109.70592141151428">
        <ele>1016</ele>
        <time>2026-08-24T11:17:34.000Z</time>
      </trkpt>
      <trkpt lat="45.39341342635453" lon="109.70652272924781">
        <ele>1016.4</ele>
        <time>2026-08-24T11:17:50.000Z</time>
      </trkpt>
      <trkpt lat="45.392705826088786" lon="109.70720702782273">
        <ele>1016</ele>
        <time>2026-08-24T11:18:06.000Z</time>
      </trkpt>
      <trkpt lat="45.391918597742915" lon="109.70801135525107">
        <ele>1015.4</ele>
        <time>2026-08-24T11:18:22.000Z</time>
      </trkpt>
      <trkpt lat="45.39109096862376" lon="109.70889832824469">
        <ele>1014.8</ele>
        <time>2026-08-24T11:18:38.000Z</time>
      </trkpt>
      <trkpt lat="45.390182454138994" lon="109.70987817272544">
        <ele>1014</ele>
        <time>2026-08-24T11:18:55.000Z</time>
      </trkpt>
      <trkpt lat="45.389296067878604" lon="109.71083085983992">
        <ele>1013</ele>
        <time>2026-08-24T11:19:11.000Z</time>
      </trkpt>
      <trkpt lat="45.38839777931571" lon="109.7117936052382">
        <ele>1012.4</ele>
        <time>2026-08-24T11:19:27.000Z</time>
      </trkpt>
      <trkpt lat="45.38752589374781" lon="109.71273187547922">
        <ele>1011.6</ele>
        <time>2026-08-24T11:19:43.000Z</time>
      </trkpt>
      <trkpt lat="45.38668669760227" lon="109.71363401971757">
        <ele>1010.6</ele>
        <time>2026-08-24T11:19:59.000Z</time>
      </trkpt>
      <trkpt lat="45.38584901019931" lon="109.71453859470785">
        <ele>1010.6</ele>
        <time>2026-08-24T11:20:15.000Z</time>
      </trkpt>
      <trkpt lat="45.38506932556629" lon="109.7153852507472">
        <ele>1010</ele>
        <time>2026-08-24T11:20:31.000Z</time>
      </trkpt>
      <trkpt lat="45.38434026762843" lon="109.71616401337087">
        <ele>1009.6</ele>
        <time>2026-08-24T11:20:47.000Z</time>
      </trkpt>
      <trkpt lat="45.38366091437638" lon="109.7168961726129">
        <ele>1009</ele>
        <time>2026-08-24T11:21:04.000Z</time>
      </trkpt>
      <trkpt lat="45.382940489798784" lon="109.71766429021955">
        <ele>1008.4</ele>
        <time>2026-08-24T11:21:20.000Z</time>
      </trkpt>
      <trkpt lat="45.38220087066293" lon="109.71846249885857">
        <ele>1007.6</ele>
        <time>2026-08-24T11:21:36.000Z</time>
      </trkpt>
      <trkpt lat="45.381439961493015" lon="109.7192762978375">
        <ele>1006.8</ele>
        <time>2026-08-24T11:21:52.000Z</time>
      </trkpt>
      <trkpt lat="45.38061358965933" lon="109.72009738907218">
        <ele>1006</ele>
        <time>2026-08-24T11:22:08.000Z</time>
      </trkpt>
      <trkpt lat="45.37979920394719" lon="109.72085310146213">
        <ele>1005.4</ele>
        <time>2026-08-24T11:22:24.000Z</time>
      </trkpt>
      <trkpt lat="45.37903871387243" lon="109.72149515524507">
        <ele>1005.2</ele>
        <time>2026-08-24T11:22:40.000Z</time>
      </trkpt>
      <trkpt lat="45.37826296873391" lon="109.72209907136858">
        <ele>1005.2</ele>
        <time>2026-08-24T11:22:56.000Z</time>
      </trkpt>
      <trkpt lat="45.37744137458503" lon="109.72268429584801">
        <ele>1004.8</ele>
        <time>2026-08-24T11:23:12.000Z</time>
      </trkpt>
      <trkpt lat="45.3765226341784" lon="109.72328611649573">
        <ele>1004.2</ele>
        <time>2026-08-24T11:23:29.000Z</time>
      </trkpt>
      <trkpt lat="45.37568947300315" lon="109.72383060492575">
        <ele>1003.6</ele>
        <time>2026-08-24T11:23:45.000Z</time>
      </trkpt>
      <trkpt lat="45.37480409257114" lon="109.72444768063724">
        <ele>1003.2</ele>
        <time>2026-08-24T11:24:01.000Z</time>
      </trkpt>
      <trkpt lat="45.37406279705465" lon="109.72488689236343">
        <ele>1002.6</ele>
        <time>2026-08-24T11:24:15.000Z</time>
      </trkpt>
      <trkpt lat="45.37324832752347" lon="109.72545736469328">
        <ele>1002.6</ele>
        <time>2026-08-24T11:24:31.000Z</time>
      </trkpt>
      <trkpt lat="45.37258230149746" lon="109.72596027888358">
        <ele>1003.4</ele>
        <time>2026-08-24T11:24:47.000Z</time>
      </trkpt>
      <trkpt lat="45.37206538952887" lon="109.72639228217304">
        <ele>1003.8</ele>
        <time>2026-08-24T11:25:03.000Z</time>
      </trkpt>
      <trkpt lat="45.37156205624342" lon="109.72683493047953">
        <ele>1004.6</ele>
        <time>2026-08-24T11:25:19.000Z</time>
      </trkpt>
      <trkpt lat="45.37098026834428" lon="109.72737539559603">
        <ele>1004.8</ele>
        <time>2026-08-24T11:25:35.000Z</time>
      </trkpt>
      <trkpt lat="45.37033209577203" lon="109.72803865559399">
        <ele>1005</ele>
        <time>2026-08-24T11:25:52.000Z</time>
      </trkpt>
      <trkpt lat="45.36974301561713" lon="109.7286964673549">
        <ele>1005</ele>
        <time>2026-08-24T11:26:08.000Z</time>
      </trkpt>
      <trkpt lat="45.36915837787092" lon="109.72939878702164">
        <ele>1005</ele>
        <time>2026-08-24T11:26:24.000Z</time>
      </trkpt>
      <trkpt lat="45.368557311594486" lon="109.73014955408871">
        <ele>1005.4</ele>
        <time>2026-08-24T11:26:40.000Z</time>
      </trkpt>
      <trkpt lat="45.368178030475974" lon="109.73062447272241">
        <ele>1005.4</ele>
        <time>2026-08-24T11:26:50.000Z</time>
      </trkpt>
      <trkpt lat="45.36760378628969" lon="109.73134816624224">
        <ele>1005.2</ele>
        <time>2026-08-24T11:27:06.000Z</time>
      </trkpt>
      <trkpt lat="45.367036666721106" lon="109.73206037655473">
        <ele>1005.4</ele>
        <time>2026-08-24T11:27:22.000Z</time>
      </trkpt>
      <trkpt lat="45.36649251356721" lon="109.73273646086454">
        <ele>1005.6</ele>
        <time>2026-08-24T11:27:38.000Z</time>
      </trkpt>
      <trkpt lat="45.36593100987375" lon="109.73344372585416">
        <ele>1005.8</ele>
        <time>2026-08-24T11:27:54.000Z</time>
      </trkpt>
      <trkpt lat="45.36534612067044" lon="109.73418049514294">
        <ele>1006.2</ele>
        <time>2026-08-24T11:28:11.000Z</time>
      </trkpt>
      <trkpt lat="45.36488737910986" lon="109.73475306294858">
        <ele>1007.6</ele>
        <time>2026-08-24T11:28:27.000Z</time>
      </trkpt>
      <trkpt lat="45.36450667306781" lon="109.7352343518287">
        <ele>1008.8</ele>
        <time>2026-08-24T11:28:43.000Z</time>
      </trkpt>
      <trkpt lat="45.36415496841073" lon="109.73568135872483">
        <ele>1010</ele>
        <time>2026-08-24T11:28:59.000Z</time>
      </trkpt>
      <trkpt lat="45.36382363177836" lon="109.73609492182732">
        <ele>1010.8</ele>
        <time>2026-08-24T11:29:15.000Z</time>
      </trkpt>
      <trkpt lat="45.36346740089357" lon="109.73654561676085">
        <ele>1011.6</ele>
        <time>2026-08-24T11:29:31.000Z</time>
      </trkpt>
      <trkpt lat="45.36307563073933" lon="109.73703947849572">
        <ele>1012.2</ele>
        <time>2026-08-24T11:29:47.000Z</time>
      </trkpt>
      <trkpt lat="45.362668354064226" lon="109.73755337297916">
        <ele>1012.6</ele>
        <time>2026-08-24T11:30:03.000Z</time>
      </trkpt>
      <trkpt lat="45.362230064347386" lon="109.73810691386461">
        <ele>1012.8</ele>
        <time>2026-08-24T11:30:19.000Z</time>
      </trkpt>
      <trkpt lat="45.36191356368363" lon="109.73851142451167">
        <ele>1013</ele>
        <time>2026-08-24T11:30:30.000Z</time>
      </trkpt>
      <trkpt lat="45.36142732948065" lon="109.73914249800146">
        <ele>1013.2</ele>
        <time>2026-08-24T11:30:47.000Z</time>
      </trkpt>
      <trkpt lat="45.360998678952456" lon="109.7397066000849">
        <ele>1013.6</ele>
        <time>2026-08-24T11:31:03.000Z</time>
      </trkpt>
      <trkpt lat="45.360542284324765" lon="109.74031344987452">
        <ele>1013.8</ele>
        <time>2026-08-24T11:31:19.000Z</time>
      </trkpt>
      <trkpt lat="45.36007926799357" lon="109.74093999713659">
        <ele>1013.8</ele>
        <time>2026-08-24T11:31:35.000Z</time>
      </trkpt>
      <trkpt lat="45.359627986326814" lon="109.74156327545643">
        <ele>1013.4</ele>
        <time>2026-08-24T11:31:51.000Z</time>
      </trkpt>
      <trkpt lat="45.35914309322834" lon="109.74223558790982">
        <ele>1013.2</ele>
        <time>2026-08-24T11:32:07.000Z</time>
      </trkpt>
      <trkpt lat="45.35866867750883" lon="109.74290437996387">
        <ele>1013.2</ele>
        <time>2026-08-24T11:32:23.000Z</time>
      </trkpt>
      <trkpt lat="45.358181269839406" lon="109.74359571933746">
        <ele>1013.2</ele>
        <time>2026-08-24T11:32:39.000Z</time>
      </trkpt>
      <trkpt lat="45.35769201815128" lon="109.74429728463292">
        <ele>1013.4</ele>
        <time>2026-08-24T11:32:55.000Z</time>
      </trkpt>
      <trkpt lat="45.3571870084852" lon="109.74502039141953">
        <ele>1013.4</ele>
        <time>2026-08-24T11:33:12.000Z</time>
      </trkpt>
      <trkpt lat="45.3566137701273" lon="109.74584299139678">
        <ele>1013</ele>
        <time>2026-08-24T11:33:28.000Z</time>
      </trkpt>
      <trkpt lat="45.35603801719844" lon="109.74666860885918">
        <ele>1012.2</ele>
        <time>2026-08-24T11:33:44.000Z</time>
      </trkpt>
      <trkpt lat="45.35545212216675" lon="109.7475140914321">
        <ele>1011.4</ele>
        <time>2026-08-24T11:34:00.000Z</time>
      </trkpt>
      <trkpt lat="45.354859521612525" lon="109.7483603283763">
        <ele>1010.4</ele>
        <time>2026-08-24T11:34:16.000Z</time>
      </trkpt>
      <trkpt lat="45.35423087887466" lon="109.74925836548209">
        <ele>1009.6</ele>
        <time>2026-08-24T11:34:32.000Z</time>
      </trkpt>
      <trkpt lat="45.353590082377195" lon="109.75017827935517">
        <ele>1008.8</ele>
        <time>2026-08-24T11:34:48.000Z</time>
      </trkpt>
      <trkpt lat="45.35294475965202" lon="109.75110355764627">
        <ele>1008.2</ele>
        <time>2026-08-24T11:35:04.000Z</time>
      </trkpt>
      <trkpt lat="45.35236523486674" lon="109.75193931721151">
        <ele>1007.8</ele>
        <time>2026-08-24T11:35:21.000Z</time>
      </trkpt>
      <trkpt lat="45.35171546973288" lon="109.75283727049828">
        <ele>1007.6</ele>
        <time>2026-08-24T11:35:37.000Z</time>
      </trkpt>
      <trkpt lat="45.35110266879201" lon="109.75364746525884">
        <ele>1007.4</ele>
        <time>2026-08-24T11:35:53.000Z</time>
      </trkpt>
      <trkpt lat="45.35048458725214" lon="109.75440418347716">
        <ele>1007.2</ele>
        <time>2026-08-24T11:36:09.000Z</time>
      </trkpt>
      <trkpt lat="45.34984806552529" lon="109.7551344987005">
        <ele>1007</ele>
        <time>2026-08-24T11:36:25.000Z</time>
      </trkpt>
      <trkpt lat="45.34916737116873" lon="109.75586020387709">
        <ele>1006.8</ele>
        <time>2026-08-24T11:36:41.000Z</time>
      </trkpt>
      <trkpt lat="45.3484714217484" lon="109.75654835812747">
        <ele>1007</ele>
        <time>2026-08-24T11:36:57.000Z</time>
      </trkpt>
      <trkpt lat="45.347810005769134" lon="109.75715068168938">
        <ele>1007.2</ele>
        <time>2026-08-24T11:37:13.000Z</time>
      </trkpt>
      <trkpt lat="45.347354700788856" lon="109.75754748098552">
        <ele>1007.2</ele>
        <time>2026-08-24T11:37:27.000Z</time>
      </trkpt>
      <trkpt lat="45.3472247812897" lon="109.75765292532742">
        <ele>1007.4</ele>
        <time>2026-08-24T11:39:06.000Z</time>
      </trkpt>
      <trkpt lat="45.34679311327636" lon="109.75799557752907">
        <ele>1007.6</ele>
        <time>2026-08-24T11:39:22.000Z</time>
      </trkpt>
      <trkpt lat="45.346253234893084" lon="109.75842280313373">
        <ele>1007.6</ele>
        <time>2026-08-24T11:39:38.000Z</time>
      </trkpt>
      <trkpt lat="45.34567832015455" lon="109.7588368691504">
        <ele>1007.8</ele>
        <time>2026-08-24T11:39:54.000Z</time>
      </trkpt>
      <trkpt lat="45.34506677649915" lon="109.75925110280514">
        <ele>1008</ele>
        <time>2026-08-24T11:40:11.000Z</time>
      </trkpt>
      <trkpt lat="45.344396978616714" lon="109.75969031453133">
        <ele>1008.2</ele>
        <time>2026-08-24T11:40:27.000Z</time>
      </trkpt>
      <trkpt lat="45.34369600005448" lon="109.76015232503414">
        <ele>1008.2</ele>
        <time>2026-08-24T11:40:43.000Z</time>
      </trkpt>
      <trkpt lat="45.34303257241845" lon="109.76058332249522">
        <ele>1009</ele>
        <time>2026-08-24T11:40:59.000Z</time>
      </trkpt>
      <trkpt lat="45.34245145507157" lon="109.7609783615917">
        <ele>1010.2</ele>
        <time>2026-08-24T11:41:15.000Z</time>
      </trkpt>
      <trkpt lat="45.34191509708762" lon="109.76134565658867">
        <ele>1011</ele>
        <time>2026-08-24T11:41:31.000Z</time>
      </trkpt>
      <trkpt lat="45.341382678598166" lon="109.76173139177263">
        <ele>1012</ele>
        <time>2026-08-24T11:41:47.000Z</time>
      </trkpt>
      <trkpt lat="45.34087238833308" lon="109.76213296875358">
        <ele>1012.8</ele>
        <time>2026-08-24T11:42:03.000Z</time>
      </trkpt>
      <trkpt lat="45.3403967153281" lon="109.76251778192818">
        <ele>1013.6</ele>
        <time>2026-08-24T11:42:19.000Z</time>
      </trkpt>
      <trkpt lat="45.33984811976552" lon="109.7629880066961">
        <ele>1014.4</ele>
        <time>2026-08-24T11:42:36.000Z</time>
      </trkpt>
      <trkpt lat="45.33932592719793" lon="109.76346569135785">
        <ele>1014.2</ele>
        <time>2026-08-24T11:42:52.000Z</time>
      </trkpt>
      <trkpt lat="45.33882795833051" lon="109.7639463096857">
        <ele>1013.8</ele>
        <time>2026-08-24T11:43:05.000Z</time>
      </trkpt>
      <trkpt lat="45.33820476382971" lon="109.76457570679486">
        <ele>1013.6</ele>
        <time>2026-08-24T11:43:21.000Z</time>
      </trkpt>
      <trkpt lat="45.33753588795662" lon="109.76525388658047">
        <ele>1013</ele>
        <time>2026-08-24T11:43:37.000Z</time>
      </trkpt>
      <trkpt lat="45.336829628795385" lon="109.76597707718611">
        <ele>1012.6</ele>
        <time>2026-08-24T11:43:53.000Z</time>
      </trkpt>
      <trkpt lat="45.336126973852515" lon="109.76668442599475">
        <ele>1012.4</ele>
        <time>2026-08-24T11:44:09.000Z</time>
      </trkpt>
      <trkpt lat="45.3354577627033" lon="109.76736922748387">
        <ele>1012.6</ele>
        <time>2026-08-24T11:44:25.000Z</time>
      </trkpt>
      <trkpt lat="45.334884356707335" lon="109.76795612834394">
        <ele>1012.8</ele>
        <time>2026-08-24T11:44:41.000Z</time>
      </trkpt>
      <trkpt lat="45.3343889862299" lon="109.76842970587313">
        <ele>1012.6</ele>
        <time>2026-08-24T11:44:56.000Z</time>
      </trkpt>
      <trkpt lat="45.334050273522735" lon="109.76879817433655">
        <ele>1012.8</ele>
        <time>2026-08-24T11:45:07.000Z</time>
      </trkpt>
      <trkpt lat="45.333395563066006" lon="109.76945757865906">
        <ele>1013.2</ele>
        <time>2026-08-24T11:45:23.000Z</time>
      </trkpt>
      <trkpt lat="45.332767087966204" lon="109.77011396549642">
        <ele>1013.2</ele>
        <time>2026-08-24T11:45:39.000Z</time>
      </trkpt>
      <trkpt lat="45.332176918163896" lon="109.77072332985699">
        <ele>1013.4</ele>
        <time>2026-08-24T11:45:55.000Z</time>
      </trkpt>
      <trkpt lat="45.33161357045174" lon="109.77137317880988">
        <ele>1013.8</ele>
        <time>2026-08-24T11:46:11.000Z</time>
      </trkpt>
      <trkpt lat="45.3310368116945" lon="109.77206250652671">
        <ele>1013.8</ele>
        <time>2026-08-24T11:46:27.000Z</time>
      </trkpt>
      <trkpt lat="45.330453934147954" lon="109.77280187420547">
        <ele>1014</ele>
        <time>2026-08-24T11:46:43.000Z</time>
      </trkpt>
      <trkpt lat="45.329863261431456" lon="109.77360427379608">
        <ele>1013.4</ele>
        <time>2026-08-24T11:46:59.000Z</time>
      </trkpt>
      <trkpt lat="45.32918248325586" lon="109.77459199726582">
        <ele>1012.4</ele>
        <time>2026-08-24T11:47:17.000Z</time>
      </trkpt>
      <trkpt lat="45.328553756698966" lon="109.77556882426143">
        <ele>1011.2</ele>
        <time>2026-08-24T11:47:33.000Z</time>
      </trkpt>
      <trkpt lat="45.327883288264275" lon="109.77667464874685">
        <ele>1010.6</ele>
        <time>2026-08-24T11:47:49.000Z</time>
      </trkpt>
      <trkpt lat="45.327242994681" lon="109.77774057537317">
        <ele>1010</ele>
        <time>2026-08-24T11:48:05.000Z</time>
      </trkpt>
      <trkpt lat="45.32662927173078" lon="109.77876828052104">
        <ele>1009.6</ele>
        <time>2026-08-24T11:48:21.000Z</time>
      </trkpt>
      <trkpt lat="45.32606198452413" lon="109.77969347499311">
        <ele>1010</ele>
        <time>2026-08-24T11:48:37.000Z</time>
      </trkpt>
      <trkpt lat="45.32556468620896" lon="109.78051699697971">
        <ele>1011</ele>
        <time>2026-08-24T11:48:53.000Z</time>
      </trkpt>
      <trkpt lat="45.325100077316165" lon="109.78127790614963">
        <ele>1011.8</ele>
        <time>2026-08-24T11:49:09.000Z</time>
      </trkpt>
      <trkpt lat="45.32461711205542" lon="109.78206899017096">
        <ele>1011.8</ele>
        <time>2026-08-24T11:49:25.000Z</time>
      </trkpt>
      <trkpt lat="45.32405259087682" lon="109.782972978428">
        <ele>1011</ele>
        <time>2026-08-24T11:49:42.000Z</time>
      </trkpt>
      <trkpt lat="45.323319090530276" lon="109.78414468467236">
        <ele>1009</ele>
        <time>2026-08-24T11:49:58.000Z</time>
      </trkpt>
      <trkpt lat="45.32262582331896" lon="109.78524916805327">
        <ele>1007.8</ele>
        <time>2026-08-24T11:50:14.000Z</time>
      </trkpt>
      <trkpt lat="45.32194387167692" lon="109.7863357141614">
        <ele>1007.6</ele>
        <time>2026-08-24T11:50:30.000Z</time>
      </trkpt>
      <trkpt lat="45.321287736296654" lon="109.7873714659363">
        <ele>1007.4</ele>
        <time>2026-08-24T11:50:46.000Z</time>
      </trkpt>
      <trkpt lat="45.32061852514744" lon="109.7884333692491">
        <ele>1007.2</ele>
        <time>2026-08-24T11:51:02.000Z</time>
      </trkpt>
      <trkpt lat="45.319955265149474" lon="109.78946970775723">
        <ele>1006.8</ele>
        <time>2026-08-24T11:51:18.000Z</time>
      </trkpt>
      <trkpt lat="45.319293178617954" lon="109.79046606458724">
        <ele>1006.8</ele>
        <time>2026-08-24T11:51:34.000Z</time>
      </trkpt>
      <trkpt lat="45.31864047981799" lon="109.79142327792943">
        <ele>1007</ele>
        <time>2026-08-24T11:51:50.000Z</time>
      </trkpt>
      <trkpt lat="45.31798040494323" lon="109.79233833029866">
        <ele>1007.6</ele>
        <time>2026-08-24T11:52:07.000Z</time>
      </trkpt>
      <trkpt lat="45.317400712519884" lon="109.79313142597675">
        <ele>1008.4</ele>
        <time>2026-08-24T11:52:23.000Z</time>
      </trkpt>
      <trkpt lat="45.31681993044913" lon="109.79389602318406">
        <ele>1009.2</ele>
        <time>2026-08-24T11:52:39.000Z</time>
      </trkpt>
      <trkpt lat="45.31624937430024" lon="109.79462541639805">
        <ele>1009.8</ele>
        <time>2026-08-24T11:52:55.000Z</time>
      </trkpt>
      <trkpt lat="45.315735563635826" lon="109.79527132585645">
        <ele>1010</ele>
        <time>2026-08-24T11:53:11.000Z</time>
      </trkpt>
      <trkpt lat="45.31512871384621" lon="109.79600516147912">
        <ele>1009.8</ele>
        <time>2026-08-24T11:53:27.000Z</time>
      </trkpt>
      <trkpt lat="45.31447232700884" lon="109.79678308591247">
        <ele>1009.6</ele>
        <time>2026-08-24T11:53:43.000Z</time>
      </trkpt>
      <trkpt lat="45.31377738341689" lon="109.79757249355316">
        <ele>1009.2</ele>
        <time>2026-08-24T11:53:59.000Z</time>
      </trkpt>
      <trkpt lat="45.3130707051605" lon="109.79834656231105">
        <ele>1008.8</ele>
        <time>2026-08-24T11:54:15.000Z</time>
      </trkpt>
      <trkpt lat="45.31231356784701" lon="109.79915600270033">
        <ele>1008.4</ele>
        <time>2026-08-24T11:54:32.000Z</time>
      </trkpt>
      <trkpt lat="45.31152080744505" lon="109.79996301233768">
        <ele>1008</ele>
        <time>2026-08-24T11:54:48.000Z</time>
      </trkpt>
      <trkpt lat="45.31074455939233" lon="109.80074060149491">
        <ele>1007.6</ele>
        <time>2026-08-24T11:55:04.000Z</time>
      </trkpt>
      <trkpt lat="45.30996898189187" lon="109.80151475407183">
        <ele>1007.4</ele>
        <time>2026-08-24T11:55:20.000Z</time>
      </trkpt>
      <trkpt lat="45.30921662226319" lon="109.80226292274892">
        <ele>1007</ele>
        <time>2026-08-24T11:55:36.000Z</time>
      </trkpt>
      <trkpt lat="45.3084010630846" lon="109.80307387188077">
        <ele>1006</ele>
        <time>2026-08-24T11:55:52.000Z</time>
      </trkpt>
      <trkpt lat="45.30751685611904" lon="109.80396050959826">
        <ele>1005</ele>
        <time>2026-08-24T11:56:08.000Z</time>
      </trkpt>
      <trkpt lat="45.30658520758152" lon="109.80488779954612">
        <ele>1003.4</ele>
        <time>2026-08-24T11:56:24.000Z</time>
      </trkpt>
      <trkpt lat="45.30562598258257" lon="109.80584015138447">
        <ele>1002.2</ele>
        <time>2026-08-24T11:56:40.000Z</time>
      </trkpt>
      <trkpt lat="45.30454337596893" lon="109.80691596865654">
        <ele>1000.8</ele>
        <time>2026-08-24T11:56:57.000Z</time>
      </trkpt>
      <trkpt lat="45.30361482873559" lon="109.80783747509122">
        <ele>1000</ele>
        <time>2026-08-24T11:57:13.000Z</time>
      </trkpt>
      <trkpt lat="45.30278217047453" lon="109.80866820551455">
        <ele>1000.2</ele>
        <time>2026-08-24T11:57:29.000Z</time>
      </trkpt>
      <trkpt lat="45.30197189189494" lon="109.80947722680867">
        <ele>1000.4</ele>
        <time>2026-08-24T11:57:45.000Z</time>
      </trkpt>
      <trkpt lat="45.30114007182419" lon="109.81029882095754">
        <ele>1000.4</ele>
        <time>2026-08-24T11:58:01.000Z</time>
      </trkpt>
      <trkpt lat="45.30031160451472" lon="109.81113139539957">
        <ele>1000.2</ele>
        <time>2026-08-24T11:58:17.000Z</time>
      </trkpt>
      <trkpt lat="45.29949520714581" lon="109.81193882413208">
        <ele>1000.2</ele>
        <time>2026-08-24T11:58:33.000Z</time>
      </trkpt>
      <trkpt lat="45.29873530380428" lon="109.81270878575742">
        <ele>1000.8</ele>
        <time>2026-08-24T11:58:49.000Z</time>
      </trkpt>
      <trkpt lat="45.29818436130881" lon="109.81330775655806">
        <ele>1001.2</ele>
        <time>2026-08-24T11:59:05.000Z</time>
      </trkpt>
      <trkpt lat="45.297769121825695" lon="109.81342669576406">
        <ele>1001.2</ele>
        <time>2026-08-24T11:59:17.000Z</time>
      </trkpt>
      <trkpt lat="45.297547336667776" lon="109.81341521255672">
        <ele>1002</ele>
        <time>2026-08-24T11:59:27.000Z</time>
      </trkpt>
      <trkpt lat="45.29723033308983" lon="109.81380279175937">
        <ele>1004.4</ele>
        <time>2026-08-24T12:19:37.000Z</time>
      </trkpt>
      <trkpt lat="45.29686865396798" lon="109.8147046007216">
        <ele>1002.8</ele>
        <time>2026-08-24T12:19:50.000Z</time>
      </trkpt>
      <trkpt lat="45.29666488990188" lon="109.81513895094395">
        <ele>1002</ele>
        <time>2026-08-24T12:19:59.000Z</time>
      </trkpt>
      <trkpt lat="45.2960179746151" lon="109.81601318344474">
        <ele>1000</ele>
        <time>2026-08-24T12:20:15.000Z</time>
      </trkpt>
      <trkpt lat="45.29520342126489" lon="109.81715739704669">
        <ele>997.6</ele>
        <time>2026-08-24T12:20:32.000Z</time>
      </trkpt>
      <trkpt lat="45.29498037882149" lon="109.81747138313949">
        <ele>996.8</ele>
        <time>2026-08-24T12:20:36.000Z</time>
      </trkpt>
      <trkpt lat="45.294739566743374" lon="109.81780590489507">
        <ele>995.8</ele>
        <time>2026-08-24T12:20:41.000Z</time>
      </trkpt>
      <trkpt lat="45.29455969110131" lon="109.81806448660791">
        <ele>995.4</ele>
        <time>2026-08-24T12:20:43.000Z</time>
      </trkpt>
      <trkpt lat="45.29399416409433" lon="109.81884878128767">
        <ele>994</ele>
        <time>2026-08-24T12:20:53.000Z</time>
      </trkpt>
      <trkpt lat="45.29306092299521" lon="109.82015141285956">
        <ele>992.6</ele>
        <time>2026-08-24T12:21:09.000Z</time>
      </trkpt>
      <trkpt lat="45.29222533106804" lon="109.82132228091359">
        <ele>991.6</ele>
        <time>2026-08-24T12:21:25.000Z</time>
      </trkpt>
      <trkpt lat="45.2913552056998" lon="109.82253807596862">
        <ele>990.8</ele>
        <time>2026-08-24T12:21:41.000Z</time>
      </trkpt>
      <trkpt lat="45.290468567982316" lon="109.82378295622766">
        <ele>989.8</ele>
        <time>2026-08-24T12:21:57.000Z</time>
      </trkpt>
      <trkpt lat="45.289619732648134" lon="109.82496807351708">
        <ele>988.8</ele>
        <time>2026-08-24T12:22:13.000Z</time>
      </trkpt>
      <trkpt lat="45.288746086880565" lon="109.82615696266294">
        <ele>988.4</ele>
        <time>2026-08-24T12:22:29.000Z</time>
      </trkpt>
      <trkpt lat="45.28792021796107" lon="109.82722867280245">
        <ele>987.8</ele>
        <time>2026-08-24T12:22:46.000Z</time>
      </trkpt>
      <trkpt lat="45.28714212588966" lon="109.82819602824748">
        <ele>987.2</ele>
        <time>2026-08-24T12:23:02.000Z</time>
      </trkpt>
      <trkpt lat="45.286248279735446" lon="109.8292878549546">
        <ele>986.6</ele>
        <time>2026-08-24T12:23:18.000Z</time>
      </trkpt>
      <trkpt lat="45.285373628139496" lon="109.83028270304203">
        <ele>986.4</ele>
        <time>2026-08-24T12:23:34.000Z</time>
      </trkpt>
      <trkpt lat="45.284455390647054" lon="109.83129582367837">
        <ele>985</ele>
        <time>2026-08-24T12:23:50.000Z</time>
      </trkpt>
      <trkpt lat="45.28349356725812" lon="109.83230508863926">
        <ele>983.6</ele>
        <time>2026-08-24T12:24:06.000Z</time>
      </trkpt>
      <trkpt lat="45.28250760398805" lon="109.83329222537577">
        <ele>982.2</ele>
        <time>2026-08-24T12:24:22.000Z</time>
      </trkpt>
      <trkpt lat="45.2816176135093" lon="109.83417517505586">
        <ele>981</ele>
        <time>2026-08-24T12:24:36.000Z</time>
      </trkpt>
      <trkpt lat="45.280534755438566" lon="109.83523741364479">
        <ele>979.6</ele>
        <time>2026-08-24T12:24:52.000Z</time>
      </trkpt>
      <trkpt lat="45.27951677329838" lon="109.83624433167279">
        <ele>978.6</ele>
        <time>2026-08-24T12:25:09.000Z</time>
      </trkpt>
      <trkpt lat="45.27848085388541" lon="109.83726231381297">
        <ele>978</ele>
        <time>2026-08-24T12:25:25.000Z</time>
      </trkpt>
      <trkpt lat="45.277439737692475" lon="109.83829295262694">
        <ele>977.4</ele>
        <time>2026-08-24T12:25:41.000Z</time>
      </trkpt>
      <trkpt lat="45.27643960900605" lon="109.83928637579083">
        <ele>976.8</ele>
        <time>2026-08-24T12:25:57.000Z</time>
      </trkpt>
      <trkpt lat="45.27542238123715" lon="109.84031072817743">
        <ele>976</ele>
        <time>2026-08-24T12:26:13.000Z</time>
      </trkpt>
      <trkpt lat="45.27438126504421" lon="109.84132720157504">
        <ele>975.2</ele>
        <time>2026-08-24T12:26:29.000Z</time>
      </trkpt>
      <trkpt lat="45.273335287347436" lon="109.84236119315028">
        <ele>974.2</ele>
        <time>2026-08-24T12:26:45.000Z</time>
      </trkpt>
      <trkpt lat="45.272309174761176" lon="109.84337112866342">
        <ele>973.8</ele>
        <time>2026-08-24T12:27:01.000Z</time>
      </trkpt>
      <trkpt lat="45.27123721316457" lon="109.8444311041385">
        <ele>972.8</ele>
        <time>2026-08-24T12:27:17.000Z</time>
      </trkpt>
      <trkpt lat="45.270204059779644" lon="109.84545528888702">
        <ele>972.2</ele>
        <time>2026-08-24T12:27:34.000Z</time>
      </trkpt>
      <trkpt lat="45.26923293247819" lon="109.84642130322754">
        <ele>971.6</ele>
        <time>2026-08-24T12:27:50.000Z</time>
      </trkpt>
      <trkpt lat="45.26830706745386" lon="109.8473356012255">
        <ele>970.8</ele>
        <time>2026-08-24T12:28:06.000Z</time>
      </trkpt>
      <trkpt lat="45.26739067398012" lon="109.84823891893029">
        <ele>970.4</ele>
        <time>2026-08-24T12:28:22.000Z</time>
      </trkpt>
      <trkpt lat="45.266450392082334" lon="109.8491758480668">
        <ele>970.2</ele>
        <time>2026-08-24T12:28:38.000Z</time>
      </trkpt>
      <trkpt lat="45.26555662974715" lon="109.85005837865174">
        <ele>970</ele>
        <time>2026-08-24T12:28:54.000Z</time>
      </trkpt>
      <trkpt lat="45.264680134132504" lon="109.8509251512587">
        <ele>969.6</ele>
        <time>2026-08-24T12:29:10.000Z</time>
      </trkpt>
      <trkpt lat="45.263790898025036" lon="109.85179309733212">
        <ele>969.4</ele>
        <time>2026-08-24T12:29:26.000Z</time>
      </trkpt>
      <trkpt lat="45.26296033523977" lon="109.85261620022357">
        <ele>969.6</ele>
        <time>2026-08-24T12:29:42.000Z</time>
      </trkpt>
      <trkpt lat="45.26221719570458" lon="109.85336059704423">
        <ele>970.6</ele>
        <time>2026-08-24T12:29:59.000Z</time>
      </trkpt>
      <trkpt lat="45.26151889935136" lon="109.8540579713881">
        <ele>971.6</ele>
        <time>2026-08-24T12:30:15.000Z</time>
      </trkpt>
      <trkpt lat="45.26081347838044" lon="109.85476179979742">
        <ele>972.6</ele>
        <time>2026-08-24T12:30:31.000Z</time>
      </trkpt>
      <trkpt lat="45.26022800244391" lon="109.85537518747151">
        <ele>973.4</ele>
        <time>2026-08-24T12:30:47.000Z</time>
      </trkpt>
      <trkpt lat="45.259627187624574" lon="109.85597130842507">
        <ele>973.6</ele>
        <time>2026-08-24T12:31:03.000Z</time>
      </trkpt>
      <trkpt lat="45.258865524083376" lon="109.85675442963839">
        <ele>973.2</ele>
        <time>2026-08-24T12:31:19.000Z</time>
      </trkpt>
      <trkpt lat="45.258067566901445" lon="109.85757728107274">
        <ele>972.8</ele>
        <time>2026-08-24T12:31:35.000Z</time>
      </trkpt>
      <trkpt lat="45.25721789337695" lon="109.8584720492363">
        <ele>972.4</ele>
        <time>2026-08-24T12:31:51.000Z</time>
      </trkpt>
      <trkpt lat="45.256367130205035" lon="109.85936807468534">
        <ele>971.8</ele>
        <time>2026-08-24T12:32:07.000Z</time>
      </trkpt>
      <trkpt lat="45.255516367033124" lon="109.86026611179113">
        <ele>971.6</ele>
        <time>2026-08-24T12:32:24.000Z</time>
      </trkpt>
      <trkpt lat="45.254704328253865" lon="109.86112425103784">
        <ele>971.2</ele>
        <time>2026-08-24T12:32:40.000Z</time>
      </trkpt>
      <trkpt lat="45.253773014992476" lon="109.86211197450757">
        <ele>970.8</ele>
        <time>2026-08-24T12:32:56.000Z</time>
      </trkpt>
      <trkpt lat="45.2529117744416" lon="109.86302442848682">
        <ele>970.8</ele>
        <time>2026-08-24T12:33:12.000Z</time>
      </trkpt>
      <trkpt lat="45.252072494477034" lon="109.86389480531216">
        <ele>970.4</ele>
        <time>2026-08-24T12:33:28.000Z</time>
      </trkpt>
      <trkpt lat="45.25126473046839" lon="109.86474841833115">
        <ele>970.8</ele>
        <time>2026-08-24T12:33:44.000Z</time>
      </trkpt>
      <trkpt lat="45.25050398893654" lon="109.86555308103561">
        <ele>971.6</ele>
        <time>2026-08-24T12:34:00.000Z</time>
      </trkpt>
      <trkpt lat="45.24982723407447" lon="109.86627224832773">
        <ele>971.6</ele>
        <time>2026-08-24T12:34:16.000Z</time>
      </trkpt>
      <trkpt lat="45.249034222215414" lon="109.86710750497878">
        <ele>971.4</ele>
        <time>2026-08-24T12:34:32.000Z</time>
      </trkpt>
      <trkpt lat="45.248246155679226" lon="109.86795600503683">
        <ele>971.4</ele>
        <time>2026-08-24T12:34:49.000Z</time>
      </trkpt>
      <trkpt lat="45.24737812578678" lon="109.86892285756767">
        <ele>971.2</ele>
        <time>2026-08-24T12:35:05.000Z</time>
      </trkpt>
      <trkpt lat="45.24653549306095" lon="109.86990504898131">
        <ele>970</ele>
        <time>2026-08-24T12:35:21.000Z</time>
      </trkpt>
      <trkpt lat="45.245601162314415" lon="109.87104658037424">
        <ele>969</ele>
        <time>2026-08-24T12:35:37.000Z</time>
      </trkpt>
      <trkpt lat="45.24470379576087" lon="109.8721696715802">
        <ele>968</ele>
        <time>2026-08-24T12:35:53.000Z</time>
      </trkpt>
      <trkpt lat="45.243844063952565" lon="109.87324272282422">
        <ele>966.2</ele>
        <time>2026-08-24T12:36:09.000Z</time>
      </trkpt>
      <trkpt lat="45.24299162440002" lon="109.87430236302316">
        <ele>965.4</ele>
        <time>2026-08-24T12:36:25.000Z</time>
      </trkpt>
      <trkpt lat="45.24208906106651" lon="109.87542671151459">
        <ele>964.6</ele>
        <time>2026-08-24T12:36:41.000Z</time>
      </trkpt>
      <trkpt lat="45.24117736145854" lon="109.87656338140368">
        <ele>963.8</ele>
        <time>2026-08-24T12:36:57.000Z</time>
      </trkpt>
      <trkpt lat="45.24027387611568" lon="109.87768638879061">
        <ele>963.2</ele>
        <time>2026-08-24T12:37:14.000Z</time>
      </trkpt>
      <trkpt lat="45.239315405488014" lon="109.87884770147502">
        <ele>963</ele>
        <time>2026-08-24T12:37:30.000Z</time>
      </trkpt>
      <trkpt lat="45.23851417936385" lon="109.87979200668633">
        <ele>962.8</ele>
        <time>2026-08-24T12:37:46.000Z</time>
      </trkpt>
      <trkpt lat="45.23772326298058" lon="109.88070948980749">
        <ele>962.8</ele>
        <time>2026-08-24T12:38:02.000Z</time>
      </trkpt>
      <trkpt lat="45.23698356002569" lon="109.88158523105085">
        <ele>962</ele>
        <time>2026-08-24T12:38:17.000Z</time>
      </trkpt>
      <trkpt lat="45.236069010570645" lon="109.88255920819938">
        <ele>960.2</ele>
        <time>2026-08-24T12:38:33.000Z</time>
      </trkpt>
      <trkpt lat="45.23510869592428" lon="109.88360728137195">
        <ele>958.4</ele>
        <time>2026-08-24T12:38:49.000Z</time>
      </trkpt>
      <trkpt lat="45.23413999937475" lon="109.88467228598893">
        <ele>957.4</ele>
        <time>2026-08-24T12:39:05.000Z</time>
      </trkpt>
      <trkpt lat="45.2331667765975" lon="109.88572899252176">
        <ele>957</ele>
        <time>2026-08-24T12:39:21.000Z</time>
      </trkpt>
      <trkpt lat="45.23223169147968" lon="109.88675435073674">
        <ele>956.4</ele>
        <time>2026-08-24T12:39:38.000Z</time>
      </trkpt>
      <trkpt lat="45.231254529207945" lon="109.88782178610563">
        <ele>955.8</ele>
        <time>2026-08-24T12:39:54.000Z</time>
      </trkpt>
      <trkpt lat="45.2303518820554" lon="109.88881009630859">
        <ele>955.4</ele>
        <time>2026-08-24T12:40:10.000Z</time>
      </trkpt>
      <trkpt lat="45.22948259487748" lon="109.88975741900504">
        <ele>955</ele>
        <time>2026-08-24T12:40:26.000Z</time>
      </trkpt>
      <trkpt lat="45.22863702848554" lon="109.89067154936492">
        <ele>954.4</ele>
        <time>2026-08-24T12:40:42.000Z</time>
      </trkpt>
      <trkpt lat="45.22771468386054" lon="109.89167871885002">
        <ele>953.6</ele>
        <time>2026-08-24T12:40:58.000Z</time>
      </trkpt>
      <trkpt lat="45.22677909582853" lon="109.89270147867501">
        <ele>952.6</ele>
        <time>2026-08-24T12:41:14.000Z</time>
      </trkpt>
      <trkpt lat="45.22580218501389" lon="109.89375131204724">
        <ele>951.6</ele>
        <time>2026-08-24T12:41:30.000Z</time>
      </trkpt>
      <trkpt lat="45.2248209156096" lon="109.89478756673634">
        <ele>950.8</ele>
        <time>2026-08-24T12:41:47.000Z</time>
      </trkpt>
      <trkpt lat="45.223822463303804" lon="109.89582139067352">
        <ele>949.6</ele>
        <time>2026-08-24T12:42:03.000Z</time>
      </trkpt>
      <trkpt lat="45.22275762632489" lon="109.89693157374859">
        <ele>948.8</ele>
        <time>2026-08-24T12:42:19.000Z</time>
      </trkpt>
      <trkpt lat="45.22214390337467" lon="109.89756231196225">
        <ele>948.2</ele>
        <time>2026-08-24T12:42:29.000Z</time>
      </trkpt>
      <trkpt lat="45.22115626372397" lon="109.8985804617405">
        <ele>947.6</ele>
        <time>2026-08-24T12:42:45.000Z</time>
      </trkpt>
      <trkpt lat="45.22022696211934" lon="109.89954211749136">
        <ele>947</ele>
        <time>2026-08-24T12:43:01.000Z</time>
      </trkpt>
      <trkpt lat="45.21927838213742" lon="109.9005213752389">
        <ele>947</ele>
        <time>2026-08-24T12:43:17.000Z</time>
      </trkpt>
      <trkpt lat="45.21835151128471" lon="109.90146920084953">
        <ele>946.4</ele>
        <time>2026-08-24T12:43:33.000Z</time>
      </trkpt>
      <trkpt lat="45.21749588660896" lon="109.90234200842679">
        <ele>945.8</ele>
        <time>2026-08-24T12:43:49.000Z</time>
      </trkpt>
      <trkpt lat="45.2166146133095" lon="109.90325312130153">
        <ele>944.6</ele>
        <time>2026-08-24T12:44:05.000Z</time>
      </trkpt>
      <trkpt lat="45.21564130671322" lon="109.90425115451217">
        <ele>943</ele>
        <time>2026-08-24T12:44:22.000Z</time>
      </trkpt>
      <trkpt lat="45.21464972756803" lon="109.90527089685202">
        <ele>942.2</ele>
        <time>2026-08-24T12:44:38.000Z</time>
      </trkpt>
      <trkpt lat="45.21359729580581" lon="109.90634822286665">
        <ele>939.8</ele>
        <time>2026-08-24T12:44:54.000Z</time>
      </trkpt>
      <trkpt lat="45.21267511881888" lon="109.90730116143823">
        <ele>938.8</ele>
        <time>2026-08-24T12:45:10.000Z</time>
      </trkpt>
      <trkpt lat="45.21179518662393" lon="109.90819945000112">
        <ele>937.6</ele>
        <time>2026-08-24T12:45:26.000Z</time>
      </trkpt>
      <trkpt lat="45.21088985726237" lon="109.909129422158">
        <ele>936.2</ele>
        <time>2026-08-24T12:45:42.000Z</time>
      </trkpt>
      <trkpt lat="45.21051099523902" lon="109.90950962528586">
        <ele>935.2</ele>
        <time>2026-08-24T12:45:53.000Z</time>
      </trkpt>
      <trkpt lat="45.21030035801232" lon="109.90972210653126">
        <ele>934.8</ele>
        <time>2026-08-24T12:46:28.000Z</time>
      </trkpt>
      <trkpt lat="45.20960038527846" lon="109.91044596768916">
        <ele>934.2</ele>
        <time>2026-08-24T12:46:45.000Z</time>
      </trkpt>
      <trkpt lat="45.20882246084511" lon="109.91124727763236">
        <ele>933</ele>
        <time>2026-08-24T12:47:01.000Z</time>
      </trkpt>
      <trkpt lat="45.2080287784338" lon="109.91206769831479">
        <ele>932.8</ele>
        <time>2026-08-24T12:47:17.000Z</time>
      </trkpt>
      <trkpt lat="45.20732461474836" lon="109.91277261637151">
        <ele>932.6</ele>
        <time>2026-08-24T12:47:33.000Z</time>
      </trkpt>
      <trkpt lat="45.206726398319006" lon="109.913410814479">
        <ele>932.8</ele>
        <time>2026-08-24T12:47:49.000Z</time>
      </trkpt>
      <trkpt lat="45.206074956804514" lon="109.91407055407763">
        <ele>932.6</ele>
        <time>2026-08-24T12:48:05.000Z</time>
      </trkpt>
      <trkpt lat="45.20540482364595" lon="109.9147628992796">
        <ele>932.8</ele>
        <time>2026-08-24T12:48:21.000Z</time>
      </trkpt>
      <trkpt lat="45.20474139600992" lon="109.91543563082814">
        <ele>932.6</ele>
        <time>2026-08-24T12:48:37.000Z</time>
      </trkpt>
      <trkpt lat="45.204045195132494" lon="109.91615236736834">
        <ele>932.8</ele>
        <time>2026-08-24T12:48:54.000Z</time>
      </trkpt>
      <trkpt lat="45.20337858237326" lon="109.91684010252357">
        <ele>932.8</ele>
        <time>2026-08-24T12:49:10.000Z</time>
      </trkpt>
      <trkpt lat="45.202658995985985" lon="109.91757628507912">
        <ele>932.6</ele>
        <time>2026-08-24T12:49:26.000Z</time>
      </trkpt>
      <trkpt lat="45.20193890668452" lon="109.91831229999661">
        <ele>932.6</ele>
        <time>2026-08-24T12:49:42.000Z</time>
      </trkpt>
      <trkpt lat="45.20122937858105" lon="109.91903289221227">
        <ele>933.2</ele>
        <time>2026-08-24T12:49:58.000Z</time>
      </trkpt>
      <trkpt lat="45.20051658153534" lon="109.91976706311107">
        <ele>933.4</ele>
        <time>2026-08-24T12:50:14.000Z</time>
      </trkpt>
      <trkpt lat="45.19980462267995" lon="109.92050517350435">
        <ele>933.8</ele>
        <time>2026-08-24T12:50:30.000Z</time>
      </trkpt>
      <trkpt lat="45.1991302985698" lon="109.92119751870632">
        <ele>934</ele>
        <time>2026-08-24T12:50:46.000Z</time>
      </trkpt>
      <trkpt lat="45.19845371134579" lon="109.92188860662282">
        <ele>934.4</ele>
        <time>2026-08-24T12:51:02.000Z</time>
      </trkpt>
      <trkpt lat="45.19783797673881" lon="109.92251129820943">
        <ele>934.6</ele>
        <time>2026-08-24T12:51:19.000Z</time>
      </trkpt>
      <trkpt lat="45.19713481888175" lon="109.92317531257868">
        <ele>934.6</ele>
        <time>2026-08-24T12:51:35.000Z</time>
      </trkpt>
      <trkpt lat="45.19632990472019" lon="109.92388165555894">
        <ele>934.6</ele>
        <time>2026-08-24T12:51:51.000Z</time>
      </trkpt>
      <trkpt lat="45.19545592367649" lon="109.92461507208645">
        <ele>934</ele>
        <time>2026-08-24T12:52:07.000Z</time>
      </trkpt>
      <trkpt lat="45.19453190267086" lon="109.92538126185536">
        <ele>932.8</ele>
        <time>2026-08-24T12:52:23.000Z</time>
      </trkpt>
      <trkpt lat="45.19361517392099" lon="109.92613856680691">
        <ele>931.8</ele>
        <time>2026-08-24T12:52:39.000Z</time>
      </trkpt>
      <trkpt lat="45.19268151372671" lon="109.9269160721451">
        <ele>930.8</ele>
        <time>2026-08-24T12:52:55.000Z</time>
      </trkpt>
      <trkpt lat="45.19172262400389" lon="109.9277141969651">
        <ele>929.8</ele>
        <time>2026-08-24T12:53:11.000Z</time>
      </trkpt>
      <trkpt lat="45.19071411341429" lon="109.92855557240546">
        <ele>928.8</ele>
        <time>2026-08-24T12:53:27.000Z</time>
      </trkpt>
      <trkpt lat="45.18970811739564" lon="109.92939040996134">
        <ele>928.4</ele>
        <time>2026-08-24T12:53:44.000Z</time>
      </trkpt>
      <trkpt lat="45.18875911831856" lon="109.93017545901239">
        <ele>928.4</ele>
        <time>2026-08-24T12:54:00.000Z</time>
      </trkpt>
      <trkpt lat="45.18779268488288" lon="109.93097752332687">
        <ele>928.2</ele>
        <time>2026-08-24T12:54:16.000Z</time>
      </trkpt>
      <trkpt lat="45.18692306242883" lon="109.93169811554253">
        <ele>928.2</ele>
        <time>2026-08-24T12:54:32.000Z</time>
      </trkpt>
      <trkpt lat="45.1861028932035" lon="109.93238325230777">
        <ele>928.2</ele>
        <time>2026-08-24T12:54:48.000Z</time>
      </trkpt>
      <trkpt lat="45.18537006340921" lon="109.9329999089241">
        <ele>928.6</ele>
        <time>2026-08-24T12:55:04.000Z</time>
      </trkpt>
      <trkpt lat="45.18467822112143" lon="109.93356920778751">
        <ele>929.2</ele>
        <time>2026-08-24T12:55:20.000Z</time>
      </trkpt>
      <trkpt lat="45.18406986258924" lon="109.93408326990902">
        <ele>930.2</ele>
        <time>2026-08-24T12:55:36.000Z</time>
      </trkpt>
      <trkpt lat="45.18352470360696" lon="109.93457470089197">
        <ele>931</ele>
        <time>2026-08-24T12:55:52.000Z</time>
      </trkpt>
      <trkpt lat="45.183010809123516" lon="109.93506118655205">
        <ele>931.6</ele>
        <time>2026-08-24T12:56:09.000Z</time>
      </trkpt>
      <trkpt lat="45.18246380612254" lon="109.9356247857213">
        <ele>931.8</ele>
        <time>2026-08-24T12:56:25.000Z</time>
      </trkpt>
      <trkpt lat="45.18185787834227" lon="109.9362762272358">
        <ele>932</ele>
        <time>2026-08-24T12:56:41.000Z</time>
      </trkpt>
      <trkpt lat="45.18129536882043" lon="109.93692222051322">
        <ele>932</ele>
        <time>2026-08-24T12:56:57.000Z</time>
      </trkpt>
      <trkpt lat="45.18071986734867" lon="109.93760978803039">
        <ele>931.8</ele>
        <time>2026-08-24T12:57:13.000Z</time>
      </trkpt>
      <trkpt lat="45.180148892104626" lon="109.9382718745619">
        <ele>931.8</ele>
        <time>2026-08-24T12:57:29.000Z</time>
      </trkpt>
      <trkpt lat="45.179577665403485" lon="109.93894686922431">
        <ele>932</ele>
        <time>2026-08-24T12:57:45.000Z</time>
      </trkpt>
      <trkpt lat="45.17897785641253" lon="109.93964860215783">
        <ele>931.8</ele>
        <time>2026-08-24T12:58:01.000Z</time>
      </trkpt>
      <trkpt lat="45.178350219503045" lon="109.94037447497249">
        <ele>931.6</ele>
        <time>2026-08-24T12:58:17.000Z</time>
      </trkpt>
      <trkpt lat="45.17775007523596" lon="109.94107369333506">
        <ele>931.8</ele>
        <time>2026-08-24T12:58:34.000Z</time>
      </trkpt>
      <trkpt lat="45.17719401977956" lon="109.9417279008776">
        <ele>931.6</ele>
        <time>2026-08-24T12:58:50.000Z</time>
      </trkpt>
      <trkpt lat="45.176591696217656" lon="109.94243390858173">
        <ele>931.8</ele>
        <time>2026-08-24T12:59:06.000Z</time>
      </trkpt>
      <trkpt lat="45.17602155916393" lon="109.94309976696968">
        <ele>931.8</ele>
        <time>2026-08-24T12:59:22.000Z</time>
      </trkpt>
      <trkpt lat="45.17548712901771" lon="109.94372958317399">
        <ele>932</ele>
        <time>2026-08-24T12:59:38.000Z</time>
      </trkpt>
      <trkpt lat="45.17497566528618" lon="109.94432570412755">
        <ele>932.2</ele>
        <time>2026-08-24T12:59:54.000Z</time>
      </trkpt>
      <trkpt lat="45.174421705305576" lon="109.94496976956725">
        <ele>932.4</ele>
        <time>2026-08-24T13:00:10.000Z</time>
      </trkpt>
      <trkpt lat="45.17383907921612" lon="109.9456530623138">
        <ele>933</ele>
        <time>2026-08-24T13:00:26.000Z</time>
      </trkpt>
      <trkpt lat="45.17328989692032" lon="109.94629285298288">
        <ele>933.2</ele>
        <time>2026-08-24T13:00:42.000Z</time>
      </trkpt>
      <trkpt lat="45.17273467965424" lon="109.9469443783164">
        <ele>933.6</ele>
        <time>2026-08-24T13:00:59.000Z</time>
      </trkpt>
      <trkpt lat="45.172213576734066" lon="109.9475435167551">
        <ele>934.2</ele>
        <time>2026-08-24T13:01:15.000Z</time>
      </trkpt>
      <trkpt lat="45.17168593592942" lon="109.94817140512168">
        <ele>935</ele>
        <time>2026-08-24T13:01:31.000Z</time>
      </trkpt>
      <trkpt lat="45.17115360125899" lon="109.94879174977541">
        <ele>935.4</ele>
        <time>2026-08-24T13:01:47.000Z</time>
      </trkpt>
      <trkpt lat="45.17060123383999" lon="109.9494365695864">
        <ele>935.8</ele>
        <time>2026-08-24T13:02:03.000Z</time>
      </trkpt>
      <trkpt lat="45.17006219364703" lon="109.95005272328854">
        <ele>936</ele>
        <time>2026-08-24T13:02:19.000Z</time>
      </trkpt>
      <trkpt lat="45.169482082128525" lon="109.95072922669351">
        <ele>936.4</ele>
        <time>2026-08-24T13:02:35.000Z</time>
      </trkpt>
      <trkpt lat="45.16893608495593" lon="109.95136809535325">
        <ele>936.4</ele>
        <time>2026-08-24T13:02:51.000Z</time>
      </trkpt>
      <trkpt lat="45.16838279552758" lon="109.95200562290847">
        <ele>936.4</ele>
        <time>2026-08-24T13:03:07.000Z</time>
      </trkpt>
      <trkpt lat="45.167809976264834" lon="109.95267575606704">
        <ele>936.4</ele>
        <time>2026-08-24T13:03:24.000Z</time>
      </trkpt>
      <trkpt lat="45.167217291891575" lon="109.95337011292577">
        <ele>936.8</ele>
        <time>2026-08-24T13:03:40.000Z</time>
      </trkpt>
      <trkpt lat="45.166616812348366" lon="109.95406572706997">
        <ele>937</ele>
        <time>2026-08-24T13:03:56.000Z</time>
      </trkpt>
      <trkpt lat="45.16607257537544" lon="109.9546982254833">
        <ele>937.2</ele>
        <time>2026-08-24T13:04:12.000Z</time>
      </trkpt>
      <trkpt lat="45.16550302505493" lon="109.95536617934704">
        <ele>937.2</ele>
        <time>2026-08-24T13:04:28.000Z</time>
      </trkpt>
      <trkpt lat="45.16493649221957" lon="109.95602851733565">
        <ele>937.2</ele>
        <time>2026-08-24T13:04:44.000Z</time>
      </trkpt>
      <trkpt lat="45.16437230631709" lon="109.95669471099973">
        <ele>937.4</ele>
        <time>2026-08-24T13:05:00.000Z</time>
      </trkpt>
      <trkpt lat="45.163829578086734" lon="109.95732620358467">
        <ele>937.8</ele>
        <time>2026-08-24T13:05:16.000Z</time>
      </trkpt>
      <trkpt lat="45.163297494873405" lon="109.95793959125876">
        <ele>938.8</ele>
        <time>2026-08-24T13:05:32.000Z</time>
      </trkpt>
      <trkpt lat="45.1628193911165" lon="109.95850168168545">
        <ele>940</ele>
        <time>2026-08-24T13:05:49.000Z</time>
      </trkpt>
      <trkpt lat="45.162361320108175" lon="109.95903845876455">
        <ele>941.2</ele>
        <time>2026-08-24T13:06:05.000Z</time>
      </trkpt>
      <trkpt lat="45.161980697885156" lon="109.95948596857488">
        <ele>942.4</ele>
        <time>2026-08-24T13:06:21.000Z</time>
      </trkpt>
      <trkpt lat="45.16163050197065" lon="109.95988268405199">
        <ele>943.2</ele>
        <time>2026-08-24T13:06:37.000Z</time>
      </trkpt>
      <trkpt lat="45.16123630106449" lon="109.96033840812743">
        <ele>944.2</ele>
        <time>2026-08-24T13:06:53.000Z</time>
      </trkpt>
      <trkpt lat="45.1608388312161" lon="109.96080871671438">
        <ele>945.2</ele>
        <time>2026-08-24T13:07:09.000Z</time>
      </trkpt>
      <trkpt lat="45.160460975021124" lon="109.9612588249147">
        <ele>946</ele>
        <time>2026-08-24T13:07:25.000Z</time>
      </trkpt>
      <trkpt lat="45.16004732809961" lon="109.9617438018322">
        <ele>946.6</ele>
        <time>2026-08-24T13:07:41.000Z</time>
      </trkpt>
      <trkpt lat="45.159601578488946" lon="109.9622565228492">
        <ele>947.2</ele>
        <time>2026-08-24T13:07:58.000Z</time>
      </trkpt>
      <trkpt lat="45.15921282581985" lon="109.96270009316504">
        <ele>947.6</ele>
        <time>2026-08-24T13:08:14.000Z</time>
      </trkpt>
      <trkpt lat="45.159190529957414" lon="109.96277259662747">
        <ele>947.8</ele>
        <time>2026-08-24T13:09:23.000Z</time>
      </trkpt>
      <trkpt lat="45.15880546532571" lon="109.96319697238505">
        <ele>948.2</ele>
        <time>2026-08-24T13:09:39.000Z</time>
      </trkpt>
      <trkpt lat="45.15837321057916" lon="109.96369485743344">
        <ele>948.6</ele>
        <time>2026-08-24T13:09:55.000Z</time>
      </trkpt>
      <trkpt lat="45.1579515170306" lon="109.96417388319969">
        <ele>949</ele>
        <time>2026-08-24T13:10:11.000Z</time>
      </trkpt>
      <trkpt lat="45.157497469335794" lon="109.9646705109626">
        <ele>949.4</ele>
        <time>2026-08-24T13:10:28.000Z</time>
      </trkpt>
      <trkpt lat="45.15699950046837" lon="109.96519580483437">
        <ele>949.8</ele>
        <time>2026-08-24T13:10:44.000Z</time>
      </trkpt>
      <trkpt lat="45.15646297484636" lon="109.96574557386339">
        <ele>949.8</ele>
        <time>2026-08-24T13:11:00.000Z</time>
      </trkpt>
      <trkpt lat="45.15593399293721" lon="109.96629157103598">
        <ele>950.2</ele>
        <time>2026-08-24T13:11:16.000Z</time>
      </trkpt>
      <trkpt lat="45.15541951172054" lon="109.9668207205832">
        <ele>950.4</ele>
        <time>2026-08-24T13:11:32.000Z</time>
      </trkpt>
      <trkpt lat="45.15489086508751" lon="109.96736001223326">
        <ele>950.6</ele>
        <time>2026-08-24T13:11:48.000Z</time>
      </trkpt>
      <trkpt lat="45.154411755502224" lon="109.96785236522555">
        <ele>950.8</ele>
        <time>2026-08-24T13:12:04.000Z</time>
      </trkpt>
      <trkpt lat="45.15391496010125" lon="109.96837112121284">
        <ele>951</ele>
        <time>2026-08-24T13:12:20.000Z</time>
      </trkpt>
      <trkpt lat="45.15341523103416" lon="109.9688863568008">
        <ele>951.4</ele>
        <time>2026-08-24T13:12:36.000Z</time>
      </trkpt>
      <trkpt lat="45.152923967689276" lon="109.96938767842948">
        <ele>951.6</ele>
        <time>2026-08-24T13:12:53.000Z</time>
      </trkpt>
      <trkpt lat="45.15240336768329" lon="109.96993158012629">
        <ele>951.8</ele>
        <time>2026-08-24T13:13:09.000Z</time>
      </trkpt>
      <trkpt lat="45.151905566453934" lon="109.97041647322476">
        <ele>952</ele>
        <time>2026-08-24T13:13:25.000Z</time>
      </trkpt>
      <trkpt lat="45.151424780488014" lon="109.97093422338367">
        <ele>952.2</ele>
        <time>2026-08-24T13:13:41.000Z</time>
      </trkpt>
      <trkpt lat="45.150900073349476" lon="109.97147091664374">
        <ele>952.6</ele>
        <time>2026-08-24T13:13:57.000Z</time>
      </trkpt>
      <trkpt lat="45.15037260018289" lon="109.97201171703637">
        <ele>953</ele>
        <time>2026-08-24T13:14:13.000Z</time>
      </trkpt>
      <trkpt lat="45.14982677064836" lon="109.97257221490145">
        <ele>953.4</ele>
        <time>2026-08-24T13:14:29.000Z</time>
      </trkpt>
      <trkpt lat="45.149264596402645" lon="109.97315023094416">
        <ele>953.6</ele>
        <time>2026-08-24T13:14:46.000Z</time>
      </trkpt>
      <trkpt lat="45.14874433167279" lon="109.97368390671909">
        <ele>954</ele>
        <time>2026-08-24T13:15:02.000Z</time>
      </trkpt>
      <trkpt lat="45.14821660704911" lon="109.97422655113041">
        <ele>954.2</ele>
        <time>2026-08-24T13:15:19.000Z</time>
      </trkpt>
      <trkpt lat="45.14767781831324" lon="109.97478369623423">
        <ele>954.4</ele>
        <time>2026-08-24T13:15:35.000Z</time>
      </trkpt>
      <trkpt lat="45.1471533626318" lon="109.97531401924789">
        <ele>954.8</ele>
        <time>2026-08-24T13:15:51.000Z</time>
      </trkpt>
      <trkpt lat="45.146660255268216" lon="109.97581827454269">
        <ele>955.2</ele>
        <time>2026-08-24T13:16:07.000Z</time>
      </trkpt>
      <trkpt lat="45.14616396278143" lon="109.97631875798106">
        <ele>955.6</ele>
        <time>2026-08-24T13:16:23.000Z</time>
      </trkpt>
      <trkpt lat="45.14564612880349" lon="109.97680029831827">
        <ele>955.8</ele>
        <time>2026-08-24T13:16:39.000Z</time>
      </trkpt>
      <trkpt lat="45.14518587850034" lon="109.97720740735531">
        <ele>956</ele>
        <time>2026-08-24T13:16:55.000Z</time>
      </trkpt>
      <trkpt lat="45.14473032206297" lon="109.97758870013058">
        <ele>956</ele>
        <time>2026-08-24T13:17:11.000Z</time>
      </trkpt>
      <trkpt lat="45.14414601959288" lon="109.97805079445243">
        <ele>956.2</ele>
        <time>2026-08-24T13:17:28.000Z</time>
      </trkpt>
      <trkpt lat="45.14348778873682" lon="109.97854197397828">
        <ele>956.2</ele>
        <time>2026-08-24T13:17:44.000Z</time>
      </trkpt>
      <trkpt lat="45.14284783042967" lon="109.97901421040297">
        <ele>956.2</ele>
        <time>2026-08-24T13:18:00.000Z</time>
      </trkpt>
      <trkpt lat="45.142173087224364" lon="109.97950681485236">
        <ele>956.2</ele>
        <time>2026-08-24T13:18:16.000Z</time>
      </trkpt>
      <trkpt lat="45.14155827462673" lon="109.97995968908072">
        <ele>956.6</ele>
        <time>2026-08-24T13:18:32.000Z</time>
      </trkpt>
      <trkpt lat="45.14098646119237" lon="109.9803890939802">
        <ele>957</ele>
        <time>2026-08-24T13:18:48.000Z</time>
      </trkpt>
      <trkpt lat="45.14045387506485" lon="109.98083819635212">
        <ele>957.4</ele>
        <time>2026-08-24T13:19:04.000Z</time>
      </trkpt>
      <trkpt lat="45.13994727283716" lon="109.98133189044893">
        <ele>957.6</ele>
        <time>2026-08-24T13:19:20.000Z</time>
      </trkpt>
      <trkpt lat="45.139489118009806" lon="109.98184410855174">
        <ele>957.6</ele>
        <time>2026-08-24T13:19:36.000Z</time>
      </trkpt>
      <trkpt lat="45.13901176862419" lon="109.98245690949261">
        <ele>957.4</ele>
        <time>2026-08-24T13:19:53.000Z</time>
      </trkpt>
      <trkpt lat="45.13854925520718" lon="109.98310877010226">
        <ele>957</ele>
        <time>2026-08-24T13:20:09.000Z</time>
      </trkpt>
      <trkpt lat="45.13809671625495" lon="109.98374613001943">
        <ele>956.4</ele>
        <time>2026-08-24T13:20:25.000Z</time>
      </trkpt>
      <trkpt lat="45.13768273405731" lon="109.98430754989386">
        <ele>956.2</ele>
        <time>2026-08-24T13:20:41.000Z</time>
      </trkpt>
      <trkpt lat="45.137628922238946" lon="109.9844244774431">
        <ele>956</ele>
        <time>2026-08-24T13:22:43.000Z</time>
      </trkpt>
      <trkpt lat="45.1372981723398" lon="109.98487995006144">
        <ele>956</ele>
        <time>2026-08-24T13:22:59.000Z</time>
      </trkpt>
      <trkpt lat="45.13689827173948" lon="109.98545025475323">
        <ele>955.8</ele>
        <time>2026-08-24T13:23:15.000Z</time>
      </trkpt>
      <trkpt lat="45.13651228509843" lon="109.9859903845936">
        <ele>955.6</ele>
        <time>2026-08-24T13:23:31.000Z</time>
      </trkpt>
      <trkpt lat="45.136116994544864" lon="109.98654040507972">
        <ele>955.4</ele>
        <time>2026-08-24T13:23:47.000Z</time>
      </trkpt>
      <trkpt lat="45.13573092408478" lon="109.98707693070173">
        <ele>955.4</ele>
        <time>2026-08-24T13:24:03.000Z</time>
      </trkpt>
      <trkpt lat="45.135319121181965" lon="109.98765846714377">
        <ele>955.6</ele>
        <time>2026-08-24T13:24:19.000Z</time>
      </trkpt>
      <trkpt lat="45.13490019366145" lon="109.98821452260017">
        <ele>955.6</ele>
        <time>2026-08-24T13:24:36.000Z</time>
      </trkpt>
      <trkpt lat="45.13444312848151" lon="109.98880452476442">
        <ele>955.8</ele>
        <time>2026-08-24T13:24:52.000Z</time>
      </trkpt>
      <trkpt lat="45.13396100141108" lon="109.9893824569881">
        <ele>955.4</ele>
        <time>2026-08-24T13:25:08.000Z</time>
      </trkpt>
      <trkpt lat="45.13345330953598" lon="109.98997212387621">
        <ele>955</ele>
        <time>2026-08-24T13:25:24.000Z</time>
      </trkpt>
      <trkpt lat="45.13292315416038" lon="109.99056388624012">
        <ele>954.4</ele>
        <time>2026-08-24T13:25:40.000Z</time>
      </trkpt>
      <trkpt lat="45.13236382976174" lon="109.99119604937732">
        <ele>953.8</ele>
        <time>2026-08-24T13:25:56.000Z</time>
      </trkpt>
      <trkpt lat="45.13178120367229" lon="109.99183709733188">
        <ele>952.8</ele>
        <time>2026-08-24T13:26:12.000Z</time>
      </trkpt>
      <trkpt lat="45.13117393478751" lon="109.99251192435622">
        <ele>952</ele>
        <time>2026-08-24T13:26:28.000Z</time>
      </trkpt>
      <trkpt lat="45.13054269365966" lon="109.99322581104934">
        <ele>951.4</ele>
        <time>2026-08-24T13:26:44.000Z</time>
      </trkpt>
      <trkpt lat="45.12990231625736" lon="109.99394556507468">
        <ele>950.8</ele>
        <time>2026-08-24T13:27:01.000Z</time>
      </trkpt>
      <trkpt lat="45.129267890006304" lon="109.99463606625795">
        <ele>950.2</ele>
        <time>2026-08-24T13:27:17.000Z</time>
      </trkpt>
      <trkpt lat="45.128596583381295" lon="109.99538742005825">
        <ele>949.6</ele>
        <time>2026-08-24T13:27:33.000Z</time>
      </trkpt>
      <trkpt lat="45.12797959148884" lon="109.9960651807487">
        <ele>949.2</ele>
        <time>2026-08-24T13:27:49.000Z</time>
      </trkpt>
      <trkpt lat="45.12736611999571" lon="109.99674671329558">
        <ele>949</ele>
        <time>2026-08-24T13:28:05.000Z</time>
      </trkpt>
      <trkpt lat="45.12681023217738" lon="109.9973617773503">
        <ele>949.2</ele>
        <time>2026-08-24T13:28:21.000Z</time>
      </trkpt>
      <trkpt lat="45.126238921657205" lon="109.99799989163876">
        <ele>949.8</ele>
        <time>2026-08-24T13:28:37.000Z</time>
      </trkpt>
      <trkpt lat="45.12567926198244" lon="109.9986229185015">
        <ele>949.8</ele>
        <time>2026-08-24T13:28:53.000Z</time>
      </trkpt>
      <trkpt lat="45.125134103000164" lon="109.99922968447208">
        <ele>949.8</ele>
        <time>2026-08-24T13:29:09.000Z</time>
      </trkpt>
      <trkpt lat="45.12461048550904" lon="109.9998159147799">
        <ele>950.2</ele>
        <time>2026-08-24T13:29:26.000Z</time>
      </trkpt>
      <trkpt lat="45.12410287745297" lon="110.00037599354982">
        <ele>950.2</ele>
        <time>2026-08-24T13:29:42.000Z</time>
      </trkpt>
      <trkpt lat="45.1235730573535" lon="110.0009660795331">
        <ele>950.4</ele>
        <time>2026-08-24T13:29:58.000Z</time>
      </trkpt>
      <trkpt lat="45.12299621477723" lon="110.00160729512572">
        <ele>950.8</ele>
        <time>2026-08-24T13:30:14.000Z</time>
      </trkpt>
      <trkpt lat="45.12243336997926" lon="110.00223292037845">
        <ele>951.2</ele>
        <time>2026-08-24T13:30:30.000Z</time>
      </trkpt>
      <trkpt lat="45.12191922403872" lon="110.00280540436506">
        <ele>951.6</ele>
        <time>2026-08-24T13:30:46.000Z</time>
      </trkpt>
      <trkpt lat="45.121422596275806" lon="110.00338467769325">
        <ele>951.8</ele>
        <time>2026-08-24T13:31:02.000Z</time>
      </trkpt>
      <trkpt lat="45.12089897878468" lon="110.00402078032494">
        <ele>951.8</ele>
        <time>2026-08-24T13:31:18.000Z</time>
      </trkpt>
      <trkpt lat="45.120363207533956" lon="110.00471698120236">
        <ele>952.2</ele>
        <time>2026-08-24T13:31:34.000Z</time>
      </trkpt>
      <trkpt lat="45.1198516599834" lon="110.00542441383004">
        <ele>952.6</ele>
        <time>2026-08-24T13:31:51.000Z</time>
      </trkpt>
      <trkpt lat="45.119320917874575" lon="110.00618046149611">
        <ele>952.8</ele>
        <time>2026-08-24T13:32:07.000Z</time>
      </trkpt>
      <trkpt lat="45.118753630667925" lon="110.0069944281131">
        <ele>953</ele>
        <time>2026-08-24T13:32:23.000Z</time>
      </trkpt>
      <trkpt lat="45.11818299070001" lon="110.00781032256782">
        <ele>953</ele>
        <time>2026-08-24T13:32:39.000Z</time>
      </trkpt>
      <trkpt lat="45.1177032943815" lon="110.00850065611303">
        <ele>953.4</ele>
        <time>2026-08-24T13:32:55.000Z</time>
      </trkpt>
      <trkpt lat="45.11719208210707" lon="110.00922845676541">
        <ele>953.6</ele>
        <time>2026-08-24T13:33:11.000Z</time>
      </trkpt>
      <trkpt lat="45.11667617596686" lon="110.00995768234134">
        <ele>954</ele>
        <time>2026-08-24T13:33:27.000Z</time>
      </trkpt>
      <trkpt lat="45.116185415536165" lon="110.01065162010491">
        <ele>954.4</ele>
        <time>2026-08-24T13:33:43.000Z</time>
      </trkpt>
      <trkpt lat="45.115702617913485" lon="110.01134547404945">
        <ele>954.8</ele>
        <time>2026-08-24T13:33:59.000Z</time>
      </trkpt>
      <trkpt lat="45.115259969606996" lon="110.01197596080601">
        <ele>955.2</ele>
        <time>2026-08-24T13:34:16.000Z</time>
      </trkpt>
      <trkpt lat="45.11481832712889" lon="110.0126001611352">
        <ele>955.6</ele>
        <time>2026-08-24T13:34:32.000Z</time>
      </trkpt>
      <trkpt lat="45.114454636350274" lon="110.01312042586505">
        <ele>955.8</ele>
        <time>2026-08-24T13:34:43.000Z</time>
      </trkpt>
      <trkpt lat="45.113978795707226" lon="110.01379609107971">
        <ele>956.2</ele>
        <time>2026-08-24T13:34:59.000Z</time>
      </trkpt>
      <trkpt lat="45.113495076075196" lon="110.01448441296816">
        <ele>956</ele>
        <time>2026-08-24T13:35:15.000Z</time>
      </trkpt>
      <trkpt lat="45.112977996468544" lon="110.01521665602922">
        <ele>956</ele>
        <time>2026-08-24T13:35:31.000Z</time>
      </trkpt>
      <trkpt lat="45.11248480528593" lon="110.01591042615473">
        <ele>956.2</ele>
        <time>2026-08-24T13:35:47.000Z</time>
      </trkpt>
      <trkpt lat="45.112003767862916" lon="110.0165943056345">
        <ele>956</ele>
        <time>2026-08-24T13:36:03.000Z</time>
      </trkpt>
      <trkpt lat="45.111522395163774" lon="110.01727382652462">
        <ele>956</ele>
        <time>2026-08-24T13:36:19.000Z</time>
      </trkpt>
      <trkpt lat="45.111022582277656" lon="110.01799626275897">
        <ele>956</ele>
        <time>2026-08-24T13:36:36.000Z</time>
      </trkpt>
      <trkpt lat="45.110526625066996" lon="110.01869422383606">
        <ele>956</ele>
        <time>2026-08-24T13:36:52.000Z</time>
      </trkpt>
      <trkpt lat="45.109955398365855" lon="110.01951321959496">
        <ele>956.2</ele>
        <time>2026-08-24T13:37:08.000Z</time>
      </trkpt>
      <trkpt lat="45.109405629336834" lon="110.02028678543866">
        <ele>956.2</ele>
        <time>2026-08-24T13:37:24.000Z</time>
      </trkpt>
      <trkpt lat="45.10891009122133" lon="110.0210025999695">
        <ele>956</ele>
        <time>2026-08-24T13:37:40.000Z</time>
      </trkpt>
      <trkpt lat="45.10840717703104" lon="110.02172377891839">
        <ele>956.4</ele>
        <time>2026-08-24T13:37:56.000Z</time>
      </trkpt>
      <trkpt lat="45.10791650041938" lon="110.02240975387394">
        <ele>956.2</ele>
        <time>2026-08-24T13:38:12.000Z</time>
      </trkpt>
      <trkpt lat="45.10741668753326" lon="110.02306748181581">
        <ele>956</ele>
        <time>2026-08-24T13:38:28.000Z</time>
      </trkpt>
      <trkpt lat="45.10692517273128" lon="110.02369469963014">
        <ele>956.2</ele>
        <time>2026-08-24T13:38:44.000Z</time>
      </trkpt>
      <trkpt lat="45.10641982778907" lon="110.02428830601275">
        <ele>956.6</ele>
        <time>2026-08-24T13:39:01.000Z</time>
      </trkpt>
      <trkpt lat="45.105929570272565" lon="110.02483706921339">
        <ele>957</ele>
        <time>2026-08-24T13:39:17.000Z</time>
      </trkpt>
      <trkpt lat="45.10542690753937" lon="110.02538348548114">
        <ele>957.4</ele>
        <time>2026-08-24T13:39:33.000Z</time>
      </trkpt>
      <trkpt lat="45.10515038855374" lon="110.02563645131886">
        <ele>957.6</ele>
        <time>2026-08-24T13:39:46.000Z</time>
      </trkpt>
      <trkpt lat="45.10489390231669" lon="110.02593702636659">
        <ele>957.8</ele>
        <time>2026-08-24T13:41:09.000Z</time>
      </trkpt>
      <trkpt lat="45.104467095807195" lon="110.02636458724737">
        <ele>958.2</ele>
        <time>2026-08-24T13:41:26.000Z</time>
      </trkpt>
      <trkpt lat="45.10402612388134" lon="110.0268192216754">
        <ele>958.6</ele>
        <time>2026-08-24T13:41:42.000Z</time>
      </trkpt>
      <trkpt lat="45.103548523038626" lon="110.02731241285801">
        <ele>959.2</ele>
        <time>2026-08-24T13:41:58.000Z</time>
      </trkpt>
      <trkpt lat="45.1030716765672" lon="110.02780837006867">
        <ele>959.8</ele>
        <time>2026-08-24T13:42:14.000Z</time>
      </trkpt>
      <trkpt lat="45.10261637158692" lon="110.02827641554177">
        <ele>960.2</ele>
        <time>2026-08-24T13:42:30.000Z</time>
      </trkpt>
      <trkpt lat="45.10218453593552" lon="110.0287188962102">
        <ele>960.6</ele>
        <time>2026-08-24T13:42:46.000Z</time>
      </trkpt>
      <trkpt lat="45.10172411799431" lon="110.02916992641985">
        <ele>961.2</ele>
        <time>2026-08-24T13:43:02.000Z</time>
      </trkpt>
      <trkpt lat="45.101261185482144" lon="110.02967292442918">
        <ele>961.6</ele>
        <time>2026-08-24T13:43:18.000Z</time>
      </trkpt>
      <trkpt lat="45.10075910948217" lon="110.03019318915904">
        <ele>962.2</ele>
        <time>2026-08-24T13:43:34.000Z</time>
      </trkpt>
      <trkpt lat="45.10026650503278" lon="110.03069878555834">
        <ele>962.6</ele>
        <time>2026-08-24T13:43:51.000Z</time>
      </trkpt>
      <trkpt lat="45.0997802708298" lon="110.03119591623545">
        <ele>963</ele>
        <time>2026-08-24T13:44:07.000Z</time>
      </trkpt>
      <trkpt lat="45.099340891465545" lon="110.0316474493593">
        <ele>963.6</ele>
        <time>2026-08-24T13:44:23.000Z</time>
      </trkpt>
      <trkpt lat="45.09891257621348" lon="110.03206201829016">
        <ele>964</ele>
        <time>2026-08-24T13:44:39.000Z</time>
      </trkpt>
      <trkpt lat="45.09843271225691" lon="110.03253718838096">
        <ele>964.4</ele>
        <time>2026-08-24T13:44:55.000Z</time>
      </trkpt>
      <trkpt lat="45.09794597513974" lon="110.03300841897726">
        <ele>964.8</ele>
        <time>2026-08-24T13:45:11.000Z</time>
      </trkpt>
      <trkpt lat="45.09742361493409" lon="110.03349750302732">
        <ele>965</ele>
        <time>2026-08-24T13:45:27.000Z</time>
      </trkpt>
      <trkpt lat="45.0968963932246" lon="110.03398792818189">
        <ele>965.2</ele>
        <time>2026-08-24T13:45:43.000Z</time>
      </trkpt>
      <trkpt lat="45.096364729106426" lon="110.03448287956417">
        <ele>965.6</ele>
        <time>2026-08-24T13:45:59.000Z</time>
      </trkpt>
      <trkpt lat="45.0958204921335" lon="110.03499258309603">
        <ele>966</ele>
        <time>2026-08-24T13:46:16.000Z</time>
      </trkpt>
      <trkpt lat="45.09527491405606" lon="110.03550589084625">
        <ele>966.2</ele>
        <time>2026-08-24T13:46:32.000Z</time>
      </trkpt>
      <trkpt lat="45.09469002485275" lon="110.0360491219908">
        <ele>966.4</ele>
        <time>2026-08-24T13:46:48.000Z</time>
      </trkpt>
      <trkpt lat="45.09413279592991" lon="110.03656460903585">
        <ele>966.6</ele>
        <time>2026-08-24T13:47:04.000Z</time>
      </trkpt>
      <trkpt lat="45.093589816242456" lon="110.03707272000611">
        <ele>966.8</ele>
        <time>2026-08-24T13:47:20.000Z</time>
      </trkpt>
      <trkpt lat="45.09303702972829" lon="110.03759206272662">
        <ele>967.2</ele>
        <time>2026-08-24T13:47:36.000Z</time>
      </trkpt>
      <trkpt lat="45.092451218515635" lon="110.03814107738435">
        <ele>967.6</ele>
        <time>2026-08-24T13:47:52.000Z</time>
      </trkpt>
      <trkpt lat="45.09186322800815" lon="110.03868950530887">
        <ele>967.8</ele>
        <time>2026-08-24T13:48:08.000Z</time>
      </trkpt>
      <trkpt lat="45.091316225007176" lon="110.03921496681869">
        <ele>968</ele>
        <time>2026-08-24T13:48:25.000Z</time>
      </trkpt>
      <trkpt lat="45.090874917805195" lon="110.03962492570281">
        <ele>968</ele>
        <time>2026-08-24T13:48:41.000Z</time>
      </trkpt>
      <trkpt lat="45.09039237163961" lon="110.04006338305771">
        <ele>968</ele>
        <time>2026-08-24T13:48:57.000Z</time>
      </trkpt>
      <trkpt lat="45.08980027399957" lon="110.04061231389642">
        <ele>968.4</ele>
        <time>2026-08-24T13:49:13.000Z</time>
      </trkpt>
      <trkpt lat="45.08925151079893" lon="110.04112872295082">
        <ele>968.6</ele>
        <time>2026-08-24T13:49:29.000Z</time>
      </trkpt>
      <trkpt lat="45.08874859660864" lon="110.04164236597717">
        <ele>968.6</ele>
        <time>2026-08-24T13:49:45.000Z</time>
      </trkpt>
      <trkpt lat="45.08824836462736" lon="110.04221585579216">
        <ele>968.8</ele>
        <time>2026-08-24T13:50:01.000Z</time>
      </trkpt>
      <trkpt lat="45.08775441907346" lon="110.04288515076041">
        <ele>968.6</ele>
        <time>2026-08-24T13:50:17.000Z</time>
      </trkpt>
      <trkpt lat="45.08724597282708" lon="110.04368000663817">
        <ele>968.4</ele>
        <time>2026-08-24T13:50:33.000Z</time>
      </trkpt>
      <trkpt lat="45.08677306585014" lon="110.04451802931726">
        <ele>968</ele>
        <time>2026-08-24T13:50:50.000Z</time>
      </trkpt>
      <trkpt lat="45.08629873394966" lon="110.0454034935683">
        <ele>967.8</ele>
        <time>2026-08-24T13:51:06.000Z</time>
      </trkpt>
      <trkpt lat="45.085838567465544" lon="110.04625878296793">
        <ele>967.4</ele>
        <time>2026-08-24T13:51:22.000Z</time>
      </trkpt>
      <trkpt lat="45.0853624753654" lon="110.0471596699208">
        <ele>967.2</ele>
        <time>2026-08-24T13:51:38.000Z</time>
      </trkpt>
      <trkpt lat="45.084938602522016" lon="110.04796030931175">
        <ele>967.2</ele>
        <time>2026-08-24T13:51:54.000Z</time>
      </trkpt>
      <trkpt lat="45.08450190536678" lon="110.04877025261521">
        <ele>967.6</ele>
        <time>2026-08-24T13:52:10.000Z</time>
      </trkpt>
      <trkpt lat="45.08405841886997" lon="110.04959746263921">
        <ele>968</ele>
        <time>2026-08-24T13:52:26.000Z</time>
      </trkpt>
      <trkpt lat="45.083626583218575" lon="110.05040975287557">
        <ele>968.4</ele>
        <time>2026-08-24T13:52:42.000Z</time>
      </trkpt>
      <trkpt lat="45.08321771398187" lon="110.05115792155266">
        <ele>968.8</ele>
        <time>2026-08-24T13:52:58.000Z</time>
      </trkpt>
      <trkpt lat="45.08279040455818" lon="110.05186418071389">
        <ele>968.8</ele>
        <time>2026-08-24T13:53:15.000Z</time>
      </trkpt>
      <trkpt lat="45.082347337156534" lon="110.0525029655546">
        <ele>969.2</ele>
        <time>2026-08-24T13:53:31.000Z</time>
      </trkpt>
      <trkpt lat="45.081843668594956" lon="110.053127752617">
        <ele>969.4</ele>
        <time>2026-08-24T13:53:47.000Z</time>
      </trkpt>
      <trkpt lat="45.08135315962136" lon="110.0536682177335">
        <ele>969.6</ele>
        <time>2026-08-24T13:54:03.000Z</time>
      </trkpt>
      <trkpt lat="45.0808831024915" lon="110.05410181358457">
        <ele>969.6</ele>
        <time>2026-08-24T13:54:19.000Z</time>
      </trkpt>
      <trkpt lat="45.0804150570184" lon="110.05449660122395">
        <ele>969.6</ele>
        <time>2026-08-24T13:54:35.000Z</time>
      </trkpt>
      <trkpt lat="45.079944329336286" lon="110.05486951209605">
        <ele>969.6</ele>
        <time>2026-08-24T13:54:51.000Z</time>
      </trkpt>
      <trkpt lat="45.07946211844683" lon="110.05521618761122">
        <ele>969.6</ele>
        <time>2026-08-24T13:55:07.000Z</time>
      </trkpt>
      <trkpt lat="45.07897378876805" lon="110.05558976903558">
        <ele>969.6</ele>
        <time>2026-08-24T13:55:23.000Z</time>
      </trkpt>
      <trkpt lat="45.078468192368746" lon="110.05596108734608">
        <ele>969.6</ele>
        <time>2026-08-24T13:55:40.000Z</time>
      </trkpt>
      <trkpt lat="45.07795882411301" lon="110.056341458112">
        <ele>969.4</ele>
        <time>2026-08-24T13:55:56.000Z</time>
      </trkpt>
      <trkpt lat="45.07732012309134" lon="110.05682475864887">
        <ele>969</ele>
        <time>2026-08-24T13:56:12.000Z</time>
      </trkpt>
      <trkpt lat="45.07661403156817" lon="110.05735189653933">
        <ele>968.2</ele>
        <time>2026-08-24T13:56:28.000Z</time>
      </trkpt>
      <trkpt lat="45.07586150430143" lon="110.05793150514364">
        <ele>967.8</ele>
        <time>2026-08-24T13:56:44.000Z</time>
      </trkpt>
      <trkpt lat="45.07509506307542" lon="110.0585091020912">
        <ele>967.4</ele>
        <time>2026-08-24T13:57:00.000Z</time>
      </trkpt>
      <trkpt lat="45.074347984045744" lon="110.05907412618399">
        <ele>967.2</ele>
        <time>2026-08-24T13:57:16.000Z</time>
      </trkpt>
      <trkpt lat="45.07361439988017" lon="110.05962347611785">
        <ele>967</ele>
        <time>2026-08-24T13:57:32.000Z</time>
      </trkpt>
      <trkpt lat="45.07287863641977" lon="110.0601719878614">
        <ele>967</ele>
        <time>2026-08-24T13:57:48.000Z</time>
      </trkpt>
      <trkpt lat="45.07216516882181" lon="110.06070750765502">
        <ele>966.8</ele>
        <time>2026-08-24T13:58:05.000Z</time>
      </trkpt>
      <trkpt lat="45.07141607813537" lon="110.06127135828137">
        <ele>966.4</ele>
        <time>2026-08-24T13:58:21.000Z</time>
      </trkpt>
      <trkpt lat="45.07063312456012" lon="110.06185742095113">
        <ele>965.8</ele>
        <time>2026-08-24T13:58:37.000Z</time>
      </trkpt>
      <trkpt lat="45.0698655936867" lon="110.06243669427931">
        <ele>965.2</ele>
        <time>2026-08-24T13:58:53.000Z</time>
      </trkpt>
      <trkpt lat="45.069092027843" lon="110.06302367895842">
        <ele>964.4</ele>
        <time>2026-08-24T13:59:09.000Z</time>
      </trkpt>
      <trkpt lat="45.06835140287876" lon="110.06358057260513">
        <ele>963.8</ele>
        <time>2026-08-24T13:59:25.000Z</time>
      </trkpt>
      <trkpt lat="45.067646987736225" lon="110.06410938687623">
        <ele>963.8</ele>
        <time>2026-08-24T13:59:41.000Z</time>
      </trkpt>
      <trkpt lat="45.066925808787346" lon="110.06465672515333">
        <ele>964.2</ele>
        <time>2026-08-24T13:59:57.000Z</time>
      </trkpt>
      <trkpt lat="45.06626087240875" lon="110.06515712477267">
        <ele>964.4</ele>
        <time>2026-08-24T14:00:13.000Z</time>
      </trkpt>
      <trkpt lat="45.0655968580395" lon="110.06565350107849">
        <ele>964.6</ele>
        <time>2026-08-24T14:00:30.000Z</time>
      </trkpt>
      <trkpt lat="45.06493091583252" lon="110.06614258512855">
        <ele>965</ele>
        <time>2026-08-24T14:00:46.000Z</time>
      </trkpt>
      <trkpt lat="45.06411703303456" lon="110.06671900860965">
        <ele>964.4</ele>
        <time>2026-08-24T14:01:02.000Z</time>
      </trkpt>
      <trkpt lat="45.06324648857117" lon="110.0672899838537">
        <ele>963</ele>
        <time>2026-08-24T14:01:18.000Z</time>
      </trkpt>
      <trkpt lat="45.06222842261195" lon="110.06795777007937">
        <ele>960.8</ele>
        <time>2026-08-24T14:01:34.000Z</time>
      </trkpt>
      <trkpt lat="45.061126789078116" lon="110.0686761830002">
        <ele>958.8</ele>
        <time>2026-08-24T14:01:50.000Z</time>
      </trkpt>
      <trkpt lat="45.06013881415129" lon="110.0693191587925">
        <ele>958.2</ele>
        <time>2026-08-24T14:02:06.000Z</time>
      </trkpt>
      <trkpt lat="45.059264581650496" lon="110.06989038549364">
        <ele>957.2</ele>
        <time>2026-08-24T14:02:22.000Z</time>
      </trkpt>
      <trkpt lat="45.05836771801114" lon="110.07047510705888">
        <ele>956</ele>
        <time>2026-08-24T14:02:38.000Z</time>
      </trkpt>
      <trkpt lat="45.05749172531068" lon="110.07104985415936">
        <ele>955</ele>
        <time>2026-08-24T14:02:55.000Z</time>
      </trkpt>
      <trkpt lat="45.05666426382959" lon="110.07158629596233">
        <ele>954.8</ele>
        <time>2026-08-24T14:03:11.000Z</time>
      </trkpt>
      <trkpt lat="45.05587452091277" lon="110.07210052572191">
        <ele>954.4</ele>
        <time>2026-08-24T14:03:27.000Z</time>
      </trkpt>
      <trkpt lat="45.05505971610546" lon="110.0726327765733">
        <ele>954.4</ele>
        <time>2026-08-24T14:03:43.000Z</time>
      </trkpt>
      <trkpt lat="45.054322611540556" lon="110.07311766967177">
        <ele>954.2</ele>
        <time>2026-08-24T14:03:59.000Z</time>
      </trkpt>
      <trkpt lat="45.05362666212022" lon="110.07357012480497">
        <ele>954.4</ele>
        <time>2026-08-24T14:04:15.000Z</time>
      </trkpt>
      <trkpt lat="45.052939681336284" lon="110.07400682196021">
        <ele>954.6</ele>
        <time>2026-08-24T14:04:31.000Z</time>
      </trkpt>
      <trkpt lat="45.052260579541326" lon="110.07444988936186">
        <ele>954.6</ele>
        <time>2026-08-24T14:04:47.000Z</time>
      </trkpt>
      <trkpt lat="45.05158692598343" lon="110.07488692179322">
        <ele>954.6</ele>
        <time>2026-08-24T14:05:04.000Z</time>
      </trkpt>
      <trkpt lat="45.05088762380183" lon="110.07534331642091">
        <ele>954.8</ele>
        <time>2026-08-24T14:05:20.000Z</time>
      </trkpt>
      <trkpt lat="45.05021061748266" lon="110.07578646764159">
        <ele>954.8</ele>
        <time>2026-08-24T14:05:36.000Z</time>
      </trkpt>
      <trkpt lat="45.04948231391609" lon="110.07625359110534">
        <ele>954.8</ele>
        <time>2026-08-24T14:05:52.000Z</time>
      </trkpt>
      <trkpt lat="45.04870790988207" lon="110.07675885222852">
        <ele>955.2</ele>
        <time>2026-08-24T14:06:08.000Z</time>
      </trkpt>
      <trkpt lat="45.048494171351194" lon="110.07692296989262">
        <ele>954.8</ele>
        <time>2026-08-24T14:06:14.000Z</time>
      </trkpt>
      <trkpt lat="45.04857396706939" lon="110.07692162878811">
        <ele>954.8</ele>
        <time>2026-08-24T14:06:18.000Z</time>
      </trkpt>
      <trkpt lat="45.04860296845436" lon="110.0767965707928">
        <ele>954.4</ele>
        <time>2026-08-24T14:06:24.000Z</time>
      </trkpt>
      <trkpt lat="45.04828076809645" lon="110.07704626768827">
        <ele>954.6</ele>
        <time>2026-08-24T14:08:41.000Z</time>
      </trkpt>
      <trkpt lat="45.047727562487125" lon="110.0774020794779">
        <ele>954.4</ele>
        <time>2026-08-24T14:08:57.000Z</time>
      </trkpt>
      <trkpt lat="45.04715105518699" lon="110.07775998674333">
        <ele>954.2</ele>
        <time>2026-08-24T14:09:13.000Z</time>
      </trkpt>
      <trkpt lat="45.046535320580006" lon="110.07815510965884">
        <ele>954</ele>
        <time>2026-08-24T14:09:29.000Z</time>
      </trkpt>
      <trkpt lat="45.04589041694999" lon="110.07857026532292">
        <ele>954.2</ele>
        <time>2026-08-24T14:09:45.000Z</time>
      </trkpt>
      <trkpt lat="45.04523511976004" lon="110.07899916730821">
        <ele>954</ele>
        <time>2026-08-24T14:10:02.000Z</time>
      </trkpt>
      <trkpt lat="45.044608069583774" lon="110.07940418086946">
        <ele>954.2</ele>
        <time>2026-08-24T14:10:18.000Z</time>
      </trkpt>
      <trkpt lat="45.04392611794174" lon="110.07984708063304">
        <ele>954.2</ele>
        <time>2026-08-24T14:10:34.000Z</time>
      </trkpt>
      <trkpt lat="45.04328582435846" lon="110.08026617579162">
        <ele>954.4</ele>
        <time>2026-08-24T14:10:50.000Z</time>
      </trkpt>
      <trkpt lat="45.04273496568203" lon="110.08062249049544">
        <ele>954.4</ele>
        <time>2026-08-24T14:11:06.000Z</time>
      </trkpt>
      <trkpt lat="45.04231369122863" lon="110.08090571500361">
        <ele>954.8</ele>
        <time>2026-08-24T14:11:22.000Z</time>
      </trkpt>
      <trkpt lat="45.041803400963545" lon="110.0812413264066">
        <ele>954.8</ele>
        <time>2026-08-24T14:11:38.000Z</time>
      </trkpt>
      <trkpt lat="45.04120258614421" lon="110.0816316716373">
        <ele>955</ele>
        <time>2026-08-24T14:11:54.000Z</time>
      </trkpt>
      <trkpt lat="45.040561370551586" lon="110.08204900659621">
        <ele>955.2</ele>
        <time>2026-08-24T14:12:11.000Z</time>
      </trkpt>
      <trkpt lat="45.04001051187515" lon="110.08240699768066">
        <ele>955.8</ele>
        <time>2026-08-24T14:12:27.000Z</time>
      </trkpt>
      <trkpt lat="45.03956375643611" lon="110.08270497433841">
        <ele>956.4</ele>
        <time>2026-08-24T14:12:43.000Z</time>
      </trkpt>
      <trkpt lat="45.039124712347984" lon="110.08300705812871">
        <ele>957.2</ele>
        <time>2026-08-24T14:12:59.000Z</time>
      </trkpt>
      <trkpt lat="45.038691284134984" lon="110.08329631760716">
        <ele>958</ele>
        <time>2026-08-24T14:13:15.000Z</time>
      </trkpt>
      <trkpt lat="45.03824796527624" lon="110.08358431980014">
        <ele>958.8</ele>
        <time>2026-08-24T14:13:31.000Z</time>
      </trkpt>
      <trkpt lat="45.03784446045756" lon="110.08384700864553">
        <ele>959.4</ele>
        <time>2026-08-24T14:13:47.000Z</time>
      </trkpt>
      <trkpt lat="45.03739728592336" lon="110.08411246351898">
        <ele>960</ele>
        <time>2026-08-24T14:14:03.000Z</time>
      </trkpt>
      <trkpt lat="45.03695639781654" lon="110.08432569913566">
        <ele>960.4</ele>
        <time>2026-08-24T14:14:19.000Z</time>
      </trkpt>
      <trkpt lat="45.03644099459052" lon="110.08450591005385">
        <ele>960.6</ele>
        <time>2026-08-24T14:14:36.000Z</time>
      </trkpt>
      <trkpt lat="45.035891979932785" lon="110.08461462333798">
        <ele>960.6</ele>
        <time>2026-08-24T14:14:52.000Z</time>
      </trkpt>
      <trkpt lat="45.03531010821462" lon="110.08464731276035">
        <ele>960.2</ele>
        <time>2026-08-24T14:15:08.000Z</time>
      </trkpt>
      <trkpt lat="45.03461088985205" lon="110.084627866745">
        <ele>959.6</ele>
        <time>2026-08-24T14:15:24.000Z</time>
      </trkpt>
      <trkpt lat="45.03387663513422" lon="110.0845996197313">
        <ele>958.8</ele>
        <time>2026-08-24T14:15:40.000Z</time>
      </trkpt>
      <trkpt lat="45.03326341509819" lon="110.0845737196505">
        <ele>958.8</ele>
        <time>2026-08-24T14:15:56.000Z</time>
      </trkpt>
      <trkpt lat="45.03278346732259" lon="110.08455829694867">
        <ele>959</ele>
        <time>2026-08-24T14:16:12.000Z</time>
      </trkpt>
      <trkpt lat="45.03233310766518" lon="110.08452971465886">
        <ele>959.4</ele>
        <time>2026-08-24T14:16:28.000Z</time>
      </trkpt>
      <trkpt lat="45.0319002661854" lon="110.08450792171061">
        <ele>959.8</ele>
        <time>2026-08-24T14:16:44.000Z</time>
      </trkpt>
      <trkpt lat="45.03150187432766" lon="110.0844893977046">
        <ele>960</ele>
        <time>2026-08-24T14:17:01.000Z</time>
      </trkpt>
      <trkpt lat="45.03103391267359" lon="110.08446970023215">
        <ele>960.4</ele>
        <time>2026-08-24T14:17:17.000Z</time>
      </trkpt>
      <trkpt lat="45.030586905777454" lon="110.0844515953213">
        <ele>960.8</ele>
        <time>2026-08-24T14:17:33.000Z</time>
      </trkpt>
      <trkpt lat="45.03016940318048" lon="110.08443977683783">
        <ele>961.2</ele>
        <time>2026-08-24T14:17:49.000Z</time>
      </trkpt>
      <trkpt lat="45.029759192839265" lon="110.08442686870694">
        <ele>962</ele>
        <time>2026-08-24T14:18:05.000Z</time>
      </trkpt>
      <trkpt lat="45.02936717122793" lon="110.08441387675703">
        <ele>963</ele>
        <time>2026-08-24T14:18:21.000Z</time>
      </trkpt>
      <trkpt lat="45.029001301154494" lon="110.08439870551229">
        <ele>964</ele>
        <time>2026-08-24T14:18:37.000Z</time>
      </trkpt>
      <trkpt lat="45.02867482602596" lon="110.0843805167824">
        <ele>964.6</ele>
        <time>2026-08-24T14:18:53.000Z</time>
      </trkpt>
      <trkpt lat="45.028556725010276" lon="110.08395069278777">
        <ele>964.6</ele>
        <time>2026-08-24T14:19:09.000Z</time>
      </trkpt>
      <trkpt lat="45.028441390022635" lon="110.08383141830564">
        <ele>964.8</ele>
        <time>2026-08-24T14:19:20.000Z</time>
      </trkpt>
      <trkpt lat="45.02835153602064" lon="110.08365632034838">
        <ele>964.6</ele>
        <time>2026-08-24T14:19:33.000Z</time>
      </trkpt>
      <trkpt lat="45.028309877961874" lon="110.08378288708627">
        <ele>964.6</ele>
        <time>2026-08-24T14:19:42.000Z</time>
      </trkpt>
      <trkpt lat="45.02828339114785" lon="110.08371314965189">
        <ele>965</ele>
        <time>2026-08-24T14:21:52.000Z</time>
      </trkpt>
      <trkpt lat="45.02822857350111" lon="110.08387299254537">
        <ele>965.6</ele>
        <time>2026-08-24T14:22:07.000Z</time>
      </trkpt>
      <trkpt lat="45.02805029042065" lon="110.08388757705688">
        <ele>965.6</ele>
        <time>2026-08-24T14:22:35.000Z</time>
      </trkpt>
      <trkpt lat="45.02791056409478" lon="110.08389679715037">
        <ele>965.8</ele>
        <time>2026-08-24T14:22:51.000Z</time>
      </trkpt>
      <trkpt lat="45.02788055688143" lon="110.08401037193835">
        <ele>966</ele>
        <time>2026-08-24T14:23:04.000Z</time>
      </trkpt>
      <trkpt lat="45.02780503593385" lon="110.0843273755163">
        <ele>967.6</ele>
        <time>2026-08-24T14:41:32.000Z</time>
      </trkpt>
      <trkpt lat="45.02771023660898" lon="110.08448185399175">
        <ele>967.4</ele>
        <time>2026-08-24T14:41:42.000Z</time>
      </trkpt>
      <trkpt lat="45.027456264942884" lon="110.08448000997305">
        <ele>967.6</ele>
        <time>2026-08-24T14:41:58.000Z</time>
      </trkpt>
      <trkpt lat="45.02709601074457" lon="110.08451697416604">
        <ele>967.6</ele>
        <time>2026-08-24T14:43:39.000Z</time>
      </trkpt>
      <trkpt lat="45.02671488560736" lon="110.0845691934228">
        <ele>967.6</ele>
        <time>2026-08-24T14:43:55.000Z</time>
      </trkpt>
      <trkpt lat="45.02628497779369" lon="110.08464446291327">
        <ele>967.2</ele>
        <time>2026-08-24T14:44:11.000Z</time>
      </trkpt>
      <trkpt lat="45.0257751904428" lon="110.08477496914566">
        <ele>966.4</ele>
        <time>2026-08-24T14:44:27.000Z</time>
      </trkpt>
      <trkpt lat="45.02517479471862" lon="110.0849281065166">
        <ele>965.2</ele>
        <time>2026-08-24T14:44:44.000Z</time>
      </trkpt>
      <trkpt lat="45.024916883558035" lon="110.08497688919306">
        <ele>964.4</ele>
        <time>2026-08-24T14:44:54.000Z</time>
      </trkpt>
      <trkpt lat="45.02445789054036" lon="110.08513086475432">
        <ele>963.8</ele>
        <time>2026-08-24T14:45:39.000Z</time>
      </trkpt>
      <trkpt lat="45.02374039962888" lon="110.08533949032426">
        <ele>962.2</ele>
        <time>2026-08-24T14:45:55.000Z</time>
      </trkpt>
      <trkpt lat="45.02280581742525" lon="110.08560209535062">
        <ele>960</ele>
        <time>2026-08-24T14:46:11.000Z</time>
      </trkpt>
      <trkpt lat="45.02188221551478" lon="110.08586285635829">
        <ele>957.4</ele>
        <time>2026-08-24T14:46:27.000Z</time>
      </trkpt>
      <trkpt lat="45.02103413455188" lon="110.08610769174993">
        <ele>955.4</ele>
        <time>2026-08-24T14:46:43.000Z</time>
      </trkpt>
      <trkpt lat="45.020150765776634" lon="110.08635981939733">
        <ele>953.2</ele>
        <time>2026-08-24T14:46:59.000Z</time>
      </trkpt>
      <trkpt lat="45.01916505396366" lon="110.08664430119097">
        <ele>950.6</ele>
        <time>2026-08-24T14:47:16.000Z</time>
      </trkpt>
      <trkpt lat="45.0181909929961" lon="110.08692350238562">
        <ele>948.2</ele>
        <time>2026-08-24T14:47:32.000Z</time>
      </trkpt>
      <trkpt lat="45.01708650961518" lon="110.08723975159228">
        <ele>945.2</ele>
        <time>2026-08-24T14:47:48.000Z</time>
      </trkpt>
      <trkpt lat="45.01586727797985" lon="110.08758961223066">
        <ele>943</ele>
        <time>2026-08-24T14:48:04.000Z</time>
      </trkpt>
      <trkpt lat="45.01472239382565" lon="110.08791910484433">
        <ele>941.6</ele>
        <time>2026-08-24T14:48:20.000Z</time>
      </trkpt>
      <trkpt lat="45.013590417802334" lon="110.08824247866869">
        <ele>940.2</ele>
        <time>2026-08-24T14:48:36.000Z</time>
      </trkpt>
      <trkpt lat="45.012538908049464" lon="110.0885424669832">
        <ele>938.6</ele>
        <time>2026-08-24T14:48:52.000Z</time>
      </trkpt>
      <trkpt lat="45.0114940200001" lon="110.08884346112609">
        <ele>937.4</ele>
        <time>2026-08-24T14:49:08.000Z</time>
      </trkpt>
      <trkpt lat="45.01046480610967" lon="110.08913766592741">
        <ele>936</ele>
        <time>2026-08-24T14:49:24.000Z</time>
      </trkpt>
      <trkpt lat="45.00946677289903" lon="110.08942726068199">
        <ele>935.2</ele>
        <time>2026-08-24T14:49:41.000Z</time>
      </trkpt>
      <trkpt lat="45.00862187705934" lon="110.08966882713139">
        <ele>934.6</ele>
        <time>2026-08-24T14:49:57.000Z</time>
      </trkpt>
      <trkpt lat="45.007957611232996" lon="110.08985289372504">
        <ele>935</ele>
        <time>2026-08-24T14:50:13.000Z</time>
      </trkpt>
      <trkpt lat="45.00725847668946" lon="110.09005716070533">
        <ele>935.2</ele>
        <time>2026-08-24T14:50:29.000Z</time>
      </trkpt>
      <trkpt lat="45.00662053003907" lon="110.0902397185564">
        <ele>935</ele>
        <time>2026-08-24T14:50:45.000Z</time>
      </trkpt>
      <trkpt lat="45.00597286038101" lon="110.09041909128428">
        <ele>935</ele>
        <time>2026-08-24T14:51:01.000Z</time>
      </trkpt>
      <trkpt lat="45.00527079217136" lon="110.09062126278877">
        <ele>934.8</ele>
        <time>2026-08-24T14:51:17.000Z</time>
      </trkpt>
      <trkpt lat="45.00459747388959" lon="110.0908153038472">
        <ele>935.2</ele>
        <time>2026-08-24T14:51:33.000Z</time>
      </trkpt>
      <trkpt lat="45.00401593744755" lon="110.0909810140729">
        <ele>935.8</ele>
        <time>2026-08-24T14:51:50.000Z</time>
      </trkpt>
      <trkpt lat="45.003399197012186" lon="110.09115669876337">
        <ele>936</ele>
        <time>2026-08-24T14:52:06.000Z</time>
      </trkpt>
      <trkpt lat="45.0027078576386" lon="110.09135568514466">
        <ele>936</ele>
        <time>2026-08-24T14:52:22.000Z</time>
      </trkpt>
      <trkpt lat="45.00194066204131" lon="110.0915799010545">
        <ele>935.2</ele>
        <time>2026-08-24T14:52:38.000Z</time>
      </trkpt>
      <trkpt lat="45.00104723498225" lon="110.09184191934764">
        <ele>934.2</ele>
        <time>2026-08-24T14:52:54.000Z</time>
      </trkpt>
      <trkpt lat="45.00017166137695" lon="110.09209086187184">
        <ele>932.8</ele>
        <time>2026-08-24T14:53:10.000Z</time>
      </trkpt>
      <trkpt lat="44.99926641583443" lon="110.09235296398401">
        <ele>931.6</ele>
        <time>2026-08-24T14:53:26.000Z</time>
      </trkpt>
      <trkpt lat="44.99829092994332" lon="110.09263350628316">
        <ele>929.6</ele>
        <time>2026-08-24T14:53:42.000Z</time>
      </trkpt>
      <trkpt lat="44.99730228446424" lon="110.09291999973357">
        <ele>928.4</ele>
        <time>2026-08-24T14:53:58.000Z</time>
      </trkpt>
      <trkpt lat="44.996377089992166" lon="110.09318377822638">
        <ele>928</ele>
        <time>2026-08-24T14:54:15.000Z</time>
      </trkpt>
      <trkpt lat="44.99555977061391" lon="110.0934188067913">
        <ele>928.6</ele>
        <time>2026-08-24T14:54:31.000Z</time>
      </trkpt>
      <trkpt lat="44.99481378123164" lon="110.09363966993988">
        <ele>929</ele>
        <time>2026-08-24T14:54:47.000Z</time>
      </trkpt>
      <trkpt lat="44.994068713858724" lon="110.09385659359396">
        <ele>929</ele>
        <time>2026-08-24T14:55:03.000Z</time>
      </trkpt>
      <trkpt lat="44.99325407668948" lon="110.09408516809344">
        <ele>928.8</ele>
        <time>2026-08-24T14:55:19.000Z</time>
      </trkpt>
      <trkpt lat="44.99246785417199" lon="110.09431349113584">
        <ele>928</ele>
        <time>2026-08-24T14:55:35.000Z</time>
      </trkpt>
      <trkpt lat="44.991688672453165" lon="110.09453686885536">
        <ele>928</ele>
        <time>2026-08-24T14:55:51.000Z</time>
      </trkpt>
      <trkpt lat="44.99096606858075" lon="110.09474415332079">
        <ele>927.6</ele>
        <time>2026-08-24T14:56:07.000Z</time>
      </trkpt>
      <trkpt lat="44.99021865427494" lon="110.0949574727565">
        <ele>927.4</ele>
        <time>2026-08-24T14:56:23.000Z</time>
      </trkpt>
      <trkpt lat="44.98947283253074" lon="110.0951738934964">
        <ele>927.6</ele>
        <time>2026-08-24T14:56:40.000Z</time>
      </trkpt>
      <trkpt lat="44.98875089921057" lon="110.09537816047668">
        <ele>926.8</ele>
        <time>2026-08-24T14:56:56.000Z</time>
      </trkpt>
      <trkpt lat="44.98801538720727" lon="110.09558938443661">
        <ele>926.6</ele>
        <time>2026-08-24T14:57:12.000Z</time>
      </trkpt>
      <trkpt lat="44.98722966760397" lon="110.09581175632775">
        <ele>926.4</ele>
        <time>2026-08-24T14:57:28.000Z</time>
      </trkpt>
      <trkpt lat="44.98639105819166" lon="110.09605516679585">
        <ele>926</ele>
        <time>2026-08-24T14:57:44.000Z</time>
      </trkpt>
      <trkpt lat="44.9856411293149" lon="110.09627477265894">
        <ele>925.8</ele>
        <time>2026-08-24T14:58:00.000Z</time>
      </trkpt>
      <trkpt lat="44.98497862368822" lon="110.09646261110902">
        <ele>925.6</ele>
        <time>2026-08-24T14:58:16.000Z</time>
      </trkpt>
      <trkpt lat="44.98457830399275" lon="110.09654760360718">
        <ele>925.6</ele>
        <time>2026-08-24T14:58:31.000Z</time>
      </trkpt>
      <trkpt lat="44.98435165733099" lon="110.0966377928853">
        <ele>925.8</ele>
        <time>2026-08-24T14:59:33.000Z</time>
      </trkpt>
      <trkpt lat="44.984400272369385" lon="110.09671440348029">
        <ele>926.2</ele>
        <time>2026-08-24T14:59:39.000Z</time>
      </trkpt>
      <trkpt lat="44.98472171835601" lon="110.0966433249414">
        <ele>926.8</ele>
        <time>2026-08-24T14:59:54.000Z</time>
      </trkpt>
      <trkpt lat="44.98469749465585" lon="110.09651457890868">
        <ele>925.6</ele>
        <time>2026-08-24T15:00:15.000Z</time>
      </trkpt>
      <trkpt lat="44.98446640558541" lon="110.09661759249866">
        <ele>925.6</ele>
        <time>2026-08-24T15:01:49.000Z</time>
      </trkpt>
      <trkpt lat="44.98398310504854" lon="110.09675019420683">
        <ele>925.2</ele>
        <time>2026-08-24T15:02:05.000Z</time>
      </trkpt>
      <trkpt lat="44.98336913064122" lon="110.09692545980215">
        <ele>925</ele>
        <time>2026-08-24T15:02:21.000Z</time>
      </trkpt>
      <trkpt lat="44.982736464589834" lon="110.09711178950965">
        <ele>925.2</ele>
        <time>2026-08-24T15:02:37.000Z</time>
      </trkpt>
      <trkpt lat="44.98218460008502" lon="110.0972697045654">
        <ele>925.4</ele>
        <time>2026-08-24T15:02:53.000Z</time>
      </trkpt>
      <trkpt lat="44.98163935728371" lon="110.0974235124886">
        <ele>925.6</ele>
        <time>2026-08-24T15:03:09.000Z</time>
      </trkpt>
      <trkpt lat="44.981121104210615" lon="110.09757237508893">
        <ele>925.8</ele>
        <time>2026-08-24T15:03:25.000Z</time>
      </trkpt>
      <trkpt lat="44.98059983365238" lon="110.09772500954568">
        <ele>926.2</ele>
        <time>2026-08-24T15:03:41.000Z</time>
      </trkpt>
      <trkpt lat="44.98010857030749" lon="110.09786389768124">
        <ele>926.2</ele>
        <time>2026-08-24T15:03:58.000Z</time>
      </trkpt>
      <trkpt lat="44.97959962114692" lon="110.09800982661545">
        <ele>926.4</ele>
        <time>2026-08-24T15:04:14.000Z</time>
      </trkpt>
      <trkpt lat="44.979085894301534" lon="110.09815617464483">
        <ele>926.6</ele>
        <time>2026-08-24T15:04:30.000Z</time>
      </trkpt>
      <trkpt lat="44.97858063317835" lon="110.0983043666929">
        <ele>926.8</ele>
        <time>2026-08-24T15:04:46.000Z</time>
      </trkpt>
      <trkpt lat="44.97807931154966" lon="110.09844752959907">
        <ele>927</ele>
        <time>2026-08-24T15:05:02.000Z</time>
      </trkpt>
      <trkpt lat="44.97752686031163" lon="110.09860846213996">
        <ele>927.2</ele>
        <time>2026-08-24T15:05:18.000Z</time>
      </trkpt>
      <trkpt lat="44.976956555619836" lon="110.09878842160106">
        <ele>927.6</ele>
        <time>2026-08-24T15:05:34.000Z</time>
      </trkpt>
      <trkpt lat="44.97630821540952" lon="110.09900635108352">
        <ele>927.8</ele>
        <time>2026-08-24T15:05:50.000Z</time>
      </trkpt>
      <trkpt lat="44.97568468563259" lon="110.09921438992023">
        <ele>928.2</ele>
        <time>2026-08-24T15:06:07.000Z</time>
      </trkpt>
      <trkpt lat="44.97507129795849" lon="110.09941798634827">
        <ele>928.4</ele>
        <time>2026-08-24T15:06:23.000Z</time>
      </trkpt>
      <trkpt lat="44.974473835900426" lon="110.09962191805243">
        <ele>928.8</ele>
        <time>2026-08-24T15:06:39.000Z</time>
      </trkpt>
      <trkpt lat="44.973843432962894" lon="110.09983138181269">
        <ele>929</ele>
        <time>2026-08-24T15:06:55.000Z</time>
      </trkpt>
      <trkpt lat="44.973213113844395" lon="110.10004612617195">
        <ele>929.8</ele>
        <time>2026-08-24T15:07:11.000Z</time>
      </trkpt>
      <trkpt lat="44.97258396819234" lon="110.10025978088379">
        <ele>930.4</ele>
        <time>2026-08-24T15:07:27.000Z</time>
      </trkpt>
      <trkpt lat="44.9720005877316" lon="110.10045566596091">
        <ele>931</ele>
        <time>2026-08-24T15:07:43.000Z</time>
      </trkpt>
      <trkpt lat="44.97142357751727" lon="110.10064668953419">
        <ele>931.4</ele>
        <time>2026-08-24T15:07:59.000Z</time>
      </trkpt>
      <trkpt lat="44.97085930779576" lon="110.1008409820497">
        <ele>932</ele>
        <time>2026-08-24T15:08:15.000Z</time>
      </trkpt>
      <trkpt lat="44.97029051184654" lon="110.10102890431881">
        <ele>932.6</ele>
        <time>2026-08-24T15:08:32.000Z</time>
      </trkpt>
      <trkpt lat="44.96971593238413" lon="110.1012247055769">
        <ele>933.2</ele>
        <time>2026-08-24T15:08:48.000Z</time>
      </trkpt>
      <trkpt lat="44.96911268681288" lon="110.10142905637622">
        <ele>933.8</ele>
        <time>2026-08-24T15:09:04.000Z</time>
      </trkpt>
      <trkpt lat="44.96857431717217" lon="110.10161412879825">
        <ele>934.4</ele>
        <time>2026-08-24T15:09:20.000Z</time>
      </trkpt>
      <trkpt lat="44.96800367720425" lon="110.1018029730767">
        <ele>935</ele>
        <time>2026-08-24T15:09:36.000Z</time>
      </trkpt>
      <trkpt lat="44.96739640831947" lon="110.10200598277152">
        <ele>935.6</ele>
        <time>2026-08-24T15:09:52.000Z</time>
      </trkpt>
      <trkpt lat="44.96682518161833" lon="110.10219558142126">
        <ele>936.2</ele>
        <time>2026-08-24T15:10:08.000Z</time>
      </trkpt>
      <trkpt lat="44.96620265766978" lon="110.10238635353744">
        <ele>936.8</ele>
        <time>2026-08-24T15:10:24.000Z</time>
      </trkpt>
      <trkpt lat="44.96563067659736" lon="110.1025421731174">
        <ele>937.2</ele>
        <time>2026-08-24T15:10:40.000Z</time>
      </trkpt>
      <trkpt lat="44.96513589285314" lon="110.1027305983007">
        <ele>938</ele>
        <time>2026-08-24T15:10:57.000Z</time>
      </trkpt>
      <trkpt lat="44.964554188773036" lon="110.1029235497117">
        <ele>938.6</ele>
        <time>2026-08-24T15:11:13.000Z</time>
      </trkpt>
      <trkpt lat="44.96395085938275" lon="110.10311960242689">
        <ele>939.2</ele>
        <time>2026-08-24T15:11:29.000Z</time>
      </trkpt>
      <trkpt lat="44.96329137124121" lon="110.10334457270801">
        <ele>939.8</ele>
        <time>2026-08-24T15:11:45.000Z</time>
      </trkpt>
      <trkpt lat="44.962616292759776" lon="110.10357608087361">
        <ele>940.6</ele>
        <time>2026-08-24T15:12:01.000Z</time>
      </trkpt>
      <trkpt lat="44.962033834308386" lon="110.1037750672549">
        <ele>941.2</ele>
        <time>2026-08-24T15:12:17.000Z</time>
      </trkpt>
      <trkpt lat="44.961415668949485" lon="110.10398922488093">
        <ele>941.6</ele>
        <time>2026-08-24T15:12:33.000Z</time>
      </trkpt>
      <trkpt lat="44.96081401593983" lon="110.10418795980513">
        <ele>942.2</ele>
        <time>2026-08-24T15:12:49.000Z</time>
      </trkpt>
      <trkpt lat="44.960238598287106" lon="110.10438007302582">
        <ele>942.8</ele>
        <time>2026-08-24T15:13:05.000Z</time>
      </trkpt>
      <trkpt lat="44.95968732051551" lon="110.10459498502314">
        <ele>943.4</ele>
        <time>2026-08-24T15:13:22.000Z</time>
      </trkpt>
      <trkpt lat="44.95917409658432" lon="110.1048663072288">
        <ele>944</ele>
        <time>2026-08-24T15:13:38.000Z</time>
      </trkpt>
      <trkpt lat="44.958653999492526" lon="110.10522899217904">
        <ele>944.8</ele>
        <time>2026-08-24T15:13:54.000Z</time>
      </trkpt>
      <trkpt lat="44.958188300952315" lon="110.10564062744379">
        <ele>945.8</ele>
        <time>2026-08-24T15:14:10.000Z</time>
      </trkpt>
      <trkpt lat="44.95774037204683" lon="110.10613549500704">
        <ele>946.8</ele>
        <time>2026-08-24T15:14:26.000Z</time>
      </trkpt>
      <trkpt lat="44.957346422597766" lon="110.1066779717803">
        <ele>948</ele>
        <time>2026-08-24T15:14:42.000Z</time>
      </trkpt>
      <trkpt lat="44.95700276456773" lon="110.10721332393587">
        <ele>949</ele>
        <time>2026-08-24T15:14:58.000Z</time>
      </trkpt>
      <trkpt lat="44.95668643154204" lon="110.10775588452816">
        <ele>949.8</ele>
        <time>2026-08-24T15:15:14.000Z</time>
      </trkpt>
      <trkpt lat="44.95637588202953" lon="110.10828637517989">
        <ele>950.6</ele>
        <time>2026-08-24T15:15:30.000Z</time>
      </trkpt>
      <trkpt lat="44.95603666640818" lon="110.1088728569448">
        <ele>951.4</ele>
        <time>2026-08-24T15:15:47.000Z</time>
      </trkpt>
      <trkpt lat="44.955666521564126" lon="110.10950895957649">
        <ele>952.2</ele>
        <time>2026-08-24T15:16:03.000Z</time>
      </trkpt>
      <trkpt lat="44.95527818799019" lon="110.11018085293472">
        <ele>952.4</ele>
        <time>2026-08-24T15:16:19.000Z</time>
      </trkpt>
      <trkpt lat="44.95486965402961" lon="110.11087755672634">
        <ele>952.8</ele>
        <time>2026-08-24T15:16:35.000Z</time>
      </trkpt>
      <trkpt lat="44.954446367919445" lon="110.11160208843648">
        <ele>953</ele>
        <time>2026-08-24T15:16:51.000Z</time>
      </trkpt>
      <trkpt lat="44.954050155356526" lon="110.11228932067752">
        <ele>953.2</ele>
        <time>2026-08-24T15:17:07.000Z</time>
      </trkpt>
      <trkpt lat="44.95366349816322" lon="110.11295040138066">
        <ele>953.4</ele>
        <time>2026-08-24T15:17:23.000Z</time>
      </trkpt>
      <trkpt lat="44.953294610604644" lon="110.11358868330717">
        <ele>953.8</ele>
        <time>2026-08-24T15:17:39.000Z</time>
      </trkpt>
      <trkpt lat="44.952936032786965" lon="110.11420726776123">
        <ele>954.8</ele>
        <time>2026-08-24T15:17:55.000Z</time>
      </trkpt>
      <trkpt lat="44.95260997675359" lon="110.11475686915219">
        <ele>955.6</ele>
        <time>2026-08-24T15:18:12.000Z</time>
      </trkpt>
      <trkpt lat="44.952283669263124" lon="110.11532130651176">
        <ele>956.4</ele>
        <time>2026-08-24T15:18:28.000Z</time>
      </trkpt>
      <trkpt lat="44.9519431963563" lon="110.11590560898185">
        <ele>957.4</ele>
        <time>2026-08-24T15:18:44.000Z</time>
      </trkpt>
      <trkpt lat="44.95160565711558" lon="110.11648865416646">
        <ele>958.4</ele>
        <time>2026-08-24T15:19:00.000Z</time>
      </trkpt>
      <trkpt lat="44.95127532631159" lon="110.11705728247762">
        <ele>959.2</ele>
        <time>2026-08-24T15:19:16.000Z</time>
      </trkpt>
      <trkpt lat="44.950946755707264" lon="110.11761794798076">
        <ele>960</ele>
        <time>2026-08-24T15:19:32.000Z</time>
      </trkpt>
      <trkpt lat="44.95059521868825" lon="110.1182304136455">
        <ele>960.8</ele>
        <time>2026-08-24T15:19:48.000Z</time>
      </trkpt>
      <trkpt lat="44.95025700889528" lon="110.11881991289556">
        <ele>961.8</ele>
        <time>2026-08-24T15:20:04.000Z</time>
      </trkpt>
      <trkpt lat="44.949906561523676" lon="110.11941418983042">
        <ele>962.6</ele>
        <time>2026-08-24T15:20:20.000Z</time>
      </trkpt>
      <trkpt lat="44.94955200701952" lon="110.11998072266579">
        <ele>963.4</ele>
        <time>2026-08-24T15:20:37.000Z</time>
      </trkpt>
      <trkpt lat="44.94915378279984" lon="110.12059729546309">
        <ele>964</ele>
        <time>2026-08-24T15:20:53.000Z</time>
      </trkpt>
      <trkpt lat="44.948727395385504" lon="110.12123934924603">
        <ele>964.2</ele>
        <time>2026-08-24T15:21:09.000Z</time>
      </trkpt>
      <trkpt lat="44.94826932437718" lon="110.12191048823297">
        <ele>964.4</ele>
        <time>2026-08-24T15:21:25.000Z</time>
      </trkpt>
      <trkpt lat="44.94780111126602" lon="110.12256075628102">
        <ele>964.6</ele>
        <time>2026-08-24T15:21:41.000Z</time>
      </trkpt>
      <trkpt lat="44.94733180850744" lon="110.12318378314376">
        <ele>964.4</ele>
        <time>2026-08-24T15:21:57.000Z</time>
      </trkpt>
      <trkpt lat="44.94684590958059" lon="110.12382457964122">
        <ele>964.4</ele>
        <time>2026-08-24T15:22:13.000Z</time>
      </trkpt>
      <trkpt lat="44.94636747054756" lon="110.12446336448193">
        <ele>964.6</ele>
        <time>2026-08-24T15:22:29.000Z</time>
      </trkpt>
      <trkpt lat="44.94587645865977" lon="110.12511438690126">
        <ele>964.6</ele>
        <time>2026-08-24T15:22:46.000Z</time>
      </trkpt>
      <trkpt lat="44.9453706946224" lon="110.1257913094014">
        <ele>965</ele>
        <time>2026-08-24T15:23:02.000Z</time>
      </trkpt>
      <trkpt lat="44.944860907271504" lon="110.12646806426346">
        <ele>965.2</ele>
        <time>2026-08-24T15:23:18.000Z</time>
      </trkpt>
      <trkpt lat="44.94438322260976" lon="110.12709905393422">
        <ele>965.8</ele>
        <time>2026-08-24T15:23:34.000Z</time>
      </trkpt>
      <trkpt lat="44.943944262340665" lon="110.12769903056324">
        <ele>966.2</ele>
        <time>2026-08-24T15:23:50.000Z</time>
      </trkpt>
      <trkpt lat="44.9434675835073" lon="110.12830940075219">
        <ele>966.8</ele>
        <time>2026-08-24T15:24:06.000Z</time>
      </trkpt>
      <trkpt lat="44.94301998987794" lon="110.12891197577119">
        <ele>967.2</ele>
        <time>2026-08-24T15:24:22.000Z</time>
      </trkpt>
      <trkpt lat="44.94257063604891" lon="110.1295108627528">
        <ele>967.8</ele>
        <time>2026-08-24T15:24:38.000Z</time>
      </trkpt>
      <trkpt lat="44.942122707143426" lon="110.1301063131541">
        <ele>968.2</ele>
        <time>2026-08-24T15:24:54.000Z</time>
      </trkpt>
      <trkpt lat="44.941687267273664" lon="110.13068106025457">
        <ele>968.6</ele>
        <time>2026-08-24T15:25:11.000Z</time>
      </trkpt>
      <trkpt lat="44.941234393045306" lon="110.13128112070262">
        <ele>969</ele>
        <time>2026-08-24T15:25:27.000Z</time>
      </trkpt>
      <trkpt lat="44.94075679220259" lon="110.1319158822298">
        <ele>969.4</ele>
        <time>2026-08-24T15:25:43.000Z</time>
      </trkpt>
      <trkpt lat="44.940324034541845" lon="110.1324856840074">
        <ele>970</ele>
        <time>2026-08-24T15:25:59.000Z</time>
      </trkpt>
      <trkpt lat="44.93988825939596" lon="110.1330628618598">
        <ele>970.8</ele>
        <time>2026-08-24T15:26:15.000Z</time>
      </trkpt>
      <trkpt lat="44.93945533409715" lon="110.13363199308515">
        <ele>971.4</ele>
        <time>2026-08-24T15:26:31.000Z</time>
      </trkpt>
      <trkpt lat="44.939021822065115" lon="110.13420950621367">
        <ele>972.2</ele>
        <time>2026-08-24T15:26:47.000Z</time>
      </trkpt>
      <trkpt lat="44.93861446157098" lon="110.13475466519594">
        <ele>973</ele>
        <time>2026-08-24T15:27:03.000Z</time>
      </trkpt>
      <trkpt lat="44.93821523152292" lon="110.1352854911238">
        <ele>973.8</ele>
        <time>2026-08-24T15:27:19.000Z</time>
      </trkpt>
      <trkpt lat="44.93778540752828" lon="110.13584967702627">
        <ele>975</ele>
        <time>2026-08-24T15:27:36.000Z</time>
      </trkpt>
      <trkpt lat="44.93738022632897" lon="110.13637103140354">
        <ele>975.6</ele>
        <time>2026-08-24T15:27:52.000Z</time>
      </trkpt>
      <trkpt lat="44.937002789229155" lon="110.13685550540686">
        <ele>976.4</ele>
        <time>2026-08-24T15:28:08.000Z</time>
      </trkpt>
      <trkpt lat="44.93676566518843" lon="110.13697461225092">
        <ele>976.8</ele>
        <time>2026-08-24T15:28:17.000Z</time>
      </trkpt>
      <trkpt lat="44.936331901699305" lon="110.13672642409801">
        <ele>977</ele>
        <time>2026-08-24T15:28:31.000Z</time>
      </trkpt>
      <trkpt lat="44.93590082041919" lon="110.13643599115312">
        <ele>977.4</ele>
        <time>2026-08-24T15:28:47.000Z</time>
      </trkpt>
      <trkpt lat="44.93561876937747" lon="110.13622242026031">
        <ele>978.2</ele>
        <time>2026-08-24T15:29:03.000Z</time>
      </trkpt>
      <trkpt lat="44.93520436808467" lon="110.13592788018286">
        <ele>978.4</ele>
        <time>2026-08-24T15:29:54.000Z</time>
      </trkpt>
      <trkpt lat="44.934763899073005" lon="110.13561565428972">
        <ele>979.4</ele>
        <time>2026-08-24T15:30:10.000Z</time>
      </trkpt>
      <trkpt lat="44.934335919097066" lon="110.13531197793782">
        <ele>979.8</ele>
        <time>2026-08-24T15:30:26.000Z</time>
      </trkpt>
      <trkpt lat="44.933907771483064" lon="110.13500712811947">
        <ele>980.6</ele>
        <time>2026-08-24T15:30:42.000Z</time>
      </trkpt>
      <trkpt lat="44.933497812598944" lon="110.13471401296556">
        <ele>981</ele>
        <time>2026-08-24T15:30:58.000Z</time>
      </trkpt>
      <trkpt lat="44.93306958116591" lon="110.13440690003335">
        <ele>981.6</ele>
        <time>2026-08-24T15:31:14.000Z</time>
      </trkpt>
      <trkpt lat="44.932686192914844" lon="110.13413247652352">
        <ele>982.6</ele>
        <time>2026-08-24T15:31:30.000Z</time>
      </trkpt>
      <trkpt lat="44.93230431340635" lon="110.13386492617428">
        <ele>983.8</ele>
        <time>2026-08-24T15:31:46.000Z</time>
      </trkpt>
      <trkpt lat="44.931927379220724" lon="110.13357122428715">
        <ele>985</ele>
        <time>2026-08-24T15:32:02.000Z</time>
      </trkpt>
      <trkpt lat="44.931534016504884" lon="110.13327609747648">
        <ele>986.2</ele>
        <time>2026-08-24T15:32:19.000Z</time>
      </trkpt>
      <trkpt lat="44.93114333599806" lon="110.13295331038535">
        <ele>987.8</ele>
        <time>2026-08-24T15:32:35.000Z</time>
      </trkpt>
      <trkpt lat="44.930782075971365" lon="110.1326241530478">
        <ele>989</ele>
        <time>2026-08-24T15:32:51.000Z</time>
      </trkpt>
      <trkpt lat="44.93037471547723" lon="110.132220312953">
        <ele>990</ele>
        <time>2026-08-24T15:33:07.000Z</time>
      </trkpt>
      <trkpt lat="44.92993801832199" lon="110.13173089362681">
        <ele>991</ele>
        <time>2026-08-24T15:33:23.000Z</time>
      </trkpt>
      <trkpt lat="44.92952940054238" lon="110.13120769523084">
        <ele>991.6</ele>
        <time>2026-08-24T15:33:39.000Z</time>
      </trkpt>
      <trkpt lat="44.929080214351416" lon="110.13056228868663">
        <ele>991.6</ele>
        <time>2026-08-24T15:33:55.000Z</time>
      </trkpt>
      <trkpt lat="44.92862859740853" lon="110.12981931678951">
        <ele>990.8</ele>
        <time>2026-08-24T15:34:11.000Z</time>
      </trkpt>
      <trkpt lat="44.92814957164228" lon="110.12898297049105">
        <ele>989.6</ele>
        <time>2026-08-24T15:34:27.000Z</time>
      </trkpt>
      <trkpt lat="44.927653865888715" lon="110.12811477296054">
        <ele>989.2</ele>
        <time>2026-08-24T15:34:44.000Z</time>
      </trkpt>
      <trkpt lat="44.9272177554667" lon="110.12734171003103">
        <ele>989.8</ele>
        <time>2026-08-24T15:35:00.000Z</time>
      </trkpt>
      <trkpt lat="44.92678692564368" lon="110.12659798376262">
        <ele>990.2</ele>
        <time>2026-08-24T15:35:16.000Z</time>
      </trkpt>
      <trkpt lat="44.92636447772384" lon="110.12587605044246">
        <ele>990.2</ele>
        <time>2026-08-24T15:35:32.000Z</time>
      </trkpt>
      <trkpt lat="44.925832310691476" lon="110.1250637602061">
        <ele>989.4</ele>
        <time>2026-08-24T15:35:48.000Z</time>
      </trkpt>
      <trkpt lat="44.9252699688077" lon="110.12433160096407">
        <ele>989.2</ele>
        <time>2026-08-24T15:36:04.000Z</time>
      </trkpt>
      <trkpt lat="44.924679631367326" lon="110.12368887662888">
        <ele>989.4</ele>
        <time>2026-08-24T15:36:20.000Z</time>
      </trkpt>
      <trkpt lat="44.92413455620408" lon="110.12317799963057">
        <ele>990.6</ele>
        <time>2026-08-24T15:36:36.000Z</time>
      </trkpt>
      <trkpt lat="44.923624265939" lon="110.12276988476515">
        <ele>992.2</ele>
        <time>2026-08-24T15:36:52.000Z</time>
      </trkpt>
      <trkpt lat="44.92315613664687" lon="110.12245715595782">
        <ele>994</ele>
        <time>2026-08-24T15:37:09.000Z</time>
      </trkpt>
      <trkpt lat="44.92271860130131" lon="110.12219849042594">
        <ele>994.8</ele>
        <time>2026-08-24T15:37:25.000Z</time>
      </trkpt>
      <trkpt lat="44.92230017669499" lon="110.12197737582028">
        <ele>995.4</ele>
        <time>2026-08-24T15:37:41.000Z</time>
      </trkpt>
      <trkpt lat="44.92191796191037" lon="110.12175399810076">
        <ele>996</ele>
        <time>2026-08-24T15:37:57.000Z</time>
      </trkpt>
      <trkpt lat="44.92151060141623" lon="110.12154947966337">
        <ele>996.6</ele>
        <time>2026-08-24T15:38:13.000Z</time>
      </trkpt>
      <trkpt lat="44.92095689289272" lon="110.12124739587307">
        <ele>996.8</ele>
        <time>2026-08-24T15:38:29.000Z</time>
      </trkpt>
      <trkpt lat="44.92034342139959" lon="110.12092435732484">
        <ele>997.8</ele>
        <time>2026-08-24T15:38:45.000Z</time>
      </trkpt>
      <trkpt lat="44.919765992090106" lon="110.12059419415891">
        <ele>999.2</ele>
        <time>2026-08-24T15:39:01.000Z</time>
      </trkpt>
      <trkpt lat="44.91921655833721" lon="110.12025699019432">
        <ele>1000</ele>
        <time>2026-08-24T15:39:17.000Z</time>
      </trkpt>
      <trkpt lat="44.9186853133142" lon="110.11988265439868">
        <ele>1000.4</ele>
        <time>2026-08-24T15:39:34.000Z</time>
      </trkpt>
      <trkpt lat="44.918143758550286" lon="110.1195119228214">
        <ele>999.8</ele>
        <time>2026-08-24T15:39:50.000Z</time>
      </trkpt>
      <trkpt lat="44.91742232814431" lon="110.11894036084414">
        <ele>997.8</ele>
        <time>2026-08-24T15:40:06.000Z</time>
      </trkpt>
      <trkpt lat="44.91656729020178" lon="110.11830266565084">
        <ele>995.4</ele>
        <time>2026-08-24T15:40:20.000Z</time>
      </trkpt>
      <trkpt lat="44.91620619781315" lon="110.11817785911262">
        <ele>994.4</ele>
        <time>2026-08-24T15:41:36.000Z</time>
      </trkpt>
      <trkpt lat="44.91563295945525" lon="110.11831766925752">
        <ele>993.8</ele>
        <time>2026-08-24T15:41:52.000Z</time>
      </trkpt>
      <trkpt lat="44.915149826556444" lon="110.11869099922478">
        <ele>993.8</ele>
        <time>2026-08-24T15:42:05.000Z</time>
      </trkpt>
      <trkpt lat="44.914783872663975" lon="110.1194307859987">
        <ele>993.6</ele>
        <time>2026-08-24T15:42:21.000Z</time>
      </trkpt>
      <trkpt lat="44.91470290347934" lon="110.12009010650218">
        <ele>993.6</ele>
        <time>2026-08-24T15:42:33.000Z</time>
      </trkpt>
      <trkpt lat="44.91465353406966" lon="110.12052261270583">
        <ele>993.8</ele>
        <time>2026-08-24T15:42:43.000Z</time>
      </trkpt>
      <trkpt lat="44.91473567672074" lon="110.12145400978625">
        <ele>993.8</ele>
        <time>2026-08-24T15:42:59.000Z</time>
      </trkpt>
      <trkpt lat="44.91482377052307" lon="110.12241046875715">
        <ele>993.4</ele>
        <time>2026-08-24T15:43:15.000Z</time>
      </trkpt>
      <trkpt lat="44.91492091678083" lon="110.12339978478849">
        <ele>993.8</ele>
        <time>2026-08-24T15:43:31.000Z</time>
      </trkpt>
      <trkpt lat="44.91502988152206" lon="110.1244527194649">
        <ele>993.8</ele>
        <time>2026-08-24T15:43:47.000Z</time>
      </trkpt>
      <trkpt lat="44.9151280336082" lon="110.12544941157103">
        <ele>993.6</ele>
        <time>2026-08-24T15:44:03.000Z</time>
      </trkpt>
      <trkpt lat="44.915227107703686" lon="110.12646437622607">
        <ele>993.8</ele>
        <time>2026-08-24T15:44:20.000Z</time>
      </trkpt>
      <trkpt lat="44.915326265618205" lon="110.12743416242301">
        <ele>993.8</ele>
        <time>2026-08-24T15:44:36.000Z</time>
      </trkpt>
      <trkpt lat="44.91539642214775" lon="110.12837125919759">
        <ele>993.8</ele>
        <time>2026-08-24T15:44:52.000Z</time>
      </trkpt>
      <trkpt lat="44.915385860949755" lon="110.12932361103594">
        <ele>993.8</ele>
        <time>2026-08-24T15:45:08.000Z</time>
      </trkpt>
      <trkpt lat="44.915260300040245" lon="110.13031602837145">
        <ele>993.8</ele>
        <time>2026-08-24T15:45:24.000Z</time>
      </trkpt>
      <trkpt lat="44.915056033059955" lon="110.13116779737175">
        <ele>993.8</ele>
        <time>2026-08-24T15:45:40.000Z</time>
      </trkpt>
      <trkpt lat="44.91481773555279" lon="110.13201177120209">
        <ele>994</ele>
        <time>2026-08-24T15:45:56.000Z</time>
      </trkpt>
      <trkpt lat="44.91455588489771" lon="110.13292766176164">
        <ele>993.8</ele>
        <time>2026-08-24T15:46:12.000Z</time>
      </trkpt>
      <trkpt lat="44.914306523278356" lon="110.13380910269916">
        <ele>994.2</ele>
        <time>2026-08-24T15:46:28.000Z</time>
      </trkpt>
      <trkpt lat="44.91410980001092" lon="110.13450765050948">
        <ele>994.4</ele>
        <time>2026-08-24T15:46:45.000Z</time>
      </trkpt>
      <trkpt lat="44.91389539092779" lon="110.13525322079659">
        <ele>994.4</ele>
        <time>2026-08-24T15:47:01.000Z</time>
      </trkpt>
      <trkpt lat="44.913676623255014" lon="110.13604111969471">
        <ele>994.6</ele>
        <time>2026-08-24T15:47:17.000Z</time>
      </trkpt>
      <trkpt lat="44.91343698464334" lon="110.13684217818081">
        <ele>994.8</ele>
        <time>2026-08-24T15:47:33.000Z</time>
      </trkpt>
      <trkpt lat="44.9132389202714" lon="110.1375268958509">
        <ele>994.8</ele>
        <time>2026-08-24T15:47:47.000Z</time>
      </trkpt>
      <trkpt lat="44.913037503138185" lon="110.13825486414135">
        <ele>995.4</ele>
        <time>2026-08-24T15:48:03.000Z</time>
      </trkpt>
      <trkpt lat="44.91290423087776" lon="110.13872114941478">
        <ele>995.6</ele>
        <time>2026-08-24T15:48:17.000Z</time>
      </trkpt>
      <trkpt lat="44.91278353147209" lon="110.13877370394766">
        <ele>996.2</ele>
        <time>2026-08-24T15:48:28.000Z</time>
      </trkpt>
      <trkpt lat="44.91238111630082" lon="110.13856641948223">
        <ele>997.2</ele>
        <time>2026-08-24T15:49:44.000Z</time>
      </trkpt>
      <trkpt lat="44.912008456885815" lon="110.13835712336004">
        <ele>998</ele>
        <time>2026-08-24T15:50:00.000Z</time>
      </trkpt>
      <trkpt lat="44.911881973966956" lon="110.13844907283783">
        <ele>998.2</ele>
        <time>2026-08-24T15:50:09.000Z</time>
      </trkpt>
      <trkpt lat="44.91160788573325" lon="110.13829870149493">
        <ele>998.8</ele>
        <time>2026-08-24T15:50:22.000Z</time>
      </trkpt>
      <trkpt lat="44.91134712472558" lon="110.13819912448525">
        <ele>999.4</ele>
        <time>2026-08-24T15:50:34.000Z</time>
      </trkpt>
      <trkpt lat="44.911140175536275" lon="110.13809535652399">
        <ele>1001.2</ele>
        <time>2026-08-24T16:02:30.000Z</time>
      </trkpt>
      <trkpt lat="44.911022912710905" lon="110.13802067376673">
        <ele>1001.8</ele>
        <time>2026-08-24T16:02:41.000Z</time>
      </trkpt>
      <trkpt lat="44.91090866737068" lon="110.13792612589896">
        <ele>1002</ele>
        <time>2026-08-24T16:03:06.000Z</time>
      </trkpt>
      <trkpt lat="44.91094496101141" lon="110.13781799934804">
        <ele>1002.2</ele>
        <time>2026-08-24T16:03:30.000Z</time>
      </trkpt>
      <trkpt lat="44.91068889386952" lon="110.13766201213002">
        <ele>1002.8</ele>
        <time>2026-08-24T16:03:41.000Z</time>
      </trkpt>
      <trkpt lat="44.91033115424216" lon="110.1374730002135">
        <ele>1004</ele>
        <time>2026-08-24T16:03:57.000Z</time>
      </trkpt>
      <trkpt lat="44.9099800363183" lon="110.1372779533267">
        <ele>1005.2</ele>
        <time>2026-08-24T16:04:13.000Z</time>
      </trkpt>
      <trkpt lat="44.90971173159778" lon="110.13713252730668">
        <ele>1006.4</ele>
        <time>2026-08-24T16:04:29.000Z</time>
      </trkpt>
      <trkpt lat="44.909411408007145" lon="110.13697201386094">
        <ele>1007.4</ele>
        <time>2026-08-24T16:04:45.000Z</time>
      </trkpt>
      <trkpt lat="44.90908476524055" lon="110.1367998495698">
        <ele>1008.4</ele>
        <time>2026-08-24T16:05:01.000Z</time>
      </trkpt>
      <trkpt lat="44.90878100506961" lon="110.13663690537214">
        <ele>1009</ele>
        <time>2026-08-24T16:05:17.000Z</time>
      </trkpt>
      <trkpt lat="44.90845436230302" lon="110.1364597119391">
        <ele>1009.8</ele>
        <time>2026-08-24T16:05:33.000Z</time>
      </trkpt>
      <trkpt lat="44.9082101136446" lon="110.13632300309837">
        <ele>1010.6</ele>
        <time>2026-08-24T16:05:50.000Z</time>
      </trkpt>
      <trkpt lat="44.90794725716114" lon="110.13617238029838">
        <ele>1011.4</ele>
        <time>2026-08-24T16:06:06.000Z</time>
      </trkpt>
      <trkpt lat="44.907664032652974" lon="110.13603952713311">
        <ele>1012.4</ele>
        <time>2026-08-24T16:06:22.000Z</time>
      </trkpt>
      <trkpt lat="44.907374856993556" lon="110.13588697649539">
        <ele>1013.8</ele>
        <time>2026-08-24T16:06:38.000Z</time>
      </trkpt>
      <trkpt lat="44.90718349814415" lon="110.13577952049673">
        <ele>1014.6</ele>
        <time>2026-08-24T16:06:51.000Z</time>
      </trkpt>
      <trkpt lat="44.90707193501294" lon="110.13569042086601">
        <ele>1015.2</ele>
        <time>2026-08-24T16:07:00.000Z</time>
      </trkpt>
      <trkpt lat="44.90689189173281" lon="110.13564432039857">
        <ele>1016</ele>
        <time>2026-08-24T16:07:11.000Z</time>
      </trkpt>
      <trkpt lat="44.90668762475252" lon="110.13553602620959">
        <ele>1017.2</ele>
        <time>2026-08-24T16:07:23.000Z</time>
      </trkpt>
      <trkpt lat="44.906655019149184" lon="110.1355236209929">
        <ele>1017.4</ele>
        <time>2026-08-24T16:07:25.000Z</time>
      </trkpt>
      <trkpt lat="44.90662417374551" lon="110.13551029376686">
        <ele>1017.6</ele>
        <time>2026-08-24T16:07:27.000Z</time>
      </trkpt>
      <trkpt lat="44.906591987237334" lon="110.13549679890275">
        <ele>1017.8</ele>
        <time>2026-08-24T16:07:29.000Z</time>
      </trkpt>
      <trkpt lat="44.906558794900775" lon="110.13548456132412">
        <ele>1018.2</ele>
        <time>2026-08-24T16:07:31.000Z</time>
      </trkpt>
      <trkpt lat="44.90633273497224" lon="110.13540719635785">
        <ele>1019.4</ele>
        <time>2026-08-24T16:07:44.000Z</time>
      </trkpt>
      <trkpt lat="44.9060619994998" lon="110.13539604842663">
        <ele>1021</ele>
        <time>2026-08-24T16:08:01.000Z</time>
      </trkpt>
      <trkpt lat="44.90577969700098" lon="110.13538741506636">
        <ele>1022.4</ele>
        <time>2026-08-24T16:08:18.000Z</time>
      </trkpt>
      <trkpt lat="44.90549001842737" lon="110.1354232057929">
        <ele>1023.6</ele>
        <time>2026-08-24T16:08:34.000Z</time>
      </trkpt>
      <trkpt lat="44.90524300374091" lon="110.13546327129006">
        <ele>1024</ele>
        <time>2026-08-24T16:08:50.000Z</time>
      </trkpt>
      <trkpt lat="44.904977129772305" lon="110.13553116470575">
        <ele>1024.6</ele>
        <time>2026-08-24T16:09:06.000Z</time>
      </trkpt>
      <trkpt lat="44.90465719252825" lon="110.13558120466769">
        <ele>1025.2</ele>
        <time>2026-08-24T16:09:22.000Z</time>
      </trkpt>
      <trkpt lat="44.904331471771" lon="110.13564717024565">
        <ele>1025.6</ele>
        <time>2026-08-24T16:09:38.000Z</time>
      </trkpt>
      <trkpt lat="44.903997872024775" lon="110.13573476113379">
        <ele>1025.8</ele>
        <time>2026-08-24T16:09:54.000Z</time>
      </trkpt>
      <trkpt lat="44.90363602526486" lon="110.13587138615549">
        <ele>1024.8</ele>
        <time>2026-08-24T16:10:10.000Z</time>
      </trkpt>
      <trkpt lat="44.903287421911955" lon="110.1360759884119">
        <ele>1023.2</ele>
        <time>2026-08-24T16:10:25.000Z</time>
      </trkpt>
      <trkpt lat="44.90287151187658" lon="110.13638947159052">
        <ele>1020</ele>
        <time>2026-08-24T16:10:42.000Z</time>
      </trkpt>
      <trkpt lat="44.90243338979781" lon="110.13669909909368">
        <ele>1016</ele>
        <time>2026-08-24T16:10:58.000Z</time>
      </trkpt>
      <trkpt lat="44.90190792828798" lon="110.13700805604458">
        <ele>1011.2</ele>
        <time>2026-08-24T16:11:14.000Z</time>
      </trkpt>
      <trkpt lat="44.901502495631576" lon="110.13716496527195">
        <ele>1007.8</ele>
        <time>2026-08-24T16:11:30.000Z</time>
      </trkpt>
      <trkpt lat="44.90116998553276" lon="110.13722120784223">
        <ele>1005.2</ele>
        <time>2026-08-24T16:11:46.000Z</time>
      </trkpt>
      <trkpt lat="44.90096027031541" lon="110.13727149926126">
        <ele>1004</ele>
        <time>2026-08-24T16:12:00.000Z</time>
      </trkpt>
      <trkpt lat="44.900581911206245" lon="110.1372124068439">
        <ele>1002</ele>
        <time>2026-08-24T16:12:15.000Z</time>
      </trkpt>
      <trkpt lat="44.90038678050041" lon="110.13718097470701">
        <ele>1000.8</ele>
        <time>2026-08-24T16:12:27.000Z</time>
      </trkpt>
      <trkpt lat="44.90021042525768" lon="110.13717871159315">
        <ele>1000</ele>
        <time>2026-08-24T16:12:42.000Z</time>
      </trkpt>
      <trkpt lat="44.89997480995953" lon="110.13707511126995">
        <ele>998.4</ele>
        <time>2026-08-24T16:12:58.000Z</time>
      </trkpt>
      <trkpt lat="44.89978479221463" lon="110.13705843128264">
        <ele>997.4</ele>
        <time>2026-08-24T16:13:09.000Z</time>
      </trkpt>
      <trkpt lat="44.89952512085438" lon="110.13700855895877">
        <ele>997</ele>
        <time>2026-08-24T16:16:22.000Z</time>
      </trkpt>
      <trkpt lat="44.89923745393753" lon="110.13696296140552">
        <ele>996.2</ele>
        <time>2026-08-24T16:16:38.000Z</time>
      </trkpt>
      <trkpt lat="44.899219600483775" lon="110.13692976906896">
        <ele>995.8</ele>
        <time>2026-08-24T16:16:45.000Z</time>
      </trkpt>
      <trkpt lat="44.89944993518293" lon="110.13698131777346">
        <ele>996.4</ele>
        <time>2026-08-24T16:16:58.000Z</time>
      </trkpt>
      <trkpt lat="44.899689154699445" lon="110.13702850788832">
        <ele>997.2</ele>
        <time>2026-08-24T16:17:14.000Z</time>
      </trkpt>
      <trkpt lat="44.89989216439426" lon="110.13704527169466">
        <ele>998</ele>
        <time>2026-08-24T16:17:27.000Z</time>
      </trkpt>
      <trkpt lat="44.90004018880427" lon="110.1368534937501">
        <ele>998.6</ele>
        <time>2026-08-24T16:17:39.000Z</time>
      </trkpt>
      <trkpt lat="44.90022777579725" lon="110.13659281656146">
        <ele>999</ele>
        <time>2026-08-24T16:17:55.000Z</time>
      </trkpt>
      <trkpt lat="44.90043740719557" lon="110.13631386682391">
        <ele>1000</ele>
        <time>2026-08-24T16:18:11.000Z</time>
      </trkpt>
      <trkpt lat="44.90059481933713" lon="110.13601320795715">
        <ele>1001.4</ele>
        <time>2026-08-24T16:18:27.000Z</time>
      </trkpt>
      <trkpt lat="44.90060169249773" lon="110.13583676889539">
        <ele>1001.6</ele>
        <time>2026-08-24T16:18:38.000Z</time>
      </trkpt>
      <trkpt lat="44.900572188198566" lon="110.13592419214547">
        <ele>1001.6</ele>
        <time>2026-08-24T16:25:54.000Z</time>
      </trkpt>
      <trkpt lat="44.90044377744198" lon="110.13620322570205">
        <ele>1001</ele>
        <time>2026-08-24T16:26:13.000Z</time>
      </trkpt>
      <trkpt lat="44.900158708915114" lon="110.13657278381288">
        <ele>999.4</ele>
        <time>2026-08-24T16:26:27.000Z</time>
      </trkpt>
      <trkpt lat="44.89997531287372" lon="110.13640162535012">
        <ele>999</ele>
        <time>2026-08-24T16:26:34.000Z</time>
      </trkpt>
      <trkpt lat="44.89948128350079" lon="110.13643129728734">
        <ele>997.8</ele>
        <time>2026-08-24T16:26:46.000Z</time>
      </trkpt>
      <trkpt lat="44.89886152558029" lon="110.13654579408467">
        <ele>995</ele>
        <time>2026-08-24T16:27:02.000Z</time>
      </trkpt>
      <trkpt lat="44.89867242984474" lon="110.1367374882102">
        <ele>994.4</ele>
        <time>2026-08-24T16:27:09.000Z</time>
      </trkpt>
      <trkpt lat="44.898544773459435" lon="110.13683916069567">
        <ele>994</ele>
        <time>2026-08-24T16:27:18.000Z</time>
      </trkpt>
      <trkpt lat="44.89806532859802" lon="110.13674360699952">
        <ele>992.8</ele>
        <time>2026-08-24T16:27:32.000Z</time>
      </trkpt>
      <trkpt lat="44.89751488901675" lon="110.13667311519384">
        <ele>991.2</ele>
        <time>2026-08-24T16:27:48.000Z</time>
      </trkpt>
      <trkpt lat="44.897082801908255" lon="110.13660161755979">
        <ele>989.6</ele>
        <time>2026-08-24T16:28:04.000Z</time>
      </trkpt>
      <trkpt lat="44.89661106839776" lon="110.13651486486197">
        <ele>988.2</ele>
        <time>2026-08-24T16:28:20.000Z</time>
      </trkpt>
      <trkpt lat="44.89639448001981" lon="110.1364509947598">
        <ele>987.8</ele>
        <time>2026-08-24T16:28:33.000Z</time>
      </trkpt>
      <trkpt lat="44.896032800897956" lon="110.1364335604012">
        <ele>987.2</ele>
        <time>2026-08-24T16:28:49.000Z</time>
      </trkpt>
      <trkpt lat="44.895772375166416" lon="110.13643607497215">
        <ele>986.4</ele>
        <time>2026-08-24T16:29:02.000Z</time>
      </trkpt>
      <trkpt lat="44.895573891699314" lon="110.13648301362991">
        <ele>986.2</ele>
        <time>2026-08-24T16:29:19.000Z</time>
      </trkpt>
      <trkpt lat="44.89545159973204" lon="110.13662760145962">
        <ele>985.8</ele>
        <time>2026-08-24T16:29:24.000Z</time>
      </trkpt>
      <trkpt lat="44.895584704354405" lon="110.13683128170669">
        <ele>986.4</ele>
        <time>2026-08-24T16:29:35.000Z</time>
      </trkpt>
      <trkpt lat="44.89550130441785" lon="110.13677570968866">
        <ele>985.4</ele>
        <time>2026-08-24T16:56:59.000Z</time>
      </trkpt>
      <trkpt lat="44.895385382696986" lon="110.13661569915712">
        <ele>984.8</ele>
        <time>2026-08-24T16:57:08.000Z</time>
      </trkpt>
      <trkpt lat="44.89495765417814" lon="110.13654001057148">
        <ele>983.8</ele>
        <time>2026-08-24T16:57:24.000Z</time>
      </trkpt>
      <trkpt lat="44.89483636803925" lon="110.13649072498083">
        <ele>983.2</ele>
        <time>2026-08-24T16:57:36.000Z</time>
      </trkpt>
      <trkpt lat="44.8946990724653" lon="110.13633599504828">
        <ele>983</ele>
        <time>2026-08-24T16:58:06.000Z</time>
      </trkpt>
      <trkpt lat="44.894257010892034" lon="110.13626173138618">
        <ele>982</ele>
        <time>2026-08-24T16:58:21.000Z</time>
      </trkpt>
      <trkpt lat="44.89402759820223" lon="110.1361935865134">
        <ele>981.6</ele>
        <time>2026-08-24T16:58:34.000Z</time>
      </trkpt>
      <trkpt lat="44.89378175698221" lon="110.13616709969938">
        <ele>981</ele>
        <time>2026-08-24T16:58:50.000Z</time>
      </trkpt>
      <trkpt lat="44.89360691048205" lon="110.13612083159387">
        <ele>980.4</ele>
        <time>2026-08-24T16:59:44.000Z</time>
      </trkpt>
      <trkpt lat="44.893467519432306" lon="110.13613667339087">
        <ele>980.2</ele>
        <time>2026-08-24T16:59:55.000Z</time>
      </trkpt>
      <trkpt lat="44.89317490719259" lon="110.1361282914877">
        <ele>979.6</ele>
        <time>2026-08-24T17:03:00.000Z</time>
      </trkpt>
      <trkpt lat="44.89289352670312" lon="110.13613642193377">
        <ele>979</ele>
        <time>2026-08-24T17:03:16.000Z</time>
      </trkpt>
      <trkpt lat="44.89262723363936" lon="110.13616005890071">
        <ele>978.2</ele>
        <time>2026-08-24T17:03:32.000Z</time>
      </trkpt>
      <trkpt lat="44.89240645430982" lon="110.13612007722259">
        <ele>977.8</ele>
        <time>2026-08-24T17:03:47.000Z</time>
      </trkpt>
      <trkpt lat="44.892116859555244" lon="110.13617682270706">
        <ele>977.4</ele>
        <time>2026-08-24T17:04:19.000Z</time>
      </trkpt>
      <trkpt lat="44.8917668312788" lon="110.13619559817016">
        <ele>977</ele>
        <time>2026-08-24T17:04:35.000Z</time>
      </trkpt>
      <trkpt lat="44.89167002029717" lon="110.13606559485197">
        <ele>976.6</ele>
        <time>2026-08-24T17:04:45.000Z</time>
      </trkpt>
      <trkpt lat="44.89175962284207" lon="110.13592662289739">
        <ele>976.6</ele>
        <time>2026-08-24T17:04:55.000Z</time>
      </trkpt>
      <trkpt lat="44.8917168751359" lon="110.13581179082394">
        <ele>976.4</ele>
        <time>2026-08-24T17:05:03.000Z</time>
      </trkpt>
      <trkpt lat="44.89147832617164" lon="110.13589091598988">
        <ele>975.4</ele>
        <time>2026-08-24T17:09:02.000Z</time>
      </trkpt>
      <trkpt lat="44.89153842441738" lon="110.13606903143227">
        <ele>975.4</ele>
        <time>2026-08-24T17:09:11.000Z</time>
      </trkpt>
      <trkpt lat="44.891363913193345" lon="110.13626567088068">
        <ele>975.2</ele>
        <time>2026-08-24T17:09:24.000Z</time>
      </trkpt>
      <trkpt lat="44.89150573499501" lon="110.13656347990036">
        <ele>975.6</ele>
        <time>2026-08-24T17:09:37.000Z</time>
      </trkpt>
      <trkpt lat="44.891658620908856" lon="110.13708827085793">
        <ele>976.4</ele>
        <time>2026-08-24T17:09:53.000Z</time>
      </trkpt>
      <trkpt lat="44.891800275072455" lon="110.13759839348495">
        <ele>977</ele>
        <time>2026-08-24T17:10:09.000Z</time>
      </trkpt>
      <trkpt lat="44.89195819012821" lon="110.13814556412399">
        <ele>977.4</ele>
        <time>2026-08-24T17:10:25.000Z</time>
      </trkpt>
      <trkpt lat="44.892078218981624" lon="110.13853984884918">
        <ele>978</ele>
        <time>2026-08-24T17:10:39.000Z</time>
      </trkpt>
      <trkpt lat="44.892228757962584" lon="110.13839291408658">
        <ele>978</ele>
        <time>2026-08-24T17:10:57.000Z</time>
      </trkpt>
      <trkpt lat="44.89233017899096" lon="110.13862090185285">
        <ele>978.2</ele>
        <time>2026-08-24T17:11:09.000Z</time>
      </trkpt>
      <trkpt lat="44.89244073629379" lon="110.13897830620408">
        <ele>978.2</ele>
        <time>2026-08-24T17:11:25.000Z</time>
      </trkpt>
      <trkpt lat="44.892542492598295" lon="110.13930411078036">
        <ele>978.4</ele>
        <time>2026-08-24T17:11:43.000Z</time>
      </trkpt>
      <trkpt lat="44.892628993839025" lon="110.1396351121366">
        <ele>978.4</ele>
        <time>2026-08-24T17:11:59.000Z</time>
      </trkpt>
      <trkpt lat="44.89271725527942" lon="110.13999117538333">
        <ele>978.4</ele>
        <time>2026-08-24T17:12:15.000Z</time>
      </trkpt>
      <trkpt lat="44.89278766326606" lon="110.14030021615326">
        <ele>978.4</ele>
        <time>2026-08-24T17:12:31.000Z</time>
      </trkpt>
      <trkpt lat="44.89289025776088" lon="110.14053381979465">
        <ele>978.6</ele>
        <time>2026-08-24T17:12:46.000Z</time>
      </trkpt>
      <trkpt lat="44.89294591359794" lon="110.14064814895391">
        <ele>978.6</ele>
        <time>2026-08-24T17:12:57.000Z</time>
      </trkpt>
      <trkpt lat="44.89310433156788" lon="110.14082089997828">
        <ele>979.2</ele>
        <time>2026-08-24T17:13:12.000Z</time>
      </trkpt>
      <trkpt lat="44.893141966313124" lon="110.14104511588812">
        <ele>978.4</ele>
        <time>2026-08-24T17:25:19.000Z</time>
      </trkpt>
      <trkpt lat="44.89313509315252" lon="110.1413828227669">
        <ele>977.8</ele>
        <time>2026-08-24T17:25:30.000Z</time>
      </trkpt>
      <trkpt lat="44.893216732889414" lon="110.14163662679493">
        <ele>977.6</ele>
        <time>2026-08-24T17:25:45.000Z</time>
      </trkpt>
      <trkpt lat="44.89332460798323" lon="110.14201238751411">
        <ele>977.4</ele>
        <time>2026-08-24T17:26:03.000Z</time>
      </trkpt>
      <trkpt lat="44.893412282690406" lon="110.14235948212445">
        <ele>977.2</ele>
        <time>2026-08-24T17:26:19.000Z</time>
      </trkpt>
      <trkpt lat="44.893381437286735" lon="110.14248797670007">
        <ele>977.2</ele>
        <time>2026-08-24T17:26:32.000Z</time>
      </trkpt>
      <trkpt lat="44.89337909035385" lon="110.14282702468336">
        <ele>977.2</ele>
        <time>2026-08-24T17:27:04.000Z</time>
      </trkpt>
      <trkpt lat="44.89355963654816" lon="110.14341794885695">
        <ele>977.6</ele>
        <time>2026-08-24T17:27:20.000Z</time>
      </trkpt>
      <trkpt lat="44.89371696487069" lon="110.14397760853171">
        <ele>978.4</ele>
        <time>2026-08-24T17:27:36.000Z</time>
      </trkpt>
      <trkpt lat="44.89386825822294" lon="110.14450281858444">
        <ele>979.4</ele>
        <time>2026-08-24T17:27:52.000Z</time>
      </trkpt>
      <trkpt lat="44.894012762233615" lon="110.14498067088425">
        <ele>979.8</ele>
        <time>2026-08-24T17:28:08.000Z</time>
      </trkpt>
      <trkpt lat="44.89417428150773" lon="110.14549816958606">
        <ele>980.4</ele>
        <time>2026-08-24T17:28:24.000Z</time>
      </trkpt>
      <trkpt lat="44.89434049464762" lon="110.14597409404814">
        <ele>981.2</ele>
        <time>2026-08-24T17:28:40.000Z</time>
      </trkpt>
      <trkpt lat="44.89448692649603" lon="110.14648455195129">
        <ele>982.2</ele>
        <time>2026-08-24T17:28:57.000Z</time>
      </trkpt>
      <trkpt lat="44.89464903250337" lon="110.14696190133691">
        <ele>983</ele>
        <time>2026-08-24T17:29:13.000Z</time>
      </trkpt>
      <trkpt lat="44.89480351097882" lon="110.14744587242603">
        <ele>984</ele>
        <time>2026-08-24T17:29:29.000Z</time>
      </trkpt>
      <trkpt lat="44.89481340162456" lon="110.14769858680665">
        <ele>984.4</ele>
        <time>2026-08-24T17:29:43.000Z</time>
      </trkpt>
      <trkpt lat="44.89495748654008" lon="110.14788550324738">
        <ele>984.8</ele>
        <time>2026-08-24T17:29:57.000Z</time>
      </trkpt>
      <trkpt lat="44.8950910102576" lon="110.1482714060694">
        <ele>985</ele>
        <time>2026-08-24T17:30:13.000Z</time>
      </trkpt>
      <trkpt lat="44.89524875767529" lon="110.1486495975405">
        <ele>985.4</ele>
        <time>2026-08-24T17:30:29.000Z</time>
      </trkpt>
      <trkpt lat="44.895353028550744" lon="110.14887959696352">
        <ele>985.6</ele>
        <time>2026-08-24T17:31:05.000Z</time>
      </trkpt>
      <trkpt lat="44.895589565858245" lon="110.14931662939489">
        <ele>985.8</ele>
        <time>2026-08-24T17:31:22.000Z</time>
      </trkpt>
      <trkpt lat="44.895854433998466" lon="110.14982742257416">
        <ele>986.2</ele>
        <time>2026-08-24T17:31:38.000Z</time>
      </trkpt>
      <trkpt lat="44.896158780902624" lon="110.15027015469968">
        <ele>987</ele>
        <time>2026-08-24T17:31:54.000Z</time>
      </trkpt>
      <trkpt lat="44.89649967290461" lon="110.15070852823555">
        <ele>987.6</ele>
        <time>2026-08-24T17:32:10.000Z</time>
      </trkpt>
      <trkpt lat="44.896891275420785" lon="110.15110708773136">
        <ele>987.8</ele>
        <time>2026-08-24T17:32:26.000Z</time>
      </trkpt>
      <trkpt lat="44.89730056375265" lon="110.15143381431699">
        <ele>988.4</ele>
        <time>2026-08-24T17:32:42.000Z</time>
      </trkpt>
      <trkpt lat="44.897719072178006" lon="110.15175802633166">
        <ele>988.8</ele>
        <time>2026-08-24T17:32:58.000Z</time>
      </trkpt>
      <trkpt lat="44.89783708937466" lon="110.15185215510428">
        <ele>989</ele>
        <time>2026-08-24T17:33:09.000Z</time>
      </trkpt>
      <trkpt lat="44.89775016903877" lon="110.15162341296673">
        <ele>988.4</ele>
        <time>2026-08-24T17:34:02.000Z</time>
      </trkpt>
      <trkpt lat="44.89773768000305" lon="110.1514711137861">
        <ele>988.2</ele>
        <time>2026-08-24T17:34:06.000Z</time>
      </trkpt>
      <trkpt lat="44.89803481847048" lon="110.15139257535338">
        <ele>989</ele>
        <time>2026-08-24T17:34:17.000Z</time>
      </trkpt>
      <trkpt lat="44.89819860085845" lon="110.15129568055272">
        <ele>989.8</ele>
        <time>2026-08-24T17:34:30.000Z</time>
      </trkpt>
      <trkpt lat="44.898020066320896" lon="110.15132225118577">
        <ele>989.2</ele>
        <time>2026-08-24T17:38:50.000Z</time>
      </trkpt>
      <trkpt lat="44.8980663344264" lon="110.15158971771598">
        <ele>989</ele>
        <time>2026-08-24T17:38:58.000Z</time>
      </trkpt>
      <trkpt lat="44.898317623883486" lon="110.15183455310762">
        <ele>989.8</ele>
        <time>2026-08-24T17:39:12.000Z</time>
      </trkpt>
      <trkpt lat="44.89853513427079" lon="110.15207100659609">
        <ele>990.2</ele>
        <time>2026-08-24T17:39:26.000Z</time>
      </trkpt>
      <trkpt lat="44.898916259408" lon="110.15226161107421">
        <ele>990.6</ele>
        <time>2026-08-24T17:39:42.000Z</time>
      </trkpt>
      <trkpt lat="44.89929411560297" lon="110.15241835266352">
        <ele>991.2</ele>
        <time>2026-08-24T17:39:58.000Z</time>
      </trkpt>
      <trkpt lat="44.89973911084235" lon="110.15259026549757">
        <ele>991.2</ele>
        <time>2026-08-24T17:40:14.000Z</time>
      </trkpt>
      <trkpt lat="44.89971832372248" lon="110.15279478393495">
        <ele>991</ele>
        <time>2026-08-24T17:41:17.000Z</time>
      </trkpt>
      <trkpt lat="44.89951397292316" lon="110.15361160039902">
        <ele>988.8</ele>
        <time>2026-08-24T17:41:33.000Z</time>
      </trkpt>
      <trkpt lat="44.89928053691983" lon="110.15447275713086">
        <ele>986.4</ele>
        <time>2026-08-24T17:41:49.000Z</time>
      </trkpt>
      <trkpt lat="44.8990198597312" lon="110.15545804984868">
        <ele>984.6</ele>
        <time>2026-08-24T17:42:05.000Z</time>
      </trkpt>
      <trkpt lat="44.89873596467078" lon="110.15652908943594">
        <ele>983.4</ele>
        <time>2026-08-24T17:42:21.000Z</time>
      </trkpt>
      <trkpt lat="44.89857972599566" lon="110.15707751736045">
        <ele>983.8</ele>
        <time>2026-08-24T17:42:37.000Z</time>
      </trkpt>
      <trkpt lat="44.898392809554935" lon="110.15770900994539">
        <ele>983.6</ele>
        <time>2026-08-24T17:42:53.000Z</time>
      </trkpt>
      <trkpt lat="44.89826498553157" lon="110.15833270736039">
        <ele>983.6</ele>
        <time>2026-08-24T17:43:10.000Z</time>
      </trkpt>
      <trkpt lat="44.89818653091788" lon="110.15909059904516">
        <ele>983.4</ele>
        <time>2026-08-24T17:43:26.000Z</time>
      </trkpt>
      <trkpt lat="44.898237995803356" lon="110.15984002500772">
        <ele>983.8</ele>
        <time>2026-08-24T17:43:42.000Z</time>
      </trkpt>
      <trkpt lat="44.89841225557029" lon="110.16051862388849">
        <ele>984</ele>
        <time>2026-08-24T17:43:58.000Z</time>
      </trkpt>
      <trkpt lat="44.89867662079632" lon="110.16117006540298">
        <ele>984.6</ele>
        <time>2026-08-24T17:44:14.000Z</time>
      </trkpt>
      <trkpt lat="44.898975268006325" lon="110.16174565069377">
        <ele>985</ele>
        <time>2026-08-24T17:44:30.000Z</time>
      </trkpt>
      <trkpt lat="44.89927651360631" lon="110.16234260983765">
        <ele>985.6</ele>
        <time>2026-08-24T17:44:46.000Z</time>
      </trkpt>
      <trkpt lat="44.899526964873075" lon="110.16298198141158">
        <ele>986.2</ele>
        <time>2026-08-24T17:45:02.000Z</time>
      </trkpt>
      <trkpt lat="44.899668116122484" lon="110.16369662247598">
        <ele>986.8</ele>
        <time>2026-08-24T17:45:18.000Z</time>
      </trkpt>
      <trkpt lat="44.89969787187874" lon="110.16431981697679">
        <ele>987.6</ele>
        <time>2026-08-24T17:45:35.000Z</time>
      </trkpt>
      <trkpt lat="44.89963307976723" lon="110.16496371477842">
        <ele>988.4</ele>
        <time>2026-08-24T17:45:51.000Z</time>
      </trkpt>
      <trkpt lat="44.89950131624937" lon="110.16558028757572">
        <ele>989.2</ele>
        <time>2026-08-24T17:46:07.000Z</time>
      </trkpt>
      <trkpt lat="44.89935337565839" lon="110.16612192615867">
        <ele>990</ele>
        <time>2026-08-24T17:46:23.000Z</time>
      </trkpt>
      <trkpt lat="44.8992270603776" lon="110.16661352477968">
        <ele>991</ele>
        <time>2026-08-24T17:46:39.000Z</time>
      </trkpt>
      <trkpt lat="44.89908490329981" lon="110.16714166849852">
        <ele>992</ele>
        <time>2026-08-24T17:46:55.000Z</time>
      </trkpt>
      <trkpt lat="44.89893838763237" lon="110.16768431290984">
        <ele>993.2</ele>
        <time>2026-08-24T17:47:11.000Z</time>
      </trkpt>
      <trkpt lat="44.898804780095816" lon="110.16817515715957">
        <ele>994.4</ele>
        <time>2026-08-24T17:47:27.000Z</time>
      </trkpt>
      <trkpt lat="44.89867502823472" lon="110.16865686513484">
        <ele>995.4</ele>
        <time>2026-08-24T17:47:43.000Z</time>
      </trkpt>
      <trkpt lat="44.898529602214694" lon="110.1691903732717">
        <ele>996</ele>
        <time>2026-08-24T17:48:00.000Z</time>
      </trkpt>
      <trkpt lat="44.898374285548925" lon="110.16975045204163">
        <ele>996.6</ele>
        <time>2026-08-24T17:48:16.000Z</time>
      </trkpt>
      <trkpt lat="44.89821620285511" lon="110.17033944837749">
        <ele>997.6</ele>
        <time>2026-08-24T17:48:32.000Z</time>
      </trkpt>
      <trkpt lat="44.89807270467281" lon="110.17087086103857">
        <ele>998.8</ele>
        <time>2026-08-24T17:48:48.000Z</time>
      </trkpt>
      <trkpt lat="44.89794203080237" lon="110.17141467891634">
        <ele>1000</ele>
        <time>2026-08-24T17:49:04.000Z</time>
      </trkpt>
      <trkpt lat="44.89782879129052" lon="110.17198607325554">
        <ele>1001.2</ele>
        <time>2026-08-24T17:49:20.000Z</time>
      </trkpt>
      <trkpt lat="44.897731728851795" lon="110.17261387780309">
        <ele>1002.2</ele>
        <time>2026-08-24T17:49:36.000Z</time>
      </trkpt>
      <trkpt lat="44.89766165614128" lon="110.17329507507384">
        <ele>1002.8</ele>
        <time>2026-08-24T17:49:52.000Z</time>
      </trkpt>
      <trkpt lat="44.89762553013861" lon="110.17365273088217">
        <ele>1003</ele>
        <time>2026-08-24T17:50:04.000Z</time>
      </trkpt>
      <trkpt lat="44.897330990061164" lon="110.17369137145579">
        <ele>1003.4</ele>
        <time>2026-08-24T17:50:18.000Z</time>
      </trkpt>
      <trkpt lat="44.897132590413094" lon="110.17374007031322">
        <ele>1004.6</ele>
        <time>2026-08-24T17:50:32.000Z</time>
      </trkpt>
      <trkpt lat="44.89691583439708" lon="110.1736253220588">
        <ele>1005</ele>
        <time>2026-08-24T17:50:45.000Z</time>
      </trkpt>
      <trkpt lat="44.89695992320776" lon="110.1735700853169">
        <ele>1005</ele>
        <time>2026-08-24T17:53:44.000Z</time>
      </trkpt>
      <trkpt lat="44.89729821681976" lon="110.17362230457366">
        <ele>1004.2</ele>
        <time>2026-08-24T17:54:00.000Z</time>
      </trkpt>
      <trkpt lat="44.89760968834162" lon="110.17379329539835">
        <ele>1003.2</ele>
        <time>2026-08-24T17:54:11.000Z</time>
      </trkpt>
      <trkpt lat="44.89761069417" lon="110.17435018904507">
        <ele>1003.4</ele>
        <time>2026-08-24T17:54:22.000Z</time>
      </trkpt>
      <trkpt lat="44.89758697338402" lon="110.17507765442133">
        <ele>1003.2</ele>
        <time>2026-08-24T17:54:38.000Z</time>
      </trkpt>
      <trkpt lat="44.89756300114095" lon="110.17582590691745">
        <ele>1002.6</ele>
        <time>2026-08-24T17:54:54.000Z</time>
      </trkpt>
      <trkpt lat="44.897512374445796" lon="110.17670885659754">
        <ele>1001.4</ele>
        <time>2026-08-24T17:55:11.000Z</time>
      </trkpt>
      <trkpt lat="44.8974241130054" lon="110.1777611207217">
        <ele>998.8</ele>
        <time>2026-08-24T17:55:27.000Z</time>
      </trkpt>
      <trkpt lat="44.89730819128454" lon="110.17881422303617">
        <ele>995.2</ele>
        <time>2026-08-24T17:55:43.000Z</time>
      </trkpt>
      <trkpt lat="44.897166704759" lon="110.1798283495009">
        <ele>991</ele>
        <time>2026-08-24T17:55:59.000Z</time>
      </trkpt>
      <trkpt lat="44.89697593264282" lon="110.1809661090374">
        <ele>986</ele>
        <time>2026-08-24T17:56:15.000Z</time>
      </trkpt>
      <trkpt lat="44.89675356075168" lon="110.18220621161163">
        <ele>981.6</ele>
        <time>2026-08-24T17:56:31.000Z</time>
      </trkpt>
      <trkpt lat="44.896473521366715" lon="110.18375418148935">
        <ele>977.4</ele>
        <time>2026-08-24T17:56:47.000Z</time>
      </trkpt>
      <trkpt lat="44.896367406472564" lon="110.18431677483022">
        <ele>974.8</ele>
        <time>2026-08-24T17:56:52.000Z</time>
      </trkpt>
      <trkpt lat="44.89619147032499" lon="110.18532008863986">
        <ele>971.8</ele>
        <time>2026-08-24T17:57:01.000Z</time>
      </trkpt>
      <trkpt lat="44.89596717059612" lon="110.18705648370087">
        <ele>968.8</ele>
        <time>2026-08-24T17:57:17.000Z</time>
      </trkpt>
      <trkpt lat="44.89586407318711" lon="110.18866991624236">
        <ele>966.6</ele>
        <time>2026-08-24T17:57:34.000Z</time>
      </trkpt>
      <trkpt lat="44.89585317671299" lon="110.19002929329872">
        <ele>965.6</ele>
        <time>2026-08-24T17:57:50.000Z</time>
      </trkpt>
      <trkpt lat="44.89585862495005" lon="110.19092632457614">
        <ele>965.6</ele>
        <time>2026-08-24T17:58:06.000Z</time>
      </trkpt>
      <trkpt lat="44.895764999091625" lon="110.1913874130696">
        <ele>965.4</ele>
        <time>2026-08-24T17:58:21.000Z</time>
      </trkpt>
      <trkpt lat="44.895379431545734" lon="110.19207783043385">
        <ele>964.2</ele>
        <time>2026-08-24T17:58:37.000Z</time>
      </trkpt>
      <trkpt lat="44.8948909342289" lon="110.19293722696602">
        <ele>962.6</ele>
        <time>2026-08-24T17:58:53.000Z</time>
      </trkpt>
      <trkpt lat="44.894479885697365" lon="110.19366167485714">
        <ele>962</ele>
        <time>2026-08-24T17:59:09.000Z</time>
      </trkpt>
      <trkpt lat="44.89404905587435" lon="110.19440556876361">
        <ele>962</ele>
        <time>2026-08-24T17:59:25.000Z</time>
      </trkpt>
      <trkpt lat="44.89371503703296" lon="110.19503270275891">
        <ele>962</ele>
        <time>2026-08-24T17:59:41.000Z</time>
      </trkpt>
      <trkpt lat="44.893332067877054" lon="110.19571985118091">
        <ele>961.6</ele>
        <time>2026-08-24T17:59:58.000Z</time>
      </trkpt>
      <trkpt lat="44.89295798353851" lon="110.19638839177787">
        <ele>961.2</ele>
        <time>2026-08-24T18:00:14.000Z</time>
      </trkpt>
      <trkpt lat="44.892567386850715" lon="110.19708241336048">
        <ele>960.2</ele>
        <time>2026-08-24T18:00:30.000Z</time>
      </trkpt>
      <trkpt lat="44.89214653149247" lon="110.19785170443356">
        <ele>959</ele>
        <time>2026-08-24T18:00:46.000Z</time>
      </trkpt>
      <trkpt lat="44.89170681685209" lon="110.19860322587192">
        <ele>957.8</ele>
        <time>2026-08-24T18:01:02.000Z</time>
      </trkpt>
      <trkpt lat="44.891335582360625" lon="110.19929062575102">
        <ele>956.8</ele>
        <time>2026-08-24T18:01:18.000Z</time>
      </trkpt>
      <trkpt lat="44.89095848053694" lon="110.20000208169222">
        <ele>955.8</ele>
        <time>2026-08-24T18:01:33.000Z</time>
      </trkpt>
      <trkpt lat="44.89089368842542" lon="110.20038806833327">
        <ele>955.2</ele>
        <time>2026-08-24T18:01:40.000Z</time>
      </trkpt>
      <trkpt lat="44.89124748855829" lon="110.20044757984579">
        <ele>955</ele>
        <time>2026-08-24T18:01:51.000Z</time>
      </trkpt>
      <trkpt lat="44.89150397479534" lon="110.20073918625712">
        <ele>955.2</ele>
        <time>2026-08-24T18:02:03.000Z</time>
      </trkpt>
      <trkpt lat="44.891548063606024" lon="110.20089835859835">
        <ele>955.6</ele>
        <time>2026-08-24T18:02:13.000Z</time>
      </trkpt>
      <trkpt lat="44.891450917348266" lon="110.20064195618033">
        <ele>955.2</ele>
        <time>2026-08-24T18:02:22.000Z</time>
      </trkpt>
      <trkpt lat="44.89118370227516" lon="110.200434923172">
        <ele>955.6</ele>
        <time>2026-08-24T18:02:33.000Z</time>
      </trkpt>
      <trkpt lat="44.89078028127551" lon="110.20052595064044">
        <ele>955</ele>
        <time>2026-08-24T18:02:46.000Z</time>
      </trkpt>
      <trkpt lat="44.89062496460974" lon="110.20062016323209">
        <ele>954.8</ele>
        <time>2026-08-24T18:03:10.000Z</time>
      </trkpt>
      <trkpt lat="44.89031760022044" lon="110.20117236301303">
        <ele>954</ele>
        <time>2026-08-24T18:03:22.000Z</time>
      </trkpt>
      <trkpt lat="44.889844777062535" lon="110.20205967128277">
        <ele>952.6</ele>
        <time>2026-08-24T18:03:38.000Z</time>
      </trkpt>
      <trkpt lat="44.8893819283694" lon="110.20293708890676">
        <ele>952</ele>
        <time>2026-08-24T18:03:54.000Z</time>
      </trkpt>
      <trkpt lat="44.88904740661383" lon="110.20357444882393">
        <ele>952</ele>
        <time>2026-08-24T18:04:10.000Z</time>
      </trkpt>
      <trkpt lat="44.888802068307996" lon="110.203992202878">
        <ele>952</ele>
        <time>2026-08-24T18:04:26.000Z</time>
      </trkpt>
      <trkpt lat="44.88849453628063" lon="110.20459008403122">
        <ele>951.8</ele>
        <time>2026-08-24T18:06:13.000Z</time>
      </trkpt>
      <trkpt lat="44.88805021159351" lon="110.20542953163385">
        <ele>951.4</ele>
        <time>2026-08-24T18:06:29.000Z</time>
      </trkpt>
      <trkpt lat="44.887614687904716" lon="110.20624768920243">
        <ele>950.8</ele>
        <time>2026-08-24T18:06:45.000Z</time>
      </trkpt>
      <trkpt lat="44.88715888001025" lon="110.20709979347885">
        <ele>950.2</ele>
        <time>2026-08-24T18:07:02.000Z</time>
      </trkpt>
      <trkpt lat="44.88669242709875" lon="110.2079794742167">
        <ele>949.8</ele>
        <time>2026-08-24T18:07:18.000Z</time>
      </trkpt>
      <trkpt lat="44.88626830279827" lon="110.20878313109279">
        <ele>949.6</ele>
        <time>2026-08-24T18:07:34.000Z</time>
      </trkpt>
      <trkpt lat="44.885950461030006" lon="110.20928495563567">
        <ele>949.2</ele>
        <time>2026-08-24T18:07:49.000Z</time>
      </trkpt>
      <trkpt lat="44.88585356622934" lon="110.20955552347004">
        <ele>949.2</ele>
        <time>2026-08-24T18:23:17.000Z</time>
      </trkpt>
      <trkpt lat="44.885546285659075" lon="110.21014007739723">
        <ele>949</ele>
        <time>2026-08-24T18:23:33.000Z</time>
      </trkpt>
      <trkpt lat="44.88517127931118" lon="110.21084147505462">
        <ele>948.8</ele>
        <time>2026-08-24T18:23:49.000Z</time>
      </trkpt>
      <trkpt lat="44.88472712226212" lon="110.21167941391468">
        <ele>948.4</ele>
        <time>2026-08-24T18:24:05.000Z</time>
      </trkpt>
      <trkpt lat="44.884287659078836" lon="110.21250486373901">
        <ele>947.8</ele>
        <time>2026-08-24T18:24:21.000Z</time>
      </trkpt>
      <trkpt lat="44.88383101299405" lon="110.21336794830859">
        <ele>947.2</ele>
        <time>2026-08-24T18:24:38.000Z</time>
      </trkpt>
      <trkpt lat="44.883372355252504" lon="110.21423094905913">
        <ele>946.6</ele>
        <time>2026-08-24T18:24:54.000Z</time>
      </trkpt>
      <trkpt lat="44.88289559260011" lon="110.21513460204005">
        <ele>946.2</ele>
        <time>2026-08-24T18:25:10.000Z</time>
      </trkpt>
      <trkpt lat="44.88246903754771" lon="110.21594982594252">
        <ele>946</ele>
        <time>2026-08-24T18:25:26.000Z</time>
      </trkpt>
      <trkpt lat="44.88207860849798" lon="110.21666622720659">
        <ele>946.4</ele>
        <time>2026-08-24T18:25:42.000Z</time>
      </trkpt>
      <trkpt lat="44.88167895935476" lon="110.2174147311598">
        <ele>947</ele>
        <time>2026-08-24T18:25:58.000Z</time>
      </trkpt>
      <trkpt lat="44.88129607401788" lon="110.2181301265955">
        <ele>947.4</ele>
        <time>2026-08-24T18:26:14.000Z</time>
      </trkpt>
      <trkpt lat="44.880866166204214" lon="110.21892867051065">
        <ele>947.6</ele>
        <time>2026-08-24T18:26:30.000Z</time>
      </trkpt>
      <trkpt lat="44.880379093810916" lon="110.21975579671562">
        <ele>947</ele>
        <time>2026-08-24T18:26:46.000Z</time>
      </trkpt>
      <trkpt lat="44.87999763339758" lon="110.22038276307285">
        <ele>945.8</ele>
        <time>2026-08-24T18:27:03.000Z</time>
      </trkpt>
      <trkpt lat="44.87941701896489" lon="110.22126831114292">
        <ele>944.6</ele>
        <time>2026-08-24T18:27:19.000Z</time>
      </trkpt>
      <trkpt lat="44.878744119778275" lon="110.22228352725506">
        <ele>942.8</ele>
        <time>2026-08-24T18:27:35.000Z</time>
      </trkpt>
      <trkpt lat="44.87802377901971" lon="110.22336479276419">
        <ele>941.2</ele>
        <time>2026-08-24T18:27:51.000Z</time>
      </trkpt>
      <trkpt lat="44.877337804064155" lon="110.22440113127232">
        <ele>940.8</ele>
        <time>2026-08-24T18:28:07.000Z</time>
      </trkpt>
      <trkpt lat="44.876711927354336" lon="110.2253432571888">
        <ele>940.6</ele>
        <time>2026-08-24T18:28:23.000Z</time>
      </trkpt>
      <trkpt lat="44.87611161544919" lon="110.22624615579844">
        <ele>940.6</ele>
        <time>2026-08-24T18:28:39.000Z</time>
      </trkpt>
      <trkpt lat="44.875479536131024" lon="110.22719414904714">
        <ele>940</ele>
        <time>2026-08-24T18:28:55.000Z</time>
      </trkpt>
      <trkpt lat="44.874857096001506" lon="110.22813049145043">
        <ele>938.8</ele>
        <time>2026-08-24T18:29:11.000Z</time>
      </trkpt>
      <trkpt lat="44.87422451376915" lon="110.22908695042133">
        <ele>938</ele>
        <time>2026-08-24T18:29:28.000Z</time>
      </trkpt>
      <trkpt lat="44.873591009527445" lon="110.23004164919257">
        <ele>937.4</ele>
        <time>2026-08-24T18:29:44.000Z</time>
      </trkpt>
      <trkpt lat="44.87297217361629" lon="110.2309712022543">
        <ele>936.8</ele>
        <time>2026-08-24T18:30:00.000Z</time>
      </trkpt>
      <trkpt lat="44.87235828302801" lon="110.23189321160316">
        <ele>936.2</ele>
        <time>2026-08-24T18:30:16.000Z</time>
      </trkpt>
      <trkpt lat="44.8717681132257" lon="110.23278932087123">
        <ele>935.6</ele>
        <time>2026-08-24T18:30:32.000Z</time>
      </trkpt>
      <trkpt lat="44.87116880714893" lon="110.2336888667196">
        <ele>935.4</ele>
        <time>2026-08-24T18:30:48.000Z</time>
      </trkpt>
      <trkpt lat="44.870564891025424" lon="110.23460081778467">
        <ele>935</ele>
        <time>2026-08-24T18:31:04.000Z</time>
      </trkpt>
      <trkpt lat="44.8699064925313" lon="110.23558518849313">
        <ele>934.2</ele>
        <time>2026-08-24T18:31:20.000Z</time>
      </trkpt>
      <trkpt lat="44.86923753283918" lon="110.23659327998757">
        <ele>933.4</ele>
        <time>2026-08-24T18:31:37.000Z</time>
      </trkpt>
      <trkpt lat="44.8685663100332" lon="110.23760598152876">
        <ele>931.8</ele>
        <time>2026-08-24T18:31:53.000Z</time>
      </trkpt>
      <trkpt lat="44.86790179274976" lon="110.23860862478614">
        <ele>930.4</ele>
        <time>2026-08-24T18:32:09.000Z</time>
      </trkpt>
      <trkpt lat="44.867284297943115" lon="110.2395427878946">
        <ele>929.6</ele>
        <time>2026-08-24T18:32:25.000Z</time>
      </trkpt>
      <trkpt lat="44.86671566963196" lon="110.24039355106652">
        <ele>929.6</ele>
        <time>2026-08-24T18:32:41.000Z</time>
      </trkpt>
      <trkpt lat="44.866173611953855" lon="110.2412093617022">
        <ele>929.6</ele>
        <time>2026-08-24T18:32:57.000Z</time>
      </trkpt>
      <trkpt lat="44.86562266945839" lon="110.24203556589782">
        <ele>929.6</ele>
        <time>2026-08-24T18:33:13.000Z</time>
      </trkpt>
      <trkpt lat="44.86506518907845" lon="110.2428777795285">
        <ele>929.2</ele>
        <time>2026-08-24T18:33:29.000Z</time>
      </trkpt>
      <trkpt lat="44.86453880555928" lon="110.24367556907237">
        <ele>929.4</ele>
        <time>2026-08-24T18:33:45.000Z</time>
      </trkpt>
      <trkpt lat="44.86408987082541" lon="110.24432365782559">
        <ele>929.8</ele>
        <time>2026-08-24T18:34:02.000Z</time>
      </trkpt>
      <trkpt lat="44.86359961330891" lon="110.2449587546289">
        <ele>930.6</ele>
        <time>2026-08-24T18:34:18.000Z</time>
      </trkpt>
      <trkpt lat="44.86309451982379" lon="110.24555487558246">
        <ele>931</ele>
        <time>2026-08-24T18:34:34.000Z</time>
      </trkpt>
      <trkpt lat="44.862547516822815" lon="110.24614445865154">
        <ele>931.4</ele>
        <time>2026-08-24T18:34:50.000Z</time>
      </trkpt>
      <trkpt lat="44.86197955906391" lon="110.24668500758708">
        <ele>931.4</ele>
        <time>2026-08-24T18:35:06.000Z</time>
      </trkpt>
      <trkpt lat="44.86140112392604" lon="110.24719580076635">
        <ele>931.4</ele>
        <time>2026-08-24T18:35:22.000Z</time>
      </trkpt>
      <trkpt lat="44.86076242290437" lon="110.2477195020765">
        <ele>931.4</ele>
        <time>2026-08-24T18:35:38.000Z</time>
      </trkpt>
      <trkpt lat="44.86017803661525" lon="110.24820758029819">
        <ele>931</ele>
        <time>2026-08-24T18:35:54.000Z</time>
      </trkpt>
      <trkpt lat="44.85959440469742" lon="110.24868115782738">
        <ele>930.6</ele>
        <time>2026-08-24T18:36:10.000Z</time>
      </trkpt>
      <trkpt lat="44.859002977609634" lon="110.24917267262936">
        <ele>930.6</ele>
        <time>2026-08-24T18:36:27.000Z</time>
      </trkpt>
      <trkpt lat="44.858396127820015" lon="110.24967080913484">
        <ele>931.2</ele>
        <time>2026-08-24T18:36:43.000Z</time>
      </trkpt>
      <trkpt lat="44.85782858915627" lon="110.25013969279826">
        <ele>931.8</ele>
        <time>2026-08-24T18:36:59.000Z</time>
      </trkpt>
      <trkpt lat="44.85730966553092" lon="110.2506105042994">
        <ele>932.2</ele>
        <time>2026-08-24T18:37:15.000Z</time>
      </trkpt>
      <trkpt lat="44.85681915655732" lon="110.25109766051173">
        <ele>932.8</ele>
        <time>2026-08-24T18:37:31.000Z</time>
      </trkpt>
      <trkpt lat="44.85637248493731" lon="110.25158716365695">
        <ele>933</ele>
        <time>2026-08-24T18:37:47.000Z</time>
      </trkpt>
      <trkpt lat="44.856078028678894" lon="110.25188631378114">
        <ele>933</ele>
        <time>2026-08-24T18:37:59.000Z</time>
      </trkpt>
      <trkpt lat="44.855699837207794" lon="110.25236207060516">
        <ele>933</ele>
        <time>2026-08-24T18:38:15.000Z</time>
      </trkpt>
      <trkpt lat="44.85558936372399" lon="110.25253918021917">
        <ele>932.8</ele>
        <time>2026-08-24T18:40:35.000Z</time>
      </trkpt>
      <trkpt lat="44.85521486029029" lon="110.25304368697107">
        <ele>932.6</ele>
        <time>2026-08-24T18:40:51.000Z</time>
      </trkpt>
      <trkpt lat="44.854753436520696" lon="110.25371809490025">
        <ele>932.2</ele>
        <time>2026-08-24T18:41:08.000Z</time>
      </trkpt>
      <trkpt lat="44.8542594909668" lon="110.25443265214562">
        <ele>932</ele>
        <time>2026-08-24T18:41:24.000Z</time>
      </trkpt>
      <trkpt lat="44.85377116128802" lon="110.25515575893223">
        <ele>931.8</ele>
        <time>2026-08-24T18:41:40.000Z</time>
      </trkpt>
      <trkpt lat="44.853326668962836" lon="110.25581147521734">
        <ele>932.4</ele>
        <time>2026-08-24T18:41:56.000Z</time>
      </trkpt>
      <trkpt lat="44.85294311307371" lon="110.25637096725404">
        <ele>932.8</ele>
        <time>2026-08-24T18:42:12.000Z</time>
      </trkpt>
      <trkpt lat="44.852579003199935" lon="110.25690170936286">
        <ele>933.4</ele>
        <time>2026-08-24T18:42:28.000Z</time>
      </trkpt>
      <trkpt lat="44.852240877225995" lon="110.25740839540958">
        <ele>934</ele>
        <time>2026-08-24T18:42:44.000Z</time>
      </trkpt>
      <trkpt lat="44.85185958445072" lon="110.25796587578952">
        <ele>934.4</ele>
        <time>2026-08-24T18:43:00.000Z</time>
      </trkpt>
      <trkpt lat="44.85139740630984" lon="110.25865201838315">
        <ele>934.4</ele>
        <time>2026-08-24T18:43:16.000Z</time>
      </trkpt>
      <trkpt lat="44.850925002247095" lon="110.25934402830899">
        <ele>933.8</ele>
        <time>2026-08-24T18:43:33.000Z</time>
      </trkpt>
      <trkpt lat="44.85043600201607" lon="110.26005959138274">
        <ele>933.6</ele>
        <time>2026-08-24T18:43:49.000Z</time>
      </trkpt>
      <trkpt lat="44.849943816661835" lon="110.26077976450324">
        <ele>933.2</ele>
        <time>2026-08-24T18:44:05.000Z</time>
      </trkpt>
      <trkpt lat="44.849460599943995" lon="110.26148728094995">
        <ele>933.4</ele>
        <time>2026-08-24T18:44:21.000Z</time>
      </trkpt>
      <trkpt lat="44.84900822862983" lon="110.26215146295726">
        <ele>933.8</ele>
        <time>2026-08-24T18:44:37.000Z</time>
      </trkpt>
      <trkpt lat="44.848599191755056" lon="110.26276241987944">
        <ele>934.6</ele>
        <time>2026-08-24T18:44:53.000Z</time>
      </trkpt>
      <trkpt lat="44.8482013028115" lon="110.26334211230278">
        <ele>935.2</ele>
        <time>2026-08-24T18:45:09.000Z</time>
      </trkpt>
      <trkpt lat="44.84783903695643" lon="110.26388308033347">
        <ele>935.8</ele>
        <time>2026-08-24T18:45:25.000Z</time>
      </trkpt>
      <trkpt lat="44.84744668006897" lon="110.26445908471942">
        <ele>936.4</ele>
        <time>2026-08-24T18:45:41.000Z</time>
      </trkpt>
      <trkpt lat="44.84704803675413" lon="110.26504087261856">
        <ele>936.8</ele>
        <time>2026-08-24T18:45:58.000Z</time>
      </trkpt>
      <trkpt lat="44.8466507345438" lon="110.265620816499">
        <ele>937.8</ele>
        <time>2026-08-24T18:46:14.000Z</time>
      </trkpt>
      <trkpt lat="44.84625888057053" lon="110.26619958691299">
        <ele>937.6</ele>
        <time>2026-08-24T18:46:30.000Z</time>
      </trkpt>
      <trkpt lat="44.84584431163967" lon="110.26681657880545">
        <ele>937.8</ele>
        <time>2026-08-24T18:46:46.000Z</time>
      </trkpt>
      <trkpt lat="44.84544097445905" lon="110.26739928871393">
        <ele>938.2</ele>
        <time>2026-08-24T18:47:02.000Z</time>
      </trkpt>
      <trkpt lat="44.84501726925373" lon="110.26802122592926">
        <ele>938.4</ele>
        <time>2026-08-24T18:47:18.000Z</time>
      </trkpt>
      <trkpt lat="44.844612423330545" lon="110.26862438768148">
        <ele>938.8</ele>
        <time>2026-08-24T18:47:34.000Z</time>
      </trkpt>
      <trkpt lat="44.84418670646846" lon="110.26924540288746">
        <ele>939.2</ele>
        <time>2026-08-24T18:47:50.000Z</time>
      </trkpt>
      <trkpt lat="44.843729473650455" lon="110.26991738006473">
        <ele>939.8</ele>
        <time>2026-08-24T18:48:06.000Z</time>
      </trkpt>
      <trkpt lat="44.84330853447318" lon="110.27053311467171">
        <ele>940.2</ele>
        <time>2026-08-24T18:48:23.000Z</time>
      </trkpt>
      <trkpt lat="44.842914417386055" lon="110.27110635302961">
        <ele>940.6</ele>
        <time>2026-08-24T18:48:39.000Z</time>
      </trkpt>
      <trkpt lat="44.84252532944083" lon="110.27167816646397">
        <ele>941.2</ele>
        <time>2026-08-24T18:48:55.000Z</time>
      </trkpt>
      <trkpt lat="44.842137079685926" lon="110.27225031517446">
        <ele>941.6</ele>
        <time>2026-08-24T18:49:11.000Z</time>
      </trkpt>
      <trkpt lat="44.84174061566591" lon="110.27283704839647">
        <ele>942</ele>
        <time>2026-08-24T18:49:27.000Z</time>
      </trkpt>
      <trkpt lat="44.84135462902486" lon="110.27340450324118">
        <ele>942.6</ele>
        <time>2026-08-24T18:49:43.000Z</time>
      </trkpt>
      <trkpt lat="44.84095229767263" lon="110.27399861253798">
        <ele>943.2</ele>
        <time>2026-08-24T18:49:59.000Z</time>
      </trkpt>
      <trkpt lat="44.84053487889469" lon="110.27461426332593">
        <ele>943.6</ele>
        <time>2026-08-24T18:50:15.000Z</time>
      </trkpt>
      <trkpt lat="44.84012517146766" lon="110.27521239593625">
        <ele>944</ele>
        <time>2026-08-24T18:50:31.000Z</time>
      </trkpt>
      <trkpt lat="44.83990699052811" lon="110.27550215832889">
        <ele>944.4</ele>
        <time>2026-08-24T18:50:47.000Z</time>
      </trkpt>
      <trkpt lat="44.839734490960836" lon="110.27577021159232">
        <ele>944.2</ele>
        <time>2026-08-24T18:53:22.000Z</time>
      </trkpt>
      <trkpt lat="44.83950407244265" lon="110.27611487545073">
        <ele>944.6</ele>
        <time>2026-08-24T18:53:37.000Z</time>
      </trkpt>
      <trkpt lat="44.83921187929809" lon="110.27654461562634">
        <ele>945</ele>
        <time>2026-08-24T18:53:53.000Z</time>
      </trkpt>
      <trkpt lat="44.83891080133617" lon="110.2769882697612">
        <ele>945.6</ele>
        <time>2026-08-24T18:54:09.000Z</time>
      </trkpt>
      <trkpt lat="44.83856781385839" lon="110.27749721892178">
        <ele>946.2</ele>
        <time>2026-08-24T18:54:25.000Z</time>
      </trkpt>
      <trkpt lat="44.83820378780365" lon="110.27802720665932">
        <ele>947</ele>
        <time>2026-08-24T18:54:41.000Z</time>
      </trkpt>
      <trkpt lat="44.83784596435726" lon="110.2785530872643">
        <ele>947.6</ele>
        <time>2026-08-24T18:54:57.000Z</time>
      </trkpt>
      <trkpt lat="44.837469197809696" lon="110.2791001740843">
        <ele>948.2</ele>
        <time>2026-08-24T18:55:13.000Z</time>
      </trkpt>
      <trkpt lat="44.83714641071856" lon="110.27954198420048">
        <ele>948.8</ele>
        <time>2026-08-24T18:55:30.000Z</time>
      </trkpt>
      <trkpt lat="44.83678188174963" lon="110.28001438826323">
        <ele>949.4</ele>
        <time>2026-08-24T18:55:46.000Z</time>
      </trkpt>
      <trkpt lat="44.83642280101776" lon="110.28047899715602">
        <ele>950.4</ele>
        <time>2026-08-24T18:56:02.000Z</time>
      </trkpt>
      <trkpt lat="44.836072688922286" lon="110.28090982697904">
        <ele>950.8</ele>
        <time>2026-08-24T18:56:18.000Z</time>
      </trkpt>
      <trkpt lat="44.83575476333499" lon="110.28127678669989">
        <ele>951.2</ele>
        <time>2026-08-24T18:56:34.000Z</time>
      </trkpt>
      <trkpt lat="44.83536081388593" lon="110.28171096928418">
        <ele>951.8</ele>
        <time>2026-08-24T18:56:50.000Z</time>
      </trkpt>
      <trkpt lat="44.834931660443544" lon="110.28216359205544">
        <ele>952.4</ele>
        <time>2026-08-24T18:57:06.000Z</time>
      </trkpt>
      <trkpt lat="44.834539806470275" lon="110.28256827034056">
        <ele>953</ele>
        <time>2026-08-24T18:57:22.000Z</time>
      </trkpt>
      <trkpt lat="44.834170918911695" lon="110.28292777016759">
        <ele>953.6</ele>
        <time>2026-08-24T18:57:38.000Z</time>
      </trkpt>
      <trkpt lat="44.83382608741522" lon="110.28323907405138">
        <ele>954</ele>
        <time>2026-08-24T18:57:55.000Z</time>
      </trkpt>
      <trkpt lat="44.83346231281757" lon="110.28356479480863">
        <ele>954.4</ele>
        <time>2026-08-24T18:58:11.000Z</time>
      </trkpt>
      <trkpt lat="44.8330120369792" lon="110.28396947309375">
        <ele>955.2</ele>
        <time>2026-08-24T18:58:27.000Z</time>
      </trkpt>
      <trkpt lat="44.8325817938894" lon="110.28435118496418">
        <ele>955.8</ele>
        <time>2026-08-24T18:58:43.000Z</time>
      </trkpt>
      <trkpt lat="44.83219463378191" lon="110.2846958488226">
        <ele>956.2</ele>
        <time>2026-08-24T18:58:59.000Z</time>
      </trkpt>
      <trkpt lat="44.83183060772717" lon="110.2850442007184">
        <ele>956.6</ele>
        <time>2026-08-24T18:59:15.000Z</time>
      </trkpt>
      <trkpt lat="44.831737065687776" lon="110.28515601530671">
        <ele>957</ele>
        <time>2026-08-24T19:00:44.000Z</time>
      </trkpt>
      <trkpt lat="44.83155601657927" lon="110.2852944843471">
        <ele>957.2</ele>
        <time>2026-08-24T19:00:56.000Z</time>
      </trkpt>
      <trkpt lat="44.83134068548679" lon="110.28546321205795">
        <ele>957.2</ele>
        <time>2026-08-24T19:01:07.000Z</time>
      </trkpt>
      <trkpt lat="44.83092117123306" lon="110.28583872132003">
        <ele>957.8</ele>
        <time>2026-08-24T19:01:23.000Z</time>
      </trkpt>
      <trkpt lat="44.830521773546934" lon="110.28619319200516">
        <ele>958.4</ele>
        <time>2026-08-24T19:01:39.000Z</time>
      </trkpt>
      <trkpt lat="44.83010083436966" lon="110.28657046146691">
        <ele>959</ele>
        <time>2026-08-24T19:01:55.000Z</time>
      </trkpt>
      <trkpt lat="44.82965919189155" lon="110.2869700267911">
        <ele>959.4</ele>
        <time>2026-08-24T19:02:11.000Z</time>
      </trkpt>
      <trkpt lat="44.82923121191561" lon="110.28735609725118">
        <ele>960.2</ele>
        <time>2026-08-24T19:02:27.000Z</time>
      </trkpt>
      <trkpt lat="44.828790575265884" lon="110.28775197453797">
        <ele>960.8</ele>
        <time>2026-08-24T19:02:44.000Z</time>
      </trkpt>
      <trkpt lat="44.82837407849729" lon="110.28812739998102">
        <ele>961.2</ele>
        <time>2026-08-24T19:03:00.000Z</time>
      </trkpt>
      <trkpt lat="44.82795347459614" lon="110.28849737718701">
        <ele>962</ele>
        <time>2026-08-24T19:03:16.000Z</time>
      </trkpt>
      <trkpt lat="44.82782087288797" lon="110.28861606493592">
        <ele>962.2</ele>
        <time>2026-08-24T19:03:26.000Z</time>
      </trkpt>
      <trkpt lat="44.8274617921561" lon="110.28893918730319">
        <ele>963</ele>
        <time>2026-08-24T19:05:07.000Z</time>
      </trkpt>
      <trkpt lat="44.82712073251605" lon="110.28924730606377">
        <ele>963.8</ele>
        <time>2026-08-24T19:05:23.000Z</time>
      </trkpt>
      <trkpt lat="44.826846309006214" lon="110.28947051614523">
        <ele>964.6</ele>
        <time>2026-08-24T19:05:39.000Z</time>
      </trkpt>
      <trkpt lat="44.82664120383561" lon="110.28965969569981">
        <ele>965.6</ele>
        <time>2026-08-24T19:05:55.000Z</time>
      </trkpt>
      <trkpt lat="44.82642352581024" lon="110.28985759243369">
        <ele>966.2</ele>
        <time>2026-08-24T19:06:11.000Z</time>
      </trkpt>
      <trkpt lat="44.826226299628615" lon="110.2900264877826">
        <ele>967</ele>
        <time>2026-08-24T19:06:27.000Z</time>
      </trkpt>
      <trkpt lat="44.826025469228625" lon="110.29024315997958">
        <ele>967.6</ele>
        <time>2026-08-24T19:06:43.000Z</time>
      </trkpt>
      <trkpt lat="44.82572455890477" lon="110.29047785326838">
        <ele>968.6</ele>
        <time>2026-08-24T19:06:59.000Z</time>
      </trkpt>
      <trkpt lat="44.825439574196935" lon="110.29073894955218">
        <ele>969.4</ele>
        <time>2026-08-24T19:07:15.000Z</time>
      </trkpt>
      <trkpt lat="44.82515919953585" lon="110.29102242551744">
        <ele>970.2</ele>
        <time>2026-08-24T19:07:32.000Z</time>
      </trkpt>
      <trkpt lat="44.8248852789402" lon="110.29134202748537">
        <ele>970.8</ele>
        <time>2026-08-24T19:07:48.000Z</time>
      </trkpt>
      <trkpt lat="44.824601635336876" lon="110.29167328029871">
        <ele>971.2</ele>
        <time>2026-08-24T19:08:04.000Z</time>
      </trkpt>
      <trkpt lat="44.82435311190784" lon="110.29203747399151">
        <ele>971.4</ele>
        <time>2026-08-24T19:08:20.000Z</time>
      </trkpt>
      <trkpt lat="44.82414557598531" lon="110.29238691553473">
        <ele>971.4</ele>
        <time>2026-08-24T19:08:36.000Z</time>
      </trkpt>
      <trkpt lat="44.82397525571287" lon="110.29270006343722">
        <ele>971.4</ele>
        <time>2026-08-24T19:08:52.000Z</time>
      </trkpt>
      <trkpt lat="44.82400819659233" lon="110.29297800734639">
        <ele>970.2</ele>
        <time>2026-08-24T19:11:59.000Z</time>
      </trkpt>
      <trkpt lat="44.824190670624375" lon="110.29323918744922">
        <ele>969.8</ele>
        <time>2026-08-24T19:12:16.000Z</time>
      </trkpt>
      <trkpt lat="44.8243604041636" lon="110.29359458014369">
        <ele>969.2</ele>
        <time>2026-08-24T19:12:32.000Z</time>
      </trkpt>
      <trkpt lat="44.824580596759915" lon="110.29388191178441">
        <ele>968.6</ele>
        <time>2026-08-24T19:12:48.000Z</time>
      </trkpt>
      <trkpt lat="44.824823001399636" lon="110.29400127008557">
        <ele>969</ele>
        <time>2026-08-24T19:13:04.000Z</time>
      </trkpt>
      <trkpt lat="44.824890894815326" lon="110.29422816820443">
        <ele>968.4</ele>
        <time>2026-08-24T19:13:17.000Z</time>
      </trkpt>
      <trkpt lat="44.82508711516857" lon="110.29443587176502">
        <ele>967.6</ele>
        <time>2026-08-24T19:13:33.000Z</time>
      </trkpt>
      <trkpt lat="44.82528341934085" lon="110.29449781402946">
        <ele>966.6</ele>
        <time>2026-08-24T19:13:48.000Z</time>
      </trkpt>
      <trkpt lat="44.825425911694765" lon="110.29448758810759">
        <ele>965.4</ele>
        <time>2026-08-24T19:14:01.000Z</time>
      </trkpt>
      <trkpt lat="44.82554543763399" lon="110.29431316070259">
        <ele>964.8</ele>
        <time>2026-08-24T19:14:27.000Z</time>
      </trkpt>
      <trkpt lat="44.825678458437324" lon="110.29434476047754">
        <ele>964.6</ele>
        <time>2026-08-24T19:14:47.000Z</time>
      </trkpt>
      <trkpt lat="44.82585271820426" lon="110.29427468776703">
        <ele>964.8</ele>
        <time>2026-08-24T19:15:10.000Z</time>
      </trkpt>
      <trkpt lat="44.825974088162184" lon="110.29416832141578">
        <ele>964.6</ele>
        <time>2026-08-24T19:15:26.000Z</time>
      </trkpt>
      <trkpt lat="44.82608003541827" lon="110.29404519125819">
        <ele>964.4</ele>
        <time>2026-08-24T19:15:42.000Z</time>
      </trkpt>
      <trkpt lat="44.82618849724531" lon="110.2939202170819">
        <ele>964.2</ele>
        <time>2026-08-24T19:15:58.000Z</time>
      </trkpt>
      <trkpt lat="44.82624650001526" lon="110.2937737852335">
        <ele>964</ele>
        <time>2026-08-24T19:16:13.000Z</time>
      </trkpt>
      <trkpt lat="44.82640106230974" lon="110.29369885101914">
        <ele>962</ele>
        <time>2026-08-24T19:27:11.000Z</time>
      </trkpt>
      <trkpt lat="44.826452024281025" lon="110.29366482049227">
        <ele>962</ele>
        <time>2026-08-24T19:27:19.000Z</time>
      </trkpt>
    </trkseg>
  </trk>
</gpx>