<?xml version="1.0" encoding="UTF-8"?>
<gpx creator="IGPSPORT" xmlns:xsi="http://www.w3.org/2001/XMLSchema-instance" schemaLocation="http://www.topografix.com/GPX/1/1 http://www.topografix.com/GPX/1/1/gpx.xsd" version="1.1" xmlns="http://www.topografix.com/GPX/1/1">
  <metadata>
    <time>2026-09-11T07:56:22.000Z</time>
    <link href="https://www.igpsport.cn/">
      <text>Велоспорт на свежем воздухе</text>
    </link>
  </metadata>
  <trk>
    <name>Велоспорт на свежем воздухе</name>
    <trkseg>
      <trkpt lat="43.98905027657747" lon="125.33272837288678">
        <ele>0</ele>
        <time>2026-09-11T07:56:22.000Z</time>
      </trkpt>
      <trkpt lat="43.98906201124191" lon="125.33262552693486">
        <ele>195.4</ele>
        <time>2026-09-11T08:04:10.000Z</time>
      </trkpt>
      <trkpt lat="43.98908447474241" lon="125.33255922608078">
        <ele>194.8</ele>
        <time>2026-09-11T08:04:14.000Z</time>
      </trkpt>
      <trkpt lat="43.989079194143414" lon="125.3323301486671">
        <ele>194</ele>
        <time>2026-09-11T08:04:29.000Z</time>
      </trkpt>
      <trkpt lat="43.989034770056605" lon="125.33233048394322">
        <ele>194</ele>
        <time>2026-09-11T08:04:33.000Z</time>
      </trkpt>
      <trkpt lat="43.9888970553875" lon="125.3324298094958">
        <ele>194</ele>
        <time>2026-09-11T08:04:49.000Z</time>
      </trkpt>
      <trkpt lat="43.98874911479652" lon="125.33250541426241">
        <ele>194.4</ele>
        <time>2026-09-11T08:05:06.000Z</time>
      </trkpt>
      <trkpt lat="43.988666804507375" lon="125.3325093537569">
        <ele>194</ele>
        <time>2026-09-11T08:05:16.000Z</time>
      </trkpt>
      <trkpt lat="43.98865381255746" lon="125.33264136873186">
        <ele>193.8</ele>
        <time>2026-09-11T08:05:30.000Z</time>
      </trkpt>
      <trkpt lat="43.98865129798651" lon="125.33270792104304">
        <ele>193.8</ele>
        <time>2026-09-11T08:05:32.000Z</time>
      </trkpt>
      <trkpt lat="43.98864643648267" lon="125.3327805083245">
        <ele>193.8</ele>
        <time>2026-09-11T08:05:34.000Z</time>
      </trkpt>
      <trkpt lat="43.988611567765474" lon="125.33305132761598">
        <ele>194</ele>
        <time>2026-09-11T08:05:42.000Z</time>
      </trkpt>
      <trkpt lat="43.98865247145295" lon="125.33336631953716">
        <ele>194.2</ele>
        <time>2026-09-11T08:05:53.000Z</time>
      </trkpt>
      <trkpt lat="43.98872799240053" lon="125.33379547297955">
        <ele>194.2</ele>
        <time>2026-09-11T08:06:06.000Z</time>
      </trkpt>
      <trkpt lat="43.988701505586505" lon="125.33421456813812">
        <ele>193.8</ele>
        <time>2026-09-11T08:06:21.000Z</time>
      </trkpt>
      <trkpt lat="43.988556917756796" lon="125.33411457203329">
        <ele>194.2</ele>
        <time>2026-09-11T08:06:30.000Z</time>
      </trkpt>
      <trkpt lat="43.988434709608555" lon="125.33433451317251">
        <ele>194.6</ele>
        <time>2026-09-11T08:06:41.000Z</time>
      </trkpt>
      <trkpt lat="43.988239327445626" lon="125.33468789421022">
        <ele>194.2</ele>
        <time>2026-09-11T08:06:58.000Z</time>
      </trkpt>
      <trkpt lat="43.98810228332877" lon="125.33503465354443">
        <ele>194.4</ele>
        <time>2026-09-11T08:07:14.000Z</time>
      </trkpt>
      <trkpt lat="43.98803933523595" lon="125.33547168597579">
        <ele>194.2</ele>
        <time>2026-09-11T08:07:31.000Z</time>
      </trkpt>
      <trkpt lat="43.988064816221595" lon="125.33573479391634">
        <ele>194.4</ele>
        <time>2026-09-11T08:07:41.000Z</time>
      </trkpt>
      <trkpt lat="43.9882648922503" lon="125.33578986302018">
        <ele>193.8</ele>
        <time>2026-09-11T08:07:52.000Z</time>
      </trkpt>
      <trkpt lat="43.98804302327335" lon="125.33615439198911">
        <ele>194.4</ele>
        <time>2026-09-11T08:08:06.000Z</time>
      </trkpt>
      <trkpt lat="43.987899189814925" lon="125.33658421598375">
        <ele>195</ele>
        <time>2026-09-11T08:08:19.000Z</time>
      </trkpt>
      <trkpt lat="43.98780656978488" lon="125.33702619373798">
        <ele>195.2</ele>
        <time>2026-09-11T08:08:35.000Z</time>
      </trkpt>
      <trkpt lat="43.98780162446201" lon="125.33737982623279">
        <ele>195.6</ele>
        <time>2026-09-11T08:08:50.000Z</time>
      </trkpt>
      <trkpt lat="43.987805312499404" lon="125.33742441795766">
        <ele>196</ele>
        <time>2026-09-11T08:08:52.000Z</time>
      </trkpt>
      <trkpt lat="43.9878142811358" lon="125.33746196888387">
        <ele>196.2</ele>
        <time>2026-09-11T08:08:54.000Z</time>
      </trkpt>
      <trkpt lat="43.98778762668371" lon="125.33764779567719">
        <ele>196.4</ele>
        <time>2026-09-11T08:09:03.000Z</time>
      </trkpt>
      <trkpt lat="43.9877881295979" lon="125.33797452226281">
        <ele>197.6</ele>
        <time>2026-09-11T08:09:19.000Z</time>
      </trkpt>
      <trkpt lat="43.987909499555826" lon="125.33808885142207">
        <ele>197.6</ele>
        <time>2026-09-11T08:10:55.000Z</time>
      </trkpt>
      <trkpt lat="43.98809197358787" lon="125.33826981671154">
        <ele>197.4</ele>
        <time>2026-09-11T08:11:05.000Z</time>
      </trkpt>
      <trkpt lat="43.98841509595513" lon="125.33857818692923">
        <ele>197.2</ele>
        <time>2026-09-11T08:11:18.000Z</time>
      </trkpt>
      <trkpt lat="43.98860980756581" lon="125.33874666318297">
        <ele>197</ele>
        <time>2026-09-11T08:11:26.000Z</time>
      </trkpt>
      <trkpt lat="43.98875833489001" lon="125.33889695070684">
        <ele>197</ele>
        <time>2026-09-11T08:11:30.000Z</time>
      </trkpt>
      <trkpt lat="43.98882010951638" lon="125.33895839005709">
        <ele>197</ele>
        <time>2026-09-11T08:11:32.000Z</time>
      </trkpt>
      <trkpt lat="43.988882806152105" lon="125.33901832066476">
        <ele>197</ele>
        <time>2026-09-11T08:11:34.000Z</time>
      </trkpt>
      <trkpt lat="43.9889470115304" lon="125.3390834480524">
        <ele>197</ele>
        <time>2026-09-11T08:11:36.000Z</time>
      </trkpt>
      <trkpt lat="43.98943559266627" lon="125.33957370556891">
        <ele>197.2</ele>
        <time>2026-09-11T08:11:52.000Z</time>
      </trkpt>
      <trkpt lat="43.989602560177445" lon="125.3397415112704">
        <ele>197.2</ele>
        <time>2026-09-11T08:11:57.000Z</time>
      </trkpt>
      <trkpt lat="43.98990883491933" lon="125.34004434943199">
        <ele>197.4</ele>
        <time>2026-09-11T08:12:07.000Z</time>
      </trkpt>
      <trkpt lat="43.99025592952967" lon="125.34038960002363">
        <ele>197.4</ele>
        <time>2026-09-11T08:12:17.000Z</time>
      </trkpt>
      <trkpt lat="43.99064468219876" lon="125.34078078344464">
        <ele>197</ele>
        <time>2026-09-11T08:12:29.000Z</time>
      </trkpt>
      <trkpt lat="43.99100803770125" lon="125.34111136570573">
        <ele>196.6</ele>
        <time>2026-09-11T08:12:41.000Z</time>
      </trkpt>
      <trkpt lat="43.99131489917636" lon="125.3415846079588">
        <ele>196.6</ele>
        <time>2026-09-11T08:12:54.000Z</time>
      </trkpt>
      <trkpt lat="43.99163592606783" lon="125.34204142168164">
        <ele>197</ele>
        <time>2026-09-11T08:13:06.000Z</time>
      </trkpt>
      <trkpt lat="43.99219742976129" lon="125.34255908802152">
        <ele>197</ele>
        <time>2026-09-11T08:13:22.000Z</time>
      </trkpt>
      <trkpt lat="43.99238711223006" lon="125.3427118062973">
        <ele>197.2</ele>
        <time>2026-09-11T08:13:27.000Z</time>
      </trkpt>
      <trkpt lat="43.99275977164507" lon="125.34311807714403">
        <ele>196.2</ele>
        <time>2026-09-11T08:13:39.000Z</time>
      </trkpt>
      <trkpt lat="43.99286203086376" lon="125.34324279986322">
        <ele>196</ele>
        <time>2026-09-11T08:13:42.000Z</time>
      </trkpt>
      <trkpt lat="43.99343451485038" lon="125.34362878650427">
        <ele>196</ele>
        <time>2026-09-11T08:13:54.000Z</time>
      </trkpt>
      <trkpt lat="43.99389526806772" lon="125.34384487196803">
        <ele>196</ele>
        <time>2026-09-11T08:14:04.000Z</time>
      </trkpt>
      <trkpt lat="43.994321236386895" lon="125.3440586104989">
        <ele>195.4</ele>
        <time>2026-09-11T08:14:13.000Z</time>
      </trkpt>
      <trkpt lat="43.99465567432344" lon="125.34421225078404">
        <ele>196</ele>
        <time>2026-09-11T08:14:20.000Z</time>
      </trkpt>
      <trkpt lat="43.994858767837286" lon="125.34431819804013">
        <ele>195.4</ele>
        <time>2026-09-11T08:14:24.000Z</time>
      </trkpt>
      <trkpt lat="43.9956368599087" lon="125.3447084594518">
        <ele>195.4</ele>
        <time>2026-09-11T08:14:41.000Z</time>
      </trkpt>
      <trkpt lat="43.996344627812505" lon="125.34508782438934">
        <ele>195.8</ele>
        <time>2026-09-11T08:14:57.000Z</time>
      </trkpt>
      <trkpt lat="43.99685173295438" lon="125.34540859982371">
        <ele>195.2</ele>
        <time>2026-09-11T08:15:10.000Z</time>
      </trkpt>
      <trkpt lat="43.99734408594668" lon="125.34576390869915">
        <ele>195.4</ele>
        <time>2026-09-11T08:15:23.000Z</time>
      </trkpt>
      <trkpt lat="43.99791330099106" lon="125.34617219120264">
        <ele>195</ele>
        <time>2026-09-11T08:15:38.000Z</time>
      </trkpt>
      <trkpt lat="43.99846617132425" lon="125.34664669074118">
        <ele>195.2</ele>
        <time>2026-09-11T08:15:54.000Z</time>
      </trkpt>
      <trkpt lat="43.998940670862794" lon="125.34701247699559">
        <ele>195.4</ele>
        <time>2026-09-11T08:16:07.000Z</time>
      </trkpt>
      <trkpt lat="43.999488512054086" lon="125.34746141172945">
        <ele>196.2</ele>
        <time>2026-09-11T08:16:22.000Z</time>
      </trkpt>
      <trkpt lat="44.000085555016994" lon="125.34793239086866">
        <ele>195.4</ele>
        <time>2026-09-11T08:16:38.000Z</time>
      </trkpt>
      <trkpt lat="44.00078703649342" lon="125.34847855567932">
        <ele>195</ele>
        <time>2026-09-11T08:16:55.000Z</time>
      </trkpt>
      <trkpt lat="44.00122155435383" lon="125.34881819039583">
        <ele>195</ele>
        <time>2026-09-11T08:17:05.000Z</time>
      </trkpt>
      <trkpt lat="44.001869559288025" lon="125.34932940267026">
        <ele>195</ele>
        <time>2026-09-11T08:17:21.000Z</time>
      </trkpt>
      <trkpt lat="44.00251479819417" lon="125.34984924830496">
        <ele>195.2</ele>
        <time>2026-09-11T08:17:37.000Z</time>
      </trkpt>
      <trkpt lat="44.00321510620415" lon="125.35038736648858">
        <ele>195</ele>
        <time>2026-09-11T08:17:53.000Z</time>
      </trkpt>
      <trkpt lat="44.00391072034836" lon="125.35092774778605">
        <ele>195</ele>
        <time>2026-09-11T08:18:09.000Z</time>
      </trkpt>
      <trkpt lat="44.00460205972195" lon="125.35145890899003">
        <ele>194.4</ele>
        <time>2026-09-11T08:18:25.000Z</time>
      </trkpt>
      <trkpt lat="44.0053022839129" lon="125.35200172103941">
        <ele>195</ele>
        <time>2026-09-11T08:18:41.000Z</time>
      </trkpt>
      <trkpt lat="44.005987755954266" lon="125.35239357501268">
        <ele>195.2</ele>
        <time>2026-09-11T08:18:57.000Z</time>
      </trkpt>
      <trkpt lat="44.00671010836959" lon="125.35268467850983">
        <ele>194.2</ele>
        <time>2026-09-11T08:19:14.000Z</time>
      </trkpt>
      <trkpt lat="44.00743271224201" lon="125.35290285944939">
        <ele>193.6</ele>
        <time>2026-09-11T08:19:30.000Z</time>
      </trkpt>
      <trkpt lat="44.00788499973714" lon="125.35297351889312">
        <ele>193.4</ele>
        <time>2026-09-11T08:19:41.000Z</time>
      </trkpt>
      <trkpt lat="44.008015003055334" lon="125.35319329239428">
        <ele>193.6</ele>
        <time>2026-09-11T08:19:47.000Z</time>
      </trkpt>
      <trkpt lat="44.00790050625801" lon="125.35365899093449">
        <ele>194</ele>
        <time>2026-09-11T08:19:58.000Z</time>
      </trkpt>
      <trkpt lat="44.00770847685635" lon="125.35431914962828">
        <ele>194.8</ele>
        <time>2026-09-11T08:20:14.000Z</time>
      </trkpt>
      <trkpt lat="44.007516615092754" lon="125.35508676432073">
        <ele>194</ele>
        <time>2026-09-11T08:20:30.000Z</time>
      </trkpt>
      <trkpt lat="44.0072138607502" lon="125.35613500513136">
        <ele>192.2</ele>
        <time>2026-09-11T08:20:47.000Z</time>
      </trkpt>
      <trkpt lat="44.007175555452704" lon="125.35628395155072">
        <ele>191.8</ele>
        <time>2026-09-11T08:20:49.000Z</time>
      </trkpt>
      <trkpt lat="44.007134065032005" lon="125.35643935203552">
        <ele>191.2</ele>
        <time>2026-09-11T08:20:51.000Z</time>
      </trkpt>
      <trkpt lat="44.007086623460054" lon="125.35660011693835">
        <ele>190.6</ele>
        <time>2026-09-11T08:20:53.000Z</time>
      </trkpt>
      <trkpt lat="44.00702677667141" lon="125.35676104947925">
        <ele>190.2</ele>
        <time>2026-09-11T08:20:55.000Z</time>
      </trkpt>
      <trkpt lat="44.00692602619529" lon="125.35709464922547">
        <ele>190.2</ele>
        <time>2026-09-11T08:20:58.000Z</time>
      </trkpt>
      <trkpt lat="44.0068665985018" lon="125.357302185148">
        <ele>189.8</ele>
        <time>2026-09-11T08:21:00.000Z</time>
      </trkpt>
      <trkpt lat="44.006811026483774" lon="125.35749019123614">
        <ele>189.4</ele>
        <time>2026-09-11T08:21:02.000Z</time>
      </trkpt>
      <trkpt lat="44.00675511918962" lon="125.3576766885817">
        <ele>189.2</ele>
        <time>2026-09-11T08:21:04.000Z</time>
      </trkpt>
      <trkpt lat="44.006689824163914" lon="125.35786209627986">
        <ele>188.8</ele>
        <time>2026-09-11T08:21:06.000Z</time>
      </trkpt>
      <trkpt lat="44.00642478838563" lon="125.35881671123207">
        <ele>188.6</ele>
        <time>2026-09-11T08:21:16.000Z</time>
      </trkpt>
      <trkpt lat="44.00616302154958" lon="125.35972799174488">
        <ele>190.6</ele>
        <time>2026-09-11T08:21:32.000Z</time>
      </trkpt>
      <trkpt lat="44.005978871136904" lon="125.36036845296621">
        <ele>192.2</ele>
        <time>2026-09-11T08:21:49.000Z</time>
      </trkpt>
      <trkpt lat="44.005806455388665" lon="125.36098326556385">
        <ele>193.6</ele>
        <time>2026-09-11T08:22:05.000Z</time>
      </trkpt>
      <trkpt lat="44.00566438212991" lon="125.36156262271106">
        <ele>194.8</ele>
        <time>2026-09-11T08:22:21.000Z</time>
      </trkpt>
      <trkpt lat="44.005544101819396" lon="125.36210929043591">
        <ele>195.4</ele>
        <time>2026-09-11T08:22:37.000Z</time>
      </trkpt>
      <trkpt lat="44.00545885786414" lon="125.36265386268497">
        <ele>196.6</ele>
        <time>2026-09-11T08:22:53.000Z</time>
      </trkpt>
      <trkpt lat="44.0053384937346" lon="125.36305166780949">
        <ele>196.8</ele>
        <time>2026-09-11T08:23:03.000Z</time>
      </trkpt>
      <trkpt lat="44.00499961338937" lon="125.36305384710431">
        <ele>195.2</ele>
        <time>2026-09-11T08:23:13.000Z</time>
      </trkpt>
      <trkpt lat="44.00422001257539" lon="125.36306021735072">
        <ele>194.4</ele>
        <time>2026-09-11T08:23:29.000Z</time>
      </trkpt>
      <trkpt lat="44.003448877483606" lon="125.36304605193436">
        <ele>193.8</ele>
        <time>2026-09-11T08:23:45.000Z</time>
      </trkpt>
      <trkpt lat="44.002791065722704" lon="125.36304948851466">
        <ele>194.4</ele>
        <time>2026-09-11T08:24:02.000Z</time>
      </trkpt>
      <trkpt lat="44.00215186178684" lon="125.36304336972535">
        <ele>194.8</ele>
        <time>2026-09-11T08:24:18.000Z</time>
      </trkpt>
      <trkpt lat="44.00148809887469" lon="125.36303582601249">
        <ele>194.8</ele>
        <time>2026-09-11T08:24:33.000Z</time>
      </trkpt>
      <trkpt lat="44.00078318081796" lon="125.36303867585957">
        <ele>194.8</ele>
        <time>2026-09-11T08:24:49.000Z</time>
      </trkpt>
      <trkpt lat="44.00013257749379" lon="125.36304387263954">
        <ele>194.4</ele>
        <time>2026-09-11T08:25:05.000Z</time>
      </trkpt>
      <trkpt lat="43.99956285953522" lon="125.36305217072368">
        <ele>194.2</ele>
        <time>2026-09-11T08:25:21.000Z</time>
      </trkpt>
      <trkpt lat="43.99910009466112" lon="125.3630458842963">
        <ele>194.6</ele>
        <time>2026-09-11T08:25:36.000Z</time>
      </trkpt>
      <trkpt lat="43.998519480228424" lon="125.36304865032434">
        <ele>194.6</ele>
        <time>2026-09-11T08:25:52.000Z</time>
      </trkpt>
      <trkpt lat="43.997961077839136" lon="125.36305535584688">
        <ele>194.2</ele>
        <time>2026-09-11T08:26:08.000Z</time>
      </trkpt>
      <trkpt lat="43.997389767318964" lon="125.36304051987827">
        <ele>193.6</ele>
        <time>2026-09-11T08:26:25.000Z</time>
      </trkpt>
      <trkpt lat="43.9968042075634" lon="125.36304546520114">
        <ele>194</ele>
        <time>2026-09-11T08:26:41.000Z</time>
      </trkpt>
      <trkpt lat="43.99625787511468" lon="125.36303867585957">
        <ele>194</ele>
        <time>2026-09-11T08:26:57.000Z</time>
      </trkpt>
      <trkpt lat="43.99569301865995" lon="125.36304177716374">
        <ele>194</ele>
        <time>2026-09-11T08:27:13.000Z</time>
      </trkpt>
      <trkpt lat="43.995098154991865" lon="125.36304228007793">
        <ele>194</ele>
        <time>2026-09-11T08:27:29.000Z</time>
      </trkpt>
      <trkpt lat="43.99449390359223" lon="125.36304538138211">
        <ele>194.2</ele>
        <time>2026-09-11T08:27:45.000Z</time>
      </trkpt>
      <trkpt lat="43.99388110265136" lon="125.36304890178144">
        <ele>193.4</ele>
        <time>2026-09-11T08:28:01.000Z</time>
      </trkpt>
      <trkpt lat="43.99328640662134" lon="125.36305678077042">
        <ele>193.4</ele>
        <time>2026-09-11T08:28:17.000Z</time>
      </trkpt>
      <trkpt lat="43.992894468829036" lon="125.36310388706625">
        <ele>192.8</ele>
        <time>2026-09-11T08:28:33.000Z</time>
      </trkpt>
      <trkpt lat="43.99242751300335" lon="125.36318871192634">
        <ele>192.4</ele>
        <time>2026-09-11T08:28:50.000Z</time>
      </trkpt>
      <trkpt lat="43.99191311560571" lon="125.36332131363451">
        <ele>192</ele>
        <time>2026-09-11T08:29:06.000Z</time>
      </trkpt>
      <trkpt lat="43.991472059860826" lon="125.36346171051264">
        <ele>192.6</ele>
        <time>2026-09-11T08:29:22.000Z</time>
      </trkpt>
      <trkpt lat="43.99128958582878" lon="125.36353312432766">
        <ele>192.6</ele>
        <time>2026-09-11T08:29:35.000Z</time>
      </trkpt>
      <trkpt lat="43.99107903242111" lon="125.36362566053867">
        <ele>193</ele>
        <time>2026-09-11T08:29:56.000Z</time>
      </trkpt>
      <trkpt lat="43.990865210071206" lon="125.36369229666889">
        <ele>193</ele>
        <time>2026-09-11T08:30:12.000Z</time>
      </trkpt>
      <trkpt lat="43.99067921563983" lon="125.3635757882148">
        <ele>193.2</ele>
        <time>2026-09-11T08:30:24.000Z</time>
      </trkpt>
      <trkpt lat="43.99059941992164" lon="125.36311101168394">
        <ele>192.8</ele>
        <time>2026-09-11T08:30:40.000Z</time>
      </trkpt>
      <trkpt lat="43.99064099416137" lon="125.36268571391702">
        <ele>193</ele>
        <time>2026-09-11T08:30:56.000Z</time>
      </trkpt>
      <trkpt lat="43.99061576463282" lon="125.3622860647738">
        <ele>193</ele>
        <time>2026-09-11T08:31:12.000Z</time>
      </trkpt>
      <trkpt lat="43.99051912128925" lon="125.36215648055077">
        <ele>193.2</ele>
        <time>2026-09-11T08:31:20.000Z</time>
      </trkpt>
      <trkpt lat="43.990502608940005" lon="125.36208188161254">
        <ele>193</ele>
        <time>2026-09-11T08:31:52.000Z</time>
      </trkpt>
      <trkpt lat="43.99054326117039" lon="125.36178876645863">
        <ele>192.8</ele>
        <time>2026-09-11T08:32:04.000Z</time>
      </trkpt>
      <trkpt lat="43.990553906187415" lon="125.36149632185698">
        <ele>193</ele>
        <time>2026-09-11T08:32:15.000Z</time>
      </trkpt>
      <trkpt lat="43.99076127447188" lon="125.36135047674179">
        <ele>193.2</ele>
        <time>2026-09-11T08:32:30.000Z</time>
      </trkpt>
      <trkpt lat="43.990873508155346" lon="125.36130068823695">
        <ele>192.8</ele>
        <time>2026-09-11T08:32:41.000Z</time>
      </trkpt>
      <trkpt lat="43.99093486368656" lon="125.36124754697084">
        <ele>192.8</ele>
        <time>2026-09-11T08:32:48.000Z</time>
      </trkpt>
      <trkpt lat="43.99079010821879" lon="125.3611551783979">
        <ele>192.6</ele>
        <time>2026-09-11T08:32:54.000Z</time>
      </trkpt>
      <trkpt lat="43.99065046571195" lon="125.36092786118388">
        <ele>192.6</ele>
        <time>2026-09-11T08:33:05.000Z</time>
      </trkpt>
      <trkpt lat="43.99066647514701" lon="125.36045000888407">
        <ele>192.8</ele>
        <time>2026-09-11T08:33:21.000Z</time>
      </trkpt>
      <trkpt lat="43.99068013764918" lon="125.35987609997392">
        <ele>193</ele>
        <time>2026-09-11T08:33:38.000Z</time>
      </trkpt>
      <trkpt lat="43.99067108519375" lon="125.3592845890671">
        <ele>193</ele>
        <time>2026-09-11T08:33:54.000Z</time>
      </trkpt>
      <trkpt lat="43.990666726604104" lon="125.35864152945578">
        <ele>193</ele>
        <time>2026-09-11T08:34:10.000Z</time>
      </trkpt>
      <trkpt lat="43.9905927143991" lon="125.35818169824779">
        <ele>192.8</ele>
        <time>2026-09-11T08:34:26.000Z</time>
      </trkpt>
      <trkpt lat="43.99060788564384" lon="125.35795572213829">
        <ele>193</ele>
        <time>2026-09-11T08:34:54.000Z</time>
      </trkpt>
      <trkpt lat="43.990535885095596" lon="125.35785170271993">
        <ele>192.8</ele>
        <time>2026-09-11T08:35:02.000Z</time>
      </trkpt>
      <trkpt lat="43.99056647904217" lon="125.35777215845883">
        <ele>192.8</ele>
        <time>2026-09-11T08:35:07.000Z</time>
      </trkpt>
      <trkpt lat="43.99067737162113" lon="125.35807692445815">
        <ele>192.8</ele>
        <time>2026-09-11T08:35:16.000Z</time>
      </trkpt>
      <trkpt lat="43.990665301680565" lon="125.35843382589519">
        <ele>192.4</ele>
        <time>2026-09-11T08:35:23.000Z</time>
      </trkpt>
      <trkpt lat="43.99044167250395" lon="125.35844380035996">
        <ele>192</ele>
        <time>2026-09-11T08:35:29.000Z</time>
      </trkpt>
      <trkpt lat="43.99029272608459" lon="125.35861856304109">
        <ele>191.6</ele>
        <time>2026-09-11T08:35:35.000Z</time>
      </trkpt>
      <trkpt lat="43.99011762812734" lon="125.3590945713222">
        <ele>191.6</ele>
        <time>2026-09-11T08:35:47.000Z</time>
      </trkpt>
      <trkpt lat="43.98970406502485" lon="125.35927285440266">
        <ele>191.2</ele>
        <time>2026-09-11T08:36:00.000Z</time>
      </trkpt>
      <trkpt lat="43.98961412720382" lon="125.35947058349848">
        <ele>191</ele>
        <time>2026-09-11T08:36:06.000Z</time>
      </trkpt>
      <trkpt lat="43.9895184058696" lon="125.3599307499826">
        <ele>190.2</ele>
        <time>2026-09-11T08:36:18.000Z</time>
      </trkpt>
      <trkpt lat="43.9893304836005" lon="125.36027834750712">
        <ele>190.4</ele>
        <time>2026-09-11T08:36:29.000Z</time>
      </trkpt>
      <trkpt lat="43.98936979472637" lon="125.36058638244867">
        <ele>191.4</ele>
        <time>2026-09-11T08:36:43.000Z</time>
      </trkpt>
      <trkpt lat="43.98939913138747" lon="125.36069258116186">
        <ele>191.6</ele>
        <time>2026-09-11T08:37:09.000Z</time>
      </trkpt>
      <trkpt lat="43.98965100757778" lon="125.36068545654416">
        <ele>192.6</ele>
        <time>2026-09-11T08:37:21.000Z</time>
      </trkpt>
      <trkpt lat="43.989925095811486" lon="125.36081529222429">
        <ele>192.8</ele>
        <time>2026-09-11T08:37:36.000Z</time>
      </trkpt>
      <trkpt lat="43.990234388038516" lon="125.36088796332479">
        <ele>192.8</ele>
        <time>2026-09-11T08:37:50.000Z</time>
      </trkpt>
      <trkpt lat="43.9902782253921" lon="125.36122877150774">
        <ele>193</ele>
        <time>2026-09-11T08:38:00.000Z</time>
      </trkpt>
      <trkpt lat="43.990114610642195" lon="125.36161274649203">
        <ele>192.8</ele>
        <time>2026-09-11T08:38:12.000Z</time>
      </trkpt>
      <trkpt lat="43.99015459232032" lon="125.36188046447933">
        <ele>192.8</ele>
        <time>2026-09-11T08:38:21.000Z</time>
      </trkpt>
      <trkpt lat="43.990277806296945" lon="125.36219570785761">
        <ele>192.4</ele>
        <time>2026-09-11T08:38:32.000Z</time>
      </trkpt>
      <trkpt lat="43.990052081644535" lon="125.36264782771468">
        <ele>192.2</ele>
        <time>2026-09-11T08:38:45.000Z</time>
      </trkpt>
      <trkpt lat="43.99008460342884" lon="125.36295862868428">
        <ele>192.6</ele>
        <time>2026-09-11T08:38:53.000Z</time>
      </trkpt>
      <trkpt lat="43.990150820463896" lon="125.36310807801783">
        <ele>192.6</ele>
        <time>2026-09-11T08:39:00.000Z</time>
      </trkpt>
      <trkpt lat="43.99009156040847" lon="125.36297371610999">
        <ele>192.6</ele>
        <time>2026-09-11T08:39:07.000Z</time>
      </trkpt>
      <trkpt lat="43.99003867059946" lon="125.36260298453271">
        <ele>192.6</ele>
        <time>2026-09-11T08:40:15.000Z</time>
      </trkpt>
      <trkpt lat="43.99021879769862" lon="125.36238731816411">
        <ele>192.4</ele>
        <time>2026-09-11T08:40:26.000Z</time>
      </trkpt>
      <trkpt lat="43.990302197635174" lon="125.36209495738149">
        <ele>192.6</ele>
        <time>2026-09-11T08:40:38.000Z</time>
      </trkpt>
      <trkpt lat="43.990559773519635" lon="125.36214692518115">
        <ele>192.4</ele>
        <time>2026-09-11T08:41:00.000Z</time>
      </trkpt>
      <trkpt lat="43.99064945988357" lon="125.36246845498681">
        <ele>192.6</ele>
        <time>2026-09-11T08:41:13.000Z</time>
      </trkpt>
      <trkpt lat="43.9906410779804" lon="125.36291009746492">
        <ele>192.6</ele>
        <time>2026-09-11T08:41:29.000Z</time>
      </trkpt>
      <trkpt lat="43.990742079913616" lon="125.3631048090756">
        <ele>192.6</ele>
        <time>2026-09-11T08:41:38.000Z</time>
      </trkpt>
      <trkpt lat="43.990665804594755" lon="125.36315727978945">
        <ele>192.2</ele>
        <time>2026-09-11T08:41:43.000Z</time>
      </trkpt>
      <trkpt lat="43.9905979949981" lon="125.36318033002317">
        <ele>192.4</ele>
        <time>2026-09-11T08:42:17.000Z</time>
      </trkpt>
      <trkpt lat="43.99064736440778" lon="125.36345701664686">
        <ele>192.2</ele>
        <time>2026-09-11T08:42:27.000Z</time>
      </trkpt>
      <trkpt lat="43.990855822339654" lon="125.36362155340612">
        <ele>192.4</ele>
        <time>2026-09-11T08:42:42.000Z</time>
      </trkpt>
      <trkpt lat="43.99090368300676" lon="125.36371786147356">
        <ele>192.4</ele>
        <time>2026-09-11T08:45:24.000Z</time>
      </trkpt>
      <trkpt lat="43.99066949263215" lon="125.36382045596838">
        <ele>192</ele>
        <time>2026-09-11T08:45:38.000Z</time>
      </trkpt>
      <trkpt lat="43.99055365473032" lon="125.3640332724899">
        <ele>192.4</ele>
        <time>2026-09-11T08:45:46.000Z</time>
      </trkpt>
      <trkpt lat="43.990468326956034" lon="125.3643890004605">
        <ele>192.4</ele>
        <time>2026-09-11T08:45:55.000Z</time>
      </trkpt>
      <trkpt lat="43.9905150141567" lon="125.36497112363577">
        <ele>192.4</ele>
        <time>2026-09-11T08:46:08.000Z</time>
      </trkpt>
      <trkpt lat="43.990515265613794" lon="125.3657912928611">
        <ele>192.6</ele>
        <time>2026-09-11T08:46:24.000Z</time>
      </trkpt>
      <trkpt lat="43.99058491922915" lon="125.36623838357627">
        <ele>192.8</ele>
        <time>2026-09-11T08:46:36.000Z</time>
      </trkpt>
      <trkpt lat="43.990551391616464" lon="125.36704539321363">
        <ele>193.2</ele>
        <time>2026-09-11T08:46:51.000Z</time>
      </trkpt>
      <trkpt lat="43.99050076492131" lon="125.36787956021726">
        <ele>193.4</ele>
        <time>2026-09-11T08:47:07.000Z</time>
      </trkpt>
      <trkpt lat="43.99047402665019" lon="125.36867148242891">
        <ele>193.8</ele>
        <time>2026-09-11T08:47:22.000Z</time>
      </trkpt>
      <trkpt lat="43.99043681100011" lon="125.36920767277479">
        <ele>193.2</ele>
        <time>2026-09-11T08:50:14.000Z</time>
      </trkpt>
      <trkpt lat="43.990498166531324" lon="125.3700948972255">
        <ele>192.6</ele>
        <time>2026-09-11T08:50:29.000Z</time>
      </trkpt>
      <trkpt lat="43.99050093255937" lon="125.37118739448488">
        <ele>190.8</ele>
        <time>2026-09-11T08:50:45.000Z</time>
      </trkpt>
      <trkpt lat="43.99049741216004" lon="125.37222566083074">
        <ele>191</ele>
        <time>2026-09-11T08:51:01.000Z</time>
      </trkpt>
      <trkpt lat="43.99049850180745" lon="125.3731793537736">
        <ele>191.8</ele>
        <time>2026-09-11T08:51:17.000Z</time>
      </trkpt>
      <trkpt lat="43.9904872700572" lon="125.37346408702433">
        <ele>191.4</ele>
        <time>2026-09-11T08:52:18.000Z</time>
      </trkpt>
      <trkpt lat="43.99042113684118" lon="125.37363926880062">
        <ele>191.4</ele>
        <time>2026-09-11T08:52:26.000Z</time>
      </trkpt>
      <trkpt lat="43.99041728116572" lon="125.37412759847939">
        <ele>191.8</ele>
        <time>2026-09-11T08:52:43.000Z</time>
      </trkpt>
      <trkpt lat="43.99042180739343" lon="125.3748385515064">
        <ele>192</ele>
        <time>2026-09-11T08:52:59.000Z</time>
      </trkpt>
      <trkpt lat="43.990408312529325" lon="125.37558470852673">
        <ele>191.8</ele>
        <time>2026-09-11T08:53:15.000Z</time>
      </trkpt>
      <trkpt lat="43.99039012379944" lon="125.37636497989297">
        <ele>191.4</ele>
        <time>2026-09-11T08:53:31.000Z</time>
      </trkpt>
      <trkpt lat="43.99038903415203" lon="125.37715648300946">
        <ele>191.4</ele>
        <time>2026-09-11T08:53:47.000Z</time>
      </trkpt>
      <trkpt lat="43.99031577631831" lon="125.37746359594166">
        <ele>191.6</ele>
        <time>2026-09-11T08:53:59.000Z</time>
      </trkpt>
      <trkpt lat="43.99038769304752" lon="125.37764539942145">
        <ele>191.2</ele>
        <time>2026-09-11T08:54:15.000Z</time>
      </trkpt>
      <trkpt lat="43.99070947431028" lon="125.37762025371194">
        <ele>190.8</ele>
        <time>2026-09-11T08:54:54.000Z</time>
      </trkpt>
      <trkpt lat="43.990763034671545" lon="125.37797355093062">
        <ele>190.8</ele>
        <time>2026-09-11T08:55:10.000Z</time>
      </trkpt>
      <trkpt lat="43.99077828973532" lon="125.37822316400707">
        <ele>191.2</ele>
        <time>2026-09-11T08:56:05.000Z</time>
      </trkpt>
      <trkpt lat="43.99095665663481" lon="125.37846732884645">
        <ele>191</ele>
        <time>2026-09-11T08:56:11.000Z</time>
      </trkpt>
      <trkpt lat="43.9915977884084" lon="125.37846439518034">
        <ele>191</ele>
        <time>2026-09-11T08:56:24.000Z</time>
      </trkpt>
      <trkpt lat="43.992313016206026" lon="125.37847252562642">
        <ele>190.4</ele>
        <time>2026-09-11T08:56:40.000Z</time>
      </trkpt>
      <trkpt lat="43.99303830228746" lon="125.3785147704184">
        <ele>190.8</ele>
        <time>2026-09-11T08:56:56.000Z</time>
      </trkpt>
      <trkpt lat="43.99360961280763" lon="125.37871501408517">
        <ele>191</ele>
        <time>2026-09-11T08:57:10.000Z</time>
      </trkpt>
      <trkpt lat="43.99400549009442" lon="125.3788710013032">
        <ele>191</ele>
        <time>2026-09-11T08:57:21.000Z</time>
      </trkpt>
      <trkpt lat="43.994696913287044" lon="125.37884962745011">
        <ele>191.4</ele>
        <time>2026-09-11T08:57:37.000Z</time>
      </trkpt>
      <trkpt lat="43.99536285549402" lon="125.37885767407715">
        <ele>191.4</ele>
        <time>2026-09-11T08:57:53.000Z</time>
      </trkpt>
      <trkpt lat="43.99601396173239" lon="125.37885532714427">
        <ele>191.6</ele>
        <time>2026-09-11T08:58:09.000Z</time>
      </trkpt>
      <trkpt lat="43.99663891643286" lon="125.37886815145612">
        <ele>191.4</ele>
        <time>2026-09-11T08:58:25.000Z</time>
      </trkpt>
      <trkpt lat="43.99731148034334" lon="125.37887427024543">
        <ele>191.8</ele>
        <time>2026-09-11T08:58:41.000Z</time>
      </trkpt>
      <trkpt lat="43.9980024844408" lon="125.37885918281972">
        <ele>191.8</ele>
        <time>2026-09-11T08:58:57.000Z</time>
      </trkpt>
      <trkpt lat="43.998668594285846" lon="125.37885054945946">
        <ele>192.2</ele>
        <time>2026-09-11T08:59:12.000Z</time>
      </trkpt>
      <trkpt lat="43.99934601970017" lon="125.3788675647229">
        <ele>192.2</ele>
        <time>2026-09-11T08:59:28.000Z</time>
      </trkpt>
      <trkpt lat="44.00003417395055" lon="125.37886982783675">
        <ele>191.8</ele>
        <time>2026-09-11T08:59:45.000Z</time>
      </trkpt>
      <trkpt lat="44.00072107091546" lon="125.37886446341872">
        <ele>191.8</ele>
        <time>2026-09-11T09:00:01.000Z</time>
      </trkpt>
      <trkpt lat="44.00135189294815" lon="125.37887007929385">
        <ele>191.6</ele>
        <time>2026-09-11T09:00:17.000Z</time>
      </trkpt>
      <trkpt lat="44.00197148323059" lon="125.37886379286647">
        <ele>192</ele>
        <time>2026-09-11T09:00:33.000Z</time>
      </trkpt>
      <trkpt lat="44.002599036321044" lon="125.37885432131588">
        <ele>192</ele>
        <time>2026-09-11T09:00:49.000Z</time>
      </trkpt>
      <trkpt lat="44.00322566740215" lon="125.37889027968049">
        <ele>191.8</ele>
        <time>2026-09-11T09:01:05.000Z</time>
      </trkpt>
      <trkpt lat="44.00386000983417" lon="125.37888231687248">
        <ele>191.4</ele>
        <time>2026-09-11T09:01:21.000Z</time>
      </trkpt>
      <trkpt lat="44.004411958158016" lon="125.37892682477832">
        <ele>191.4</ele>
        <time>2026-09-11T09:01:37.000Z</time>
      </trkpt>
      <trkpt lat="44.00491780601442" lon="125.378976194188">
        <ele>191.6</ele>
        <time>2026-09-11T09:01:53.000Z</time>
      </trkpt>
      <trkpt lat="44.005152164027095" lon="125.37911248393357">
        <ele>192</ele>
        <time>2026-09-11T09:02:04.000Z</time>
      </trkpt>
      <trkpt lat="44.005421390756965" lon="125.37907786667347">
        <ele>192.4</ele>
        <time>2026-09-11T09:02:15.000Z</time>
      </trkpt>
      <trkpt lat="44.005561619997025" lon="125.3791680559516">
        <ele>192</ele>
        <time>2026-09-11T09:02:21.000Z</time>
      </trkpt>
      <trkpt lat="44.00563563220203" lon="125.37921449169517">
        <ele>191.8</ele>
        <time>2026-09-11T09:02:25.000Z</time>
      </trkpt>
      <trkpt lat="44.00594391860068" lon="125.37908188998699">
        <ele>192.4</ele>
        <time>2026-09-11T09:02:34.000Z</time>
      </trkpt>
      <trkpt lat="44.00655621662736" lon="125.37919010035694">
        <ele>192.2</ele>
        <time>2026-09-11T09:02:50.000Z</time>
      </trkpt>
      <trkpt lat="44.00725057348609" lon="125.37936016917229">
        <ele>192.4</ele>
        <time>2026-09-11T09:03:06.000Z</time>
      </trkpt>
      <trkpt lat="44.008026318624616" lon="125.37958765402436">
        <ele>192</ele>
        <time>2026-09-11T09:03:22.000Z</time>
      </trkpt>
      <trkpt lat="44.008773900568485" lon="125.37982536479831">
        <ele>191.6</ele>
        <time>2026-09-11T09:03:38.000Z</time>
      </trkpt>
      <trkpt lat="44.009485859423876" lon="125.38010138086975">
        <ele>191.4</ele>
        <time>2026-09-11T09:03:54.000Z</time>
      </trkpt>
      <trkpt lat="44.01008709333837" lon="125.38036046549678">
        <ele>191.8</ele>
        <time>2026-09-11T09:04:10.000Z</time>
      </trkpt>
      <trkpt lat="44.010182563215494" lon="125.38037806749344">
        <ele>191.2</ele>
        <time>2026-09-11T09:05:16.000Z</time>
      </trkpt>
      <trkpt lat="44.00997041724622" lon="125.38025921210647">
        <ele>191.4</ele>
        <time>2026-09-11T09:05:25.000Z</time>
      </trkpt>
      <trkpt lat="44.009919287636876" lon="125.38006240502">
        <ele>191.6</ele>
        <time>2026-09-11T09:05:41.000Z</time>
      </trkpt>
      <trkpt lat="44.00983706116676" lon="125.37990842945874">
        <ele>192</ele>
        <time>2026-09-11T09:05:54.000Z</time>
      </trkpt>
      <trkpt lat="44.010185580700636" lon="125.38000515662134">
        <ele>192.6</ele>
        <time>2026-09-11T09:06:17.000Z</time>
      </trkpt>
      <trkpt lat="44.01076317764819" lon="125.38028117269278">
        <ele>193.8</ele>
        <time>2026-09-11T09:06:33.000Z</time>
      </trkpt>
      <trkpt lat="44.01126651093364" lon="125.38053338415921">
        <ele>195.4</ele>
        <time>2026-09-11T09:06:50.000Z</time>
      </trkpt>
      <trkpt lat="44.01174981147051" lon="125.38079682737589">
        <ele>197</ele>
        <time>2026-09-11T09:07:06.000Z</time>
      </trkpt>
      <trkpt lat="44.01219313032925" lon="125.38106177933514">
        <ele>198.6</ele>
        <time>2026-09-11T09:07:22.000Z</time>
      </trkpt>
      <trkpt lat="44.01266075670719" lon="125.3813436627388">
        <ele>199.8</ele>
        <time>2026-09-11T09:07:38.000Z</time>
      </trkpt>
      <trkpt lat="44.01316040195525" lon="125.38166594691575">
        <ele>200.4</ele>
        <time>2026-09-11T09:07:54.000Z</time>
      </trkpt>
      <trkpt lat="44.01371067389846" lon="125.38204782642424">
        <ele>200.2</ele>
        <time>2026-09-11T09:08:10.000Z</time>
      </trkpt>
      <trkpt lat="44.014423387125134" lon="125.38254847750068">
        <ele>199.2</ele>
        <time>2026-09-11T09:08:26.000Z</time>
      </trkpt>
      <trkpt lat="44.01539853774011" lon="125.38326839916408">
        <ele>196.4</ele>
        <time>2026-09-11T09:08:42.000Z</time>
      </trkpt>
      <trkpt lat="44.016378382220864" lon="125.38398672826588">
        <ele>194.2</ele>
        <time>2026-09-11T09:08:55.000Z</time>
      </trkpt>
      <trkpt lat="44.017363004386425" lon="125.38469885475934">
        <ele>193.2</ele>
        <time>2026-09-11T09:09:12.000Z</time>
      </trkpt>
      <trkpt lat="44.01820211671293" lon="125.385308470577">
        <ele>193.2</ele>
        <time>2026-09-11T09:09:28.000Z</time>
      </trkpt>
      <trkpt lat="44.01896269060671" lon="125.38585547357798">
        <ele>193.4</ele>
        <time>2026-09-11T09:09:44.000Z</time>
      </trkpt>
      <trkpt lat="44.01964657008648" lon="125.38635017350316">
        <ele>193.4</ele>
        <time>2026-09-11T09:10:00.000Z</time>
      </trkpt>
      <trkpt lat="44.020329024642706" lon="125.38684671744704">
        <ele>193.8</ele>
        <time>2026-09-11T09:10:16.000Z</time>
      </trkpt>
      <trkpt lat="44.02099513448775" lon="125.38735122419894">
        <ele>193.8</ele>
        <time>2026-09-11T09:10:32.000Z</time>
      </trkpt>
      <trkpt lat="44.02160173282027" lon="125.38779957219958">
        <ele>194.2</ele>
        <time>2026-09-11T09:10:47.000Z</time>
      </trkpt>
      <trkpt lat="44.022071873769164" lon="125.38820215500891">
        <ele>194.2</ele>
        <time>2026-09-11T09:10:59.000Z</time>
      </trkpt>
      <trkpt lat="44.02278517372906" lon="125.3886997886002">
        <ele>194.4</ele>
        <time>2026-09-11T09:11:15.000Z</time>
      </trkpt>
      <trkpt lat="44.023381881415844" lon="125.38910035975277">
        <ele>194.6</ele>
        <time>2026-09-11T09:11:31.000Z</time>
      </trkpt>
      <trkpt lat="44.02396257966757" lon="125.38951610215008">
        <ele>195</ele>
        <time>2026-09-11T09:11:48.000Z</time>
      </trkpt>
      <trkpt lat="44.02443565428257" lon="125.38987166248262">
        <ele>195.2</ele>
        <time>2026-09-11T09:12:04.000Z</time>
      </trkpt>
      <trkpt lat="44.02462961152196" lon="125.39006318897009">
        <ele>195.4</ele>
        <time>2026-09-11T09:12:16.000Z</time>
      </trkpt>
      <trkpt lat="44.02498433366418" lon="125.39030517451465">
        <ele>195.8</ele>
        <time>2026-09-11T09:12:56.000Z</time>
      </trkpt>
      <trkpt lat="44.02547341771424" lon="125.39080305956304">
        <ele>196.4</ele>
        <time>2026-09-11T09:13:12.000Z</time>
      </trkpt>
      <trkpt lat="44.02576276101172" lon="125.39124520495534">
        <ele>197</ele>
        <time>2026-09-11T09:13:24.000Z</time>
      </trkpt>
      <trkpt lat="44.02637388557196" lon="125.39168349467218">
        <ele>197.2</ele>
        <time>2026-09-11T09:13:40.000Z</time>
      </trkpt>
      <trkpt lat="44.026912758126855" lon="125.3920937050134">
        <ele>197.6</ele>
        <time>2026-09-11T09:13:57.000Z</time>
      </trkpt>
      <trkpt lat="44.027016777545214" lon="125.39221465587616">
        <ele>198</ele>
        <time>2026-09-11T09:14:05.000Z</time>
      </trkpt>
      <trkpt lat="44.02753201313317" lon="125.39256770163774">
        <ele>197.8</ele>
        <time>2026-09-11T09:15:01.000Z</time>
      </trkpt>
      <trkpt lat="44.02810910716653" lon="125.39297070354223">
        <ele>198</ele>
        <time>2026-09-11T09:15:17.000Z</time>
      </trkpt>
      <trkpt lat="44.02867203578353" lon="125.39334311150014">
        <ele>198.6</ele>
        <time>2026-09-11T09:15:33.000Z</time>
      </trkpt>
      <trkpt lat="44.02922079898417" lon="125.39374820888042">
        <ele>199.8</ele>
        <time>2026-09-11T09:15:49.000Z</time>
      </trkpt>
      <trkpt lat="44.02977107092738" lon="125.39415464736521">
        <ele>200.6</ele>
        <time>2026-09-11T09:16:05.000Z</time>
      </trkpt>
      <trkpt lat="44.030278427526355" lon="125.39451465010643">
        <ele>201.6</ele>
        <time>2026-09-11T09:16:22.000Z</time>
      </trkpt>
      <trkpt lat="44.0307577047497" lon="125.3948769159615">
        <ele>202.2</ele>
        <time>2026-09-11T09:16:38.000Z</time>
      </trkpt>
      <trkpt lat="44.03121401555836" lon="125.39521747268736">
        <ele>203.2</ele>
        <time>2026-09-11T09:16:53.000Z</time>
      </trkpt>
      <trkpt lat="44.03162766247988" lon="125.39553321897984">
        <ele>204.8</ele>
        <time>2026-09-11T09:17:09.000Z</time>
      </trkpt>
      <trkpt lat="44.0320410579443" lon="125.39581527002156">
        <ele>206.4</ele>
        <time>2026-09-11T09:17:25.000Z</time>
      </trkpt>
      <trkpt lat="44.03242830187082" lon="125.39611835964024">
        <ele>207.8</ele>
        <time>2026-09-11T09:17:41.000Z</time>
      </trkpt>
      <trkpt lat="44.03281671926379" lon="125.39639487862587">
        <ele>209.2</ele>
        <time>2026-09-11T09:17:57.000Z</time>
      </trkpt>
      <trkpt lat="44.03320622630417" lon="125.39668707177043">
        <ele>210.6</ele>
        <time>2026-09-11T09:18:13.000Z</time>
      </trkpt>
      <trkpt lat="44.03360671363771" lon="125.39698421023786">
        <ele>212.4</ele>
        <time>2026-09-11T09:18:29.000Z</time>
      </trkpt>
      <trkpt lat="44.0339766908437" lon="125.39725385606289">
        <ele>214</ele>
        <time>2026-09-11T09:18:46.000Z</time>
      </trkpt>
      <trkpt lat="44.03429419733584" lon="125.39748888462782">
        <ele>215.2</ele>
        <time>2026-09-11T09:19:02.000Z</time>
      </trkpt>
      <trkpt lat="44.034637520089746" lon="125.39773179218173">
        <ele>216.4</ele>
        <time>2026-09-11T09:19:18.000Z</time>
      </trkpt>
      <trkpt lat="44.0350042283535" lon="125.39799498394132">
        <ele>217.6</ele>
        <time>2026-09-11T09:19:34.000Z</time>
      </trkpt>
      <trkpt lat="44.035375798121095" lon="125.39825079962611">
        <ele>218.4</ele>
        <time>2026-09-11T09:19:50.000Z</time>
      </trkpt>
      <trkpt lat="44.0356966573745" lon="125.39849915541708">
        <ele>219</ele>
        <time>2026-09-11T09:20:06.000Z</time>
      </trkpt>
      <trkpt lat="44.03606319800019" lon="125.39875488728285">
        <ele>219.8</ele>
        <time>2026-09-11T09:20:22.000Z</time>
      </trkpt>
      <trkpt lat="44.036198733374476" lon="125.39887072518468">
        <ele>220.2</ele>
        <time>2026-09-11T09:20:32.000Z</time>
      </trkpt>
      <trkpt lat="44.03654255904257" lon="125.39910508319736">
        <ele>221</ele>
        <time>2026-09-11T09:21:05.000Z</time>
      </trkpt>
      <trkpt lat="44.03693072497845" lon="125.39939526468515">
        <ele>221.8</ele>
        <time>2026-09-11T09:21:21.000Z</time>
      </trkpt>
      <trkpt lat="44.037381168454885" lon="125.39973515085876">
        <ele>223</ele>
        <time>2026-09-11T09:21:37.000Z</time>
      </trkpt>
      <trkpt lat="44.03791040182114" lon="125.40011946111917">
        <ele>222.6</ele>
        <time>2026-09-11T09:21:53.000Z</time>
      </trkpt>
      <trkpt lat="44.038534266874194" lon="125.4005725029856">
        <ele>222.2</ele>
        <time>2026-09-11T09:22:09.000Z</time>
      </trkpt>
      <trkpt lat="44.03917062096298" lon="125.40103602223098">
        <ele>222</ele>
        <time>2026-09-11T09:22:25.000Z</time>
      </trkpt>
      <trkpt lat="44.039814518764615" lon="125.40149727836251">
        <ele>221.6</ele>
        <time>2026-09-11T09:22:41.000Z</time>
      </trkpt>
      <trkpt lat="44.04045632109046" lon="125.40194269269705">
        <ele>221.2</ele>
        <time>2026-09-11T09:22:57.000Z</time>
      </trkpt>
      <trkpt lat="44.04107733629644" lon="125.40237436071038">
        <ele>221</ele>
        <time>2026-09-11T09:23:13.000Z</time>
      </trkpt>
      <trkpt lat="44.04154160991311" lon="125.40272128768265">
        <ele>220.8</ele>
        <time>2026-09-11T09:23:28.000Z</time>
      </trkpt>
      <trkpt lat="44.04213563539088" lon="125.40318329818547">
        <ele>220.2</ele>
        <time>2026-09-11T09:23:44.000Z</time>
      </trkpt>
      <trkpt lat="44.04244459234178" lon="125.4034492559731">
        <ele>219.6</ele>
        <time>2026-09-11T09:23:51.000Z</time>
      </trkpt>
      <trkpt lat="44.043269120156765" lon="125.40405635721982">
        <ele>217.2</ele>
        <time>2026-09-11T09:24:06.000Z</time>
      </trkpt>
      <trkpt lat="44.0439804084599" lon="125.40494685061276">
        <ele>215.6</ele>
        <time>2026-09-11T09:24:20.000Z</time>
      </trkpt>
      <trkpt lat="44.0445985738188" lon="125.40592669509351">
        <ele>215</ele>
        <time>2026-09-11T09:24:36.000Z</time>
      </trkpt>
      <trkpt lat="44.045042814686894" lon="125.4067612811923">
        <ele>214.8</ele>
        <time>2026-09-11T09:24:52.000Z</time>
      </trkpt>
      <trkpt lat="44.0453483350575" lon="125.40742604993284">
        <ele>215.2</ele>
        <time>2026-09-11T09:25:07.000Z</time>
      </trkpt>
      <trkpt lat="44.04559727758169" lon="125.40797322057188">
        <ele>216</ele>
        <time>2026-09-11T09:25:21.000Z</time>
      </trkpt>
      <trkpt lat="44.045893996953964" lon="125.4086612071842">
        <ele>216.6</ele>
        <time>2026-09-11T09:25:37.000Z</time>
      </trkpt>
      <trkpt lat="44.046183256432414" lon="125.40930049493909">
        <ele>217.4</ele>
        <time>2026-09-11T09:25:54.000Z</time>
      </trkpt>
      <trkpt lat="44.046488692983985" lon="125.40989292785525">
        <ele>218.2</ele>
        <time>2026-09-11T09:26:10.000Z</time>
      </trkpt>
      <trkpt lat="44.046801421791315" lon="125.41042098775506">
        <ele>219</ele>
        <time>2026-09-11T09:26:26.000Z</time>
      </trkpt>
      <trkpt lat="44.04713376425207" lon="125.41094720363617">
        <ele>219.6</ele>
        <time>2026-09-11T09:26:42.000Z</time>
      </trkpt>
      <trkpt lat="44.047498628497124" lon="125.4114467650652">
        <ele>220</ele>
        <time>2026-09-11T09:26:58.000Z</time>
      </trkpt>
      <trkpt lat="44.047862654551864" lon="125.41188404895365">
        <ele>220.8</ele>
        <time>2026-09-11T09:27:14.000Z</time>
      </trkpt>
      <trkpt lat="44.048223830759525" lon="125.41230934672058">
        <ele>221.6</ele>
        <time>2026-09-11T09:27:30.000Z</time>
      </trkpt>
      <trkpt lat="44.048640159890056" lon="125.41274084709585">
        <ele>222.2</ele>
        <time>2026-09-11T09:27:46.000Z</time>
      </trkpt>
      <trkpt lat="44.04906051233411" lon="125.41307277046144">
        <ele>223</ele>
        <time>2026-09-11T09:28:00.000Z</time>
      </trkpt>
      <trkpt lat="44.04951539821923" lon="125.4134410712868">
        <ele>223.6</ele>
        <time>2026-09-11T09:28:17.000Z</time>
      </trkpt>
      <trkpt lat="44.04994119890034" lon="125.41378514841199">
        <ele>224.2</ele>
        <time>2026-09-11T09:28:33.000Z</time>
      </trkpt>
      <trkpt lat="44.05024076811969" lon="125.4140761680901">
        <ele>224.6</ele>
        <time>2026-09-11T09:28:49.000Z</time>
      </trkpt>
      <trkpt lat="44.05035920441151" lon="125.41418630629778">
        <ele>224.8</ele>
        <time>2026-09-11T09:29:33.000Z</time>
      </trkpt>
      <trkpt lat="44.05069665983319" lon="125.41422645561397">
        <ele>225.4</ele>
        <time>2026-09-11T09:29:46.000Z</time>
      </trkpt>
      <trkpt lat="44.05116671696305" lon="125.41457757353783">
        <ele>226</ele>
        <time>2026-09-11T09:30:02.000Z</time>
      </trkpt>
      <trkpt lat="44.051716066896915" lon="125.4149794857949">
        <ele>226</ele>
        <time>2026-09-11T09:30:18.000Z</time>
      </trkpt>
      <trkpt lat="44.05233716592193" lon="125.41541618295014">
        <ele>225</ele>
        <time>2026-09-11T09:30:35.000Z</time>
      </trkpt>
      <trkpt lat="44.05304962769151" lon="125.41592806577682">
        <ele>224.2</ele>
        <time>2026-09-11T09:30:51.000Z</time>
      </trkpt>
      <trkpt lat="44.05344106256962" lon="125.41644522920251">
        <ele>224.6</ele>
        <time>2026-09-11T09:31:04.000Z</time>
      </trkpt>
      <trkpt lat="44.05385412275791" lon="125.41679156944156">
        <ele>225.6</ele>
        <time>2026-09-11T09:31:16.000Z</time>
      </trkpt>
      <trkpt lat="44.054364915937185" lon="125.41715517640114">
        <ele>227</ele>
        <time>2026-09-11T09:31:32.000Z</time>
      </trkpt>
      <trkpt lat="44.05486070550978" lon="125.41743756271899">
        <ele>227.4</ele>
        <time>2026-09-11T09:31:47.000Z</time>
      </trkpt>
      <trkpt lat="44.055352387949824" lon="125.41768097318709">
        <ele>227.4</ele>
        <time>2026-09-11T09:32:00.000Z</time>
      </trkpt>
      <trkpt lat="44.05589167959988" lon="125.4181072767824">
        <ele>227.2</ele>
        <time>2026-09-11T09:32:16.000Z</time>
      </trkpt>
      <trkpt lat="44.0564639121294" lon="125.41853877715766">
        <ele>226.6</ele>
        <time>2026-09-11T09:32:32.000Z</time>
      </trkpt>
      <trkpt lat="44.057175954803824" lon="125.41905208490789">
        <ele>225.4</ele>
        <time>2026-09-11T09:32:48.000Z</time>
      </trkpt>
      <trkpt lat="44.057863522320986" lon="125.4195902030915">
        <ele>223.8</ele>
        <time>2026-09-11T09:33:05.000Z</time>
      </trkpt>
      <trkpt lat="44.05841991305351" lon="125.41994341649115">
        <ele>222.6</ele>
        <time>2026-09-11T09:33:20.000Z</time>
      </trkpt>
      <trkpt lat="44.05898770317435" lon="125.42035086080432">
        <ele>221.4</ele>
        <time>2026-09-11T09:33:36.000Z</time>
      </trkpt>
      <trkpt lat="44.05976780690253" lon="125.42091990821064">
        <ele>219.6</ele>
        <time>2026-09-11T09:33:52.000Z</time>
      </trkpt>
      <trkpt lat="44.06059141270816" lon="125.42151745408773">
        <ele>218.2</ele>
        <time>2026-09-11T09:34:08.000Z</time>
      </trkpt>
      <trkpt lat="44.06138241291046" lon="125.4221098870039">
        <ele>217.4</ele>
        <time>2026-09-11T09:34:24.000Z</time>
      </trkpt>
      <trkpt lat="44.06212253496051" lon="125.42264431715012">
        <ele>216.8</ele>
        <time>2026-09-11T09:34:40.000Z</time>
      </trkpt>
      <trkpt lat="44.06285067088902" lon="125.42319349944592">
        <ele>216.2</ele>
        <time>2026-09-11T09:34:56.000Z</time>
      </trkpt>
      <trkpt lat="44.06352901831269" lon="125.42378459125757">
        <ele>215.4</ele>
        <time>2026-09-11T09:35:12.000Z</time>
      </trkpt>
      <trkpt lat="44.06418272294104" lon="125.42433402501047">
        <ele>214.6</ele>
        <time>2026-09-11T09:35:29.000Z</time>
      </trkpt>
      <trkpt lat="44.064813712611794" lon="125.42478991672397">
        <ele>214.8</ele>
        <time>2026-09-11T09:35:45.000Z</time>
      </trkpt>
      <trkpt lat="44.06540136784315" lon="125.4251993726939">
        <ele>215</ele>
        <time>2026-09-11T09:36:01.000Z</time>
      </trkpt>
      <trkpt lat="44.06599681824446" lon="125.42563380673528">
        <ele>215.2</ele>
        <time>2026-09-11T09:36:17.000Z</time>
      </trkpt>
      <trkpt lat="44.06658128835261" lon="125.4259816557169">
        <ele>215.4</ele>
        <time>2026-09-11T09:36:32.000Z</time>
      </trkpt>
      <trkpt lat="44.06712560914457" lon="125.42627267539501">
        <ele>214.4</ele>
        <time>2026-09-11T09:36:45.000Z</time>
      </trkpt>
      <trkpt lat="44.067842764779925" lon="125.42679134756327">
        <ele>213</ele>
        <time>2026-09-11T09:37:01.000Z</time>
      </trkpt>
      <trkpt lat="44.06854256987572" lon="125.42731504887342">
        <ele>212.2</ele>
        <time>2026-09-11T09:37:17.000Z</time>
      </trkpt>
      <trkpt lat="44.06909636221826" lon="125.42773422785103">
        <ele>213.2</ele>
        <time>2026-09-11T09:37:33.000Z</time>
      </trkpt>
      <trkpt lat="44.069568095728755" lon="125.42808199301362">
        <ele>214.2</ele>
        <time>2026-09-11T09:37:50.000Z</time>
      </trkpt>
      <trkpt lat="44.070040583610535" lon="125.42842732742429">
        <ele>215.2</ele>
        <time>2026-09-11T09:38:06.000Z</time>
      </trkpt>
      <trkpt lat="44.07052162103355" lon="125.4287706501782">
        <ele>215.6</ele>
        <time>2026-09-11T09:38:22.000Z</time>
      </trkpt>
      <trkpt lat="44.07104389742017" lon="125.42914406396449">
        <ele>215</ele>
        <time>2026-09-11T09:38:38.000Z</time>
      </trkpt>
      <trkpt lat="44.07143181189895" lon="125.42940876446664">
        <ele>214.2</ele>
        <time>2026-09-11T09:40:12.000Z</time>
      </trkpt>
      <trkpt lat="44.072032710537314" lon="125.42978838086128">
        <ele>213.4</ele>
        <time>2026-09-11T09:40:28.000Z</time>
      </trkpt>
      <trkpt lat="44.07274827361107" lon="125.43035541661084">
        <ele>212.2</ele>
        <time>2026-09-11T09:40:44.000Z</time>
      </trkpt>
      <trkpt lat="44.073636084795" lon="125.4307269025594">
        <ele>211.4</ele>
        <time>2026-09-11T09:41:00.000Z</time>
      </trkpt>
      <trkpt lat="44.07428962178528" lon="125.43090099468827">
        <ele>211.8</ele>
        <time>2026-09-11T09:41:13.000Z</time>
      </trkpt>
      <trkpt lat="44.0750521235168" lon="125.4310326743871">
        <ele>212.2</ele>
        <time>2026-09-11T09:41:29.000Z</time>
      </trkpt>
      <trkpt lat="44.075737008824944" lon="125.43108330108225">
        <ele>213</ele>
        <time>2026-09-11T09:41:45.000Z</time>
      </trkpt>
      <trkpt lat="44.07643932849169" lon="125.4310564789921">
        <ele>213</ele>
        <time>2026-09-11T09:42:01.000Z</time>
      </trkpt>
      <trkpt lat="44.07735253684223" lon="125.4309666249901">
        <ele>211.4</ele>
        <time>2026-09-11T09:42:17.000Z</time>
      </trkpt>
      <trkpt lat="44.07834470272064" lon="125.43087207712233">
        <ele>210.4</ele>
        <time>2026-09-11T09:42:34.000Z</time>
      </trkpt>
      <trkpt lat="44.079311806708574" lon="125.43082061223686">
        <ele>209.4</ele>
        <time>2026-09-11T09:42:50.000Z</time>
      </trkpt>
      <trkpt lat="44.08014865592122" lon="125.43080041185021">
        <ele>209.8</ele>
        <time>2026-09-11T09:43:06.000Z</time>
      </trkpt>
      <trkpt lat="44.08076179213822" lon="125.4308167565614">
        <ele>211.2</ele>
        <time>2026-09-11T09:43:22.000Z</time>
      </trkpt>
      <trkpt lat="44.081192119047046" lon="125.43086478486657">
        <ele>212.4</ele>
        <time>2026-09-11T09:43:38.000Z</time>
      </trkpt>
      <trkpt lat="44.08163351006806" lon="125.43092018924654">
        <ele>213.8</ele>
        <time>2026-09-11T09:43:54.000Z</time>
      </trkpt>
      <trkpt lat="44.08210306428373" lon="125.43102378956974">
        <ele>215.8</ele>
        <time>2026-09-11T09:44:10.000Z</time>
      </trkpt>
      <trkpt lat="44.08242451027036" lon="125.43108162470162">
        <ele>216.4</ele>
        <time>2026-09-11T09:44:22.000Z</time>
      </trkpt>
      <trkpt lat="44.08282876946032" lon="125.43122420087457">
        <ele>217</ele>
        <time>2026-09-11T09:44:36.000Z</time>
      </trkpt>
      <trkpt lat="44.08337166532874" lon="125.43146157637239">
        <ele>217.8</ele>
        <time>2026-09-11T09:44:53.000Z</time>
      </trkpt>
      <trkpt lat="44.08389486372471" lon="125.4317198228091">
        <ele>218.8</ele>
        <time>2026-09-11T09:45:09.000Z</time>
      </trkpt>
      <trkpt lat="44.084435580298305" lon="125.43202492408454">
        <ele>219.2</ele>
        <time>2026-09-11T09:45:25.000Z</time>
      </trkpt>
      <trkpt lat="44.08499909564853" lon="125.43240420520306">
        <ele>219.4</ele>
        <time>2026-09-11T09:45:41.000Z</time>
      </trkpt>
      <trkpt lat="44.085569232702255" lon="125.43284366838634">
        <ele>220</ele>
        <time>2026-09-11T09:45:57.000Z</time>
      </trkpt>
      <trkpt lat="44.086045576259494" lon="125.43328581377864">
        <ele>220.2</ele>
        <time>2026-09-11T09:46:12.000Z</time>
      </trkpt>
      <trkpt lat="44.08646039664745" lon="125.43360960669816">
        <ele>220.4</ele>
        <time>2026-09-11T09:46:27.000Z</time>
      </trkpt>
      <trkpt lat="44.08620508387685" lon="125.43340911157429">
        <ele>220.2</ele>
        <time>2026-09-11T09:46:43.000Z</time>
      </trkpt>
      <trkpt lat="44.085886823013425" lon="125.43319202028215">
        <ele>220</ele>
        <time>2026-09-11T09:46:56.000Z</time>
      </trkpt>
      <trkpt lat="44.08586427569389" lon="125.43313661590219">
        <ele>220</ele>
        <time>2026-09-11T09:47:00.000Z</time>
      </trkpt>
      <trkpt lat="44.08624171279371" lon="125.43339662253857">
        <ele>220.2</ele>
        <time>2026-09-11T09:47:11.000Z</time>
      </trkpt>
      <trkpt lat="44.08672249875963" lon="125.43380406685174">
        <ele>220</ele>
        <time>2026-09-11T09:47:28.000Z</time>
      </trkpt>
      <trkpt lat="44.08731032162905" lon="125.4342931509018">
        <ele>219.4</ele>
        <time>2026-09-11T09:47:44.000Z</time>
      </trkpt>
      <trkpt lat="44.087791023775935" lon="125.43470989912748">
        <ele>218.6</ele>
        <time>2026-09-11T09:47:59.000Z</time>
      </trkpt>
      <trkpt lat="44.08812873065472" lon="125.4349990747869">
        <ele>218.4</ele>
        <time>2026-09-11T09:48:12.000Z</time>
      </trkpt>
      <trkpt lat="44.0888047311455" lon="125.43551498092711">
        <ele>217.6</ele>
        <time>2026-09-11T09:48:28.000Z</time>
      </trkpt>
      <trkpt lat="44.08947897143662" lon="125.43608335778117">
        <ele>217</ele>
        <time>2026-09-11T09:48:44.000Z</time>
      </trkpt>
      <trkpt lat="44.0902485139668" lon="125.4367156047374">
        <ele>216</ele>
        <time>2026-09-11T09:49:00.000Z</time>
      </trkpt>
      <trkpt lat="44.09102199599147" lon="125.43720896355808">
        <ele>215.2</ele>
        <time>2026-09-11T09:49:15.000Z</time>
      </trkpt>
      <trkpt lat="44.09177326597273" lon="125.43757181614637">
        <ele>213.2</ele>
        <time>2026-09-11T09:49:29.000Z</time>
      </trkpt>
      <trkpt lat="44.092749087139964" lon="125.43801882304251">
        <ele>211.6</ele>
        <time>2026-09-11T09:49:46.000Z</time>
      </trkpt>
      <trkpt lat="44.09363865852356" lon="125.43841847218573">
        <ele>209.6</ele>
        <time>2026-09-11T09:50:02.000Z</time>
      </trkpt>
      <trkpt lat="44.09451959654689" lon="125.43883454985917">
        <ele>208</ele>
        <time>2026-09-11T09:50:17.000Z</time>
      </trkpt>
      <trkpt lat="44.09537513740361" lon="125.43923059478402">
        <ele>207.6</ele>
        <time>2026-09-11T09:50:33.000Z</time>
      </trkpt>
      <trkpt lat="44.096050299704075" lon="125.43955405242741">
        <ele>208.2</ele>
        <time>2026-09-11T09:50:49.000Z</time>
      </trkpt>
      <trkpt lat="44.09665840677917" lon="125.43985337018967">
        <ele>209</ele>
        <time>2026-09-11T09:51:05.000Z</time>
      </trkpt>
      <trkpt lat="44.09715335816145" lon="125.44012242928147">
        <ele>209.2</ele>
        <time>2026-09-11T09:51:21.000Z</time>
      </trkpt>
      <trkpt lat="44.09759365953505" lon="125.44022837653756">
        <ele>210</ele>
        <time>2026-09-11T09:51:35.000Z</time>
      </trkpt>
      <trkpt lat="44.097964307293296" lon="125.43996401131153">
        <ele>210.8</ele>
        <time>2026-09-11T09:51:47.000Z</time>
      </trkpt>
      <trkpt lat="44.098340990021825" lon="125.44003441929817">
        <ele>211.8</ele>
        <time>2026-09-11T09:51:57.000Z</time>
      </trkpt>
      <trkpt lat="44.098901404067874" lon="125.44029140844941">
        <ele>212.4</ele>
        <time>2026-09-11T09:52:14.000Z</time>
      </trkpt>
      <trkpt lat="44.099366683512926" lon="125.44050338678062">
        <ele>213</ele>
        <time>2026-09-11T09:52:30.000Z</time>
      </trkpt>
      <trkpt lat="44.0998272690922" lon="125.44072936289012">
        <ele>214</ele>
        <time>2026-09-11T09:52:46.000Z</time>
      </trkpt>
      <trkpt lat="44.10026840865612" lon="125.4409980867058">
        <ele>214.6</ele>
        <time>2026-09-11T09:53:02.000Z</time>
      </trkpt>
      <trkpt lat="44.100751457735896" lon="125.44135389849544">
        <ele>215</ele>
        <time>2026-09-11T09:53:18.000Z</time>
      </trkpt>
      <trkpt lat="44.101239116862416" lon="125.44180526398122">
        <ele>215.4</ele>
        <time>2026-09-11T09:53:34.000Z</time>
      </trkpt>
      <trkpt lat="44.1016769874841" lon="125.44228596612811">
        <ele>216.2</ele>
        <time>2026-09-11T09:53:50.000Z</time>
      </trkpt>
      <trkpt lat="44.10208669491112" lon="125.442750826478">
        <ele>216</ele>
        <time>2026-09-11T09:54:06.000Z</time>
      </trkpt>
      <trkpt lat="44.10256588831544" lon="125.44333605095744">
        <ele>216</ele>
        <time>2026-09-11T09:54:23.000Z</time>
      </trkpt>
      <trkpt lat="44.103062683716416" lon="125.44390426017344">
        <ele>216.2</ele>
        <time>2026-09-11T09:54:39.000Z</time>
      </trkpt>
      <trkpt lat="44.10359879024327" lon="125.44453390873969">
        <ele>216.4</ele>
        <time>2026-09-11T09:54:55.000Z</time>
      </trkpt>
      <trkpt lat="44.10405032336712" lon="125.44504302553833">
        <ele>216.4</ele>
        <time>2026-09-11T09:55:11.000Z</time>
      </trkpt>
      <trkpt lat="44.104517279192805" lon="125.44559271074831">
        <ele>216.2</ele>
        <time>2026-09-11T09:55:27.000Z</time>
      </trkpt>
      <trkpt lat="44.10506688058376" lon="125.44622671790421">
        <ele>216</ele>
        <time>2026-09-11T09:55:43.000Z</time>
      </trkpt>
      <trkpt lat="44.10560776479542" lon="125.44686877168715">
        <ele>216.2</ele>
        <time>2026-09-11T09:55:59.000Z</time>
      </trkpt>
      <trkpt lat="44.105836506932974" lon="125.44732122682035">
        <ele>215.6</ele>
        <time>2026-09-11T09:56:09.000Z</time>
      </trkpt>
      <trkpt lat="44.10629742778838" lon="125.44765600003302">
        <ele>216</ele>
        <time>2026-09-11T09:56:20.000Z</time>
      </trkpt>
      <trkpt lat="44.10679405555129" lon="125.44823091477156">
        <ele>216</ele>
        <time>2026-09-11T09:56:34.000Z</time>
      </trkpt>
      <trkpt lat="44.10737760365009" lon="125.44890289194882">
        <ele>215.6</ele>
        <time>2026-09-11T09:56:51.000Z</time>
      </trkpt>
      <trkpt lat="44.107947992160916" lon="125.44957771897316">
        <ele>215.6</ele>
        <time>2026-09-11T09:57:07.000Z</time>
      </trkpt>
      <trkpt lat="44.108501113951206" lon="125.45022170059383">
        <ele>215.2</ele>
        <time>2026-09-11T09:57:23.000Z</time>
      </trkpt>
      <trkpt lat="44.10903529264033" lon="125.45084564946592">
        <ele>215</ele>
        <time>2026-09-11T09:57:39.000Z</time>
      </trkpt>
      <trkpt lat="44.10960760898888" lon="125.45151586644351">
        <ele>214.6</ele>
        <time>2026-09-11T09:57:55.000Z</time>
      </trkpt>
      <trkpt lat="44.11017380654812" lon="125.452177869156">
        <ele>214.4</ele>
        <time>2026-09-11T09:58:11.000Z</time>
      </trkpt>
      <trkpt lat="44.11071376875043" lon="125.45279980637133">
        <ele>214.2</ele>
        <time>2026-09-11T09:58:27.000Z</time>
      </trkpt>
      <trkpt lat="44.11123277619481" lon="125.45337187126279">
        <ele>214</ele>
        <time>2026-09-11T09:58:43.000Z</time>
      </trkpt>
      <trkpt lat="44.11177952773869" lon="125.45402490533888">
        <ele>213.4</ele>
        <time>2026-09-11T09:58:59.000Z</time>
      </trkpt>
      <trkpt lat="44.112264923751354" lon="125.45456880703568">
        <ele>213</ele>
        <time>2026-09-11T09:59:16.000Z</time>
      </trkpt>
      <trkpt lat="44.112768759950995" lon="125.45515981502831">
        <ele>212.8</ele>
        <time>2026-09-11T09:59:32.000Z</time>
      </trkpt>
      <trkpt lat="44.11327033303678" lon="125.45576700009406">
        <ele>212.6</ele>
        <time>2026-09-11T09:59:48.000Z</time>
      </trkpt>
      <trkpt lat="44.11374852061272" lon="125.45632230117917">
        <ele>212.4</ele>
        <time>2026-09-11T10:00:04.000Z</time>
      </trkpt>
      <trkpt lat="44.11422218196094" lon="125.45686888508499">
        <ele>212.4</ele>
        <time>2026-09-11T10:00:20.000Z</time>
      </trkpt>
      <trkpt lat="44.11466399207711" lon="125.45739912427962">
        <ele>212.4</ele>
        <time>2026-09-11T10:00:36.000Z</time>
      </trkpt>
      <trkpt lat="44.11513731814921" lon="125.45794621109962">
        <ele>212.6</ele>
        <time>2026-09-11T10:00:52.000Z</time>
      </trkpt>
      <trkpt lat="44.11561919376254" lon="125.45850201509893">
        <ele>212.4</ele>
        <time>2026-09-11T10:01:08.000Z</time>
      </trkpt>
      <trkpt lat="44.11614641547203" lon="125.4590875748545">
        <ele>212.6</ele>
        <time>2026-09-11T10:01:24.000Z</time>
      </trkpt>
      <trkpt lat="44.116502311080694" lon="125.4595395270735">
        <ele>212.2</ele>
        <time>2026-09-11T10:01:36.000Z</time>
      </trkpt>
      <trkpt lat="44.11697261966765" lon="125.46007119119167">
        <ele>212.2</ele>
        <time>2026-09-11T10:01:52.000Z</time>
      </trkpt>
      <trkpt lat="44.11745038814843" lon="125.46063018031418">
        <ele>212</ele>
        <time>2026-09-11T10:02:08.000Z</time>
      </trkpt>
      <trkpt lat="44.11796738393605" lon="125.46122479252517">
        <ele>211.6</ele>
        <time>2026-09-11T10:02:24.000Z</time>
      </trkpt>
      <trkpt lat="44.118497874587774" lon="125.46185268089175">
        <ele>211.4</ele>
        <time>2026-09-11T10:02:40.000Z</time>
      </trkpt>
      <trkpt lat="44.119062814861536" lon="125.4624836705625">
        <ele>211.4</ele>
        <time>2026-09-11T10:02:56.000Z</time>
      </trkpt>
      <trkpt lat="44.11966488696635" lon="125.46320870518684">
        <ele>211.4</ele>
        <time>2026-09-11T10:03:12.000Z</time>
      </trkpt>
      <trkpt lat="44.12018246948719" lon="125.46380172483623">
        <ele>211.2</ele>
        <time>2026-09-11T10:03:28.000Z</time>
      </trkpt>
      <trkpt lat="44.1206687875092" lon="125.46436415053904">
        <ele>211</ele>
        <time>2026-09-11T10:03:44.000Z</time>
      </trkpt>
      <trkpt lat="44.12119835615158" lon="125.46500276774168">
        <ele>211.2</ele>
        <time>2026-09-11T10:04:01.000Z</time>
      </trkpt>
      <trkpt lat="44.12169666029513" lon="125.46557080931962">
        <ele>210.8</ele>
        <time>2026-09-11T10:04:17.000Z</time>
      </trkpt>
      <trkpt lat="44.12222237326205" lon="125.46619618311524">
        <ele>210.6</ele>
        <time>2026-09-11T10:04:33.000Z</time>
      </trkpt>
      <trkpt lat="44.122733334079385" lon="125.46678761020303">
        <ele>210</ele>
        <time>2026-09-11T10:04:49.000Z</time>
      </trkpt>
      <trkpt lat="44.12323331460357" lon="125.46735607087612">
        <ele>209.8</ele>
        <time>2026-09-11T10:05:05.000Z</time>
      </trkpt>
      <trkpt lat="44.12378568202257" lon="125.46800089068711">
        <ele>209.2</ele>
        <time>2026-09-11T10:05:21.000Z</time>
      </trkpt>
      <trkpt lat="44.12436520680785" lon="125.46866800636053">
        <ele>209.2</ele>
        <time>2026-09-11T10:05:37.000Z</time>
      </trkpt>
      <trkpt lat="44.12494380958378" lon="125.46933704987168">
        <ele>209.2</ele>
        <time>2026-09-11T10:05:53.000Z</time>
      </trkpt>
      <trkpt lat="44.125385200604796" lon="125.46986628323793">
        <ele>208.6</ele>
        <time>2026-09-11T10:06:09.000Z</time>
      </trkpt>
      <trkpt lat="44.12592088803649" lon="125.4704758990556">
        <ele>208.2</ele>
        <time>2026-09-11T10:06:26.000Z</time>
      </trkpt>
      <trkpt lat="44.12645439617336" lon="125.47110697254539">
        <ele>208</ele>
        <time>2026-09-11T10:06:42.000Z</time>
      </trkpt>
      <trkpt lat="44.12660300731659" lon="125.471330601722">
        <ele>208</ele>
        <time>2026-09-11T10:06:54.000Z</time>
      </trkpt>
      <trkpt lat="44.12709108553827" lon="125.47183787450194">
        <ele>207.4</ele>
        <time>2026-09-11T10:07:32.000Z</time>
      </trkpt>
      <trkpt lat="44.127586456015706" lon="125.47238630242646">
        <ele>207.2</ele>
        <time>2026-09-11T10:07:48.000Z</time>
      </trkpt>
      <trkpt lat="44.128142930567265" lon="125.47301167622209">
        <ele>206.8</ele>
        <time>2026-09-11T10:08:04.000Z</time>
      </trkpt>
      <trkpt lat="44.12873293273151" lon="125.47367786988616">
        <ele>206.2</ele>
        <time>2026-09-11T10:08:20.000Z</time>
      </trkpt>
      <trkpt lat="44.12932276725769" lon="125.47434096224606">
        <ele>205.8</ele>
        <time>2026-09-11T10:08:36.000Z</time>
      </trkpt>
      <trkpt lat="44.12979911081493" lon="125.47490229830146">
        <ele>205.4</ele>
        <time>2026-09-11T10:08:49.000Z</time>
      </trkpt>
      <trkpt lat="44.130375031381845" lon="125.47562976367772">
        <ele>204.4</ele>
        <time>2026-09-11T10:09:05.000Z</time>
      </trkpt>
      <trkpt lat="44.13095782510936" lon="125.47646719962358">
        <ele>203.4</ele>
        <time>2026-09-11T10:09:21.000Z</time>
      </trkpt>
      <trkpt lat="44.131398629397154" lon="125.47728409990668">
        <ele>203.2</ele>
        <time>2026-09-11T10:09:37.000Z</time>
      </trkpt>
      <trkpt lat="44.13167900405824" lon="125.47800544649363">
        <ele>203.6</ele>
        <time>2026-09-11T10:09:53.000Z</time>
      </trkpt>
      <trkpt lat="44.13192861713469" lon="125.47878060489893">
        <ele>204.2</ele>
        <time>2026-09-11T10:10:09.000Z</time>
      </trkpt>
      <trkpt lat="44.132161466404796" lon="125.47959230840206">
        <ele>204.6</ele>
        <time>2026-09-11T10:10:25.000Z</time>
      </trkpt>
      <trkpt lat="44.13238937035203" lon="125.48040962778032">
        <ele>204.6</ele>
        <time>2026-09-11T10:10:41.000Z</time>
      </trkpt>
      <trkpt lat="44.13264065980911" lon="125.48128201626241">
        <ele>204.8</ele>
        <time>2026-09-11T10:10:57.000Z</time>
      </trkpt>
      <trkpt lat="44.13290276192129" lon="125.48226429149508">
        <ele>204.8</ele>
        <time>2026-09-11T10:11:14.000Z</time>
      </trkpt>
      <trkpt lat="44.133152374997735" lon="125.48316014930606">
        <ele>205.2</ele>
        <time>2026-09-11T10:11:30.000Z</time>
      </trkpt>
      <trkpt lat="44.13342495448887" lon="125.48410856164992">
        <ele>205</ele>
        <time>2026-09-11T10:11:46.000Z</time>
      </trkpt>
      <trkpt lat="44.13365352898836" lon="125.48496049828827">
        <ele>204.8</ele>
        <time>2026-09-11T10:12:02.000Z</time>
      </trkpt>
      <trkpt lat="44.13390163332224" lon="125.48585208132863">
        <ele>204.4</ele>
        <time>2026-09-11T10:12:18.000Z</time>
      </trkpt>
      <trkpt lat="44.13414462469518" lon="125.48673737794161">
        <ele>204.8</ele>
        <time>2026-09-11T10:12:34.000Z</time>
      </trkpt>
      <trkpt lat="44.13438803516328" lon="125.48762292601168">
        <ele>204.8</ele>
        <time>2026-09-11T10:12:50.000Z</time>
      </trkpt>
      <trkpt lat="44.134635888040066" lon="125.48851291649044">
        <ele>204.4</ele>
        <time>2026-09-11T10:13:06.000Z</time>
      </trkpt>
      <trkpt lat="44.13488416001201" lon="125.48939125612378">
        <ele>204.4</ele>
        <time>2026-09-11T10:13:22.000Z</time>
      </trkpt>
      <trkpt lat="44.13516176864505" lon="125.49043077975512">
        <ele>204</ele>
        <time>2026-09-11T10:13:39.000Z</time>
      </trkpt>
      <trkpt lat="44.13544273003936" lon="125.49142621457577">
        <ele>204</ele>
        <time>2026-09-11T10:13:55.000Z</time>
      </trkpt>
      <trkpt lat="44.13570558652282" lon="125.49234805628657">
        <ele>203.8</ele>
        <time>2026-09-11T10:14:11.000Z</time>
      </trkpt>
      <trkpt lat="44.135951260104775" lon="125.49321030266583">
        <ele>203.8</ele>
        <time>2026-09-11T10:14:27.000Z</time>
      </trkpt>
      <trkpt lat="44.13617908023298" lon="125.49406140111387">
        <ele>203.4</ele>
        <time>2026-09-11T10:14:43.000Z</time>
      </trkpt>
      <trkpt lat="44.13641469553113" lon="125.49498491920531">
        <ele>203</ele>
        <time>2026-09-11T10:14:59.000Z</time>
      </trkpt>
      <trkpt lat="44.13661242462695" lon="125.49586560577154">
        <ele>202.6</ele>
        <time>2026-09-11T10:15:14.000Z</time>
      </trkpt>
      <trkpt lat="44.136740919202566" lon="125.49652819521725">
        <ele>202.4</ele>
        <time>2026-09-11T10:15:27.000Z</time>
      </trkpt>
      <trkpt lat="44.13702028803527" lon="125.49725607968867">
        <ele>202.2</ele>
        <time>2026-09-11T10:15:41.000Z</time>
      </trkpt>
      <trkpt lat="44.13733150810003" lon="125.49823265522718">
        <ele>202</ele>
        <time>2026-09-11T10:15:58.000Z</time>
      </trkpt>
      <trkpt lat="44.13761096075177" lon="125.49918140284717">
        <ele>201.8</ele>
        <time>2026-09-11T10:16:14.000Z</time>
      </trkpt>
      <trkpt lat="44.13790055550635" lon="125.50018387846649">
        <ele>201.4</ele>
        <time>2026-09-11T10:16:30.000Z</time>
      </trkpt>
      <trkpt lat="44.138204818591475" lon="125.50122197717428">
        <ele>200.8</ele>
        <time>2026-09-11T10:16:46.000Z</time>
      </trkpt>
      <trkpt lat="44.13851293735206" lon="125.50223937258124">
        <ele>200</ele>
        <time>2026-09-11T10:17:02.000Z</time>
      </trkpt>
      <trkpt lat="44.13881032727659" lon="125.50324360840023">
        <ele>199.4</ele>
        <time>2026-09-11T10:17:18.000Z</time>
      </trkpt>
      <trkpt lat="44.13914912380278" lon="125.50435421057045">
        <ele>198</ele>
        <time>2026-09-11T10:17:34.000Z</time>
      </trkpt>
      <trkpt lat="44.13954617455602" lon="125.50566086545587">
        <ele>195.8</ele>
        <time>2026-09-11T10:17:50.000Z</time>
      </trkpt>
      <trkpt lat="44.13997842930257" lon="125.50710900686681">
        <ele>193</ele>
        <time>2026-09-11T10:18:06.000Z</time>
      </trkpt>
      <trkpt lat="44.14043080061674" lon="125.50862562842667">
        <ele>191</ele>
        <time>2026-09-11T10:18:23.000Z</time>
      </trkpt>
      <trkpt lat="44.140788707882166" lon="125.50980554893613">
        <ele>190.8</ele>
        <time>2026-09-11T10:18:39.000Z</time>
      </trkpt>
      <trkpt lat="44.14112800732255" lon="125.51093425601721">
        <ele>191</ele>
        <time>2026-09-11T10:18:55.000Z</time>
      </trkpt>
      <trkpt lat="44.14145087823272" lon="125.51201744936407">
        <ele>191</ele>
        <time>2026-09-11T10:19:11.000Z</time>
      </trkpt>
      <trkpt lat="44.1417798679322" lon="125.51308572292328">
        <ele>190.8</ele>
        <time>2026-09-11T10:19:27.000Z</time>
      </trkpt>
      <trkpt lat="44.1421046666801" lon="125.51416925154626">
        <ele>190.8</ele>
        <time>2026-09-11T10:19:43.000Z</time>
      </trkpt>
      <trkpt lat="44.14243306964636" lon="125.51527608186007">
        <ele>190.6</ele>
        <time>2026-09-11T10:19:59.000Z</time>
      </trkpt>
      <trkpt lat="44.14275317452848" lon="125.51631468348205">
        <ele>190.8</ele>
        <time>2026-09-11T10:20:15.000Z</time>
      </trkpt>
      <trkpt lat="44.14305475540459" lon="125.51731254905462">
        <ele>191</ele>
        <time>2026-09-11T10:20:31.000Z</time>
      </trkpt>
      <trkpt lat="44.14339246228337" lon="125.5184291023761">
        <ele>191.2</ele>
        <time>2026-09-11T10:20:48.000Z</time>
      </trkpt>
      <trkpt lat="44.143705358728766" lon="125.51948195323348">
        <ele>191.2</ele>
        <time>2026-09-11T10:21:04.000Z</time>
      </trkpt>
      <trkpt lat="44.144007693976164" lon="125.52048208191991">
        <ele>191.2</ele>
        <time>2026-09-11T10:21:20.000Z</time>
      </trkpt>
      <trkpt lat="44.14432025514543" lon="125.52152831107378">
        <ele>191.2</ele>
        <time>2026-09-11T10:21:36.000Z</time>
      </trkpt>
      <trkpt lat="44.14462795481086" lon="125.5225561838597">
        <ele>191.4</ele>
        <time>2026-09-11T10:21:52.000Z</time>
      </trkpt>
      <trkpt lat="44.14491671137512" lon="125.52349470555782">
        <ele>192</ele>
        <time>2026-09-11T10:22:08.000Z</time>
      </trkpt>
      <trkpt lat="44.14516665972769" lon="125.52432191558182">
        <ele>192.8</ele>
        <time>2026-09-11T10:22:24.000Z</time>
      </trkpt>
      <trkpt lat="44.1453767940402" lon="125.52501476369798">
        <ele>194.2</ele>
        <time>2026-09-11T10:22:40.000Z</time>
      </trkpt>
      <trkpt lat="44.14556932635605" lon="125.52565296180546">
        <ele>195.4</ele>
        <time>2026-09-11T10:22:57.000Z</time>
      </trkpt>
      <trkpt lat="44.14578599855304" lon="125.52622645162046">
        <ele>196.4</ele>
        <time>2026-09-11T10:23:13.000Z</time>
      </trkpt>
      <trkpt lat="44.14602756500244" lon="125.52685207687318">
        <ele>197.2</ele>
        <time>2026-09-11T10:23:29.000Z</time>
      </trkpt>
      <trkpt lat="44.146286230534315" lon="125.52742330357432">
        <ele>197.8</ele>
        <time>2026-09-11T10:23:45.000Z</time>
      </trkpt>
      <trkpt lat="44.146560402587056" lon="125.52797575481236">
        <ele>198.8</ele>
        <time>2026-09-11T10:24:01.000Z</time>
      </trkpt>
      <trkpt lat="44.146852092817426" lon="125.5285036470741">
        <ele>199.8</ele>
        <time>2026-09-11T10:24:17.000Z</time>
      </trkpt>
      <trkpt lat="44.14715182967484" lon="125.52901460789144">
        <ele>200.6</ele>
        <time>2026-09-11T10:24:33.000Z</time>
      </trkpt>
      <trkpt lat="44.147313265129924" lon="125.52938299253583">
        <ele>201.4</ele>
        <time>2026-09-11T10:24:46.000Z</time>
      </trkpt>
      <trkpt lat="44.14755826815963" lon="125.52964727394283">
        <ele>201.6</ele>
        <time>2026-09-11T10:24:59.000Z</time>
      </trkpt>
      <trkpt lat="44.14787753485143" lon="125.53013602271676">
        <ele>202</ele>
        <time>2026-09-11T10:25:15.000Z</time>
      </trkpt>
      <trkpt lat="44.14841062389314" lon="125.53068109788">
        <ele>201.8</ele>
        <time>2026-09-11T10:25:32.000Z</time>
      </trkpt>
      <trkpt lat="44.148919992148876" lon="125.53128249943256">
        <ele>201.2</ele>
        <time>2026-09-11T10:25:48.000Z</time>
      </trkpt>
      <trkpt lat="44.14942332543433" lon="125.53187551908195">
        <ele>201.4</ele>
        <time>2026-09-11T10:26:04.000Z</time>
      </trkpt>
      <trkpt lat="44.14989690296352" lon="125.53243341855705">
        <ele>201.6</ele>
        <time>2026-09-11T10:26:20.000Z</time>
      </trkpt>
      <trkpt lat="44.15037986822426" lon="125.53299986757338">
        <ele>201.6</ele>
        <time>2026-09-11T10:26:36.000Z</time>
      </trkpt>
      <trkpt lat="44.15086459368467" lon="125.53357151336968">
        <ele>201.6</ele>
        <time>2026-09-11T10:26:52.000Z</time>
      </trkpt>
      <trkpt lat="44.15131679736078" lon="125.53410535678267">
        <ele>202.2</ele>
        <time>2026-09-11T10:27:08.000Z</time>
      </trkpt>
      <trkpt lat="44.15172013454139" lon="125.53458966314793">
        <ele>203.4</ele>
        <time>2026-09-11T10:27:24.000Z</time>
      </trkpt>
      <trkpt lat="44.15207519195974" lon="125.5350034777075">
        <ele>204.6</ele>
        <time>2026-09-11T10:27:41.000Z</time>
      </trkpt>
      <trkpt lat="44.15245866402984" lon="125.5354511551559">
        <ele>205.6</ele>
        <time>2026-09-11T10:27:57.000Z</time>
      </trkpt>
      <trkpt lat="44.15282537229359" lon="125.53589179180562">
        <ele>206.4</ele>
        <time>2026-09-11T10:28:13.000Z</time>
      </trkpt>
      <trkpt lat="44.15320825763047" lon="125.53634148091078">
        <ele>207.2</ele>
        <time>2026-09-11T10:28:29.000Z</time>
      </trkpt>
      <trkpt lat="44.15360757149756" lon="125.53681287914515">
        <ele>207.8</ele>
        <time>2026-09-11T10:28:45.000Z</time>
      </trkpt>
      <trkpt lat="44.15398232638836" lon="125.53725552745163">
        <ele>208.2</ele>
        <time>2026-09-11T10:28:59.000Z</time>
      </trkpt>
      <trkpt lat="44.15440410375595" lon="125.53775567561388">
        <ele>208.6</ele>
        <time>2026-09-11T10:29:15.000Z</time>
      </trkpt>
      <trkpt lat="44.15482671931386" lon="125.53824610076845">
        <ele>209.2</ele>
        <time>2026-09-11T10:29:31.000Z</time>
      </trkpt>
      <trkpt lat="44.1552478261292" lon="125.53874482400715">
        <ele>209.6</ele>
        <time>2026-09-11T10:29:47.000Z</time>
      </trkpt>
      <trkpt lat="44.15568519383669" lon="125.53926827386022">
        <ele>209.8</ele>
        <time>2026-09-11T10:30:04.000Z</time>
      </trkpt>
      <trkpt lat="44.156179977580905" lon="125.53984285332263">
        <ele>210</ele>
        <time>2026-09-11T10:30:20.000Z</time>
      </trkpt>
      <trkpt lat="44.156675934791565" lon="125.54043126292527">
        <ele>210.2</ele>
        <time>2026-09-11T10:30:36.000Z</time>
      </trkpt>
      <trkpt lat="44.157209526747465" lon="125.54106359370053">
        <ele>210.2</ele>
        <time>2026-09-11T10:30:52.000Z</time>
      </trkpt>
      <trkpt lat="44.15773909538984" lon="125.5416887998581">
        <ele>210</ele>
        <time>2026-09-11T10:31:08.000Z</time>
      </trkpt>
      <trkpt lat="44.15827553719282" lon="125.5423104017973">
        <ele>210.4</ele>
        <time>2026-09-11T10:31:24.000Z</time>
      </trkpt>
      <trkpt lat="44.158783815801144" lon="125.54286888800561">
        <ele>210.6</ele>
        <time>2026-09-11T10:31:40.000Z</time>
      </trkpt>
      <trkpt lat="44.15931958705187" lon="125.54339057765901">
        <ele>210.8</ele>
        <time>2026-09-11T10:31:56.000Z</time>
      </trkpt>
      <trkpt lat="44.1598376724869" lon="125.54382626898587">
        <ele>211.2</ele>
        <time>2026-09-11T10:32:12.000Z</time>
      </trkpt>
      <trkpt lat="44.16034829802811" lon="125.54420102387667">
        <ele>211.6</ele>
        <time>2026-09-11T10:32:29.000Z</time>
      </trkpt>
      <trkpt lat="44.160823468118906" lon="125.54450235329568">
        <ele>212</ele>
        <time>2026-09-11T10:32:45.000Z</time>
      </trkpt>
      <trkpt lat="44.161364268511534" lon="125.5448121484369">
        <ele>212.2</ele>
        <time>2026-09-11T10:33:01.000Z</time>
      </trkpt>
      <trkpt lat="44.16197187267244" lon="125.54509126581252">
        <ele>212.2</ele>
        <time>2026-09-11T10:33:17.000Z</time>
      </trkpt>
      <trkpt lat="44.16264032945037" lon="125.54533660411835">
        <ele>212.2</ele>
        <time>2026-09-11T10:33:33.000Z</time>
      </trkpt>
      <trkpt lat="44.163306187838316" lon="125.54552159272134">
        <ele>212.2</ele>
        <time>2026-09-11T10:33:49.000Z</time>
      </trkpt>
      <trkpt lat="44.16397791355848" lon="125.5456377658993">
        <ele>212.2</ele>
        <time>2026-09-11T10:34:05.000Z</time>
      </trkpt>
      <trkpt lat="44.164669923484325" lon="125.54569836705923">
        <ele>212.4</ele>
        <time>2026-09-11T10:34:21.000Z</time>
      </trkpt>
      <trkpt lat="44.16542362421751" lon="125.54570850916207">
        <ele>212.4</ele>
        <time>2026-09-11T10:34:37.000Z</time>
      </trkpt>
      <trkpt lat="44.165957467630506" lon="125.54568336345255">
        <ele>212.2</ele>
        <time>2026-09-11T10:34:49.000Z</time>
      </trkpt>
      <trkpt lat="44.16676741093397" lon="125.54565595462918">
        <ele>212</ele>
        <time>2026-09-11T10:35:05.000Z</time>
      </trkpt>
      <trkpt lat="44.16755296289921" lon="125.54563038982451">
        <ele>211.8</ele>
        <time>2026-09-11T10:35:21.000Z</time>
      </trkpt>
      <trkpt lat="44.16834371164441" lon="125.54560272954404">
        <ele>212.2</ele>
        <time>2026-09-11T10:35:37.000Z</time>
      </trkpt>
      <trkpt lat="44.1692337859422" lon="125.54557087831199">
        <ele>211.4</ele>
        <time>2026-09-11T10:35:53.000Z</time>
      </trkpt>
      <trkpt lat="44.17021128349006" lon="125.5455304775387">
        <ele>211</ele>
        <time>2026-09-11T10:36:09.000Z</time>
      </trkpt>
      <trkpt lat="44.171204874292016" lon="125.54549728520215">
        <ele>211.6</ele>
        <time>2026-09-11T10:36:25.000Z</time>
      </trkpt>
      <trkpt lat="44.171974835917354" lon="125.54546786472201">
        <ele>212.6</ele>
        <time>2026-09-11T10:36:41.000Z</time>
      </trkpt>
      <trkpt lat="44.17264077812433" lon="125.54544649086893">
        <ele>213</ele>
        <time>2026-09-11T10:36:57.000Z</time>
      </trkpt>
      <trkpt lat="44.173342594876885" lon="125.545420255512">
        <ele>213.6</ele>
        <time>2026-09-11T10:37:14.000Z</time>
      </trkpt>
      <trkpt lat="44.17410459369421" lon="125.54538647644222">
        <ele>213.6</ele>
        <time>2026-09-11T10:37:30.000Z</time>
      </trkpt>
      <trkpt lat="44.17491998523474" lon="125.54535965435207">
        <ele>214</ele>
        <time>2026-09-11T10:37:46.000Z</time>
      </trkpt>
      <trkpt lat="44.175730934366584" lon="125.54533291608095">
        <ele>214</ele>
        <time>2026-09-11T10:38:02.000Z</time>
      </trkpt>
      <trkpt lat="44.176568035036325" lon="125.54531062021852">
        <ele>213.8</ele>
        <time>2026-09-11T10:38:18.000Z</time>
      </trkpt>
      <trkpt lat="44.17741033248603" lon="125.54530492052436">
        <ele>214.2</ele>
        <time>2026-09-11T10:38:34.000Z</time>
      </trkpt>
      <trkpt lat="44.178203931078315" lon="125.54531305097044">
        <ele>213.8</ele>
        <time>2026-09-11T10:38:50.000Z</time>
      </trkpt>
      <trkpt lat="44.1791320592165" lon="125.5453459918499">
        <ele>213.2</ele>
        <time>2026-09-11T10:39:06.000Z</time>
      </trkpt>
      <trkpt lat="44.18010771274567" lon="125.54540198296309">
        <ele>213</ele>
        <time>2026-09-11T10:39:22.000Z</time>
      </trkpt>
      <trkpt lat="44.181020334362984" lon="125.545465182513">
        <ele>213.4</ele>
        <time>2026-09-11T10:39:39.000Z</time>
      </trkpt>
      <trkpt lat="44.18182281777263" lon="125.54553424939513">
        <ele>214</ele>
        <time>2026-09-11T10:39:55.000Z</time>
      </trkpt>
      <trkpt lat="44.18258540332317" lon="125.54560616612434">
        <ele>214</ele>
        <time>2026-09-11T10:40:11.000Z</time>
      </trkpt>
      <trkpt lat="44.183378499001265" lon="125.5456723831594">
        <ele>214.2</ele>
        <time>2026-09-11T10:40:27.000Z</time>
      </trkpt>
      <trkpt lat="44.18423420749605" lon="125.54575318470597">
        <ele>214.2</ele>
        <time>2026-09-11T10:40:43.000Z</time>
      </trkpt>
      <trkpt lat="44.18507147580385" lon="125.54582602344453">
        <ele>214</ele>
        <time>2026-09-11T10:40:59.000Z</time>
      </trkpt>
      <trkpt lat="44.185844203457236" lon="125.54589525796473">
        <ele>213.6</ele>
        <time>2026-09-11T10:41:15.000Z</time>
      </trkpt>
      <trkpt lat="44.186588767915964" lon="125.54596650414169">
        <ele>213.2</ele>
        <time>2026-09-11T10:41:31.000Z</time>
      </trkpt>
      <trkpt lat="44.18732402846217" lon="125.54603599011898">
        <ele>213.2</ele>
        <time>2026-09-11T10:41:47.000Z</time>
      </trkpt>
      <trkpt lat="44.188090302050114" lon="125.54610916413367">
        <ele>212.2</ele>
        <time>2026-09-11T10:42:04.000Z</time>
      </trkpt>
      <trkpt lat="44.1889336053282" lon="125.54618401452899">
        <ele>212.2</ele>
        <time>2026-09-11T10:42:20.000Z</time>
      </trkpt>
      <trkpt lat="44.189708177000284" lon="125.54625442251563">
        <ele>212</ele>
        <time>2026-09-11T10:42:36.000Z</time>
      </trkpt>
      <trkpt lat="44.19045466929674" lon="125.5463233217597">
        <ele>211.8</ele>
        <time>2026-09-11T10:42:52.000Z</time>
      </trkpt>
      <trkpt lat="44.19123745523393" lon="125.54639196954668">
        <ele>211.6</ele>
        <time>2026-09-11T10:43:08.000Z</time>
      </trkpt>
      <trkpt lat="44.192102970555425" lon="125.54647117853165">
        <ele>211.2</ele>
        <time>2026-09-11T10:43:24.000Z</time>
      </trkpt>
      <trkpt lat="44.193000420928" lon="125.54655290208757">
        <ele>210.8</ele>
        <time>2026-09-11T10:43:40.000Z</time>
      </trkpt>
      <trkpt lat="44.19398403726518" lon="125.54664820432663">
        <ele>209.8</ele>
        <time>2026-09-11T10:43:56.000Z</time>
      </trkpt>
      <trkpt lat="44.19500855728984" lon="125.54674082435668">
        <ele>209</ele>
        <time>2026-09-11T10:44:12.000Z</time>
      </trkpt>
      <trkpt lat="44.196035508066416" lon="125.54683227092028">
        <ele>208.2</ele>
        <time>2026-09-11T10:44:29.000Z</time>
      </trkpt>
      <trkpt lat="44.197002528235316" lon="125.54691860452294">
        <ele>208.4</ele>
        <time>2026-09-11T10:44:45.000Z</time>
      </trkpt>
      <trkpt lat="44.19773016124964" lon="125.5469845701009">
        <ele>209.2</ele>
        <time>2026-09-11T10:45:01.000Z</time>
      </trkpt>
      <trkpt lat="44.19843449257314" lon="125.54705112241209">
        <ele>210</ele>
        <time>2026-09-11T10:45:17.000Z</time>
      </trkpt>
      <trkpt lat="44.19910051859915" lon="125.54711608216166">
        <ele>210.8</ele>
        <time>2026-09-11T10:45:33.000Z</time>
      </trkpt>
      <trkpt lat="44.19973653741181" lon="125.5471658706665">
        <ele>211.6</ele>
        <time>2026-09-11T10:45:49.000Z</time>
      </trkpt>
      <trkpt lat="44.20040097087622" lon="125.54721985012293">
        <ele>212.4</ele>
        <time>2026-09-11T10:46:05.000Z</time>
      </trkpt>
      <trkpt lat="44.2010909691453" lon="125.54728221148252">
        <ele>213</ele>
        <time>2026-09-11T10:46:21.000Z</time>
      </trkpt>
      <trkpt lat="44.20181415975094" lon="125.54734490811825">
        <ele>213.4</ele>
        <time>2026-09-11T10:46:37.000Z</time>
      </trkpt>
      <trkpt lat="44.202578756958246" lon="125.54740986786783">
        <ele>213.6</ele>
        <time>2026-09-11T10:46:54.000Z</time>
      </trkpt>
      <trkpt lat="44.20293993316591" lon="125.54745160974562">
        <ele>213.8</ele>
        <time>2026-09-11T10:47:07.000Z</time>
      </trkpt>
      <trkpt lat="44.203524654731154" lon="125.54749628528953">
        <ele>214.2</ele>
        <time>2026-09-11T10:47:39.000Z</time>
      </trkpt>
      <trkpt lat="44.204228734597564" lon="125.54756007157266">
        <ele>214.6</ele>
        <time>2026-09-11T10:47:55.000Z</time>
      </trkpt>
      <trkpt lat="44.20495569705963" lon="125.54761958308518">
        <ele>214.8</ele>
        <time>2026-09-11T10:48:11.000Z</time>
      </trkpt>
      <trkpt lat="44.20545198954642" lon="125.54767289198935">
        <ele>214.4</ele>
        <time>2026-09-11T10:48:27.000Z</time>
      </trkpt>
      <trkpt lat="44.20593470335007" lon="125.5477224290371">
        <ele>214.6</ele>
        <time>2026-09-11T10:48:41.000Z</time>
      </trkpt>
      <trkpt lat="44.206741377711296" lon="125.54781462997198">
        <ele>214.6</ele>
        <time>2026-09-11T10:48:57.000Z</time>
      </trkpt>
      <trkpt lat="44.20761619694531" lon="125.54791688919067">
        <ele>214.6</ele>
        <time>2026-09-11T10:49:14.000Z</time>
      </trkpt>
      <trkpt lat="44.20852177776396" lon="125.54804362356663">
        <ele>213.8</ele>
        <time>2026-09-11T10:49:30.000Z</time>
      </trkpt>
      <trkpt lat="44.20948586426675" lon="125.54819935932755">
        <ele>213.2</ele>
        <time>2026-09-11T10:49:46.000Z</time>
      </trkpt>
      <trkpt lat="44.21049571596086" lon="125.54835978895426">
        <ele>212.6</ele>
        <time>2026-09-11T10:50:02.000Z</time>
      </trkpt>
      <trkpt lat="44.21156147494912" lon="125.54853245615959">
        <ele>211.6</ele>
        <time>2026-09-11T10:50:18.000Z</time>
      </trkpt>
      <trkpt lat="44.212652212008834" lon="125.5487100686878">
        <ele>210.8</ele>
        <time>2026-09-11T10:50:34.000Z</time>
      </trkpt>
      <trkpt lat="44.21369215473533" lon="125.54887879639864">
        <ele>209.8</ele>
        <time>2026-09-11T10:50:50.000Z</time>
      </trkpt>
      <trkpt lat="44.214679626747966" lon="125.5490414891392">
        <ele>209</ele>
        <time>2026-09-11T10:51:06.000Z</time>
      </trkpt>
      <trkpt lat="44.2156863771379" lon="125.54919756017625">
        <ele>207.8</ele>
        <time>2026-09-11T10:51:22.000Z</time>
      </trkpt>
      <trkpt lat="44.216852132231" lon="125.54936528205872">
        <ele>206.6</ele>
        <time>2026-09-11T10:51:39.000Z</time>
      </trkpt>
      <trkpt lat="44.21799567528069" lon="125.54950760677457">
        <ele>206</ele>
        <time>2026-09-11T10:51:55.000Z</time>
      </trkpt>
      <trkpt lat="44.21905506402254" lon="125.54963752627373">
        <ele>204.6</ele>
        <time>2026-09-11T10:52:11.000Z</time>
      </trkpt>
      <trkpt lat="44.22010280191898" lon="125.54978605359793">
        <ele>203.8</ele>
        <time>2026-09-11T10:52:27.000Z</time>
      </trkpt>
      <trkpt lat="44.22113059088588" lon="125.5499189067632">
        <ele>203</ele>
        <time>2026-09-11T10:52:43.000Z</time>
      </trkpt>
      <trkpt lat="44.22216868959367" lon="125.55005326867104">
        <ele>202.4</ele>
        <time>2026-09-11T10:52:59.000Z</time>
      </trkpt>
      <trkpt lat="44.22320041805506" lon="125.55019802413881">
        <ele>201.4</ele>
        <time>2026-09-11T10:53:15.000Z</time>
      </trkpt>
      <trkpt lat="44.22422963194549" lon="125.55032526142895">
        <ele>200.8</ele>
        <time>2026-09-11T10:53:31.000Z</time>
      </trkpt>
      <trkpt lat="44.22531483694911" lon="125.55047538131475">
        <ele>200.2</ele>
        <time>2026-09-11T10:53:47.000Z</time>
      </trkpt>
      <trkpt lat="44.226464331150055" lon="125.5506459530443">
        <ele>199.4</ele>
        <time>2026-09-11T10:54:04.000Z</time>
      </trkpt>
      <trkpt lat="44.22757912427187" lon="125.55083747953176">
        <ele>198.6</ele>
        <time>2026-09-11T10:54:20.000Z</time>
      </trkpt>
      <trkpt lat="44.22860657796264" lon="125.55101945064962">
        <ele>198.4</ele>
        <time>2026-09-11T10:54:36.000Z</time>
      </trkpt>
      <trkpt lat="44.229589104652405" lon="125.5512102227658">
        <ele>198.6</ele>
        <time>2026-09-11T10:54:52.000Z</time>
      </trkpt>
      <trkpt lat="44.23052100464702" lon="125.55139848031104">
        <ele>198.6</ele>
        <time>2026-09-11T10:55:08.000Z</time>
      </trkpt>
      <trkpt lat="44.23145290464163" lon="125.55155471898615">
        <ele>198.6</ele>
        <time>2026-09-11T10:55:24.000Z</time>
      </trkpt>
      <trkpt lat="44.23241741023958" lon="125.55175471119583">
        <ele>198.6</ele>
        <time>2026-09-11T10:55:40.000Z</time>
      </trkpt>
      <trkpt lat="44.23342030495405" lon="125.55195076391101">
        <ele>198.4</ele>
        <time>2026-09-11T10:55:56.000Z</time>
      </trkpt>
      <trkpt lat="44.23439453355968" lon="125.55215201340616">
        <ele>198.4</ele>
        <time>2026-09-11T10:56:12.000Z</time>
      </trkpt>
      <trkpt lat="44.23533816821873" lon="125.55233499035239">
        <ele>198.8</ele>
        <time>2026-09-11T10:56:29.000Z</time>
      </trkpt>
      <trkpt lat="44.23626931384206" lon="125.55250681936741">
        <ele>198.8</ele>
        <time>2026-09-11T10:56:45.000Z</time>
      </trkpt>
      <trkpt lat="44.23718788661063" lon="125.55268091149628">
        <ele>198.8</ele>
        <time>2026-09-11T10:57:01.000Z</time>
      </trkpt>
      <trkpt lat="44.238115176558495" lon="125.55286070331931">
        <ele>198.4</ele>
        <time>2026-09-11T10:57:17.000Z</time>
      </trkpt>
      <trkpt lat="44.23902712762356" lon="125.55303948931396">
        <ele>198</ele>
        <time>2026-09-11T10:57:33.000Z</time>
      </trkpt>
      <trkpt lat="44.23990488052368" lon="125.55320436134934">
        <ele>197.8</ele>
        <time>2026-09-11T10:57:49.000Z</time>
      </trkpt>
      <trkpt lat="44.24068741500378" lon="125.55335942655802">
        <ele>197.4</ele>
        <time>2026-09-11T10:58:05.000Z</time>
      </trkpt>
      <trkpt lat="44.24151135608554" lon="125.55352102965117">
        <ele>197.8</ele>
        <time>2026-09-11T10:58:21.000Z</time>
      </trkpt>
      <trkpt lat="44.242358515039086" lon="125.55368330329657">
        <ele>197.2</ele>
        <time>2026-09-11T10:58:38.000Z</time>
      </trkpt>
      <trkpt lat="44.24334095790982" lon="125.5538718122989">
        <ele>197.2</ele>
        <time>2026-09-11T10:58:54.000Z</time>
      </trkpt>
      <trkpt lat="44.24421309493482" lon="125.55404112674296">
        <ele>197.2</ele>
        <time>2026-09-11T10:59:10.000Z</time>
      </trkpt>
      <trkpt lat="44.2451689671725" lon="125.5542222596705">
        <ele>197</ele>
        <time>2026-09-11T10:59:26.000Z</time>
      </trkpt>
      <trkpt lat="44.24610296264291" lon="125.55440548807383">
        <ele>196.8</ele>
        <time>2026-09-11T10:59:42.000Z</time>
      </trkpt>
      <trkpt lat="44.247075682505965" lon="125.5545914825052">
        <ele>196.4</ele>
        <time>2026-09-11T10:59:58.000Z</time>
      </trkpt>
      <trkpt lat="44.248031470924616" lon="125.5547764711082">
        <ele>196.6</ele>
        <time>2026-09-11T11:00:14.000Z</time>
      </trkpt>
      <trkpt lat="44.24898457713425" lon="125.55496020242572">
        <ele>196.6</ele>
        <time>2026-09-11T11:00:30.000Z</time>
      </trkpt>
      <trkpt lat="44.249917063862085" lon="125.55514108389616">
        <ele>196.4</ele>
        <time>2026-09-11T11:00:46.000Z</time>
      </trkpt>
      <trkpt lat="44.25083949230611" lon="125.55531710386276">
        <ele>196.4</ele>
        <time>2026-09-11T11:01:03.000Z</time>
      </trkpt>
      <trkpt lat="44.251882368698716" lon="125.55552078410983">
        <ele>196.2</ele>
        <time>2026-09-11T11:01:19.000Z</time>
      </trkpt>
      <trkpt lat="44.2528710141778" lon="125.55571532808244">
        <ele>196</ele>
        <time>2026-09-11T11:01:35.000Z</time>
      </trkpt>
      <trkpt lat="44.253802662715316" lon="125.55589528754354">
        <ele>195.6</ele>
        <time>2026-09-11T11:01:51.000Z</time>
      </trkpt>
      <trkpt lat="44.25473758019507" lon="125.55607600137591">
        <ele>195.2</ele>
        <time>2026-09-11T11:02:07.000Z</time>
      </trkpt>
      <trkpt lat="44.25570007413626" lon="125.55626316927373">
        <ele>195.2</ele>
        <time>2026-09-11T11:02:23.000Z</time>
      </trkpt>
      <trkpt lat="44.25664178095758" lon="125.55645352229476">
        <ele>195.4</ele>
        <time>2026-09-11T11:02:39.000Z</time>
      </trkpt>
      <trkpt lat="44.257515259087086" lon="125.55661872960627">
        <ele>195</ele>
        <time>2026-09-11T11:02:55.000Z</time>
      </trkpt>
      <trkpt lat="44.258422600105405" lon="125.55678879842162">
        <ele>194.8</ele>
        <time>2026-09-11T11:03:11.000Z</time>
      </trkpt>
      <trkpt lat="44.25937092863023" lon="125.55697395466268">
        <ele>194.8</ele>
        <time>2026-09-11T11:03:28.000Z</time>
      </trkpt>
      <trkpt lat="44.26037449389696" lon="125.55717042647302">
        <ele>194.8</ele>
        <time>2026-09-11T11:03:44.000Z</time>
      </trkpt>
      <trkpt lat="44.26131125539541" lon="125.55735206231475">
        <ele>194.6</ele>
        <time>2026-09-11T11:04:00.000Z</time>
      </trkpt>
      <trkpt lat="44.26226796582341" lon="125.55753436870873">
        <ele>194.4</ele>
        <time>2026-09-11T11:04:16.000Z</time>
      </trkpt>
      <trkpt lat="44.263222413137555" lon="125.55771667510271">
        <ele>194.4</ele>
        <time>2026-09-11T11:04:32.000Z</time>
      </trkpt>
      <trkpt lat="44.26406487822533" lon="125.55789361707866">
        <ele>194.2</ele>
        <time>2026-09-11T11:04:48.000Z</time>
      </trkpt>
      <trkpt lat="44.26493383012712" lon="125.55805857293308">
        <ele>193.8</ele>
        <time>2026-09-11T11:05:04.000Z</time>
      </trkpt>
      <trkpt lat="44.26575911231339" lon="125.55821472778916">
        <ele>193.8</ele>
        <time>2026-09-11T11:05:20.000Z</time>
      </trkpt>
      <trkpt lat="44.26655958406627" lon="125.55836618877947">
        <ele>193.6</ele>
        <time>2026-09-11T11:05:36.000Z</time>
      </trkpt>
      <trkpt lat="44.2672851216048" lon="125.55851144716144">
        <ele>193.6</ele>
        <time>2026-09-11T11:05:53.000Z</time>
      </trkpt>
      <trkpt lat="44.26761402748525" lon="125.55856861174107">
        <ele>193.4</ele>
        <time>2026-09-11T11:06:02.000Z</time>
      </trkpt>
      <trkpt lat="44.26849831826985" lon="125.55874169804156">
        <ele>193.4</ele>
        <time>2026-09-11T11:06:18.000Z</time>
      </trkpt>
      <trkpt lat="44.269473887979984" lon="125.55893272161484">
        <ele>193.2</ele>
        <time>2026-09-11T11:06:34.000Z</time>
      </trkpt>
      <trkpt lat="44.27046471275389" lon="125.55912089534104">
        <ele>193</ele>
        <time>2026-09-11T11:06:50.000Z</time>
      </trkpt>
      <trkpt lat="44.27147816866636" lon="125.55932709015906">
        <ele>193</ele>
        <time>2026-09-11T11:07:06.000Z</time>
      </trkpt>
      <trkpt lat="44.27248902618885" lon="125.55951819755137">
        <ele>192.8</ele>
        <time>2026-09-11T11:07:22.000Z</time>
      </trkpt>
      <trkpt lat="44.27341531030834" lon="125.55970150977373">
        <ele>192.4</ele>
        <time>2026-09-11T11:07:38.000Z</time>
      </trkpt>
      <trkpt lat="44.274347964674234" lon="125.55988096632063">
        <ele>192.6</ele>
        <time>2026-09-11T11:07:54.000Z</time>
      </trkpt>
      <trkpt lat="44.27526821382344" lon="125.56005246005952">
        <ele>192.8</ele>
        <time>2026-09-11T11:08:11.000Z</time>
      </trkpt>
      <trkpt lat="44.27618259564042" lon="125.5602283962071">
        <ele>192.6</ele>
        <time>2026-09-11T11:08:27.000Z</time>
      </trkpt>
      <trkpt lat="44.276775028556585" lon="125.56034658104181">
        <ele>192.2</ele>
        <time>2026-09-11T11:08:43.000Z</time>
      </trkpt>
      <trkpt lat="44.27699723280966" lon="125.56043945252895">
        <ele>192</ele>
        <time>2026-09-11T11:08:52.000Z</time>
      </trkpt>
      <trkpt lat="44.27685448899865" lon="125.56049837730825">
        <ele>191.6</ele>
        <time>2026-09-11T11:08:57.000Z</time>
      </trkpt>
      <trkpt lat="44.27648048847914" lon="125.56045512668788">
        <ele>191.6</ele>
        <time>2026-09-11T11:09:11.000Z</time>
      </trkpt>
      <trkpt lat="44.27631779573858" lon="125.56058286689222">
        <ele>191.6</ele>
        <time>2026-09-11T11:09:22.000Z</time>
      </trkpt>
      <trkpt lat="44.276245795190334" lon="125.56058789603412">
        <ele>191.6</ele>
        <time>2026-09-11T11:10:37.000Z</time>
      </trkpt>
      <trkpt lat="44.27624520845711" lon="125.56061991490424">
        <ele>191.2</ele>
        <time>2026-09-11T11:49:57.000Z</time>
      </trkpt>
      <trkpt lat="44.27646112628281" lon="125.56049485690892">
        <ele>191.8</ele>
        <time>2026-09-11T11:50:08.000Z</time>
      </trkpt>
      <trkpt lat="44.27681769244373" lon="125.56053777225316">
        <ele>191.4</ele>
        <time>2026-09-11T11:50:21.000Z</time>
      </trkpt>
      <trkpt lat="44.27726201713085" lon="125.56060776114464">
        <ele>191.2</ele>
        <time>2026-09-11T11:50:38.000Z</time>
      </trkpt>
      <trkpt lat="44.27768798545003" lon="125.56072862818837">
        <ele>191.6</ele>
        <time>2026-09-11T11:50:53.000Z</time>
      </trkpt>
      <trkpt lat="44.27817681804299" lon="125.56083340197802">
        <ele>191.6</ele>
        <time>2026-09-11T11:51:09.000Z</time>
      </trkpt>
      <trkpt lat="44.278588285669684" lon="125.56091487407684">
        <ele>191.6</ele>
        <time>2026-09-11T11:51:23.000Z</time>
      </trkpt>
      <trkpt lat="44.27890671417117" lon="125.56087237782776">
        <ele>191.4</ele>
        <time>2026-09-11T11:51:33.000Z</time>
      </trkpt>
      <trkpt lat="44.27924919873476" lon="125.56083541363478">
        <ele>192</ele>
        <time>2026-09-11T11:51:45.000Z</time>
      </trkpt>
      <trkpt lat="44.27988396026194" lon="125.56095711886883">
        <ele>191.8</ele>
        <time>2026-09-11T11:52:01.000Z</time>
      </trkpt>
      <trkpt lat="44.280559876933694" lon="125.56109768338501">
        <ele>191.6</ele>
        <time>2026-09-11T11:52:17.000Z</time>
      </trkpt>
      <trkpt lat="44.281295808032155" lon="125.5612783972174">
        <ele>191</ele>
        <time>2026-09-11T11:52:33.000Z</time>
      </trkpt>
      <trkpt lat="44.28209099918604" lon="125.56157872080803">
        <ele>191</ele>
        <time>2026-09-11T11:52:50.000Z</time>
      </trkpt>
      <trkpt lat="44.28286858834326" lon="125.56197761557996">
        <ele>190.6</ele>
        <time>2026-09-11T11:53:06.000Z</time>
      </trkpt>
      <trkpt lat="44.28324996493757" lon="125.56226436048746">
        <ele>190.4</ele>
        <time>2026-09-11T11:53:14.000Z</time>
      </trkpt>
      <trkpt lat="44.28356462158263" lon="125.56273651309311">
        <ele>189.6</ele>
        <time>2026-09-11T11:53:25.000Z</time>
      </trkpt>
      <trkpt lat="44.28386771120131" lon="125.56291915476322">
        <ele>190</ele>
        <time>2026-09-11T11:53:38.000Z</time>
      </trkpt>
      <trkpt lat="44.28389838896692" lon="125.56300649419427">
        <ele>189.8</ele>
        <time>2026-09-11T11:53:44.000Z</time>
      </trkpt>
      <trkpt lat="44.283737456426024" lon="125.56300691328943">
        <ele>190</ele>
        <time>2026-09-11T11:53:55.000Z</time>
      </trkpt>
      <trkpt lat="44.28391255438328" lon="125.56306449696422">
        <ele>190.2</ele>
        <time>2026-09-11T11:54:06.000Z</time>
      </trkpt>
      <trkpt lat="44.28409410640597" lon="125.5631294567138">
        <ele>190.2</ele>
        <time>2026-09-11T11:54:16.000Z</time>
      </trkpt>
      <trkpt lat="44.284098129719496" lon="125.56293700821698">
        <ele>190.2</ele>
        <time>2026-09-11T11:54:22.000Z</time>
      </trkpt>
      <trkpt lat="44.28428437560797" lon="125.56280876509845">
        <ele>190.2</ele>
        <time>2026-09-11T11:54:29.000Z</time>
      </trkpt>
      <trkpt lat="44.28490270860493" lon="125.56320757605135">
        <ele>190.2</ele>
        <time>2026-09-11T11:54:45.000Z</time>
      </trkpt>
      <trkpt lat="44.28563327528536" lon="125.563645362854">
        <ele>190</ele>
        <time>2026-09-11T11:55:01.000Z</time>
      </trkpt>
      <trkpt lat="44.2863429710269" lon="125.56406890042126">
        <ele>189.8</ele>
        <time>2026-09-11T11:55:18.000Z</time>
      </trkpt>
      <trkpt lat="44.28704612888396" lon="125.56449746713042">
        <ele>189.8</ele>
        <time>2026-09-11T11:55:34.000Z</time>
      </trkpt>
      <trkpt lat="44.28783151321113" lon="125.56496249511838">
        <ele>189.8</ele>
        <time>2026-09-11T11:55:50.000Z</time>
      </trkpt>
      <trkpt lat="44.288593009114265" lon="125.56542308069766">
        <ele>189.8</ele>
        <time>2026-09-11T11:56:06.000Z</time>
      </trkpt>
      <trkpt lat="44.28927303291857" lon="125.56583672761917">
        <ele>190</ele>
        <time>2026-09-11T11:56:22.000Z</time>
      </trkpt>
      <trkpt lat="44.28991885855794" lon="125.56623109616339">
        <ele>190</ele>
        <time>2026-09-11T11:56:38.000Z</time>
      </trkpt>
      <trkpt lat="44.29055160842836" lon="125.56660450994968">
        <ele>189.4</ele>
        <time>2026-09-11T11:56:54.000Z</time>
      </trkpt>
      <trkpt lat="44.291097186505795" lon="125.56693316437304">
        <ele>189.2</ele>
        <time>2026-09-11T11:57:10.000Z</time>
      </trkpt>
      <trkpt lat="44.29172306321561" lon="125.56730758398771">
        <ele>189.2</ele>
        <time>2026-09-11T11:57:26.000Z</time>
      </trkpt>
      <trkpt lat="44.29236645810306" lon="125.56770379655063">
        <ele>189</ele>
        <time>2026-09-11T11:57:43.000Z</time>
      </trkpt>
      <trkpt lat="44.29314035922289" lon="125.5681575089693">
        <ele>188.6</ele>
        <time>2026-09-11T11:57:59.000Z</time>
      </trkpt>
      <trkpt lat="44.29391308687627" lon="125.56857358664274">
        <ele>188.6</ele>
        <time>2026-09-11T11:58:15.000Z</time>
      </trkpt>
      <trkpt lat="44.29467877373099" lon="125.56895596906543">
        <ele>188.6</ele>
        <time>2026-09-11T11:58:31.000Z</time>
      </trkpt>
      <trkpt lat="44.29545879364014" lon="125.56932418607175">
        <ele>188.8</ele>
        <time>2026-09-11T11:58:47.000Z</time>
      </trkpt>
      <trkpt lat="44.2962584272027" lon="125.5697152018547">
        <ele>188.8</ele>
        <time>2026-09-11T11:59:03.000Z</time>
      </trkpt>
      <trkpt lat="44.29703467525542" lon="125.5700814910233">
        <ele>189</ele>
        <time>2026-09-11T11:59:19.000Z</time>
      </trkpt>
      <trkpt lat="44.297820730134845" lon="125.57045230641961">
        <ele>189.2</ele>
        <time>2026-09-11T11:59:35.000Z</time>
      </trkpt>
      <trkpt lat="44.29862078279257" lon="125.5708362814039">
        <ele>189.2</ele>
        <time>2026-09-11T11:59:51.000Z</time>
      </trkpt>
      <trkpt lat="44.299450758844614" lon="125.57122251950204">
        <ele>189.2</ele>
        <time>2026-09-11T12:00:08.000Z</time>
      </trkpt>
      <trkpt lat="44.29994101636112" lon="125.57141999714077">
        <ele>189.2</ele>
        <time>2026-09-11T12:00:22.000Z</time>
      </trkpt>
      <trkpt lat="44.30061316117644" lon="125.5717861186713">
        <ele>189.2</ele>
        <time>2026-09-11T12:00:36.000Z</time>
      </trkpt>
      <trkpt lat="44.30140759795904" lon="125.57217068038881">
        <ele>189.2</ele>
        <time>2026-09-11T12:00:52.000Z</time>
      </trkpt>
      <trkpt lat="44.30225341580808" lon="125.57257041335106">
        <ele>189.2</ele>
        <time>2026-09-11T12:01:08.000Z</time>
      </trkpt>
      <trkpt lat="44.30309998802841" lon="125.57297081686556">
        <ele>189.2</ele>
        <time>2026-09-11T12:01:24.000Z</time>
      </trkpt>
      <trkpt lat="44.303984362632036" lon="125.57339712046087">
        <ele>189.2</ele>
        <time>2026-09-11T12:01:40.000Z</time>
      </trkpt>
      <trkpt lat="44.304967476055026" lon="125.57386172935367">
        <ele>189</ele>
        <time>2026-09-11T12:01:56.000Z</time>
      </trkpt>
      <trkpt lat="44.306090231984854" lon="125.57439817115664">
        <ele>189.2</ele>
        <time>2026-09-11T12:02:12.000Z</time>
      </trkpt>
      <trkpt lat="44.30710502900183" lon="125.57489102706313">
        <ele>189</ele>
        <time>2026-09-11T12:02:29.000Z</time>
      </trkpt>
      <trkpt lat="44.3080616556108" lon="125.57534591294825">
        <ele>188.6</ele>
        <time>2026-09-11T12:02:45.000Z</time>
      </trkpt>
      <trkpt lat="44.30899699218571" lon="125.57579141110182">
        <ele>189</ele>
        <time>2026-09-11T12:03:01.000Z</time>
      </trkpt>
      <trkpt lat="44.30995563045144" lon="125.5762480571866">
        <ele>188.6</ele>
        <time>2026-09-11T12:03:17.000Z</time>
      </trkpt>
      <trkpt lat="44.31090706028044" lon="125.57670168578625">
        <ele>188</ele>
        <time>2026-09-11T12:03:33.000Z</time>
      </trkpt>
      <trkpt lat="44.311827728524804" lon="125.57714852504432">
        <ele>188.4</ele>
        <time>2026-09-11T12:03:49.000Z</time>
      </trkpt>
      <trkpt lat="44.31272652000189" lon="125.57764305733144">
        <ele>188.2</ele>
        <time>2026-09-11T12:04:05.000Z</time>
      </trkpt>
      <trkpt lat="44.31354518048465" lon="125.57819441892207">
        <ele>188</ele>
        <time>2026-09-11T12:04:21.000Z</time>
      </trkpt>
      <trkpt lat="44.31439636275172" lon="125.5788541585207">
        <ele>188</ele>
        <time>2026-09-11T12:04:37.000Z</time>
      </trkpt>
      <trkpt lat="44.315170431509614" lon="125.57947726920247">
        <ele>188.6</ele>
        <time>2026-09-11T12:04:54.000Z</time>
      </trkpt>
      <trkpt lat="44.31569119915366" lon="125.57989619672298">
        <ele>189.4</ele>
        <time>2026-09-11T12:05:08.000Z</time>
      </trkpt>
      <trkpt lat="44.315703017637134" lon="125.58012845925987">
        <ele>189.4</ele>
        <time>2026-09-11T12:05:14.000Z</time>
      </trkpt>
      <trkpt lat="44.31577895767987" lon="125.58000834658742">
        <ele>189.4</ele>
        <time>2026-09-11T12:07:48.000Z</time>
      </trkpt>
      <trkpt lat="44.316076934337616" lon="125.58021278120577">
        <ele>189.8</ele>
        <time>2026-09-11T12:08:00.000Z</time>
      </trkpt>
      <trkpt lat="44.3166215904057" lon="125.58064612559974">
        <ele>190.2</ele>
        <time>2026-09-11T12:08:16.000Z</time>
      </trkpt>
      <trkpt lat="44.317220309749246" lon="125.5811246484518">
        <ele>190.4</ele>
        <time>2026-09-11T12:08:32.000Z</time>
      </trkpt>
      <trkpt lat="44.31791039183736" lon="125.58167207054794">
        <ele>190.4</ele>
        <time>2026-09-11T12:08:48.000Z</time>
      </trkpt>
      <trkpt lat="44.31867842562497" lon="125.58230649679899">
        <ele>189.4</ele>
        <time>2026-09-11T12:09:04.000Z</time>
      </trkpt>
      <trkpt lat="44.31950722821057" lon="125.58296791277826">
        <ele>188.8</ele>
        <time>2026-09-11T12:09:20.000Z</time>
      </trkpt>
      <trkpt lat="44.32035178877413" lon="125.58364718221128">
        <ele>188.2</ele>
        <time>2026-09-11T12:09:37.000Z</time>
      </trkpt>
      <trkpt lat="44.32121981866658" lon="125.58434966951609">
        <ele>187.4</ele>
        <time>2026-09-11T12:09:53.000Z</time>
      </trkpt>
      <trkpt lat="44.32213260792196" lon="125.58508560061455">
        <ele>187</ele>
        <time>2026-09-11T12:10:09.000Z</time>
      </trkpt>
      <trkpt lat="44.32299795560539" lon="125.58577358722687">
        <ele>186.8</ele>
        <time>2026-09-11T12:10:25.000Z</time>
      </trkpt>
      <trkpt lat="44.32376096025109" lon="125.58639862574637">
        <ele>186.6</ele>
        <time>2026-09-11T12:10:41.000Z</time>
      </trkpt>
      <trkpt lat="44.32446923106909" lon="125.58696708641946">
        <ele>186.2</ele>
        <time>2026-09-11T12:10:57.000Z</time>
      </trkpt>
      <trkpt lat="44.32517431676388" lon="125.58752230368555">
        <ele>186.4</ele>
        <time>2026-09-11T12:11:13.000Z</time>
      </trkpt>
      <trkpt lat="44.32586867362261" lon="125.58808439411223">
        <ele>186.8</ele>
        <time>2026-09-11T12:11:29.000Z</time>
      </trkpt>
      <trkpt lat="44.32653578929603" lon="125.58863148093224">
        <ele>187.2</ele>
        <time>2026-09-11T12:11:45.000Z</time>
      </trkpt>
      <trkpt lat="44.32725881226361" lon="125.5892447847873">
        <ele>187.4</ele>
        <time>2026-09-11T12:12:02.000Z</time>
      </trkpt>
      <trkpt lat="44.32812239974737" lon="125.59004299342632">
        <ele>187</ele>
        <time>2026-09-11T12:12:18.000Z</time>
      </trkpt>
      <trkpt lat="44.3290429841727" lon="125.59092200361192">
        <ele>185.8</ele>
        <time>2026-09-11T12:12:34.000Z</time>
      </trkpt>
      <trkpt lat="44.32997463271022" lon="125.591857759282">
        <ele>184.2</ele>
        <time>2026-09-11T12:12:50.000Z</time>
      </trkpt>
      <trkpt lat="44.33088591322303" lon="125.59282620437443">
        <ele>183.2</ele>
        <time>2026-09-11T12:13:06.000Z</time>
      </trkpt>
      <trkpt lat="44.33177079074085" lon="125.59379381127656">
        <ele>182.6</ele>
        <time>2026-09-11T12:13:22.000Z</time>
      </trkpt>
      <trkpt lat="44.33258970268071" lon="125.59467047452927">
        <ele>182.2</ele>
        <time>2026-09-11T12:13:38.000Z</time>
      </trkpt>
      <trkpt lat="44.33335840702057" lon="125.59550330042839">
        <ele>182</ele>
        <time>2026-09-11T12:13:54.000Z</time>
      </trkpt>
      <trkpt lat="44.334111688658595" lon="125.59631869196892">
        <ele>182</ele>
        <time>2026-09-11T12:14:10.000Z</time>
      </trkpt>
      <trkpt lat="44.33486849069595" lon="125.59713182039559">
        <ele>182</ele>
        <time>2026-09-11T12:14:27.000Z</time>
      </trkpt>
      <trkpt lat="44.335626382380724" lon="125.59794729575515">
        <ele>181.8</ele>
        <time>2026-09-11T12:14:43.000Z</time>
      </trkpt>
      <trkpt lat="44.336341777816415" lon="125.59871616773307">
        <ele>181.8</ele>
        <time>2026-09-11T12:14:59.000Z</time>
      </trkpt>
      <trkpt lat="44.33707360178232" lon="125.59951010160148">
        <ele>181.6</ele>
        <time>2026-09-11T12:15:15.000Z</time>
      </trkpt>
      <trkpt lat="44.3378019053489" lon="125.60029372572899">
        <ele>181.4</ele>
        <time>2026-09-11T12:15:31.000Z</time>
      </trkpt>
      <trkpt lat="44.338512271642685" lon="125.6010527908802">
        <ele>181.6</ele>
        <time>2026-09-11T12:15:47.000Z</time>
      </trkpt>
      <trkpt lat="44.33923043310642" lon="125.6018334813416">
        <ele>181</ele>
        <time>2026-09-11T12:16:03.000Z</time>
      </trkpt>
      <trkpt lat="44.33994331397116" lon="125.6026004254818">
        <ele>180.8</ele>
        <time>2026-09-11T12:16:19.000Z</time>
      </trkpt>
      <trkpt lat="44.34063800610602" lon="125.60335027053952">
        <ele>181</ele>
        <time>2026-09-11T12:16:35.000Z</time>
      </trkpt>
      <trkpt lat="44.341320963576436" lon="125.604083603248">
        <ele>180.8</ele>
        <time>2026-09-11T12:16:52.000Z</time>
      </trkpt>
      <trkpt lat="44.34198313392699" lon="125.60479195788503">
        <ele>180.6</ele>
        <time>2026-09-11T12:17:08.000Z</time>
      </trkpt>
      <trkpt lat="44.34271537698805" lon="125.60558681376278">
        <ele>180.6</ele>
        <time>2026-09-11T12:17:24.000Z</time>
      </trkpt>
      <trkpt lat="44.34339741244912" lon="125.60632995329797">
        <ele>180.4</ele>
        <time>2026-09-11T12:17:40.000Z</time>
      </trkpt>
      <trkpt lat="44.34409520588815" lon="125.60710058547556">
        <ele>180.6</ele>
        <time>2026-09-11T12:17:56.000Z</time>
      </trkpt>
      <trkpt lat="44.3447039835155" lon="125.60778019018471">
        <ele>180.4</ele>
        <time>2026-09-11T12:18:12.000Z</time>
      </trkpt>
      <trkpt lat="44.3453583586961" lon="125.60850941576064">
        <ele>180.2</ele>
        <time>2026-09-11T12:18:28.000Z</time>
      </trkpt>
      <trkpt lat="44.345991695299745" lon="125.60922020114958">
        <ele>180</ele>
        <time>2026-09-11T12:18:44.000Z</time>
      </trkpt>
      <trkpt lat="44.34663852676749" lon="125.60995487496257">
        <ele>180.2</ele>
        <time>2026-09-11T12:19:01.000Z</time>
      </trkpt>
      <trkpt lat="44.347293488681316" lon="125.61070279218256">
        <ele>180.4</ele>
        <time>2026-09-11T12:19:17.000Z</time>
      </trkpt>
      <trkpt lat="44.34796881861985" lon="125.6114608515054">
        <ele>180.4</ele>
        <time>2026-09-11T12:19:33.000Z</time>
      </trkpt>
      <trkpt lat="44.34862260706723" lon="125.61220055446029">
        <ele>180.6</ele>
        <time>2026-09-11T12:19:49.000Z</time>
      </trkpt>
      <trkpt lat="44.34927606023848" lon="125.61293732374907">
        <ele>180.6</ele>
        <time>2026-09-11T12:20:05.000Z</time>
      </trkpt>
      <trkpt lat="44.349906127899885" lon="125.61364936642349">
        <ele>180.8</ele>
        <time>2026-09-11T12:20:21.000Z</time>
      </trkpt>
      <trkpt lat="44.35055807232857" lon="125.61438471078873">
        <ele>181.2</ele>
        <time>2026-09-11T12:20:37.000Z</time>
      </trkpt>
      <trkpt lat="44.35116031207144" lon="125.61506481841207">
        <ele>180.8</ele>
        <time>2026-09-11T12:20:53.000Z</time>
      </trkpt>
      <trkpt lat="44.351815693080425" lon="125.615802006796">
        <ele>181</ele>
        <time>2026-09-11T12:21:09.000Z</time>
      </trkpt>
      <trkpt lat="44.35248666442931" lon="125.6165599822998">
        <ele>181</ele>
        <time>2026-09-11T12:21:26.000Z</time>
      </trkpt>
      <trkpt lat="44.35315906070173" lon="125.61732784844935">
        <ele>181.2</ele>
        <time>2026-09-11T12:21:42.000Z</time>
      </trkpt>
      <trkpt lat="44.35383087024093" lon="125.61809026636183">
        <ele>181.8</ele>
        <time>2026-09-11T12:21:58.000Z</time>
      </trkpt>
      <trkpt lat="44.35436270199716" lon="125.61869921162724">
        <ele>183.2</ele>
        <time>2026-09-11T12:22:14.000Z</time>
      </trkpt>
      <trkpt lat="44.35490509495139" lon="125.61930974945426">
        <ele>184.4</ele>
        <time>2026-09-11T12:22:30.000Z</time>
      </trkpt>
      <trkpt lat="44.35546928085387" lon="125.6199430860579">
        <ele>185.4</ele>
        <time>2026-09-11T12:22:46.000Z</time>
      </trkpt>
      <trkpt lat="44.35601125471294" lon="125.620551193133">
        <ele>186.2</ele>
        <time>2026-09-11T12:23:02.000Z</time>
      </trkpt>
      <trkpt lat="44.35653068125248" lon="125.62114672735333">
        <ele>186.6</ele>
        <time>2026-09-11T12:23:18.000Z</time>
      </trkpt>
      <trkpt lat="44.35710249468684" lon="125.62179548665881">
        <ele>187.2</ele>
        <time>2026-09-11T12:23:34.000Z</time>
      </trkpt>
      <trkpt lat="44.35766248963773" lon="125.62242010608315">
        <ele>187.6</ele>
        <time>2026-09-11T12:23:51.000Z</time>
      </trkpt>
      <trkpt lat="44.35823111794889" lon="125.62306970357895">
        <ele>187.8</ele>
        <time>2026-09-11T12:24:07.000Z</time>
      </trkpt>
      <trkpt lat="44.358871998265386" lon="125.62380672432482">
        <ele>187.6</ele>
        <time>2026-09-11T12:24:23.000Z</time>
      </trkpt>
      <trkpt lat="44.35949728824198" lon="125.62450418248773">
        <ele>187.6</ele>
        <time>2026-09-11T12:24:39.000Z</time>
      </trkpt>
      <trkpt lat="44.36018133535981" lon="125.62525721266866">
        <ele>187.4</ele>
        <time>2026-09-11T12:24:55.000Z</time>
      </trkpt>
      <trkpt lat="44.36087502166629" lon="125.62606606632471">
        <ele>187.4</ele>
        <time>2026-09-11T12:25:11.000Z</time>
      </trkpt>
      <trkpt lat="44.36159578152001" lon="125.62687785364687">
        <ele>187.8</ele>
        <time>2026-09-11T12:25:27.000Z</time>
      </trkpt>
      <trkpt lat="44.362302627414465" lon="125.6276781577617">
        <ele>187.2</ele>
        <time>2026-09-11T12:25:43.000Z</time>
      </trkpt>
      <trkpt lat="44.36296697705984" lon="125.62843018211424">
        <ele>187</ele>
        <time>2026-09-11T12:25:59.000Z</time>
      </trkpt>
      <trkpt lat="44.36361741274595" lon="125.62917751260102">
        <ele>186.2</ele>
        <time>2026-09-11T12:26:16.000Z</time>
      </trkpt>
      <trkpt lat="44.36433565802872" lon="125.62998376786709">
        <ele>186.2</ele>
        <time>2026-09-11T12:26:32.000Z</time>
      </trkpt>
      <trkpt lat="44.365082485601306" lon="125.63082749024034">
        <ele>186.4</ele>
        <time>2026-09-11T12:26:48.000Z</time>
      </trkpt>
      <trkpt lat="44.36574876308441" lon="125.63158647157252">
        <ele>186.2</ele>
        <time>2026-09-11T12:27:04.000Z</time>
      </trkpt>
      <trkpt lat="44.366384698078036" lon="125.63229750841856">
        <ele>185.8</ele>
        <time>2026-09-11T12:27:20.000Z</time>
      </trkpt>
      <trkpt lat="44.367014011368155" lon="125.63300871290267">
        <ele>185.8</ele>
        <time>2026-09-11T12:27:36.000Z</time>
      </trkpt>
      <trkpt lat="44.367641899734735" lon="125.63372570089996">
        <ele>185.6</ele>
        <time>2026-09-11T12:27:52.000Z</time>
      </trkpt>
      <trkpt lat="44.36831479892135" lon="125.63449205830693">
        <ele>185.4</ele>
        <time>2026-09-11T12:28:08.000Z</time>
      </trkpt>
      <trkpt lat="44.369033463299274" lon="125.6353020016104">
        <ele>185.2</ele>
        <time>2026-09-11T12:28:24.000Z</time>
      </trkpt>
      <trkpt lat="44.36976872384548" lon="125.63613172620535">
        <ele>185</ele>
        <time>2026-09-11T12:28:41.000Z</time>
      </trkpt>
      <trkpt lat="44.37044036574662" lon="125.63690101727843">
        <ele>185</ele>
        <time>2026-09-11T12:28:57.000Z</time>
      </trkpt>
      <trkpt lat="44.371197083964944" lon="125.63775697723031">
        <ele>184.6</ele>
        <time>2026-09-11T12:29:13.000Z</time>
      </trkpt>
      <trkpt lat="44.371930081397295" lon="125.63858452253044">
        <ele>185.2</ele>
        <time>2026-09-11T12:29:29.000Z</time>
      </trkpt>
      <trkpt lat="44.372623432427645" lon="125.63937309198081">
        <ele>185.6</ele>
        <time>2026-09-11T12:29:45.000Z</time>
      </trkpt>
      <trkpt lat="44.373273784294724" lon="125.64011111855507">
        <ele>185.6</ele>
        <time>2026-09-11T12:30:01.000Z</time>
      </trkpt>
      <trkpt lat="44.373929500579834" lon="125.64085006713867">
        <ele>185.8</ele>
        <time>2026-09-11T12:30:17.000Z</time>
      </trkpt>
      <trkpt lat="44.37460910528898" lon="125.64160879701376">
        <ele>186</ele>
        <time>2026-09-11T12:30:33.000Z</time>
      </trkpt>
      <trkpt lat="44.37527731060982" lon="125.64238127321005">
        <ele>186</ele>
        <time>2026-09-11T12:30:49.000Z</time>
      </trkpt>
      <trkpt lat="44.375955406576395" lon="125.64313815906644">
        <ele>186.2</ele>
        <time>2026-09-11T12:31:06.000Z</time>
      </trkpt>
      <trkpt lat="44.376626294106245" lon="125.64390242099762">
        <ele>186.4</ele>
        <time>2026-09-11T12:31:22.000Z</time>
      </trkpt>
      <trkpt lat="44.37738896347582" lon="125.64473851583898">
        <ele>185.8</ele>
        <time>2026-09-11T12:31:38.000Z</time>
      </trkpt>
      <trkpt lat="44.37811877578497" lon="125.64555189572275">
        <ele>185.6</ele>
        <time>2026-09-11T12:31:54.000Z</time>
      </trkpt>
      <trkpt lat="44.378840709105134" lon="125.64633820205927">
        <ele>185.6</ele>
        <time>2026-09-11T12:32:10.000Z</time>
      </trkpt>
      <trkpt lat="44.37953690998256" lon="125.64709114842117">
        <ele>185.2</ele>
        <time>2026-09-11T12:32:26.000Z</time>
      </trkpt>
      <trkpt lat="44.38027401454747" lon="125.64787401817739">
        <ele>185.4</ele>
        <time>2026-09-11T12:32:42.000Z</time>
      </trkpt>
      <trkpt lat="44.38103651627898" lon="125.64869301393628">
        <ele>185.4</ele>
        <time>2026-09-11T12:32:58.000Z</time>
      </trkpt>
      <trkpt lat="44.38175509683788" lon="125.64945409074426">
        <ele>185.4</ele>
        <time>2026-09-11T12:33:14.000Z</time>
      </trkpt>
      <trkpt lat="44.38240276649594" lon="125.65014442428946">
        <ele>185.4</ele>
        <time>2026-09-11T12:33:31.000Z</time>
      </trkpt>
      <trkpt lat="44.3830506876111" lon="125.65083760768175">
        <ele>185.2</ele>
        <time>2026-09-11T12:33:47.000Z</time>
      </trkpt>
      <trkpt lat="44.38375082798302" lon="125.65157379023731">
        <ele>185</ele>
        <time>2026-09-11T12:34:03.000Z</time>
      </trkpt>
      <trkpt lat="44.38443973660469" lon="125.65231315791607">
        <ele>185</ele>
        <time>2026-09-11T12:34:19.000Z</time>
      </trkpt>
      <trkpt lat="44.38514482229948" lon="125.65306040458381">
        <ele>184.6</ele>
        <time>2026-09-11T12:34:35.000Z</time>
      </trkpt>
      <trkpt lat="44.38586709089577" lon="125.65383782610297">
        <ele>184.4</ele>
        <time>2026-09-11T12:34:51.000Z</time>
      </trkpt>
      <trkpt lat="44.38659396953881" lon="125.65460912883282">
        <ele>184.4</ele>
        <time>2026-09-11T12:35:07.000Z</time>
      </trkpt>
      <trkpt lat="44.38731347210705" lon="125.65537238493562">
        <ele>184.2</ele>
        <time>2026-09-11T12:35:23.000Z</time>
      </trkpt>
      <trkpt lat="44.38797790557146" lon="125.65607839263976">
        <ele>184.6</ele>
        <time>2026-09-11T12:35:40.000Z</time>
      </trkpt>
      <trkpt lat="44.388667568564415" lon="125.65680678002536">
        <ele>184.8</ele>
        <time>2026-09-11T12:35:56.000Z</time>
      </trkpt>
      <trkpt lat="44.389343820512295" lon="125.65753097645938">
        <ele>184.8</ele>
        <time>2026-09-11T12:36:12.000Z</time>
      </trkpt>
      <trkpt lat="44.3901017960161" lon="125.65832532942295">
        <ele>184.8</ele>
        <time>2026-09-11T12:36:28.000Z</time>
      </trkpt>
      <trkpt lat="44.390877122059464" lon="125.65916435793042">
        <ele>185</ele>
        <time>2026-09-11T12:36:44.000Z</time>
      </trkpt>
      <trkpt lat="44.3916817009449" lon="125.66002266481519">
        <ele>185.4</ele>
        <time>2026-09-11T12:37:00.000Z</time>
      </trkpt>
      <trkpt lat="44.39242500811815" lon="125.660815006122">
        <ele>186</ele>
        <time>2026-09-11T12:37:16.000Z</time>
      </trkpt>
      <trkpt lat="44.39314509741962" lon="125.6615780107677">
        <ele>186</ele>
        <time>2026-09-11T12:37:32.000Z</time>
      </trkpt>
      <trkpt lat="44.39383802935481" lon="125.66231042146683">
        <ele>185.8</ele>
        <time>2026-09-11T12:37:48.000Z</time>
      </trkpt>
      <trkpt lat="44.394520903006196" lon="125.66303512081504">
        <ele>186</ele>
        <time>2026-09-11T12:38:05.000Z</time>
      </trkpt>
      <trkpt lat="44.395234789699316" lon="125.66378127783537">
        <ele>186.2</ele>
        <time>2026-09-11T12:38:21.000Z</time>
      </trkpt>
      <trkpt lat="44.39601388759911" lon="125.6646016985178">
        <ele>186.2</ele>
        <time>2026-09-11T12:38:37.000Z</time>
      </trkpt>
      <trkpt lat="44.396751411259174" lon="125.6653599254787">
        <ele>186.4</ele>
        <time>2026-09-11T12:38:53.000Z</time>
      </trkpt>
      <trkpt lat="44.39743143506348" lon="125.66608588211238">
        <ele>186.6</ele>
        <time>2026-09-11T12:39:09.000Z</time>
      </trkpt>
      <trkpt lat="44.39807013608515" lon="125.66674335859716">
        <ele>186.2</ele>
        <time>2026-09-11T12:39:25.000Z</time>
      </trkpt>
      <trkpt lat="44.39878452569246" lon="125.6674871686846">
        <ele>186</ele>
        <time>2026-09-11T12:39:41.000Z</time>
      </trkpt>
      <trkpt lat="44.39951618202031" lon="125.668233493343">
        <ele>186.2</ele>
        <time>2026-09-11T12:39:57.000Z</time>
      </trkpt>
      <trkpt lat="44.40022428520024" lon="125.66896380856633">
        <ele>186.2</ele>
        <time>2026-09-11T12:40:13.000Z</time>
      </trkpt>
      <trkpt lat="44.400922916829586" lon="125.66970015875995">
        <ele>186</ele>
        <time>2026-09-11T12:40:30.000Z</time>
      </trkpt>
      <trkpt lat="44.401624482125044" lon="125.67042209208012">
        <ele>186</ele>
        <time>2026-09-11T12:40:46.000Z</time>
      </trkpt>
      <trkpt lat="44.4023450743407" lon="125.67116472870111">
        <ele>186</ele>
        <time>2026-09-11T12:41:02.000Z</time>
      </trkpt>
      <trkpt lat="44.40297237597406" lon="125.67182069644332">
        <ele>186</ele>
        <time>2026-09-11T12:41:18.000Z</time>
      </trkpt>
      <trkpt lat="44.40362331457436" lon="125.67248521372676">
        <ele>186</ele>
        <time>2026-09-11T12:41:34.000Z</time>
      </trkpt>
      <trkpt lat="44.40427475608885" lon="125.67315760999918">
        <ele>186</ele>
        <time>2026-09-11T12:41:50.000Z</time>
      </trkpt>
      <trkpt lat="44.40492795780301" lon="125.67383495159447">
        <ele>186</ele>
        <time>2026-09-11T12:42:06.000Z</time>
      </trkpt>
      <trkpt lat="44.40561879426241" lon="125.67454188130796">
        <ele>185.6</ele>
        <time>2026-09-11T12:42:22.000Z</time>
      </trkpt>
      <trkpt lat="44.40632555633783" lon="125.67526222206652">
        <ele>185.6</ele>
        <time>2026-09-11T12:42:38.000Z</time>
      </trkpt>
      <trkpt lat="44.40708311274648" lon="125.67605162970722">
        <ele>185.4</ele>
        <time>2026-09-11T12:42:55.000Z</time>
      </trkpt>
      <trkpt lat="44.40785659477115" lon="125.67685469985008">
        <ele>185.2</ele>
        <time>2026-09-11T12:43:11.000Z</time>
      </trkpt>
      <trkpt lat="44.40871288999915" lon="125.677739828825">
        <ele>184.4</ele>
        <time>2026-09-11T12:43:27.000Z</time>
      </trkpt>
      <trkpt lat="44.40950145944953" lon="125.6785585731268">
        <ele>184.4</ele>
        <time>2026-09-11T12:43:43.000Z</time>
      </trkpt>
      <trkpt lat="44.41026370972395" lon="125.67934261634946">
        <ele>184.2</ele>
        <time>2026-09-11T12:43:59.000Z</time>
      </trkpt>
      <trkpt lat="44.411038029938936" lon="125.68013537675142">
        <ele>184</ele>
        <time>2026-09-11T12:44:15.000Z</time>
      </trkpt>
      <trkpt lat="44.41180690191686" lon="125.68088605999947">
        <ele>183.4</ele>
        <time>2026-09-11T12:44:31.000Z</time>
      </trkpt>
      <trkpt lat="44.4125818926841" lon="125.68162710405886">
        <ele>183</ele>
        <time>2026-09-11T12:44:47.000Z</time>
      </trkpt>
      <trkpt lat="44.41337775439024" lon="125.68234669044614">
        <ele>182.6</ele>
        <time>2026-09-11T12:45:03.000Z</time>
      </trkpt>
      <trkpt lat="44.41415240988135" lon="125.68301590159535">
        <ele>182.8</ele>
        <time>2026-09-11T12:45:20.000Z</time>
      </trkpt>
      <trkpt lat="44.4149356149137" lon="125.68365510553122">
        <ele>182.6</ele>
        <time>2026-09-11T12:45:36.000Z</time>
      </trkpt>
      <trkpt lat="44.41576341167092" lon="125.68431098945439">
        <ele>181.6</ele>
        <time>2026-09-11T12:45:52.000Z</time>
      </trkpt>
      <trkpt lat="44.416547706350684" lon="125.68490040488541">
        <ele>181.4</ele>
        <time>2026-09-11T12:46:08.000Z</time>
      </trkpt>
      <trkpt lat="44.41731993108988" lon="125.68544497713447">
        <ele>181</ele>
        <time>2026-09-11T12:46:24.000Z</time>
      </trkpt>
      <trkpt lat="44.41800062544644" lon="125.6858972646296">
        <ele>181</ele>
        <time>2026-09-11T12:46:40.000Z</time>
      </trkpt>
      <trkpt lat="44.41870520822704" lon="125.68636648356915">
        <ele>181</ele>
        <time>2026-09-11T12:46:56.000Z</time>
      </trkpt>
      <trkpt lat="44.41940736025572" lon="125.68680787459016">
        <ele>181.4</ele>
        <time>2026-09-11T12:47:12.000Z</time>
      </trkpt>
      <trkpt lat="44.420020915567875" lon="125.6871787738055">
        <ele>181.2</ele>
        <time>2026-09-11T12:47:28.000Z</time>
      </trkpt>
      <trkpt lat="44.42062701098621" lon="125.68753525614738">
        <ele>181.2</ele>
        <time>2026-09-11T12:47:45.000Z</time>
      </trkpt>
      <trkpt lat="44.42117108032107" lon="125.68787338212132">
        <ele>181.2</ele>
        <time>2026-09-11T12:48:01.000Z</time>
      </trkpt>
      <trkpt lat="44.42171288654208" lon="125.68816289305687">
        <ele>181.8</ele>
        <time>2026-09-11T12:48:14.000Z</time>
      </trkpt>
      <trkpt lat="44.422309175133705" lon="125.68842189386487">
        <ele>181.8</ele>
        <time>2026-09-11T12:48:27.000Z</time>
      </trkpt>
      <trkpt lat="44.423065055161715" lon="125.6887864228338">
        <ele>181.8</ele>
        <time>2026-09-11T12:48:43.000Z</time>
      </trkpt>
      <trkpt lat="44.423819091171026" lon="125.68913267925382">
        <ele>182</ele>
        <time>2026-09-11T12:48:59.000Z</time>
      </trkpt>
      <trkpt lat="44.424507496878505" lon="125.68942830897868">
        <ele>181.8</ele>
        <time>2026-09-11T12:49:14.000Z</time>
      </trkpt>
      <trkpt lat="44.42509263753891" lon="125.68971287459135">
        <ele>181.6</ele>
        <time>2026-09-11T12:49:27.000Z</time>
      </trkpt>
      <trkpt lat="44.425788167864084" lon="125.68995360285044">
        <ele>181.4</ele>
        <time>2026-09-11T12:49:43.000Z</time>
      </trkpt>
      <trkpt lat="44.42652678117156" lon="125.69022802636027">
        <ele>181.2</ele>
        <time>2026-09-11T12:50:00.000Z</time>
      </trkpt>
      <trkpt lat="44.42734519019723" lon="125.69047931581736">
        <ele>181.2</ele>
        <time>2026-09-11T12:50:16.000Z</time>
      </trkpt>
      <trkpt lat="44.42813233472407" lon="125.69072716869414">
        <ele>181</ele>
        <time>2026-09-11T12:50:32.000Z</time>
      </trkpt>
      <trkpt lat="44.42894395440817" lon="125.69097007624805">
        <ele>181</ele>
        <time>2026-09-11T12:50:48.000Z</time>
      </trkpt>
      <trkpt lat="44.42972078919411" lon="125.69119445979595">
        <ele>180.8</ele>
        <time>2026-09-11T12:51:04.000Z</time>
      </trkpt>
      <trkpt lat="44.43054783158004" lon="125.69144952110946">
        <ele>180.8</ele>
        <time>2026-09-11T12:51:20.000Z</time>
      </trkpt>
      <trkpt lat="44.43132835440338" lon="125.69168161600828">
        <ele>180.8</ele>
        <time>2026-09-11T12:51:36.000Z</time>
      </trkpt>
      <trkpt lat="44.432150200009346" lon="125.69191597402096">
        <ele>181</ele>
        <time>2026-09-11T12:51:52.000Z</time>
      </trkpt>
      <trkpt lat="44.43307572975755" lon="125.69218738004565">
        <ele>179.6</ele>
        <time>2026-09-11T12:52:08.000Z</time>
      </trkpt>
      <trkpt lat="44.43403067998588" lon="125.69247211329639">
        <ele>178.8</ele>
        <time>2026-09-11T12:52:25.000Z</time>
      </trkpt>
      <trkpt lat="44.435011027380824" lon="125.69276908412576">
        <ele>177.8</ele>
        <time>2026-09-11T12:52:41.000Z</time>
      </trkpt>
      <trkpt lat="44.436146188527346" lon="125.69310419261456">
        <ele>176.2</ele>
        <time>2026-09-11T12:52:57.000Z</time>
      </trkpt>
      <trkpt lat="44.4373868778348" lon="125.69347492419183">
        <ele>175.4</ele>
        <time>2026-09-11T12:53:13.000Z</time>
      </trkpt>
      <trkpt lat="44.43793966434896" lon="125.69364155642688">
        <ele>175.2</ele>
        <time>2026-09-11T12:53:20.000Z</time>
      </trkpt>
      <trkpt lat="44.43896829150617" lon="125.69395076483488">
        <ele>174.6</ele>
        <time>2026-09-11T12:53:33.000Z</time>
      </trkpt>
      <trkpt lat="44.440141255035996" lon="125.6942983623594">
        <ele>174.6</ele>
        <time>2026-09-11T12:53:49.000Z</time>
      </trkpt>
      <trkpt lat="44.44117943756282" lon="125.69461595267057">
        <ele>174.4</ele>
        <time>2026-09-11T12:54:05.000Z</time>
      </trkpt>
      <trkpt lat="44.442177722230554" lon="125.69491258822381">
        <ele>174.4</ele>
        <time>2026-09-11T12:54:21.000Z</time>
      </trkpt>
      <trkpt lat="44.44306000135839" lon="125.69517879746854">
        <ele>174.2</ele>
        <time>2026-09-11T12:54:37.000Z</time>
      </trkpt>
      <trkpt lat="44.44389810785651" lon="125.69541709497571">
        <ele>174.2</ele>
        <time>2026-09-11T12:54:54.000Z</time>
      </trkpt>
      <trkpt lat="44.44470277056098" lon="125.6956699769944">
        <ele>173.8</ele>
        <time>2026-09-11T12:55:10.000Z</time>
      </trkpt>
      <trkpt lat="44.44563215598464" lon="125.69594138301909">
        <ele>173.6</ele>
        <time>2026-09-11T12:55:26.000Z</time>
      </trkpt>
      <trkpt lat="44.44652667269111" lon="125.69621345959604">
        <ele>173.6</ele>
        <time>2026-09-11T12:55:42.000Z</time>
      </trkpt>
      <trkpt lat="44.447328904643655" lon="125.69646131247282">
        <ele>173.6</ele>
        <time>2026-09-11T12:55:58.000Z</time>
      </trkpt>
      <trkpt lat="44.44818100892007" lon="125.69672207348049">
        <ele>173.6</ele>
        <time>2026-09-11T12:56:14.000Z</time>
      </trkpt>
      <trkpt lat="44.449026407673955" lon="125.6969731952995">
        <ele>173.6</ele>
        <time>2026-09-11T12:56:30.000Z</time>
      </trkpt>
      <trkpt lat="44.4498376082629" lon="125.69721031934023">
        <ele>173.6</ele>
        <time>2026-09-11T12:56:46.000Z</time>
      </trkpt>
      <trkpt lat="44.45063757710159" lon="125.6974327750504">
        <ele>174</ele>
        <time>2026-09-11T12:57:02.000Z</time>
      </trkpt>
      <trkpt lat="44.45137778297067" lon="125.69764031097293">
        <ele>174.2</ele>
        <time>2026-09-11T12:57:19.000Z</time>
      </trkpt>
      <trkpt lat="44.45205369964242" lon="125.69784088991582">
        <ele>174.6</ele>
        <time>2026-09-11T12:57:35.000Z</time>
      </trkpt>
      <trkpt lat="44.452753169462085" lon="125.69804666563869">
        <ele>175.2</ele>
        <time>2026-09-11T12:57:51.000Z</time>
      </trkpt>
      <trkpt lat="44.45342271588743" lon="125.69823894649744">
        <ele>175.8</ele>
        <time>2026-09-11T12:58:07.000Z</time>
      </trkpt>
      <trkpt lat="44.45411388762295" lon="125.69845461286604">
        <ele>176</ele>
        <time>2026-09-11T12:58:23.000Z</time>
      </trkpt>
      <trkpt lat="44.454834731295705" lon="125.69866290315986">
        <ele>176.2</ele>
        <time>2026-09-11T12:58:39.000Z</time>
      </trkpt>
      <trkpt lat="44.455508133396506" lon="125.69886406883597">
        <ele>176</ele>
        <time>2026-09-11T12:58:55.000Z</time>
      </trkpt>
      <trkpt lat="44.45618849247694" lon="125.69906942546368">
        <ele>176.2</ele>
        <time>2026-09-11T12:59:11.000Z</time>
      </trkpt>
      <trkpt lat="44.45695107802749" lon="125.69929615594447">
        <ele>176.4</ele>
        <time>2026-09-11T12:59:28.000Z</time>
      </trkpt>
      <trkpt lat="44.45771483704448" lon="125.69952129386365">
        <ele>175.8</ele>
        <time>2026-09-11T12:59:44.000Z</time>
      </trkpt>
      <trkpt lat="44.45850902236998" lon="125.69976177066565">
        <ele>175.4</ele>
        <time>2026-09-11T13:00:00.000Z</time>
      </trkpt>
      <trkpt lat="44.45940303616226" lon="125.70002621971071">
        <ele>174.8</ele>
        <time>2026-09-11T13:00:16.000Z</time>
      </trkpt>
      <trkpt lat="44.46033879183233" lon="125.7003031577915">
        <ele>174.2</ele>
        <time>2026-09-11T13:00:32.000Z</time>
      </trkpt>
      <trkpt lat="44.46128888055682" lon="125.7005880586803">
        <ele>173.6</ele>
        <time>2026-09-11T13:00:48.000Z</time>
      </trkpt>
      <trkpt lat="44.462139727547765" lon="125.70084244944155">
        <ele>173.8</ele>
        <time>2026-09-11T13:01:04.000Z</time>
      </trkpt>
      <trkpt lat="44.462900469079614" lon="125.70106700062752">
        <ele>174</ele>
        <time>2026-09-11T13:01:20.000Z</time>
      </trkpt>
      <trkpt lat="44.46364796720445" lon="125.70127797313035">
        <ele>174.4</ele>
        <time>2026-09-11T13:01:36.000Z</time>
      </trkpt>
      <trkpt lat="44.46437878534198" lon="125.70150629617274">
        <ele>175</ele>
        <time>2026-09-11T13:01:53.000Z</time>
      </trkpt>
      <trkpt lat="44.46510951966047" lon="125.70173277519643">
        <ele>175.8</ele>
        <time>2026-09-11T13:02:09.000Z</time>
      </trkpt>
      <trkpt lat="44.46579867973924" lon="125.70193544961512">
        <ele>176.2</ele>
        <time>2026-09-11T13:02:25.000Z</time>
      </trkpt>
      <trkpt lat="44.466421622782946" lon="125.70212018676102">
        <ele>177.4</ele>
        <time>2026-09-11T13:02:41.000Z</time>
      </trkpt>
      <trkpt lat="44.466970805078745" lon="125.7022874057293">
        <ele>178.6</ele>
        <time>2026-09-11T13:02:57.000Z</time>
      </trkpt>
      <trkpt lat="44.46751152165234" lon="125.70245361886919">
        <ele>179.8</ele>
        <time>2026-09-11T13:03:13.000Z</time>
      </trkpt>
      <trkpt lat="44.46798007003963" lon="125.70258622057736">
        <ele>180.6</ele>
        <time>2026-09-11T13:03:29.000Z</time>
      </trkpt>
      <trkpt lat="44.46845163591206" lon="125.70272988639772">
        <ele>181.8</ele>
        <time>2026-09-11T13:03:45.000Z</time>
      </trkpt>
      <trkpt lat="44.468970727175474" lon="125.70288562215865">
        <ele>182.8</ele>
        <time>2026-09-11T13:04:01.000Z</time>
      </trkpt>
      <trkpt lat="44.46951253339648" lon="125.70304999127984">
        <ele>183.8</ele>
        <time>2026-09-11T13:04:18.000Z</time>
      </trkpt>
      <trkpt lat="44.469999857246876" lon="125.70319592021406">
        <ele>184.6</ele>
        <time>2026-09-11T13:04:34.000Z</time>
      </trkpt>
      <trkpt lat="44.470486007630825" lon="125.70333765819669">
        <ele>185.6</ele>
        <time>2026-09-11T13:04:50.000Z</time>
      </trkpt>
      <trkpt lat="44.4709241297096" lon="125.70346246473491">
        <ele>186.2</ele>
        <time>2026-09-11T13:05:06.000Z</time>
      </trkpt>
      <trkpt lat="44.47135269641876" lon="125.70358182303607">
        <ele>186.6</ele>
        <time>2026-09-11T13:05:22.000Z</time>
      </trkpt>
      <trkpt lat="44.471769612282515" lon="125.70371107198298">
        <ele>187.4</ele>
        <time>2026-09-11T13:05:38.000Z</time>
      </trkpt>
      <trkpt lat="44.472222570329905" lon="125.70384752936661">
        <ele>187.8</ele>
        <time>2026-09-11T13:05:54.000Z</time>
      </trkpt>
      <trkpt lat="44.47259380482137" lon="125.703962193802">
        <ele>188</ele>
        <time>2026-09-11T13:06:10.000Z</time>
      </trkpt>
      <trkpt lat="44.47302287444472" lon="125.70408532395959">
        <ele>188</ele>
        <time>2026-09-11T13:06:26.000Z</time>
      </trkpt>
      <trkpt lat="44.47348605841398" lon="125.7042296603322">
        <ele>188.8</ele>
        <time>2026-09-11T13:06:43.000Z</time>
      </trkpt>
      <trkpt lat="44.473964078351855" lon="125.70437508635223">
        <ele>189</ele>
        <time>2026-09-11T13:06:59.000Z</time>
      </trkpt>
      <trkpt lat="44.474472692236304" lon="125.70452260784805">
        <ele>189</ele>
        <time>2026-09-11T13:07:15.000Z</time>
      </trkpt>
      <trkpt lat="44.47505020536482" lon="125.70468999445438">
        <ele>189.2</ele>
        <time>2026-09-11T13:07:31.000Z</time>
      </trkpt>
      <trkpt lat="44.4755850546062" lon="125.70484397001565">
        <ele>189.6</ele>
        <time>2026-09-11T13:07:47.000Z</time>
      </trkpt>
      <trkpt lat="44.47614588774741" lon="125.70502392947674">
        <ele>190</ele>
        <time>2026-09-11T13:08:03.000Z</time>
      </trkpt>
      <trkpt lat="44.47670730762184" lon="125.70519181899726">
        <ele>190.4</ele>
        <time>2026-09-11T13:08:19.000Z</time>
      </trkpt>
      <trkpt lat="44.47721382603049" lon="125.7053438667208">
        <ele>190.8</ele>
        <time>2026-09-11T13:08:35.000Z</time>
      </trkpt>
      <trkpt lat="44.477662425488234" lon="125.70548610761762">
        <ele>191</ele>
        <time>2026-09-11T13:08:51.000Z</time>
      </trkpt>
      <trkpt lat="44.47819811291993" lon="125.7056385744363">
        <ele>191.2</ele>
        <time>2026-09-11T13:09:08.000Z</time>
      </trkpt>
      <trkpt lat="44.47879775427282" lon="125.7058166898787">
        <ele>191.6</ele>
        <time>2026-09-11T13:09:24.000Z</time>
      </trkpt>
      <trkpt lat="44.4794050231576" lon="125.7059943024069">
        <ele>192</ele>
        <time>2026-09-11T13:09:40.000Z</time>
      </trkpt>
      <trkpt lat="44.48001899756491" lon="125.7061866670847">
        <ele>192.2</ele>
        <time>2026-09-11T13:09:56.000Z</time>
      </trkpt>
      <trkpt lat="44.48061536997557" lon="125.70636495016515">
        <ele>192.8</ele>
        <time>2026-09-11T13:10:12.000Z</time>
      </trkpt>
      <trkpt lat="44.48122238740325" lon="125.70654750801623">
        <ele>193.2</ele>
        <time>2026-09-11T13:10:28.000Z</time>
      </trkpt>
      <trkpt lat="44.48185371235013" lon="125.70673844777048">
        <ele>193.4</ele>
        <time>2026-09-11T13:10:44.000Z</time>
      </trkpt>
      <trkpt lat="44.48248403146863" lon="125.70692888461053">
        <ele>193.6</ele>
        <time>2026-09-11T13:11:00.000Z</time>
      </trkpt>
      <trkpt lat="44.48314167559147" lon="125.70712208747864">
        <ele>193.8</ele>
        <time>2026-09-11T13:11:16.000Z</time>
      </trkpt>
      <trkpt lat="44.48375112377107" lon="125.70730179548264">
        <ele>193.8</ele>
        <time>2026-09-11T13:11:33.000Z</time>
      </trkpt>
      <trkpt lat="44.48434422723949" lon="125.70748720318079">
        <ele>193.8</ele>
        <time>2026-09-11T13:11:49.000Z</time>
      </trkpt>
      <trkpt lat="44.48496591299772" lon="125.70768191479146">
        <ele>194.4</ele>
        <time>2026-09-11T13:12:05.000Z</time>
      </trkpt>
      <trkpt lat="44.48563428595662" lon="125.7078627962619">
        <ele>193.8</ele>
        <time>2026-09-11T13:12:21.000Z</time>
      </trkpt>
      <trkpt lat="44.48629695922136" lon="125.70806002244353">
        <ele>194</ele>
        <time>2026-09-11T13:12:37.000Z</time>
      </trkpt>
      <trkpt lat="44.48695309460163" lon="125.70824400521815">
        <ele>194</ele>
        <time>2026-09-11T13:12:53.000Z</time>
      </trkpt>
      <trkpt lat="44.48763529770076" lon="125.70845648646355">
        <ele>194.2</ele>
        <time>2026-09-11T13:13:09.000Z</time>
      </trkpt>
      <trkpt lat="44.48832211084664" lon="125.70867550559342">
        <ele>194.4</ele>
        <time>2026-09-11T13:13:25.000Z</time>
      </trkpt>
      <trkpt lat="44.48896927759051" lon="125.70889435708523">
        <ele>194.6</ele>
        <time>2026-09-11T13:13:41.000Z</time>
      </trkpt>
      <trkpt lat="44.489619210362434" lon="125.70912661962211">
        <ele>194.6</ele>
        <time>2026-09-11T13:13:58.000Z</time>
      </trkpt>
      <trkpt lat="44.490214325487614" lon="125.70937497541308">
        <ele>195.4</ele>
        <time>2026-09-11T13:14:14.000Z</time>
      </trkpt>
      <trkpt lat="44.49088412337005" lon="125.7096675876528">
        <ele>195.2</ele>
        <time>2026-09-11T13:14:30.000Z</time>
      </trkpt>
      <trkpt lat="44.49159641750157" lon="125.70997830480337">
        <ele>195</ele>
        <time>2026-09-11T13:14:46.000Z</time>
      </trkpt>
      <trkpt lat="44.49228457175195" lon="125.71029522456229">
        <ele>195</ele>
        <time>2026-09-11T13:15:02.000Z</time>
      </trkpt>
      <trkpt lat="44.49290852062404" lon="125.7105917762965">
        <ele>195</ele>
        <time>2026-09-11T13:15:18.000Z</time>
      </trkpt>
      <trkpt lat="44.49356281198561" lon="125.71093887090683">
        <ele>194.4</ele>
        <time>2026-09-11T13:15:34.000Z</time>
      </trkpt>
      <trkpt lat="44.49422908946872" lon="125.71131421253085">
        <ele>194</ele>
        <time>2026-09-11T13:15:50.000Z</time>
      </trkpt>
      <trkpt lat="44.494870556518435" lon="125.71168242953718">
        <ele>193.6</ele>
        <time>2026-09-11T13:16:07.000Z</time>
      </trkpt>
      <trkpt lat="44.49542979709804" lon="125.71201217360795">
        <ele>193.2</ele>
        <time>2026-09-11T13:16:23.000Z</time>
      </trkpt>
      <trkpt lat="44.495593160390854" lon="125.71216690354049">
        <ele>193.4</ele>
        <time>2026-09-11T13:16:34.000Z</time>
      </trkpt>
      <trkpt lat="44.49618123471737" lon="125.71248281747103">
        <ele>193.4</ele>
        <time>2026-09-11T13:17:11.000Z</time>
      </trkpt>
      <trkpt lat="44.4966319296509" lon="125.71277827955782">
        <ele>193.4</ele>
        <time>2026-09-11T13:17:27.000Z</time>
      </trkpt>
      <trkpt lat="44.49716627597809" lon="125.71313048712909">
        <ele>193.2</ele>
        <time>2026-09-11T13:17:43.000Z</time>
      </trkpt>
      <trkpt lat="44.497783267870545" lon="125.71354145184159">
        <ele>192.6</ele>
        <time>2026-09-11T13:17:59.000Z</time>
      </trkpt>
      <trkpt lat="44.49833940714598" lon="125.71391494944692">
        <ele>192</ele>
        <time>2026-09-11T13:18:13.000Z</time>
      </trkpt>
      <trkpt lat="44.49891557916999" lon="125.71437411010265">
        <ele>191.6</ele>
        <time>2026-09-11T13:18:27.000Z</time>
      </trkpt>
      <trkpt lat="44.49963281862438" lon="125.71493360213935">
        <ele>190.6</ele>
        <time>2026-09-11T13:18:44.000Z</time>
      </trkpt>
      <trkpt lat="44.50039959512651" lon="125.71555470116436">
        <ele>189.6</ele>
        <time>2026-09-11T13:19:00.000Z</time>
      </trkpt>
      <trkpt lat="44.50114483013749" lon="125.71619264781475">
        <ele>188.4</ele>
        <time>2026-09-11T13:19:16.000Z</time>
      </trkpt>
      <trkpt lat="44.50194169767201" lon="125.71689865551889">
        <ele>187.4</ele>
        <time>2026-09-11T13:19:32.000Z</time>
      </trkpt>
      <trkpt lat="44.502610908821225" lon="125.71753568015993">
        <ele>187</ele>
        <time>2026-09-11T13:19:48.000Z</time>
      </trkpt>
      <trkpt lat="44.503196217119694" lon="125.71809936314821">
        <ele>186.8</ele>
        <time>2026-09-11T13:20:04.000Z</time>
      </trkpt>
      <trkpt lat="44.50364263728261" lon="125.71856732480228">
        <ele>186.4</ele>
        <time>2026-09-11T13:20:18.000Z</time>
      </trkpt>
      <trkpt lat="44.503686893731356" lon="125.71872289292514">
        <ele>186.2</ele>
        <time>2026-09-11T13:20:23.000Z</time>
      </trkpt>
      <trkpt lat="44.503583796322346" lon="125.71883420459926">
        <ele>186.4</ele>
        <time>2026-09-11T13:20:30.000Z</time>
      </trkpt>
      <trkpt lat="44.5038640871644" lon="125.71895959787071">
        <ele>186.4</ele>
        <time>2026-09-11T13:20:40.000Z</time>
      </trkpt>
      <trkpt lat="44.50432911515236" lon="125.71940258145332">
        <ele>186.2</ele>
        <time>2026-09-11T13:20:57.000Z</time>
      </trkpt>
      <trkpt lat="44.50484518893063" lon="125.7199339941144">
        <ele>186.2</ele>
        <time>2026-09-11T13:21:13.000Z</time>
      </trkpt>
      <trkpt lat="44.50542186386883" lon="125.72044679895043">
        <ele>186.2</ele>
        <time>2026-09-11T13:21:29.000Z</time>
      </trkpt>
      <trkpt lat="44.5060571283102" lon="125.72113998234272">
        <ele>186</ele>
        <time>2026-09-11T13:21:45.000Z</time>
      </trkpt>
      <trkpt lat="44.50663170777261" lon="125.7218297291547">
        <ele>186</ele>
        <time>2026-09-11T13:22:01.000Z</time>
      </trkpt>
      <trkpt lat="44.5072419103235" lon="125.72257831692696">
        <ele>185.6</ele>
        <time>2026-09-11T13:22:17.000Z</time>
      </trkpt>
      <trkpt lat="44.50786963105202" lon="125.72336914949119">
        <ele>185.6</ele>
        <time>2026-09-11T13:22:33.000Z</time>
      </trkpt>
      <trkpt lat="44.508487125858665" lon="125.72418940253556">
        <ele>185</ele>
        <time>2026-09-11T13:22:49.000Z</time>
      </trkpt>
      <trkpt lat="44.50907536782324" lon="125.72500680573285">
        <ele>184.4</ele>
        <time>2026-09-11T13:23:05.000Z</time>
      </trkpt>
      <trkpt lat="44.50966838747263" lon="125.72583669796586">
        <ele>183.6</ele>
        <time>2026-09-11T13:23:22.000Z</time>
      </trkpt>
      <trkpt lat="44.51021363027394" lon="125.72665535844862">
        <ele>183.6</ele>
        <time>2026-09-11T13:23:38.000Z</time>
      </trkpt>
      <trkpt lat="44.51075065881014" lon="125.72746815159917">
        <ele>183.4</ele>
        <time>2026-09-11T13:23:54.000Z</time>
      </trkpt>
      <trkpt lat="44.51129782944918" lon="125.72834079153836">
        <ele>183</ele>
        <time>2026-09-11T13:24:10.000Z</time>
      </trkpt>
      <trkpt lat="44.511804431676865" lon="125.72917001321912">
        <ele>183.2</ele>
        <time>2026-09-11T13:24:26.000Z</time>
      </trkpt>
      <trkpt lat="44.51228312216699" lon="125.73000778444111">
        <ele>182.6</ele>
        <time>2026-09-11T13:24:42.000Z</time>
      </trkpt>
      <trkpt lat="44.51275787316263" lon="125.73084278963506">
        <ele>182.4</ele>
        <time>2026-09-11T13:24:58.000Z</time>
      </trkpt>
      <trkpt lat="44.51320898719132" lon="125.73167075403035">
        <ele>181.8</ele>
        <time>2026-09-11T13:25:14.000Z</time>
      </trkpt>
      <trkpt lat="44.513669488951564" lon="125.73255806230009">
        <ele>181.4</ele>
        <time>2026-09-11T13:25:30.000Z</time>
      </trkpt>
      <trkpt lat="44.514159662649035" lon="125.73352290317416">
        <ele>181.2</ele>
        <time>2026-09-11T13:25:47.000Z</time>
      </trkpt>
      <trkpt lat="44.51466903090477" lon="125.7345309946686">
        <ele>180.2</ele>
        <time>2026-09-11T13:26:03.000Z</time>
      </trkpt>
      <trkpt lat="44.51515023596585" lon="125.73551989160478">
        <ele>179.4</ele>
        <time>2026-09-11T13:26:19.000Z</time>
      </trkpt>
      <trkpt lat="44.515661615878344" lon="125.73661708272994">
        <ele>178.8</ele>
        <time>2026-09-11T13:26:35.000Z</time>
      </trkpt>
      <trkpt lat="44.51608322560787" lon="125.73754068464041">
        <ele>177.4</ele>
        <time>2026-09-11T13:26:51.000Z</time>
      </trkpt>
      <trkpt lat="44.51644750311971" lon="125.73843101039529">
        <ele>176.6</ele>
        <time>2026-09-11T13:27:06.000Z</time>
      </trkpt>
      <trkpt lat="44.51691085472703" lon="125.73936684988439">
        <ele>175.6</ele>
        <time>2026-09-11T13:27:22.000Z</time>
      </trkpt>
      <trkpt lat="44.5173735357821" lon="125.74039472267032">
        <ele>174.6</ele>
        <time>2026-09-11T13:27:38.000Z</time>
      </trkpt>
      <trkpt lat="44.517856081947684" lon="125.74143717996776">
        <ele>173.4</ele>
        <time>2026-09-11T13:27:54.000Z</time>
      </trkpt>
      <trkpt lat="44.51836016960442" lon="125.74253562837839">
        <ele>173</ele>
        <time>2026-09-11T13:28:11.000Z</time>
      </trkpt>
      <trkpt lat="44.51884539797902" lon="125.74361672624946">
        <ele>172.2</ele>
        <time>2026-09-11T13:28:27.000Z</time>
      </trkpt>
      <trkpt lat="44.51932040043175" lon="125.74464744888246">
        <ele>172.6</ele>
        <time>2026-09-11T13:28:43.000Z</time>
      </trkpt>
      <trkpt lat="44.51980386860669" lon="125.74572100304067">
        <ele>172.6</ele>
        <time>2026-09-11T13:28:59.000Z</time>
      </trkpt>
      <trkpt lat="44.52025959268212" lon="125.74672356247902">
        <ele>172.4</ele>
        <time>2026-09-11T13:29:15.000Z</time>
      </trkpt>
      <trkpt lat="44.52071917243302" lon="125.74773425236344">
        <ele>172.6</ele>
        <time>2026-09-11T13:29:31.000Z</time>
      </trkpt>
      <trkpt lat="44.52112670056522" lon="125.74863991700113">
        <ele>172.2</ele>
        <time>2026-09-11T13:29:47.000Z</time>
      </trkpt>
      <trkpt lat="44.521552082151175" lon="125.74957801960409">
        <ele>172</ele>
        <time>2026-09-11T13:30:03.000Z</time>
      </trkpt>
      <trkpt lat="44.52199841849506" lon="125.75056406669319">
        <ele>172.4</ele>
        <time>2026-09-11T13:30:19.000Z</time>
      </trkpt>
      <trkpt lat="44.52245682477951" lon="125.75158850289881">
        <ele>172.4</ele>
        <time>2026-09-11T13:30:36.000Z</time>
      </trkpt>
      <trkpt lat="44.52294901013374" lon="125.75266381725669">
        <ele>171.8</ele>
        <time>2026-09-11T13:30:52.000Z</time>
      </trkpt>
      <trkpt lat="44.52344957739115" lon="125.75376310385764">
        <ele>171.6</ele>
        <time>2026-09-11T13:31:08.000Z</time>
      </trkpt>
      <trkpt lat="44.52397487126291" lon="125.75491989031434">
        <ele>171.4</ele>
        <time>2026-09-11T13:31:24.000Z</time>
      </trkpt>
      <trkpt lat="44.524452555924654" lon="125.75596888549626">
        <ele>171.4</ele>
        <time>2026-09-11T13:31:40.000Z</time>
      </trkpt>
      <trkpt lat="44.52493468299508" lon="125.75701402500272">
        <ele>171.2</ele>
        <time>2026-09-11T13:31:56.000Z</time>
      </trkpt>
      <trkpt lat="44.52539786696434" lon="125.75801038183272">
        <ele>171.4</ele>
        <time>2026-09-11T13:32:12.000Z</time>
      </trkpt>
      <trkpt lat="44.52587462961674" lon="125.75899475254118">
        <ele>171.2</ele>
        <time>2026-09-11T13:32:28.000Z</time>
      </trkpt>
      <trkpt lat="44.526365557685494" lon="125.7599921990186">
        <ele>171.2</ele>
        <time>2026-09-11T13:32:44.000Z</time>
      </trkpt>
      <trkpt lat="44.526862101629376" lon="125.76096760109067">
        <ele>171</ele>
        <time>2026-09-11T13:33:01.000Z</time>
      </trkpt>
      <trkpt lat="44.52738622203469" lon="125.76199119910598">
        <ele>171.4</ele>
        <time>2026-09-11T13:33:17.000Z</time>
      </trkpt>
      <trkpt lat="44.52790891751647" lon="125.76298705302179">
        <ele>171.2</ele>
        <time>2026-09-11T13:33:33.000Z</time>
      </trkpt>
      <trkpt lat="44.52843370847404" lon="125.7639810629189">
        <ele>171</ele>
        <time>2026-09-11T13:33:49.000Z</time>
      </trkpt>
      <trkpt lat="44.528976855799556" lon="125.76496149413288">
        <ele>170.4</ele>
        <time>2026-09-11T13:34:05.000Z</time>
      </trkpt>
      <trkpt lat="44.52951061539352" lon="125.76590487733483">
        <ele>170</ele>
        <time>2026-09-11T13:34:21.000Z</time>
      </trkpt>
      <trkpt lat="44.52988201752305" lon="125.76659236103296">
        <ele>169.4</ele>
        <time>2026-09-11T13:34:37.000Z</time>
      </trkpt>
      <trkpt lat="44.53004856593907" lon="125.76693241484463">
        <ele>169</ele>
        <time>2026-09-11T13:41:44.000Z</time>
      </trkpt>
      <trkpt lat="44.53022450208664" lon="125.76714908704162">
        <ele>169</ele>
        <time>2026-09-11T13:41:58.000Z</time>
      </trkpt>
      <trkpt lat="44.53052616678178" lon="125.76768360100687">
        <ele>168.8</ele>
        <time>2026-09-11T13:42:14.000Z</time>
      </trkpt>
      <trkpt lat="44.530848199501634" lon="125.76822532340884">
        <ele>169</ele>
        <time>2026-09-11T13:42:31.000Z</time>
      </trkpt>
      <trkpt lat="44.531227396801114" lon="125.76883158646524">
        <ele>168.8</ele>
        <time>2026-09-11T13:42:47.000Z</time>
      </trkpt>
      <trkpt lat="44.5316668599844" lon="125.7695331517607">
        <ele>169.2</ele>
        <time>2026-09-11T13:43:03.000Z</time>
      </trkpt>
      <trkpt lat="44.532171534374356" lon="125.77034099958837">
        <ele>169.2</ele>
        <time>2026-09-11T13:43:19.000Z</time>
      </trkpt>
      <trkpt lat="44.53265835531056" lon="125.77110199257731">
        <ele>169.4</ele>
        <time>2026-09-11T13:43:35.000Z</time>
      </trkpt>
      <trkpt lat="44.53316177241504" lon="125.77188075520098">
        <ele>169.4</ele>
        <time>2026-09-11T13:43:51.000Z</time>
      </trkpt>
      <trkpt lat="44.53368245624006" lon="125.77267686836421">
        <ele>169.6</ele>
        <time>2026-09-11T13:44:07.000Z</time>
      </trkpt>
      <trkpt lat="44.53422526828945" lon="125.77349326573312">
        <ele>170</ele>
        <time>2026-09-11T13:44:23.000Z</time>
      </trkpt>
      <trkpt lat="44.534766068682075" lon="125.77431477606297">
        <ele>170.2</ele>
        <time>2026-09-11T13:44:40.000Z</time>
      </trkpt>
      <trkpt lat="44.535315837711096" lon="125.77514491975307">
        <ele>170.4</ele>
        <time>2026-09-11T13:44:56.000Z</time>
      </trkpt>
      <trkpt lat="44.535837192088366" lon="125.77592770569026">
        <ele>170.6</ele>
        <time>2026-09-11T13:45:12.000Z</time>
      </trkpt>
      <trkpt lat="44.53634597361088" lon="125.77670856378973">
        <ele>170.6</ele>
        <time>2026-09-11T13:45:28.000Z</time>
      </trkpt>
      <trkpt lat="44.53688241541386" lon="125.77753007411957">
        <ele>170.6</ele>
        <time>2026-09-11T13:45:44.000Z</time>
      </trkpt>
      <trkpt lat="44.53739605844021" lon="125.77831755392253">
        <ele>170.4</ele>
        <time>2026-09-11T13:46:00.000Z</time>
      </trkpt>
      <trkpt lat="44.53795161098242" lon="125.77914065681398">
        <ele>170.2</ele>
        <time>2026-09-11T13:46:16.000Z</time>
      </trkpt>
      <trkpt lat="44.53850079327822" lon="125.77997130341828">
        <ele>170.4</ele>
        <time>2026-09-11T13:46:32.000Z</time>
      </trkpt>
      <trkpt lat="44.53903438523412" lon="125.78077755868435">
        <ele>170.2</ele>
        <time>2026-09-11T13:46:48.000Z</time>
      </trkpt>
      <trkpt lat="44.539576694369316" lon="125.78160250559449">
        <ele>170.2</ele>
        <time>2026-09-11T13:47:05.000Z</time>
      </trkpt>
      <trkpt lat="44.54010450281203" lon="125.78240549191833">
        <ele>170</ele>
        <time>2026-09-11T13:47:21.000Z</time>
      </trkpt>
      <trkpt lat="44.540607668459415" lon="125.78317168168724">
        <ele>169.6</ele>
        <time>2026-09-11T13:47:37.000Z</time>
      </trkpt>
      <trkpt lat="44.5410661585629" lon="125.78387425281107">
        <ele>169.2</ele>
        <time>2026-09-11T13:47:53.000Z</time>
      </trkpt>
      <trkpt lat="44.54122248105705" lon="125.78413065522909">
        <ele>169.2</ele>
        <time>2026-09-11T13:48:05.000Z</time>
      </trkpt>
      <trkpt lat="44.54170796088874" lon="125.78483356162906">
        <ele>169.2</ele>
        <time>2026-09-11T13:48:31.000Z</time>
      </trkpt>
      <trkpt lat="44.542181957513094" lon="125.78554065898061">
        <ele>169.2</ele>
        <time>2026-09-11T13:48:47.000Z</time>
      </trkpt>
      <trkpt lat="44.54265377484262" lon="125.78628321178257">
        <ele>169</ele>
        <time>2026-09-11T13:49:03.000Z</time>
      </trkpt>
      <trkpt lat="44.543082509189844" lon="125.78695711679757">
        <ele>169.2</ele>
        <time>2026-09-11T13:49:19.000Z</time>
      </trkpt>
      <trkpt lat="44.54331007786095" lon="125.78730798326433">
        <ele>169.2</ele>
        <time>2026-09-11T13:49:35.000Z</time>
      </trkpt>
      <trkpt lat="44.543541334569454" lon="125.78762180171907">
        <ele>169.6</ele>
        <time>2026-09-11T13:54:37.000Z</time>
      </trkpt>
      <trkpt lat="44.543900080025196" lon="125.78816880472004">
        <ele>169.8</ele>
        <time>2026-09-11T13:54:53.000Z</time>
      </trkpt>
      <trkpt lat="44.54433971084654" lon="125.78881345689297">
        <ele>169.8</ele>
        <time>2026-09-11T13:55:09.000Z</time>
      </trkpt>
      <trkpt lat="44.54485318623483" lon="125.78959842212498">
        <ele>169.8</ele>
        <time>2026-09-11T13:55:25.000Z</time>
      </trkpt>
      <trkpt lat="44.54540278762579" lon="125.79042864963412">
        <ele>169.6</ele>
        <time>2026-09-11T13:55:41.000Z</time>
      </trkpt>
      <trkpt lat="44.54594610258937" lon="125.79126005060971">
        <ele>169.8</ele>
        <time>2026-09-11T13:55:57.000Z</time>
      </trkpt>
      <trkpt lat="44.54648916609585" lon="125.79208441078663">
        <ele>170.2</ele>
        <time>2026-09-11T13:56:13.000Z</time>
      </trkpt>
      <trkpt lat="44.54698286019266" lon="125.79283232800663">
        <ele>170.4</ele>
        <time>2026-09-11T13:56:29.000Z</time>
      </trkpt>
      <trkpt lat="44.54749306663871" lon="125.79360857605934">
        <ele>170</ele>
        <time>2026-09-11T13:56:46.000Z</time>
      </trkpt>
      <trkpt lat="44.548051971942186" lon="125.79445514827967">
        <ele>170</ele>
        <time>2026-09-11T13:57:02.000Z</time>
      </trkpt>
      <trkpt lat="44.54860006459057" lon="125.79527598805726">
        <ele>170.2</ele>
        <time>2026-09-11T13:57:18.000Z</time>
      </trkpt>
      <trkpt lat="44.54913977533579" lon="125.79610638320446">
        <ele>170</ele>
        <time>2026-09-11T13:57:34.000Z</time>
      </trkpt>
      <trkpt lat="44.54967822879553" lon="125.7969107106328">
        <ele>170.6</ele>
        <time>2026-09-11T13:57:50.000Z</time>
      </trkpt>
      <trkpt lat="44.55019472166896" lon="125.79769148491323">
        <ele>170.2</ele>
        <time>2026-09-11T13:58:06.000Z</time>
      </trkpt>
      <trkpt lat="44.55073753371835" lon="125.79851819202304">
        <ele>170.2</ele>
        <time>2026-09-11T13:58:22.000Z</time>
      </trkpt>
      <trkpt lat="44.55128847621381" lon="125.79935529269278">
        <ele>170.2</ele>
        <time>2026-09-11T13:58:38.000Z</time>
      </trkpt>
      <trkpt lat="44.551859786733985" lon="125.80022122710943">
        <ele>170.4</ele>
        <time>2026-09-11T13:58:54.000Z</time>
      </trkpt>
      <trkpt lat="44.552404191344976" lon="125.80105279572308">
        <ele>170.4</ele>
        <time>2026-09-11T13:59:11.000Z</time>
      </trkpt>
      <trkpt lat="44.552966114133596" lon="125.80189207568765">
        <ele>170.4</ele>
        <time>2026-09-11T13:59:27.000Z</time>
      </trkpt>
      <trkpt lat="44.55353985540569" lon="125.80276454798877">
        <ele>170.2</ele>
        <time>2026-09-11T13:59:43.000Z</time>
      </trkpt>
      <trkpt lat="44.5541178714484" lon="125.80364372581244">
        <ele>170</ele>
        <time>2026-09-11T13:59:59.000Z</time>
      </trkpt>
      <trkpt lat="44.55472832545638" lon="125.804572859779">
        <ele>170.4</ele>
        <time>2026-09-11T14:00:15.000Z</time>
      </trkpt>
      <trkpt lat="44.55527943558991" lon="125.80539780668914">
        <ele>170.6</ele>
        <time>2026-09-11T14:00:31.000Z</time>
      </trkpt>
      <trkpt lat="44.55587279051542" lon="125.80626449547708">
        <ele>170.2</ele>
        <time>2026-09-11T14:00:47.000Z</time>
      </trkpt>
      <trkpt lat="44.55658541992307" lon="125.80724626779556">
        <ele>170.4</ele>
        <time>2026-09-11T14:01:03.000Z</time>
      </trkpt>
      <trkpt lat="44.557294277474284" lon="125.80818789079785">
        <ele>170.8</ele>
        <time>2026-09-11T14:01:20.000Z</time>
      </trkpt>
      <trkpt lat="44.55795175395906" lon="125.80902432091534">
        <ele>171</ele>
        <time>2026-09-11T14:01:36.000Z</time>
      </trkpt>
      <trkpt lat="44.558586683124304" lon="125.80979528836906">
        <ele>170.6</ele>
        <time>2026-09-11T14:01:52.000Z</time>
      </trkpt>
      <trkpt lat="44.55923820845783" lon="125.81054731272161">
        <ele>170.8</ele>
        <time>2026-09-11T14:02:08.000Z</time>
      </trkpt>
      <trkpt lat="44.559883028268814" lon="125.81126580946147">
        <ele>170.8</ele>
        <time>2026-09-11T14:02:24.000Z</time>
      </trkpt>
      <trkpt lat="44.56055701710284" lon="125.8119791932404">
        <ele>170.6</ele>
        <time>2026-09-11T14:02:40.000Z</time>
      </trkpt>
      <trkpt lat="44.56123787909746" lon="125.81267246045172">
        <ele>170.6</ele>
        <time>2026-09-11T14:02:56.000Z</time>
      </trkpt>
      <trkpt lat="44.561969954520464" lon="125.81338559277356">
        <ele>170.8</ele>
        <time>2026-09-11T14:03:12.000Z</time>
      </trkpt>
      <trkpt lat="44.56270077265799" lon="125.81406486220658">
        <ele>170.8</ele>
        <time>2026-09-11T14:03:28.000Z</time>
      </trkpt>
      <trkpt lat="44.56342153251171" lon="125.81470297649503">
        <ele>170.6</ele>
        <time>2026-09-11T14:03:45.000Z</time>
      </trkpt>
      <trkpt lat="44.56417162902653" lon="125.81533581018448">
        <ele>170.8</ele>
        <time>2026-09-11T14:04:01.000Z</time>
      </trkpt>
      <trkpt lat="44.56496489234269" lon="125.81597375683486">
        <ele>171</ele>
        <time>2026-09-11T14:04:17.000Z</time>
      </trkpt>
      <trkpt lat="44.56569881178439" lon="125.81654188223183">
        <ele>171.2</ele>
        <time>2026-09-11T14:04:33.000Z</time>
      </trkpt>
      <trkpt lat="44.566439017653465" lon="125.81708787940443">
        <ele>171</ele>
        <time>2026-09-11T14:04:49.000Z</time>
      </trkpt>
      <trkpt lat="44.56721853464842" lon="125.8176367264241">
        <ele>171</ele>
        <time>2026-09-11T14:05:05.000Z</time>
      </trkpt>
      <trkpt lat="44.56796527840197" lon="125.8181481063366">
        <ele>170.8</ele>
        <time>2026-09-11T14:05:21.000Z</time>
      </trkpt>
      <trkpt lat="44.56878511235118" lon="125.8187242783606">
        <ele>170.6</ele>
        <time>2026-09-11T14:05:37.000Z</time>
      </trkpt>
      <trkpt lat="44.56960888579488" lon="125.81930288113654">
        <ele>171.2</ele>
        <time>2026-09-11T14:05:53.000Z</time>
      </trkpt>
      <trkpt lat="44.570400808006525" lon="125.81985575146973">
        <ele>171.2</ele>
        <time>2026-09-11T14:06:10.000Z</time>
      </trkpt>
      <trkpt lat="44.571188455447555" lon="125.82040895707905">
        <ele>172.2</ele>
        <time>2026-09-11T14:06:26.000Z</time>
      </trkpt>
      <trkpt lat="44.57193301990628" lon="125.82093299366534">
        <ele>172.6</ele>
        <time>2026-09-11T14:06:42.000Z</time>
      </trkpt>
      <trkpt lat="44.57270197570324" lon="125.82147287204862">
        <ele>173.2</ele>
        <time>2026-09-11T14:06:58.000Z</time>
      </trkpt>
      <trkpt lat="44.57345047965646" lon="125.82200285978615">
        <ele>173.8</ele>
        <time>2026-09-11T14:07:14.000Z</time>
      </trkpt>
      <trkpt lat="44.57401885651052" lon="125.82240561023355">
        <ele>174</ele>
        <time>2026-09-11T14:07:30.000Z</time>
      </trkpt>
      <trkpt lat="44.57450031302869" lon="125.82274767570198">
        <ele>174.6</ele>
        <time>2026-09-11T14:07:44.000Z</time>
      </trkpt>
      <trkpt lat="44.5746261253953" lon="125.82282680086792">
        <ele>174.4</ele>
        <time>2026-09-11T14:14:33.000Z</time>
      </trkpt>
      <trkpt lat="44.574975818395615" lon="125.82307565957308">
        <ele>174.4</ele>
        <time>2026-09-11T14:14:49.000Z</time>
      </trkpt>
      <trkpt lat="44.57544319331646" lon="125.8233920764178">
        <ele>175</ele>
        <time>2026-09-11T14:15:05.000Z</time>
      </trkpt>
      <trkpt lat="44.57603721879423" lon="125.82381561398506">
        <ele>175.4</ele>
        <time>2026-09-11T14:15:21.000Z</time>
      </trkpt>
      <trkpt lat="44.57659067586064" lon="125.82420696504414">
        <ele>175.6</ele>
        <time>2026-09-11T14:15:38.000Z</time>
      </trkpt>
      <trkpt lat="44.577187886461616" lon="125.82462136633694">
        <ele>176.2</ele>
        <time>2026-09-11T14:15:54.000Z</time>
      </trkpt>
      <trkpt lat="44.57779699936509" lon="125.82505119033158">
        <ele>177</ele>
        <time>2026-09-11T14:16:10.000Z</time>
      </trkpt>
      <trkpt lat="44.578397227451205" lon="125.82546508871019">
        <ele>177.2</ele>
        <time>2026-09-11T14:16:26.000Z</time>
      </trkpt>
      <trkpt lat="44.578982116654515" lon="125.82588669843972">
        <ele>177.6</ele>
        <time>2026-09-11T14:16:42.000Z</time>
      </trkpt>
      <trkpt lat="44.579624589532614" lon="125.82637050189078">
        <ele>178.2</ele>
        <time>2026-09-11T14:16:58.000Z</time>
      </trkpt>
      <trkpt lat="44.58016379736364" lon="125.8267923630774">
        <ele>178.6</ele>
        <time>2026-09-11T14:17:14.000Z</time>
      </trkpt>
      <trkpt lat="44.58072471432388" lon="125.82723098807037">
        <ele>179.4</ele>
        <time>2026-09-11T14:17:30.000Z</time>
      </trkpt>
      <trkpt lat="44.58117499016225" lon="125.82759560085833">
        <ele>180.2</ele>
        <time>2026-09-11T14:17:46.000Z</time>
      </trkpt>
      <trkpt lat="44.58160330541432" lon="125.82794655114412">
        <ele>181.4</ele>
        <time>2026-09-11T14:18:03.000Z</time>
      </trkpt>
      <trkpt lat="44.582036565989256" lon="125.8283088169992">
        <ele>182.4</ele>
        <time>2026-09-11T14:18:19.000Z</time>
      </trkpt>
      <trkpt lat="44.582486590370536" lon="125.82868617027998">
        <ele>183.6</ele>
        <time>2026-09-11T14:18:35.000Z</time>
      </trkpt>
      <trkpt lat="44.58293108269572" lon="125.82908187992871">
        <ele>185</ele>
        <time>2026-09-11T14:18:51.000Z</time>
      </trkpt>
      <trkpt lat="44.58339627832174" lon="125.82950315438211">
        <ele>186.4</ele>
        <time>2026-09-11T14:19:07.000Z</time>
      </trkpt>
      <trkpt lat="44.5838441234082" lon="125.82991344854236">
        <ele>187.4</ele>
        <time>2026-09-11T14:19:23.000Z</time>
      </trkpt>
      <trkpt lat="44.5842878613621" lon="125.83033170551062">
        <ele>188.4</ele>
        <time>2026-09-11T14:19:39.000Z</time>
      </trkpt>
      <trkpt lat="44.58476412110031" lon="125.8307917881757">
        <ele>189.2</ele>
        <time>2026-09-11T14:19:55.000Z</time>
      </trkpt>
      <trkpt lat="44.58524566143751" lon="125.83126318641007">
        <ele>190</ele>
        <time>2026-09-11T14:20:11.000Z</time>
      </trkpt>
      <trkpt lat="44.58572627976537" lon="125.83174606785178">
        <ele>190.4</ele>
        <time>2026-09-11T14:20:28.000Z</time>
      </trkpt>
      <trkpt lat="44.586259787902236" lon="125.83229332230985">
        <ele>190.6</ele>
        <time>2026-09-11T14:20:44.000Z</time>
      </trkpt>
      <trkpt lat="44.58680637180805" lon="125.83287502638996">
        <ele>191</ele>
        <time>2026-09-11T14:21:00.000Z</time>
      </trkpt>
      <trkpt lat="44.587346417829394" lon="125.83346947096288">
        <ele>191.2</ele>
        <time>2026-09-11T14:21:16.000Z</time>
      </trkpt>
      <trkpt lat="44.58789233118296" lon="125.83407338708639">
        <ele>191</ele>
        <time>2026-09-11T14:21:32.000Z</time>
      </trkpt>
      <trkpt lat="44.588392060250044" lon="125.83464168012142">
        <ele>190.8</ele>
        <time>2026-09-11T14:21:48.000Z</time>
      </trkpt>
      <trkpt lat="44.58886672742665" lon="125.83519681356847">
        <ele>190.8</ele>
        <time>2026-09-11T14:22:04.000Z</time>
      </trkpt>
      <trkpt lat="44.58936486393213" lon="125.83580567501485">
        <ele>191.4</ele>
        <time>2026-09-11T14:22:20.000Z</time>
      </trkpt>
      <trkpt lat="44.58981522358954" lon="125.83635485731065">
        <ele>191.8</ele>
        <time>2026-09-11T14:22:36.000Z</time>
      </trkpt>
      <trkpt lat="44.59026021882892" lon="125.83692281506956">
        <ele>192</ele>
        <time>2026-09-11T14:22:53.000Z</time>
      </trkpt>
      <trkpt lat="44.59066095761955" lon="125.8374369610101">
        <ele>192</ele>
        <time>2026-09-11T14:23:09.000Z</time>
      </trkpt>
      <trkpt lat="44.59107795730233" lon="125.8379771746695">
        <ele>192.6</ele>
        <time>2026-09-11T14:23:25.000Z</time>
      </trkpt>
      <trkpt lat="44.59149646572769" lon="125.83854479715228">
        <ele>193.4</ele>
        <time>2026-09-11T14:23:41.000Z</time>
      </trkpt>
      <trkpt lat="44.59190709516406" lon="125.83910864777863">
        <ele>193.4</ele>
        <time>2026-09-11T14:23:57.000Z</time>
      </trkpt>
      <trkpt lat="44.59231571294367" lon="125.83966998383403">
        <ele>194.8</ele>
        <time>2026-09-11T14:24:13.000Z</time>
      </trkpt>
      <trkpt lat="44.59266842342913" lon="125.84016166627407">
        <ele>196</ele>
        <time>2026-09-11T14:24:29.000Z</time>
      </trkpt>
      <trkpt lat="44.592985762283206" lon="125.84060305729508">
        <ele>197.4</ele>
        <time>2026-09-11T14:24:45.000Z</time>
      </trkpt>
      <trkpt lat="44.593273513019085" lon="125.84100119769573">
        <ele>198.4</ele>
        <time>2026-09-11T14:25:01.000Z</time>
      </trkpt>
      <trkpt lat="44.59355757571757" lon="125.84139062091708">
        <ele>199.2</ele>
        <time>2026-09-11T14:25:18.000Z</time>
      </trkpt>
      <trkpt lat="44.593842308968306" lon="125.84178239107132">
        <ele>200.2</ele>
        <time>2026-09-11T14:25:34.000Z</time>
      </trkpt>
      <trkpt lat="44.594124695286155" lon="125.84217139519751">
        <ele>201.2</ele>
        <time>2026-09-11T14:25:50.000Z</time>
      </trkpt>
      <trkpt lat="44.59440875798464" lon="125.8425654284656">
        <ele>202</ele>
        <time>2026-09-11T14:26:06.000Z</time>
      </trkpt>
      <trkpt lat="44.594723330810666" lon="125.84300003014505">
        <ele>203.2</ele>
        <time>2026-09-11T14:26:22.000Z</time>
      </trkpt>
      <trkpt lat="44.595003789290786" lon="125.84337461739779">
        <ele>204</ele>
        <time>2026-09-11T14:26:38.000Z</time>
      </trkpt>
      <trkpt lat="44.595291037112474" lon="125.84378021769226">
        <ele>205</ele>
        <time>2026-09-11T14:26:54.000Z</time>
      </trkpt>
      <trkpt lat="44.5955918636173" lon="125.8442010730505">
        <ele>206.4</ele>
        <time>2026-09-11T14:27:10.000Z</time>
      </trkpt>
      <trkpt lat="44.59591330960393" lon="125.84464405663311">
        <ele>207.6</ele>
        <time>2026-09-11T14:27:26.000Z</time>
      </trkpt>
      <trkpt lat="44.59623198956251" lon="125.84508620202541">
        <ele>208.6</ele>
        <time>2026-09-11T14:27:43.000Z</time>
      </trkpt>
      <trkpt lat="44.59654815495014" lon="125.84552331827581">
        <ele>210</ele>
        <time>2026-09-11T14:27:59.000Z</time>
      </trkpt>
      <trkpt lat="44.596856608986855" lon="125.84594937041402">
        <ele>211.2</ele>
        <time>2026-09-11T14:28:15.000Z</time>
      </trkpt>
      <trkpt lat="44.59714528173208" lon="125.84635597653687">
        <ele>212.2</ele>
        <time>2026-09-11T14:28:31.000Z</time>
      </trkpt>
      <trkpt lat="44.59746387787163" lon="125.84679946303368">
        <ele>213.4</ele>
        <time>2026-09-11T14:28:47.000Z</time>
      </trkpt>
      <trkpt lat="44.59773981012404" lon="125.84719064645469">
        <ele>214.6</ele>
        <time>2026-09-11T14:29:03.000Z</time>
      </trkpt>
      <trkpt lat="44.598030829802155" lon="125.84760018624365">
        <ele>215.8</ele>
        <time>2026-09-11T14:29:19.000Z</time>
      </trkpt>
      <trkpt lat="44.59831782616675" lon="125.8479914534837">
        <ele>217</ele>
        <time>2026-09-11T14:29:35.000Z</time>
      </trkpt>
      <trkpt lat="44.59860038012266" lon="125.84837417118251">
        <ele>218</ele>
        <time>2026-09-11T14:29:52.000Z</time>
      </trkpt>
      <trkpt lat="44.59887589327991" lon="125.84874842315912">
        <ele>219.2</ele>
        <time>2026-09-11T14:30:08.000Z</time>
      </trkpt>
      <trkpt lat="44.599130200222135" lon="125.84910054691136">
        <ele>220.2</ele>
        <time>2026-09-11T14:30:24.000Z</time>
      </trkpt>
      <trkpt lat="44.59938618354499" lon="125.84945937618613">
        <ele>221</ele>
        <time>2026-09-11T14:30:40.000Z</time>
      </trkpt>
      <trkpt lat="44.59966890513897" lon="125.84985617548227">
        <ele>222</ele>
        <time>2026-09-11T14:30:56.000Z</time>
      </trkpt>
      <trkpt lat="44.599972665309906" lon="125.85027837194502">
        <ele>223</ele>
        <time>2026-09-11T14:31:12.000Z</time>
      </trkpt>
      <trkpt lat="44.60026502609253" lon="125.85068338550627">
        <ele>224.2</ele>
        <time>2026-09-11T14:31:28.000Z</time>
      </trkpt>
      <trkpt lat="44.600579515099525" lon="125.8511224295944">
        <ele>225.4</ele>
        <time>2026-09-11T14:31:44.000Z</time>
      </trkpt>
      <trkpt lat="44.60087866522372" lon="125.8515302091837">
        <ele>226.2</ele>
        <time>2026-09-11T14:32:00.000Z</time>
      </trkpt>
      <trkpt lat="44.60117211565375" lon="125.85194787941873">
        <ele>227.2</ele>
        <time>2026-09-11T14:32:17.000Z</time>
      </trkpt>
      <trkpt lat="44.60149976424873" lon="125.85239958018064">
        <ele>227.6</ele>
        <time>2026-09-11T14:32:33.000Z</time>
      </trkpt>
      <trkpt lat="44.60190888494253" lon="125.85296535864472">
        <ele>227.8</ele>
        <time>2026-09-11T14:32:49.000Z</time>
      </trkpt>
      <trkpt lat="44.6023372001946" lon="125.85357279516757">
        <ele>228.2</ele>
        <time>2026-09-11T14:33:05.000Z</time>
      </trkpt>
      <trkpt lat="44.60279242135584" lon="125.85421392694116">
        <ele>228.6</ele>
        <time>2026-09-11T14:33:21.000Z</time>
      </trkpt>
      <trkpt lat="44.60322517901659" lon="125.85481759160757">
        <ele>228.6</ele>
        <time>2026-09-11T14:33:37.000Z</time>
      </trkpt>
      <trkpt lat="44.60330589674413" lon="125.85504750721157">
        <ele>228.6</ele>
        <time>2026-09-11T14:33:44.000Z</time>
      </trkpt>
      <trkpt lat="44.60314161144197" lon="125.85513392463326">
        <ele>227.8</ele>
        <time>2026-09-11T14:33:52.000Z</time>
      </trkpt>
      <trkpt lat="44.603086626157165" lon="125.85515068843961">
        <ele>227.6</ele>
        <time>2026-09-11T14:34:00.000Z</time>
      </trkpt>
      <trkpt lat="44.6032970957458" lon="125.85509100928903">
        <ele>228</ele>
        <time>2026-09-11T14:45:46.000Z</time>
      </trkpt>
      <trkpt lat="44.60344352759421" lon="125.85510676726699">
        <ele>228.8</ele>
        <time>2026-09-11T14:46:00.000Z</time>
      </trkpt>
      <trkpt lat="44.603775618597865" lon="125.85555268451571">
        <ele>229.2</ele>
        <time>2026-09-11T14:46:17.000Z</time>
      </trkpt>
      <trkpt lat="44.60417157970369" lon="125.8561044652015">
        <ele>229.4</ele>
        <time>2026-09-11T14:46:33.000Z</time>
      </trkpt>
      <trkpt lat="44.60461347363889" lon="125.85671885870397">
        <ele>229.6</ele>
        <time>2026-09-11T14:46:49.000Z</time>
      </trkpt>
      <trkpt lat="44.60508529096842" lon="125.85737432353199">
        <ele>229.6</ele>
        <time>2026-09-11T14:47:05.000Z</time>
      </trkpt>
      <trkpt lat="44.60557596758008" lon="125.8580525033176">
        <ele>230</ele>
        <time>2026-09-11T14:47:21.000Z</time>
      </trkpt>
      <trkpt lat="44.60609891451895" lon="125.85877837613225">
        <ele>230</ele>
        <time>2026-09-11T14:47:37.000Z</time>
      </trkpt>
      <trkpt lat="44.60661515593529" lon="125.85949251428246">
        <ele>230.4</ele>
        <time>2026-09-11T14:47:53.000Z</time>
      </trkpt>
      <trkpt lat="44.60713516920805" lon="125.86021562106907">
        <ele>230.4</ele>
        <time>2026-09-11T14:48:09.000Z</time>
      </trkpt>
      <trkpt lat="44.60765811614692" lon="125.86094425991178">
        <ele>230.2</ele>
        <time>2026-09-11T14:48:25.000Z</time>
      </trkpt>
      <trkpt lat="44.608149379491806" lon="125.86162570863962">
        <ele>230.4</ele>
        <time>2026-09-11T14:48:42.000Z</time>
      </trkpt>
      <trkpt lat="44.608639888465405" lon="125.8623022120446">
        <ele>230.4</ele>
        <time>2026-09-11T14:48:58.000Z</time>
      </trkpt>
      <trkpt lat="44.609157387167215" lon="125.86302129551768">
        <ele>230</ele>
        <time>2026-09-11T14:49:14.000Z</time>
      </trkpt>
      <trkpt lat="44.60976591333747" lon="125.86386610753834">
        <ele>229.6</ele>
        <time>2026-09-11T14:49:30.000Z</time>
      </trkpt>
      <trkpt lat="44.61043286137283" lon="125.86479490622878">
        <ele>228.6</ele>
        <time>2026-09-11T14:49:46.000Z</time>
      </trkpt>
      <trkpt lat="44.61108916439116" lon="125.86571867577732">
        <ele>228.4</ele>
        <time>2026-09-11T14:50:02.000Z</time>
      </trkpt>
      <trkpt lat="44.61169986985624" lon="125.86656172759831">
        <ele>227.2</ele>
        <time>2026-09-11T14:50:18.000Z</time>
      </trkpt>
      <trkpt lat="44.61231258697808" lon="125.86740930564702">
        <ele>226.6</ele>
        <time>2026-09-11T14:50:34.000Z</time>
      </trkpt>
      <trkpt lat="44.61289563216269" lon="125.86821832694113">
        <ele>226</ele>
        <time>2026-09-11T14:50:50.000Z</time>
      </trkpt>
      <trkpt lat="44.613449508324265" lon="125.8689746260643">
        <ele>225.6</ele>
        <time>2026-09-11T14:51:07.000Z</time>
      </trkpt>
      <trkpt lat="44.61398083716631" lon="125.86971927434206">
        <ele>226.4</ele>
        <time>2026-09-11T14:51:23.000Z</time>
      </trkpt>
      <trkpt lat="44.61445936001837" lon="125.87037675082684">
        <ele>227.4</ele>
        <time>2026-09-11T14:51:39.000Z</time>
      </trkpt>
      <trkpt lat="44.61486269719899" lon="125.8709327224642">
        <ele>228.4</ele>
        <time>2026-09-11T14:51:55.000Z</time>
      </trkpt>
      <trkpt lat="44.61526829749346" lon="125.87148685008287">
        <ele>229.4</ele>
        <time>2026-09-11T14:52:11.000Z</time>
      </trkpt>
      <trkpt lat="44.61568923667073" lon="125.87207584641874">
        <ele>230.2</ele>
        <time>2026-09-11T14:52:27.000Z</time>
      </trkpt>
      <trkpt lat="44.61609768681228" lon="125.87263852357864">
        <ele>230.8</ele>
        <time>2026-09-11T14:52:43.000Z</time>
      </trkpt>
      <trkpt lat="44.616521056741476" lon="125.87322165258229">
        <ele>230.6</ele>
        <time>2026-09-11T14:52:59.000Z</time>
      </trkpt>
      <trkpt lat="44.61701198481023" lon="125.87390176020563">
        <ele>230.8</ele>
        <time>2026-09-11T14:53:15.000Z</time>
      </trkpt>
      <trkpt lat="44.61759326979518" lon="125.87470826692879">
        <ele>229.6</ele>
        <time>2026-09-11T14:53:32.000Z</time>
      </trkpt>
      <trkpt lat="44.61825259029865" lon="125.87562055326998">
        <ele>228.8</ele>
        <time>2026-09-11T14:53:48.000Z</time>
      </trkpt>
      <trkpt lat="44.61893001571298" lon="125.87655488401651">
        <ele>227.2</ele>
        <time>2026-09-11T14:54:04.000Z</time>
      </trkpt>
      <trkpt lat="44.61964616551995" lon="125.87754755280912">
        <ele>225</ele>
        <time>2026-09-11T14:54:20.000Z</time>
      </trkpt>
      <trkpt lat="44.62044303305447" lon="125.87860451079905">
        <ele>222.8</ele>
        <time>2026-09-11T14:54:36.000Z</time>
      </trkpt>
      <trkpt lat="44.62131575681269" lon="125.87970337830484">
        <ele>220.4</ele>
        <time>2026-09-11T14:54:52.000Z</time>
      </trkpt>
      <trkpt lat="44.622064512223005" lon="125.88061851449311">
        <ele>219.8</ele>
        <time>2026-09-11T14:55:08.000Z</time>
      </trkpt>
      <trkpt lat="44.622753923758864" lon="125.88140456937253">
        <ele>220.4</ele>
        <time>2026-09-11T14:55:24.000Z</time>
      </trkpt>
      <trkpt lat="44.623336382210255" lon="125.88204746134579">
        <ele>221.2</ele>
        <time>2026-09-11T14:55:40.000Z</time>
      </trkpt>
      <trkpt lat="44.62385119870305" lon="125.88259052485228">
        <ele>222.2</ele>
        <time>2026-09-11T14:55:57.000Z</time>
      </trkpt>
      <trkpt lat="44.62433776818216" lon="125.8831003960222">
        <ele>223</ele>
        <time>2026-09-11T14:56:13.000Z</time>
      </trkpt>
      <trkpt lat="44.62479927577078" lon="125.88357137516141">
        <ele>223.6</ele>
        <time>2026-09-11T14:56:29.000Z</time>
      </trkpt>
      <trkpt lat="44.625294813886285" lon="125.88404369540513">
        <ele>224.2</ele>
        <time>2026-09-11T14:56:45.000Z</time>
      </trkpt>
      <trkpt lat="44.62582069449127" lon="125.8845476154238">
        <ele>225.2</ele>
        <time>2026-09-11T14:57:01.000Z</time>
      </trkpt>
      <trkpt lat="44.62634699419141" lon="125.88503519073129">
        <ele>225.8</ele>
        <time>2026-09-11T14:57:17.000Z</time>
      </trkpt>
      <trkpt lat="44.62686650454998" lon="125.88550482876599">
        <ele>226.6</ele>
        <time>2026-09-11T14:57:33.000Z</time>
      </trkpt>
      <trkpt lat="44.627384673804045" lon="125.88595971465111">
        <ele>227</ele>
        <time>2026-09-11T14:57:49.000Z</time>
      </trkpt>
      <trkpt lat="44.6279136557132" lon="125.8864037040621">
        <ele>227</ele>
        <time>2026-09-11T14:58:06.000Z</time>
      </trkpt>
      <trkpt lat="44.62841170839965" lon="125.8865728508681">
        <ele>226.6</ele>
        <time>2026-09-11T14:58:22.000Z</time>
      </trkpt>
      <trkpt lat="44.628541208803654" lon="125.88649607263505">
        <ele>226.4</ele>
        <time>2026-09-11T14:58:36.000Z</time>
      </trkpt>
      <trkpt lat="44.62834247387946" lon="125.88658056221902">
        <ele>226.4</ele>
        <time>2026-09-11T15:11:00.000Z</time>
      </trkpt>
      <trkpt lat="44.628423526883125" lon="125.88682070374489">
        <ele>226.8</ele>
        <time>2026-09-11T15:11:30.000Z</time>
      </trkpt>
      <trkpt lat="44.628915125504136" lon="125.88721415027976">
        <ele>226.6</ele>
        <time>2026-09-11T15:11:45.000Z</time>
      </trkpt>
      <trkpt lat="44.629522478207946" lon="125.88768479414284">
        <ele>226.2</ele>
        <time>2026-09-11T15:12:01.000Z</time>
      </trkpt>
      <trkpt lat="44.63022253476083" lon="125.88820614852011">
        <ele>225.6</ele>
        <time>2026-09-11T15:12:17.000Z</time>
      </trkpt>
      <trkpt lat="44.63098989799619" lon="125.88875348679721">
        <ele>224.8</ele>
        <time>2026-09-11T15:12:33.000Z</time>
      </trkpt>
      <trkpt lat="44.63173085823655" lon="125.88927282951772">
        <ele>224.2</ele>
        <time>2026-09-11T15:12:49.000Z</time>
      </trkpt>
      <trkpt lat="44.632469387724996" lon="125.88979242369533">
        <ele>223.6</ele>
        <time>2026-09-11T15:13:05.000Z</time>
      </trkpt>
      <trkpt lat="44.633215460926294" lon="125.89031922630966">
        <ele>223.4</ele>
        <time>2026-09-11T15:13:22.000Z</time>
      </trkpt>
      <trkpt lat="44.63394166901708" lon="125.8908349648118">
        <ele>223</ele>
        <time>2026-09-11T15:13:38.000Z</time>
      </trkpt>
      <trkpt lat="44.63462932035327" lon="125.8913151640445">
        <ele>222.8</ele>
        <time>2026-09-11T15:13:54.000Z</time>
      </trkpt>
      <trkpt lat="44.63529735803604" lon="125.89177851565182">
        <ele>221.8</ele>
        <time>2026-09-11T15:14:10.000Z</time>
      </trkpt>
      <trkpt lat="44.63602532632649" lon="125.89229928329587">
        <ele>220.2</ele>
        <time>2026-09-11T15:14:26.000Z</time>
      </trkpt>
      <trkpt lat="44.63697382248938" lon="125.89297947473824">
        <ele>217.2</ele>
        <time>2026-09-11T15:14:42.000Z</time>
      </trkpt>
      <trkpt lat="44.63771637529135" lon="125.89350552298129">
        <ele>215.6</ele>
        <time>2026-09-11T15:14:52.000Z</time>
      </trkpt>
      <trkpt lat="44.637870183214545" lon="125.89361255988479">
        <ele>214.8</ele>
        <time>2026-09-11T15:14:54.000Z</time>
      </trkpt>
      <trkpt lat="44.63858029805124" lon="125.89411321096122">
        <ele>213</ele>
        <time>2026-09-11T15:15:03.000Z</time>
      </trkpt>
      <trkpt lat="44.63978502899408" lon="125.89496129192412">
        <ele>208.8</ele>
        <time>2026-09-11T15:15:19.000Z</time>
      </trkpt>
      <trkpt lat="44.6408773586154" lon="125.89573435485363">
        <ele>205.8</ele>
        <time>2026-09-11T15:15:35.000Z</time>
      </trkpt>
      <trkpt lat="44.64187463745475" lon="125.89643348939717">
        <ele>203</ele>
        <time>2026-09-11T15:15:52.000Z</time>
      </trkpt>
      <trkpt lat="44.64296160265803" lon="125.89720110408962">
        <ele>200.8</ele>
        <time>2026-09-11T15:16:08.000Z</time>
      </trkpt>
      <trkpt lat="44.64404898695648" lon="125.89796679094434">
        <ele>198.8</ele>
        <time>2026-09-11T15:16:24.000Z</time>
      </trkpt>
      <trkpt lat="44.64514282532036" lon="125.89874178171158">
        <ele>195.8</ele>
        <time>2026-09-11T15:16:40.000Z</time>
      </trkpt>
      <trkpt lat="44.6462856978178" lon="125.89954585768282">
        <ele>193.6</ele>
        <time>2026-09-11T15:16:56.000Z</time>
      </trkpt>
      <trkpt lat="44.64744055643678" lon="125.90035999193788">
        <ele>191.2</ele>
        <time>2026-09-11T15:17:12.000Z</time>
      </trkpt>
      <trkpt lat="44.64853439480066" lon="125.901132049039">
        <ele>188.8</ele>
        <time>2026-09-11T15:17:28.000Z</time>
      </trkpt>
      <trkpt lat="44.649467719718814" lon="125.90180050581694">
        <ele>187.6</ele>
        <time>2026-09-11T15:17:44.000Z</time>
      </trkpt>
      <trkpt lat="44.65017599053681" lon="125.90229637920856">
        <ele>187.4</ele>
        <time>2026-09-11T15:18:00.000Z</time>
      </trkpt>
      <trkpt lat="44.650809997692704" lon="125.90274238027632">
        <ele>187.6</ele>
        <time>2026-09-11T15:18:17.000Z</time>
      </trkpt>
      <trkpt lat="44.65139027684927" lon="125.90315376408398">
        <ele>188.2</ele>
        <time>2026-09-11T15:18:33.000Z</time>
      </trkpt>
      <trkpt lat="44.65185580775142" lon="125.90348744764924">
        <ele>189.6</ele>
        <time>2026-09-11T15:18:49.000Z</time>
      </trkpt>
      <trkpt lat="44.652260234579444" lon="125.90377042070031">
        <ele>190.8</ele>
        <time>2026-09-11T15:19:05.000Z</time>
      </trkpt>
      <trkpt lat="44.652591068297625" lon="125.90400251559913">
        <ele>192.6</ele>
        <time>2026-09-11T15:19:21.000Z</time>
      </trkpt>
      <trkpt lat="44.6529393363744" lon="125.90424709953368">
        <ele>194</ele>
        <time>2026-09-11T15:19:37.000Z</time>
      </trkpt>
      <trkpt lat="44.6532503888011" lon="125.90446477755904">
        <ele>195.4</ele>
        <time>2026-09-11T15:19:53.000Z</time>
      </trkpt>
      <trkpt lat="44.6535714995116" lon="125.90469175949693">
        <ele>197</ele>
        <time>2026-09-11T15:20:09.000Z</time>
      </trkpt>
      <trkpt lat="44.653886910527945" lon="125.9049123711884">
        <ele>198.4</ele>
        <time>2026-09-11T15:20:26.000Z</time>
      </trkpt>
      <trkpt lat="44.65419553220272" lon="125.90513558126986">
        <ele>200</ele>
        <time>2026-09-11T15:20:42.000Z</time>
      </trkpt>
      <trkpt lat="44.65450440533459" lon="125.90535418130457">
        <ele>201.4</ele>
        <time>2026-09-11T15:20:58.000Z</time>
      </trkpt>
      <trkpt lat="44.65481545776129" lon="125.90557051822543">
        <ele>202.8</ele>
        <time>2026-09-11T15:21:14.000Z</time>
      </trkpt>
      <trkpt lat="44.655123660340905" lon="125.90579188428819">
        <ele>204</ele>
        <time>2026-09-11T15:21:30.000Z</time>
      </trkpt>
      <trkpt lat="44.65544108301401" lon="125.90602498501539">
        <ele>205</ele>
        <time>2026-09-11T15:21:46.000Z</time>
      </trkpt>
      <trkpt lat="44.65580502524972" lon="125.9062871709466">
        <ele>206.4</ele>
        <time>2026-09-11T15:22:02.000Z</time>
      </trkpt>
      <trkpt lat="44.65612982399762" lon="125.906534017995">
        <ele>207</ele>
        <time>2026-09-11T15:22:18.000Z</time>
      </trkpt>
      <trkpt lat="44.656452275812626" lon="125.90678212232888">
        <ele>208.2</ele>
        <time>2026-09-11T15:22:34.000Z</time>
      </trkpt>
      <trkpt lat="44.65685200877488" lon="125.9071035683155">
        <ele>208.8</ele>
        <time>2026-09-11T15:22:51.000Z</time>
      </trkpt>
      <trkpt lat="44.657364981248975" lon="125.90752450749278">
        <ele>209.6</ele>
        <time>2026-09-11T15:23:07.000Z</time>
      </trkpt>
      <trkpt lat="44.65789396315813" lon="125.90796832926571">
        <ele>209.6</ele>
        <time>2026-09-11T15:23:23.000Z</time>
      </trkpt>
      <trkpt lat="44.65847390703857" lon="125.90848255902529">
        <ele>209.8</ele>
        <time>2026-09-11T15:23:39.000Z</time>
      </trkpt>
      <trkpt lat="44.65907002799213" lon="125.90902537107468">
        <ele>208.4</ele>
        <time>2026-09-11T15:23:55.000Z</time>
      </trkpt>
      <trkpt lat="44.65968827717006" lon="125.90961788780987">
        <ele>207</ele>
        <time>2026-09-11T15:24:11.000Z</time>
      </trkpt>
      <trkpt lat="44.66039663180709" lon="125.91030394658446">
        <ele>206</ele>
        <time>2026-09-11T15:24:27.000Z</time>
      </trkpt>
      <trkpt lat="44.66115167364478" lon="125.91108145192266">
        <ele>203.6</ele>
        <time>2026-09-11T15:24:43.000Z</time>
      </trkpt>
      <trkpt lat="44.66203361749649" lon="125.91204905882478">
        <ele>201.2</ele>
        <time>2026-09-11T15:24:59.000Z</time>
      </trkpt>
      <trkpt lat="44.662933833897114" lon="125.91310895048082">
        <ele>198.2</ele>
        <time>2026-09-11T15:25:16.000Z</time>
      </trkpt>
      <trkpt lat="44.66373656876385" lon="125.91406649909914">
        <ele>196.8</ele>
        <time>2026-09-11T15:25:32.000Z</time>
      </trkpt>
      <trkpt lat="44.66425842605531" lon="125.91474786400795">
        <ele>198</ele>
        <time>2026-09-11T15:25:48.000Z</time>
      </trkpt>
      <trkpt lat="44.66463033109903" lon="125.91524767689407">
        <ele>199.4</ele>
        <time>2026-09-11T15:26:04.000Z</time>
      </trkpt>
      <trkpt lat="44.6649428922683" lon="125.91567439958453">
        <ele>200.4</ele>
        <time>2026-09-11T15:26:20.000Z</time>
      </trkpt>
      <trkpt lat="44.66524103656411" lon="125.91608511283994">
        <ele>201.6</ele>
        <time>2026-09-11T15:26:36.000Z</time>
      </trkpt>
      <trkpt lat="44.66555368155241" lon="125.91652348637581">
        <ele>203.2</ele>
        <time>2026-09-11T15:26:52.000Z</time>
      </trkpt>
      <trkpt lat="44.665845120325685" lon="125.91693989932537">
        <ele>204</ele>
        <time>2026-09-11T15:27:08.000Z</time>
      </trkpt>
      <trkpt lat="44.66612013056874" lon="125.91734717600048">
        <ele>204.6</ele>
        <time>2026-09-11T15:27:24.000Z</time>
      </trkpt>
      <trkpt lat="44.66640033759177" lon="125.91777021065354">
        <ele>205.8</ele>
        <time>2026-09-11T15:27:41.000Z</time>
      </trkpt>
      <trkpt lat="44.666682220995426" lon="125.91819735243917">
        <ele>206.4</ele>
        <time>2026-09-11T15:27:57.000Z</time>
      </trkpt>
      <trkpt lat="44.66700182296336" lon="125.9186897892505">
        <ele>207.2</ele>
        <time>2026-09-11T15:28:13.000Z</time>
      </trkpt>
      <trkpt lat="44.66734455898404" lon="125.91921307146549">
        <ele>208</ele>
        <time>2026-09-11T15:28:29.000Z</time>
      </trkpt>
      <trkpt lat="44.66775870881975" lon="125.91984909027815">
        <ele>207.8</ele>
        <time>2026-09-11T15:28:45.000Z</time>
      </trkpt>
      <trkpt lat="44.668279979377985" lon="125.9206687565893">
        <ele>206.4</ele>
        <time>2026-09-11T15:29:01.000Z</time>
      </trkpt>
      <trkpt lat="44.66899177059531" lon="125.92175597324967">
        <ele>204</ele>
        <time>2026-09-11T15:29:17.000Z</time>
      </trkpt>
      <trkpt lat="44.669751673936844" lon="125.9228961635381">
        <ele>201</ele>
        <time>2026-09-11T15:29:33.000Z</time>
      </trkpt>
      <trkpt lat="44.670565724372864" lon="125.92415537685156">
        <ele>197.4</ele>
        <time>2026-09-11T15:29:49.000Z</time>
      </trkpt>
      <trkpt lat="44.671397376805544" lon="125.92542766593397">
        <ele>194</ele>
        <time>2026-09-11T15:30:06.000Z</time>
      </trkpt>
      <trkpt lat="44.67230538837612" lon="125.92681059613824">
        <ele>189.8</ele>
        <time>2026-09-11T15:30:22.000Z</time>
      </trkpt>
      <trkpt lat="44.67312346212566" lon="125.9280539676547">
        <ele>187.4</ele>
        <time>2026-09-11T15:30:38.000Z</time>
      </trkpt>
      <trkpt lat="44.67359066940844" lon="125.928770955652">
        <ele>188.2</ele>
        <time>2026-09-11T15:30:54.000Z</time>
      </trkpt>
      <trkpt lat="44.67387389391661" lon="125.92920714989305">
        <ele>189.4</ele>
        <time>2026-09-11T15:31:10.000Z</time>
      </trkpt>
      <trkpt lat="44.674130296334624" lon="125.92959565110505">
        <ele>190.4</ele>
        <time>2026-09-11T15:31:26.000Z</time>
      </trkpt>
      <trkpt lat="44.67439650557935" lon="125.9300004132092">
        <ele>191.4</ele>
        <time>2026-09-11T15:31:42.000Z</time>
      </trkpt>
      <trkpt lat="44.674654584378004" lon="125.93039629049599">
        <ele>192.4</ele>
        <time>2026-09-11T15:31:58.000Z</time>
      </trkpt>
      <trkpt lat="44.6749344561249" lon="125.93081781640649">
        <ele>193.4</ele>
        <time>2026-09-11T15:32:14.000Z</time>
      </trkpt>
      <trkpt lat="44.675236623734236" lon="125.93125929124653">
        <ele>194</ele>
        <time>2026-09-11T15:32:31.000Z</time>
      </trkpt>
      <trkpt lat="44.67556678690016" lon="125.93175038695335">
        <ele>194.2</ele>
        <time>2026-09-11T15:32:47.000Z</time>
      </trkpt>
      <trkpt lat="44.67594933696091" lon="125.93232689425349">
        <ele>194.4</ele>
        <time>2026-09-11T15:33:03.000Z</time>
      </trkpt>
      <trkpt lat="44.67635225504637" lon="125.93293935991824">
        <ele>194.2</ele>
        <time>2026-09-11T15:33:19.000Z</time>
      </trkpt>
      <trkpt lat="44.676797920838" lon="125.93362072482705">
        <ele>193.4</ele>
        <time>2026-09-11T15:33:35.000Z</time>
      </trkpt>
      <trkpt lat="44.677393455058336" lon="125.9345299936831">
        <ele>192</ele>
        <time>2026-09-11T15:33:51.000Z</time>
      </trkpt>
      <trkpt lat="44.67810122296214" lon="125.93561452813447">
        <ele>188.8</ele>
        <time>2026-09-11T15:34:07.000Z</time>
      </trkpt>
      <trkpt lat="44.678965061903" lon="125.93693627044559">
        <ele>184.4</ele>
        <time>2026-09-11T15:34:23.000Z</time>
      </trkpt>
      <trkpt lat="44.67977416701615" lon="125.93817327171564">
        <ele>181.8</ele>
        <time>2026-09-11T15:34:39.000Z</time>
      </trkpt>
      <trkpt lat="44.68019091524184" lon="125.93881440348923">
        <ele>183</ele>
        <time>2026-09-11T15:34:56.000Z</time>
      </trkpt>
      <trkpt lat="44.68045846559107" lon="125.93922494910657">
        <ele>183.8</ele>
        <time>2026-09-11T15:35:12.000Z</time>
      </trkpt>
      <trkpt lat="44.68067681416869" lon="125.93956181779504">
        <ele>184.8</ele>
        <time>2026-09-11T15:35:28.000Z</time>
      </trkpt>
      <trkpt lat="44.68088652938604" lon="125.93989139422774">
        <ele>186.2</ele>
        <time>2026-09-11T15:35:44.000Z</time>
      </trkpt>
      <trkpt lat="44.681093227118254" lon="125.94022247940302">
        <ele>187.8</ele>
        <time>2026-09-11T15:36:00.000Z</time>
      </trkpt>
      <trkpt lat="44.68130151741207" lon="125.94054065644741">
        <ele>189.2</ele>
        <time>2026-09-11T15:36:16.000Z</time>
      </trkpt>
      <trkpt lat="44.68149522319436" lon="125.94083729200065">
        <ele>190.6</ele>
        <time>2026-09-11T15:36:32.000Z</time>
      </trkpt>
      <trkpt lat="44.68168188817799" lon="125.94111540354788">
        <ele>191.6</ele>
        <time>2026-09-11T15:36:48.000Z</time>
      </trkpt>
      <trkpt lat="44.68187232501805" lon="125.94141195528209">
        <ele>192.8</ele>
        <time>2026-09-11T15:37:05.000Z</time>
      </trkpt>
      <trkpt lat="44.68207223340869" lon="125.94172107987106">
        <ele>194.2</ele>
        <time>2026-09-11T15:37:21.000Z</time>
      </trkpt>
      <trkpt lat="44.6822720579803" lon="125.94202836044133">
        <ele>195.4</ele>
        <time>2026-09-11T15:37:37.000Z</time>
      </trkpt>
      <trkpt lat="44.68246039934456" lon="125.94232625328004">
        <ele>196.6</ele>
        <time>2026-09-11T15:37:53.000Z</time>
      </trkpt>
      <trkpt lat="44.68265041708946" lon="125.94261752441525">
        <ele>197.8</ele>
        <time>2026-09-11T15:38:09.000Z</time>
      </trkpt>
      <trkpt lat="44.682850409299135" lon="125.94292547553778">
        <ele>198.6</ele>
        <time>2026-09-11T15:38:25.000Z</time>
      </trkpt>
      <trkpt lat="44.68307965435088" lon="125.94327567145228">
        <ele>199.6</ele>
        <time>2026-09-11T15:38:41.000Z</time>
      </trkpt>
      <trkpt lat="44.68332985416055" lon="125.94365570694208">
        <ele>200.8</ele>
        <time>2026-09-11T15:38:57.000Z</time>
      </trkpt>
      <trkpt lat="44.68357368372381" lon="125.94402585178614">
        <ele>201.4</ele>
        <time>2026-09-11T15:39:13.000Z</time>
      </trkpt>
      <trkpt lat="44.68389387242496" lon="125.94452281482518">
        <ele>202.6</ele>
        <time>2026-09-11T15:39:30.000Z</time>
      </trkpt>
      <trkpt lat="44.68424306251109" lon="125.9450551494956">
        <ele>202.4</ele>
        <time>2026-09-11T15:39:46.000Z</time>
      </trkpt>
      <trkpt lat="44.68462527729571" lon="125.94564666040242">
        <ele>202.4</ele>
        <time>2026-09-11T15:40:02.000Z</time>
      </trkpt>
      <trkpt lat="44.68504495918751" lon="125.94628946855664">
        <ele>201.8</ele>
        <time>2026-09-11T15:40:18.000Z</time>
      </trkpt>
      <trkpt lat="44.685544688254595" lon="125.94705616123974">
        <ele>201</ele>
        <time>2026-09-11T15:40:34.000Z</time>
      </trkpt>
      <trkpt lat="44.68615237623453" lon="125.94798169098794">
        <ele>198.4</ele>
        <time>2026-09-11T15:40:50.000Z</time>
      </trkpt>
      <trkpt lat="44.68690037727356" lon="125.94913185574114">
        <ele>195.6</ele>
        <time>2026-09-11T15:41:06.000Z</time>
      </trkpt>
      <trkpt lat="44.68773697502911" lon="125.95041470602155">
        <ele>192.6</ele>
        <time>2026-09-11T15:41:22.000Z</time>
      </trkpt>
      <trkpt lat="44.688600897789" lon="125.95173225738108">
        <ele>190.8</ele>
        <time>2026-09-11T15:41:38.000Z</time>
      </trkpt>
      <trkpt lat="44.689442021772265" lon="125.95301980152726">
        <ele>188.6</ele>
        <time>2026-09-11T15:41:55.000Z</time>
      </trkpt>
      <trkpt lat="44.69030133448541" lon="125.95433408394456">
        <ele>186.2</ele>
        <time>2026-09-11T15:42:11.000Z</time>
      </trkpt>
      <trkpt lat="44.69117355532944" lon="125.95566705800593">
        <ele>183.8</ele>
        <time>2026-09-11T15:42:27.000Z</time>
      </trkpt>
      <trkpt lat="44.69204988330603" lon="125.95700992271304">
        <ele>181</ele>
        <time>2026-09-11T15:42:43.000Z</time>
      </trkpt>
      <trkpt lat="44.692937107756734" lon="125.9583500213921">
        <ele>179.4</ele>
        <time>2026-09-11T15:42:59.000Z</time>
      </trkpt>
      <trkpt lat="44.69357597641647" lon="125.95930949784815">
        <ele>179.6</ele>
        <time>2026-09-11T15:43:15.000Z</time>
      </trkpt>
      <trkpt lat="44.693977469578385" lon="125.959901092574">
        <ele>180.8</ele>
        <time>2026-09-11T15:43:31.000Z</time>
      </trkpt>
      <trkpt lat="44.6942875161767" lon="125.96035044640303">
        <ele>182.2</ele>
        <time>2026-09-11T15:43:47.000Z</time>
      </trkpt>
      <trkpt lat="44.694543834775686" lon="125.96071757376194">
        <ele>183.6</ele>
        <time>2026-09-11T15:44:03.000Z</time>
      </trkpt>
      <trkpt lat="44.694805182516575" lon="125.96109325066209">
        <ele>184.2</ele>
        <time>2026-09-11T15:44:20.000Z</time>
      </trkpt>
      <trkpt lat="44.6950578968972" lon="125.96145652234554">
        <ele>184.6</ele>
        <time>2026-09-11T15:44:36.000Z</time>
      </trkpt>
      <trkpt lat="44.695307929068804" lon="125.96181878820062">
        <ele>185.2</ele>
        <time>2026-09-11T15:44:52.000Z</time>
      </trkpt>
      <trkpt lat="44.695562990382314" lon="125.96217887476087">
        <ele>186</ele>
        <time>2026-09-11T15:45:08.000Z</time>
      </trkpt>
      <trkpt lat="44.69579726457596" lon="125.9625101275742">
        <ele>186.8</ele>
        <time>2026-09-11T15:45:24.000Z</time>
      </trkpt>
      <trkpt lat="44.69604126177728" lon="125.96284992992878">
        <ele>187.6</ele>
        <time>2026-09-11T15:45:40.000Z</time>
      </trkpt>
      <trkpt lat="44.696305291727185" lon="125.9632252715528">
        <ele>188.2</ele>
        <time>2026-09-11T15:45:56.000Z</time>
      </trkpt>
      <trkpt lat="44.69656211324036" lon="125.96358326263726">
        <ele>189.2</ele>
        <time>2026-09-11T15:46:12.000Z</time>
      </trkpt>
      <trkpt lat="44.69681901857257" lon="125.9639348834753">
        <ele>189.6</ele>
        <time>2026-09-11T15:46:28.000Z</time>
      </trkpt>
      <trkpt lat="44.697069972753525" lon="125.96427937969565">
        <ele>190.6</ele>
        <time>2026-09-11T15:46:45.000Z</time>
      </trkpt>
      <trkpt lat="44.697325117886066" lon="125.96463661640882">
        <ele>191.4</ele>
        <time>2026-09-11T15:47:01.000Z</time>
      </trkpt>
      <trkpt lat="44.69758168794215" lon="125.96498270519078">
        <ele>192</ele>
        <time>2026-09-11T15:47:17.000Z</time>
      </trkpt>
      <trkpt lat="44.697844963520765" lon="125.96534136682749">
        <ele>192.8</ele>
        <time>2026-09-11T15:47:33.000Z</time>
      </trkpt>
      <trkpt lat="44.69807697460055" lon="125.96567337401211">
        <ele>193.6</ele>
        <time>2026-09-11T15:47:49.000Z</time>
      </trkpt>
      <trkpt lat="44.69832323491573" lon="125.96598769538105">
        <ele>194</ele>
        <time>2026-09-11T15:48:05.000Z</time>
      </trkpt>
      <trkpt lat="44.69858106225729" lon="125.96634107641876">
        <ele>194</ele>
        <time>2026-09-11T15:48:21.000Z</time>
      </trkpt>
      <trkpt lat="44.69883645884693" lon="125.96667350269854">
        <ele>194.2</ele>
        <time>2026-09-11T15:48:37.000Z</time>
      </trkpt>
      <trkpt lat="44.699107529595494" lon="125.96702327951789">
        <ele>194.2</ele>
        <time>2026-09-11T15:48:53.000Z</time>
      </trkpt>
      <trkpt lat="44.69941187649965" lon="125.96741572022438">
        <ele>194.6</ele>
        <time>2026-09-11T15:49:10.000Z</time>
      </trkpt>
      <trkpt lat="44.69989073462784" lon="125.96803237684071">
        <ele>193.6</ele>
        <time>2026-09-11T15:49:26.000Z</time>
      </trkpt>
      <trkpt lat="44.70047319307923" lon="125.96878490410745">
        <ele>192.6</ele>
        <time>2026-09-11T15:49:42.000Z</time>
      </trkpt>
      <trkpt lat="44.701135866343975" lon="125.96962829120457">
        <ele>192.2</ele>
        <time>2026-09-11T15:49:58.000Z</time>
      </trkpt>
      <trkpt lat="44.70180591568351" lon="125.97046832554042">
        <ele>191</ele>
        <time>2026-09-11T15:50:14.000Z</time>
      </trkpt>
      <trkpt lat="44.70246062614024" lon="125.9712761733681">
        <ele>189.6</ele>
        <time>2026-09-11T15:50:30.000Z</time>
      </trkpt>
      <trkpt lat="44.70265072770417" lon="125.97163466736674">
        <ele>189.4</ele>
        <time>2026-09-11T15:50:40.000Z</time>
      </trkpt>
      <trkpt lat="44.70273781567812" lon="125.97169208340347">
        <ele>189.2</ele>
        <time>2026-09-11T15:55:55.000Z</time>
      </trkpt>
      <trkpt lat="44.703030763193965" lon="125.97203909419477">
        <ele>188.8</ele>
        <time>2026-09-11T15:56:12.000Z</time>
      </trkpt>
      <trkpt lat="44.70342429354787" lon="125.97244746051729">
        <ele>187.8</ele>
        <time>2026-09-11T15:56:28.000Z</time>
      </trkpt>
      <trkpt lat="44.703958220779896" lon="125.97309119068086">
        <ele>187.4</ele>
        <time>2026-09-11T15:56:44.000Z</time>
      </trkpt>
      <trkpt lat="44.704591892659664" lon="125.97383625805378">
        <ele>186.2</ele>
        <time>2026-09-11T15:57:00.000Z</time>
      </trkpt>
      <trkpt lat="44.70538130030036" lon="125.97476094961166">
        <ele>183.6</ele>
        <time>2026-09-11T15:57:16.000Z</time>
      </trkpt>
      <trkpt lat="44.70600625500083" lon="125.97549109719694">
        <ele>180.6</ele>
        <time>2026-09-11T15:57:26.000Z</time>
      </trkpt>
      <trkpt lat="44.7061478253454" lon="125.97565462812781">
        <ele>179.8</ele>
        <time>2026-09-11T15:57:28.000Z</time>
      </trkpt>
      <trkpt lat="44.70629652030766" lon="125.97582402639091">
        <ele>179.2</ele>
        <time>2026-09-11T15:57:30.000Z</time>
      </trkpt>
      <trkpt lat="44.70652610063553" lon="125.9760867152363">
        <ele>177.8</ele>
        <time>2026-09-11T15:57:33.000Z</time>
      </trkpt>
      <trkpt lat="44.70675920136273" lon="125.9763509966433">
        <ele>176.8</ele>
        <time>2026-09-11T15:57:36.000Z</time>
      </trkpt>
      <trkpt lat="44.706916362047195" lon="125.97652902826667">
        <ele>176</ele>
        <time>2026-09-11T15:57:38.000Z</time>
      </trkpt>
      <trkpt lat="44.707075618207455" lon="125.97670982591808">
        <ele>175</ele>
        <time>2026-09-11T15:57:40.000Z</time>
      </trkpt>
      <trkpt lat="44.70831253565848" lon="125.97807917743921">
        <ele>171</ele>
        <time>2026-09-11T15:57:56.000Z</time>
      </trkpt>
      <trkpt lat="44.70907537266612" lon="125.97892030142248">
        <ele>170.4</ele>
        <time>2026-09-11T15:58:12.000Z</time>
      </trkpt>
      <trkpt lat="44.70966327935457" lon="125.97954651340842">
        <ele>170.4</ele>
        <time>2026-09-11T15:58:28.000Z</time>
      </trkpt>
      <trkpt lat="44.71022461540997" lon="125.9801413770765">
        <ele>171</ele>
        <time>2026-09-11T15:58:45.000Z</time>
      </trkpt>
      <trkpt lat="44.71082853153348" lon="125.98077312111855">
        <ele>170.6</ele>
        <time>2026-09-11T15:59:01.000Z</time>
      </trkpt>
      <trkpt lat="44.71143152564764" lon="125.9813974890858">
        <ele>170.6</ele>
        <time>2026-09-11T15:59:17.000Z</time>
      </trkpt>
      <trkpt lat="44.71202806569636" lon="125.98201079294086">
        <ele>170.4</ele>
        <time>2026-09-11T15:59:33.000Z</time>
      </trkpt>
      <trkpt lat="44.71261446364224" lon="125.98260657861829">
        <ele>169.8</ele>
        <time>2026-09-11T15:59:49.000Z</time>
      </trkpt>
      <trkpt lat="44.71322759985924" lon="125.9832171164453">
        <ele>170.2</ele>
        <time>2026-09-11T16:00:05.000Z</time>
      </trkpt>
      <trkpt lat="44.713835790753365" lon="125.98382346332073">
        <ele>170</ele>
        <time>2026-09-11T16:00:21.000Z</time>
      </trkpt>
      <trkpt lat="44.714411962777376" lon="125.98438932560384">
        <ele>169.8</ele>
        <time>2026-09-11T16:00:37.000Z</time>
      </trkpt>
      <trkpt lat="44.71502970904112" lon="125.9849893860519">
        <ele>169.8</ele>
        <time>2026-09-11T16:00:54.000Z</time>
      </trkpt>
      <trkpt lat="44.715662794187665" lon="125.98559799604118">
        <ele>169.8</ele>
        <time>2026-09-11T16:01:10.000Z</time>
      </trkpt>
      <trkpt lat="44.7162842284888" lon="125.98618975840509">
        <ele>169.6</ele>
        <time>2026-09-11T16:01:26.000Z</time>
      </trkpt>
      <trkpt lat="44.71688722260296" lon="125.98676400259137">
        <ele>169.4</ele>
        <time>2026-09-11T16:01:42.000Z</time>
      </trkpt>
      <trkpt lat="44.71748376265168" lon="125.98731460981071">
        <ele>169.2</ele>
        <time>2026-09-11T16:01:58.000Z</time>
      </trkpt>
      <trkpt lat="44.7180734295398" lon="125.98785180598497">
        <ele>169</ele>
        <time>2026-09-11T16:02:14.000Z</time>
      </trkpt>
      <trkpt lat="44.7186569776386" lon="125.98838238045573">
        <ele>168.8</ele>
        <time>2026-09-11T16:02:30.000Z</time>
      </trkpt>
      <trkpt lat="44.71928721293807" lon="125.98894656635821">
        <ele>168.8</ele>
        <time>2026-09-11T16:02:46.000Z</time>
      </trkpt>
      <trkpt lat="44.71989079378545" lon="125.98947211168706">
        <ele>168.6</ele>
        <time>2026-09-11T16:03:02.000Z</time>
      </trkpt>
      <trkpt lat="44.72042966634035" lon="125.98994946107268">
        <ele>168.6</ele>
        <time>2026-09-11T16:03:19.000Z</time>
      </trkpt>
      <trkpt lat="44.72062697634101" lon="125.99017417989671">
        <ele>168.2</ele>
        <time>2026-09-11T16:03:34.000Z</time>
      </trkpt>
      <trkpt lat="44.72087767906487" lon="125.99033125676215">
        <ele>168.4</ele>
        <time>2026-09-11T16:03:47.000Z</time>
      </trkpt>
      <trkpt lat="44.721066523343325" lon="125.99057969637215">
        <ele>168.2</ele>
        <time>2026-09-11T16:03:58.000Z</time>
      </trkpt>
      <trkpt lat="44.72099938429892" lon="125.99072780460119">
        <ele>168.2</ele>
        <time>2026-09-11T16:04:05.000Z</time>
      </trkpt>
      <trkpt lat="44.721101727336645" lon="125.99079980514944">
        <ele>168.4</ele>
        <time>2026-09-11T16:04:14.000Z</time>
      </trkpt>
      <trkpt lat="44.721188731491566" lon="125.99066225811839">
        <ele>168.2</ele>
        <time>2026-09-11T16:13:26.000Z</time>
      </trkpt>
      <trkpt lat="44.72145820967853" lon="125.99086962640285">
        <ele>168.2</ele>
        <time>2026-09-11T16:13:37.000Z</time>
      </trkpt>
      <trkpt lat="44.72179868258536" lon="125.99120708182454">
        <ele>168.2</ele>
        <time>2026-09-11T16:13:53.000Z</time>
      </trkpt>
      <trkpt lat="44.722073609009385" lon="125.99155250005424">
        <ele>168.4</ele>
        <time>2026-09-11T16:14:09.000Z</time>
      </trkpt>
      <trkpt lat="44.72245012409985" lon="125.99180772900581">
        <ele>168.2</ele>
        <time>2026-09-11T16:14:25.000Z</time>
      </trkpt>
      <trkpt lat="44.72272421233356" lon="125.99205239675939">
        <ele>168</ele>
        <time>2026-09-11T16:14:38.000Z</time>
      </trkpt>
      <trkpt lat="44.72260443493724" lon="125.99208240397274">
        <ele>167.8</ele>
        <time>2026-09-11T16:14:46.000Z</time>
      </trkpt>
      <trkpt lat="44.72254492342472" lon="125.99206346087158">
        <ele>168</ele>
        <time>2026-09-11T16:14:52.000Z</time>
      </trkpt>
      <trkpt lat="44.72260208800435" lon="125.99198592826724">
        <ele>167.8</ele>
        <time>2026-09-11T16:24:37.000Z</time>
      </trkpt>
      <trkpt lat="44.72306963056326" lon="125.9922643750906">
        <ele>167.8</ele>
        <time>2026-09-11T16:24:54.000Z</time>
      </trkpt>
      <trkpt lat="44.72350733354688" lon="125.99266016855836">
        <ele>167.4</ele>
        <time>2026-09-11T16:25:10.000Z</time>
      </trkpt>
      <trkpt lat="44.72380807623267" lon="125.99266142584383">
        <ele>167.2</ele>
        <time>2026-09-11T16:25:24.000Z</time>
      </trkpt>
      <trkpt lat="44.7239915560931" lon="125.99251532927155">
        <ele>166.6</ele>
        <time>2026-09-11T16:25:39.000Z</time>
      </trkpt>
      <trkpt lat="44.72388552501798" lon="125.99271029233932">
        <ele>165.6</ele>
        <time>2026-09-11T17:11:49.000Z</time>
      </trkpt>
      <trkpt lat="44.72402332350612" lon="125.99290299229324">
        <ele>166</ele>
        <time>2026-09-11T17:11:56.000Z</time>
      </trkpt>
      <trkpt lat="44.72431652247906" lon="125.99314648658037">
        <ele>165.8</ele>
        <time>2026-09-11T17:12:09.000Z</time>
      </trkpt>
      <trkpt lat="44.72464601509273" lon="125.99346667528152">
        <ele>165.8</ele>
        <time>2026-09-11T17:12:25.000Z</time>
      </trkpt>
      <trkpt lat="44.72473117522895" lon="125.99353632889688">
        <ele>165.8</ele>
        <time>2026-09-11T17:12:33.000Z</time>
      </trkpt>
      <trkpt lat="44.72490987740457" lon="125.99374696612358">
        <ele>165.8</ele>
        <time>2026-09-11T17:14:20.000Z</time>
      </trkpt>
      <trkpt lat="44.72507307305932" lon="125.9940155223012">
        <ele>165.8</ele>
        <time>2026-09-11T17:14:30.000Z</time>
      </trkpt>
      <trkpt lat="44.72571202553809" lon="125.9945678897202">
        <ele>166</ele>
        <time>2026-09-11T17:14:46.000Z</time>
      </trkpt>
      <trkpt lat="44.726336393505335" lon="125.99512981250882">
        <ele>165.6</ele>
        <time>2026-09-11T17:15:02.000Z</time>
      </trkpt>
      <trkpt lat="44.72698473371565" lon="125.99568720906973">
        <ele>165.2</ele>
        <time>2026-09-11T17:15:19.000Z</time>
      </trkpt>
      <trkpt lat="44.72767347469926" lon="125.9962899517268">
        <ele>165</ele>
        <time>2026-09-11T17:15:35.000Z</time>
      </trkpt>
      <trkpt lat="44.72833757288754" lon="125.99686838686466">
        <ele>165</ele>
        <time>2026-09-11T17:15:51.000Z</time>
      </trkpt>
      <trkpt lat="44.72900317981839" lon="125.99745436571538">
        <ele>164.6</ele>
        <time>2026-09-11T17:16:07.000Z</time>
      </trkpt>
      <trkpt lat="44.72962520085275" lon="125.99799784831703">
        <ele>164.6</ele>
        <time>2026-09-11T17:16:23.000Z</time>
      </trkpt>
      <trkpt lat="44.73024722188711" lon="125.99854158237576">
        <ele>164.6</ele>
        <time>2026-09-11T17:16:39.000Z</time>
      </trkpt>
      <trkpt lat="44.73081870004535" lon="125.99904206581414">
        <ele>164.6</ele>
        <time>2026-09-11T17:16:55.000Z</time>
      </trkpt>
      <trkpt lat="44.73145706579089" lon="125.99960281513631">
        <ele>164.6</ele>
        <time>2026-09-11T17:17:11.000Z</time>
      </trkpt>
      <trkpt lat="44.732098784297705" lon="126.00015082396567">
        <ele>164.6</ele>
        <time>2026-09-11T17:17:28.000Z</time>
      </trkpt>
      <trkpt lat="44.73273329436779" lon="126.00070620886981">
        <ele>164.8</ele>
        <time>2026-09-11T17:17:44.000Z</time>
      </trkpt>
      <trkpt lat="44.733330169692636" lon="126.00122161209583">
        <ele>165.4</ele>
        <time>2026-09-11T17:18:00.000Z</time>
      </trkpt>
      <trkpt lat="44.73391002975404" lon="126.00172201171517">
        <ele>165.6</ele>
        <time>2026-09-11T17:18:16.000Z</time>
      </trkpt>
      <trkpt lat="44.734489135444164" lon="126.0022247582674">
        <ele>166.4</ele>
        <time>2026-09-11T17:18:32.000Z</time>
      </trkpt>
      <trkpt lat="44.735047621652484" lon="126.00270428694785">
        <ele>167.2</ele>
        <time>2026-09-11T17:18:48.000Z</time>
      </trkpt>
      <trkpt lat="44.73557366989553" lon="126.00315649062395">
        <ele>168</ele>
        <time>2026-09-11T17:19:04.000Z</time>
      </trkpt>
      <trkpt lat="44.736112374812365" lon="126.00361942313612">
        <ele>168.6</ele>
        <time>2026-09-11T17:19:20.000Z</time>
      </trkpt>
      <trkpt lat="44.736647978425026" lon="126.00408679805696">
        <ele>169.2</ele>
        <time>2026-09-11T17:19:36.000Z</time>
      </trkpt>
      <trkpt lat="44.73715097643435" lon="126.00452341139317">
        <ele>169.4</ele>
        <time>2026-09-11T17:19:53.000Z</time>
      </trkpt>
      <trkpt lat="44.73766093142331" lon="126.00496756844223">
        <ele>169.4</ele>
        <time>2026-09-11T17:20:09.000Z</time>
      </trkpt>
      <trkpt lat="44.73813618533313" lon="126.00538440048695">
        <ele>169.6</ele>
        <time>2026-09-11T17:20:25.000Z</time>
      </trkpt>
      <trkpt lat="44.73864127881825" lon="126.00582386367023">
        <ele>169.4</ele>
        <time>2026-09-11T17:20:41.000Z</time>
      </trkpt>
      <trkpt lat="44.73916959017515" lon="126.00627548061311">
        <ele>169</ele>
        <time>2026-09-11T17:20:57.000Z</time>
      </trkpt>
      <trkpt lat="44.73954853601754" lon="126.00662064738572">
        <ele>168.8</ele>
        <time>2026-09-11T17:21:09.000Z</time>
      </trkpt>
      <trkpt lat="44.7395175229758" lon="126.00708550773561">
        <ele>167.6</ele>
        <time>2026-09-11T17:21:18.000Z</time>
      </trkpt>
      <trkpt lat="44.7394088935107" lon="126.0077821277082">
        <ele>167.2</ele>
        <time>2026-09-11T17:21:32.000Z</time>
      </trkpt>
      <trkpt lat="44.739411575719714" lon="126.00790509022772">
        <ele>167.2</ele>
        <time>2026-09-11T17:24:02.000Z</time>
      </trkpt>
      <trkpt lat="44.73950453102589" lon="126.0071277525276">
        <ele>167.2</ele>
        <time>2026-09-11T17:24:24.000Z</time>
      </trkpt>
      <trkpt lat="44.739551804959774" lon="126.0066576115787">
        <ele>167.8</ele>
        <time>2026-09-11T17:24:37.000Z</time>
      </trkpt>
      <trkpt lat="44.73987400531769" lon="126.0068824980408">
        <ele>168.2</ele>
        <time>2026-09-11T17:24:50.000Z</time>
      </trkpt>
      <trkpt lat="44.7405971121043" lon="126.00749747827649">
        <ele>167.4</ele>
        <time>2026-09-11T17:25:06.000Z</time>
      </trkpt>
      <trkpt lat="44.741389118134975" lon="126.00814389064908">
        <ele>166.4</ele>
        <time>2026-09-11T17:25:22.000Z</time>
      </trkpt>
      <trkpt lat="44.74222647026181" lon="126.0088006965816">
        <ele>165.4</ele>
        <time>2026-09-11T17:25:38.000Z</time>
      </trkpt>
      <trkpt lat="44.74298369139433" lon="126.00937041454017">
        <ele>165.2</ele>
        <time>2026-09-11T17:25:54.000Z</time>
      </trkpt>
      <trkpt lat="44.74369280040264" lon="126.0098802857101">
        <ele>165</ele>
        <time>2026-09-11T17:26:10.000Z</time>
      </trkpt>
      <trkpt lat="44.74442236125469" lon="126.01039451546967">
        <ele>165</ele>
        <time>2026-09-11T17:26:26.000Z</time>
      </trkpt>
      <trkpt lat="44.74518368951976" lon="126.01090681739151">
        <ele>165</ele>
        <time>2026-09-11T17:26:42.000Z</time>
      </trkpt>
      <trkpt lat="44.74598717875779" lon="126.01143856532872">
        <ele>165</ele>
        <time>2026-09-11T17:26:59.000Z</time>
      </trkpt>
      <trkpt lat="44.74648372270167" lon="126.01173184812069">
        <ele>165</ele>
        <time>2026-09-11T17:27:15.000Z</time>
      </trkpt>
      <trkpt lat="44.74714002572" lon="126.01212797686458">
        <ele>165</ele>
        <time>2026-09-11T17:27:31.000Z</time>
      </trkpt>
      <trkpt lat="44.74780546501279" lon="126.01251740008593">
        <ele>165</ele>
        <time>2026-09-11T17:27:47.000Z</time>
      </trkpt>
      <trkpt lat="44.74853552877903" lon="126.01292006671429">
        <ele>165</ele>
        <time>2026-09-11T17:28:03.000Z</time>
      </trkpt>
      <trkpt lat="44.74920448847115" lon="126.01328250020742">
        <ele>165</ele>
        <time>2026-09-11T17:28:19.000Z</time>
      </trkpt>
      <trkpt lat="44.749916195869446" lon="126.0136445146054">
        <ele>165</ele>
        <time>2026-09-11T17:28:35.000Z</time>
      </trkpt>
      <trkpt lat="44.75066000595689" lon="126.01401206105947">
        <ele>165.2</ele>
        <time>2026-09-11T17:28:51.000Z</time>
      </trkpt>
      <trkpt lat="44.75145980715752" lon="126.01439150981605">
        <ele>165</ele>
        <time>2026-09-11T17:29:07.000Z</time>
      </trkpt>
      <trkpt lat="44.75225399248302" lon="126.01474438793957">
        <ele>165.2</ele>
        <time>2026-09-11T17:29:24.000Z</time>
      </trkpt>
      <trkpt lat="44.75308011285961" lon="126.01509089581668">
        <ele>165.2</ele>
        <time>2026-09-11T17:29:40.000Z</time>
      </trkpt>
      <trkpt lat="44.75390296429396" lon="126.01541661657393">
        <ele>165.2</ele>
        <time>2026-09-11T17:29:56.000Z</time>
      </trkpt>
      <trkpt lat="44.75476806052029" lon="126.0157360509038">
        <ele>165.4</ele>
        <time>2026-09-11T17:30:12.000Z</time>
      </trkpt>
      <trkpt lat="44.75569040514529" lon="126.01606051437557">
        <ele>165.2</ele>
        <time>2026-09-11T17:30:28.000Z</time>
      </trkpt>
      <trkpt lat="44.75657972507179" lon="126.01634558290243">
        <ele>165.4</ele>
        <time>2026-09-11T17:30:44.000Z</time>
      </trkpt>
      <trkpt lat="44.757403414696455" lon="126.0165870655328">
        <ele>165.2</ele>
        <time>2026-09-11T17:31:00.000Z</time>
      </trkpt>
      <trkpt lat="44.7581834346056" lon="126.0167995467782">
        <ele>165.4</ele>
        <time>2026-09-11T17:31:16.000Z</time>
      </trkpt>
      <trkpt lat="44.758923556655645" lon="126.01699149236083">
        <ele>165.2</ele>
        <time>2026-09-11T17:31:32.000Z</time>
      </trkpt>
      <trkpt lat="44.759818157181144" lon="126.01719919592142">
        <ele>165.2</ele>
        <time>2026-09-11T17:31:49.000Z</time>
      </trkpt>
      <trkpt lat="44.760599518194795" lon="126.01735836826265">
        <ele>165</ele>
        <time>2026-09-11T17:32:05.000Z</time>
      </trkpt>
      <trkpt lat="44.761405270546675" lon="126.0175110027194">
        <ele>165.2</ele>
        <time>2026-09-11T17:32:21.000Z</time>
      </trkpt>
      <trkpt lat="44.76220247335732" lon="126.01764150895178">
        <ele>165.2</ele>
        <time>2026-09-11T17:32:37.000Z</time>
      </trkpt>
      <trkpt lat="44.76301057264209" lon="126.01776019670069">
        <ele>165.2</ele>
        <time>2026-09-11T17:32:53.000Z</time>
      </trkpt>
      <trkpt lat="44.763813726603985" lon="126.01786069571972">
        <ele>165</ele>
        <time>2026-09-11T17:33:09.000Z</time>
      </trkpt>
      <trkpt lat="44.76460296660662" lon="126.01794552057981">
        <ele>165.4</ele>
        <time>2026-09-11T17:33:25.000Z</time>
      </trkpt>
      <trkpt lat="44.76537661626935" lon="126.01801358163357">
        <ele>165.2</ele>
        <time>2026-09-11T17:33:41.000Z</time>
      </trkpt>
      <trkpt lat="44.76624481379986" lon="126.01806605234742">
        <ele>165</ele>
        <time>2026-09-11T17:33:57.000Z</time>
      </trkpt>
      <trkpt lat="44.767126590013504" lon="126.01809765212238">
        <ele>165.2</ele>
        <time>2026-09-11T17:34:14.000Z</time>
      </trkpt>
      <trkpt lat="44.767971904948354" lon="126.01811341010034">
        <ele>165.2</ele>
        <time>2026-09-11T17:34:30.000Z</time>
      </trkpt>
      <trkpt lat="44.768807580694556" lon="126.01810930296779">
        <ele>165.4</ele>
        <time>2026-09-11T17:34:46.000Z</time>
      </trkpt>
      <trkpt lat="44.76962070912123" lon="126.01809086278081">
        <ele>165.6</ele>
        <time>2026-09-11T17:35:02.000Z</time>
      </trkpt>
      <trkpt lat="44.77033803239465" lon="126.0180689021945">
        <ele>166.4</ele>
        <time>2026-09-11T17:35:18.000Z</time>
      </trkpt>
      <trkpt lat="44.77106910198927" lon="126.01803881116211">
        <ele>167</ele>
        <time>2026-09-11T17:35:34.000Z</time>
      </trkpt>
      <trkpt lat="44.77176605723798" lon="126.01802347227931">
        <ele>168</ele>
        <time>2026-09-11T17:35:50.000Z</time>
      </trkpt>
      <trkpt lat="44.772467790171504" lon="126.01799715310335">
        <ele>168.2</ele>
        <time>2026-09-11T17:36:06.000Z</time>
      </trkpt>
      <trkpt lat="44.77317648008466" lon="126.017972426489">
        <ele>168.8</ele>
        <time>2026-09-11T17:36:22.000Z</time>
      </trkpt>
      <trkpt lat="44.77385139092803" lon="126.01795624941587">
        <ele>169.4</ele>
        <time>2026-09-11T17:36:39.000Z</time>
      </trkpt>
      <trkpt lat="44.77453636005521" lon="126.01793537847698">
        <ele>169.6</ele>
        <time>2026-09-11T17:36:55.000Z</time>
      </trkpt>
      <trkpt lat="44.775228118523955" lon="126.01791107095778">
        <ele>170.2</ele>
        <time>2026-09-11T17:37:11.000Z</time>
      </trkpt>
      <trkpt lat="44.775925325229764" lon="126.01789237931371">
        <ele>170.8</ele>
        <time>2026-09-11T17:37:27.000Z</time>
      </trkpt>
      <trkpt lat="44.776611886918545" lon="126.01787150837481">
        <ele>171.4</ele>
        <time>2026-09-11T17:37:43.000Z</time>
      </trkpt>
      <trkpt lat="44.777120500802994" lon="126.0178492963314">
        <ele>171.6</ele>
        <time>2026-09-11T17:37:59.000Z</time>
      </trkpt>
      <trkpt lat="44.77787269279361" lon="126.01783286780119">
        <ele>171.6</ele>
        <time>2026-09-11T17:38:15.000Z</time>
      </trkpt>
      <trkpt lat="44.77893149480224" lon="126.01780319586396">
        <ele>171.8</ele>
        <time>2026-09-11T17:38:31.000Z</time>
      </trkpt>
      <trkpt lat="44.78019783273339" lon="126.01776832714677">
        <ele>171.8</ele>
        <time>2026-09-11T17:38:47.000Z</time>
      </trkpt>
      <trkpt lat="44.781335927546024" lon="126.01773521862924">
        <ele>171.8</ele>
        <time>2026-09-11T17:39:04.000Z</time>
      </trkpt>
      <trkpt lat="44.782410906627774" lon="126.01769867353141">
        <ele>171.8</ele>
        <time>2026-09-11T17:39:20.000Z</time>
      </trkpt>
      <trkpt lat="44.78334146551788" lon="126.0176735278219">
        <ele>172</ele>
        <time>2026-09-11T17:39:36.000Z</time>
      </trkpt>
      <trkpt lat="44.78423807770014" lon="126.01764569990337">
        <ele>171.8</ele>
        <time>2026-09-11T17:39:52.000Z</time>
      </trkpt>
      <trkpt lat="44.785193195566535" lon="126.0176198836416">
        <ele>172</ele>
        <time>2026-09-11T17:40:08.000Z</time>
      </trkpt>
      <trkpt lat="44.78615619242191" lon="126.01758912205696">
        <ele>172</ele>
        <time>2026-09-11T17:40:24.000Z</time>
      </trkpt>
      <trkpt lat="44.78709362447262" lon="126.01756162941456">
        <ele>172</ele>
        <time>2026-09-11T17:40:40.000Z</time>
      </trkpt>
      <trkpt lat="44.788162568584085" lon="126.01752902381122">
        <ele>172</ele>
        <time>2026-09-11T17:40:56.000Z</time>
      </trkpt>
      <trkpt lat="44.78913830593228" lon="126.01749868132174">
        <ele>172</ele>
        <time>2026-09-11T17:41:12.000Z</time>
      </trkpt>
      <trkpt lat="44.78965136222541" lon="126.0175614617765">
        <ele>172.2</ele>
        <time>2026-09-11T17:41:29.000Z</time>
      </trkpt>
      <trkpt lat="44.78960232809186" lon="126.01798701100051">
        <ele>172.2</ele>
        <time>2026-09-11T17:42:35.000Z</time>
      </trkpt>
      <trkpt lat="44.78958070278168" lon="126.01868354715407">
        <ele>171.8</ele>
        <time>2026-09-11T17:42:51.000Z</time>
      </trkpt>
      <trkpt lat="44.78955631144345" lon="126.01938092149794">
        <ele>171</ele>
        <time>2026-09-11T17:43:07.000Z</time>
      </trkpt>
      <trkpt lat="44.78939755819738" lon="126.01935217157006">
        <ele>170</ele>
        <time>2026-09-11T17:43:18.000Z</time>
      </trkpt>
      <trkpt lat="44.789069993421435" lon="126.0193086694926">
        <ele>167.2</ele>
        <time>2026-09-11T17:43:34.000Z</time>
      </trkpt>
      <trkpt lat="44.78884301148355" lon="126.01917564868927">
        <ele>166.2</ele>
        <time>2026-09-11T17:43:48.000Z</time>
      </trkpt>
      <trkpt lat="44.78885181248188" lon="126.01896526291966">
        <ele>166</ele>
        <time>2026-09-11T17:43:56.000Z</time>
      </trkpt>
      <trkpt lat="44.78904828429222" lon="126.01873559877276">
        <ele>166</ele>
        <time>2026-09-11T17:44:08.000Z</time>
      </trkpt>
      <trkpt lat="44.789044009521604" lon="126.01828498765826">
        <ele>165.8</ele>
        <time>2026-09-11T17:44:24.000Z</time>
      </trkpt>
      <trkpt lat="44.78918742388487" lon="126.01829605177045">
        <ele>165.8</ele>
        <time>2026-09-11T17:44:33.000Z</time>
      </trkpt>
      <trkpt lat="44.789234111085534" lon="126.01815959438682">
        <ele>166</ele>
        <time>2026-09-11T17:44:42.000Z</time>
      </trkpt>
      <trkpt lat="44.78904283605516" lon="126.01828867569566">
        <ele>165.6</ele>
        <time>2026-09-11T17:47:53.000Z</time>
      </trkpt>
      <trkpt lat="44.78887469507754" lon="126.0182538907975">
        <ele>165.4</ele>
        <time>2026-09-11T17:48:09.000Z</time>
      </trkpt>
      <trkpt lat="44.788723988458514" lon="126.0182084608823">
        <ele>165.2</ele>
        <time>2026-09-11T17:48:26.000Z</time>
      </trkpt>
      <trkpt lat="44.7886451985687" lon="126.01826889440417">
        <ele>165</ele>
        <time>2026-09-11T17:48:39.000Z</time>
      </trkpt>
      <trkpt lat="44.78855316527188" lon="126.01818365044892">
        <ele>164</ele>
        <time>2026-09-11T17:48:52.000Z</time>
      </trkpt>
      <trkpt lat="44.78838552720845" lon="126.01804727688432">
        <ele>164.6</ele>
        <time>2026-09-11T17:49:15.000Z</time>
      </trkpt>
      <trkpt lat="44.7881929948926" lon="126.01805876009166">
        <ele>164.6</ele>
        <time>2026-09-11T17:49:35.000Z</time>
      </trkpt>
      <trkpt lat="44.78803977370262" lon="126.0180704947561">
        <ele>164.6</ele>
        <time>2026-09-11T17:49:51.000Z</time>
      </trkpt>
      <trkpt lat="44.78788227774203" lon="126.01807560771704">
        <ele>164.6</ele>
        <time>2026-09-11T17:50:07.000Z</time>
      </trkpt>
      <trkpt lat="44.78772201575339" lon="126.01810301654041">
        <ele>164.6</ele>
        <time>2026-09-11T17:50:23.000Z</time>
      </trkpt>
      <trkpt lat="44.78755161166191" lon="126.01815607398748">
        <ele>164.4</ele>
        <time>2026-09-11T17:50:39.000Z</time>
      </trkpt>
      <trkpt lat="44.78738891892135" lon="126.0181656293571">
        <ele>163.8</ele>
        <time>2026-09-11T17:50:56.000Z</time>
      </trkpt>
      <trkpt lat="44.78723846375942" lon="126.01817132905126">
        <ele>164</ele>
        <time>2026-09-11T17:51:12.000Z</time>
      </trkpt>
      <trkpt lat="44.78718808852136" lon="126.01820359937847">
        <ele>164</ele>
        <time>2026-09-11T17:51:21.000Z</time>
      </trkpt>
    </trkseg>
  </trk>
</gpx>