<?xml version="1.0" encoding="UTF-8"?>
<gpx creator="IGPSPORT" xmlns:xsi="http://www.w3.org/2001/XMLSchema-instance" schemaLocation="http://www.topografix.com/GPX/1/1 http://www.topografix.com/GPX/1/1/gpx.xsd" version="1.1" xmlns="http://www.topografix.com/GPX/1/1">
  <metadata>
    <time>2026-08-02T09:31:33.000Z</time>
    <link href="https://www.igpsport.cn/">
      <text>Велоспорт на свежем воздухе</text>
    </link>
  </metadata>
  <trk>
    <name>Велоспорт на свежем воздухе</name>
    <trkseg>
      <trkpt lat="49.2426482308656" lon="89.84434956684709">
        <ele>2267.8</ele>
        <time>2026-08-02T10:31:33.000Z</time>
      </trkpt>
      <trkpt lat="49.24265258945525" lon="89.84439608640969">
        <ele>2267.8</ele>
        <time>2026-08-02T10:37:05.000Z</time>
      </trkpt>
      <trkpt lat="49.24265820533037" lon="89.84434872865677">
        <ele>2267.6</ele>
        <time>2026-08-02T10:37:51.000Z</time>
      </trkpt>
      <trkpt lat="49.242653930559754" lon="89.84436985105276">
        <ele>2267.6</ele>
        <time>2026-08-02T10:38:23.000Z</time>
      </trkpt>
      <trkpt lat="49.24265761859715" lon="89.84443799592555">
        <ele>2267.6</ele>
        <time>2026-08-02T10:38:30.000Z</time>
      </trkpt>
      <trkpt lat="49.24266851507127" lon="89.84443011693656">
        <ele>2267.4</ele>
        <time>2026-08-02T10:39:13.000Z</time>
      </trkpt>
      <trkpt lat="49.24265015870333" lon="89.8444801568985">
        <ele>2267.4</ele>
        <time>2026-08-02T10:39:16.000Z</time>
      </trkpt>
      <trkpt lat="49.242612859234214" lon="89.84462600201368">
        <ele>2267.4</ele>
        <time>2026-08-02T10:39:25.000Z</time>
      </trkpt>
      <trkpt lat="49.24260573461652" lon="89.84474862925708">
        <ele>2267.4</ele>
        <time>2026-08-02T10:39:36.000Z</time>
      </trkpt>
      <trkpt lat="49.24255737103522" lon="89.84481140971184">
        <ele>2267.2</ele>
        <time>2026-08-02T10:39:44.000Z</time>
      </trkpt>
      <trkpt lat="49.24252308905125" lon="89.84485792927444">
        <ele>2267</ele>
        <time>2026-08-02T10:39:46.000Z</time>
      </trkpt>
      <trkpt lat="49.24242937937379" lon="89.84501919709146">
        <ele>2266.8</ele>
        <time>2026-08-02T10:39:52.000Z</time>
      </trkpt>
      <trkpt lat="49.24222812987864" lon="89.84532580710948">
        <ele>2266.6</ele>
        <time>2026-08-02T10:40:03.000Z</time>
      </trkpt>
      <trkpt lat="49.24188271164894" lon="89.84559687785804">
        <ele>2266.4</ele>
        <time>2026-08-02T10:40:19.000Z</time>
      </trkpt>
      <trkpt lat="49.24154852516949" lon="89.84582050703466">
        <ele>2265.6</ele>
        <time>2026-08-02T10:40:35.000Z</time>
      </trkpt>
      <trkpt lat="49.24133017659187" lon="89.84601153060794">
        <ele>2264.8</ele>
        <time>2026-08-02T10:40:44.000Z</time>
      </trkpt>
      <trkpt lat="49.24104083329439" lon="89.84625427052379">
        <ele>2263.8</ele>
        <time>2026-08-02T10:41:00.000Z</time>
      </trkpt>
      <trkpt lat="49.240750316530466" lon="89.84652886167169">
        <ele>2263</ele>
        <time>2026-08-02T10:41:16.000Z</time>
      </trkpt>
      <trkpt lat="49.24040322192013" lon="89.84676397405565">
        <ele>2262</ele>
        <time>2026-08-02T10:41:32.000Z</time>
      </trkpt>
      <trkpt lat="49.23997708596289" lon="89.84696321189404">
        <ele>2260.6</ele>
        <time>2026-08-02T10:41:48.000Z</time>
      </trkpt>
      <trkpt lat="49.23962521366775" lon="89.84714878723025">
        <ele>2259.6</ele>
        <time>2026-08-02T10:42:04.000Z</time>
      </trkpt>
      <trkpt lat="49.239324387162924" lon="89.84742715023458">
        <ele>2259.2</ele>
        <time>2026-08-02T10:42:20.000Z</time>
      </trkpt>
      <trkpt lat="49.23902942799032" lon="89.84770358540118">
        <ele>2258.4</ele>
        <time>2026-08-02T10:42:34.000Z</time>
      </trkpt>
      <trkpt lat="49.238720554858446" lon="89.84808085486293">
        <ele>2257.6</ele>
        <time>2026-08-02T10:42:51.000Z</time>
      </trkpt>
      <trkpt lat="49.23847119323909" lon="89.84837606549263">
        <ele>2257</ele>
        <time>2026-08-02T10:43:05.000Z</time>
      </trkpt>
      <trkpt lat="49.238139521330595" lon="89.84859600663185">
        <ele>2256.2</ele>
        <time>2026-08-02T10:43:21.000Z</time>
      </trkpt>
      <trkpt lat="49.23779435455799" lon="89.84877227805555">
        <ele>2255.2</ele>
        <time>2026-08-02T10:43:37.000Z</time>
      </trkpt>
      <trkpt lat="49.23749528825283" lon="89.84889431856573">
        <ele>2254</ele>
        <time>2026-08-02T10:43:51.000Z</time>
      </trkpt>
      <trkpt lat="49.237156407907605" lon="89.84923462383449">
        <ele>2253.4</ele>
        <time>2026-08-02T10:44:07.000Z</time>
      </trkpt>
      <trkpt lat="49.2368802241981" lon="89.84942497685552">
        <ele>2252.8</ele>
        <time>2026-08-02T10:44:21.000Z</time>
      </trkpt>
      <trkpt lat="49.23666472546756" lon="89.84962781891227">
        <ele>2252.2</ele>
        <time>2026-08-02T10:44:33.000Z</time>
      </trkpt>
      <trkpt lat="49.23638359643519" lon="89.84987575560808">
        <ele>2251.6</ele>
        <time>2026-08-02T10:44:49.000Z</time>
      </trkpt>
      <trkpt lat="49.23616273328662" lon="89.85001791268587">
        <ele>2250.8</ele>
        <time>2026-08-02T10:45:02.000Z</time>
      </trkpt>
      <trkpt lat="49.23593365587294" lon="89.85004322603345">
        <ele>2250.6</ele>
        <time>2026-08-02T10:45:15.000Z</time>
      </trkpt>
      <trkpt lat="49.23558580689132" lon="89.85023475252092">
        <ele>2249.8</ele>
        <time>2026-08-02T10:45:31.000Z</time>
      </trkpt>
      <trkpt lat="49.235287830233574" lon="89.85040205530822">
        <ele>2249.2</ele>
        <time>2026-08-02T10:45:46.000Z</time>
      </trkpt>
      <trkpt lat="49.235102171078324" lon="89.85060322098434">
        <ele>2248.8</ele>
        <time>2026-08-02T10:45:58.000Z</time>
      </trkpt>
      <trkpt lat="49.23519152216613" lon="89.85078577883542">
        <ele>2249.6</ele>
        <time>2026-08-02T10:46:06.000Z</time>
      </trkpt>
      <trkpt lat="49.23521683551371" lon="89.85081670805812">
        <ele>2249.8</ele>
        <time>2026-08-02T10:46:08.000Z</time>
      </trkpt>
      <trkpt lat="49.23525480553508" lon="89.85086498782039">
        <ele>2250</ele>
        <time>2026-08-02T10:46:11.000Z</time>
      </trkpt>
      <trkpt lat="49.235279113054276" lon="89.85089952126145">
        <ele>2250.4</ele>
        <time>2026-08-02T10:46:13.000Z</time>
      </trkpt>
      <trkpt lat="49.235441805794835" lon="89.8510785587132">
        <ele>2251.6</ele>
        <time>2026-08-02T10:46:26.000Z</time>
      </trkpt>
      <trkpt lat="49.23546653240919" lon="89.85110638663173">
        <ele>2251.8</ele>
        <time>2026-08-02T10:46:28.000Z</time>
      </trkpt>
      <trkpt lat="49.235498970374465" lon="89.85115089453757">
        <ele>2252.2</ele>
        <time>2026-08-02T10:46:31.000Z</time>
      </trkpt>
      <trkpt lat="49.23566191457212" lon="89.85134862363338">
        <ele>2253.6</ele>
        <time>2026-08-02T10:46:47.000Z</time>
      </trkpt>
      <trkpt lat="49.235694436356425" lon="89.85138609074056">
        <ele>2254</ele>
        <time>2026-08-02T10:46:51.000Z</time>
      </trkpt>
      <trkpt lat="49.235712457448244" lon="89.85140302218497">
        <ele>2254.4</ele>
        <time>2026-08-02T10:46:53.000Z</time>
      </trkpt>
      <trkpt lat="49.235737435519695" lon="89.85141727142036">
        <ele>2254.6</ele>
        <time>2026-08-02T10:46:57.000Z</time>
      </trkpt>
      <trkpt lat="49.23553140833974" lon="89.85147980041802">
        <ele>2255.4</ele>
        <time>2026-08-02T10:47:32.000Z</time>
      </trkpt>
      <trkpt lat="49.23505791462958" lon="89.8515186086297">
        <ele>2254.6</ele>
        <time>2026-08-02T10:47:50.000Z</time>
      </trkpt>
      <trkpt lat="49.23490846529603" lon="89.85152397304773">
        <ele>2254.8</ele>
        <time>2026-08-02T10:47:55.000Z</time>
      </trkpt>
      <trkpt lat="49.234693218022585" lon="89.8514787107706">
        <ele>2254.4</ele>
        <time>2026-08-02T10:48:02.000Z</time>
      </trkpt>
      <trkpt lat="49.23441845923662" lon="89.85152900218964">
        <ele>2254</ele>
        <time>2026-08-02T10:48:11.000Z</time>
      </trkpt>
      <trkpt lat="49.234149316325784" lon="89.85154040157795">
        <ele>2253.6</ele>
        <time>2026-08-02T10:48:19.000Z</time>
      </trkpt>
      <trkpt lat="49.233840024098754" lon="89.85155867412686">
        <ele>2253</ele>
        <time>2026-08-02T10:48:28.000Z</time>
      </trkpt>
      <trkpt lat="49.233599212020636" lon="89.85157057642937">
        <ele>2252.6</ele>
        <time>2026-08-02T10:48:35.000Z</time>
      </trkpt>
      <trkpt lat="49.233525870367885" lon="89.85156630165875">
        <ele>2252.4</ele>
        <time>2026-08-02T10:48:37.000Z</time>
      </trkpt>
      <trkpt lat="49.23337616957724" lon="89.85157510265708">
        <ele>2252.2</ele>
        <time>2026-08-02T10:48:41.000Z</time>
      </trkpt>
      <trkpt lat="49.23329662531614" lon="89.85157828778028">
        <ele>2252.2</ele>
        <time>2026-08-02T10:48:43.000Z</time>
      </trkpt>
      <trkpt lat="49.23320760950446" lon="89.85157988034189">
        <ele>2252.2</ele>
        <time>2026-08-02T10:48:45.000Z</time>
      </trkpt>
      <trkpt lat="49.23274668864906" lon="89.8515944648534">
        <ele>2250.8</ele>
        <time>2026-08-02T10:48:55.000Z</time>
      </trkpt>
      <trkpt lat="49.23265096731484" lon="89.85160209238529">
        <ele>2250.8</ele>
        <time>2026-08-02T10:48:57.000Z</time>
      </trkpt>
      <trkpt lat="49.23187010921538" lon="89.85163218341768">
        <ele>2249.4</ele>
        <time>2026-08-02T10:49:13.000Z</time>
      </trkpt>
      <trkpt lat="49.23171856440604" lon="89.85163369216025">
        <ele>2249.4</ele>
        <time>2026-08-02T10:49:16.000Z</time>
      </trkpt>
      <trkpt lat="49.23099227249622" lon="89.85166495665908">
        <ele>2248.6</ele>
        <time>2026-08-02T10:49:30.000Z</time>
      </trkpt>
      <trkpt lat="49.230123991146684" lon="89.85175866633654">
        <ele>2247</ele>
        <time>2026-08-02T10:49:46.000Z</time>
      </trkpt>
      <trkpt lat="49.229523511603475" lon="89.85189227387309">
        <ele>2245.4</ele>
        <time>2026-08-02T10:49:59.000Z</time>
      </trkpt>
      <trkpt lat="49.2290367744863" lon="89.85202705487609">
        <ele>2244.4</ele>
        <time>2026-08-02T10:50:08.000Z</time>
      </trkpt>
      <trkpt lat="49.228224232792854" lon="89.85230131074786">
        <ele>2243.6</ele>
        <time>2026-08-02T10:50:24.000Z</time>
      </trkpt>
      <trkpt lat="49.22760900110006" lon="89.85250876285136">
        <ele>2243.2</ele>
        <time>2026-08-02T10:50:36.000Z</time>
      </trkpt>
      <trkpt lat="49.22689637169242" lon="89.85275602899492">
        <ele>2242.2</ele>
        <time>2026-08-02T10:50:52.000Z</time>
      </trkpt>
      <trkpt lat="49.22624208033085" lon="89.85297915525734">
        <ele>2243.8</ele>
        <time>2026-08-02T10:51:08.000Z</time>
      </trkpt>
      <trkpt lat="49.22564051114023" lon="89.85318459570408">
        <ele>2244.4</ele>
        <time>2026-08-02T10:51:24.000Z</time>
      </trkpt>
      <trkpt lat="49.22509987838566" lon="89.85336790792644">
        <ele>2244.6</ele>
        <time>2026-08-02T10:51:40.000Z</time>
      </trkpt>
      <trkpt lat="49.224499482661486" lon="89.853575527668">
        <ele>2244.6</ele>
        <time>2026-08-02T10:51:56.000Z</time>
      </trkpt>
      <trkpt lat="49.22389472834766" lon="89.85378557816148">
        <ele>2244.8</ele>
        <time>2026-08-02T10:52:12.000Z</time>
      </trkpt>
      <trkpt lat="49.22334613278508" lon="89.85398070886731">
        <ele>2244.8</ele>
        <time>2026-08-02T10:52:29.000Z</time>
      </trkpt>
      <trkpt lat="49.222771218046546" lon="89.85418137162924">
        <ele>2244.8</ele>
        <time>2026-08-02T10:52:45.000Z</time>
      </trkpt>
      <trkpt lat="49.22216545790434" lon="89.85439226031303">
        <ele>2244.8</ele>
        <time>2026-08-02T10:53:01.000Z</time>
      </trkpt>
      <trkpt lat="49.221580484882" lon="89.85458940267563">
        <ele>2244</ele>
        <time>2026-08-02T10:53:17.000Z</time>
      </trkpt>
      <trkpt lat="49.221012108027935" lon="89.85478528775275">
        <ele>2245.2</ele>
        <time>2026-08-02T10:53:33.000Z</time>
      </trkpt>
      <trkpt lat="49.22041707672179" lon="89.8549897223711">
        <ele>2245.6</ele>
        <time>2026-08-02T10:53:49.000Z</time>
      </trkpt>
      <trkpt lat="49.21978457830846" lon="89.85521016642451">
        <ele>2245.4</ele>
        <time>2026-08-02T10:54:05.000Z</time>
      </trkpt>
      <trkpt lat="49.21910782344639" lon="89.85545231960714">
        <ele>2245</ele>
        <time>2026-08-02T10:54:21.000Z</time>
      </trkpt>
      <trkpt lat="49.2183511890471" lon="89.85571132041514">
        <ele>2244</ele>
        <time>2026-08-02T10:54:37.000Z</time>
      </trkpt>
      <trkpt lat="49.21782111749053" lon="89.85588532872498">
        <ele>2242.8</ele>
        <time>2026-08-02T10:54:48.000Z</time>
      </trkpt>
      <trkpt lat="49.217472011223435" lon="89.85598850995302">
        <ele>2242.2</ele>
        <time>2026-08-02T10:54:54.000Z</time>
      </trkpt>
      <trkpt lat="49.217179734259844" lon="89.8560828063637">
        <ele>2241.6</ele>
        <time>2026-08-02T10:54:59.000Z</time>
      </trkpt>
      <trkpt lat="49.216589564457536" lon="89.85627190209925">
        <ele>2240.6</ele>
        <time>2026-08-02T10:55:09.000Z</time>
      </trkpt>
      <trkpt lat="49.216469870880246" lon="89.85631045885384">
        <ele>2240.2</ele>
        <time>2026-08-02T10:55:11.000Z</time>
      </trkpt>
      <trkpt lat="49.21610307879746" lon="89.85642738640308">
        <ele>2239.4</ele>
        <time>2026-08-02T10:55:17.000Z</time>
      </trkpt>
      <trkpt lat="49.21548306941986" lon="89.85661086626351">
        <ele>2237.8</ele>
        <time>2026-08-02T10:55:27.000Z</time>
      </trkpt>
      <trkpt lat="49.21535558067262" lon="89.85665386542678">
        <ele>2237.4</ele>
        <time>2026-08-02T10:55:29.000Z</time>
      </trkpt>
      <trkpt lat="49.215224822983146" lon="89.85669510439038">
        <ele>2237</ele>
        <time>2026-08-02T10:55:31.000Z</time>
      </trkpt>
      <trkpt lat="49.21488946303725" lon="89.85677582211792">
        <ele>2236</ele>
        <time>2026-08-02T10:55:36.000Z</time>
      </trkpt>
      <trkpt lat="49.214752754196525" lon="89.85680415295064">
        <ele>2235.8</ele>
        <time>2026-08-02T10:55:38.000Z</time>
      </trkpt>
      <trkpt lat="49.21454396098852" lon="89.85684455372393">
        <ele>2235</ele>
        <time>2026-08-02T10:55:41.000Z</time>
      </trkpt>
      <trkpt lat="49.2144017200917" lon="89.85687020234764">
        <ele>2234.6</ele>
        <time>2026-08-02T10:55:43.000Z</time>
      </trkpt>
      <trkpt lat="49.2142566293478" lon="89.85689727589488">
        <ele>2234.2</ele>
        <time>2026-08-02T10:55:45.000Z</time>
      </trkpt>
      <trkpt lat="49.21410709619522" lon="89.85692510381341">
        <ele>2233.8</ele>
        <time>2026-08-02T10:55:47.000Z</time>
      </trkpt>
      <trkpt lat="49.213952869176865" lon="89.85695376992226">
        <ele>2233.2</ele>
        <time>2026-08-02T10:55:49.000Z</time>
      </trkpt>
      <trkpt lat="49.21379478648305" lon="89.85698436386883">
        <ele>2232.8</ele>
        <time>2026-08-02T10:55:51.000Z</time>
      </trkpt>
      <trkpt lat="49.213633267208934" lon="89.85701462253928">
        <ele>2232.2</ele>
        <time>2026-08-02T10:55:53.000Z</time>
      </trkpt>
      <trkpt lat="49.21297528780997" lon="89.85713909380138">
        <ele>2230</ele>
        <time>2026-08-02T10:56:01.000Z</time>
      </trkpt>
      <trkpt lat="49.21272802166641" lon="89.85718695446849">
        <ele>2229</ele>
        <time>2026-08-02T10:56:04.000Z</time>
      </trkpt>
      <trkpt lat="49.21256155706942" lon="89.85722098499537">
        <ele>2228.4</ele>
        <time>2026-08-02T10:56:06.000Z</time>
      </trkpt>
      <trkpt lat="49.21239257790148" lon="89.85725400969386">
        <ele>2227.8</ele>
        <time>2026-08-02T10:56:08.000Z</time>
      </trkpt>
      <trkpt lat="49.21222032979131" lon="89.85728569328785">
        <ele>2226.8</ele>
        <time>2026-08-02T10:56:10.000Z</time>
      </trkpt>
      <trkpt lat="49.2120445612818" lon="89.8573159519583">
        <ele>2226</ele>
        <time>2026-08-02T10:56:12.000Z</time>
      </trkpt>
      <trkpt lat="49.21177667565644" lon="89.85736439935863">
        <ele>2225</ele>
        <time>2026-08-02T10:56:15.000Z</time>
      </trkpt>
      <trkpt lat="49.21087520197034" lon="89.85753170214593">
        <ele>2221.6</ele>
        <time>2026-08-02T10:56:25.000Z</time>
      </trkpt>
      <trkpt lat="49.209532756358385" lon="89.85778165049851">
        <ele>2218.6</ele>
        <time>2026-08-02T10:56:41.000Z</time>
      </trkpt>
      <trkpt lat="49.20849122107029" lon="89.85798742622137">
        <ele>2216</ele>
        <time>2026-08-02T10:56:57.000Z</time>
      </trkpt>
      <trkpt lat="49.20749737881124" lon="89.85817325301468">
        <ele>2214.8</ele>
        <time>2026-08-02T10:57:14.000Z</time>
      </trkpt>
      <trkpt lat="49.206553157418966" lon="89.85834751278162">
        <ele>2212.8</ele>
        <time>2026-08-02T10:57:30.000Z</time>
      </trkpt>
      <trkpt lat="49.20559410005808" lon="89.8585279751569">
        <ele>2211.2</ele>
        <time>2026-08-02T10:57:46.000Z</time>
      </trkpt>
      <trkpt lat="49.20464979484677" lon="89.85870441421866">
        <ele>2209.6</ele>
        <time>2026-08-02T10:58:02.000Z</time>
      </trkpt>
      <trkpt lat="49.20373985543847" lon="89.8588733933866">
        <ele>2207.2</ele>
        <time>2026-08-02T10:58:18.000Z</time>
      </trkpt>
      <trkpt lat="49.202879620715976" lon="89.85904161818326">
        <ele>2206.8</ele>
        <time>2026-08-02T10:58:34.000Z</time>
      </trkpt>
      <trkpt lat="49.20213798992336" lon="89.85918276943266">
        <ele>2206.8</ele>
        <time>2026-08-02T10:58:50.000Z</time>
      </trkpt>
      <trkpt lat="49.201418571174145" lon="89.8593221604824">
        <ele>2206.8</ele>
        <time>2026-08-02T10:59:06.000Z</time>
      </trkpt>
      <trkpt lat="49.20076277107" lon="89.85944772139192">
        <ele>2206.8</ele>
        <time>2026-08-02T10:59:22.000Z</time>
      </trkpt>
      <trkpt lat="49.20010386966169" lon="89.85956858843565">
        <ele>2207.2</ele>
        <time>2026-08-02T10:59:39.000Z</time>
      </trkpt>
      <trkpt lat="49.19940507039428" lon="89.85970227979124">
        <ele>2206.8</ele>
        <time>2026-08-02T10:59:55.000Z</time>
      </trkpt>
      <trkpt lat="49.198701828718185" lon="89.85983211547136">
        <ele>2206.4</ele>
        <time>2026-08-02T11:00:11.000Z</time>
      </trkpt>
      <trkpt lat="49.197922479361296" lon="89.8599820677191">
        <ele>2206.6</ele>
        <time>2026-08-02T11:00:27.000Z</time>
      </trkpt>
      <trkpt lat="49.19708135537803" lon="89.86014241352677">
        <ele>2205.6</ele>
        <time>2026-08-02T11:00:43.000Z</time>
      </trkpt>
      <trkpt lat="49.196176109835505" lon="89.86031482927501">
        <ele>2204.4</ele>
        <time>2026-08-02T11:00:59.000Z</time>
      </trkpt>
      <trkpt lat="49.195202300325036" lon="89.86053946428001">
        <ele>2202.6</ele>
        <time>2026-08-02T11:01:15.000Z</time>
      </trkpt>
      <trkpt lat="49.194131679832935" lon="89.86080491915345">
        <ele>2200.6</ele>
        <time>2026-08-02T11:01:31.000Z</time>
      </trkpt>
      <trkpt lat="49.19303775765002" lon="89.86107029020786">
        <ele>2198.4</ele>
        <time>2026-08-02T11:01:48.000Z</time>
      </trkpt>
      <trkpt lat="49.19199965894222" lon="89.86132635734975">
        <ele>2195.2</ele>
        <time>2026-08-02T11:02:04.000Z</time>
      </trkpt>
      <trkpt lat="49.19099885970354" lon="89.86157605424523">
        <ele>2192</ele>
        <time>2026-08-02T11:02:20.000Z</time>
      </trkpt>
      <trkpt lat="49.18993561528623" lon="89.86184435896575">
        <ele>2189.4</ele>
        <time>2026-08-02T11:02:36.000Z</time>
      </trkpt>
      <trkpt lat="49.18882333673537" lon="89.8621185310185">
        <ele>2186.6</ele>
        <time>2026-08-02T11:02:52.000Z</time>
      </trkpt>
      <trkpt lat="49.18763478286564" lon="89.86241491511464">
        <ele>2184.8</ele>
        <time>2026-08-02T11:03:08.000Z</time>
      </trkpt>
      <trkpt lat="49.186385879293084" lon="89.86272781156003">
        <ele>2180.6</ele>
        <time>2026-08-02T11:03:24.000Z</time>
      </trkpt>
      <trkpt lat="49.185082325711846" lon="89.863058058545">
        <ele>2178</ele>
        <time>2026-08-02T11:03:40.000Z</time>
      </trkpt>
      <trkpt lat="49.18368212878704" lon="89.86340582370758">
        <ele>2174.8</ele>
        <time>2026-08-02T11:03:56.000Z</time>
      </trkpt>
      <trkpt lat="49.18242090381682" lon="89.86372467130423">
        <ele>2171.6</ele>
        <time>2026-08-02T11:04:13.000Z</time>
      </trkpt>
      <trkpt lat="49.18115976266563" lon="89.86403647810221">
        <ele>2168.2</ele>
        <time>2026-08-02T11:04:29.000Z</time>
      </trkpt>
      <trkpt lat="49.17986526153982" lon="89.86435675062239">
        <ele>2165.4</ele>
        <time>2026-08-02T11:04:45.000Z</time>
      </trkpt>
      <trkpt lat="49.17857930995524" lon="89.8646757658571">
        <ele>2162</ele>
        <time>2026-08-02T11:05:01.000Z</time>
      </trkpt>
      <trkpt lat="49.177368795499206" lon="89.86497877165675">
        <ele>2159.2</ele>
        <time>2026-08-02T11:05:17.000Z</time>
      </trkpt>
      <trkpt lat="49.176170099526644" lon="89.86528278328478">
        <ele>2155.8</ele>
        <time>2026-08-02T11:05:33.000Z</time>
      </trkpt>
      <trkpt lat="49.17488146573305" lon="89.86560389399529">
        <ele>2152.4</ele>
        <time>2026-08-02T11:05:49.000Z</time>
      </trkpt>
      <trkpt lat="49.1735614836216" lon="89.8659332189709">
        <ele>2148.8</ele>
        <time>2026-08-02T11:06:05.000Z</time>
      </trkpt>
      <trkpt lat="49.17218123562634" lon="89.86638165079057">
        <ele>2145.6</ele>
        <time>2026-08-02T11:06:21.000Z</time>
      </trkpt>
      <trkpt lat="49.17090157046914" lon="89.86691381782293">
        <ele>2142.6</ele>
        <time>2026-08-02T11:06:38.000Z</time>
      </trkpt>
      <trkpt lat="49.16971821337938" lon="89.86740910448134">
        <ele>2139.4</ele>
        <time>2026-08-02T11:06:54.000Z</time>
      </trkpt>
      <trkpt lat="49.168565617874265" lon="89.86788737587631">
        <ele>2136</ele>
        <time>2026-08-02T11:07:10.000Z</time>
      </trkpt>
      <trkpt lat="49.16739759966731" lon="89.86838006414473">
        <ele>2133.2</ele>
        <time>2026-08-02T11:07:26.000Z</time>
      </trkpt>
      <trkpt lat="49.16620535776019" lon="89.86888096667826">
        <ele>2129.8</ele>
        <time>2026-08-02T11:07:42.000Z</time>
      </trkpt>
      <trkpt lat="49.16494279168546" lon="89.8694072663784">
        <ele>2126.4</ele>
        <time>2026-08-02T11:07:58.000Z</time>
      </trkpt>
      <trkpt lat="49.163755076006055" lon="89.86990774981678">
        <ele>2123.6</ele>
        <time>2026-08-02T11:08:14.000Z</time>
      </trkpt>
      <trkpt lat="49.16264623403549" lon="89.87037789076567">
        <ele>2120.8</ele>
        <time>2026-08-02T11:08:30.000Z</time>
      </trkpt>
      <trkpt lat="49.161476790905" lon="89.87086018547416">
        <ele>2119</ele>
        <time>2026-08-02T11:08:46.000Z</time>
      </trkpt>
      <trkpt lat="49.1603609919548" lon="89.87133393064141">
        <ele>2116.8</ele>
        <time>2026-08-02T11:09:03.000Z</time>
      </trkpt>
      <trkpt lat="49.15922616608441" lon="89.87181195057929">
        <ele>2114.6</ele>
        <time>2026-08-02T11:09:19.000Z</time>
      </trkpt>
      <trkpt lat="49.158125035464764" lon="89.87227010540664">
        <ele>2113</ele>
        <time>2026-08-02T11:09:35.000Z</time>
      </trkpt>
      <trkpt lat="49.15710755623877" lon="89.8726899549365">
        <ele>2110.8</ele>
        <time>2026-08-02T11:09:51.000Z</time>
      </trkpt>
      <trkpt lat="49.15616928599775" lon="89.87308315001428">
        <ele>2109.6</ele>
        <time>2026-08-02T11:10:07.000Z</time>
      </trkpt>
      <trkpt lat="49.15531927719712" lon="89.87344759516418">
        <ele>2108.2</ele>
        <time>2026-08-02T11:10:23.000Z</time>
      </trkpt>
      <trkpt lat="49.15448913350701" lon="89.87379720434546">
        <ele>2106.8</ele>
        <time>2026-08-02T11:10:39.000Z</time>
      </trkpt>
      <trkpt lat="49.15360492654145" lon="89.87410892732441">
        <ele>2105.4</ele>
        <time>2026-08-02T11:10:55.000Z</time>
      </trkpt>
      <trkpt lat="49.152573281899095" lon="89.87443188205361">
        <ele>2103.4</ele>
        <time>2026-08-02T11:11:11.000Z</time>
      </trkpt>
      <trkpt lat="49.15148598141968" lon="89.87477629445493">
        <ele>2101.2</ele>
        <time>2026-08-02T11:11:28.000Z</time>
      </trkpt>
      <trkpt lat="49.15042106062174" lon="89.87511777319014">
        <ele>2099</ele>
        <time>2026-08-02T11:11:44.000Z</time>
      </trkpt>
      <trkpt lat="49.149412298575044" lon="89.87544198520482">
        <ele>2096.4</ele>
        <time>2026-08-02T11:12:00.000Z</time>
      </trkpt>
      <trkpt lat="49.148406302556396" lon="89.87575085833669">
        <ele>2093.8</ele>
        <time>2026-08-02T11:12:16.000Z</time>
      </trkpt>
      <trkpt lat="49.147319504991174" lon="89.87608697265387">
        <ele>2091.4</ele>
        <time>2026-08-02T11:12:32.000Z</time>
      </trkpt>
      <trkpt lat="49.14616598747671" lon="89.87645267508924">
        <ele>2088.8</ele>
        <time>2026-08-02T11:12:48.000Z</time>
      </trkpt>
      <trkpt lat="49.14502018131316" lon="89.87681158818305">
        <ele>2086.8</ele>
        <time>2026-08-02T11:13:04.000Z</time>
      </trkpt>
      <trkpt lat="49.14408769458532" lon="89.87710881046951">
        <ele>2085.8</ele>
        <time>2026-08-02T11:13:19.000Z</time>
      </trkpt>
      <trkpt lat="49.143083123490214" lon="89.87741785123944">
        <ele>2085</ele>
        <time>2026-08-02T11:13:35.000Z</time>
      </trkpt>
      <trkpt lat="49.14219472557306" lon="89.87770426087081">
        <ele>2083.8</ele>
        <time>2026-08-02T11:13:52.000Z</time>
      </trkpt>
      <trkpt lat="49.14130331017077" lon="89.8779883235693">
        <ele>2083</ele>
        <time>2026-08-02T11:14:08.000Z</time>
      </trkpt>
      <trkpt lat="49.140385994687676" lon="89.87828118726611">
        <ele>2082.8</ele>
        <time>2026-08-02T11:14:24.000Z</time>
      </trkpt>
      <trkpt lat="49.13952458649874" lon="89.87854949198663">
        <ele>2081.4</ele>
        <time>2026-08-02T11:14:40.000Z</time>
      </trkpt>
      <trkpt lat="49.13866275921464" lon="89.87880757078528">
        <ele>2080</ele>
        <time>2026-08-02T11:14:56.000Z</time>
      </trkpt>
      <trkpt lat="49.137757094576955" lon="89.87910655327141">
        <ele>2078.8</ele>
        <time>2026-08-02T11:15:12.000Z</time>
      </trkpt>
      <trkpt lat="49.136778423562646" lon="89.87941986881196">
        <ele>2077.6</ele>
        <time>2026-08-02T11:15:28.000Z</time>
      </trkpt>
      <trkpt lat="49.135801093652844" lon="89.87973293289542">
        <ele>2076.2</ele>
        <time>2026-08-02T11:15:44.000Z</time>
      </trkpt>
      <trkpt lat="49.13468630053103" lon="89.88007055595517">
        <ele>2074.6</ele>
        <time>2026-08-02T11:16:00.000Z</time>
      </trkpt>
      <trkpt lat="49.13372556678951" lon="89.88026702776551">
        <ele>2073.2</ele>
        <time>2026-08-02T11:16:17.000Z</time>
      </trkpt>
      <trkpt lat="49.13270339369774" lon="89.88047950901091">
        <ele>2071.8</ele>
        <time>2026-08-02T11:16:33.000Z</time>
      </trkpt>
      <trkpt lat="49.131660433486104" lon="89.88067966885865">
        <ele>2067.8</ele>
        <time>2026-08-02T11:16:49.000Z</time>
      </trkpt>
      <trkpt lat="49.130566427484155" lon="89.88089927472174">
        <ele>2067</ele>
        <time>2026-08-02T11:17:05.000Z</time>
      </trkpt>
      <trkpt lat="49.12948256358504" lon="89.881114019081">
        <ele>2063.2</ele>
        <time>2026-08-02T11:17:21.000Z</time>
      </trkpt>
      <trkpt lat="49.12839576601982" lon="89.88133328966796">
        <ele>2061.8</ele>
        <time>2026-08-02T11:17:37.000Z</time>
      </trkpt>
      <trkpt lat="49.127334114164114" lon="89.88155180588365">
        <ele>2060</ele>
        <time>2026-08-02T11:17:53.000Z</time>
      </trkpt>
      <trkpt lat="49.126324681565166" lon="89.88175498321652">
        <ele>2057.2</ele>
        <time>2026-08-02T11:18:09.000Z</time>
      </trkpt>
      <trkpt lat="49.12529136054218" lon="89.8819721583277">
        <ele>2054</ele>
        <time>2026-08-02T11:18:25.000Z</time>
      </trkpt>
      <trkpt lat="49.12431746721268" lon="89.88217558711767">
        <ele>2053.4</ele>
        <time>2026-08-02T11:18:42.000Z</time>
      </trkpt>
      <trkpt lat="49.12322077900171" lon="89.88240206614137">
        <ele>2051.2</ele>
        <time>2026-08-02T11:18:58.000Z</time>
      </trkpt>
      <trkpt lat="49.122088300064206" lon="89.88262720406055">
        <ele>2048</ele>
        <time>2026-08-02T11:19:14.000Z</time>
      </trkpt>
      <trkpt lat="49.12094132043421" lon="89.88285670056939">
        <ele>2044.4</ele>
        <time>2026-08-02T11:19:30.000Z</time>
      </trkpt>
      <trkpt lat="49.11972259171307" lon="89.88310933113098">
        <ele>2040.4</ele>
        <time>2026-08-02T11:19:46.000Z</time>
      </trkpt>
      <trkpt lat="49.11845927126706" lon="89.88336011767387">
        <ele>2036.4</ele>
        <time>2026-08-02T11:20:02.000Z</time>
      </trkpt>
      <trkpt lat="49.117200560867786" lon="89.88363487645984">
        <ele>2031.4</ele>
        <time>2026-08-02T11:20:18.000Z</time>
      </trkpt>
      <trkpt lat="49.11582416854799" lon="89.88390360027552">
        <ele>2028.2</ele>
        <time>2026-08-02T11:20:34.000Z</time>
      </trkpt>
      <trkpt lat="49.11439538933337" lon="89.88419042900205">
        <ele>2024</ele>
        <time>2026-08-02T11:20:51.000Z</time>
      </trkpt>
      <trkpt lat="49.11310910247266" lon="89.88451698794961">
        <ele>2019</ele>
        <time>2026-08-02T11:21:07.000Z</time>
      </trkpt>
      <trkpt lat="49.111842680722475" lon="89.88487573340535">
        <ele>2015.6</ele>
        <time>2026-08-02T11:21:23.000Z</time>
      </trkpt>
      <trkpt lat="49.110794607549906" lon="89.88517320714891">
        <ele>2014.8</ele>
        <time>2026-08-02T11:21:39.000Z</time>
      </trkpt>
      <trkpt lat="49.10996035672724" lon="89.88541276194155">
        <ele>2014.2</ele>
        <time>2026-08-02T11:21:55.000Z</time>
      </trkpt>
      <trkpt lat="49.109232975170016" lon="89.88561359234154">
        <ele>2014</ele>
        <time>2026-08-02T11:22:11.000Z</time>
      </trkpt>
      <trkpt lat="49.10851246677339" lon="89.88581811077893">
        <ele>2013.8</ele>
        <time>2026-08-02T11:22:27.000Z</time>
      </trkpt>
      <trkpt lat="49.10782699473202" lon="89.88600712269545">
        <ele>2014.6</ele>
        <time>2026-08-02T11:22:43.000Z</time>
      </trkpt>
      <trkpt lat="49.107286194339395" lon="89.88617543131113">
        <ele>2015.4</ele>
        <time>2026-08-02T11:22:58.000Z</time>
      </trkpt>
      <trkpt lat="49.10678495652974" lon="89.88630660809577">
        <ele>2016</ele>
        <time>2026-08-02T11:23:15.000Z</time>
      </trkpt>
      <trkpt lat="49.106322610750794" lon="89.88643862307072">
        <ele>2016.8</ele>
        <time>2026-08-02T11:23:30.000Z</time>
      </trkpt>
      <trkpt lat="49.105860935524106" lon="89.88657088950276">
        <ele>2017.6</ele>
        <time>2026-08-02T11:23:46.000Z</time>
      </trkpt>
      <trkpt lat="49.10577066242695" lon="89.88662176765501">
        <ele>2017.6</ele>
        <time>2026-08-02T11:26:32.000Z</time>
      </trkpt>
      <trkpt lat="49.10540428943932" lon="89.88669720478356">
        <ele>2018.2</ele>
        <time>2026-08-02T11:26:48.000Z</time>
      </trkpt>
      <trkpt lat="49.10496826283634" lon="89.88682687282562">
        <ele>2018.6</ele>
        <time>2026-08-02T11:27:04.000Z</time>
      </trkpt>
      <trkpt lat="49.10455998033285" lon="89.88694120198488">
        <ele>2018.8</ele>
        <time>2026-08-02T11:27:17.000Z</time>
      </trkpt>
      <trkpt lat="49.103999231010675" lon="89.88710163161159">
        <ele>2018.8</ele>
        <time>2026-08-02T11:27:33.000Z</time>
      </trkpt>
      <trkpt lat="49.10340319387615" lon="89.88726566545665">
        <ele>2018.8</ele>
        <time>2026-08-02T11:27:49.000Z</time>
      </trkpt>
      <trkpt lat="49.10281168296933" lon="89.88743129186332">
        <ele>2018.4</ele>
        <time>2026-08-02T11:28:06.000Z</time>
      </trkpt>
      <trkpt lat="49.10224347375333" lon="89.88758895546198">
        <ele>2018.4</ele>
        <time>2026-08-02T11:28:22.000Z</time>
      </trkpt>
      <trkpt lat="49.10163645632565" lon="89.88776849582791">
        <ele>2018.4</ele>
        <time>2026-08-02T11:28:38.000Z</time>
      </trkpt>
      <trkpt lat="49.10101703368127" lon="89.88794401288033">
        <ele>2016.6</ele>
        <time>2026-08-02T11:28:54.000Z</time>
      </trkpt>
      <trkpt lat="49.10033902153373" lon="89.88813168369234">
        <ele>2017.4</ele>
        <time>2026-08-02T11:29:10.000Z</time>
      </trkpt>
      <trkpt lat="49.09970920532942" lon="89.88830979913473">
        <ele>2017.2</ele>
        <time>2026-08-02T11:29:26.000Z</time>
      </trkpt>
      <trkpt lat="49.099036725237966" lon="89.88850090652704">
        <ele>2016.6</ele>
        <time>2026-08-02T11:29:42.000Z</time>
      </trkpt>
      <trkpt lat="49.098248574882746" lon="89.88871891982853">
        <ele>2014.6</ele>
        <time>2026-08-02T11:29:58.000Z</time>
      </trkpt>
      <trkpt lat="49.09738783724606" lon="89.88896635361016">
        <ele>2014</ele>
        <time>2026-08-02T11:30:14.000Z</time>
      </trkpt>
      <trkpt lat="49.096522657200694" lon="89.88920230418444">
        <ele>2011.4</ele>
        <time>2026-08-02T11:30:31.000Z</time>
      </trkpt>
      <trkpt lat="49.09569268114865" lon="89.88944068551064">
        <ele>2011.2</ele>
        <time>2026-08-02T11:30:47.000Z</time>
      </trkpt>
      <trkpt lat="49.09488466568291" lon="89.88967152312398">
        <ele>2009.6</ele>
        <time>2026-08-02T11:31:03.000Z</time>
      </trkpt>
      <trkpt lat="49.09404647536576" lon="89.88990789279342">
        <ele>2007.4</ele>
        <time>2026-08-02T11:31:19.000Z</time>
      </trkpt>
      <trkpt lat="49.0931652020663" lon="89.89015515893698">
        <ele>2006</ele>
        <time>2026-08-02T11:31:35.000Z</time>
      </trkpt>
      <trkpt lat="49.092265237122774" lon="89.89038951694965">
        <ele>2004.6</ele>
        <time>2026-08-02T11:31:51.000Z</time>
      </trkpt>
      <trkpt lat="49.091317830607295" lon="89.890604512766">
        <ele>2002.6</ele>
        <time>2026-08-02T11:32:07.000Z</time>
      </trkpt>
      <trkpt lat="49.09031401388347" lon="89.8908357694745">
        <ele>1998.8</ele>
        <time>2026-08-02T11:32:23.000Z</time>
      </trkpt>
      <trkpt lat="49.08918388187885" lon="89.89108823239803">
        <ele>1996.4</ele>
        <time>2026-08-02T11:32:39.000Z</time>
      </trkpt>
      <trkpt lat="49.08802902325988" lon="89.8913453053683">
        <ele>1993</ele>
        <time>2026-08-02T11:32:56.000Z</time>
      </trkpt>
      <trkpt lat="49.086807779967785" lon="89.89161998033524">
        <ele>1989.8</ele>
        <time>2026-08-02T11:33:12.000Z</time>
      </trkpt>
      <trkpt lat="49.085500203073025" lon="89.89191435277462">
        <ele>1986.6</ele>
        <time>2026-08-02T11:33:28.000Z</time>
      </trkpt>
      <trkpt lat="49.0841924585402" lon="89.89220939576626">
        <ele>1983.2</ele>
        <time>2026-08-02T11:33:44.000Z</time>
      </trkpt>
      <trkpt lat="49.08295126631856" lon="89.8924906924367">
        <ele>1979.4</ele>
        <time>2026-08-02T11:34:00.000Z</time>
      </trkpt>
      <trkpt lat="49.08177411183715" lon="89.89275162108243">
        <ele>1976.4</ele>
        <time>2026-08-02T11:34:16.000Z</time>
      </trkpt>
      <trkpt lat="49.08067071810365" lon="89.89300198853016">
        <ele>1973.4</ele>
        <time>2026-08-02T11:34:32.000Z</time>
      </trkpt>
      <trkpt lat="49.07956120558083" lon="89.89324816502631">
        <ele>1971.2</ele>
        <time>2026-08-02T11:34:48.000Z</time>
      </trkpt>
      <trkpt lat="49.078402826562524" lon="89.89351077005267">
        <ele>1968.4</ele>
        <time>2026-08-02T11:35:04.000Z</time>
      </trkpt>
      <trkpt lat="49.07731552608311" lon="89.89378427155316">
        <ele>1965.8</ele>
        <time>2026-08-02T11:35:21.000Z</time>
      </trkpt>
      <trkpt lat="49.076226968318224" lon="89.89414846524596">
        <ele>1962.8</ele>
        <time>2026-08-02T11:35:37.000Z</time>
      </trkpt>
      <trkpt lat="49.07505450770259" lon="89.89455339498818">
        <ele>1959.2</ele>
        <time>2026-08-02T11:35:53.000Z</time>
      </trkpt>
      <trkpt lat="49.073751121759415" lon="89.89497567526996">
        <ele>1955.4</ele>
        <time>2026-08-02T11:36:09.000Z</time>
      </trkpt>
      <trkpt lat="49.073049975559115" lon="89.89521112293005">
        <ele>1952.6</ele>
        <time>2026-08-02T11:36:17.000Z</time>
      </trkpt>
      <trkpt lat="49.072687877342105" lon="89.89533500745893">
        <ele>1951.6</ele>
        <time>2026-08-02T11:36:21.000Z</time>
      </trkpt>
      <trkpt lat="49.07127267681062" lon="89.89580422639847">
        <ele>1946</ele>
        <time>2026-08-02T11:36:37.000Z</time>
      </trkpt>
      <trkpt lat="49.070170959457755" lon="89.8961671628058">
        <ele>1945</ele>
        <time>2026-08-02T11:36:53.000Z</time>
      </trkpt>
      <trkpt lat="49.06944642774761" lon="89.89640948362648">
        <ele>1946.8</ele>
        <time>2026-08-02T11:37:09.000Z</time>
      </trkpt>
      <trkpt lat="49.068847708404064" lon="89.89660847000778">
        <ele>1948.2</ele>
        <time>2026-08-02T11:37:25.000Z</time>
      </trkpt>
      <trkpt lat="49.06836926937103" lon="89.89676881581545">
        <ele>1948.8</ele>
        <time>2026-08-02T11:37:42.000Z</time>
      </trkpt>
      <trkpt lat="49.06788990832865" lon="89.89694123156369">
        <ele>1949.4</ele>
        <time>2026-08-02T11:37:58.000Z</time>
      </trkpt>
      <trkpt lat="49.06738146208227" lon="89.89710107445717">
        <ele>1949.6</ele>
        <time>2026-08-02T11:38:14.000Z</time>
      </trkpt>
      <trkpt lat="49.066844265908" lon="89.89730726927519">
        <ele>1948.8</ele>
        <time>2026-08-02T11:38:30.000Z</time>
      </trkpt>
      <trkpt lat="49.06605108641088" lon="89.89756702445447">
        <ele>1946.2</ele>
        <time>2026-08-02T11:38:46.000Z</time>
      </trkpt>
      <trkpt lat="49.064910393208265" lon="89.89796415902674">
        <ele>1939</ele>
        <time>2026-08-02T11:39:02.000Z</time>
      </trkpt>
      <trkpt lat="49.06368370167911" lon="89.8983980063349">
        <ele>1935.8</ele>
        <time>2026-08-02T11:39:18.000Z</time>
      </trkpt>
      <trkpt lat="49.06264501623809" lon="89.89875306375325">
        <ele>1935.8</ele>
        <time>2026-08-02T11:39:34.000Z</time>
      </trkpt>
      <trkpt lat="49.0617451351136" lon="89.89905875176191">
        <ele>1935.4</ele>
        <time>2026-08-02T11:39:50.000Z</time>
      </trkpt>
      <trkpt lat="49.06102797947824" lon="89.89931683056056">
        <ele>1936.2</ele>
        <time>2026-08-02T11:40:07.000Z</time>
      </trkpt>
      <trkpt lat="49.060376454144716" lon="89.89957817830145">
        <ele>1935.8</ele>
        <time>2026-08-02T11:40:23.000Z</time>
      </trkpt>
      <trkpt lat="49.06024318188429" lon="89.89974112249911">
        <ele>1935.6</ele>
        <time>2026-08-02T11:40:29.000Z</time>
      </trkpt>
      <trkpt lat="49.06017579138279" lon="89.8998640011996">
        <ele>1935.6</ele>
        <time>2026-08-02T11:40:38.000Z</time>
      </trkpt>
      <trkpt lat="49.059924418106675" lon="89.89971840754151">
        <ele>1935.2</ele>
        <time>2026-08-02T11:40:54.000Z</time>
      </trkpt>
      <trkpt lat="49.059847723692656" lon="89.89933971315622">
        <ele>1934.8</ele>
        <time>2026-08-02T11:41:05.000Z</time>
      </trkpt>
      <trkpt lat="49.05990497209132" lon="89.89965093322098">
        <ele>1935.2</ele>
        <time>2026-08-02T11:43:19.000Z</time>
      </trkpt>
      <trkpt lat="49.05976491048932" lon="89.89979627542198">
        <ele>1935</ele>
        <time>2026-08-02T11:43:28.000Z</time>
      </trkpt>
      <trkpt lat="49.05942929908633" lon="89.89983751438558">
        <ele>1934.2</ele>
        <time>2026-08-02T11:43:39.000Z</time>
      </trkpt>
      <trkpt lat="49.059232491999865" lon="89.90005301311612">
        <ele>1934.8</ele>
        <time>2026-08-02T11:43:48.000Z</time>
      </trkpt>
      <trkpt lat="49.05881046317518" lon="89.9003146123141">
        <ele>1934.8</ele>
        <time>2026-08-02T11:44:04.000Z</time>
      </trkpt>
      <trkpt lat="49.05845548957586" lon="89.90054855123162">
        <ele>1934.4</ele>
        <time>2026-08-02T11:44:17.000Z</time>
      </trkpt>
      <trkpt lat="49.05803513713181" lon="89.90090201608837">
        <ele>1934.6</ele>
        <time>2026-08-02T11:44:33.000Z</time>
      </trkpt>
      <trkpt lat="49.05758511275053" lon="89.90121432580054">
        <ele>1934.2</ele>
        <time>2026-08-02T11:44:50.000Z</time>
      </trkpt>
      <trkpt lat="49.05702461488545" lon="89.90162478759885">
        <ele>1933.8</ele>
        <time>2026-08-02T11:45:06.000Z</time>
      </trkpt>
      <trkpt lat="49.05641969293356" lon="89.90205712616444">
        <ele>1932.8</ele>
        <time>2026-08-02T11:45:22.000Z</time>
      </trkpt>
      <trkpt lat="49.05574721284211" lon="89.90253925323486">
        <ele>1932.4</ele>
        <time>2026-08-02T11:45:38.000Z</time>
      </trkpt>
      <trkpt lat="49.05499208718538" lon="89.90308810025454">
        <ele>1930.6</ele>
        <time>2026-08-02T11:45:54.000Z</time>
      </trkpt>
      <trkpt lat="49.05417166650295" lon="89.90368489176035">
        <ele>1928.6</ele>
        <time>2026-08-02T11:46:10.000Z</time>
      </trkpt>
      <trkpt lat="49.05328092165291" lon="89.90433088503778">
        <ele>1927.4</ele>
        <time>2026-08-02T11:46:26.000Z</time>
      </trkpt>
      <trkpt lat="49.052334604784846" lon="89.90502716973424">
        <ele>1925</ele>
        <time>2026-08-02T11:46:42.000Z</time>
      </trkpt>
      <trkpt lat="49.05125015415251" lon="89.90579252131283">
        <ele>1921.4</ele>
        <time>2026-08-02T11:46:58.000Z</time>
      </trkpt>
      <trkpt lat="49.05023309402168" lon="89.90651981905103">
        <ele>1915.4</ele>
        <time>2026-08-02T11:47:15.000Z</time>
      </trkpt>
      <trkpt lat="49.04907211661339" lon="89.90735230967402">
        <ele>1911.2</ele>
        <time>2026-08-02T11:47:31.000Z</time>
      </trkpt>
      <trkpt lat="49.048069305717945" lon="89.90806938149035">
        <ele>1909.8</ele>
        <time>2026-08-02T11:47:47.000Z</time>
      </trkpt>
      <trkpt lat="49.04709750786424" lon="89.90878108888865">
        <ele>1908</ele>
        <time>2026-08-02T11:48:03.000Z</time>
      </trkpt>
      <trkpt lat="49.046095199882984" lon="89.90951475687325">
        <ele>1905.4</ele>
        <time>2026-08-02T11:48:19.000Z</time>
      </trkpt>
      <trkpt lat="49.045173190534115" lon="89.91019352339208">
        <ele>1902.6</ele>
        <time>2026-08-02T11:48:35.000Z</time>
      </trkpt>
      <trkpt lat="49.044576063752174" lon="89.9106106068939">
        <ele>1901</ele>
        <time>2026-08-02T11:48:51.000Z</time>
      </trkpt>
      <trkpt lat="49.04425880871713" lon="89.91086290217936">
        <ele>1900</ele>
        <time>2026-08-02T11:51:03.000Z</time>
      </trkpt>
      <trkpt lat="49.0434901881963" lon="89.91143379360437">
        <ele>1896.2</ele>
        <time>2026-08-02T11:51:19.000Z</time>
      </trkpt>
      <trkpt lat="49.042504308745265" lon="89.9121249653399">
        <ele>1892.2</ele>
        <time>2026-08-02T11:51:34.000Z</time>
      </trkpt>
      <trkpt lat="49.041307121515274" lon="89.91280440241098">
        <ele>1887.6</ele>
        <time>2026-08-02T11:51:51.000Z</time>
      </trkpt>
      <trkpt lat="49.04017330147326" lon="89.91345383226871">
        <ele>1882.8</ele>
        <time>2026-08-02T11:52:07.000Z</time>
      </trkpt>
      <trkpt lat="49.03906471095979" lon="89.91408356465399">
        <ele>1879.8</ele>
        <time>2026-08-02T11:52:23.000Z</time>
      </trkpt>
      <trkpt lat="49.03792359866202" lon="89.91473626345396">
        <ele>1875.8</ele>
        <time>2026-08-02T11:52:39.000Z</time>
      </trkpt>
      <trkpt lat="49.036783911287785" lon="89.91539038717747">
        <ele>1872.6</ele>
        <time>2026-08-02T11:52:55.000Z</time>
      </trkpt>
      <trkpt lat="49.03572351671755" lon="89.91599589586258">
        <ele>1868.8</ele>
        <time>2026-08-02T11:53:11.000Z</time>
      </trkpt>
      <trkpt lat="49.034868059679866" lon="89.91647718474269">
        <ele>1864.4</ele>
        <time>2026-08-02T11:53:27.000Z</time>
      </trkpt>
      <trkpt lat="49.03431409969926" lon="89.91678999736905">
        <ele>1862</ele>
        <time>2026-08-02T11:53:43.000Z</time>
      </trkpt>
      <trkpt lat="49.03400011360645" lon="89.91697733290493">
        <ele>1860.6</ele>
        <time>2026-08-02T11:54:18.000Z</time>
      </trkpt>
      <trkpt lat="49.03359082527459" lon="89.91719970479608">
        <ele>1859</ele>
        <time>2026-08-02T11:54:34.000Z</time>
      </trkpt>
      <trkpt lat="49.03329159133136" lon="89.91739198565483">
        <ele>1858.2</ele>
        <time>2026-08-02T11:54:50.000Z</time>
      </trkpt>
      <trkpt lat="49.033131413161755" lon="89.91740648634732">
        <ele>1857.2</ele>
        <time>2026-08-02T11:55:00.000Z</time>
      </trkpt>
      <trkpt lat="49.0329425688833" lon="89.91758619435132">
        <ele>1855.4</ele>
        <time>2026-08-02T11:57:24.000Z</time>
      </trkpt>
      <trkpt lat="49.03259170241654" lon="89.9177909642458">
        <ele>1854</ele>
        <time>2026-08-02T11:57:37.000Z</time>
      </trkpt>
      <trkpt lat="49.03193799778819" lon="89.91816479712725">
        <ele>1851.2</ele>
        <time>2026-08-02T11:57:53.000Z</time>
      </trkpt>
      <trkpt lat="49.03099888935685" lon="89.91868388839066">
        <ele>1844.8</ele>
        <time>2026-08-02T11:58:09.000Z</time>
      </trkpt>
      <trkpt lat="49.02986238710582" lon="89.91933315061033">
        <ele>1838.2</ele>
        <time>2026-08-02T11:58:26.000Z</time>
      </trkpt>
      <trkpt lat="49.02867735363543" lon="89.9200170300901">
        <ele>1832.4</ele>
        <time>2026-08-02T11:58:42.000Z</time>
      </trkpt>
      <trkpt lat="49.02750740759075" lon="89.92067660205066">
        <ele>1826.8</ele>
        <time>2026-08-02T11:58:59.000Z</time>
      </trkpt>
      <trkpt lat="49.026343831792474" lon="89.92133550345898">
        <ele>1821.4</ele>
        <time>2026-08-02T11:59:15.000Z</time>
      </trkpt>
      <trkpt lat="49.025182435289025" lon="89.92200479842722">
        <ele>1815</ele>
        <time>2026-08-02T11:59:31.000Z</time>
      </trkpt>
      <trkpt lat="49.02394099161029" lon="89.92271265015006">
        <ele>1810</ele>
        <time>2026-08-02T11:59:47.000Z</time>
      </trkpt>
      <trkpt lat="49.022757885977626" lon="89.92362418211997">
        <ele>1805.4</ele>
        <time>2026-08-02T12:00:02.000Z</time>
      </trkpt>
      <trkpt lat="49.02157670818269" lon="89.92481290362775">
        <ele>1802.6</ele>
        <time>2026-08-02T12:00:18.000Z</time>
      </trkpt>
      <trkpt lat="49.02078981511295" lon="89.92569141089916">
        <ele>1802.2</ele>
        <time>2026-08-02T12:00:32.000Z</time>
      </trkpt>
      <trkpt lat="49.02014038525522" lon="89.92637990042567">
        <ele>1802</ele>
        <time>2026-08-02T12:00:48.000Z</time>
      </trkpt>
      <trkpt lat="49.01952180080116" lon="89.92704500444233">
        <ele>1801.8</ele>
        <time>2026-08-02T12:01:04.000Z</time>
      </trkpt>
      <trkpt lat="49.01890866458416" lon="89.92772670462728">
        <ele>1801.8</ele>
        <time>2026-08-02T12:01:21.000Z</time>
      </trkpt>
      <trkpt lat="49.018326960504055" lon="89.92836121469736">
        <ele>1801.4</ele>
        <time>2026-08-02T12:01:37.000Z</time>
      </trkpt>
      <trkpt lat="49.01771348901093" lon="89.92902237921953">
        <ele>1800.2</ele>
        <time>2026-08-02T12:01:53.000Z</time>
      </trkpt>
      <trkpt lat="49.01703765615821" lon="89.92976199835539">
        <ele>1799.2</ele>
        <time>2026-08-02T12:02:09.000Z</time>
      </trkpt>
      <trkpt lat="49.016323601827025" lon="89.93053380399942">
        <ele>1798</ele>
        <time>2026-08-02T12:02:25.000Z</time>
      </trkpt>
      <trkpt lat="49.01557526551187" lon="89.93136126548052">
        <ele>1796.6</ele>
        <time>2026-08-02T12:02:41.000Z</time>
      </trkpt>
      <trkpt lat="49.01470488868654" lon="89.93224672973156">
        <ele>1794.4</ele>
        <time>2026-08-02T12:02:57.000Z</time>
      </trkpt>
      <trkpt lat="49.0137086994946" lon="89.93311115540564">
        <ele>1792</ele>
        <time>2026-08-02T12:03:13.000Z</time>
      </trkpt>
      <trkpt lat="49.01274201460183" lon="89.93393769487739">
        <ele>1789.4</ele>
        <time>2026-08-02T12:03:29.000Z</time>
      </trkpt>
      <trkpt lat="49.01161733083427" lon="89.93489742279053">
        <ele>1786.4</ele>
        <time>2026-08-02T12:03:46.000Z</time>
      </trkpt>
      <trkpt lat="49.010683335363865" lon="89.93569797836244">
        <ele>1782.8</ele>
        <time>2026-08-02T12:04:02.000Z</time>
      </trkpt>
      <trkpt lat="49.00971019640565" lon="89.93651756085455">
        <ele>1778.4</ele>
        <time>2026-08-02T12:04:18.000Z</time>
      </trkpt>
      <trkpt lat="49.008588613942266" lon="89.93748717941344">
        <ele>1774.8</ele>
        <time>2026-08-02T12:04:34.000Z</time>
      </trkpt>
      <trkpt lat="49.007373321801424" lon="89.93851656094193">
        <ele>1772</ele>
        <time>2026-08-02T12:04:50.000Z</time>
      </trkpt>
      <trkpt lat="49.00627168826759" lon="89.93945206515491">
        <ele>1771.2</ele>
        <time>2026-08-02T12:05:06.000Z</time>
      </trkpt>
      <trkpt lat="49.0052798576653" lon="89.94030299596488">
        <ele>1770.4</ele>
        <time>2026-08-02T12:05:22.000Z</time>
      </trkpt>
      <trkpt lat="49.00438458658755" lon="89.94107890874147">
        <ele>1769.2</ele>
        <time>2026-08-02T12:05:38.000Z</time>
      </trkpt>
      <trkpt lat="49.00359341874719" lon="89.94175197556615">
        <ele>1768.6</ele>
        <time>2026-08-02T12:05:54.000Z</time>
      </trkpt>
      <trkpt lat="49.002925800159574" lon="89.94231599383056">
        <ele>1769</ele>
        <time>2026-08-02T12:06:11.000Z</time>
      </trkpt>
      <trkpt lat="49.00238357484341" lon="89.94277339428663">
        <ele>1769.6</ele>
        <time>2026-08-02T12:06:27.000Z</time>
      </trkpt>
      <trkpt lat="49.001892898231745" lon="89.94319475255907">
        <ele>1770.2</ele>
        <time>2026-08-02T12:06:43.000Z</time>
      </trkpt>
      <trkpt lat="49.001369113102555" lon="89.94364310055971">
        <ele>1770</ele>
        <time>2026-08-02T12:06:59.000Z</time>
      </trkpt>
      <trkpt lat="49.00092713534832" lon="89.94401936419308">
        <ele>1769.8</ele>
        <time>2026-08-02T12:07:15.000Z</time>
      </trkpt>
      <trkpt lat="49.00060719810426" lon="89.9442858248949">
        <ele>1769.8</ele>
        <time>2026-08-02T12:07:26.000Z</time>
      </trkpt>
      <trkpt lat="49.00028801523149" lon="89.94455086067319">
        <ele>1769.2</ele>
        <time>2026-08-02T12:07:42.000Z</time>
      </trkpt>
      <trkpt lat="49.00002750568092" lon="89.94480466470122">
        <ele>1769.6</ele>
        <time>2026-08-02T12:09:09.000Z</time>
      </trkpt>
      <trkpt lat="48.999449824914336" lon="89.94529701769352">
        <ele>1768.2</ele>
        <time>2026-08-02T12:09:25.000Z</time>
      </trkpt>
      <trkpt lat="48.99850945919752" lon="89.94610570371151">
        <ele>1764.8</ele>
        <time>2026-08-02T12:09:41.000Z</time>
      </trkpt>
      <trkpt lat="48.99741989560425" lon="89.94702905416489">
        <ele>1762</ele>
        <time>2026-08-02T12:09:57.000Z</time>
      </trkpt>
      <trkpt lat="48.99650618433952" lon="89.94780169799924">
        <ele>1760</ele>
        <time>2026-08-02T12:10:13.000Z</time>
      </trkpt>
      <trkpt lat="48.995777210220695" lon="89.94842036627233">
        <ele>1760.8</ele>
        <time>2026-08-02T12:10:29.000Z</time>
      </trkpt>
      <trkpt lat="48.99517488665879" lon="89.94893451221287">
        <ele>1761.6</ele>
        <time>2026-08-02T12:10:45.000Z</time>
      </trkpt>
      <trkpt lat="48.9945905841887" lon="89.9494393542409">
        <ele>1762</ele>
        <time>2026-08-02T12:11:02.000Z</time>
      </trkpt>
      <trkpt lat="48.99416696280241" lon="89.94981419295073">
        <ele>1761.8</ele>
        <time>2026-08-02T12:11:14.000Z</time>
      </trkpt>
      <trkpt lat="48.993789022788405" lon="89.95012516155839">
        <ele>1761.6</ele>
        <time>2026-08-02T12:11:26.000Z</time>
      </trkpt>
      <trkpt lat="48.99327135644853" lon="89.95056261308491">
        <ele>1761.6</ele>
        <time>2026-08-02T12:11:42.000Z</time>
      </trkpt>
      <trkpt lat="48.99280079640448" lon="89.95097609236836">
        <ele>1761.2</ele>
        <time>2026-08-02T12:11:58.000Z</time>
      </trkpt>
      <trkpt lat="48.99218070320785" lon="89.95149669237435">
        <ele>1759.8</ele>
        <time>2026-08-02T12:12:14.000Z</time>
      </trkpt>
      <trkpt lat="48.991562789306045" lon="89.9520238302648">
        <ele>1758.8</ele>
        <time>2026-08-02T12:12:30.000Z</time>
      </trkpt>
      <trkpt lat="48.990863068029284" lon="89.95261592790484">
        <ele>1757.6</ele>
        <time>2026-08-02T12:12:46.000Z</time>
      </trkpt>
      <trkpt lat="48.99011950939894" lon="89.95325555093586">
        <ele>1756.6</ele>
        <time>2026-08-02T12:13:02.000Z</time>
      </trkpt>
      <trkpt lat="48.989339489489794" lon="89.95392652228475">
        <ele>1755.2</ele>
        <time>2026-08-02T12:13:19.000Z</time>
      </trkpt>
      <trkpt lat="48.98864069022238" lon="89.95453077368438">
        <ele>1754.6</ele>
        <time>2026-08-02T12:13:35.000Z</time>
      </trkpt>
      <trkpt lat="48.98795639164746" lon="89.9551220331341">
        <ele>1754.6</ele>
        <time>2026-08-02T12:13:51.000Z</time>
      </trkpt>
      <trkpt lat="48.987293131649494" lon="89.95568512938917">
        <ele>1754.6</ele>
        <time>2026-08-02T12:14:07.000Z</time>
      </trkpt>
      <trkpt lat="48.986678486689925" lon="89.95620832778513">
        <ele>1754.6</ele>
        <time>2026-08-02T12:14:23.000Z</time>
      </trkpt>
      <trkpt lat="48.98609225638211" lon="89.9567088112235">
        <ele>1754.2</ele>
        <time>2026-08-02T12:14:39.000Z</time>
      </trkpt>
      <trkpt lat="48.985501332208514" lon="89.95721139013767">
        <ele>1753.8</ele>
        <time>2026-08-02T12:14:55.000Z</time>
      </trkpt>
      <trkpt lat="48.98491635918617" lon="89.95770156383514">
        <ele>1754</ele>
        <time>2026-08-02T12:15:11.000Z</time>
      </trkpt>
      <trkpt lat="48.98431956768036" lon="89.95822065509856">
        <ele>1753.8</ele>
        <time>2026-08-02T12:15:27.000Z</time>
      </trkpt>
      <trkpt lat="48.98375730961561" lon="89.95878232643008">
        <ele>1753.8</ele>
        <time>2026-08-02T12:15:44.000Z</time>
      </trkpt>
      <trkpt lat="48.983181808143854" lon="89.95935975573957">
        <ele>1753.6</ele>
        <time>2026-08-02T12:16:00.000Z</time>
      </trkpt>
      <trkpt lat="48.98276179097593" lon="89.95978589169681">
        <ele>1753.6</ele>
        <time>2026-08-02T12:16:11.000Z</time>
      </trkpt>
      <trkpt lat="48.98217505775392" lon="89.96036097407341">
        <ele>1753.6</ele>
        <time>2026-08-02T12:16:27.000Z</time>
      </trkpt>
      <trkpt lat="48.981607016175985" lon="89.96093220077455">
        <ele>1753.8</ele>
        <time>2026-08-02T12:16:43.000Z</time>
      </trkpt>
      <trkpt lat="48.98107158020139" lon="89.9614683073014">
        <ele>1753.6</ele>
        <time>2026-08-02T12:16:59.000Z</time>
      </trkpt>
      <trkpt lat="48.98052977398038" lon="89.96201606467366">
        <ele>1753.6</ele>
        <time>2026-08-02T12:17:15.000Z</time>
      </trkpt>
      <trkpt lat="48.980070278048515" lon="89.96248109266162">
        <ele>1753.6</ele>
        <time>2026-08-02T12:17:31.000Z</time>
      </trkpt>
      <trkpt lat="48.979544565081596" lon="89.96301292441785">
        <ele>1753.6</ele>
        <time>2026-08-02T12:17:47.000Z</time>
      </trkpt>
      <trkpt lat="48.97901767864823" lon="89.96354626491666">
        <ele>1753.6</ele>
        <time>2026-08-02T12:18:04.000Z</time>
      </trkpt>
      <trkpt lat="48.978536892682314" lon="89.96404331177473">
        <ele>1753.8</ele>
        <time>2026-08-02T12:18:20.000Z</time>
      </trkpt>
      <trkpt lat="48.97802023217082" lon="89.96458645910025">
        <ele>1753.8</ele>
        <time>2026-08-02T12:18:36.000Z</time>
      </trkpt>
      <trkpt lat="48.97755218669772" lon="89.96488996781409">
        <ele>1754.2</ele>
        <time>2026-08-02T12:18:49.000Z</time>
      </trkpt>
      <trkpt lat="48.97708808071911" lon="89.96471931226552">
        <ele>1754.6</ele>
        <time>2026-08-02T12:19:02.000Z</time>
      </trkpt>
      <trkpt lat="48.976616095751524" lon="89.96439971029758">
        <ele>1754.6</ele>
        <time>2026-08-02T12:19:18.000Z</time>
      </trkpt>
      <trkpt lat="48.97615165449679" lon="89.96408807113767">
        <ele>1754.6</ele>
        <time>2026-08-02T12:19:34.000Z</time>
      </trkpt>
      <trkpt lat="48.97559970617294" lon="89.96371222659945">
        <ele>1754.6</ele>
        <time>2026-08-02T12:19:50.000Z</time>
      </trkpt>
      <trkpt lat="48.975186394527555" lon="89.96343302540481">
        <ele>1754.6</ele>
        <time>2026-08-02T12:20:06.000Z</time>
      </trkpt>
      <trkpt lat="48.97485036402941" lon="89.96322046034038">
        <ele>1754.2</ele>
        <time>2026-08-02T12:20:23.000Z</time>
      </trkpt>
      <trkpt lat="48.9745017606765" lon="89.9630088172853">
        <ele>1754.2</ele>
        <time>2026-08-02T12:20:39.000Z</time>
      </trkpt>
      <trkpt lat="48.97408727556467" lon="89.96269030496478">
        <ele>1754.2</ele>
        <time>2026-08-02T12:20:53.000Z</time>
      </trkpt>
      <trkpt lat="48.97353448905051" lon="89.96227037161589">
        <ele>1754.8</ele>
        <time>2026-08-02T12:21:09.000Z</time>
      </trkpt>
      <trkpt lat="48.97325210273266" lon="89.962302390486">
        <ele>1755.2</ele>
        <time>2026-08-02T12:22:27.000Z</time>
      </trkpt>
      <trkpt lat="48.973096534609795" lon="89.96275040321052">
        <ele>1755</ele>
        <time>2026-08-02T12:22:34.000Z</time>
      </trkpt>
      <trkpt lat="48.972792187705636" lon="89.96386779472232">
        <ele>1754.4</ele>
        <time>2026-08-02T12:22:51.000Z</time>
      </trkpt>
      <trkpt lat="48.97249831818044" lon="89.9648062326014">
        <ele>1754.4</ele>
        <time>2026-08-02T12:23:07.000Z</time>
      </trkpt>
      <trkpt lat="48.97233436815441" lon="89.96539941988885">
        <ele>1754.4</ele>
        <time>2026-08-02T12:23:23.000Z</time>
      </trkpt>
      <trkpt lat="48.972213165834546" lon="89.96568557806313">
        <ele>1754.2</ele>
        <time>2026-08-02T12:23:34.000Z</time>
      </trkpt>
      <trkpt lat="48.972108475863934" lon="89.96631648391485">
        <ele>1754</ele>
        <time>2026-08-02T12:23:47.000Z</time>
      </trkpt>
      <trkpt lat="48.971890630200505" lon="89.96706909500062">
        <ele>1754</ele>
        <time>2026-08-02T12:24:03.000Z</time>
      </trkpt>
      <trkpt lat="48.97184821777046" lon="89.96797082014382">
        <ele>1754</ele>
        <time>2026-08-02T12:24:19.000Z</time>
      </trkpt>
      <trkpt lat="48.971814857795835" lon="89.96852478012443">
        <ele>1753.8</ele>
        <time>2026-08-02T12:24:30.000Z</time>
      </trkpt>
      <trkpt lat="48.971437169238925" lon="89.96869157999754">
        <ele>1753.8</ele>
        <time>2026-08-02T12:24:42.000Z</time>
      </trkpt>
      <trkpt lat="48.97085152566433" lon="89.9688680190593">
        <ele>1753.6</ele>
        <time>2026-08-02T12:24:58.000Z</time>
      </trkpt>
      <trkpt lat="48.9702726714313" lon="89.96904286555946">
        <ele>1753.6</ele>
        <time>2026-08-02T12:25:15.000Z</time>
      </trkpt>
      <trkpt lat="48.969889702275395" lon="89.96909902431071">
        <ele>1753.6</ele>
        <time>2026-08-02T12:25:31.000Z</time>
      </trkpt>
      <trkpt lat="48.96969297900796" lon="89.96911629103124">
        <ele>1753.8</ele>
        <time>2026-08-02T12:25:45.000Z</time>
      </trkpt>
      <trkpt lat="48.96962106227875" lon="89.96958961710334">
        <ele>1753.8</ele>
        <time>2026-08-02T12:26:09.000Z</time>
      </trkpt>
      <trkpt lat="48.96969691850245" lon="89.96997702866793">
        <ele>1753.4</ele>
        <time>2026-08-02T12:26:16.000Z</time>
      </trkpt>
      <trkpt lat="48.96975961513817" lon="89.97064271941781">
        <ele>1753.6</ele>
        <time>2026-08-02T12:26:30.000Z</time>
      </trkpt>
      <trkpt lat="48.9697099942714" lon="89.97063710354269">
        <ele>1753.4</ele>
        <time>2026-08-02T12:27:02.000Z</time>
      </trkpt>
      <trkpt lat="48.9693421125412" lon="89.97072905302048">
        <ele>1753.4</ele>
        <time>2026-08-02T12:27:16.000Z</time>
      </trkpt>
      <trkpt lat="48.96925318054855" lon="89.97042990289629">
        <ele>1753.6</ele>
        <time>2026-08-02T12:27:28.000Z</time>
      </trkpt>
      <trkpt lat="48.96915779449046" lon="89.97047047130764">
        <ele>1753.6</ele>
        <time>2026-08-02T12:27:39.000Z</time>
      </trkpt>
      <trkpt lat="48.96916382946074" lon="89.97065017931163">
        <ele>1753.4</ele>
        <time>2026-08-02T12:28:04.000Z</time>
      </trkpt>
      <trkpt lat="48.969029216095805" lon="89.97063140384853">
        <ele>1753.4</ele>
        <time>2026-08-02T12:28:25.000Z</time>
      </trkpt>
      <trkpt lat="48.968844478949904" lon="89.97081999666989">
        <ele>1754.6</ele>
        <time>2026-08-02T12:41:51.000Z</time>
      </trkpt>
      <trkpt lat="48.9684752561152" lon="89.97095553204417">
        <ele>1754.8</ele>
        <time>2026-08-02T12:42:07.000Z</time>
      </trkpt>
      <trkpt lat="48.96831901744008" lon="89.97095050290227">
        <ele>1754.8</ele>
        <time>2026-08-02T12:42:18.000Z</time>
      </trkpt>
      <trkpt lat="48.968221535906196" lon="89.97038296423852">
        <ele>1754.8</ele>
        <time>2026-08-02T12:42:34.000Z</time>
      </trkpt>
      <trkpt lat="48.96817526780069" lon="89.96991097927094">
        <ele>1754.8</ele>
        <time>2026-08-02T12:42:50.000Z</time>
      </trkpt>
      <trkpt lat="48.96809731610119" lon="89.96992891654372">
        <ele>1754.6</ele>
        <time>2026-08-02T12:43:21.000Z</time>
      </trkpt>
      <trkpt lat="48.96820846013725" lon="89.96989035978913">
        <ele>1755.4</ele>
        <time>2026-08-02T12:49:28.000Z</time>
      </trkpt>
      <trkpt lat="48.96854180842638" lon="89.96968885883689">
        <ele>1755.4</ele>
        <time>2026-08-02T12:49:42.000Z</time>
      </trkpt>
      <trkpt lat="48.96891362965107" lon="89.96955960988998">
        <ele>1755.4</ele>
        <time>2026-08-02T12:49:58.000Z</time>
      </trkpt>
      <trkpt lat="48.969284277409315" lon="89.9694306962192">
        <ele>1755.2</ele>
        <time>2026-08-02T12:50:13.000Z</time>
      </trkpt>
      <trkpt lat="48.969503128901124" lon="89.96926649473608">
        <ele>1755.2</ele>
        <time>2026-08-02T12:50:24.000Z</time>
      </trkpt>
      <trkpt lat="48.96940229460597" lon="89.96886005625129">
        <ele>1755.4</ele>
        <time>2026-08-02T12:50:40.000Z</time>
      </trkpt>
      <trkpt lat="48.969360468909144" lon="89.96853852644563">
        <ele>1755.6</ele>
        <time>2026-08-02T12:50:56.000Z</time>
      </trkpt>
      <trkpt lat="48.96932836622" lon="89.96829042211175">
        <ele>1755.8</ele>
        <time>2026-08-02T12:51:08.000Z</time>
      </trkpt>
      <trkpt lat="48.969319397583604" lon="89.96803033165634">
        <ele>1755.8</ele>
        <time>2026-08-02T12:51:21.000Z</time>
      </trkpt>
      <trkpt lat="48.96928075700998" lon="89.96781407855451">
        <ele>1755.4</ele>
        <time>2026-08-02T12:51:46.000Z</time>
      </trkpt>
      <trkpt lat="48.969286708161235" lon="89.9673124216497">
        <ele>1755.6</ele>
        <time>2026-08-02T12:51:57.000Z</time>
      </trkpt>
      <trkpt lat="48.96923239342868" lon="89.96682115830481">
        <ele>1755.6</ele>
        <time>2026-08-02T12:52:09.000Z</time>
      </trkpt>
      <trkpt lat="48.969128876924515" lon="89.96618882752955">
        <ele>1756</ele>
        <time>2026-08-02T12:52:25.000Z</time>
      </trkpt>
      <trkpt lat="48.96900440566242" lon="89.96585841290653">
        <ele>1756</ele>
        <time>2026-08-02T12:52:37.000Z</time>
      </trkpt>
      <trkpt lat="48.96907187998295" lon="89.96573025360703">
        <ele>1757</ele>
        <time>2026-08-02T12:58:43.000Z</time>
      </trkpt>
      <trkpt lat="48.96905687637627" lon="89.96567183174193">
        <ele>1757</ele>
        <time>2026-08-02T12:58:54.000Z</time>
      </trkpt>
      <trkpt lat="48.969428362324834" lon="89.9655147548765">
        <ele>1757</ele>
        <time>2026-08-02T12:59:10.000Z</time>
      </trkpt>
      <trkpt lat="48.96985391154885" lon="89.96535860002041">
        <ele>1757.2</ele>
        <time>2026-08-02T12:59:26.000Z</time>
      </trkpt>
      <trkpt lat="48.97033218294382" lon="89.9651862680912">
        <ele>1757</ele>
        <time>2026-08-02T12:59:42.000Z</time>
      </trkpt>
      <trkpt lat="48.970830235630274" lon="89.96520889922976">
        <ele>1757.2</ele>
        <time>2026-08-02T12:59:58.000Z</time>
      </trkpt>
      <trkpt lat="48.97137732245028" lon="89.96533496305346">
        <ele>1757.4</ele>
        <time>2026-08-02T13:00:14.000Z</time>
      </trkpt>
      <trkpt lat="48.97185718640685" lon="89.96553906239569">
        <ele>1757.6</ele>
        <time>2026-08-02T13:00:30.000Z</time>
      </trkpt>
      <trkpt lat="48.972187768667936" lon="89.96570921503007">
        <ele>1757.2</ele>
        <time>2026-08-02T13:00:44.000Z</time>
      </trkpt>
      <trkpt lat="48.9721829071641" lon="89.9660034198314">
        <ele>1757.2</ele>
        <time>2026-08-02T13:00:57.000Z</time>
      </trkpt>
      <trkpt lat="48.971998086199164" lon="89.96662720106542">
        <ele>1757</ele>
        <time>2026-08-02T13:01:13.000Z</time>
      </trkpt>
      <trkpt lat="48.97187168709934" lon="89.96717990376055">
        <ele>1757.2</ele>
        <time>2026-08-02T13:01:28.000Z</time>
      </trkpt>
      <trkpt lat="48.97184821777046" lon="89.96790837496519">
        <ele>1757.2</ele>
        <time>2026-08-02T13:01:44.000Z</time>
      </trkpt>
      <trkpt lat="48.97183556109667" lon="89.96845998801291">
        <ele>1757</ele>
        <time>2026-08-02T13:01:58.000Z</time>
      </trkpt>
      <trkpt lat="48.97162081673741" lon="89.96863600797951">
        <ele>1757</ele>
        <time>2026-08-02T13:02:12.000Z</time>
      </trkpt>
      <trkpt lat="48.9715110976249" lon="89.96878436766565">
        <ele>1757</ele>
        <time>2026-08-02T13:02:22.000Z</time>
      </trkpt>
      <trkpt lat="48.97129098884761" lon="89.96872913092375">
        <ele>1757.2</ele>
        <time>2026-08-02T13:04:19.000Z</time>
      </trkpt>
      <trkpt lat="48.97082746960223" lon="89.96885938569903">
        <ele>1757.2</ele>
        <time>2026-08-02T13:04:35.000Z</time>
      </trkpt>
      <trkpt lat="48.97035640664399" lon="89.96898821555078">
        <ele>1756.8</ele>
        <time>2026-08-02T13:04:51.000Z</time>
      </trkpt>
      <trkpt lat="48.96999707445502" lon="89.96909902431071">
        <ele>1756.8</ele>
        <time>2026-08-02T13:05:07.000Z</time>
      </trkpt>
      <trkpt lat="48.96984192542732" lon="89.96909307315946">
        <ele>1757.2</ele>
        <time>2026-08-02T13:05:16.000Z</time>
      </trkpt>
      <trkpt lat="48.96966288797557" lon="89.96904286555946">
        <ele>1757.4</ele>
        <time>2026-08-02T13:05:32.000Z</time>
      </trkpt>
      <trkpt lat="48.96959826350212" lon="89.96889500878751">
        <ele>1757.4</ele>
        <time>2026-08-02T13:05:44.000Z</time>
      </trkpt>
      <trkpt lat="48.969544703140855" lon="89.96909039095044">
        <ele>1757.4</ele>
        <time>2026-08-02T13:06:10.000Z</time>
      </trkpt>
      <trkpt lat="48.96961569786072" lon="89.96956178918481">
        <ele>1757.4</ele>
        <time>2026-08-02T13:06:31.000Z</time>
      </trkpt>
      <trkpt lat="48.96972466260195" lon="89.97012781910598">
        <ele>1757</ele>
        <time>2026-08-02T13:06:47.000Z</time>
      </trkpt>
      <trkpt lat="48.969785599038005" lon="89.97068412601948">
        <ele>1756.8</ele>
        <time>2026-08-02T13:07:03.000Z</time>
      </trkpt>
      <trkpt lat="48.96983371116221" lon="89.97103708796203">
        <ele>1757.2</ele>
        <time>2026-08-02T13:07:19.000Z</time>
      </trkpt>
      <trkpt lat="48.96994661539793" lon="89.97080105356872">
        <ele>1757.6</ele>
        <time>2026-08-02T13:07:43.000Z</time>
      </trkpt>
      <trkpt lat="48.969916608184576" lon="89.97052713297307">
        <ele>1757.6</ele>
        <time>2026-08-02T13:07:58.000Z</time>
      </trkpt>
      <trkpt lat="48.96976129151881" lon="89.970069732517">
        <ele>1758</ele>
        <time>2026-08-02T13:15:25.000Z</time>
      </trkpt>
      <trkpt lat="48.96965576335788" lon="89.96943471953273">
        <ele>1758</ele>
        <time>2026-08-02T13:15:41.000Z</time>
      </trkpt>
      <trkpt lat="48.969529112800956" lon="89.9687593895942">
        <ele>1758</ele>
        <time>2026-08-02T13:16:14.000Z</time>
      </trkpt>
      <trkpt lat="48.969408916309476" lon="89.96800065971911">
        <ele>1758.4</ele>
        <time>2026-08-02T13:16:30.000Z</time>
      </trkpt>
      <trkpt lat="48.96929768845439" lon="89.96725928038359">
        <ele>1758.4</ele>
        <time>2026-08-02T13:16:46.000Z</time>
      </trkpt>
      <trkpt lat="48.96917589940131" lon="89.96647858992219">
        <ele>1758.6</ele>
        <time>2026-08-02T13:17:02.000Z</time>
      </trkpt>
      <trkpt lat="48.969072718173265" lon="89.96575397439301">
        <ele>1759</ele>
        <time>2026-08-02T13:17:18.000Z</time>
      </trkpt>
      <trkpt lat="48.96912652999163" lon="89.96559530496597">
        <ele>1759</ele>
        <time>2026-08-02T13:17:26.000Z</time>
      </trkpt>
      <trkpt lat="48.969504218548536" lon="89.96546320617199">
        <ele>1758.8</ele>
        <time>2026-08-02T13:17:43.000Z</time>
      </trkpt>
      <trkpt lat="48.96973078139126" lon="89.9653950612992">
        <ele>1759</ele>
        <time>2026-08-02T13:18:19.000Z</time>
      </trkpt>
      <trkpt lat="48.96978249773383" lon="89.96521652676165">
        <ele>1758.8</ele>
        <time>2026-08-02T13:18:35.000Z</time>
      </trkpt>
      <trkpt lat="48.96957068704069" lon="89.96538626030087">
        <ele>1758.6</ele>
        <time>2026-08-02T13:19:38.000Z</time>
      </trkpt>
      <trkpt lat="48.96918537095189" lon="89.96551995165646">
        <ele>1759</ele>
        <time>2026-08-02T13:19:55.000Z</time>
      </trkpt>
      <trkpt lat="48.96902292966843" lon="89.96552607044578">
        <ele>1759</ele>
        <time>2026-08-02T13:20:03.000Z</time>
      </trkpt>
      <trkpt lat="48.96894581615925" lon="89.96517252177">
        <ele>1759.2</ele>
        <time>2026-08-02T13:20:20.000Z</time>
      </trkpt>
      <trkpt lat="48.96887716837227" lon="89.96457858011127">
        <ele>1759.2</ele>
        <time>2026-08-02T13:20:35.000Z</time>
      </trkpt>
      <trkpt lat="48.968787817284465" lon="89.96398547664285">
        <ele>1759.2</ele>
        <time>2026-08-02T13:20:51.000Z</time>
      </trkpt>
      <trkpt lat="48.968695532530546" lon="89.96340360492468">
        <ele>1759.2</ele>
        <time>2026-08-02T13:21:07.000Z</time>
      </trkpt>
      <trkpt lat="48.968616323545575" lon="89.96290915645659">
        <ele>1759.2</ele>
        <time>2026-08-02T13:21:23.000Z</time>
      </trkpt>
      <trkpt lat="48.968520015478134" lon="89.96233021840453">
        <ele>1759.4</ele>
        <time>2026-08-02T13:21:39.000Z</time>
      </trkpt>
      <trkpt lat="48.96843041293323" lon="89.96174591593444">
        <ele>1759.4</ele>
        <time>2026-08-02T13:21:55.000Z</time>
      </trkpt>
      <trkpt lat="48.96835916675627" lon="89.96129086241126">
        <ele>1759.2</ele>
        <time>2026-08-02T13:22:11.000Z</time>
      </trkpt>
      <trkpt lat="48.96835573017597" lon="89.9610917083919">
        <ele>1759.4</ele>
        <time>2026-08-02T13:22:49.000Z</time>
      </trkpt>
      <trkpt lat="48.96849336102605" lon="89.96097729541361">
        <ele>1759.4</ele>
        <time>2026-08-02T13:22:59.000Z</time>
      </trkpt>
      <trkpt lat="48.9682646188885" lon="89.96090956963599">
        <ele>1759.4</ele>
        <time>2026-08-02T13:23:12.000Z</time>
      </trkpt>
      <trkpt lat="48.968038810417056" lon="89.96098006144166">
        <ele>1759.4</ele>
        <time>2026-08-02T13:23:21.000Z</time>
      </trkpt>
      <trkpt lat="48.96776153706014" lon="89.96109900064766">
        <ele>1759.4</ele>
        <time>2026-08-02T13:23:34.000Z</time>
      </trkpt>
      <trkpt lat="48.96758350543678" lon="89.96109288185835">
        <ele>1759.6</ele>
        <time>2026-08-02T13:23:44.000Z</time>
      </trkpt>
      <trkpt lat="48.967459704726934" lon="89.9611072987318">
        <ele>1760.2</ele>
        <time>2026-08-02T13:30:42.000Z</time>
      </trkpt>
      <trkpt lat="48.96720145829022" lon="89.96128440834582">
        <ele>1760.2</ele>
        <time>2026-08-02T13:30:54.000Z</time>
      </trkpt>
      <trkpt lat="48.96698780357838" lon="89.96121819131076">
        <ele>1760.4</ele>
        <time>2026-08-02T13:31:10.000Z</time>
      </trkpt>
      <trkpt lat="48.96691328845918" lon="89.9609627109021">
        <ele>1760.4</ele>
        <time>2026-08-02T13:31:24.000Z</time>
      </trkpt>
      <trkpt lat="48.966857800260186" lon="89.9608453642577">
        <ele>1760.4</ele>
        <time>2026-08-02T13:31:31.000Z</time>
      </trkpt>
      <trkpt lat="48.96678747609258" lon="89.96108517050743">
        <ele>1760.4</ele>
        <time>2026-08-02T13:31:38.000Z</time>
      </trkpt>
      <trkpt lat="48.96671488881111" lon="89.96109866537154">
        <ele>1760.6</ele>
        <time>2026-08-02T13:31:45.000Z</time>
      </trkpt>
      <trkpt lat="48.96683290600777" lon="89.96124928817153">
        <ele>1761</ele>
        <time>2026-08-02T13:37:42.000Z</time>
      </trkpt>
      <trkpt lat="48.96660692989826" lon="89.96147308498621">
        <ele>1761</ele>
        <time>2026-08-02T13:37:55.000Z</time>
      </trkpt>
      <trkpt lat="48.966177022084594" lon="89.96153536252677">
        <ele>1761</ele>
        <time>2026-08-02T13:38:11.000Z</time>
      </trkpt>
      <trkpt lat="48.96577066741884" lon="89.96158699505031">
        <ele>1760.8</ele>
        <time>2026-08-02T13:38:27.000Z</time>
      </trkpt>
      <trkpt lat="48.96537789143622" lon="89.96159235946834">
        <ele>1760.2</ele>
        <time>2026-08-02T13:38:43.000Z</time>
      </trkpt>
      <trkpt lat="48.96498109214008" lon="89.96156360954046">
        <ele>1760</ele>
        <time>2026-08-02T13:39:00.000Z</time>
      </trkpt>
      <trkpt lat="48.96457272581756" lon="89.96157819405198">
        <ele>1760</ele>
        <time>2026-08-02T13:39:16.000Z</time>
      </trkpt>
      <trkpt lat="48.96427642554045" lon="89.96155883185565">
        <ele>1760</ele>
        <time>2026-08-02T13:39:32.000Z</time>
      </trkpt>
      <trkpt lat="48.96386889740825" lon="89.96150367893279">
        <ele>1760</ele>
        <time>2026-08-02T13:39:48.000Z</time>
      </trkpt>
      <trkpt lat="48.96350319497287" lon="89.96122959069908">
        <ele>1760</ele>
        <time>2026-08-02T13:40:04.000Z</time>
      </trkpt>
      <trkpt lat="48.96318015642464" lon="89.96100545860827">
        <ele>1760</ele>
        <time>2026-08-02T13:40:20.000Z</time>
      </trkpt>
      <trkpt lat="48.96293582394719" lon="89.96125808916986">
        <ele>1759.6</ele>
        <time>2026-08-02T13:40:48.000Z</time>
      </trkpt>
      <trkpt lat="48.96286751143634" lon="89.96155003085732">
        <ele>1759.4</ele>
        <time>2026-08-02T13:41:00.000Z</time>
      </trkpt>
      <trkpt lat="48.962910091504455" lon="89.96143595315516">
        <ele>1760.6</ele>
        <time>2026-08-02T15:09:30.000Z</time>
      </trkpt>
      <trkpt lat="48.96298083476722" lon="89.96117879636586">
        <ele>1760.6</ele>
        <time>2026-08-02T15:09:40.000Z</time>
      </trkpt>
      <trkpt lat="48.96322885528207" lon="89.96122422628105">
        <ele>1760.8</ele>
        <time>2026-08-02T15:09:54.000Z</time>
      </trkpt>
      <trkpt lat="48.963434379547834" lon="89.96136906556785">
        <ele>1761</ele>
        <time>2026-08-02T15:10:43.000Z</time>
      </trkpt>
      <trkpt lat="48.96380418911576" lon="89.96171020902693">
        <ele>1761.2</ele>
        <time>2026-08-02T15:10:57.000Z</time>
      </trkpt>
      <trkpt lat="48.96425605751574" lon="89.96171439997852">
        <ele>1760.8</ele>
        <time>2026-08-02T15:11:08.000Z</time>
      </trkpt>
      <trkpt lat="48.96491948515177" lon="89.96170677244663">
        <ele>1760.8</ele>
        <time>2026-08-02T15:11:24.000Z</time>
      </trkpt>
      <trkpt lat="48.965630354359746" lon="89.96172747574747">
        <ele>1761.2</ele>
        <time>2026-08-02T15:11:39.000Z</time>
      </trkpt>
      <trkpt lat="48.96631222218275" lon="89.96164977550507">
        <ele>1762</ele>
        <time>2026-08-02T15:11:55.000Z</time>
      </trkpt>
      <trkpt lat="48.96680532954633" lon="89.96156805194914">
        <ele>1762</ele>
        <time>2026-08-02T15:12:11.000Z</time>
      </trkpt>
      <trkpt lat="48.967346884310246" lon="89.9613871704787">
        <ele>1762</ele>
        <time>2026-08-02T15:12:27.000Z</time>
      </trkpt>
      <trkpt lat="48.96758543327451" lon="89.96127996593714">
        <ele>1761.8</ele>
        <time>2026-08-02T15:12:41.000Z</time>
      </trkpt>
      <trkpt lat="48.967576464638114" lon="89.96112481690943">
        <ele>1762</ele>
        <time>2026-08-02T15:12:52.000Z</time>
      </trkpt>
      <trkpt lat="48.9672267716378" lon="89.96129052713513">
        <ele>1762.8</ele>
        <time>2026-08-02T15:27:16.000Z</time>
      </trkpt>
      <trkpt lat="48.96698595955968" lon="89.96130519546568">
        <ele>1763</ele>
        <time>2026-08-02T15:27:26.000Z</time>
      </trkpt>
      <trkpt lat="48.96691169589758" lon="89.96127636171877">
        <ele>1762.8</ele>
        <time>2026-08-02T15:27:36.000Z</time>
      </trkpt>
      <trkpt lat="48.9666966162622" lon="89.96143846772611">
        <ele>1763.2</ele>
        <time>2026-08-02T15:27:50.000Z</time>
      </trkpt>
      <trkpt lat="48.966154055669904" lon="89.96152295731008">
        <ele>1762.8</ele>
        <time>2026-08-02T15:28:06.000Z</time>
      </trkpt>
      <trkpt lat="48.96556807681918" lon="89.96157769113779">
        <ele>1762.6</ele>
        <time>2026-08-02T15:28:22.000Z</time>
      </trkpt>
      <trkpt lat="48.965015625581145" lon="89.96156763285398">
        <ele>1762.4</ele>
        <time>2026-08-02T15:28:38.000Z</time>
      </trkpt>
      <trkpt lat="48.96456233225763" lon="89.96157475747168">
        <ele>1762.2</ele>
        <time>2026-08-02T15:28:54.000Z</time>
      </trkpt>
      <trkpt lat="48.964262595400214" lon="89.96154910884798">
        <ele>1762.2</ele>
        <time>2026-08-02T15:29:08.000Z</time>
      </trkpt>
      <trkpt lat="48.96375951357186" lon="89.96143796481192">
        <ele>1762.2</ele>
        <time>2026-08-02T15:29:23.000Z</time>
      </trkpt>
      <trkpt lat="48.9631789829582" lon="89.96103152632713">
        <ele>1762</ele>
        <time>2026-08-02T15:29:39.000Z</time>
      </trkpt>
      <trkpt lat="48.96281152032316" lon="89.96073782444">
        <ele>1761.8</ele>
        <time>2026-08-02T15:29:51.000Z</time>
      </trkpt>
      <trkpt lat="48.96262988448143" lon="89.96050279587507">
        <ele>1761.8</ele>
        <time>2026-08-02T15:30:21.000Z</time>
      </trkpt>
      <trkpt lat="48.962441962212324" lon="89.96035418473184">
        <ele>1761.8</ele>
        <time>2026-08-02T15:30:33.000Z</time>
      </trkpt>
      <trkpt lat="48.96216779015958" lon="89.96016232296824">
        <ele>1762.2</ele>
        <time>2026-08-02T15:31:31.000Z</time>
      </trkpt>
      <trkpt lat="48.96180326119065" lon="89.9598661903292">
        <ele>1762.4</ele>
        <time>2026-08-02T15:31:47.000Z</time>
      </trkpt>
      <trkpt lat="48.96151157096028" lon="89.95969126001">
        <ele>1762.8</ele>
        <time>2026-08-02T15:31:58.000Z</time>
      </trkpt>
      <trkpt lat="48.96102759987116" lon="89.95929898694158">
        <ele>1762.8</ele>
        <time>2026-08-02T15:32:14.000Z</time>
      </trkpt>
      <trkpt lat="48.96060456521809" lon="89.9589660577476">
        <ele>1763</ele>
        <time>2026-08-02T15:32:30.000Z</time>
      </trkpt>
      <trkpt lat="48.96019737236202" lon="89.95863840915263">
        <ele>1762.8</ele>
        <time>2026-08-02T15:32:46.000Z</time>
      </trkpt>
      <trkpt lat="48.95980468019843" lon="89.95831025764346">
        <ele>1762.6</ele>
        <time>2026-08-02T15:33:02.000Z</time>
      </trkpt>
      <trkpt lat="48.95930713042617" lon="89.95790608227253">
        <ele>1763</ele>
        <time>2026-08-02T15:33:18.000Z</time>
      </trkpt>
      <trkpt lat="48.95889239385724" lon="89.95758212171495">
        <ele>1762.4</ele>
        <time>2026-08-02T15:33:33.000Z</time>
      </trkpt>
      <trkpt lat="48.9584038965404" lon="89.95753107592463">
        <ele>1763</ele>
        <time>2026-08-02T15:33:47.000Z</time>
      </trkpt>
      <trkpt lat="48.957801992073655" lon="89.95766325853765">
        <ele>1763</ele>
        <time>2026-08-02T15:34:03.000Z</time>
      </trkpt>
      <trkpt lat="48.95730913616717" lon="89.95777448639274">
        <ele>1763.2</ele>
        <time>2026-08-02T15:34:18.000Z</time>
      </trkpt>
      <trkpt lat="48.95688056945801" lon="89.95799015276134">
        <ele>1763</ele>
        <time>2026-08-02T15:34:33.000Z</time>
      </trkpt>
      <trkpt lat="48.95637287758291" lon="89.95819492265582">
        <ele>1762.8</ele>
        <time>2026-08-02T15:34:49.000Z</time>
      </trkpt>
      <trkpt lat="48.95588429644704" lon="89.95845048688352">
        <ele>1764</ele>
        <time>2026-08-02T15:35:06.000Z</time>
      </trkpt>
      <trkpt lat="48.95561548881233" lon="89.95865056291223">
        <ele>1763.6</ele>
        <time>2026-08-02T15:35:43.000Z</time>
      </trkpt>
      <trkpt lat="48.95525456406176" lon="89.9589110724628">
        <ele>1764.4</ele>
        <time>2026-08-02T15:35:59.000Z</time>
      </trkpt>
      <trkpt lat="48.954924987629056" lon="89.95915867388248">
        <ele>1765.2</ele>
        <time>2026-08-02T15:36:15.000Z</time>
      </trkpt>
      <trkpt lat="48.95492280833423" lon="89.95909832417965">
        <ele>1765.2</ele>
        <time>2026-08-02T15:36:19.000Z</time>
      </trkpt>
      <trkpt lat="48.955477103590965" lon="89.95871485210955">
        <ele>1764.4</ele>
        <time>2026-08-02T15:36:35.000Z</time>
      </trkpt>
      <trkpt lat="48.95598898641765" lon="89.9583843536675">
        <ele>1763.8</ele>
        <time>2026-08-02T15:36:51.000Z</time>
      </trkpt>
      <trkpt lat="48.95633792504668" lon="89.95813708752394">
        <ele>1763.8</ele>
        <time>2026-08-02T15:37:01.000Z</time>
      </trkpt>
      <trkpt lat="48.9568205550313" lon="89.957962827757">
        <ele>1763.8</ele>
        <time>2026-08-02T15:37:17.000Z</time>
      </trkpt>
      <trkpt lat="48.95721727050841" lon="89.95782159268856">
        <ele>1763.8</ele>
        <time>2026-08-02T15:37:30.000Z</time>
      </trkpt>
      <trkpt lat="48.95776502788067" lon="89.95763995684683">
        <ele>1764</ele>
        <time>2026-08-02T15:37:46.000Z</time>
      </trkpt>
      <trkpt lat="48.95811648108065" lon="89.95763551443815">
        <ele>1763.8</ele>
        <time>2026-08-02T15:37:55.000Z</time>
      </trkpt>
      <trkpt lat="48.9586335606873" lon="89.95763978920877">
        <ele>1763.6</ele>
        <time>2026-08-02T15:38:06.000Z</time>
      </trkpt>
      <trkpt lat="48.959059780463576" lon="89.95788772590458">
        <ele>1763.6</ele>
        <time>2026-08-02T15:38:17.000Z</time>
      </trkpt>
      <trkpt lat="48.9593053702265" lon="89.9580960161984">
        <ele>1763.8</ele>
        <time>2026-08-02T15:38:28.000Z</time>
      </trkpt>
      <trkpt lat="48.95969160832465" lon="89.95833381079137">
        <ele>1763.6</ele>
        <time>2026-08-02T15:38:40.000Z</time>
      </trkpt>
      <trkpt lat="48.96031312644482" lon="89.95883798226714">
        <ele>1763.8</ele>
        <time>2026-08-02T15:38:56.000Z</time>
      </trkpt>
      <trkpt lat="48.960569612681866" lon="89.95902917347848">
        <ele>1764</ele>
        <time>2026-08-02T15:39:09.000Z</time>
      </trkpt>
      <trkpt lat="48.96061822772026" lon="89.95891098864377">
        <ele>1764</ele>
        <time>2026-08-02T15:39:15.000Z</time>
      </trkpt>
      <trkpt lat="48.96044120192528" lon="89.95884418487549">
        <ele>1764</ele>
        <time>2026-08-02T16:05:55.000Z</time>
      </trkpt>
      <trkpt lat="48.96006837487221" lon="89.95852215215564">
        <ele>1764.2</ele>
        <time>2026-08-02T16:06:11.000Z</time>
      </trkpt>
      <trkpt lat="48.95974173210561" lon="89.9582582898438">
        <ele>1764</ele>
        <time>2026-08-02T16:06:27.000Z</time>
      </trkpt>
      <trkpt lat="48.959258096292615" lon="89.95786970481277">
        <ele>1764</ele>
        <time>2026-08-02T16:06:44.000Z</time>
      </trkpt>
      <trkpt lat="48.958847131580114" lon="89.95756602846086">
        <ele>1762.8</ele>
        <time>2026-08-02T16:06:56.000Z</time>
      </trkpt>
      <trkpt lat="48.958316473290324" lon="89.95754859410226">
        <ele>1763.6</ele>
        <time>2026-08-02T16:07:10.000Z</time>
      </trkpt>
      <trkpt lat="48.95772127434611" lon="89.957687985152">
        <ele>1763.4</ele>
        <time>2026-08-02T16:07:26.000Z</time>
      </trkpt>
      <trkpt lat="48.95714585669339" lon="89.95789426378906">
        <ele>1763.6</ele>
        <time>2026-08-02T16:07:42.000Z</time>
      </trkpt>
      <trkpt lat="48.95648251287639" lon="89.95814111083746">
        <ele>1764.2</ele>
        <time>2026-08-02T16:07:58.000Z</time>
      </trkpt>
      <trkpt lat="48.955890499055386" lon="89.95845098979771">
        <ele>1764.4</ele>
        <time>2026-08-02T16:08:14.000Z</time>
      </trkpt>
      <trkpt lat="48.95539336837828" lon="89.95880227535963">
        <ele>1764.4</ele>
        <time>2026-08-02T16:08:30.000Z</time>
      </trkpt>
      <trkpt lat="48.954992378130555" lon="89.95907686650753">
        <ele>1765.6</ele>
        <time>2026-08-02T16:08:44.000Z</time>
      </trkpt>
      <trkpt lat="48.95466070622206" lon="89.95933226309717">
        <ele>1766</ele>
        <time>2026-08-02T16:08:59.000Z</time>
      </trkpt>
      <trkpt lat="48.95425443537533" lon="89.95965236797929">
        <ele>1767</ele>
        <time>2026-08-02T16:09:15.000Z</time>
      </trkpt>
      <trkpt lat="48.9538158942014" lon="89.95998211205006">
        <ele>1767.8</ele>
        <time>2026-08-02T16:09:31.000Z</time>
      </trkpt>
      <trkpt lat="48.95336486399174" lon="89.96030632406473">
        <ele>1768.4</ele>
        <time>2026-08-02T16:09:47.000Z</time>
      </trkpt>
      <trkpt lat="48.952968399971724" lon="89.96058326214552">
        <ele>1769.4</ele>
        <time>2026-08-02T16:10:03.000Z</time>
      </trkpt>
      <trkpt lat="48.95274242386222" lon="89.96056247502565">
        <ele>1770</ele>
        <time>2026-08-02T16:10:18.000Z</time>
      </trkpt>
      <trkpt lat="48.952632285654545" lon="89.96062139980495">
        <ele>1771.2</ele>
        <time>2026-08-02T16:13:07.000Z</time>
      </trkpt>
      <trkpt lat="48.952452410012484" lon="89.96097905561328">
        <ele>1770.8</ele>
        <time>2026-08-02T16:13:19.000Z</time>
      </trkpt>
      <trkpt lat="48.952046893537045" lon="89.96126160956919">
        <ele>1772</ele>
        <time>2026-08-02T16:13:35.000Z</time>
      </trkpt>
      <trkpt lat="48.95165788941085" lon="89.96154299005866">
        <ele>1773</ele>
        <time>2026-08-02T16:13:52.000Z</time>
      </trkpt>
      <trkpt lat="48.95125279203057" lon="89.96183920651674">
        <ele>1774</ele>
        <time>2026-08-02T16:14:08.000Z</time>
      </trkpt>
      <trkpt lat="48.95084115676582" lon="89.96212813071907">
        <ele>1775</ele>
        <time>2026-08-02T16:14:24.000Z</time>
      </trkpt>
      <trkpt lat="48.950438909232616" lon="89.9624168034643">
        <ele>1776</ele>
        <time>2026-08-02T16:14:40.000Z</time>
      </trkpt>
      <trkpt lat="48.95005501806736" lon="89.96269810013473">
        <ele>1777</ele>
        <time>2026-08-02T16:14:56.000Z</time>
      </trkpt>
      <trkpt lat="48.949664421379566" lon="89.96296850033104">
        <ele>1777.6</ele>
        <time>2026-08-02T16:15:12.000Z</time>
      </trkpt>
      <trkpt lat="48.949248008430004" lon="89.96326111257076">
        <ele>1778.8</ele>
        <time>2026-08-02T16:15:28.000Z</time>
      </trkpt>
      <trkpt lat="48.948849365115166" lon="89.9635513778776">
        <ele>1779.8</ele>
        <time>2026-08-02T16:15:44.000Z</time>
      </trkpt>
      <trkpt lat="48.948433957993984" lon="89.96384482830763">
        <ele>1780.6</ele>
        <time>2026-08-02T16:16:00.000Z</time>
      </trkpt>
      <trkpt lat="48.94803699105978" lon="89.96413945220411">
        <ele>1781.8</ele>
        <time>2026-08-02T16:16:17.000Z</time>
      </trkpt>
      <trkpt lat="48.94765192642808" lon="89.96441152878106">
        <ele>1783</ele>
        <time>2026-08-02T16:16:33.000Z</time>
      </trkpt>
      <trkpt lat="48.94726065918803" lon="89.9646698590368">
        <ele>1783.8</ele>
        <time>2026-08-02T16:16:49.000Z</time>
      </trkpt>
      <trkpt lat="48.94691566005349" lon="89.96493271552026">
        <ele>1785</ele>
        <time>2026-08-02T16:17:05.000Z</time>
      </trkpt>
      <trkpt lat="48.94657216966152" lon="89.9651846755296">
        <ele>1786.4</ele>
        <time>2026-08-02T16:17:21.000Z</time>
      </trkpt>
      <trkpt lat="48.946224572137" lon="89.96539573185146">
        <ele>1787.8</ele>
        <time>2026-08-02T16:17:37.000Z</time>
      </trkpt>
      <trkpt lat="48.9459203928709" lon="89.96561567299068">
        <ele>1789.6</ele>
        <time>2026-08-02T16:17:53.000Z</time>
      </trkpt>
      <trkpt lat="48.94564596936107" lon="89.96581080369651">
        <ele>1790.6</ele>
        <time>2026-08-02T16:18:09.000Z</time>
      </trkpt>
      <trkpt lat="48.94536651670933" lon="89.96600937098265">
        <ele>1791.6</ele>
        <time>2026-08-02T16:18:25.000Z</time>
      </trkpt>
      <trkpt lat="48.945088153705" lon="89.96621271595359">
        <ele>1792.8</ele>
        <time>2026-08-02T16:18:42.000Z</time>
      </trkpt>
      <trkpt lat="48.94481498748064" lon="89.9664138816297">
        <ele>1794.6</ele>
        <time>2026-08-02T16:18:58.000Z</time>
      </trkpt>
      <trkpt lat="48.94454198889434" lon="89.96663181111217">
        <ele>1795.8</ele>
        <time>2026-08-02T16:19:14.000Z</time>
      </trkpt>
      <trkpt lat="48.94425013102591" lon="89.96684026904404">
        <ele>1797</ele>
        <time>2026-08-02T16:19:30.000Z</time>
      </trkpt>
      <trkpt lat="48.943940587341785" lon="89.96704353019595">
        <ele>1798.6</ele>
        <time>2026-08-02T16:19:46.000Z</time>
      </trkpt>
      <trkpt lat="48.94367303699255" lon="89.96724955737591">
        <ele>1799.8</ele>
        <time>2026-08-02T16:20:02.000Z</time>
      </trkpt>
      <trkpt lat="48.943396769464016" lon="89.96745365671813">
        <ele>1801.2</ele>
        <time>2026-08-02T16:20:18.000Z</time>
      </trkpt>
      <trkpt lat="48.943114299327135" lon="89.96765356510878">
        <ele>1802.4</ele>
        <time>2026-08-02T16:20:34.000Z</time>
      </trkpt>
      <trkpt lat="48.94284909591079" lon="89.96783712878823">
        <ele>1803.4</ele>
        <time>2026-08-02T16:20:50.000Z</time>
      </trkpt>
      <trkpt lat="48.94257660023868" lon="89.96802882291377">
        <ele>1805</ele>
        <time>2026-08-02T16:21:07.000Z</time>
      </trkpt>
      <trkpt lat="48.94230343401432" lon="89.96824339963496">
        <ele>1806.4</ele>
        <time>2026-08-02T16:21:23.000Z</time>
      </trkpt>
      <trkpt lat="48.94201509654522" lon="89.96844506822526">
        <ele>1807.6</ele>
        <time>2026-08-02T16:21:39.000Z</time>
      </trkpt>
      <trkpt lat="48.94172047264874" lon="89.96864765882492">
        <ele>1808.6</ele>
        <time>2026-08-02T16:21:55.000Z</time>
      </trkpt>
      <trkpt lat="48.94140338525176" lon="89.96886969543993">
        <ele>1809.8</ele>
        <time>2026-08-02T16:22:11.000Z</time>
      </trkpt>
      <trkpt lat="48.941111359745264" lon="89.9690665025264">
        <ele>1810.8</ele>
        <time>2026-08-02T16:22:27.000Z</time>
      </trkpt>
      <trkpt lat="48.94076569005847" lon="89.96928652748466">
        <ele>1812.2</ele>
        <time>2026-08-02T16:22:43.000Z</time>
      </trkpt>
      <trkpt lat="48.94047433510423" lon="89.96947025880218">
        <ele>1813.6</ele>
        <time>2026-08-02T16:22:59.000Z</time>
      </trkpt>
      <trkpt lat="48.94018901512027" lon="89.96965700760484">
        <ele>1815.2</ele>
        <time>2026-08-02T16:23:16.000Z</time>
      </trkpt>
      <trkpt lat="48.93990277312696" lon="89.9698281660676">
        <ele>1816.4</ele>
        <time>2026-08-02T16:23:32.000Z</time>
      </trkpt>
      <trkpt lat="48.939609406515956" lon="89.9699938762933">
        <ele>1817.8</ele>
        <time>2026-08-02T16:23:48.000Z</time>
      </trkpt>
      <trkpt lat="48.939318135380745" lon="89.97015950269997">
        <ele>1819</ele>
        <time>2026-08-02T16:24:04.000Z</time>
      </trkpt>
      <trkpt lat="48.93898009322584" lon="89.97033258900046">
        <ele>1820.6</ele>
        <time>2026-08-02T16:24:20.000Z</time>
      </trkpt>
      <trkpt lat="48.938669292256236" lon="89.97048572637141">
        <ele>1821.8</ele>
        <time>2026-08-02T16:24:36.000Z</time>
      </trkpt>
      <trkpt lat="48.9383879955858" lon="89.97062193229795">
        <ele>1823</ele>
        <time>2026-08-02T16:24:52.000Z</time>
      </trkpt>
      <trkpt lat="48.93809881992638" lon="89.97076517902315">
        <ele>1824.8</ele>
        <time>2026-08-02T16:25:08.000Z</time>
      </trkpt>
      <trkpt lat="48.937776535749435" lon="89.97091487981379">
        <ele>1826.4</ele>
        <time>2026-08-02T16:25:24.000Z</time>
      </trkpt>
      <trkpt lat="48.937456514686346" lon="89.97105217538774">
        <ele>1827</ele>
        <time>2026-08-02T16:25:41.000Z</time>
      </trkpt>
      <trkpt lat="48.937161387875676" lon="89.97117731720209">
        <ele>1828.4</ele>
        <time>2026-08-02T16:25:57.000Z</time>
      </trkpt>
      <trkpt lat="48.93686483614147" lon="89.9712957534939">
        <ele>1829.6</ele>
        <time>2026-08-02T16:26:13.000Z</time>
      </trkpt>
      <trkpt lat="48.93656090833247" lon="89.97140270657837">
        <ele>1831</ele>
        <time>2026-08-02T16:26:29.000Z</time>
      </trkpt>
      <trkpt lat="48.93627600744367" lon="89.97150362469256">
        <ele>1832.2</ele>
        <time>2026-08-02T16:26:45.000Z</time>
      </trkpt>
      <trkpt lat="48.935989597812295" lon="89.97161728329957">
        <ele>1833.6</ele>
        <time>2026-08-02T16:27:01.000Z</time>
      </trkpt>
      <trkpt lat="48.93571140244603" lon="89.97171618975699">
        <ele>1834.8</ele>
        <time>2026-08-02T16:27:17.000Z</time>
      </trkpt>
      <trkpt lat="48.93543773330748" lon="89.97180788777769">
        <ele>1836.4</ele>
        <time>2026-08-02T16:27:33.000Z</time>
      </trkpt>
      <trkpt lat="48.93515836447477" lon="89.97190687805414">
        <ele>1837.4</ele>
        <time>2026-08-02T16:27:49.000Z</time>
      </trkpt>
      <trkpt lat="48.93489391542971" lon="89.97200477868319">
        <ele>1838.8</ele>
        <time>2026-08-02T16:28:06.000Z</time>
      </trkpt>
      <trkpt lat="48.93461957573891" lon="89.97211022302508">
        <ele>1839.8</ele>
        <time>2026-08-02T16:28:22.000Z</time>
      </trkpt>
      <trkpt lat="48.93434615805745" lon="89.97220762073994">
        <ele>1840.8</ele>
        <time>2026-08-02T16:28:38.000Z</time>
      </trkpt>
      <trkpt lat="48.93406846560538" lon="89.97229688800871">
        <ele>1841.6</ele>
        <time>2026-08-02T16:28:54.000Z</time>
      </trkpt>
      <trkpt lat="48.933797897771" lon="89.97239076532423">
        <ele>1842.8</ele>
        <time>2026-08-02T16:29:10.000Z</time>
      </trkpt>
      <trkpt lat="48.93352917395532" lon="89.972487911582">
        <ele>1844.2</ele>
        <time>2026-08-02T16:29:26.000Z</time>
      </trkpt>
      <trkpt lat="48.933260617777705" lon="89.9725563917309">
        <ele>1845</ele>
        <time>2026-08-02T16:29:42.000Z</time>
      </trkpt>
      <trkpt lat="48.93297789618373" lon="89.97262177057564">
        <ele>1845.8</ele>
        <time>2026-08-02T16:29:58.000Z</time>
      </trkpt>
      <trkpt lat="48.932696264237165" lon="89.97269888408482">
        <ele>1846.8</ele>
        <time>2026-08-02T16:30:14.000Z</time>
      </trkpt>
      <trkpt lat="48.932399712502956" lon="89.97274490073323">
        <ele>1847.8</ele>
        <time>2026-08-02T16:30:31.000Z</time>
      </trkpt>
      <trkpt lat="48.93211958929896" lon="89.97272830456495">
        <ele>1849</ele>
        <time>2026-08-02T16:30:47.000Z</time>
      </trkpt>
      <trkpt lat="48.932058066129684" lon="89.97260919772089">
        <ele>1849</ele>
        <time>2026-08-02T16:30:56.000Z</time>
      </trkpt>
      <trkpt lat="48.93184918910265" lon="89.97265328653157">
        <ele>1850.6</ele>
        <time>2026-08-02T16:31:07.000Z</time>
      </trkpt>
      <trkpt lat="48.93156629987061" lon="89.972805082798">
        <ele>1851.6</ele>
        <time>2026-08-02T16:31:23.000Z</time>
      </trkpt>
      <trkpt lat="48.93128332681954" lon="89.9728122074157">
        <ele>1852.8</ele>
        <time>2026-08-02T16:31:39.000Z</time>
      </trkpt>
      <trkpt lat="48.931026170030236" lon="89.97282176278532">
        <ele>1854.2</ele>
        <time>2026-08-02T16:31:55.000Z</time>
      </trkpt>
      <trkpt lat="48.93075618892908" lon="89.97278236784041">
        <ele>1855.4</ele>
        <time>2026-08-02T16:32:11.000Z</time>
      </trkpt>
      <trkpt lat="48.930505653843284" lon="89.97280516661704">
        <ele>1856.6</ele>
        <time>2026-08-02T16:32:27.000Z</time>
      </trkpt>
      <trkpt lat="48.93025469966233" lon="89.97279301285744">
        <ele>1857.2</ele>
        <time>2026-08-02T16:32:43.000Z</time>
      </trkpt>
      <trkpt lat="48.92999980598688" lon="89.9727619998157">
        <ele>1858.8</ele>
        <time>2026-08-02T16:33:00.000Z</time>
      </trkpt>
      <trkpt lat="48.929754216223955" lon="89.97273308224976">
        <ele>1859.8</ele>
        <time>2026-08-02T16:33:16.000Z</time>
      </trkpt>
      <trkpt lat="48.92950426787138" lon="89.97270626015961">
        <ele>1861.2</ele>
        <time>2026-08-02T16:33:32.000Z</time>
      </trkpt>
      <trkpt lat="48.92926152795553" lon="89.9726774264127">
        <ele>1862.6</ele>
        <time>2026-08-02T16:33:48.000Z</time>
      </trkpt>
      <trkpt lat="48.92900152131915" lon="89.97264976613224">
        <ele>1863.8</ele>
        <time>2026-08-02T16:34:04.000Z</time>
      </trkpt>
      <trkpt lat="48.928760290145874" lon="89.97261808253825">
        <ele>1865</ele>
        <time>2026-08-02T16:34:20.000Z</time>
      </trkpt>
      <trkpt lat="48.92852081917226" lon="89.9726031627506">
        <ele>1866.2</ele>
        <time>2026-08-02T16:34:36.000Z</time>
      </trkpt>
      <trkpt lat="48.92827740870416" lon="89.97258220799267">
        <ele>1866.8</ele>
        <time>2026-08-02T16:34:52.000Z</time>
      </trkpt>
      <trkpt lat="48.928045984357595" lon="89.9725516140461">
        <ele>1868</ele>
        <time>2026-08-02T16:35:09.000Z</time>
      </trkpt>
      <trkpt lat="48.92781296744943" lon="89.97252336703241">
        <ele>1869.8</ele>
        <time>2026-08-02T16:35:25.000Z</time>
      </trkpt>
      <trkpt lat="48.927581710740924" lon="89.97250048443675">
        <ele>1870.2</ele>
        <time>2026-08-02T16:35:41.000Z</time>
      </trkpt>
      <trkpt lat="48.92736420035362" lon="89.9724892526865">
        <ele>1871</ele>
        <time>2026-08-02T16:35:57.000Z</time>
      </trkpt>
      <trkpt lat="48.92714409157634" lon="89.97245396487415">
        <ele>1872.8</ele>
        <time>2026-08-02T16:36:13.000Z</time>
      </trkpt>
      <trkpt lat="48.92690529115498" lon="89.9724273942411">
        <ele>1874</ele>
        <time>2026-08-02T16:36:29.000Z</time>
      </trkpt>
      <trkpt lat="48.92668501473963" lon="89.97241356410086">
        <ele>1875.6</ele>
        <time>2026-08-02T16:36:45.000Z</time>
      </trkpt>
      <trkpt lat="48.92646012827754" lon="89.97238129377365">
        <ele>1876.8</ele>
        <time>2026-08-02T16:37:01.000Z</time>
      </trkpt>
      <trkpt lat="48.926249826326966" lon="89.97238347306848">
        <ele>1878</ele>
        <time>2026-08-02T16:37:17.000Z</time>
      </trkpt>
      <trkpt lat="48.92604170367122" lon="89.9723512865603">
        <ele>1879.2</ele>
        <time>2026-08-02T16:37:34.000Z</time>
      </trkpt>
      <trkpt lat="48.925831485539675" lon="89.97232597321272">
        <ele>1880.2</ele>
        <time>2026-08-02T16:37:50.000Z</time>
      </trkpt>
      <trkpt lat="48.92561716027558" lon="89.9723097961396">
        <ele>1881.6</ele>
        <time>2026-08-02T16:38:06.000Z</time>
      </trkpt>
      <trkpt lat="48.92538766376674" lon="89.97228272259235">
        <ele>1883</ele>
        <time>2026-08-02T16:38:22.000Z</time>
      </trkpt>
      <trkpt lat="48.925149366259575" lon="89.97225900180638">
        <ele>1884.6</ele>
        <time>2026-08-02T16:38:38.000Z</time>
      </trkpt>
      <trkpt lat="48.92490142956376" lon="89.97223771177232">
        <ele>1886.2</ele>
        <time>2026-08-02T16:38:54.000Z</time>
      </trkpt>
      <trkpt lat="48.924668496474624" lon="89.97221223078668">
        <ele>1886.8</ele>
        <time>2026-08-02T16:39:10.000Z</time>
      </trkpt>
      <trkpt lat="48.924440927803516" lon="89.97219286859035">
        <ele>1888.6</ele>
        <time>2026-08-02T16:39:26.000Z</time>
      </trkpt>
      <trkpt lat="48.924221908673644" lon="89.97217048890889">
        <ele>1889.8</ele>
        <time>2026-08-02T16:39:42.000Z</time>
      </trkpt>
      <trkpt lat="48.923990400508046" lon="89.97215632349253">
        <ele>1890.6</ele>
        <time>2026-08-02T16:39:59.000Z</time>
      </trkpt>
      <trkpt lat="48.92376735806465" lon="89.97214676812291">
        <ele>1890.8</ele>
        <time>2026-08-02T16:40:15.000Z</time>
      </trkpt>
      <trkpt lat="48.92354993149638" lon="89.97212078422308">
        <ele>1892.4</ele>
        <time>2026-08-02T16:40:31.000Z</time>
      </trkpt>
      <trkpt lat="48.923365864902735" lon="89.97211055830121">
        <ele>1893.4</ele>
        <time>2026-08-02T16:40:45.000Z</time>
      </trkpt>
      <trkpt lat="48.92313787713647" lon="89.97208608314395">
        <ele>1894.6</ele>
        <time>2026-08-02T16:41:01.000Z</time>
      </trkpt>
      <trkpt lat="48.922892874106765" lon="89.9720367975533">
        <ele>1895.6</ele>
        <time>2026-08-02T16:41:17.000Z</time>
      </trkpt>
      <trkpt lat="48.922695899382234" lon="89.9720233026892">
        <ele>1896.6</ele>
        <time>2026-08-02T16:41:33.000Z</time>
      </trkpt>
      <trkpt lat="48.922497080639005" lon="89.97200176119804">
        <ele>1897.6</ele>
        <time>2026-08-02T16:41:49.000Z</time>
      </trkpt>
      <trkpt lat="48.922303123399615" lon="89.97198206372559">
        <ele>1898.6</ele>
        <time>2026-08-02T16:42:05.000Z</time>
      </trkpt>
      <trkpt lat="48.922114530578256" lon="89.9719577562064">
        <ele>1899.6</ele>
        <time>2026-08-02T16:42:22.000Z</time>
      </trkpt>
      <trkpt lat="48.92191202379763" lon="89.97193839401007">
        <ele>1900.8</ele>
        <time>2026-08-02T16:42:38.000Z</time>
      </trkpt>
      <trkpt lat="48.921703984960914" lon="89.97192389331758">
        <ele>1902.2</ele>
        <time>2026-08-02T16:42:54.000Z</time>
      </trkpt>
      <trkpt lat="48.92152100801468" lon="89.97190930880606">
        <ele>1903</ele>
        <time>2026-08-02T16:43:10.000Z</time>
      </trkpt>
      <trkpt lat="48.921317076310515" lon="89.97188575565815">
        <ele>1904</ele>
        <time>2026-08-02T16:43:26.000Z</time>
      </trkpt>
      <trkpt lat="48.921111887320876" lon="89.97186983004212">
        <ele>1905.4</ele>
        <time>2026-08-02T16:43:42.000Z</time>
      </trkpt>
      <trkpt lat="48.920928156003356" lon="89.97186069376767">
        <ele>1906.4</ele>
        <time>2026-08-02T16:43:58.000Z</time>
      </trkpt>
      <trkpt lat="48.92072833143175" lon="89.97182942926884">
        <ele>1907.2</ele>
        <time>2026-08-02T16:44:14.000Z</time>
      </trkpt>
      <trkpt lat="48.92053512856364" lon="89.97181735932827">
        <ele>1908.4</ele>
        <time>2026-08-02T16:44:30.000Z</time>
      </trkpt>
      <trkpt lat="48.92034008167684" lon="89.97179858386517">
        <ele>1909.2</ele>
        <time>2026-08-02T16:44:47.000Z</time>
      </trkpt>
      <trkpt lat="48.9201417658478" lon="89.97177159413695">
        <ele>1910.4</ele>
        <time>2026-08-02T16:45:03.000Z</time>
      </trkpt>
      <trkpt lat="48.91994227655232" lon="89.97174728661776">
        <ele>1911.8</ele>
        <time>2026-08-02T16:45:19.000Z</time>
      </trkpt>
      <trkpt lat="48.919754857197404" lon="89.97174049727619">
        <ele>1913.2</ele>
        <time>2026-08-02T16:45:35.000Z</time>
      </trkpt>
      <trkpt lat="48.91956266015768" lon="89.97172297909856">
        <ele>1914</ele>
        <time>2026-08-02T16:45:51.000Z</time>
      </trkpt>
      <trkpt lat="48.91936367377639" lon="89.97170076705515">
        <ele>1915</ele>
        <time>2026-08-02T16:46:07.000Z</time>
      </trkpt>
      <trkpt lat="48.91916829161346" lon="89.97168601490557">
        <ele>1916.4</ele>
        <time>2026-08-02T16:46:23.000Z</time>
      </trkpt>
      <trkpt lat="48.91897877678275" lon="89.97165709733963">
        <ele>1917.4</ele>
        <time>2026-08-02T16:46:39.000Z</time>
      </trkpt>
      <trkpt lat="48.9188018348068" lon="89.97164737433195">
        <ele>1918.4</ele>
        <time>2026-08-02T16:46:55.000Z</time>
      </trkpt>
      <trkpt lat="48.91862388700247" lon="89.97162482701242">
        <ele>1919.6</ele>
        <time>2026-08-02T16:47:12.000Z</time>
      </trkpt>
      <trkpt lat="48.91843940131366" lon="89.97160563245416">
        <ele>1920.8</ele>
        <time>2026-08-02T16:47:28.000Z</time>
      </trkpt>
      <trkpt lat="48.91824628226459" lon="89.97159875929356">
        <ele>1922</ele>
        <time>2026-08-02T16:47:44.000Z</time>
      </trkpt>
      <trkpt lat="48.91806020401418" lon="89.97158543206751">
        <ele>1922.8</ele>
        <time>2026-08-02T16:48:00.000Z</time>
      </trkpt>
      <trkpt lat="48.9177914801985" lon="89.97156070545316">
        <ele>1925.2</ele>
        <time>2026-08-02T16:51:11.000Z</time>
      </trkpt>
      <trkpt lat="48.91759785823524" lon="89.97154377400875">
        <ele>1926.6</ele>
        <time>2026-08-02T16:51:27.000Z</time>
      </trkpt>
      <trkpt lat="48.91740792430937" lon="89.97152122668922">
        <ele>1927.6</ele>
        <time>2026-08-02T16:51:43.000Z</time>
      </trkpt>
      <trkpt lat="48.917227294296026" lon="89.97150748036802">
        <ele>1929</ele>
        <time>2026-08-02T16:52:00.000Z</time>
      </trkpt>
      <trkpt lat="48.917046412825584" lon="89.97148451395333">
        <ele>1930.2</ele>
        <time>2026-08-02T16:52:16.000Z</time>
      </trkpt>
      <trkpt lat="48.91689335927367" lon="89.97131427749991">
        <ele>1931</ele>
        <time>2026-08-02T16:52:30.000Z</time>
      </trkpt>
      <trkpt lat="48.91680417582393" lon="89.9712286144495">
        <ele>1932</ele>
        <time>2026-08-02T16:52:41.000Z</time>
      </trkpt>
      <trkpt lat="48.91662287525833" lon="89.97133372351527">
        <ele>1933.8</ele>
        <time>2026-08-02T16:57:53.000Z</time>
      </trkpt>
      <trkpt lat="48.916422883048654" lon="89.97132827527821">
        <ele>1935</ele>
        <time>2026-08-02T16:58:09.000Z</time>
      </trkpt>
      <trkpt lat="48.91631232574582" lon="89.97134369798005">
        <ele>1935.8</ele>
        <time>2026-08-02T16:58:19.000Z</time>
      </trkpt>
      <trkpt lat="48.91612155362964" lon="89.97137219645083">
        <ele>1936.4</ele>
        <time>2026-08-02T16:59:45.000Z</time>
      </trkpt>
      <trkpt lat="48.91592709347606" lon="89.97136306017637">
        <ele>1937.6</ele>
        <time>2026-08-02T17:00:01.000Z</time>
      </trkpt>
      <trkpt lat="48.915717378258705" lon="89.97134487144649">
        <ele>1938.6</ele>
        <time>2026-08-02T17:00:17.000Z</time>
      </trkpt>
      <trkpt lat="48.91551579348743" lon="89.97132492251694">
        <ele>1939.8</ele>
        <time>2026-08-02T17:00:33.000Z</time>
      </trkpt>
      <trkpt lat="48.915308425202966" lon="89.97130346484482">
        <ele>1940.8</ele>
        <time>2026-08-02T17:00:49.000Z</time>
      </trkpt>
      <trkpt lat="48.91511262394488" lon="89.97128820978105">
        <ele>1941.6</ele>
        <time>2026-08-02T17:01:05.000Z</time>
      </trkpt>
      <trkpt lat="48.914915481582284" lon="89.97127446345985">
        <ele>1942.6</ele>
        <time>2026-08-02T17:01:22.000Z</time>
      </trkpt>
      <trkpt lat="48.91472269780934" lon="89.9712597951293">
        <ele>1943.6</ele>
        <time>2026-08-02T17:01:38.000Z</time>
      </trkpt>
      <trkpt lat="48.91452672891319" lon="89.97124747373164">
        <ele>1944.4</ele>
        <time>2026-08-02T17:01:54.000Z</time>
      </trkpt>
      <trkpt lat="48.914326233789325" lon="89.97121226973832">
        <ele>1945.4</ele>
        <time>2026-08-02T17:02:10.000Z</time>
      </trkpt>
      <trkpt lat="48.91412163153291" lon="89.97118997387588">
        <ele>1946.4</ele>
        <time>2026-08-02T17:02:26.000Z</time>
      </trkpt>
      <trkpt lat="48.913907976821065" lon="89.97117916122079">
        <ele>1947.4</ele>
        <time>2026-08-02T17:02:42.000Z</time>
      </trkpt>
      <trkpt lat="48.91370412893593" lon="89.9711511656642">
        <ele>1948.4</ele>
        <time>2026-08-02T17:02:58.000Z</time>
      </trkpt>
      <trkpt lat="48.91349005512893" lon="89.97113641351461">
        <ele>1949.4</ele>
        <time>2026-08-02T17:03:14.000Z</time>
      </trkpt>
      <trkpt lat="48.913281513378024" lon="89.97110732831061">
        <ele>1950.4</ele>
        <time>2026-08-02T17:03:30.000Z</time>
      </trkpt>
      <trkpt lat="48.913077330216765" lon="89.9710919894278">
        <ele>1951.2</ele>
        <time>2026-08-02T17:03:47.000Z</time>
      </trkpt>
      <trkpt lat="48.91287591308355" lon="89.97107111848891">
        <ele>1952.2</ele>
        <time>2026-08-02T17:04:03.000Z</time>
      </trkpt>
      <trkpt lat="48.91266812570393" lon="89.97105175629258">
        <ele>1953</ele>
        <time>2026-08-02T17:04:19.000Z</time>
      </trkpt>
      <trkpt lat="48.91247215680778" lon="89.9710385967046">
        <ele>1953.6</ele>
        <time>2026-08-02T17:04:35.000Z</time>
      </trkpt>
      <trkpt lat="48.91227870248258" lon="89.9710182286799">
        <ele>1954.2</ele>
        <time>2026-08-02T17:04:51.000Z</time>
      </trkpt>
      <trkpt lat="48.912080470472574" lon="89.97098822146654">
        <ele>1955</ele>
        <time>2026-08-02T17:05:07.000Z</time>
      </trkpt>
      <trkpt lat="48.911876287311316" lon="89.97097028419375">
        <ele>1956</ele>
        <time>2026-08-02T17:05:23.000Z</time>
      </trkpt>
      <trkpt lat="48.911680318415165" lon="89.97095176018775">
        <ele>1957.6</ele>
        <time>2026-08-02T17:05:39.000Z</time>
      </trkpt>
      <trkpt lat="48.9114782307297" lon="89.97093147598207">
        <ele>1958.6</ele>
        <time>2026-08-02T17:05:55.000Z</time>
      </trkpt>
      <trkpt lat="48.91128142364323" lon="89.97090741991997">
        <ele>1959.6</ele>
        <time>2026-08-02T17:06:12.000Z</time>
      </trkpt>
      <trkpt lat="48.911079755052924" lon="89.97088596224785">
        <ele>1960.6</ele>
        <time>2026-08-02T17:06:28.000Z</time>
      </trkpt>
      <trkpt lat="48.910886803641915" lon="89.97087531723082">
        <ele>1961.4</ele>
        <time>2026-08-02T17:06:44.000Z</time>
      </trkpt>
      <trkpt lat="48.91069586388767" lon="89.97087246738374">
        <ele>1962.4</ele>
        <time>2026-08-02T17:07:00.000Z</time>
      </trkpt>
      <trkpt lat="48.910488076508045" lon="89.97085561975837">
        <ele>1964.2</ele>
        <time>2026-08-02T17:07:16.000Z</time>
      </trkpt>
      <trkpt lat="48.91026637516916" lon="89.97081153094769">
        <ele>1965.4</ele>
        <time>2026-08-02T17:07:32.000Z</time>
      </trkpt>
      <trkpt lat="48.9100637845695" lon="89.97079401277006">
        <ele>1966.4</ele>
        <time>2026-08-02T17:07:48.000Z</time>
      </trkpt>
      <trkpt lat="48.90985080040991" lon="89.97077238745987">
        <ele>1967.2</ele>
        <time>2026-08-02T17:08:04.000Z</time>
      </trkpt>
      <trkpt lat="48.909649131819606" lon="89.97075168415904">
        <ele>1968</ele>
        <time>2026-08-02T17:08:20.000Z</time>
      </trkpt>
      <trkpt lat="48.90944327227771" lon="89.97073248960078">
        <ele>1969.4</ele>
        <time>2026-08-02T17:08:37.000Z</time>
      </trkpt>
      <trkpt lat="48.90924336388707" lon="89.97071765363216">
        <ele>1970.4</ele>
        <time>2026-08-02T17:08:53.000Z</time>
      </trkpt>
      <trkpt lat="48.90905083157122" lon="89.97071891091764">
        <ele>1971.2</ele>
        <time>2026-08-02T17:09:09.000Z</time>
      </trkpt>
      <trkpt lat="48.908852683380246" lon="89.97067105025053">
        <ele>1972.4</ele>
        <time>2026-08-02T17:09:25.000Z</time>
      </trkpt>
      <trkpt lat="48.90865059569478" lon="89.97066300362349">
        <ele>1973</ele>
        <time>2026-08-02T17:09:41.000Z</time>
      </trkpt>
      <trkpt lat="48.90843660570681" lon="89.97064389288425">
        <ele>1974.2</ele>
        <time>2026-08-02T17:09:57.000Z</time>
      </trkpt>
      <trkpt lat="48.908236026763916" lon="89.97061505913734">
        <ele>1975.2</ele>
        <time>2026-08-02T17:10:13.000Z</time>
      </trkpt>
      <trkpt lat="48.90802865847945" lon="89.9706101976335">
        <ele>1976.4</ele>
        <time>2026-08-02T17:10:29.000Z</time>
      </trkpt>
      <trkpt lat="48.90782539732754" lon="89.97058329172432">
        <ele>1977.2</ele>
        <time>2026-08-02T17:10:45.000Z</time>
      </trkpt>
      <trkpt lat="48.90762289054692" lon="89.97055822983384">
        <ele>1978.6</ele>
        <time>2026-08-02T17:11:02.000Z</time>
      </trkpt>
      <trkpt lat="48.9074338786304" lon="89.97053140774369">
        <ele>1979.8</ele>
        <time>2026-08-02T17:11:18.000Z</time>
      </trkpt>
      <trkpt lat="48.90723212622106" lon="89.9705050047487">
        <ele>1980.8</ele>
        <time>2026-08-02T17:11:34.000Z</time>
      </trkpt>
      <trkpt lat="48.90702090226114" lon="89.97047399170697">
        <ele>1982.4</ele>
        <time>2026-08-02T17:11:50.000Z</time>
      </trkpt>
      <trkpt lat="48.90681881457567" lon="89.97042688541114">
        <ele>1982.8</ele>
        <time>2026-08-02T17:12:06.000Z</time>
      </trkpt>
      <trkpt lat="48.906605914235115" lon="89.97039922513068">
        <ele>1984</ele>
        <time>2026-08-02T17:12:22.000Z</time>
      </trkpt>
      <trkpt lat="48.90641036443412" lon="89.97033619321883">
        <ele>1985.2</ele>
        <time>2026-08-02T17:12:38.000Z</time>
      </trkpt>
      <trkpt lat="48.90620651654899" lon="89.97026436030865">
        <ele>1986.6</ele>
        <time>2026-08-02T17:12:54.000Z</time>
      </trkpt>
      <trkpt lat="48.905997136607766" lon="89.97019537724555">
        <ele>1988</ele>
        <time>2026-08-02T17:13:10.000Z</time>
      </trkpt>
      <trkpt lat="48.905802173539996" lon="89.97010242193937">
        <ele>1988.6</ele>
        <time>2026-08-02T17:13:27.000Z</time>
      </trkpt>
      <trkpt lat="48.905612071976066" lon="89.96999991126359">
        <ele>1989.8</ele>
        <time>2026-08-02T17:13:43.000Z</time>
      </trkpt>
      <trkpt lat="48.90542699955404" lon="89.96990209445357">
        <ele>1990.8</ele>
        <time>2026-08-02T17:13:59.000Z</time>
      </trkpt>
      <trkpt lat="48.90524343587458" lon="89.96980880387127">
        <ele>1992</ele>
        <time>2026-08-02T17:14:15.000Z</time>
      </trkpt>
      <trkpt lat="48.90506649389863" lon="89.96971526183188">
        <ele>1993</ele>
        <time>2026-08-02T17:14:31.000Z</time>
      </trkpt>
      <trkpt lat="48.90487832017243" lon="89.9695982504636">
        <ele>1993.2</ele>
        <time>2026-08-02T17:14:47.000Z</time>
      </trkpt>
      <trkpt lat="48.90469039790332" lon="89.96947092935443">
        <ele>1994.4</ele>
        <time>2026-08-02T17:15:03.000Z</time>
      </trkpt>
      <trkpt lat="48.904520412907004" lon="89.9693426862359">
        <ele>1995</ele>
        <time>2026-08-02T17:15:19.000Z</time>
      </trkpt>
      <trkpt lat="48.904368029907346" lon="89.9692271836102">
        <ele>1995.8</ele>
        <time>2026-08-02T17:15:36.000Z</time>
      </trkpt>
      <trkpt lat="48.90425059944391" lon="89.96915493160486">
        <ele>1997.2</ele>
        <time>2026-08-02T17:15:48.000Z</time>
      </trkpt>
      <trkpt lat="48.90407977625728" lon="89.969033729285">
        <ele>1997.8</ele>
        <time>2026-08-02T17:16:04.000Z</time>
      </trkpt>
      <trkpt lat="48.903904762119055" lon="89.96892199851573">
        <ele>1999.4</ele>
        <time>2026-08-02T17:16:20.000Z</time>
      </trkpt>
      <trkpt lat="48.90373435802758" lon="89.96882275678217">
        <ele>2000.8</ele>
        <time>2026-08-02T17:16:36.000Z</time>
      </trkpt>
      <trkpt lat="48.90354408882558" lon="89.96869032271206">
        <ele>2002</ele>
        <time>2026-08-02T17:16:52.000Z</time>
      </trkpt>
      <trkpt lat="48.90340377576649" lon="89.96858186088502">
        <ele>2002.8</ele>
        <time>2026-08-02T17:17:39.000Z</time>
      </trkpt>
      <trkpt lat="48.90323379077017" lon="89.96846929192543">
        <ele>2003.8</ele>
        <time>2026-08-02T17:17:55.000Z</time>
      </trkpt>
      <trkpt lat="48.903073612600565" lon="89.96834230609238">
        <ele>2005.2</ele>
        <time>2026-08-02T17:18:12.000Z</time>
      </trkpt>
      <trkpt lat="48.902914356440306" lon="89.96824281290174">
        <ele>2006.6</ele>
        <time>2026-08-02T17:18:28.000Z</time>
      </trkpt>
      <trkpt lat="48.90274831093848" lon="89.9681185092777">
        <ele>2007.2</ele>
        <time>2026-08-02T17:18:44.000Z</time>
      </trkpt>
      <trkpt lat="48.90258620493114" lon="89.96801641769707">
        <ele>2008</ele>
        <time>2026-08-02T17:19:00.000Z</time>
      </trkpt>
      <trkpt lat="48.90242728404701" lon="89.96790896169841">
        <ele>2009</ele>
        <time>2026-08-02T17:19:16.000Z</time>
      </trkpt>
      <trkpt lat="48.90227146446705" lon="89.96780678629875">
        <ele>2009.6</ele>
        <time>2026-08-02T17:19:32.000Z</time>
      </trkpt>
      <trkpt lat="48.90211572870612" lon="89.96769279241562">
        <ele>2010.2</ele>
        <time>2026-08-02T17:19:48.000Z</time>
      </trkpt>
      <trkpt lat="48.90196460299194" lon="89.96760201640427">
        <ele>2010.8</ele>
        <time>2026-08-02T17:20:04.000Z</time>
      </trkpt>
      <trkpt lat="48.90181163325906" lon="89.96748039498925">
        <ele>2012.2</ele>
        <time>2026-08-02T17:20:21.000Z</time>
      </trkpt>
      <trkpt lat="48.90172957442701" lon="89.96743597090244">
        <ele>2013.2</ele>
        <time>2026-08-02T17:20:29.000Z</time>
      </trkpt>
      <trkpt lat="48.90171021223068" lon="89.9674207996577">
        <ele>2013.4</ele>
        <time>2026-08-02T17:20:31.000Z</time>
      </trkpt>
      <trkpt lat="48.90162345953286" lon="89.96736648492515">
        <ele>2013.8</ele>
        <time>2026-08-02T17:20:40.000Z</time>
      </trkpt>
      <trkpt lat="48.90144878067076" lon="89.96725458651781">
        <ele>2015.2</ele>
        <time>2026-08-02T17:20:56.000Z</time>
      </trkpt>
      <trkpt lat="48.9012860879302" lon="89.96712575666606">
        <ele>2016.4</ele>
        <time>2026-08-02T17:21:12.000Z</time>
      </trkpt>
      <trkpt lat="48.90112800523639" lon="89.96703213080764">
        <ele>2017.4</ele>
        <time>2026-08-02T17:21:28.000Z</time>
      </trkpt>
      <trkpt lat="48.9009649772197" lon="89.96690715663135">
        <ele>2018</ele>
        <time>2026-08-02T17:21:44.000Z</time>
      </trkpt>
      <trkpt lat="48.90080857090652" lon="89.96680372394621">
        <ele>2019</ele>
        <time>2026-08-02T17:22:00.000Z</time>
      </trkpt>
      <trkpt lat="48.900657780468464" lon="89.96669115498662">
        <ele>2020.2</ele>
        <time>2026-08-02T17:22:16.000Z</time>
      </trkpt>
      <trkpt lat="48.90050279907882" lon="89.96660465374589">
        <ele>2021.2</ele>
        <time>2026-08-02T17:22:32.000Z</time>
      </trkpt>
      <trkpt lat="48.90034329146147" lon="89.96647926047444">
        <ele>2022.4</ele>
        <time>2026-08-02T17:22:49.000Z</time>
      </trkpt>
      <trkpt lat="48.90019208192825" lon="89.96638462878764">
        <ele>2023.4</ele>
        <time>2026-08-02T17:23:05.000Z</time>
      </trkpt>
      <trkpt lat="48.90003936365247" lon="89.9662740714848">
        <ele>2024.6</ele>
        <time>2026-08-02T17:23:21.000Z</time>
      </trkpt>
      <trkpt lat="48.899895614013076" lon="89.96616242453456">
        <ele>2025</ele>
        <time>2026-08-02T17:23:37.000Z</time>
      </trkpt>
      <trkpt lat="48.89970727264881" lon="89.96605781838298">
        <ele>2026</ele>
        <time>2026-08-02T17:25:45.000Z</time>
      </trkpt>
      <trkpt lat="48.899516835808754" lon="89.96592261828482">
        <ele>2026.6</ele>
        <time>2026-08-02T17:26:01.000Z</time>
      </trkpt>
      <trkpt lat="48.89935011975467" lon="89.96579546481371">
        <ele>2027.6</ele>
        <time>2026-08-02T17:26:17.000Z</time>
      </trkpt>
      <trkpt lat="48.89918927103281" lon="89.96567166410387">
        <ele>2028.6</ele>
        <time>2026-08-02T17:26:33.000Z</time>
      </trkpt>
      <trkpt lat="48.899028254672885" lon="89.96555993333459">
        <ele>2029.6</ele>
        <time>2026-08-02T17:26:49.000Z</time>
      </trkpt>
      <trkpt lat="48.898885510861874" lon="89.96545691974461">
        <ele>2030.4</ele>
        <time>2026-08-02T17:27:05.000Z</time>
      </trkpt>
      <trkpt lat="48.898740923032165" lon="89.96534317731857">
        <ele>2031.2</ele>
        <time>2026-08-02T17:27:21.000Z</time>
      </trkpt>
      <trkpt lat="48.898651571944356" lon="89.96526941657066">
        <ele>2031.8</ele>
        <time>2026-08-02T17:27:34.000Z</time>
      </trkpt>
      <trkpt lat="48.89848527498543" lon="89.96516942046583">
        <ele>2033</ele>
        <time>2026-08-02T17:28:16.000Z</time>
      </trkpt>
      <trkpt lat="48.89831713400781" lon="89.96504679322243">
        <ele>2034</ele>
        <time>2026-08-02T17:28:32.000Z</time>
      </trkpt>
      <trkpt lat="48.89814957976341" lon="89.96490245684981">
        <ele>2035</ele>
        <time>2026-08-02T17:28:48.000Z</time>
      </trkpt>
      <trkpt lat="48.89799552038312" lon="89.96477731503546">
        <ele>2036</ele>
        <time>2026-08-02T17:29:23.000Z</time>
      </trkpt>
      <trkpt lat="48.897833582013845" lon="89.96466239914298">
        <ele>2036.8</ele>
        <time>2026-08-02T17:29:39.000Z</time>
      </trkpt>
      <trkpt lat="48.89767650514841" lon="89.96453398838639">
        <ele>2037.6</ele>
        <time>2026-08-02T17:29:56.000Z</time>
      </trkpt>
      <trkpt lat="48.89752563089132" lon="89.96441236697137">
        <ele>2038.6</ele>
        <time>2026-08-02T17:30:12.000Z</time>
      </trkpt>
      <trkpt lat="48.89736386016011" lon="89.96427389793098">
        <ele>2039.6</ele>
        <time>2026-08-02T17:30:28.000Z</time>
      </trkpt>
      <trkpt lat="48.89719856902957" lon="89.96413886547089">
        <ele>2040.4</ele>
        <time>2026-08-02T17:30:44.000Z</time>
      </trkpt>
      <trkpt lat="48.89703378081322" lon="89.9640014860779">
        <ele>2041.2</ele>
        <time>2026-08-02T17:31:00.000Z</time>
      </trkpt>
      <trkpt lat="48.896872932091355" lon="89.96386611834168">
        <ele>2041.8</ele>
        <time>2026-08-02T17:31:16.000Z</time>
      </trkpt>
      <trkpt lat="48.89670571312308" lon="89.96372169815004">
        <ele>2042.4</ele>
        <time>2026-08-02T17:31:32.000Z</time>
      </trkpt>
      <trkpt lat="48.89653832651675" lon="89.96358088217676">
        <ele>2043</ele>
        <time>2026-08-02T17:31:48.000Z</time>
      </trkpt>
      <trkpt lat="48.8963680062443" lon="89.96343713253736">
        <ele>2043.6</ele>
        <time>2026-08-02T17:32:04.000Z</time>
      </trkpt>
      <trkpt lat="48.896200703457" lon="89.96330126188695">
        <ele>2044.6</ele>
        <time>2026-08-02T17:32:21.000Z</time>
      </trkpt>
      <trkpt lat="48.896028622984886" lon="89.96315105818212">
        <ele>2045.8</ele>
        <time>2026-08-02T17:32:37.000Z</time>
      </trkpt>
      <trkpt lat="48.89584983699024" lon="89.96299590915442">
        <ele>2046.8</ele>
        <time>2026-08-02T17:32:53.000Z</time>
      </trkpt>
      <trkpt lat="48.8956755772233" lon="89.9628359824419">
        <ele>2047.2</ele>
        <time>2026-08-02T17:33:09.000Z</time>
      </trkpt>
      <trkpt lat="48.895504754036665" lon="89.96269005350769">
        <ele>2047.6</ele>
        <time>2026-08-02T17:33:25.000Z</time>
      </trkpt>
      <trkpt lat="48.89532378874719" lon="89.96253012679517">
        <ele>2048.2</ele>
        <time>2026-08-02T17:33:41.000Z</time>
      </trkpt>
      <trkpt lat="48.89514827169478" lon="89.96238126419485">
        <ele>2048.2</ele>
        <time>2026-08-02T17:33:57.000Z</time>
      </trkpt>
      <trkpt lat="48.89497325755656" lon="89.96224363334477">
        <ele>2049.2</ele>
        <time>2026-08-02T17:34:13.000Z</time>
      </trkpt>
      <trkpt lat="48.89479748904705" lon="89.96210935525596">
        <ele>2049.6</ele>
        <time>2026-08-02T17:34:29.000Z</time>
      </trkpt>
      <trkpt lat="48.894602190703154" lon="89.96194389648736">
        <ele>2050</ele>
        <time>2026-08-02T17:34:46.000Z</time>
      </trkpt>
      <trkpt lat="48.89439918100834" lon="89.96177307330072">
        <ele>2051</ele>
        <time>2026-08-02T17:35:02.000Z</time>
      </trkpt>
      <trkpt lat="48.89420472085476" lon="89.96161255985498">
        <ele>2052.2</ele>
        <time>2026-08-02T17:35:18.000Z</time>
      </trkpt>
      <trkpt lat="48.894008584320545" lon="89.96143888682127">
        <ele>2053.4</ele>
        <time>2026-08-02T17:35:34.000Z</time>
      </trkpt>
      <trkpt lat="48.89382326044142" lon="89.96128868311644">
        <ele>2054.4</ele>
        <time>2026-08-02T17:35:50.000Z</time>
      </trkpt>
      <trkpt lat="48.893655287101865" lon="89.96114887297153">
        <ele>2055.4</ele>
        <time>2026-08-02T17:36:06.000Z</time>
      </trkpt>
      <trkpt lat="48.89349619857967" lon="89.9610124155879">
        <ele>2056.6</ele>
        <time>2026-08-02T17:36:22.000Z</time>
      </trkpt>
      <trkpt lat="48.893352868035436" lon="89.96087042614818">
        <ele>2057.2</ele>
        <time>2026-08-02T17:36:38.000Z</time>
      </trkpt>
      <trkpt lat="48.89319327659905" lon="89.96075240895152">
        <ele>2058.2</ele>
        <time>2026-08-02T17:36:54.000Z</time>
      </trkpt>
      <trkpt lat="48.89302723109722" lon="89.96065090410411">
        <ele>2059.4</ele>
        <time>2026-08-02T17:37:11.000Z</time>
      </trkpt>
      <trkpt lat="48.89286629855633" lon="89.96055509895086">
        <ele>2060.2</ele>
        <time>2026-08-02T17:37:27.000Z</time>
      </trkpt>
      <trkpt lat="48.8927055336535" lon="89.96045560576022">
        <ele>2061.2</ele>
        <time>2026-08-02T17:37:43.000Z</time>
      </trkpt>
      <trkpt lat="48.892542673274875" lon="89.96037656441331">
        <ele>2062</ele>
        <time>2026-08-02T17:37:59.000Z</time>
      </trkpt>
      <trkpt lat="48.89236262999475" lon="89.96030917391181">
        <ele>2063</ele>
        <time>2026-08-02T17:38:15.000Z</time>
      </trkpt>
      <trkpt lat="48.892192393541336" lon="89.9602406937629">
        <ele>2064.2</ele>
        <time>2026-08-02T17:38:31.000Z</time>
      </trkpt>
      <trkpt lat="48.892009081318974" lon="89.96019518002868">
        <ele>2065</ele>
        <time>2026-08-02T17:38:47.000Z</time>
      </trkpt>
      <trkpt lat="48.89185250736773" lon="89.96014757081866">
        <ele>2066.2</ele>
        <time>2026-08-02T17:39:03.000Z</time>
      </trkpt>
      <trkpt lat="48.89168336056173" lon="89.96010180562735">
        <ele>2067</ele>
        <time>2026-08-02T17:39:19.000Z</time>
      </trkpt>
      <trkpt lat="48.89150172472" lon="89.96005059219897">
        <ele>2068</ele>
        <time>2026-08-02T17:39:36.000Z</time>
      </trkpt>
      <trkpt lat="48.89132486656308" lon="89.9600054975599">
        <ele>2069</ele>
        <time>2026-08-02T17:39:52.000Z</time>
      </trkpt>
      <trkpt lat="48.89116116799414" lon="89.95996040292084">
        <ele>2069.8</ele>
        <time>2026-08-02T17:40:08.000Z</time>
      </trkpt>
      <trkpt lat="48.89100652188063" lon="89.95991572737694">
        <ele>2070.8</ele>
        <time>2026-08-02T17:40:24.000Z</time>
      </trkpt>
      <trkpt lat="48.89083662070334" lon="89.95987189002335">
        <ele>2071.8</ele>
        <time>2026-08-02T17:40:40.000Z</time>
      </trkpt>
      <trkpt lat="48.89065381139517" lon="89.9598241969943">
        <ele>2073</ele>
        <time>2026-08-02T17:40:56.000Z</time>
      </trkpt>
      <trkpt lat="48.89049053192139" lon="89.95977566577494">
        <ele>2073.8</ele>
        <time>2026-08-02T17:41:12.000Z</time>
      </trkpt>
      <trkpt lat="48.89032490551472" lon="89.95973400771618">
        <ele>2075.4</ele>
        <time>2026-08-02T17:41:28.000Z</time>
      </trkpt>
      <trkpt lat="48.89015299268067" lon="89.95968908071518">
        <ele>2076</ele>
        <time>2026-08-02T17:41:44.000Z</time>
      </trkpt>
      <trkpt lat="48.889973536133766" lon="89.95966938324273">
        <ele>2077.4</ele>
        <time>2026-08-02T17:42:01.000Z</time>
      </trkpt>
      <trkpt lat="48.889795085415244" lon="89.95965278707445">
        <ele>2078.2</ele>
        <time>2026-08-02T17:42:17.000Z</time>
      </trkpt>
      <trkpt lat="48.88960967771709" lon="89.95963116176426">
        <ele>2079.2</ele>
        <time>2026-08-02T17:42:33.000Z</time>
      </trkpt>
      <trkpt lat="48.88942242600024" lon="89.95964708738029">
        <ele>2080.2</ele>
        <time>2026-08-02T17:42:49.000Z</time>
      </trkpt>
      <trkpt lat="48.88923341408372" lon="89.95964541099966">
        <ele>2081.4</ele>
        <time>2026-08-02T17:43:05.000Z</time>
      </trkpt>
      <trkpt lat="48.88903006911278" lon="89.95966619811952">
        <ele>2082.6</ele>
        <time>2026-08-02T17:43:21.000Z</time>
      </trkpt>
      <trkpt lat="48.88883141800761" lon="89.95970039628446">
        <ele>2083.6</ele>
        <time>2026-08-02T17:43:37.000Z</time>
      </trkpt>
      <trkpt lat="48.88862740248442" lon="89.95973727665842">
        <ele>2084.4</ele>
        <time>2026-08-02T17:43:53.000Z</time>
      </trkpt>
      <trkpt lat="48.88843218795955" lon="89.9597710557282">
        <ele>2085.4</ele>
        <time>2026-08-02T17:44:10.000Z</time>
      </trkpt>
      <trkpt lat="48.888228591531515" lon="89.95979201048613">
        <ele>2086.4</ele>
        <time>2026-08-02T17:44:26.000Z</time>
      </trkpt>
      <trkpt lat="48.8880152720958" lon="89.95985127054155">
        <ele>2087.6</ele>
        <time>2026-08-02T17:44:42.000Z</time>
      </trkpt>
      <trkpt lat="48.88780605979264" lon="89.95988245122135">
        <ele>2088.8</ele>
        <time>2026-08-02T17:44:58.000Z</time>
      </trkpt>
      <trkpt lat="48.88759005814791" lon="89.9599243607372">
        <ele>2089.6</ele>
        <time>2026-08-02T17:45:14.000Z</time>
      </trkpt>
      <trkpt lat="48.88740247115493" lon="89.9599692877382">
        <ele>2090.4</ele>
        <time>2026-08-02T17:45:30.000Z</time>
      </trkpt>
      <trkpt lat="48.8871637545526" lon="89.96001572348177">
        <ele>2091</ele>
        <time>2026-08-02T17:45:46.000Z</time>
      </trkpt>
      <trkpt lat="48.88691196218133" lon="89.96006215922534">
        <ele>2091.8</ele>
        <time>2026-08-02T17:46:02.000Z</time>
      </trkpt>
      <trkpt lat="48.88660945929587" lon="89.96012066490948">
        <ele>2092.6</ele>
        <time>2026-08-02T17:46:18.000Z</time>
      </trkpt>
      <trkpt lat="48.886303855106235" lon="89.96016575954854">
        <ele>2093.6</ele>
        <time>2026-08-02T17:46:35.000Z</time>
      </trkpt>
      <trkpt lat="48.88608575798571" lon="89.96017095632851">
        <ele>2094</ele>
        <time>2026-08-02T17:46:49.000Z</time>
      </trkpt>
      <trkpt lat="48.88597168028355" lon="89.96016592718661">
        <ele>2095.4</ele>
        <time>2026-08-02T17:50:11.000Z</time>
      </trkpt>
      <trkpt lat="48.88570111244917" lon="89.96019836515188">
        <ele>2095.6</ele>
        <time>2026-08-02T17:50:27.000Z</time>
      </trkpt>
      <trkpt lat="48.88551050797105" lon="89.96021395549178">
        <ele>2096</ele>
        <time>2026-08-02T17:50:41.000Z</time>
      </trkpt>
      <trkpt lat="48.88525226153433" lon="89.96028805151582">
        <ele>2096</ele>
        <time>2026-08-02T17:51:31.000Z</time>
      </trkpt>
      <trkpt lat="48.88496266677976" lon="89.96034739539027">
        <ele>2096.2</ele>
        <time>2026-08-02T17:51:47.000Z</time>
      </trkpt>
      <trkpt lat="48.884570226073265" lon="89.9604442063719">
        <ele>2097</ele>
        <time>2026-08-02T17:52:03.000Z</time>
      </trkpt>
      <trkpt lat="48.884146101772785" lon="89.96055987663567">
        <ele>2097.8</ele>
        <time>2026-08-02T17:52:19.000Z</time>
      </trkpt>
      <trkpt lat="48.88372139073908" lon="89.96067521162331">
        <ele>2098.4</ele>
        <time>2026-08-02T17:52:35.000Z</time>
      </trkpt>
      <trkpt lat="48.88317396864295" lon="89.96077688410878">
        <ele>2099</ele>
        <time>2026-08-02T17:52:51.000Z</time>
      </trkpt>
      <trkpt lat="48.882668036967516" lon="89.96086925268173">
        <ele>2099.8</ele>
        <time>2026-08-02T17:53:07.000Z</time>
      </trkpt>
      <trkpt lat="48.8822060264647" lon="89.96095793321729">
        <ele>2101.2</ele>
        <time>2026-08-02T17:53:23.000Z</time>
      </trkpt>
      <trkpt lat="48.8817881885916" lon="89.96103571727872">
        <ele>2102.4</ele>
        <time>2026-08-02T17:53:40.000Z</time>
      </trkpt>
      <trkpt lat="48.88134319335222" lon="89.9611176084727">
        <ele>2103.6</ele>
        <time>2026-08-02T17:53:56.000Z</time>
      </trkpt>
      <trkpt lat="48.88089828193188" lon="89.96120142750442">
        <ele>2105</ele>
        <time>2026-08-02T17:54:12.000Z</time>
      </trkpt>
      <trkpt lat="48.88046401552856" lon="89.9612626992166">
        <ele>2106.4</ele>
        <time>2026-08-02T17:54:28.000Z</time>
      </trkpt>
      <trkpt lat="48.88004869222641" lon="89.96134299784899">
        <ele>2107.8</ele>
        <time>2026-08-02T17:54:44.000Z</time>
      </trkpt>
      <trkpt lat="48.879615096375346" lon="89.96144182048738">
        <ele>2109</ele>
        <time>2026-08-02T17:55:00.000Z</time>
      </trkpt>
      <trkpt lat="48.87912676669657" lon="89.96157542802393">
        <ele>2109.8</ele>
        <time>2026-08-02T17:55:16.000Z</time>
      </trkpt>
      <trkpt lat="48.87858923524618" lon="89.96173610910773">
        <ele>2110.4</ele>
        <time>2026-08-02T17:55:32.000Z</time>
      </trkpt>
      <trkpt lat="48.878055810928345" lon="89.96190559118986">
        <ele>2110.6</ele>
        <time>2026-08-02T17:55:48.000Z</time>
      </trkpt>
      <trkpt lat="48.87755080126226" lon="89.9620832875371">
        <ele>2110.6</ele>
        <time>2026-08-02T17:56:05.000Z</time>
      </trkpt>
      <trkpt lat="48.87699902057648" lon="89.9622801784426">
        <ele>2111.4</ele>
        <time>2026-08-02T17:56:21.000Z</time>
      </trkpt>
      <trkpt lat="48.876588474959135" lon="89.9624334834516">
        <ele>2112.8</ele>
        <time>2026-08-02T17:56:37.000Z</time>
      </trkpt>
      <trkpt lat="48.87620449997485" lon="89.96256968937814">
        <ele>2114</ele>
        <time>2026-08-02T17:56:53.000Z</time>
      </trkpt>
      <trkpt lat="48.87583427131176" lon="89.96270212344825">
        <ele>2115.2</ele>
        <time>2026-08-02T17:57:09.000Z</time>
      </trkpt>
      <trkpt lat="48.87547175399959" lon="89.96282919310033">
        <ele>2116.4</ele>
        <time>2026-08-02T17:57:25.000Z</time>
      </trkpt>
      <trkpt lat="48.875107979401946" lon="89.96298098936677">
        <ele>2117.6</ele>
        <time>2026-08-02T17:57:41.000Z</time>
      </trkpt>
      <trkpt lat="48.874774212017655" lon="89.96310177259147">
        <ele>2118.6</ele>
        <time>2026-08-02T17:57:57.000Z</time>
      </trkpt>
      <trkpt lat="48.87450322508812" lon="89.96319657191634">
        <ele>2119.6</ele>
        <time>2026-08-02T17:58:13.000Z</time>
      </trkpt>
      <trkpt lat="48.87423609383404" lon="89.96329095214605">
        <ele>2120.2</ele>
        <time>2026-08-02T17:58:27.000Z</time>
      </trkpt>
      <trkpt lat="48.87388916686177" lon="89.96339782141149">
        <ele>2121.2</ele>
        <time>2026-08-02T17:58:43.000Z</time>
      </trkpt>
      <trkpt lat="48.87352455407381" lon="89.96348499320447">
        <ele>2122.2</ele>
        <time>2026-08-02T17:58:59.000Z</time>
      </trkpt>
      <trkpt lat="48.87317310087383" lon="89.9635426606983">
        <ele>2122.8</ele>
        <time>2026-08-02T17:59:15.000Z</time>
      </trkpt>
      <trkpt lat="48.87283807620406" lon="89.96358959935606">
        <ele>2123.4</ele>
        <time>2026-08-02T17:59:31.000Z</time>
      </trkpt>
      <trkpt lat="48.872547978535295" lon="89.96361767873168">
        <ele>2124.2</ele>
        <time>2026-08-02T17:59:47.000Z</time>
      </trkpt>
      <trkpt lat="48.872232399880886" lon="89.9636439140886">
        <ele>2124.8</ele>
        <time>2026-08-02T18:00:03.000Z</time>
      </trkpt>
      <trkpt lat="48.871928388252854" lon="89.96365522965789">
        <ele>2125</ele>
        <time>2026-08-02T18:01:16.000Z</time>
      </trkpt>
      <trkpt lat="48.871711464598775" lon="89.96366336010396">
        <ele>2126</ele>
        <time>2026-08-02T18:01:31.000Z</time>
      </trkpt>
      <trkpt lat="48.871363531798124" lon="89.96368993073702">
        <ele>2125.6</ele>
        <time>2026-08-02T18:02:01.000Z</time>
      </trkpt>
      <trkpt lat="48.871090868487954" lon="89.96370887383819">
        <ele>2125.8</ele>
        <time>2026-08-02T18:02:17.000Z</time>
      </trkpt>
      <trkpt lat="48.870784090831876" lon="89.96373980306089">
        <ele>2126.6</ele>
        <time>2026-08-02T18:02:33.000Z</time>
      </trkpt>
      <trkpt lat="48.870492316782475" lon="89.963753297925">
        <ele>2126.8</ele>
        <time>2026-08-02T18:02:49.000Z</time>
      </trkpt>
      <trkpt lat="48.87022811919451" lon="89.96376855298877">
        <ele>2127.8</ele>
        <time>2026-08-02T18:03:05.000Z</time>
      </trkpt>
      <trkpt lat="48.86994958855212" lon="89.96378866955638">
        <ele>2128.4</ele>
        <time>2026-08-02T18:03:22.000Z</time>
      </trkpt>
      <trkpt lat="48.86968388222158" lon="89.96381088159978">
        <ele>2129</ele>
        <time>2026-08-02T18:03:38.000Z</time>
      </trkpt>
      <trkpt lat="48.86944415979087" lon="89.96383703313768">
        <ele>2129</ele>
        <time>2026-08-02T18:04:32.000Z</time>
      </trkpt>
      <trkpt lat="48.86916412040591" lon="89.96385371312499">
        <ele>2129</ele>
        <time>2026-08-02T18:04:48.000Z</time>
      </trkpt>
      <trkpt lat="48.868907717987895" lon="89.96386980637908">
        <ele>2130.4</ele>
        <time>2026-08-02T18:05:04.000Z</time>
      </trkpt>
      <trkpt lat="48.868636479601264" lon="89.96388615109026">
        <ele>2130.4</ele>
        <time>2026-08-02T18:05:20.000Z</time>
      </trkpt>
      <trkpt lat="48.86837085708976" lon="89.9639050103724">
        <ele>2131.2</ele>
        <time>2026-08-02T18:05:37.000Z</time>
      </trkpt>
      <trkpt lat="48.86810037307441" lon="89.96392303146422">
        <ele>2132.2</ele>
        <time>2026-08-02T18:05:53.000Z</time>
      </trkpt>
      <trkpt lat="48.86781589128077" lon="89.96393996290863">
        <ele>2132.6</ele>
        <time>2026-08-02T18:06:09.000Z</time>
      </trkpt>
      <trkpt lat="48.86751380749047" lon="89.96394616551697">
        <ele>2132.8</ele>
        <time>2026-08-02T18:06:25.000Z</time>
      </trkpt>
      <trkpt lat="48.86720300652087" lon="89.96394800953567">
        <ele>2133.6</ele>
        <time>2026-08-02T18:06:41.000Z</time>
      </trkpt>
      <trkpt lat="48.866925900802016" lon="89.96394381858408">
        <ele>2134.4</ele>
        <time>2026-08-02T18:06:57.000Z</time>
      </trkpt>
      <trkpt lat="48.866651728749275" lon="89.96394239366055">
        <ele>2135.4</ele>
        <time>2026-08-02T18:07:13.000Z</time>
      </trkpt>
      <trkpt lat="48.86648668907583" lon="89.96392026543617">
        <ele>2135.8</ele>
        <time>2026-08-02T18:07:25.000Z</time>
      </trkpt>
      <trkpt lat="48.86616272851825" lon="89.96393082663417">
        <ele>2136.4</ele>
        <time>2026-08-02T18:09:16.000Z</time>
      </trkpt>
      <trkpt lat="48.86585209518671" lon="89.96390878222883">
        <ele>2137.2</ele>
        <time>2026-08-02T18:09:32.000Z</time>
      </trkpt>
      <trkpt lat="48.86558370664716" lon="89.96387693099678">
        <ele>2137.8</ele>
        <time>2026-08-02T18:09:48.000Z</time>
      </trkpt>
      <trkpt lat="48.865245915949345" lon="89.96385413222015">
        <ele>2138</ele>
        <time>2026-08-02T18:10:04.000Z</time>
      </trkpt>
      <trkpt lat="48.86486981995404" lon="89.96380811557174">
        <ele>2138.8</ele>
        <time>2026-08-02T18:10:21.000Z</time>
      </trkpt>
      <trkpt lat="48.86450202204287" lon="89.96375799179077">
        <ele>2139.2</ele>
        <time>2026-08-02T18:10:37.000Z</time>
      </trkpt>
      <trkpt lat="48.864156771451235" lon="89.9637046828866">
        <ele>2139.4</ele>
        <time>2026-08-02T18:10:53.000Z</time>
      </trkpt>
      <trkpt lat="48.86383113451302" lon="89.96365095488727">
        <ele>2139.6</ele>
        <time>2026-08-02T18:11:09.000Z</time>
      </trkpt>
      <trkpt lat="48.86352125555277" lon="89.96360066346824">
        <ele>2140.2</ele>
        <time>2026-08-02T18:11:25.000Z</time>
      </trkpt>
      <trkpt lat="48.86319243349135" lon="89.96354727074504">
        <ele>2140.4</ele>
        <time>2026-08-02T18:11:41.000Z</time>
      </trkpt>
      <trkpt lat="48.86283569969237" lon="89.9634855799377">
        <ele>2140.6</ele>
        <time>2026-08-02T18:11:57.000Z</time>
      </trkpt>
      <trkpt lat="48.86245809495449" lon="89.9634197819978">
        <ele>2141</ele>
        <time>2026-08-02T18:12:13.000Z</time>
      </trkpt>
      <trkpt lat="48.862132877111435" lon="89.96336370706558">
        <ele>2141.8</ele>
        <time>2026-08-02T18:12:29.000Z</time>
      </trkpt>
      <trkpt lat="48.861813778057694" lon="89.96330645866692">
        <ele>2142.8</ele>
        <time>2026-08-02T18:12:46.000Z</time>
      </trkpt>
      <trkpt lat="48.86161386966705" lon="89.96327661909163">
        <ele>2143.2</ele>
        <time>2026-08-02T18:13:26.000Z</time>
      </trkpt>
      <trkpt lat="48.861321257427335" lon="89.96322766877711">
        <ele>2143.4</ele>
        <time>2026-08-02T18:13:42.000Z</time>
      </trkpt>
      <trkpt lat="48.861029064282775" lon="89.9631742760539">
        <ele>2144</ele>
        <time>2026-08-02T18:13:58.000Z</time>
      </trkpt>
      <trkpt lat="48.860759334638715" lon="89.96313211508095">
        <ele>2144.4</ele>
        <time>2026-08-02T18:14:14.000Z</time>
      </trkpt>
      <trkpt lat="48.86048239655793" lon="89.96308249421418">
        <ele>2145.6</ele>
        <time>2026-08-02T18:14:30.000Z</time>
      </trkpt>
      <trkpt lat="48.86022632941604" lon="89.96304603293538">
        <ele>2146.2</ele>
        <time>2026-08-02T18:14:46.000Z</time>
      </trkpt>
      <trkpt lat="48.85996012017131" lon="89.9629982560873">
        <ele>2146.8</ele>
        <time>2026-08-02T18:15:02.000Z</time>
      </trkpt>
      <trkpt lat="48.85971201583743" lon="89.96295366436243">
        <ele>2147.4</ele>
        <time>2026-08-02T18:15:19.000Z</time>
      </trkpt>
      <trkpt lat="48.85943440720439" lon="89.9629052169621">
        <ele>2148.4</ele>
        <time>2026-08-02T18:15:35.000Z</time>
      </trkpt>
      <trkpt lat="48.85916920378804" lon="89.9628671631217">
        <ele>2149</ele>
        <time>2026-08-02T18:15:51.000Z</time>
      </trkpt>
      <trkpt lat="48.85889218188822" lon="89.96281938627362">
        <ele>2149.6</ele>
        <time>2026-08-02T18:16:07.000Z</time>
      </trkpt>
      <trkpt lat="48.858598228544" lon="89.96277077123523">
        <ele>2150.4</ele>
        <time>2026-08-02T18:16:23.000Z</time>
      </trkpt>
      <trkpt lat="48.85832246392965" lon="89.96272567659616">
        <ele>2151.2</ele>
        <time>2026-08-02T18:16:39.000Z</time>
      </trkpt>
      <trkpt lat="48.85803412646055" lon="89.9626768939197">
        <ele>2152</ele>
        <time>2026-08-02T18:16:55.000Z</time>
      </trkpt>
      <trkpt lat="48.85773899964988" lon="89.96261981315911">
        <ele>2152.4</ele>
        <time>2026-08-02T18:17:11.000Z</time>
      </trkpt>
      <trkpt lat="48.857438592240214" lon="89.96256952174008">
        <ele>2153</ele>
        <time>2026-08-02T18:17:28.000Z</time>
      </trkpt>
      <trkpt lat="48.85713156312704" lon="89.96251621283591">
        <ele>2153.6</ele>
        <time>2026-08-02T18:17:44.000Z</time>
      </trkpt>
      <trkpt lat="48.85681992396712" lon="89.96246541850269">
        <ele>2154.4</ele>
        <time>2026-08-02T18:18:00.000Z</time>
      </trkpt>
      <trkpt lat="48.856490682810545" lon="89.96240691281855">
        <ele>2155</ele>
        <time>2026-08-02T18:18:16.000Z</time>
      </trkpt>
      <trkpt lat="48.85613998398185" lon="89.96233365498483">
        <ele>2155</ele>
        <time>2026-08-02T18:18:32.000Z</time>
      </trkpt>
      <trkpt lat="48.85568610392511" lon="89.96224078349769">
        <ele>2154.8</ele>
        <time>2026-08-02T18:18:48.000Z</time>
      </trkpt>
      <trkpt lat="48.855289388448" lon="89.96215310879052">
        <ele>2154.6</ele>
        <time>2026-08-02T18:19:04.000Z</time>
      </trkpt>
      <trkpt lat="48.85487213730812" lon="89.96205629780889">
        <ele>2155.2</ele>
        <time>2026-08-02T18:19:20.000Z</time>
      </trkpt>
      <trkpt lat="48.85467189364135" lon="89.9620000552386">
        <ele>2155.4</ele>
        <time>2026-08-02T18:19:33.000Z</time>
      </trkpt>
      <trkpt lat="48.85427098721266" lon="89.96192185208201">
        <ele>2154.6</ele>
        <time>2026-08-02T18:20:48.000Z</time>
      </trkpt>
      <trkpt lat="48.85389832779765" lon="89.96183719485998">
        <ele>2155</ele>
        <time>2026-08-02T18:21:04.000Z</time>
      </trkpt>
      <trkpt lat="48.85351871140301" lon="89.9617497716099">
        <ele>2154.2</ele>
        <time>2026-08-02T18:21:20.000Z</time>
      </trkpt>
      <trkpt lat="48.85310439392924" lon="89.96165287680924">
        <ele>2154.8</ele>
        <time>2026-08-02T18:21:36.000Z</time>
      </trkpt>
      <trkpt lat="48.85274397209287" lon="89.96157735586166">
        <ele>2154.8</ele>
        <time>2026-08-02T18:21:52.000Z</time>
      </trkpt>
      <trkpt lat="48.85233996436" lon="89.96148565784097">
        <ele>2154.2</ele>
        <time>2026-08-02T18:22:08.000Z</time>
      </trkpt>
      <trkpt lat="48.85188507847488" lon="89.96138080023229">
        <ele>2154.2</ele>
        <time>2026-08-02T18:22:25.000Z</time>
      </trkpt>
      <trkpt lat="48.8513676635921" lon="89.96126253157854">
        <ele>2154.6</ele>
        <time>2026-08-02T18:22:41.000Z</time>
      </trkpt>
      <trkpt lat="48.850800124928355" lon="89.96113210916519">
        <ele>2154.6</ele>
        <time>2026-08-02T18:22:57.000Z</time>
      </trkpt>
      <trkpt lat="48.85021171532571" lon="89.96100001037121">
        <ele>2153.8</ele>
        <time>2026-08-02T18:23:13.000Z</time>
      </trkpt>
      <trkpt lat="48.849652810022235" lon="89.96087570674717">
        <ele>2153.4</ele>
        <time>2026-08-02T18:23:29.000Z</time>
      </trkpt>
      <trkpt lat="48.84912198409438" lon="89.96075727045536">
        <ele>2153</ele>
        <time>2026-08-02T18:23:45.000Z</time>
      </trkpt>
      <trkpt lat="48.84849895723164" lon="89.96061536483467">
        <ele>2152.6</ele>
        <time>2026-08-02T18:24:01.000Z</time>
      </trkpt>
      <trkpt lat="48.847922617569566" lon="89.9604809191078">
        <ele>2152.4</ele>
        <time>2026-08-02T18:24:17.000Z</time>
      </trkpt>
      <trkpt lat="48.847311325371265" lon="89.96033951640129">
        <ele>2151.6</ele>
        <time>2026-08-02T18:24:33.000Z</time>
      </trkpt>
      <trkpt lat="48.846527114510536" lon="89.96015251614153">
        <ele>2149.4</ele>
        <time>2026-08-02T18:24:50.000Z</time>
      </trkpt>
      <trkpt lat="48.845513574779034" lon="89.95990038849413">
        <ele>2145.6</ele>
        <time>2026-08-02T18:25:06.000Z</time>
      </trkpt>
      <trkpt lat="48.84429149329662" lon="89.95960199274123">
        <ele>2140.8</ele>
        <time>2026-08-02T18:25:22.000Z</time>
      </trkpt>
      <trkpt lat="48.842869671061635" lon="89.95925590395927">
        <ele>2134.4</ele>
        <time>2026-08-02T18:25:38.000Z</time>
      </trkpt>
      <trkpt lat="48.84151071310043" lon="89.95891945436597">
        <ele>2131.2</ele>
        <time>2026-08-02T18:25:54.000Z</time>
      </trkpt>
      <trkpt lat="48.84056070819497" lon="89.95869255624712">
        <ele>2132.6</ele>
        <time>2026-08-02T18:26:10.000Z</time>
      </trkpt>
      <trkpt lat="48.83975621312857" lon="89.95849222876132">
        <ele>2133.2</ele>
        <time>2026-08-02T18:26:26.000Z</time>
      </trkpt>
      <trkpt lat="48.83907702751458" lon="89.95832718908787">
        <ele>2133.2</ele>
        <time>2026-08-02T18:26:42.000Z</time>
      </trkpt>
      <trkpt lat="48.83848115801811" lon="89.95818570256233">
        <ele>2133.2</ele>
        <time>2026-08-02T18:26:59.000Z</time>
      </trkpt>
      <trkpt lat="48.838015208020806" lon="89.95807187631726">
        <ele>2134</ele>
        <time>2026-08-02T18:27:15.000Z</time>
      </trkpt>
      <trkpt lat="48.83764833211899" lon="89.957978669554">
        <ele>2134.4</ele>
        <time>2026-08-02T18:27:31.000Z</time>
      </trkpt>
      <trkpt lat="48.837318336591125" lon="89.957894096151">
        <ele>2135.6</ele>
        <time>2026-08-02T18:27:47.000Z</time>
      </trkpt>
      <trkpt lat="48.83699026890099" lon="89.95781346224248">
        <ele>2135.8</ele>
        <time>2026-08-02T18:28:03.000Z</time>
      </trkpt>
      <trkpt lat="48.83671073243022" lon="89.95771531015635">
        <ele>2136.4</ele>
        <time>2026-08-02T18:28:19.000Z</time>
      </trkpt>
      <trkpt lat="48.83641552180052" lon="89.95765320025384">
        <ele>2137.2</ele>
        <time>2026-08-02T18:28:35.000Z</time>
      </trkpt>
      <trkpt lat="48.83612525649369" lon="89.95758857578039">
        <ele>2137.8</ele>
        <time>2026-08-02T18:28:51.000Z</time>
      </trkpt>
      <trkpt lat="48.835869524627924" lon="89.9575206823647">
        <ele>2138.4</ele>
        <time>2026-08-02T18:29:07.000Z</time>
      </trkpt>
      <trkpt lat="48.83557339198887" lon="89.9574503581971">
        <ele>2139.2</ele>
        <time>2026-08-02T18:29:24.000Z</time>
      </trkpt>
      <trkpt lat="48.83536057546735" lon="89.95740082114935">
        <ele>2140</ele>
        <time>2026-08-02T18:29:38.000Z</time>
      </trkpt>
      <trkpt lat="48.83503711782396" lon="89.95731255970895">
        <ele>2140</ele>
        <time>2026-08-02T18:31:02.000Z</time>
      </trkpt>
      <trkpt lat="48.834732016548514" lon="89.95723309926689">
        <ele>2140.6</ele>
        <time>2026-08-02T18:31:18.000Z</time>
      </trkpt>
      <trkpt lat="48.83443127386272" lon="89.9571633618325">
        <ele>2141.2</ele>
        <time>2026-08-02T18:31:34.000Z</time>
      </trkpt>
      <trkpt lat="48.83412885479629" lon="89.95711885392666">
        <ele>2142.2</ele>
        <time>2026-08-02T18:31:51.000Z</time>
      </trkpt>
      <trkpt lat="48.833800703287125" lon="89.95703671127558">
        <ele>2142.4</ele>
        <time>2026-08-02T18:32:07.000Z</time>
      </trkpt>
      <trkpt lat="48.83343550376594" lon="89.95694568380713">
        <ele>2142.8</ele>
        <time>2026-08-02T18:32:23.000Z</time>
      </trkpt>
      <trkpt lat="48.83306812494993" lon="89.95685348287225">
        <ele>2143</ele>
        <time>2026-08-02T18:32:39.000Z</time>
      </trkpt>
      <trkpt lat="48.83269135840237" lon="89.95676069520414">
        <ele>2143</ele>
        <time>2026-08-02T18:32:55.000Z</time>
      </trkpt>
      <trkpt lat="48.83237611502409" lon="89.95668081566691">
        <ele>2143.8</ele>
        <time>2026-08-02T18:33:11.000Z</time>
      </trkpt>
      <trkpt lat="48.83197529241443" lon="89.95657889172435">
        <ele>2143.6</ele>
        <time>2026-08-02T18:33:27.000Z</time>
      </trkpt>
      <trkpt lat="48.83160858415067" lon="89.95648669078946">
        <ele>2143.6</ele>
        <time>2026-08-02T18:33:43.000Z</time>
      </trkpt>
      <trkpt lat="48.831281857565045" lon="89.95640655979514">
        <ele>2144</ele>
        <time>2026-08-02T18:33:59.000Z</time>
      </trkpt>
      <trkpt lat="48.83095412515104" lon="89.95632517151535">
        <ele>2144.4</ele>
        <time>2026-08-02T18:34:16.000Z</time>
      </trkpt>
      <trkpt lat="48.830602671951056" lon="89.95622869580984">
        <ele>2144.8</ele>
        <time>2026-08-02T18:34:32.000Z</time>
      </trkpt>
      <trkpt lat="48.830305030569434" lon="89.9561355728656">
        <ele>2145.2</ele>
        <time>2026-08-02T18:34:48.000Z</time>
      </trkpt>
      <trkpt lat="48.82997746579349" lon="89.9560750555247">
        <ele>2146</ele>
        <time>2026-08-02T18:35:04.000Z</time>
      </trkpt>
      <trkpt lat="48.82959181442857" lon="89.95597782544792">
        <ele>2147</ele>
        <time>2026-08-02T18:35:20.000Z</time>
      </trkpt>
      <trkpt lat="48.82919895462692" lon="89.9558818526566">
        <ele>2147.6</ele>
        <time>2026-08-02T18:35:36.000Z</time>
      </trkpt>
      <trkpt lat="48.828783463686705" lon="89.95577330701053">
        <ele>2148.2</ele>
        <time>2026-08-02T18:35:52.000Z</time>
      </trkpt>
      <trkpt lat="48.82836311124265" lon="89.95566677302122">
        <ele>2148.4</ele>
        <time>2026-08-02T18:36:08.000Z</time>
      </trkpt>
      <trkpt lat="48.8279168587178" lon="89.95555722154677">
        <ele>2148.6</ele>
        <time>2026-08-02T18:36:24.000Z</time>
      </trkpt>
      <trkpt lat="48.82743380963802" lon="89.95543777942657">
        <ele>2148.4</ele>
        <time>2026-08-02T18:36:41.000Z</time>
      </trkpt>
      <trkpt lat="48.826883202418685" lon="89.95529847219586">
        <ele>2148.4</ele>
        <time>2026-08-02T18:36:57.000Z</time>
      </trkpt>
      <trkpt lat="48.826320273801684" lon="89.95515522547066">
        <ele>2148</ele>
        <time>2026-08-02T18:37:13.000Z</time>
      </trkpt>
      <trkpt lat="48.82574485614896" lon="89.95501080527902">
        <ele>2148.2</ele>
        <time>2026-08-02T18:37:29.000Z</time>
      </trkpt>
      <trkpt lat="48.82515669800341" lon="89.95485423132777">
        <ele>2147.4</ele>
        <time>2026-08-02T18:37:45.000Z</time>
      </trkpt>
      <trkpt lat="48.82448245771229" lon="89.95467863045633">
        <ele>2145.8</ele>
        <time>2026-08-02T18:38:01.000Z</time>
      </trkpt>
      <trkpt lat="48.82369665428996" lon="89.95447780005634">
        <ele>2144.8</ele>
        <time>2026-08-02T18:38:17.000Z</time>
      </trkpt>
      <trkpt lat="48.82291688583791" lon="89.95426498353481">
        <ele>2143.2</ele>
        <time>2026-08-02T18:38:33.000Z</time>
      </trkpt>
      <trkpt lat="48.82209302857518" lon="89.9540498200804">
        <ele>2142</ele>
        <time>2026-08-02T18:38:49.000Z</time>
      </trkpt>
      <trkpt lat="48.821214102208614" lon="89.95382091030478">
        <ele>2139.8</ele>
        <time>2026-08-02T18:39:06.000Z</time>
      </trkpt>
      <trkpt lat="48.82021422497928" lon="89.95355478487909">
        <ele>2136.6</ele>
        <time>2026-08-02T18:39:22.000Z</time>
      </trkpt>
      <trkpt lat="48.819165816530585" lon="89.95327876880765">
        <ele>2133</ele>
        <time>2026-08-02T18:39:38.000Z</time>
      </trkpt>
      <trkpt lat="48.818162586539984" lon="89.95301188901067">
        <ele>2130</ele>
        <time>2026-08-02T18:39:54.000Z</time>
      </trkpt>
      <trkpt lat="48.817371083423495" lon="89.95279940776527">
        <ele>2129.2</ele>
        <time>2026-08-02T18:40:10.000Z</time>
      </trkpt>
      <trkpt lat="48.81664093583822" lon="89.95261467061937">
        <ele>2128</ele>
        <time>2026-08-02T18:40:26.000Z</time>
      </trkpt>
      <trkpt lat="48.81588882766664" lon="89.95241249911487">
        <ele>2126.4</ele>
        <time>2026-08-02T18:40:42.000Z</time>
      </trkpt>
      <trkpt lat="48.8152383081615" lon="89.95224326848984">
        <ele>2125.8</ele>
        <time>2026-08-02T18:40:58.000Z</time>
      </trkpt>
      <trkpt lat="48.81455350667238" lon="89.95206330902874">
        <ele>2124.8</ele>
        <time>2026-08-02T18:41:15.000Z</time>
      </trkpt>
      <trkpt lat="48.813841212540865" lon="89.95188200846314">
        <ele>2124</ele>
        <time>2026-08-02T18:41:31.000Z</time>
      </trkpt>
      <trkpt lat="48.8130949717015" lon="89.95168478228152">
        <ele>2122.4</ele>
        <time>2026-08-02T18:41:47.000Z</time>
      </trkpt>
      <trkpt lat="48.81236373446882" lon="89.95149241760373">
        <ele>2120.8</ele>
        <time>2026-08-02T18:42:03.000Z</time>
      </trkpt>
      <trkpt lat="48.81166476756334" lon="89.95130457915366">
        <ele>2119.8</ele>
        <time>2026-08-02T18:42:19.000Z</time>
      </trkpt>
      <trkpt lat="48.810950294137" lon="89.95111028663814">
        <ele>2118.2</ele>
        <time>2026-08-02T18:42:35.000Z</time>
      </trkpt>
      <trkpt lat="48.81028963252902" lon="89.9509259685874">
        <ele>2117.6</ele>
        <time>2026-08-02T18:42:51.000Z</time>
      </trkpt>
      <trkpt lat="48.80954020656645" lon="89.95071231387556">
        <ele>2116.2</ele>
        <time>2026-08-02T18:43:07.000Z</time>
      </trkpt>
      <trkpt lat="48.808828080073" lon="89.95050930418074">
        <ele>2114.4</ele>
        <time>2026-08-02T18:43:23.000Z</time>
      </trkpt>
      <trkpt lat="48.80797949619591" lon="89.9502644687891">
        <ele>2111.8</ele>
        <time>2026-08-02T18:43:40.000Z</time>
      </trkpt>
      <trkpt lat="48.806980876252055" lon="89.94998057372868">
        <ele>2108.8</ele>
        <time>2026-08-02T18:43:56.000Z</time>
      </trkpt>
      <trkpt lat="48.80584353581071" lon="89.9496566131711">
        <ele>2105</ele>
        <time>2026-08-02T18:44:12.000Z</time>
      </trkpt>
      <trkpt lat="48.804612904787064" lon="89.94926593266428">
        <ele>2101</ele>
        <time>2026-08-02T18:44:28.000Z</time>
      </trkpt>
      <trkpt lat="48.803448574617505" lon="89.94867643341422">
        <ele>2097.2</ele>
        <time>2026-08-02T18:44:44.000Z</time>
      </trkpt>
      <trkpt lat="48.80232095718384" lon="89.94801677763462">
        <ele>2094</ele>
        <time>2026-08-02T18:45:00.000Z</time>
      </trkpt>
      <trkpt lat="48.80116970278323" lon="89.9473499134183">
        <ele>2088.8</ele>
        <time>2026-08-02T18:45:16.000Z</time>
      </trkpt>
      <trkpt lat="48.800053065642715" lon="89.94672822766006">
        <ele>2087.4</ele>
        <time>2026-08-02T18:45:32.000Z</time>
      </trkpt>
      <trkpt lat="48.79910691641271" lon="89.94629169814289">
        <ele>2085.6</ele>
        <time>2026-08-02T18:45:48.000Z</time>
      </trkpt>
      <trkpt lat="48.79822698421776" lon="89.94591535069048">
        <ele>2084.4</ele>
        <time>2026-08-02T18:46:05.000Z</time>
      </trkpt>
      <trkpt lat="48.797590462490916" lon="89.9456156976521">
        <ele>2084.2</ele>
        <time>2026-08-02T18:46:21.000Z</time>
      </trkpt>
      <trkpt lat="48.797160470858216" lon="89.94544906541705">
        <ele>2084.6</ele>
        <time>2026-08-02T18:46:36.000Z</time>
      </trkpt>
      <trkpt lat="48.7967227678746" lon="89.9452567845583">
        <ele>2084.4</ele>
        <time>2026-08-02T18:46:52.000Z</time>
      </trkpt>
      <trkpt lat="48.796297553926706" lon="89.94507489725947">
        <ele>2084.4</ele>
        <time>2026-08-02T18:47:08.000Z</time>
      </trkpt>
      <trkpt lat="48.795859683305025" lon="89.94488253258169">
        <ele>2084</ele>
        <time>2026-08-02T18:47:24.000Z</time>
      </trkpt>
      <trkpt lat="48.79543673247099" lon="89.94469905272126">
        <ele>2084.2</ele>
        <time>2026-08-02T18:47:40.000Z</time>
      </trkpt>
      <trkpt lat="48.79497539252043" lon="89.9445154890418">
        <ele>2084.4</ele>
        <time>2026-08-02T18:47:56.000Z</time>
      </trkpt>
      <trkpt lat="48.794573564082384" lon="89.94433569721878">
        <ele>2084.2</ele>
        <time>2026-08-02T18:48:12.000Z</time>
      </trkpt>
      <trkpt lat="48.79414340481162" lon="89.94414115324616">
        <ele>2084</ele>
        <time>2026-08-02T18:48:29.000Z</time>
      </trkpt>
      <trkpt lat="48.79369002766907" lon="89.94394736364484">
        <ele>2083.4</ele>
        <time>2026-08-02T18:48:45.000Z</time>
      </trkpt>
      <trkpt lat="48.793240590021014" lon="89.94375189766288">
        <ele>2084.2</ele>
        <time>2026-08-02T18:49:01.000Z</time>
      </trkpt>
      <trkpt lat="48.792782267555594" lon="89.94355643168092">
        <ele>2084.2</ele>
        <time>2026-08-02T18:49:17.000Z</time>
      </trkpt>
      <trkpt lat="48.79232260398567" lon="89.94336515665054">
        <ele>2084.4</ele>
        <time>2026-08-02T18:49:33.000Z</time>
      </trkpt>
      <trkpt lat="48.791951201856136" lon="89.94320061989129">
        <ele>2084.2</ele>
        <time>2026-08-02T18:49:49.000Z</time>
      </trkpt>
      <trkpt lat="48.791537806391716" lon="89.94301688857377">
        <ele>2085</ele>
        <time>2026-08-02T18:50:05.000Z</time>
      </trkpt>
      <trkpt lat="48.79104972817004" lon="89.94280549697578">
        <ele>2085.8</ele>
        <time>2026-08-02T18:50:21.000Z</time>
      </trkpt>
      <trkpt lat="48.79054857417941" lon="89.94258723221719">
        <ele>2086.4</ele>
        <time>2026-08-02T18:50:37.000Z</time>
      </trkpt>
      <trkpt lat="48.79003141075373" lon="89.9423641897738">
        <ele>2086.8</ele>
        <time>2026-08-02T18:50:54.000Z</time>
      </trkpt>
      <trkpt lat="48.78954475745559" lon="89.94215967133641">
        <ele>2087.2</ele>
        <time>2026-08-02T18:51:10.000Z</time>
      </trkpt>
      <trkpt lat="48.789062798023224" lon="89.94195280596614">
        <ele>2088.4</ele>
        <time>2026-08-02T18:51:26.000Z</time>
      </trkpt>
      <trkpt lat="48.78855887800455" lon="89.94173462502658">
        <ele>2087.4</ele>
        <time>2026-08-02T18:51:42.000Z</time>
      </trkpt>
      <trkpt lat="48.78804489970207" lon="89.94151367805898">
        <ele>2086.6</ele>
        <time>2026-08-02T18:51:58.000Z</time>
      </trkpt>
      <trkpt lat="48.78750300966203" lon="89.94128108024597">
        <ele>2085.8</ele>
        <time>2026-08-02T18:52:14.000Z</time>
      </trkpt>
      <trkpt lat="48.786946116015315" lon="89.94104336947203">
        <ele>2085.2</ele>
        <time>2026-08-02T18:52:30.000Z</time>
      </trkpt>
      <trkpt lat="48.786254273727536" lon="89.94075075723231">
        <ele>2083.8</ele>
        <time>2026-08-02T18:52:46.000Z</time>
      </trkpt>
      <trkpt lat="48.78550585359335" lon="89.94043283164501">
        <ele>2082.6</ele>
        <time>2026-08-02T18:53:02.000Z</time>
      </trkpt>
      <trkpt lat="48.78475441597402" lon="89.94010660797358">
        <ele>2081.2</ele>
        <time>2026-08-02T18:53:19.000Z</time>
      </trkpt>
      <trkpt lat="48.783982526510954" lon="89.9397823959589">
        <ele>2078.8</ele>
        <time>2026-08-02T18:53:35.000Z</time>
      </trkpt>
      <trkpt lat="48.78345463424921" lon="89.93953722529113">
        <ele>2077.6</ele>
        <time>2026-08-02T18:53:51.000Z</time>
      </trkpt>
      <trkpt lat="48.78307920880616" lon="89.93938936851919">
        <ele>2076.4</ele>
        <time>2026-08-02T18:54:07.000Z</time>
      </trkpt>
      <trkpt lat="48.78266891464591" lon="89.93922223336995">
        <ele>2075</ele>
        <time>2026-08-02T18:54:23.000Z</time>
      </trkpt>
      <trkpt lat="48.78214412368834" lon="89.93899726308882">
        <ele>2073.4</ele>
        <time>2026-08-02T18:54:39.000Z</time>
      </trkpt>
      <trkpt lat="48.78170809708536" lon="89.9387931637466">
        <ele>2072</ele>
        <time>2026-08-02T18:54:55.000Z</time>
      </trkpt>
      <trkpt lat="48.78141665831208" lon="89.93876919150352">
        <ele>2071.4</ele>
        <time>2026-08-02T18:55:06.000Z</time>
      </trkpt>
      <trkpt lat="48.780932519584894" lon="89.93856425397098">
        <ele>2069.2</ele>
        <time>2026-08-02T18:55:22.000Z</time>
      </trkpt>
      <trkpt lat="48.78076219931245" lon="89.938545813784">
        <ele>2069</ele>
        <time>2026-08-02T18:55:35.000Z</time>
      </trkpt>
      <trkpt lat="48.78053789958358" lon="89.9388034734875">
        <ele>2069</ele>
        <time>2026-08-02T18:55:55.000Z</time>
      </trkpt>
      <trkpt lat="48.78028493374586" lon="89.93879249319434">
        <ele>2067.8</ele>
        <time>2026-08-02T18:56:09.000Z</time>
      </trkpt>
      <trkpt lat="48.780015958473086" lon="89.93904428556561">
        <ele>2067.8</ele>
        <time>2026-08-02T18:56:25.000Z</time>
      </trkpt>
      <trkpt lat="48.779846895486116" lon="89.9391472991556">
        <ele>2067.8</ele>
        <time>2026-08-02T18:56:36.000Z</time>
      </trkpt>
      <trkpt lat="48.77975217998028" lon="89.93933538906276">
        <ele>2068.4</ele>
        <time>2026-08-02T18:56:48.000Z</time>
      </trkpt>
      <trkpt lat="48.779886458069086" lon="89.93948576040566">
        <ele>2069.4</ele>
        <time>2026-08-02T18:57:13.000Z</time>
      </trkpt>
      <trkpt lat="48.7800033017993" lon="89.93962598964572">
        <ele>2070</ele>
        <time>2026-08-02T18:57:29.000Z</time>
      </trkpt>
      <trkpt lat="48.78008368425071" lon="89.9397874251008">
        <ele>2070.8</ele>
        <time>2026-08-02T18:57:45.000Z</time>
      </trkpt>
      <trkpt lat="48.78015425987542" lon="89.93994768708944">
        <ele>2071.6</ele>
        <time>2026-08-02T18:58:02.000Z</time>
      </trkpt>
      <trkpt lat="48.78024520352483" lon="89.94010828435421">
        <ele>2072.4</ele>
        <time>2026-08-02T18:58:18.000Z</time>
      </trkpt>
      <trkpt lat="48.78037671558559" lon="89.94029142893851">
        <ele>2073.2</ele>
        <time>2026-08-02T18:58:43.000Z</time>
      </trkpt>
      <trkpt lat="48.780488865450025" lon="89.94045521132648">
        <ele>2074</ele>
        <time>2026-08-02T18:59:53.000Z</time>
      </trkpt>
      <trkpt lat="48.780562793836" lon="89.9406185746193">
        <ele>2074.6</ele>
        <time>2026-08-02T19:00:09.000Z</time>
      </trkpt>
      <trkpt lat="48.78061308525503" lon="89.94078671559691">
        <ele>2075.4</ele>
        <time>2026-08-02T19:00:26.000Z</time>
      </trkpt>
      <trkpt lat="48.78069967031479" lon="89.94096592068672">
        <ele>2076.2</ele>
        <time>2026-08-02T19:00:46.000Z</time>
      </trkpt>
      <trkpt lat="48.780837217345834" lon="89.94123447686434">
        <ele>2077.8</ele>
        <time>2026-08-02T19:01:27.000Z</time>
      </trkpt>
      <trkpt lat="48.780945762991905" lon="89.9413210619241">
        <ele>2078.4</ele>
        <time>2026-08-02T19:01:43.000Z</time>
      </trkpt>
      <trkpt lat="48.78107266500592" lon="89.9413971696049">
        <ele>2079</ele>
        <time>2026-08-02T19:01:59.000Z</time>
      </trkpt>
      <trkpt lat="48.78120736218989" lon="89.94147017598152">
        <ele>2079.8</ele>
        <time>2026-08-02T19:02:15.000Z</time>
      </trkpt>
      <trkpt lat="48.78131163306534" lon="89.94153630919755">
        <ele>2080.6</ele>
        <time>2026-08-02T19:02:29.000Z</time>
      </trkpt>
      <trkpt lat="48.78147239796817" lon="89.94164393283427">
        <ele>2081.2</ele>
        <time>2026-08-02T19:02:57.000Z</time>
      </trkpt>
      <trkpt lat="48.781584883108735" lon="89.94175189174712">
        <ele>2082</ele>
        <time>2026-08-02T19:03:13.000Z</time>
      </trkpt>
      <trkpt lat="48.78153190948069" lon="89.94167259894311">
        <ele>2080.8</ele>
        <time>2026-08-02T20:41:55.000Z</time>
      </trkpt>
      <trkpt lat="48.78147382289171" lon="89.94168383069336">
        <ele>2080.6</ele>
        <time>2026-08-02T20:42:05.000Z</time>
      </trkpt>
      <trkpt lat="48.781612208113074" lon="89.94178919121623">
        <ele>2081</ele>
        <time>2026-08-02T20:42:24.000Z</time>
      </trkpt>
      <trkpt lat="48.781388998031616" lon="89.94155558757484">
        <ele>2080</ele>
        <time>2026-08-02T20:42:57.000Z</time>
      </trkpt>
      <trkpt lat="48.781095715239644" lon="89.94138736277819">
        <ele>2078.6</ele>
        <time>2026-08-02T20:43:13.000Z</time>
      </trkpt>
      <trkpt lat="48.78076320514083" lon="89.94123112410307">
        <ele>2076.8</ele>
        <time>2026-08-02T20:43:29.000Z</time>
      </trkpt>
      <trkpt lat="48.7803746201098" lon="89.94108678773046">
        <ele>2075.4</ele>
        <time>2026-08-02T20:43:45.000Z</time>
      </trkpt>
      <trkpt lat="48.78011587075889" lon="89.9409740511328">
        <ele>2075.4</ele>
        <time>2026-08-02T20:44:01.000Z</time>
      </trkpt>
      <trkpt lat="48.77986315637827" lon="89.94090037420392">
        <ele>2076</ele>
        <time>2026-08-02T20:44:17.000Z</time>
      </trkpt>
      <trkpt lat="48.77955922856927" lon="89.94076961651444">
        <ele>2076.2</ele>
        <time>2026-08-02T20:44:33.000Z</time>
      </trkpt>
      <trkpt lat="48.77930475398898" lon="89.94072301313281">
        <ele>2076.8</ele>
        <time>2026-08-02T20:44:50.000Z</time>
      </trkpt>
      <trkpt lat="48.77904776483774" lon="89.94068688713014">
        <ele>2077.2</ele>
        <time>2026-08-02T20:45:06.000Z</time>
      </trkpt>
      <trkpt lat="48.77881935797632" lon="89.94066735729575">
        <ele>2077.4</ele>
        <time>2026-08-02T20:45:22.000Z</time>
      </trkpt>
      <trkpt lat="48.778536301106215" lon="89.94060608558357">
        <ele>2077.4</ele>
        <time>2026-08-02T20:45:38.000Z</time>
      </trkpt>
      <trkpt lat="48.77829045988619" lon="89.94053810834885">
        <ele>2077.6</ele>
        <time>2026-08-02T20:45:54.000Z</time>
      </trkpt>
      <trkpt lat="48.77801167778671" lon="89.94044582359493">
        <ele>2077.6</ele>
        <time>2026-08-02T20:46:10.000Z</time>
      </trkpt>
      <trkpt lat="48.77774395979941" lon="89.94039863348007">
        <ele>2078.2</ele>
        <time>2026-08-02T20:46:26.000Z</time>
      </trkpt>
      <trkpt lat="48.7774474080652" lon="89.9403831269592">
        <ele>2078.6</ele>
        <time>2026-08-02T20:46:42.000Z</time>
      </trkpt>
      <trkpt lat="48.77716292627156" lon="89.94038689881563">
        <ele>2079.6</ele>
        <time>2026-08-02T20:46:58.000Z</time>
      </trkpt>
      <trkpt lat="48.776884814724326" lon="89.94035982526839">
        <ele>2080</ele>
        <time>2026-08-02T20:47:15.000Z</time>
      </trkpt>
      <trkpt lat="48.77660762518644" lon="89.94037960655987">
        <ele>2079.4</ele>
        <time>2026-08-02T20:47:31.000Z</time>
      </trkpt>
      <trkpt lat="48.77634066157043" lon="89.94045982137322">
        <ele>2078.2</ele>
        <time>2026-08-02T20:47:45.000Z</time>
      </trkpt>
      <trkpt lat="48.77597378566861" lon="89.94054397568107">
        <ele>2076.6</ele>
        <time>2026-08-02T20:48:01.000Z</time>
      </trkpt>
      <trkpt lat="48.77562342211604" lon="89.94062377139926">
        <ele>2075.4</ele>
        <time>2026-08-02T20:48:17.000Z</time>
      </trkpt>
      <trkpt lat="48.77532276324928" lon="89.94069032371044">
        <ele>2075</ele>
        <time>2026-08-02T20:48:33.000Z</time>
      </trkpt>
      <trkpt lat="48.775032833218575" lon="89.94078939780593">
        <ele>2074.8</ele>
        <time>2026-08-02T20:48:49.000Z</time>
      </trkpt>
      <trkpt lat="48.7747086212039" lon="89.94092392735183">
        <ele>2074.4</ele>
        <time>2026-08-02T20:49:05.000Z</time>
      </trkpt>
      <trkpt lat="48.774426486343145" lon="89.94103465229273">
        <ele>2074.8</ele>
        <time>2026-08-02T20:49:21.000Z</time>
      </trkpt>
      <trkpt lat="48.774194391444325" lon="89.94113489985466">
        <ele>2074.6</ele>
        <time>2026-08-02T20:53:24.000Z</time>
      </trkpt>
      <trkpt lat="48.773933462798595" lon="89.94121511466801">
        <ele>2074.4</ele>
        <time>2026-08-02T20:53:40.000Z</time>
      </trkpt>
      <trkpt lat="48.773761885240674" lon="89.94130052626133">
        <ele>2075.2</ele>
        <time>2026-08-02T20:53:56.000Z</time>
      </trkpt>
      <trkpt lat="48.77390429377556" lon="89.941230956465">
        <ele>2075.4</ele>
        <time>2026-08-02T20:54:34.000Z</time>
      </trkpt>
      <trkpt lat="48.77407528460026" lon="89.94118745438755">
        <ele>2075</ele>
        <time>2026-08-02T20:54:50.000Z</time>
      </trkpt>
      <trkpt lat="48.7742321100086" lon="89.94112291373312">
        <ele>2075</ele>
        <time>2026-08-02T20:55:06.000Z</time>
      </trkpt>
      <trkpt lat="48.7743840739131" lon="89.94105032645166">
        <ele>2075.2</ele>
        <time>2026-08-02T20:55:22.000Z</time>
      </trkpt>
      <trkpt lat="48.77453469671309" lon="89.94099106639624">
        <ele>2075.2</ele>
        <time>2026-08-02T20:55:38.000Z</time>
      </trkpt>
      <trkpt lat="48.77469797618687" lon="89.94091680273414">
        <ele>2074.6</ele>
        <time>2026-08-02T20:55:54.000Z</time>
      </trkpt>
      <trkpt lat="48.77486536279321" lon="89.94085066951811">
        <ele>2074.4</ele>
        <time>2026-08-02T20:56:10.000Z</time>
      </trkpt>
      <trkpt lat="48.77502235583961" lon="89.9407853744924">
        <ele>2074.4</ele>
        <time>2026-08-02T20:56:26.000Z</time>
      </trkpt>
      <trkpt lat="48.775177923962474" lon="89.94072837755084">
        <ele>2074.8</ele>
        <time>2026-08-02T20:56:43.000Z</time>
      </trkpt>
      <trkpt lat="48.775337263941765" lon="89.94068051688373">
        <ele>2075</ele>
        <time>2026-08-02T20:56:59.000Z</time>
      </trkpt>
      <trkpt lat="48.775487300008535" lon="89.94064246304333">
        <ele>2075</ele>
        <time>2026-08-02T20:57:15.000Z</time>
      </trkpt>
      <trkpt lat="48.775631971657276" lon="89.94061086326838">
        <ele>2075</ele>
        <time>2026-08-02T20:57:31.000Z</time>
      </trkpt>
      <trkpt lat="48.775767255574465" lon="89.94057951495051">
        <ele>2075.4</ele>
        <time>2026-08-02T20:57:47.000Z</time>
      </trkpt>
      <trkpt lat="48.77589960582554" lon="89.94055101647973">
        <ele>2076</ele>
        <time>2026-08-02T20:58:03.000Z</time>
      </trkpt>
      <trkpt lat="48.77603396773338" lon="89.94052075780928">
        <ele>2076.2</ele>
        <time>2026-08-02T20:58:19.000Z</time>
      </trkpt>
      <trkpt lat="48.77617126330733" lon="89.94048236869276">
        <ele>2076.8</ele>
        <time>2026-08-02T20:58:35.000Z</time>
      </trkpt>
      <trkpt lat="48.77630495466292" lon="89.94044439867139">
        <ele>2077.2</ele>
        <time>2026-08-02T20:58:51.000Z</time>
      </trkpt>
      <trkpt lat="48.77643579617143" lon="89.94041405618191">
        <ele>2078.2</ele>
        <time>2026-08-02T20:59:08.000Z</time>
      </trkpt>
      <trkpt lat="48.77656781114638" lon="89.94038262404501">
        <ele>2079</ele>
        <time>2026-08-02T20:59:24.000Z</time>
      </trkpt>
      <trkpt lat="48.77669597044587" lon="89.9403128027916">
        <ele>2079.4</ele>
        <time>2026-08-02T20:59:40.000Z</time>
      </trkpt>
      <trkpt lat="48.77677501179278" lon="89.94027055799961">
        <ele>2079.6</ele>
        <time>2026-08-02T20:59:50.000Z</time>
      </trkpt>
    </trkseg>
  </trk>
</gpx>