<?xml version="1.0" encoding="UTF-8"?>
<gpx creator="IGPSPORT" xmlns:xsi="http://www.w3.org/2001/XMLSchema-instance" schemaLocation="http://www.topografix.com/GPX/1/1 http://www.topografix.com/GPX/1/1/gpx.xsd" version="1.1" xmlns="http://www.topografix.com/GPX/1/1">
  <metadata>
    <time>2026-08-25T08:40:02.000Z</time>
    <link href="https://www.igpsport.cn/">
      <text>Велоспорт на свежем воздухе</text>
    </link>
  </metadata>
  <trk>
    <name>Велоспорт на свежем воздухе</name>
    <trkseg>
      <trkpt lat="44.82644531875849" lon="110.29369818046689">
        <ele>945.6</ele>
        <time>2026-08-25T08:40:02.000Z</time>
      </trkpt>
      <trkpt lat="44.82634481973946" lon="110.2937251701951">
        <ele>945.8</ele>
        <time>2026-08-25T08:40:40.000Z</time>
      </trkpt>
      <trkpt lat="44.82626217417419" lon="110.29376858845353">
        <ele>946</ele>
        <time>2026-08-25T08:40:53.000Z</time>
      </trkpt>
      <trkpt lat="44.826154969632626" lon="110.2939323708415">
        <ele>947.4</ele>
        <time>2026-08-25T08:41:17.000Z</time>
      </trkpt>
      <trkpt lat="44.82605849392712" lon="110.29408282600343">
        <ele>947.6</ele>
        <time>2026-08-25T08:41:40.000Z</time>
      </trkpt>
      <trkpt lat="44.826001999899745" lon="110.29415926896036">
        <ele>947.4</ele>
        <time>2026-08-25T08:41:49.000Z</time>
      </trkpt>
      <trkpt lat="44.82594265602529" lon="110.29422582127154">
        <ele>947.8</ele>
        <time>2026-08-25T08:42:08.000Z</time>
      </trkpt>
      <trkpt lat="44.82585137709975" lon="110.29427477158606">
        <ele>948</ele>
        <time>2026-08-25T08:43:57.000Z</time>
      </trkpt>
      <trkpt lat="44.825742999091744" lon="110.29431349597871">
        <ele>948</ele>
        <time>2026-08-25T08:44:10.000Z</time>
      </trkpt>
      <trkpt lat="44.8256675619632" lon="110.29418919235468">
        <ele>947.4</ele>
        <time>2026-08-25T08:44:21.000Z</time>
      </trkpt>
      <trkpt lat="44.825658509507775" lon="110.29403471387923">
        <ele>946.8</ele>
        <time>2026-08-25T08:44:34.000Z</time>
      </trkpt>
      <trkpt lat="44.825579887256026" lon="110.29415926896036">
        <ele>947.6</ele>
        <time>2026-08-25T08:49:07.000Z</time>
      </trkpt>
      <trkpt lat="44.82551450841129" lon="110.2942706644535">
        <ele>947.8</ele>
        <time>2026-08-25T08:49:21.000Z</time>
      </trkpt>
      <trkpt lat="44.825373189523816" lon="110.29434895142913">
        <ele>949.8</ele>
        <time>2026-08-25T08:49:41.000Z</time>
      </trkpt>
      <trkpt lat="44.82528107240796" lon="110.29445297084749">
        <ele>950.2</ele>
        <time>2026-08-25T08:49:55.000Z</time>
      </trkpt>
      <trkpt lat="44.82522742822766" lon="110.29447912238538">
        <ele>950</ele>
        <time>2026-08-25T08:50:01.000Z</time>
      </trkpt>
      <trkpt lat="44.82515727169812" lon="110.29446822591126">
        <ele>950.4</ele>
        <time>2026-08-25T08:50:07.000Z</time>
      </trkpt>
      <trkpt lat="44.82504051178694" lon="110.29440712183714">
        <ele>950.6</ele>
        <time>2026-08-25T08:50:21.000Z</time>
      </trkpt>
      <trkpt lat="44.824999272823334" lon="110.29438490979373">
        <ele>951</ele>
        <time>2026-08-25T08:50:26.000Z</time>
      </trkpt>
      <trkpt lat="44.82497069053352" lon="110.2943713311106">
        <ele>951.2</ele>
        <time>2026-08-25T08:50:29.000Z</time>
      </trkpt>
      <trkpt lat="44.82495317235589" lon="110.29435532167554">
        <ele>951.4</ele>
        <time>2026-08-25T08:50:31.000Z</time>
      </trkpt>
      <trkpt lat="44.824888966977596" lon="110.29425289481878">
        <ele>952</ele>
        <time>2026-08-25T08:50:40.000Z</time>
      </trkpt>
      <trkpt lat="44.82479961588979" lon="110.29405457898974">
        <ele>953</ele>
        <time>2026-08-25T08:50:57.000Z</time>
      </trkpt>
      <trkpt lat="44.824719317257404" lon="110.29383547604084">
        <ele>953.4</ele>
        <time>2026-08-25T08:51:13.000Z</time>
      </trkpt>
      <trkpt lat="44.82463298365474" lon="110.29370279051363">
        <ele>953.4</ele>
        <time>2026-08-25T08:51:25.000Z</time>
      </trkpt>
      <trkpt lat="44.824499459937215" lon="110.29351595789194">
        <ele>953</ele>
        <time>2026-08-25T08:51:42.000Z</time>
      </trkpt>
      <trkpt lat="44.82437272556126" lon="110.29336382634938">
        <ele>953.2</ele>
        <time>2026-08-25T08:51:58.000Z</time>
      </trkpt>
      <trkpt lat="44.824251271784306" lon="110.29321747832">
        <ele>953.4</ele>
        <time>2026-08-25T08:52:14.000Z</time>
      </trkpt>
      <trkpt lat="44.824096793308854" lon="110.29309812001884">
        <ele>953.4</ele>
        <time>2026-08-25T08:52:30.000Z</time>
      </trkpt>
      <trkpt lat="44.82398129068315" lon="110.29299552552402">
        <ele>953.6</ele>
        <time>2026-08-25T08:52:46.000Z</time>
      </trkpt>
      <trkpt lat="44.82388875447214" lon="110.29303240589797">
        <ele>953.8</ele>
        <time>2026-08-25T08:53:59.000Z</time>
      </trkpt>
      <trkpt lat="44.82385137118399" lon="110.29304682277143">
        <ele>953.8</ele>
        <time>2026-08-25T08:54:01.000Z</time>
      </trkpt>
      <trkpt lat="44.82376621104777" lon="110.29312661848962">
        <ele>954.2</ele>
        <time>2026-08-25T08:54:09.000Z</time>
      </trkpt>
      <trkpt lat="44.823723966255784" lon="110.29326491989195">
        <ele>954.4</ele>
        <time>2026-08-25T08:55:01.000Z</time>
      </trkpt>
      <trkpt lat="44.823602763935924" lon="110.29352861456573">
        <ele>955.4</ele>
        <time>2026-08-25T08:55:10.000Z</time>
      </trkpt>
      <trkpt lat="44.82348717749119" lon="110.2938324585557">
        <ele>955.2</ele>
        <time>2026-08-25T08:55:20.000Z</time>
      </trkpt>
      <trkpt lat="44.82342322356999" lon="110.29400059953332">
        <ele>954.4</ele>
        <time>2026-08-25T08:55:25.000Z</time>
      </trkpt>
      <trkpt lat="44.823396569117904" lon="110.29407209716737">
        <ele>954.4</ele>
        <time>2026-08-25T08:55:27.000Z</time>
      </trkpt>
      <trkpt lat="44.82335273176432" lon="110.29418206773698">
        <ele>954.4</ele>
        <time>2026-08-25T08:55:30.000Z</time>
      </trkpt>
      <trkpt lat="44.823322389274836" lon="110.29425909742713">
        <ele>954</ele>
        <time>2026-08-25T08:55:32.000Z</time>
      </trkpt>
      <trkpt lat="44.82325902208686" lon="110.29442296363413">
        <ele>954.8</ele>
        <time>2026-08-25T08:55:37.000Z</time>
      </trkpt>
      <trkpt lat="44.82311979867518" lon="110.29479126445949">
        <ele>955.4</ele>
        <time>2026-08-25T08:55:46.000Z</time>
      </trkpt>
      <trkpt lat="44.82292181812227" lon="110.29530180618167">
        <ele>954.6</ele>
        <time>2026-08-25T08:56:02.000Z</time>
      </trkpt>
      <trkpt lat="44.822777062654495" lon="110.2956732083112">
        <ele>956</ele>
        <time>2026-08-25T08:56:13.000Z</time>
      </trkpt>
      <trkpt lat="44.822587883099914" lon="110.29617687687278">
        <ele>955.4</ele>
        <time>2026-08-25T08:56:29.000Z</time>
      </trkpt>
      <trkpt lat="44.82239660806954" lon="110.29669772833586">
        <ele>956.2</ele>
        <time>2026-08-25T08:56:45.000Z</time>
      </trkpt>
      <trkpt lat="44.822192173451185" lon="110.29720667749643">
        <ele>957</ele>
        <time>2026-08-25T08:57:01.000Z</time>
      </trkpt>
      <trkpt lat="44.821969298645854" lon="110.29778050258756">
        <ele>957</ele>
        <time>2026-08-25T08:57:17.000Z</time>
      </trkpt>
      <trkpt lat="44.821758326143026" lon="110.29833488166332">
        <ele>957</ele>
        <time>2026-08-25T08:57:33.000Z</time>
      </trkpt>
      <trkpt lat="44.82155716046691" lon="110.29884760268033">
        <ele>958.2</ele>
        <time>2026-08-25T08:57:49.000Z</time>
      </trkpt>
      <trkpt lat="44.82136370614171" lon="110.29936769977212">
        <ele>958.8</ele>
        <time>2026-08-25T08:58:06.000Z</time>
      </trkpt>
      <trkpt lat="44.8211586009711" lon="110.29988218098879">
        <ele>960.2</ele>
        <time>2026-08-25T08:58:22.000Z</time>
      </trkpt>
      <trkpt lat="44.820952070876956" lon="110.30041761696339">
        <ele>960.2</ele>
        <time>2026-08-25T08:58:38.000Z</time>
      </trkpt>
      <trkpt lat="44.820747300982475" lon="110.30095296911895">
        <ele>961</ele>
        <time>2026-08-25T08:58:54.000Z</time>
      </trkpt>
      <trkpt lat="44.82053641229868" lon="110.3015014808625">
        <ele>961</ele>
        <time>2026-08-25T08:59:10.000Z</time>
      </trkpt>
      <trkpt lat="44.82034429907799" lon="110.30201654881239">
        <ele>961.4</ele>
        <time>2026-08-25T08:59:26.000Z</time>
      </trkpt>
      <trkpt lat="44.82012930326164" lon="110.30258500948548">
        <ele>962.2</ele>
        <time>2026-08-25T08:59:42.000Z</time>
      </trkpt>
      <trkpt lat="44.81992076151073" lon="110.30311658978462">
        <ele>963</ele>
        <time>2026-08-25T08:59:58.000Z</time>
      </trkpt>
      <trkpt lat="44.81971397995949" lon="110.30365571379662">
        <ele>963.4</ele>
        <time>2026-08-25T09:00:14.000Z</time>
      </trkpt>
      <trkpt lat="44.81950527057052" lon="110.30421210452914">
        <ele>963.6</ele>
        <time>2026-08-25T09:00:31.000Z</time>
      </trkpt>
      <trkpt lat="44.81928465887904" lon="110.30479196459055">
        <ele>963.4</ele>
        <time>2026-08-25T09:00:47.000Z</time>
      </trkpt>
      <trkpt lat="44.81908701360226" lon="110.30529605224729">
        <ele>965</ele>
        <time>2026-08-25T09:01:03.000Z</time>
      </trkpt>
      <trkpt lat="44.81888107024133" lon="110.30583039857447">
        <ele>964.8</ele>
        <time>2026-08-25T09:01:19.000Z</time>
      </trkpt>
      <trkpt lat="44.81867101974785" lon="110.30636382289231">
        <ele>965.4</ele>
        <time>2026-08-25T09:01:35.000Z</time>
      </trkpt>
      <trkpt lat="44.81846272945404" lon="110.30690755695105">
        <ele>965.8</ele>
        <time>2026-08-25T09:01:51.000Z</time>
      </trkpt>
      <trkpt lat="44.81824588961899" lon="110.30748791992664">
        <ele>966.4</ele>
        <time>2026-08-25T09:02:07.000Z</time>
      </trkpt>
      <trkpt lat="44.818038856610656" lon="110.3080256190151">
        <ele>967.6</ele>
        <time>2026-08-25T09:02:23.000Z</time>
      </trkpt>
      <trkpt lat="44.81783861294389" lon="110.30855217017233">
        <ele>969</ele>
        <time>2026-08-25T09:02:39.000Z</time>
      </trkpt>
      <trkpt lat="44.81764557771385" lon="110.309066651389">
        <ele>970</ele>
        <time>2026-08-25T09:02:56.000Z</time>
      </trkpt>
      <trkpt lat="44.817454889416695" lon="110.30955431051552">
        <ele>970.6</ele>
        <time>2026-08-25T09:03:12.000Z</time>
      </trkpt>
      <trkpt lat="44.817266296595335" lon="110.31003249809146">
        <ele>971.4</ele>
        <time>2026-08-25T09:03:28.000Z</time>
      </trkpt>
      <trkpt lat="44.817087510600686" lon="110.31050247140229">
        <ele>972.4</ele>
        <time>2026-08-25T09:03:44.000Z</time>
      </trkpt>
      <trkpt lat="44.81691182591021" lon="110.31095190905035">
        <ele>973</ele>
        <time>2026-08-25T09:04:00.000Z</time>
      </trkpt>
      <trkpt lat="44.81674863025546" lon="110.31138651072979">
        <ele>973.6</ele>
        <time>2026-08-25T09:04:15.000Z</time>
      </trkpt>
      <trkpt lat="44.816555762663484" lon="110.3118744213134">
        <ele>974.6</ele>
        <time>2026-08-25T09:04:31.000Z</time>
      </trkpt>
      <trkpt lat="44.81638292782009" lon="110.31233307905495">
        <ele>975.2</ele>
        <time>2026-08-25T09:04:47.000Z</time>
      </trkpt>
      <trkpt lat="44.81621126644313" lon="110.31280095688999">
        <ele>975.4</ele>
        <time>2026-08-25T09:05:03.000Z</time>
      </trkpt>
      <trkpt lat="44.816040778532624" lon="110.31327897682786">
        <ele>976.2</ele>
        <time>2026-08-25T09:05:20.000Z</time>
      </trkpt>
      <trkpt lat="44.815878085792065" lon="110.31376395374537">
        <ele>976.6</ele>
        <time>2026-08-25T09:05:36.000Z</time>
      </trkpt>
      <trkpt lat="44.8157174885273" lon="110.31425119377673">
        <ele>977.2</ele>
        <time>2026-08-25T09:05:52.000Z</time>
      </trkpt>
      <trkpt lat="44.81556032784283" lon="110.31475427560508">
        <ele>978.2</ele>
        <time>2026-08-25T09:06:08.000Z</time>
      </trkpt>
      <trkpt lat="44.81541750021279" lon="110.31525442376733">
        <ele>979.4</ele>
        <time>2026-08-25T09:06:24.000Z</time>
      </trkpt>
      <trkpt lat="44.81526553630829" lon="110.3157810587436">
        <ele>980.2</ele>
        <time>2026-08-25T09:06:40.000Z</time>
      </trkpt>
      <trkpt lat="44.815097730606794" lon="110.31638531014323">
        <ele>981.2</ele>
        <time>2026-08-25T09:06:56.000Z</time>
      </trkpt>
      <trkpt lat="44.814951131120324" lon="110.31696341000497">
        <ele>981</ele>
        <time>2026-08-25T09:07:12.000Z</time>
      </trkpt>
      <trkpt lat="44.81480578891933" lon="110.31753421761096">
        <ele>981</ele>
        <time>2026-08-25T09:07:28.000Z</time>
      </trkpt>
      <trkpt lat="44.81466958299279" lon="110.3180880099535">
        <ele>981.2</ele>
        <time>2026-08-25T09:07:45.000Z</time>
      </trkpt>
      <trkpt lat="44.81455022469163" lon="110.31859369017184">
        <ele>981.6</ele>
        <time>2026-08-25T09:08:01.000Z</time>
      </trkpt>
      <trkpt lat="44.81441527605057" lon="110.3191361669451">
        <ele>981.6</ele>
        <time>2026-08-25T09:08:17.000Z</time>
      </trkpt>
      <trkpt lat="44.81427856720984" lon="110.3196853492409">
        <ele>981.8</ele>
        <time>2026-08-25T09:08:33.000Z</time>
      </trkpt>
      <trkpt lat="44.81414286419749" lon="110.32020217739046">
        <ele>981.8</ele>
        <time>2026-08-25T09:08:49.000Z</time>
      </trkpt>
      <trkpt lat="44.814002718776464" lon="110.32075680792332">
        <ele>982.4</ele>
        <time>2026-08-25T09:09:05.000Z</time>
      </trkpt>
      <trkpt lat="44.813867434859276" lon="110.32132065854967">
        <ele>982.6</ele>
        <time>2026-08-25T09:09:21.000Z</time>
      </trkpt>
      <trkpt lat="44.81373365968466" lon="110.32183011062443">
        <ele>983.2</ele>
        <time>2026-08-25T09:09:37.000Z</time>
      </trkpt>
      <trkpt lat="44.81361396610737" lon="110.32232942059636">
        <ele>984</ele>
        <time>2026-08-25T09:09:54.000Z</time>
      </trkpt>
      <trkpt lat="44.81348169967532" lon="110.32286770641804">
        <ele>985</ele>
        <time>2026-08-25T09:10:10.000Z</time>
      </trkpt>
      <trkpt lat="44.813370974734426" lon="110.32331286929548">
        <ele>985.8</ele>
        <time>2026-08-25T09:10:26.000Z</time>
      </trkpt>
      <trkpt lat="44.81326259672642" lon="110.32374286092818">
        <ele>986.8</ele>
        <time>2026-08-25T09:10:42.000Z</time>
      </trkpt>
      <trkpt lat="44.8131496924907" lon="110.32417796552181">
        <ele>987.4</ele>
        <time>2026-08-25T09:10:58.000Z</time>
      </trkpt>
      <trkpt lat="44.81303745880723" lon="110.32462740316987">
        <ele>987.6</ele>
        <time>2026-08-25T09:11:14.000Z</time>
      </trkpt>
      <trkpt lat="44.81293109245598" lon="110.32506292685866">
        <ele>989</ele>
        <time>2026-08-25T09:11:30.000Z</time>
      </trkpt>
      <trkpt lat="44.8128196131438" lon="110.32550297677517">
        <ele>989.2</ele>
        <time>2026-08-25T09:11:46.000Z</time>
      </trkpt>
      <trkpt lat="44.812708888202906" lon="110.32594235613942">
        <ele>989.8</ele>
        <time>2026-08-25T09:12:02.000Z</time>
      </trkpt>
      <trkpt lat="44.81259908527136" lon="110.32637972384691">
        <ele>990.2</ele>
        <time>2026-08-25T09:12:19.000Z</time>
      </trkpt>
      <trkpt lat="44.81248433701694" lon="110.3268480207771">
        <ele>990.6</ele>
        <time>2026-08-25T09:12:35.000Z</time>
      </trkpt>
      <trkpt lat="44.81237377971411" lon="110.3272867295891">
        <ele>991</ele>
        <time>2026-08-25T09:12:51.000Z</time>
      </trkpt>
      <trkpt lat="44.81226062402129" lon="110.32775075174868">
        <ele>991.2</ele>
        <time>2026-08-25T09:13:07.000Z</time>
      </trkpt>
      <trkpt lat="44.81215098872781" lon="110.32818778418005">
        <ele>992</ele>
        <time>2026-08-25T09:13:23.000Z</time>
      </trkpt>
      <trkpt lat="44.81204227544367" lon="110.32862632535398">
        <ele>992.6</ele>
        <time>2026-08-25T09:13:39.000Z</time>
      </trkpt>
      <trkpt lat="44.81192668899894" lon="110.32908204942942">
        <ele>993.6</ele>
        <time>2026-08-25T09:13:55.000Z</time>
      </trkpt>
      <trkpt lat="44.81181386858225" lon="110.32953651621938">
        <ele>993.6</ele>
        <time>2026-08-25T09:14:11.000Z</time>
      </trkpt>
      <trkpt lat="44.81171127408743" lon="110.32995737157762">
        <ele>995</ele>
        <time>2026-08-25T09:14:27.000Z</time>
      </trkpt>
      <trkpt lat="44.811605494469404" lon="110.33036892302334">
        <ele>995.2</ele>
        <time>2026-08-25T09:14:44.000Z</time>
      </trkpt>
      <trkpt lat="44.811493596062064" lon="110.33082582056522">
        <ele>995</ele>
        <time>2026-08-25T09:15:00.000Z</time>
      </trkpt>
      <trkpt lat="44.81138312257826" lon="110.33125665038824">
        <ele>996</ele>
        <time>2026-08-25T09:15:16.000Z</time>
      </trkpt>
      <trkpt lat="44.81126703321934" lon="110.33171522431076">
        <ele>995.8</ele>
        <time>2026-08-25T09:15:32.000Z</time>
      </trkpt>
      <trkpt lat="44.81114448979497" lon="110.33220305107534">
        <ele>996.6</ele>
        <time>2026-08-25T09:15:48.000Z</time>
      </trkpt>
      <trkpt lat="44.811028400436044" lon="110.33265651203692">
        <ele>996.8</ele>
        <time>2026-08-25T09:16:04.000Z</time>
      </trkpt>
      <trkpt lat="44.81091247871518" lon="110.33313369378448">
        <ele>996.6</ele>
        <time>2026-08-25T09:16:20.000Z</time>
      </trkpt>
      <trkpt lat="44.810785576701164" lon="110.33362856134772">
        <ele>996.6</ele>
        <time>2026-08-25T09:16:36.000Z</time>
      </trkpt>
      <trkpt lat="44.8106664698571" lon="110.33410205505788">
        <ele>997</ele>
        <time>2026-08-25T09:16:52.000Z</time>
      </trkpt>
      <trkpt lat="44.81056395918131" lon="110.33451972529292">
        <ele>997.4</ele>
        <time>2026-08-25T09:17:09.000Z</time>
      </trkpt>
      <trkpt lat="44.810452815145254" lon="110.33497435972095">
        <ele>998</ele>
        <time>2026-08-25T09:17:25.000Z</time>
      </trkpt>
      <trkpt lat="44.81033781543374" lon="110.33544366247952">
        <ele>998.2</ele>
        <time>2026-08-25T09:17:41.000Z</time>
      </trkpt>
      <trkpt lat="44.81021963059902" lon="110.33590156584978">
        <ele>998.8</ele>
        <time>2026-08-25T09:17:57.000Z</time>
      </trkpt>
      <trkpt lat="44.810108905658126" lon="110.33634555526078">
        <ele>999.6</ele>
        <time>2026-08-25T09:18:13.000Z</time>
      </trkpt>
      <trkpt lat="44.80999432504177" lon="110.33680806867778">
        <ele>999.6</ele>
        <time>2026-08-25T09:18:29.000Z</time>
      </trkpt>
      <trkpt lat="44.80987647548318" lon="110.33728332258761">
        <ele>1000.2</ele>
        <time>2026-08-25T09:18:45.000Z</time>
      </trkpt>
      <trkpt lat="44.809739934280515" lon="110.33783133141696">
        <ele>1000</ele>
        <time>2026-08-25T09:19:01.000Z</time>
      </trkpt>
      <trkpt lat="44.80961957015097" lon="110.3383116144687">
        <ele>999.8</ele>
        <time>2026-08-25T09:19:17.000Z</time>
      </trkpt>
      <trkpt lat="44.809492668136954" lon="110.33881410956383">
        <ele>999.8</ele>
        <time>2026-08-25T09:19:34.000Z</time>
      </trkpt>
      <trkpt lat="44.80937129817903" lon="110.33929481171072">
        <ele>1000.2</ele>
        <time>2026-08-25T09:19:50.000Z</time>
      </trkpt>
      <trkpt lat="44.809245904907584" lon="110.33979755826294">
        <ele>1000.4</ele>
        <time>2026-08-25T09:20:06.000Z</time>
      </trkpt>
      <trkpt lat="44.80911623686552" lon="110.34029569476843">
        <ele>1000.6</ele>
        <time>2026-08-25T09:20:22.000Z</time>
      </trkpt>
      <trkpt lat="44.80900291353464" lon="110.34076265059412">
        <ele>1001</ele>
        <time>2026-08-25T09:20:38.000Z</time>
      </trkpt>
      <trkpt lat="44.808865282684565" lon="110.3412969969213">
        <ele>1000.6</ele>
        <time>2026-08-25T09:20:54.000Z</time>
      </trkpt>
      <trkpt lat="44.80873175896704" lon="110.34179194830358">
        <ele>1001</ele>
        <time>2026-08-25T09:21:10.000Z</time>
      </trkpt>
      <trkpt lat="44.80858373455703" lon="110.34231380559504">
        <ele>1002.6</ele>
        <time>2026-08-25T09:21:26.000Z</time>
      </trkpt>
      <trkpt lat="44.80843948200345" lon="110.34280439838767">
        <ele>1002.6</ele>
        <time>2026-08-25T09:21:42.000Z</time>
      </trkpt>
      <trkpt lat="44.80828408151865" lon="110.34329147078097">
        <ele>1003.2</ele>
        <time>2026-08-25T09:21:59.000Z</time>
      </trkpt>
      <trkpt lat="44.80813999660313" lon="110.34374476410449">
        <ele>1002.4</ele>
        <time>2026-08-25T09:22:15.000Z</time>
      </trkpt>
      <trkpt lat="44.80797512456775" lon="110.34420602023602">
        <ele>1002.2</ele>
        <time>2026-08-25T09:22:31.000Z</time>
      </trkpt>
      <trkpt lat="44.807804971933365" lon="110.34469007514417">
        <ele>1002.2</ele>
        <time>2026-08-25T09:22:47.000Z</time>
      </trkpt>
      <trkpt lat="44.80761017650366" lon="110.34521721303463">
        <ele>1002.8</ele>
        <time>2026-08-25T09:23:03.000Z</time>
      </trkpt>
      <trkpt lat="44.80741328559816" lon="110.34570805728436">
        <ele>1002.8</ele>
        <time>2026-08-25T09:23:19.000Z</time>
      </trkpt>
      <trkpt lat="44.80720482766628" lon="110.34622211940587">
        <ele>1003</ele>
        <time>2026-08-25T09:23:35.000Z</time>
      </trkpt>
      <trkpt lat="44.80699226260185" lon="110.3467262070626">
        <ele>1003.8</ele>
        <time>2026-08-25T09:23:51.000Z</time>
      </trkpt>
      <trkpt lat="44.806796964257956" lon="110.34715075045824">
        <ele>1003.6</ele>
        <time>2026-08-25T09:24:07.000Z</time>
      </trkpt>
      <trkpt lat="44.806580459699035" lon="110.34763555973768">
        <ele>1003</ele>
        <time>2026-08-25T09:24:24.000Z</time>
      </trkpt>
      <trkpt lat="44.80636806227267" lon="110.34809455275536">
        <ele>1002.6</ele>
        <time>2026-08-25T09:24:40.000Z</time>
      </trkpt>
      <trkpt lat="44.80614569038153" lon="110.34856787882745">
        <ele>1002.6</ele>
        <time>2026-08-25T09:24:56.000Z</time>
      </trkpt>
      <trkpt lat="44.8059156909585" lon="110.34906366840005">
        <ele>1002.6</ele>
        <time>2026-08-25T09:25:12.000Z</time>
      </trkpt>
      <trkpt lat="44.805679488927126" lon="110.34957286901772">
        <ele>1002.8</ele>
        <time>2026-08-25T09:25:28.000Z</time>
      </trkpt>
      <trkpt lat="44.8054909799248" lon="110.3499795589596">
        <ele>1002.2</ele>
        <time>2026-08-25T09:25:39.000Z</time>
      </trkpt>
      <trkpt lat="44.80545342899859" lon="110.35006480291486">
        <ele>1002.2</ele>
        <time>2026-08-25T09:25:41.000Z</time>
      </trkpt>
      <trkpt lat="44.80518613010645" lon="110.35064483061433">
        <ele>1002.4</ele>
        <time>2026-08-25T09:25:55.000Z</time>
      </trkpt>
      <trkpt lat="44.805145394057035" lon="110.35073325969279">
        <ele>1002.2</ele>
        <time>2026-08-25T09:25:57.000Z</time>
      </trkpt>
      <trkpt lat="44.80490860529244" lon="110.35123986192048">
        <ele>1001.2</ele>
        <time>2026-08-25T09:26:08.000Z</time>
      </trkpt>
      <trkpt lat="44.80462873354554" lon="110.35184067673981">
        <ele>1001.4</ele>
        <time>2026-08-25T09:26:24.000Z</time>
      </trkpt>
      <trkpt lat="44.80435783043504" lon="110.35242380574346">
        <ele>1001.8</ele>
        <time>2026-08-25T09:26:41.000Z</time>
      </trkpt>
      <trkpt lat="44.804130932316184" lon="110.35292563028634">
        <ele>1002.2</ele>
        <time>2026-08-25T09:26:57.000Z</time>
      </trkpt>
      <trkpt lat="44.8038917966187" lon="110.35343441180885">
        <ele>1002.2</ele>
        <time>2026-08-25T09:27:13.000Z</time>
      </trkpt>
      <trkpt lat="44.80365383438766" lon="110.3539535868913">
        <ele>1002.4</ele>
        <time>2026-08-25T09:27:29.000Z</time>
      </trkpt>
      <trkpt lat="44.80339542031288" lon="110.35448231734335">
        <ele>1001.4</ele>
        <time>2026-08-25T09:27:45.000Z</time>
      </trkpt>
      <trkpt lat="44.80310406535864" lon="110.35505631007254">
        <ele>1000.6</ele>
        <time>2026-08-25T09:28:01.000Z</time>
      </trkpt>
      <trkpt lat="44.80278748087585" lon="110.35565687343478">
        <ele>1000.4</ele>
        <time>2026-08-25T09:28:17.000Z</time>
      </trkpt>
      <trkpt lat="44.80243527330458" lon="110.35630026832223">
        <ele>1000.8</ele>
        <time>2026-08-25T09:28:33.000Z</time>
      </trkpt>
      <trkpt lat="44.80208792723715" lon="110.35690041258931">
        <ele>1000.4</ele>
        <time>2026-08-25T09:28:49.000Z</time>
      </trkpt>
      <trkpt lat="44.801680482923985" lon="110.35758445970714">
        <ele>999.8</ele>
        <time>2026-08-25T09:29:07.000Z</time>
      </trkpt>
      <trkpt lat="44.80129818432033" lon="110.35821662284434">
        <ele>997.8</ele>
        <time>2026-08-25T09:29:23.000Z</time>
      </trkpt>
      <trkpt lat="44.80099308304489" lon="110.35872431471944">
        <ele>997</ele>
        <time>2026-08-25T09:29:35.000Z</time>
      </trkpt>
      <trkpt lat="44.800608437508345" lon="110.35935890860856">
        <ele>996.4</ele>
        <time>2026-08-25T09:29:51.000Z</time>
      </trkpt>
      <trkpt lat="44.800257068127394" lon="110.35993927158415">
        <ele>995.4</ele>
        <time>2026-08-25T09:30:07.000Z</time>
      </trkpt>
      <trkpt lat="44.79994207620621" lon="110.36046464927495">
        <ele>995.6</ele>
        <time>2026-08-25T09:30:23.000Z</time>
      </trkpt>
      <trkpt lat="44.79963378980756" lon="110.3609714191407">
        <ele>996</ele>
        <time>2026-08-25T09:30:39.000Z</time>
      </trkpt>
      <trkpt lat="44.79933489114046" lon="110.36146846599877">
        <ele>996</ele>
        <time>2026-08-25T09:30:55.000Z</time>
      </trkpt>
      <trkpt lat="44.79905728250742" lon="110.36193215288222">
        <ele>997.8</ele>
        <time>2026-08-25T09:31:11.000Z</time>
      </trkpt>
      <trkpt lat="44.79879459366202" lon="110.36234018392861">
        <ele>997.6</ele>
        <time>2026-08-25T09:31:28.000Z</time>
      </trkpt>
      <trkpt lat="44.79861061088741" lon="110.36267177201807">
        <ele>997.4</ele>
        <time>2026-08-25T09:31:44.000Z</time>
      </trkpt>
      <trkpt lat="44.798390502110124" lon="110.36302615888417">
        <ele>997.4</ele>
        <time>2026-08-25T09:32:00.000Z</time>
      </trkpt>
      <trkpt lat="44.79818321764469" lon="110.36337492987514">
        <ele>997.8</ele>
        <time>2026-08-25T09:32:16.000Z</time>
      </trkpt>
      <trkpt lat="44.79797073639929" lon="110.36372227594256">
        <ele>998.4</ele>
        <time>2026-08-25T09:32:32.000Z</time>
      </trkpt>
      <trkpt lat="44.797763200476766" lon="110.36406995728612">
        <ele>998.8</ele>
        <time>2026-08-25T09:32:48.000Z</time>
      </trkpt>
      <trkpt lat="44.79754837229848" lon="110.36441805772483">
        <ele>1000.2</ele>
        <time>2026-08-25T09:33:04.000Z</time>
      </trkpt>
      <trkpt lat="44.79731678031385" lon="110.36480588838458">
        <ele>1000.6</ele>
        <time>2026-08-25T09:33:20.000Z</time>
      </trkpt>
      <trkpt lat="44.7970774769783" lon="110.36518131382763">
        <ele>1001.8</ele>
        <time>2026-08-25T09:33:36.000Z</time>
      </trkpt>
      <trkpt lat="44.796842532232404" lon="110.36558825522661">
        <ele>1001.6</ele>
        <time>2026-08-25T09:33:53.000Z</time>
      </trkpt>
      <trkpt lat="44.7965991217643" lon="110.36599544808269">
        <ele>1003</ele>
        <time>2026-08-25T09:34:09.000Z</time>
      </trkpt>
      <trkpt lat="44.79635378345847" lon="110.36639819853008">
        <ele>1003</ele>
        <time>2026-08-25T09:34:25.000Z</time>
      </trkpt>
      <trkpt lat="44.7960879933089" lon="110.36684202030301">
        <ele>1003.4</ele>
        <time>2026-08-25T09:34:41.000Z</time>
      </trkpt>
      <trkpt lat="44.79583737440407" lon="110.36725600250065">
        <ele>1003.8</ele>
        <time>2026-08-25T09:34:57.000Z</time>
      </trkpt>
      <trkpt lat="44.79558499529958" lon="110.36767191253603">
        <ele>1004.8</ele>
        <time>2026-08-25T09:35:13.000Z</time>
      </trkpt>
      <trkpt lat="44.79531937278807" lon="110.36811732687056">
        <ele>1004.2</ele>
        <time>2026-08-25T09:35:29.000Z</time>
      </trkpt>
      <trkpt lat="44.795031202957034" lon="110.36858797073364">
        <ele>1004.6</ele>
        <time>2026-08-25T09:35:45.000Z</time>
      </trkpt>
      <trkpt lat="44.794782595708966" lon="110.3690390009433">
        <ele>1003</ele>
        <time>2026-08-25T09:36:01.000Z</time>
      </trkpt>
      <trkpt lat="44.79454396292567" lon="110.36945407278836">
        <ele>1002.2</ele>
        <time>2026-08-25T09:36:18.000Z</time>
      </trkpt>
      <trkpt lat="44.794278759509325" lon="110.36994868889451">
        <ele>1001.6</ele>
        <time>2026-08-25T09:36:34.000Z</time>
      </trkpt>
      <trkpt lat="44.7939261328429" lon="110.37058286368847">
        <ele>999.8</ele>
        <time>2026-08-25T09:36:50.000Z</time>
      </trkpt>
      <trkpt lat="44.79354668408632" lon="110.37126129493117">
        <ele>997</ele>
        <time>2026-08-25T09:37:06.000Z</time>
      </trkpt>
      <trkpt lat="44.793169079348445" lon="110.371950622648">
        <ele>994.8</ele>
        <time>2026-08-25T09:37:22.000Z</time>
      </trkpt>
      <trkpt lat="44.79290756396949" lon="110.37241221405566">
        <ele>992.8</ele>
        <time>2026-08-25T09:37:32.000Z</time>
      </trkpt>
      <trkpt lat="44.79265292175114" lon="110.372867686674">
        <ele>991.8</ele>
        <time>2026-08-25T09:37:42.000Z</time>
      </trkpt>
      <trkpt lat="44.7925447113812" lon="110.37305711768568">
        <ele>991.2</ele>
        <time>2026-08-25T09:37:46.000Z</time>
      </trkpt>
      <trkpt lat="44.79233482852578" lon="110.37343681789935">
        <ele>990.2</ele>
        <time>2026-08-25T09:37:54.000Z</time>
      </trkpt>
      <trkpt lat="44.79224388487637" lon="110.37359992973506">
        <ele>989.8</ele>
        <time>2026-08-25T09:37:57.000Z</time>
      </trkpt>
      <trkpt lat="44.7919920925051" lon="110.37405506707728">
        <ele>989.2</ele>
        <time>2026-08-25T09:38:06.000Z</time>
      </trkpt>
      <trkpt lat="44.79155489243567" lon="110.37483626045287">
        <ele>988.4</ele>
        <time>2026-08-25T09:38:22.000Z</time>
      </trkpt>
      <trkpt lat="44.791195560246706" lon="110.3754939045757">
        <ele>989</ele>
        <time>2026-08-25T09:38:39.000Z</time>
      </trkpt>
      <trkpt lat="44.79092013090849" lon="110.37599556148052">
        <ele>988</ele>
        <time>2026-08-25T09:38:55.000Z</time>
      </trkpt>
      <trkpt lat="44.79059801436961" lon="110.37656050175428">
        <ele>987.6</ele>
        <time>2026-08-25T09:39:11.000Z</time>
      </trkpt>
      <trkpt lat="44.79024840518832" lon="110.37718218751252">
        <ele>987.8</ele>
        <time>2026-08-25T09:39:27.000Z</time>
      </trkpt>
      <trkpt lat="44.78986367583275" lon="110.37786975502968">
        <ele>985.8</ele>
        <time>2026-08-25T09:39:43.000Z</time>
      </trkpt>
      <trkpt lat="44.789468217641115" lon="110.3785728290677">
        <ele>984.8</ele>
        <time>2026-08-25T09:39:59.000Z</time>
      </trkpt>
      <trkpt lat="44.7890701610595" lon="110.37928721867502">
        <ele>982.6</ele>
        <time>2026-08-25T09:40:15.000Z</time>
      </trkpt>
      <trkpt lat="44.78862172923982" lon="110.3800845053047">
        <ele>980.4</ele>
        <time>2026-08-25T09:40:31.000Z</time>
      </trkpt>
      <trkpt lat="44.788191402330995" lon="110.38086720742285">
        <ele>977.8</ele>
        <time>2026-08-25T09:40:47.000Z</time>
      </trkpt>
      <trkpt lat="44.787899712100625" lon="110.38138680160046">
        <ele>976</ele>
        <time>2026-08-25T09:40:58.000Z</time>
      </trkpt>
      <trkpt lat="44.78784020058811" lon="110.38149442523718">
        <ele>975.6</ele>
        <time>2026-08-25T09:41:00.000Z</time>
      </trkpt>
      <trkpt lat="44.787511797621846" lon="110.38208400830626">
        <ele>973.8</ele>
        <time>2026-08-25T09:41:11.000Z</time>
      </trkpt>
      <trkpt lat="44.78741909377277" lon="110.38224728778005">
        <ele>973.2</ele>
        <time>2026-08-25T09:41:14.000Z</time>
      </trkpt>
      <trkpt lat="44.78693973273039" lon="110.38310760632157">
        <ele>972.8</ele>
        <time>2026-08-25T09:41:30.000Z</time>
      </trkpt>
      <trkpt lat="44.78655659593642" lon="110.38380238227546">
        <ele>972.6</ele>
        <time>2026-08-25T09:41:46.000Z</time>
      </trkpt>
      <trkpt lat="44.786268174648285" lon="110.3843199647963">
        <ele>972.4</ele>
        <time>2026-08-25T09:42:02.000Z</time>
      </trkpt>
      <trkpt lat="44.78605527430773" lon="110.38470217958093">
        <ele>973.2</ele>
        <time>2026-08-25T09:42:18.000Z</time>
      </trkpt>
      <trkpt lat="44.78583248332143" lon="110.38507525809109">
        <ele>974.6</ele>
        <time>2026-08-25T09:42:34.000Z</time>
      </trkpt>
      <trkpt lat="44.78561170399189" lon="110.38547951728106">
        <ele>974.8</ele>
        <time>2026-08-25T09:42:50.000Z</time>
      </trkpt>
      <trkpt lat="44.785403832793236" lon="110.38585259579122">
        <ele>974.6</ele>
        <time>2026-08-25T09:43:06.000Z</time>
      </trkpt>
      <trkpt lat="44.785192273557186" lon="110.38622592575848">
        <ele>974.6</ele>
        <time>2026-08-25T09:43:23.000Z</time>
      </trkpt>
      <trkpt lat="44.78498515672982" lon="110.38658986799419">
        <ele>977.4</ele>
        <time>2026-08-25T09:43:39.000Z</time>
      </trkpt>
      <trkpt lat="44.78479463607073" lon="110.38693972863257">
        <ele>978.2</ele>
        <time>2026-08-25T09:43:55.000Z</time>
      </trkpt>
      <trkpt lat="44.784580981358886" lon="110.38731724955142">
        <ele>978.4</ele>
        <time>2026-08-25T09:44:11.000Z</time>
      </trkpt>
      <trkpt lat="44.7843886166811" lon="110.3876583930105">
        <ele>979.6</ele>
        <time>2026-08-25T09:44:27.000Z</time>
      </trkpt>
      <trkpt lat="44.78418728336692" lon="110.38801495917141">
        <ele>979.8</ele>
        <time>2026-08-25T09:44:43.000Z</time>
      </trkpt>
      <trkpt lat="44.78400028310716" lon="110.38836968131363">
        <ele>980</ele>
        <time>2026-08-25T09:44:59.000Z</time>
      </trkpt>
      <trkpt lat="44.78376550599933" lon="110.38876421749592">
        <ele>980.2</ele>
        <time>2026-08-25T09:45:15.000Z</time>
      </trkpt>
      <trkpt lat="44.78356618434191" lon="110.3891569096595">
        <ele>980</ele>
        <time>2026-08-25T09:45:31.000Z</time>
      </trkpt>
      <trkpt lat="44.7833092790097" lon="110.38962378166616">
        <ele>978.6</ele>
        <time>2026-08-25T09:45:48.000Z</time>
      </trkpt>
      <trkpt lat="44.783040722832084" lon="110.39009702391922">
        <ele>979</ele>
        <time>2026-08-25T09:46:04.000Z</time>
      </trkpt>
      <trkpt lat="44.782784320414066" lon="110.39058459922671">
        <ele>978.8</ele>
        <time>2026-08-25T09:46:20.000Z</time>
      </trkpt>
      <trkpt lat="44.782462706789374" lon="110.39117879234254">
        <ele>978.2</ele>
        <time>2026-08-25T09:46:36.000Z</time>
      </trkpt>
      <trkpt lat="44.782109996303916" lon="110.39184289053082">
        <ele>976.8</ele>
        <time>2026-08-25T09:46:52.000Z</time>
      </trkpt>
      <trkpt lat="44.781763069331646" lon="110.3924747183919">
        <ele>976.6</ele>
        <time>2026-08-25T09:47:08.000Z</time>
      </trkpt>
      <trkpt lat="44.781390158459544" lon="110.39316052570939">
        <ele>973.6</ele>
        <time>2026-08-25T09:47:24.000Z</time>
      </trkpt>
      <trkpt lat="44.78098589926958" lon="110.39390416815877">
        <ele>971.6</ele>
        <time>2026-08-25T09:47:40.000Z</time>
      </trkpt>
      <trkpt lat="44.780559008941054" lon="110.39468611590564">
        <ele>969.6</ele>
        <time>2026-08-25T09:47:57.000Z</time>
      </trkpt>
      <trkpt lat="44.780125161632895" lon="110.39547929540277">
        <ele>968.8</ele>
        <time>2026-08-25T09:48:13.000Z</time>
      </trkpt>
      <trkpt lat="44.77974135428667" lon="110.39618672803044">
        <ele>966.8</ele>
        <time>2026-08-25T09:48:29.000Z</time>
      </trkpt>
      <trkpt lat="44.7793304733932" lon="110.3969469666481">
        <ele>965.2</ele>
        <time>2026-08-25T09:48:45.000Z</time>
      </trkpt>
      <trkpt lat="44.77893836796284" lon="110.39766856469214">
        <ele>965.4</ele>
        <time>2026-08-25T09:49:01.000Z</time>
      </trkpt>
      <trkpt lat="44.77856461890042" lon="110.3983595687896">
        <ele>964.2</ele>
        <time>2026-08-25T09:49:17.000Z</time>
      </trkpt>
      <trkpt lat="44.778188690543175" lon="110.39904872886837">
        <ele>963.6</ele>
        <time>2026-08-25T09:49:33.000Z</time>
      </trkpt>
      <trkpt lat="44.777840757742524" lon="110.39967167191207">
        <ele>963</ele>
        <time>2026-08-25T09:49:49.000Z</time>
      </trkpt>
      <trkpt lat="44.77754479274154" lon="110.40026695467532">
        <ele>962.6</ele>
        <time>2026-08-25T09:50:05.000Z</time>
      </trkpt>
      <trkpt lat="44.77724933065474" lon="110.40090280584991">
        <ele>962.8</ele>
        <time>2026-08-25T09:50:22.000Z</time>
      </trkpt>
      <trkpt lat="44.77693467400968" lon="110.40164980106056">
        <ele>960.4</ele>
        <time>2026-08-25T09:50:38.000Z</time>
      </trkpt>
      <trkpt lat="44.77662932127714" lon="110.40245697833598">
        <ele>959.4</ele>
        <time>2026-08-25T09:50:54.000Z</time>
      </trkpt>
      <trkpt lat="44.77632271125913" lon="110.40334990248084">
        <ele>956.6</ele>
        <time>2026-08-25T09:51:10.000Z</time>
      </trkpt>
      <trkpt lat="44.77603755891323" lon="110.40425640530884">
        <ele>953.8</ele>
        <time>2026-08-25T09:51:26.000Z</time>
      </trkpt>
      <trkpt lat="44.77576238103211" lon="110.40513625368476">
        <ele>952</ele>
        <time>2026-08-25T09:51:42.000Z</time>
      </trkpt>
      <trkpt lat="44.775499776005745" lon="110.40597109124064">
        <ele>950.8</ele>
        <time>2026-08-25T09:51:58.000Z</time>
      </trkpt>
      <trkpt lat="44.7752604726702" lon="110.40671448223293">
        <ele>950.4</ele>
        <time>2026-08-25T09:52:14.000Z</time>
      </trkpt>
      <trkpt lat="44.77501513436437" lon="110.40746759623289">
        <ele>949.8</ele>
        <time>2026-08-25T09:52:30.000Z</time>
      </trkpt>
      <trkpt lat="44.77479351684451" lon="110.40816245600581">
        <ele>949</ele>
        <time>2026-08-25T09:52:47.000Z</time>
      </trkpt>
      <trkpt lat="44.77458078414202" lon="110.4088334273547">
        <ele>949</ele>
        <time>2026-08-25T09:53:03.000Z</time>
      </trkpt>
      <trkpt lat="44.774356903508306" lon="110.40954723022878">
        <ele>948</ele>
        <time>2026-08-25T09:53:19.000Z</time>
      </trkpt>
      <trkpt lat="44.77414266206324" lon="110.41022750549018">
        <ele>947.2</ele>
        <time>2026-08-25T09:53:35.000Z</time>
      </trkpt>
      <trkpt lat="44.773905873298645" lon="110.41091867722571">
        <ele>947.2</ele>
        <time>2026-08-25T09:53:51.000Z</time>
      </trkpt>
      <trkpt lat="44.773770002648234" lon="110.41134975850582">
        <ele>946.6</ele>
        <time>2026-08-25T09:57:20.000Z</time>
      </trkpt>
      <trkpt lat="44.773599011823535" lon="110.41193397715688">
        <ele>946.2</ele>
        <time>2026-08-25T09:57:37.000Z</time>
      </trkpt>
      <trkpt lat="44.77340782061219" lon="110.41254895739257">
        <ele>946.2</ele>
        <time>2026-08-25T09:57:53.000Z</time>
      </trkpt>
      <trkpt lat="44.77322006598115" lon="110.41313376277685">
        <ele>946.4</ele>
        <time>2026-08-25T09:58:09.000Z</time>
      </trkpt>
      <trkpt lat="44.77303868159652" lon="110.41368923150003">
        <ele>945.8</ele>
        <time>2026-08-25T09:58:25.000Z</time>
      </trkpt>
      <trkpt lat="44.77283642627299" lon="110.41433237493038">
        <ele>944.4</ele>
        <time>2026-08-25T09:58:41.000Z</time>
      </trkpt>
      <trkpt lat="44.772613467648625" lon="110.4150425735861">
        <ele>943.6</ele>
        <time>2026-08-25T09:58:57.000Z</time>
      </trkpt>
      <trkpt lat="44.772348599508405" lon="110.41588026098907">
        <ele>941.4</ele>
        <time>2026-08-25T09:59:13.000Z</time>
      </trkpt>
      <trkpt lat="44.772071577608585" lon="110.4167643841356">
        <ele>940.2</ele>
        <time>2026-08-25T09:59:29.000Z</time>
      </trkpt>
      <trkpt lat="44.771840488538146" lon="110.41749268770218">
        <ele>939.2</ele>
        <time>2026-08-25T09:59:45.000Z</time>
      </trkpt>
      <trkpt lat="44.77159573696554" lon="110.41825954802334">
        <ele>937.6</ele>
        <time>2026-08-25T10:00:02.000Z</time>
      </trkpt>
      <trkpt lat="44.77134168148041" lon="110.41905708611012">
        <ele>936.2</ele>
        <time>2026-08-25T10:00:18.000Z</time>
      </trkpt>
      <trkpt lat="44.77109173312783" lon="110.41985378600657">
        <ele>935.2</ele>
        <time>2026-08-25T10:00:34.000Z</time>
      </trkpt>
      <trkpt lat="44.77084966376424" lon="110.42061729356647">
        <ele>934.8</ele>
        <time>2026-08-25T10:00:50.000Z</time>
      </trkpt>
      <trkpt lat="44.77061237208545" lon="110.42137837037444">
        <ele>934.2</ele>
        <time>2026-08-25T10:01:06.000Z</time>
      </trkpt>
      <trkpt lat="44.7703714761883" lon="110.42214162647724">
        <ele>934</ele>
        <time>2026-08-25T10:01:22.000Z</time>
      </trkpt>
      <trkpt lat="44.77014122530818" lon="110.42287730611861">
        <ele>933.6</ele>
        <time>2026-08-25T10:01:38.000Z</time>
      </trkpt>
      <trkpt lat="44.76990099996328" lon="110.423628911376">
        <ele>932.8</ele>
        <time>2026-08-25T10:01:54.000Z</time>
      </trkpt>
      <trkpt lat="44.76963445544243" lon="110.42447967454791">
        <ele>931.6</ele>
        <time>2026-08-25T10:02:10.000Z</time>
      </trkpt>
      <trkpt lat="44.76937713101506" lon="110.42529691010714">
        <ele>930.8</ele>
        <time>2026-08-25T10:02:27.000Z</time>
      </trkpt>
      <trkpt lat="44.769106563180685" lon="110.42616150341928">
        <ele>929.8</ele>
        <time>2026-08-25T10:02:43.000Z</time>
      </trkpt>
      <trkpt lat="44.76885317824781" lon="110.4269686806947">
        <ele>928.8</ele>
        <time>2026-08-25T10:02:59.000Z</time>
      </trkpt>
      <trkpt lat="44.76860440336168" lon="110.42775113135576">
        <ele>927.2</ele>
        <time>2026-08-25T10:03:15.000Z</time>
      </trkpt>
      <trkpt lat="44.76834733039141" lon="110.42855998501182">
        <ele>926.8</ele>
        <time>2026-08-25T10:03:31.000Z</time>
      </trkpt>
      <trkpt lat="44.76810358464718" lon="110.4293311201036">
        <ele>924.8</ele>
        <time>2026-08-25T10:03:47.000Z</time>
      </trkpt>
      <trkpt lat="44.76783578284085" lon="110.43011331930757">
        <ele>924.2</ele>
        <time>2026-08-25T10:04:03.000Z</time>
      </trkpt>
      <trkpt lat="44.767522467300296" lon="110.43097782880068">
        <ele>924</ele>
        <time>2026-08-25T10:04:19.000Z</time>
      </trkpt>
      <trkpt lat="44.76723060943186" lon="110.43173379264772">
        <ele>923.2</ele>
        <time>2026-08-25T10:04:36.000Z</time>
      </trkpt>
      <trkpt lat="44.76691788062453" lon="110.43250911869109">
        <ele>922.4</ele>
        <time>2026-08-25T10:04:52.000Z</time>
      </trkpt>
      <trkpt lat="44.76661219261587" lon="110.43322660960257">
        <ele>921.8</ele>
        <time>2026-08-25T10:05:08.000Z</time>
      </trkpt>
      <trkpt lat="44.76630348712206" lon="110.43391761370003">
        <ele>920.6</ele>
        <time>2026-08-25T10:05:24.000Z</time>
      </trkpt>
      <trkpt lat="44.76598581299186" lon="110.43459881097078">
        <ele>920.2</ele>
        <time>2026-08-25T10:05:40.000Z</time>
      </trkpt>
      <trkpt lat="44.76564290933311" lon="110.43530565686524">
        <ele>919.6</ele>
        <time>2026-08-25T10:05:56.000Z</time>
      </trkpt>
      <trkpt lat="44.765265975147486" lon="110.43605449609458">
        <ele>919</ele>
        <time>2026-08-25T10:06:12.000Z</time>
      </trkpt>
      <trkpt lat="44.76490010507405" lon="110.43678875081241">
        <ele>919</ele>
        <time>2026-08-25T10:06:28.000Z</time>
      </trkpt>
      <trkpt lat="44.76451378315687" lon="110.43756240047514">
        <ele>918</ele>
        <time>2026-08-25T10:06:44.000Z</time>
      </trkpt>
      <trkpt lat="44.764138190075755" lon="110.43831635266542">
        <ele>917.4</ele>
        <time>2026-08-25T10:07:01.000Z</time>
      </trkpt>
      <trkpt lat="44.763776091858745" lon="110.4390414711088">
        <ele>915.2</ele>
        <time>2026-08-25T10:07:17.000Z</time>
      </trkpt>
      <trkpt lat="44.76340410299599" lon="110.4397732950747">
        <ele>915</ele>
        <time>2026-08-25T10:07:33.000Z</time>
      </trkpt>
      <trkpt lat="44.76307863369584" lon="110.44041618704796">
        <ele>914.2</ele>
        <time>2026-08-25T10:07:49.000Z</time>
      </trkpt>
      <trkpt lat="44.76275702007115" lon="110.4410838894546">
        <ele>913.2</ele>
        <time>2026-08-25T10:08:05.000Z</time>
      </trkpt>
      <trkpt lat="44.76240229792893" lon="110.44179584831">
        <ele>912.6</ele>
        <time>2026-08-25T10:08:21.000Z</time>
      </trkpt>
      <trkpt lat="44.76204330101609" lon="110.4425152670592">
        <ele>911.2</ele>
        <time>2026-08-25T10:08:37.000Z</time>
      </trkpt>
      <trkpt lat="44.76165622472763" lon="110.4432925209403">
        <ele>910.6</ele>
        <time>2026-08-25T10:08:53.000Z</time>
      </trkpt>
      <trkpt lat="44.76124509237707" lon="110.44411545619369">
        <ele>909.2</ele>
        <time>2026-08-25T10:09:09.000Z</time>
      </trkpt>
      <trkpt lat="44.76087536662817" lon="110.44486069120467">
        <ele>908.2</ele>
        <time>2026-08-25T10:09:26.000Z</time>
      </trkpt>
      <trkpt lat="44.76052123121917" lon="110.44557072222233">
        <ele>908.4</ele>
        <time>2026-08-25T10:09:42.000Z</time>
      </trkpt>
      <trkpt lat="44.7601605579257" lon="110.44628771021962">
        <ele>907.6</ele>
        <time>2026-08-25T10:09:58.000Z</time>
      </trkpt>
      <trkpt lat="44.759825617074966" lon="110.44696530327201">
        <ele>907</ele>
        <time>2026-08-25T10:10:14.000Z</time>
      </trkpt>
      <trkpt lat="44.75948137231171" lon="110.44765245169401">
        <ele>906</ele>
        <time>2026-08-25T10:10:30.000Z</time>
      </trkpt>
      <trkpt lat="44.75914073176682" lon="110.44833641499281">
        <ele>905</ele>
        <time>2026-08-25T10:10:46.000Z</time>
      </trkpt>
      <trkpt lat="44.75878341123462" lon="110.44905239716172">
        <ele>904.6</ele>
        <time>2026-08-25T10:11:02.000Z</time>
      </trkpt>
      <trkpt lat="44.75843036547303" lon="110.44976762495935">
        <ele>904.6</ele>
        <time>2026-08-25T10:11:18.000Z</time>
      </trkpt>
      <trkpt lat="44.75808612070978" lon="110.45045955106616">
        <ele>903.6</ele>
        <time>2026-08-25T10:11:34.000Z</time>
      </trkpt>
      <trkpt lat="44.75772033445537" lon="110.45119640417397">
        <ele>903.2</ele>
        <time>2026-08-25T10:11:51.000Z</time>
      </trkpt>
      <trkpt lat="44.75736058317125" lon="110.45192018151283">
        <ele>902.6</ele>
        <time>2026-08-25T10:12:07.000Z</time>
      </trkpt>
      <trkpt lat="44.75699219852686" lon="110.45264538377523">
        <ele>902.2</ele>
        <time>2026-08-25T10:12:23.000Z</time>
      </trkpt>
      <trkpt lat="44.75663496181369" lon="110.45336010865867">
        <ele>901.2</ele>
        <time>2026-08-25T10:12:39.000Z</time>
      </trkpt>
      <trkpt lat="44.75626012310386" lon="110.45411531813443">
        <ele>900.6</ele>
        <time>2026-08-25T10:12:55.000Z</time>
      </trkpt>
      <trkpt lat="44.75586608983576" lon="110.45490162447095">
        <ele>898.8</ele>
        <time>2026-08-25T10:13:11.000Z</time>
      </trkpt>
      <trkpt lat="44.755521677434444" lon="110.45558709651232">
        <ele>898.8</ele>
        <time>2026-08-25T10:13:27.000Z</time>
      </trkpt>
      <trkpt lat="44.7552303224802" lon="110.45618372038007">
        <ele>898</ele>
        <time>2026-08-25T10:13:43.000Z</time>
      </trkpt>
      <trkpt lat="44.75487601943314" lon="110.45689115300775">
        <ele>898.2</ele>
        <time>2026-08-25T10:13:59.000Z</time>
      </trkpt>
      <trkpt lat="44.75453303195536" lon="110.45758148655295">
        <ele>898.4</ele>
        <time>2026-08-25T10:14:16.000Z</time>
      </trkpt>
      <trkpt lat="44.75423161871731" lon="110.45819629915059">
        <ele>898.6</ele>
        <time>2026-08-25T10:14:32.000Z</time>
      </trkpt>
      <trkpt lat="44.753927271813154" lon="110.4588054958731">
        <ele>898.4</ele>
        <time>2026-08-25T10:14:48.000Z</time>
      </trkpt>
      <trkpt lat="44.753635581582785" lon="110.45937387272716">
        <ele>898.8</ele>
        <time>2026-08-25T10:15:04.000Z</time>
      </trkpt>
      <trkpt lat="44.753370797261596" lon="110.45990612357855">
        <ele>899</ele>
        <time>2026-08-25T10:15:20.000Z</time>
      </trkpt>
      <trkpt lat="44.753150856122375" lon="110.46035313047469">
        <ele>900</ele>
        <time>2026-08-25T10:15:36.000Z</time>
      </trkpt>
      <trkpt lat="44.752919264137745" lon="110.46082352288067">
        <ele>900</ele>
        <time>2026-08-25T10:15:52.000Z</time>
      </trkpt>
      <trkpt lat="44.75269177928567" lon="110.46128612011671">
        <ele>900.8</ele>
        <time>2026-08-25T10:16:07.000Z</time>
      </trkpt>
      <trkpt lat="44.75242800079286" lon="110.4618130903691">
        <ele>901.6</ele>
        <time>2026-08-25T10:16:23.000Z</time>
      </trkpt>
      <trkpt lat="44.75220562890172" lon="110.46226127073169">
        <ele>902</ele>
        <time>2026-08-25T10:16:40.000Z</time>
      </trkpt>
      <trkpt lat="44.75200488232076" lon="110.46267131343484">
        <ele>902.8</ele>
        <time>2026-08-25T10:16:56.000Z</time>
      </trkpt>
      <trkpt lat="44.75179826840758" lon="110.46309057623148">
        <ele>903.4</ele>
        <time>2026-08-25T10:17:12.000Z</time>
      </trkpt>
      <trkpt lat="44.751601880416274" lon="110.46347941271961">
        <ele>904.2</ele>
        <time>2026-08-25T10:17:28.000Z</time>
      </trkpt>
      <trkpt lat="44.75144002586603" lon="110.46379976905882">
        <ele>904.8</ele>
        <time>2026-08-25T10:17:44.000Z</time>
      </trkpt>
      <trkpt lat="44.751268196851015" lon="110.46414786949754">
        <ele>905.4</ele>
        <time>2026-08-25T10:18:00.000Z</time>
      </trkpt>
      <trkpt lat="44.75109251216054" lon="110.46450845897198">
        <ele>906</ele>
        <time>2026-08-25T10:18:16.000Z</time>
      </trkpt>
      <trkpt lat="44.750913474708796" lon="110.46486225910485">
        <ele>907</ele>
        <time>2026-08-25T10:18:32.000Z</time>
      </trkpt>
      <trkpt lat="44.75072102621198" lon="110.4652344994247">
        <ele>908</ele>
        <time>2026-08-25T10:18:48.000Z</time>
      </trkpt>
      <trkpt lat="44.75053553469479" lon="110.46558905392885">
        <ele>909</ele>
        <time>2026-08-25T10:19:05.000Z</time>
      </trkpt>
      <trkpt lat="44.75035658106208" lon="110.46593631617725">
        <ele>910.6</ele>
        <time>2026-08-25T10:19:21.000Z</time>
      </trkpt>
      <trkpt lat="44.75015742704272" lon="110.46630495227873">
        <ele>911.6</ele>
        <time>2026-08-25T10:19:37.000Z</time>
      </trkpt>
      <trkpt lat="44.74996095523238" lon="110.46667182818055">
        <ele>912.2</ele>
        <time>2026-08-25T10:19:53.000Z</time>
      </trkpt>
      <trkpt lat="44.749730033800006" lon="110.46707290224731">
        <ele>912</ele>
        <time>2026-08-25T10:23:53.000Z</time>
      </trkpt>
      <trkpt lat="44.74952392280102" lon="110.46743743121624">
        <ele>912.6</ele>
        <time>2026-08-25T10:24:09.000Z</time>
      </trkpt>
      <trkpt lat="44.749326864257455" lon="110.46777186915278">
        <ele>913.2</ele>
        <time>2026-08-25T10:24:25.000Z</time>
      </trkpt>
      <trkpt lat="44.74910725839436" lon="110.46814327128232">
        <ele>912.8</ele>
        <time>2026-08-25T10:24:41.000Z</time>
      </trkpt>
      <trkpt lat="44.748860662803054" lon="110.46855088323355">
        <ele>912.8</ele>
        <time>2026-08-25T10:24:57.000Z</time>
      </trkpt>
      <trkpt lat="44.74854567088187" lon="110.469059497118">
        <ele>913</ele>
        <time>2026-08-25T10:25:13.000Z</time>
      </trkpt>
      <trkpt lat="44.74823763594031" lon="110.46954145655036">
        <ele>912.8</ele>
        <time>2026-08-25T10:25:29.000Z</time>
      </trkpt>
      <trkpt lat="44.74790663458407" lon="110.47004696913064">
        <ele>913.6</ele>
        <time>2026-08-25T10:25:45.000Z</time>
      </trkpt>
      <trkpt lat="44.74753347225487" lon="110.47061308287084">
        <ele>914.6</ele>
        <time>2026-08-25T10:26:02.000Z</time>
      </trkpt>
      <trkpt lat="44.74720297381282" lon="110.47111809253693">
        <ele>914</ele>
        <time>2026-08-25T10:26:18.000Z</time>
      </trkpt>
      <trkpt lat="44.74687716923654" lon="110.47161430120468">
        <ele>914.2</ele>
        <time>2026-08-25T10:26:34.000Z</time>
      </trkpt>
      <trkpt lat="44.746562177315354" lon="110.47210338525474">
        <ele>914.8</ele>
        <time>2026-08-25T10:26:50.000Z</time>
      </trkpt>
      <trkpt lat="44.74624207243323" lon="110.47259355895221">
        <ele>915.2</ele>
        <time>2026-08-25T10:27:06.000Z</time>
      </trkpt>
      <trkpt lat="44.745929930359125" lon="110.47306931577623">
        <ele>916.6</ele>
        <time>2026-08-25T10:27:22.000Z</time>
      </trkpt>
      <trkpt lat="44.74561896175146" lon="110.47354700043797">
        <ele>916.4</ele>
        <time>2026-08-25T10:27:38.000Z</time>
      </trkpt>
      <trkpt lat="44.74529609084129" lon="110.4740468133241">
        <ele>917</ele>
        <time>2026-08-25T10:27:54.000Z</time>
      </trkpt>
      <trkpt lat="44.744993671774864" lon="110.47450999729335">
        <ele>917.4</ele>
        <time>2026-08-25T10:28:10.000Z</time>
      </trkpt>
      <trkpt lat="44.74468362517655" lon="110.47498290427029">
        <ele>918</ele>
        <time>2026-08-25T10:28:27.000Z</time>
      </trkpt>
      <trkpt lat="44.7443700581789" lon="110.47546436078846">
        <ele>918.4</ele>
        <time>2026-08-25T10:28:43.000Z</time>
      </trkpt>
      <trkpt lat="44.744084822013974" lon="110.47590298578143">
        <ele>919</ele>
        <time>2026-08-25T10:28:59.000Z</time>
      </trkpt>
      <trkpt lat="44.74377519451082" lon="110.47637295909226">
        <ele>918.8</ele>
        <time>2026-08-25T10:29:15.000Z</time>
      </trkpt>
      <trkpt lat="44.74345726892352" lon="110.47686640173197">
        <ele>919.2</ele>
        <time>2026-08-25T10:29:31.000Z</time>
      </trkpt>
      <trkpt lat="44.743134481832385" lon="110.47736495733261">
        <ele>919.2</ele>
        <time>2026-08-25T10:29:47.000Z</time>
      </trkpt>
      <trkpt lat="44.74282141774893" lon="110.47784255817533">
        <ele>919.2</ele>
        <time>2026-08-25T10:30:03.000Z</time>
      </trkpt>
      <trkpt lat="44.74249008111656" lon="110.47834530472755">
        <ele>919.2</ele>
        <time>2026-08-25T10:30:19.000Z</time>
      </trkpt>
      <trkpt lat="44.74216779693961" lon="110.47884536907077">
        <ele>919.6</ele>
        <time>2026-08-25T10:30:35.000Z</time>
      </trkpt>
      <trkpt lat="44.74183243699372" lon="110.47935398295522">
        <ele>919.6</ele>
        <time>2026-08-25T10:30:52.000Z</time>
      </trkpt>
      <trkpt lat="44.74150327965617" lon="110.4798589926213">
        <ele>920</ele>
        <time>2026-08-25T10:31:08.000Z</time>
      </trkpt>
      <trkpt lat="44.74117303267121" lon="110.48036676831543">
        <ele>919.6</ele>
        <time>2026-08-25T10:31:24.000Z</time>
      </trkpt>
      <trkpt lat="44.740847395733" lon="110.48086507245898">
        <ele>920.2</ele>
        <time>2026-08-25T10:31:40.000Z</time>
      </trkpt>
      <trkpt lat="44.74049518816173" lon="110.48140151426196">
        <ele>920.2</ele>
        <time>2026-08-25T10:31:56.000Z</time>
      </trkpt>
      <trkpt lat="44.74015563726425" lon="110.48192152753472">
        <ele>920.8</ele>
        <time>2026-08-25T10:32:12.000Z</time>
      </trkpt>
      <trkpt lat="44.73981365561485" lon="110.48244036734104">
        <ele>920.6</ele>
        <time>2026-08-25T10:32:28.000Z</time>
      </trkpt>
      <trkpt lat="44.73947863094509" lon="110.48295090906322">
        <ele>920.4</ele>
        <time>2026-08-25T10:32:44.000Z</time>
      </trkpt>
      <trkpt lat="44.73913815803826" lon="110.48347771167755">
        <ele>920.6</ele>
        <time>2026-08-25T10:33:00.000Z</time>
      </trkpt>
      <trkpt lat="44.738850155845284" lon="110.48392245545983">
        <ele>921.2</ele>
        <time>2026-08-25T10:33:17.000Z</time>
      </trkpt>
      <trkpt lat="44.73862116225064" lon="110.48426711931825">
        <ele>922.4</ele>
        <time>2026-08-25T10:33:33.000Z</time>
      </trkpt>
      <trkpt lat="44.738410357385874" lon="110.48460499383509">
        <ele>922.8</ele>
        <time>2026-08-25T10:33:49.000Z</time>
      </trkpt>
      <trkpt lat="44.73819896578789" lon="110.48491680063307">
        <ele>924</ele>
        <time>2026-08-25T10:34:05.000Z</time>
      </trkpt>
      <trkpt lat="44.73799008876085" lon="110.48523900099099">
        <ele>925.6</ele>
        <time>2026-08-25T10:34:21.000Z</time>
      </trkpt>
      <trkpt lat="44.737785402685404" lon="110.48554787412286">
        <ele>926.8</ele>
        <time>2026-08-25T10:34:37.000Z</time>
      </trkpt>
      <trkpt lat="44.73758423700929" lon="110.48585775308311">
        <ele>927.8</ele>
        <time>2026-08-25T10:34:53.000Z</time>
      </trkpt>
      <trkpt lat="44.737369157373905" lon="110.4861761815846">
        <ele>928.2</ele>
        <time>2026-08-25T10:35:09.000Z</time>
      </trkpt>
      <trkpt lat="44.73714946769178" lon="110.48651640303433">
        <ele>929.2</ele>
        <time>2026-08-25T10:35:25.000Z</time>
      </trkpt>
      <trkpt lat="44.73695022985339" lon="110.48682888038456">
        <ele>930</ele>
        <time>2026-08-25T10:35:42.000Z</time>
      </trkpt>
      <trkpt lat="44.73674143664539" lon="110.48714286647737">
        <ele>930.6</ele>
        <time>2026-08-25T10:35:58.000Z</time>
      </trkpt>
      <trkpt lat="44.736527698114514" lon="110.48747101798654">
        <ele>932</ele>
        <time>2026-08-25T10:36:14.000Z</time>
      </trkpt>
      <trkpt lat="44.73630138672888" lon="110.48781610094011">
        <ele>932.4</ele>
        <time>2026-08-25T10:36:30.000Z</time>
      </trkpt>
      <trkpt lat="44.736089911311865" lon="110.48814081586897">
        <ele>933.6</ele>
        <time>2026-08-25T10:36:46.000Z</time>
      </trkpt>
      <trkpt lat="44.73587600514293" lon="110.48846879974008">
        <ele>934.4</ele>
        <time>2026-08-25T10:37:02.000Z</time>
      </trkpt>
      <trkpt lat="44.735666792839766" lon="110.48878940753639">
        <ele>935.6</ele>
        <time>2026-08-25T10:37:18.000Z</time>
      </trkpt>
      <trkpt lat="44.73545799963176" lon="110.48911211080849">
        <ele>936.4</ele>
        <time>2026-08-25T10:37:34.000Z</time>
      </trkpt>
      <trkpt lat="44.735251385718584" lon="110.48942877911031">
        <ele>938</ele>
        <time>2026-08-25T10:37:50.000Z</time>
      </trkpt>
      <trkpt lat="44.73504787310958" lon="110.48976045101881">
        <ele>939</ele>
        <time>2026-08-25T10:38:07.000Z</time>
      </trkpt>
      <trkpt lat="44.73484033718705" lon="110.49010628834367">
        <ele>940</ele>
        <time>2026-08-25T10:38:23.000Z</time>
      </trkpt>
      <trkpt lat="44.73462827503681" lon="110.49045799300075">
        <ele>941</ele>
        <time>2026-08-25T10:38:39.000Z</time>
      </trkpt>
      <trkpt lat="44.734432054683566" lon="110.49079972319305">
        <ele>941.2</ele>
        <time>2026-08-25T10:38:55.000Z</time>
      </trkpt>
      <trkpt lat="44.734228206798434" lon="110.49115729518235">
        <ele>942.2</ele>
        <time>2026-08-25T10:39:11.000Z</time>
      </trkpt>
      <trkpt lat="44.734007930383086" lon="110.49156121909618">
        <ele>943</ele>
        <time>2026-08-25T10:39:27.000Z</time>
      </trkpt>
      <trkpt lat="44.733777679502964" lon="110.4919975809753">
        <ele>943.6</ele>
        <time>2026-08-25T10:39:43.000Z</time>
      </trkpt>
      <trkpt lat="44.733539717271924" lon="110.49245472997427">
        <ele>943.2</ele>
        <time>2026-08-25T10:39:59.000Z</time>
      </trkpt>
      <trkpt lat="44.73328943364322" lon="110.49296258948743">
        <ele>943.6</ele>
        <time>2026-08-25T10:40:15.000Z</time>
      </trkpt>
      <trkpt lat="44.7330470290035" lon="110.49347111955285">
        <ele>943.2</ele>
        <time>2026-08-25T10:40:32.000Z</time>
      </trkpt>
      <trkpt lat="44.732806300744414" lon="110.49396808259189">
        <ele>943.2</ele>
        <time>2026-08-25T10:40:48.000Z</time>
      </trkpt>
      <trkpt lat="44.732550317421556" lon="110.49449689686298">
        <ele>943.8</ele>
        <time>2026-08-25T10:41:04.000Z</time>
      </trkpt>
      <trkpt lat="44.73229148425162" lon="110.49502830952406">
        <ele>944.2</ele>
        <time>2026-08-25T10:41:20.000Z</time>
      </trkpt>
      <trkpt lat="44.73205553367734" lon="110.4955152142793">
        <ele>944.2</ele>
        <time>2026-08-25T10:41:36.000Z</time>
      </trkpt>
      <trkpt lat="44.73183567635715" lon="110.49597202800214">
        <ele>945.4</ele>
        <time>2026-08-25T10:41:52.000Z</time>
      </trkpt>
      <trkpt lat="44.73160886205733" lon="110.49643462523818">
        <ele>945.4</ele>
        <time>2026-08-25T10:42:08.000Z</time>
      </trkpt>
      <trkpt lat="44.7313735820353" lon="110.49690778367221">
        <ele>946</ele>
        <time>2026-08-25T10:42:24.000Z</time>
      </trkpt>
      <trkpt lat="44.73116043023765" lon="110.49735185690224">
        <ele>947</ele>
        <time>2026-08-25T10:42:41.000Z</time>
      </trkpt>
      <trkpt lat="44.7309351246804" lon="110.49781336449087">
        <ele>947.8</ele>
        <time>2026-08-25T10:42:57.000Z</time>
      </trkpt>
      <trkpt lat="44.730730690062046" lon="110.49822214990854">
        <ele>947.6</ele>
        <time>2026-08-25T10:43:13.000Z</time>
      </trkpt>
      <trkpt lat="44.73050035536289" lon="110.49865591339767">
        <ele>948.8</ele>
        <time>2026-08-25T10:43:29.000Z</time>
      </trkpt>
      <trkpt lat="44.73027069121599" lon="110.49905992113054">
        <ele>948.2</ele>
        <time>2026-08-25T10:43:45.000Z</time>
      </trkpt>
      <trkpt lat="44.72999459132552" lon="110.49950147978961">
        <ele>948.6</ele>
        <time>2026-08-25T10:44:01.000Z</time>
      </trkpt>
      <trkpt lat="44.729724610224366" lon="110.49990540370345">
        <ele>949.2</ele>
        <time>2026-08-25T10:44:17.000Z</time>
      </trkpt>
      <trkpt lat="44.729412384331226" lon="110.50032139755785">
        <ele>949.6</ele>
        <time>2026-08-25T10:44:33.000Z</time>
      </trkpt>
      <trkpt lat="44.72908188588917" lon="110.50071576610208">
        <ele>950.2</ele>
        <time>2026-08-25T10:44:49.000Z</time>
      </trkpt>
      <trkpt lat="44.72870696336031" lon="110.50114190205932">
        <ele>950.4</ele>
        <time>2026-08-25T10:45:06.000Z</time>
      </trkpt>
      <trkpt lat="44.728345200419426" lon="110.50149955786765">
        <ele>950.8</ele>
        <time>2026-08-25T10:45:22.000Z</time>
      </trkpt>
      <trkpt lat="44.7280150372535" lon="110.50182921811938">
        <ele>950.6</ele>
        <time>2026-08-25T10:45:38.000Z</time>
      </trkpt>
      <trkpt lat="44.72770230844617" lon="110.50213725306094">
        <ele>951</ele>
        <time>2026-08-25T10:45:54.000Z</time>
      </trkpt>
      <trkpt lat="44.727384969592094" lon="110.50245400518179">
        <ele>952.2</ele>
        <time>2026-08-25T10:46:10.000Z</time>
      </trkpt>
      <trkpt lat="44.7271135635674" lon="110.50271107815206">
        <ele>953.2</ele>
        <time>2026-08-25T10:46:26.000Z</time>
      </trkpt>
      <trkpt lat="44.726862190291286" lon="110.50295851193368">
        <ele>954.4</ele>
        <time>2026-08-25T10:46:42.000Z</time>
      </trkpt>
      <trkpt lat="44.726605704054236" lon="110.5032043531537">
        <ele>955.6</ele>
        <time>2026-08-25T10:46:58.000Z</time>
      </trkpt>
      <trkpt lat="44.72634460777044" lon="110.50345966592431">
        <ele>957.2</ele>
        <time>2026-08-25T10:47:14.000Z</time>
      </trkpt>
      <trkpt lat="44.72604629583657" lon="110.50375395454466">
        <ele>958.4</ele>
        <time>2026-08-25T10:47:31.000Z</time>
      </trkpt>
      <trkpt lat="44.72580883651972" lon="110.50399392843246">
        <ele>958.6</ele>
        <time>2026-08-25T10:47:47.000Z</time>
      </trkpt>
      <trkpt lat="44.72555276937783" lon="110.50423842854798">
        <ele>959.8</ele>
        <time>2026-08-25T10:48:03.000Z</time>
      </trkpt>
      <trkpt lat="44.72531346604228" lon="110.50446909852326">
        <ele>960</ele>
        <time>2026-08-25T10:48:19.000Z</time>
      </trkpt>
      <trkpt lat="44.725026804953814" lon="110.50474947318435">
        <ele>961.6</ele>
        <time>2026-08-25T10:48:35.000Z</time>
      </trkpt>
      <trkpt lat="44.724752716720104" lon="110.50502113066614">
        <ele>962.2</ele>
        <time>2026-08-25T10:48:51.000Z</time>
      </trkpt>
      <trkpt lat="44.72446748055518" lon="110.50529915839434">
        <ele>962</ele>
        <time>2026-08-25T10:49:07.000Z</time>
      </trkpt>
      <trkpt lat="44.72414427436888" lon="110.5056206882">
        <ele>962.2</ele>
        <time>2026-08-25T10:49:23.000Z</time>
      </trkpt>
      <trkpt lat="44.7238411847502" lon="110.50592444837093">
        <ele>962.6</ele>
        <time>2026-08-25T10:49:39.000Z</time>
      </trkpt>
      <trkpt lat="44.723556116223335" lon="110.50623156130314">
        <ele>964</ele>
        <time>2026-08-25T10:49:56.000Z</time>
      </trkpt>
      <trkpt lat="44.72321723587811" lon="110.50660665147007">
        <ele>964</ele>
        <time>2026-08-25T10:50:12.000Z</time>
      </trkpt>
      <trkpt lat="44.722896879538894" lon="110.50698911771178">
        <ele>964.4</ele>
        <time>2026-08-25T10:50:28.000Z</time>
      </trkpt>
      <trkpt lat="44.722599824890494" lon="110.50736395642161">
        <ele>964.8</ele>
        <time>2026-08-25T10:50:44.000Z</time>
      </trkpt>
      <trkpt lat="44.7223403211683" lon="110.50771951675415">
        <ele>965</ele>
        <time>2026-08-25T10:51:00.000Z</time>
      </trkpt>
      <trkpt lat="44.72205709666014" lon="110.50812285393476">
        <ele>964.8</ele>
        <time>2026-08-25T10:51:16.000Z</time>
      </trkpt>
      <trkpt lat="44.72177672199905" lon="110.50854287110269">
        <ele>965.6</ele>
        <time>2026-08-25T10:51:32.000Z</time>
      </trkpt>
      <trkpt lat="44.72150028683245" lon="110.50899599678814">
        <ele>964.6</ele>
        <time>2026-08-25T10:51:48.000Z</time>
      </trkpt>
      <trkpt lat="44.72127137705684" lon="110.50940453074872">
        <ele>965.4</ele>
        <time>2026-08-25T10:52:04.000Z</time>
      </trkpt>
      <trkpt lat="44.72102050669491" lon="110.50982052460313">
        <ele>965.6</ele>
        <time>2026-08-25T10:52:21.000Z</time>
      </trkpt>
      <trkpt lat="44.72082009539008" lon="110.51017348654568">
        <ele>966.8</ele>
        <time>2026-08-25T10:52:37.000Z</time>
      </trkpt>
      <trkpt lat="44.72062982618809" lon="110.51050406880677">
        <ele>968</ele>
        <time>2026-08-25T10:52:53.000Z</time>
      </trkpt>
      <trkpt lat="44.72041751258075" lon="110.51087765023112">
        <ele>968.6</ele>
        <time>2026-08-25T10:53:10.000Z</time>
      </trkpt>
      <trkpt lat="44.72023411653936" lon="110.51119172014296">
        <ele>969.2</ele>
        <time>2026-08-25T10:53:26.000Z</time>
      </trkpt>
      <trkpt lat="44.72005533054471" lon="110.51146371290088">
        <ele>970</ele>
        <time>2026-08-25T10:53:42.000Z</time>
      </trkpt>
      <trkpt lat="44.71984569914639" lon="110.51187241449952">
        <ele>970.8</ele>
        <time>2026-08-25T10:56:21.000Z</time>
      </trkpt>
      <trkpt lat="44.71964729949832" lon="110.51222462207079">
        <ele>971.6</ele>
        <time>2026-08-25T10:56:37.000Z</time>
      </trkpt>
      <trkpt lat="44.71945267170668" lon="110.51257548853755">
        <ele>972.8</ele>
        <time>2026-08-25T10:56:53.000Z</time>
      </trkpt>
      <trkpt lat="44.71924647688866" lon="110.51294806413352">
        <ele>973.4</ele>
        <time>2026-08-25T10:57:10.000Z</time>
      </trkpt>
      <trkpt lat="44.71905310638249" lon="110.5132846813649">
        <ele>974</ele>
        <time>2026-08-25T10:57:26.000Z</time>
      </trkpt>
      <trkpt lat="44.71885772421956" lon="110.51363152451813">
        <ele>974.8</ele>
        <time>2026-08-25T10:57:42.000Z</time>
      </trkpt>
      <trkpt lat="44.71865488216281" lon="110.51399622112513">
        <ele>976</ele>
        <time>2026-08-25T10:57:58.000Z</time>
      </trkpt>
      <trkpt lat="44.718444999307394" lon="110.51435597240925">
        <ele>976.8</ele>
        <time>2026-08-25T10:58:14.000Z</time>
      </trkpt>
      <trkpt lat="44.71823025494814" lon="110.5147313978523">
        <ele>977</ele>
        <time>2026-08-25T10:58:30.000Z</time>
      </trkpt>
      <trkpt lat="44.71801525913179" lon="110.51510808058083">
        <ele>978</ele>
        <time>2026-08-25T10:58:46.000Z</time>
      </trkpt>
      <trkpt lat="44.71779489889741" lon="110.51549800671637">
        <ele>978.4</ele>
        <time>2026-08-25T10:59:02.000Z</time>
      </trkpt>
      <trkpt lat="44.717541513964534" lon="110.51594316959381">
        <ele>979.2</ele>
        <time>2026-08-25T10:59:19.000Z</time>
      </trkpt>
      <trkpt lat="44.71722995862365" lon="110.51648908294737">
        <ele>979.6</ele>
        <time>2026-08-25T10:59:35.000Z</time>
      </trkpt>
      <trkpt lat="44.716991325840354" lon="110.51691270433366">
        <ele>978.8</ele>
        <time>2026-08-25T10:59:51.000Z</time>
      </trkpt>
      <trkpt lat="44.71673232503235" lon="110.51735962741077">
        <ele>979.4</ele>
        <time>2026-08-25T11:00:07.000Z</time>
      </trkpt>
      <trkpt lat="44.71649997867644" lon="110.51777126267552">
        <ele>979.8</ele>
        <time>2026-08-25T11:00:23.000Z</time>
      </trkpt>
      <trkpt lat="44.716246258467436" lon="110.51821743138134">
        <ele>979.8</ele>
        <time>2026-08-25T11:00:39.000Z</time>
      </trkpt>
      <trkpt lat="44.7159874252975" lon="110.51867860369384">
        <ele>980</ele>
        <time>2026-08-25T11:00:55.000Z</time>
      </trkpt>
      <trkpt lat="44.71572699956596" lon="110.5191312264651">
        <ele>980.8</ele>
        <time>2026-08-25T11:01:11.000Z</time>
      </trkpt>
      <trkpt lat="44.71548526547849" lon="110.51953942514956">
        <ele>982.2</ele>
        <time>2026-08-25T11:01:27.000Z</time>
      </trkpt>
      <trkpt lat="44.715264569967985" lon="110.51992482505739">
        <ele>982.8</ele>
        <time>2026-08-25T11:01:44.000Z</time>
      </trkpt>
      <trkpt lat="44.71501260995865" lon="110.52036906592548">
        <ele>983.4</ele>
        <time>2026-08-25T11:02:00.000Z</time>
      </trkpt>
      <trkpt lat="44.71480465494096" lon="110.52074239589274">
        <ele>984.4</ele>
        <time>2026-08-25T11:02:16.000Z</time>
      </trkpt>
      <trkpt lat="44.71460189670324" lon="110.52107616327703">
        <ele>985.2</ele>
        <time>2026-08-25T11:02:32.000Z</time>
      </trkpt>
      <trkpt lat="44.71434943377972" lon="110.52151126787066">
        <ele>986.6</ele>
        <time>2026-08-25T11:02:48.000Z</time>
      </trkpt>
      <trkpt lat="44.71413896419108" lon="110.52189691923559">
        <ele>985.8</ele>
        <time>2026-08-25T11:03:04.000Z</time>
      </trkpt>
      <trkpt lat="44.71387133002281" lon="110.52236387506127">
        <ele>986.4</ele>
        <time>2026-08-25T11:03:20.000Z</time>
      </trkpt>
      <trkpt lat="44.713585590943694" lon="110.52286544814706">
        <ele>986.6</ele>
        <time>2026-08-25T11:03:36.000Z</time>
      </trkpt>
      <trkpt lat="44.713302282616496" lon="110.52336601540446">
        <ele>987</ele>
        <time>2026-08-25T11:03:52.000Z</time>
      </trkpt>
      <trkpt lat="44.71302408725023" lon="110.5238547641784">
        <ele>986.6</ele>
        <time>2026-08-25T11:04:09.000Z</time>
      </trkpt>
      <trkpt lat="44.71271026879549" lon="110.52438165061176">
        <ele>986.2</ele>
        <time>2026-08-25T11:04:25.000Z</time>
      </trkpt>
      <trkpt lat="44.712403574958444" lon="110.52486713044345">
        <ele>986.2</ele>
        <time>2026-08-25T11:04:41.000Z</time>
      </trkpt>
      <trkpt lat="44.71207265742123" lon="110.52535210736096">
        <ele>986.8</ele>
        <time>2026-08-25T11:04:57.000Z</time>
      </trkpt>
      <trkpt lat="44.71177610568702" lon="110.5257975216955">
        <ele>987</ele>
        <time>2026-08-25T11:05:13.000Z</time>
      </trkpt>
      <trkpt lat="44.711434710770845" lon="110.52624871954322">
        <ele>987.2</ele>
        <time>2026-08-25T11:05:29.000Z</time>
      </trkpt>
      <trkpt lat="44.71110278740525" lon="110.52667577750981">
        <ele>987</ele>
        <time>2026-08-25T11:05:45.000Z</time>
      </trkpt>
      <trkpt lat="44.71084621734917" lon="110.52698615938425">
        <ele>988</ele>
        <time>2026-08-25T11:06:01.000Z</time>
      </trkpt>
      <trkpt lat="44.71062233671546" lon="110.52724901586771">
        <ele>988.4</ele>
        <time>2026-08-25T11:06:17.000Z</time>
      </trkpt>
      <trkpt lat="44.710369454696774" lon="110.52753877826035">
        <ele>988.6</ele>
        <time>2026-08-25T11:06:34.000Z</time>
      </trkpt>
      <trkpt lat="44.71013266593218" lon="110.52780247293413">
        <ele>990</ele>
        <time>2026-08-25T11:06:50.000Z</time>
      </trkpt>
      <trkpt lat="44.70989721827209" lon="110.5280597973615">
        <ele>990.4</ele>
        <time>2026-08-25T11:07:06.000Z</time>
      </trkpt>
      <trkpt lat="44.70966596156359" lon="110.52829356864095">
        <ele>990.8</ele>
        <time>2026-08-25T11:07:22.000Z</time>
      </trkpt>
      <trkpt lat="44.7094165161252" lon="110.5285429302603">
        <ele>991.2</ele>
        <time>2026-08-25T11:07:38.000Z</time>
      </trkpt>
      <trkpt lat="44.709151396527886" lon="110.52880545146763">
        <ele>992.6</ele>
        <time>2026-08-25T11:07:54.000Z</time>
      </trkpt>
      <trkpt lat="44.70891837961972" lon="110.5290196929127">
        <ele>993.6</ele>
        <time>2026-08-25T11:08:10.000Z</time>
      </trkpt>
      <trkpt lat="44.70866532996297" lon="110.52924675866961">
        <ele>994.2</ele>
        <time>2026-08-25T11:08:26.000Z</time>
      </trkpt>
      <trkpt lat="44.70836592838168" lon="110.52951137535274">
        <ele>995.8</ele>
        <time>2026-08-25T11:08:42.000Z</time>
      </trkpt>
      <trkpt lat="44.70796762034297" lon="110.52983692847192">
        <ele>997.2</ele>
        <time>2026-08-25T11:08:59.000Z</time>
      </trkpt>
      <trkpt lat="44.70758540555835" lon="110.53013557568192">
        <ele>997.4</ele>
        <time>2026-08-25T11:09:15.000Z</time>
      </trkpt>
      <trkpt lat="44.707191372290254" lon="110.53041192702949">
        <ele>998</ele>
        <time>2026-08-25T11:09:31.000Z</time>
      </trkpt>
      <trkpt lat="44.70684176310897" lon="110.53064812906086">
        <ele>998.4</ele>
        <time>2026-08-25T11:09:47.000Z</time>
      </trkpt>
      <trkpt lat="44.706430714577436" lon="110.5309175234288">
        <ele>999.2</ele>
        <time>2026-08-25T11:10:03.000Z</time>
      </trkpt>
      <trkpt lat="44.7060371004045" lon="110.53115095943213">
        <ele>1000.2</ele>
        <time>2026-08-25T11:10:19.000Z</time>
      </trkpt>
      <trkpt lat="44.705649856477976" lon="110.53137768991292">
        <ele>1001.4</ele>
        <time>2026-08-25T11:10:35.000Z</time>
      </trkpt>
      <trkpt lat="44.70522581599653" lon="110.5316200107336">
        <ele>1001.6</ele>
        <time>2026-08-25T11:10:51.000Z</time>
      </trkpt>
      <trkpt lat="44.704816276207566" lon="110.53185126744211">
        <ele>1002.2</ele>
        <time>2026-08-25T11:11:07.000Z</time>
      </trkpt>
      <trkpt lat="44.7044001147151" lon="110.53209451027215">
        <ele>1002.6</ele>
        <time>2026-08-25T11:11:24.000Z</time>
      </trkpt>
      <trkpt lat="44.70405561849475" lon="110.53228612057865">
        <ele>1002.8</ele>
        <time>2026-08-25T11:11:40.000Z</time>
      </trkpt>
      <trkpt lat="44.703728472813964" lon="110.5324784014374">
        <ele>1003.4</ele>
        <time>2026-08-25T11:11:56.000Z</time>
      </trkpt>
      <trkpt lat="44.7034296579659" lon="110.53265416994691">
        <ele>1004.2</ele>
        <time>2026-08-25T11:12:12.000Z</time>
      </trkpt>
      <trkpt lat="44.70312137156725" lon="110.53282675333321">
        <ele>1005.8</ele>
        <time>2026-08-25T11:12:28.000Z</time>
      </trkpt>
      <trkpt lat="44.70282490365207" lon="110.5330000910908">
        <ele>1005.4</ele>
        <time>2026-08-25T11:12:44.000Z</time>
      </trkpt>
      <trkpt lat="44.70256816595793" lon="110.53313629701734">
        <ele>1005.8</ele>
        <time>2026-08-25T11:13:00.000Z</time>
      </trkpt>
      <trkpt lat="44.702280666679144" lon="110.53330158814788">
        <ele>1007.4</ele>
        <time>2026-08-25T11:13:16.000Z</time>
      </trkpt>
      <trkpt lat="44.70199467614293" lon="110.53346922621131">
        <ele>1008.4</ele>
        <time>2026-08-25T11:13:32.000Z</time>
      </trkpt>
      <trkpt lat="44.70173626206815" lon="110.53361699916422">
        <ele>1009.4</ele>
        <time>2026-08-25T11:13:49.000Z</time>
      </trkpt>
      <trkpt lat="44.70144641585648" lon="110.53378731943667">
        <ele>1010.4</ele>
        <time>2026-08-25T11:14:05.000Z</time>
      </trkpt>
      <trkpt lat="44.70116428099573" lon="110.53394950926304">
        <ele>1010.8</ele>
        <time>2026-08-25T11:14:21.000Z</time>
      </trkpt>
      <trkpt lat="44.70087460242212" lon="110.53411765024066">
        <ele>1011.6</ele>
        <time>2026-08-25T11:14:37.000Z</time>
      </trkpt>
      <trkpt lat="44.70057872124016" lon="110.53429258055985">
        <ele>1012.4</ele>
        <time>2026-08-25T11:14:53.000Z</time>
      </trkpt>
      <trkpt lat="44.70028208568692" lon="110.5344713665545">
        <ele>1013.2</ele>
        <time>2026-08-25T11:15:09.000Z</time>
      </trkpt>
      <trkpt lat="44.69997446984053" lon="110.53464956581593">
        <ele>1014.2</ele>
        <time>2026-08-25T11:15:25.000Z</time>
      </trkpt>
      <trkpt lat="44.699662579223514" lon="110.53483354859054">
        <ele>1015.2</ele>
        <time>2026-08-25T11:15:41.000Z</time>
      </trkpt>
      <trkpt lat="44.699344988912344" lon="110.53500898182392">
        <ele>1015.4</ele>
        <time>2026-08-25T11:15:57.000Z</time>
      </trkpt>
      <trkpt lat="44.698992278426886" lon="110.53521199151874">
        <ele>1015.8</ele>
        <time>2026-08-25T11:16:14.000Z</time>
      </trkpt>
      <trkpt lat="44.69864686019719" lon="110.53541022352874">
        <ele>1016.2</ele>
        <time>2026-08-25T11:16:30.000Z</time>
      </trkpt>
      <trkpt lat="44.69821720384061" lon="110.5356611777097">
        <ele>1016.8</ele>
        <time>2026-08-25T11:16:46.000Z</time>
      </trkpt>
      <trkpt lat="44.697836162522435" lon="110.53588002920151">
        <ele>1017.4</ele>
        <time>2026-08-25T11:17:02.000Z</time>
      </trkpt>
      <trkpt lat="44.69739611260593" lon="110.53612804971635">
        <ele>1017.6</ele>
        <time>2026-08-25T11:17:18.000Z</time>
      </trkpt>
      <trkpt lat="44.696952207013965" lon="110.53639459423721">
        <ele>1018.4</ele>
        <time>2026-08-25T11:17:34.000Z</time>
      </trkpt>
      <trkpt lat="44.69650385901332" lon="110.53664990700781">
        <ele>1017.8</ele>
        <time>2026-08-25T11:17:50.000Z</time>
      </trkpt>
      <trkpt lat="44.695997005328536" lon="110.53695903159678">
        <ele>1017.4</ele>
        <time>2026-08-25T11:18:06.000Z</time>
      </trkpt>
      <trkpt lat="44.69543566927314" lon="110.53733998909593">
        <ele>1016.8</ele>
        <time>2026-08-25T11:18:23.000Z</time>
      </trkpt>
      <trkpt lat="44.69481532461941" lon="110.53776578977704">
        <ele>1016.2</ele>
        <time>2026-08-25T11:18:39.000Z</time>
      </trkpt>
      <trkpt lat="44.6942254062742" lon="110.53817407228053">
        <ele>1014.4</ele>
        <time>2026-08-25T11:18:55.000Z</time>
      </trkpt>
      <trkpt lat="44.69357941299677" lon="110.53861496038735">
        <ele>1012.8</ele>
        <time>2026-08-25T11:19:11.000Z</time>
      </trkpt>
      <trkpt lat="44.69290433451533" lon="110.53908484987915">
        <ele>1011</ele>
        <time>2026-08-25T11:19:27.000Z</time>
      </trkpt>
      <trkpt lat="44.69224442727864" lon="110.53953965194523">
        <ele>1009.6</ele>
        <time>2026-08-25T11:19:43.000Z</time>
      </trkpt>
      <trkpt lat="44.69156532548368" lon="110.54000224918127">
        <ele>1007.6</ele>
        <time>2026-08-25T11:19:59.000Z</time>
      </trkpt>
      <trkpt lat="44.690930899232626" lon="110.54044900462031">
        <ele>1006.2</ele>
        <time>2026-08-25T11:20:15.000Z</time>
      </trkpt>
      <trkpt lat="44.690369479358196" lon="110.54083532653749">
        <ele>1007</ele>
        <time>2026-08-25T11:20:31.000Z</time>
      </trkpt>
      <trkpt lat="44.68985617160797" lon="110.54118912667036">
        <ele>1006.2</ele>
        <time>2026-08-25T11:20:48.000Z</time>
      </trkpt>
      <trkpt lat="44.68932257965207" lon="110.54155357182026">
        <ele>1006.2</ele>
        <time>2026-08-25T11:21:04.000Z</time>
      </trkpt>
      <trkpt lat="44.68882561661303" lon="110.54189722985029">
        <ele>1005.6</ele>
        <time>2026-08-25T11:21:20.000Z</time>
      </trkpt>
      <trkpt lat="44.68828716315329" lon="110.54227592423558">
        <ele>1006.6</ele>
        <time>2026-08-25T11:21:36.000Z</time>
      </trkpt>
      <trkpt lat="44.68777997419238" lon="110.54262360557914">
        <ele>1006.6</ele>
        <time>2026-08-25T11:21:52.000Z</time>
      </trkpt>
      <trkpt lat="44.68726649880409" lon="110.54297916591167">
        <ele>1006.2</ele>
        <time>2026-08-25T11:22:08.000Z</time>
      </trkpt>
      <trkpt lat="44.68675562180579" lon="110.54332659579813">
        <ele>1005.8</ele>
        <time>2026-08-25T11:22:24.000Z</time>
      </trkpt>
      <trkpt lat="44.68622806482017" lon="110.54369372315705">
        <ele>1006</ele>
        <time>2026-08-25T11:22:40.000Z</time>
      </trkpt>
      <trkpt lat="44.68578306958079" lon="110.54400091990829">
        <ele>1006</ele>
        <time>2026-08-25T11:22:56.000Z</time>
      </trkpt>
      <trkpt lat="44.68535341322422" lon="110.54428649134934">
        <ele>1007</ele>
        <time>2026-08-25T11:23:13.000Z</time>
      </trkpt>
      <trkpt lat="44.6849054004997" lon="110.54460030980408">
        <ele>1008</ele>
        <time>2026-08-25T11:23:29.000Z</time>
      </trkpt>
      <trkpt lat="44.68455830588937" lon="110.54484489373863">
        <ele>1008.8</ele>
        <time>2026-08-25T11:23:45.000Z</time>
      </trkpt>
      <trkpt lat="44.684230322018266" lon="110.54507531225681">
        <ele>1009</ele>
        <time>2026-08-25T11:24:01.000Z</time>
      </trkpt>
      <trkpt lat="44.6839140728116" lon="110.54529290646315">
        <ele>1009.8</ele>
        <time>2026-08-25T11:24:17.000Z</time>
      </trkpt>
      <trkpt lat="44.683588268235326" lon="110.54551552981138">
        <ele>1010.4</ele>
        <time>2026-08-25T11:24:33.000Z</time>
      </trkpt>
      <trkpt lat="44.683254500851035" lon="110.54574745707214">
        <ele>1011.4</ele>
        <time>2026-08-25T11:24:49.000Z</time>
      </trkpt>
      <trkpt lat="44.682914363220334" lon="110.54598474875093">
        <ele>1012.2</ele>
        <time>2026-08-25T11:25:05.000Z</time>
      </trkpt>
      <trkpt lat="44.68259350396693" lon="110.54620636627078">
        <ele>1013.2</ele>
        <time>2026-08-25T11:25:21.000Z</time>
      </trkpt>
      <trkpt lat="44.682287564501166" lon="110.54641541093588">
        <ele>1014.2</ele>
        <time>2026-08-25T11:25:38.000Z</time>
      </trkpt>
      <trkpt lat="44.68195497058332" lon="110.54664666764438">
        <ele>1014.8</ele>
        <time>2026-08-25T11:25:54.000Z</time>
      </trkpt>
      <trkpt lat="44.681648360565305" lon="110.5468549579382">
        <ele>1015.6</ele>
        <time>2026-08-25T11:26:10.000Z</time>
      </trkpt>
      <trkpt lat="44.6813430916518" lon="110.54707372561097">
        <ele>1016.4</ele>
        <time>2026-08-25T11:26:26.000Z</time>
      </trkpt>
      <trkpt lat="44.68103539198637" lon="110.5472899787128">
        <ele>1017.4</ele>
        <time>2026-08-25T11:26:42.000Z</time>
      </trkpt>
      <trkpt lat="44.68074319884181" lon="110.54748670198023">
        <ele>1018.2</ele>
        <time>2026-08-25T11:26:58.000Z</time>
      </trkpt>
      <trkpt lat="44.68045838177204" lon="110.54768149740994">
        <ele>1019.2</ele>
        <time>2026-08-25T11:27:14.000Z</time>
      </trkpt>
      <trkpt lat="44.680162919685245" lon="110.54788635112345">
        <ele>1020</ele>
        <time>2026-08-25T11:27:30.000Z</time>
      </trkpt>
      <trkpt lat="44.67986896634102" lon="110.54809698835015">
        <ele>1020.8</ele>
        <time>2026-08-25T11:27:46.000Z</time>
      </trkpt>
      <trkpt lat="44.679566798731685" lon="110.5483037699014">
        <ele>1021.8</ele>
        <time>2026-08-25T11:28:03.000Z</time>
      </trkpt>
      <trkpt lat="44.679271169006824" lon="110.54850468412042">
        <ele>1023.4</ele>
        <time>2026-08-25T11:28:19.000Z</time>
      </trkpt>
      <trkpt lat="44.678942766040564" lon="110.54873367771506">
        <ele>1024.6</ele>
        <time>2026-08-25T11:28:35.000Z</time>
      </trkpt>
      <trkpt lat="44.67863121069968" lon="110.54895177483559">
        <ele>1025.4</ele>
        <time>2026-08-25T11:28:51.000Z</time>
      </trkpt>
      <trkpt lat="44.67831655405462" lon="110.54916660301387">
        <ele>1027.4</ele>
        <time>2026-08-25T11:29:07.000Z</time>
      </trkpt>
      <trkpt lat="44.67797113582492" lon="110.54940448142588">
        <ele>1027.8</ele>
        <time>2026-08-25T11:29:23.000Z</time>
      </trkpt>
      <trkpt lat="44.67762270011008" lon="110.54964981973171">
        <ele>1029.2</ele>
        <time>2026-08-25T11:29:39.000Z</time>
      </trkpt>
      <trkpt lat="44.67728356830776" lon="110.54988266900182">
        <ele>1029.6</ele>
        <time>2026-08-25T11:29:55.000Z</time>
      </trkpt>
      <trkpt lat="44.67695256695151" lon="110.5501080583781">
        <ele>1030.2</ele>
        <time>2026-08-25T11:30:11.000Z</time>
      </trkpt>
      <trkpt lat="44.676583763211966" lon="110.55036479607224">
        <ele>1030.8</ele>
        <time>2026-08-25T11:30:28.000Z</time>
      </trkpt>
      <trkpt lat="44.67622241936624" lon="110.55061365477741">
        <ele>1031.2</ele>
        <time>2026-08-25T11:30:44.000Z</time>
      </trkpt>
      <trkpt lat="44.67584213241935" lon="110.55087567307055">
        <ele>1031.8</ele>
        <time>2026-08-25T11:31:00.000Z</time>
      </trkpt>
      <trkpt lat="44.675478022545576" lon="110.55112780071795">
        <ele>1032</ele>
        <time>2026-08-25T11:31:16.000Z</time>
      </trkpt>
      <trkpt lat="44.67509220354259" lon="110.55139216594398">
        <ele>1032.8</ele>
        <time>2026-08-25T11:31:32.000Z</time>
      </trkpt>
      <trkpt lat="44.674676125869155" lon="110.55168561637402">
        <ele>1033</ele>
        <time>2026-08-25T11:31:48.000Z</time>
      </trkpt>
      <trkpt lat="44.674213360995054" lon="110.55200102739036">
        <ele>1033.8</ele>
        <time>2026-08-25T11:32:04.000Z</time>
      </trkpt>
      <trkpt lat="44.67372301965952" lon="110.55233932100236">
        <ele>1035</ele>
        <time>2026-08-25T11:32:20.000Z</time>
      </trkpt>
      <trkpt lat="44.67326260171831" lon="110.55265800096095">
        <ele>1035.8</ele>
        <time>2026-08-25T11:32:36.000Z</time>
      </trkpt>
      <trkpt lat="44.67284065671265" lon="110.55294692516327">
        <ele>1036.8</ele>
        <time>2026-08-25T11:32:53.000Z</time>
      </trkpt>
      <trkpt lat="44.67242441140115" lon="110.55324238725007">
        <ele>1037.4</ele>
        <time>2026-08-25T11:33:09.000Z</time>
      </trkpt>
      <trkpt lat="44.67198679223657" lon="110.5535603966564">
        <ele>1037.6</ele>
        <time>2026-08-25T11:33:25.000Z</time>
      </trkpt>
      <trkpt lat="44.67153090052307" lon="110.55390095338225">
        <ele>1037.6</ele>
        <time>2026-08-25T11:33:41.000Z</time>
      </trkpt>
      <trkpt lat="44.6710785292089" lon="110.55424427613616">
        <ele>1037</ele>
        <time>2026-08-25T11:33:57.000Z</time>
      </trkpt>
      <trkpt lat="44.67060402967036" lon="110.55458751507103">
        <ele>1036.2</ele>
        <time>2026-08-25T11:34:13.000Z</time>
      </trkpt>
      <trkpt lat="44.67040739022195" lon="110.55448827333748">
        <ele>1034.6</ele>
        <time>2026-08-25T11:34:23.000Z</time>
      </trkpt>
      <trkpt lat="44.67016917653382" lon="110.55420781485736">
        <ele>1034.2</ele>
        <time>2026-08-25T11:34:39.000Z</time>
      </trkpt>
      <trkpt lat="44.67009306885302" lon="110.55442658253014">
        <ele>1033</ele>
        <time>2026-08-25T12:25:38.000Z</time>
      </trkpt>
      <trkpt lat="44.67004923149943" lon="110.55450403131545">
        <ele>1034.4</ele>
        <time>2026-08-25T12:26:03.000Z</time>
      </trkpt>
      <trkpt lat="44.66988679021597" lon="110.55473428219557">
        <ele>1034.6</ele>
        <time>2026-08-25T12:26:16.000Z</time>
      </trkpt>
      <trkpt lat="44.66972703114152" lon="110.55484970100224">
        <ele>1034.4</ele>
        <time>2026-08-25T12:26:25.000Z</time>
      </trkpt>
      <trkpt lat="44.669641787186265" lon="110.55512068793178">
        <ele>1034.6</ele>
        <time>2026-08-25T12:26:35.000Z</time>
      </trkpt>
      <trkpt lat="44.66949686408043" lon="110.5553387850523">
        <ele>1035</ele>
        <time>2026-08-25T12:26:49.000Z</time>
      </trkpt>
      <trkpt lat="44.66933660209179" lon="110.55552427656949">
        <ele>1035.2</ele>
        <time>2026-08-25T12:27:01.000Z</time>
      </trkpt>
      <trkpt lat="44.66918271034956" lon="110.5556619912386">
        <ele>1034.4</ele>
        <time>2026-08-25T12:27:14.000Z</time>
      </trkpt>
      <trkpt lat="44.66914038173854" lon="110.55565159767866">
        <ele>1034.2</ele>
        <time>2026-08-25T12:27:20.000Z</time>
      </trkpt>
      <trkpt lat="44.668799405917525" lon="110.55594471283257">
        <ele>1034.2</ele>
        <time>2026-08-25T12:28:46.000Z</time>
      </trkpt>
      <trkpt lat="44.66830076649785" lon="110.55632625706494">
        <ele>1031.4</ele>
        <time>2026-08-25T12:29:02.000Z</time>
      </trkpt>
      <trkpt lat="44.667857866734266" lon="110.55669975467026">
        <ele>1030</ele>
        <time>2026-08-25T12:29:14.000Z</time>
      </trkpt>
      <trkpt lat="44.66776750981808" lon="110.55677326396108">
        <ele>1029.8</ele>
        <time>2026-08-25T12:29:16.000Z</time>
      </trkpt>
      <trkpt lat="44.66767271049321" lon="110.55684610269964">
        <ele>1029.4</ele>
        <time>2026-08-25T12:29:18.000Z</time>
      </trkpt>
      <trkpt lat="44.66757472604513" lon="110.55692195892334">
        <ele>1029.2</ele>
        <time>2026-08-25T12:29:20.000Z</time>
      </trkpt>
      <trkpt lat="44.66747439466417" lon="110.55700016207993">
        <ele>1029</ele>
        <time>2026-08-25T12:29:22.000Z</time>
      </trkpt>
      <trkpt lat="44.66711623594165" lon="110.55726737715304">
        <ele>1027</ele>
        <time>2026-08-25T12:29:29.000Z</time>
      </trkpt>
      <trkpt lat="44.666541907936335" lon="110.55771706625819">
        <ele>1025.2</ele>
        <time>2026-08-25T12:29:40.000Z</time>
      </trkpt>
      <trkpt lat="44.66637460514903" lon="110.55784732103348">
        <ele>1024.6</ele>
        <time>2026-08-25T12:29:43.000Z</time>
      </trkpt>
      <trkpt lat="44.66626572422683" lon="110.55792476981878">
        <ele>1024.2</ele>
        <time>2026-08-25T12:29:45.000Z</time>
      </trkpt>
      <trkpt lat="44.66610202565789" lon="110.55804806761444">
        <ele>1023.8</ele>
        <time>2026-08-25T12:29:48.000Z</time>
      </trkpt>
      <trkpt lat="44.66587856411934" lon="110.55821855552495">
        <ele>1023.2</ele>
        <time>2026-08-25T12:29:52.000Z</time>
      </trkpt>
      <trkpt lat="44.66576540842652" lon="110.55830706842244">
        <ele>1022.8</ele>
        <time>2026-08-25T12:29:54.000Z</time>
      </trkpt>
      <trkpt lat="44.665592070668936" lon="110.55843732319772">
        <ele>1022.6</ele>
        <time>2026-08-25T12:29:57.000Z</time>
      </trkpt>
      <trkpt lat="44.66496326029301" lon="110.55892045609653">
        <ele>1021.4</ele>
        <time>2026-08-25T12:30:08.000Z</time>
      </trkpt>
      <trkpt lat="44.6641590166837" lon="110.5595398787409">
        <ele>1018.8</ele>
        <time>2026-08-25T12:30:24.000Z</time>
      </trkpt>
      <trkpt lat="44.66341596096754" lon="110.56009978987277">
        <ele>1016.6</ele>
        <time>2026-08-25T12:30:40.000Z</time>
      </trkpt>
      <trkpt lat="44.6627030801028" lon="110.5606453679502">
        <ele>1016</ele>
        <time>2026-08-25T12:30:56.000Z</time>
      </trkpt>
      <trkpt lat="44.66197435744107" lon="110.56120335124433">
        <ele>1014.2</ele>
        <time>2026-08-25T12:31:12.000Z</time>
      </trkpt>
      <trkpt lat="44.6611556969583" lon="110.56182822212577">
        <ele>1010.4</ele>
        <time>2026-08-25T12:31:29.000Z</time>
      </trkpt>
      <trkpt lat="44.66042856685817" lon="110.56238746270537">
        <ele>1008.8</ele>
        <time>2026-08-25T12:31:45.000Z</time>
      </trkpt>
      <trkpt lat="44.65957126580179" lon="110.5630403291434">
        <ele>1005</ele>
        <time>2026-08-25T12:32:01.000Z</time>
      </trkpt>
      <trkpt lat="44.65868839994073" lon="110.56373820640147">
        <ele>1004.2</ele>
        <time>2026-08-25T12:32:17.000Z</time>
      </trkpt>
      <trkpt lat="44.65791642665863" lon="110.56440046057105">
        <ele>1002.2</ele>
        <time>2026-08-25T12:32:33.000Z</time>
      </trkpt>
      <trkpt lat="44.6572878677398" lon="110.5649778060615">
        <ele>1002.2</ele>
        <time>2026-08-25T12:32:49.000Z</time>
      </trkpt>
      <trkpt lat="44.656736170873046" lon="110.56552438996732">
        <ele>1000.4</ele>
        <time>2026-08-25T12:33:05.000Z</time>
      </trkpt>
      <trkpt lat="44.65619117952883" lon="110.56610492058098">
        <ele>1000.2</ele>
        <time>2026-08-25T12:33:21.000Z</time>
      </trkpt>
      <trkpt lat="44.655640656128526" lon="110.5667236726731">
        <ele>999.2</ele>
        <time>2026-08-25T12:33:37.000Z</time>
      </trkpt>
      <trkpt lat="44.6550808288157" lon="110.56741056963801">
        <ele>998.4</ele>
        <time>2026-08-25T12:33:54.000Z</time>
      </trkpt>
      <trkpt lat="44.6545541100204" lon="110.56807491928339">
        <ele>996.2</ele>
        <time>2026-08-25T12:34:10.000Z</time>
      </trkpt>
      <trkpt lat="44.654023284092546" lon="110.56878729723394">
        <ele>994.8</ele>
        <time>2026-08-25T12:34:26.000Z</time>
      </trkpt>
      <trkpt lat="44.65354450978339" lon="110.56942985393107">
        <ele>994.2</ele>
        <time>2026-08-25T12:34:42.000Z</time>
      </trkpt>
      <trkpt lat="44.65306489728391" lon="110.57007492519915">
        <ele>993.8</ele>
        <time>2026-08-25T12:34:58.000Z</time>
      </trkpt>
      <trkpt lat="44.652671199291945" lon="110.57057566009462">
        <ele>992.6</ele>
        <time>2026-08-25T12:35:14.000Z</time>
      </trkpt>
      <trkpt lat="44.65250875800848" lon="110.57080331258476">
        <ele>992.8</ele>
        <time>2026-08-25T12:38:21.000Z</time>
      </trkpt>
      <trkpt lat="44.652223186567426" lon="110.57119390927255">
        <ele>992.8</ele>
        <time>2026-08-25T12:38:38.000Z</time>
      </trkpt>
      <trkpt lat="44.65182630345225" lon="110.57173362001777">
        <ele>991.6</ele>
        <time>2026-08-25T12:38:54.000Z</time>
      </trkpt>
      <trkpt lat="44.6514543145895" lon="110.57222572155297">
        <ele>990.8</ele>
        <time>2026-08-25T12:39:10.000Z</time>
      </trkpt>
      <trkpt lat="44.65109230019152" lon="110.57271145284176">
        <ele>990</ele>
        <time>2026-08-25T12:39:23.000Z</time>
      </trkpt>
      <trkpt lat="44.650649735704064" lon="110.57330179028213">
        <ele>989</ele>
        <time>2026-08-25T12:39:39.000Z</time>
      </trkpt>
      <trkpt lat="44.65017540380359" lon="110.57393160648644">
        <ele>989.4</ele>
        <time>2026-08-25T12:39:55.000Z</time>
      </trkpt>
      <trkpt lat="44.64970350265503" lon="110.57456460781395">
        <ele>990</ele>
        <time>2026-08-25T12:40:11.000Z</time>
      </trkpt>
      <trkpt lat="44.64925481937826" lon="110.5751702003181">
        <ele>990.8</ele>
        <time>2026-08-25T12:40:27.000Z</time>
      </trkpt>
      <trkpt lat="44.64878870174289" lon="110.57579331099987">
        <ele>990</ele>
        <time>2026-08-25T12:40:43.000Z</time>
      </trkpt>
      <trkpt lat="44.64832283556461" lon="110.57641139253974">
        <ele>989.4</ele>
        <time>2026-08-25T12:41:00.000Z</time>
      </trkpt>
      <trkpt lat="44.647889491170645" lon="110.57698639109731">
        <ele>988.6</ele>
        <time>2026-08-25T12:41:16.000Z</time>
      </trkpt>
      <trkpt lat="44.647434605285525" lon="110.57760145515203">
        <ele>987.8</ele>
        <time>2026-08-25T12:41:32.000Z</time>
      </trkpt>
      <trkpt lat="44.64705901220441" lon="110.57807335630059">
        <ele>987.4</ele>
        <time>2026-08-25T12:41:48.000Z</time>
      </trkpt>
      <trkpt lat="44.646828006953" lon="110.57837736792862">
        <ele>986.6</ele>
        <time>2026-08-25T12:42:04.000Z</time>
      </trkpt>
      <trkpt lat="44.64668610133231" lon="110.57858255691826">
        <ele>986</ele>
        <time>2026-08-25T12:43:07.000Z</time>
      </trkpt>
      <trkpt lat="44.64653128758073" lon="110.57880811393261">
        <ele>986.2</ele>
        <time>2026-08-25T12:44:01.000Z</time>
      </trkpt>
      <trkpt lat="44.6461511682719" lon="110.57931186631322">
        <ele>985.4</ele>
        <time>2026-08-25T12:44:17.000Z</time>
      </trkpt>
      <trkpt lat="44.645746825262904" lon="110.57984369806945">
        <ele>984.6</ele>
        <time>2026-08-25T12:44:33.000Z</time>
      </trkpt>
      <trkpt lat="44.645271906629205" lon="110.58047879487276">
        <ele>983.8</ele>
        <time>2026-08-25T12:44:49.000Z</time>
      </trkpt>
      <trkpt lat="44.64478659443557" lon="110.58112151920795">
        <ele>983.2</ele>
        <time>2026-08-25T12:45:05.000Z</time>
      </trkpt>
      <trkpt lat="44.64437663555145" lon="110.58167480863631">
        <ele>982.2</ele>
        <time>2026-08-25T12:45:21.000Z</time>
      </trkpt>
      <trkpt lat="44.64391001500189" lon="110.58230688795447">
        <ele>981.8</ele>
        <time>2026-08-25T12:45:37.000Z</time>
      </trkpt>
      <trkpt lat="44.64348999783397" lon="110.58286411687732">
        <ele>981.6</ele>
        <time>2026-08-25T12:45:54.000Z</time>
      </trkpt>
      <trkpt lat="44.64314030483365" lon="110.5833553802222">
        <ele>980.8</ele>
        <time>2026-08-25T12:46:10.000Z</time>
      </trkpt>
      <trkpt lat="44.642969565466046" lon="110.58355000801384">
        <ele>980.8</ele>
        <time>2026-08-25T12:47:39.000Z</time>
      </trkpt>
      <trkpt lat="44.642613334581256" lon="110.5840292852372">
        <ele>980.8</ele>
        <time>2026-08-25T12:47:55.000Z</time>
      </trkpt>
      <trkpt lat="44.64222500100732" lon="110.5845369771123">
        <ele>980.8</ele>
        <time>2026-08-25T12:48:12.000Z</time>
      </trkpt>
      <trkpt lat="44.64188972488046" lon="110.58499337173998">
        <ele>981.6</ele>
        <time>2026-08-25T12:48:28.000Z</time>
      </trkpt>
      <trkpt lat="44.641594933345914" lon="110.58540668338537">
        <ele>983.2</ele>
        <time>2026-08-25T12:48:44.000Z</time>
      </trkpt>
      <trkpt lat="44.6412899158895" lon="110.58582334779203">
        <ele>983</ele>
        <time>2026-08-25T12:49:00.000Z</time>
      </trkpt>
      <trkpt lat="44.640989089384675" lon="110.58624839410186">
        <ele>984.4</ele>
        <time>2026-08-25T12:49:16.000Z</time>
      </trkpt>
      <trkpt lat="44.64070402085781" lon="110.58667830191553">
        <ele>985.4</ele>
        <time>2026-08-25T12:49:32.000Z</time>
      </trkpt>
      <trkpt lat="44.6404196228832" lon="110.58711105957627">
        <ele>986.8</ele>
        <time>2026-08-25T12:49:48.000Z</time>
      </trkpt>
      <trkpt lat="44.640147127211094" lon="110.58754934929311">
        <ele>987.2</ele>
        <time>2026-08-25T12:50:04.000Z</time>
      </trkpt>
      <trkpt lat="44.6398860309273" lon="110.58797473087907">
        <ele>987.6</ele>
        <time>2026-08-25T12:50:20.000Z</time>
      </trkpt>
      <trkpt lat="44.63961873203516" lon="110.58842970058322">
        <ele>988</ele>
        <time>2026-08-25T12:50:37.000Z</time>
      </trkpt>
      <trkpt lat="44.639343889430165" lon="110.58892205357552">
        <ele>989</ele>
        <time>2026-08-25T12:50:53.000Z</time>
      </trkpt>
      <trkpt lat="44.63909679092467" lon="110.5893715750426">
        <ele>990</ele>
        <time>2026-08-25T12:51:09.000Z</time>
      </trkpt>
      <trkpt lat="44.638897804543376" lon="110.58975085616112">
        <ele>989.4</ele>
        <time>2026-08-25T12:51:25.000Z</time>
      </trkpt>
      <trkpt lat="44.63871859945357" lon="110.5901350826025">
        <ele>990</ele>
        <time>2026-08-25T12:51:41.000Z</time>
      </trkpt>
      <trkpt lat="44.63851232081652" lon="110.59056054800749">
        <ele>990.4</ele>
        <time>2026-08-25T12:51:57.000Z</time>
      </trkpt>
      <trkpt lat="44.638316268101335" lon="110.59098576195538">
        <ele>991.2</ele>
        <time>2026-08-25T12:52:13.000Z</time>
      </trkpt>
      <trkpt lat="44.63811962865293" lon="110.5914284940809">
        <ele>991.6</ele>
        <time>2026-08-25T12:52:29.000Z</time>
      </trkpt>
      <trkpt lat="44.63791913352907" lon="110.59188161976635">
        <ele>991.4</ele>
        <time>2026-08-25T12:52:45.000Z</time>
      </trkpt>
      <trkpt lat="44.63771126233041" lon="110.59235670603812">
        <ele>991.8</ele>
        <time>2026-08-25T12:53:02.000Z</time>
      </trkpt>
      <trkpt lat="44.63750875554979" lon="110.59283958747983">
        <ele>992.4</ele>
        <time>2026-08-25T12:53:18.000Z</time>
      </trkpt>
      <trkpt lat="44.63730063289404" lon="110.59332020580769">
        <ele>992.6</ele>
        <time>2026-08-25T12:53:34.000Z</time>
      </trkpt>
      <trkpt lat="44.6370988804847" lon="110.59379076585174">
        <ele>993.6</ele>
        <time>2026-08-25T12:53:50.000Z</time>
      </trkpt>
      <trkpt lat="44.63691531680524" lon="110.59423358179629">
        <ele>993.4</ele>
        <time>2026-08-25T12:54:06.000Z</time>
      </trkpt>
      <trkpt lat="44.63673049584031" lon="110.5946752242744">
        <ele>993.6</ele>
        <time>2026-08-25T12:54:22.000Z</time>
      </trkpt>
      <trkpt lat="44.636537712067366" lon="110.59511200524867">
        <ele>994</ele>
        <time>2026-08-25T12:54:38.000Z</time>
      </trkpt>
      <trkpt lat="44.636349119246006" lon="110.59556018561125">
        <ele>994.4</ele>
        <time>2026-08-25T12:54:54.000Z</time>
      </trkpt>
      <trkpt lat="44.6361596044153" lon="110.59600090608001">
        <ele>995.2</ele>
        <time>2026-08-25T12:55:10.000Z</time>
      </trkpt>
      <trkpt lat="44.63596640154719" lon="110.59644640423357">
        <ele>996</ele>
        <time>2026-08-25T12:55:27.000Z</time>
      </trkpt>
      <trkpt lat="44.63577571325004" lon="110.59687547385693">
        <ele>997.4</ele>
        <time>2026-08-25T12:55:43.000Z</time>
      </trkpt>
      <trkpt lat="44.635604387149215" lon="110.59728409163654">
        <ele>998.2</ele>
        <time>2026-08-25T12:55:59.000Z</time>
      </trkpt>
      <trkpt lat="44.6354288700968" lon="110.59770310297608">
        <ele>999</ele>
        <time>2026-08-25T12:56:15.000Z</time>
      </trkpt>
      <trkpt lat="44.63526609353721" lon="110.59807986952364">
        <ele>1000.6</ele>
        <time>2026-08-25T12:56:31.000Z</time>
      </trkpt>
      <trkpt lat="44.63509099557996" lon="110.59847557917237">
        <ele>1000.6</ele>
        <time>2026-08-25T12:56:47.000Z</time>
      </trkpt>
      <trkpt lat="44.63489267975092" lon="110.59888754971325">
        <ele>1002</ele>
        <time>2026-08-25T12:57:03.000Z</time>
      </trkpt>
      <trkpt lat="44.63466192595661" lon="110.5993184633553">
        <ele>1002.6</ele>
        <time>2026-08-25T12:57:19.000Z</time>
      </trkpt>
      <trkpt lat="44.63442463427782" lon="110.59972045943141">
        <ele>1003</ele>
        <time>2026-08-25T12:57:35.000Z</time>
      </trkpt>
      <trkpt lat="44.634183486923575" lon="110.60010200366378">
        <ele>1003.6</ele>
        <time>2026-08-25T12:57:52.000Z</time>
      </trkpt>
      <trkpt lat="44.63394979946315" lon="110.60045035555959">
        <ele>1004.6</ele>
        <time>2026-08-25T12:58:08.000Z</time>
      </trkpt>
      <trkpt lat="44.63368149474263" lon="110.60081698000431">
        <ele>1005.6</ele>
        <time>2026-08-25T12:58:24.000Z</time>
      </trkpt>
      <trkpt lat="44.6334327198565" lon="110.60113088227808">
        <ele>1007.2</ele>
        <time>2026-08-25T12:58:40.000Z</time>
      </trkpt>
      <trkpt lat="44.63316776789725" lon="110.60144369490445">
        <ele>1008</ele>
        <time>2026-08-25T12:58:56.000Z</time>
      </trkpt>
      <trkpt lat="44.63289015926421" lon="110.60174535959959">
        <ele>1009</ele>
        <time>2026-08-25T12:59:12.000Z</time>
      </trkpt>
      <trkpt lat="44.63260835967958" lon="110.60202254913747">
        <ele>1009.8</ele>
        <time>2026-08-25T12:59:28.000Z</time>
      </trkpt>
      <trkpt lat="44.63232731446624" lon="110.60228708200157">
        <ele>1011.2</ele>
        <time>2026-08-25T12:59:44.000Z</time>
      </trkpt>
      <trkpt lat="44.63205238804221" lon="110.60254197567701">
        <ele>1012</ele>
        <time>2026-08-25T13:00:01.000Z</time>
      </trkpt>
      <trkpt lat="44.63175910525024" lon="110.60279862955213">
        <ele>1013.4</ele>
        <time>2026-08-25T13:00:17.000Z</time>
      </trkpt>
      <trkpt lat="44.631491554901004" lon="110.60304128564894">
        <ele>1014.6</ele>
        <time>2026-08-25T13:00:33.000Z</time>
      </trkpt>
      <trkpt lat="44.63118997402489" lon="110.60329919680953">
        <ele>1015.4</ele>
        <time>2026-08-25T13:00:49.000Z</time>
      </trkpt>
      <trkpt lat="44.63092049583793" lon="110.60353640466928">
        <ele>1016.6</ele>
        <time>2026-08-25T13:01:05.000Z</time>
      </trkpt>
      <trkpt lat="44.630662919953465" lon="110.60377579182386">
        <ele>1017.4</ele>
        <time>2026-08-25T13:01:21.000Z</time>
      </trkpt>
      <trkpt lat="44.6303950343281" lon="110.60402875766158">
        <ele>1017.6</ele>
        <time>2026-08-25T13:01:37.000Z</time>
      </trkpt>
      <trkpt lat="44.63014081120491" lon="110.60425699688494">
        <ele>1018.2</ele>
        <time>2026-08-25T13:01:53.000Z</time>
      </trkpt>
      <trkpt lat="44.62985389865935" lon="110.6045092921704">
        <ele>1018.8</ele>
        <time>2026-08-25T13:02:09.000Z</time>
      </trkpt>
      <trkpt lat="44.629565980285406" lon="110.60477105900645">
        <ele>1019.6</ele>
        <time>2026-08-25T13:02:26.000Z</time>
      </trkpt>
      <trkpt lat="44.62928359396756" lon="110.60502285137773">
        <ele>1020.6</ele>
        <time>2026-08-25T13:02:42.000Z</time>
      </trkpt>
      <trkpt lat="44.62898226454854" lon="110.60528981499374">
        <ele>1022.2</ele>
        <time>2026-08-25T13:02:58.000Z</time>
      </trkpt>
      <trkpt lat="44.628660986199975" lon="110.60557077638805">
        <ele>1023.4</ele>
        <time>2026-08-25T13:03:14.000Z</time>
      </trkpt>
      <trkpt lat="44.628404499962926" lon="110.60581200756133">
        <ele>1023.6</ele>
        <time>2026-08-25T13:03:30.000Z</time>
      </trkpt>
      <trkpt lat="44.62811683304608" lon="110.60606891289353">
        <ele>1024.4</ele>
        <time>2026-08-25T13:03:46.000Z</time>
      </trkpt>
      <trkpt lat="44.627827322110534" lon="110.60632489621639">
        <ele>1025.4</ele>
        <time>2026-08-25T13:04:02.000Z</time>
      </trkpt>
      <trkpt lat="44.627556335181" lon="110.60657350346446">
        <ele>1026.8</ele>
        <time>2026-08-25T13:04:18.000Z</time>
      </trkpt>
      <trkpt lat="44.627273781225085" lon="110.60682848095894">
        <ele>1027</ele>
        <time>2026-08-25T13:04:34.000Z</time>
      </trkpt>
      <trkpt lat="44.62697287090123" lon="110.60709879733622">
        <ele>1027.6</ele>
        <time>2026-08-25T13:04:51.000Z</time>
      </trkpt>
      <trkpt lat="44.626673720777035" lon="110.6073675211519">
        <ele>1028.8</ele>
        <time>2026-08-25T13:05:07.000Z</time>
      </trkpt>
      <trkpt lat="44.62637540884316" lon="110.60762191191316">
        <ele>1030.6</ele>
        <time>2026-08-25T13:05:23.000Z</time>
      </trkpt>
      <trkpt lat="44.62604943662882" lon="110.60789356939495">
        <ele>1032</ele>
        <time>2026-08-25T13:05:39.000Z</time>
      </trkpt>
      <trkpt lat="44.62577635422349" lon="110.60814050026238">
        <ele>1032.6</ele>
        <time>2026-08-25T13:05:55.000Z</time>
      </trkpt>
      <trkpt lat="44.62556127458811" lon="110.60825348831713">
        <ele>1032.8</ele>
        <time>2026-08-25T13:06:11.000Z</time>
      </trkpt>
      <trkpt lat="44.62548357434571" lon="110.60813211835921">
        <ele>1034.4</ele>
        <time>2026-08-25T13:06:36.000Z</time>
      </trkpt>
      <trkpt lat="44.62540537118912" lon="110.60796615667641">
        <ele>1034.2</ele>
        <time>2026-08-25T13:06:53.000Z</time>
      </trkpt>
      <trkpt lat="44.62527411058545" lon="110.60797822661698">
        <ele>1035</ele>
        <time>2026-08-25T13:07:14.000Z</time>
      </trkpt>
      <trkpt lat="44.62512700818479" lon="110.60810538008809">
        <ele>1036</ele>
        <time>2026-08-25T13:07:30.000Z</time>
      </trkpt>
      <trkpt lat="44.62498711422086" lon="110.60822901315987">
        <ele>1037</ele>
        <time>2026-08-25T13:07:46.000Z</time>
      </trkpt>
      <trkpt lat="44.62491628713906" lon="110.6083120778203">
        <ele>1038</ele>
        <time>2026-08-25T13:07:57.000Z</time>
      </trkpt>
      <trkpt lat="44.62474152445793" lon="110.60845708474517">
        <ele>1039</ele>
        <time>2026-08-25T13:08:20.000Z</time>
      </trkpt>
      <trkpt lat="44.62460909038782" lon="110.60854366980493">
        <ele>1041</ele>
        <time>2026-08-25T13:08:36.000Z</time>
      </trkpt>
      <trkpt lat="44.62445938959718" lon="110.60866076499224">
        <ele>1041.4</ele>
        <time>2026-08-25T13:08:52.000Z</time>
      </trkpt>
      <trkpt lat="44.62433156557381" lon="110.60883292928338">
        <ele>1041.2</ele>
        <time>2026-08-25T13:09:08.000Z</time>
      </trkpt>
      <trkpt lat="44.624210530892015" lon="110.60903342440724">
        <ele>1041.4</ele>
        <time>2026-08-25T13:09:24.000Z</time>
      </trkpt>
      <trkpt lat="44.624102991074324" lon="110.60899587348104">
        <ele>1041.6</ele>
        <time>2026-08-25T13:09:35.000Z</time>
      </trkpt>
      <trkpt lat="44.62395823560655" lon="110.60890207998455">
        <ele>1041.2</ele>
        <time>2026-08-25T13:09:50.000Z</time>
      </trkpt>
      <trkpt lat="44.623818676918745" lon="110.60875162482262">
        <ele>1040.8</ele>
        <time>2026-08-25T13:10:06.000Z</time>
      </trkpt>
      <trkpt lat="44.623657492920756" lon="110.60864266008139">
        <ele>1040.8</ele>
        <time>2026-08-25T13:10:22.000Z</time>
      </trkpt>
      <trkpt lat="44.62351072579622" lon="110.6086833961308">
        <ele>1041.6</ele>
        <time>2026-08-25T13:10:38.000Z</time>
      </trkpt>
      <trkpt lat="44.62339639663696" lon="110.60882437974215">
        <ele>1041.4</ele>
        <time>2026-08-25T13:10:54.000Z</time>
      </trkpt>
      <trkpt lat="44.62330972775817" lon="110.60898036696017">
        <ele>1041</ele>
        <time>2026-08-25T13:11:08.000Z</time>
      </trkpt>
      <trkpt lat="44.62327033281326" lon="110.60918287374079">
        <ele>1041.2</ele>
        <time>2026-08-25T13:11:24.000Z</time>
      </trkpt>
      <trkpt lat="44.62329715490341" lon="110.6092827860266">
        <ele>1040.8</ele>
        <time>2026-08-25T13:12:19.000Z</time>
      </trkpt>
      <trkpt lat="44.623126331716776" lon="110.60923199169338">
        <ele>1040.4</ele>
        <time>2026-08-25T13:18:41.000Z</time>
      </trkpt>
      <trkpt lat="44.622941091656685" lon="110.60926518402994">
        <ele>1039.8</ele>
        <time>2026-08-25T13:18:54.000Z</time>
      </trkpt>
      <trkpt lat="44.62274797260761" lon="110.6094572134316">
        <ele>1040.6</ele>
        <time>2026-08-25T13:19:11.000Z</time>
      </trkpt>
      <trkpt lat="44.62255937978625" lon="110.60966835357249">
        <ele>1041.2</ele>
        <time>2026-08-25T13:19:27.000Z</time>
      </trkpt>
      <trkpt lat="44.62236332707107" lon="110.60985133051872">
        <ele>1041.6</ele>
        <time>2026-08-25T13:19:43.000Z</time>
      </trkpt>
      <trkpt lat="44.622117821127176" lon="110.61004855670035">
        <ele>1041.8</ele>
        <time>2026-08-25T13:19:58.000Z</time>
      </trkpt>
      <trkpt lat="44.62182445451617" lon="110.6101063080132">
        <ele>1042</ele>
        <time>2026-08-25T13:20:11.000Z</time>
      </trkpt>
      <trkpt lat="44.62192847393453" lon="110.61004227027297">
        <ele>1040.6</ele>
        <time>2026-08-25T13:20:47.000Z</time>
      </trkpt>
      <trkpt lat="44.62217842228711" lon="110.60985988005996">
        <ele>1040.6</ele>
        <time>2026-08-25T13:20:59.000Z</time>
      </trkpt>
      <trkpt lat="44.622175907716155" lon="110.60991067439318">
        <ele>1041.8</ele>
        <time>2026-08-25T13:21:44.000Z</time>
      </trkpt>
      <trkpt lat="44.62185312062502" lon="110.61009717173874">
        <ele>1042.6</ele>
        <time>2026-08-25T13:21:58.000Z</time>
      </trkpt>
      <trkpt lat="44.62136110290885" lon="110.6101274304092">
        <ele>1041.2</ele>
        <time>2026-08-25T13:22:14.000Z</time>
      </trkpt>
      <trkpt lat="44.62096782401204" lon="110.61018132604659">
        <ele>1039.8</ele>
        <time>2026-08-25T13:22:25.000Z</time>
      </trkpt>
      <trkpt lat="44.62078811600804" lon="110.61048852279782">
        <ele>1039.6</ele>
        <time>2026-08-25T13:22:38.000Z</time>
      </trkpt>
      <trkpt lat="44.62063489481807" lon="110.61083947308362">
        <ele>1039.6</ele>
        <time>2026-08-25T13:22:54.000Z</time>
      </trkpt>
      <trkpt lat="44.62079096585512" lon="110.61087660491467">
        <ele>1039</ele>
        <time>2026-08-25T13:23:06.000Z</time>
      </trkpt>
      <trkpt lat="44.62058812379837" lon="110.61100082471967">
        <ele>1040.4</ele>
        <time>2026-08-25T13:23:43.000Z</time>
      </trkpt>
      <trkpt lat="44.620237005874515" lon="110.61110358685255">
        <ele>1040.2</ele>
        <time>2026-08-25T13:24:00.000Z</time>
      </trkpt>
      <trkpt lat="44.619897454977036" lon="110.61123811639845">
        <ele>1040.4</ele>
        <time>2026-08-25T13:24:16.000Z</time>
      </trkpt>
      <trkpt lat="44.61937056854367" lon="110.61139536090195">
        <ele>1040.2</ele>
        <time>2026-08-25T13:24:32.000Z</time>
      </trkpt>
      <trkpt lat="44.61871418170631" lon="110.61159451492131">
        <ele>1039.2</ele>
        <time>2026-08-25T13:24:48.000Z</time>
      </trkpt>
      <trkpt lat="44.618341606110334" lon="110.61169459484518">
        <ele>1037.8</ele>
        <time>2026-08-25T13:25:27.000Z</time>
      </trkpt>
      <trkpt lat="44.61795260198414" lon="110.6118349917233">
        <ele>1038.2</ele>
        <time>2026-08-25T13:25:43.000Z</time>
      </trkpt>
      <trkpt lat="44.61737089790404" lon="110.61200749129057">
        <ele>1038.4</ele>
        <time>2026-08-25T13:25:59.000Z</time>
      </trkpt>
      <trkpt lat="44.616779470816255" lon="110.61218929477036">
        <ele>1038.2</ele>
        <time>2026-08-25T13:26:16.000Z</time>
      </trkpt>
      <trkpt lat="44.61614219471812" lon="110.6123841740191">
        <ele>1037</ele>
        <time>2026-08-25T13:26:32.000Z</time>
      </trkpt>
      <trkpt lat="44.61539268493652" lon="110.61261132359505">
        <ele>1036.2</ele>
        <time>2026-08-25T13:26:48.000Z</time>
      </trkpt>
      <trkpt lat="44.61446019820869" lon="110.6128955539316">
        <ele>1034.6</ele>
        <time>2026-08-25T13:27:04.000Z</time>
      </trkpt>
      <trkpt lat="44.61356258019805" lon="110.6131677981466">
        <ele>1032.8</ele>
        <time>2026-08-25T13:27:20.000Z</time>
      </trkpt>
      <trkpt lat="44.61269916035235" lon="110.61343166045845">
        <ele>1030</ele>
        <time>2026-08-25T13:27:36.000Z</time>
      </trkpt>
      <trkpt lat="44.611857533454895" lon="110.61367909424007">
        <ele>1029.8</ele>
        <time>2026-08-25T13:27:52.000Z</time>
      </trkpt>
      <trkpt lat="44.61096787825227" lon="110.6139434594661">
        <ele>1029.6</ele>
        <time>2026-08-25T13:28:08.000Z</time>
      </trkpt>
      <trkpt lat="44.610062381252646" lon="110.61421872116625">
        <ele>1028.4</ele>
        <time>2026-08-25T13:28:24.000Z</time>
      </trkpt>
      <trkpt lat="44.609067030251026" lon="110.61451862566173">
        <ele>1025.8</ele>
        <time>2026-08-25T13:28:41.000Z</time>
      </trkpt>
      <trkpt lat="44.60874290205538" lon="110.6146189570427">
        <ele>1025.2</ele>
        <time>2026-08-25T13:28:46.000Z</time>
      </trkpt>
      <trkpt lat="44.60860929451883" lon="110.61466002836823">
        <ele>1025</ele>
        <time>2026-08-25T13:28:48.000Z</time>
      </trkpt>
      <trkpt lat="44.60847266949713" lon="110.61470177024603">
        <ele>1024.4</ele>
        <time>2026-08-25T13:28:50.000Z</time>
      </trkpt>
      <trkpt lat="44.608333529904485" lon="110.61474208720028">
        <ele>1024.2</ele>
        <time>2026-08-25T13:28:52.000Z</time>
      </trkpt>
      <trkpt lat="44.608122389763594" lon="110.61480377800763">
        <ele>1023.8</ele>
        <time>2026-08-25T13:28:55.000Z</time>
      </trkpt>
      <trkpt lat="44.60798040032387" lon="110.6148481182754">
        <ele>1023.2</ele>
        <time>2026-08-25T13:28:57.000Z</time>
      </trkpt>
      <trkpt lat="44.60687457583845" lon="110.6151866633445">
        <ele>1021.6</ele>
        <time>2026-08-25T13:29:13.000Z</time>
      </trkpt>
      <trkpt lat="44.60584997199476" lon="110.61549679376185">
        <ele>1021.8</ele>
        <time>2026-08-25T13:29:29.000Z</time>
      </trkpt>
      <trkpt lat="44.60497993044555" lon="110.61576115898788">
        <ele>1021.2</ele>
        <time>2026-08-25T13:29:45.000Z</time>
      </trkpt>
      <trkpt lat="44.604170909151435" lon="110.6160173099488">
        <ele>1021.8</ele>
        <time>2026-08-25T13:30:01.000Z</time>
      </trkpt>
      <trkpt lat="44.603455094620585" lon="110.61623272486031">
        <ele>1021.8</ele>
        <time>2026-08-25T13:30:17.000Z</time>
      </trkpt>
      <trkpt lat="44.6027288865298" lon="110.61645518057048">
        <ele>1021.4</ele>
        <time>2026-08-25T13:30:33.000Z</time>
      </trkpt>
      <trkpt lat="44.602007707580924" lon="110.61667445115745">
        <ele>1022.2</ele>
        <time>2026-08-25T13:30:49.000Z</time>
      </trkpt>
      <trkpt lat="44.60133966989815" lon="110.61688114888966">
        <ele>1023.6</ele>
        <time>2026-08-25T13:31:06.000Z</time>
      </trkpt>
      <trkpt lat="44.60073231719434" lon="110.61706806533039">
        <ele>1024</ele>
        <time>2026-08-25T13:31:22.000Z</time>
      </trkpt>
      <trkpt lat="44.60008967667818" lon="110.6172639504075">
        <ele>1024.6</ele>
        <time>2026-08-25T13:31:38.000Z</time>
      </trkpt>
      <trkpt lat="44.599435636773705" lon="110.6174544710666">
        <ele>1024.6</ele>
        <time>2026-08-25T13:31:54.000Z</time>
      </trkpt>
      <trkpt lat="44.59876852110028" lon="110.61765999533236">
        <ele>1025.4</ele>
        <time>2026-08-25T13:32:10.000Z</time>
      </trkpt>
      <trkpt lat="44.598229732364416" lon="110.61782117933035">
        <ele>1026.2</ele>
        <time>2026-08-25T13:32:26.000Z</time>
      </trkpt>
      <trkpt lat="44.5977262314409" lon="110.61797322705388">
        <ele>1026.8</ele>
        <time>2026-08-25T13:32:42.000Z</time>
      </trkpt>
      <trkpt lat="44.59719783626497" lon="110.61811379157007">
        <ele>1027.2</ele>
        <time>2026-08-25T13:32:58.000Z</time>
      </trkpt>
      <trkpt lat="44.59673607721925" lon="110.61827690340579">
        <ele>1027.8</ele>
        <time>2026-08-25T13:33:14.000Z</time>
      </trkpt>
      <trkpt lat="44.59620047360659" lon="110.61845409683883">
        <ele>1027.8</ele>
        <time>2026-08-25T13:33:31.000Z</time>
      </trkpt>
      <trkpt lat="44.59559848532081" lon="110.61867571435869">
        <ele>1027.6</ele>
        <time>2026-08-25T13:33:47.000Z</time>
      </trkpt>
      <trkpt lat="44.59495106711984" lon="110.61893647536635">
        <ele>1027.8</ele>
        <time>2026-08-25T13:34:03.000Z</time>
      </trkpt>
      <trkpt lat="44.59422552958131" lon="110.61925247311592">
        <ele>1027</ele>
        <time>2026-08-25T13:34:19.000Z</time>
      </trkpt>
      <trkpt lat="44.59347937256098" lon="110.61958556994796">
        <ele>1026.4</ele>
        <time>2026-08-25T13:34:35.000Z</time>
      </trkpt>
      <trkpt lat="44.59278526715934" lon="110.61988840810955">
        <ele>1025.8</ele>
        <time>2026-08-25T13:34:51.000Z</time>
      </trkpt>
      <trkpt lat="44.592107674106956" lon="110.62018311582506">
        <ele>1026.4</ele>
        <time>2026-08-25T13:35:07.000Z</time>
      </trkpt>
      <trkpt lat="44.59146000444889" lon="110.62046860344708">
        <ele>1025.8</ele>
        <time>2026-08-25T13:35:23.000Z</time>
      </trkpt>
      <trkpt lat="44.590870002284646" lon="110.62072081491351">
        <ele>1026</ele>
        <time>2026-08-25T13:35:39.000Z</time>
      </trkpt>
      <trkpt lat="44.59036398679018" lon="110.62094301916659">
        <ele>1027.6</ele>
        <time>2026-08-25T13:35:56.000Z</time>
      </trkpt>
      <trkpt lat="44.58994866348803" lon="110.62112431973219">
        <ele>1028.8</ele>
        <time>2026-08-25T13:36:12.000Z</time>
      </trkpt>
      <trkpt lat="44.58956150338054" lon="110.6212895270437">
        <ele>1030.6</ele>
        <time>2026-08-25T13:36:28.000Z</time>
      </trkpt>
      <trkpt lat="44.589157830923796" lon="110.621472671628">
        <ele>1030.8</ele>
        <time>2026-08-25T13:36:44.000Z</time>
      </trkpt>
      <trkpt lat="44.588686767965555" lon="110.62167542986572">
        <ele>1031.6</ele>
        <time>2026-08-25T13:37:00.000Z</time>
      </trkpt>
      <trkpt lat="44.588232804089785" lon="110.6218542996794">
        <ele>1032.2</ele>
        <time>2026-08-25T13:37:16.000Z</time>
      </trkpt>
      <trkpt lat="44.587781857699156" lon="110.6220889929682">
        <ele>1032.4</ele>
        <time>2026-08-25T13:37:32.000Z</time>
      </trkpt>
      <trkpt lat="44.587294114753604" lon="110.62233760021627">
        <ele>1033.2</ele>
        <time>2026-08-25T13:37:48.000Z</time>
      </trkpt>
      <trkpt lat="44.586809473112226" lon="110.62259802594781">
        <ele>1034</ele>
        <time>2026-08-25T13:38:05.000Z</time>
      </trkpt>
      <trkpt lat="44.58635626360774" lon="110.62285635620356">
        <ele>1035.4</ele>
        <time>2026-08-25T13:38:21.000Z</time>
      </trkpt>
      <trkpt lat="44.58590121008456" lon="110.62313522212207">
        <ele>1036.2</ele>
        <time>2026-08-25T13:38:37.000Z</time>
      </trkpt>
      <trkpt lat="44.585433416068554" lon="110.62341266311705">
        <ele>1036.2</ele>
        <time>2026-08-25T13:38:53.000Z</time>
      </trkpt>
      <trkpt lat="44.5851340983063" lon="110.62361852265894">
        <ele>1036.2</ele>
        <time>2026-08-25T13:39:03.000Z</time>
      </trkpt>
      <trkpt lat="44.584654066711664" lon="110.62397341243923">
        <ele>1036.4</ele>
        <time>2026-08-25T13:39:19.000Z</time>
      </trkpt>
      <trkpt lat="44.58415190689266" lon="110.6243443954736">
        <ele>1035.4</ele>
        <time>2026-08-25T13:39:35.000Z</time>
      </trkpt>
      <trkpt lat="44.5836628228426" lon="110.62472568824887">
        <ele>1035.8</ele>
        <time>2026-08-25T13:39:51.000Z</time>
      </trkpt>
      <trkpt lat="44.583166781812906" lon="110.62513807788491">
        <ele>1036.6</ele>
        <time>2026-08-25T13:40:07.000Z</time>
      </trkpt>
      <trkpt lat="44.58268431946635" lon="110.62553563155234">
        <ele>1036.6</ele>
        <time>2026-08-25T13:40:23.000Z</time>
      </trkpt>
      <trkpt lat="44.58222113549709" lon="110.62590954825282">
        <ele>1036.4</ele>
        <time>2026-08-25T13:40:39.000Z</time>
      </trkpt>
      <trkpt lat="44.581773122772574" lon="110.6262697186321">
        <ele>1036.2</ele>
        <time>2026-08-25T13:40:55.000Z</time>
      </trkpt>
      <trkpt lat="44.581391997635365" lon="110.62661069445312">
        <ele>1036.2</ele>
        <time>2026-08-25T13:41:11.000Z</time>
      </trkpt>
      <trkpt lat="44.58093132823706" lon="110.62699290923774">
        <ele>1036</ele>
        <time>2026-08-25T13:41:27.000Z</time>
      </trkpt>
      <trkpt lat="44.580432856455445" lon="110.62741477042437">
        <ele>1036.4</ele>
        <time>2026-08-25T13:41:43.000Z</time>
      </trkpt>
      <trkpt lat="44.579946203157306" lon="110.6278152577579">
        <ele>1036.8</ele>
        <time>2026-08-25T13:41:59.000Z</time>
      </trkpt>
      <trkpt lat="44.57949785515666" lon="110.62819571234286">
        <ele>1036.8</ele>
        <time>2026-08-25T13:42:15.000Z</time>
      </trkpt>
      <trkpt lat="44.579030480235815" lon="110.62858111225069">
        <ele>1037.8</ele>
        <time>2026-08-25T13:42:31.000Z</time>
      </trkpt>
      <trkpt lat="44.57856117747724" lon="110.62897221185267">
        <ele>1038.2</ele>
        <time>2026-08-25T13:42:47.000Z</time>
      </trkpt>
      <trkpt lat="44.57813202403486" lon="110.62933254987001">
        <ele>1038.2</ele>
        <time>2026-08-25T13:43:04.000Z</time>
      </trkpt>
      <trkpt lat="44.577743858098984" lon="110.62965676188469">
        <ele>1039.2</ele>
        <time>2026-08-25T13:43:20.000Z</time>
      </trkpt>
      <trkpt lat="44.57741528749466" lon="110.62992699444294">
        <ele>1040.4</ele>
        <time>2026-08-25T13:43:36.000Z</time>
      </trkpt>
      <trkpt lat="44.57705017179251" lon="110.63023209571838">
        <ele>1041.4</ele>
        <time>2026-08-25T13:43:52.000Z</time>
      </trkpt>
      <trkpt lat="44.576712884008884" lon="110.63050710596144">
        <ele>1042.4</ele>
        <time>2026-08-25T13:44:08.000Z</time>
      </trkpt>
      <trkpt lat="44.57635900005698" lon="110.63080281950533">
        <ele>1043.8</ele>
        <time>2026-08-25T13:44:24.000Z</time>
      </trkpt>
      <trkpt lat="44.57604627124965" lon="110.63110984861851">
        <ele>1044.4</ele>
        <time>2026-08-25T13:44:40.000Z</time>
      </trkpt>
      <trkpt lat="44.57572029903531" lon="110.63143070787191">
        <ele>1045</ele>
        <time>2026-08-25T13:44:56.000Z</time>
      </trkpt>
      <trkpt lat="44.57538275979459" lon="110.63177403062582">
        <ele>1044.6</ele>
        <time>2026-08-25T13:45:13.000Z</time>
      </trkpt>
      <trkpt lat="44.575015380978584" lon="110.63216596841812">
        <ele>1044.6</ele>
        <time>2026-08-25T13:45:29.000Z</time>
      </trkpt>
      <trkpt lat="44.57452311180532" lon="110.63268237747252">
        <ele>1044</ele>
        <time>2026-08-25T13:45:45.000Z</time>
      </trkpt>
      <trkpt lat="44.57405397668481" lon="110.63325419090688">
        <ele>1043.6</ele>
        <time>2026-08-25T13:46:01.000Z</time>
      </trkpt>
      <trkpt lat="44.57355223596096" lon="110.63392189331353">
        <ele>1042.6</ele>
        <time>2026-08-25T13:46:17.000Z</time>
      </trkpt>
      <trkpt lat="44.57305569201708" lon="110.63459755852818">
        <ele>1041.2</ele>
        <time>2026-08-25T13:46:33.000Z</time>
      </trkpt>
      <trkpt lat="44.57254422828555" lon="110.63532745465636">
        <ele>1039.4</ele>
        <time>2026-08-25T13:46:49.000Z</time>
      </trkpt>
      <trkpt lat="44.5719803776592" lon="110.63613262027502">
        <ele>1038</ele>
        <time>2026-08-25T13:47:05.000Z</time>
      </trkpt>
      <trkpt lat="44.5713828317821" lon="110.63698179088533">
        <ele>1036</ele>
        <time>2026-08-25T13:47:21.000Z</time>
      </trkpt>
      <trkpt lat="44.57074731588364" lon="110.63788686878979">
        <ele>1033.6</ele>
        <time>2026-08-25T13:47:38.000Z</time>
      </trkpt>
      <trkpt lat="44.57008631899953" lon="110.63882782123983">
        <ele>1031.2</ele>
        <time>2026-08-25T13:47:54.000Z</time>
      </trkpt>
      <trkpt lat="44.56942046061158" lon="110.63977589830756">
        <ele>1029</ele>
        <time>2026-08-25T13:48:10.000Z</time>
      </trkpt>
      <trkpt lat="44.568752171471715" lon="110.64072514884174">
        <ele>1026.4</ele>
        <time>2026-08-25T13:48:26.000Z</time>
      </trkpt>
      <trkpt lat="44.56810953095555" lon="110.64163785427809">
        <ele>1026</ele>
        <time>2026-08-25T13:48:42.000Z</time>
      </trkpt>
      <trkpt lat="44.56762078218162" lon="110.6423575244844">
        <ele>1025.6</ele>
        <time>2026-08-25T13:48:58.000Z</time>
      </trkpt>
      <trkpt lat="44.56717260181904" lon="110.64307476393878">
        <ele>1025.6</ele>
        <time>2026-08-25T13:49:14.000Z</time>
      </trkpt>
      <trkpt lat="44.566746382042766" lon="110.6438008043915">
        <ele>1025.6</ele>
        <time>2026-08-25T13:49:30.000Z</time>
      </trkpt>
      <trkpt lat="44.56632988527417" lon="110.6445743702352">
        <ele>1025.4</ele>
        <time>2026-08-25T13:49:46.000Z</time>
      </trkpt>
      <trkpt lat="44.56594817340374" lon="110.64533502794802">
        <ele>1025.4</ele>
        <time>2026-08-25T13:50:03.000Z</time>
      </trkpt>
      <trkpt lat="44.56557886675" lon="110.64613541588187">
        <ele>1026.2</ele>
        <time>2026-08-25T13:50:19.000Z</time>
      </trkpt>
      <trkpt lat="44.56525691784918" lon="110.64689112827182">
        <ele>1026.6</ele>
        <time>2026-08-25T13:50:35.000Z</time>
      </trkpt>
      <trkpt lat="44.564963299781084" lon="110.64764248207211">
        <ele>1025.8</ele>
        <time>2026-08-25T13:50:51.000Z</time>
      </trkpt>
      <trkpt lat="44.564696587622166" lon="110.64838143065572">
        <ele>1026</ele>
        <time>2026-08-25T13:51:07.000Z</time>
      </trkpt>
      <trkpt lat="44.56447438336909" lon="110.64902155660093">
        <ele>1026</ele>
        <time>2026-08-25T13:51:23.000Z</time>
      </trkpt>
      <trkpt lat="44.56426542252302" lon="110.6496169231832">
        <ele>1026.8</ele>
        <time>2026-08-25T13:51:39.000Z</time>
      </trkpt>
      <trkpt lat="44.56408311612904" lon="110.65014322288334">
        <ele>1028.2</ele>
        <time>2026-08-25T13:51:55.000Z</time>
      </trkpt>
      <trkpt lat="44.56390433013439" lon="110.6506481487304">
        <ele>1028.6</ele>
        <time>2026-08-25T13:52:11.000Z</time>
      </trkpt>
      <trkpt lat="44.56372923217714" lon="110.65115156583488">
        <ele>1029</ele>
        <time>2026-08-25T13:52:28.000Z</time>
      </trkpt>
      <trkpt lat="44.56356310285628" lon="110.65162849612534">
        <ele>1030.2</ele>
        <time>2026-08-25T13:52:44.000Z</time>
      </trkpt>
      <trkpt lat="44.563396805897355" lon="110.65210416913033">
        <ele>1031.2</ele>
        <time>2026-08-25T13:53:00.000Z</time>
      </trkpt>
      <trkpt lat="44.56321978010237" lon="110.65260917879641">
        <ele>1031.6</ele>
        <time>2026-08-25T13:53:16.000Z</time>
      </trkpt>
      <trkpt lat="44.56303043290973" lon="110.65314796753228">
        <ele>1032.8</ele>
        <time>2026-08-25T13:53:32.000Z</time>
      </trkpt>
      <trkpt lat="44.562872517853975" lon="110.65359589643776">
        <ele>1033.4</ele>
        <time>2026-08-25T13:53:48.000Z</time>
      </trkpt>
      <trkpt lat="44.56270722672343" lon="110.6540772691369">
        <ele>1034.2</ele>
        <time>2026-08-25T13:54:04.000Z</time>
      </trkpt>
      <trkpt lat="44.562518717721105" lon="110.65459149889648">
        <ele>1035.4</ele>
        <time>2026-08-25T13:54:20.000Z</time>
      </trkpt>
      <trkpt lat="44.56234001554549" lon="110.65512626431882">
        <ele>1035.6</ele>
        <time>2026-08-25T13:54:36.000Z</time>
      </trkpt>
      <trkpt lat="44.56216416321695" lon="110.65563512966037">
        <ele>1036.2</ele>
        <time>2026-08-25T13:54:53.000Z</time>
      </trkpt>
      <trkpt lat="44.56194958649576" lon="110.65620878711343">
        <ele>1036.4</ele>
        <time>2026-08-25T13:55:09.000Z</time>
      </trkpt>
      <trkpt lat="44.56171858124435" lon="110.65678797662258">
        <ele>1037.4</ele>
        <time>2026-08-25T13:55:25.000Z</time>
      </trkpt>
      <trkpt lat="44.561475003138185" lon="110.65736766904593">
        <ele>1037.8</ele>
        <time>2026-08-25T13:55:41.000Z</time>
      </trkpt>
      <trkpt lat="44.5612205285579" lon="110.6579408235848">
        <ele>1038</ele>
        <time>2026-08-25T13:55:57.000Z</time>
      </trkpt>
      <trkpt lat="44.56091576255858" lon="110.65858631394804">
        <ele>1038.6</ele>
        <time>2026-08-25T13:56:13.000Z</time>
      </trkpt>
      <trkpt lat="44.56059071235359" lon="110.6592287030071">
        <ele>1039</ele>
        <time>2026-08-25T13:56:29.000Z</time>
      </trkpt>
      <trkpt lat="44.56024495884776" lon="110.65988877788186">
        <ele>1039.2</ele>
        <time>2026-08-25T13:56:45.000Z</time>
      </trkpt>
      <trkpt lat="44.55989048816264" lon="110.6605564802885">
        <ele>1039.2</ele>
        <time>2026-08-25T13:57:01.000Z</time>
      </trkpt>
      <trkpt lat="44.559563007205725" lon="110.66119845025241">
        <ele>1040.2</ele>
        <time>2026-08-25T13:57:18.000Z</time>
      </trkpt>
      <trkpt lat="44.55923426896334" lon="110.66190688870847">
        <ele>1039.4</ele>
        <time>2026-08-25T13:57:34.000Z</time>
      </trkpt>
      <trkpt lat="44.558942997828126" lon="110.66262706182897">
        <ele>1039</ele>
        <time>2026-08-25T13:57:50.000Z</time>
      </trkpt>
      <trkpt lat="44.558698665350676" lon="110.66334589384496">
        <ele>1038.2</ele>
        <time>2026-08-25T13:58:06.000Z</time>
      </trkpt>
      <trkpt lat="44.55848526209593" lon="110.66406765952706">
        <ele>1038.2</ele>
        <time>2026-08-25T13:58:22.000Z</time>
      </trkpt>
      <trkpt lat="44.55831787548959" lon="110.66476754844189">
        <ele>1038.4</ele>
        <time>2026-08-25T13:58:38.000Z</time>
      </trkpt>
      <trkpt lat="44.558190973475575" lon="110.66539325751364">
        <ele>1038.4</ele>
        <time>2026-08-25T13:58:54.000Z</time>
      </trkpt>
      <trkpt lat="44.55806088633835" lon="110.66609876230359">
        <ele>1038.2</ele>
        <time>2026-08-25T13:59:10.000Z</time>
      </trkpt>
      <trkpt lat="44.55794655717909" lon="110.6666643731296">
        <ele>1037.6</ele>
        <time>2026-08-25T13:59:26.000Z</time>
      </trkpt>
      <trkpt lat="44.55782242119312" lon="110.66739452071488">
        <ele>1037.2</ele>
        <time>2026-08-25T13:59:43.000Z</time>
      </trkpt>
      <trkpt lat="44.5576629973948" lon="110.66825944930315">
        <ele>1036.4</ele>
        <time>2026-08-25T13:59:59.000Z</time>
      </trkpt>
      <trkpt lat="44.557503405958414" lon="110.66911607980728">
        <ele>1034.2</ele>
        <time>2026-08-25T14:00:15.000Z</time>
      </trkpt>
      <trkpt lat="44.55732990056276" lon="110.6700646597892">
        <ele>1032.8</ele>
        <time>2026-08-25T14:00:31.000Z</time>
      </trkpt>
      <trkpt lat="44.55713535659015" lon="110.67110351286829">
        <ele>1031</ele>
        <time>2026-08-25T14:00:47.000Z</time>
      </trkpt>
      <trkpt lat="44.557070061564445" lon="110.67145111039281">
        <ele>1030.4</ele>
        <time>2026-08-25T14:00:57.000Z</time>
      </trkpt>
      <trkpt lat="44.55711423419416" lon="110.67121842876077">
        <ele>1029.8</ele>
        <time>2026-08-25T14:01:14.000Z</time>
      </trkpt>
      <trkpt lat="44.55715538933873" lon="110.67100955173373">
        <ele>1030.6</ele>
        <time>2026-08-25T14:01:24.000Z</time>
      </trkpt>
      <trkpt lat="44.557014321908355" lon="110.67175964824855">
        <ele>1030</ele>
        <time>2026-08-25T14:01:50.000Z</time>
      </trkpt>
      <trkpt lat="44.55686110071838" lon="110.67256355658174">
        <ele>1028.8</ele>
        <time>2026-08-25T14:02:07.000Z</time>
      </trkpt>
      <trkpt lat="44.55668558366597" lon="110.67336587235332">
        <ele>1027.8</ele>
        <time>2026-08-25T14:02:23.000Z</time>
      </trkpt>
      <trkpt lat="44.556470420211554" lon="110.67423842847347">
        <ele>1026.8</ele>
        <time>2026-08-25T14:02:39.000Z</time>
      </trkpt>
      <trkpt lat="44.55621913075447" lon="110.67512749694288">
        <ele>1025.6</ele>
        <time>2026-08-25T14:02:55.000Z</time>
      </trkpt>
      <trkpt lat="44.55591612495482" lon="110.67611161619425">
        <ele>1024.4</ele>
        <time>2026-08-25T14:03:11.000Z</time>
      </trkpt>
      <trkpt lat="44.55561311915517" lon="110.67701208405197">
        <ele>1023.8</ele>
        <time>2026-08-25T14:03:27.000Z</time>
      </trkpt>
      <trkpt lat="44.555283123627305" lon="110.67790777422488">
        <ele>1023.2</ele>
        <time>2026-08-25T14:03:43.000Z</time>
      </trkpt>
      <trkpt lat="44.55491348169744" lon="110.67878267727792">
        <ele>1021.2</ele>
        <time>2026-08-25T14:03:59.000Z</time>
      </trkpt>
      <trkpt lat="44.55448801629245" lon="110.67970862612128">
        <ele>1019.4</ele>
        <time>2026-08-25T14:04:16.000Z</time>
      </trkpt>
      <trkpt lat="44.554020473733544" lon="110.6806297134608">
        <ele>1017.4</ele>
        <time>2026-08-25T14:04:32.000Z</time>
      </trkpt>
      <trkpt lat="44.55344757065177" lon="110.68164627067745">
        <ele>1015</ele>
        <time>2026-08-25T14:04:48.000Z</time>
      </trkpt>
      <trkpt lat="44.55279621295631" lon="110.68282585591078">
        <ele>1011.4</ele>
        <time>2026-08-25T14:05:04.000Z</time>
      </trkpt>
      <trkpt lat="44.55266092903912" lon="110.68306775763631">
        <ele>1011</ele>
        <time>2026-08-25T14:05:07.000Z</time>
      </trkpt>
      <trkpt lat="44.55256797373295" lon="110.68323631770909">
        <ele>1010.6</ele>
        <time>2026-08-25T14:05:09.000Z</time>
      </trkpt>
      <trkpt lat="44.5524478610605" lon="110.68345248699188">
        <ele>1010.2</ele>
        <time>2026-08-25T14:05:11.000Z</time>
      </trkpt>
      <trkpt lat="44.55232615582645" lon="110.68367502652109">
        <ele>1009.6</ele>
        <time>2026-08-25T14:05:13.000Z</time>
      </trkpt>
      <trkpt lat="44.55217561684549" lon="110.68394928239286">
        <ele>1008.8</ele>
        <time>2026-08-25T14:05:18.000Z</time>
      </trkpt>
      <trkpt lat="44.55165778286755" lon="110.68489668890834">
        <ele>1007.2</ele>
        <time>2026-08-25T14:05:27.000Z</time>
      </trkpt>
      <trkpt lat="44.55087055452168" lon="110.68632982671261">
        <ele>1004.4</ele>
        <time>2026-08-25T14:05:43.000Z</time>
      </trkpt>
      <trkpt lat="44.55016396008432" lon="110.68761795759201">
        <ele>1001.8</ele>
        <time>2026-08-25T14:05:59.000Z</time>
      </trkpt>
      <trkpt lat="44.54961000010371" lon="110.68861632607877">
        <ele>999.8</ele>
        <time>2026-08-25T14:06:15.000Z</time>
      </trkpt>
      <trkpt lat="44.54916215501726" lon="110.68943867459893">
        <ele>1000.4</ele>
        <time>2026-08-25T14:06:31.000Z</time>
      </trkpt>
      <trkpt lat="44.54876342788339" lon="110.6901658885181">
        <ele>999.4</ele>
        <time>2026-08-25T14:06:48.000Z</time>
      </trkpt>
      <trkpt lat="44.54835908487439" lon="110.69090626202524">
        <ele>1000.8</ele>
        <time>2026-08-25T14:07:04.000Z</time>
      </trkpt>
      <trkpt lat="44.5479994174093" lon="110.69157421588898">
        <ele>998.8</ele>
        <time>2026-08-25T14:07:20.000Z</time>
      </trkpt>
      <trkpt lat="44.5476161967963" lon="110.69227896630764">
        <ele>999.4</ele>
        <time>2026-08-25T14:07:36.000Z</time>
      </trkpt>
      <trkpt lat="44.54721327871084" lon="110.69300131872296">
        <ele>998</ele>
        <time>2026-08-25T14:07:52.000Z</time>
      </trkpt>
      <trkpt lat="44.54681639559567" lon="110.69362979382277">
        <ele>997.8</ele>
        <time>2026-08-25T14:08:08.000Z</time>
      </trkpt>
      <trkpt lat="44.54642806202173" lon="110.69415416568518">
        <ele>998.6</ele>
        <time>2026-08-25T14:08:24.000Z</time>
      </trkpt>
      <trkpt lat="44.54598340205848" lon="110.69462958723307">
        <ele>999</ele>
        <time>2026-08-25T14:08:40.000Z</time>
      </trkpt>
      <trkpt lat="44.545487528666854" lon="110.69505865685642">
        <ele>999.6</ele>
        <time>2026-08-25T14:08:56.000Z</time>
      </trkpt>
      <trkpt lat="44.54491873271763" lon="110.69543207064271">
        <ele>999.6</ele>
        <time>2026-08-25T14:09:13.000Z</time>
      </trkpt>
      <trkpt lat="44.54431213438511" lon="110.69573365151882">
        <ele>999.2</ele>
        <time>2026-08-25T14:09:29.000Z</time>
      </trkpt>
      <trkpt lat="44.543695226311684" lon="110.69601645693183">
        <ele>998.8</ele>
        <time>2026-08-25T14:09:45.000Z</time>
      </trkpt>
      <trkpt lat="44.543004892766476" lon="110.69632977247238">
        <ele>998.8</ele>
        <time>2026-08-25T14:10:01.000Z</time>
      </trkpt>
      <trkpt lat="44.54232101328671" lon="110.69663680158556">
        <ele>998.4</ele>
        <time>2026-08-25T14:10:17.000Z</time>
      </trkpt>
      <trkpt lat="44.541677199304104" lon="110.69692094810307">
        <ele>998.8</ele>
        <time>2026-08-25T14:10:33.000Z</time>
      </trkpt>
      <trkpt lat="44.54111033119261" lon="110.69717911072075">
        <ele>998</ele>
        <time>2026-08-25T14:10:49.000Z</time>
      </trkpt>
      <trkpt lat="44.54049736261368" lon="110.69745495915413">
        <ele>998.2</ele>
        <time>2026-08-25T14:11:05.000Z</time>
      </trkpt>
      <trkpt lat="44.539841478690505" lon="110.69774656556547">
        <ele>998</ele>
        <time>2026-08-25T14:11:21.000Z</time>
      </trkpt>
      <trkpt lat="44.5391907915473" lon="110.6980381719768">
        <ele>999</ele>
        <time>2026-08-25T14:11:38.000Z</time>
      </trkpt>
      <trkpt lat="44.538561729714274" lon="110.69832106120884">
        <ele>999.4</ele>
        <time>2026-08-25T14:11:54.000Z</time>
      </trkpt>
      <trkpt lat="44.537885561585426" lon="110.69864192046225">
        <ele>999</ele>
        <time>2026-08-25T14:12:10.000Z</time>
      </trkpt>
      <trkpt lat="44.53715709038079" lon="110.69902036339045">
        <ele>998.8</ele>
        <time>2026-08-25T14:12:26.000Z</time>
      </trkpt>
      <trkpt lat="44.53647019341588" lon="110.69939679466188">
        <ele>998.4</ele>
        <time>2026-08-25T14:12:42.000Z</time>
      </trkpt>
      <trkpt lat="44.535761922597885" lon="110.69979342631996">
        <ele>997.2</ele>
        <time>2026-08-25T14:12:58.000Z</time>
      </trkpt>
      <trkpt lat="44.534950302913785" lon="110.70024437271059">
        <ele>996.4</ele>
        <time>2026-08-25T14:13:14.000Z</time>
      </trkpt>
      <trkpt lat="44.53411311842501" lon="110.70070621557534">
        <ele>995.2</ele>
        <time>2026-08-25T14:13:30.000Z</time>
      </trkpt>
      <trkpt lat="44.53332966193557" lon="110.701141403988">
        <ele>994.8</ele>
        <time>2026-08-25T14:13:47.000Z</time>
      </trkpt>
      <trkpt lat="44.532579984515905" lon="110.70156066678464">
        <ele>995</ele>
        <time>2026-08-25T14:14:03.000Z</time>
      </trkpt>
      <trkpt lat="44.531803485006094" lon="110.70198747329414">
        <ele>995.4</ele>
        <time>2026-08-25T14:14:19.000Z</time>
      </trkpt>
      <trkpt lat="44.53110569156706" lon="110.7023763936013">
        <ele>995.4</ele>
        <time>2026-08-25T14:14:35.000Z</time>
      </trkpt>
      <trkpt lat="44.530446622520685" lon="110.70274544879794">
        <ele>995.4</ele>
        <time>2026-08-25T14:14:51.000Z</time>
      </trkpt>
      <trkpt lat="44.529767436906695" lon="110.70311978459358">
        <ele>995</ele>
        <time>2026-08-25T14:15:07.000Z</time>
      </trkpt>
      <trkpt lat="44.52911892905831" lon="110.70347961969674">
        <ele>995.8</ele>
        <time>2026-08-25T14:15:23.000Z</time>
      </trkpt>
      <trkpt lat="44.5285342913121" lon="110.7038061786443">
        <ele>995.4</ele>
        <time>2026-08-25T14:15:39.000Z</time>
      </trkpt>
      <trkpt lat="44.5279747992754" lon="110.70412502624094">
        <ele>996.2</ele>
        <time>2026-08-25T14:15:55.000Z</time>
      </trkpt>
      <trkpt lat="44.527498288080096" lon="110.70441386662424">
        <ele>996.8</ele>
        <time>2026-08-25T14:16:12.000Z</time>
      </trkpt>
      <trkpt lat="44.52700166031718" lon="110.70473589934409">
        <ele>997.2</ele>
        <time>2026-08-25T14:16:28.000Z</time>
      </trkpt>
      <trkpt lat="44.52646119520068" lon="110.70510579273105">
        <ele>997.2</ele>
        <time>2026-08-25T14:16:44.000Z</time>
      </trkpt>
      <trkpt lat="44.525914527475834" lon="110.70549731142819">
        <ele>998</ele>
        <time>2026-08-25T14:17:00.000Z</time>
      </trkpt>
      <trkpt lat="44.525336008518934" lon="110.70595219731331">
        <ele>997.8</ele>
        <time>2026-08-25T14:17:16.000Z</time>
      </trkpt>
      <trkpt lat="44.524764278903604" lon="110.70643859915435">
        <ele>997.6</ele>
        <time>2026-08-25T14:17:32.000Z</time>
      </trkpt>
      <trkpt lat="44.52414728701115" lon="110.70698929019272">
        <ele>997.2</ele>
        <time>2026-08-25T14:17:48.000Z</time>
      </trkpt>
      <trkpt lat="44.52354102395475" lon="110.70757702924311">
        <ele>997</ele>
        <time>2026-08-25T14:18:04.000Z</time>
      </trkpt>
      <trkpt lat="44.52296652831137" lon="110.70814901031554">
        <ele>996.4</ele>
        <time>2026-08-25T14:18:20.000Z</time>
      </trkpt>
      <trkpt lat="44.522394966334105" lon="110.70875317789614">
        <ele>994.8</ele>
        <time>2026-08-25T14:18:37.000Z</time>
      </trkpt>
      <trkpt lat="44.52182021923363" lon="110.70936908014119">
        <ele>994.2</ele>
        <time>2026-08-25T14:18:53.000Z</time>
      </trkpt>
      <trkpt lat="44.521267767995596" lon="110.70995916612446">
        <ele>993.4</ele>
        <time>2026-08-25T14:19:09.000Z</time>
      </trkpt>
      <trkpt lat="44.52085621654987" lon="110.71039938367903">
        <ele>993</ele>
        <time>2026-08-25T14:19:25.000Z</time>
      </trkpt>
      <trkpt lat="44.52066142112017" lon="110.71060616523027">
        <ele>991.8</ele>
        <time>2026-08-25T14:19:37.000Z</time>
      </trkpt>
      <trkpt lat="44.52053586021066" lon="110.71073382161558">
        <ele>992.2</ele>
        <time>2026-08-25T14:23:34.000Z</time>
      </trkpt>
      <trkpt lat="44.5201295055449" lon="110.71118091233075">
        <ele>991.2</ele>
        <time>2026-08-25T14:23:50.000Z</time>
      </trkpt>
      <trkpt lat="44.51963296160102" lon="110.71170955896378">
        <ele>990</ele>
        <time>2026-08-25T14:24:06.000Z</time>
      </trkpt>
      <trkpt lat="44.51904505491257" lon="110.71234121918678">
        <ele>989</ele>
        <time>2026-08-25T14:24:22.000Z</time>
      </trkpt>
      <trkpt lat="44.51842362061143" lon="110.71300825104117">
        <ele>986.4</ele>
        <time>2026-08-25T14:24:38.000Z</time>
      </trkpt>
      <trkpt lat="44.51770277693868" lon="110.71376848965883">
        <ele>985.2</ele>
        <time>2026-08-25T14:24:54.000Z</time>
      </trkpt>
      <trkpt lat="44.517254177480936" lon="110.71422161534429">
        <ele>985</ele>
        <time>2026-08-25T14:25:09.000Z</time>
      </trkpt>
      <trkpt lat="44.517003977671266" lon="110.71451531723142">
        <ele>986.4</ele>
        <time>2026-08-25T14:26:40.000Z</time>
      </trkpt>
      <trkpt lat="44.516642885282636" lon="110.71489560417831">
        <ele>986.4</ele>
        <time>2026-08-25T14:26:56.000Z</time>
      </trkpt>
      <trkpt lat="44.516186490654945" lon="110.71538577787578">
        <ele>986.6</ele>
        <time>2026-08-25T14:27:12.000Z</time>
      </trkpt>
      <trkpt lat="44.51570302248001" lon="110.71589816361666">
        <ele>986.8</ele>
        <time>2026-08-25T14:27:28.000Z</time>
      </trkpt>
      <trkpt lat="44.51521678827703" lon="110.71641968563199">
        <ele>987.8</ele>
        <time>2026-08-25T14:27:44.000Z</time>
      </trkpt>
      <trkpt lat="44.514698116108775" lon="110.71697716601193">
        <ele>988</ele>
        <time>2026-08-25T14:28:00.000Z</time>
      </trkpt>
      <trkpt lat="44.51412437483668" lon="110.71759290061891">
        <ele>988.8</ele>
        <time>2026-08-25T14:28:17.000Z</time>
      </trkpt>
      <trkpt lat="44.513528756797314" lon="110.71822355501354">
        <ele>986.6</ele>
        <time>2026-08-25T14:28:33.000Z</time>
      </trkpt>
      <trkpt lat="44.51296557672322" lon="110.7188244536519">
        <ele>985</ele>
        <time>2026-08-25T14:28:49.000Z</time>
      </trkpt>
      <trkpt lat="44.51234556734562" lon="110.71948570199311">
        <ele>984.2</ele>
        <time>2026-08-25T14:29:05.000Z</time>
      </trkpt>
      <trkpt lat="44.51170560903847" lon="110.72016815654933">
        <ele>983.8</ele>
        <time>2026-08-25T14:29:21.000Z</time>
      </trkpt>
      <trkpt lat="44.511040169745684" lon="110.72087441571057">
        <ele>983.2</ele>
        <time>2026-08-25T14:29:37.000Z</time>
      </trkpt>
      <trkpt lat="44.510396691039205" lon="110.72156575508416">
        <ele>983</ele>
        <time>2026-08-25T14:29:53.000Z</time>
      </trkpt>
      <trkpt lat="44.509748769924045" lon="110.72225608862936">
        <ele>982.2</ele>
        <time>2026-08-25T14:30:09.000Z</time>
      </trkpt>
      <trkpt lat="44.509172681719065" lon="110.72287257760763">
        <ele>982</ele>
        <time>2026-08-25T14:30:26.000Z</time>
      </trkpt>
      <trkpt lat="44.50862576253712" lon="110.72345461696386">
        <ele>982.2</ele>
        <time>2026-08-25T14:30:42.000Z</time>
      </trkpt>
      <trkpt lat="44.508131900802255" lon="110.72398049756885">
        <ele>982.4</ele>
        <time>2026-08-25T14:30:58.000Z</time>
      </trkpt>
      <trkpt lat="44.50769880786538" lon="110.72443236596882">
        <ele>982.2</ele>
        <time>2026-08-25T14:31:14.000Z</time>
      </trkpt>
      <trkpt lat="44.507652875036" lon="110.72449355386198">
        <ele>981.8</ele>
        <time>2026-08-25T14:32:25.000Z</time>
      </trkpt>
      <trkpt lat="44.507290022447705" lon="110.72486931458116">
        <ele>982</ele>
        <time>2026-08-25T14:32:41.000Z</time>
      </trkpt>
      <trkpt lat="44.50688626617193" lon="110.72532352991402">
        <ele>982.2</ele>
        <time>2026-08-25T14:32:58.000Z</time>
      </trkpt>
      <trkpt lat="44.5064717810601" lon="110.72577229700983">
        <ele>983.2</ele>
        <time>2026-08-25T14:33:14.000Z</time>
      </trkpt>
      <trkpt lat="44.50603089295328" lon="110.72623564861715">
        <ele>983.6</ele>
        <time>2026-08-25T14:33:30.000Z</time>
      </trkpt>
      <trkpt lat="44.5055806171149" lon="110.72672288864851">
        <ele>984.2</ele>
        <time>2026-08-25T14:33:46.000Z</time>
      </trkpt>
      <trkpt lat="44.50513302348554" lon="110.72719680145383">
        <ele>984.4</ele>
        <time>2026-08-25T14:34:02.000Z</time>
      </trkpt>
      <trkpt lat="44.50470982119441" lon="110.72764850221574">
        <ele>984.8</ele>
        <time>2026-08-25T14:34:18.000Z</time>
      </trkpt>
      <trkpt lat="44.50426273047924" lon="110.72811160236597">
        <ele>984.8</ele>
        <time>2026-08-25T14:34:34.000Z</time>
      </trkpt>
      <trkpt lat="44.503709357231855" lon="110.72868961840868">
        <ele>984.8</ele>
        <time>2026-08-25T14:34:50.000Z</time>
      </trkpt>
      <trkpt lat="44.50318247079849" lon="110.72924349457026">
        <ele>985.8</ele>
        <time>2026-08-25T14:35:06.000Z</time>
      </trkpt>
      <trkpt lat="44.50272046029568" lon="110.72972872294486">
        <ele>986</ele>
        <time>2026-08-25T14:35:23.000Z</time>
      </trkpt>
      <trkpt lat="44.50231662020087" lon="110.73015410453081">
        <ele>986.6</ele>
        <time>2026-08-25T14:35:39.000Z</time>
      </trkpt>
      <trkpt lat="44.50191060081124" lon="110.73059096932411">
        <ele>988</ele>
        <time>2026-08-25T14:35:55.000Z</time>
      </trkpt>
      <trkpt lat="44.50152042321861" lon="110.73103378526866">
        <ele>989</ele>
        <time>2026-08-25T14:36:11.000Z</time>
      </trkpt>
      <trkpt lat="44.50111406855285" lon="110.73152991011739">
        <ele>990</ele>
        <time>2026-08-25T14:36:27.000Z</time>
      </trkpt>
      <trkpt lat="44.50074702501297" lon="110.7320579700172">
        <ele>990.8</ele>
        <time>2026-08-25T14:36:43.000Z</time>
      </trkpt>
      <trkpt lat="44.50046547688544" lon="110.73248871602118">
        <ele>991.8</ele>
        <time>2026-08-25T14:36:59.000Z</time>
      </trkpt>
      <trkpt lat="44.50024260208011" lon="110.73287704959512">
        <ele>992.4</ele>
        <time>2026-08-25T14:37:15.000Z</time>
      </trkpt>
      <trkpt lat="44.49995216913521" lon="110.73342078365386">
        <ele>992.6</ele>
        <time>2026-08-25T14:37:31.000Z</time>
      </trkpt>
      <trkpt lat="44.49967263266444" lon="110.73401304893196">
        <ele>992.8</ele>
        <time>2026-08-25T14:37:48.000Z</time>
      </trkpt>
      <trkpt lat="44.499401059001684" lon="110.7346649095416">
        <ele>993.8</ele>
        <time>2026-08-25T14:38:04.000Z</time>
      </trkpt>
      <trkpt lat="44.499164102599025" lon="110.73533101938665">
        <ele>993.2</ele>
        <time>2026-08-25T14:38:20.000Z</time>
      </trkpt>
      <trkpt lat="44.49892848730087" lon="110.73609251528978">
        <ele>992.8</ele>
        <time>2026-08-25T14:38:36.000Z</time>
      </trkpt>
      <trkpt lat="44.4987113121897" lon="110.73689541779459">
        <ele>992.8</ele>
        <time>2026-08-25T14:38:52.000Z</time>
      </trkpt>
      <trkpt lat="44.4984988309443" lon="110.73768692091107">
        <ele>992.8</ele>
        <time>2026-08-25T14:39:08.000Z</time>
      </trkpt>
      <trkpt lat="44.49829649180174" lon="110.7384367659688">
        <ele>992.8</ele>
        <time>2026-08-25T14:39:24.000Z</time>
      </trkpt>
      <trkpt lat="44.4980897102505" lon="110.7392002735287">
        <ele>993</ele>
        <time>2026-08-25T14:39:40.000Z</time>
      </trkpt>
      <trkpt lat="44.49788862839341" lon="110.7399582490325">
        <ele>992.8</ele>
        <time>2026-08-25T14:39:57.000Z</time>
      </trkpt>
      <trkpt lat="44.497692408040166" lon="110.74068395420909">
        <ele>992.6</ele>
        <time>2026-08-25T14:40:13.000Z</time>
      </trkpt>
      <trkpt lat="44.49748537503183" lon="110.74145550839603">
        <ele>992.6</ele>
        <time>2026-08-25T14:40:29.000Z</time>
      </trkpt>
      <trkpt lat="44.49728169478476" lon="110.74222337454557">
        <ele>992.4</ele>
        <time>2026-08-25T14:40:45.000Z</time>
      </trkpt>
      <trkpt lat="44.497061502188444" lon="110.7430424541235">
        <ele>992.4</ele>
        <time>2026-08-25T14:41:01.000Z</time>
      </trkpt>
      <trkpt lat="44.496853882446885" lon="110.74381560087204">
        <ele>992.6</ele>
        <time>2026-08-25T14:41:17.000Z</time>
      </trkpt>
      <trkpt lat="44.49665187858045" lon="110.74457441456616">
        <ele>993.2</ele>
        <time>2026-08-25T14:41:33.000Z</time>
      </trkpt>
      <trkpt lat="44.496477618813515" lon="110.74522367678583">
        <ele>994</ele>
        <time>2026-08-25T14:41:49.000Z</time>
      </trkpt>
      <trkpt lat="44.49640201404691" lon="110.74545258656144">
        <ele>993.8</ele>
        <time>2026-08-25T14:41:59.000Z</time>
      </trkpt>
      <trkpt lat="44.49632699601352" lon="110.7458124216646">
        <ele>994</ele>
        <time>2026-08-25T14:43:27.000Z</time>
      </trkpt>
      <trkpt lat="44.496143264696" lon="110.74648867361248">
        <ele>994.6</ele>
        <time>2026-08-25T14:43:43.000Z</time>
      </trkpt>
      <trkpt lat="44.4959619641304" lon="110.74715972878039">
        <ele>995.4</ele>
        <time>2026-08-25T14:43:59.000Z</time>
      </trkpt>
      <trkpt lat="44.495785273611546" lon="110.747798262164">
        <ele>996.4</ele>
        <time>2026-08-25T14:44:15.000Z</time>
      </trkpt>
      <trkpt lat="44.49563171714544" lon="110.7483865879476">
        <ele>996.8</ele>
        <time>2026-08-25T14:44:31.000Z</time>
      </trkpt>
      <trkpt lat="44.495485704392195" lon="110.7489278074354">
        <ele>997.8</ele>
        <time>2026-08-25T14:44:48.000Z</time>
      </trkpt>
      <trkpt lat="44.49534472078085" lon="110.74947506189346">
        <ele>998.4</ele>
        <time>2026-08-25T14:45:04.000Z</time>
      </trkpt>
      <trkpt lat="44.49519753456116" lon="110.75001929886639">
        <ele>999.4</ele>
        <time>2026-08-25T14:45:20.000Z</time>
      </trkpt>
      <trkpt lat="44.49505051597953" lon="110.75057468377054">
        <ele>1000</ele>
        <time>2026-08-25T14:45:36.000Z</time>
      </trkpt>
      <trkpt lat="44.49489377439022" lon="110.75115856714547">
        <ele>1000.8</ele>
        <time>2026-08-25T14:45:52.000Z</time>
      </trkpt>
      <trkpt lat="44.49472990818322" lon="110.75177237391472">
        <ele>1000.8</ele>
        <time>2026-08-25T14:46:08.000Z</time>
      </trkpt>
      <trkpt lat="44.49456503614783" lon="110.75239330530167">
        <ele>1001.2</ele>
        <time>2026-08-25T14:46:24.000Z</time>
      </trkpt>
      <trkpt lat="44.49439697898924" lon="110.75302672572434">
        <ele>1001.2</ele>
        <time>2026-08-25T14:46:40.000Z</time>
      </trkpt>
      <trkpt lat="44.4942264072597" lon="110.75366509146988">
        <ele>1001.4</ele>
        <time>2026-08-25T14:46:56.000Z</time>
      </trkpt>
      <trkpt lat="44.494054494425654" lon="110.75430102646351">
        <ele>1001.8</ele>
        <time>2026-08-25T14:47:13.000Z</time>
      </trkpt>
      <trkpt lat="44.49387839064002" lon="110.75497048906982">
        <ele>1002</ele>
        <time>2026-08-25T14:47:29.000Z</time>
      </trkpt>
      <trkpt lat="44.493711004033685" lon="110.75559460557997">
        <ele>1002.6</ele>
        <time>2026-08-25T14:47:45.000Z</time>
      </trkpt>
      <trkpt lat="44.49354420416057" lon="110.75621989555657">
        <ele>1003.4</ele>
        <time>2026-08-25T14:48:01.000Z</time>
      </trkpt>
      <trkpt lat="44.49338972568512" lon="110.75680109672248">
        <ele>1003.6</ele>
        <time>2026-08-25T14:48:17.000Z</time>
      </trkpt>
      <trkpt lat="44.493228793144226" lon="110.75740911997855">
        <ele>1004</ele>
        <time>2026-08-25T14:48:33.000Z</time>
      </trkpt>
      <trkpt lat="44.49306928552687" lon="110.75799635611475">
        <ele>1004.6</ele>
        <time>2026-08-25T14:48:49.000Z</time>
      </trkpt>
      <trkpt lat="44.49291246011853" lon="110.75858862139285">
        <ele>1005.2</ele>
        <time>2026-08-25T14:49:05.000Z</time>
      </trkpt>
      <trkpt lat="44.49275647290051" lon="110.75917451642454">
        <ele>1006</ele>
        <time>2026-08-25T14:49:21.000Z</time>
      </trkpt>
      <trkpt lat="44.49259436689317" lon="110.7597724813968">
        <ele>1006.4</ele>
        <time>2026-08-25T14:49:38.000Z</time>
      </trkpt>
      <trkpt lat="44.492428405210376" lon="110.76039710082114">
        <ele>1006.8</ele>
        <time>2026-08-25T14:49:54.000Z</time>
      </trkpt>
      <trkpt lat="44.49228356592357" lon="110.76091887429357">
        <ele>1007.6</ele>
        <time>2026-08-25T14:50:10.000Z</time>
      </trkpt>
      <trkpt lat="44.49213872663677" lon="110.76146042905748">
        <ele>1008.4</ele>
        <time>2026-08-25T14:50:26.000Z</time>
      </trkpt>
      <trkpt lat="44.49198600836098" lon="110.76203400269151">
        <ele>1009.4</ele>
        <time>2026-08-25T14:50:42.000Z</time>
      </trkpt>
      <trkpt lat="44.49184242635965" lon="110.76258067041636">
        <ele>1010.8</ele>
        <time>2026-08-25T14:50:58.000Z</time>
      </trkpt>
      <trkpt lat="44.491718877106905" lon="110.76305072754622">
        <ele>1011.6</ele>
        <time>2026-08-25T14:51:14.000Z</time>
      </trkpt>
      <trkpt lat="44.491661209613085" lon="110.76336027123034">
        <ele>1012.2</ele>
        <time>2026-08-25T14:51:26.000Z</time>
      </trkpt>
      <trkpt lat="44.49159591458738" lon="110.76349295675755">
        <ele>1012.6</ele>
        <time>2026-08-25T14:55:12.000Z</time>
      </trkpt>
      <trkpt lat="44.49145811609924" lon="110.76396938413382">
        <ele>1013.4</ele>
        <time>2026-08-25T14:55:28.000Z</time>
      </trkpt>
      <trkpt lat="44.49132911860943" lon="110.76440121978521">
        <ele>1014.2</ele>
        <time>2026-08-25T14:55:44.000Z</time>
      </trkpt>
      <trkpt lat="44.491196097806096" lon="110.76483925804496">
        <ele>1015</ele>
        <time>2026-08-25T14:56:00.000Z</time>
      </trkpt>
      <trkpt lat="44.49106089770794" lon="110.76530118472874">
        <ele>1015.8</ele>
        <time>2026-08-25T14:56:16.000Z</time>
      </trkpt>
      <trkpt lat="44.49092318303883" lon="110.76574995182455">
        <ele>1016.4</ele>
        <time>2026-08-25T14:56:32.000Z</time>
      </trkpt>
      <trkpt lat="44.490760657936335" lon="110.76625588349998">
        <ele>1016.6</ele>
        <time>2026-08-25T14:56:49.000Z</time>
      </trkpt>
      <trkpt lat="44.49057139456272" lon="110.76680188067257">
        <ele>1017.4</ele>
        <time>2026-08-25T14:57:05.000Z</time>
      </trkpt>
      <trkpt lat="44.49036721140146" lon="110.7673873566091">
        <ele>1017.6</ele>
        <time>2026-08-25T14:57:21.000Z</time>
      </trkpt>
      <trkpt lat="44.490174259990454" lon="110.76791231520474">
        <ele>1018.2</ele>
        <time>2026-08-25T14:57:37.000Z</time>
      </trkpt>
      <trkpt lat="44.48998742736876" lon="110.76837440952659">
        <ele>1018.6</ele>
        <time>2026-08-25T14:57:53.000Z</time>
      </trkpt>
      <trkpt lat="44.48978257365525" lon="110.76893465593457">
        <ele>1018.8</ele>
        <time>2026-08-25T14:58:09.000Z</time>
      </trkpt>
      <trkpt lat="44.489661790430546" lon="110.76924981549382">
        <ele>1019.2</ele>
        <time>2026-08-25T14:58:23.000Z</time>
      </trkpt>
      <trkpt lat="44.489610912278295" lon="110.76940018683672">
        <ele>1020.4</ele>
        <time>2026-08-25T15:00:37.000Z</time>
      </trkpt>
      <trkpt lat="44.489409578964114" lon="110.76990670524538">
        <ele>1020.4</ele>
        <time>2026-08-25T15:00:53.000Z</time>
      </trkpt>
      <trkpt lat="44.48918695561588" lon="110.77047466300428">
        <ele>1020.8</ele>
        <time>2026-08-25T15:01:09.000Z</time>
      </trkpt>
      <trkpt lat="44.48895687237382" lon="110.77106650918722">
        <ele>1021.4</ele>
        <time>2026-08-25T15:01:26.000Z</time>
      </trkpt>
      <trkpt lat="44.488732321187854" lon="110.77164209447801">
        <ele>1022.2</ele>
        <time>2026-08-25T15:01:42.000Z</time>
      </trkpt>
      <trkpt lat="44.488506680354476" lon="110.77222438529134">
        <ele>1022.6</ele>
        <time>2026-08-25T15:01:58.000Z</time>
      </trkpt>
      <trkpt lat="44.48828112334013" lon="110.77279586344957">
        <ele>1023</ele>
        <time>2026-08-25T15:02:14.000Z</time>
      </trkpt>
      <trkpt lat="44.488031174987555" lon="110.77343699522316">
        <ele>1023.8</ele>
        <time>2026-08-25T15:02:30.000Z</time>
      </trkpt>
      <trkpt lat="44.487775191664696" lon="110.77409614808857">
        <ele>1023.6</ele>
        <time>2026-08-25T15:02:46.000Z</time>
      </trkpt>
      <trkpt lat="44.487523566931486" lon="110.77474188990891">
        <ele>1023.8</ele>
        <time>2026-08-25T15:03:02.000Z</time>
      </trkpt>
      <trkpt lat="44.48728920891881" lon="110.7753401901573">
        <ele>1024.4</ele>
        <time>2026-08-25T15:03:18.000Z</time>
      </trkpt>
      <trkpt lat="44.48705376125872" lon="110.7759441062808">
        <ele>1025</ele>
        <time>2026-08-25T15:03:34.000Z</time>
      </trkpt>
      <trkpt lat="44.48689391836524" lon="110.77636177651584">
        <ele>1026.2</ele>
        <time>2026-08-25T15:05:19.000Z</time>
      </trkpt>
      <trkpt lat="44.486662577837706" lon="110.77696795575321">
        <ele>1027.6</ele>
        <time>2026-08-25T15:05:35.000Z</time>
      </trkpt>
      <trkpt lat="44.48644833639264" lon="110.7775258552283">
        <ele>1028.6</ele>
        <time>2026-08-25T15:05:51.000Z</time>
      </trkpt>
      <trkpt lat="44.48624608106911" lon="110.77805777080357">
        <ele>1029.4</ele>
        <time>2026-08-25T15:06:08.000Z</time>
      </trkpt>
      <trkpt lat="44.48606519959867" lon="110.77851600944996">
        <ele>1030.2</ele>
        <time>2026-08-25T15:06:24.000Z</time>
      </trkpt>
      <trkpt lat="44.48584819212556" lon="110.77906586229801">
        <ele>1030.6</ele>
        <time>2026-08-25T15:06:40.000Z</time>
      </trkpt>
      <trkpt lat="44.48562632314861" lon="110.77964630909264">
        <ele>1031.8</ele>
        <time>2026-08-25T15:06:56.000Z</time>
      </trkpt>
      <trkpt lat="44.485416021198034" lon="110.78018962405622">
        <ele>1033</ele>
        <time>2026-08-25T15:07:12.000Z</time>
      </trkpt>
      <trkpt lat="44.485203959047794" lon="110.78073218464851">
        <ele>1033.2</ele>
        <time>2026-08-25T15:07:28.000Z</time>
      </trkpt>
      <trkpt lat="44.484986029565334" lon="110.78130056150258">
        <ele>1034</ele>
        <time>2026-08-25T15:07:44.000Z</time>
      </trkpt>
      <trkpt lat="44.48476986028254" lon="110.78183591365814">
        <ele>1034.8</ele>
        <time>2026-08-25T15:08:00.000Z</time>
      </trkpt>
      <trkpt lat="44.4845768250525" lon="110.78232239931822">
        <ele>1035.4</ele>
        <time>2026-08-25T15:08:16.000Z</time>
      </trkpt>
      <trkpt lat="44.48435973376036" lon="110.7828155066818">
        <ele>1036.2</ele>
        <time>2026-08-25T15:08:33.000Z</time>
      </trkpt>
      <trkpt lat="44.484099224209785" lon="110.78332898207009">
        <ele>1037.2</ele>
        <time>2026-08-25T15:08:49.000Z</time>
      </trkpt>
      <trkpt lat="44.48381457477808" lon="110.78384882770479">
        <ele>1038.2</ele>
        <time>2026-08-25T15:09:05.000Z</time>
      </trkpt>
      <trkpt lat="44.48355607688427" lon="110.78427420929074">
        <ele>1038.6</ele>
        <time>2026-08-25T15:09:21.000Z</time>
      </trkpt>
      <trkpt lat="44.48325851932168" lon="110.78472666442394">
        <ele>1039.4</ele>
        <time>2026-08-25T15:09:37.000Z</time>
      </trkpt>
      <trkpt lat="44.482908910140395" lon="110.78519479371607">
        <ele>1039.8</ele>
        <time>2026-08-25T15:09:53.000Z</time>
      </trkpt>
      <trkpt lat="44.48254362680018" lon="110.78563685528934">
        <ele>1040.2</ele>
        <time>2026-08-25T15:10:09.000Z</time>
      </trkpt>
      <trkpt lat="44.482215978205204" lon="110.7860014680773">
        <ele>1040.4</ele>
        <time>2026-08-25T15:10:25.000Z</time>
      </trkpt>
      <trkpt lat="44.481815323233604" lon="110.78639122657478">
        <ele>1040.4</ele>
        <time>2026-08-25T15:10:41.000Z</time>
      </trkpt>
      <trkpt lat="44.4814217928797" lon="110.78672432340682">
        <ele>1040.4</ele>
        <time>2026-08-25T15:10:58.000Z</time>
      </trkpt>
      <trkpt lat="44.481029100716114" lon="110.78707116656005">
        <ele>1040.6</ele>
        <time>2026-08-25T15:11:14.000Z</time>
      </trkpt>
      <trkpt lat="44.48059533722699" lon="110.78742387704551">
        <ele>1041</ele>
        <time>2026-08-25T15:11:30.000Z</time>
      </trkpt>
      <trkpt lat="44.48017808608711" lon="110.78776434995234">
        <ele>1041.2</ele>
        <time>2026-08-25T15:11:46.000Z</time>
      </trkpt>
      <trkpt lat="44.47977801784873" lon="110.78809099271894">
        <ele>1041.2</ele>
        <time>2026-08-25T15:12:02.000Z</time>
      </trkpt>
      <trkpt lat="44.479352217167616" lon="110.78843414783478">
        <ele>1041.4</ele>
        <time>2026-08-25T15:12:18.000Z</time>
      </trkpt>
      <trkpt lat="44.47897427715361" lon="110.78873941674829">
        <ele>1041.4</ele>
        <time>2026-08-25T15:12:34.000Z</time>
      </trkpt>
      <trkpt lat="44.47855317033827" lon="110.78908097930253">
        <ele>1041.4</ele>
        <time>2026-08-25T15:12:50.000Z</time>
      </trkpt>
      <trkpt lat="44.47812016122043" lon="110.7894379645586">
        <ele>1041.6</ele>
        <time>2026-08-25T15:13:06.000Z</time>
      </trkpt>
      <trkpt lat="44.47767055593431" lon="110.78979997895658">
        <ele>1041.8</ele>
        <time>2026-08-25T15:13:23.000Z</time>
      </trkpt>
      <trkpt lat="44.477187003940344" lon="110.79019350931048">
        <ele>1042.6</ele>
        <time>2026-08-25T15:13:39.000Z</time>
      </trkpt>
      <trkpt lat="44.47668140754104" lon="110.79060648567975">
        <ele>1043.2</ele>
        <time>2026-08-25T15:13:55.000Z</time>
      </trkpt>
      <trkpt lat="44.47618369013071" lon="110.7910096552223">
        <ele>1043.4</ele>
        <time>2026-08-25T15:14:11.000Z</time>
      </trkpt>
      <trkpt lat="44.47565898299217" lon="110.79143428243697">
        <ele>1043.6</ele>
        <time>2026-08-25T15:14:27.000Z</time>
      </trkpt>
      <trkpt lat="44.47540316730738" lon="110.79169688746333">
        <ele>1043.8</ele>
        <time>2026-08-25T15:14:37.000Z</time>
      </trkpt>
      <trkpt lat="44.475514059886336" lon="110.79147845506668">
        <ele>1043.2</ele>
        <time>2026-08-25T15:14:47.000Z</time>
      </trkpt>
      <trkpt lat="44.47546779178083" lon="110.79159102402627">
        <ele>1043.6</ele>
        <time>2026-08-25T15:15:35.000Z</time>
      </trkpt>
      <trkpt lat="44.475061520934105" lon="110.79192345030606">
        <ele>1044.2</ele>
        <time>2026-08-25T15:15:52.000Z</time>
      </trkpt>
      <trkpt lat="44.47461711242795" lon="110.79228269867599">
        <ele>1045</ele>
        <time>2026-08-25T15:16:08.000Z</time>
      </trkpt>
      <trkpt lat="44.474181002005935" lon="110.79262778162956">
        <ele>1045.6</ele>
        <time>2026-08-25T15:16:24.000Z</time>
      </trkpt>
      <trkpt lat="44.473735336214304" lon="110.79299767501652">
        <ele>1046</ele>
        <time>2026-08-25T15:16:40.000Z</time>
      </trkpt>
      <trkpt lat="44.47329486720264" lon="110.79336262308061">
        <ele>1046.6</ele>
        <time>2026-08-25T15:16:56.000Z</time>
      </trkpt>
      <trkpt lat="44.47281802073121" lon="110.79374550841749">
        <ele>1047</ele>
        <time>2026-08-25T15:17:12.000Z</time>
      </trkpt>
      <trkpt lat="44.47233337908983" lon="110.79413778148592">
        <ele>1047.4</ele>
        <time>2026-08-25T15:17:28.000Z</time>
      </trkpt>
      <trkpt lat="44.47187379933894" lon="110.79450675286353">
        <ele>1048.4</ele>
        <time>2026-08-25T15:17:44.000Z</time>
      </trkpt>
      <trkpt lat="44.47146610356867" lon="110.79484370537102">
        <ele>1049.2</ele>
        <time>2026-08-25T15:18:01.000Z</time>
      </trkpt>
      <trkpt lat="44.4710589107126" lon="110.79517152160406">
        <ele>1049.8</ele>
        <time>2026-08-25T15:18:17.000Z</time>
      </trkpt>
      <trkpt lat="44.47062355466187" lon="110.79552691429853">
        <ele>1051</ele>
        <time>2026-08-25T15:18:33.000Z</time>
      </trkpt>
      <trkpt lat="44.470183588564396" lon="110.79588607884943">
        <ele>1051.6</ele>
        <time>2026-08-25T15:18:49.000Z</time>
      </trkpt>
      <trkpt lat="44.46973951533437" lon="110.79624591395259">
        <ele>1053</ele>
        <time>2026-08-25T15:19:05.000Z</time>
      </trkpt>
      <trkpt lat="44.46931857615709" lon="110.79659569077194">
        <ele>1053.4</ele>
        <time>2026-08-25T15:19:21.000Z</time>
      </trkpt>
      <trkpt lat="44.46885849349201" lon="110.79696306958795">
        <ele>1054.4</ele>
        <time>2026-08-25T15:19:37.000Z</time>
      </trkpt>
      <trkpt lat="44.4684031046927" lon="110.7973435241729">
        <ele>1055.4</ele>
        <time>2026-08-25T15:19:53.000Z</time>
      </trkpt>
      <trkpt lat="44.467923156917095" lon="110.79773789271712">
        <ele>1056</ele>
        <time>2026-08-25T15:20:09.000Z</time>
      </trkpt>
      <trkpt lat="44.46745578199625" lon="110.79812522046268">
        <ele>1057.2</ele>
        <time>2026-08-25T15:20:26.000Z</time>
      </trkpt>
      <trkpt lat="44.46705278009176" lon="110.79845504835248">
        <ele>1057.2</ele>
        <time>2026-08-25T15:20:42.000Z</time>
      </trkpt>
      <trkpt lat="44.46662756614387" lon="110.79880197532475">
        <ele>1057.8</ele>
        <time>2026-08-25T15:20:58.000Z</time>
      </trkpt>
      <trkpt lat="44.466175865381956" lon="110.79917119815946">
        <ele>1058.4</ele>
        <time>2026-08-25T15:21:14.000Z</time>
      </trkpt>
      <trkpt lat="44.46570656262338" lon="110.7995571848005">
        <ele>1058.6</ele>
        <time>2026-08-25T15:21:30.000Z</time>
      </trkpt>
      <trkpt lat="44.46525067090988" lon="110.79993152059615">
        <ele>1059</ele>
        <time>2026-08-25T15:21:46.000Z</time>
      </trkpt>
      <trkpt lat="44.46475798264146" lon="110.8003310021013">
        <ele>1059.8</ele>
        <time>2026-08-25T15:22:02.000Z</time>
      </trkpt>
      <trkpt lat="44.46429429575801" lon="110.80071187578142">
        <ele>1060.6</ele>
        <time>2026-08-25T15:22:18.000Z</time>
      </trkpt>
      <trkpt lat="44.46380479261279" lon="110.80113776028156">
        <ele>1060.6</ele>
        <time>2026-08-25T15:22:34.000Z</time>
      </trkpt>
      <trkpt lat="44.46337672881782" lon="110.8015229087323">
        <ele>1060.8</ele>
        <time>2026-08-25T15:22:51.000Z</time>
      </trkpt>
      <trkpt lat="44.462886806577444" lon="110.80198349431157">
        <ele>1061.2</ele>
        <time>2026-08-25T15:23:07.000Z</time>
      </trkpt>
      <trkpt lat="44.462430411949754" lon="110.80244357697666">
        <ele>1061.2</ele>
        <time>2026-08-25T15:23:23.000Z</time>
      </trkpt>
      <trkpt lat="44.46199673227966" lon="110.8028837107122">
        <ele>1061</ele>
        <time>2026-08-25T15:23:39.000Z</time>
      </trkpt>
      <trkpt lat="44.461554419249296" lon="110.80333599820733">
        <ele>1060.8</ele>
        <time>2026-08-25T15:23:55.000Z</time>
      </trkpt>
      <trkpt lat="44.46111059747636" lon="110.8037759643048">
        <ele>1061.2</ele>
        <time>2026-08-25T15:24:11.000Z</time>
      </trkpt>
      <trkpt lat="44.46057926863432" lon="110.80431458540261">
        <ele>1061.4</ele>
        <time>2026-08-25T15:24:27.000Z</time>
      </trkpt>
      <trkpt lat="44.46009353734553" lon="110.8048003166914">
        <ele>1061.4</ele>
        <time>2026-08-25T15:24:43.000Z</time>
      </trkpt>
      <trkpt lat="44.45974652655423" lon="110.80513182096183">
        <ele>1061.8</ele>
        <time>2026-08-25T15:24:59.000Z</time>
      </trkpt>
      <trkpt lat="44.459440503269434" lon="110.8054615650326">
        <ele>1061.8</ele>
        <time>2026-08-25T15:25:16.000Z</time>
      </trkpt>
      <trkpt lat="44.459010511636734" lon="110.80590806901455">
        <ele>1062.2</ele>
        <time>2026-08-25T15:25:32.000Z</time>
      </trkpt>
      <trkpt lat="44.458533162251115" lon="110.8063891902566">
        <ele>1062.4</ele>
        <time>2026-08-25T15:25:48.000Z</time>
      </trkpt>
      <trkpt lat="44.458124628290534" lon="110.80680484883487">
        <ele>1062.4</ele>
        <time>2026-08-25T15:26:04.000Z</time>
      </trkpt>
      <trkpt lat="44.45769212208688" lon="110.80723819322884">
        <ele>1062.4</ele>
        <time>2026-08-25T15:26:20.000Z</time>
      </trkpt>
      <trkpt lat="44.45714813657105" lon="110.8077914826572">
        <ele>1062.2</ele>
        <time>2026-08-25T15:26:36.000Z</time>
      </trkpt>
      <trkpt lat="44.456649078056216" lon="110.80829221755266">
        <ele>1062.2</ele>
        <time>2026-08-25T15:26:52.000Z</time>
      </trkpt>
      <trkpt lat="44.45612529292703" lon="110.80882262438536">
        <ele>1062</ele>
        <time>2026-08-25T15:27:08.000Z</time>
      </trkpt>
      <trkpt lat="44.455609722062945" lon="110.80934230238199">
        <ele>1062</ele>
        <time>2026-08-25T15:27:24.000Z</time>
      </trkpt>
      <trkpt lat="44.455068334937096" lon="110.80989240668714">
        <ele>1062</ele>
        <time>2026-08-25T15:27:41.000Z</time>
      </trkpt>
      <trkpt lat="44.45449719205499" lon="110.81047427840531">
        <ele>1061.8</ele>
        <time>2026-08-25T15:27:57.000Z</time>
      </trkpt>
      <trkpt lat="44.45396963506937" lon="110.81100778654218">
        <ele>1062</ele>
        <time>2026-08-25T15:28:13.000Z</time>
      </trkpt>
      <trkpt lat="44.45344685576856" lon="110.8115713018924">
        <ele>1061.8</ele>
        <time>2026-08-25T15:28:29.000Z</time>
      </trkpt>
      <trkpt lat="44.45292290300131" lon="110.81218125298619">
        <ele>1062</ele>
        <time>2026-08-25T15:28:45.000Z</time>
      </trkpt>
      <trkpt lat="44.45240925997496" lon="110.8128287550062">
        <ele>1062.2</ele>
        <time>2026-08-25T15:29:01.000Z</time>
      </trkpt>
      <trkpt lat="44.45193643681705" lon="110.81347022205591">
        <ele>1061.8</ele>
        <time>2026-08-25T15:29:17.000Z</time>
      </trkpt>
      <trkpt lat="44.451473001390696" lon="110.81415267661214">
        <ele>1061.6</ele>
        <time>2026-08-25T15:29:33.000Z</time>
      </trkpt>
      <trkpt lat="44.451001435518265" lon="110.81487477757037">
        <ele>1061.2</ele>
        <time>2026-08-25T15:29:49.000Z</time>
      </trkpt>
      <trkpt lat="44.45057362318039" lon="110.8155895024538">
        <ele>1060.6</ele>
        <time>2026-08-25T15:30:06.000Z</time>
      </trkpt>
      <trkpt lat="44.45015477947891" lon="110.81633917987347">
        <ele>1060.2</ele>
        <time>2026-08-25T15:30:22.000Z</time>
      </trkpt>
      <trkpt lat="44.44977030158043" lon="110.8170451875776">
        <ele>1059.8</ele>
        <time>2026-08-25T15:30:38.000Z</time>
      </trkpt>
      <trkpt lat="44.44962286390364" lon="110.81732170656323">
        <ele>1060.2</ele>
        <time>2026-08-25T15:30:54.000Z</time>
      </trkpt>
      <trkpt lat="44.44930996745825" lon="110.81788530573249">
        <ele>1060.4</ele>
        <time>2026-08-25T15:31:10.000Z</time>
      </trkpt>
      <trkpt lat="44.448930183425546" lon="110.81858175806701">
        <ele>1060.2</ele>
        <time>2026-08-25T15:31:26.000Z</time>
      </trkpt>
      <trkpt lat="44.44854486733675" lon="110.81928801722825">
        <ele>1060.4</ele>
        <time>2026-08-25T15:31:42.000Z</time>
      </trkpt>
      <trkpt lat="44.4481691904366" lon="110.81998212262988">
        <ele>1060.2</ele>
        <time>2026-08-25T15:31:58.000Z</time>
      </trkpt>
      <trkpt lat="44.44779535755515" lon="110.8206719532609">
        <ele>1060.2</ele>
        <time>2026-08-25T15:32:14.000Z</time>
      </trkpt>
      <trkpt lat="44.44738405756652" lon="110.82142766565084">
        <ele>1060.2</ele>
        <time>2026-08-25T15:32:31.000Z</time>
      </trkpt>
      <trkpt lat="44.44697057828307" lon="110.82217005081475">
        <ele>1059.4</ele>
        <time>2026-08-25T15:32:47.000Z</time>
      </trkpt>
      <trkpt lat="44.44673395715654" lon="110.82274437882006">
        <ele>1059</ele>
        <time>2026-08-25T15:32:59.000Z</time>
      </trkpt>
      <trkpt lat="44.446532456204295" lon="110.8229706902057">
        <ele>1059</ele>
        <time>2026-08-25T15:35:34.000Z</time>
      </trkpt>
      <trkpt lat="44.4461955036968" lon="110.82358474843204">
        <ele>1058.6</ele>
        <time>2026-08-25T15:35:50.000Z</time>
      </trkpt>
      <trkpt lat="44.445839608088136" lon="110.82424121908844">
        <ele>1058.6</ele>
        <time>2026-08-25T15:36:06.000Z</time>
      </trkpt>
      <trkpt lat="44.44543115794659" lon="110.82499198615551">
        <ele>1058.2</ele>
        <time>2026-08-25T15:36:22.000Z</time>
      </trkpt>
      <trkpt lat="44.44509839639068" lon="110.825598500669">
        <ele>1057.4</ele>
        <time>2026-08-25T15:36:38.000Z</time>
      </trkpt>
      <trkpt lat="44.44472271949053" lon="110.82629704847932">
        <ele>1057</ele>
        <time>2026-08-25T15:36:54.000Z</time>
      </trkpt>
      <trkpt lat="44.44432055577636" lon="110.82703800871968">
        <ele>1056.8</ele>
        <time>2026-08-25T15:37:11.000Z</time>
      </trkpt>
      <trkpt lat="44.44389182142913" lon="110.82780855707824">
        <ele>1056.8</ele>
        <time>2026-08-25T15:37:27.000Z</time>
      </trkpt>
      <trkpt lat="44.44348898716271" lon="110.82854775711894">
        <ele>1057</ele>
        <time>2026-08-25T15:37:43.000Z</time>
      </trkpt>
      <trkpt lat="44.443091014400125" lon="110.8292789105326">
        <ele>1056.8</ele>
        <time>2026-08-25T15:37:59.000Z</time>
      </trkpt>
      <trkpt lat="44.442699663341045" lon="110.83000268787146">
        <ele>1056.6</ele>
        <time>2026-08-25T15:38:15.000Z</time>
      </trkpt>
      <trkpt lat="44.44224880076945" lon="110.8308030758053">
        <ele>1056</ele>
        <time>2026-08-25T15:38:31.000Z</time>
      </trkpt>
      <trkpt lat="44.44182031787932" lon="110.83150640130043">
        <ele>1055.8</ele>
        <time>2026-08-25T15:38:47.000Z</time>
      </trkpt>
      <trkpt lat="44.44136979058385" lon="110.83218307234347">
        <ele>1055.8</ele>
        <time>2026-08-25T15:39:03.000Z</time>
      </trkpt>
      <trkpt lat="44.44088992662728" lon="110.83286074921489">
        <ele>1055.8</ele>
        <time>2026-08-25T15:39:19.000Z</time>
      </trkpt>
      <trkpt lat="44.44041785784066" lon="110.83348612301052">
        <ele>1055.6</ele>
        <time>2026-08-25T15:39:36.000Z</time>
      </trkpt>
      <trkpt lat="44.43988066166639" lon="110.83415172994137">
        <ele>1055.2</ele>
        <time>2026-08-25T15:39:52.000Z</time>
      </trkpt>
      <trkpt lat="44.43926291540265" lon="110.83485580980778">
        <ele>1053.8</ele>
        <time>2026-08-25T15:40:08.000Z</time>
      </trkpt>
      <trkpt lat="44.43858817219734" lon="110.83555536344647">
        <ele>1052</ele>
        <time>2026-08-25T15:40:24.000Z</time>
      </trkpt>
      <trkpt lat="44.437879314646125" lon="110.83623027428985">
        <ele>1050.2</ele>
        <time>2026-08-25T15:40:40.000Z</time>
      </trkpt>
      <trkpt lat="44.43706752732396" lon="110.83699587732553">
        <ele>1048.2</ele>
        <time>2026-08-25T15:40:56.000Z</time>
      </trkpt>
      <trkpt lat="44.43628608249128" lon="110.83773239515722">
        <ele>1047.2</ele>
        <time>2026-08-25T15:41:12.000Z</time>
      </trkpt>
      <trkpt lat="44.435564735904336" lon="110.83839942701161">
        <ele>1045.2</ele>
        <time>2026-08-25T15:41:28.000Z</time>
      </trkpt>
      <trkpt lat="44.43482402712107" lon="110.83909629844129">
        <ele>1043.4</ele>
        <time>2026-08-25T15:41:44.000Z</time>
      </trkpt>
      <trkpt lat="44.4340780377388" lon="110.83979501388967">
        <ele>1041.4</ele>
        <time>2026-08-25T15:42:01.000Z</time>
      </trkpt>
      <trkpt lat="44.433272033929825" lon="110.84054972045124">
        <ele>1039.2</ele>
        <time>2026-08-25T15:42:17.000Z</time>
      </trkpt>
      <trkpt lat="44.43240199238062" lon="110.8413681294769">
        <ele>1037</ele>
        <time>2026-08-25T15:42:33.000Z</time>
      </trkpt>
      <trkpt lat="44.431500267237425" lon="110.84221889264882">
        <ele>1035.4</ele>
        <time>2026-08-25T15:42:49.000Z</time>
      </trkpt>
      <trkpt lat="44.430560572072864" lon="110.84311500191689">
        <ele>1032.4</ele>
        <time>2026-08-25T15:43:05.000Z</time>
      </trkpt>
      <trkpt lat="44.42953831516206" lon="110.84407531656325">
        <ele>1030.2</ele>
        <time>2026-08-25T15:43:21.000Z</time>
      </trkpt>
      <trkpt lat="44.428607085719705" lon="110.84495055489242">
        <ele>1027.6</ele>
        <time>2026-08-25T15:43:37.000Z</time>
      </trkpt>
      <trkpt lat="44.427654230967164" lon="110.84585378877819">
        <ele>1025.6</ele>
        <time>2026-08-25T15:43:53.000Z</time>
      </trkpt>
      <trkpt lat="44.426710261031985" lon="110.8467542566359">
        <ele>1023.4</ele>
        <time>2026-08-25T15:44:10.000Z</time>
      </trkpt>
      <trkpt lat="44.42576268687844" lon="110.84764835424721">
        <ele>1021</ele>
        <time>2026-08-25T15:44:26.000Z</time>
      </trkpt>
      <trkpt lat="44.42489658482373" lon="110.8484676014632">
        <ele>1020</ele>
        <time>2026-08-25T15:44:42.000Z</time>
      </trkpt>
      <trkpt lat="44.42416182719171" lon="110.84916606545448">
        <ele>1020</ele>
        <time>2026-08-25T15:44:58.000Z</time>
      </trkpt>
      <trkpt lat="44.42353402264416" lon="110.84975682199001">
        <ele>1020</ele>
        <time>2026-08-25T15:45:14.000Z</time>
      </trkpt>
      <trkpt lat="44.422958521172404" lon="110.85030214861035">
        <ele>1019.6</ele>
        <time>2026-08-25T15:45:30.000Z</time>
      </trkpt>
      <trkpt lat="44.42239802330732" lon="110.85083289071918">
        <ele>1019.8</ele>
        <time>2026-08-25T15:45:46.000Z</time>
      </trkpt>
      <trkpt lat="44.42193701863289" lon="110.8512595295906">
        <ele>1020</ele>
        <time>2026-08-25T15:46:02.000Z</time>
      </trkpt>
      <trkpt lat="44.42137283273041" lon="110.85178951732814">
        <ele>1020</ele>
        <time>2026-08-25T15:46:18.000Z</time>
      </trkpt>
      <trkpt lat="44.42079381085932" lon="110.85233786143363">
        <ele>1020.4</ele>
        <time>2026-08-25T15:46:35.000Z</time>
      </trkpt>
      <trkpt lat="44.42020389251411" lon="110.85290531627834">
        <ele>1020.6</ele>
        <time>2026-08-25T15:46:51.000Z</time>
      </trkpt>
      <trkpt lat="44.41961699165404" lon="110.85350948385894">
        <ele>1021</ele>
        <time>2026-08-25T15:47:07.000Z</time>
      </trkpt>
      <trkpt lat="44.41905372776091" lon="110.85411566309631">
        <ele>1019.4</ele>
        <time>2026-08-25T15:47:23.000Z</time>
      </trkpt>
      <trkpt lat="44.418483758345246" lon="110.85476442240179">
        <ele>1018.2</ele>
        <time>2026-08-25T15:47:39.000Z</time>
      </trkpt>
      <trkpt lat="44.417810859158635" lon="110.85553312674165">
        <ele>1015.6</ele>
        <time>2026-08-25T15:47:55.000Z</time>
      </trkpt>
      <trkpt lat="44.41691558808088" lon="110.85655647329986">
        <ele>1013.2</ele>
        <time>2026-08-25T15:48:11.000Z</time>
      </trkpt>
      <trkpt lat="44.41620463505387" lon="110.85738502442837">
        <ele>1010.6</ele>
        <time>2026-08-25T15:48:25.000Z</time>
      </trkpt>
      <trkpt lat="44.41610229201615" lon="110.85774946957827">
        <ele>1010</ele>
        <time>2026-08-25T15:48:32.000Z</time>
      </trkpt>
      <trkpt lat="44.416178818792105" lon="110.8582849893719">
        <ele>1009.6</ele>
        <time>2026-08-25T15:48:48.000Z</time>
      </trkpt>
      <trkpt lat="44.41613422706723" lon="110.85867751389742">
        <ele>1009.8</ele>
        <time>2026-08-25T15:49:03.000Z</time>
      </trkpt>
      <trkpt lat="44.41615995950997" lon="110.85880927741528">
        <ele>1009.8</ele>
        <time>2026-08-25T15:49:10.000Z</time>
      </trkpt>
      <trkpt lat="44.41608536057174" lon="110.8587564714253">
        <ele>1010.6</ele>
        <time>2026-08-25T15:55:31.000Z</time>
      </trkpt>
      <trkpt lat="44.41565813496709" lon="110.85874306038022">
        <ele>1009.8</ele>
        <time>2026-08-25T15:55:45.000Z</time>
      </trkpt>
      <trkpt lat="44.4153552968055" lon="110.85872327908874">
        <ele>1009.2</ele>
        <time>2026-08-25T15:55:55.000Z</time>
      </trkpt>
      <trkpt lat="44.41503770649433" lon="110.8586441539228">
        <ele>1009.4</ele>
        <time>2026-08-25T15:56:07.000Z</time>
      </trkpt>
      <trkpt lat="44.414562871679664" lon="110.85919635370374">
        <ele>1009.2</ele>
        <time>2026-08-25T15:56:23.000Z</time>
      </trkpt>
      <trkpt lat="44.41410387866199" lon="110.8597269281745">
        <ele>1009.6</ele>
        <time>2026-08-25T15:56:39.000Z</time>
      </trkpt>
      <trkpt lat="44.41361722536385" lon="110.86025909520686">
        <ele>1009.4</ele>
        <time>2026-08-25T15:56:55.000Z</time>
      </trkpt>
      <trkpt lat="44.413144402205944" lon="110.860809199512">
        <ele>1008.8</ele>
        <time>2026-08-25T15:57:11.000Z</time>
      </trkpt>
      <trkpt lat="44.41265900619328" lon="110.86135578341782">
        <ele>1009</ele>
        <time>2026-08-25T15:57:27.000Z</time>
      </trkpt>
      <trkpt lat="44.412184255197644" lon="110.86189675144851">
        <ele>1008.4</ele>
        <time>2026-08-25T15:57:43.000Z</time>
      </trkpt>
      <trkpt lat="44.411682430654764" lon="110.86246848106384">
        <ele>1008.4</ele>
        <time>2026-08-25T15:57:59.000Z</time>
      </trkpt>
      <trkpt lat="44.411304825916886" lon="110.86290408857167">
        <ele>1008.4</ele>
        <time>2026-08-25T15:58:12.000Z</time>
      </trkpt>
      <trkpt lat="44.41082186065614" lon="110.86345352232456">
        <ele>1007.8</ele>
        <time>2026-08-25T15:58:29.000Z</time>
      </trkpt>
      <trkpt lat="44.410316264256835" lon="110.86402902379632">
        <ele>1007.4</ele>
        <time>2026-08-25T15:58:45.000Z</time>
      </trkpt>
      <trkpt lat="44.4097860250622" lon="110.86463067680597">
        <ele>1007.2</ele>
        <time>2026-08-25T15:59:01.000Z</time>
      </trkpt>
      <trkpt lat="44.40923675894737" lon="110.86526082828641">
        <ele>1007</ele>
        <time>2026-08-25T15:59:17.000Z</time>
      </trkpt>
      <trkpt lat="44.40872009843588" lon="110.86584898643196">
        <ele>1007.8</ele>
        <time>2026-08-25T15:59:33.000Z</time>
      </trkpt>
      <trkpt lat="44.408297734335065" lon="110.86631652899086">
        <ele>1009.8</ele>
        <time>2026-08-25T15:59:49.000Z</time>
      </trkpt>
      <trkpt lat="44.40794032998383" lon="110.86672925390303">
        <ele>1010.8</ele>
        <time>2026-08-25T16:00:05.000Z</time>
      </trkpt>
      <trkpt lat="44.407582422718406" lon="110.86713435128331">
        <ele>1011.4</ele>
        <time>2026-08-25T16:00:21.000Z</time>
      </trkpt>
      <trkpt lat="44.40722870640457" lon="110.8675439748913">
        <ele>1012</ele>
        <time>2026-08-25T16:00:37.000Z</time>
      </trkpt>
      <trkpt lat="44.40682142972946" lon="110.86800288408995">
        <ele>1012.4</ele>
        <time>2026-08-25T16:00:54.000Z</time>
      </trkpt>
      <trkpt lat="44.40636637620628" lon="110.86844989098608">
        <ele>1011.6</ele>
        <time>2026-08-25T16:01:10.000Z</time>
      </trkpt>
      <trkpt lat="44.405871760100126" lon="110.86889958009124">
        <ele>1011.6</ele>
        <time>2026-08-25T16:01:26.000Z</time>
      </trkpt>
      <trkpt lat="44.40523683093488" lon="110.86936192587018">
        <ele>1011</ele>
        <time>2026-08-25T16:01:42.000Z</time>
      </trkpt>
      <trkpt lat="44.40446678549051" lon="110.86981538683176">
        <ele>1008.4</ele>
        <time>2026-08-25T16:01:58.000Z</time>
      </trkpt>
      <trkpt lat="44.40352516248822" lon="110.87021713145077">
        <ele>1006.4</ele>
        <time>2026-08-25T16:02:14.000Z</time>
      </trkpt>
      <trkpt lat="44.40248882398009" lon="110.87048929184675">
        <ele>1005.4</ele>
        <time>2026-08-25T16:02:30.000Z</time>
      </trkpt>
      <trkpt lat="44.40164099447429" lon="110.87062482722104">
        <ele>1005</ele>
        <time>2026-08-25T16:02:46.000Z</time>
      </trkpt>
      <trkpt lat="44.40078059211373" lon="110.87076790630817">
        <ele>1004.2</ele>
        <time>2026-08-25T16:03:02.000Z</time>
      </trkpt>
      <trkpt lat="44.399876687675714" lon="110.87090771645308">
        <ele>1003</ele>
        <time>2026-08-25T16:03:19.000Z</time>
      </trkpt>
      <trkpt lat="44.39894763752818" lon="110.87105121463537">
        <ele>1002.4</ele>
        <time>2026-08-25T16:03:35.000Z</time>
      </trkpt>
      <trkpt lat="44.39803543500602" lon="110.8711950480938">
        <ele>1001.4</ele>
        <time>2026-08-25T16:03:51.000Z</time>
      </trkpt>
      <trkpt lat="44.39713823609054" lon="110.87133938446641">
        <ele>1000.6</ele>
        <time>2026-08-25T16:04:07.000Z</time>
      </trkpt>
      <trkpt lat="44.396282862871885" lon="110.87147114798427">
        <ele>1000.2</ele>
        <time>2026-08-25T16:04:23.000Z</time>
      </trkpt>
      <trkpt lat="44.39542522653937" lon="110.87160651572049">
        <ele>999.6</ele>
        <time>2026-08-25T16:04:39.000Z</time>
      </trkpt>
      <trkpt lat="44.39451369456947" lon="110.871750600636">
        <ele>999.2</ele>
        <time>2026-08-25T16:04:55.000Z</time>
      </trkpt>
      <trkpt lat="44.39364449121058" lon="110.87188965640962">
        <ele>998.8</ele>
        <time>2026-08-25T16:05:11.000Z</time>
      </trkpt>
      <trkpt lat="44.3927763774991" lon="110.87202477268875">
        <ele>997.8</ele>
        <time>2026-08-25T16:05:27.000Z</time>
      </trkpt>
      <trkpt lat="44.391902312636375" lon="110.87215770967305">
        <ele>997</ele>
        <time>2026-08-25T16:05:44.000Z</time>
      </trkpt>
      <trkpt lat="44.391023302450776" lon="110.87230699136853">
        <ele>996.4</ele>
        <time>2026-08-25T16:06:00.000Z</time>
      </trkpt>
      <trkpt lat="44.390192572027445" lon="110.87248510681093">
        <ele>995.6</ele>
        <time>2026-08-25T16:06:16.000Z</time>
      </trkpt>
      <trkpt lat="44.389373576268554" lon="110.87269775569439">
        <ele>995.2</ele>
        <time>2026-08-25T16:06:32.000Z</time>
      </trkpt>
      <trkpt lat="44.3885441031307" lon="110.87294669821858">
        <ele>994.6</ele>
        <time>2026-08-25T16:06:48.000Z</time>
      </trkpt>
      <trkpt lat="44.38776190392673" lon="110.87321617640555">
        <ele>994.2</ele>
        <time>2026-08-25T16:07:04.000Z</time>
      </trkpt>
      <trkpt lat="44.386971993371844" lon="110.87351272813976">
        <ele>993.4</ele>
        <time>2026-08-25T16:07:20.000Z</time>
      </trkpt>
      <trkpt lat="44.38618987798691" lon="110.87381556630135">
        <ele>992.8</ele>
        <time>2026-08-25T16:07:36.000Z</time>
      </trkpt>
      <trkpt lat="44.38549870625138" lon="110.8740857988596">
        <ele>992.6</ele>
        <time>2026-08-25T16:07:52.000Z</time>
      </trkpt>
      <trkpt lat="44.384885570034385" lon="110.87432309053838">
        <ele>992.6</ele>
        <time>2026-08-25T16:08:07.000Z</time>
      </trkpt>
      <trkpt lat="44.384601758792996" lon="110.87452325038612">
        <ele>991.8</ele>
        <time>2026-08-25T16:08:19.000Z</time>
      </trkpt>
      <trkpt lat="44.38434535637498" lon="110.87453590705991">
        <ele>992.6</ele>
        <time>2026-08-25T16:10:51.000Z</time>
      </trkpt>
      <trkpt lat="44.38374093733728" lon="110.87475291453302">
        <ele>992.4</ele>
        <time>2026-08-25T16:11:07.000Z</time>
      </trkpt>
      <trkpt lat="44.38308119773865" lon="110.87499716319144">
        <ele>992.4</ele>
        <time>2026-08-25T16:11:23.000Z</time>
      </trkpt>
      <trkpt lat="44.38235423527658" lon="110.87527477182448">
        <ele>992.2</ele>
        <time>2026-08-25T16:11:39.000Z</time>
      </trkpt>
      <trkpt lat="44.38155158422887" lon="110.87556168437004">
        <ele>991.6</ele>
        <time>2026-08-25T16:11:55.000Z</time>
      </trkpt>
      <trkpt lat="44.38065128400922" lon="110.87589846923947">
        <ele>991</ele>
        <time>2026-08-25T16:12:11.000Z</time>
      </trkpt>
      <trkpt lat="44.379839999601245" lon="110.8762096054852">
        <ele>990.6</ele>
        <time>2026-08-25T16:12:27.000Z</time>
      </trkpt>
      <trkpt lat="44.37906928360462" lon="110.8765011280775">
        <ele>989.8</ele>
        <time>2026-08-25T16:12:44.000Z</time>
      </trkpt>
      <trkpt lat="44.37852378934622" lon="110.8767125196755">
        <ele>989.6</ele>
        <time>2026-08-25T16:12:55.000Z</time>
      </trkpt>
      <trkpt lat="44.377703787758946" lon="110.87702047079802">
        <ele>989.4</ele>
        <time>2026-08-25T16:13:11.000Z</time>
      </trkpt>
      <trkpt lat="44.37687959522009" lon="110.87733529508114">
        <ele>989</ele>
        <time>2026-08-25T16:13:27.000Z</time>
      </trkpt>
      <trkpt lat="44.37613360583782" lon="110.87761131115258">
        <ele>988.4</ele>
        <time>2026-08-25T16:13:43.000Z</time>
      </trkpt>
      <trkpt lat="44.37534595839679" lon="110.87792328558862">
        <ele>987.8</ele>
        <time>2026-08-25T16:13:59.000Z</time>
      </trkpt>
      <trkpt lat="44.37460902146995" lon="110.87822788394988">
        <ele>987.4</ele>
        <time>2026-08-25T16:14:15.000Z</time>
      </trkpt>
      <trkpt lat="44.373846519738436" lon="110.87858386337757">
        <ele>987</ele>
        <time>2026-08-25T16:14:31.000Z</time>
      </trkpt>
      <trkpt lat="44.37308921478689" lon="110.87893062271178">
        <ele>986.8</ele>
        <time>2026-08-25T16:14:47.000Z</time>
      </trkpt>
      <trkpt lat="44.372356217354536" lon="110.87928358465433">
        <ele>987</ele>
        <time>2026-08-25T16:15:03.000Z</time>
      </trkpt>
      <trkpt lat="44.371581226587296" lon="110.87965305894613">
        <ele>986.4</ele>
        <time>2026-08-25T16:15:20.000Z</time>
      </trkpt>
      <trkpt lat="44.37080606818199" lon="110.88002219796181">
        <ele>986.4</ele>
        <time>2026-08-25T16:15:36.000Z</time>
      </trkpt>
      <trkpt lat="44.36999101191759" lon="110.88041547685862">
        <ele>985.6</ele>
        <time>2026-08-25T16:15:52.000Z</time>
      </trkpt>
      <trkpt lat="44.3691545818001" lon="110.88082141242921">
        <ele>984.6</ele>
        <time>2026-08-25T16:16:08.000Z</time>
      </trkpt>
      <trkpt lat="44.36827749945223" lon="110.8812363166362">
        <ele>983</ele>
        <time>2026-08-25T16:16:24.000Z</time>
      </trkpt>
      <trkpt lat="44.367379462346435" lon="110.88166991248727">
        <ele>981.8</ele>
        <time>2026-08-25T16:16:40.000Z</time>
      </trkpt>
      <trkpt lat="44.366592820733786" lon="110.88204466737807">
        <ele>981</ele>
        <time>2026-08-25T16:16:56.000Z</time>
      </trkpt>
      <trkpt lat="44.36591958627105" lon="110.88236728683114">
        <ele>980.6</ele>
        <time>2026-08-25T16:17:12.000Z</time>
      </trkpt>
      <trkpt lat="44.36520243063569" lon="110.88270918466151">
        <ele>980.6</ele>
        <time>2026-08-25T16:17:29.000Z</time>
      </trkpt>
      <trkpt lat="44.3645301181823" lon="110.88303222320974">
        <ele>980</ele>
        <time>2026-08-25T16:17:45.000Z</time>
      </trkpt>
      <trkpt lat="44.36385663226247" lon="110.88335920125246">
        <ele>980</ele>
        <time>2026-08-25T16:18:01.000Z</time>
      </trkpt>
      <trkpt lat="44.36314190737903" lon="110.88370478712022">
        <ele>979.8</ele>
        <time>2026-08-25T16:18:17.000Z</time>
      </trkpt>
      <trkpt lat="44.36244302429259" lon="110.88403461501002">
        <ele>979.6</ele>
        <time>2026-08-25T16:18:33.000Z</time>
      </trkpt>
      <trkpt lat="44.361779261380434" lon="110.88435706682503">
        <ele>979.6</ele>
        <time>2026-08-25T16:18:49.000Z</time>
      </trkpt>
      <trkpt lat="44.36113745905459" lon="110.88466770015657">
        <ele>979.2</ele>
        <time>2026-08-25T16:19:05.000Z</time>
      </trkpt>
      <trkpt lat="44.360329527407885" lon="110.88507941924036">
        <ele>978.4</ele>
        <time>2026-08-25T16:19:21.000Z</time>
      </trkpt>
      <trkpt lat="44.35946635901928" lon="110.8855243306607">
        <ele>977.4</ele>
        <time>2026-08-25T16:19:37.000Z</time>
      </trkpt>
      <trkpt lat="44.35864711180329" lon="110.88594619184732">
        <ele>975.8</ele>
        <time>2026-08-25T16:19:54.000Z</time>
      </trkpt>
      <trkpt lat="44.35787153430283" lon="110.88634827174246">
        <ele>975.4</ele>
        <time>2026-08-25T16:20:10.000Z</time>
      </trkpt>
      <trkpt lat="44.357083635404706" lon="110.88675278238952">
        <ele>975.6</ele>
        <time>2026-08-25T16:20:26.000Z</time>
      </trkpt>
      <trkpt lat="44.35637913644314" lon="110.88711186312139">
        <ele>975.8</ele>
        <time>2026-08-25T16:20:42.000Z</time>
      </trkpt>
      <trkpt lat="44.35571746900678" lon="110.88745619170368">
        <ele>975.6</ele>
        <time>2026-08-25T16:20:58.000Z</time>
      </trkpt>
      <trkpt lat="44.355034762993455" lon="110.88780957274139">
        <ele>976</ele>
        <time>2026-08-25T16:21:14.000Z</time>
      </trkpt>
      <trkpt lat="44.35436379164457" lon="110.88815398514271">
        <ele>976</ele>
        <time>2026-08-25T16:21:30.000Z</time>
      </trkpt>
      <trkpt lat="44.353609923273325" lon="110.88853879831731">
        <ele>976.2</ele>
        <time>2026-08-25T16:21:46.000Z</time>
      </trkpt>
      <trkpt lat="44.35287365689874" lon="110.88891481049359">
        <ele>976.4</ele>
        <time>2026-08-25T16:22:02.000Z</time>
      </trkpt>
      <trkpt lat="44.35210579074919" lon="110.88931052014232">
        <ele>975.6</ele>
        <time>2026-08-25T16:22:19.000Z</time>
      </trkpt>
      <trkpt lat="44.35132107697427" lon="110.88971385732293">
        <ele>975</ele>
        <time>2026-08-25T16:22:35.000Z</time>
      </trkpt>
      <trkpt lat="44.3506511952728" lon="110.89005567133427">
        <ele>975.2</ele>
        <time>2026-08-25T16:22:51.000Z</time>
      </trkpt>
      <trkpt lat="44.34998407959938" lon="110.89040058664978">
        <ele>975.4</ele>
        <time>2026-08-25T16:23:07.000Z</time>
      </trkpt>
      <trkpt lat="44.34938997030258" lon="110.89069386944175">
        <ele>975.4</ele>
        <time>2026-08-25T16:23:23.000Z</time>
      </trkpt>
      <trkpt lat="44.349293913692236" lon="110.89059739373624">
        <ele>974.4</ele>
        <time>2026-08-25T16:24:13.000Z</time>
      </trkpt>
      <trkpt lat="44.34928469359875" lon="110.89068858884275">
        <ele>974.8</ele>
        <time>2026-08-25T16:27:57.000Z</time>
      </trkpt>
      <trkpt lat="44.349169777706265" lon="110.89079327881336">
        <ele>975.6</ele>
        <time>2026-08-25T16:28:16.000Z</time>
      </trkpt>
      <trkpt lat="44.34869267977774" lon="110.8910309895873">
        <ele>976.2</ele>
        <time>2026-08-25T16:28:32.000Z</time>
      </trkpt>
      <trkpt lat="44.348169984295964" lon="110.89129929430783">
        <ele>976.8</ele>
        <time>2026-08-25T16:28:48.000Z</time>
      </trkpt>
      <trkpt lat="44.34767486527562" lon="110.89155594818294">
        <ele>977.2</ele>
        <time>2026-08-25T16:29:04.000Z</time>
      </trkpt>
      <trkpt lat="44.34714747592807" lon="110.89182525873184">
        <ele>978</ele>
        <time>2026-08-25T16:29:20.000Z</time>
      </trkpt>
      <trkpt lat="44.34659938327968" lon="110.89211099781096">
        <ele>979</ele>
        <time>2026-08-25T16:29:37.000Z</time>
      </trkpt>
      <trkpt lat="44.34603536501527" lon="110.89241408742964">
        <ele>980</ele>
        <time>2026-08-25T16:29:53.000Z</time>
      </trkpt>
      <trkpt lat="44.34550152160227" lon="110.89269647374749">
        <ele>980.6</ele>
        <time>2026-08-25T16:30:09.000Z</time>
      </trkpt>
      <trkpt lat="44.344976814463735" lon="110.89296427555382">
        <ele>981.2</ele>
        <time>2026-08-25T16:30:25.000Z</time>
      </trkpt>
      <trkpt lat="44.34447222389281" lon="110.89322235435247">
        <ele>982</ele>
        <time>2026-08-25T16:30:41.000Z</time>
      </trkpt>
      <trkpt lat="44.34398867189884" lon="110.89346710592508">
        <ele>983.2</ele>
        <time>2026-08-25T16:30:57.000Z</time>
      </trkpt>
      <trkpt lat="44.3435435090214" lon="110.89369324967265">
        <ele>984.6</ele>
        <time>2026-08-25T16:31:13.000Z</time>
      </trkpt>
      <trkpt lat="44.34316758066416" lon="110.8938878774643">
        <ele>986</ele>
        <time>2026-08-25T16:31:29.000Z</time>
      </trkpt>
      <trkpt lat="44.342805398628116" lon="110.89407269842923">
        <ele>987.2</ele>
        <time>2026-08-25T16:31:46.000Z</time>
      </trkpt>
      <trkpt lat="44.34246316552162" lon="110.8942557591945">
        <ele>988.6</ele>
        <time>2026-08-25T16:32:02.000Z</time>
      </trkpt>
      <trkpt lat="44.34209872037172" lon="110.89444519020617">
        <ele>989.6</ele>
        <time>2026-08-25T16:32:18.000Z</time>
      </trkpt>
      <trkpt lat="44.34171776287258" lon="110.8946453500539">
        <ele>991</ele>
        <time>2026-08-25T16:32:34.000Z</time>
      </trkpt>
      <trkpt lat="44.341345774009824" lon="110.8948372118175">
        <ele>991.6</ele>
        <time>2026-08-25T16:32:50.000Z</time>
      </trkpt>
      <trkpt lat="44.340961212292314" lon="110.89504080824554">
        <ele>992.4</ele>
        <time>2026-08-25T16:33:06.000Z</time>
      </trkpt>
      <trkpt lat="44.34057547710836" lon="110.89525010436773">
        <ele>993.2</ele>
        <time>2026-08-25T16:33:22.000Z</time>
      </trkpt>
      <trkpt lat="44.34014649130404" lon="110.89549435302615">
        <ele>993.4</ele>
        <time>2026-08-25T16:33:38.000Z</time>
      </trkpt>
      <trkpt lat="44.33974533341825" lon="110.8957320638001">
        <ele>994.4</ele>
        <time>2026-08-25T16:33:54.000Z</time>
      </trkpt>
      <trkpt lat="44.339363956823945" lon="110.89596508070827">
        <ele>995</ele>
        <time>2026-08-25T16:34:11.000Z</time>
      </trkpt>
      <trkpt lat="44.33899196796119" lon="110.89619885198772">
        <ele>995.8</ele>
        <time>2026-08-25T16:34:27.000Z</time>
      </trkpt>
      <trkpt lat="44.33863129466772" lon="110.89643237181008">
        <ele>996.8</ele>
        <time>2026-08-25T16:34:43.000Z</time>
      </trkpt>
      <trkpt lat="44.33827782981098" lon="110.89666505344212">
        <ele>997.6</ele>
        <time>2026-08-25T16:34:59.000Z</time>
      </trkpt>
      <trkpt lat="44.337936686351895" lon="110.89689957909286">
        <ele>998.4</ele>
        <time>2026-08-25T16:35:15.000Z</time>
      </trkpt>
      <trkpt lat="44.337611887604" lon="110.89712647721171">
        <ele>999.4</ele>
        <time>2026-08-25T16:35:31.000Z</time>
      </trkpt>
      <trkpt lat="44.337277030572295" lon="110.89735111221671">
        <ele>1000.4</ele>
        <time>2026-08-25T16:35:47.000Z</time>
      </trkpt>
      <trkpt lat="44.33696312829852" lon="110.89756627567112">
        <ele>1001</ele>
        <time>2026-08-25T16:36:03.000Z</time>
      </trkpt>
      <trkpt lat="44.3366567697376" lon="110.89778051711619">
        <ele>1002</ele>
        <time>2026-08-25T16:36:19.000Z</time>
      </trkpt>
      <trkpt lat="44.33633356355131" lon="110.89799995534122">
        <ele>1002.8</ele>
        <time>2026-08-25T16:36:36.000Z</time>
      </trkpt>
      <trkpt lat="44.33599887415767" lon="110.89821469970047">
        <ele>1003.8</ele>
        <time>2026-08-25T16:36:52.000Z</time>
      </trkpt>
      <trkpt lat="44.335671393200755" lon="110.89843003079295">
        <ele>1005.2</ele>
        <time>2026-08-25T16:37:08.000Z</time>
      </trkpt>
      <trkpt lat="44.335346426814795" lon="110.89865265414119">
        <ele>1005.6</ele>
        <time>2026-08-25T16:37:24.000Z</time>
      </trkpt>
      <trkpt lat="44.33505993336439" lon="110.89885138906538">
        <ele>1006.6</ele>
        <time>2026-08-25T16:37:40.000Z</time>
      </trkpt>
      <trkpt lat="44.334750305861235" lon="110.89906822890043">
        <ele>1007.6</ele>
        <time>2026-08-25T16:37:56.000Z</time>
      </trkpt>
      <trkpt lat="44.33443975634873" lon="110.8992806263268">
        <ele>1008.4</ele>
        <time>2026-08-25T16:38:12.000Z</time>
      </trkpt>
      <trkpt lat="44.334110263735056" lon="110.89950190857053">
        <ele>1009.6</ele>
        <time>2026-08-25T16:38:28.000Z</time>
      </trkpt>
      <trkpt lat="44.33380172587931" lon="110.89971397072077">
        <ele>1010.4</ele>
        <time>2026-08-25T16:38:44.000Z</time>
      </trkpt>
      <trkpt lat="44.333485309034586" lon="110.89993072673678">
        <ele>1011.4</ele>
        <time>2026-08-25T16:39:01.000Z</time>
      </trkpt>
      <trkpt lat="44.33316738344729" lon="110.90014630928636">
        <ele>1012.8</ele>
        <time>2026-08-25T16:39:17.000Z</time>
      </trkpt>
      <trkpt lat="44.33283068239689" lon="110.90037471614778">
        <ele>1013.4</ele>
        <time>2026-08-25T16:39:33.000Z</time>
      </trkpt>
      <trkpt lat="44.33252817951143" lon="110.90058627538383">
        <ele>1014.4</ele>
        <time>2026-08-25T16:39:49.000Z</time>
      </trkpt>
      <trkpt lat="44.33218041434884" lon="110.90081510134041">
        <ele>1015.6</ele>
        <time>2026-08-25T16:40:05.000Z</time>
      </trkpt>
      <trkpt lat="44.331913283094764" lon="110.901017524302">
        <ele>1016.4</ele>
        <time>2026-08-25T16:40:19.000Z</time>
      </trkpt>
      <trkpt lat="44.3318079225719" lon="110.9011076297611">
        <ele>1016.8</ele>
        <time>2026-08-25T16:42:12.000Z</time>
      </trkpt>
      <trkpt lat="44.33157121762633" lon="110.90125816874206">
        <ele>1017.4</ele>
        <time>2026-08-25T16:42:25.000Z</time>
      </trkpt>
      <trkpt lat="44.33126485906541" lon="110.90146101079881">
        <ele>1018.2</ele>
        <time>2026-08-25T16:42:41.000Z</time>
      </trkpt>
      <trkpt lat="44.3309408146888" lon="110.901680868119">
        <ele>1019.6</ele>
        <time>2026-08-25T16:42:57.000Z</time>
      </trkpt>
      <trkpt lat="44.330599419772625" lon="110.90191631577909">
        <ele>1020.2</ele>
        <time>2026-08-25T16:43:13.000Z</time>
      </trkpt>
      <trkpt lat="44.330268586054444" lon="110.90213935822248">
        <ele>1021.4</ele>
        <time>2026-08-25T16:43:29.000Z</time>
      </trkpt>
      <trkpt lat="44.32992140762508" lon="110.90237547643483">
        <ele>1022.6</ele>
        <time>2026-08-25T16:43:46.000Z</time>
      </trkpt>
      <trkpt lat="44.329589484259486" lon="110.9026045538485">
        <ele>1023.6</ele>
        <time>2026-08-25T16:44:02.000Z</time>
      </trkpt>
      <trkpt lat="44.329267954453826" lon="110.90282214805484">
        <ele>1024.6</ele>
        <time>2026-08-25T16:44:18.000Z</time>
      </trkpt>
      <trkpt lat="44.32893586345017" lon="110.90304787270725">
        <ele>1025.6</ele>
        <time>2026-08-25T16:44:34.000Z</time>
      </trkpt>
      <trkpt lat="44.32862137444317" lon="110.90326496399939">
        <ele>1026.8</ele>
        <time>2026-08-25T16:44:50.000Z</time>
      </trkpt>
      <trkpt lat="44.32833588682115" lon="110.90346830897033">
        <ele>1027.8</ele>
        <time>2026-08-25T16:45:06.000Z</time>
      </trkpt>
      <trkpt lat="44.32804327458143" lon="110.90367157012224">
        <ele>1029.2</ele>
        <time>2026-08-25T16:45:22.000Z</time>
      </trkpt>
      <trkpt lat="44.32772258296609" lon="110.90389335528016">
        <ele>1030.4</ele>
        <time>2026-08-25T16:45:38.000Z</time>
      </trkpt>
      <trkpt lat="44.3274199962616" lon="110.90410072356462">
        <ele>1031.8</ele>
        <time>2026-08-25T16:45:54.000Z</time>
      </trkpt>
      <trkpt lat="44.32709821499884" lon="110.90431672520936">
        <ele>1033.6</ele>
        <time>2026-08-25T16:46:11.000Z</time>
      </trkpt>
      <trkpt lat="44.32679805904627" lon="110.90451839379966">
        <ele>1035</ele>
        <time>2026-08-25T16:46:27.000Z</time>
      </trkpt>
      <trkpt lat="44.32649756781757" lon="110.90472685173154">
        <ele>1037</ele>
        <time>2026-08-25T16:46:43.000Z</time>
      </trkpt>
      <trkpt lat="44.32620755396783" lon="110.90492743067443">
        <ele>1038</ele>
        <time>2026-08-25T16:46:59.000Z</time>
      </trkpt>
      <trkpt lat="44.32590932585299" lon="110.90513505041599">
        <ele>1039.2</ele>
        <time>2026-08-25T16:47:15.000Z</time>
      </trkpt>
      <trkpt lat="44.325607158243656" lon="110.90534468181431">
        <ele>1040.4</ele>
        <time>2026-08-25T16:47:31.000Z</time>
      </trkpt>
      <trkpt lat="44.325314713642" lon="110.90554199181497">
        <ele>1042</ele>
        <time>2026-08-25T16:47:47.000Z</time>
      </trkpt>
      <trkpt lat="44.325047666206956" lon="110.90572396293283">
        <ele>1043</ele>
        <time>2026-08-25T16:48:03.000Z</time>
      </trkpt>
      <trkpt lat="44.324781373143196" lon="110.90590761043131">
        <ele>1044.2</ele>
        <time>2026-08-25T16:48:19.000Z</time>
      </trkpt>
      <trkpt lat="44.324497478082776" lon="110.90610307641327">
        <ele>1045.6</ele>
        <time>2026-08-25T16:48:36.000Z</time>
      </trkpt>
      <trkpt lat="44.32423973456025" lon="110.90628588572145">
        <ele>1047</ele>
        <time>2026-08-25T16:48:52.000Z</time>
      </trkpt>
      <trkpt lat="44.323982410132885" lon="110.90646500699222">
        <ele>1048.4</ele>
        <time>2026-08-25T16:49:08.000Z</time>
      </trkpt>
      <trkpt lat="44.32372458279133" lon="110.90664127841592">
        <ele>1049.6</ele>
        <time>2026-08-25T16:49:24.000Z</time>
      </trkpt>
      <trkpt lat="44.32346172630787" lon="110.90682467445731">
        <ele>1050.4</ele>
        <time>2026-08-25T16:49:40.000Z</time>
      </trkpt>
      <trkpt lat="44.32324815541506" lon="110.90699147433043">
        <ele>1051.4</ele>
        <time>2026-08-25T16:49:54.000Z</time>
      </trkpt>
      <trkpt lat="44.32304640300572" lon="110.90713161975145">
        <ele>1052.4</ele>
        <time>2026-08-25T16:51:38.000Z</time>
      </trkpt>
      <trkpt lat="44.32277047075331" lon="110.90730914846063">
        <ele>1053.8</ele>
        <time>2026-08-25T16:51:54.000Z</time>
      </trkpt>
      <trkpt lat="44.32250266894698" lon="110.90750872157514">
        <ele>1055</ele>
        <time>2026-08-25T16:52:10.000Z</time>
      </trkpt>
      <trkpt lat="44.322237465530634" lon="110.9077108092606">
        <ele>1056.2</ele>
        <time>2026-08-25T16:52:26.000Z</time>
      </trkpt>
      <trkpt lat="44.32193043641746" lon="110.9079531300813">
        <ele>1057.4</ele>
        <time>2026-08-25T16:52:42.000Z</time>
      </trkpt>
      <trkpt lat="44.32166179642081" lon="110.90818237513304">
        <ele>1058.6</ele>
        <time>2026-08-25T16:52:58.000Z</time>
      </trkpt>
      <trkpt lat="44.321383433416486" lon="110.90842930600047">
        <ele>1059.8</ele>
        <time>2026-08-25T16:53:15.000Z</time>
      </trkpt>
      <trkpt lat="44.321068190038204" lon="110.9087195713073">
        <ele>1061.2</ele>
        <time>2026-08-25T16:53:31.000Z</time>
      </trkpt>
      <trkpt lat="44.32079276069999" lon="110.90897622518241">
        <ele>1062.2</ele>
        <time>2026-08-25T16:53:47.000Z</time>
      </trkpt>
      <trkpt lat="44.32050299830735" lon="110.90925919823349">
        <ele>1063.4</ele>
        <time>2026-08-25T16:54:03.000Z</time>
      </trkpt>
      <trkpt lat="44.32021491229534" lon="110.90955809690058">
        <ele>1064.6</ele>
        <time>2026-08-25T16:54:19.000Z</time>
      </trkpt>
      <trkpt lat="44.319878378883004" lon="110.90990820899606">
        <ele>1065.6</ele>
        <time>2026-08-25T16:54:35.000Z</time>
      </trkpt>
      <trkpt lat="44.319592136889696" lon="110.91024843044579">
        <ele>1066.4</ele>
        <time>2026-08-25T16:54:51.000Z</time>
      </trkpt>
      <trkpt lat="44.31932316161692" lon="110.91053425334394">
        <ele>1067</ele>
        <time>2026-08-25T16:55:06.000Z</time>
      </trkpt>
      <trkpt lat="44.319008672609925" lon="110.91090708039701">
        <ele>1068</ele>
        <time>2026-08-25T16:55:22.000Z</time>
      </trkpt>
      <trkpt lat="44.31868948973715" lon="110.91131477616727">
        <ele>1069</ele>
        <time>2026-08-25T16:55:39.000Z</time>
      </trkpt>
      <trkpt lat="44.31837860494852" lon="110.91171199455857">
        <ele>1070.2</ele>
        <time>2026-08-25T16:55:55.000Z</time>
      </trkpt>
      <trkpt lat="44.31808590888977" lon="110.91212136670947">
        <ele>1071.4</ele>
        <time>2026-08-25T16:56:11.000Z</time>
      </trkpt>
      <trkpt lat="44.317840319126844" lon="110.91250391677022">
        <ele>1072.4</ele>
        <time>2026-08-25T16:56:27.000Z</time>
      </trkpt>
      <trkpt lat="44.31758835911751" lon="110.91293265111744">
        <ele>1073.8</ele>
        <time>2026-08-25T16:56:43.000Z</time>
      </trkpt>
      <trkpt lat="44.317355090752244" lon="110.91337077319622">
        <ele>1074.4</ele>
        <time>2026-08-25T16:56:59.000Z</time>
      </trkpt>
      <trkpt lat="44.31712039746344" lon="110.91386237181723">
        <ele>1075.2</ele>
        <time>2026-08-25T16:57:15.000Z</time>
      </trkpt>
      <trkpt lat="44.31690431199968" lon="110.91438196599483">
        <ele>1076.2</ele>
        <time>2026-08-25T16:57:31.000Z</time>
      </trkpt>
      <trkpt lat="44.31670197285712" lon="110.91495227068663">
        <ele>1076.8</ele>
        <time>2026-08-25T16:57:47.000Z</time>
      </trkpt>
      <trkpt lat="44.31651245802641" lon="110.91556968167424">
        <ele>1077.4</ele>
        <time>2026-08-25T16:58:04.000Z</time>
      </trkpt>
      <trkpt lat="44.316486809402704" lon="110.91597930528224">
        <ele>1077.4</ele>
        <time>2026-08-25T16:58:15.000Z</time>
      </trkpt>
      <trkpt lat="44.31636845692992" lon="110.91619488783181">
        <ele>1077.4</ele>
        <time>2026-08-25T16:59:09.000Z</time>
      </trkpt>
      <trkpt lat="44.316235184669495" lon="110.91677818447351">
        <ele>1078</ele>
        <time>2026-08-25T16:59:22.000Z</time>
      </trkpt>
      <trkpt lat="44.31611800566316" lon="110.91758091934025">
        <ele>1078.4</ele>
        <time>2026-08-25T16:59:38.000Z</time>
      </trkpt>
      <trkpt lat="44.31603611446917" lon="110.91844660229981">
        <ele>1078.6</ele>
        <time>2026-08-25T16:59:54.000Z</time>
      </trkpt>
      <trkpt lat="44.31598423048854" lon="110.91924187727273">
        <ele>1079</ele>
        <time>2026-08-25T17:00:10.000Z</time>
      </trkpt>
      <trkpt lat="44.31588658131659" lon="110.91962861828506">
        <ele>1079.2</ele>
        <time>2026-08-25T17:00:22.000Z</time>
      </trkpt>
      <trkpt lat="44.31593092158437" lon="110.91987387277186">
        <ele>1079.2</ele>
        <time>2026-08-25T17:00:32.000Z</time>
      </trkpt>
      <trkpt lat="44.31591985747218" lon="110.9203100670129">
        <ele>1079.6</ele>
        <time>2026-08-25T17:00:48.000Z</time>
      </trkpt>
      <trkpt lat="44.31589202955365" lon="110.92093292623758">
        <ele>1080.4</ele>
        <time>2026-08-25T17:01:04.000Z</time>
      </trkpt>
      <trkpt lat="44.315879037603736" lon="110.9217094257474">
        <ele>1080.8</ele>
        <time>2026-08-25T17:01:20.000Z</time>
      </trkpt>
      <trkpt lat="44.315897058695555" lon="110.92243638820946">
        <ele>1081</ele>
        <time>2026-08-25T17:01:36.000Z</time>
      </trkpt>
      <trkpt lat="44.31594709865749" lon="110.92323509976268">
        <ele>1081</ele>
        <time>2026-08-25T17:01:52.000Z</time>
      </trkpt>
      <trkpt lat="44.31604441255331" lon="110.92409156262875">
        <ele>1080.4</ele>
        <time>2026-08-25T17:02:08.000Z</time>
      </trkpt>
      <trkpt lat="44.31618690490723" lon="110.924959089607">
        <ele>1079.8</ele>
        <time>2026-08-25T17:02:24.000Z</time>
      </trkpt>
      <trkpt lat="44.316404331475496" lon="110.92591831460595">
        <ele>1078.8</ele>
        <time>2026-08-25T17:02:41.000Z</time>
      </trkpt>
      <trkpt lat="44.31667095981538" lon="110.92687376774848">
        <ele>1077.6</ele>
        <time>2026-08-25T17:02:57.000Z</time>
      </trkpt>
      <trkpt lat="44.316960303112864" lon="110.92784187756479">
        <ele>1076.4</ele>
        <time>2026-08-25T17:03:13.000Z</time>
      </trkpt>
      <trkpt lat="44.3172606267035" lon="110.92884586192667">
        <ele>1074.8</ele>
        <time>2026-08-25T17:03:29.000Z</time>
      </trkpt>
      <trkpt lat="44.317597998306155" lon="110.92998010106385">
        <ele>1073</ele>
        <time>2026-08-25T17:03:45.000Z</time>
      </trkpt>
      <trkpt lat="44.31794500909746" lon="110.93114895746112">
        <ele>1071.2</ele>
        <time>2026-08-25T17:04:01.000Z</time>
      </trkpt>
      <trkpt lat="44.31825120002031" lon="110.932174064219">
        <ele>1069.4</ele>
        <time>2026-08-25T17:04:17.000Z</time>
      </trkpt>
      <trkpt lat="44.31855236180127" lon="110.93319992534816">
        <ele>1069.6</ele>
        <time>2026-08-25T17:04:33.000Z</time>
      </trkpt>
      <trkpt lat="44.318823432549834" lon="110.93411128968">
        <ele>1069.8</ele>
        <time>2026-08-25T17:04:49.000Z</time>
      </trkpt>
      <trkpt lat="44.31904748082161" lon="110.9348663315177">
        <ele>1070.6</ele>
        <time>2026-08-25T17:05:06.000Z</time>
      </trkpt>
      <trkpt lat="44.31926700286567" lon="110.93561458401382">
        <ele>1071.2</ele>
        <time>2026-08-25T17:05:22.000Z</time>
      </trkpt>
      <trkpt lat="44.31948912329972" lon="110.93636468052864">
        <ele>1072</ele>
        <time>2026-08-25T17:05:38.000Z</time>
      </trkpt>
      <trkpt lat="44.319705460220575" lon="110.93710111454129">
        <ele>1072.4</ele>
        <time>2026-08-25T17:05:54.000Z</time>
      </trkpt>
      <trkpt lat="44.3199254013598" lon="110.93784207478166">
        <ele>1072.6</ele>
        <time>2026-08-25T17:06:10.000Z</time>
      </trkpt>
      <trkpt lat="44.320154478773475" lon="110.93862142413855">
        <ele>1072.8</ele>
        <time>2026-08-25T17:06:26.000Z</time>
      </trkpt>
      <trkpt lat="44.32039076462388" lon="110.9394162800163">
        <ele>1073</ele>
        <time>2026-08-25T17:06:42.000Z</time>
      </trkpt>
      <trkpt lat="44.320647586137056" lon="110.9402900096029">
        <ele>1073</ele>
        <time>2026-08-25T17:06:58.000Z</time>
      </trkpt>
      <trkpt lat="44.32088856585324" lon="110.94110221602023">
        <ele>1073</ele>
        <time>2026-08-25T17:07:14.000Z</time>
      </trkpt>
      <trkpt lat="44.321130802854896" lon="110.9419497102499">
        <ele>1073.2</ele>
        <time>2026-08-25T17:07:31.000Z</time>
      </trkpt>
      <trkpt lat="44.32136465795338" lon="110.94274909235537">
        <ele>1073.6</ele>
        <time>2026-08-25T17:07:47.000Z</time>
      </trkpt>
      <trkpt lat="44.32156976312399" lon="110.94345275312662">
        <ele>1074.2</ele>
        <time>2026-08-25T17:08:03.000Z</time>
      </trkpt>
      <trkpt lat="44.32174813002348" lon="110.9440618660301">
        <ele>1075.2</ele>
        <time>2026-08-25T17:08:19.000Z</time>
      </trkpt>
      <trkpt lat="44.32190889492631" lon="110.94461381435394">
        <ele>1076.6</ele>
        <time>2026-08-25T17:08:35.000Z</time>
      </trkpt>
      <trkpt lat="44.32208667509258" lon="110.94518621452153">
        <ele>1077.6</ele>
        <time>2026-08-25T17:08:51.000Z</time>
      </trkpt>
      <trkpt lat="44.32225230149925" lon="110.94568678177893">
        <ele>1078</ele>
        <time>2026-08-25T17:09:07.000Z</time>
      </trkpt>
      <trkpt lat="44.322460424155" lon="110.94631961546838">
        <ele>1078.8</ele>
        <time>2026-08-25T17:09:23.000Z</time>
      </trkpt>
      <trkpt lat="44.32268497534096" lon="110.94695437699556">
        <ele>1079.6</ele>
        <time>2026-08-25T17:09:39.000Z</time>
      </trkpt>
      <trkpt lat="44.32291111908853" lon="110.94756726175547">
        <ele>1079.6</ele>
        <time>2026-08-25T17:09:56.000Z</time>
      </trkpt>
      <trkpt lat="44.323152685537934" lon="110.94819146208465">
        <ele>1079.2</ele>
        <time>2026-08-25T17:10:12.000Z</time>
      </trkpt>
      <trkpt lat="44.32341151870787" lon="110.94885086640716">
        <ele>1079.8</ele>
        <time>2026-08-25T17:10:28.000Z</time>
      </trkpt>
      <trkpt lat="44.32367529720068" lon="110.94951957464218">
        <ele>1079.8</ele>
        <time>2026-08-25T17:10:44.000Z</time>
      </trkpt>
      <trkpt lat="44.32394410483539" lon="110.95020161010325">
        <ele>1079.4</ele>
        <time>2026-08-25T17:11:00.000Z</time>
      </trkpt>
      <trkpt lat="44.32422783225775" lon="110.95092496834695">
        <ele>1080.2</ele>
        <time>2026-08-25T17:11:16.000Z</time>
      </trkpt>
      <trkpt lat="44.32450736872852" lon="110.95163491554558">
        <ele>1080.4</ele>
        <time>2026-08-25T17:11:32.000Z</time>
      </trkpt>
      <trkpt lat="44.324800316244364" lon="110.95238300040364">
        <ele>1080.6</ele>
        <time>2026-08-25T17:11:48.000Z</time>
      </trkpt>
      <trkpt lat="44.325050432235" lon="110.95302321016788">
        <ele>1081.2</ele>
        <time>2026-08-25T17:12:04.000Z</time>
      </trkpt>
      <trkpt lat="44.32528713718057" lon="110.95363022759557">
        <ele>1081.6</ele>
        <time>2026-08-25T17:12:21.000Z</time>
      </trkpt>
      <trkpt lat="44.32550045661628" lon="110.95416801050305">
        <ele>1082.8</ele>
        <time>2026-08-25T17:12:37.000Z</time>
      </trkpt>
      <trkpt lat="44.325703885406256" lon="110.95467058941722">
        <ele>1084.2</ele>
        <time>2026-08-25T17:12:53.000Z</time>
      </trkpt>
      <trkpt lat="44.325901698321104" lon="110.95516939647496">
        <ele>1085.2</ele>
        <time>2026-08-25T17:13:09.000Z</time>
      </trkpt>
      <trkpt lat="44.32609213516116" lon="110.95566719770432">
        <ele>1086.4</ele>
        <time>2026-08-25T17:13:25.000Z</time>
      </trkpt>
      <trkpt lat="44.326253486797214" lon="110.95613767392933">
        <ele>1086.8</ele>
        <time>2026-08-25T17:13:41.000Z</time>
      </trkpt>
      <trkpt lat="44.32639941573143" lon="110.95661879517138">
        <ele>1088</ele>
        <time>2026-08-25T17:13:57.000Z</time>
      </trkpt>
      <trkpt lat="44.32652891613543" lon="110.95713880844414">
        <ele>1089.2</ele>
        <time>2026-08-25T17:14:13.000Z</time>
      </trkpt>
      <trkpt lat="44.32662748731673" lon="110.95764381811023">
        <ele>1090.2</ele>
        <time>2026-08-25T17:14:29.000Z</time>
      </trkpt>
      <trkpt lat="44.32669127359986" lon="110.9581220895052">
        <ele>1091.2</ele>
        <time>2026-08-25T17:14:46.000Z</time>
      </trkpt>
      <trkpt lat="44.32673058472574" lon="110.95864176750183">
        <ele>1092.4</ele>
        <time>2026-08-25T17:15:02.000Z</time>
      </trkpt>
      <trkpt lat="44.32674642652273" lon="110.95914736390114">
        <ele>1093</ele>
        <time>2026-08-25T17:15:18.000Z</time>
      </trkpt>
      <trkpt lat="44.326724130660295" lon="110.95940091647208">
        <ele>1093.2</ele>
        <time>2026-08-25T17:15:31.000Z</time>
      </trkpt>
      <trkpt lat="44.32672739960253" lon="110.95977231860161">
        <ele>1094</ele>
        <time>2026-08-25T17:15:46.000Z</time>
      </trkpt>
      <trkpt lat="44.32668515481055" lon="110.9603320620954">
        <ele>1094.6</ele>
        <time>2026-08-25T17:16:02.000Z</time>
      </trkpt>
      <trkpt lat="44.326609801501036" lon="110.96091167069972">
        <ele>1095.2</ele>
        <time>2026-08-25T17:16:18.000Z</time>
      </trkpt>
      <trkpt lat="44.3264942150563" lon="110.9614978171885">
        <ele>1096</ele>
        <time>2026-08-25T17:16:34.000Z</time>
      </trkpt>
      <trkpt lat="44.3263232242316" lon="110.96219066530466">
        <ele>1096.2</ele>
        <time>2026-08-25T17:16:50.000Z</time>
      </trkpt>
      <trkpt lat="44.32611015625298" lon="110.96295316703618">
        <ele>1096.4</ele>
        <time>2026-08-25T17:17:07.000Z</time>
      </trkpt>
      <trkpt lat="44.32585408911109" lon="110.9638290759176">
        <ele>1096.4</ele>
        <time>2026-08-25T17:17:23.000Z</time>
      </trkpt>
      <trkpt lat="44.32558536529541" lon="110.96475536003709">
        <ele>1096.2</ele>
        <time>2026-08-25T17:17:39.000Z</time>
      </trkpt>
      <trkpt lat="44.32533457875252" lon="110.96560025587678">
        <ele>1096.4</ele>
        <time>2026-08-25T17:17:55.000Z</time>
      </trkpt>
      <trkpt lat="44.325090665370226" lon="110.96645018085837">
        <ele>1096.4</ele>
        <time>2026-08-25T17:18:11.000Z</time>
      </trkpt>
      <trkpt lat="44.324848679825664" lon="110.9672830067575">
        <ele>1097</ele>
        <time>2026-08-25T17:18:27.000Z</time>
      </trkpt>
      <trkpt lat="44.32463586330414" lon="110.96803234890103">
        <ele>1097.4</ele>
        <time>2026-08-25T17:18:43.000Z</time>
      </trkpt>
      <trkpt lat="44.32441106066108" lon="110.96879946067929">
        <ele>1097.8</ele>
        <time>2026-08-25T17:18:59.000Z</time>
      </trkpt>
      <trkpt lat="44.32421710342169" lon="110.96948015503585">
        <ele>1098.8</ele>
        <time>2026-08-25T17:19:15.000Z</time>
      </trkpt>
      <trkpt lat="44.32403387501836" lon="110.97009689547122">
        <ele>1099.2</ele>
        <time>2026-08-25T17:19:32.000Z</time>
      </trkpt>
      <trkpt lat="44.323863722383976" lon="110.97068161703646">
        <ele>1100</ele>
        <time>2026-08-25T17:19:48.000Z</time>
      </trkpt>
      <trkpt lat="44.323706310242414" lon="110.97123180516064">
        <ele>1100.8</ele>
        <time>2026-08-25T17:20:04.000Z</time>
      </trkpt>
      <trkpt lat="44.32355652563274" lon="110.97175098024309">
        <ele>1101.4</ele>
        <time>2026-08-25T17:20:20.000Z</time>
      </trkpt>
      <trkpt lat="44.32340020313859" lon="110.97227862104774">
        <ele>1102.6</ele>
        <time>2026-08-25T17:20:36.000Z</time>
      </trkpt>
      <trkpt lat="44.323267517611384" lon="110.97275110892951">
        <ele>1103.6</ele>
        <time>2026-08-25T17:20:52.000Z</time>
      </trkpt>
      <trkpt lat="44.32315411046147" lon="110.9731422085315">
        <ele>1104.6</ele>
        <time>2026-08-25T17:21:08.000Z</time>
      </trkpt>
      <trkpt lat="44.323018072173" lon="110.97357236780226">
        <ele>1105.8</ele>
        <time>2026-08-25T17:21:24.000Z</time>
      </trkpt>
      <trkpt lat="44.32296912185848" lon="110.97378820180893">
        <ele>1106.2</ele>
        <time>2026-08-25T17:22:31.000Z</time>
      </trkpt>
      <trkpt lat="44.322840459644794" lon="110.97422515042126">
        <ele>1107.2</ele>
        <time>2026-08-25T17:22:47.000Z</time>
      </trkpt>
      <trkpt lat="44.32270391844213" lon="110.97468808293343">
        <ele>1108.2</ele>
        <time>2026-08-25T17:23:03.000Z</time>
      </trkpt>
      <trkpt lat="44.3225743342191" lon="110.97513969987631">
        <ele>1109.2</ele>
        <time>2026-08-25T17:23:19.000Z</time>
      </trkpt>
      <trkpt lat="44.32244441471994" lon="110.97558452747762">
        <ele>1110.2</ele>
        <time>2026-08-25T17:23:35.000Z</time>
      </trkpt>
      <trkpt lat="44.322308376431465" lon="110.97605592571199">
        <ele>1111.4</ele>
        <time>2026-08-25T17:23:51.000Z</time>
      </trkpt>
      <trkpt lat="44.322172505781054" lon="110.97653327509761">
        <ele>1112.4</ele>
        <time>2026-08-25T17:24:08.000Z</time>
      </trkpt>
      <trkpt lat="44.32203160598874" lon="110.9770123846829">
        <ele>1113</ele>
        <time>2026-08-25T17:24:24.000Z</time>
      </trkpt>
      <trkpt lat="44.3218834977597" lon="110.97751722671092">
        <ele>1113.8</ele>
        <time>2026-08-25T17:24:40.000Z</time>
      </trkpt>
      <trkpt lat="44.32172952219844" lon="110.97805115394294">
        <ele>1114.4</ele>
        <time>2026-08-25T17:24:56.000Z</time>
      </trkpt>
      <trkpt lat="44.32157160714269" lon="110.97863310948014">
        <ele>1114.6</ele>
        <time>2026-08-25T17:25:12.000Z</time>
      </trkpt>
      <trkpt lat="44.321347223594785" lon="110.97937507554889">
        <ele>1114.8</ele>
        <time>2026-08-25T17:25:28.000Z</time>
      </trkpt>
      <trkpt lat="44.32110750116408" lon="110.98019482567906">
        <ele>1114.4</ele>
        <time>2026-08-25T17:25:44.000Z</time>
      </trkpt>
      <trkpt lat="44.320809692144394" lon="110.98122345283628">
        <ele>1113.6</ele>
        <time>2026-08-25T17:26:00.000Z</time>
      </trkpt>
      <trkpt lat="44.32051448151469" lon="110.98232609219849">
        <ele>1112.8</ele>
        <time>2026-08-25T17:26:16.000Z</time>
      </trkpt>
      <trkpt lat="44.32022446766496" lon="110.98368722945452">
        <ele>1111.4</ele>
        <time>2026-08-25T17:26:33.000Z</time>
      </trkpt>
      <trkpt lat="44.320029336959124" lon="110.98489380441606">
        <ele>1110.8</ele>
        <time>2026-08-25T17:26:49.000Z</time>
      </trkpt>
      <trkpt lat="44.31990159675479" lon="110.98603466525674">
        <ele>1110.8</ele>
        <time>2026-08-25T17:27:05.000Z</time>
      </trkpt>
      <trkpt lat="44.319826075807214" lon="110.98699891939759">
        <ele>1110.6</ele>
        <time>2026-08-25T17:27:21.000Z</time>
      </trkpt>
      <trkpt lat="44.31977620348334" lon="110.98807599395514">
        <ele>1110.2</ele>
        <time>2026-08-25T17:27:37.000Z</time>
      </trkpt>
      <trkpt lat="44.3197232298553" lon="110.98921157419682">
        <ele>1110</ele>
        <time>2026-08-25T17:27:53.000Z</time>
      </trkpt>
      <trkpt lat="44.31967553682625" lon="110.99024447612464">
        <ele>1110</ele>
        <time>2026-08-25T17:28:09.000Z</time>
      </trkpt>
      <trkpt lat="44.31963128037751" lon="110.99118827842176">
        <ele>1110.2</ele>
        <time>2026-08-25T17:28:25.000Z</time>
      </trkpt>
      <trkpt lat="44.319598004221916" lon="110.99197005853057">
        <ele>1111</ele>
        <time>2026-08-25T17:28:41.000Z</time>
      </trkpt>
      <trkpt lat="44.319562716409564" lon="110.9926543571055">
        <ele>1112</ele>
        <time>2026-08-25T17:28:58.000Z</time>
      </trkpt>
      <trkpt lat="44.319533379748464" lon="110.99322005175054">
        <ele>1112.8</ele>
        <time>2026-08-25T17:29:14.000Z</time>
      </trkpt>
      <trkpt lat="44.31950622238219" lon="110.99383452907205">
        <ele>1113.4</ele>
        <time>2026-08-25T17:29:30.000Z</time>
      </trkpt>
      <trkpt lat="44.31947101838887" lon="110.99440215155482">
        <ele>1114.2</ele>
        <time>2026-08-25T17:29:46.000Z</time>
      </trkpt>
      <trkpt lat="44.319444531574845" lon="110.99495745263994">
        <ele>1114.8</ele>
        <time>2026-08-25T17:30:02.000Z</time>
      </trkpt>
      <trkpt lat="44.319419637322426" lon="110.99547713063657">
        <ele>1115.6</ele>
        <time>2026-08-25T17:30:18.000Z</time>
      </trkpt>
      <trkpt lat="44.31939541362226" lon="110.99602916277945">
        <ele>1116.4</ele>
        <time>2026-08-25T17:30:34.000Z</time>
      </trkpt>
      <trkpt lat="44.31936699897051" lon="110.99661497399211">
        <ele>1117.4</ele>
        <time>2026-08-25T17:30:50.000Z</time>
      </trkpt>
      <trkpt lat="44.31934051215649" lon="110.99719525314867">
        <ele>1118.2</ele>
        <time>2026-08-25T17:31:06.000Z</time>
      </trkpt>
      <trkpt lat="44.31931469589472" lon="110.9977688267827">
        <ele>1119</ele>
        <time>2026-08-25T17:31:23.000Z</time>
      </trkpt>
      <trkpt lat="44.319286700338125" lon="110.99833628162742">
        <ele>1120</ele>
        <time>2026-08-25T17:31:39.000Z</time>
      </trkpt>
      <trkpt lat="44.31925719603896" lon="110.99890616722405">
        <ele>1121</ele>
        <time>2026-08-25T17:31:55.000Z</time>
      </trkpt>
      <trkpt lat="44.31922869756818" lon="110.99948527291417">
        <ele>1121.8</ele>
        <time>2026-08-25T17:32:11.000Z</time>
      </trkpt>
      <trkpt lat="44.31920547969639" lon="111.00004409439862">
        <ele>1122.4</ele>
        <time>2026-08-25T17:32:27.000Z</time>
      </trkpt>
      <trkpt lat="44.31917706504464" lon="111.00060165859759">
        <ele>1123.2</ele>
        <time>2026-08-25T17:32:43.000Z</time>
      </trkpt>
      <trkpt lat="44.3191465549171" lon="111.00118545815349">
        <ele>1124.2</ele>
        <time>2026-08-25T17:32:59.000Z</time>
      </trkpt>
      <trkpt lat="44.319113781675696" lon="111.0017634741962">
        <ele>1124.8</ele>
        <time>2026-08-25T17:33:15.000Z</time>
      </trkpt>
      <trkpt lat="44.31908360682428" lon="111.00232422351837">
        <ele>1125.4</ele>
        <time>2026-08-25T17:33:31.000Z</time>
      </trkpt>
      <trkpt lat="44.31905435398221" lon="111.00289746187627">
        <ele>1126</ele>
        <time>2026-08-25T17:33:48.000Z</time>
      </trkpt>
      <trkpt lat="44.31902987882495" lon="111.00342887453735">
        <ele>1126.6</ele>
        <time>2026-08-25T17:34:04.000Z</time>
      </trkpt>
      <trkpt lat="44.31899417191744" lon="111.00386339239776">
        <ele>1127.2</ele>
        <time>2026-08-25T17:34:20.000Z</time>
      </trkpt>
      <trkpt lat="44.318995010107756" lon="111.00423781201243">
        <ele>1128</ele>
        <time>2026-08-25T17:36:18.000Z</time>
      </trkpt>
      <trkpt lat="44.318968523293734" lon="111.0047734156251">
        <ele>1128.6</ele>
        <time>2026-08-25T17:36:34.000Z</time>
      </trkpt>
      <trkpt lat="44.318944131955504" lon="111.00528739392757">
        <ele>1129.4</ele>
        <time>2026-08-25T17:36:50.000Z</time>
      </trkpt>
      <trkpt lat="44.31892049498856" lon="111.00581252016127">
        <ele>1130.4</ele>
        <time>2026-08-25T17:37:06.000Z</time>
      </trkpt>
      <trkpt lat="44.318916806951165" lon="111.00607956759632">
        <ele>1131.2</ele>
        <time>2026-08-25T17:38:37.000Z</time>
      </trkpt>
      <trkpt lat="44.3188857100904" lon="111.00662715733051">
        <ele>1132.4</ele>
        <time>2026-08-25T17:38:53.000Z</time>
      </trkpt>
      <trkpt lat="44.318862995132804" lon="111.00712018087506">
        <ele>1133</ele>
        <time>2026-08-25T17:39:09.000Z</time>
      </trkpt>
      <trkpt lat="44.31883927434683" lon="111.00771898403764">
        <ele>1134</ele>
        <time>2026-08-25T17:39:25.000Z</time>
      </trkpt>
      <trkpt lat="44.31882217526436" lon="111.00828518159688">
        <ele>1134.2</ele>
        <time>2026-08-25T17:39:41.000Z</time>
      </trkpt>
      <trkpt lat="44.31881111115217" lon="111.0088315140456">
        <ele>1134.4</ele>
        <time>2026-08-25T17:39:57.000Z</time>
      </trkpt>
      <trkpt lat="44.31880742311478" lon="111.00946577265859">
        <ele>1134.6</ele>
        <time>2026-08-25T17:40:13.000Z</time>
      </trkpt>
      <trkpt lat="44.3188077583909" lon="111.01031519472599">
        <ele>1134.4</ele>
        <time>2026-08-25T17:40:29.000Z</time>
      </trkpt>
      <trkpt lat="44.31881932541728" lon="111.01128187961876">
        <ele>1133.6</ele>
        <time>2026-08-25T17:40:46.000Z</time>
      </trkpt>
      <trkpt lat="44.318847907707095" lon="111.01233188062906">
        <ele>1132.2</ele>
        <time>2026-08-25T17:41:02.000Z</time>
      </trkpt>
      <trkpt lat="44.31888001039624" lon="111.01351205259562">
        <ele>1130</ele>
        <time>2026-08-25T17:41:18.000Z</time>
      </trkpt>
      <trkpt lat="44.3189168907702" lon="111.01495650596917">
        <ele>1127.2</ele>
        <time>2026-08-25T17:41:34.000Z</time>
      </trkpt>
      <trkpt lat="44.318949580192566" lon="111.01636835373938">
        <ele>1125.6</ele>
        <time>2026-08-25T17:41:50.000Z</time>
      </trkpt>
      <trkpt lat="44.31898252107203" lon="111.01764961145818">
        <ele>1124.4</ele>
        <time>2026-08-25T17:42:06.000Z</time>
      </trkpt>
      <trkpt lat="44.31901562958956" lon="111.01889759302139">
        <ele>1123.4</ele>
        <time>2026-08-25T17:42:22.000Z</time>
      </trkpt>
      <trkpt lat="44.31904848664999" lon="111.02007650770247">
        <ele>1122.8</ele>
        <time>2026-08-25T17:42:38.000Z</time>
      </trkpt>
      <trkpt lat="44.31907111778855" lon="111.02118258364499">
        <ele>1123.2</ele>
        <time>2026-08-25T17:42:54.000Z</time>
      </trkpt>
      <trkpt lat="44.31908905506134" lon="111.02204189635813">
        <ele>1123.8</ele>
        <time>2026-08-25T17:43:11.000Z</time>
      </trkpt>
      <trkpt lat="44.31911730207503" lon="111.02283792570233">
        <ele>1124.6</ele>
        <time>2026-08-25T17:43:27.000Z</time>
      </trkpt>
      <trkpt lat="44.31915879249573" lon="111.02358299307525">
        <ele>1125.2</ele>
        <time>2026-08-25T17:43:43.000Z</time>
      </trkpt>
      <trkpt lat="44.31921201758087" lon="111.0242953710258">
        <ele>1125.4</ele>
        <time>2026-08-25T17:43:59.000Z</time>
      </trkpt>
      <trkpt lat="44.319275887683034" lon="111.02504102513194">
        <ele>1126.6</ele>
        <time>2026-08-25T17:44:15.000Z</time>
      </trkpt>
      <trkpt lat="44.319360964000225" lon="111.02581911720335">
        <ele>1126.6</ele>
        <time>2026-08-25T17:44:31.000Z</time>
      </trkpt>
      <trkpt lat="44.319457691162825" lon="111.02659176103771">
        <ele>1127.2</ele>
        <time>2026-08-25T17:44:47.000Z</time>
      </trkpt>
      <trkpt lat="44.31956992484629" lon="111.02734479121864">
        <ele>1127.8</ele>
        <time>2026-08-25T17:45:03.000Z</time>
      </trkpt>
      <trkpt lat="44.31969431228936" lon="111.0280860029161">
        <ele>1128.6</ele>
        <time>2026-08-25T17:45:19.000Z</time>
      </trkpt>
      <trkpt lat="44.319794392213225" lon="111.0286869853735">
        <ele>1129.2</ele>
        <time>2026-08-25T17:45:36.000Z</time>
      </trkpt>
      <trkpt lat="44.31992665864527" lon="111.0294174682349">
        <ele>1129.8</ele>
        <time>2026-08-25T17:45:52.000Z</time>
      </trkpt>
      <trkpt lat="44.32004786096513" lon="111.03008785285056">
        <ele>1130.4</ele>
        <time>2026-08-25T17:46:08.000Z</time>
      </trkpt>
      <trkpt lat="44.32017325423658" lon="111.0307832993567">
        <ele>1131</ele>
        <time>2026-08-25T17:46:24.000Z</time>
      </trkpt>
      <trkpt lat="44.32028146460652" lon="111.03141630068421">
        <ele>1131.4</ele>
        <time>2026-08-25T17:46:40.000Z</time>
      </trkpt>
      <trkpt lat="44.320371905341744" lon="111.03204997256398">
        <ele>1132</ele>
        <time>2026-08-25T17:46:56.000Z</time>
      </trkpt>
      <trkpt lat="44.320495119318366" lon="111.03269135579467">
        <ele>1132.8</ele>
        <time>2026-08-25T17:47:12.000Z</time>
      </trkpt>
      <trkpt lat="44.32058271020651" lon="111.0332078486681">
        <ele>1133</ele>
        <time>2026-08-25T17:47:26.000Z</time>
      </trkpt>
      <trkpt lat="44.32055035606027" lon="111.03345511481166">
        <ele>1133</ele>
        <time>2026-08-25T17:47:38.000Z</time>
      </trkpt>
      <trkpt lat="44.32061506435275" lon="111.03345327079296">
        <ele>1132.4</ele>
        <time>2026-08-25T17:55:51.000Z</time>
      </trkpt>
      <trkpt lat="44.32070449925959" lon="111.0338085796684">
        <ele>1133</ele>
        <time>2026-08-25T17:56:02.000Z</time>
      </trkpt>
      <trkpt lat="44.32082109153271" lon="111.03440570645034">
        <ele>1133.2</ele>
        <time>2026-08-25T17:56:18.000Z</time>
      </trkpt>
      <trkpt lat="44.320915807038546" lon="111.0349312517792">
        <ele>1133</ele>
        <time>2026-08-25T17:56:34.000Z</time>
      </trkpt>
      <trkpt lat="44.32102636434138" lon="111.03556492365897">
        <ele>1132.8</ele>
        <time>2026-08-25T17:56:50.000Z</time>
      </trkpt>
      <trkpt lat="44.321139603853226" lon="111.03626565076411">
        <ele>1132.4</ele>
        <time>2026-08-25T17:57:06.000Z</time>
      </trkpt>
      <trkpt lat="44.32122007012367" lon="111.0370071977377">
        <ele>1131.8</ele>
        <time>2026-08-25T17:57:22.000Z</time>
      </trkpt>
      <trkpt lat="44.32121738791466" lon="111.03769828565419">
        <ele>1131.6</ele>
        <time>2026-08-25T17:57:39.000Z</time>
      </trkpt>
      <trkpt lat="44.321175226941705" lon="111.03838660754263">
        <ele>1131</ele>
        <time>2026-08-25T17:57:55.000Z</time>
      </trkpt>
      <trkpt lat="44.321051677688956" lon="111.0392451658845">
        <ele>1130</ele>
        <time>2026-08-25T17:58:11.000Z</time>
      </trkpt>
      <trkpt lat="44.32080843485892" lon="111.04020279832184">
        <ele>1128.4</ele>
        <time>2026-08-25T17:58:27.000Z</time>
      </trkpt>
      <trkpt lat="44.32032823562622" lon="111.04139797389507">
        <ele>1125.4</ele>
        <time>2026-08-25T17:58:43.000Z</time>
      </trkpt>
      <trkpt lat="44.319558860734105" lon="111.04259331710637">
        <ele>1119.6</ele>
        <time>2026-08-25T17:58:59.000Z</time>
      </trkpt>
      <trkpt lat="44.31872435845435" lon="111.04348439723253">
        <ele>1115.2</ele>
        <time>2026-08-25T17:59:15.000Z</time>
      </trkpt>
      <trkpt lat="44.31858731433749" lon="111.04361146688461">
        <ele>1113.6</ele>
        <time>2026-08-25T17:59:27.000Z</time>
      </trkpt>
      <trkpt lat="44.31807316839695" lon="111.04413910768926">
        <ele>1111.4</ele>
        <time>2026-08-25T18:00:55.000Z</time>
      </trkpt>
      <trkpt lat="44.317375207319856" lon="111.0448316205293">
        <ele>1108.4</ele>
        <time>2026-08-25T18:01:07.000Z</time>
      </trkpt>
      <trkpt lat="44.317234978079796" lon="111.04496841318905">
        <ele>1107.8</ele>
        <time>2026-08-25T18:01:09.000Z</time>
      </trkpt>
      <trkpt lat="44.317092318087816" lon="111.04511165991426">
        <ele>1107</ele>
        <time>2026-08-25T18:01:11.000Z</time>
      </trkpt>
      <trkpt lat="44.31694731116295" lon="111.0452592652291">
        <ele>1106.4</ele>
        <time>2026-08-25T18:01:13.000Z</time>
      </trkpt>
      <trkpt lat="44.316801466047764" lon="111.04540787637234">
        <ele>1105.6</ele>
        <time>2026-08-25T18:01:15.000Z</time>
      </trkpt>
      <trkpt lat="44.31658051908016" lon="111.04563075117767">
        <ele>1104.6</ele>
        <time>2026-08-25T18:01:18.000Z</time>
      </trkpt>
      <trkpt lat="44.315464217215776" lon="111.0467532556504">
        <ele>1101.2</ele>
        <time>2026-08-25T18:01:34.000Z</time>
      </trkpt>
      <trkpt lat="44.314541118219495" lon="111.04767308570445">
        <ele>1099.2</ele>
        <time>2026-08-25T18:01:50.000Z</time>
      </trkpt>
      <trkpt lat="44.31369127705693" lon="111.04851982556283">
        <ele>1096.8</ele>
        <time>2026-08-25T18:02:06.000Z</time>
      </trkpt>
      <trkpt lat="44.31294931098819" lon="111.04926615022123">
        <ele>1094.8</ele>
        <time>2026-08-25T18:02:23.000Z</time>
      </trkpt>
      <trkpt lat="44.31207901798189" lon="111.05012931860983">
        <ele>1091.6</ele>
        <time>2026-08-25T18:02:39.000Z</time>
      </trkpt>
      <trkpt lat="44.31112255901098" lon="111.05108535848558">
        <ele>1088</ele>
        <time>2026-08-25T18:02:55.000Z</time>
      </trkpt>
      <trkpt lat="44.31017741560936" lon="111.0520355310291">
        <ele>1085.2</ele>
        <time>2026-08-25T18:03:11.000Z</time>
      </trkpt>
      <trkpt lat="44.30940946564078" lon="111.05279920622706">
        <ele>1084.2</ele>
        <time>2026-08-25T18:03:27.000Z</time>
      </trkpt>
      <trkpt lat="44.30877797305584" lon="111.05342675931752">
        <ele>1083.6</ele>
        <time>2026-08-25T18:03:43.000Z</time>
      </trkpt>
      <trkpt lat="44.30817682296038" lon="111.05402782559395">
        <ele>1083.6</ele>
        <time>2026-08-25T18:03:59.000Z</time>
      </trkpt>
      <trkpt lat="44.307552706450224" lon="111.05464959517121">
        <ele>1082.2</ele>
        <time>2026-08-25T18:04:15.000Z</time>
      </trkpt>
      <trkpt lat="44.30679867044091" lon="111.0554136056453">
        <ele>1080.2</ele>
        <time>2026-08-25T18:04:31.000Z</time>
      </trkpt>
      <trkpt lat="44.30590440519154" lon="111.05630585923791">
        <ele>1076.8</ele>
        <time>2026-08-25T18:04:48.000Z</time>
      </trkpt>
      <trkpt lat="44.30479623377323" lon="111.05740640312433">
        <ele>1072.2</ele>
        <time>2026-08-25T18:05:04.000Z</time>
      </trkpt>
      <trkpt lat="44.30383147671819" lon="111.05837132781744">
        <ele>1070</ele>
        <time>2026-08-25T18:05:20.000Z</time>
      </trkpt>
      <trkpt lat="44.303000662475824" lon="111.05920230969787">
        <ele>1068.4</ele>
        <time>2026-08-25T18:05:36.000Z</time>
      </trkpt>
      <trkpt lat="44.30226163007319" lon="111.0599394980818">
        <ele>1067.2</ele>
        <time>2026-08-25T18:05:52.000Z</time>
      </trkpt>
      <trkpt lat="44.30153542198241" lon="111.06066620908678">
        <ele>1066.2</ele>
        <time>2026-08-25T18:06:08.000Z</time>
      </trkpt>
      <trkpt lat="44.300836035981774" lon="111.06136282905936">
        <ele>1065.4</ele>
        <time>2026-08-25T18:06:24.000Z</time>
      </trkpt>
      <trkpt lat="44.300172021612525" lon="111.0620239097625">
        <ele>1065.2</ele>
        <time>2026-08-25T18:06:40.000Z</time>
      </trkpt>
      <trkpt lat="44.299464421346784" lon="111.0627129022032">
        <ele>1064</ele>
        <time>2026-08-25T18:06:57.000Z</time>
      </trkpt>
      <trkpt lat="44.29873871617019" lon="111.06339912861586">
        <ele>1062.4</ele>
        <time>2026-08-25T18:07:13.000Z</time>
      </trkpt>
      <trkpt lat="44.29793430492282" lon="111.06414436362684">
        <ele>1060.4</ele>
        <time>2026-08-25T18:07:29.000Z</time>
      </trkpt>
      <trkpt lat="44.29698966443539" lon="111.0649978928268">
        <ele>1057</ele>
        <time>2026-08-25T18:07:45.000Z</time>
      </trkpt>
      <trkpt lat="44.29593723267317" lon="111.06594471260905">
        <ele>1053</ele>
        <time>2026-08-25T18:08:01.000Z</time>
      </trkpt>
      <trkpt lat="44.29484800435603" lon="111.06692698784173">
        <ele>1049.6</ele>
        <time>2026-08-25T18:08:17.000Z</time>
      </trkpt>
      <trkpt lat="44.29376162588596" lon="111.06790205463767">
        <ele>1046.6</ele>
        <time>2026-08-25T18:08:33.000Z</time>
      </trkpt>
      <trkpt lat="44.29271740838885" lon="111.06883789412677">
        <ele>1043.2</ele>
        <time>2026-08-25T18:08:49.000Z</time>
      </trkpt>
      <trkpt lat="44.291828256100416" lon="111.06964046135545">
        <ele>1041.4</ele>
        <time>2026-08-25T18:09:05.000Z</time>
      </trkpt>
      <trkpt lat="44.29094891063869" lon="111.07042760588229">
        <ele>1040</ele>
        <time>2026-08-25T18:09:22.000Z</time>
      </trkpt>
      <trkpt lat="44.29016226902604" lon="111.0711346194148">
        <ele>1039</ele>
        <time>2026-08-25T18:09:38.000Z</time>
      </trkpt>
      <trkpt lat="44.28942591883242" lon="111.07180031016469">
        <ele>1038.2</ele>
        <time>2026-08-25T18:09:54.000Z</time>
      </trkpt>
      <trkpt lat="44.28871798329055" lon="111.07243758626282">
        <ele>1037.4</ele>
        <time>2026-08-25T18:10:10.000Z</time>
      </trkpt>
      <trkpt lat="44.28798196837306" lon="111.07309967279434">
        <ele>1036.6</ele>
        <time>2026-08-25T18:10:26.000Z</time>
      </trkpt>
      <trkpt lat="44.28724218159914" lon="111.07376536354423">
        <ele>1035.4</ele>
        <time>2026-08-25T18:10:42.000Z</time>
      </trkpt>
      <trkpt lat="44.28648219443858" lon="111.07445142231882">
        <ele>1033.8</ele>
        <time>2026-08-25T18:10:58.000Z</time>
      </trkpt>
      <trkpt lat="44.28573067300022" lon="111.07513027265668">
        <ele>1032.4</ele>
        <time>2026-08-25T18:11:14.000Z</time>
      </trkpt>
      <trkpt lat="44.28491679020226" lon="111.0758565645665">
        <ele>1030.8</ele>
        <time>2026-08-25T18:11:30.000Z</time>
      </trkpt>
      <trkpt lat="44.284169459715486" lon="111.0765381809324">
        <ele>1029.6</ele>
        <time>2026-08-25T18:11:47.000Z</time>
      </trkpt>
      <trkpt lat="44.28348717279732" lon="111.07713748700917">
        <ele>1028.6</ele>
        <time>2026-08-25T18:12:03.000Z</time>
      </trkpt>
      <trkpt lat="44.28276716731489" lon="111.07769211754203">
        <ele>1027.6</ele>
        <time>2026-08-25T18:12:19.000Z</time>
      </trkpt>
      <trkpt lat="44.28201983682811" lon="111.07815161347389">
        <ele>1027.2</ele>
        <time>2026-08-25T18:12:35.000Z</time>
      </trkpt>
      <trkpt lat="44.28137116134167" lon="111.0784899070859">
        <ele>1026.2</ele>
        <time>2026-08-25T18:12:49.000Z</time>
      </trkpt>
      <trkpt lat="44.280560966581106" lon="111.07875770889223">
        <ele>1024.8</ele>
        <time>2026-08-25T18:13:05.000Z</time>
      </trkpt>
      <trkpt lat="44.27968497388065" lon="111.07895468361676">
        <ele>1023.4</ele>
        <time>2026-08-25T18:13:21.000Z</time>
      </trkpt>
      <trkpt lat="44.278809232637286" lon="111.07910178601742">
        <ele>1022.2</ele>
        <time>2026-08-25T18:13:37.000Z</time>
      </trkpt>
      <trkpt lat="44.27859012968838" lon="111.0791871137917">
        <ele>1021.8</ele>
        <time>2026-08-25T18:15:40.000Z</time>
      </trkpt>
      <trkpt lat="44.27816801704466" lon="111.0792515706271">
        <ele>1021.2</ele>
        <time>2026-08-25T18:17:11.000Z</time>
      </trkpt>
      <trkpt lat="44.27764406427741" lon="111.07932231388986">
        <ele>1020.6</ele>
        <time>2026-08-25T18:17:27.000Z</time>
      </trkpt>
      <trkpt lat="44.27720149978995" lon="111.07941451482475">
        <ele>1020</ele>
        <time>2026-08-25T18:17:38.000Z</time>
      </trkpt>
      <trkpt lat="44.27652985788882" lon="111.07950436882675">
        <ele>1019</ele>
        <time>2026-08-25T18:17:54.000Z</time>
      </trkpt>
      <trkpt lat="44.27579367533326" lon="111.07962666079402">
        <ele>1018</ele>
        <time>2026-08-25T18:18:10.000Z</time>
      </trkpt>
      <trkpt lat="44.27500359714031" lon="111.07975339516997">
        <ele>1016.8</ele>
        <time>2026-08-25T18:18:26.000Z</time>
      </trkpt>
      <trkpt lat="44.27409038878977" lon="111.07991290278733">
        <ele>1015.8</ele>
        <time>2026-08-25T18:18:42.000Z</time>
      </trkpt>
      <trkpt lat="44.273585798218846" lon="111.07997735962272">
        <ele>1015.2</ele>
        <time>2026-08-25T18:18:56.000Z</time>
      </trkpt>
      <trkpt lat="44.273314476013184" lon="111.08002077788115">
        <ele>1015.4</ele>
        <time>2026-08-25T18:20:17.000Z</time>
      </trkpt>
      <trkpt lat="44.27309235557914" lon="111.08008875511587">
        <ele>1014.6</ele>
        <time>2026-08-25T18:20:28.000Z</time>
      </trkpt>
      <trkpt lat="44.272568402811885" lon="111.08019042760134">
        <ele>1014.2</ele>
        <time>2026-08-25T18:20:44.000Z</time>
      </trkpt>
      <trkpt lat="44.27192031405866" lon="111.08029386028647">
        <ele>1013.8</ele>
        <time>2026-08-25T18:21:00.000Z</time>
      </trkpt>
      <trkpt lat="44.27120198495686" lon="111.0804170742631">
        <ele>1013.4</ele>
        <time>2026-08-25T18:21:17.000Z</time>
      </trkpt>
      <trkpt lat="44.270494133234024" lon="111.08053333126009">
        <ele>1014.2</ele>
        <time>2026-08-25T18:21:33.000Z</time>
      </trkpt>
      <trkpt lat="44.26985870115459" lon="111.08064531348646">
        <ele>1013.2</ele>
        <time>2026-08-25T18:21:49.000Z</time>
      </trkpt>
      <trkpt lat="44.26918890327215" lon="111.08076048083603">
        <ele>1013.2</ele>
        <time>2026-08-25T18:22:05.000Z</time>
      </trkpt>
      <trkpt lat="44.26853796467185" lon="111.08086877502501">
        <ele>1013.2</ele>
        <time>2026-08-25T18:22:21.000Z</time>
      </trkpt>
      <trkpt lat="44.26786556839943" lon="111.08098050579429">
        <ele>1012.8</ele>
        <time>2026-08-25T18:22:37.000Z</time>
      </trkpt>
      <trkpt lat="44.2670676112175" lon="111.08111746609211">
        <ele>1012.6</ele>
        <time>2026-08-25T18:22:53.000Z</time>
      </trkpt>
      <trkpt lat="44.26622908562422" lon="111.08126062899828">
        <ele>1012</ele>
        <time>2026-08-25T18:23:09.000Z</time>
      </trkpt>
      <trkpt lat="44.265355272218585" lon="111.08141175471246">
        <ele>1012</ele>
        <time>2026-08-25T18:23:25.000Z</time>
      </trkpt>
      <trkpt lat="44.264625711366534" lon="111.081537399441">
        <ele>1012.2</ele>
        <time>2026-08-25T18:23:42.000Z</time>
      </trkpt>
      <trkpt lat="44.26401911303401" lon="111.08164502307773">
        <ele>1013</ele>
        <time>2026-08-25T18:23:58.000Z</time>
      </trkpt>
      <trkpt lat="44.26344403065741" lon="111.08174426481128">
        <ele>1013.8</ele>
        <time>2026-08-25T18:24:14.000Z</time>
      </trkpt>
      <trkpt lat="44.26293080672622" lon="111.08183076605201">
        <ele>1014.4</ele>
        <time>2026-08-25T18:24:30.000Z</time>
      </trkpt>
      <trkpt lat="44.26241096109152" lon="111.0819243080914">
        <ele>1015.2</ele>
        <time>2026-08-25T18:24:46.000Z</time>
      </trkpt>
      <trkpt lat="44.26191466860473" lon="111.08203427866101">
        <ele>1015.8</ele>
        <time>2026-08-25T18:25:02.000Z</time>
      </trkpt>
      <trkpt lat="44.26178986206651" lon="111.08214030973613">
        <ele>1016</ele>
        <time>2026-08-25T18:25:11.000Z</time>
      </trkpt>
      <trkpt lat="44.26144586876035" lon="111.08208012767136">
        <ele>1016.4</ele>
        <time>2026-08-25T18:26:11.000Z</time>
      </trkpt>
      <trkpt lat="44.260910768061876" lon="111.08217702247202">
        <ele>1017</ele>
        <time>2026-08-25T18:26:27.000Z</time>
      </trkpt>
      <trkpt lat="44.2603811994195" lon="111.08226939104497">
        <ele>1017.8</ele>
        <time>2026-08-25T18:26:43.000Z</time>
      </trkpt>
      <trkpt lat="44.259852888062596" lon="111.08236243017018">
        <ele>1018.8</ele>
        <time>2026-08-25T18:26:59.000Z</time>
      </trkpt>
      <trkpt lat="44.259356930851936" lon="111.08244775794446">
        <ele>1019.8</ele>
        <time>2026-08-25T18:27:15.000Z</time>
      </trkpt>
      <trkpt lat="44.25886399112642" lon="111.08252269215882">
        <ele>1020.8</ele>
        <time>2026-08-25T18:27:31.000Z</time>
      </trkpt>
      <trkpt lat="44.2584019806236" lon="111.08261112123728">
        <ele>1021.8</ele>
        <time>2026-08-25T18:27:47.000Z</time>
      </trkpt>
      <trkpt lat="44.257946172729135" lon="111.08268815092742">
        <ele>1023</ele>
        <time>2026-08-25T18:28:03.000Z</time>
      </trkpt>
      <trkpt lat="44.25747997127473" lon="111.08276576735079">
        <ele>1024</ele>
        <time>2026-08-25T18:28:20.000Z</time>
      </trkpt>
      <trkpt lat="44.256973871961236" lon="111.08285419642925">
        <ele>1025.2</ele>
        <time>2026-08-25T18:28:36.000Z</time>
      </trkpt>
      <trkpt lat="44.25649417564273" lon="111.08294480480254">
        <ele>1026.2</ele>
        <time>2026-08-25T18:28:52.000Z</time>
      </trkpt>
      <trkpt lat="44.256043983623385" lon="111.08303382061422">
        <ele>1027</ele>
        <time>2026-08-25T18:29:08.000Z</time>
      </trkpt>
      <trkpt lat="44.255605107173324" lon="111.08313029631972">
        <ele>1028</ele>
        <time>2026-08-25T18:29:24.000Z</time>
      </trkpt>
      <trkpt lat="44.255171259865165" lon="111.08321025967598">
        <ele>1028.6</ele>
        <time>2026-08-25T18:29:40.000Z</time>
      </trkpt>
      <trkpt lat="44.254710003733635" lon="111.08329961076379">
        <ele>1029.6</ele>
        <time>2026-08-25T18:29:56.000Z</time>
      </trkpt>
      <trkpt lat="44.25423148088157" lon="111.0833905544132">
        <ele>1030.4</ele>
        <time>2026-08-25T18:30:12.000Z</time>
      </trkpt>
      <trkpt lat="44.253793274983764" lon="111.08347571454942">
        <ele>1031.2</ele>
        <time>2026-08-25T18:30:28.000Z</time>
      </trkpt>
      <trkpt lat="44.25334366969764" lon="111.08356112614274">
        <ele>1032.2</ele>
        <time>2026-08-25T18:30:45.000Z</time>
      </trkpt>
      <trkpt lat="44.252884425222874" lon="111.08364938758314">
        <ele>1032.8</ele>
        <time>2026-08-25T18:31:01.000Z</time>
      </trkpt>
      <trkpt lat="44.25241579301655" lon="111.08373790048063">
        <ele>1034</ele>
        <time>2026-08-25T18:31:17.000Z</time>
      </trkpt>
      <trkpt lat="44.25196157768369" lon="111.0838258266449">
        <ele>1034.6</ele>
        <time>2026-08-25T18:31:33.000Z</time>
      </trkpt>
      <trkpt lat="44.251477690413594" lon="111.08391735702753">
        <ele>1035.4</ele>
        <time>2026-08-25T18:31:49.000Z</time>
      </trkpt>
      <trkpt lat="44.250997407361865" lon="111.0840105637908">
        <ele>1036.4</ele>
        <time>2026-08-25T18:32:05.000Z</time>
      </trkpt>
      <trkpt lat="44.250528272241354" lon="111.08409605920315">
        <ele>1037.4</ele>
        <time>2026-08-25T18:32:21.000Z</time>
      </trkpt>
      <trkpt lat="44.25013390369713" lon="111.08416638337076">
        <ele>1038.4</ele>
        <time>2026-08-25T18:32:37.000Z</time>
      </trkpt>
      <trkpt lat="44.24971581436694" lon="111.08424567617476">
        <ele>1039.6</ele>
        <time>2026-08-25T18:32:53.000Z</time>
      </trkpt>
      <trkpt lat="44.24925682134926" lon="111.08433125540614">
        <ele>1040.6</ele>
        <time>2026-08-25T18:33:10.000Z</time>
      </trkpt>
      <trkpt lat="44.24890712834895" lon="111.08440308831632">
        <ele>1041.4</ele>
        <time>2026-08-25T18:33:26.000Z</time>
      </trkpt>
      <trkpt lat="44.24871283583343" lon="111.08451255597174">
        <ele>1041.8</ele>
        <time>2026-08-25T18:33:35.000Z</time>
      </trkpt>
      <trkpt lat="44.24832156859338" lon="111.08459008857608">
        <ele>1042.6</ele>
        <time>2026-08-25T18:33:51.000Z</time>
      </trkpt>
      <trkpt lat="44.24798713065684" lon="111.08458086848259">
        <ele>1043</ele>
        <time>2026-08-25T18:34:05.000Z</time>
      </trkpt>
      <trkpt lat="44.24755973741412" lon="111.08466074801981">
        <ele>1043.6</ele>
        <time>2026-08-25T18:34:21.000Z</time>
      </trkpt>
      <trkpt lat="44.24709856510162" lon="111.0847460757941">
        <ele>1044.6</ele>
        <time>2026-08-25T18:34:37.000Z</time>
      </trkpt>
      <trkpt lat="44.24665809608996" lon="111.08482846990228">
        <ele>1045.6</ele>
        <time>2026-08-25T18:34:53.000Z</time>
      </trkpt>
      <trkpt lat="44.24626381136477" lon="111.08490901999176">
        <ele>1046.4</ele>
        <time>2026-08-25T18:35:09.000Z</time>
      </trkpt>
      <trkpt lat="44.24586030654609" lon="111.08498797751963">
        <ele>1047.4</ele>
        <time>2026-08-25T18:35:25.000Z</time>
      </trkpt>
      <trkpt lat="44.24544741399586" lon="111.08506299555302">
        <ele>1048.4</ele>
        <time>2026-08-25T18:35:42.000Z</time>
      </trkpt>
      <trkpt lat="44.24505212344229" lon="111.08513700775802">
        <ele>1049.4</ele>
        <time>2026-08-25T18:35:58.000Z</time>
      </trkpt>
      <trkpt lat="44.24466731026769" lon="111.0852122772485">
        <ele>1050.4</ele>
        <time>2026-08-25T18:36:14.000Z</time>
      </trkpt>
      <trkpt lat="44.24426883459091" lon="111.08528436161578">
        <ele>1051.4</ele>
        <time>2026-08-25T18:36:30.000Z</time>
      </trkpt>
      <trkpt lat="44.2439067363739" lon="111.08535066246986">
        <ele>1052</ele>
        <time>2026-08-25T18:36:46.000Z</time>
      </trkpt>
      <trkpt lat="44.24353332258761" lon="111.0854229144752">
        <ele>1052.8</ele>
        <time>2026-08-25T18:37:02.000Z</time>
      </trkpt>
      <trkpt lat="44.24315957352519" lon="111.08549491502345">
        <ele>1053.6</ele>
        <time>2026-08-25T18:37:18.000Z</time>
      </trkpt>
      <trkpt lat="44.242804516106844" lon="111.08556414954364">
        <ele>1054.4</ele>
        <time>2026-08-25T18:37:34.000Z</time>
      </trkpt>
      <trkpt lat="44.242424899712205" lon="111.08563430607319">
        <ele>1055</ele>
        <time>2026-08-25T18:37:51.000Z</time>
      </trkpt>
      <trkpt lat="44.24208551645279" lon="111.08570538461208">
        <ele>1056</ele>
        <time>2026-08-25T18:38:07.000Z</time>
      </trkpt>
      <trkpt lat="44.24185819923878" lon="111.08578568324447">
        <ele>1056.8</ele>
        <time>2026-08-25T18:38:22.000Z</time>
      </trkpt>
      <trkpt lat="44.24168922007084" lon="111.08578266575933">
        <ele>1057.4</ele>
        <time>2026-08-25T18:38:32.000Z</time>
      </trkpt>
      <trkpt lat="44.241483779624104" lon="111.08586405403912">
        <ele>1058</ele>
        <time>2026-08-25T18:38:44.000Z</time>
      </trkpt>
      <trkpt lat="44.24115361645818" lon="111.08587981201708">
        <ele>1059.2</ele>
        <time>2026-08-25T18:39:00.000Z</time>
      </trkpt>
      <trkpt lat="44.240868631750345" lon="111.08592951670289">
        <ele>1060.2</ele>
        <time>2026-08-25T18:39:16.000Z</time>
      </trkpt>
      <trkpt lat="44.24056948162615" lon="111.08598735183477">
        <ele>1061.4</ele>
        <time>2026-08-25T18:39:32.000Z</time>
      </trkpt>
      <trkpt lat="44.240260273218155" lon="111.08604242093861">
        <ele>1062.4</ele>
        <time>2026-08-25T18:39:48.000Z</time>
      </trkpt>
      <trkpt lat="44.239989118650556" lon="111.0860965680331">
        <ele>1063.4</ele>
        <time>2026-08-25T18:40:04.000Z</time>
      </trkpt>
      <trkpt lat="44.239671025425196" lon="111.08615758828819">
        <ele>1064.6</ele>
        <time>2026-08-25T18:40:21.000Z</time>
      </trkpt>
      <trkpt lat="44.23939567990601" lon="111.08621282503009">
        <ele>1065.4</ele>
        <time>2026-08-25T18:40:37.000Z</time>
      </trkpt>
      <trkpt lat="44.23910751007497" lon="111.08626806177199">
        <ele>1066.6</ele>
        <time>2026-08-25T18:40:53.000Z</time>
      </trkpt>
      <trkpt lat="44.2388039175421" lon="111.08632296323776">
        <ele>1067.6</ele>
        <time>2026-08-25T18:41:09.000Z</time>
      </trkpt>
      <trkpt lat="44.23851516097784" lon="111.08638230711222">
        <ele>1068.6</ele>
        <time>2026-08-25T18:41:25.000Z</time>
      </trkpt>
      <trkpt lat="44.23823210410774" lon="111.0864385496825">
        <ele>1069.6</ele>
        <time>2026-08-25T18:41:41.000Z</time>
      </trkpt>
      <trkpt lat="44.237954411655664" lon="111.08650099486113">
        <ele>1070.8</ele>
        <time>2026-08-25T18:41:57.000Z</time>
      </trkpt>
      <trkpt lat="44.23766691237688" lon="111.08655606396496">
        <ele>1071.8</ele>
        <time>2026-08-25T18:42:13.000Z</time>
      </trkpt>
      <trkpt lat="44.23739022575319" lon="111.08661096543074">
        <ele>1073</ele>
        <time>2026-08-25T18:42:29.000Z</time>
      </trkpt>
      <trkpt lat="44.237235663458705" lon="111.08675002120435">
        <ele>1073.8</ele>
        <time>2026-08-25T18:42:45.000Z</time>
      </trkpt>
      <trkpt lat="44.23702661879361" lon="111.08668891713023">
        <ele>1074.2</ele>
        <time>2026-08-25T18:44:55.000Z</time>
      </trkpt>
      <trkpt lat="44.2367454059422" lon="111.08674792572856">
        <ele>1075.6</ele>
        <time>2026-08-25T18:45:12.000Z</time>
      </trkpt>
      <trkpt lat="44.23651750199497" lon="111.08680626377463">
        <ele>1076.8</ele>
        <time>2026-08-25T18:45:28.000Z</time>
      </trkpt>
      <trkpt lat="44.236271660774946" lon="111.08684943057597">
        <ele>1078</ele>
        <time>2026-08-25T18:45:44.000Z</time>
      </trkpt>
      <trkpt lat="44.23601911403239" lon="111.08691472560167">
        <ele>1079.4</ele>
        <time>2026-08-25T18:46:00.000Z</time>
      </trkpt>
      <trkpt lat="44.23580369912088" lon="111.08697750605643">
        <ele>1080.6</ele>
        <time>2026-08-25T18:46:14.000Z</time>
      </trkpt>
      <trkpt lat="44.23561912961304" lon="111.08710817992687">
        <ele>1081.6</ele>
        <time>2026-08-25T18:46:28.000Z</time>
      </trkpt>
      <trkpt lat="44.235450737178326" lon="111.08701120130718">
        <ele>1082.4</ele>
        <time>2026-08-25T18:49:36.000Z</time>
      </trkpt>
      <trkpt lat="44.23520422540605" lon="111.08706492930651">
        <ele>1083.6</ele>
        <time>2026-08-25T18:49:53.000Z</time>
      </trkpt>
      <trkpt lat="44.23498570919037" lon="111.08711832202971">
        <ele>1084.8</ele>
        <time>2026-08-25T18:50:09.000Z</time>
      </trkpt>
      <trkpt lat="44.234869284555316" lon="111.08715176582336">
        <ele>1085.8</ele>
        <time>2026-08-25T18:52:01.000Z</time>
      </trkpt>
      <trkpt lat="44.234568709507585" lon="111.08721655793488">
        <ele>1087.4</ele>
        <time>2026-08-25T18:52:18.000Z</time>
      </trkpt>
      <trkpt lat="44.2342777736485" lon="111.08729442581534">
        <ele>1088.6</ele>
        <time>2026-08-25T18:52:34.000Z</time>
      </trkpt>
      <trkpt lat="44.23401382751763" lon="111.08735921792686">
        <ele>1090</ele>
        <time>2026-08-25T18:52:50.000Z</time>
      </trkpt>
      <trkpt lat="44.23374376259744" lon="111.08742568641901">
        <ele>1091.4</ele>
        <time>2026-08-25T18:53:06.000Z</time>
      </trkpt>
      <trkpt lat="44.23347788862884" lon="111.08748368918896">
        <ele>1092.6</ele>
        <time>2026-08-25T18:53:22.000Z</time>
      </trkpt>
      <trkpt lat="44.233218636363745" lon="111.08753741718829">
        <ele>1094.4</ele>
        <time>2026-08-25T18:53:38.000Z</time>
      </trkpt>
      <trkpt lat="44.23297279514372" lon="111.08757195062935">
        <ele>1095.4</ele>
        <time>2026-08-25T18:53:54.000Z</time>
      </trkpt>
      <trkpt lat="44.23272343352437" lon="111.08758762478828">
        <ele>1097</ele>
        <time>2026-08-25T18:54:10.000Z</time>
      </trkpt>
      <trkpt lat="44.23245747573674" lon="111.08758787624538">
        <ele>1098.2</ele>
        <time>2026-08-25T18:54:26.000Z</time>
      </trkpt>
      <trkpt lat="44.23216410912573" lon="111.08755996450782">
        <ele>1099.6</ele>
        <time>2026-08-25T18:54:43.000Z</time>
      </trkpt>
      <trkpt lat="44.23189027234912" lon="111.08751621097326">
        <ele>1101.2</ele>
        <time>2026-08-25T18:54:59.000Z</time>
      </trkpt>
      <trkpt lat="44.23161911778152" lon="111.08744538389146">
        <ele>1102.6</ele>
        <time>2026-08-25T18:55:15.000Z</time>
      </trkpt>
      <trkpt lat="44.23136548139155" lon="111.08735435642302">
        <ele>1104</ele>
        <time>2026-08-25T18:55:31.000Z</time>
      </trkpt>
      <trkpt lat="44.231122909113765" lon="111.08725276775658">
        <ele>1105.4</ele>
        <time>2026-08-25T18:55:47.000Z</time>
      </trkpt>
      <trkpt lat="44.23086466267705" lon="111.08712946996093">
        <ele>1107</ele>
        <time>2026-08-25T18:56:03.000Z</time>
      </trkpt>
      <trkpt lat="44.230614295229316" lon="111.08700357377529">
        <ele>1108.4</ele>
        <time>2026-08-25T18:56:19.000Z</time>
      </trkpt>
      <trkpt lat="44.2303682025522" lon="111.08688161708415">
        <ele>1109.8</ele>
        <time>2026-08-25T18:56:35.000Z</time>
      </trkpt>
      <trkpt lat="44.23010149039328" lon="111.08675169758499">
        <ele>1111.2</ele>
        <time>2026-08-25T18:56:51.000Z</time>
      </trkpt>
      <trkpt lat="44.22982530668378" lon="111.08661197125912">
        <ele>1112.8</ele>
        <time>2026-08-25T18:57:08.000Z</time>
      </trkpt>
      <trkpt lat="44.22956672497094" lon="111.08648121356964">
        <ele>1114.2</ele>
        <time>2026-08-25T18:57:24.000Z</time>
      </trkpt>
      <trkpt lat="44.2292975820601" lon="111.08634006232023">
        <ele>1115.8</ele>
        <time>2026-08-25T18:57:40.000Z</time>
      </trkpt>
      <trkpt lat="44.22902106307447" lon="111.08621098101139">
        <ele>1117.2</ele>
        <time>2026-08-25T18:57:56.000Z</time>
      </trkpt>
      <trkpt lat="44.22874462790787" lon="111.0860669799149">
        <ele>1118.8</ele>
        <time>2026-08-25T18:58:12.000Z</time>
      </trkpt>
      <trkpt lat="44.22848260961473" lon="111.08593228273094">
        <ele>1120.2</ele>
        <time>2026-08-25T18:58:28.000Z</time>
      </trkpt>
      <trkpt lat="44.22822411172092" lon="111.0857963282615">
        <ele>1121.6</ele>
        <time>2026-08-25T18:58:44.000Z</time>
      </trkpt>
      <trkpt lat="44.22797097824514" lon="111.08565894886851">
        <ele>1122.8</ele>
        <time>2026-08-25T18:59:00.000Z</time>
      </trkpt>
      <trkpt lat="44.22768088057637" lon="111.0855079907924">
        <ele>1124</ele>
        <time>2026-08-25T18:59:17.000Z</time>
      </trkpt>
      <trkpt lat="44.22736521810293" lon="111.08534672297537">
        <ele>1125</ele>
        <time>2026-08-25T18:59:33.000Z</time>
      </trkpt>
      <trkpt lat="44.227057099342346" lon="111.08518889173865">
        <ele>1126.2</ele>
        <time>2026-08-25T18:59:49.000Z</time>
      </trkpt>
      <trkpt lat="44.22681796364486" lon="111.08504849486053">
        <ele>1126.8</ele>
        <time>2026-08-25T19:00:05.000Z</time>
      </trkpt>
      <trkpt lat="44.226721404120326" lon="111.08502678573132">
        <ele>1127.2</ele>
        <time>2026-08-25T19:01:15.000Z</time>
      </trkpt>
      <trkpt lat="44.226325610652566" lon="111.0848205909133">
        <ele>1128</ele>
        <time>2026-08-25T19:01:31.000Z</time>
      </trkpt>
      <trkpt lat="44.22594532370567" lon="111.08463015407324">
        <ele>1129</ele>
        <time>2026-08-25T19:01:48.000Z</time>
      </trkpt>
      <trkpt lat="44.2255640309304" lon="111.08443535864353">
        <ele>1129.2</ele>
        <time>2026-08-25T19:02:04.000Z</time>
      </trkpt>
      <trkpt lat="44.22517175786197" lon="111.08422572724521">
        <ele>1129.6</ele>
        <time>2026-08-25T19:02:20.000Z</time>
      </trkpt>
      <trkpt lat="44.22496447339654" lon="111.08400628902018">
        <ele>1129.6</ele>
        <time>2026-08-25T19:02:31.000Z</time>
      </trkpt>
      <trkpt lat="44.225074695423245" lon="111.08378157019615">
        <ele>1129.6</ele>
        <time>2026-08-25T19:02:39.000Z</time>
      </trkpt>
      <trkpt lat="44.22542329877615" lon="111.08376782387495">
        <ele>1129.4</ele>
        <time>2026-08-25T19:02:52.000Z</time>
      </trkpt>
      <trkpt lat="44.2257936950773" lon="111.0838414169848">
        <ele>1129.8</ele>
        <time>2026-08-25T19:03:07.000Z</time>
      </trkpt>
      <trkpt lat="44.22620072029531" lon="111.08372122049332">
        <ele>1130</ele>
        <time>2026-08-25T19:03:23.000Z</time>
      </trkpt>
      <trkpt lat="44.226382775232196" lon="111.08385256491601">
        <ele>1130.4</ele>
        <time>2026-08-25T19:03:32.000Z</time>
      </trkpt>
      <trkpt lat="44.22638193704188" lon="111.08415020629764">
        <ele>1130.2</ele>
        <time>2026-08-25T19:03:40.000Z</time>
      </trkpt>
      <trkpt lat="44.22619133256376" lon="111.08422338031232">
        <ele>1130</ele>
        <time>2026-08-25T19:03:48.000Z</time>
      </trkpt>
      <trkpt lat="44.22607138752937" lon="111.08403529040515">
        <ele>1130</ele>
        <time>2026-08-25T19:03:57.000Z</time>
      </trkpt>
      <trkpt lat="44.22614648938179" lon="111.08372650109231">
        <ele>1130</ele>
        <time>2026-08-25T19:04:12.000Z</time>
      </trkpt>
      <trkpt lat="44.226377829909325" lon="111.08363186940551">
        <ele>1130.2</ele>
        <time>2026-08-25T19:04:26.000Z</time>
      </trkpt>
      <trkpt lat="44.226482687518" lon="111.08380436897278">
        <ele>1130.4</ele>
        <time>2026-08-25T19:04:39.000Z</time>
      </trkpt>
      <trkpt lat="44.22648788429797" lon="111.0841001663357">
        <ele>1129.8</ele>
        <time>2026-08-25T19:07:33.000Z</time>
      </trkpt>
      <trkpt lat="44.22635620459914" lon="111.08424936421216">
        <ele>1129.6</ele>
        <time>2026-08-25T19:07:42.000Z</time>
      </trkpt>
      <trkpt lat="44.22607138752937" lon="111.0841107275337">
        <ele>1129.4</ele>
        <time>2026-08-25T19:07:57.000Z</time>
      </trkpt>
      <trkpt lat="44.226003075018525" lon="111.08382406644523">
        <ele>1129.6</ele>
        <time>2026-08-25T19:08:09.000Z</time>
      </trkpt>
      <trkpt lat="44.226171215996146" lon="111.08366640284657">
        <ele>1129</ele>
        <time>2026-08-25T19:12:18.000Z</time>
      </trkpt>
      <trkpt lat="44.226370956748724" lon="111.08375801704824">
        <ele>1129.4</ele>
        <time>2026-08-25T19:12:31.000Z</time>
      </trkpt>
      <trkpt lat="44.22641177661717" lon="111.08406831510365">
        <ele>1129.2</ele>
        <time>2026-08-25T19:12:43.000Z</time>
      </trkpt>
      <trkpt lat="44.22623089514673" lon="111.08424575999379">
        <ele>1128.8</ele>
        <time>2026-08-25T19:12:55.000Z</time>
      </trkpt>
      <trkpt lat="44.22597801312804" lon="111.08408382162452">
        <ele>1128.8</ele>
        <time>2026-08-25T19:13:10.000Z</time>
      </trkpt>
      <trkpt lat="44.22573795542121" lon="111.08382297679782">
        <ele>1128.8</ele>
        <time>2026-08-25T19:13:26.000Z</time>
      </trkpt>
      <trkpt lat="44.22546973451972" lon="111.08358711004257">
        <ele>1128.6</ele>
        <time>2026-08-25T19:13:43.000Z</time>
      </trkpt>
      <trkpt lat="44.22520193271339" lon="111.08342039398849">
        <ele>1128.4</ele>
        <time>2026-08-25T19:13:59.000Z</time>
      </trkpt>
      <trkpt lat="44.22505918890238" lon="111.08343061991036">
        <ele>1128.6</ele>
        <time>2026-08-25T19:14:09.000Z</time>
      </trkpt>
      <trkpt lat="44.22488132491708" lon="111.08328745700419">
        <ele>1128.6</ele>
        <time>2026-08-25T19:14:22.000Z</time>
      </trkpt>
      <trkpt lat="44.22518248669803" lon="111.083405893296">
        <ele>1128.6</ele>
        <time>2026-08-25T19:18:42.000Z</time>
      </trkpt>
      <trkpt lat="44.2254622746259" lon="111.08360521495342">
        <ele>1128.4</ele>
        <time>2026-08-25T19:18:54.000Z</time>
      </trkpt>
      <trkpt lat="44.22584448941052" lon="111.08377335593104">
        <ele>1128.8</ele>
        <time>2026-08-25T19:19:09.000Z</time>
      </trkpt>
      <trkpt lat="44.22619183547795" lon="111.0839032754302">
        <ele>1129</ele>
        <time>2026-08-25T19:19:24.000Z</time>
      </trkpt>
      <trkpt lat="44.22616702504456" lon="111.0838324483484">
        <ele>1128.6</ele>
        <time>2026-08-25T19:23:57.000Z</time>
      </trkpt>
      <trkpt lat="44.225795874372125" lon="111.08380327932537">
        <ele>1128.4</ele>
        <time>2026-08-25T19:25:21.000Z</time>
      </trkpt>
      <trkpt lat="44.22534568235278" lon="111.0837632138282">
        <ele>1128</ele>
        <time>2026-08-25T19:25:38.000Z</time>
      </trkpt>
      <trkpt lat="44.22501476481557" lon="111.08358157798648">
        <ele>1128</ele>
        <time>2026-08-25T19:25:50.000Z</time>
      </trkpt>
      <trkpt lat="44.22481787391007" lon="111.08349842950702">
        <ele>1128</ele>
        <time>2026-08-25T19:25:57.000Z</time>
      </trkpt>
      <trkpt lat="44.224462900310755" lon="111.08359498903155">
        <ele>1127.4</ele>
        <time>2026-08-25T19:26:09.000Z</time>
      </trkpt>
      <trkpt lat="44.22419543378055" lon="111.08350295573473">
        <ele>1127.4</ele>
        <time>2026-08-25T19:26:19.000Z</time>
      </trkpt>
      <trkpt lat="44.22377709299326" lon="111.08347739093006">
        <ele>1127.6</ele>
        <time>2026-08-25T19:26:34.000Z</time>
      </trkpt>
      <trkpt lat="44.223342994228005" lon="111.08327086083591">
        <ele>1127.4</ele>
        <time>2026-08-25T19:26:50.000Z</time>
      </trkpt>
      <trkpt lat="44.223278537392616" lon="111.08340396545827">
        <ele>1127</ele>
        <time>2026-08-25T19:26:57.000Z</time>
      </trkpt>
      <trkpt lat="44.222961785271764" lon="111.08359674923122">
        <ele>1126.2</ele>
        <time>2026-08-25T19:27:12.000Z</time>
      </trkpt>
      <trkpt lat="44.222588958218694" lon="111.08358786441386">
        <ele>1125.6</ele>
        <time>2026-08-25T19:27:28.000Z</time>
      </trkpt>
      <trkpt lat="44.222392570227385" lon="111.08365081250668">
        <ele>1125.2</ele>
        <time>2026-08-25T19:27:36.000Z</time>
      </trkpt>
      <trkpt lat="44.22211772762239" lon="111.0836270917207">
        <ele>1124.4</ele>
        <time>2026-08-25T19:27:52.000Z</time>
      </trkpt>
      <trkpt lat="44.221791084855795" lon="111.08357269316912">
        <ele>1123.6</ele>
        <time>2026-08-25T19:28:05.000Z</time>
      </trkpt>
      <trkpt lat="44.22147123143077" lon="111.0834299493581">
        <ele>1123</ele>
        <time>2026-08-25T19:28:21.000Z</time>
      </trkpt>
      <trkpt lat="44.22113553620875" lon="111.08331796713173">
        <ele>1122.4</ele>
        <time>2026-08-25T19:28:37.000Z</time>
      </trkpt>
      <trkpt lat="44.220945267006755" lon="111.08332626521587">
        <ele>1122.2</ele>
        <time>2026-08-25T19:28:46.000Z</time>
      </trkpt>
      <trkpt lat="44.220734629780054" lon="111.08360068872571">
        <ele>1121.8</ele>
        <time>2026-08-25T19:29:00.000Z</time>
      </trkpt>
      <trkpt lat="44.22051929868758" lon="111.08395792543888">
        <ele>1121.6</ele>
        <time>2026-08-25T19:29:16.000Z</time>
      </trkpt>
      <trkpt lat="44.220317881554365" lon="111.08415707945824">
        <ele>1121.4</ele>
        <time>2026-08-25T19:29:29.000Z</time>
      </trkpt>
      <trkpt lat="44.22021218575537" lon="111.08434433117509">
        <ele>1121.6</ele>
        <time>2026-08-25T19:29:40.000Z</time>
      </trkpt>
      <trkpt lat="44.22009299509227" lon="111.08454398810863">
        <ele>1121</ele>
        <time>2026-08-25T19:29:51.000Z</time>
      </trkpt>
      <trkpt lat="44.21987866982818" lon="111.08465261757374">
        <ele>1120.6</ele>
        <time>2026-08-25T19:30:05.000Z</time>
      </trkpt>
      <trkpt lat="44.21960533596575" lon="111.08465546742082">
        <ele>1120.2</ele>
        <time>2026-08-25T19:30:22.000Z</time>
      </trkpt>
      <trkpt lat="44.21934147365391" lon="111.0845288168639">
        <ele>1119</ele>
        <time>2026-08-25T19:30:38.000Z</time>
      </trkpt>
      <trkpt lat="44.21906713396311" lon="111.08441515825689">
        <ele>1117.8</ele>
        <time>2026-08-25T19:30:54.000Z</time>
      </trkpt>
      <trkpt lat="44.218731354922056" lon="111.0842455085367">
        <ele>1117</ele>
        <time>2026-08-25T19:31:10.000Z</time>
      </trkpt>
      <trkpt lat="44.21850051730871" lon="111.08418172225356">
        <ele>1117</ele>
        <time>2026-08-25T19:31:22.000Z</time>
      </trkpt>
      <trkpt lat="44.2182975076139" lon="111.08384217135608">
        <ele>1117.4</ele>
        <time>2026-08-25T19:31:38.000Z</time>
      </trkpt>
      <trkpt lat="44.21817798167467" lon="111.0837737750262">
        <ele>1117.4</ele>
        <time>2026-08-25T19:31:49.000Z</time>
      </trkpt>
      <trkpt lat="44.21788620762527" lon="111.08356238342822">
        <ele>1116.6</ele>
        <time>2026-08-25T19:33:13.000Z</time>
      </trkpt>
      <trkpt lat="44.21762100420892" lon="111.08342684805393">
        <ele>1115.2</ele>
        <time>2026-08-25T19:33:29.000Z</time>
      </trkpt>
      <trkpt lat="44.21740835532546" lon="111.08331277035177">
        <ele>1114.8</ele>
        <time>2026-08-25T19:34:08.000Z</time>
      </trkpt>
      <trkpt lat="44.217228312045336" lon="111.08331168070436">
        <ele>1114.6</ele>
        <time>2026-08-25T19:34:24.000Z</time>
      </trkpt>
      <trkpt lat="44.21705296263099" lon="111.0832560248673">
        <ele>1114.4</ele>
        <time>2026-08-25T19:34:40.000Z</time>
      </trkpt>
      <trkpt lat="44.21693578362465" lon="111.08329282142222">
        <ele>1114.2</ele>
        <time>2026-08-25T19:35:00.000Z</time>
      </trkpt>
      <trkpt lat="44.216766972094774" lon="111.08327429741621">
        <ele>1113.8</ele>
        <time>2026-08-25T19:35:16.000Z</time>
      </trkpt>
      <trkpt lat="44.21658852137625" lon="111.08331738039851">
        <ele>1113.8</ele>
        <time>2026-08-25T19:35:32.000Z</time>
      </trkpt>
      <trkpt lat="44.21642700210214" lon="111.08336951583624">
        <ele>1113.6</ele>
        <time>2026-08-25T19:35:48.000Z</time>
      </trkpt>
      <trkpt lat="44.21628727577627" lon="111.08328896574676">
        <ele>1113.4</ele>
        <time>2026-08-25T19:36:04.000Z</time>
      </trkpt>
      <trkpt lat="44.216114776209" lon="111.083247307688">
        <ele>1113.2</ele>
        <time>2026-08-25T19:36:20.000Z</time>
      </trkpt>
      <trkpt lat="44.215934900566936" lon="111.08324110507965">
        <ele>1113.2</ele>
        <time>2026-08-25T19:36:36.000Z</time>
      </trkpt>
      <trkpt lat="44.21567288227379" lon="111.08316759578884">
        <ele>1113.2</ele>
        <time>2026-08-25T19:36:55.000Z</time>
      </trkpt>
      <trkpt lat="44.21533760614693" lon="111.0831313021481">
        <ele>1113.2</ele>
        <time>2026-08-25T19:37:11.000Z</time>
      </trkpt>
      <trkpt lat="44.21501666307449" lon="111.08296592719853">
        <ele>1112.6</ele>
        <time>2026-08-25T19:37:28.000Z</time>
      </trkpt>
      <trkpt lat="44.214676106348634" lon="111.0828913282603">
        <ele>1112.6</ele>
        <time>2026-08-25T19:37:44.000Z</time>
      </trkpt>
      <trkpt lat="44.21436622738838" lon="111.08284631744027">
        <ele>1112.6</ele>
        <time>2026-08-25T19:38:00.000Z</time>
      </trkpt>
      <trkpt lat="44.2140422668308" lon="111.08275269158185">
        <ele>1112.2</ele>
        <time>2026-08-25T19:38:16.000Z</time>
      </trkpt>
      <trkpt lat="44.21380321495235" lon="111.08257348649204">
        <ele>1111.6</ele>
        <time>2026-08-25T19:38:30.000Z</time>
      </trkpt>
      <trkpt lat="44.213468274101615" lon="111.08262377791107">
        <ele>1111.2</ele>
        <time>2026-08-25T19:38:43.000Z</time>
      </trkpt>
      <trkpt lat="44.21306703239679" lon="111.08269661664963">
        <ele>1110.8</ele>
        <time>2026-08-25T19:38:59.000Z</time>
      </trkpt>
      <trkpt lat="44.21275765635073" lon="111.08276149258018">
        <ele>1111.2</ele>
        <time>2026-08-25T19:39:15.000Z</time>
      </trkpt>
      <trkpt lat="44.21245448291302" lon="111.08284019865096">
        <ele>1112</ele>
        <time>2026-08-25T19:39:31.000Z</time>
      </trkpt>
      <trkpt lat="44.212128007784486" lon="111.0829843673855">
        <ele>1112.8</ele>
        <time>2026-08-25T19:39:48.000Z</time>
      </trkpt>
      <trkpt lat="44.21181888319552" lon="111.08320380561054">
        <ele>1113</ele>
        <time>2026-08-25T19:40:04.000Z</time>
      </trkpt>
      <trkpt lat="44.21155879274011" lon="111.08342366293073">
        <ele>1111.6</ele>
        <time>2026-08-25T19:40:20.000Z</time>
      </trkpt>
      <trkpt lat="44.21134689822793" lon="111.08355048112571">
        <ele>1109.8</ele>
        <time>2026-08-25T19:40:34.000Z</time>
      </trkpt>
      <trkpt lat="44.21098547056317" lon="111.08369775116444">
        <ele>1108.8</ele>
        <time>2026-08-25T19:41:18.000Z</time>
      </trkpt>
      <trkpt lat="44.21065170317888" lon="111.08383672311902">
        <ele>1107.4</ele>
        <time>2026-08-25T19:41:34.000Z</time>
      </trkpt>
      <trkpt lat="44.21048113144934" lon="111.08381518162787">
        <ele>1106.8</ele>
        <time>2026-08-25T19:41:46.000Z</time>
      </trkpt>
      <trkpt lat="44.210192961618304" lon="111.08395792543888">
        <ele>1106</ele>
        <time>2026-08-25T19:42:02.000Z</time>
      </trkpt>
      <trkpt lat="44.20986631885171" lon="111.08410159125924">
        <ele>1105.4</ele>
        <time>2026-08-25T19:42:19.000Z</time>
      </trkpt>
      <trkpt lat="44.20957177877426" lon="111.08422036282718">
        <ele>1105.2</ele>
        <time>2026-08-25T19:42:35.000Z</time>
      </trkpt>
      <trkpt lat="44.2093038931489" lon="111.08423821628094">
        <ele>1105</ele>
        <time>2026-08-25T19:42:51.000Z</time>
      </trkpt>
      <trkpt lat="44.20909929089248" lon="111.08429479412735">
        <ele>1105.4</ele>
        <time>2026-08-25T19:43:04.000Z</time>
      </trkpt>
      <trkpt lat="44.2088982090354" lon="111.08427291736007">
        <ele>1105.6</ele>
        <time>2026-08-25T19:43:18.000Z</time>
      </trkpt>
      <trkpt lat="44.20878857374191" lon="111.08422731980681">
        <ele>1105.6</ele>
        <time>2026-08-25T19:43:36.000Z</time>
      </trkpt>
      <trkpt lat="44.20861481688917" lon="111.08416319824755">
        <ele>1105.8</ele>
        <time>2026-08-25T19:43:52.000Z</time>
      </trkpt>
      <trkpt lat="44.20846486464143" lon="111.0841466858983">
        <ele>1106</ele>
        <time>2026-08-25T19:44:08.000Z</time>
      </trkpt>
      <trkpt lat="44.20829789713025" lon="111.08408097177744">
        <ele>1106.8</ele>
        <time>2026-08-25T19:44:24.000Z</time>
      </trkpt>
      <trkpt lat="44.208128498867154" lon="111.0840327758342">
        <ele>1107.4</ele>
        <time>2026-08-25T19:44:41.000Z</time>
      </trkpt>
      <trkpt lat="44.20795482583344" lon="111.08399572782218">
        <ele>1108</ele>
        <time>2026-08-25T19:44:57.000Z</time>
      </trkpt>
      <trkpt lat="44.20778282918036" lon="111.08398499898612">
        <ele>1108.8</ele>
        <time>2026-08-25T19:45:13.000Z</time>
      </trkpt>
      <trkpt lat="44.20760680921376" lon="111.0839878488332">
        <ele>1109.4</ele>
        <time>2026-08-25T19:45:29.000Z</time>
      </trkpt>
      <trkpt lat="44.20743070542812" lon="111.08398675918579">
        <ele>1110</ele>
        <time>2026-08-25T19:45:45.000Z</time>
      </trkpt>
      <trkpt lat="44.207256780937314" lon="111.08400008641183">
        <ele>1110.2</ele>
        <time>2026-08-25T19:46:01.000Z</time>
      </trkpt>
      <trkpt lat="44.207170279696584" lon="111.08399438671768">
        <ele>1109.8</ele>
        <time>2026-08-25T19:46:11.000Z</time>
      </trkpt>
      <trkpt lat="44.20693399384618" lon="111.08391366899014">
        <ele>1109.8</ele>
        <time>2026-08-25T19:46:36.000Z</time>
      </trkpt>
      <trkpt lat="44.206765769049525" lon="111.08383261598647">
        <ele>1110</ele>
        <time>2026-08-25T19:46:53.000Z</time>
      </trkpt>
      <trkpt lat="44.20660215429962" lon="111.08373337425292">
        <ele>1110.2</ele>
        <time>2026-08-25T19:47:09.000Z</time>
      </trkpt>
      <trkpt lat="44.20645136386156" lon="111.08367947861552">
        <ele>1110.8</ele>
        <time>2026-08-25T19:47:25.000Z</time>
      </trkpt>
      <trkpt lat="44.20629512518644" lon="111.0835959110409">
        <ele>1111.4</ele>
        <time>2026-08-25T19:47:41.000Z</time>
      </trkpt>
      <trkpt lat="44.20613318681717" lon="111.08353028073907">
        <ele>1112</ele>
        <time>2026-08-25T19:47:57.000Z</time>
      </trkpt>
      <trkpt lat="44.205972673371434" lon="111.08346858993173">
        <ele>1112.6</ele>
        <time>2026-08-25T19:48:13.000Z</time>
      </trkpt>
      <trkpt lat="44.20580788515508" lon="111.08341846615076">
        <ele>1113.2</ele>
        <time>2026-08-25T19:48:38.000Z</time>
      </trkpt>
      <trkpt lat="44.20566899701953" lon="111.08336448669434">
        <ele>1114</ele>
        <time>2026-08-25T19:48:54.000Z</time>
      </trkpt>
      <trkpt lat="44.20551208779216" lon="111.08331587165594">
        <ele>1114.8</ele>
        <time>2026-08-25T19:49:10.000Z</time>
      </trkpt>
      <trkpt lat="44.205346796661615" lon="111.08327991329134">
        <ele>1115.8</ele>
        <time>2026-08-25T19:49:27.000Z</time>
      </trkpt>
      <trkpt lat="44.20518728904426" lon="111.08325518667698">
        <ele>1116.6</ele>
        <time>2026-08-25T19:49:43.000Z</time>
      </trkpt>
      <trkpt lat="44.20503901317716" lon="111.08324931934476">
        <ele>1117.4</ele>
        <time>2026-08-25T19:49:59.000Z</time>
      </trkpt>
      <trkpt lat="44.204894257709384" lon="111.08322350308299">
        <ele>1118.2</ele>
        <time>2026-08-25T19:50:15.000Z</time>
      </trkpt>
      <trkpt lat="44.20474715530872" lon="111.0831801686436">
        <ele>1118.8</ele>
        <time>2026-08-25T19:50:31.000Z</time>
      </trkpt>
      <trkpt lat="44.20459452085197" lon="111.08313457109034">
        <ele>1119.2</ele>
        <time>2026-08-25T19:50:47.000Z</time>
      </trkpt>
      <trkpt lat="44.20437768101692" lon="111.08316977508366">
        <ele>1119.2</ele>
        <time>2026-08-25T19:51:27.000Z</time>
      </trkpt>
      <trkpt lat="44.20423342846334" lon="111.0832417756319">
        <ele>1119.2</ele>
        <time>2026-08-25T19:52:14.000Z</time>
      </trkpt>
      <trkpt lat="44.20409018173814" lon="111.08331738039851">
        <ele>1119</ele>
        <time>2026-08-25T19:52:30.000Z</time>
      </trkpt>
      <trkpt lat="44.20396470464766" lon="111.08341502957046">
        <ele>1118.8</ele>
        <time>2026-08-25T19:52:46.000Z</time>
      </trkpt>
      <trkpt lat="44.20381181873381" lon="111.08351116999984">
        <ele>1118.6</ele>
        <time>2026-08-25T19:53:16.000Z</time>
      </trkpt>
      <trkpt lat="44.20369899831712" lon="111.08357059769332">
        <ele>1118.4</ele>
        <time>2026-08-25T19:53:31.000Z</time>
      </trkpt>
      <trkpt lat="44.20350931584835" lon="111.08367428183556">
        <ele>1118.2</ele>
        <time>2026-08-25T19:53:57.000Z</time>
      </trkpt>
      <trkpt lat="44.203100027516484" lon="111.08372490853071">
        <ele>1118.2</ele>
        <time>2026-08-25T19:54:20.000Z</time>
      </trkpt>
      <trkpt lat="44.20276315882802" lon="111.08376480638981">
        <ele>1118.4</ele>
        <time>2026-08-25T19:54:36.000Z</time>
      </trkpt>
      <trkpt lat="44.20242662541568" lon="111.08377838507295">
        <ele>1118.8</ele>
        <time>2026-08-25T19:54:52.000Z</time>
      </trkpt>
      <trkpt lat="44.20211129821837" lon="111.08382867649198">
        <ele>1119.2</ele>
        <time>2026-08-25T19:55:08.000Z</time>
      </trkpt>
      <trkpt lat="44.20177090913057" lon="111.08390495181084">
        <ele>1119</ele>
        <time>2026-08-25T19:55:24.000Z</time>
      </trkpt>
      <trkpt lat="44.20141995884478" lon="111.08396429568529">
        <ele>1119</ele>
        <time>2026-08-25T19:55:40.000Z</time>
      </trkpt>
      <trkpt lat="44.20108015649021" lon="111.0840655490756">
        <ele>1118.6</ele>
        <time>2026-08-25T19:55:56.000Z</time>
      </trkpt>
      <trkpt lat="44.20070498250425" lon="111.08413780108094">
        <ele>1117.6</ele>
        <time>2026-08-25T19:56:12.000Z</time>
      </trkpt>
      <trkpt lat="44.200335927307606" lon="111.08421231620014">
        <ele>1116.2</ele>
        <time>2026-08-25T19:56:29.000Z</time>
      </trkpt>
      <trkpt lat="44.20004348270595" lon="111.08437559567392">
        <ele>1114.6</ele>
        <time>2026-08-25T19:56:45.000Z</time>
      </trkpt>
      <trkpt lat="44.19977467507124" lon="111.0845698043704">
        <ele>1113</ele>
        <time>2026-08-25T19:57:01.000Z</time>
      </trkpt>
      <trkpt lat="44.19949782080948" lon="111.08475496061146">
        <ele>1110.2</ele>
        <time>2026-08-25T19:57:17.000Z</time>
      </trkpt>
      <trkpt lat="44.19926128350198" lon="111.08485721983016">
        <ele>1107.6</ele>
        <time>2026-08-25T19:57:32.000Z</time>
      </trkpt>
      <trkpt lat="44.198997002094984" lon="111.08492377214134">
        <ele>1104.6</ele>
        <time>2026-08-25T19:57:48.000Z</time>
      </trkpt>
      <trkpt lat="44.19875141233206" lon="111.08501622453332">
        <ele>1102.2</ele>
        <time>2026-08-25T19:58:04.000Z</time>
      </trkpt>
      <trkpt lat="44.19851613231003" lon="111.0850122012198">
        <ele>1099.2</ele>
        <time>2026-08-25T19:58:20.000Z</time>
      </trkpt>
      <trkpt lat="44.198313876986504" lon="111.08506551012397">
        <ele>1096.8</ele>
        <time>2026-08-25T19:58:36.000Z</time>
      </trkpt>
      <trkpt lat="44.198115561157465" lon="111.08503550291061">
        <ele>1094.2</ele>
        <time>2026-08-25T19:58:50.000Z</time>
      </trkpt>
      <trkpt lat="44.19797700829804" lon="111.08493441715837">
        <ele>1092.6</ele>
        <time>2026-08-25T19:59:04.000Z</time>
      </trkpt>
      <trkpt lat="44.197494965046644" lon="111.08482955954969">
        <ele>1091.6</ele>
        <time>2026-08-25T20:00:24.000Z</time>
      </trkpt>
      <trkpt lat="44.197224732488394" lon="111.08485101722181">
        <ele>1091.4</ele>
        <time>2026-08-25T20:01:16.000Z</time>
      </trkpt>
      <trkpt lat="44.19707050547004" lon="111.08487247489393">
        <ele>1091.2</ele>
        <time>2026-08-25T20:01:32.000Z</time>
      </trkpt>
      <trkpt lat="44.19699096120894" lon="111.0848723910749">
        <ele>1091.2</ele>
        <time>2026-08-25T20:01:42.000Z</time>
      </trkpt>
      <trkpt lat="44.19682030566037" lon="111.08481748960912">
        <ele>1090.8</ele>
        <time>2026-08-25T20:02:15.000Z</time>
      </trkpt>
      <trkpt lat="44.196711676195264" lon="111.08481631614268">
        <ele>1090.4</ele>
        <time>2026-08-25T20:02:35.000Z</time>
      </trkpt>
      <trkpt lat="44.196529537439346" lon="111.0848480835557">
        <ele>1090</ele>
        <time>2026-08-25T20:03:02.000Z</time>
      </trkpt>
      <trkpt lat="44.19640355743468" lon="111.08482729643583">
        <ele>1090</ele>
        <time>2026-08-25T20:03:18.000Z</time>
      </trkpt>
      <trkpt lat="44.1962727997452" lon="111.08481732197106">
        <ele>1089.8</ele>
        <time>2026-08-25T20:03:35.000Z</time>
      </trkpt>
      <trkpt lat="44.19614807702601" lon="111.08484473079443">
        <ele>1089.4</ele>
        <time>2026-08-25T20:03:51.000Z</time>
      </trkpt>
      <trkpt lat="44.196028634905815" lon="111.08490432612598">
        <ele>1089.6</ele>
        <time>2026-08-25T20:04:06.000Z</time>
      </trkpt>
      <trkpt lat="44.195836605504155" lon="111.08489267528057">
        <ele>1089</ele>
        <time>2026-08-25T20:04:45.000Z</time>
      </trkpt>
      <trkpt lat="44.195458833128214" lon="111.0846356023103">
        <ele>1088.2</ele>
        <time>2026-08-25T20:05:56.000Z</time>
      </trkpt>
      <trkpt lat="44.19533302076161" lon="111.08448925428092">
        <ele>1088</ele>
        <time>2026-08-25T20:06:28.000Z</time>
      </trkpt>
      <trkpt lat="44.195244424045086" lon="111.08445237390697">
        <ele>1088</ele>
        <time>2026-08-25T20:06:39.000Z</time>
      </trkpt>
      <trkpt lat="44.19508181512356" lon="111.0842933692038">
        <ele>1088</ele>
        <time>2026-08-25T20:07:02.000Z</time>
      </trkpt>
      <trkpt lat="44.19489372521639" lon="111.08426478691399">
        <ele>1086.8</ele>
        <time>2026-08-25T20:07:27.000Z</time>
      </trkpt>
      <trkpt lat="44.194766990840435" lon="111.08436453156173">
        <ele>1086</ele>
        <time>2026-08-25T20:07:45.000Z</time>
      </trkpt>
      <trkpt lat="44.19463631696999" lon="111.08439336530864">
        <ele>1086.4</ele>
        <time>2026-08-25T20:08:01.000Z</time>
      </trkpt>
      <trkpt lat="44.19438561424613" lon="111.08442597091198">
        <ele>1086.4</ele>
        <time>2026-08-25T20:08:34.000Z</time>
      </trkpt>
      <trkpt lat="44.19423691928387" lon="111.08446427620947">
        <ele>1085.8</ele>
        <time>2026-08-25T20:09:08.000Z</time>
      </trkpt>
      <trkpt lat="44.19402217492461" lon="111.08448330312967">
        <ele>1085.4</ele>
        <time>2026-08-25T20:09:43.000Z</time>
      </trkpt>
      <trkpt lat="44.19388932175934" lon="111.08450559899211">
        <ele>1085.2</ele>
        <time>2026-08-25T20:10:08.000Z</time>
      </trkpt>
      <trkpt lat="44.1937604919076" lon="111.08461808413267">
        <ele>1084.8</ele>
        <time>2026-08-25T20:10:32.000Z</time>
      </trkpt>
      <trkpt lat="44.193635266274214" lon="111.0845975484699">
        <ele>1084.8</ele>
        <time>2026-08-25T20:11:35.000Z</time>
      </trkpt>
      <trkpt lat="44.19350559823215" lon="111.08463887125254">
        <ele>1084.6</ele>
        <time>2026-08-25T20:11:59.000Z</time>
      </trkpt>
      <trkpt lat="44.19334567151964" lon="111.08485906384885">
        <ele>1084</ele>
        <time>2026-08-25T20:13:36.000Z</time>
      </trkpt>
      <trkpt lat="44.19332982972264" lon="111.08505360782146">
        <ele>1084</ele>
        <time>2026-08-25T20:14:13.000Z</time>
      </trkpt>
    </trkseg>
  </trk>
</gpx>