<?xml version="1.0" encoding="UTF-8"?>
<TrainingCenterDatabase xmlns="http://www.garmin.com/xmlschemas/TrainingCenterDatabase/v2" xmlns:ns3="http://www.garmin.com/xmlschemas/ActivityExtension/v2" xmlns:xsi="http://www.w3.org/2001/XMLSchema-instance" xsi:schemaLocation="http://www.garmin.com/xmlschemas/TrainingCenterDatabase/v2 http://www.garmin.com/xmlschemas/TrainingCenterDatabasev2.xsd">
<Activities>
<Activity Sport="Biking">
<Id>2026-09-03T00:31:33Z</Id>
<Lap StartTime="2026-09-03T00:31:33Z">
<TotalTimeSeconds>20752.0</TotalTimeSeconds>
<DistanceMeters>95863.47</DistanceMeters>
<MaximumSpeed>13.859</MaximumSpeed>
<Calories>3806</Calories>
<Intensity>Active</Intensity>
<TriggerMethod>Manual</TriggerMethod>
<Track>
<Trackpoint>
<Time>2026-09-03T00:36:10Z</Time>
<Position>
<LatitudeDegrees>43.2496520</LatitudeDegrees>
<LongitudeDegrees>117.1894453</LongitudeDegrees>
</Position>
<AltitudeMeters>1309.6</AltitudeMeters>
<DistanceMeters>0.0</DistanceMeters>
<Extensions>
<ns3:TPX>
<ns3:Speed>0.0</ns3:Speed>
</ns3:TPX>
</Extensions>
</Trackpoint>
<Trackpoint>
<Time>2026-09-03T00:36:11Z</Time>
<Position>
<LatitudeDegrees>43.2496525</LatitudeDegrees>
<LongitudeDegrees>117.1894431</LongitudeDegrees>
</Position>
<AltitudeMeters>1309.6</AltitudeMeters>
<DistanceMeters>0.0</DistanceMeters>
<Extensions>
<ns3:TPX>
<ns3:Speed>0.0</ns3:Speed>
</ns3:TPX>
</Extensions>
</Trackpoint>
<Trackpoint>
<Time>2026-09-03T00:36:37Z</Time>
<Position>
<LatitudeDegrees>43.2496759</LatitudeDegrees>
<LongitudeDegrees>117.1893893</LongitudeDegrees>
</Position>
<AltitudeMeters>1309.8</AltitudeMeters>
<DistanceMeters>5.2</DistanceMeters>
<Extensions>
<ns3:TPX>
<ns3:Speed>1.038</ns3:Speed>
</ns3:TPX>
</Extensions>
</Trackpoint>
<Trackpoint>
<Time>2026-09-03T00:36:41Z</Time>
<Position>
<LatitudeDegrees>43.2496924</LatitudeDegrees>
<LongitudeDegrees>117.1893462</LongitudeDegrees>
</Position>
<AltitudeMeters>1310.0</AltitudeMeters>
<DistanceMeters>9.2</DistanceMeters>
<Extensions>
<ns3:TPX>
<ns3:Speed>0.921</ns3:Speed>
</ns3:TPX>
</Extensions>
</Trackpoint>
<Trackpoint>
<Time>2026-09-03T00:36:49Z</Time>
<Position>
<LatitudeDegrees>43.2497376</LatitudeDegrees>
<LongitudeDegrees>117.1892657</LongitudeDegrees>
</Position>
<AltitudeMeters>1310.2</AltitudeMeters>
<DistanceMeters>16.4</DistanceMeters>
<Extensions>
<ns3:TPX>
<ns3:Speed>0.89</ns3:Speed>
</ns3:TPX>
</Extensions>
</Trackpoint>
<Trackpoint>
<Time>2026-09-03T00:36:54Z</Time>
<Position>
<LatitudeDegrees>43.2497555</LatitudeDegrees>
<LongitudeDegrees>117.1892383</LongitudeDegrees>
</Position>
<AltitudeMeters>1310.2</AltitudeMeters>
<DistanceMeters>18.1</DistanceMeters>
<Extensions>
<ns3:TPX>
<ns3:Speed>0.0</ns3:Speed>
</ns3:TPX>
</Extensions>
</Trackpoint>
<Trackpoint>
<Time>2026-09-03T00:37:21Z</Time>
<Position>
<LatitudeDegrees>43.2498079</LatitudeDegrees>
<LongitudeDegrees>117.1892235</LongitudeDegrees>
</Position>
<AltitudeMeters>1310.2</AltitudeMeters>
<DistanceMeters>18.1</DistanceMeters>
<Extensions>
<ns3:TPX>
<ns3:Speed>0.0</ns3:Speed>
</ns3:TPX>
</Extensions>
</Trackpoint>
<Trackpoint>
<Time>2026-09-03T00:39:13Z</Time>
<Position>
<LatitudeDegrees>43.2498284</LatitudeDegrees>
<LongitudeDegrees>117.1891343</LongitudeDegrees>
</Position>
<AltitudeMeters>1310.0</AltitudeMeters>
<DistanceMeters>25.7</DistanceMeters>
<Extensions>
<ns3:TPX>
<ns3:Speed>0.837</ns3:Speed>
</ns3:TPX>
</Extensions>
</Trackpoint>
<Trackpoint>
<Time>2026-09-03T00:39:15Z</Time>
<Position>
<LatitudeDegrees>43.2498356</LatitudeDegrees>
<LongitudeDegrees>117.1891130</LongitudeDegrees>
</Position>
<AltitudeMeters>1310.0</AltitudeMeters>
<DistanceMeters>26.6</DistanceMeters>
<Extensions>
<ns3:TPX>
<ns3:Speed>1.066</ns3:Speed>
</ns3:TPX>
</Extensions>
</Trackpoint>
<Trackpoint>
<Time>2026-09-03T00:39:20Z</Time>
<Position>
<LatitudeDegrees>43.2498574</LatitudeDegrees>
<LongitudeDegrees>117.1890730</LongitudeDegrees>
</Position>
<AltitudeMeters>1309.8</AltitudeMeters>
<DistanceMeters>28.6</DistanceMeters>
<Extensions>
<ns3:TPX>
<ns3:Speed>0.0</ns3:Speed>
</ns3:TPX>
</Extensions>
</Trackpoint>
<Trackpoint>
<Time>2026-09-03T00:39:42Z</Time>
<Position>
<LatitudeDegrees>43.2499747</LatitudeDegrees>
<LongitudeDegrees>117.1891229</LongitudeDegrees>
</Position>
<AltitudeMeters>1308.4</AltitudeMeters>
<DistanceMeters>42.7</DistanceMeters>
<Extensions>
<ns3:TPX>
<ns3:Speed>0.948</ns3:Speed>
</ns3:TPX>
</Extensions>
</Trackpoint>
<Trackpoint>
<Time>2026-09-03T00:39:47Z</Time>
<Position>
<LatitudeDegrees>43.2499611</LatitudeDegrees>
<LongitudeDegrees>117.1891821</LongitudeDegrees>
</Position>
<AltitudeMeters>1308.2</AltitudeMeters>
<DistanceMeters>47.8</DistanceMeters>
<Extensions>
<ns3:TPX>
<ns3:Speed>1.108</ns3:Speed>
</ns3:TPX>
</Extensions>
</Trackpoint>
<Trackpoint>
<Time>2026-09-03T00:39:48Z</Time>
<Position>
<LatitudeDegrees>43.2499578</LatitudeDegrees>
<LongitudeDegrees>117.1891955</LongitudeDegrees>
</Position>
<AltitudeMeters>1308.2</AltitudeMeters>
<DistanceMeters>48.9</DistanceMeters>
<Extensions>
<ns3:TPX>
<ns3:Speed>1.198</ns3:Speed>
</ns3:TPX>
</Extensions>
</Trackpoint>
<Trackpoint>
<Time>2026-09-03T00:39:54Z</Time>
<Position>
<LatitudeDegrees>43.2499517</LatitudeDegrees>
<LongitudeDegrees>117.1892654</LongitudeDegrees>
</Position>
<AltitudeMeters>1308.4</AltitudeMeters>
<DistanceMeters>52.3</DistanceMeters>
<Extensions>
<ns3:TPX>
<ns3:Speed>0.0</ns3:Speed>
</ns3:TPX>
</Extensions>
</Trackpoint>
<Trackpoint>
<Time>2026-09-03T00:40:07Z</Time>
<Position>
<LatitudeDegrees>43.2499053</LatitudeDegrees>
<LongitudeDegrees>117.1893665</LongitudeDegrees>
</Position>
<AltitudeMeters>1308.8</AltitudeMeters>
<DistanceMeters>62.0</DistanceMeters>
<Extensions>
<ns3:TPX>
<ns3:Speed>2.491</ns3:Speed>
</ns3:TPX>
</Extensions>
</Trackpoint>
<Trackpoint>
<Time>2026-09-03T00:40:08Z</Time>
<Position>
<LatitudeDegrees>43.2498906</LatitudeDegrees>
<LongitudeDegrees>117.1893918</LongitudeDegrees>
</Position>
<AltitudeMeters>1308.8</AltitudeMeters>
<DistanceMeters>64.6</DistanceMeters>
<Extensions>
<ns3:TPX>
<ns3:Speed>2.691</ns3:Speed>
</ns3:TPX>
</Extensions>
</Trackpoint>
<Trackpoint>
<Time>2026-09-03T00:40:09Z</Time>
<Position>
<LatitudeDegrees>43.2498747</LatitudeDegrees>
<LongitudeDegrees>117.1894198</LongitudeDegrees>
</Position>
<AltitudeMeters>1308.8</AltitudeMeters>
<DistanceMeters>67.5</DistanceMeters>
<Extensions>
<ns3:TPX>
<ns3:Speed>2.757</ns3:Speed>
</ns3:TPX>
</Extensions>
</Trackpoint>
<Trackpoint>
<Time>2026-09-03T00:40:10Z</Time>
<Position>
<LatitudeDegrees>43.2498580</LatitudeDegrees>
<LongitudeDegrees>117.1894502</LongitudeDegrees>
</Position>
<AltitudeMeters>1308.8</AltitudeMeters>
<DistanceMeters>70.6</DistanceMeters>
<Extensions>
<ns3:TPX>
<ns3:Speed>3.037</ns3:Speed>
</ns3:TPX>
</Extensions>
</Trackpoint>
<Trackpoint>
<Time>2026-09-03T00:40:11Z</Time>
<Position>
<LatitudeDegrees>43.2498402</LatitudeDegrees>
<LongitudeDegrees>117.1894820</LongitudeDegrees>
</Position>
<AltitudeMeters>1308.8</AltitudeMeters>
<DistanceMeters>73.8</DistanceMeters>
<Extensions>
<ns3:TPX>
<ns3:Speed>3.199</ns3:Speed>
</ns3:TPX>
</Extensions>
</Trackpoint>
<Trackpoint>
<Time>2026-09-03T00:40:19Z</Time>
<Position>
<LatitudeDegrees>43.2497110</LatitudeDegrees>
<LongitudeDegrees>117.1897151</LongitudeDegrees>
</Position>
<AltitudeMeters>1309.0</AltitudeMeters>
<DistanceMeters>97.5</DistanceMeters>
<Extensions>
<ns3:TPX>
<ns3:Speed>2.757</ns3:Speed>
</ns3:TPX>
</Extensions>
</Trackpoint>
<Trackpoint>
<Time>2026-09-03T00:40:27Z</Time>
<Position>
<LatitudeDegrees>43.2495933</LatitudeDegrees>
<LongitudeDegrees>117.1899270</LongitudeDegrees>
</Position>
<AltitudeMeters>1309.0</AltitudeMeters>
<DistanceMeters>119.1</DistanceMeters>
<Extensions>
<ns3:TPX>
<ns3:Speed>2.646</ns3:Speed>
</ns3:TPX>
</Extensions>
</Trackpoint>
<Trackpoint>
<Time>2026-09-03T00:40:29Z</Time>
<Position>
<LatitudeDegrees>43.2495625</LatitudeDegrees>
<LongitudeDegrees>117.1899839</LongitudeDegrees>
</Position>
<AltitudeMeters>1309.2</AltitudeMeters>
<DistanceMeters>124.8</DistanceMeters>
<Extensions>
<ns3:TPX>
<ns3:Speed>3.256</ns3:Speed>
</ns3:TPX>
</Extensions>
</Trackpoint>
<Trackpoint>
<Time>2026-09-03T00:40:33Z</Time>
<Position>
<LatitudeDegrees>43.2494924</LatitudeDegrees>
<LongitudeDegrees>117.1901110</LongitudeDegrees>
</Position>
<AltitudeMeters>1309.2</AltitudeMeters>
<DistanceMeters>137.7</DistanceMeters>
<Extensions>
<ns3:TPX>
<ns3:Speed>3.521</ns3:Speed>
</ns3:TPX>
</Extensions>
</Trackpoint>
<Trackpoint>
<Time>2026-09-03T00:40:34Z</Time>
<Position>
<LatitudeDegrees>43.2494739</LatitudeDegrees>
<LongitudeDegrees>117.1901464</LongitudeDegrees>
</Position>
<AltitudeMeters>1309.2</AltitudeMeters>
<DistanceMeters>141.2</DistanceMeters>
<Extensions>
<ns3:TPX>
<ns3:Speed>3.691</ns3:Speed>
</ns3:TPX>
</Extensions>
</Trackpoint>
<Trackpoint>
<Time>2026-09-03T00:40:41Z</Time>
<Position>
<LatitudeDegrees>43.2493494</LatitudeDegrees>
<LongitudeDegrees>117.1903939</LongitudeDegrees>
</Position>
<AltitudeMeters>1309.4</AltitudeMeters>
<DistanceMeters>165.5</DistanceMeters>
<Extensions>
<ns3:TPX>
<ns3:Speed>3.959</ns3:Speed>
</ns3:TPX>
</Extensions>
</Trackpoint>
<Trackpoint>
<Time>2026-09-03T00:40:50Z</Time>
<Position>
<LatitudeDegrees>43.2491841</LatitudeDegrees>
<LongitudeDegrees>117.1907183</LongitudeDegrees>
</Position>
<AltitudeMeters>1309.6</AltitudeMeters>
<DistanceMeters>197.6</DistanceMeters>
<Extensions>
<ns3:TPX>
<ns3:Speed>3.256</ns3:Speed>
</ns3:TPX>
</Extensions>
</Trackpoint>
<Trackpoint>
<Time>2026-09-03T00:40:58Z</Time>
<Position>
<LatitudeDegrees>43.2490439</LatitudeDegrees>
<LongitudeDegrees>117.1909906</LongitudeDegrees>
</Position>
<AltitudeMeters>1310.0</AltitudeMeters>
<DistanceMeters>224.5</DistanceMeters>
<Extensions>
<ns3:TPX>
<ns3:Speed>3.811</ns3:Speed>
</ns3:TPX>
</Extensions>
</Trackpoint>
<Trackpoint>
<Time>2026-09-03T00:41:05Z</Time>
<Position>
<LatitudeDegrees>43.2489007</LatitudeDegrees>
<LongitudeDegrees>117.1912603</LongitudeDegrees>
</Position>
<AltitudeMeters>1310.0</AltitudeMeters>
<DistanceMeters>251.5</DistanceMeters>
<Extensions>
<ns3:TPX>
<ns3:Speed>3.996</ns3:Speed>
</ns3:TPX>
</Extensions>
</Trackpoint>
<Trackpoint>
<Time>2026-09-03T00:41:13Z</Time>
<Position>
<LatitudeDegrees>43.2487480</LatitudeDegrees>
<LongitudeDegrees>117.1915568</LongitudeDegrees>
</Position>
<AltitudeMeters>1310.4</AltitudeMeters>
<DistanceMeters>280.9</DistanceMeters>
<Extensions>
<ns3:TPX>
<ns3:Speed>3.782</ns3:Speed>
</ns3:TPX>
</Extensions>
</Trackpoint>
<Trackpoint>
<Time>2026-09-03T00:41:21Z</Time>
<Position>
<LatitudeDegrees>43.2485726</LatitudeDegrees>
<LongitudeDegrees>117.1918909</LongitudeDegrees>
</Position>
<AltitudeMeters>1310.6</AltitudeMeters>
<DistanceMeters>314.2</DistanceMeters>
<Extensions>
<ns3:TPX>
<ns3:Speed>3.659</ns3:Speed>
</ns3:TPX>
</Extensions>
</Trackpoint>
<Trackpoint>
<Time>2026-09-03T00:41:29Z</Time>
<Position>
<LatitudeDegrees>43.2484328</LatitudeDegrees>
<LongitudeDegrees>117.1921598</LongitudeDegrees>
</Position>
<AltitudeMeters>1310.8</AltitudeMeters>
<DistanceMeters>340.9</DistanceMeters>
<Extensions>
<ns3:TPX>
<ns3:Speed>3.571</ns3:Speed>
</ns3:TPX>
</Extensions>
</Trackpoint>
<Trackpoint>
<Time>2026-09-03T00:41:37Z</Time>
<Position>
<LatitudeDegrees>43.2482606</LatitudeDegrees>
<LongitudeDegrees>117.1924966</LongitudeDegrees>
</Position>
<AltitudeMeters>1311.0</AltitudeMeters>
<DistanceMeters>374.2</DistanceMeters>
<Extensions>
<ns3:TPX>
<ns3:Speed>3.794</ns3:Speed>
</ns3:TPX>
</Extensions>
</Trackpoint>
<Trackpoint>
<Time>2026-09-03T00:41:45Z</Time>
<Position>
<LatitudeDegrees>43.2481028</LatitudeDegrees>
<LongitudeDegrees>117.1928024</LongitudeDegrees>
</Position>
<AltitudeMeters>1311.4</AltitudeMeters>
<DistanceMeters>404.5</DistanceMeters>
<Extensions>
<ns3:TPX>
<ns3:Speed>3.788</ns3:Speed>
</ns3:TPX>
</Extensions>
</Trackpoint>
<Trackpoint>
<Time>2026-09-03T00:41:48Z</Time>
<Position>
<LatitudeDegrees>43.2480443</LatitudeDegrees>
<LongitudeDegrees>117.1929179</LongitudeDegrees>
</Position>
<AltitudeMeters>1311.4</AltitudeMeters>
<DistanceMeters>415.9</DistanceMeters>
<Extensions>
<ns3:TPX>
<ns3:Speed>3.828</ns3:Speed>
</ns3:TPX>
</Extensions>
</Trackpoint>
<Trackpoint>
<Time>2026-09-03T00:41:49Z</Time>
<Position>
<LatitudeDegrees>43.2480244</LatitudeDegrees>
<LongitudeDegrees>117.1929562</LongitudeDegrees>
</Position>
<AltitudeMeters>1311.4</AltitudeMeters>
<DistanceMeters>419.7</DistanceMeters>
<Extensions>
<ns3:TPX>
<ns3:Speed>3.786</ns3:Speed>
</ns3:TPX>
</Extensions>
</Trackpoint>
<Trackpoint>
<Time>2026-09-03T00:41:57Z</Time>
<Position>
<LatitudeDegrees>43.2478658</LatitudeDegrees>
<LongitudeDegrees>117.1932640</LongitudeDegrees>
</Position>
<AltitudeMeters>1311.6</AltitudeMeters>
<DistanceMeters>450.2</DistanceMeters>
<Extensions>
<ns3:TPX>
<ns3:Speed>3.834</ns3:Speed>
</ns3:TPX>
</Extensions>
</Trackpoint>
<Trackpoint>
<Time>2026-09-03T00:42:04Z</Time>
<Position>
<LatitudeDegrees>43.2477253</LatitudeDegrees>
<LongitudeDegrees>117.1935403</LongitudeDegrees>
</Position>
<AltitudeMeters>1312.0</AltitudeMeters>
<DistanceMeters>477.4</DistanceMeters>
<Extensions>
<ns3:TPX>
<ns3:Speed>3.933</ns3:Speed>
</ns3:TPX>
</Extensions>
</Trackpoint>
<Trackpoint>
<Time>2026-09-03T00:42:09Z</Time>
<Position>
<LatitudeDegrees>43.2476244</LatitudeDegrees>
<LongitudeDegrees>117.1937378</LongitudeDegrees>
</Position>
<AltitudeMeters>1312.2</AltitudeMeters>
<DistanceMeters>496.9</DistanceMeters>
<Extensions>
<ns3:TPX>
<ns3:Speed>3.856</ns3:Speed>
</ns3:TPX>
</Extensions>
</Trackpoint>
<Trackpoint>
<Time>2026-09-03T00:42:17Z</Time>
<Position>
<LatitudeDegrees>43.2474658</LatitudeDegrees>
<LongitudeDegrees>117.1940463</LongitudeDegrees>
</Position>
<AltitudeMeters>1312.2</AltitudeMeters>
<DistanceMeters>527.5</DistanceMeters>
<Extensions>
<ns3:TPX>
<ns3:Speed>3.806</ns3:Speed>
</ns3:TPX>
</Extensions>
</Trackpoint>
<Trackpoint>
<Time>2026-09-03T00:42:26Z</Time>
<Position>
<LatitudeDegrees>43.2473054</LatitudeDegrees>
<LongitudeDegrees>117.1943561</LongitudeDegrees>
</Position>
<AltitudeMeters>1312.6</AltitudeMeters>
<DistanceMeters>558.2</DistanceMeters>
<Extensions>
<ns3:TPX>
<ns3:Speed>3.736</ns3:Speed>
</ns3:TPX>
</Extensions>
</Trackpoint>
<Trackpoint>
<Time>2026-09-03T00:42:34Z</Time>
<Position>
<LatitudeDegrees>43.2471505</LatitudeDegrees>
<LongitudeDegrees>117.1946589</LongitudeDegrees>
</Position>
<AltitudeMeters>1312.8</AltitudeMeters>
<DistanceMeters>588.1</DistanceMeters>
<Extensions>
<ns3:TPX>
<ns3:Speed>3.86</ns3:Speed>
</ns3:TPX>
</Extensions>
</Trackpoint>
<Trackpoint>
<Time>2026-09-03T00:42:42Z</Time>
<Position>
<LatitudeDegrees>43.2469887</LatitudeDegrees>
<LongitudeDegrees>117.1949755</LongitudeDegrees>
</Position>
<AltitudeMeters>1313.0</AltitudeMeters>
<DistanceMeters>619.4</DistanceMeters>
<Extensions>
<ns3:TPX>
<ns3:Speed>3.929</ns3:Speed>
</ns3:TPX>
</Extensions>
</Trackpoint>
<Trackpoint>
<Time>2026-09-03T00:42:50Z</Time>
<Position>
<LatitudeDegrees>43.2468300</LatitudeDegrees>
<LongitudeDegrees>117.1952829</LongitudeDegrees>
</Position>
<AltitudeMeters>1313.4</AltitudeMeters>
<DistanceMeters>649.8</DistanceMeters>
<Extensions>
<ns3:TPX>
<ns3:Speed>3.717</ns3:Speed>
</ns3:TPX>
</Extensions>
</Trackpoint>
<Trackpoint>
<Time>2026-09-03T00:42:58Z</Time>
<Position>
<LatitudeDegrees>43.2466834</LatitudeDegrees>
<LongitudeDegrees>117.1955760</LongitudeDegrees>
</Position>
<AltitudeMeters>1313.6</AltitudeMeters>
<DistanceMeters>678.6</DistanceMeters>
<Extensions>
<ns3:TPX>
<ns3:Speed>3.249</ns3:Speed>
</ns3:TPX>
</Extensions>
</Trackpoint>
<Trackpoint>
<Time>2026-09-03T00:43:06Z</Time>
<Position>
<LatitudeDegrees>43.2465530</LatitudeDegrees>
<LongitudeDegrees>117.1958244</LongitudeDegrees>
</Position>
<AltitudeMeters>1313.8</AltitudeMeters>
<DistanceMeters>703.4</DistanceMeters>
<Extensions>
<ns3:TPX>
<ns3:Speed>3.205</ns3:Speed>
</ns3:TPX>
</Extensions>
</Trackpoint>
<Trackpoint>
<Time>2026-09-03T00:43:14Z</Time>
<Position>
<LatitudeDegrees>43.2464105</LatitudeDegrees>
<LongitudeDegrees>117.1960933</LongitudeDegrees>
</Position>
<AltitudeMeters>1313.6</AltitudeMeters>
<DistanceMeters>730.3</DistanceMeters>
<Extensions>
<ns3:TPX>
<ns3:Speed>3.307</ns3:Speed>
</ns3:TPX>
</Extensions>
</Trackpoint>
<Trackpoint>
<Time>2026-09-03T00:43:22Z</Time>
<Position>
<LatitudeDegrees>43.2462770</LatitudeDegrees>
<LongitudeDegrees>117.1963573</LongitudeDegrees>
</Position>
<AltitudeMeters>1314.0</AltitudeMeters>
<DistanceMeters>756.3</DistanceMeters>
<Extensions>
<ns3:TPX>
<ns3:Speed>3.179</ns3:Speed>
</ns3:TPX>
</Extensions>
</Trackpoint>
<Trackpoint>
<Time>2026-09-03T00:43:30Z</Time>
<Position>
<LatitudeDegrees>43.2461410</LatitudeDegrees>
<LongitudeDegrees>117.1966214</LongitudeDegrees>
</Position>
<AltitudeMeters>1314.2</AltitudeMeters>
<DistanceMeters>782.4</DistanceMeters>
<Extensions>
<ns3:TPX>
<ns3:Speed>3.131</ns3:Speed>
</ns3:TPX>
</Extensions>
</Trackpoint>
<Trackpoint>
<Time>2026-09-03T00:43:38Z</Time>
<Position>
<LatitudeDegrees>43.2460033</LatitudeDegrees>
<LongitudeDegrees>117.1968849</LongitudeDegrees>
</Position>
<AltitudeMeters>1314.0</AltitudeMeters>
<DistanceMeters>808.6</DistanceMeters>
<Extensions>
<ns3:TPX>
<ns3:Speed>3.503</ns3:Speed>
</ns3:TPX>
</Extensions>
</Trackpoint>
<Trackpoint>
<Time>2026-09-03T00:43:44Z</Time>
<Position>
<LatitudeDegrees>43.2459170</LatitudeDegrees>
<LongitudeDegrees>117.1970470</LongitudeDegrees>
</Position>
<AltitudeMeters>1314.2</AltitudeMeters>
<DistanceMeters>821.4</DistanceMeters>
<Extensions>
<ns3:TPX>
<ns3:Speed>0.0</ns3:Speed>
</ns3:TPX>
</Extensions>
</Trackpoint>
<Trackpoint>
<Time>2026-09-03T00:44:15Z</Time>
<Position>
<LatitudeDegrees>43.2457776</LatitudeDegrees>
<LongitudeDegrees>117.1973306</LongitudeDegrees>
</Position>
<AltitudeMeters>1314.4</AltitudeMeters>
<DistanceMeters>849.0</DistanceMeters>
<Extensions>
<ns3:TPX>
<ns3:Speed>3.15</ns3:Speed>
</ns3:TPX>
</Extensions>
</Trackpoint>
<Trackpoint>
<Time>2026-09-03T00:44:23Z</Time>
<Position>
<LatitudeDegrees>43.2456460</LatitudeDegrees>
<LongitudeDegrees>117.1976040</LongitudeDegrees>
</Position>
<AltitudeMeters>1314.4</AltitudeMeters>
<DistanceMeters>875.6</DistanceMeters>
<Extensions>
<ns3:TPX>
<ns3:Speed>3.145</ns3:Speed>
</ns3:TPX>
</Extensions>
</Trackpoint>
<Trackpoint>
<Time>2026-09-03T00:44:31Z</Time>
<Position>
<LatitudeDegrees>43.2455105</LatitudeDegrees>
<LongitudeDegrees>117.1978576</LongitudeDegrees>
</Position>
<AltitudeMeters>1314.2</AltitudeMeters>
<DistanceMeters>901.0</DistanceMeters>
<Extensions>
<ns3:TPX>
<ns3:Speed>3.666</ns3:Speed>
</ns3:TPX>
</Extensions>
</Trackpoint>
<Trackpoint>
<Time>2026-09-03T00:44:37Z</Time>
<Position>
<LatitudeDegrees>43.2453905</LatitudeDegrees>
<LongitudeDegrees>117.1980871</LongitudeDegrees>
</Position>
<AltitudeMeters>1314.2</AltitudeMeters>
<DistanceMeters>923.8</DistanceMeters>
<Extensions>
<ns3:TPX>
<ns3:Speed>4.063</ns3:Speed>
</ns3:TPX>
</Extensions>
</Trackpoint>
<Trackpoint>
<Time>2026-09-03T00:44:38Z</Time>
<Position>
<LatitudeDegrees>43.2453693</LatitudeDegrees>
<LongitudeDegrees>117.1981289</LongitudeDegrees>
</Position>
<AltitudeMeters>1314.2</AltitudeMeters>
<DistanceMeters>928.0</DistanceMeters>
<Extensions>
<ns3:TPX>
<ns3:Speed>4.18</ns3:Speed>
</ns3:TPX>
</Extensions>
</Trackpoint>
<Trackpoint>
<Time>2026-09-03T00:44:39Z</Time>
<Position>
<LatitudeDegrees>43.2453475</LatitudeDegrees>
<LongitudeDegrees>117.1981715</LongitudeDegrees>
</Position>
<AltitudeMeters>1314.2</AltitudeMeters>
<DistanceMeters>932.2</DistanceMeters>
<Extensions>
<ns3:TPX>
<ns3:Speed>4.266</ns3:Speed>
</ns3:TPX>
</Extensions>
</Trackpoint>
<Trackpoint>
<Time>2026-09-03T00:44:46Z</Time>
<Position>
<LatitudeDegrees>43.2451932</LatitudeDegrees>
<LongitudeDegrees>117.1984726</LongitudeDegrees>
</Position>
<AltitudeMeters>1314.2</AltitudeMeters>
<DistanceMeters>961.9</DistanceMeters>
<Extensions>
<ns3:TPX>
<ns3:Speed>4.341</ns3:Speed>
</ns3:TPX>
</Extensions>
</Trackpoint>
<Trackpoint>
<Time>2026-09-03T00:44:47Z</Time>
<Position>
<LatitudeDegrees>43.2451706</LatitudeDegrees>
<LongitudeDegrees>117.1985165</LongitudeDegrees>
</Position>
<AltitudeMeters>1314.2</AltitudeMeters>
<DistanceMeters>966.3</DistanceMeters>
<Extensions>
<ns3:TPX>
<ns3:Speed>4.41</ns3:Speed>
</ns3:TPX>
</Extensions>
</Trackpoint>
<Trackpoint>
<Time>2026-09-03T00:44:49Z</Time>
<Position>
<LatitudeDegrees>43.2451478</LatitudeDegrees>
<LongitudeDegrees>117.1985617</LongitudeDegrees>
</Position>
<AltitudeMeters>1314.0</AltitudeMeters>
<DistanceMeters>970.7</DistanceMeters>
<Extensions>
<ns3:TPX>
<ns3:Speed>4.558</ns3:Speed>
</ns3:TPX>
</Extensions>
</Trackpoint>
<Trackpoint>
<Time>2026-09-03T00:44:57Z</Time>
<Position>
<LatitudeDegrees>43.2449666</LatitudeDegrees>
<LongitudeDegrees>117.1989155</LongitudeDegrees>
</Position>
<AltitudeMeters>1314.0</AltitudeMeters>
<DistanceMeters>1005.7</DistanceMeters>
<Extensions>
<ns3:TPX>
<ns3:Speed>4.289</ns3:Speed>
</ns3:TPX>
</Extensions>
</Trackpoint>
<Trackpoint>
<Time>2026-09-03T00:45:00Z</Time>
<Position>
<LatitudeDegrees>43.2448994</LatitudeDegrees>
<LongitudeDegrees>117.1990478</LongitudeDegrees>
</Position>
<AltitudeMeters>1314.0</AltitudeMeters>
<DistanceMeters>1018.8</DistanceMeters>
<Extensions>
<ns3:TPX>
<ns3:Speed>4.625</ns3:Speed>
</ns3:TPX>
</Extensions>
</Trackpoint>
<Trackpoint>
<Time>2026-09-03T00:45:08Z</Time>
<Position>
<LatitudeDegrees>43.2447082</LatitudeDegrees>
<LongitudeDegrees>117.1994160</LongitudeDegrees>
</Position>
<AltitudeMeters>1313.8</AltitudeMeters>
<DistanceMeters>1055.3</DistanceMeters>
<Extensions>
<ns3:TPX>
<ns3:Speed>4.511</ns3:Speed>
</ns3:TPX>
</Extensions>
</Trackpoint>
<Trackpoint>
<Time>2026-09-03T00:45:16Z</Time>
<Position>
<LatitudeDegrees>43.2445215</LatitudeDegrees>
<LongitudeDegrees>117.1997756</LongitudeDegrees>
</Position>
<AltitudeMeters>1313.8</AltitudeMeters>
<DistanceMeters>1091.0</DistanceMeters>
<Extensions>
<ns3:TPX>
<ns3:Speed>4.506</ns3:Speed>
</ns3:TPX>
</Extensions>
</Trackpoint>
<Trackpoint>
<Time>2026-09-03T00:45:21Z</Time>
<Position>
<LatitudeDegrees>43.2444052</LatitudeDegrees>
<LongitudeDegrees>117.2000033</LongitudeDegrees>
</Position>
<AltitudeMeters>1313.6</AltitudeMeters>
<DistanceMeters>1113.5</DistanceMeters>
<Extensions>
<ns3:TPX>
<ns3:Speed>4.702</ns3:Speed>
</ns3:TPX>
</Extensions>
</Trackpoint>
<Trackpoint>
<Time>2026-09-03T00:45:22Z</Time>
<Position>
<LatitudeDegrees>43.2443804</LatitudeDegrees>
<LongitudeDegrees>117.2000501</LongitudeDegrees>
</Position>
<AltitudeMeters>1313.6</AltitudeMeters>
<DistanceMeters>1118.2</DistanceMeters>
<Extensions>
<ns3:TPX>
<ns3:Speed>4.816</ns3:Speed>
</ns3:TPX>
</Extensions>
</Trackpoint>
<Trackpoint>
<Time>2026-09-03T00:45:29Z</Time>
<Position>
<LatitudeDegrees>43.2442050</LatitudeDegrees>
<LongitudeDegrees>117.2003842</LongitudeDegrees>
</Position>
<AltitudeMeters>1313.4</AltitudeMeters>
<DistanceMeters>1151.5</DistanceMeters>
<Extensions>
<ns3:TPX>
<ns3:Speed>4.903</ns3:Speed>
</ns3:TPX>
</Extensions>
</Trackpoint>
<Trackpoint>
<Time>2026-09-03T00:45:38Z</Time>
<Position>
<LatitudeDegrees>43.2439808</LatitudeDegrees>
<LongitudeDegrees>117.2008207</LongitudeDegrees>
</Position>
<AltitudeMeters>1313.4</AltitudeMeters>
<DistanceMeters>1194.7</DistanceMeters>
<Extensions>
<ns3:TPX>
<ns3:Speed>4.965</ns3:Speed>
</ns3:TPX>
</Extensions>
</Trackpoint>
<Trackpoint>
<Time>2026-09-03T00:45:39Z</Time>
<Position>
<LatitudeDegrees>43.2439550</LatitudeDegrees>
<LongitudeDegrees>117.2008706</LongitudeDegrees>
</Position>
<AltitudeMeters>1313.4</AltitudeMeters>
<DistanceMeters>1199.6</DistanceMeters>
<Extensions>
<ns3:TPX>
<ns3:Speed>4.995</ns3:Speed>
</ns3:TPX>
</Extensions>
</Trackpoint>
<Trackpoint>
<Time>2026-09-03T00:45:48Z</Time>
<Position>
<LatitudeDegrees>43.2437227</LatitudeDegrees>
<LongitudeDegrees>117.2013204</LongitudeDegrees>
</Position>
<AltitudeMeters>1313.0</AltitudeMeters>
<DistanceMeters>1244.2</DistanceMeters>
<Extensions>
<ns3:TPX>
<ns3:Speed>5.131</ns3:Speed>
</ns3:TPX>
</Extensions>
</Trackpoint>
<Trackpoint>
<Time>2026-09-03T00:45:49Z</Time>
<Position>
<LatitudeDegrees>43.2436961</LatitudeDegrees>
<LongitudeDegrees>117.2013716</LongitudeDegrees>
</Position>
<AltitudeMeters>1313.0</AltitudeMeters>
<DistanceMeters>1249.3</DistanceMeters>
<Extensions>
<ns3:TPX>
<ns3:Speed>5.262</ns3:Speed>
</ns3:TPX>
</Extensions>
</Trackpoint>
<Trackpoint>
<Time>2026-09-03T00:45:53Z</Time>
<Position>
<LatitudeDegrees>43.2435852</LatitudeDegrees>
<LongitudeDegrees>117.2015812</LongitudeDegrees>
</Position>
<AltitudeMeters>1312.8</AltitudeMeters>
<DistanceMeters>1270.2</DistanceMeters>
<Extensions>
<ns3:TPX>
<ns3:Speed>5.3</ns3:Speed>
</ns3:TPX>
</Extensions>
</Trackpoint>
<Trackpoint>
<Time>2026-09-03T00:45:55Z</Time>
<Position>
<LatitudeDegrees>43.2435300</LatitudeDegrees>
<LongitudeDegrees>117.2016884</LongitudeDegrees>
</Position>
<AltitudeMeters>1312.8</AltitudeMeters>
<DistanceMeters>1280.8</DistanceMeters>
<Extensions>
<ns3:TPX>
<ns3:Speed>5.338</ns3:Speed>
</ns3:TPX>
</Extensions>
</Trackpoint>
<Trackpoint>
<Time>2026-09-03T00:45:56Z</Time>
<Position>
<LatitudeDegrees>43.2435016</LatitudeDegrees>
<LongitudeDegrees>117.2017428</LongitudeDegrees>
</Position>
<AltitudeMeters>1312.8</AltitudeMeters>
<DistanceMeters>1286.3</DistanceMeters>
<Extensions>
<ns3:TPX>
<ns3:Speed>5.541</ns3:Speed>
</ns3:TPX>
</Extensions>
</Trackpoint>
<Trackpoint>
<Time>2026-09-03T00:45:57Z</Time>
<Position>
<LatitudeDegrees>43.2434725</LatitudeDegrees>
<LongitudeDegrees>117.2017988</LongitudeDegrees>
</Position>
<AltitudeMeters>1312.6</AltitudeMeters>
<DistanceMeters>1291.8</DistanceMeters>
<Extensions>
<ns3:TPX>
<ns3:Speed>5.724</ns3:Speed>
</ns3:TPX>
</Extensions>
</Trackpoint>
<Trackpoint>
<Time>2026-09-03T00:45:58Z</Time>
<Position>
<LatitudeDegrees>43.2434429</LatitudeDegrees>
<LongitudeDegrees>117.2018563</LongitudeDegrees>
</Position>
<AltitudeMeters>1312.6</AltitudeMeters>
<DistanceMeters>1297.5</DistanceMeters>
<Extensions>
<ns3:TPX>
<ns3:Speed>5.785</ns3:Speed>
</ns3:TPX>
</Extensions>
</Trackpoint>
<Trackpoint>
<Time>2026-09-03T00:46:00Z</Time>
<Position>
<LatitudeDegrees>43.2433828</LatitudeDegrees>
<LongitudeDegrees>117.2019739</LongitudeDegrees>
</Position>
<AltitudeMeters>1312.4</AltitudeMeters>
<DistanceMeters>1309.1</DistanceMeters>
<Extensions>
<ns3:TPX>
<ns3:Speed>5.821</ns3:Speed>
</ns3:TPX>
</Extensions>
</Trackpoint>
<Trackpoint>
<Time>2026-09-03T00:46:01Z</Time>
<Position>
<LatitudeDegrees>43.2433368</LatitudeDegrees>
<LongitudeDegrees>117.2020633</LongitudeDegrees>
</Position>
<AltitudeMeters>1312.4</AltitudeMeters>
<DistanceMeters>1318.0</DistanceMeters>
<Extensions>
<ns3:TPX>
<ns3:Speed>5.864</ns3:Speed>
</ns3:TPX>
</Extensions>
</Trackpoint>
<Trackpoint>
<Time>2026-09-03T00:46:05Z</Time>
<Position>
<LatitudeDegrees>43.2432554</LatitudeDegrees>
<LongitudeDegrees>117.2022218</LongitudeDegrees>
</Position>
<AltitudeMeters>1312.2</AltitudeMeters>
<DistanceMeters>1333.7</DistanceMeters>
<Extensions>
<ns3:TPX>
<ns3:Speed>5.918</ns3:Speed>
</ns3:TPX>
</Extensions>
</Trackpoint>
<Trackpoint>
<Time>2026-09-03T00:46:06Z</Time>
<Position>
<LatitudeDegrees>43.2432140</LatitudeDegrees>
<LongitudeDegrees>117.2023031</LongitudeDegrees>
</Position>
<AltitudeMeters>1312.0</AltitudeMeters>
<DistanceMeters>1341.7</DistanceMeters>
<Extensions>
<ns3:TPX>
<ns3:Speed>5.951</ns3:Speed>
</ns3:TPX>
</Extensions>
</Trackpoint>
<Trackpoint>
<Time>2026-09-03T00:46:07Z</Time>
<Position>
<LatitudeDegrees>43.2431750</LatitudeDegrees>
<LongitudeDegrees>117.2023787</LongitudeDegrees>
</Position>
<AltitudeMeters>1312.0</AltitudeMeters>
<DistanceMeters>1349.2</DistanceMeters>
<Extensions>
<ns3:TPX>
<ns3:Speed>5.982</ns3:Speed>
</ns3:TPX>
</Extensions>
</Trackpoint>
<Trackpoint>
<Time>2026-09-03T00:46:08Z</Time>
<Position>
<LatitudeDegrees>43.2431387</LatitudeDegrees>
<LongitudeDegrees>117.2024488</LongitudeDegrees>
</Position>
<AltitudeMeters>1312.0</AltitudeMeters>
<DistanceMeters>1356.1</DistanceMeters>
<Extensions>
<ns3:TPX>
<ns3:Speed>6.028</ns3:Speed>
</ns3:TPX>
</Extensions>
</Trackpoint>
<Trackpoint>
<Time>2026-09-03T00:46:11Z</Time>
<Position>
<LatitudeDegrees>43.2430077</LatitudeDegrees>
<LongitudeDegrees>117.2027014</LongitudeDegrees>
</Position>
<AltitudeMeters>1311.8</AltitudeMeters>
<DistanceMeters>1381.2</DistanceMeters>
<Extensions>
<ns3:TPX>
<ns3:Speed>6.09</ns3:Speed>
</ns3:TPX>
</Extensions>
</Trackpoint>
<Trackpoint>
<Time>2026-09-03T00:46:13Z</Time>
<Position>
<LatitudeDegrees>43.2429425</LatitudeDegrees>
<LongitudeDegrees>117.2028297</LongitudeDegrees>
</Position>
<AltitudeMeters>1311.6</AltitudeMeters>
<DistanceMeters>1393.8</DistanceMeters>
<Extensions>
<ns3:TPX>
<ns3:Speed>6.128</ns3:Speed>
</ns3:TPX>
</Extensions>
</Trackpoint>
<Trackpoint>
<Time>2026-09-03T00:46:18Z</Time>
<Position>
<LatitudeDegrees>43.2427882</LatitudeDegrees>
<LongitudeDegrees>117.2031273</LongitudeDegrees>
</Position>
<AltitudeMeters>1311.4</AltitudeMeters>
<DistanceMeters>1423.4</DistanceMeters>
<Extensions>
<ns3:TPX>
<ns3:Speed>6.166</ns3:Speed>
</ns3:TPX>
</Extensions>
</Trackpoint>
<Trackpoint>
<Time>2026-09-03T00:46:25Z</Time>
<Position>
<LatitudeDegrees>43.2425628</LatitudeDegrees>
<LongitudeDegrees>117.2035614</LongitudeDegrees>
</Position>
<AltitudeMeters>1311.0</AltitudeMeters>
<DistanceMeters>1466.5</DistanceMeters>
<Extensions>
<ns3:TPX>
<ns3:Speed>6.201</ns3:Speed>
</ns3:TPX>
</Extensions>
</Trackpoint>
<Trackpoint>
<Time>2026-09-03T00:46:29Z</Time>
<Position>
<LatitudeDegrees>43.2424345</LatitudeDegrees>
<LongitudeDegrees>117.2038141</LongitudeDegrees>
</Position>
<AltitudeMeters>1310.6</AltitudeMeters>
<DistanceMeters>1491.4</DistanceMeters>
<Extensions>
<ns3:TPX>
<ns3:Speed>6.228</ns3:Speed>
</ns3:TPX>
</Extensions>
</Trackpoint>
<Trackpoint>
<Time>2026-09-03T00:46:37Z</Time>
<Position>
<LatitudeDegrees>43.2421776</LatitudeDegrees>
<LongitudeDegrees>117.2043104</LongitudeDegrees>
</Position>
<AltitudeMeters>1310.0</AltitudeMeters>
<DistanceMeters>1540.6</DistanceMeters>
<Extensions>
<ns3:TPX>
<ns3:Speed>6.124</ns3:Speed>
</ns3:TPX>
</Extensions>
</Trackpoint>
<Trackpoint>
<Time>2026-09-03T00:46:45Z</Time>
<Position>
<LatitudeDegrees>43.2419218</LatitudeDegrees>
<LongitudeDegrees>117.2048066</LongitudeDegrees>
</Position>
<AltitudeMeters>1309.0</AltitudeMeters>
<DistanceMeters>1589.8</DistanceMeters>
<Extensions>
<ns3:TPX>
<ns3:Speed>6.198</ns3:Speed>
</ns3:TPX>
</Extensions>
</Trackpoint>
<Trackpoint>
<Time>2026-09-03T00:46:51Z</Time>
<Position>
<LatitudeDegrees>43.2417284</LatitudeDegrees>
<LongitudeDegrees>117.2051829</LongitudeDegrees>
</Position>
<AltitudeMeters>1308.6</AltitudeMeters>
<DistanceMeters>1627.0</DistanceMeters>
<Extensions>
<ns3:TPX>
<ns3:Speed>6.274</ns3:Speed>
</ns3:TPX>
</Extensions>
</Trackpoint>
<Trackpoint>
<Time>2026-09-03T00:46:53Z</Time>
<Position>
<LatitudeDegrees>43.2416632</LatitudeDegrees>
<LongitudeDegrees>117.2053086</LongitudeDegrees>
</Position>
<AltitudeMeters>1308.4</AltitudeMeters>
<DistanceMeters>1639.5</DistanceMeters>
<Extensions>
<ns3:TPX>
<ns3:Speed>6.318</ns3:Speed>
</ns3:TPX>
</Extensions>
</Trackpoint>
<Trackpoint>
<Time>2026-09-03T00:46:54Z</Time>
<Position>
<LatitudeDegrees>43.2416304</LatitudeDegrees>
<LongitudeDegrees>117.2053718</LongitudeDegrees>
</Position>
<AltitudeMeters>1308.4</AltitudeMeters>
<DistanceMeters>1645.8</DistanceMeters>
<Extensions>
<ns3:TPX>
<ns3:Speed>6.349</ns3:Speed>
</ns3:TPX>
</Extensions>
</Trackpoint>
<Trackpoint>
<Time>2026-09-03T00:46:56Z</Time>
<Position>
<LatitudeDegrees>43.2415652</LatitudeDegrees>
<LongitudeDegrees>117.2055001</LongitudeDegrees>
</Position>
<AltitudeMeters>1308.2</AltitudeMeters>
<DistanceMeters>1658.4</DistanceMeters>
<Extensions>
<ns3:TPX>
<ns3:Speed>6.39</ns3:Speed>
</ns3:TPX>
</Extensions>
</Trackpoint>
<Trackpoint>
<Time>2026-09-03T00:46:58Z</Time>
<Position>
<LatitudeDegrees>43.2415001</LatitudeDegrees>
<LongitudeDegrees>117.2056303</LongitudeDegrees>
</Position>
<AltitudeMeters>1308.0</AltitudeMeters>
<DistanceMeters>1671.2</DistanceMeters>
<Extensions>
<ns3:TPX>
<ns3:Speed>6.435</ns3:Speed>
</ns3:TPX>
</Extensions>
</Trackpoint>
<Trackpoint>
<Time>2026-09-03T00:46:59Z</Time>
<Position>
<LatitudeDegrees>43.2414663</LatitudeDegrees>
<LongitudeDegrees>117.2056951</LongitudeDegrees>
</Position>
<AltitudeMeters>1308.0</AltitudeMeters>
<DistanceMeters>1677.6</DistanceMeters>
<Extensions>
<ns3:TPX>
<ns3:Speed>6.481</ns3:Speed>
</ns3:TPX>
</Extensions>
</Trackpoint>
<Trackpoint>
<Time>2026-09-03T00:47:01Z</Time>
<Position>
<LatitudeDegrees>43.2413981</LatitudeDegrees>
<LongitudeDegrees>117.2058255</LongitudeDegrees>
</Position>
<AltitudeMeters>1307.8</AltitudeMeters>
<DistanceMeters>1690.6</DistanceMeters>
<Extensions>
<ns3:TPX>
<ns3:Speed>6.528</ns3:Speed>
</ns3:TPX>
</Extensions>
</Trackpoint>
<Trackpoint>
<Time>2026-09-03T00:47:03Z</Time>
<Position>
<LatitudeDegrees>43.2413296</LatitudeDegrees>
<LongitudeDegrees>117.2059574</LongitudeDegrees>
</Position>
<AltitudeMeters>1307.6</AltitudeMeters>
<DistanceMeters>1703.7</DistanceMeters>
<Extensions>
<ns3:TPX>
<ns3:Speed>6.563</ns3:Speed>
</ns3:TPX>
</Extensions>
</Trackpoint>
<Trackpoint>
<Time>2026-09-03T00:47:05Z</Time>
<Position>
<LatitudeDegrees>43.2412952</LatitudeDegrees>
<LongitudeDegrees>117.2060237</LongitudeDegrees>
</Position>
<AltitudeMeters>1307.6</AltitudeMeters>
<DistanceMeters>1710.3</DistanceMeters>
<Extensions>
<ns3:TPX>
<ns3:Speed>6.591</ns3:Speed>
</ns3:TPX>
</Extensions>
</Trackpoint>
<Trackpoint>
<Time>2026-09-03T00:47:06Z</Time>
<Position>
<LatitudeDegrees>43.2412611</LatitudeDegrees>
<LongitudeDegrees>117.2060905</LongitudeDegrees>
</Position>
<AltitudeMeters>1307.6</AltitudeMeters>
<DistanceMeters>1716.9</DistanceMeters>
<Extensions>
<ns3:TPX>
<ns3:Speed>6.646</ns3:Speed>
</ns3:TPX>
</Extensions>
</Trackpoint>
<Trackpoint>
<Time>2026-09-03T00:47:08Z</Time>
<Position>
<LatitudeDegrees>43.2411925</LatitudeDegrees>
<LongitudeDegrees>117.2062256</LongitudeDegrees>
</Position>
<AltitudeMeters>1307.4</AltitudeMeters>
<DistanceMeters>1730.2</DistanceMeters>
<Extensions>
<ns3:TPX>
<ns3:Speed>6.703</ns3:Speed>
</ns3:TPX>
</Extensions>
</Trackpoint>
<Trackpoint>
<Time>2026-09-03T00:47:10Z</Time>
<Position>
<LatitudeDegrees>43.2411230</LatitudeDegrees>
<LongitudeDegrees>117.2063618</LongitudeDegrees>
</Position>
<AltitudeMeters>1307.2</AltitudeMeters>
<DistanceMeters>1743.7</DistanceMeters>
<Extensions>
<ns3:TPX>
<ns3:Speed>6.735</ns3:Speed>
</ns3:TPX>
</Extensions>
</Trackpoint>
<Trackpoint>
<Time>2026-09-03T00:47:11Z</Time>
<Position>
<LatitudeDegrees>43.2410875</LatitudeDegrees>
<LongitudeDegrees>117.2064297</LongitudeDegrees>
</Position>
<AltitudeMeters>1307.2</AltitudeMeters>
<DistanceMeters>1750.4</DistanceMeters>
<Extensions>
<ns3:TPX>
<ns3:Speed>6.8</ns3:Speed>
</ns3:TPX>
</Extensions>
</Trackpoint>
<Trackpoint>
<Time>2026-09-03T00:47:12Z</Time>
<Position>
<LatitudeDegrees>43.2410515</LatitudeDegrees>
<LongitudeDegrees>117.2064980</LongitudeDegrees>
</Position>
<AltitudeMeters>1307.0</AltitudeMeters>
<DistanceMeters>1757.2</DistanceMeters>
<Extensions>
<ns3:TPX>
<ns3:Speed>6.868</ns3:Speed>
</ns3:TPX>
</Extensions>
</Trackpoint>
<Trackpoint>
<Time>2026-09-03T00:47:13Z</Time>
<Position>
<LatitudeDegrees>43.2410159</LatitudeDegrees>
<LongitudeDegrees>117.2065675</LongitudeDegrees>
</Position>
<AltitudeMeters>1307.0</AltitudeMeters>
<DistanceMeters>1764.1</DistanceMeters>
<Extensions>
<ns3:TPX>
<ns3:Speed>6.966</ns3:Speed>
</ns3:TPX>
</Extensions>
</Trackpoint>
<Trackpoint>
<Time>2026-09-03T00:47:14Z</Time>
<Position>
<LatitudeDegrees>43.2409802</LatitudeDegrees>
<LongitudeDegrees>117.2066380</LongitudeDegrees>
</Position>
<AltitudeMeters>1306.8</AltitudeMeters>
<DistanceMeters>1771.1</DistanceMeters>
<Extensions>
<ns3:TPX>
<ns3:Speed>6.996</ns3:Speed>
</ns3:TPX>
</Extensions>
</Trackpoint>
<Trackpoint>
<Time>2026-09-03T00:47:15Z</Time>
<Position>
<LatitudeDegrees>43.2409438</LatitudeDegrees>
<LongitudeDegrees>117.2067089</LongitudeDegrees>
</Position>
<AltitudeMeters>1306.8</AltitudeMeters>
<DistanceMeters>1778.1</DistanceMeters>
<Extensions>
<ns3:TPX>
<ns3:Speed>7.047</ns3:Speed>
</ns3:TPX>
</Extensions>
</Trackpoint>
<Trackpoint>
<Time>2026-09-03T00:47:16Z</Time>
<Position>
<LatitudeDegrees>43.2409073</LatitudeDegrees>
<LongitudeDegrees>117.2067802</LongitudeDegrees>
</Position>
<AltitudeMeters>1306.6</AltitudeMeters>
<DistanceMeters>1785.1</DistanceMeters>
<Extensions>
<ns3:TPX>
<ns3:Speed>7.128</ns3:Speed>
</ns3:TPX>
</Extensions>
</Trackpoint>
<Trackpoint>
<Time>2026-09-03T00:47:17Z</Time>
<Position>
<LatitudeDegrees>43.2408707</LatitudeDegrees>
<LongitudeDegrees>117.2068523</LongitudeDegrees>
</Position>
<AltitudeMeters>1306.4</AltitudeMeters>
<DistanceMeters>1792.2</DistanceMeters>
<Extensions>
<ns3:TPX>
<ns3:Speed>7.164</ns3:Speed>
</ns3:TPX>
</Extensions>
</Trackpoint>
<Trackpoint>
<Time>2026-09-03T00:47:18Z</Time>
<Position>
<LatitudeDegrees>43.2408336</LatitudeDegrees>
<LongitudeDegrees>117.2069247</LongitudeDegrees>
</Position>
<AltitudeMeters>1306.2</AltitudeMeters>
<DistanceMeters>1799.4</DistanceMeters>
<Extensions>
<ns3:TPX>
<ns3:Speed>7.263</ns3:Speed>
</ns3:TPX>
</Extensions>
</Trackpoint>
<Trackpoint>
<Time>2026-09-03T00:47:19Z</Time>
<Position>
<LatitudeDegrees>43.2407963</LatitudeDegrees>
<LongitudeDegrees>117.2069981</LongitudeDegrees>
</Position>
<AltitudeMeters>1306.2</AltitudeMeters>
<DistanceMeters>1806.6</DistanceMeters>
<Extensions>
<ns3:TPX>
<ns3:Speed>7.309</ns3:Speed>
</ns3:TPX>
</Extensions>
</Trackpoint>
<Trackpoint>
<Time>2026-09-03T00:47:20Z</Time>
<Position>
<LatitudeDegrees>43.2407585</LatitudeDegrees>
<LongitudeDegrees>117.2070723</LongitudeDegrees>
</Position>
<AltitudeMeters>1306.0</AltitudeMeters>
<DistanceMeters>1813.9</DistanceMeters>
<Extensions>
<ns3:TPX>
<ns3:Speed>7.356</ns3:Speed>
</ns3:TPX>
</Extensions>
</Trackpoint>
<Trackpoint>
<Time>2026-09-03T00:47:21Z</Time>
<Position>
<LatitudeDegrees>43.2407205</LatitudeDegrees>
<LongitudeDegrees>117.2071468</LongitudeDegrees>
</Position>
<AltitudeMeters>1305.8</AltitudeMeters>
<DistanceMeters>1821.3</DistanceMeters>
<Extensions>
<ns3:TPX>
<ns3:Speed>7.45</ns3:Speed>
</ns3:TPX>
</Extensions>
</Trackpoint>
<Trackpoint>
<Time>2026-09-03T00:47:22Z</Time>
<Position>
<LatitudeDegrees>43.2406818</LatitudeDegrees>
<LongitudeDegrees>117.2072220</LongitudeDegrees>
</Position>
<AltitudeMeters>1305.8</AltitudeMeters>
<DistanceMeters>1828.7</DistanceMeters>
<Extensions>
<ns3:TPX>
<ns3:Speed>7.512</ns3:Speed>
</ns3:TPX>
</Extensions>
</Trackpoint>
<Trackpoint>
<Time>2026-09-03T00:47:23Z</Time>
<Position>
<LatitudeDegrees>43.2406423</LatitudeDegrees>
<LongitudeDegrees>117.2072978</LongitudeDegrees>
</Position>
<AltitudeMeters>1305.6</AltitudeMeters>
<DistanceMeters>1836.3</DistanceMeters>
<Extensions>
<ns3:TPX>
<ns3:Speed>7.579</ns3:Speed>
</ns3:TPX>
</Extensions>
</Trackpoint>
<Trackpoint>
<Time>2026-09-03T00:47:24Z</Time>
<Position>
<LatitudeDegrees>43.2406026</LatitudeDegrees>
<LongitudeDegrees>117.2073748</LongitudeDegrees>
</Position>
<AltitudeMeters>1305.4</AltitudeMeters>
<DistanceMeters>1843.9</DistanceMeters>
<Extensions>
<ns3:TPX>
<ns3:Speed>7.66</ns3:Speed>
</ns3:TPX>
</Extensions>
</Trackpoint>
<Trackpoint>
<Time>2026-09-03T00:47:25Z</Time>
<Position>
<LatitudeDegrees>43.2405624</LatitudeDegrees>
<LongitudeDegrees>117.2074526</LongitudeDegrees>
</Position>
<AltitudeMeters>1305.2</AltitudeMeters>
<DistanceMeters>1851.6</DistanceMeters>
<Extensions>
<ns3:TPX>
<ns3:Speed>7.719</ns3:Speed>
</ns3:TPX>
</Extensions>
</Trackpoint>
<Trackpoint>
<Time>2026-09-03T00:47:26Z</Time>
<Position>
<LatitudeDegrees>43.2405215</LatitudeDegrees>
<LongitudeDegrees>117.2075306</LongitudeDegrees>
</Position>
<AltitudeMeters>1305.2</AltitudeMeters>
<DistanceMeters>1859.4</DistanceMeters>
<Extensions>
<ns3:TPX>
<ns3:Speed>7.775</ns3:Speed>
</ns3:TPX>
</Extensions>
</Trackpoint>
<Trackpoint>
<Time>2026-09-03T00:47:27Z</Time>
<Position>
<LatitudeDegrees>43.2404808</LatitudeDegrees>
<LongitudeDegrees>117.2076095</LongitudeDegrees>
</Position>
<AltitudeMeters>1305.0</AltitudeMeters>
<DistanceMeters>1867.2</DistanceMeters>
<Extensions>
<ns3:TPX>
<ns3:Speed>7.867</ns3:Speed>
</ns3:TPX>
</Extensions>
</Trackpoint>
<Trackpoint>
<Time>2026-09-03T00:47:28Z</Time>
<Position>
<LatitudeDegrees>43.2404402</LatitudeDegrees>
<LongitudeDegrees>117.2076896</LongitudeDegrees>
</Position>
<AltitudeMeters>1304.8</AltitudeMeters>
<DistanceMeters>1875.1</DistanceMeters>
<Extensions>
<ns3:TPX>
<ns3:Speed>7.958</ns3:Speed>
</ns3:TPX>
</Extensions>
</Trackpoint>
<Trackpoint>
<Time>2026-09-03T00:47:29Z</Time>
<Position>
<LatitudeDegrees>43.2403990</LatitudeDegrees>
<LongitudeDegrees>117.2077706</LongitudeDegrees>
</Position>
<AltitudeMeters>1304.6</AltitudeMeters>
<DistanceMeters>1883.1</DistanceMeters>
<Extensions>
<ns3:TPX>
<ns3:Speed>8.055</ns3:Speed>
</ns3:TPX>
</Extensions>
</Trackpoint>
<Trackpoint>
<Time>2026-09-03T00:47:30Z</Time>
<Position>
<LatitudeDegrees>43.2403571</LatitudeDegrees>
<LongitudeDegrees>117.2078524</LongitudeDegrees>
</Position>
<AltitudeMeters>1304.4</AltitudeMeters>
<DistanceMeters>1891.2</DistanceMeters>
<Extensions>
<ns3:TPX>
<ns3:Speed>8.138</ns3:Speed>
</ns3:TPX>
</Extensions>
</Trackpoint>
<Trackpoint>
<Time>2026-09-03T00:47:31Z</Time>
<Position>
<LatitudeDegrees>43.2403144</LatitudeDegrees>
<LongitudeDegrees>117.2079349</LongitudeDegrees>
</Position>
<AltitudeMeters>1304.2</AltitudeMeters>
<DistanceMeters>1899.3</DistanceMeters>
<Extensions>
<ns3:TPX>
<ns3:Speed>8.271</ns3:Speed>
</ns3:TPX>
</Extensions>
</Trackpoint>
<Trackpoint>
<Time>2026-09-03T00:47:32Z</Time>
<Position>
<LatitudeDegrees>43.2402711</LatitudeDegrees>
<LongitudeDegrees>117.2080184</LongitudeDegrees>
</Position>
<AltitudeMeters>1304.0</AltitudeMeters>
<DistanceMeters>1907.6</DistanceMeters>
<Extensions>
<ns3:TPX>
<ns3:Speed>8.314</ns3:Speed>
</ns3:TPX>
</Extensions>
</Trackpoint>
<Trackpoint>
<Time>2026-09-03T00:47:33Z</Time>
<Position>
<LatitudeDegrees>43.2402270</LatitudeDegrees>
<LongitudeDegrees>117.2081024</LongitudeDegrees>
</Position>
<AltitudeMeters>1303.8</AltitudeMeters>
<DistanceMeters>1916.0</DistanceMeters>
<Extensions>
<ns3:TPX>
<ns3:Speed>8.417</ns3:Speed>
</ns3:TPX>
</Extensions>
</Trackpoint>
<Trackpoint>
<Time>2026-09-03T00:47:34Z</Time>
<Position>
<LatitudeDegrees>43.2401826</LatitudeDegrees>
<LongitudeDegrees>117.2081875</LongitudeDegrees>
</Position>
<AltitudeMeters>1303.6</AltitudeMeters>
<DistanceMeters>1924.5</DistanceMeters>
<Extensions>
<ns3:TPX>
<ns3:Speed>8.501</ns3:Speed>
</ns3:TPX>
</Extensions>
</Trackpoint>
<Trackpoint>
<Time>2026-09-03T00:47:35Z</Time>
<Position>
<LatitudeDegrees>43.2401380</LatitudeDegrees>
<LongitudeDegrees>117.2082738</LongitudeDegrees>
</Position>
<AltitudeMeters>1303.4</AltitudeMeters>
<DistanceMeters>1933.0</DistanceMeters>
<Extensions>
<ns3:TPX>
<ns3:Speed>8.592</ns3:Speed>
</ns3:TPX>
</Extensions>
</Trackpoint>
<Trackpoint>
<Time>2026-09-03T00:47:36Z</Time>
<Position>
<LatitudeDegrees>43.2400929</LatitudeDegrees>
<LongitudeDegrees>117.2083613</LongitudeDegrees>
</Position>
<AltitudeMeters>1303.2</AltitudeMeters>
<DistanceMeters>1941.7</DistanceMeters>
<Extensions>
<ns3:TPX>
<ns3:Speed>8.718</ns3:Speed>
</ns3:TPX>
</Extensions>
</Trackpoint>
<Trackpoint>
<Time>2026-09-03T00:47:37Z</Time>
<Position>
<LatitudeDegrees>43.2400471</LatitudeDegrees>
<LongitudeDegrees>117.2084497</LongitudeDegrees>
</Position>
<AltitudeMeters>1303.0</AltitudeMeters>
<DistanceMeters>1950.5</DistanceMeters>
<Extensions>
<ns3:TPX>
<ns3:Speed>8.821</ns3:Speed>
</ns3:TPX>
</Extensions>
</Trackpoint>
<Trackpoint>
<Time>2026-09-03T00:47:38Z</Time>
<Position>
<LatitudeDegrees>43.2400006</LatitudeDegrees>
<LongitudeDegrees>117.2085393</LongitudeDegrees>
</Position>
<AltitudeMeters>1302.8</AltitudeMeters>
<DistanceMeters>1959.4</DistanceMeters>
<Extensions>
<ns3:TPX>
<ns3:Speed>8.955</ns3:Speed>
</ns3:TPX>
</Extensions>
</Trackpoint>
<Trackpoint>
<Time>2026-09-03T00:47:39Z</Time>
<Position>
<LatitudeDegrees>43.2399531</LatitudeDegrees>
<LongitudeDegrees>117.2086299</LongitudeDegrees>
</Position>
<AltitudeMeters>1302.6</AltitudeMeters>
<DistanceMeters>1968.4</DistanceMeters>
<Extensions>
<ns3:TPX>
<ns3:Speed>9.061</ns3:Speed>
</ns3:TPX>
</Extensions>
</Trackpoint>
<Trackpoint>
<Time>2026-09-03T00:47:40Z</Time>
<Position>
<LatitudeDegrees>43.2399053</LatitudeDegrees>
<LongitudeDegrees>117.2087218</LongitudeDegrees>
</Position>
<AltitudeMeters>1302.6</AltitudeMeters>
<DistanceMeters>1977.5</DistanceMeters>
<Extensions>
<ns3:TPX>
<ns3:Speed>9.162</ns3:Speed>
</ns3:TPX>
</Extensions>
</Trackpoint>
<Trackpoint>
<Time>2026-09-03T00:47:41Z</Time>
<Position>
<LatitudeDegrees>43.2398571</LatitudeDegrees>
<LongitudeDegrees>117.2088152</LongitudeDegrees>
</Position>
<AltitudeMeters>1302.4</AltitudeMeters>
<DistanceMeters>1986.8</DistanceMeters>
<Extensions>
<ns3:TPX>
<ns3:Speed>9.296</ns3:Speed>
</ns3:TPX>
</Extensions>
</Trackpoint>
<Trackpoint>
<Time>2026-09-03T00:47:42Z</Time>
<Position>
<LatitudeDegrees>43.2398082</LatitudeDegrees>
<LongitudeDegrees>117.2089097</LongitudeDegrees>
</Position>
<AltitudeMeters>1302.2</AltitudeMeters>
<DistanceMeters>1996.1</DistanceMeters>
<Extensions>
<ns3:TPX>
<ns3:Speed>9.373</ns3:Speed>
</ns3:TPX>
</Extensions>
</Trackpoint>
<Trackpoint>
<Time>2026-09-03T00:47:43Z</Time>
<Position>
<LatitudeDegrees>43.2397579</LatitudeDegrees>
<LongitudeDegrees>117.2090047</LongitudeDegrees>
</Position>
<AltitudeMeters>1302.0</AltitudeMeters>
<DistanceMeters>2005.6</DistanceMeters>
<Extensions>
<ns3:TPX>
<ns3:Speed>9.422</ns3:Speed>
</ns3:TPX>
</Extensions>
</Trackpoint>
<Trackpoint>
<Time>2026-09-03T00:47:44Z</Time>
<Position>
<LatitudeDegrees>43.2397078</LatitudeDegrees>
<LongitudeDegrees>117.2091008</LongitudeDegrees>
</Position>
<AltitudeMeters>1301.8</AltitudeMeters>
<DistanceMeters>2015.2</DistanceMeters>
<Extensions>
<ns3:TPX>
<ns3:Speed>9.469</ns3:Speed>
</ns3:TPX>
</Extensions>
</Trackpoint>
<Trackpoint>
<Time>2026-09-03T00:47:45Z</Time>
<Position>
<LatitudeDegrees>43.2396580</LatitudeDegrees>
<LongitudeDegrees>117.2091976</LongitudeDegrees>
</Position>
<AltitudeMeters>1301.6</AltitudeMeters>
<DistanceMeters>2024.8</DistanceMeters>
<Extensions>
<ns3:TPX>
<ns3:Speed>9.543</ns3:Speed>
</ns3:TPX>
</Extensions>
</Trackpoint>
<Trackpoint>
<Time>2026-09-03T00:47:47Z</Time>
<Position>
<LatitudeDegrees>43.2395570</LatitudeDegrees>
<LongitudeDegrees>117.2093922</LongitudeDegrees>
</Position>
<AltitudeMeters>1301.2</AltitudeMeters>
<DistanceMeters>2044.1</DistanceMeters>
<Extensions>
<ns3:TPX>
<ns3:Speed>9.588</ns3:Speed>
</ns3:TPX>
</Extensions>
</Trackpoint>
<Trackpoint>
<Time>2026-09-03T00:47:49Z</Time>
<Position>
<LatitudeDegrees>43.2394581</LatitudeDegrees>
<LongitudeDegrees>117.2095883</LongitudeDegrees>
</Position>
<AltitudeMeters>1300.8</AltitudeMeters>
<DistanceMeters>2063.4</DistanceMeters>
<Extensions>
<ns3:TPX>
<ns3:Speed>9.614</ns3:Speed>
</ns3:TPX>
</Extensions>
</Trackpoint>
<Trackpoint>
<Time>2026-09-03T00:47:57Z</Time>
<Position>
<LatitudeDegrees>43.2390695</LatitudeDegrees>
<LongitudeDegrees>117.2103416</LongitudeDegrees>
</Position>
<AltitudeMeters>1299.4</AltitudeMeters>
<DistanceMeters>2138.0</DistanceMeters>
<Extensions>
<ns3:TPX>
<ns3:Speed>8.885</ns3:Speed>
</ns3:TPX>
</Extensions>
</Trackpoint>
<Trackpoint>
<Time>2026-09-03T00:48:05Z</Time>
<Position>
<LatitudeDegrees>43.2387270</LatitudeDegrees>
<LongitudeDegrees>117.2110010</LongitudeDegrees>
</Position>
<AltitudeMeters>1299.0</AltitudeMeters>
<DistanceMeters>2203.5</DistanceMeters>
<Extensions>
<ns3:TPX>
<ns3:Speed>7.617</ns3:Speed>
</ns3:TPX>
</Extensions>
</Trackpoint>
<Trackpoint>
<Time>2026-09-03T00:48:13Z</Time>
<Position>
<LatitudeDegrees>43.2384362</LatitudeDegrees>
<LongitudeDegrees>117.2115694</LongitudeDegrees>
</Position>
<AltitudeMeters>1298.6</AltitudeMeters>
<DistanceMeters>2259.7</DistanceMeters>
<Extensions>
<ns3:TPX>
<ns3:Speed>6.554</ns3:Speed>
</ns3:TPX>
</Extensions>
</Trackpoint>
<Trackpoint>
<Time>2026-09-03T00:48:21Z</Time>
<Position>
<LatitudeDegrees>43.2381540</LatitudeDegrees>
<LongitudeDegrees>117.2121168</LongitudeDegrees>
</Position>
<AltitudeMeters>1298.6</AltitudeMeters>
<DistanceMeters>2313.9</DistanceMeters>
<Extensions>
<ns3:TPX>
<ns3:Speed>5.831</ns3:Speed>
</ns3:TPX>
</Extensions>
</Trackpoint>
<Trackpoint>
<Time>2026-09-03T00:48:29Z</Time>
<Position>
<LatitudeDegrees>43.2379291</LatitudeDegrees>
<LongitudeDegrees>117.2125629</LongitudeDegrees>
</Position>
<AltitudeMeters>1298.6</AltitudeMeters>
<DistanceMeters>2358.5</DistanceMeters>
<Extensions>
<ns3:TPX>
<ns3:Speed>5.061</ns3:Speed>
</ns3:TPX>
</Extensions>
</Trackpoint>
<Trackpoint>
<Time>2026-09-03T00:48:37Z</Time>
<Position>
<LatitudeDegrees>43.2377326</LatitudeDegrees>
<LongitudeDegrees>117.2129366</LongitudeDegrees>
</Position>
<AltitudeMeters>1298.6</AltitudeMeters>
<DistanceMeters>2395.8</DistanceMeters>
<Extensions>
<ns3:TPX>
<ns3:Speed>4.344</ns3:Speed>
</ns3:TPX>
</Extensions>
</Trackpoint>
<Trackpoint>
<Time>2026-09-03T00:48:42Z</Time>
<Position>
<LatitudeDegrees>43.2376349</LatitudeDegrees>
<LongitudeDegrees>117.2131021</LongitudeDegrees>
</Position>
<AltitudeMeters>1298.6</AltitudeMeters>
<DistanceMeters>2413.1</DistanceMeters>
<Extensions>
<ns3:TPX>
<ns3:Speed>1.666</ns3:Speed>
</ns3:TPX>
</Extensions>
</Trackpoint>
<Trackpoint>
<Time>2026-09-03T00:48:45Z</Time>
<Position>
<LatitudeDegrees>43.2376229</LatitudeDegrees>
<LongitudeDegrees>117.2131067</LongitudeDegrees>
</Position>
<AltitudeMeters>1298.6</AltitudeMeters>
<DistanceMeters>2413.1</DistanceMeters>
<Extensions>
<ns3:TPX>
<ns3:Speed>0.0</ns3:Speed>
</ns3:TPX>
</Extensions>
</Trackpoint>
<Trackpoint>
<Time>2026-09-03T00:49:30Z</Time>
<Position>
<LatitudeDegrees>43.2375906</LatitudeDegrees>
<LongitudeDegrees>117.2132233</LongitudeDegrees>
</Position>
<AltitudeMeters>1298.6</AltitudeMeters>
<DistanceMeters>2423.4</DistanceMeters>
<Extensions>
<ns3:TPX>
<ns3:Speed>3.043</ns3:Speed>
</ns3:TPX>
</Extensions>
</Trackpoint>
<Trackpoint>
<Time>2026-09-03T00:49:38Z</Time>
<Position>
<LatitudeDegrees>43.2374402</LatitudeDegrees>
<LongitudeDegrees>117.2135046</LongitudeDegrees>
</Position>
<AltitudeMeters>1298.6</AltitudeMeters>
<DistanceMeters>2451.6</DistanceMeters>
<Extensions>
<ns3:TPX>
<ns3:Speed>3.505</ns3:Speed>
</ns3:TPX>
</Extensions>
</Trackpoint>
<Trackpoint>
<Time>2026-09-03T00:49:46Z</Time>
<Position>
<LatitudeDegrees>43.2372784</LatitudeDegrees>
<LongitudeDegrees>117.2138189</LongitudeDegrees>
</Position>
<AltitudeMeters>1298.4</AltitudeMeters>
<DistanceMeters>2482.7</DistanceMeters>
<Extensions>
<ns3:TPX>
<ns3:Speed>4.266</ns3:Speed>
</ns3:TPX>
</Extensions>
</Trackpoint>
<Trackpoint>
<Time>2026-09-03T00:49:54Z</Time>
<Position>
<LatitudeDegrees>43.2371016</LatitudeDegrees>
<LongitudeDegrees>117.2141603</LongitudeDegrees>
</Position>
<AltitudeMeters>1298.4</AltitudeMeters>
<DistanceMeters>2516.6</DistanceMeters>
<Extensions>
<ns3:TPX>
<ns3:Speed>4.289</ns3:Speed>
</ns3:TPX>
</Extensions>
</Trackpoint>
<Trackpoint>
<Time>2026-09-03T00:50:02Z</Time>
<Position>
<LatitudeDegrees>43.2369180</LatitudeDegrees>
<LongitudeDegrees>117.2145177</LongitudeDegrees>
</Position>
<AltitudeMeters>1298.4</AltitudeMeters>
<DistanceMeters>2551.9</DistanceMeters>
<Extensions>
<ns3:TPX>
<ns3:Speed>4.658</ns3:Speed>
</ns3:TPX>
</Extensions>
</Trackpoint>
<Trackpoint>
<Time>2026-09-03T00:50:10Z</Time>
<Position>
<LatitudeDegrees>43.2367239</LatitudeDegrees>
<LongitudeDegrees>117.2148914</LongitudeDegrees>
</Position>
<AltitudeMeters>1298.6</AltitudeMeters>
<DistanceMeters>2589.1</DistanceMeters>
<Extensions>
<ns3:TPX>
<ns3:Speed>4.471</ns3:Speed>
</ns3:TPX>
</Extensions>
</Trackpoint>
<Trackpoint>
<Time>2026-09-03T00:50:18Z</Time>
<Position>
<LatitudeDegrees>43.2365412</LatitudeDegrees>
<LongitudeDegrees>117.2152400</LongitudeDegrees>
</Position>
<AltitudeMeters>1299.2</AltitudeMeters>
<DistanceMeters>2623.8</DistanceMeters>
<Extensions>
<ns3:TPX>
<ns3:Speed>4.247</ns3:Speed>
</ns3:TPX>
</Extensions>
</Trackpoint>
<Trackpoint>
<Time>2026-09-03T00:50:26Z</Time>
<Position>
<LatitudeDegrees>43.2363832</LatitudeDegrees>
<LongitudeDegrees>117.2155520</LongitudeDegrees>
</Position>
<AltitudeMeters>1299.8</AltitudeMeters>
<DistanceMeters>2654.5</DistanceMeters>
<Extensions>
<ns3:TPX>
<ns3:Speed>3.601</ns3:Speed>
</ns3:TPX>
</Extensions>
</Trackpoint>
<Trackpoint>
<Time>2026-09-03T00:50:27Z</Time>
<Position>
<LatitudeDegrees>43.2363647</LatitudeDegrees>
<LongitudeDegrees>117.2155869</LongitudeDegrees>
</Position>
<AltitudeMeters>1299.8</AltitudeMeters>
<DistanceMeters>2658.0</DistanceMeters>
<Extensions>
<ns3:TPX>
<ns3:Speed>3.526</ns3:Speed>
</ns3:TPX>
</Extensions>
</Trackpoint>
<Trackpoint>
<Time>2026-09-03T00:50:28Z</Time>
<Position>
<LatitudeDegrees>43.2363468</LatitudeDegrees>
<LongitudeDegrees>117.2156217</LongitudeDegrees>
</Position>
<AltitudeMeters>1300.0</AltitudeMeters>
<DistanceMeters>2661.4</DistanceMeters>
<Extensions>
<ns3:TPX>
<ns3:Speed>3.434</ns3:Speed>
</ns3:TPX>
</Extensions>
</Trackpoint>
<Trackpoint>
<Time>2026-09-03T00:50:29Z</Time>
<Position>
<LatitudeDegrees>43.2363292</LatitudeDegrees>
<LongitudeDegrees>117.2156562</LongitudeDegrees>
</Position>
<AltitudeMeters>1300.0</AltitudeMeters>
<DistanceMeters>2664.9</DistanceMeters>
<Extensions>
<ns3:TPX>
<ns3:Speed>3.406</ns3:Speed>
</ns3:TPX>
</Extensions>
</Trackpoint>
<Trackpoint>
<Time>2026-09-03T00:50:30Z</Time>
<Position>
<LatitudeDegrees>43.2363123</LatitudeDegrees>
<LongitudeDegrees>117.2156901</LongitudeDegrees>
</Position>
<AltitudeMeters>1300.2</AltitudeMeters>
<DistanceMeters>2668.2</DistanceMeters>
<Extensions>
<ns3:TPX>
<ns3:Speed>3.259</ns3:Speed>
</ns3:TPX>
</Extensions>
</Trackpoint>
<Trackpoint>
<Time>2026-09-03T00:50:31Z</Time>
<Position>
<LatitudeDegrees>43.2362959</LatitudeDegrees>
<LongitudeDegrees>117.2157229</LongitudeDegrees>
</Position>
<AltitudeMeters>1300.2</AltitudeMeters>
<DistanceMeters>2671.4</DistanceMeters>
<Extensions>
<ns3:TPX>
<ns3:Speed>3.151</ns3:Speed>
</ns3:TPX>
</Extensions>
</Trackpoint>
<Trackpoint>
<Time>2026-09-03T00:50:32Z</Time>
<Position>
<LatitudeDegrees>43.2362797</LatitudeDegrees>
<LongitudeDegrees>117.2157549</LongitudeDegrees>
</Position>
<AltitudeMeters>1300.4</AltitudeMeters>
<DistanceMeters>2674.5</DistanceMeters>
<Extensions>
<ns3:TPX>
<ns3:Speed>3.156</ns3:Speed>
</ns3:TPX>
</Extensions>
</Trackpoint>
<Trackpoint>
<Time>2026-09-03T00:50:34Z</Time>
<Position>
<LatitudeDegrees>43.2362484</LatitudeDegrees>
<LongitudeDegrees>117.2158166</LongitudeDegrees>
</Position>
<AltitudeMeters>1300.6</AltitudeMeters>
<DistanceMeters>2680.6</DistanceMeters>
<Extensions>
<ns3:TPX>
<ns3:Speed>2.969</ns3:Speed>
</ns3:TPX>
</Extensions>
</Trackpoint>
<Trackpoint>
<Time>2026-09-03T00:50:37Z</Time>
<Position>
<LatitudeDegrees>43.2362027</LatitudeDegrees>
<LongitudeDegrees>117.2159035</LongitudeDegrees>
</Position>
<AltitudeMeters>1300.8</AltitudeMeters>
<DistanceMeters>2689.3</DistanceMeters>
<Extensions>
<ns3:TPX>
<ns3:Speed>2.851</ns3:Speed>
</ns3:TPX>
</Extensions>
</Trackpoint>
<Trackpoint>
<Time>2026-09-03T00:50:38Z</Time>
<Position>
<LatitudeDegrees>43.2361878</LatitudeDegrees>
<LongitudeDegrees>117.2159313</LongitudeDegrees>
</Position>
<AltitudeMeters>1301.0</AltitudeMeters>
<DistanceMeters>2692.1</DistanceMeters>
<Extensions>
<ns3:TPX>
<ns3:Speed>2.777</ns3:Speed>
</ns3:TPX>
</Extensions>
</Trackpoint>
<Trackpoint>
<Time>2026-09-03T00:50:39Z</Time>
<Position>
<LatitudeDegrees>43.2361733</LatitudeDegrees>
<LongitudeDegrees>117.2159589</LongitudeDegrees>
</Position>
<AltitudeMeters>1301.2</AltitudeMeters>
<DistanceMeters>2694.8</DistanceMeters>
<Extensions>
<ns3:TPX>
<ns3:Speed>2.755</ns3:Speed>
</ns3:TPX>
</Extensions>
</Trackpoint>
<Trackpoint>
<Time>2026-09-03T00:50:41Z</Time>
<Position>
<LatitudeDegrees>43.2361448</LatitudeDegrees>
<LongitudeDegrees>117.2160141</LongitudeDegrees>
</Position>
<AltitudeMeters>1301.4</AltitudeMeters>
<DistanceMeters>2700.3</DistanceMeters>
<Extensions>
<ns3:TPX>
<ns3:Speed>2.822</ns3:Speed>
</ns3:TPX>
</Extensions>
</Trackpoint>
<Trackpoint>
<Time>2026-09-03T00:50:42Z</Time>
<Position>
<LatitudeDegrees>43.2361312</LatitudeDegrees>
<LongitudeDegrees>117.2160421</LongitudeDegrees>
</Position>
<AltitudeMeters>1301.4</AltitudeMeters>
<DistanceMeters>2703.0</DistanceMeters>
<Extensions>
<ns3:TPX>
<ns3:Speed>2.659</ns3:Speed>
</ns3:TPX>
</Extensions>
</Trackpoint>
<Trackpoint>
<Time>2026-09-03T00:50:43Z</Time>
<Position>
<LatitudeDegrees>43.2361176</LatitudeDegrees>
<LongitudeDegrees>117.2160696</LongitudeDegrees>
</Position>
<AltitudeMeters>1301.6</AltitudeMeters>
<DistanceMeters>2705.7</DistanceMeters>
<Extensions>
<ns3:TPX>
<ns3:Speed>2.697</ns3:Speed>
</ns3:TPX>
</Extensions>
</Trackpoint>
<Trackpoint>
<Time>2026-09-03T00:50:49Z</Time>
<Position>
<LatitudeDegrees>43.2360395</LatitudeDegrees>
<LongitudeDegrees>117.2162190</LongitudeDegrees>
</Position>
<AltitudeMeters>1302.2</AltitudeMeters>
<DistanceMeters>2720.6</DistanceMeters>
<Extensions>
<ns3:TPX>
<ns3:Speed>2.41</ns3:Speed>
</ns3:TPX>
</Extensions>
</Trackpoint>
<Trackpoint>
<Time>2026-09-03T00:50:50Z</Time>
<Position>
<LatitudeDegrees>43.2360222</LatitudeDegrees>
<LongitudeDegrees>117.2162526</LongitudeDegrees>
</Position>
<AltitudeMeters>1302.4</AltitudeMeters>
<DistanceMeters>2723.9</DistanceMeters>
<Extensions>
<ns3:TPX>
<ns3:Speed>2.406</ns3:Speed>
</ns3:TPX>
</Extensions>
</Trackpoint>
<Trackpoint>
<Time>2026-09-03T00:50:51Z</Time>
<Position>
<LatitudeDegrees>43.2360127</LatitudeDegrees>
<LongitudeDegrees>117.2162710</LongitudeDegrees>
</Position>
<AltitudeMeters>1302.6</AltitudeMeters>
<DistanceMeters>2725.7</DistanceMeters>
<Extensions>
<ns3:TPX>
<ns3:Speed>2.406</ns3:Speed>
</ns3:TPX>
</Extensions>
</Trackpoint>
<Trackpoint>
<Time>2026-09-03T00:50:52Z</Time>
<Position>
<LatitudeDegrees>43.2359966</LatitudeDegrees>
<LongitudeDegrees>117.2163040</LongitudeDegrees>
</Position>
<AltitudeMeters>1302.8</AltitudeMeters>
<DistanceMeters>2728.9</DistanceMeters>
<Extensions>
<ns3:TPX>
<ns3:Speed>2.401</ns3:Speed>
</ns3:TPX>
</Extensions>
</Trackpoint>
<Trackpoint>
<Time>2026-09-03T00:50:54Z</Time>
<Position>
<LatitudeDegrees>43.2359670</LatitudeDegrees>
<LongitudeDegrees>117.2163620</LongitudeDegrees>
</Position>
<AltitudeMeters>1303.0</AltitudeMeters>
<DistanceMeters>2734.7</DistanceMeters>
<Extensions>
<ns3:TPX>
<ns3:Speed>2.446</ns3:Speed>
</ns3:TPX>
</Extensions>
</Trackpoint>
<Trackpoint>
<Time>2026-09-03T00:51:02Z</Time>
<Position>
<LatitudeDegrees>43.2358745</LatitudeDegrees>
<LongitudeDegrees>117.2165389</LongitudeDegrees>
</Position>
<AltitudeMeters>1303.8</AltitudeMeters>
<DistanceMeters>2752.3</DistanceMeters>
<Extensions>
<ns3:TPX>
<ns3:Speed>2.495</ns3:Speed>
</ns3:TPX>
</Extensions>
</Trackpoint>
<Trackpoint>
<Time>2026-09-03T00:51:10Z</Time>
<Position>
<LatitudeDegrees>43.2357603</LatitudeDegrees>
<LongitudeDegrees>117.2167552</LongitudeDegrees>
</Position>
<AltitudeMeters>1304.8</AltitudeMeters>
<DistanceMeters>2773.9</DistanceMeters>
<Extensions>
<ns3:TPX>
<ns3:Speed>2.346</ns3:Speed>
</ns3:TPX>
</Extensions>
</Trackpoint>
<Trackpoint>
<Time>2026-09-03T00:51:18Z</Time>
<Position>
<LatitudeDegrees>43.2356625</LatitudeDegrees>
<LongitudeDegrees>117.2169385</LongitudeDegrees>
</Position>
<AltitudeMeters>1305.8</AltitudeMeters>
<DistanceMeters>2792.3</DistanceMeters>
<Extensions>
<ns3:TPX>
<ns3:Speed>2.313</ns3:Speed>
</ns3:TPX>
</Extensions>
</Trackpoint>
<Trackpoint>
<Time>2026-09-03T00:51:26Z</Time>
<Position>
<LatitudeDegrees>43.2355576</LatitudeDegrees>
<LongitudeDegrees>117.2171188</LongitudeDegrees>
</Position>
<AltitudeMeters>1306.6</AltitudeMeters>
<DistanceMeters>2810.9</DistanceMeters>
<Extensions>
<ns3:TPX>
<ns3:Speed>2.37</ns3:Speed>
</ns3:TPX>
</Extensions>
</Trackpoint>
<Trackpoint>
<Time>2026-09-03T00:51:34Z</Time>
<Position>
<LatitudeDegrees>43.2354615</LatitudeDegrees>
<LongitudeDegrees>117.2172993</LongitudeDegrees>
</Position>
<AltitudeMeters>1307.6</AltitudeMeters>
<DistanceMeters>2829.0</DistanceMeters>
<Extensions>
<ns3:TPX>
<ns3:Speed>2.263</ns3:Speed>
</ns3:TPX>
</Extensions>
</Trackpoint>
<Trackpoint>
<Time>2026-09-03T00:51:36Z</Time>
<Position>
<LatitudeDegrees>43.2354359</LatitudeDegrees>
<LongitudeDegrees>117.2173422</LongitudeDegrees>
</Position>
<AltitudeMeters>1307.8</AltitudeMeters>
<DistanceMeters>2833.5</DistanceMeters>
<Extensions>
<ns3:TPX>
<ns3:Speed>2.258</ns3:Speed>
</ns3:TPX>
</Extensions>
</Trackpoint>
<Trackpoint>
<Time>2026-09-03T00:51:37Z</Time>
<Position>
<LatitudeDegrees>43.2354238</LatitudeDegrees>
<LongitudeDegrees>117.2173644</LongitudeDegrees>
</Position>
<AltitudeMeters>1308.0</AltitudeMeters>
<DistanceMeters>2835.8</DistanceMeters>
<Extensions>
<ns3:TPX>
<ns3:Speed>2.252</ns3:Speed>
</ns3:TPX>
</Extensions>
</Trackpoint>
<Trackpoint>
<Time>2026-09-03T00:51:45Z</Time>
<Position>
<LatitudeDegrees>43.2353235</LatitudeDegrees>
<LongitudeDegrees>117.2175415</LongitudeDegrees>
</Position>
<AltitudeMeters>1309.0</AltitudeMeters>
<DistanceMeters>2853.9</DistanceMeters>
<Extensions>
<ns3:TPX>
<ns3:Speed>2.267</ns3:Speed>
</ns3:TPX>
</Extensions>
</Trackpoint>
<Trackpoint>
<Time>2026-09-03T00:51:54Z</Time>
<Position>
<LatitudeDegrees>43.2352200</LatitudeDegrees>
<LongitudeDegrees>117.2177184</LongitudeDegrees>
</Position>
<AltitudeMeters>1309.6</AltitudeMeters>
<DistanceMeters>2872.2</DistanceMeters>
<Extensions>
<ns3:TPX>
<ns3:Speed>2.39</ns3:Speed>
</ns3:TPX>
</Extensions>
</Trackpoint>
<Trackpoint>
<Time>2026-09-03T00:52:02Z</Time>
<Position>
<LatitudeDegrees>43.2351080</LatitudeDegrees>
<LongitudeDegrees>117.2179043</LongitudeDegrees>
</Position>
<AltitudeMeters>1310.2</AltitudeMeters>
<DistanceMeters>2891.8</DistanceMeters>
<Extensions>
<ns3:TPX>
<ns3:Speed>2.612</ns3:Speed>
</ns3:TPX>
</Extensions>
</Trackpoint>
<Trackpoint>
<Time>2026-09-03T00:52:10Z</Time>
<Position>
<LatitudeDegrees>43.2349839</LatitudeDegrees>
<LongitudeDegrees>117.2181120</LongitudeDegrees>
</Position>
<AltitudeMeters>1310.8</AltitudeMeters>
<DistanceMeters>2913.5</DistanceMeters>
<Extensions>
<ns3:TPX>
<ns3:Speed>2.783</ns3:Speed>
</ns3:TPX>
</Extensions>
</Trackpoint>
<Trackpoint>
<Time>2026-09-03T00:52:18Z</Time>
<Position>
<LatitudeDegrees>43.2348457</LatitudeDegrees>
<LongitudeDegrees>117.2183463</LongitudeDegrees>
</Position>
<AltitudeMeters>1310.8</AltitudeMeters>
<DistanceMeters>2937.9</DistanceMeters>
<Extensions>
<ns3:TPX>
<ns3:Speed>3.161</ns3:Speed>
</ns3:TPX>
</Extensions>
</Trackpoint>
<Trackpoint>
<Time>2026-09-03T00:52:26Z</Time>
<Position>
<LatitudeDegrees>43.2347046</LatitudeDegrees>
<LongitudeDegrees>117.2185831</LongitudeDegrees>
</Position>
<AltitudeMeters>1310.8</AltitudeMeters>
<DistanceMeters>2962.6</DistanceMeters>
<Extensions>
<ns3:TPX>
<ns3:Speed>1.655</ns3:Speed>
</ns3:TPX>
</Extensions>
</Trackpoint>
<Trackpoint>
<Time>2026-09-03T00:52:28Z</Time>
<Position>
<LatitudeDegrees>43.2347189</LatitudeDegrees>
<LongitudeDegrees>117.2186075</LongitudeDegrees>
</Position>
<AltitudeMeters>1311.0</AltitudeMeters>
<DistanceMeters>2965.6</DistanceMeters>
<Extensions>
<ns3:TPX>
<ns3:Speed>2.097</ns3:Speed>
</ns3:TPX>
</Extensions>
</Trackpoint>
<Trackpoint>
<Time>2026-09-03T00:52:32Z</Time>
<Position>
<LatitudeDegrees>43.2347522</LatitudeDegrees>
<LongitudeDegrees>117.2185110</LongitudeDegrees>
</Position>
<AltitudeMeters>1310.8</AltitudeMeters>
<DistanceMeters>2974.6</DistanceMeters>
<Extensions>
<ns3:TPX>
<ns3:Speed>1.689</ns3:Speed>
</ns3:TPX>
</Extensions>
</Trackpoint>
<Trackpoint>
<Time>2026-09-03T00:52:36Z</Time>
<Position>
<LatitudeDegrees>43.2347626</LatitudeDegrees>
<LongitudeDegrees>117.2184608</LongitudeDegrees>
</Position>
<AltitudeMeters>1310.8</AltitudeMeters>
<DistanceMeters>2976.7</DistanceMeters>
<Extensions>
<ns3:TPX>
<ns3:Speed>0.0</ns3:Speed>
</ns3:TPX>
</Extensions>
</Trackpoint>
<Trackpoint>
<Time>2026-09-03T00:52:57Z</Time>
<Position>
<LatitudeDegrees>43.2347730</LatitudeDegrees>
<LongitudeDegrees>117.2184693</LongitudeDegrees>
</Position>
<AltitudeMeters>1310.8</AltitudeMeters>
<DistanceMeters>2977.5</DistanceMeters>
<Extensions>
<ns3:TPX>
<ns3:Speed>1.452</ns3:Speed>
</ns3:TPX>
</Extensions>
</Trackpoint>
<Trackpoint>
<Time>2026-09-03T00:53:05Z</Time>
<Position>
<LatitudeDegrees>43.2346388</LatitudeDegrees>
<LongitudeDegrees>117.2186759</LongitudeDegrees>
</Position>
<AltitudeMeters>1310.8</AltitudeMeters>
<DistanceMeters>2999.9</DistanceMeters>
<Extensions>
<ns3:TPX>
<ns3:Speed>3.8</ns3:Speed>
</ns3:TPX>
</Extensions>
</Trackpoint>
<Trackpoint>
<Time>2026-09-03T00:53:13Z</Time>
<Position>
<LatitudeDegrees>43.2344343</LatitudeDegrees>
<LongitudeDegrees>117.2189905</LongitudeDegrees>
</Position>
<AltitudeMeters>1310.0</AltitudeMeters>
<DistanceMeters>3034.0</DistanceMeters>
<Extensions>
<ns3:TPX>
<ns3:Speed>4.953</ns3:Speed>
</ns3:TPX>
</Extensions>
</Trackpoint>
<Trackpoint>
<Time>2026-09-03T00:53:21Z</Time>
<Position>
<LatitudeDegrees>43.2340713</LatitudeDegrees>
<LongitudeDegrees>117.2195372</LongitudeDegrees>
</Position>
<AltitudeMeters>1308.6</AltitudeMeters>
<DistanceMeters>3093.9</DistanceMeters>
<Extensions>
<ns3:TPX>
<ns3:Speed>7.488</ns3:Speed>
</ns3:TPX>
</Extensions>
</Trackpoint>
<Trackpoint>
<Time>2026-09-03T00:53:29Z</Time>
<Position>
<LatitudeDegrees>43.2336698</LatitudeDegrees>
<LongitudeDegrees>117.2201206</LongitudeDegrees>
</Position>
<AltitudeMeters>1306.8</AltitudeMeters>
<DistanceMeters>3158.8</DistanceMeters>
<Extensions>
<ns3:TPX>
<ns3:Speed>8.309</ns3:Speed>
</ns3:TPX>
</Extensions>
</Trackpoint>
<Trackpoint>
<Time>2026-09-03T00:53:37Z</Time>
<Position>
<LatitudeDegrees>43.2332829</LatitudeDegrees>
<LongitudeDegrees>117.2206776</LongitudeDegrees>
</Position>
<AltitudeMeters>1306.0</AltitudeMeters>
<DistanceMeters>3221.0</DistanceMeters>
<Extensions>
<ns3:TPX>
<ns3:Speed>6.901</ns3:Speed>
</ns3:TPX>
</Extensions>
</Trackpoint>
<Trackpoint>
<Time>2026-09-03T00:53:45Z</Time>
<Position>
<LatitudeDegrees>43.2329672</LatitudeDegrees>
<LongitudeDegrees>117.2211320</LongitudeDegrees>
</Position>
<AltitudeMeters>1306.2</AltitudeMeters>
<DistanceMeters>3271.8</DistanceMeters>
<Extensions>
<ns3:TPX>
<ns3:Speed>6.214</ns3:Speed>
</ns3:TPX>
</Extensions>
</Trackpoint>
<Trackpoint>
<Time>2026-09-03T00:53:53Z</Time>
<Position>
<LatitudeDegrees>43.2326740</LatitudeDegrees>
<LongitudeDegrees>117.2215627</LongitudeDegrees>
</Position>
<AltitudeMeters>1306.6</AltitudeMeters>
<DistanceMeters>3319.4</DistanceMeters>
<Extensions>
<ns3:TPX>
<ns3:Speed>5.31</ns3:Speed>
</ns3:TPX>
</Extensions>
</Trackpoint>
<Trackpoint>
<Time>2026-09-03T00:54:01Z</Time>
<Position>
<LatitudeDegrees>43.2324186</LatitudeDegrees>
<LongitudeDegrees>117.2219253</LongitudeDegrees>
</Position>
<AltitudeMeters>1307.0</AltitudeMeters>
<DistanceMeters>3360.2</DistanceMeters>
<Extensions>
<ns3:TPX>
<ns3:Speed>5.076</ns3:Speed>
</ns3:TPX>
</Extensions>
</Trackpoint>
<Trackpoint>
<Time>2026-09-03T00:54:09Z</Time>
<Position>
<LatitudeDegrees>43.2321707</LatitudeDegrees>
<LongitudeDegrees>117.2222837</LongitudeDegrees>
</Position>
<AltitudeMeters>1307.4</AltitudeMeters>
<DistanceMeters>3400.2</DistanceMeters>
<Extensions>
<ns3:TPX>
<ns3:Speed>4.836</ns3:Speed>
</ns3:TPX>
</Extensions>
</Trackpoint>
<Trackpoint>
<Time>2026-09-03T00:54:18Z</Time>
<Position>
<LatitudeDegrees>43.2319343</LatitudeDegrees>
<LongitudeDegrees>117.2226360</LongitudeDegrees>
</Position>
<AltitudeMeters>1307.8</AltitudeMeters>
<DistanceMeters>3438.9</DistanceMeters>
<Extensions>
<ns3:TPX>
<ns3:Speed>4.758</ns3:Speed>
</ns3:TPX>
</Extensions>
</Trackpoint>
<Trackpoint>
<Time>2026-09-03T00:54:26Z</Time>
<Position>
<LatitudeDegrees>43.2317034</LatitudeDegrees>
<LongitudeDegrees>117.2229851</LongitudeDegrees>
</Position>
<AltitudeMeters>1308.2</AltitudeMeters>
<DistanceMeters>3477.1</DistanceMeters>
<Extensions>
<ns3:TPX>
<ns3:Speed>4.785</ns3:Speed>
</ns3:TPX>
</Extensions>
</Trackpoint>
<Trackpoint>
<Time>2026-09-03T00:54:34Z</Time>
<Position>
<LatitudeDegrees>43.2314881</LatitudeDegrees>
<LongitudeDegrees>117.2233288</LongitudeDegrees>
</Position>
<AltitudeMeters>1308.2</AltitudeMeters>
<DistanceMeters>3513.7</DistanceMeters>
<Extensions>
<ns3:TPX>
<ns3:Speed>4.638</ns3:Speed>
</ns3:TPX>
</Extensions>
</Trackpoint>
<Trackpoint>
<Time>2026-09-03T00:54:42Z</Time>
<Position>
<LatitudeDegrees>43.2312764</LatitudeDegrees>
<LongitudeDegrees>117.2236699</LongitudeDegrees>
</Position>
<AltitudeMeters>1308.0</AltitudeMeters>
<DistanceMeters>3550.0</DistanceMeters>
<Extensions>
<ns3:TPX>
<ns3:Speed>4.631</ns3:Speed>
</ns3:TPX>
</Extensions>
</Trackpoint>
<Trackpoint>
<Time>2026-09-03T00:54:50Z</Time>
<Position>
<LatitudeDegrees>43.2310519</LatitudeDegrees>
<LongitudeDegrees>117.2240453</LongitudeDegrees>
</Position>
<AltitudeMeters>1307.4</AltitudeMeters>
<DistanceMeters>3589.3</DistanceMeters>
<Extensions>
<ns3:TPX>
<ns3:Speed>5.375</ns3:Speed>
</ns3:TPX>
</Extensions>
</Trackpoint>
<Trackpoint>
<Time>2026-09-03T00:54:58Z</Time>
<Position>
<LatitudeDegrees>43.2307898</LatitudeDegrees>
<LongitudeDegrees>117.2244948</LongitudeDegrees>
</Position>
<AltitudeMeters>1306.4</AltitudeMeters>
<DistanceMeters>3635.8</DistanceMeters>
<Extensions>
<ns3:TPX>
<ns3:Speed>5.957</ns3:Speed>
</ns3:TPX>
</Extensions>
</Trackpoint>
<Trackpoint>
<Time>2026-09-03T00:55:06Z</Time>
<Position>
<LatitudeDegrees>43.2305056</LatitudeDegrees>
<LongitudeDegrees>117.2250022</LongitudeDegrees>
</Position>
<AltitudeMeters>1304.8</AltitudeMeters>
<DistanceMeters>3687.6</DistanceMeters>
<Extensions>
<ns3:TPX>
<ns3:Speed>7.401</ns3:Speed>
</ns3:TPX>
</Extensions>
</Trackpoint>
<Trackpoint>
<Time>2026-09-03T00:55:14Z</Time>
<Position>
<LatitudeDegrees>43.2301518</LatitudeDegrees>
<LongitudeDegrees>117.2256583</LongitudeDegrees>
</Position>
<AltitudeMeters>1302.2</AltitudeMeters>
<DistanceMeters>3753.6</DistanceMeters>
<Extensions>
<ns3:TPX>
<ns3:Speed>8.925</ns3:Speed>
</ns3:TPX>
</Extensions>
</Trackpoint>
<Trackpoint>
<Time>2026-09-03T00:55:22Z</Time>
<Position>
<LatitudeDegrees>43.2297659</LatitudeDegrees>
<LongitudeDegrees>117.2263798</LongitudeDegrees>
</Position>
<AltitudeMeters>1299.8</AltitudeMeters>
<DistanceMeters>3826.0</DistanceMeters>
<Extensions>
<ns3:TPX>
<ns3:Speed>9.478</ns3:Speed>
</ns3:TPX>
</Extensions>
</Trackpoint>
<Trackpoint>
<Time>2026-09-03T00:55:24Z</Time>
<Position>
<LatitudeDegrees>43.2296628</LatitudeDegrees>
<LongitudeDegrees>117.2265694</LongitudeDegrees>
</Position>
<AltitudeMeters>1299.0</AltitudeMeters>
<DistanceMeters>3845.1</DistanceMeters>
<Extensions>
<ns3:TPX>
<ns3:Speed>9.741</ns3:Speed>
</ns3:TPX>
</Extensions>
</Trackpoint>
<Trackpoint>
<Time>2026-09-03T00:55:25Z</Time>
<Position>
<LatitudeDegrees>43.2296102</LatitudeDegrees>
<LongitudeDegrees>117.2266666</LongitudeDegrees>
</Position>
<AltitudeMeters>1298.6</AltitudeMeters>
<DistanceMeters>3854.9</DistanceMeters>
<Extensions>
<ns3:TPX>
<ns3:Speed>9.84</ns3:Speed>
</ns3:TPX>
</Extensions>
</Trackpoint>
<Trackpoint>
<Time>2026-09-03T00:55:26Z</Time>
<Position>
<LatitudeDegrees>43.2295301</LatitudeDegrees>
<LongitudeDegrees>117.2268159</LongitudeDegrees>
</Position>
<AltitudeMeters>1298.4</AltitudeMeters>
<DistanceMeters>3869.9</DistanceMeters>
<Extensions>
<ns3:TPX>
<ns3:Speed>10.034</ns3:Speed>
</ns3:TPX>
</Extensions>
</Trackpoint>
<Trackpoint>
<Time>2026-09-03T00:55:30Z</Time>
<Position>
<LatitudeDegrees>43.2293861</LatitudeDegrees>
<LongitudeDegrees>117.2270864</LongitudeDegrees>
</Position>
<AltitudeMeters>1296.6</AltitudeMeters>
<DistanceMeters>3897.0</DistanceMeters>
<Extensions>
<ns3:TPX>
<ns3:Speed>10.43</ns3:Speed>
</ns3:TPX>
</Extensions>
</Trackpoint>
<Trackpoint>
<Time>2026-09-03T00:55:31Z</Time>
<Position>
<LatitudeDegrees>43.2293104</LatitudeDegrees>
<LongitudeDegrees>117.2272271</LongitudeDegrees>
</Position>
<AltitudeMeters>1296.0</AltitudeMeters>
<DistanceMeters>3911.1</DistanceMeters>
<Extensions>
<ns3:TPX>
<ns3:Speed>10.581</ns3:Speed>
</ns3:TPX>
</Extensions>
</Trackpoint>
<Trackpoint>
<Time>2026-09-03T00:55:32Z</Time>
<Position>
<LatitudeDegrees>43.2292391</LatitudeDegrees>
<LongitudeDegrees>117.2273590</LongitudeDegrees>
</Position>
<AltitudeMeters>1295.6</AltitudeMeters>
<DistanceMeters>3924.4</DistanceMeters>
<Extensions>
<ns3:TPX>
<ns3:Speed>10.723</ns3:Speed>
</ns3:TPX>
</Extensions>
</Trackpoint>
<Trackpoint>
<Time>2026-09-03T00:55:40Z</Time>
<Position>
<LatitudeDegrees>43.2287455</LatitudeDegrees>
<LongitudeDegrees>117.2282797</LongitudeDegrees>
</Position>
<AltitudeMeters>1292.8</AltitudeMeters>
<DistanceMeters>4016.9</DistanceMeters>
<Extensions>
<ns3:TPX>
<ns3:Speed>9.807</ns3:Speed>
</ns3:TPX>
</Extensions>
</Trackpoint>
<Trackpoint>
<Time>2026-09-03T00:55:46Z</Time>
<Position>
<LatitudeDegrees>43.2284106</LatitudeDegrees>
<LongitudeDegrees>117.2288960</LongitudeDegrees>
</Position>
<AltitudeMeters>1290.6</AltitudeMeters>
<DistanceMeters>4079.1</DistanceMeters>
<Extensions>
<ns3:TPX>
<ns3:Speed>10.792</ns3:Speed>
</ns3:TPX>
</Extensions>
</Trackpoint>
<Trackpoint>
<Time>2026-09-03T00:55:47Z</Time>
<Position>
<LatitudeDegrees>43.2283516</LatitudeDegrees>
<LongitudeDegrees>117.2290010</LongitudeDegrees>
</Position>
<AltitudeMeters>1290.2</AltitudeMeters>
<DistanceMeters>4089.8</DistanceMeters>
<Extensions>
<ns3:TPX>
<ns3:Speed>10.927</ns3:Speed>
</ns3:TPX>
</Extensions>
</Trackpoint>
<Trackpoint>
<Time>2026-09-03T00:55:48Z</Time>
<Position>
<LatitudeDegrees>43.2282903</LatitudeDegrees>
<LongitudeDegrees>117.2291063</LongitudeDegrees>
</Position>
<AltitudeMeters>1290.0</AltitudeMeters>
<DistanceMeters>4100.7</DistanceMeters>
<Extensions>
<ns3:TPX>
<ns3:Speed>11.036</ns3:Speed>
</ns3:TPX>
</Extensions>
</Trackpoint>
<Trackpoint>
<Time>2026-09-03T00:55:49Z</Time>
<Position>
<LatitudeDegrees>43.2282274</LatitudeDegrees>
<LongitudeDegrees>117.2292124</LongitudeDegrees>
</Position>
<AltitudeMeters>1289.6</AltitudeMeters>
<DistanceMeters>4111.7</DistanceMeters>
<Extensions>
<ns3:TPX>
<ns3:Speed>11.174</ns3:Speed>
</ns3:TPX>
</Extensions>
</Trackpoint>
<Trackpoint>
<Time>2026-09-03T00:55:50Z</Time>
<Position>
<LatitudeDegrees>43.2281629</LatitudeDegrees>
<LongitudeDegrees>117.2293195</LongitudeDegrees>
</Position>
<AltitudeMeters>1289.2</AltitudeMeters>
<DistanceMeters>4123.0</DistanceMeters>
<Extensions>
<ns3:TPX>
<ns3:Speed>11.319</ns3:Speed>
</ns3:TPX>
</Extensions>
</Trackpoint>
<Trackpoint>
<Time>2026-09-03T00:55:51Z</Time>
<Position>
<LatitudeDegrees>43.2280969</LatitudeDegrees>
<LongitudeDegrees>117.2294268</LongitudeDegrees>
</Position>
<AltitudeMeters>1288.8</AltitudeMeters>
<DistanceMeters>4134.3</DistanceMeters>
<Extensions>
<ns3:TPX>
<ns3:Speed>11.366</ns3:Speed>
</ns3:TPX>
</Extensions>
</Trackpoint>
<Trackpoint>
<Time>2026-09-03T00:55:52Z</Time>
<Position>
<LatitudeDegrees>43.2280296</LatitudeDegrees>
<LongitudeDegrees>117.2295335</LongitudeDegrees>
</Position>
<AltitudeMeters>1288.2</AltitudeMeters>
<DistanceMeters>4145.8</DistanceMeters>
<Extensions>
<ns3:TPX>
<ns3:Speed>11.4</ns3:Speed>
</ns3:TPX>
</Extensions>
</Trackpoint>
<Trackpoint>
<Time>2026-09-03T00:55:58Z</Time>
<Position>
<LatitudeDegrees>43.2276073</LatitudeDegrees>
<LongitudeDegrees>117.2301425</LongitudeDegrees>
</Position>
<AltitudeMeters>1286.4</AltitudeMeters>
<DistanceMeters>4213.8</DistanceMeters>
<Extensions>
<ns3:TPX>
<ns3:Speed>11.191</ns3:Speed>
</ns3:TPX>
</Extensions>
</Trackpoint>
<Trackpoint>
<Time>2026-09-03T00:56:05Z</Time>
<Position>
<LatitudeDegrees>43.2270843</LatitudeDegrees>
<LongitudeDegrees>117.2307781</LongitudeDegrees>
</Position>
<AltitudeMeters>1284.0</AltitudeMeters>
<DistanceMeters>4291.3</DistanceMeters>
<Extensions>
<ns3:TPX>
<ns3:Speed>10.766</ns3:Speed>
</ns3:TPX>
</Extensions>
</Trackpoint>
<Trackpoint>
<Time>2026-09-03T00:56:13Z</Time>
<Position>
<LatitudeDegrees>43.2264936</LatitudeDegrees>
<LongitudeDegrees>117.2313988</LongitudeDegrees>
</Position>
<AltitudeMeters>1282.2</AltitudeMeters>
<DistanceMeters>4373.9</DistanceMeters>
<Extensions>
<ns3:TPX>
<ns3:Speed>9.977</ns3:Speed>
</ns3:TPX>
</Extensions>
</Trackpoint>
<Trackpoint>
<Time>2026-09-03T00:56:21Z</Time>
<Position>
<LatitudeDegrees>43.2259528</LatitudeDegrees>
<LongitudeDegrees>117.2319729</LongitudeDegrees>
</Position>
<AltitudeMeters>1281.0</AltitudeMeters>
<DistanceMeters>4449.8</DistanceMeters>
<Extensions>
<ns3:TPX>
<ns3:Speed>9.148</ns3:Speed>
</ns3:TPX>
</Extensions>
</Trackpoint>
<Trackpoint>
<Time>2026-09-03T00:56:29Z</Time>
<Position>
<LatitudeDegrees>43.2254805</LatitudeDegrees>
<LongitudeDegrees>117.2325462</LongitudeDegrees>
</Position>
<AltitudeMeters>1280.0</AltitudeMeters>
<DistanceMeters>4519.8</DistanceMeters>
<Extensions>
<ns3:TPX>
<ns3:Speed>8.549</ns3:Speed>
</ns3:TPX>
</Extensions>
</Trackpoint>
<Trackpoint>
<Time>2026-09-03T00:56:38Z</Time>
<Position>
<LatitudeDegrees>43.2250572</LatitudeDegrees>
<LongitudeDegrees>117.2331348</LongitudeDegrees>
</Position>
<AltitudeMeters>1279.0</AltitudeMeters>
<DistanceMeters>4586.7</DistanceMeters>
<Extensions>
<ns3:TPX>
<ns3:Speed>8.38</ns3:Speed>
</ns3:TPX>
</Extensions>
</Trackpoint>
<Trackpoint>
<Time>2026-09-03T00:56:46Z</Time>
<Position>
<LatitudeDegrees>43.2246355</LatitudeDegrees>
<LongitudeDegrees>117.2337840</LongitudeDegrees>
</Position>
<AltitudeMeters>1277.0</AltitudeMeters>
<DistanceMeters>4657.1</DistanceMeters>
<Extensions>
<ns3:TPX>
<ns3:Speed>9.559</ns3:Speed>
</ns3:TPX>
</Extensions>
</Trackpoint>
<Trackpoint>
<Time>2026-09-03T00:56:54Z</Time>
<Position>
<LatitudeDegrees>43.2241751</LatitudeDegrees>
<LongitudeDegrees>117.2345022</LongitudeDegrees>
</Position>
<AltitudeMeters>1274.2</AltitudeMeters>
<DistanceMeters>4734.5</DistanceMeters>
<Extensions>
<ns3:TPX>
<ns3:Speed>10.272</ns3:Speed>
</ns3:TPX>
</Extensions>
</Trackpoint>
<Trackpoint>
<Time>2026-09-03T00:57:02Z</Time>
<Position>
<LatitudeDegrees>43.2236560</LatitudeDegrees>
<LongitudeDegrees>117.2353165</LongitudeDegrees>
</Position>
<AltitudeMeters>1270.6</AltitudeMeters>
<DistanceMeters>4822.0</DistanceMeters>
<Extensions>
<ns3:TPX>
<ns3:Speed>11.331</ns3:Speed>
</ns3:TPX>
</Extensions>
</Trackpoint>
<Trackpoint>
<Time>2026-09-03T00:57:10Z</Time>
<Position>
<LatitudeDegrees>43.2232008</LatitudeDegrees>
<LongitudeDegrees>117.2360326</LongitudeDegrees>
</Position>
<AltitudeMeters>1267.0</AltitudeMeters>
<DistanceMeters>4898.8</DistanceMeters>
<Extensions>
<ns3:TPX>
<ns3:Speed>5.999</ns3:Speed>
</ns3:TPX>
</Extensions>
</Trackpoint>
<Trackpoint>
<Time>2026-09-03T00:57:18Z</Time>
<Position>
<LatitudeDegrees>43.2229072</LatitudeDegrees>
<LongitudeDegrees>117.2364870</LongitudeDegrees>
</Position>
<AltitudeMeters>1264.8</AltitudeMeters>
<DistanceMeters>4948.0</DistanceMeters>
<Extensions>
<ns3:TPX>
<ns3:Speed>7.36</ns3:Speed>
</ns3:TPX>
</Extensions>
</Trackpoint>
<Trackpoint>
<Time>2026-09-03T00:57:26Z</Time>
<Position>
<LatitudeDegrees>43.2225485</LatitudeDegrees>
<LongitudeDegrees>117.2370546</LongitudeDegrees>
</Position>
<AltitudeMeters>1263.4</AltitudeMeters>
<DistanceMeters>5008.7</DistanceMeters>
<Extensions>
<ns3:TPX>
<ns3:Speed>7.484</ns3:Speed>
</ns3:TPX>
</Extensions>
</Trackpoint>
<Trackpoint>
<Time>2026-09-03T00:57:34Z</Time>
<Position>
<LatitudeDegrees>43.2222013</LatitudeDegrees>
<LongitudeDegrees>117.2375969</LongitudeDegrees>
</Position>
<AltitudeMeters>1262.6</AltitudeMeters>
<DistanceMeters>5067.1</DistanceMeters>
<Extensions>
<ns3:TPX>
<ns3:Speed>7.19</ns3:Speed>
</ns3:TPX>
</Extensions>
</Trackpoint>
<Trackpoint>
<Time>2026-09-03T00:57:42Z</Time>
<Position>
<LatitudeDegrees>43.2218695</LatitudeDegrees>
<LongitudeDegrees>117.2381208</LongitudeDegrees>
</Position>
<AltitudeMeters>1262.0</AltitudeMeters>
<DistanceMeters>5123.3</DistanceMeters>
<Extensions>
<ns3:TPX>
<ns3:Speed>6.917</ns3:Speed>
</ns3:TPX>
</Extensions>
</Trackpoint>
<Trackpoint>
<Time>2026-09-03T00:57:50Z</Time>
<Position>
<LatitudeDegrees>43.2215575</LatitudeDegrees>
<LongitudeDegrees>117.2386095</LongitudeDegrees>
</Position>
<AltitudeMeters>1261.6</AltitudeMeters>
<DistanceMeters>5175.8</DistanceMeters>
<Extensions>
<ns3:TPX>
<ns3:Speed>6.315</ns3:Speed>
</ns3:TPX>
</Extensions>
</Trackpoint>
<Trackpoint>
<Time>2026-09-03T00:57:58Z</Time>
<Position>
<LatitudeDegrees>43.2212561</LatitudeDegrees>
<LongitudeDegrees>117.2390976</LongitudeDegrees>
</Position>
<AltitudeMeters>1261.4</AltitudeMeters>
<DistanceMeters>5227.6</DistanceMeters>
<Extensions>
<ns3:TPX>
<ns3:Speed>5.963</ns3:Speed>
</ns3:TPX>
</Extensions>
</Trackpoint>
<Trackpoint>
<Time>2026-09-03T00:58:06Z</Time>
<Position>
<LatitudeDegrees>43.2209819</LatitudeDegrees>
<LongitudeDegrees>117.2395555</LongitudeDegrees>
</Position>
<AltitudeMeters>1261.0</AltitudeMeters>
<DistanceMeters>5275.5</DistanceMeters>
<Extensions>
<ns3:TPX>
<ns3:Speed>5.79</ns3:Speed>
</ns3:TPX>
</Extensions>
</Trackpoint>
<Trackpoint>
<Time>2026-09-03T00:58:14Z</Time>
<Position>
<LatitudeDegrees>43.2207216</LatitudeDegrees>
<LongitudeDegrees>117.2400433</LongitudeDegrees>
</Position>
<AltitudeMeters>1260.4</AltitudeMeters>
<DistanceMeters>5324.4</DistanceMeters>
<Extensions>
<ns3:TPX>
<ns3:Speed>6.226</ns3:Speed>
</ns3:TPX>
</Extensions>
</Trackpoint>
<Trackpoint>
<Time>2026-09-03T00:58:22Z</Time>
<Position>
<LatitudeDegrees>43.2204598</LatitudeDegrees>
<LongitudeDegrees>117.2405716</LongitudeDegrees>
</Position>
<AltitudeMeters>1259.2</AltitudeMeters>
<DistanceMeters>5376.1</DistanceMeters>
<Extensions>
<ns3:TPX>
<ns3:Speed>6.954</ns3:Speed>
</ns3:TPX>
</Extensions>
</Trackpoint>
<Trackpoint>
<Time>2026-09-03T00:58:30Z</Time>
<Position>
<LatitudeDegrees>43.2202016</LatitudeDegrees>
<LongitudeDegrees>117.2411531</LongitudeDegrees>
</Position>
<AltitudeMeters>1258.2</AltitudeMeters>
<DistanceMeters>5431.2</DistanceMeters>
<Extensions>
<ns3:TPX>
<ns3:Speed>7.091</ns3:Speed>
</ns3:TPX>
</Extensions>
</Trackpoint>
<Trackpoint>
<Time>2026-09-03T00:58:38Z</Time>
<Position>
<LatitudeDegrees>43.2199552</LatitudeDegrees>
<LongitudeDegrees>117.2417719</LongitudeDegrees>
</Position>
<AltitudeMeters>1256.4</AltitudeMeters>
<DistanceMeters>5488.2</DistanceMeters>
<Extensions>
<ns3:TPX>
<ns3:Speed>7.667</ns3:Speed>
</ns3:TPX>
</Extensions>
</Trackpoint>
<Trackpoint>
<Time>2026-09-03T00:58:46Z</Time>
<Position>
<LatitudeDegrees>43.2196879</LatitudeDegrees>
<LongitudeDegrees>117.2424854</LongitudeDegrees>
</Position>
<AltitudeMeters>1254.6</AltitudeMeters>
<DistanceMeters>5553.1</DistanceMeters>
<Extensions>
<ns3:TPX>
<ns3:Speed>8.676</ns3:Speed>
</ns3:TPX>
</Extensions>
</Trackpoint>
<Trackpoint>
<Time>2026-09-03T00:58:54Z</Time>
<Position>
<LatitudeDegrees>43.2193939</LatitudeDegrees>
<LongitudeDegrees>117.2432827</LongitudeDegrees>
</Position>
<AltitudeMeters>1253.0</AltitudeMeters>
<DistanceMeters>5625.4</DistanceMeters>
<Extensions>
<ns3:TPX>
<ns3:Speed>9.355</ns3:Speed>
</ns3:TPX>
</Extensions>
</Trackpoint>
<Trackpoint>
<Time>2026-09-03T00:59:03Z</Time>
<Position>
<LatitudeDegrees>43.2190785</LatitudeDegrees>
<LongitudeDegrees>117.2441291</LongitudeDegrees>
</Position>
<AltitudeMeters>1251.0</AltitudeMeters>
<DistanceMeters>5702.3</DistanceMeters>
<Extensions>
<ns3:TPX>
<ns3:Speed>9.744</ns3:Speed>
</ns3:TPX>
</Extensions>
</Trackpoint>
<Trackpoint>
<Time>2026-09-03T00:59:11Z</Time>
<Position>
<LatitudeDegrees>43.2187463</LatitudeDegrees>
<LongitudeDegrees>117.2450215</LongitudeDegrees>
</Position>
<AltitudeMeters>1249.0</AltitudeMeters>
<DistanceMeters>5783.4</DistanceMeters>
<Extensions>
<ns3:TPX>
<ns3:Speed>10.458</ns3:Speed>
</ns3:TPX>
</Extensions>
</Trackpoint>
<Trackpoint>
<Time>2026-09-03T00:59:19Z</Time>
<Position>
<LatitudeDegrees>43.2183970</LatitudeDegrees>
<LongitudeDegrees>117.2459585</LongitudeDegrees>
</Position>
<AltitudeMeters>1247.2</AltitudeMeters>
<DistanceMeters>5868.5</DistanceMeters>
<Extensions>
<ns3:TPX>
<ns3:Speed>10.664</ns3:Speed>
</ns3:TPX>
</Extensions>
</Trackpoint>
<Trackpoint>
<Time>2026-09-03T00:59:27Z</Time>
<Position>
<LatitudeDegrees>43.2180415</LatitudeDegrees>
<LongitudeDegrees>117.2468675</LongitudeDegrees>
</Position>
<AltitudeMeters>1245.0</AltitudeMeters>
<DistanceMeters>5952.0</DistanceMeters>
<Extensions>
<ns3:TPX>
<ns3:Speed>10.126</ns3:Speed>
</ns3:TPX>
</Extensions>
</Trackpoint>
<Trackpoint>
<Time>2026-09-03T00:59:35Z</Time>
<Position>
<LatitudeDegrees>43.2176996</LatitudeDegrees>
<LongitudeDegrees>117.2476818</LongitudeDegrees>
</Position>
<AltitudeMeters>1244.2</AltitudeMeters>
<DistanceMeters>6028.0</DistanceMeters>
<Extensions>
<ns3:TPX>
<ns3:Speed>8.884</ns3:Speed>
</ns3:TPX>
</Extensions>
</Trackpoint>
<Trackpoint>
<Time>2026-09-03T00:59:43Z</Time>
<Position>
<LatitudeDegrees>43.2173945</LatitudeDegrees>
<LongitudeDegrees>117.2483632</LongitudeDegrees>
</Position>
<AltitudeMeters>1244.0</AltitudeMeters>
<DistanceMeters>6092.7</DistanceMeters>
<Extensions>
<ns3:TPX>
<ns3:Speed>7.462</ns3:Speed>
</ns3:TPX>
</Extensions>
</Trackpoint>
<Trackpoint>
<Time>2026-09-03T00:59:51Z</Time>
<Position>
<LatitudeDegrees>43.2171199</LatitudeDegrees>
<LongitudeDegrees>117.2489411</LongitudeDegrees>
</Position>
<AltitudeMeters>1243.8</AltitudeMeters>
<DistanceMeters>6148.5</DistanceMeters>
<Extensions>
<ns3:TPX>
<ns3:Speed>6.652</ns3:Speed>
</ns3:TPX>
</Extensions>
</Trackpoint>
<Trackpoint>
<Time>2026-09-03T00:59:59Z</Time>
<Position>
<LatitudeDegrees>43.2168621</LatitudeDegrees>
<LongitudeDegrees>117.2494594</LongitudeDegrees>
</Position>
<AltitudeMeters>1243.6</AltitudeMeters>
<DistanceMeters>6199.3</DistanceMeters>
<Extensions>
<ns3:TPX>
<ns3:Speed>6.207</ns3:Speed>
</ns3:TPX>
</Extensions>
</Trackpoint>
<Trackpoint>
<Time>2026-09-03T01:00:07Z</Time>
<Position>
<LatitudeDegrees>43.2166051</LatitudeDegrees>
<LongitudeDegrees>117.2499583</LongitudeDegrees>
</Position>
<AltitudeMeters>1242.8</AltitudeMeters>
<DistanceMeters>6248.7</DistanceMeters>
<Extensions>
<ns3:TPX>
<ns3:Speed>6.36</ns3:Speed>
</ns3:TPX>
</Extensions>
</Trackpoint>
<Trackpoint>
<Time>2026-09-03T01:00:15Z</Time>
<Position>
<LatitudeDegrees>43.2163216</LatitudeDegrees>
<LongitudeDegrees>117.2504795</LongitudeDegrees>
</Position>
<AltitudeMeters>1241.8</AltitudeMeters>
<DistanceMeters>6301.3</DistanceMeters>
<Extensions>
<ns3:TPX>
<ns3:Speed>6.829</ns3:Speed>
</ns3:TPX>
</Extensions>
</Trackpoint>
<Trackpoint>
<Time>2026-09-03T01:00:23Z</Time>
<Position>
<LatitudeDegrees>43.2159545</LatitudeDegrees>
<LongitudeDegrees>117.2511171</LongitudeDegrees>
</Position>
<AltitudeMeters>1240.8</AltitudeMeters>
<DistanceMeters>6367.0</DistanceMeters>
<Extensions>
<ns3:TPX>
<ns3:Speed>7.607</ns3:Speed>
</ns3:TPX>
</Extensions>
</Trackpoint>
<Trackpoint>
<Time>2026-09-03T01:00:31Z</Time>
<Position>
<LatitudeDegrees>43.2155963</LatitudeDegrees>
<LongitudeDegrees>117.2517304</LongitudeDegrees>
</Position>
<AltitudeMeters>1239.6</AltitudeMeters>
<DistanceMeters>6430.6</DistanceMeters>
<Extensions>
<ns3:TPX>
<ns3:Speed>8.122</ns3:Speed>
</ns3:TPX>
</Extensions>
</Trackpoint>
<Trackpoint>
<Time>2026-09-03T01:00:39Z</Time>
<Position>
<LatitudeDegrees>43.2152233</LatitudeDegrees>
<LongitudeDegrees>117.2523697</LongitudeDegrees>
</Position>
<AltitudeMeters>1238.2</AltitudeMeters>
<DistanceMeters>6496.9</DistanceMeters>
<Extensions>
<ns3:TPX>
<ns3:Speed>8.608</ns3:Speed>
</ns3:TPX>
</Extensions>
</Trackpoint>
<Trackpoint>
<Time>2026-09-03T01:00:47Z</Time>
<Position>
<LatitudeDegrees>43.2148278</LatitudeDegrees>
<LongitudeDegrees>117.2530513</LongitudeDegrees>
</Position>
<AltitudeMeters>1236.8</AltitudeMeters>
<DistanceMeters>6567.3</DistanceMeters>
<Extensions>
<ns3:TPX>
<ns3:Speed>9.004</ns3:Speed>
</ns3:TPX>
</Extensions>
</Trackpoint>
<Trackpoint>
<Time>2026-09-03T01:00:55Z</Time>
<Position>
<LatitudeDegrees>43.2144188</LatitudeDegrees>
<LongitudeDegrees>117.2537620</LongitudeDegrees>
</Position>
<AltitudeMeters>1235.2</AltitudeMeters>
<DistanceMeters>6640.6</DistanceMeters>
<Extensions>
<ns3:TPX>
<ns3:Speed>9.212</ns3:Speed>
</ns3:TPX>
</Extensions>
</Trackpoint>
<Trackpoint>
<Time>2026-09-03T01:01:03Z</Time>
<Position>
<LatitudeDegrees>43.2140051</LatitudeDegrees>
<LongitudeDegrees>117.2544775</LongitudeDegrees>
</Position>
<AltitudeMeters>1234.0</AltitudeMeters>
<DistanceMeters>6714.5</DistanceMeters>
<Extensions>
<ns3:TPX>
<ns3:Speed>9.232</ns3:Speed>
</ns3:TPX>
</Extensions>
</Trackpoint>
<Trackpoint>
<Time>2026-09-03T01:01:11Z</Time>
<Position>
<LatitudeDegrees>43.2136008</LatitudeDegrees>
<LongitudeDegrees>117.2551892</LongitudeDegrees>
</Position>
<AltitudeMeters>1232.8</AltitudeMeters>
<DistanceMeters>6787.5</DistanceMeters>
<Extensions>
<ns3:TPX>
<ns3:Speed>9.106</ns3:Speed>
</ns3:TPX>
</Extensions>
</Trackpoint>
<Trackpoint>
<Time>2026-09-03T01:01:19Z</Time>
<Position>
<LatitudeDegrees>43.2132288</LatitudeDegrees>
<LongitudeDegrees>117.2559183</LongitudeDegrees>
</Position>
<AltitudeMeters>1231.6</AltitudeMeters>
<DistanceMeters>6859.5</DistanceMeters>
<Extensions>
<ns3:TPX>
<ns3:Speed>8.912</ns3:Speed>
</ns3:TPX>
</Extensions>
</Trackpoint>
<Trackpoint>
<Time>2026-09-03T01:01:28Z</Time>
<Position>
<LatitudeDegrees>43.2129073</LatitudeDegrees>
<LongitudeDegrees>117.2566692</LongitudeDegrees>
</Position>
<AltitudeMeters>1230.6</AltitudeMeters>
<DistanceMeters>6930.0</DistanceMeters>
<Extensions>
<ns3:TPX>
<ns3:Speed>8.82</ns3:Speed>
</ns3:TPX>
</Extensions>
</Trackpoint>
<Trackpoint>
<Time>2026-09-03T01:01:36Z</Time>
<Position>
<LatitudeDegrees>43.2126397</LatitudeDegrees>
<LongitudeDegrees>117.2574409</LongitudeDegrees>
</Position>
<AltitudeMeters>1229.6</AltitudeMeters>
<DistanceMeters>6999.1</DistanceMeters>
<Extensions>
<ns3:TPX>
<ns3:Speed>8.445</ns3:Speed>
</ns3:TPX>
</Extensions>
</Trackpoint>
<Trackpoint>
<Time>2026-09-03T01:01:44Z</Time>
<Position>
<LatitudeDegrees>43.2124155</LatitudeDegrees>
<LongitudeDegrees>117.2582063</LongitudeDegrees>
</Position>
<AltitudeMeters>1228.8</AltitudeMeters>
<DistanceMeters>7065.9</DistanceMeters>
<Extensions>
<ns3:TPX>
<ns3:Speed>8.314</ns3:Speed>
</ns3:TPX>
</Extensions>
</Trackpoint>
<Trackpoint>
<Time>2026-09-03T01:01:52Z</Time>
<Position>
<LatitudeDegrees>43.2122423</LatitudeDegrees>
<LongitudeDegrees>117.2589765</LongitudeDegrees>
</Position>
<AltitudeMeters>1228.0</AltitudeMeters>
<DistanceMeters>7131.1</DistanceMeters>
<Extensions>
<ns3:TPX>
<ns3:Speed>8.137</ns3:Speed>
</ns3:TPX>
</Extensions>
</Trackpoint>
<Trackpoint>
<Time>2026-09-03T01:02:00Z</Time>
<Position>
<LatitudeDegrees>43.2120950</LatitudeDegrees>
<LongitudeDegrees>117.2597411</LongitudeDegrees>
</Position>
<AltitudeMeters>1227.4</AltitudeMeters>
<DistanceMeters>7195.1</DistanceMeters>
<Extensions>
<ns3:TPX>
<ns3:Speed>7.894</ns3:Speed>
</ns3:TPX>
</Extensions>
</Trackpoint>
<Trackpoint>
<Time>2026-09-03T01:02:08Z</Time>
<Position>
<LatitudeDegrees>43.2119672</LatitudeDegrees>
<LongitudeDegrees>117.2604844</LongitudeDegrees>
</Position>
<AltitudeMeters>1226.6</AltitudeMeters>
<DistanceMeters>7256.9</DistanceMeters>
<Extensions>
<ns3:TPX>
<ns3:Speed>7.712</ns3:Speed>
</ns3:TPX>
</Extensions>
</Trackpoint>
<Trackpoint>
<Time>2026-09-03T01:02:16Z</Time>
<Position>
<LatitudeDegrees>43.2118501</LatitudeDegrees>
<LongitudeDegrees>117.2612183</LongitudeDegrees>
</Position>
<AltitudeMeters>1225.8</AltitudeMeters>
<DistanceMeters>7317.6</DistanceMeters>
<Extensions>
<ns3:TPX>
<ns3:Speed>7.503</ns3:Speed>
</ns3:TPX>
</Extensions>
</Trackpoint>
<Trackpoint>
<Time>2026-09-03T01:02:24Z</Time>
<Position>
<LatitudeDegrees>43.2117423</LatitudeDegrees>
<LongitudeDegrees>117.2619377</LongitudeDegrees>
</Position>
<AltitudeMeters>1225.0</AltitudeMeters>
<DistanceMeters>7377.1</DistanceMeters>
<Extensions>
<ns3:TPX>
<ns3:Speed>7.324</ns3:Speed>
</ns3:TPX>
</Extensions>
</Trackpoint>
<Trackpoint>
<Time>2026-09-03T01:02:32Z</Time>
<Position>
<LatitudeDegrees>43.2116475</LatitudeDegrees>
<LongitudeDegrees>117.2626385</LongitudeDegrees>
</Position>
<AltitudeMeters>1224.2</AltitudeMeters>
<DistanceMeters>7434.7</DistanceMeters>
<Extensions>
<ns3:TPX>
<ns3:Speed>7.227</ns3:Speed>
</ns3:TPX>
</Extensions>
</Trackpoint>
<Trackpoint>
<Time>2026-09-03T01:02:40Z</Time>
<Position>
<LatitudeDegrees>43.2115635</LatitudeDegrees>
<LongitudeDegrees>117.2633529</LongitudeDegrees>
</Position>
<AltitudeMeters>1223.6</AltitudeMeters>
<DistanceMeters>7493.3</DistanceMeters>
<Extensions>
<ns3:TPX>
<ns3:Speed>7.319</ns3:Speed>
</ns3:TPX>
</Extensions>
</Trackpoint>
<Trackpoint>
<Time>2026-09-03T01:02:48Z</Time>
<Position>
<LatitudeDegrees>43.2114862</LatitudeDegrees>
<LongitudeDegrees>117.2640827</LongitudeDegrees>
</Position>
<AltitudeMeters>1222.8</AltitudeMeters>
<DistanceMeters>7552.9</DistanceMeters>
<Extensions>
<ns3:TPX>
<ns3:Speed>7.348</ns3:Speed>
</ns3:TPX>
</Extensions>
</Trackpoint>
<Trackpoint>
<Time>2026-09-03T01:02:56Z</Time>
<Position>
<LatitudeDegrees>43.2114242</LatitudeDegrees>
<LongitudeDegrees>117.2648071</LongitudeDegrees>
</Position>
<AltitudeMeters>1222.2</AltitudeMeters>
<DistanceMeters>7612.0</DistanceMeters>
<Extensions>
<ns3:TPX>
<ns3:Speed>6.381</ns3:Speed>
</ns3:TPX>
</Extensions>
</Trackpoint>
<Trackpoint>
<Time>2026-09-03T01:03:04Z</Time>
<Position>
<LatitudeDegrees>43.2113529</LatitudeDegrees>
<LongitudeDegrees>117.2654362</LongitudeDegrees>
</Position>
<AltitudeMeters>1221.6</AltitudeMeters>
<DistanceMeters>7663.5</DistanceMeters>
<Extensions>
<ns3:TPX>
<ns3:Speed>6.634</ns3:Speed>
</ns3:TPX>
</Extensions>
</Trackpoint>
<Trackpoint>
<Time>2026-09-03T01:03:12Z</Time>
<Position>
<LatitudeDegrees>43.2113061</LatitudeDegrees>
<LongitudeDegrees>117.2660871</LongitudeDegrees>
</Position>
<AltitudeMeters>1221.0</AltitudeMeters>
<DistanceMeters>7716.4</DistanceMeters>
<Extensions>
<ns3:TPX>
<ns3:Speed>6.555</ns3:Speed>
</ns3:TPX>
</Extensions>
</Trackpoint>
<Trackpoint>
<Time>2026-09-03T01:03:20Z</Time>
<Position>
<LatitudeDegrees>43.2112610</LatitudeDegrees>
<LongitudeDegrees>117.2667607</LongitudeDegrees>
</Position>
<AltitudeMeters>1220.4</AltitudeMeters>
<DistanceMeters>7771.2</DistanceMeters>
<Extensions>
<ns3:TPX>
<ns3:Speed>6.996</ns3:Speed>
</ns3:TPX>
</Extensions>
</Trackpoint>
<Trackpoint>
<Time>2026-09-03T01:03:28Z</Time>
<Position>
<LatitudeDegrees>43.2112210</LatitudeDegrees>
<LongitudeDegrees>117.2674488</LongitudeDegrees>
</Position>
<AltitudeMeters>1219.8</AltitudeMeters>
<DistanceMeters>7827.0</DistanceMeters>
<Extensions>
<ns3:TPX>
<ns3:Speed>6.985</ns3:Speed>
</ns3:TPX>
</Extensions>
</Trackpoint>
<Trackpoint>
<Time>2026-09-03T01:03:36Z</Time>
<Position>
<LatitudeDegrees>43.2111836</LatitudeDegrees>
<LongitudeDegrees>117.2681347</LongitudeDegrees>
</Position>
<AltitudeMeters>1218.8</AltitudeMeters>
<DistanceMeters>7882.7</DistanceMeters>
<Extensions>
<ns3:TPX>
<ns3:Speed>7.136</ns3:Speed>
</ns3:TPX>
</Extensions>
</Trackpoint>
<Trackpoint>
<Time>2026-09-03T01:03:45Z</Time>
<Position>
<LatitudeDegrees>43.2111469</LatitudeDegrees>
<LongitudeDegrees>117.2688472</LongitudeDegrees>
</Position>
<AltitudeMeters>1218.4</AltitudeMeters>
<DistanceMeters>7940.4</DistanceMeters>
<Extensions>
<ns3:TPX>
<ns3:Speed>7.175</ns3:Speed>
</ns3:TPX>
</Extensions>
</Trackpoint>
<Trackpoint>
<Time>2026-09-03T01:03:53Z</Time>
<Position>
<LatitudeDegrees>43.2111074</LatitudeDegrees>
<LongitudeDegrees>117.2695451</LongitudeDegrees>
</Position>
<AltitudeMeters>1218.0</AltitudeMeters>
<DistanceMeters>7997.1</DistanceMeters>
<Extensions>
<ns3:TPX>
<ns3:Speed>7.064</ns3:Speed>
</ns3:TPX>
</Extensions>
</Trackpoint>
<Trackpoint>
<Time>2026-09-03T01:04:01Z</Time>
<Position>
<LatitudeDegrees>43.2110710</LatitudeDegrees>
<LongitudeDegrees>117.2702486</LongitudeDegrees>
</Position>
<AltitudeMeters>1217.0</AltitudeMeters>
<DistanceMeters>8054.1</DistanceMeters>
<Extensions>
<ns3:TPX>
<ns3:Speed>7.264</ns3:Speed>
</ns3:TPX>
</Extensions>
</Trackpoint>
<Trackpoint>
<Time>2026-09-03T01:04:09Z</Time>
<Position>
<LatitudeDegrees>43.2110340</LatitudeDegrees>
<LongitudeDegrees>117.2709748</LongitudeDegrees>
</Position>
<AltitudeMeters>1216.2</AltitudeMeters>
<DistanceMeters>8113.0</DistanceMeters>
<Extensions>
<ns3:TPX>
<ns3:Speed>7.565</ns3:Speed>
</ns3:TPX>
</Extensions>
</Trackpoint>
<Trackpoint>
<Time>2026-09-03T01:04:17Z</Time>
<Position>
<LatitudeDegrees>43.2109915</LatitudeDegrees>
<LongitudeDegrees>117.2717352</LongitudeDegrees>
</Position>
<AltitudeMeters>1215.0</AltitudeMeters>
<DistanceMeters>8174.7</DistanceMeters>
<Extensions>
<ns3:TPX>
<ns3:Speed>7.944</ns3:Speed>
</ns3:TPX>
</Extensions>
</Trackpoint>
<Trackpoint>
<Time>2026-09-03T01:04:25Z</Time>
<Position>
<LatitudeDegrees>43.2109463</LatitudeDegrees>
<LongitudeDegrees>117.2725330</LongitudeDegrees>
</Position>
<AltitudeMeters>1213.6</AltitudeMeters>
<DistanceMeters>8239.5</DistanceMeters>
<Extensions>
<ns3:TPX>
<ns3:Speed>8.306</ns3:Speed>
</ns3:TPX>
</Extensions>
</Trackpoint>
<Trackpoint>
<Time>2026-09-03T01:04:33Z</Time>
<Position>
<LatitudeDegrees>43.2109020</LatitudeDegrees>
<LongitudeDegrees>117.2733665</LongitudeDegrees>
</Position>
<AltitudeMeters>1212.2</AltitudeMeters>
<DistanceMeters>8307.1</DistanceMeters>
<Extensions>
<ns3:TPX>
<ns3:Speed>8.616</ns3:Speed>
</ns3:TPX>
</Extensions>
</Trackpoint>
<Trackpoint>
<Time>2026-09-03T01:04:41Z</Time>
<Position>
<LatitudeDegrees>43.2108616</LatitudeDegrees>
<LongitudeDegrees>117.2742229</LongitudeDegrees>
</Position>
<AltitudeMeters>1210.8</AltitudeMeters>
<DistanceMeters>8376.5</DistanceMeters>
<Extensions>
<ns3:TPX>
<ns3:Speed>8.701</ns3:Speed>
</ns3:TPX>
</Extensions>
</Trackpoint>
<Trackpoint>
<Time>2026-09-03T01:04:49Z</Time>
<Position>
<LatitudeDegrees>43.2108141</LatitudeDegrees>
<LongitudeDegrees>117.2750586</LongitudeDegrees>
</Position>
<AltitudeMeters>1209.4</AltitudeMeters>
<DistanceMeters>8444.3</DistanceMeters>
<Extensions>
<ns3:TPX>
<ns3:Speed>8.264</ns3:Speed>
</ns3:TPX>
</Extensions>
</Trackpoint>
<Trackpoint>
<Time>2026-09-03T01:04:57Z</Time>
<Position>
<LatitudeDegrees>43.2107683</LatitudeDegrees>
<LongitudeDegrees>117.2758512</LongitudeDegrees>
</Position>
<AltitudeMeters>1208.6</AltitudeMeters>
<DistanceMeters>8508.7</DistanceMeters>
<Extensions>
<ns3:TPX>
<ns3:Speed>7.841</ns3:Speed>
</ns3:TPX>
</Extensions>
</Trackpoint>
<Trackpoint>
<Time>2026-09-03T01:05:05Z</Time>
<Position>
<LatitudeDegrees>43.2107267</LatitudeDegrees>
<LongitudeDegrees>117.2766243</LongitudeDegrees>
</Position>
<AltitudeMeters>1208.0</AltitudeMeters>
<DistanceMeters>8571.4</DistanceMeters>
<Extensions>
<ns3:TPX>
<ns3:Speed>8.156</ns3:Speed>
</ns3:TPX>
</Extensions>
</Trackpoint>
<Trackpoint>
<Time>2026-09-03T01:05:13Z</Time>
<Position>
<LatitudeDegrees>43.2106777</LatitudeDegrees>
<LongitudeDegrees>117.2775082</LongitudeDegrees>
</Position>
<AltitudeMeters>1207.4</AltitudeMeters>
<DistanceMeters>8643.1</DistanceMeters>
<Extensions>
<ns3:TPX>
<ns3:Speed>7.761</ns3:Speed>
</ns3:TPX>
</Extensions>
</Trackpoint>
<Trackpoint>
<Time>2026-09-03T01:05:21Z</Time>
<Position>
<LatitudeDegrees>43.2106388</LatitudeDegrees>
<LongitudeDegrees>117.2782594</LongitudeDegrees>
</Position>
<AltitudeMeters>1206.8</AltitudeMeters>
<DistanceMeters>8704.0</DistanceMeters>
<Extensions>
<ns3:TPX>
<ns3:Speed>7.172</ns3:Speed>
</ns3:TPX>
</Extensions>
</Trackpoint>
<Trackpoint>
<Time>2026-09-03T01:05:29Z</Time>
<Position>
<LatitudeDegrees>43.2106035</LatitudeDegrees>
<LongitudeDegrees>117.2789553</LongitudeDegrees>
</Position>
<AltitudeMeters>1206.2</AltitudeMeters>
<DistanceMeters>8760.5</DistanceMeters>
<Extensions>
<ns3:TPX>
<ns3:Speed>6.967</ns3:Speed>
</ns3:TPX>
</Extensions>
</Trackpoint>
<Trackpoint>
<Time>2026-09-03T01:05:37Z</Time>
<Position>
<LatitudeDegrees>43.2105666</LatitudeDegrees>
<LongitudeDegrees>117.2796493</LongitudeDegrees>
</Position>
<AltitudeMeters>1205.6</AltitudeMeters>
<DistanceMeters>8816.8</DistanceMeters>
<Extensions>
<ns3:TPX>
<ns3:Speed>7.082</ns3:Speed>
</ns3:TPX>
</Extensions>
</Trackpoint>
<Trackpoint>
<Time>2026-09-03T01:05:45Z</Time>
<Position>
<LatitudeDegrees>43.2105286</LatitudeDegrees>
<LongitudeDegrees>117.2803337</LongitudeDegrees>
</Position>
<AltitudeMeters>1205.0</AltitudeMeters>
<DistanceMeters>8872.3</DistanceMeters>
<Extensions>
<ns3:TPX>
<ns3:Speed>7.072</ns3:Speed>
</ns3:TPX>
</Extensions>
</Trackpoint>
<Trackpoint>
<Time>2026-09-03T01:05:53Z</Time>
<Position>
<LatitudeDegrees>43.2104921</LatitudeDegrees>
<LongitudeDegrees>117.2810179</LongitudeDegrees>
</Position>
<AltitudeMeters>1204.6</AltitudeMeters>
<DistanceMeters>8927.8</DistanceMeters>
<Extensions>
<ns3:TPX>
<ns3:Speed>6.621</ns3:Speed>
</ns3:TPX>
</Extensions>
</Trackpoint>
<Trackpoint>
<Time>2026-09-03T01:06:01Z</Time>
<Position>
<LatitudeDegrees>43.2104606</LatitudeDegrees>
<LongitudeDegrees>117.2816632</LongitudeDegrees>
</Position>
<AltitudeMeters>1204.0</AltitudeMeters>
<DistanceMeters>8980.1</DistanceMeters>
<Extensions>
<ns3:TPX>
<ns3:Speed>6.682</ns3:Speed>
</ns3:TPX>
</Extensions>
</Trackpoint>
<Trackpoint>
<Time>2026-09-03T01:06:10Z</Time>
<Position>
<LatitudeDegrees>43.2104199</LatitudeDegrees>
<LongitudeDegrees>117.2823226</LongitudeDegrees>
</Position>
<AltitudeMeters>1203.6</AltitudeMeters>
<DistanceMeters>9033.7</DistanceMeters>
<Extensions>
<ns3:TPX>
<ns3:Speed>6.51</ns3:Speed>
</ns3:TPX>
</Extensions>
</Trackpoint>
<Trackpoint>
<Time>2026-09-03T01:06:18Z</Time>
<Position>
<LatitudeDegrees>43.2103857</LatitudeDegrees>
<LongitudeDegrees>117.2829630</LongitudeDegrees>
</Position>
<AltitudeMeters>1203.0</AltitudeMeters>
<DistanceMeters>9085.6</DistanceMeters>
<Extensions>
<ns3:TPX>
<ns3:Speed>6.686</ns3:Speed>
</ns3:TPX>
</Extensions>
</Trackpoint>
<Trackpoint>
<Time>2026-09-03T01:06:26Z</Time>
<Position>
<LatitudeDegrees>43.2103518</LatitudeDegrees>
<LongitudeDegrees>117.2836300</LongitudeDegrees>
</Position>
<AltitudeMeters>1202.4</AltitudeMeters>
<DistanceMeters>9139.7</DistanceMeters>
<Extensions>
<ns3:TPX>
<ns3:Speed>6.974</ns3:Speed>
</ns3:TPX>
</Extensions>
</Trackpoint>
<Trackpoint>
<Time>2026-09-03T01:06:34Z</Time>
<Position>
<LatitudeDegrees>43.2103186</LatitudeDegrees>
<LongitudeDegrees>117.2842963</LongitudeDegrees>
</Position>
<AltitudeMeters>1202.0</AltitudeMeters>
<DistanceMeters>9193.7</DistanceMeters>
<Extensions>
<ns3:TPX>
<ns3:Speed>6.793</ns3:Speed>
</ns3:TPX>
</Extensions>
</Trackpoint>
<Trackpoint>
<Time>2026-09-03T01:06:42Z</Time>
<Position>
<LatitudeDegrees>43.2102809</LatitudeDegrees>
<LongitudeDegrees>117.2849762</LongitudeDegrees>
</Position>
<AltitudeMeters>1201.4</AltitudeMeters>
<DistanceMeters>9248.9</DistanceMeters>
<Extensions>
<ns3:TPX>
<ns3:Speed>7.005</ns3:Speed>
</ns3:TPX>
</Extensions>
</Trackpoint>
<Trackpoint>
<Time>2026-09-03T01:06:50Z</Time>
<Position>
<LatitudeDegrees>43.2102454</LatitudeDegrees>
<LongitudeDegrees>117.2856588</LongitudeDegrees>
</Position>
<AltitudeMeters>1201.0</AltitudeMeters>
<DistanceMeters>9304.3</DistanceMeters>
<Extensions>
<ns3:TPX>
<ns3:Speed>6.855</ns3:Speed>
</ns3:TPX>
</Extensions>
</Trackpoint>
<Trackpoint>
<Time>2026-09-03T01:06:58Z</Time>
<Position>
<LatitudeDegrees>43.2102199</LatitudeDegrees>
<LongitudeDegrees>117.2863441</LongitudeDegrees>
</Position>
<AltitudeMeters>1200.6</AltitudeMeters>
<DistanceMeters>9359.8</DistanceMeters>
<Extensions>
<ns3:TPX>
<ns3:Speed>6.973</ns3:Speed>
</ns3:TPX>
</Extensions>
</Trackpoint>
<Trackpoint>
<Time>2026-09-03T01:07:06Z</Time>
<Position>
<LatitudeDegrees>43.2102201</LatitudeDegrees>
<LongitudeDegrees>117.2870238</LongitudeDegrees>
</Position>
<AltitudeMeters>1200.0</AltitudeMeters>
<DistanceMeters>9414.8</DistanceMeters>
<Extensions>
<ns3:TPX>
<ns3:Speed>6.824</ns3:Speed>
</ns3:TPX>
</Extensions>
</Trackpoint>
<Trackpoint>
<Time>2026-09-03T01:07:14Z</Time>
<Position>
<LatitudeDegrees>43.2102422</LatitudeDegrees>
<LongitudeDegrees>117.2876951</LongitudeDegrees>
</Position>
<AltitudeMeters>1199.4</AltitudeMeters>
<DistanceMeters>9469.1</DistanceMeters>
<Extensions>
<ns3:TPX>
<ns3:Speed>6.98</ns3:Speed>
</ns3:TPX>
</Extensions>
</Trackpoint>
<Trackpoint>
<Time>2026-09-03T01:07:22Z</Time>
<Position>
<LatitudeDegrees>43.2102779</LatitudeDegrees>
<LongitudeDegrees>117.2883760</LongitudeDegrees>
</Position>
<AltitudeMeters>1198.8</AltitudeMeters>
<DistanceMeters>9524.4</DistanceMeters>
<Extensions>
<ns3:TPX>
<ns3:Speed>6.748</ns3:Speed>
</ns3:TPX>
</Extensions>
</Trackpoint>
<Trackpoint>
<Time>2026-09-03T01:07:30Z</Time>
<Position>
<LatitudeDegrees>43.2103178</LatitudeDegrees>
<LongitudeDegrees>117.2891201</LongitudeDegrees>
</Position>
<AltitudeMeters>1198.4</AltitudeMeters>
<DistanceMeters>9584.7</DistanceMeters>
<Extensions>
<ns3:TPX>
<ns3:Speed>6.991</ns3:Speed>
</ns3:TPX>
</Extensions>
</Trackpoint>
<Trackpoint>
<Time>2026-09-03T01:07:38Z</Time>
<Position>
<LatitudeDegrees>43.2103555</LatitudeDegrees>
<LongitudeDegrees>117.2898166</LongitudeDegrees>
</Position>
<AltitudeMeters>1197.8</AltitudeMeters>
<DistanceMeters>9641.2</DistanceMeters>
<Extensions>
<ns3:TPX>
<ns3:Speed>7.017</ns3:Speed>
</ns3:TPX>
</Extensions>
</Trackpoint>
<Trackpoint>
<Time>2026-09-03T01:07:46Z</Time>
<Position>
<LatitudeDegrees>43.2103932</LatitudeDegrees>
<LongitudeDegrees>117.2904919</LongitudeDegrees>
</Position>
<AltitudeMeters>1197.4</AltitudeMeters>
<DistanceMeters>9696.0</DistanceMeters>
<Extensions>
<ns3:TPX>
<ns3:Speed>6.855</ns3:Speed>
</ns3:TPX>
</Extensions>
</Trackpoint>
<Trackpoint>
<Time>2026-09-03T01:07:54Z</Time>
<Position>
<LatitudeDegrees>43.2104311</LatitudeDegrees>
<LongitudeDegrees>117.2911709</LongitudeDegrees>
</Position>
<AltitudeMeters>1197.0</AltitudeMeters>
<DistanceMeters>9751.1</DistanceMeters>
<Extensions>
<ns3:TPX>
<ns3:Speed>6.934</ns3:Speed>
</ns3:TPX>
</Extensions>
</Trackpoint>
<Trackpoint>
<Time>2026-09-03T01:08:02Z</Time>
<Position>
<LatitudeDegrees>43.2104709</LatitudeDegrees>
<LongitudeDegrees>117.2918507</LongitudeDegrees>
</Position>
<AltitudeMeters>1196.4</AltitudeMeters>
<DistanceMeters>9806.3</DistanceMeters>
<Extensions>
<ns3:TPX>
<ns3:Speed>6.684</ns3:Speed>
</ns3:TPX>
</Extensions>
</Trackpoint>
<Trackpoint>
<Time>2026-09-03T01:08:10Z</Time>
<Position>
<LatitudeDegrees>43.2105034</LatitudeDegrees>
<LongitudeDegrees>117.2924945</LongitudeDegrees>
</Position>
<AltitudeMeters>1196.0</AltitudeMeters>
<DistanceMeters>9858.5</DistanceMeters>
<Extensions>
<ns3:TPX>
<ns3:Speed>6.538</ns3:Speed>
</ns3:TPX>
</Extensions>
</Trackpoint>
<Trackpoint>
<Time>2026-09-03T01:08:18Z</Time>
<Position>
<LatitudeDegrees>43.2105378</LatitudeDegrees>
<LongitudeDegrees>117.2931439</LongitudeDegrees>
</Position>
<AltitudeMeters>1195.6</AltitudeMeters>
<DistanceMeters>9911.2</DistanceMeters>
<Extensions>
<ns3:TPX>
<ns3:Speed>6.536</ns3:Speed>
</ns3:TPX>
</Extensions>
</Trackpoint>
<Trackpoint>
<Time>2026-09-03T01:08:26Z</Time>
<Position>
<LatitudeDegrees>43.2105744</LatitudeDegrees>
<LongitudeDegrees>117.2937841</LongitudeDegrees>
</Position>
<AltitudeMeters>1195.2</AltitudeMeters>
<DistanceMeters>9963.2</DistanceMeters>
<Extensions>
<ns3:TPX>
<ns3:Speed>6.57</ns3:Speed>
</ns3:TPX>
</Extensions>
</Trackpoint>
<Trackpoint>
<Time>2026-09-03T01:08:35Z</Time>
<Position>
<LatitudeDegrees>43.2106087</LatitudeDegrees>
<LongitudeDegrees>117.2944444</LongitudeDegrees>
</Position>
<AltitudeMeters>1194.8</AltitudeMeters>
<DistanceMeters>10016.7</DistanceMeters>
<Extensions>
<ns3:TPX>
<ns3:Speed>6.768</ns3:Speed>
</ns3:TPX>
</Extensions>
</Trackpoint>
<Trackpoint>
<Time>2026-09-03T01:08:43Z</Time>
<Position>
<LatitudeDegrees>43.2106532</LatitudeDegrees>
<LongitudeDegrees>117.2951201</LongitudeDegrees>
</Position>
<AltitudeMeters>1194.4</AltitudeMeters>
<DistanceMeters>10071.6</DistanceMeters>
<Extensions>
<ns3:TPX>
<ns3:Speed>6.84</ns3:Speed>
</ns3:TPX>
</Extensions>
</Trackpoint>
<Trackpoint>
<Time>2026-09-03T01:08:51Z</Time>
<Position>
<LatitudeDegrees>43.2107118</LatitudeDegrees>
<LongitudeDegrees>117.2957890</LongitudeDegrees>
</Position>
<AltitudeMeters>1193.8</AltitudeMeters>
<DistanceMeters>10126.1</DistanceMeters>
<Extensions>
<ns3:TPX>
<ns3:Speed>6.762</ns3:Speed>
</ns3:TPX>
</Extensions>
</Trackpoint>
<Trackpoint>
<Time>2026-09-03T01:08:59Z</Time>
<Position>
<LatitudeDegrees>43.2107901</LatitudeDegrees>
<LongitudeDegrees>117.2964219</LongitudeDegrees>
</Position>
<AltitudeMeters>1193.4</AltitudeMeters>
<DistanceMeters>10178.1</DistanceMeters>
<Extensions>
<ns3:TPX>
<ns3:Speed>6.328</ns3:Speed>
</ns3:TPX>
</Extensions>
</Trackpoint>
<Trackpoint>
<Time>2026-09-03T01:09:07Z</Time>
<Position>
<LatitudeDegrees>43.2108839</LatitudeDegrees>
<LongitudeDegrees>117.2970162</LongitudeDegrees>
</Position>
<AltitudeMeters>1193.0</AltitudeMeters>
<DistanceMeters>10227.3</DistanceMeters>
<Extensions>
<ns3:TPX>
<ns3:Speed>6.029</ns3:Speed>
</ns3:TPX>
</Extensions>
</Trackpoint>
<Trackpoint>
<Time>2026-09-03T01:09:15Z</Time>
<Position>
<LatitudeDegrees>43.2110030</LatitudeDegrees>
<LongitudeDegrees>117.2975917</LongitudeDegrees>
</Position>
<AltitudeMeters>1192.8</AltitudeMeters>
<DistanceMeters>10275.7</DistanceMeters>
<Extensions>
<ns3:TPX>
<ns3:Speed>6.078</ns3:Speed>
</ns3:TPX>
</Extensions>
</Trackpoint>
<Trackpoint>
<Time>2026-09-03T01:09:23Z</Time>
<Position>
<LatitudeDegrees>43.2111274</LatitudeDegrees>
<LongitudeDegrees>117.2981453</LongitudeDegrees>
</Position>
<AltitudeMeters>1192.4</AltitudeMeters>
<DistanceMeters>10322.5</DistanceMeters>
<Extensions>
<ns3:TPX>
<ns3:Speed>5.749</ns3:Speed>
</ns3:TPX>
</Extensions>
</Trackpoint>
<Trackpoint>
<Time>2026-09-03T01:09:31Z</Time>
<Position>
<LatitudeDegrees>43.2112739</LatitudeDegrees>
<LongitudeDegrees>117.2986946</LongitudeDegrees>
</Position>
<AltitudeMeters>1191.8</AltitudeMeters>
<DistanceMeters>10369.9</DistanceMeters>
<Extensions>
<ns3:TPX>
<ns3:Speed>5.994</ns3:Speed>
</ns3:TPX>
</Extensions>
</Trackpoint>
<Trackpoint>
<Time>2026-09-03T01:09:39Z</Time>
<Position>
<LatitudeDegrees>43.2114552</LatitudeDegrees>
<LongitudeDegrees>117.2992681</LongitudeDegrees>
</Position>
<AltitudeMeters>1191.8</AltitudeMeters>
<DistanceMeters>10420.5</DistanceMeters>
<Extensions>
<ns3:TPX>
<ns3:Speed>6.377</ns3:Speed>
</ns3:TPX>
</Extensions>
</Trackpoint>
<Trackpoint>
<Time>2026-09-03T01:09:47Z</Time>
<Position>
<LatitudeDegrees>43.2116509</LatitudeDegrees>
<LongitudeDegrees>117.2998123</LongitudeDegrees>
</Position>
<AltitudeMeters>1191.4</AltitudeMeters>
<DistanceMeters>10469.5</DistanceMeters>
<Extensions>
<ns3:TPX>
<ns3:Speed>5.928</ns3:Speed>
</ns3:TPX>
</Extensions>
</Trackpoint>
<Trackpoint>
<Time>2026-09-03T01:09:55Z</Time>
<Position>
<LatitudeDegrees>43.2118523</LatitudeDegrees>
<LongitudeDegrees>117.3003347</LongitudeDegrees>
</Position>
<AltitudeMeters>1191.0</AltitudeMeters>
<DistanceMeters>10517.4</DistanceMeters>
<Extensions>
<ns3:TPX>
<ns3:Speed>6.286</ns3:Speed>
</ns3:TPX>
</Extensions>
</Trackpoint>
<Trackpoint>
<Time>2026-09-03T01:10:03Z</Time>
<Position>
<LatitudeDegrees>43.2120973</LatitudeDegrees>
<LongitudeDegrees>117.3009586</LongitudeDegrees>
</Position>
<AltitudeMeters>1190.4</AltitudeMeters>
<DistanceMeters>10574.7</DistanceMeters>
<Extensions>
<ns3:TPX>
<ns3:Speed>6.203</ns3:Speed>
</ns3:TPX>
</Extensions>
</Trackpoint>
<Trackpoint>
<Time>2026-09-03T01:10:11Z</Time>
<Position>
<LatitudeDegrees>43.2123054</LatitudeDegrees>
<LongitudeDegrees>117.3015059</LongitudeDegrees>
</Position>
<AltitudeMeters>1189.8</AltitudeMeters>
<DistanceMeters>10624.6</DistanceMeters>
<Extensions>
<ns3:TPX>
<ns3:Speed>6.528</ns3:Speed>
</ns3:TPX>
</Extensions>
</Trackpoint>
<Trackpoint>
<Time>2026-09-03T01:10:19Z</Time>
<Position>
<LatitudeDegrees>43.2125375</LatitudeDegrees>
<LongitudeDegrees>117.3020929</LongitudeDegrees>
</Position>
<AltitudeMeters>1189.0</AltitudeMeters>
<DistanceMeters>10678.7</DistanceMeters>
<Extensions>
<ns3:TPX>
<ns3:Speed>6.965</ns3:Speed>
</ns3:TPX>
</Extensions>
</Trackpoint>
<Trackpoint>
<Time>2026-09-03T01:10:27Z</Time>
<Position>
<LatitudeDegrees>43.2127771</LatitudeDegrees>
<LongitudeDegrees>117.3027064</LongitudeDegrees>
</Position>
<AltitudeMeters>1188.4</AltitudeMeters>
<DistanceMeters>10735.0</DistanceMeters>
<Extensions>
<ns3:TPX>
<ns3:Speed>7.096</ns3:Speed>
</ns3:TPX>
</Extensions>
</Trackpoint>
<Trackpoint>
<Time>2026-09-03T01:10:35Z</Time>
<Position>
<LatitudeDegrees>43.2130151</LatitudeDegrees>
<LongitudeDegrees>117.3033332</LongitudeDegrees>
</Position>
<AltitudeMeters>1187.6</AltitudeMeters>
<DistanceMeters>10792.2</DistanceMeters>
<Extensions>
<ns3:TPX>
<ns3:Speed>7.415</ns3:Speed>
</ns3:TPX>
</Extensions>
</Trackpoint>
<Trackpoint>
<Time>2026-09-03T01:10:43Z</Time>
<Position>
<LatitudeDegrees>43.2132748</LatitudeDegrees>
<LongitudeDegrees>117.3040008</LongitudeDegrees>
</Position>
<AltitudeMeters>1186.6</AltitudeMeters>
<DistanceMeters>10853.4</DistanceMeters>
<Extensions>
<ns3:TPX>
<ns3:Speed>7.679</ns3:Speed>
</ns3:TPX>
</Extensions>
</Trackpoint>
<Trackpoint>
<Time>2026-09-03T01:10:51Z</Time>
<Position>
<LatitudeDegrees>43.2135315</LatitudeDegrees>
<LongitudeDegrees>117.3046600</LongitudeDegrees>
</Position>
<AltitudeMeters>1185.8</AltitudeMeters>
<DistanceMeters>10913.8</DistanceMeters>
<Extensions>
<ns3:TPX>
<ns3:Speed>7.573</ns3:Speed>
</ns3:TPX>
</Extensions>
</Trackpoint>
<Trackpoint>
<Time>2026-09-03T01:11:00Z</Time>
<Position>
<LatitudeDegrees>43.2137948</LatitudeDegrees>
<LongitudeDegrees>117.3053413</LongitudeDegrees>
</Position>
<AltitudeMeters>1184.8</AltitudeMeters>
<DistanceMeters>10976.2</DistanceMeters>
<Extensions>
<ns3:TPX>
<ns3:Speed>7.881</ns3:Speed>
</ns3:TPX>
</Extensions>
</Trackpoint>
<Trackpoint>
<Time>2026-09-03T01:11:08Z</Time>
<Position>
<LatitudeDegrees>43.2140598</LatitudeDegrees>
<LongitudeDegrees>117.3060265</LongitudeDegrees>
</Position>
<AltitudeMeters>1184.0</AltitudeMeters>
<DistanceMeters>11039.0</DistanceMeters>
<Extensions>
<ns3:TPX>
<ns3:Speed>7.892</ns3:Speed>
</ns3:TPX>
</Extensions>
</Trackpoint>
<Trackpoint>
<Time>2026-09-03T01:11:16Z</Time>
<Position>
<LatitudeDegrees>43.2143306</LatitudeDegrees>
<LongitudeDegrees>117.3067314</LongitudeDegrees>
</Position>
<AltitudeMeters>1183.4</AltitudeMeters>
<DistanceMeters>11103.4</DistanceMeters>
<Extensions>
<ns3:TPX>
<ns3:Speed>8.065</ns3:Speed>
</ns3:TPX>
</Extensions>
</Trackpoint>
<Trackpoint>
<Time>2026-09-03T01:11:24Z</Time>
<Position>
<LatitudeDegrees>43.2145999</LatitudeDegrees>
<LongitudeDegrees>117.3074201</LongitudeDegrees>
</Position>
<AltitudeMeters>1183.0</AltitudeMeters>
<DistanceMeters>11166.7</DistanceMeters>
<Extensions>
<ns3:TPX>
<ns3:Speed>7.686</ns3:Speed>
</ns3:TPX>
</Extensions>
</Trackpoint>
<Trackpoint>
<Time>2026-09-03T01:11:32Z</Time>
<Position>
<LatitudeDegrees>43.2148429</LatitudeDegrees>
<LongitudeDegrees>117.3080457</LongitudeDegrees>
</Position>
<AltitudeMeters>1182.8</AltitudeMeters>
<DistanceMeters>11224.0</DistanceMeters>
<Extensions>
<ns3:TPX>
<ns3:Speed>6.962</ns3:Speed>
</ns3:TPX>
</Extensions>
</Trackpoint>
<Trackpoint>
<Time>2026-09-03T01:11:40Z</Time>
<Position>
<LatitudeDegrees>43.2150748</LatitudeDegrees>
<LongitudeDegrees>117.3086516</LongitudeDegrees>
</Position>
<AltitudeMeters>1182.6</AltitudeMeters>
<DistanceMeters>11279.4</DistanceMeters>
<Extensions>
<ns3:TPX>
<ns3:Speed>6.968</ns3:Speed>
</ns3:TPX>
</Extensions>
</Trackpoint>
<Trackpoint>
<Time>2026-09-03T01:11:48Z</Time>
<Position>
<LatitudeDegrees>43.2152964</LatitudeDegrees>
<LongitudeDegrees>117.3092326</LongitudeDegrees>
</Position>
<AltitudeMeters>1182.6</AltitudeMeters>
<DistanceMeters>11332.4</DistanceMeters>
<Extensions>
<ns3:TPX>
<ns3:Speed>6.569</ns3:Speed>
</ns3:TPX>
</Extensions>
</Trackpoint>
<Trackpoint>
<Time>2026-09-03T01:11:56Z</Time>
<Position>
<LatitudeDegrees>43.2155240</LatitudeDegrees>
<LongitudeDegrees>117.3098057</LongitudeDegrees>
</Position>
<AltitudeMeters>1182.8</AltitudeMeters>
<DistanceMeters>11385.2</DistanceMeters>
<Extensions>
<ns3:TPX>
<ns3:Speed>6.69</ns3:Speed>
</ns3:TPX>
</Extensions>
</Trackpoint>
<Trackpoint>
<Time>2026-09-03T01:12:04Z</Time>
<Position>
<LatitudeDegrees>43.2157493</LatitudeDegrees>
<LongitudeDegrees>117.3103868</LongitudeDegrees>
</Position>
<AltitudeMeters>1182.6</AltitudeMeters>
<DistanceMeters>11438.5</DistanceMeters>
<Extensions>
<ns3:TPX>
<ns3:Speed>6.659</ns3:Speed>
</ns3:TPX>
</Extensions>
</Trackpoint>
<Trackpoint>
<Time>2026-09-03T01:12:12Z</Time>
<Position>
<LatitudeDegrees>43.2159604</LatitudeDegrees>
<LongitudeDegrees>117.3109396</LongitudeDegrees>
</Position>
<AltitudeMeters>1182.6</AltitudeMeters>
<DistanceMeters>11489.0</DistanceMeters>
<Extensions>
<ns3:TPX>
<ns3:Speed>6.079</ns3:Speed>
</ns3:TPX>
</Extensions>
</Trackpoint>
<Trackpoint>
<Time>2026-09-03T01:12:20Z</Time>
<Position>
<LatitudeDegrees>43.2161866</LatitudeDegrees>
<LongitudeDegrees>117.3114961</LongitudeDegrees>
</Position>
<AltitudeMeters>1182.6</AltitudeMeters>
<DistanceMeters>11540.5</DistanceMeters>
<Extensions>
<ns3:TPX>
<ns3:Speed>5.669</ns3:Speed>
</ns3:TPX>
</Extensions>
</Trackpoint>
<Trackpoint>
<Time>2026-09-03T01:12:28Z</Time>
<Position>
<LatitudeDegrees>43.2163690</LatitudeDegrees>
<LongitudeDegrees>117.3119777</LongitudeDegrees>
</Position>
<AltitudeMeters>1182.4</AltitudeMeters>
<DistanceMeters>11584.4</DistanceMeters>
<Extensions>
<ns3:TPX>
<ns3:Speed>5.759</ns3:Speed>
</ns3:TPX>
</Extensions>
</Trackpoint>
<Trackpoint>
<Time>2026-09-03T01:12:36Z</Time>
<Position>
<LatitudeDegrees>43.2165650</LatitudeDegrees>
<LongitudeDegrees>117.3124861</LongitudeDegrees>
</Position>
<AltitudeMeters>1182.2</AltitudeMeters>
<DistanceMeters>11631.0</DistanceMeters>
<Extensions>
<ns3:TPX>
<ns3:Speed>6.022</ns3:Speed>
</ns3:TPX>
</Extensions>
</Trackpoint>
<Trackpoint>
<Time>2026-09-03T01:12:44Z</Time>
<Position>
<LatitudeDegrees>43.2167759</LatitudeDegrees>
<LongitudeDegrees>117.3130353</LongitudeDegrees>
</Position>
<AltitudeMeters>1181.4</AltitudeMeters>
<DistanceMeters>11681.2</DistanceMeters>
<Extensions>
<ns3:TPX>
<ns3:Speed>6.41</ns3:Speed>
</ns3:TPX>
</Extensions>
</Trackpoint>
<Trackpoint>
<Time>2026-09-03T01:12:52Z</Time>
<Position>
<LatitudeDegrees>43.2169994</LatitudeDegrees>
<LongitudeDegrees>117.3136071</LongitudeDegrees>
</Position>
<AltitudeMeters>1180.6</AltitudeMeters>
<DistanceMeters>11733.7</DistanceMeters>
<Extensions>
<ns3:TPX>
<ns3:Speed>6.668</ns3:Speed>
</ns3:TPX>
</Extensions>
</Trackpoint>
<Trackpoint>
<Time>2026-09-03T01:13:00Z</Time>
<Position>
<LatitudeDegrees>43.2172345</LatitudeDegrees>
<LongitudeDegrees>117.3142158</LongitudeDegrees>
</Position>
<AltitudeMeters>1179.8</AltitudeMeters>
<DistanceMeters>11789.4</DistanceMeters>
<Extensions>
<ns3:TPX>
<ns3:Speed>7.182</ns3:Speed>
</ns3:TPX>
</Extensions>
</Trackpoint>
<Trackpoint>
<Time>2026-09-03T01:13:08Z</Time>
<Position>
<LatitudeDegrees>43.2174632</LatitudeDegrees>
<LongitudeDegrees>117.3148398</LongitudeDegrees>
</Position>
<AltitudeMeters>1179.2</AltitudeMeters>
<DistanceMeters>11845.9</DistanceMeters>
<Extensions>
<ns3:TPX>
<ns3:Speed>7.093</ns3:Speed>
</ns3:TPX>
</Extensions>
</Trackpoint>
<Trackpoint>
<Time>2026-09-03T01:13:17Z</Time>
<Position>
<LatitudeDegrees>43.2176738</LatitudeDegrees>
<LongitudeDegrees>117.3154739</LongitudeDegrees>
</Position>
<AltitudeMeters>1179.0</AltitudeMeters>
<DistanceMeters>11902.3</DistanceMeters>
<Extensions>
<ns3:TPX>
<ns3:Speed>7.005</ns3:Speed>
</ns3:TPX>
</Extensions>
</Trackpoint>
<Trackpoint>
<Time>2026-09-03T01:13:25Z</Time>
<Position>
<LatitudeDegrees>43.2178621</LatitudeDegrees>
<LongitudeDegrees>117.3161014</LongitudeDegrees>
</Position>
<AltitudeMeters>1179.0</AltitudeMeters>
<DistanceMeters>11957.2</DistanceMeters>
<Extensions>
<ns3:TPX>
<ns3:Speed>6.656</ns3:Speed>
</ns3:TPX>
</Extensions>
</Trackpoint>
<Trackpoint>
<Time>2026-09-03T01:13:33Z</Time>
<Position>
<LatitudeDegrees>43.2180161</LatitudeDegrees>
<LongitudeDegrees>117.3166819</LongitudeDegrees>
</Position>
<AltitudeMeters>1179.0</AltitudeMeters>
<DistanceMeters>12007.2</DistanceMeters>
<Extensions>
<ns3:TPX>
<ns3:Speed>6.151</ns3:Speed>
</ns3:TPX>
</Extensions>
</Trackpoint>
<Trackpoint>
<Time>2026-09-03T01:13:41Z</Time>
<Position>
<LatitudeDegrees>43.2181585</LatitudeDegrees>
<LongitudeDegrees>117.3172484</LongitudeDegrees>
</Position>
<AltitudeMeters>1179.0</AltitudeMeters>
<DistanceMeters>12055.6</DistanceMeters>
<Extensions>
<ns3:TPX>
<ns3:Speed>6.15</ns3:Speed>
</ns3:TPX>
</Extensions>
</Trackpoint>
<Trackpoint>
<Time>2026-09-03T01:13:49Z</Time>
<Position>
<LatitudeDegrees>43.2182954</LatitudeDegrees>
<LongitudeDegrees>117.3178192</LongitudeDegrees>
</Position>
<AltitudeMeters>1179.0</AltitudeMeters>
<DistanceMeters>12104.2</DistanceMeters>
<Extensions>
<ns3:TPX>
<ns3:Speed>6.014</ns3:Speed>
</ns3:TPX>
</Extensions>
</Trackpoint>
<Trackpoint>
<Time>2026-09-03T01:13:57Z</Time>
<Position>
<LatitudeDegrees>43.2184239</LatitudeDegrees>
<LongitudeDegrees>117.3183696</LongitudeDegrees>
</Position>
<AltitudeMeters>1179.0</AltitudeMeters>
<DistanceMeters>12151.0</DistanceMeters>
<Extensions>
<ns3:TPX>
<ns3:Speed>5.468</ns3:Speed>
</ns3:TPX>
</Extensions>
</Trackpoint>
<Trackpoint>
<Time>2026-09-03T01:14:05Z</Time>
<Position>
<LatitudeDegrees>43.2185488</LatitudeDegrees>
<LongitudeDegrees>117.3188684</LongitudeDegrees>
</Position>
<AltitudeMeters>1179.0</AltitudeMeters>
<DistanceMeters>12193.7</DistanceMeters>
<Extensions>
<ns3:TPX>
<ns3:Speed>5.473</ns3:Speed>
</ns3:TPX>
</Extensions>
</Trackpoint>
<Trackpoint>
<Time>2026-09-03T01:14:13Z</Time>
<Position>
<LatitudeDegrees>43.2186770</LatitudeDegrees>
<LongitudeDegrees>117.3193773</LongitudeDegrees>
</Position>
<AltitudeMeters>1178.8</AltitudeMeters>
<DistanceMeters>12237.2</DistanceMeters>
<Extensions>
<ns3:TPX>
<ns3:Speed>5.44</ns3:Speed>
</ns3:TPX>
</Extensions>
</Trackpoint>
<Trackpoint>
<Time>2026-09-03T01:14:21Z</Time>
<Position>
<LatitudeDegrees>43.2188180</LatitudeDegrees>
<LongitudeDegrees>117.3198774</LongitudeDegrees>
</Position>
<AltitudeMeters>1178.8</AltitudeMeters>
<DistanceMeters>12280.6</DistanceMeters>
<Extensions>
<ns3:TPX>
<ns3:Speed>5.522</ns3:Speed>
</ns3:TPX>
</Extensions>
</Trackpoint>
<Trackpoint>
<Time>2026-09-03T01:14:29Z</Time>
<Position>
<LatitudeDegrees>43.2189784</LatitudeDegrees>
<LongitudeDegrees>117.3204027</LongitudeDegrees>
</Position>
<AltitudeMeters>1178.6</AltitudeMeters>
<DistanceMeters>12326.7</DistanceMeters>
<Extensions>
<ns3:TPX>
<ns3:Speed>5.834</ns3:Speed>
</ns3:TPX>
</Extensions>
</Trackpoint>
<Trackpoint>
<Time>2026-09-03T01:14:37Z</Time>
<Position>
<LatitudeDegrees>43.2191588</LatitudeDegrees>
<LongitudeDegrees>117.3209625</LongitudeDegrees>
</Position>
<AltitudeMeters>1178.0</AltitudeMeters>
<DistanceMeters>12376.2</DistanceMeters>
<Extensions>
<ns3:TPX>
<ns3:Speed>6.542</ns3:Speed>
</ns3:TPX>
</Extensions>
</Trackpoint>
<Trackpoint>
<Time>2026-09-03T01:14:45Z</Time>
<Position>
<LatitudeDegrees>43.2193707</LatitudeDegrees>
<LongitudeDegrees>117.3215974</LongitudeDegrees>
</Position>
<AltitudeMeters>1177.0</AltitudeMeters>
<DistanceMeters>12432.7</DistanceMeters>
<Extensions>
<ns3:TPX>
<ns3:Speed>7.406</ns3:Speed>
</ns3:TPX>
</Extensions>
</Trackpoint>
<Trackpoint>
<Time>2026-09-03T01:14:53Z</Time>
<Position>
<LatitudeDegrees>43.2196272</LatitudeDegrees>
<LongitudeDegrees>117.3223407</LongitudeDegrees>
</Position>
<AltitudeMeters>1175.6</AltitudeMeters>
<DistanceMeters>12499.2</DistanceMeters>
<Extensions>
<ns3:TPX>
<ns3:Speed>8.216</ns3:Speed>
</ns3:TPX>
</Extensions>
</Trackpoint>
<Trackpoint>
<Time>2026-09-03T01:15:01Z</Time>
<Position>
<LatitudeDegrees>43.2198865</LatitudeDegrees>
<LongitudeDegrees>117.3231035</LongitudeDegrees>
</Position>
<AltitudeMeters>1174.4</AltitudeMeters>
<DistanceMeters>12567.3</DistanceMeters>
<Extensions>
<ns3:TPX>
<ns3:Speed>8.402</ns3:Speed>
</ns3:TPX>
</Extensions>
</Trackpoint>
<Trackpoint>
<Time>2026-09-03T01:15:09Z</Time>
<Position>
<LatitudeDegrees>43.2201261</LatitudeDegrees>
<LongitudeDegrees>117.3238144</LongitudeDegrees>
</Position>
<AltitudeMeters>1173.6</AltitudeMeters>
<DistanceMeters>12630.7</DistanceMeters>
<Extensions>
<ns3:TPX>
<ns3:Speed>7.505</ns3:Speed>
</ns3:TPX>
</Extensions>
</Trackpoint>
<Trackpoint>
<Time>2026-09-03T01:15:17Z</Time>
<Position>
<LatitudeDegrees>43.2203458</LatitudeDegrees>
<LongitudeDegrees>117.3244597</LongitudeDegrees>
</Position>
<AltitudeMeters>1173.6</AltitudeMeters>
<DistanceMeters>12688.3</DistanceMeters>
<Extensions>
<ns3:TPX>
<ns3:Speed>7.076</ns3:Speed>
</ns3:TPX>
</Extensions>
</Trackpoint>
<Trackpoint>
<Time>2026-09-03T01:15:25Z</Time>
<Position>
<LatitudeDegrees>43.2205613</LatitudeDegrees>
<LongitudeDegrees>117.3250737</LongitudeDegrees>
</Position>
<AltitudeMeters>1173.2</AltitudeMeters>
<DistanceMeters>12743.4</DistanceMeters>
<Extensions>
<ns3:TPX>
<ns3:Speed>6.65</ns3:Speed>
</ns3:TPX>
</Extensions>
</Trackpoint>
<Trackpoint>
<Time>2026-09-03T01:15:33Z</Time>
<Position>
<LatitudeDegrees>43.2207521</LatitudeDegrees>
<LongitudeDegrees>117.3256433</LongitudeDegrees>
</Position>
<AltitudeMeters>1173.2</AltitudeMeters>
<DistanceMeters>12794.1</DistanceMeters>
<Extensions>
<ns3:TPX>
<ns3:Speed>6.21</ns3:Speed>
</ns3:TPX>
</Extensions>
</Trackpoint>
<Trackpoint>
<Time>2026-09-03T01:15:42Z</Time>
<Position>
<LatitudeDegrees>43.2209370</LatitudeDegrees>
<LongitudeDegrees>117.3261772</LongitudeDegrees>
</Position>
<AltitudeMeters>1173.2</AltitudeMeters>
<DistanceMeters>12841.9</DistanceMeters>
<Extensions>
<ns3:TPX>
<ns3:Speed>5.771</ns3:Speed>
</ns3:TPX>
</Extensions>
</Trackpoint>
<Trackpoint>
<Time>2026-09-03T01:15:50Z</Time>
<Position>
<LatitudeDegrees>43.2211076</LatitudeDegrees>
<LongitudeDegrees>117.3267037</LongitudeDegrees>
</Position>
<AltitudeMeters>1173.2</AltitudeMeters>
<DistanceMeters>12888.5</DistanceMeters>
<Extensions>
<ns3:TPX>
<ns3:Speed>5.628</ns3:Speed>
</ns3:TPX>
</Extensions>
</Trackpoint>
<Trackpoint>
<Time>2026-09-03T01:15:58Z</Time>
<Position>
<LatitudeDegrees>43.2212598</LatitudeDegrees>
<LongitudeDegrees>117.3271982</LongitudeDegrees>
</Position>
<AltitudeMeters>1172.8</AltitudeMeters>
<DistanceMeters>12932.0</DistanceMeters>
<Extensions>
<ns3:TPX>
<ns3:Speed>5.517</ns3:Speed>
</ns3:TPX>
</Extensions>
</Trackpoint>
<Trackpoint>
<Time>2026-09-03T01:16:06Z</Time>
<Position>
<LatitudeDegrees>43.2214151</LatitudeDegrees>
<LongitudeDegrees>117.3277452</LongitudeDegrees>
</Position>
<AltitudeMeters>1172.4</AltitudeMeters>
<DistanceMeters>12979.4</DistanceMeters>
<Extensions>
<ns3:TPX>
<ns3:Speed>6.284</ns3:Speed>
</ns3:TPX>
</Extensions>
</Trackpoint>
<Trackpoint>
<Time>2026-09-03T01:16:14Z</Time>
<Position>
<LatitudeDegrees>43.2215781</LatitudeDegrees>
<LongitudeDegrees>117.3283394</LongitudeDegrees>
</Position>
<AltitudeMeters>1172.0</AltitudeMeters>
<DistanceMeters>13030.8</DistanceMeters>
<Extensions>
<ns3:TPX>
<ns3:Speed>6.567</ns3:Speed>
</ns3:TPX>
</Extensions>
</Trackpoint>
<Trackpoint>
<Time>2026-09-03T01:16:22Z</Time>
<Position>
<LatitudeDegrees>43.2217405</LatitudeDegrees>
<LongitudeDegrees>117.3289749</LongitudeDegrees>
</Position>
<AltitudeMeters>1171.2</AltitudeMeters>
<DistanceMeters>13085.3</DistanceMeters>
<Extensions>
<ns3:TPX>
<ns3:Speed>6.964</ns3:Speed>
</ns3:TPX>
</Extensions>
</Trackpoint>
<Trackpoint>
<Time>2026-09-03T01:16:30Z</Time>
<Position>
<LatitudeDegrees>43.2218981</LatitudeDegrees>
<LongitudeDegrees>117.3296292</LongitudeDegrees>
</Position>
<AltitudeMeters>1170.4</AltitudeMeters>
<DistanceMeters>13141.0</DistanceMeters>
<Extensions>
<ns3:TPX>
<ns3:Speed>7.076</ns3:Speed>
</ns3:TPX>
</Extensions>
</Trackpoint>
<Trackpoint>
<Time>2026-09-03T01:16:38Z</Time>
<Position>
<LatitudeDegrees>43.2220452</LatitudeDegrees>
<LongitudeDegrees>117.3302922</LongitudeDegrees>
</Position>
<AltitudeMeters>1169.8</AltitudeMeters>
<DistanceMeters>13197.1</DistanceMeters>
<Extensions>
<ns3:TPX>
<ns3:Speed>6.984</ns3:Speed>
</ns3:TPX>
</Extensions>
</Trackpoint>
<Trackpoint>
<Time>2026-09-03T01:16:46Z</Time>
<Position>
<LatitudeDegrees>43.2221803</LatitudeDegrees>
<LongitudeDegrees>117.3309535</LongitudeDegrees>
</Position>
<AltitudeMeters>1169.0</AltitudeMeters>
<DistanceMeters>13252.6</DistanceMeters>
<Extensions>
<ns3:TPX>
<ns3:Speed>7.016</ns3:Speed>
</ns3:TPX>
</Extensions>
</Trackpoint>
<Trackpoint>
<Time>2026-09-03T01:16:54Z</Time>
<Position>
<LatitudeDegrees>43.2223131</LatitudeDegrees>
<LongitudeDegrees>117.3316052</LongitudeDegrees>
</Position>
<AltitudeMeters>1168.6</AltitudeMeters>
<DistanceMeters>13307.4</DistanceMeters>
<Extensions>
<ns3:TPX>
<ns3:Speed>6.599</ns3:Speed>
</ns3:TPX>
</Extensions>
</Trackpoint>
<Trackpoint>
<Time>2026-09-03T01:17:02Z</Time>
<Position>
<LatitudeDegrees>43.2224421</LatitudeDegrees>
<LongitudeDegrees>117.3322220</LongitudeDegrees>
</Position>
<AltitudeMeters>1168.2</AltitudeMeters>
<DistanceMeters>13359.3</DistanceMeters>
<Extensions>
<ns3:TPX>
<ns3:Speed>6.584</ns3:Speed>
</ns3:TPX>
</Extensions>
</Trackpoint>
<Trackpoint>
<Time>2026-09-03T01:17:10Z</Time>
<Position>
<LatitudeDegrees>43.2225619</LatitudeDegrees>
<LongitudeDegrees>117.3328103</LongitudeDegrees>
</Position>
<AltitudeMeters>1168.0</AltitudeMeters>
<DistanceMeters>13408.7</DistanceMeters>
<Extensions>
<ns3:TPX>
<ns3:Speed>6.223</ns3:Speed>
</ns3:TPX>
</Extensions>
</Trackpoint>
<Trackpoint>
<Time>2026-09-03T01:17:18Z</Time>
<Position>
<LatitudeDegrees>43.2227005</LatitudeDegrees>
<LongitudeDegrees>117.3334931</LongitudeDegrees>
</Position>
<AltitudeMeters>1167.8</AltitudeMeters>
<DistanceMeters>13466.0</DistanceMeters>
<Extensions>
<ns3:TPX>
<ns3:Speed>6.204</ns3:Speed>
</ns3:TPX>
</Extensions>
</Trackpoint>
<Trackpoint>
<Time>2026-09-03T01:17:26Z</Time>
<Position>
<LatitudeDegrees>43.2228206</LatitudeDegrees>
<LongitudeDegrees>117.3340809</LongitudeDegrees>
</Position>
<AltitudeMeters>1167.8</AltitudeMeters>
<DistanceMeters>13515.4</DistanceMeters>
<Extensions>
<ns3:TPX>
<ns3:Speed>6.209</ns3:Speed>
</ns3:TPX>
</Extensions>
</Trackpoint>
<Trackpoint>
<Time>2026-09-03T01:17:34Z</Time>
<Position>
<LatitudeDegrees>43.2229419</LatitudeDegrees>
<LongitudeDegrees>117.3346518</LongitudeDegrees>
</Position>
<AltitudeMeters>1167.6</AltitudeMeters>
<DistanceMeters>13563.5</DistanceMeters>
<Extensions>
<ns3:TPX>
<ns3:Speed>5.964</ns3:Speed>
</ns3:TPX>
</Extensions>
</Trackpoint>
<Trackpoint>
<Time>2026-09-03T01:17:42Z</Time>
<Position>
<LatitudeDegrees>43.2230578</LatitudeDegrees>
<LongitudeDegrees>117.3352196</LongitudeDegrees>
</Position>
<AltitudeMeters>1167.6</AltitudeMeters>
<DistanceMeters>13611.2</DistanceMeters>
<Extensions>
<ns3:TPX>
<ns3:Speed>5.843</ns3:Speed>
</ns3:TPX>
</Extensions>
</Trackpoint>
<Trackpoint>
<Time>2026-09-03T01:17:50Z</Time>
<Position>
<LatitudeDegrees>43.2231708</LatitudeDegrees>
<LongitudeDegrees>117.3357766</LongitudeDegrees>
</Position>
<AltitudeMeters>1167.4</AltitudeMeters>
<DistanceMeters>13658.0</DistanceMeters>
<Extensions>
<ns3:TPX>
<ns3:Speed>6.227</ns3:Speed>
</ns3:TPX>
</Extensions>
</Trackpoint>
<Trackpoint>
<Time>2026-09-03T01:17:58Z</Time>
<Position>
<LatitudeDegrees>43.2232982</LatitudeDegrees>
<LongitudeDegrees>117.3363882</LongitudeDegrees>
</Position>
<AltitudeMeters>1166.6</AltitudeMeters>
<DistanceMeters>13709.4</DistanceMeters>
<Extensions>
<ns3:TPX>
<ns3:Speed>6.482</ns3:Speed>
</ns3:TPX>
</Extensions>
</Trackpoint>
<Trackpoint>
<Time>2026-09-03T01:18:07Z</Time>
<Position>
<LatitudeDegrees>43.2234308</LatitudeDegrees>
<LongitudeDegrees>117.3370251</LongitudeDegrees>
</Position>
<AltitudeMeters>1166.0</AltitudeMeters>
<DistanceMeters>13763.0</DistanceMeters>
<Extensions>
<ns3:TPX>
<ns3:Speed>6.647</ns3:Speed>
</ns3:TPX>
</Extensions>
</Trackpoint>
<Trackpoint>
<Time>2026-09-03T01:18:15Z</Time>
<Position>
<LatitudeDegrees>43.2235541</LatitudeDegrees>
<LongitudeDegrees>117.3376281</LongitudeDegrees>
</Position>
<AltitudeMeters>1165.8</AltitudeMeters>
<DistanceMeters>13813.7</DistanceMeters>
<Extensions>
<ns3:TPX>
<ns3:Speed>6.125</ns3:Speed>
</ns3:TPX>
</Extensions>
</Trackpoint>
<Trackpoint>
<Time>2026-09-03T01:18:23Z</Time>
<Position>
<LatitudeDegrees>43.2236681</LatitudeDegrees>
<LongitudeDegrees>117.3381800</LongitudeDegrees>
</Position>
<AltitudeMeters>1166.0</AltitudeMeters>
<DistanceMeters>13860.0</DistanceMeters>
<Extensions>
<ns3:TPX>
<ns3:Speed>5.389</ns3:Speed>
</ns3:TPX>
</Extensions>
</Trackpoint>
<Trackpoint>
<Time>2026-09-03T01:18:31Z</Time>
<Position>
<LatitudeDegrees>43.2237675</LatitudeDegrees>
<LongitudeDegrees>117.3386510</LongitudeDegrees>
</Position>
<AltitudeMeters>1166.4</AltitudeMeters>
<DistanceMeters>13899.7</DistanceMeters>
<Extensions>
<ns3:TPX>
<ns3:Speed>4.791</ns3:Speed>
</ns3:TPX>
</Extensions>
</Trackpoint>
<Trackpoint>
<Time>2026-09-03T01:18:33Z</Time>
<Position>
<LatitudeDegrees>43.2237889</LatitudeDegrees>
<LongitudeDegrees>117.3387628</LongitudeDegrees>
</Position>
<AltitudeMeters>1166.6</AltitudeMeters>
<DistanceMeters>13909.1</DistanceMeters>
<Extensions>
<ns3:TPX>
<ns3:Speed>4.698</ns3:Speed>
</ns3:TPX>
</Extensions>
</Trackpoint>
<Trackpoint>
<Time>2026-09-03T01:18:41Z</Time>
<Position>
<LatitudeDegrees>43.2238725</LatitudeDegrees>
<LongitudeDegrees>117.3392104</LongitudeDegrees>
</Position>
<AltitudeMeters>1167.0</AltitudeMeters>
<DistanceMeters>13946.4</DistanceMeters>
<Extensions>
<ns3:TPX>
<ns3:Speed>4.577</ns3:Speed>
</ns3:TPX>
</Extensions>
</Trackpoint>
<Trackpoint>
<Time>2026-09-03T01:18:49Z</Time>
<Position>
<LatitudeDegrees>43.2239394</LatitudeDegrees>
<LongitudeDegrees>117.3396467</LongitudeDegrees>
</Position>
<AltitudeMeters>1167.6</AltitudeMeters>
<DistanceMeters>13982.5</DistanceMeters>
<Extensions>
<ns3:TPX>
<ns3:Speed>4.513</ns3:Speed>
</ns3:TPX>
</Extensions>
</Trackpoint>
<Trackpoint>
<Time>2026-09-03T01:18:57Z</Time>
<Position>
<LatitudeDegrees>43.2239970</LatitudeDegrees>
<LongitudeDegrees>117.3400904</LongitudeDegrees>
</Position>
<AltitudeMeters>1167.8</AltitudeMeters>
<DistanceMeters>14019.0</DistanceMeters>
<Extensions>
<ns3:TPX>
<ns3:Speed>4.679</ns3:Speed>
</ns3:TPX>
</Extensions>
</Trackpoint>
<Trackpoint>
<Time>2026-09-03T01:19:05Z</Time>
<Position>
<LatitudeDegrees>43.2240472</LatitudeDegrees>
<LongitudeDegrees>117.3405591</LongitudeDegrees>
</Position>
<AltitudeMeters>1168.0</AltitudeMeters>
<DistanceMeters>14057.3</DistanceMeters>
<Extensions>
<ns3:TPX>
<ns3:Speed>4.932</ns3:Speed>
</ns3:TPX>
</Extensions>
</Trackpoint>
<Trackpoint>
<Time>2026-09-03T01:19:13Z</Time>
<Position>
<LatitudeDegrees>43.2240985</LatitudeDegrees>
<LongitudeDegrees>117.3410562</LongitudeDegrees>
</Position>
<AltitudeMeters>1168.2</AltitudeMeters>
<DistanceMeters>14097.9</DistanceMeters>
<Extensions>
<ns3:TPX>
<ns3:Speed>5.156</ns3:Speed>
</ns3:TPX>
</Extensions>
</Trackpoint>
<Trackpoint>
<Time>2026-09-03T01:19:21Z</Time>
<Position>
<LatitudeDegrees>43.2241420</LatitudeDegrees>
<LongitudeDegrees>117.3415603</LongitudeDegrees>
</Position>
<AltitudeMeters>1168.2</AltitudeMeters>
<DistanceMeters>14139.0</DistanceMeters>
<Extensions>
<ns3:TPX>
<ns3:Speed>4.902</ns3:Speed>
</ns3:TPX>
</Extensions>
</Trackpoint>
<Trackpoint>
<Time>2026-09-03T01:19:29Z</Time>
<Position>
<LatitudeDegrees>43.2242119</LatitudeDegrees>
<LongitudeDegrees>117.3420881</LongitudeDegrees>
</Position>
<AltitudeMeters>1168.4</AltitudeMeters>
<DistanceMeters>14182.4</DistanceMeters>
<Extensions>
<ns3:TPX>
<ns3:Speed>5.015</ns3:Speed>
</ns3:TPX>
</Extensions>
</Trackpoint>
<Trackpoint>
<Time>2026-09-03T01:19:37Z</Time>
<Position>
<LatitudeDegrees>43.2242988</LatitudeDegrees>
<LongitudeDegrees>117.3425102</LongitudeDegrees>
</Position>
<AltitudeMeters>1167.8</AltitudeMeters>
<DistanceMeters>14217.9</DistanceMeters>
<Extensions>
<ns3:TPX>
<ns3:Speed>5.508</ns3:Speed>
</ns3:TPX>
</Extensions>
</Trackpoint>
<Trackpoint>
<Time>2026-09-03T01:19:45Z</Time>
<Position>
<LatitudeDegrees>43.2244923</LatitudeDegrees>
<LongitudeDegrees>117.3431781</LongitudeDegrees>
</Position>
<AltitudeMeters>1167.0</AltitudeMeters>
<DistanceMeters>14276.0</DistanceMeters>
<Extensions>
<ns3:TPX>
<ns3:Speed>6.96</ns3:Speed>
</ns3:TPX>
</Extensions>
</Trackpoint>
<Trackpoint>
<Time>2026-09-03T01:19:52Z</Time>
<Position>
<LatitudeDegrees>43.2247226</LatitudeDegrees>
<LongitudeDegrees>117.3437498</LongitudeDegrees>
</Position>
<AltitudeMeters>1165.6</AltitudeMeters>
<DistanceMeters>14328.9</DistanceMeters>
<Extensions>
<ns3:TPX>
<ns3:Speed>8.156</ns3:Speed>
</ns3:TPX>
</Extensions>
</Trackpoint>
<Trackpoint>
<Time>2026-09-03T01:20:00Z</Time>
<Position>
<LatitudeDegrees>43.2250905</LatitudeDegrees>
<LongitudeDegrees>117.3444695</LongitudeDegrees>
</Position>
<AltitudeMeters>1163.2</AltitudeMeters>
<DistanceMeters>14400.0</DistanceMeters>
<Extensions>
<ns3:TPX>
<ns3:Speed>9.437</ns3:Speed>
</ns3:TPX>
</Extensions>
</Trackpoint>
<Trackpoint>
<Time>2026-09-03T01:20:08Z</Time>
<Position>
<LatitudeDegrees>43.2255065</LatitudeDegrees>
<LongitudeDegrees>117.3452358</LongitudeDegrees>
</Position>
<AltitudeMeters>1161.0</AltitudeMeters>
<DistanceMeters>14477.3</DistanceMeters>
<Extensions>
<ns3:TPX>
<ns3:Speed>9.644</ns3:Speed>
</ns3:TPX>
</Extensions>
</Trackpoint>
<Trackpoint>
<Time>2026-09-03T01:20:16Z</Time>
<Position>
<LatitudeDegrees>43.2259037</LatitudeDegrees>
<LongitudeDegrees>117.3459868</LongitudeDegrees>
</Position>
<AltitudeMeters>1159.4</AltitudeMeters>
<DistanceMeters>14552.4</DistanceMeters>
<Extensions>
<ns3:TPX>
<ns3:Speed>9.106</ns3:Speed>
</ns3:TPX>
</Extensions>
</Trackpoint>
<Trackpoint>
<Time>2026-09-03T01:20:25Z</Time>
<Position>
<LatitudeDegrees>43.2262754</LatitudeDegrees>
<LongitudeDegrees>117.3466685</LongitudeDegrees>
</Position>
<AltitudeMeters>1158.8</AltitudeMeters>
<DistanceMeters>14621.2</DistanceMeters>
<Extensions>
<ns3:TPX>
<ns3:Speed>6.482</ns3:Speed>
</ns3:TPX>
</Extensions>
</Trackpoint>
<Trackpoint>
<Time>2026-09-03T01:20:27Z</Time>
<Position>
<LatitudeDegrees>43.2263434</LatitudeDegrees>
<LongitudeDegrees>117.3467740</LongitudeDegrees>
</Position>
<AltitudeMeters>1158.6</AltitudeMeters>
<DistanceMeters>14632.7</DistanceMeters>
<Extensions>
<ns3:TPX>
<ns3:Speed>4.183</ns3:Speed>
</ns3:TPX>
</Extensions>
</Trackpoint>
<Trackpoint>
<Time>2026-09-03T01:20:28Z</Time>
<Position>
<LatitudeDegrees>43.2263758</LatitudeDegrees>
<LongitudeDegrees>117.3467913</LongitudeDegrees>
</Position>
<AltitudeMeters>1158.6</AltitudeMeters>
<DistanceMeters>14636.5</DistanceMeters>
<Extensions>
<ns3:TPX>
<ns3:Speed>4.072</ns3:Speed>
</ns3:TPX>
</Extensions>
</Trackpoint>
<Trackpoint>
<Time>2026-09-03T01:20:29Z</Time>
<Position>
<LatitudeDegrees>43.2264044</LatitudeDegrees>
<LongitudeDegrees>117.3467780</LongitudeDegrees>
</Position>
<AltitudeMeters>1158.6</AltitudeMeters>
<DistanceMeters>14639.9</DistanceMeters>
<Extensions>
<ns3:TPX>
<ns3:Speed>3.772</ns3:Speed>
</ns3:TPX>
</Extensions>
</Trackpoint>
<Trackpoint>
<Time>2026-09-03T01:20:31Z</Time>
<Position>
<LatitudeDegrees>43.2264339</LatitudeDegrees>
<LongitudeDegrees>117.3466946</LongitudeDegrees>
</Position>
<AltitudeMeters>1158.6</AltitudeMeters>
<DistanceMeters>14647.5</DistanceMeters>
<Extensions>
<ns3:TPX>
<ns3:Speed>3.021</ns3:Speed>
</ns3:TPX>
</Extensions>
</Trackpoint>
<Trackpoint>
<Time>2026-09-03T01:20:35Z</Time>
<Position>
<LatitudeDegrees>43.2264476</LatitudeDegrees>
<LongitudeDegrees>117.3465151</LongitudeDegrees>
</Position>
<AltitudeMeters>1158.6</AltitudeMeters>
<DistanceMeters>14662.1</DistanceMeters>
<Extensions>
<ns3:TPX>
<ns3:Speed>2.652</ns3:Speed>
</ns3:TPX>
</Extensions>
</Trackpoint>
<Trackpoint>
<Time>2026-09-03T01:20:43Z</Time>
<Position>
<LatitudeDegrees>43.2263685</LatitudeDegrees>
<LongitudeDegrees>117.3462929</LongitudeDegrees>
</Position>
<AltitudeMeters>1159.0</AltitudeMeters>
<DistanceMeters>14682.3</DistanceMeters>
<Extensions>
<ns3:TPX>
<ns3:Speed>2.779</ns3:Speed>
</ns3:TPX>
</Extensions>
</Trackpoint>
<Trackpoint>
<Time>2026-09-03T01:20:47Z</Time>
<Position>
<LatitudeDegrees>43.2263253</LatitudeDegrees>
<LongitudeDegrees>117.3462021</LongitudeDegrees>
</Position>
<AltitudeMeters>1159.0</AltitudeMeters>
<DistanceMeters>14691.3</DistanceMeters>
<Extensions>
<ns3:TPX>
<ns3:Speed>1.042</ns3:Speed>
</ns3:TPX>
</Extensions>
</Trackpoint>
<Trackpoint>
<Time>2026-09-03T01:20:50Z</Time>
<Position>
<LatitudeDegrees>43.2263107</LatitudeDegrees>
<LongitudeDegrees>117.3462092</LongitudeDegrees>
</Position>
<AltitudeMeters>1159.0</AltitudeMeters>
<DistanceMeters>14691.3</DistanceMeters>
<Extensions>
<ns3:TPX>
<ns3:Speed>0.0</ns3:Speed>
</ns3:TPX>
</Extensions>
</Trackpoint>
<Trackpoint>
<Time>2026-09-03T01:26:56Z</Time>
<Position>
<LatitudeDegrees>43.2263285</LatitudeDegrees>
<LongitudeDegrees>117.3463518</LongitudeDegrees>
</Position>
<AltitudeMeters>1159.0</AltitudeMeters>
<DistanceMeters>14703.0</DistanceMeters>
<Extensions>
<ns3:TPX>
<ns3:Speed>2.255</ns3:Speed>
</ns3:TPX>
</Extensions>
</Trackpoint>
<Trackpoint>
<Time>2026-09-03T01:27:04Z</Time>
<Position>
<LatitudeDegrees>43.2263967</LatitudeDegrees>
<LongitudeDegrees>117.3465898</LongitudeDegrees>
</Position>
<AltitudeMeters>1158.6</AltitudeMeters>
<DistanceMeters>14723.8</DistanceMeters>
<Extensions>
<ns3:TPX>
<ns3:Speed>2.731</ns3:Speed>
</ns3:TPX>
</Extensions>
</Trackpoint>
<Trackpoint>
<Time>2026-09-03T01:27:12Z</Time>
<Position>
<LatitudeDegrees>43.2264560</LatitudeDegrees>
<LongitudeDegrees>117.3467540</LongitudeDegrees>
</Position>
<AltitudeMeters>1158.4</AltitudeMeters>
<DistanceMeters>14739.0</DistanceMeters>
<Extensions>
<ns3:TPX>
<ns3:Speed>0.879</ns3:Speed>
</ns3:TPX>
</Extensions>
</Trackpoint>
<Trackpoint>
<Time>2026-09-03T01:27:15Z</Time>
<Position>
<LatitudeDegrees>43.2264479</LatitudeDegrees>
<LongitudeDegrees>117.3467605</LongitudeDegrees>
</Position>
<AltitudeMeters>1158.4</AltitudeMeters>
<DistanceMeters>14739.0</DistanceMeters>
<Extensions>
<ns3:TPX>
<ns3:Speed>0.0</ns3:Speed>
</ns3:TPX>
</Extensions>
</Trackpoint>
<Trackpoint>
<Time>2026-09-03T01:27:28Z</Time>
<Position>
<LatitudeDegrees>43.2264640</LatitudeDegrees>
<LongitudeDegrees>117.3469391</LongitudeDegrees>
</Position>
<AltitudeMeters>1158.2</AltitudeMeters>
<DistanceMeters>14753.6</DistanceMeters>
<Extensions>
<ns3:TPX>
<ns3:Speed>3.07</ns3:Speed>
</ns3:TPX>
</Extensions>
</Trackpoint>
<Trackpoint>
<Time>2026-09-03T01:27:37Z</Time>
<Position>
<LatitudeDegrees>43.2266109</LatitudeDegrees>
<LongitudeDegrees>117.3472507</LongitudeDegrees>
</Position>
<AltitudeMeters>1158.0</AltitudeMeters>
<DistanceMeters>14783.7</DistanceMeters>
<Extensions>
<ns3:TPX>
<ns3:Speed>4.019</ns3:Speed>
</ns3:TPX>
</Extensions>
</Trackpoint>
<Trackpoint>
<Time>2026-09-03T01:27:39Z</Time>
<Position>
<LatitudeDegrees>43.2266562</LatitudeDegrees>
<LongitudeDegrees>117.3473315</LongitudeDegrees>
</Position>
<AltitudeMeters>1157.8</AltitudeMeters>
<DistanceMeters>14792.0</DistanceMeters>
<Extensions>
<ns3:TPX>
<ns3:Speed>4.263</ns3:Speed>
</ns3:TPX>
</Extensions>
</Trackpoint>
<Trackpoint>
<Time>2026-09-03T01:27:47Z</Time>
<Position>
<LatitudeDegrees>43.2268535</LatitudeDegrees>
<LongitudeDegrees>117.3477155</LongitudeDegrees>
</Position>
<AltitudeMeters>1157.6</AltitudeMeters>
<DistanceMeters>14830.0</DistanceMeters>
<Extensions>
<ns3:TPX>
<ns3:Speed>5.094</ns3:Speed>
</ns3:TPX>
</Extensions>
</Trackpoint>
<Trackpoint>
<Time>2026-09-03T01:27:55Z</Time>
<Position>
<LatitudeDegrees>43.2270761</LatitudeDegrees>
<LongitudeDegrees>117.3481328</LongitudeDegrees>
</Position>
<AltitudeMeters>1157.4</AltitudeMeters>
<DistanceMeters>14871.8</DistanceMeters>
<Extensions>
<ns3:TPX>
<ns3:Speed>5.443</ns3:Speed>
</ns3:TPX>
</Extensions>
</Trackpoint>
<Trackpoint>
<Time>2026-09-03T01:28:03Z</Time>
<Position>
<LatitudeDegrees>43.2273243</LatitudeDegrees>
<LongitudeDegrees>117.3485972</LongitudeDegrees>
</Position>
<AltitudeMeters>1157.0</AltitudeMeters>
<DistanceMeters>14918.4</DistanceMeters>
<Extensions>
<ns3:TPX>
<ns3:Speed>5.952</ns3:Speed>
</ns3:TPX>
</Extensions>
</Trackpoint>
<Trackpoint>
<Time>2026-09-03T01:28:11Z</Time>
<Position>
<LatitudeDegrees>43.2275807</LatitudeDegrees>
<LongitudeDegrees>117.3490715</LongitudeDegrees>
</Position>
<AltitudeMeters>1156.6</AltitudeMeters>
<DistanceMeters>14966.1</DistanceMeters>
<Extensions>
<ns3:TPX>
<ns3:Speed>5.98</ns3:Speed>
</ns3:TPX>
</Extensions>
</Trackpoint>
<Trackpoint>
<Time>2026-09-03T01:28:19Z</Time>
<Position>
<LatitudeDegrees>43.2278495</LatitudeDegrees>
<LongitudeDegrees>117.3495701</LongitudeDegrees>
</Position>
<AltitudeMeters>1156.2</AltitudeMeters>
<DistanceMeters>15016.3</DistanceMeters>
<Extensions>
<ns3:TPX>
<ns3:Speed>6.432</ns3:Speed>
</ns3:TPX>
</Extensions>
</Trackpoint>
<Trackpoint>
<Time>2026-09-03T01:28:27Z</Time>
<Position>
<LatitudeDegrees>43.2281240</LatitudeDegrees>
<LongitudeDegrees>117.3500784</LongitudeDegrees>
</Position>
<AltitudeMeters>1156.0</AltitudeMeters>
<DistanceMeters>15067.5</DistanceMeters>
<Extensions>
<ns3:TPX>
<ns3:Speed>6.52</ns3:Speed>
</ns3:TPX>
</Extensions>
</Trackpoint>
<Trackpoint>
<Time>2026-09-03T01:28:35Z</Time>
<Position>
<LatitudeDegrees>43.2283985</LatitudeDegrees>
<LongitudeDegrees>117.3505867</LongitudeDegrees>
</Position>
<AltitudeMeters>1155.4</AltitudeMeters>
<DistanceMeters>15118.7</DistanceMeters>
<Extensions>
<ns3:TPX>
<ns3:Speed>6.293</ns3:Speed>
</ns3:TPX>
</Extensions>
</Trackpoint>
<Trackpoint>
<Time>2026-09-03T01:28:43Z</Time>
<Position>
<LatitudeDegrees>43.2286659</LatitudeDegrees>
<LongitudeDegrees>117.3510767</LongitudeDegrees>
</Position>
<AltitudeMeters>1155.2</AltitudeMeters>
<DistanceMeters>15168.2</DistanceMeters>
<Extensions>
<ns3:TPX>
<ns3:Speed>6.112</ns3:Speed>
</ns3:TPX>
</Extensions>
</Trackpoint>
<Trackpoint>
<Time>2026-09-03T01:28:51Z</Time>
<Position>
<LatitudeDegrees>43.2289299</LatitudeDegrees>
<LongitudeDegrees>117.3515714</LongitudeDegrees>
</Position>
<AltitudeMeters>1154.8</AltitudeMeters>
<DistanceMeters>15217.8</DistanceMeters>
<Extensions>
<ns3:TPX>
<ns3:Speed>6.114</ns3:Speed>
</ns3:TPX>
</Extensions>
</Trackpoint>
<Trackpoint>
<Time>2026-09-03T01:28:59Z</Time>
<Position>
<LatitudeDegrees>43.2291896</LatitudeDegrees>
<LongitudeDegrees>117.3520465</LongitudeDegrees>
</Position>
<AltitudeMeters>1154.4</AltitudeMeters>
<DistanceMeters>15265.8</DistanceMeters>
<Extensions>
<ns3:TPX>
<ns3:Speed>5.949</ns3:Speed>
</ns3:TPX>
</Extensions>
</Trackpoint>
<Trackpoint>
<Time>2026-09-03T01:29:07Z</Time>
<Position>
<LatitudeDegrees>43.2294366</LatitudeDegrees>
<LongitudeDegrees>117.3525104</LongitudeDegrees>
</Position>
<AltitudeMeters>1154.2</AltitudeMeters>
<DistanceMeters>15312.3</DistanceMeters>
<Extensions>
<ns3:TPX>
<ns3:Speed>5.675</ns3:Speed>
</ns3:TPX>
</Extensions>
</Trackpoint>
<Trackpoint>
<Time>2026-09-03T01:29:15Z</Time>
<Position>
<LatitudeDegrees>43.2297203</LatitudeDegrees>
<LongitudeDegrees>117.3530385</LongitudeDegrees>
</Position>
<AltitudeMeters>1153.8</AltitudeMeters>
<DistanceMeters>15365.3</DistanceMeters>
<Extensions>
<ns3:TPX>
<ns3:Speed>6.279</ns3:Speed>
</ns3:TPX>
</Extensions>
</Trackpoint>
<Trackpoint>
<Time>2026-09-03T01:29:23Z</Time>
<Position>
<LatitudeDegrees>43.2299856</LatitudeDegrees>
<LongitudeDegrees>117.3535326</LongitudeDegrees>
</Position>
<AltitudeMeters>1153.8</AltitudeMeters>
<DistanceMeters>15415.0</DistanceMeters>
<Extensions>
<ns3:TPX>
<ns3:Speed>6.236</ns3:Speed>
</ns3:TPX>
</Extensions>
</Trackpoint>
<Trackpoint>
<Time>2026-09-03T01:29:31Z</Time>
<Position>
<LatitudeDegrees>43.2302414</LatitudeDegrees>
<LongitudeDegrees>117.3540053</LongitudeDegrees>
</Position>
<AltitudeMeters>1153.2</AltitudeMeters>
<DistanceMeters>15462.6</DistanceMeters>
<Extensions>
<ns3:TPX>
<ns3:Speed>5.842</ns3:Speed>
</ns3:TPX>
</Extensions>
</Trackpoint>
<Trackpoint>
<Time>2026-09-03T01:29:39Z</Time>
<Position>
<LatitudeDegrees>43.2304946</LatitudeDegrees>
<LongitudeDegrees>117.3544720</LongitudeDegrees>
</Position>
<AltitudeMeters>1153.0</AltitudeMeters>
<DistanceMeters>15509.7</DistanceMeters>
<Extensions>
<ns3:TPX>
<ns3:Speed>6.129</ns3:Speed>
</ns3:TPX>
</Extensions>
</Trackpoint>
<Trackpoint>
<Time>2026-09-03T01:29:47Z</Time>
<Position>
<LatitudeDegrees>43.2307576</LatitudeDegrees>
<LongitudeDegrees>117.3549592</LongitudeDegrees>
</Position>
<AltitudeMeters>1152.6</AltitudeMeters>
<DistanceMeters>15558.7</DistanceMeters>
<Extensions>
<ns3:TPX>
<ns3:Speed>6.435</ns3:Speed>
</ns3:TPX>
</Extensions>
</Trackpoint>
<Trackpoint>
<Time>2026-09-03T01:29:56Z</Time>
<Position>
<LatitudeDegrees>43.2310344</LatitudeDegrees>
<LongitudeDegrees>117.3554718</LongitudeDegrees>
</Position>
<AltitudeMeters>1152.2</AltitudeMeters>
<DistanceMeters>15610.3</DistanceMeters>
<Extensions>
<ns3:TPX>
<ns3:Speed>6.534</ns3:Speed>
</ns3:TPX>
</Extensions>
</Trackpoint>
<Trackpoint>
<Time>2026-09-03T01:30:04Z</Time>
<Position>
<LatitudeDegrees>43.2313143</LatitudeDegrees>
<LongitudeDegrees>117.3559922</LongitudeDegrees>
</Position>
<AltitudeMeters>1152.0</AltitudeMeters>
<DistanceMeters>15662.6</DistanceMeters>
<Extensions>
<ns3:TPX>
<ns3:Speed>6.556</ns3:Speed>
</ns3:TPX>
</Extensions>
</Trackpoint>
<Trackpoint>
<Time>2026-09-03T01:30:12Z</Time>
<Position>
<LatitudeDegrees>43.2315920</LatitudeDegrees>
<LongitudeDegrees>117.3565050</LongitudeDegrees>
</Position>
<AltitudeMeters>1151.6</AltitudeMeters>
<DistanceMeters>15714.3</DistanceMeters>
<Extensions>
<ns3:TPX>
<ns3:Speed>6.479</ns3:Speed>
</ns3:TPX>
</Extensions>
</Trackpoint>
<Trackpoint>
<Time>2026-09-03T01:30:20Z</Time>
<Position>
<LatitudeDegrees>43.2318696</LatitudeDegrees>
<LongitudeDegrees>117.3570154</LongitudeDegrees>
</Position>
<AltitudeMeters>1151.0</AltitudeMeters>
<DistanceMeters>15765.8</DistanceMeters>
<Extensions>
<ns3:TPX>
<ns3:Speed>6.36</ns3:Speed>
</ns3:TPX>
</Extensions>
</Trackpoint>
<Trackpoint>
<Time>2026-09-03T01:30:27Z</Time>
<Position>
<LatitudeDegrees>43.2320530</LatitudeDegrees>
<LongitudeDegrees>117.3573671</LongitudeDegrees>
</Position>
<AltitudeMeters>1151.0</AltitudeMeters>
<DistanceMeters>15800.8</DistanceMeters>
<Extensions>
<ns3:TPX>
<ns3:Speed>1.874</ns3:Speed>
</ns3:TPX>
</Extensions>
</Trackpoint>
<Trackpoint>
<Time>2026-09-03T01:30:30Z</Time>
<Position>
<LatitudeDegrees>43.2320282</LatitudeDegrees>
<LongitudeDegrees>117.3574144</LongitudeDegrees>
</Position>
<AltitudeMeters>1150.4</AltitudeMeters>
<DistanceMeters>15806.0</DistanceMeters>
<Extensions>
<ns3:TPX>
<ns3:Speed>1.882</ns3:Speed>
</ns3:TPX>
</Extensions>
</Trackpoint>
<Trackpoint>
<Time>2026-09-03T01:30:37Z</Time>
<Position>
<LatitudeDegrees>43.2318461</LatitudeDegrees>
<LongitudeDegrees>117.3574600</LongitudeDegrees>
</Position>
<AltitudeMeters>1149.0</AltitudeMeters>
<DistanceMeters>15826.8</DistanceMeters>
<Extensions>
<ns3:TPX>
<ns3:Speed>3.317</ns3:Speed>
</ns3:TPX>
</Extensions>
</Trackpoint>
<Trackpoint>
<Time>2026-09-03T01:30:41Z</Time>
<Position>
<LatitudeDegrees>43.2317573</LatitudeDegrees>
<LongitudeDegrees>117.3575349</LongitudeDegrees>
</Position>
<AltitudeMeters>1149.0</AltitudeMeters>
<DistanceMeters>15838.5</DistanceMeters>
<Extensions>
<ns3:TPX>
<ns3:Speed>1.906</ns3:Speed>
</ns3:TPX>
</Extensions>
</Trackpoint>
<Trackpoint>
<Time>2026-09-03T01:30:46Z</Time>
<Position>
<LatitudeDegrees>43.2317574</LatitudeDegrees>
<LongitudeDegrees>117.3575935</LongitudeDegrees>
</Position>
<AltitudeMeters>1149.0</AltitudeMeters>
<DistanceMeters>15842.1</DistanceMeters>
<Extensions>
<ns3:TPX>
<ns3:Speed>0.0</ns3:Speed>
</ns3:TPX>
</Extensions>
</Trackpoint>
<Trackpoint>
<Time>2026-09-03T01:31:03Z</Time>
<Position>
<LatitudeDegrees>43.2317105</LatitudeDegrees>
<LongitudeDegrees>117.3575621</LongitudeDegrees>
</Position>
<AltitudeMeters>1148.8</AltitudeMeters>
<DistanceMeters>15842.1</DistanceMeters>
<Extensions>
<ns3:TPX>
<ns3:Speed>0.0</ns3:Speed>
</ns3:TPX>
</Extensions>
</Trackpoint>
<Trackpoint>
<Time>2026-09-03T01:45:51Z</Time>
<Position>
<LatitudeDegrees>43.2317563</LatitudeDegrees>
<LongitudeDegrees>117.3575241</LongitudeDegrees>
</Position>
<AltitudeMeters>1149.6</AltitudeMeters>
<DistanceMeters>15848.3</DistanceMeters>
<Extensions>
<ns3:TPX>
<ns3:Speed>1.36</ns3:Speed>
</ns3:TPX>
</Extensions>
</Trackpoint>
<Trackpoint>
<Time>2026-09-03T01:45:56Z</Time>
<Position>
<LatitudeDegrees>43.2318320</LatitudeDegrees>
<LongitudeDegrees>117.3575037</LongitudeDegrees>
</Position>
<AltitudeMeters>1149.6</AltitudeMeters>
<DistanceMeters>15857.0</DistanceMeters>
<Extensions>
<ns3:TPX>
<ns3:Speed>1.983</ns3:Speed>
</ns3:TPX>
</Extensions>
</Trackpoint>
<Trackpoint>
<Time>2026-09-03T01:46:04Z</Time>
<Position>
<LatitudeDegrees>43.2319270</LatitudeDegrees>
<LongitudeDegrees>117.3574466</LongitudeDegrees>
</Position>
<AltitudeMeters>1149.8</AltitudeMeters>
<DistanceMeters>15868.7</DistanceMeters>
<Extensions>
<ns3:TPX>
<ns3:Speed>1.106</ns3:Speed>
</ns3:TPX>
</Extensions>
</Trackpoint>
<Trackpoint>
<Time>2026-09-03T01:46:12Z</Time>
<Position>
<LatitudeDegrees>43.2320180</LatitudeDegrees>
<LongitudeDegrees>117.3574203</LongitudeDegrees>
</Position>
<AltitudeMeters>1150.6</AltitudeMeters>
<DistanceMeters>15879.0</DistanceMeters>
<Extensions>
<ns3:TPX>
<ns3:Speed>1.221</ns3:Speed>
</ns3:TPX>
</Extensions>
</Trackpoint>
<Trackpoint>
<Time>2026-09-03T01:46:15Z</Time>
<Position>
<LatitudeDegrees>43.2320388</LatitudeDegrees>
<LongitudeDegrees>117.3574209</LongitudeDegrees>
</Position>
<AltitudeMeters>1151.0</AltitudeMeters>
<DistanceMeters>15881.3</DistanceMeters>
<Extensions>
<ns3:TPX>
<ns3:Speed>1.148</ns3:Speed>
</ns3:TPX>
</Extensions>
</Trackpoint>
<Trackpoint>
<Time>2026-09-03T01:46:16Z</Time>
<Position>
<LatitudeDegrees>43.2320497</LatitudeDegrees>
<LongitudeDegrees>117.3574235</LongitudeDegrees>
</Position>
<AltitudeMeters>1151.2</AltitudeMeters>
<DistanceMeters>15882.5</DistanceMeters>
<Extensions>
<ns3:TPX>
<ns3:Speed>1.387</ns3:Speed>
</ns3:TPX>
</Extensions>
</Trackpoint>
<Trackpoint>
<Time>2026-09-03T01:46:17Z</Time>
<Position>
<LatitudeDegrees>43.2320604</LatitudeDegrees>
<LongitudeDegrees>117.3574246</LongitudeDegrees>
</Position>
<AltitudeMeters>1151.2</AltitudeMeters>
<DistanceMeters>15883.7</DistanceMeters>
<Extensions>
<ns3:TPX>
<ns3:Speed>1.067</ns3:Speed>
</ns3:TPX>
</Extensions>
</Trackpoint>
<Trackpoint>
<Time>2026-09-03T01:46:20Z</Time>
<Position>
<LatitudeDegrees>43.2320796</LatitudeDegrees>
<LongitudeDegrees>117.3574317</LongitudeDegrees>
</Position>
<AltitudeMeters>1151.6</AltitudeMeters>
<DistanceMeters>15883.7</DistanceMeters>
<Extensions>
<ns3:TPX>
<ns3:Speed>0.0</ns3:Speed>
</ns3:TPX>
</Extensions>
</Trackpoint>
<Trackpoint>
<Time>2026-09-03T01:46:27Z</Time>
<Position>
<LatitudeDegrees>43.2321279</LatitudeDegrees>
<LongitudeDegrees>117.3575090</LongitudeDegrees>
</Position>
<AltitudeMeters>1151.6</AltitudeMeters>
<DistanceMeters>15892.0</DistanceMeters>
<Extensions>
<ns3:TPX>
<ns3:Speed>2.428</ns3:Speed>
</ns3:TPX>
</Extensions>
</Trackpoint>
<Trackpoint>
<Time>2026-09-03T01:46:35Z</Time>
<Position>
<LatitudeDegrees>43.2322635</LatitudeDegrees>
<LongitudeDegrees>117.3577624</LongitudeDegrees>
</Position>
<AltitudeMeters>1151.6</AltitudeMeters>
<DistanceMeters>15917.4</DistanceMeters>
<Extensions>
<ns3:TPX>
<ns3:Speed>3.858</ns3:Speed>
</ns3:TPX>
</Extensions>
</Trackpoint>
<Trackpoint>
<Time>2026-09-03T01:46:43Z</Time>
<Position>
<LatitudeDegrees>43.2324470</LatitudeDegrees>
<LongitudeDegrees>117.3580945</LongitudeDegrees>
</Position>
<AltitudeMeters>1151.2</AltitudeMeters>
<DistanceMeters>15951.1</DistanceMeters>
<Extensions>
<ns3:TPX>
<ns3:Speed>4.58</ns3:Speed>
</ns3:TPX>
</Extensions>
</Trackpoint>
<Trackpoint>
<Time>2026-09-03T01:46:51Z</Time>
<Position>
<LatitudeDegrees>43.2326469</LatitudeDegrees>
<LongitudeDegrees>117.3584642</LongitudeDegrees>
</Position>
<AltitudeMeters>1151.0</AltitudeMeters>
<DistanceMeters>15988.3</DistanceMeters>
<Extensions>
<ns3:TPX>
<ns3:Speed>4.707</ns3:Speed>
</ns3:TPX>
</Extensions>
</Trackpoint>
<Trackpoint>
<Time>2026-09-03T01:46:59Z</Time>
<Position>
<LatitudeDegrees>43.2328549</LatitudeDegrees>
<LongitudeDegrees>117.3588522</LongitudeDegrees>
</Position>
<AltitudeMeters>1150.6</AltitudeMeters>
<DistanceMeters>16027.3</DistanceMeters>
<Extensions>
<ns3:TPX>
<ns3:Speed>5.145</ns3:Speed>
</ns3:TPX>
</Extensions>
</Trackpoint>
<Trackpoint>
<Time>2026-09-03T01:47:07Z</Time>
<Position>
<LatitudeDegrees>43.2330791</LatitudeDegrees>
<LongitudeDegrees>117.3592627</LongitudeDegrees>
</Position>
<AltitudeMeters>1150.4</AltitudeMeters>
<DistanceMeters>16068.8</DistanceMeters>
<Extensions>
<ns3:TPX>
<ns3:Speed>5.142</ns3:Speed>
</ns3:TPX>
</Extensions>
</Trackpoint>
<Trackpoint>
<Time>2026-09-03T01:47:15Z</Time>
<Position>
<LatitudeDegrees>43.2333090</LatitudeDegrees>
<LongitudeDegrees>117.3596533</LongitudeDegrees>
</Position>
<AltitudeMeters>1150.0</AltitudeMeters>
<DistanceMeters>16109.4</DistanceMeters>
<Extensions>
<ns3:TPX>
<ns3:Speed>5.012</ns3:Speed>
</ns3:TPX>
</Extensions>
</Trackpoint>
<Trackpoint>
<Time>2026-09-03T01:47:23Z</Time>
<Position>
<LatitudeDegrees>43.2335550</LatitudeDegrees>
<LongitudeDegrees>117.3600187</LongitudeDegrees>
</Position>
<AltitudeMeters>1149.8</AltitudeMeters>
<DistanceMeters>16149.7</DistanceMeters>
<Extensions>
<ns3:TPX>
<ns3:Speed>5.312</ns3:Speed>
</ns3:TPX>
</Extensions>
</Trackpoint>
<Trackpoint>
<Time>2026-09-03T01:47:31Z</Time>
<Position>
<LatitudeDegrees>43.2338265</LatitudeDegrees>
<LongitudeDegrees>117.3603774</LongitudeDegrees>
</Position>
<AltitudeMeters>1149.6</AltitudeMeters>
<DistanceMeters>16191.5</DistanceMeters>
<Extensions>
<ns3:TPX>
<ns3:Speed>5.17</ns3:Speed>
</ns3:TPX>
</Extensions>
</Trackpoint>
<Trackpoint>
<Time>2026-09-03T01:47:39Z</Time>
<Position>
<LatitudeDegrees>43.2341064</LatitudeDegrees>
<LongitudeDegrees>117.3606919</LongitudeDegrees>
</Position>
<AltitudeMeters>1149.6</AltitudeMeters>
<DistanceMeters>16231.7</DistanceMeters>
<Extensions>
<ns3:TPX>
<ns3:Speed>5.083</ns3:Speed>
</ns3:TPX>
</Extensions>
</Trackpoint>
<Trackpoint>
<Time>2026-09-03T01:47:47Z</Time>
<Position>
<LatitudeDegrees>43.2344333</LatitudeDegrees>
<LongitudeDegrees>117.3610236</LongitudeDegrees>
</Position>
<AltitudeMeters>1149.4</AltitudeMeters>
<DistanceMeters>16276.8</DistanceMeters>
<Extensions>
<ns3:TPX>
<ns3:Speed>5.08</ns3:Speed>
</ns3:TPX>
</Extensions>
</Trackpoint>
<Trackpoint>
<Time>2026-09-03T01:47:55Z</Time>
<Position>
<LatitudeDegrees>43.2347214</LatitudeDegrees>
<LongitudeDegrees>117.3613003</LongitudeDegrees>
</Position>
<AltitudeMeters>1149.4</AltitudeMeters>
<DistanceMeters>16315.8</DistanceMeters>
<Extensions>
<ns3:TPX>
<ns3:Speed>4.759</ns3:Speed>
</ns3:TPX>
</Extensions>
</Trackpoint>
<Trackpoint>
<Time>2026-09-03T01:48:03Z</Time>
<Position>
<LatitudeDegrees>43.2350085</LatitudeDegrees>
<LongitudeDegrees>117.3615773</LongitudeDegrees>
</Position>
<AltitudeMeters>1149.4</AltitudeMeters>
<DistanceMeters>16354.8</DistanceMeters>
<Extensions>
<ns3:TPX>
<ns3:Speed>4.602</ns3:Speed>
</ns3:TPX>
</Extensions>
</Trackpoint>
<Trackpoint>
<Time>2026-09-03T01:48:11Z</Time>
<Position>
<LatitudeDegrees>43.2352716</LatitudeDegrees>
<LongitudeDegrees>117.3618368</LongitudeDegrees>
</Position>
<AltitudeMeters>1149.6</AltitudeMeters>
<DistanceMeters>16390.7</DistanceMeters>
<Extensions>
<ns3:TPX>
<ns3:Speed>4.569</ns3:Speed>
</ns3:TPX>
</Extensions>
</Trackpoint>
<Trackpoint>
<Time>2026-09-03T01:48:19Z</Time>
<Position>
<LatitudeDegrees>43.2355431</LatitudeDegrees>
<LongitudeDegrees>117.3621085</LongitudeDegrees>
</Position>
<AltitudeMeters>1149.6</AltitudeMeters>
<DistanceMeters>16428.0</DistanceMeters>
<Extensions>
<ns3:TPX>
<ns3:Speed>4.72</ns3:Speed>
</ns3:TPX>
</Extensions>
</Trackpoint>
<Trackpoint>
<Time>2026-09-03T01:48:27Z</Time>
<Position>
<LatitudeDegrees>43.2357956</LatitudeDegrees>
<LongitudeDegrees>117.3623610</LongitudeDegrees>
</Position>
<AltitudeMeters>1149.6</AltitudeMeters>
<DistanceMeters>16462.7</DistanceMeters>
<Extensions>
<ns3:TPX>
<ns3:Speed>4.339</ns3:Speed>
</ns3:TPX>
</Extensions>
</Trackpoint>
<Trackpoint>
<Time>2026-09-03T01:48:35Z</Time>
<Position>
<LatitudeDegrees>43.2360606</LatitudeDegrees>
<LongitudeDegrees>117.3626145</LongitudeDegrees>
</Position>
<AltitudeMeters>1149.6</AltitudeMeters>
<DistanceMeters>16498.6</DistanceMeters>
<Extensions>
<ns3:TPX>
<ns3:Speed>4.529</ns3:Speed>
</ns3:TPX>
</Extensions>
</Trackpoint>
<Trackpoint>
<Time>2026-09-03T01:48:44Z</Time>
<Position>
<LatitudeDegrees>43.2363289</LatitudeDegrees>
<LongitudeDegrees>117.3628729</LongitudeDegrees>
</Position>
<AltitudeMeters>1149.8</AltitudeMeters>
<DistanceMeters>16534.9</DistanceMeters>
<Extensions>
<ns3:TPX>
<ns3:Speed>4.521</ns3:Speed>
</ns3:TPX>
</Extensions>
</Trackpoint>
<Trackpoint>
<Time>2026-09-03T01:48:52Z</Time>
<Position>
<LatitudeDegrees>43.2365994</LatitudeDegrees>
<LongitudeDegrees>117.3631355</LongitudeDegrees>
</Position>
<AltitudeMeters>1150.0</AltitudeMeters>
<DistanceMeters>16571.7</DistanceMeters>
<Extensions>
<ns3:TPX>
<ns3:Speed>4.608</ns3:Speed>
</ns3:TPX>
</Extensions>
</Trackpoint>
<Trackpoint>
<Time>2026-09-03T01:49:00Z</Time>
<Position>
<LatitudeDegrees>43.2368593</LatitudeDegrees>
<LongitudeDegrees>117.3633912</LongitudeDegrees>
</Position>
<AltitudeMeters>1150.2</AltitudeMeters>
<DistanceMeters>16607.2</DistanceMeters>
<Extensions>
<ns3:TPX>
<ns3:Speed>4.315</ns3:Speed>
</ns3:TPX>
</Extensions>
</Trackpoint>
<Trackpoint>
<Time>2026-09-03T01:49:08Z</Time>
<Position>
<LatitudeDegrees>43.2371104</LatitudeDegrees>
<LongitudeDegrees>117.3636361</LongitudeDegrees>
</Position>
<AltitudeMeters>1150.4</AltitudeMeters>
<DistanceMeters>16641.4</DistanceMeters>
<Extensions>
<ns3:TPX>
<ns3:Speed>4.211</ns3:Speed>
</ns3:TPX>
</Extensions>
</Trackpoint>
<Trackpoint>
<Time>2026-09-03T01:49:16Z</Time>
<Position>
<LatitudeDegrees>43.2373506</LatitudeDegrees>
<LongitudeDegrees>117.3638725</LongitudeDegrees>
</Position>
<AltitudeMeters>1150.8</AltitudeMeters>
<DistanceMeters>16674.2</DistanceMeters>
<Extensions>
<ns3:TPX>
<ns3:Speed>4.062</ns3:Speed>
</ns3:TPX>
</Extensions>
</Trackpoint>
<Trackpoint>
<Time>2026-09-03T01:49:24Z</Time>
<Position>
<LatitudeDegrees>43.2375844</LatitudeDegrees>
<LongitudeDegrees>117.3641052</LongitudeDegrees>
</Position>
<AltitudeMeters>1151.0</AltitudeMeters>
<DistanceMeters>16706.3</DistanceMeters>
<Extensions>
<ns3:TPX>
<ns3:Speed>3.965</ns3:Speed>
</ns3:TPX>
</Extensions>
</Trackpoint>
<Trackpoint>
<Time>2026-09-03T01:49:32Z</Time>
<Position>
<LatitudeDegrees>43.2378130</LatitudeDegrees>
<LongitudeDegrees>117.3643376</LongitudeDegrees>
</Position>
<AltitudeMeters>1151.4</AltitudeMeters>
<DistanceMeters>16737.9</DistanceMeters>
<Extensions>
<ns3:TPX>
<ns3:Speed>3.945</ns3:Speed>
</ns3:TPX>
</Extensions>
</Trackpoint>
<Trackpoint>
<Time>2026-09-03T01:49:40Z</Time>
<Position>
<LatitudeDegrees>43.2380257</LatitudeDegrees>
<LongitudeDegrees>117.3645849</LongitudeDegrees>
</Position>
<AltitudeMeters>1151.8</AltitudeMeters>
<DistanceMeters>16768.8</DistanceMeters>
<Extensions>
<ns3:TPX>
<ns3:Speed>3.858</ns3:Speed>
</ns3:TPX>
</Extensions>
</Trackpoint>
<Trackpoint>
<Time>2026-09-03T01:49:48Z</Time>
<Position>
<LatitudeDegrees>43.2382255</LatitudeDegrees>
<LongitudeDegrees>117.3648540</LongitudeDegrees>
</Position>
<AltitudeMeters>1152.4</AltitudeMeters>
<DistanceMeters>16799.9</DistanceMeters>
<Extensions>
<ns3:TPX>
<ns3:Speed>3.978</ns3:Speed>
</ns3:TPX>
</Extensions>
</Trackpoint>
<Trackpoint>
<Time>2026-09-03T01:49:56Z</Time>
<Position>
<LatitudeDegrees>43.2384120</LatitudeDegrees>
<LongitudeDegrees>117.3651421</LongitudeDegrees>
</Position>
<AltitudeMeters>1152.6</AltitudeMeters>
<DistanceMeters>16831.1</DistanceMeters>
<Extensions>
<ns3:TPX>
<ns3:Speed>3.967</ns3:Speed>
</ns3:TPX>
</Extensions>
</Trackpoint>
<Trackpoint>
<Time>2026-09-03T01:50:04Z</Time>
<Position>
<LatitudeDegrees>43.2385809</LatitudeDegrees>
<LongitudeDegrees>117.3654537</LongitudeDegrees>
</Position>
<AltitudeMeters>1152.8</AltitudeMeters>
<DistanceMeters>16862.5</DistanceMeters>
<Extensions>
<ns3:TPX>
<ns3:Speed>3.893</ns3:Speed>
</ns3:TPX>
</Extensions>
</Trackpoint>
<Trackpoint>
<Time>2026-09-03T01:50:12Z</Time>
<Position>
<LatitudeDegrees>43.2387337</LatitudeDegrees>
<LongitudeDegrees>117.3657871</LongitudeDegrees>
</Position>
<AltitudeMeters>1153.0</AltitudeMeters>
<DistanceMeters>16894.3</DistanceMeters>
<Extensions>
<ns3:TPX>
<ns3:Speed>3.981</ns3:Speed>
</ns3:TPX>
</Extensions>
</Trackpoint>
<Trackpoint>
<Time>2026-09-03T01:50:20Z</Time>
<Position>
<LatitudeDegrees>43.2388831</LatitudeDegrees>
<LongitudeDegrees>117.3661758</LongitudeDegrees>
</Position>
<AltitudeMeters>1153.4</AltitudeMeters>
<DistanceMeters>16929.9</DistanceMeters>
<Extensions>
<ns3:TPX>
<ns3:Speed>3.943</ns3:Speed>
</ns3:TPX>
</Extensions>
</Trackpoint>
<Trackpoint>
<Time>2026-09-03T01:50:28Z</Time>
<Position>
<LatitudeDegrees>43.2389838</LatitudeDegrees>
<LongitudeDegrees>117.3665217</LongitudeDegrees>
</Position>
<AltitudeMeters>1153.6</AltitudeMeters>
<DistanceMeters>16960.0</DistanceMeters>
<Extensions>
<ns3:TPX>
<ns3:Speed>3.868</ns3:Speed>
</ns3:TPX>
</Extensions>
</Trackpoint>
<Trackpoint>
<Time>2026-09-03T01:50:36Z</Time>
<Position>
<LatitudeDegrees>43.2390701</LatitudeDegrees>
<LongitudeDegrees>117.3668905</LongitudeDegrees>
</Position>
<AltitudeMeters>1154.4</AltitudeMeters>
<DistanceMeters>16991.3</DistanceMeters>
<Extensions>
<ns3:TPX>
<ns3:Speed>3.936</ns3:Speed>
</ns3:TPX>
</Extensions>
</Trackpoint>
<Trackpoint>
<Time>2026-09-03T01:50:44Z</Time>
<Position>
<LatitudeDegrees>43.2391349</LatitudeDegrees>
<LongitudeDegrees>117.3672716</LongitudeDegrees>
</Position>
<AltitudeMeters>1154.4</AltitudeMeters>
<DistanceMeters>17023.0</DistanceMeters>
<Extensions>
<ns3:TPX>
<ns3:Speed>3.888</ns3:Speed>
</ns3:TPX>
</Extensions>
</Trackpoint>
<Trackpoint>
<Time>2026-09-03T01:50:52Z</Time>
<Position>
<LatitudeDegrees>43.2391786</LatitudeDegrees>
<LongitudeDegrees>117.3676538</LongitudeDegrees>
</Position>
<AltitudeMeters>1154.8</AltitudeMeters>
<DistanceMeters>17054.3</DistanceMeters>
<Extensions>
<ns3:TPX>
<ns3:Speed>3.92</ns3:Speed>
</ns3:TPX>
</Extensions>
</Trackpoint>
<Trackpoint>
<Time>2026-09-03T01:51:01Z</Time>
<Position>
<LatitudeDegrees>43.2392016</LatitudeDegrees>
<LongitudeDegrees>117.3680408</LongitudeDegrees>
</Position>
<AltitudeMeters>1155.0</AltitudeMeters>
<DistanceMeters>17085.7</DistanceMeters>
<Extensions>
<ns3:TPX>
<ns3:Speed>3.885</ns3:Speed>
</ns3:TPX>
</Extensions>
</Trackpoint>
<Trackpoint>
<Time>2026-09-03T01:51:09Z</Time>
<Position>
<LatitudeDegrees>43.2391997</LatitudeDegrees>
<LongitudeDegrees>117.3684299</LongitudeDegrees>
</Position>
<AltitudeMeters>1155.6</AltitudeMeters>
<DistanceMeters>17117.2</DistanceMeters>
<Extensions>
<ns3:TPX>
<ns3:Speed>3.938</ns3:Speed>
</ns3:TPX>
</Extensions>
</Trackpoint>
<Trackpoint>
<Time>2026-09-03T01:51:17Z</Time>
<Position>
<LatitudeDegrees>43.2391787</LatitudeDegrees>
<LongitudeDegrees>117.3688192</LongitudeDegrees>
</Position>
<AltitudeMeters>1155.8</AltitudeMeters>
<DistanceMeters>17148.8</DistanceMeters>
<Extensions>
<ns3:TPX>
<ns3:Speed>3.96</ns3:Speed>
</ns3:TPX>
</Extensions>
</Trackpoint>
<Trackpoint>
<Time>2026-09-03T01:51:25Z</Time>
<Position>
<LatitudeDegrees>43.2391365</LatitudeDegrees>
<LongitudeDegrees>117.3691783</LongitudeDegrees>
</Position>
<AltitudeMeters>1156.2</AltitudeMeters>
<DistanceMeters>17178.2</DistanceMeters>
<Extensions>
<ns3:TPX>
<ns3:Speed>3.776</ns3:Speed>
</ns3:TPX>
</Extensions>
</Trackpoint>
<Trackpoint>
<Time>2026-09-03T01:51:33Z</Time>
<Position>
<LatitudeDegrees>43.2390871</LatitudeDegrees>
<LongitudeDegrees>117.3695386</LongitudeDegrees>
</Position>
<AltitudeMeters>1156.4</AltitudeMeters>
<DistanceMeters>17207.9</DistanceMeters>
<Extensions>
<ns3:TPX>
<ns3:Speed>3.61</ns3:Speed>
</ns3:TPX>
</Extensions>
</Trackpoint>
<Trackpoint>
<Time>2026-09-03T01:51:41Z</Time>
<Position>
<LatitudeDegrees>43.2390341</LatitudeDegrees>
<LongitudeDegrees>117.3698825</LongitudeDegrees>
</Position>
<AltitudeMeters>1156.8</AltitudeMeters>
<DistanceMeters>17236.3</DistanceMeters>
<Extensions>
<ns3:TPX>
<ns3:Speed>3.664</ns3:Speed>
</ns3:TPX>
</Extensions>
</Trackpoint>
<Trackpoint>
<Time>2026-09-03T01:51:49Z</Time>
<Position>
<LatitudeDegrees>43.2389787</LatitudeDegrees>
<LongitudeDegrees>117.3702450</LongitudeDegrees>
</Position>
<AltitudeMeters>1157.2</AltitudeMeters>
<DistanceMeters>17266.2</DistanceMeters>
<Extensions>
<ns3:TPX>
<ns3:Speed>3.765</ns3:Speed>
</ns3:TPX>
</Extensions>
</Trackpoint>
<Trackpoint>
<Time>2026-09-03T01:51:57Z</Time>
<Position>
<LatitudeDegrees>43.2389230</LatitudeDegrees>
<LongitudeDegrees>117.3706018</LongitudeDegrees>
</Position>
<AltitudeMeters>1157.4</AltitudeMeters>
<DistanceMeters>17295.8</DistanceMeters>
<Extensions>
<ns3:TPX>
<ns3:Speed>3.846</ns3:Speed>
</ns3:TPX>
</Extensions>
</Trackpoint>
<Trackpoint>
<Time>2026-09-03T01:52:05Z</Time>
<Position>
<LatitudeDegrees>43.2388637</LatitudeDegrees>
<LongitudeDegrees>117.3709814</LongitudeDegrees>
</Position>
<AltitudeMeters>1157.4</AltitudeMeters>
<DistanceMeters>17327.1</DistanceMeters>
<Extensions>
<ns3:TPX>
<ns3:Speed>3.692</ns3:Speed>
</ns3:TPX>
</Extensions>
</Trackpoint>
<Trackpoint>
<Time>2026-09-03T01:52:13Z</Time>
<Position>
<LatitudeDegrees>43.2388101</LatitudeDegrees>
<LongitudeDegrees>117.3713449</LongitudeDegrees>
</Position>
<AltitudeMeters>1157.4</AltitudeMeters>
<DistanceMeters>17357.1</DistanceMeters>
<Extensions>
<ns3:TPX>
<ns3:Speed>3.876</ns3:Speed>
</ns3:TPX>
</Extensions>
</Trackpoint>
<Trackpoint>
<Time>2026-09-03T01:52:21Z</Time>
<Position>
<LatitudeDegrees>43.2387492</LatitudeDegrees>
<LongitudeDegrees>117.3717323</LongitudeDegrees>
</Position>
<AltitudeMeters>1157.4</AltitudeMeters>
<DistanceMeters>17389.2</DistanceMeters>
<Extensions>
<ns3:TPX>
<ns3:Speed>4.117</ns3:Speed>
</ns3:TPX>
</Extensions>
</Trackpoint>
<Trackpoint>
<Time>2026-09-03T01:52:29Z</Time>
<Position>
<LatitudeDegrees>43.2386885</LatitudeDegrees>
<LongitudeDegrees>117.3721300</LongitudeDegrees>
</Position>
<AltitudeMeters>1157.4</AltitudeMeters>
<DistanceMeters>17422.1</DistanceMeters>
<Extensions>
<ns3:TPX>
<ns3:Speed>4.043</ns3:Speed>
</ns3:TPX>
</Extensions>
</Trackpoint>
<Trackpoint>
<Time>2026-09-03T01:52:37Z</Time>
<Position>
<LatitudeDegrees>43.2386266</LatitudeDegrees>
<LongitudeDegrees>117.3725387</LongitudeDegrees>
</Position>
<AltitudeMeters>1157.2</AltitudeMeters>
<DistanceMeters>17455.8</DistanceMeters>
<Extensions>
<ns3:TPX>
<ns3:Speed>4.3</ns3:Speed>
</ns3:TPX>
</Extensions>
</Trackpoint>
<Trackpoint>
<Time>2026-09-03T01:52:45Z</Time>
<Position>
<LatitudeDegrees>43.2385736</LatitudeDegrees>
<LongitudeDegrees>117.3729932</LongitudeDegrees>
</Position>
<AltitudeMeters>1157.2</AltitudeMeters>
<DistanceMeters>17493.0</DistanceMeters>
<Extensions>
<ns3:TPX>
<ns3:Speed>4.382</ns3:Speed>
</ns3:TPX>
</Extensions>
</Trackpoint>
<Trackpoint>
<Time>2026-09-03T01:52:53Z</Time>
<Position>
<LatitudeDegrees>43.2385382</LatitudeDegrees>
<LongitudeDegrees>117.3734457</LongitudeDegrees>
</Position>
<AltitudeMeters>1157.2</AltitudeMeters>
<DistanceMeters>17529.8</DistanceMeters>
<Extensions>
<ns3:TPX>
<ns3:Speed>4.59</ns3:Speed>
</ns3:TPX>
</Extensions>
</Trackpoint>
<Trackpoint>
<Time>2026-09-03T01:53:01Z</Time>
<Position>
<LatitudeDegrees>43.2385307</LatitudeDegrees>
<LongitudeDegrees>117.3738909</LongitudeDegrees>
</Position>
<AltitudeMeters>1157.2</AltitudeMeters>
<DistanceMeters>17565.9</DistanceMeters>
<Extensions>
<ns3:TPX>
<ns3:Speed>4.573</ns3:Speed>
</ns3:TPX>
</Extensions>
</Trackpoint>
<Trackpoint>
<Time>2026-09-03T01:53:09Z</Time>
<Position>
<LatitudeDegrees>43.2385530</LatitudeDegrees>
<LongitudeDegrees>117.3743463</LongitudeDegrees>
</Position>
<AltitudeMeters>1157.2</AltitudeMeters>
<DistanceMeters>17602.8</DistanceMeters>
<Extensions>
<ns3:TPX>
<ns3:Speed>4.653</ns3:Speed>
</ns3:TPX>
</Extensions>
</Trackpoint>
<Trackpoint>
<Time>2026-09-03T01:53:17Z</Time>
<Position>
<LatitudeDegrees>43.2385992</LatitudeDegrees>
<LongitudeDegrees>117.3748182</LongitudeDegrees>
</Position>
<AltitudeMeters>1157.0</AltitudeMeters>
<DistanceMeters>17641.3</DistanceMeters>
<Extensions>
<ns3:TPX>
<ns3:Speed>4.739</ns3:Speed>
</ns3:TPX>
</Extensions>
</Trackpoint>
<Trackpoint>
<Time>2026-09-03T01:53:26Z</Time>
<Position>
<LatitudeDegrees>43.2386665</LatitudeDegrees>
<LongitudeDegrees>117.3752835</LongitudeDegrees>
</Position>
<AltitudeMeters>1156.6</AltitudeMeters>
<DistanceMeters>17679.7</DistanceMeters>
<Extensions>
<ns3:TPX>
<ns3:Speed>4.648</ns3:Speed>
</ns3:TPX>
</Extensions>
</Trackpoint>
<Trackpoint>
<Time>2026-09-03T01:53:34Z</Time>
<Position>
<LatitudeDegrees>43.2387347</LatitudeDegrees>
<LongitudeDegrees>117.3757504</LongitudeDegrees>
</Position>
<AltitudeMeters>1156.4</AltitudeMeters>
<DistanceMeters>17718.2</DistanceMeters>
<Extensions>
<ns3:TPX>
<ns3:Speed>4.851</ns3:Speed>
</ns3:TPX>
</Extensions>
</Trackpoint>
<Trackpoint>
<Time>2026-09-03T01:53:42Z</Time>
<Position>
<LatitudeDegrees>43.2388089</LatitudeDegrees>
<LongitudeDegrees>117.3762552</LongitudeDegrees>
</Position>
<AltitudeMeters>1156.4</AltitudeMeters>
<DistanceMeters>17759.8</DistanceMeters>
<Extensions>
<ns3:TPX>
<ns3:Speed>5.602</ns3:Speed>
</ns3:TPX>
</Extensions>
</Trackpoint>
<Trackpoint>
<Time>2026-09-03T01:53:50Z</Time>
<Position>
<LatitudeDegrees>43.2388949</LatitudeDegrees>
<LongitudeDegrees>117.3768277</LongitudeDegrees>
</Position>
<AltitudeMeters>1155.8</AltitudeMeters>
<DistanceMeters>17807.1</DistanceMeters>
<Extensions>
<ns3:TPX>
<ns3:Speed>6.109</ns3:Speed>
</ns3:TPX>
</Extensions>
</Trackpoint>
<Trackpoint>
<Time>2026-09-03T01:53:58Z</Time>
<Position>
<LatitudeDegrees>43.2389826</LatitudeDegrees>
<LongitudeDegrees>117.3774268</LongitudeDegrees>
</Position>
<AltitudeMeters>1154.6</AltitudeMeters>
<DistanceMeters>17856.5</DistanceMeters>
<Extensions>
<ns3:TPX>
<ns3:Speed>6.302</ns3:Speed>
</ns3:TPX>
</Extensions>
</Trackpoint>
<Trackpoint>
<Time>2026-09-03T01:54:06Z</Time>
<Position>
<LatitudeDegrees>43.2390761</LatitudeDegrees>
<LongitudeDegrees>117.3780474</LongitudeDegrees>
</Position>
<AltitudeMeters>1154.0</AltitudeMeters>
<DistanceMeters>17907.8</DistanceMeters>
<Extensions>
<ns3:TPX>
<ns3:Speed>6.476</ns3:Speed>
</ns3:TPX>
</Extensions>
</Trackpoint>
<Trackpoint>
<Time>2026-09-03T01:54:14Z</Time>
<Position>
<LatitudeDegrees>43.2391714</LatitudeDegrees>
<LongitudeDegrees>117.3786767</LongitudeDegrees>
</Position>
<AltitudeMeters>1152.8</AltitudeMeters>
<DistanceMeters>17959.7</DistanceMeters>
<Extensions>
<ns3:TPX>
<ns3:Speed>6.702</ns3:Speed>
</ns3:TPX>
</Extensions>
</Trackpoint>
<Trackpoint>
<Time>2026-09-03T01:54:22Z</Time>
<Position>
<LatitudeDegrees>43.2392688</LatitudeDegrees>
<LongitudeDegrees>117.3793568</LongitudeDegrees>
</Position>
<AltitudeMeters>1151.2</AltitudeMeters>
<DistanceMeters>18015.8</DistanceMeters>
<Extensions>
<ns3:TPX>
<ns3:Speed>7.255</ns3:Speed>
</ns3:TPX>
</Extensions>
</Trackpoint>
<Trackpoint>
<Time>2026-09-03T01:54:30Z</Time>
<Position>
<LatitudeDegrees>43.2393566</LatitudeDegrees>
<LongitudeDegrees>117.3800816</LongitudeDegrees>
</Position>
<AltitudeMeters>1150.2</AltitudeMeters>
<DistanceMeters>18075.2</DistanceMeters>
<Extensions>
<ns3:TPX>
<ns3:Speed>7.634</ns3:Speed>
</ns3:TPX>
</Extensions>
</Trackpoint>
<Trackpoint>
<Time>2026-09-03T01:54:38Z</Time>
<Position>
<LatitudeDegrees>43.2394236</LatitudeDegrees>
<LongitudeDegrees>117.3808394</LongitudeDegrees>
</Position>
<AltitudeMeters>1149.2</AltitudeMeters>
<DistanceMeters>18136.9</DistanceMeters>
<Extensions>
<ns3:TPX>
<ns3:Speed>7.833</ns3:Speed>
</ns3:TPX>
</Extensions>
</Trackpoint>
<Trackpoint>
<Time>2026-09-03T01:54:46Z</Time>
<Position>
<LatitudeDegrees>43.2394697</LatitudeDegrees>
<LongitudeDegrees>117.3816204</LongitudeDegrees>
</Position>
<AltitudeMeters>1147.6</AltitudeMeters>
<DistanceMeters>18200.3</DistanceMeters>
<Extensions>
<ns3:TPX>
<ns3:Speed>8.031</ns3:Speed>
</ns3:TPX>
</Extensions>
</Trackpoint>
<Trackpoint>
<Time>2026-09-03T01:54:54Z</Time>
<Position>
<LatitudeDegrees>43.2395002</LatitudeDegrees>
<LongitudeDegrees>117.3824084</LongitudeDegrees>
</Position>
<AltitudeMeters>1146.6</AltitudeMeters>
<DistanceMeters>18264.1</DistanceMeters>
<Extensions>
<ns3:TPX>
<ns3:Speed>8.062</ns3:Speed>
</ns3:TPX>
</Extensions>
</Trackpoint>
<Trackpoint>
<Time>2026-09-03T01:55:02Z</Time>
<Position>
<LatitudeDegrees>43.2395243</LatitudeDegrees>
<LongitudeDegrees>117.3832979</LongitudeDegrees>
</Position>
<AltitudeMeters>1145.6</AltitudeMeters>
<DistanceMeters>18336.1</DistanceMeters>
<Extensions>
<ns3:TPX>
<ns3:Speed>8.143</ns3:Speed>
</ns3:TPX>
</Extensions>
</Trackpoint>
<Trackpoint>
<Time>2026-09-03T01:55:10Z</Time>
<Position>
<LatitudeDegrees>43.2395473</LatitudeDegrees>
<LongitudeDegrees>117.3840516</LongitudeDegrees>
</Position>
<AltitudeMeters>1144.8</AltitudeMeters>
<DistanceMeters>18397.1</DistanceMeters>
<Extensions>
<ns3:TPX>
<ns3:Speed>8.005</ns3:Speed>
</ns3:TPX>
</Extensions>
</Trackpoint>
<Trackpoint>
<Time>2026-09-03T01:55:18Z</Time>
<Position>
<LatitudeDegrees>43.2395741</LatitudeDegrees>
<LongitudeDegrees>117.3848859</LongitudeDegrees>
</Position>
<AltitudeMeters>1143.6</AltitudeMeters>
<DistanceMeters>18464.6</DistanceMeters>
<Extensions>
<ns3:TPX>
<ns3:Speed>7.77</ns3:Speed>
</ns3:TPX>
</Extensions>
</Trackpoint>
<Trackpoint>
<Time>2026-09-03T01:55:26Z</Time>
<Position>
<LatitudeDegrees>43.2395977</LatitudeDegrees>
<LongitudeDegrees>117.3856277</LongitudeDegrees>
</Position>
<AltitudeMeters>1143.2</AltitudeMeters>
<DistanceMeters>18524.7</DistanceMeters>
<Extensions>
<ns3:TPX>
<ns3:Speed>7.366</ns3:Speed>
</ns3:TPX>
</Extensions>
</Trackpoint>
<Trackpoint>
<Time>2026-09-03T01:55:34Z</Time>
<Position>
<LatitudeDegrees>43.2396169</LatitudeDegrees>
<LongitudeDegrees>117.3863351</LongitudeDegrees>
</Position>
<AltitudeMeters>1143.0</AltitudeMeters>
<DistanceMeters>18581.9</DistanceMeters>
<Extensions>
<ns3:TPX>
<ns3:Speed>7.05</ns3:Speed>
</ns3:TPX>
</Extensions>
</Trackpoint>
<Trackpoint>
<Time>2026-09-03T01:55:42Z</Time>
<Position>
<LatitudeDegrees>43.2396367</LatitudeDegrees>
<LongitudeDegrees>117.3870172</LongitudeDegrees>
</Position>
<AltitudeMeters>1142.2</AltitudeMeters>
<DistanceMeters>18637.1</DistanceMeters>
<Extensions>
<ns3:TPX>
<ns3:Speed>6.815</ns3:Speed>
</ns3:TPX>
</Extensions>
</Trackpoint>
<Trackpoint>
<Time>2026-09-03T01:55:51Z</Time>
<Position>
<LatitudeDegrees>43.2396588</LatitudeDegrees>
<LongitudeDegrees>117.3876718</LongitudeDegrees>
</Position>
<AltitudeMeters>1141.8</AltitudeMeters>
<DistanceMeters>18690.1</DistanceMeters>
<Extensions>
<ns3:TPX>
<ns3:Speed>6.389</ns3:Speed>
</ns3:TPX>
</Extensions>
</Trackpoint>
<Trackpoint>
<Time>2026-09-03T01:55:59Z</Time>
<Position>
<LatitudeDegrees>43.2396835</LatitudeDegrees>
<LongitudeDegrees>117.3882915</LongitudeDegrees>
</Position>
<AltitudeMeters>1141.0</AltitudeMeters>
<DistanceMeters>18740.3</DistanceMeters>
<Extensions>
<ns3:TPX>
<ns3:Speed>6.179</ns3:Speed>
</ns3:TPX>
</Extensions>
</Trackpoint>
<Trackpoint>
<Time>2026-09-03T01:56:07Z</Time>
<Position>
<LatitudeDegrees>43.2397181</LatitudeDegrees>
<LongitudeDegrees>117.3888805</LongitudeDegrees>
</Position>
<AltitudeMeters>1141.0</AltitudeMeters>
<DistanceMeters>18788.1</DistanceMeters>
<Extensions>
<ns3:TPX>
<ns3:Speed>5.871</ns3:Speed>
</ns3:TPX>
</Extensions>
</Trackpoint>
<Trackpoint>
<Time>2026-09-03T01:56:15Z</Time>
<Position>
<LatitudeDegrees>43.2397728</LatitudeDegrees>
<LongitudeDegrees>117.3894393</LongitudeDegrees>
</Position>
<AltitudeMeters>1140.6</AltitudeMeters>
<DistanceMeters>18833.7</DistanceMeters>
<Extensions>
<ns3:TPX>
<ns3:Speed>5.75</ns3:Speed>
</ns3:TPX>
</Extensions>
</Trackpoint>
<Trackpoint>
<Time>2026-09-03T01:56:23Z</Time>
<Position>
<LatitudeDegrees>43.2398459</LatitudeDegrees>
<LongitudeDegrees>117.3899840</LongitudeDegrees>
</Position>
<AltitudeMeters>1140.2</AltitudeMeters>
<DistanceMeters>18878.5</DistanceMeters>
<Extensions>
<ns3:TPX>
<ns3:Speed>5.542</ns3:Speed>
</ns3:TPX>
</Extensions>
</Trackpoint>
<Trackpoint>
<Time>2026-09-03T01:56:31Z</Time>
<Position>
<LatitudeDegrees>43.2399331</LatitudeDegrees>
<LongitudeDegrees>117.3905076</LongitudeDegrees>
</Position>
<AltitudeMeters>1140.0</AltitudeMeters>
<DistanceMeters>18921.9</DistanceMeters>
<Extensions>
<ns3:TPX>
<ns3:Speed>5.427</ns3:Speed>
</ns3:TPX>
</Extensions>
</Trackpoint>
<Trackpoint>
<Time>2026-09-03T01:56:39Z</Time>
<Position>
<LatitudeDegrees>43.2400319</LatitudeDegrees>
<LongitudeDegrees>117.3910215</LongitudeDegrees>
</Position>
<AltitudeMeters>1139.6</AltitudeMeters>
<DistanceMeters>18964.9</DistanceMeters>
<Extensions>
<ns3:TPX>
<ns3:Speed>5.405</ns3:Speed>
</ns3:TPX>
</Extensions>
</Trackpoint>
<Trackpoint>
<Time>2026-09-03T01:56:47Z</Time>
<Position>
<LatitudeDegrees>43.2401501</LatitudeDegrees>
<LongitudeDegrees>117.3915711</LongitudeDegrees>
</Position>
<AltitudeMeters>1138.8</AltitudeMeters>
<DistanceMeters>19011.2</DistanceMeters>
<Extensions>
<ns3:TPX>
<ns3:Speed>6.672</ns3:Speed>
</ns3:TPX>
</Extensions>
</Trackpoint>
<Trackpoint>
<Time>2026-09-03T01:56:55Z</Time>
<Position>
<LatitudeDegrees>43.2403015</LatitudeDegrees>
<LongitudeDegrees>117.3922723</LongitudeDegrees>
</Position>
<AltitudeMeters>1137.0</AltitudeMeters>
<DistanceMeters>19070.4</DistanceMeters>
<Extensions>
<ns3:TPX>
<ns3:Speed>8.051</ns3:Speed>
</ns3:TPX>
</Extensions>
</Trackpoint>
<Trackpoint>
<Time>2026-09-03T01:57:03Z</Time>
<Position>
<LatitudeDegrees>43.2404759</LatitudeDegrees>
<LongitudeDegrees>117.3930829</LongitudeDegrees>
</Position>
<AltitudeMeters>1135.0</AltitudeMeters>
<DistanceMeters>19138.7</DistanceMeters>
<Extensions>
<ns3:TPX>
<ns3:Speed>9.158</ns3:Speed>
</ns3:TPX>
</Extensions>
</Trackpoint>
<Trackpoint>
<Time>2026-09-03T01:57:11Z</Time>
<Position>
<LatitudeDegrees>43.2406805</LatitudeDegrees>
<LongitudeDegrees>117.3940405</LongitudeDegrees>
</Position>
<AltitudeMeters>1132.2</AltitudeMeters>
<DistanceMeters>19219.4</DistanceMeters>
<Extensions>
<ns3:TPX>
<ns3:Speed>9.861</ns3:Speed>
</ns3:TPX>
</Extensions>
</Trackpoint>
<Trackpoint>
<Time>2026-09-03T01:57:19Z</Time>
<Position>
<LatitudeDegrees>43.2408983</LatitudeDegrees>
<LongitudeDegrees>117.3950524</LongitudeDegrees>
</Position>
<AltitudeMeters>1128.0</AltitudeMeters>
<DistanceMeters>19304.8</DistanceMeters>
<Extensions>
<ns3:TPX>
<ns3:Speed>11.487</ns3:Speed>
</ns3:TPX>
</Extensions>
</Trackpoint>
<Trackpoint>
<Time>2026-09-03T01:57:21Z</Time>
<Position>
<LatitudeDegrees>43.2409630</LatitudeDegrees>
<LongitudeDegrees>117.3953543</LongitudeDegrees>
</Position>
<AltitudeMeters>1127.2</AltitudeMeters>
<DistanceMeters>19330.2</DistanceMeters>
<Extensions>
<ns3:TPX>
<ns3:Speed>11.91</ns3:Speed>
</ns3:TPX>
</Extensions>
</Trackpoint>
<Trackpoint>
<Time>2026-09-03T01:57:22Z</Time>
<Position>
<LatitudeDegrees>43.2410080</LatitudeDegrees>
<LongitudeDegrees>117.3955626</LongitudeDegrees>
</Position>
<AltitudeMeters>1126.8</AltitudeMeters>
<DistanceMeters>19347.8</DistanceMeters>
<Extensions>
<ns3:TPX>
<ns3:Speed>12.054</ns3:Speed>
</ns3:TPX>
</Extensions>
</Trackpoint>
<Trackpoint>
<Time>2026-09-03T01:57:27Z</Time>
<Position>
<LatitudeDegrees>43.2410978</LatitudeDegrees>
<LongitudeDegrees>117.3959790</LongitudeDegrees>
</Position>
<AltitudeMeters>1124.2</AltitudeMeters>
<DistanceMeters>19385.7</DistanceMeters>
<Extensions>
<ns3:TPX>
<ns3:Speed>12.415</ns3:Speed>
</ns3:TPX>
</Extensions>
</Trackpoint>
<Trackpoint>
<Time>2026-09-03T01:57:35Z</Time>
<Position>
<LatitudeDegrees>43.2414296</LatitudeDegrees>
<LongitudeDegrees>117.3975300</LongitudeDegrees>
</Position>
<AltitudeMeters>1121.0</AltitudeMeters>
<DistanceMeters>19516.4</DistanceMeters>
<Extensions>
<ns3:TPX>
<ns3:Speed>11.715</ns3:Speed>
</ns3:TPX>
</Extensions>
</Trackpoint>
<Trackpoint>
<Time>2026-09-03T01:57:43Z</Time>
<Position>
<LatitudeDegrees>43.2416419</LatitudeDegrees>
<LongitudeDegrees>117.3985275</LongitudeDegrees>
</Position>
<AltitudeMeters>1120.0</AltitudeMeters>
<DistanceMeters>19600.4</DistanceMeters>
<Extensions>
<ns3:TPX>
<ns3:Speed>9.939</ns3:Speed>
</ns3:TPX>
</Extensions>
</Trackpoint>
<Trackpoint>
<Time>2026-09-03T01:57:51Z</Time>
<Position>
<LatitudeDegrees>43.2418156</LatitudeDegrees>
<LongitudeDegrees>117.3993360</LongitudeDegrees>
</Position>
<AltitudeMeters>1120.4</AltitudeMeters>
<DistanceMeters>19668.6</DistanceMeters>
<Extensions>
<ns3:TPX>
<ns3:Speed>7.009</ns3:Speed>
</ns3:TPX>
</Extensions>
</Trackpoint>
<Trackpoint>
<Time>2026-09-03T01:57:59Z</Time>
<Position>
<LatitudeDegrees>43.2419244</LatitudeDegrees>
<LongitudeDegrees>117.3998453</LongitudeDegrees>
</Position>
<AltitudeMeters>1121.4</AltitudeMeters>
<DistanceMeters>19711.5</DistanceMeters>
<Extensions>
<ns3:TPX>
<ns3:Speed>3.862</ns3:Speed>
</ns3:TPX>
</Extensions>
</Trackpoint>
<Trackpoint>
<Time>2026-09-03T01:58:07Z</Time>
<Position>
<LatitudeDegrees>43.2419901</LatitudeDegrees>
<LongitudeDegrees>117.4001487</LongitudeDegrees>
</Position>
<AltitudeMeters>1122.6</AltitudeMeters>
<DistanceMeters>19737.1</DistanceMeters>
<Extensions>
<ns3:TPX>
<ns3:Speed>2.865</ns3:Speed>
</ns3:TPX>
</Extensions>
</Trackpoint>
<Trackpoint>
<Time>2026-09-03T01:58:16Z</Time>
<Position>
<LatitudeDegrees>43.2420413</LatitudeDegrees>
<LongitudeDegrees>117.4003953</LongitudeDegrees>
</Position>
<AltitudeMeters>1123.6</AltitudeMeters>
<DistanceMeters>19757.8</DistanceMeters>
<Extensions>
<ns3:TPX>
<ns3:Speed>2.443</ns3:Speed>
</ns3:TPX>
</Extensions>
</Trackpoint>
<Trackpoint>
<Time>2026-09-03T01:58:24Z</Time>
<Position>
<LatitudeDegrees>43.2420950</LatitudeDegrees>
<LongitudeDegrees>117.4006252</LongitudeDegrees>
</Position>
<AltitudeMeters>1124.4</AltitudeMeters>
<DistanceMeters>19777.4</DistanceMeters>
<Extensions>
<ns3:TPX>
<ns3:Speed>2.034</ns3:Speed>
</ns3:TPX>
</Extensions>
</Trackpoint>
<Trackpoint>
<Time>2026-09-03T01:58:32Z</Time>
<Position>
<LatitudeDegrees>43.2421358</LatitudeDegrees>
<LongitudeDegrees>117.4008316</LongitudeDegrees>
</Position>
<AltitudeMeters>1125.0</AltitudeMeters>
<DistanceMeters>19794.7</DistanceMeters>
<Extensions>
<ns3:TPX>
<ns3:Speed>2.2</ns3:Speed>
</ns3:TPX>
</Extensions>
</Trackpoint>
<Trackpoint>
<Time>2026-09-03T01:58:40Z</Time>
<Position>
<LatitudeDegrees>43.2421811</LatitudeDegrees>
<LongitudeDegrees>117.4010262</LongitudeDegrees>
</Position>
<AltitudeMeters>1125.4</AltitudeMeters>
<DistanceMeters>19811.2</DistanceMeters>
<Extensions>
<ns3:TPX>
<ns3:Speed>2.008</ns3:Speed>
</ns3:TPX>
</Extensions>
</Trackpoint>
<Trackpoint>
<Time>2026-09-03T01:58:48Z</Time>
<Position>
<LatitudeDegrees>43.2422201</LatitudeDegrees>
<LongitudeDegrees>117.4012126</LongitudeDegrees>
</Position>
<AltitudeMeters>1126.2</AltitudeMeters>
<DistanceMeters>19826.9</DistanceMeters>
<Extensions>
<ns3:TPX>
<ns3:Speed>1.994</ns3:Speed>
</ns3:TPX>
</Extensions>
</Trackpoint>
<Trackpoint>
<Time>2026-09-03T01:58:56Z</Time>
<Position>
<LatitudeDegrees>43.2422596</LatitudeDegrees>
<LongitudeDegrees>117.4014012</LongitudeDegrees>
</Position>
<AltitudeMeters>1126.8</AltitudeMeters>
<DistanceMeters>19842.7</DistanceMeters>
<Extensions>
<ns3:TPX>
<ns3:Speed>1.989</ns3:Speed>
</ns3:TPX>
</Extensions>
</Trackpoint>
<Trackpoint>
<Time>2026-09-03T01:59:04Z</Time>
<Position>
<LatitudeDegrees>43.2422988</LatitudeDegrees>
<LongitudeDegrees>117.4015846</LongitudeDegrees>
</Position>
<AltitudeMeters>1127.4</AltitudeMeters>
<DistanceMeters>19858.2</DistanceMeters>
<Extensions>
<ns3:TPX>
<ns3:Speed>1.942</ns3:Speed>
</ns3:TPX>
</Extensions>
</Trackpoint>
<Trackpoint>
<Time>2026-09-03T01:59:12Z</Time>
<Position>
<LatitudeDegrees>43.2423425</LatitudeDegrees>
<LongitudeDegrees>117.4017724</LongitudeDegrees>
</Position>
<AltitudeMeters>1128.0</AltitudeMeters>
<DistanceMeters>19874.1</DistanceMeters>
<Extensions>
<ns3:TPX>
<ns3:Speed>2.035</ns3:Speed>
</ns3:TPX>
</Extensions>
</Trackpoint>
<Trackpoint>
<Time>2026-09-03T01:59:20Z</Time>
<Position>
<LatitudeDegrees>43.2423908</LatitudeDegrees>
<LongitudeDegrees>117.4019567</LongitudeDegrees>
</Position>
<AltitudeMeters>1128.8</AltitudeMeters>
<DistanceMeters>19890.0</DistanceMeters>
<Extensions>
<ns3:TPX>
<ns3:Speed>1.957</ns3:Speed>
</ns3:TPX>
</Extensions>
</Trackpoint>
<Trackpoint>
<Time>2026-09-03T01:59:28Z</Time>
<Position>
<LatitudeDegrees>43.2424428</LatitudeDegrees>
<LongitudeDegrees>117.4021363</LongitudeDegrees>
</Position>
<AltitudeMeters>1129.4</AltitudeMeters>
<DistanceMeters>19905.6</DistanceMeters>
<Extensions>
<ns3:TPX>
<ns3:Speed>1.974</ns3:Speed>
</ns3:TPX>
</Extensions>
</Trackpoint>
<Trackpoint>
<Time>2026-09-03T01:59:36Z</Time>
<Position>
<LatitudeDegrees>43.2425039</LatitudeDegrees>
<LongitudeDegrees>117.4023086</LongitudeDegrees>
</Position>
<AltitudeMeters>1130.2</AltitudeMeters>
<DistanceMeters>19921.2</DistanceMeters>
<Extensions>
<ns3:TPX>
<ns3:Speed>1.93</ns3:Speed>
</ns3:TPX>
</Extensions>
</Trackpoint>
<Trackpoint>
<Time>2026-09-03T01:59:44Z</Time>
<Position>
<LatitudeDegrees>43.2425649</LatitudeDegrees>
<LongitudeDegrees>117.4024722</LongitudeDegrees>
</Position>
<AltitudeMeters>1131.0</AltitudeMeters>
<DistanceMeters>19936.0</DistanceMeters>
<Extensions>
<ns3:TPX>
<ns3:Speed>1.879</ns3:Speed>
</ns3:TPX>
</Extensions>
</Trackpoint>
<Trackpoint>
<Time>2026-09-03T01:59:52Z</Time>
<Position>
<LatitudeDegrees>43.2426340</LatitudeDegrees>
<LongitudeDegrees>117.4026249</LongitudeDegrees>
</Position>
<AltitudeMeters>1131.6</AltitudeMeters>
<DistanceMeters>19950.6</DistanceMeters>
<Extensions>
<ns3:TPX>
<ns3:Speed>1.903</ns3:Speed>
</ns3:TPX>
</Extensions>
</Trackpoint>
<Trackpoint>
<Time>2026-09-03T02:00:00Z</Time>
<Position>
<LatitudeDegrees>43.2427279</LatitudeDegrees>
<LongitudeDegrees>117.4028083</LongitudeDegrees>
</Position>
<AltitudeMeters>1132.4</AltitudeMeters>
<DistanceMeters>19968.7</DistanceMeters>
<Extensions>
<ns3:TPX>
<ns3:Speed>1.924</ns3:Speed>
</ns3:TPX>
</Extensions>
</Trackpoint>
<Trackpoint>
<Time>2026-09-03T02:00:05Z</Time>
<Position>
<LatitudeDegrees>43.2427783</LatitudeDegrees>
<LongitudeDegrees>117.4028981</LongitudeDegrees>
</Position>
<AltitudeMeters>1132.8</AltitudeMeters>
<DistanceMeters>19977.9</DistanceMeters>
<Extensions>
<ns3:TPX>
<ns3:Speed>1.865</ns3:Speed>
</ns3:TPX>
</Extensions>
</Trackpoint>
<Trackpoint>
<Time>2026-09-03T02:00:13Z</Time>
<Position>
<LatitudeDegrees>43.2428649</LatitudeDegrees>
<LongitudeDegrees>117.4030352</LongitudeDegrees>
</Position>
<AltitudeMeters>1133.4</AltitudeMeters>
<DistanceMeters>19992.6</DistanceMeters>
<Extensions>
<ns3:TPX>
<ns3:Speed>1.878</ns3:Speed>
</ns3:TPX>
</Extensions>
</Trackpoint>
<Trackpoint>
<Time>2026-09-03T02:00:21Z</Time>
<Position>
<LatitudeDegrees>43.2429651</LatitudeDegrees>
<LongitudeDegrees>117.4031618</LongitudeDegrees>
</Position>
<AltitudeMeters>1133.8</AltitudeMeters>
<DistanceMeters>20007.7</DistanceMeters>
<Extensions>
<ns3:TPX>
<ns3:Speed>1.959</ns3:Speed>
</ns3:TPX>
</Extensions>
</Trackpoint>
<Trackpoint>
<Time>2026-09-03T02:00:29Z</Time>
<Position>
<LatitudeDegrees>43.2430608</LatitudeDegrees>
<LongitudeDegrees>117.4032993</LongitudeDegrees>
</Position>
<AltitudeMeters>1134.4</AltitudeMeters>
<DistanceMeters>20023.1</DistanceMeters>
<Extensions>
<ns3:TPX>
<ns3:Speed>1.875</ns3:Speed>
</ns3:TPX>
</Extensions>
</Trackpoint>
<Trackpoint>
<Time>2026-09-03T02:00:38Z</Time>
<Position>
<LatitudeDegrees>43.2431683</LatitudeDegrees>
<LongitudeDegrees>117.4034219</LongitudeDegrees>
</Position>
<AltitudeMeters>1135.0</AltitudeMeters>
<DistanceMeters>20038.6</DistanceMeters>
<Extensions>
<ns3:TPX>
<ns3:Speed>1.939</ns3:Speed>
</ns3:TPX>
</Extensions>
</Trackpoint>
<Trackpoint>
<Time>2026-09-03T02:00:46Z</Time>
<Position>
<LatitudeDegrees>43.2432858</LatitudeDegrees>
<LongitudeDegrees>117.4035487</LongitudeDegrees>
</Position>
<AltitudeMeters>1135.4</AltitudeMeters>
<DistanceMeters>20055.2</DistanceMeters>
<Extensions>
<ns3:TPX>
<ns3:Speed>1.963</ns3:Speed>
</ns3:TPX>
</Extensions>
</Trackpoint>
<Trackpoint>
<Time>2026-09-03T02:00:54Z</Time>
<Position>
<LatitudeDegrees>43.2434048</LatitudeDegrees>
<LongitudeDegrees>117.4036700</LongitudeDegrees>
</Position>
<AltitudeMeters>1136.0</AltitudeMeters>
<DistanceMeters>20071.7</DistanceMeters>
<Extensions>
<ns3:TPX>
<ns3:Speed>2.061</ns3:Speed>
</ns3:TPX>
</Extensions>
</Trackpoint>
<Trackpoint>
<Time>2026-09-03T02:01:02Z</Time>
<Position>
<LatitudeDegrees>43.2435301</LatitudeDegrees>
<LongitudeDegrees>117.4037868</LongitudeDegrees>
</Position>
<AltitudeMeters>1136.6</AltitudeMeters>
<DistanceMeters>20088.5</DistanceMeters>
<Extensions>
<ns3:TPX>
<ns3:Speed>2.158</ns3:Speed>
</ns3:TPX>
</Extensions>
</Trackpoint>
<Trackpoint>
<Time>2026-09-03T02:01:05Z</Time>
<Position>
<LatitudeDegrees>43.2435777</LatitudeDegrees>
<LongitudeDegrees>117.4038335</LongitudeDegrees>
</Position>
<AltitudeMeters>1136.8</AltitudeMeters>
<DistanceMeters>20095.0</DistanceMeters>
<Extensions>
<ns3:TPX>
<ns3:Speed>2.119</ns3:Speed>
</ns3:TPX>
</Extensions>
</Trackpoint>
<Trackpoint>
<Time>2026-09-03T02:01:13Z</Time>
<Position>
<LatitudeDegrees>43.2436976</LatitudeDegrees>
<LongitudeDegrees>117.4039515</LongitudeDegrees>
</Position>
<AltitudeMeters>1137.4</AltitudeMeters>
<DistanceMeters>20111.4</DistanceMeters>
<Extensions>
<ns3:TPX>
<ns3:Speed>2.024</ns3:Speed>
</ns3:TPX>
</Extensions>
</Trackpoint>
<Trackpoint>
<Time>2026-09-03T02:01:21Z</Time>
<Position>
<LatitudeDegrees>43.2438160</LatitudeDegrees>
<LongitudeDegrees>117.4040764</LongitudeDegrees>
</Position>
<AltitudeMeters>1138.0</AltitudeMeters>
<DistanceMeters>20128.0</DistanceMeters>
<Extensions>
<ns3:TPX>
<ns3:Speed>2.097</ns3:Speed>
</ns3:TPX>
</Extensions>
</Trackpoint>
<Trackpoint>
<Time>2026-09-03T02:01:29Z</Time>
<Position>
<LatitudeDegrees>43.2439298</LatitudeDegrees>
<LongitudeDegrees>117.4042053</LongitudeDegrees>
</Position>
<AltitudeMeters>1138.6</AltitudeMeters>
<DistanceMeters>20144.3</DistanceMeters>
<Extensions>
<ns3:TPX>
<ns3:Speed>2.017</ns3:Speed>
</ns3:TPX>
</Extensions>
</Trackpoint>
<Trackpoint>
<Time>2026-09-03T02:01:37Z</Time>
<Position>
<LatitudeDegrees>43.2440334</LatitudeDegrees>
<LongitudeDegrees>117.4043409</LongitudeDegrees>
</Position>
<AltitudeMeters>1139.2</AltitudeMeters>
<DistanceMeters>20160.2</DistanceMeters>
<Extensions>
<ns3:TPX>
<ns3:Speed>2.039</ns3:Speed>
</ns3:TPX>
</Extensions>
</Trackpoint>
<Trackpoint>
<Time>2026-09-03T02:01:45Z</Time>
<Position>
<LatitudeDegrees>43.2441314</LatitudeDegrees>
<LongitudeDegrees>117.4044955</LongitudeDegrees>
</Position>
<AltitudeMeters>1139.8</AltitudeMeters>
<DistanceMeters>20176.8</DistanceMeters>
<Extensions>
<ns3:TPX>
<ns3:Speed>2.061</ns3:Speed>
</ns3:TPX>
</Extensions>
</Trackpoint>
<Trackpoint>
<Time>2026-09-03T02:01:53Z</Time>
<Position>
<LatitudeDegrees>43.2442159</LatitudeDegrees>
<LongitudeDegrees>117.4046510</LongitudeDegrees>
</Position>
<AltitudeMeters>1140.2</AltitudeMeters>
<DistanceMeters>20192.5</DistanceMeters>
<Extensions>
<ns3:TPX>
<ns3:Speed>2.065</ns3:Speed>
</ns3:TPX>
</Extensions>
</Trackpoint>
<Trackpoint>
<Time>2026-09-03T02:01:55Z</Time>
<Position>
<LatitudeDegrees>43.2442368</LatitudeDegrees>
<LongitudeDegrees>117.4046929</LongitudeDegrees>
</Position>
<AltitudeMeters>1140.4</AltitudeMeters>
<DistanceMeters>20196.6</DistanceMeters>
<Extensions>
<ns3:TPX>
<ns3:Speed>2.04</ns3:Speed>
</ns3:TPX>
</Extensions>
</Trackpoint>
<Trackpoint>
<Time>2026-09-03T02:02:03Z</Time>
<Position>
<LatitudeDegrees>43.2443123</LatitudeDegrees>
<LongitudeDegrees>117.4048627</LongitudeDegrees>
</Position>
<AltitudeMeters>1140.8</AltitudeMeters>
<DistanceMeters>20212.7</DistanceMeters>
<Extensions>
<ns3:TPX>
<ns3:Speed>2.209</ns3:Speed>
</ns3:TPX>
</Extensions>
</Trackpoint>
<Trackpoint>
<Time>2026-09-03T02:02:11Z</Time>
<Position>
<LatitudeDegrees>43.2443945</LatitudeDegrees>
<LongitudeDegrees>117.4051145</LongitudeDegrees>
</Position>
<AltitudeMeters>1141.2</AltitudeMeters>
<DistanceMeters>20235.0</DistanceMeters>
<Extensions>
<ns3:TPX>
<ns3:Speed>2.74</ns3:Speed>
</ns3:TPX>
</Extensions>
</Trackpoint>
<Trackpoint>
<Time>2026-09-03T02:02:19Z</Time>
<Position>
<LatitudeDegrees>43.2444548</LatitudeDegrees>
<LongitudeDegrees>117.4053840</LongitudeDegrees>
</Position>
<AltitudeMeters>1141.6</AltitudeMeters>
<DistanceMeters>20257.8</DistanceMeters>
<Extensions>
<ns3:TPX>
<ns3:Speed>3.03</ns3:Speed>
</ns3:TPX>
</Extensions>
</Trackpoint>
<Trackpoint>
<Time>2026-09-03T02:02:27Z</Time>
<Position>
<LatitudeDegrees>43.2445044</LatitudeDegrees>
<LongitudeDegrees>117.4057011</LongitudeDegrees>
</Position>
<AltitudeMeters>1141.6</AltitudeMeters>
<DistanceMeters>20284.1</DistanceMeters>
<Extensions>
<ns3:TPX>
<ns3:Speed>3.236</ns3:Speed>
</ns3:TPX>
</Extensions>
</Trackpoint>
<Trackpoint>
<Time>2026-09-03T02:02:35Z</Time>
<Position>
<LatitudeDegrees>43.2445354</LatitudeDegrees>
<LongitudeDegrees>117.4060443</LongitudeDegrees>
</Position>
<AltitudeMeters>1141.6</AltitudeMeters>
<DistanceMeters>20312.1</DistanceMeters>
<Extensions>
<ns3:TPX>
<ns3:Speed>3.768</ns3:Speed>
</ns3:TPX>
</Extensions>
</Trackpoint>
<Trackpoint>
<Time>2026-09-03T02:02:43Z</Time>
<Position>
<LatitudeDegrees>43.2445650</LatitudeDegrees>
<LongitudeDegrees>117.4064423</LongitudeDegrees>
</Position>
<AltitudeMeters>1141.4</AltitudeMeters>
<DistanceMeters>20344.4</DistanceMeters>
<Extensions>
<ns3:TPX>
<ns3:Speed>4.241</ns3:Speed>
</ns3:TPX>
</Extensions>
</Trackpoint>
<Trackpoint>
<Time>2026-09-03T02:02:51Z</Time>
<Position>
<LatitudeDegrees>43.2445983</LatitudeDegrees>
<LongitudeDegrees>117.4068690</LongitudeDegrees>
</Position>
<AltitudeMeters>1141.2</AltitudeMeters>
<DistanceMeters>20379.1</DistanceMeters>
<Extensions>
<ns3:TPX>
<ns3:Speed>4.628</ns3:Speed>
</ns3:TPX>
</Extensions>
</Trackpoint>
<Trackpoint>
<Time>2026-09-03T02:03:00Z</Time>
<Position>
<LatitudeDegrees>43.2446301</LatitudeDegrees>
<LongitudeDegrees>117.4073251</LongitudeDegrees>
</Position>
<AltitudeMeters>1140.8</AltitudeMeters>
<DistanceMeters>20416.2</DistanceMeters>
<Extensions>
<ns3:TPX>
<ns3:Speed>4.664</ns3:Speed>
</ns3:TPX>
</Extensions>
</Trackpoint>
<Trackpoint>
<Time>2026-09-03T02:03:08Z</Time>
<Position>
<LatitudeDegrees>43.2446634</LatitudeDegrees>
<LongitudeDegrees>117.4077850</LongitudeDegrees>
</Position>
<AltitudeMeters>1140.4</AltitudeMeters>
<DistanceMeters>20453.5</DistanceMeters>
<Extensions>
<ns3:TPX>
<ns3:Speed>4.816</ns3:Speed>
</ns3:TPX>
</Extensions>
</Trackpoint>
<Trackpoint>
<Time>2026-09-03T02:03:16Z</Time>
<Position>
<LatitudeDegrees>43.2446951</LatitudeDegrees>
<LongitudeDegrees>117.4082922</LongitudeDegrees>
</Position>
<AltitudeMeters>1139.6</AltitudeMeters>
<DistanceMeters>20494.7</DistanceMeters>
<Extensions>
<ns3:TPX>
<ns3:Speed>5.427</ns3:Speed>
</ns3:TPX>
</Extensions>
</Trackpoint>
<Trackpoint>
<Time>2026-09-03T02:03:24Z</Time>
<Position>
<LatitudeDegrees>43.2447340</LatitudeDegrees>
<LongitudeDegrees>117.4088327</LongitudeDegrees>
</Position>
<AltitudeMeters>1139.4</AltitudeMeters>
<DistanceMeters>20538.6</DistanceMeters>
<Extensions>
<ns3:TPX>
<ns3:Speed>5.571</ns3:Speed>
</ns3:TPX>
</Extensions>
</Trackpoint>
<Trackpoint>
<Time>2026-09-03T02:03:32Z</Time>
<Position>
<LatitudeDegrees>43.2447711</LatitudeDegrees>
<LongitudeDegrees>117.4093485</LongitudeDegrees>
</Position>
<AltitudeMeters>1139.4</AltitudeMeters>
<DistanceMeters>20580.5</DistanceMeters>
<Extensions>
<ns3:TPX>
<ns3:Speed>4.891</ns3:Speed>
</ns3:TPX>
</Extensions>
</Trackpoint>
<Trackpoint>
<Time>2026-09-03T02:03:40Z</Time>
<Position>
<LatitudeDegrees>43.2448008</LatitudeDegrees>
<LongitudeDegrees>117.4098043</LongitudeDegrees>
</Position>
<AltitudeMeters>1139.6</AltitudeMeters>
<DistanceMeters>20617.5</DistanceMeters>
<Extensions>
<ns3:TPX>
<ns3:Speed>4.402</ns3:Speed>
</ns3:TPX>
</Extensions>
</Trackpoint>
<Trackpoint>
<Time>2026-09-03T02:03:48Z</Time>
<Position>
<LatitudeDegrees>43.2448311</LatitudeDegrees>
<LongitudeDegrees>117.4102153</LongitudeDegrees>
</Position>
<AltitudeMeters>1140.4</AltitudeMeters>
<DistanceMeters>20650.9</DistanceMeters>
<Extensions>
<ns3:TPX>
<ns3:Speed>4.012</ns3:Speed>
</ns3:TPX>
</Extensions>
</Trackpoint>
<Trackpoint>
<Time>2026-09-03T02:03:56Z</Time>
<Position>
<LatitudeDegrees>43.2448602</LatitudeDegrees>
<LongitudeDegrees>117.4105712</LongitudeDegrees>
</Position>
<AltitudeMeters>1141.0</AltitudeMeters>
<DistanceMeters>20679.9</DistanceMeters>
<Extensions>
<ns3:TPX>
<ns3:Speed>2.93</ns3:Speed>
</ns3:TPX>
</Extensions>
</Trackpoint>
<Trackpoint>
<Time>2026-09-03T02:04:04Z</Time>
<Position>
<LatitudeDegrees>43.2448811</LatitudeDegrees>
<LongitudeDegrees>117.4108385</LongitudeDegrees>
</Position>
<AltitudeMeters>1142.0</AltitudeMeters>
<DistanceMeters>20701.6</DistanceMeters>
<Extensions>
<ns3:TPX>
<ns3:Speed>2.726</ns3:Speed>
</ns3:TPX>
</Extensions>
</Trackpoint>
<Trackpoint>
<Time>2026-09-03T02:04:12Z</Time>
<Position>
<LatitudeDegrees>43.2448963</LatitudeDegrees>
<LongitudeDegrees>117.4111088</LongitudeDegrees>
</Position>
<AltitudeMeters>1142.6</AltitudeMeters>
<DistanceMeters>20723.5</DistanceMeters>
<Extensions>
<ns3:TPX>
<ns3:Speed>2.728</ns3:Speed>
</ns3:TPX>
</Extensions>
</Trackpoint>
<Trackpoint>
<Time>2026-09-03T02:04:20Z</Time>
<Position>
<LatitudeDegrees>43.2449160</LatitudeDegrees>
<LongitudeDegrees>117.4113772</LongitudeDegrees>
</Position>
<AltitudeMeters>1143.2</AltitudeMeters>
<DistanceMeters>20745.3</DistanceMeters>
<Extensions>
<ns3:TPX>
<ns3:Speed>2.725</ns3:Speed>
</ns3:TPX>
</Extensions>
</Trackpoint>
<Trackpoint>
<Time>2026-09-03T02:04:28Z</Time>
<Position>
<LatitudeDegrees>43.2449339</LatitudeDegrees>
<LongitudeDegrees>117.4116475</LongitudeDegrees>
</Position>
<AltitudeMeters>1143.8</AltitudeMeters>
<DistanceMeters>20767.3</DistanceMeters>
<Extensions>
<ns3:TPX>
<ns3:Speed>2.75</ns3:Speed>
</ns3:TPX>
</Extensions>
</Trackpoint>
<Trackpoint>
<Time>2026-09-03T02:04:36Z</Time>
<Position>
<LatitudeDegrees>43.2449513</LatitudeDegrees>
<LongitudeDegrees>117.4119011</LongitudeDegrees>
</Position>
<AltitudeMeters>1144.6</AltitudeMeters>
<DistanceMeters>20787.9</DistanceMeters>
<Extensions>
<ns3:TPX>
<ns3:Speed>2.767</ns3:Speed>
</ns3:TPX>
</Extensions>
</Trackpoint>
<Trackpoint>
<Time>2026-09-03T02:04:44Z</Time>
<Position>
<LatitudeDegrees>43.2449726</LatitudeDegrees>
<LongitudeDegrees>117.4122186</LongitudeDegrees>
</Position>
<AltitudeMeters>1145.0</AltitudeMeters>
<DistanceMeters>20813.7</DistanceMeters>
<Extensions>
<ns3:TPX>
<ns3:Speed>2.769</ns3:Speed>
</ns3:TPX>
</Extensions>
</Trackpoint>
<Trackpoint>
<Time>2026-09-03T02:04:52Z</Time>
<Position>
<LatitudeDegrees>43.2449925</LatitudeDegrees>
<LongitudeDegrees>117.4125009</LongitudeDegrees>
</Position>
<AltitudeMeters>1145.4</AltitudeMeters>
<DistanceMeters>20836.6</DistanceMeters>
<Extensions>
<ns3:TPX>
<ns3:Speed>3.059</ns3:Speed>
</ns3:TPX>
</Extensions>
</Trackpoint>
<Trackpoint>
<Time>2026-09-03T02:05:00Z</Time>
<Position>
<LatitudeDegrees>43.2450137</LatitudeDegrees>
<LongitudeDegrees>117.4128152</LongitudeDegrees>
</Position>
<AltitudeMeters>1145.8</AltitudeMeters>
<DistanceMeters>20862.1</DistanceMeters>
<Extensions>
<ns3:TPX>
<ns3:Speed>3.424</ns3:Speed>
</ns3:TPX>
</Extensions>
</Trackpoint>
<Trackpoint>
<Time>2026-09-03T02:05:08Z</Time>
<Position>
<LatitudeDegrees>43.2450366</LatitudeDegrees>
<LongitudeDegrees>117.4131784</LongitudeDegrees>
</Position>
<AltitudeMeters>1146.0</AltitudeMeters>
<DistanceMeters>20891.6</DistanceMeters>
<Extensions>
<ns3:TPX>
<ns3:Speed>4.025</ns3:Speed>
</ns3:TPX>
</Extensions>
</Trackpoint>
<Trackpoint>
<Time>2026-09-03T02:05:17Z</Time>
<Position>
<LatitudeDegrees>43.2450658</LatitudeDegrees>
<LongitudeDegrees>117.4135713</LongitudeDegrees>
</Position>
<AltitudeMeters>1146.0</AltitudeMeters>
<DistanceMeters>20923.6</DistanceMeters>
<Extensions>
<ns3:TPX>
<ns3:Speed>4.037</ns3:Speed>
</ns3:TPX>
</Extensions>
</Trackpoint>
<Trackpoint>
<Time>2026-09-03T02:05:25Z</Time>
<Position>
<LatitudeDegrees>43.2450939</LatitudeDegrees>
<LongitudeDegrees>117.4139878</LongitudeDegrees>
</Position>
<AltitudeMeters>1145.8</AltitudeMeters>
<DistanceMeters>20957.4</DistanceMeters>
<Extensions>
<ns3:TPX>
<ns3:Speed>4.4</ns3:Speed>
</ns3:TPX>
</Extensions>
</Trackpoint>
<Trackpoint>
<Time>2026-09-03T02:05:33Z</Time>
<Position>
<LatitudeDegrees>43.2451240</LatitudeDegrees>
<LongitudeDegrees>117.4144392</LongitudeDegrees>
</Position>
<AltitudeMeters>1145.4</AltitudeMeters>
<DistanceMeters>20994.0</DistanceMeters>
<Extensions>
<ns3:TPX>
<ns3:Speed>4.632</ns3:Speed>
</ns3:TPX>
</Extensions>
</Trackpoint>
<Trackpoint>
<Time>2026-09-03T02:05:41Z</Time>
<Position>
<LatitudeDegrees>43.2451575</LatitudeDegrees>
<LongitudeDegrees>117.4148932</LongitudeDegrees>
</Position>
<AltitudeMeters>1145.4</AltitudeMeters>
<DistanceMeters>21030.9</DistanceMeters>
<Extensions>
<ns3:TPX>
<ns3:Speed>4.254</ns3:Speed>
</ns3:TPX>
</Extensions>
</Trackpoint>
<Trackpoint>
<Time>2026-09-03T02:05:49Z</Time>
<Position>
<LatitudeDegrees>43.2452062</LatitudeDegrees>
<LongitudeDegrees>117.4153428</LongitudeDegrees>
</Position>
<AltitudeMeters>1145.4</AltitudeMeters>
<DistanceMeters>21067.7</DistanceMeters>
<Extensions>
<ns3:TPX>
<ns3:Speed>4.638</ns3:Speed>
</ns3:TPX>
</Extensions>
</Trackpoint>
<Trackpoint>
<Time>2026-09-03T02:05:57Z</Time>
<Position>
<LatitudeDegrees>43.2452639</LatitudeDegrees>
<LongitudeDegrees>117.4157883</LongitudeDegrees>
</Position>
<AltitudeMeters>1145.6</AltitudeMeters>
<DistanceMeters>21104.3</DistanceMeters>
<Extensions>
<ns3:TPX>
<ns3:Speed>4.568</ns3:Speed>
</ns3:TPX>
</Extensions>
</Trackpoint>
<Trackpoint>
<Time>2026-09-03T02:06:05Z</Time>
<Position>
<LatitudeDegrees>43.2453336</LatitudeDegrees>
<LongitudeDegrees>117.4162311</LongitudeDegrees>
</Position>
<AltitudeMeters>1145.4</AltitudeMeters>
<DistanceMeters>21140.9</DistanceMeters>
<Extensions>
<ns3:TPX>
<ns3:Speed>4.6</ns3:Speed>
</ns3:TPX>
</Extensions>
</Trackpoint>
<Trackpoint>
<Time>2026-09-03T02:06:13Z</Time>
<Position>
<LatitudeDegrees>43.2454094</LatitudeDegrees>
<LongitudeDegrees>117.4166662</LongitudeDegrees>
</Position>
<AltitudeMeters>1145.2</AltitudeMeters>
<DistanceMeters>21177.1</DistanceMeters>
<Extensions>
<ns3:TPX>
<ns3:Speed>4.493</ns3:Speed>
</ns3:TPX>
</Extensions>
</Trackpoint>
<Trackpoint>
<Time>2026-09-03T02:06:21Z</Time>
<Position>
<LatitudeDegrees>43.2454857</LatitudeDegrees>
<LongitudeDegrees>117.4171105</LongitudeDegrees>
</Position>
<AltitudeMeters>1145.0</AltitudeMeters>
<DistanceMeters>21214.0</DistanceMeters>
<Extensions>
<ns3:TPX>
<ns3:Speed>4.975</ns3:Speed>
</ns3:TPX>
</Extensions>
</Trackpoint>
<Trackpoint>
<Time>2026-09-03T02:06:29Z</Time>
<Position>
<LatitudeDegrees>43.2455809</LatitudeDegrees>
<LongitudeDegrees>117.4176541</LongitudeDegrees>
</Position>
<AltitudeMeters>1144.0</AltitudeMeters>
<DistanceMeters>21259.2</DistanceMeters>
<Extensions>
<ns3:TPX>
<ns3:Speed>6.579</ns3:Speed>
</ns3:TPX>
</Extensions>
</Trackpoint>
<Trackpoint>
<Time>2026-09-03T02:06:37Z</Time>
<Position>
<LatitudeDegrees>43.2457053</LatitudeDegrees>
<LongitudeDegrees>117.4183403</LongitudeDegrees>
</Position>
<AltitudeMeters>1141.6</AltitudeMeters>
<DistanceMeters>21316.4</DistanceMeters>
<Extensions>
<ns3:TPX>
<ns3:Speed>7.661</ns3:Speed>
</ns3:TPX>
</Extensions>
</Trackpoint>
<Trackpoint>
<Time>2026-09-03T02:06:45Z</Time>
<Position>
<LatitudeDegrees>43.2458411</LatitudeDegrees>
<LongitudeDegrees>117.4191403</LongitudeDegrees>
</Position>
<AltitudeMeters>1138.0</AltitudeMeters>
<DistanceMeters>21382.8</DistanceMeters>
<Extensions>
<ns3:TPX>
<ns3:Speed>9.51</ns3:Speed>
</ns3:TPX>
</Extensions>
</Trackpoint>
<Trackpoint>
<Time>2026-09-03T02:06:53Z</Time>
<Position>
<LatitudeDegrees>43.2459750</LatitudeDegrees>
<LongitudeDegrees>117.4201226</LongitudeDegrees>
</Position>
<AltitudeMeters>1133.2</AltitudeMeters>
<DistanceMeters>21463.6</DistanceMeters>
<Extensions>
<ns3:TPX>
<ns3:Speed>10.166</ns3:Speed>
</ns3:TPX>
</Extensions>
</Trackpoint>
<Trackpoint>
<Time>2026-09-03T02:07:01Z</Time>
<Position>
<LatitudeDegrees>43.2460851</LatitudeDegrees>
<LongitudeDegrees>117.4212974</LongitudeDegrees>
</Position>
<AltitudeMeters>1128.0</AltitudeMeters>
<DistanceMeters>21559.4</DistanceMeters>
<Extensions>
<ns3:TPX>
<ns3:Speed>11.513</ns3:Speed>
</ns3:TPX>
</Extensions>
</Trackpoint>
<Trackpoint>
<Time>2026-09-03T02:07:06Z</Time>
<Position>
<LatitudeDegrees>43.2461488</LatitudeDegrees>
<LongitudeDegrees>117.4220757</LongitudeDegrees>
</Position>
<AltitudeMeters>1124.6</AltitudeMeters>
<DistanceMeters>21622.7</DistanceMeters>
<Extensions>
<ns3:TPX>
<ns3:Speed>12.565</ns3:Speed>
</ns3:TPX>
</Extensions>
</Trackpoint>
<Trackpoint>
<Time>2026-09-03T02:07:15Z</Time>
<Position>
<LatitudeDegrees>43.2462664</LatitudeDegrees>
<LongitudeDegrees>117.4234410</LongitudeDegrees>
</Position>
<AltitudeMeters>1118.2</AltitudeMeters>
<DistanceMeters>21733.9</DistanceMeters>
<Extensions>
<ns3:TPX>
<ns3:Speed>12.613</ns3:Speed>
</ns3:TPX>
</Extensions>
</Trackpoint>
<Trackpoint>
<Time>2026-09-03T02:07:16Z</Time>
<Position>
<LatitudeDegrees>43.2462802</LatitudeDegrees>
<LongitudeDegrees>117.4236011</LongitudeDegrees>
</Position>
<AltitudeMeters>1117.8</AltitudeMeters>
<DistanceMeters>21746.9</DistanceMeters>
<Extensions>
<ns3:TPX>
<ns3:Speed>12.678</ns3:Speed>
</ns3:TPX>
</Extensions>
</Trackpoint>
<Trackpoint>
<Time>2026-09-03T02:07:24Z</Time>
<Position>
<LatitudeDegrees>43.2463825</LatitudeDegrees>
<LongitudeDegrees>117.4248354</LongitudeDegrees>
</Position>
<AltitudeMeters>1114.2</AltitudeMeters>
<DistanceMeters>21847.3</DistanceMeters>
<Extensions>
<ns3:TPX>
<ns3:Speed>12.295</ns3:Speed>
</ns3:TPX>
</Extensions>
</Trackpoint>
<Trackpoint>
<Time>2026-09-03T02:07:32Z</Time>
<Position>
<LatitudeDegrees>43.2464786</LatitudeDegrees>
<LongitudeDegrees>117.4259899</LongitudeDegrees>
</Position>
<AltitudeMeters>1112.2</AltitudeMeters>
<DistanceMeters>21941.3</DistanceMeters>
<Extensions>
<ns3:TPX>
<ns3:Speed>11.138</ns3:Speed>
</ns3:TPX>
</Extensions>
</Trackpoint>
<Trackpoint>
<Time>2026-09-03T02:07:41Z</Time>
<Position>
<LatitudeDegrees>43.2465705</LatitudeDegrees>
<LongitudeDegrees>117.4270287</LongitudeDegrees>
</Position>
<AltitudeMeters>1110.8</AltitudeMeters>
<DistanceMeters>22025.9</DistanceMeters>
<Extensions>
<ns3:TPX>
<ns3:Speed>10.099</ns3:Speed>
</ns3:TPX>
</Extensions>
</Trackpoint>
<Trackpoint>
<Time>2026-09-03T02:07:49Z</Time>
<Position>
<LatitudeDegrees>43.2466506</LatitudeDegrees>
<LongitudeDegrees>117.4279665</LongitudeDegrees>
</Position>
<AltitudeMeters>1110.0</AltitudeMeters>
<DistanceMeters>22102.3</DistanceMeters>
<Extensions>
<ns3:TPX>
<ns3:Speed>9.107</ns3:Speed>
</ns3:TPX>
</Extensions>
</Trackpoint>
<Trackpoint>
<Time>2026-09-03T02:07:57Z</Time>
<Position>
<LatitudeDegrees>43.2467268</LatitudeDegrees>
<LongitudeDegrees>117.4288117</LongitudeDegrees>
</Position>
<AltitudeMeters>1109.6</AltitudeMeters>
<DistanceMeters>22171.1</DistanceMeters>
<Extensions>
<ns3:TPX>
<ns3:Speed>8.349</ns3:Speed>
</ns3:TPX>
</Extensions>
</Trackpoint>
<Trackpoint>
<Time>2026-09-03T02:08:05Z</Time>
<Position>
<LatitudeDegrees>43.2467929</LatitudeDegrees>
<LongitudeDegrees>117.4296023</LongitudeDegrees>
</Position>
<AltitudeMeters>1109.0</AltitudeMeters>
<DistanceMeters>22235.5</DistanceMeters>
<Extensions>
<ns3:TPX>
<ns3:Speed>7.853</ns3:Speed>
</ns3:TPX>
</Extensions>
</Trackpoint>
<Trackpoint>
<Time>2026-09-03T02:08:13Z</Time>
<Position>
<LatitudeDegrees>43.2468554</LatitudeDegrees>
<LongitudeDegrees>117.4303452</LongitudeDegrees>
</Position>
<AltitudeMeters>1108.6</AltitudeMeters>
<DistanceMeters>22295.9</DistanceMeters>
<Extensions>
<ns3:TPX>
<ns3:Speed>7.301</ns3:Speed>
</ns3:TPX>
</Extensions>
</Trackpoint>
<Trackpoint>
<Time>2026-09-03T02:08:21Z</Time>
<Position>
<LatitudeDegrees>43.2469104</LatitudeDegrees>
<LongitudeDegrees>117.4310333</LongitudeDegrees>
</Position>
<AltitudeMeters>1108.4</AltitudeMeters>
<DistanceMeters>22351.9</DistanceMeters>
<Extensions>
<ns3:TPX>
<ns3:Speed>6.899</ns3:Speed>
</ns3:TPX>
</Extensions>
</Trackpoint>
<Trackpoint>
<Time>2026-09-03T02:08:29Z</Time>
<Position>
<LatitudeDegrees>43.2469620</LatitudeDegrees>
<LongitudeDegrees>117.4317083</LongitudeDegrees>
</Position>
<AltitudeMeters>1107.4</AltitudeMeters>
<DistanceMeters>22406.8</DistanceMeters>
<Extensions>
<ns3:TPX>
<ns3:Speed>6.883</ns3:Speed>
</ns3:TPX>
</Extensions>
</Trackpoint>
<Trackpoint>
<Time>2026-09-03T02:08:37Z</Time>
<Position>
<LatitudeDegrees>43.2470191</LatitudeDegrees>
<LongitudeDegrees>117.4323862</LongitudeDegrees>
</Position>
<AltitudeMeters>1106.6</AltitudeMeters>
<DistanceMeters>22462.0</DistanceMeters>
<Extensions>
<ns3:TPX>
<ns3:Speed>7.163</ns3:Speed>
</ns3:TPX>
</Extensions>
</Trackpoint>
<Trackpoint>
<Time>2026-09-03T02:08:45Z</Time>
<Position>
<LatitudeDegrees>43.2470797</LatitudeDegrees>
<LongitudeDegrees>117.4331090</LongitudeDegrees>
</Position>
<AltitudeMeters>1105.6</AltitudeMeters>
<DistanceMeters>22520.8</DistanceMeters>
<Extensions>
<ns3:TPX>
<ns3:Speed>7.694</ns3:Speed>
</ns3:TPX>
</Extensions>
</Trackpoint>
<Trackpoint>
<Time>2026-09-03T02:08:53Z</Time>
<Position>
<LatitudeDegrees>43.2471483</LatitudeDegrees>
<LongitudeDegrees>117.4338974</LongitudeDegrees>
</Position>
<AltitudeMeters>1104.0</AltitudeMeters>
<DistanceMeters>22585.0</DistanceMeters>
<Extensions>
<ns3:TPX>
<ns3:Speed>8.313</ns3:Speed>
</ns3:TPX>
</Extensions>
</Trackpoint>
<Trackpoint>
<Time>2026-09-03T02:09:01Z</Time>
<Position>
<LatitudeDegrees>43.2472193</LatitudeDegrees>
<LongitudeDegrees>117.4347393</LongitudeDegrees>
</Position>
<AltitudeMeters>1102.2</AltitudeMeters>
<DistanceMeters>22653.5</DistanceMeters>
<Extensions>
<ns3:TPX>
<ns3:Speed>9.193</ns3:Speed>
</ns3:TPX>
</Extensions>
</Trackpoint>
<Trackpoint>
<Time>2026-09-03T02:09:09Z</Time>
<Position>
<LatitudeDegrees>43.2472974</LatitudeDegrees>
<LongitudeDegrees>117.4356743</LongitudeDegrees>
</Position>
<AltitudeMeters>1100.0</AltitudeMeters>
<DistanceMeters>22729.6</DistanceMeters>
<Extensions>
<ns3:TPX>
<ns3:Speed>9.851</ns3:Speed>
</ns3:TPX>
</Extensions>
</Trackpoint>
<Trackpoint>
<Time>2026-09-03T02:09:17Z</Time>
<Position>
<LatitudeDegrees>43.2473845</LatitudeDegrees>
<LongitudeDegrees>117.4366748</LongitudeDegrees>
</Position>
<AltitudeMeters>1098.2</AltitudeMeters>
<DistanceMeters>22811.1</DistanceMeters>
<Extensions>
<ns3:TPX>
<ns3:Speed>9.918</ns3:Speed>
</ns3:TPX>
</Extensions>
</Trackpoint>
<Trackpoint>
<Time>2026-09-03T02:09:25Z</Time>
<Position>
<LatitudeDegrees>43.2474675</LatitudeDegrees>
<LongitudeDegrees>117.4376994</LongitudeDegrees>
</Position>
<AltitudeMeters>1096.2</AltitudeMeters>
<DistanceMeters>22894.4</DistanceMeters>
<Extensions>
<ns3:TPX>
<ns3:Speed>9.501</ns3:Speed>
</ns3:TPX>
</Extensions>
</Trackpoint>
<Trackpoint>
<Time>2026-09-03T02:09:33Z</Time>
<Position>
<LatitudeDegrees>43.2475436</LatitudeDegrees>
<LongitudeDegrees>117.4385992</LongitudeDegrees>
</Position>
<AltitudeMeters>1095.6</AltitudeMeters>
<DistanceMeters>22967.7</DistanceMeters>
<Extensions>
<ns3:TPX>
<ns3:Speed>8.889</ns3:Speed>
</ns3:TPX>
</Extensions>
</Trackpoint>
<Trackpoint>
<Time>2026-09-03T02:09:40Z</Time>
<Position>
<LatitudeDegrees>43.2475948</LatitudeDegrees>
<LongitudeDegrees>117.4393720</LongitudeDegrees>
</Position>
<AltitudeMeters>1094.8</AltitudeMeters>
<DistanceMeters>23030.5</DistanceMeters>
<Extensions>
<ns3:TPX>
<ns3:Speed>8.415</ns3:Speed>
</ns3:TPX>
</Extensions>
</Trackpoint>
<Trackpoint>
<Time>2026-09-03T02:09:48Z</Time>
<Position>
<LatitudeDegrees>43.2475824</LatitudeDegrees>
<LongitudeDegrees>117.4401615</LongitudeDegrees>
</Position>
<AltitudeMeters>1094.2</AltitudeMeters>
<DistanceMeters>23094.3</DistanceMeters>
<Extensions>
<ns3:TPX>
<ns3:Speed>7.785</ns3:Speed>
</ns3:TPX>
</Extensions>
</Trackpoint>
<Trackpoint>
<Time>2026-09-03T02:09:56Z</Time>
<Position>
<LatitudeDegrees>43.2475163</LatitudeDegrees>
<LongitudeDegrees>117.4408917</LongitudeDegrees>
</Position>
<AltitudeMeters>1093.6</AltitudeMeters>
<DistanceMeters>23153.9</DistanceMeters>
<Extensions>
<ns3:TPX>
<ns3:Speed>7.287</ns3:Speed>
</ns3:TPX>
</Extensions>
</Trackpoint>
<Trackpoint>
<Time>2026-09-03T02:10:05Z</Time>
<Position>
<LatitudeDegrees>43.2474005</LatitudeDegrees>
<LongitudeDegrees>117.4415687</LongitudeDegrees>
</Position>
<AltitudeMeters>1092.8</AltitudeMeters>
<DistanceMeters>23210.1</DistanceMeters>
<Extensions>
<ns3:TPX>
<ns3:Speed>6.909</ns3:Speed>
</ns3:TPX>
</Extensions>
</Trackpoint>
<Trackpoint>
<Time>2026-09-03T02:10:13Z</Time>
<Position>
<LatitudeDegrees>43.2472472</LatitudeDegrees>
<LongitudeDegrees>117.4422014</LongitudeDegrees>
</Position>
<AltitudeMeters>1092.0</AltitudeMeters>
<DistanceMeters>23264.0</DistanceMeters>
<Extensions>
<ns3:TPX>
<ns3:Speed>6.682</ns3:Speed>
</ns3:TPX>
</Extensions>
</Trackpoint>
<Trackpoint>
<Time>2026-09-03T02:10:21Z</Time>
<Position>
<LatitudeDegrees>43.2471006</LatitudeDegrees>
<LongitudeDegrees>117.4428126</LongitudeDegrees>
</Position>
<AltitudeMeters>1092.2</AltitudeMeters>
<DistanceMeters>23316.1</DistanceMeters>
<Extensions>
<ns3:TPX>
<ns3:Speed>6.372</ns3:Speed>
</ns3:TPX>
</Extensions>
</Trackpoint>
<Trackpoint>
<Time>2026-09-03T02:10:29Z</Time>
<Position>
<LatitudeDegrees>43.2469450</LatitudeDegrees>
<LongitudeDegrees>117.4433975</LongitudeDegrees>
</Position>
<AltitudeMeters>1091.6</AltitudeMeters>
<DistanceMeters>23366.4</DistanceMeters>
<Extensions>
<ns3:TPX>
<ns3:Speed>6.196</ns3:Speed>
</ns3:TPX>
</Extensions>
</Trackpoint>
<Trackpoint>
<Time>2026-09-03T02:10:37Z</Time>
<Position>
<LatitudeDegrees>43.2467988</LatitudeDegrees>
<LongitudeDegrees>117.4439753</LongitudeDegrees>
</Position>
<AltitudeMeters>1091.2</AltitudeMeters>
<DistanceMeters>23415.9</DistanceMeters>
<Extensions>
<ns3:TPX>
<ns3:Speed>6.384</ns3:Speed>
</ns3:TPX>
</Extensions>
</Trackpoint>
<Trackpoint>
<Time>2026-09-03T02:10:45Z</Time>
<Position>
<LatitudeDegrees>43.2466400</LatitudeDegrees>
<LongitudeDegrees>117.4445887</LongitudeDegrees>
</Position>
<AltitudeMeters>1090.8</AltitudeMeters>
<DistanceMeters>23468.5</DistanceMeters>
<Extensions>
<ns3:TPX>
<ns3:Speed>6.462</ns3:Speed>
</ns3:TPX>
</Extensions>
</Trackpoint>
<Trackpoint>
<Time>2026-09-03T02:10:53Z</Time>
<Position>
<LatitudeDegrees>43.2464903</LatitudeDegrees>
<LongitudeDegrees>117.4451844</LongitudeDegrees>
</Position>
<AltitudeMeters>1090.2</AltitudeMeters>
<DistanceMeters>23519.5</DistanceMeters>
<Extensions>
<ns3:TPX>
<ns3:Speed>6.579</ns3:Speed>
</ns3:TPX>
</Extensions>
</Trackpoint>
<Trackpoint>
<Time>2026-09-03T02:11:01Z</Time>
<Position>
<LatitudeDegrees>43.2463386</LatitudeDegrees>
<LongitudeDegrees>117.4457835</LongitudeDegrees>
</Position>
<AltitudeMeters>1089.4</AltitudeMeters>
<DistanceMeters>23570.8</DistanceMeters>
<Extensions>
<ns3:TPX>
<ns3:Speed>6.288</ns3:Speed>
</ns3:TPX>
</Extensions>
</Trackpoint>
<Trackpoint>
<Time>2026-09-03T02:11:09Z</Time>
<Position>
<LatitudeDegrees>43.2461875</LatitudeDegrees>
<LongitudeDegrees>117.4463755</LongitudeDegrees>
</Position>
<AltitudeMeters>1089.0</AltitudeMeters>
<DistanceMeters>23621.5</DistanceMeters>
<Extensions>
<ns3:TPX>
<ns3:Speed>6.615</ns3:Speed>
</ns3:TPX>
</Extensions>
</Trackpoint>
<Trackpoint>
<Time>2026-09-03T02:11:17Z</Time>
<Position>
<LatitudeDegrees>43.2460271</LatitudeDegrees>
<LongitudeDegrees>117.4469863</LongitudeDegrees>
</Position>
<AltitudeMeters>1088.8</AltitudeMeters>
<DistanceMeters>23674.0</DistanceMeters>
<Extensions>
<ns3:TPX>
<ns3:Speed>6.576</ns3:Speed>
</ns3:TPX>
</Extensions>
</Trackpoint>
<Trackpoint>
<Time>2026-09-03T02:11:25Z</Time>
<Position>
<LatitudeDegrees>43.2458337</LatitudeDegrees>
<LongitudeDegrees>117.4475842</LongitudeDegrees>
</Position>
<AltitudeMeters>1087.8</AltitudeMeters>
<DistanceMeters>23726.9</DistanceMeters>
<Extensions>
<ns3:TPX>
<ns3:Speed>6.754</ns3:Speed>
</ns3:TPX>
</Extensions>
</Trackpoint>
<Trackpoint>
<Time>2026-09-03T02:11:33Z</Time>
<Position>
<LatitudeDegrees>43.2455840</LatitudeDegrees>
<LongitudeDegrees>117.4481751</LongitudeDegrees>
</Position>
<AltitudeMeters>1087.0</AltitudeMeters>
<DistanceMeters>23782.2</DistanceMeters>
<Extensions>
<ns3:TPX>
<ns3:Speed>7.105</ns3:Speed>
</ns3:TPX>
</Extensions>
</Trackpoint>
<Trackpoint>
<Time>2026-09-03T02:11:41Z</Time>
<Position>
<LatitudeDegrees>43.2453058</LatitudeDegrees>
<LongitudeDegrees>117.4487825</LongitudeDegrees>
</Position>
<AltitudeMeters>1086.0</AltitudeMeters>
<DistanceMeters>23840.2</DistanceMeters>
<Extensions>
<ns3:TPX>
<ns3:Speed>7.469</ns3:Speed>
</ns3:TPX>
</Extensions>
</Trackpoint>
<Trackpoint>
<Time>2026-09-03T02:11:49Z</Time>
<Position>
<LatitudeDegrees>43.2449893</LatitudeDegrees>
<LongitudeDegrees>117.4494901</LongitudeDegrees>
</Position>
<AltitudeMeters>1085.2</AltitudeMeters>
<DistanceMeters>23907.3</DistanceMeters>
<Extensions>
<ns3:TPX>
<ns3:Speed>7.761</ns3:Speed>
</ns3:TPX>
</Extensions>
</Trackpoint>
<Trackpoint>
<Time>2026-09-03T02:11:57Z</Time>
<Position>
<LatitudeDegrees>43.2446909</LatitudeDegrees>
<LongitudeDegrees>117.4501806</LongitudeDegrees>
</Position>
<AltitudeMeters>1084.0</AltitudeMeters>
<DistanceMeters>23972.2</DistanceMeters>
<Extensions>
<ns3:TPX>
<ns3:Speed>7.994</ns3:Speed>
</ns3:TPX>
</Extensions>
</Trackpoint>
<Trackpoint>
<Time>2026-09-03T02:12:05Z</Time>
<Position>
<LatitudeDegrees>43.2444216</LatitudeDegrees>
<LongitudeDegrees>117.4508586</LongitudeDegrees>
</Position>
<AltitudeMeters>1082.6</AltitudeMeters>
<DistanceMeters>24034.7</DistanceMeters>
<Extensions>
<ns3:TPX>
<ns3:Speed>7.59</ns3:Speed>
</ns3:TPX>
</Extensions>
</Trackpoint>
<Trackpoint>
<Time>2026-09-03T02:12:13Z</Time>
<Position>
<LatitudeDegrees>43.2441757</LatitudeDegrees>
<LongitudeDegrees>117.4514846</LongitudeDegrees>
</Position>
<AltitudeMeters>1082.2</AltitudeMeters>
<DistanceMeters>24092.2</DistanceMeters>
<Extensions>
<ns3:TPX>
<ns3:Speed>6.919</ns3:Speed>
</ns3:TPX>
</Extensions>
</Trackpoint>
<Trackpoint>
<Time>2026-09-03T02:12:21Z</Time>
<Position>
<LatitudeDegrees>43.2439704</LatitudeDegrees>
<LongitudeDegrees>117.4520534</LongitudeDegrees>
</Position>
<AltitudeMeters>1082.0</AltitudeMeters>
<DistanceMeters>24143.5</DistanceMeters>
<Extensions>
<ns3:TPX>
<ns3:Speed>5.974</ns3:Speed>
</ns3:TPX>
</Extensions>
</Trackpoint>
<Trackpoint>
<Time>2026-09-03T02:12:30Z</Time>
<Position>
<LatitudeDegrees>43.2437858</LatitudeDegrees>
<LongitudeDegrees>117.4525940</LongitudeDegrees>
</Position>
<AltitudeMeters>1082.0</AltitudeMeters>
<DistanceMeters>24191.8</DistanceMeters>
<Extensions>
<ns3:TPX>
<ns3:Speed>6.089</ns3:Speed>
</ns3:TPX>
</Extensions>
</Trackpoint>
<Trackpoint>
<Time>2026-09-03T02:12:38Z</Time>
<Position>
<LatitudeDegrees>43.2436162</LatitudeDegrees>
<LongitudeDegrees>117.4531305</LongitudeDegrees>
</Position>
<AltitudeMeters>1082.0</AltitudeMeters>
<DistanceMeters>24239.1</DistanceMeters>
<Extensions>
<ns3:TPX>
<ns3:Speed>5.789</ns3:Speed>
</ns3:TPX>
</Extensions>
</Trackpoint>
<Trackpoint>
<Time>2026-09-03T02:12:46Z</Time>
<Position>
<LatitudeDegrees>43.2434577</LatitudeDegrees>
<LongitudeDegrees>117.4536449</LongitudeDegrees>
</Position>
<AltitudeMeters>1082.0</AltitudeMeters>
<DistanceMeters>24284.3</DistanceMeters>
<Extensions>
<ns3:TPX>
<ns3:Speed>5.538</ns3:Speed>
</ns3:TPX>
</Extensions>
</Trackpoint>
<Trackpoint>
<Time>2026-09-03T02:12:54Z</Time>
<Position>
<LatitudeDegrees>43.2433135</LatitudeDegrees>
<LongitudeDegrees>117.4541416</LongitudeDegrees>
</Position>
<AltitudeMeters>1081.6</AltitudeMeters>
<DistanceMeters>24327.5</DistanceMeters>
<Extensions>
<ns3:TPX>
<ns3:Speed>5.383</ns3:Speed>
</ns3:TPX>
</Extensions>
</Trackpoint>
<Trackpoint>
<Time>2026-09-03T02:13:02Z</Time>
<Position>
<LatitudeDegrees>43.2431749</LatitudeDegrees>
<LongitudeDegrees>117.4546421</LongitudeDegrees>
</Position>
<AltitudeMeters>1081.0</AltitudeMeters>
<DistanceMeters>24370.8</DistanceMeters>
<Extensions>
<ns3:TPX>
<ns3:Speed>5.536</ns3:Speed>
</ns3:TPX>
</Extensions>
</Trackpoint>
<Trackpoint>
<Time>2026-09-03T02:13:09Z</Time>
<Position>
<LatitudeDegrees>43.2430494</LatitudeDegrees>
<LongitudeDegrees>117.4550601</LongitudeDegrees>
</Position>
<AltitudeMeters>1080.6</AltitudeMeters>
<DistanceMeters>24407.4</DistanceMeters>
<Extensions>
<ns3:TPX>
<ns3:Speed>3.923</ns3:Speed>
</ns3:TPX>
</Extensions>
</Trackpoint>
<Trackpoint>
<Time>2026-09-03T02:13:15Z</Time>
<Position>
<LatitudeDegrees>43.2429939</LatitudeDegrees>
<LongitudeDegrees>117.4551863</LongitudeDegrees>
</Position>
<AltitudeMeters>1080.2</AltitudeMeters>
<DistanceMeters>24417.2</DistanceMeters>
<Extensions>
<ns3:TPX>
<ns3:Speed>0.0</ns3:Speed>
</ns3:TPX>
</Extensions>
</Trackpoint>
<Trackpoint>
<Time>2026-09-03T02:14:26Z</Time>
<Position>
<LatitudeDegrees>43.2428865</LatitudeDegrees>
<LongitudeDegrees>117.4555636</LongitudeDegrees>
</Position>
<AltitudeMeters>1079.8</AltitudeMeters>
<DistanceMeters>24450.0</DistanceMeters>
<Extensions>
<ns3:TPX>
<ns3:Speed>3.993</ns3:Speed>
</ns3:TPX>
</Extensions>
</Trackpoint>
<Trackpoint>
<Time>2026-09-03T02:14:34Z</Time>
<Position>
<LatitudeDegrees>43.2427713</LatitudeDegrees>
<LongitudeDegrees>117.4559643</LongitudeDegrees>
</Position>
<AltitudeMeters>1079.2</AltitudeMeters>
<DistanceMeters>24484.8</DistanceMeters>
<Extensions>
<ns3:TPX>
<ns3:Speed>4.518</ns3:Speed>
</ns3:TPX>
</Extensions>
</Trackpoint>
<Trackpoint>
<Time>2026-09-03T02:14:39Z</Time>
<Position>
<LatitudeDegrees>43.2427085</LatitudeDegrees>
<LongitudeDegrees>117.4562276</LongitudeDegrees>
</Position>
<AltitudeMeters>1078.8</AltitudeMeters>
<DistanceMeters>24507.3</DistanceMeters>
<Extensions>
<ns3:TPX>
<ns3:Speed>3.934</ns3:Speed>
</ns3:TPX>
</Extensions>
</Trackpoint>
<Trackpoint>
<Time>2026-09-03T02:14:44Z</Time>
<Position>
<LatitudeDegrees>43.2426829</LatitudeDegrees>
<LongitudeDegrees>117.4564503</LongitudeDegrees>
</Position>
<AltitudeMeters>1078.4</AltitudeMeters>
<DistanceMeters>24525.6</DistanceMeters>
<Extensions>
<ns3:TPX>
<ns3:Speed>4.047</ns3:Speed>
</ns3:TPX>
</Extensions>
</Trackpoint>
<Trackpoint>
<Time>2026-09-03T02:14:46Z</Time>
<Position>
<LatitudeDegrees>43.2426795</LatitudeDegrees>
<LongitudeDegrees>117.4565516</LongitudeDegrees>
</Position>
<AltitudeMeters>1078.2</AltitudeMeters>
<DistanceMeters>24533.9</DistanceMeters>
<Extensions>
<ns3:TPX>
<ns3:Speed>4.934</ns3:Speed>
</ns3:TPX>
</Extensions>
</Trackpoint>
<Trackpoint>
<Time>2026-09-03T02:14:53Z</Time>
<Position>
<LatitudeDegrees>43.2425279</LatitudeDegrees>
<LongitudeDegrees>117.4569246</LongitudeDegrees>
</Position>
<AltitudeMeters>1077.8</AltitudeMeters>
<DistanceMeters>24568.5</DistanceMeters>
<Extensions>
<ns3:TPX>
<ns3:Speed>6.4</ns3:Speed>
</ns3:TPX>
</Extensions>
</Trackpoint>
<Trackpoint>
<Time>2026-09-03T02:15:01Z</Time>
<Position>
<LatitudeDegrees>43.2423639</LatitudeDegrees>
<LongitudeDegrees>117.4575669</LongitudeDegrees>
</Position>
<AltitudeMeters>1077.0</AltitudeMeters>
<DistanceMeters>24623.6</DistanceMeters>
<Extensions>
<ns3:TPX>
<ns3:Speed>7.026</ns3:Speed>
</ns3:TPX>
</Extensions>
</Trackpoint>
<Trackpoint>
<Time>2026-09-03T02:15:09Z</Time>
<Position>
<LatitudeDegrees>43.2422219</LatitudeDegrees>
<LongitudeDegrees>117.4582551</LongitudeDegrees>
</Position>
<AltitudeMeters>1076.2</AltitudeMeters>
<DistanceMeters>24681.4</DistanceMeters>
<Extensions>
<ns3:TPX>
<ns3:Speed>7.423</ns3:Speed>
</ns3:TPX>
</Extensions>
</Trackpoint>
<Trackpoint>
<Time>2026-09-03T02:15:14Z</Time>
<Position>
<LatitudeDegrees>43.2421684</LatitudeDegrees>
<LongitudeDegrees>117.4587090</LongitudeDegrees>
</Position>
<AltitudeMeters>1076.0</AltitudeMeters>
<DistanceMeters>24718.6</DistanceMeters>
<Extensions>
<ns3:TPX>
<ns3:Speed>7.494</ns3:Speed>
</ns3:TPX>
</Extensions>
</Trackpoint>
<Trackpoint>
<Time>2026-09-03T02:15:19Z</Time>
<Position>
<LatitudeDegrees>43.2421784</LatitudeDegrees>
<LongitudeDegrees>117.4591721</LongitudeDegrees>
</Position>
<AltitudeMeters>1075.6</AltitudeMeters>
<DistanceMeters>24756.2</DistanceMeters>
<Extensions>
<ns3:TPX>
<ns3:Speed>7.476</ns3:Speed>
</ns3:TPX>
</Extensions>
</Trackpoint>
<Trackpoint>
<Time>2026-09-03T02:15:24Z</Time>
<Position>
<LatitudeDegrees>43.2422516</LatitudeDegrees>
<LongitudeDegrees>117.4596218</LongitudeDegrees>
</Position>
<AltitudeMeters>1075.0</AltitudeMeters>
<DistanceMeters>24793.4</DistanceMeters>
<Extensions>
<ns3:TPX>
<ns3:Speed>7.481</ns3:Speed>
</ns3:TPX>
</Extensions>
</Trackpoint>
<Trackpoint>
<Time>2026-09-03T02:15:29Z</Time>
<Position>
<LatitudeDegrees>43.2423855</LatitudeDegrees>
<LongitudeDegrees>117.4600484</LongitudeDegrees>
</Position>
<AltitudeMeters>1074.4</AltitudeMeters>
<DistanceMeters>24831.1</DistanceMeters>
<Extensions>
<ns3:TPX>
<ns3:Speed>7.626</ns3:Speed>
</ns3:TPX>
</Extensions>
</Trackpoint>
<Trackpoint>
<Time>2026-09-03T02:15:34Z</Time>
<Position>
<LatitudeDegrees>43.2425825</LatitudeDegrees>
<LongitudeDegrees>117.4604418</LongitudeDegrees>
</Position>
<AltitudeMeters>1073.4</AltitudeMeters>
<DistanceMeters>24869.7</DistanceMeters>
<Extensions>
<ns3:TPX>
<ns3:Speed>7.717</ns3:Speed>
</ns3:TPX>
</Extensions>
</Trackpoint>
<Trackpoint>
<Time>2026-09-03T02:15:39Z</Time>
<Position>
<LatitudeDegrees>43.2428329</LatitudeDegrees>
<LongitudeDegrees>117.4607911</LongitudeDegrees>
</Position>
<AltitudeMeters>1072.4</AltitudeMeters>
<DistanceMeters>24909.4</DistanceMeters>
<Extensions>
<ns3:TPX>
<ns3:Speed>8.088</ns3:Speed>
</ns3:TPX>
</Extensions>
</Trackpoint>
<Trackpoint>
<Time>2026-09-03T02:15:47Z</Time>
<Position>
<LatitudeDegrees>43.2432960</LatitudeDegrees>
<LongitudeDegrees>117.4612940</LongitudeDegrees>
</Position>
<AltitudeMeters>1071.4</AltitudeMeters>
<DistanceMeters>24974.9</DistanceMeters>
<Extensions>
<ns3:TPX>
<ns3:Speed>8.403</ns3:Speed>
</ns3:TPX>
</Extensions>
</Trackpoint>
<Trackpoint>
<Time>2026-09-03T02:15:55Z</Time>
<Position>
<LatitudeDegrees>43.2437773</LatitudeDegrees>
<LongitudeDegrees>117.4618134</LongitudeDegrees>
</Position>
<AltitudeMeters>1070.2</AltitudeMeters>
<DistanceMeters>25042.9</DistanceMeters>
<Extensions>
<ns3:TPX>
<ns3:Speed>8.666</ns3:Speed>
</ns3:TPX>
</Extensions>
</Trackpoint>
<Trackpoint>
<Time>2026-09-03T02:16:03Z</Time>
<Position>
<LatitudeDegrees>43.2442613</LatitudeDegrees>
<LongitudeDegrees>117.4623390</LongitudeDegrees>
</Position>
<AltitudeMeters>1069.8</AltitudeMeters>
<DistanceMeters>25111.4</DistanceMeters>
<Extensions>
<ns3:TPX>
<ns3:Speed>8.265</ns3:Speed>
</ns3:TPX>
</Extensions>
</Trackpoint>
<Trackpoint>
<Time>2026-09-03T02:16:11Z</Time>
<Position>
<LatitudeDegrees>43.2447080</LatitudeDegrees>
<LongitudeDegrees>117.4628217</LongitudeDegrees>
</Position>
<AltitudeMeters>1068.4</AltitudeMeters>
<DistanceMeters>25174.5</DistanceMeters>
<Extensions>
<ns3:TPX>
<ns3:Speed>7.595</ns3:Speed>
</ns3:TPX>
</Extensions>
</Trackpoint>
<Trackpoint>
<Time>2026-09-03T02:16:19Z</Time>
<Position>
<LatitudeDegrees>43.2451447</LatitudeDegrees>
<LongitudeDegrees>117.4633013</LongitudeDegrees>
</Position>
<AltitudeMeters>1068.0</AltitudeMeters>
<DistanceMeters>25236.6</DistanceMeters>
<Extensions>
<ns3:TPX>
<ns3:Speed>8.094</ns3:Speed>
</ns3:TPX>
</Extensions>
</Trackpoint>
<Trackpoint>
<Time>2026-09-03T02:16:27Z</Time>
<Position>
<LatitudeDegrees>43.2455883</LatitudeDegrees>
<LongitudeDegrees>117.4637860</LongitudeDegrees>
</Position>
<AltitudeMeters>1067.6</AltitudeMeters>
<DistanceMeters>25299.5</DistanceMeters>
<Extensions>
<ns3:TPX>
<ns3:Speed>7.648</ns3:Speed>
</ns3:TPX>
</Extensions>
</Trackpoint>
<Trackpoint>
<Time>2026-09-03T02:16:35Z</Time>
<Position>
<LatitudeDegrees>43.2460559</LatitudeDegrees>
<LongitudeDegrees>117.4642930</LongitudeDegrees>
</Position>
<AltitudeMeters>1067.4</AltitudeMeters>
<DistanceMeters>25365.6</DistanceMeters>
<Extensions>
<ns3:TPX>
<ns3:Speed>7.273</ns3:Speed>
</ns3:TPX>
</Extensions>
</Trackpoint>
<Trackpoint>
<Time>2026-09-03T02:16:43Z</Time>
<Position>
<LatitudeDegrees>43.2464616</LatitudeDegrees>
<LongitudeDegrees>117.4647394</LongitudeDegrees>
</Position>
<AltitudeMeters>1067.4</AltitudeMeters>
<DistanceMeters>25423.4</DistanceMeters>
<Extensions>
<ns3:TPX>
<ns3:Speed>6.493</ns3:Speed>
</ns3:TPX>
</Extensions>
</Trackpoint>
<Trackpoint>
<Time>2026-09-03T02:16:51Z</Time>
<Position>
<LatitudeDegrees>43.2467996</LatitudeDegrees>
<LongitudeDegrees>117.4651067</LongitudeDegrees>
</Position>
<AltitudeMeters>1068.2</AltitudeMeters>
<DistanceMeters>25471.2</DistanceMeters>
<Extensions>
<ns3:TPX>
<ns3:Speed>5.561</ns3:Speed>
</ns3:TPX>
</Extensions>
</Trackpoint>
<Trackpoint>
<Time>2026-09-03T02:16:59Z</Time>
<Position>
<LatitudeDegrees>43.2470674</LatitudeDegrees>
<LongitudeDegrees>117.4654025</LongitudeDegrees>
</Position>
<AltitudeMeters>1069.2</AltitudeMeters>
<DistanceMeters>25509.4</DistanceMeters>
<Extensions>
<ns3:TPX>
<ns3:Speed>4.322</ns3:Speed>
</ns3:TPX>
</Extensions>
</Trackpoint>
<Trackpoint>
<Time>2026-09-03T02:17:07Z</Time>
<Position>
<LatitudeDegrees>43.2472930</LatitudeDegrees>
<LongitudeDegrees>117.4656520</LongitudeDegrees>
</Position>
<AltitudeMeters>1070.0</AltitudeMeters>
<DistanceMeters>25541.5</DistanceMeters>
<Extensions>
<ns3:TPX>
<ns3:Speed>3.909</ns3:Speed>
</ns3:TPX>
</Extensions>
</Trackpoint>
<Trackpoint>
<Time>2026-09-03T02:17:16Z</Time>
<Position>
<LatitudeDegrees>43.2474934</LatitudeDegrees>
<LongitudeDegrees>117.4658895</LongitudeDegrees>
</Position>
<AltitudeMeters>1070.6</AltitudeMeters>
<DistanceMeters>25570.9</DistanceMeters>
<Extensions>
<ns3:TPX>
<ns3:Speed>3.536</ns3:Speed>
</ns3:TPX>
</Extensions>
</Trackpoint>
<Trackpoint>
<Time>2026-09-03T02:17:24Z</Time>
<Position>
<LatitudeDegrees>43.2476760</LatitudeDegrees>
<LongitudeDegrees>117.4661143</LongitudeDegrees>
</Position>
<AltitudeMeters>1071.4</AltitudeMeters>
<DistanceMeters>25598.2</DistanceMeters>
<Extensions>
<ns3:TPX>
<ns3:Speed>3.486</ns3:Speed>
</ns3:TPX>
</Extensions>
</Trackpoint>
<Trackpoint>
<Time>2026-09-03T02:17:32Z</Time>
<Position>
<LatitudeDegrees>43.2478531</LatitudeDegrees>
<LongitudeDegrees>117.4663600</LongitudeDegrees>
</Position>
<AltitudeMeters>1072.2</AltitudeMeters>
<DistanceMeters>25626.1</DistanceMeters>
<Extensions>
<ns3:TPX>
<ns3:Speed>3.623</ns3:Speed>
</ns3:TPX>
</Extensions>
</Trackpoint>
<Trackpoint>
<Time>2026-09-03T02:17:40Z</Time>
<Position>
<LatitudeDegrees>43.2480260</LatitudeDegrees>
<LongitudeDegrees>117.4666199</LongitudeDegrees>
</Position>
<AltitudeMeters>1073.0</AltitudeMeters>
<DistanceMeters>25654.6</DistanceMeters>
<Extensions>
<ns3:TPX>
<ns3:Speed>3.459</ns3:Speed>
</ns3:TPX>
</Extensions>
</Trackpoint>
<Trackpoint>
<Time>2026-09-03T02:17:48Z</Time>
<Position>
<LatitudeDegrees>43.2481870</LatitudeDegrees>
<LongitudeDegrees>117.4668825</LongitudeDegrees>
</Position>
<AltitudeMeters>1073.6</AltitudeMeters>
<DistanceMeters>25682.3</DistanceMeters>
<Extensions>
<ns3:TPX>
<ns3:Speed>3.462</ns3:Speed>
</ns3:TPX>
</Extensions>
</Trackpoint>
<Trackpoint>
<Time>2026-09-03T02:17:56Z</Time>
<Position>
<LatitudeDegrees>43.2483367</LatitudeDegrees>
<LongitudeDegrees>117.4671475</LongitudeDegrees>
</Position>
<AltitudeMeters>1074.2</AltitudeMeters>
<DistanceMeters>25709.4</DistanceMeters>
<Extensions>
<ns3:TPX>
<ns3:Speed>3.382</ns3:Speed>
</ns3:TPX>
</Extensions>
</Trackpoint>
<Trackpoint>
<Time>2026-09-03T02:18:04Z</Time>
<Position>
<LatitudeDegrees>43.2484716</LatitudeDegrees>
<LongitudeDegrees>117.4674256</LongitudeDegrees>
</Position>
<AltitudeMeters>1074.8</AltitudeMeters>
<DistanceMeters>25736.4</DistanceMeters>
<Extensions>
<ns3:TPX>
<ns3:Speed>3.375</ns3:Speed>
</ns3:TPX>
</Extensions>
</Trackpoint>
<Trackpoint>
<Time>2026-09-03T02:18:12Z</Time>
<Position>
<LatitudeDegrees>43.2486029</LatitudeDegrees>
<LongitudeDegrees>117.4676906</LongitudeDegrees>
</Position>
<AltitudeMeters>1075.2</AltitudeMeters>
<DistanceMeters>25762.4</DistanceMeters>
<Extensions>
<ns3:TPX>
<ns3:Speed>1.851</ns3:Speed>
</ns3:TPX>
</Extensions>
</Trackpoint>
<Trackpoint>
<Time>2026-09-03T02:18:20Z</Time>
<Position>
<LatitudeDegrees>43.2486805</LatitudeDegrees>
<LongitudeDegrees>117.4679232</LongitudeDegrees>
</Position>
<AltitudeMeters>1075.4</AltitudeMeters>
<DistanceMeters>25783.2</DistanceMeters>
<Extensions>
<ns3:TPX>
<ns3:Speed>3.545</ns3:Speed>
</ns3:TPX>
</Extensions>
</Trackpoint>
<Trackpoint>
<Time>2026-09-03T02:18:28Z</Time>
<Position>
<LatitudeDegrees>43.2488002</LatitudeDegrees>
<LongitudeDegrees>117.4682761</LongitudeDegrees>
</Position>
<AltitudeMeters>1075.4</AltitudeMeters>
<DistanceMeters>25814.7</DistanceMeters>
<Extensions>
<ns3:TPX>
<ns3:Speed>4.306</ns3:Speed>
</ns3:TPX>
</Extensions>
</Trackpoint>
<Trackpoint>
<Time>2026-09-03T02:18:36Z</Time>
<Position>
<LatitudeDegrees>43.2489116</LatitudeDegrees>
<LongitudeDegrees>117.4687108</LongitudeDegrees>
</Position>
<AltitudeMeters>1075.2</AltitudeMeters>
<DistanceMeters>25852.0</DistanceMeters>
<Extensions>
<ns3:TPX>
<ns3:Speed>4.862</ns3:Speed>
</ns3:TPX>
</Extensions>
</Trackpoint>
<Trackpoint>
<Time>2026-09-03T02:18:44Z</Time>
<Position>
<LatitudeDegrees>43.2490041</LatitudeDegrees>
<LongitudeDegrees>117.4692165</LongitudeDegrees>
</Position>
<AltitudeMeters>1074.6</AltitudeMeters>
<DistanceMeters>25894.2</DistanceMeters>
<Extensions>
<ns3:TPX>
<ns3:Speed>5.849</ns3:Speed>
</ns3:TPX>
</Extensions>
</Trackpoint>
<Trackpoint>
<Time>2026-09-03T02:18:52Z</Time>
<Position>
<LatitudeDegrees>43.2490604</LatitudeDegrees>
<LongitudeDegrees>117.4698700</LongitudeDegrees>
</Position>
<AltitudeMeters>1073.2</AltitudeMeters>
<DistanceMeters>25947.4</DistanceMeters>
<Extensions>
<ns3:TPX>
<ns3:Speed>7.431</ns3:Speed>
</ns3:TPX>
</Extensions>
</Trackpoint>
<Trackpoint>
<Time>2026-09-03T02:19:00Z</Time>
<Position>
<LatitudeDegrees>43.2490979</LatitudeDegrees>
<LongitudeDegrees>117.4707772</LongitudeDegrees>
</Position>
<AltitudeMeters>1071.4</AltitudeMeters>
<DistanceMeters>26020.9</DistanceMeters>
<Extensions>
<ns3:TPX>
<ns3:Speed>8.717</ns3:Speed>
</ns3:TPX>
</Extensions>
</Trackpoint>
<Trackpoint>
<Time>2026-09-03T02:19:08Z</Time>
<Position>
<LatitudeDegrees>43.2491355</LatitudeDegrees>
<LongitudeDegrees>117.4716710</LongitudeDegrees>
</Position>
<AltitudeMeters>1069.2</AltitudeMeters>
<DistanceMeters>26093.3</DistanceMeters>
<Extensions>
<ns3:TPX>
<ns3:Speed>9.589</ns3:Speed>
</ns3:TPX>
</Extensions>
</Trackpoint>
<Trackpoint>
<Time>2026-09-03T02:19:16Z</Time>
<Position>
<LatitudeDegrees>43.2491660</LatitudeDegrees>
<LongitudeDegrees>117.4726261</LongitudeDegrees>
</Position>
<AltitudeMeters>1067.2</AltitudeMeters>
<DistanceMeters>26170.6</DistanceMeters>
<Extensions>
<ns3:TPX>
<ns3:Speed>9.84</ns3:Speed>
</ns3:TPX>
</Extensions>
</Trackpoint>
<Trackpoint>
<Time>2026-09-03T02:19:24Z</Time>
<Position>
<LatitudeDegrees>43.2492037</LatitudeDegrees>
<LongitudeDegrees>117.4736283</LongitudeDegrees>
</Position>
<AltitudeMeters>1064.4</AltitudeMeters>
<DistanceMeters>26251.7</DistanceMeters>
<Extensions>
<ns3:TPX>
<ns3:Speed>10.406</ns3:Speed>
</ns3:TPX>
</Extensions>
</Trackpoint>
<Trackpoint>
<Time>2026-09-03T02:19:32Z</Time>
<Position>
<LatitudeDegrees>43.2492347</LatitudeDegrees>
<LongitudeDegrees>117.4746828</LongitudeDegrees>
</Position>
<AltitudeMeters>1062.0</AltitudeMeters>
<DistanceMeters>26337.0</DistanceMeters>
<Extensions>
<ns3:TPX>
<ns3:Speed>10.926</ns3:Speed>
</ns3:TPX>
</Extensions>
</Trackpoint>
<Trackpoint>
<Time>2026-09-03T02:19:40Z</Time>
<Position>
<LatitudeDegrees>43.2492489</LatitudeDegrees>
<LongitudeDegrees>117.4756336</LongitudeDegrees>
</Position>
<AltitudeMeters>1059.6</AltitudeMeters>
<DistanceMeters>26413.9</DistanceMeters>
<Extensions>
<ns3:TPX>
<ns3:Speed>10.899</ns3:Speed>
</ns3:TPX>
</Extensions>
</Trackpoint>
<Trackpoint>
<Time>2026-09-03T02:19:46Z</Time>
<Position>
<LatitudeDegrees>43.2491842</LatitudeDegrees>
<LongitudeDegrees>117.4764168</LongitudeDegrees>
</Position>
<AltitudeMeters>1057.2</AltitudeMeters>
<DistanceMeters>26477.7</DistanceMeters>
<Extensions>
<ns3:TPX>
<ns3:Speed>10.323</ns3:Speed>
</ns3:TPX>
</Extensions>
</Trackpoint>
<Trackpoint>
<Time>2026-09-03T02:19:52Z</Time>
<Position>
<LatitudeDegrees>43.2490703</LatitudeDegrees>
<LongitudeDegrees>117.4771269</LongitudeDegrees>
</Position>
<AltitudeMeters>1056.4</AltitudeMeters>
<DistanceMeters>26536.5</DistanceMeters>
<Extensions>
<ns3:TPX>
<ns3:Speed>9.275</ns3:Speed>
</ns3:TPX>
</Extensions>
</Trackpoint>
<Trackpoint>
<Time>2026-09-03T02:20:00Z</Time>
<Position>
<LatitudeDegrees>43.2488827</LatitudeDegrees>
<LongitudeDegrees>117.4779457</LongitudeDegrees>
</Position>
<AltitudeMeters>1056.4</AltitudeMeters>
<DistanceMeters>26605.9</DistanceMeters>
<Extensions>
<ns3:TPX>
<ns3:Speed>8.142</ns3:Speed>
</ns3:TPX>
</Extensions>
</Trackpoint>
<Trackpoint>
<Time>2026-09-03T02:20:08Z</Time>
<Position>
<LatitudeDegrees>43.2487085</LatitudeDegrees>
<LongitudeDegrees>117.4786553</LongitudeDegrees>
</Position>
<AltitudeMeters>1056.8</AltitudeMeters>
<DistanceMeters>26666.5</DistanceMeters>
<Extensions>
<ns3:TPX>
<ns3:Speed>7.192</ns3:Speed>
</ns3:TPX>
</Extensions>
</Trackpoint>
<Trackpoint>
<Time>2026-09-03T02:20:16Z</Time>
<Position>
<LatitudeDegrees>43.2485619</LatitudeDegrees>
<LongitudeDegrees>117.4792922</LongitudeDegrees>
</Position>
<AltitudeMeters>1056.6</AltitudeMeters>
<DistanceMeters>26720.5</DistanceMeters>
<Extensions>
<ns3:TPX>
<ns3:Speed>6.518</ns3:Speed>
</ns3:TPX>
</Extensions>
</Trackpoint>
<Trackpoint>
<Time>2026-09-03T02:20:24Z</Time>
<Position>
<LatitudeDegrees>43.2484159</LatitudeDegrees>
<LongitudeDegrees>117.4798952</LongitudeDegrees>
</Position>
<AltitudeMeters>1056.0</AltitudeMeters>
<DistanceMeters>26771.9</DistanceMeters>
<Extensions>
<ns3:TPX>
<ns3:Speed>6.463</ns3:Speed>
</ns3:TPX>
</Extensions>
</Trackpoint>
<Trackpoint>
<Time>2026-09-03T02:20:32Z</Time>
<Position>
<LatitudeDegrees>43.2482746</LatitudeDegrees>
<LongitudeDegrees>117.4805049</LongitudeDegrees>
</Position>
<AltitudeMeters>1055.8</AltitudeMeters>
<DistanceMeters>26823.6</DistanceMeters>
<Extensions>
<ns3:TPX>
<ns3:Speed>6.363</ns3:Speed>
</ns3:TPX>
</Extensions>
</Trackpoint>
<Trackpoint>
<Time>2026-09-03T02:20:40Z</Time>
<Position>
<LatitudeDegrees>43.2481379</LatitudeDegrees>
<LongitudeDegrees>117.4810893</LongitudeDegrees>
</Position>
<AltitudeMeters>1055.4</AltitudeMeters>
<DistanceMeters>26873.2</DistanceMeters>
<Extensions>
<ns3:TPX>
<ns3:Speed>6.082</ns3:Speed>
</ns3:TPX>
</Extensions>
</Trackpoint>
<Trackpoint>
<Time>2026-09-03T02:20:48Z</Time>
<Position>
<LatitudeDegrees>43.2480058</LatitudeDegrees>
<LongitudeDegrees>117.4816443</LongitudeDegrees>
</Position>
<AltitudeMeters>1055.0</AltitudeMeters>
<DistanceMeters>26920.4</DistanceMeters>
<Extensions>
<ns3:TPX>
<ns3:Speed>6.053</ns3:Speed>
</ns3:TPX>
</Extensions>
</Trackpoint>
<Trackpoint>
<Time>2026-09-03T02:20:56Z</Time>
<Position>
<LatitudeDegrees>43.2478755</LatitudeDegrees>
<LongitudeDegrees>117.4822098</LongitudeDegrees>
</Position>
<AltitudeMeters>1054.6</AltitudeMeters>
<DistanceMeters>26968.4</DistanceMeters>
<Extensions>
<ns3:TPX>
<ns3:Speed>5.963</ns3:Speed>
</ns3:TPX>
</Extensions>
</Trackpoint>
<Trackpoint>
<Time>2026-09-03T02:21:04Z</Time>
<Position>
<LatitudeDegrees>43.2477365</LatitudeDegrees>
<LongitudeDegrees>117.4827846</LongitudeDegrees>
</Position>
<AltitudeMeters>1053.8</AltitudeMeters>
<DistanceMeters>27017.4</DistanceMeters>
<Extensions>
<ns3:TPX>
<ns3:Speed>6.167</ns3:Speed>
</ns3:TPX>
</Extensions>
</Trackpoint>
<Trackpoint>
<Time>2026-09-03T02:21:12Z</Time>
<Position>
<LatitudeDegrees>43.2475985</LatitudeDegrees>
<LongitudeDegrees>117.4833485</LongitudeDegrees>
</Position>
<AltitudeMeters>1053.8</AltitudeMeters>
<DistanceMeters>27065.5</DistanceMeters>
<Extensions>
<ns3:TPX>
<ns3:Speed>6.052</ns3:Speed>
</ns3:TPX>
</Extensions>
</Trackpoint>
<Trackpoint>
<Time>2026-09-03T02:21:20Z</Time>
<Position>
<LatitudeDegrees>43.2474454</LatitudeDegrees>
<LongitudeDegrees>117.4840116</LongitudeDegrees>
</Position>
<AltitudeMeters>1053.8</AltitudeMeters>
<DistanceMeters>27121.7</DistanceMeters>
<Extensions>
<ns3:TPX>
<ns3:Speed>6.37</ns3:Speed>
</ns3:TPX>
</Extensions>
</Trackpoint>
<Trackpoint>
<Time>2026-09-03T02:21:28Z</Time>
<Position>
<LatitudeDegrees>43.2473120</LatitudeDegrees>
<LongitudeDegrees>117.4845905</LongitudeDegrees>
</Position>
<AltitudeMeters>1053.4</AltitudeMeters>
<DistanceMeters>27170.8</DistanceMeters>
<Extensions>
<ns3:TPX>
<ns3:Speed>6.17</ns3:Speed>
</ns3:TPX>
</Extensions>
</Trackpoint>
<Trackpoint>
<Time>2026-09-03T02:21:36Z</Time>
<Position>
<LatitudeDegrees>43.2472255</LatitudeDegrees>
<LongitudeDegrees>117.4849542</LongitudeDegrees>
</Position>
<AltitudeMeters>1052.8</AltitudeMeters>
<DistanceMeters>27201.7</DistanceMeters>
<Extensions>
<ns3:TPX>
<ns3:Speed>1.203</ns3:Speed>
</ns3:TPX>
</Extensions>
</Trackpoint>
<Trackpoint>
<Time>2026-09-03T02:21:44Z</Time>
<Position>
<LatitudeDegrees>43.2471788</LatitudeDegrees>
<LongitudeDegrees>117.4851978</LongitudeDegrees>
</Position>
<AltitudeMeters>1052.6</AltitudeMeters>
<DistanceMeters>27222.1</DistanceMeters>
<Extensions>
<ns3:TPX>
<ns3:Speed>4.459</ns3:Speed>
</ns3:TPX>
</Extensions>
</Trackpoint>
<Trackpoint>
<Time>2026-09-03T02:21:52Z</Time>
<Position>
<LatitudeDegrees>43.2470715</LatitudeDegrees>
<LongitudeDegrees>117.4855531</LongitudeDegrees>
</Position>
<AltitudeMeters>1052.0</AltitudeMeters>
<DistanceMeters>27253.3</DistanceMeters>
<Extensions>
<ns3:TPX>
<ns3:Speed>3.982</ns3:Speed>
</ns3:TPX>
</Extensions>
</Trackpoint>
<Trackpoint>
<Time>2026-09-03T02:22:01Z</Time>
<Position>
<LatitudeDegrees>43.2469816</LatitudeDegrees>
<LongitudeDegrees>117.4859291</LongitudeDegrees>
</Position>
<AltitudeMeters>1051.6</AltitudeMeters>
<DistanceMeters>27285.3</DistanceMeters>
<Extensions>
<ns3:TPX>
<ns3:Speed>3.255</ns3:Speed>
</ns3:TPX>
</Extensions>
</Trackpoint>
<Trackpoint>
<Time>2026-09-03T02:22:08Z</Time>
<Position>
<LatitudeDegrees>43.2469497</LatitudeDegrees>
<LongitudeDegrees>117.4860585</LongitudeDegrees>
</Position>
<AltitudeMeters>1051.4</AltitudeMeters>
<DistanceMeters>27295.2</DistanceMeters>
<Extensions>
<ns3:TPX>
<ns3:Speed>0.0</ns3:Speed>
</ns3:TPX>
</Extensions>
</Trackpoint>
<Trackpoint>
<Time>2026-09-03T02:22:18Z</Time>
<Position>
<LatitudeDegrees>43.2469195</LatitudeDegrees>
<LongitudeDegrees>117.4861721</LongitudeDegrees>
</Position>
<AltitudeMeters>1051.2</AltitudeMeters>
<DistanceMeters>27303.5</DistanceMeters>
<Extensions>
<ns3:TPX>
<ns3:Speed>0.0</ns3:Speed>
</ns3:TPX>
</Extensions>
</Trackpoint>
<Trackpoint>
<Time>2026-09-03T02:23:08Z</Time>
<Position>
<LatitudeDegrees>43.2468346</LatitudeDegrees>
<LongitudeDegrees>117.4865937</LongitudeDegrees>
</Position>
<AltitudeMeters>1050.8</AltitudeMeters>
<DistanceMeters>27338.9</DistanceMeters>
<Extensions>
<ns3:TPX>
<ns3:Speed>4.247</ns3:Speed>
</ns3:TPX>
</Extensions>
</Trackpoint>
<Trackpoint>
<Time>2026-09-03T02:23:16Z</Time>
<Position>
<LatitudeDegrees>43.2467357</LatitudeDegrees>
<LongitudeDegrees>117.4870168</LongitudeDegrees>
</Position>
<AltitudeMeters>1050.4</AltitudeMeters>
<DistanceMeters>27374.9</DistanceMeters>
<Extensions>
<ns3:TPX>
<ns3:Speed>4.703</ns3:Speed>
</ns3:TPX>
</Extensions>
</Trackpoint>
<Trackpoint>
<Time>2026-09-03T02:23:24Z</Time>
<Position>
<LatitudeDegrees>43.2466301</LatitudeDegrees>
<LongitudeDegrees>117.4874694</LongitudeDegrees>
</Position>
<AltitudeMeters>1050.2</AltitudeMeters>
<DistanceMeters>27413.3</DistanceMeters>
<Extensions>
<ns3:TPX>
<ns3:Speed>4.989</ns3:Speed>
</ns3:TPX>
</Extensions>
</Trackpoint>
<Trackpoint>
<Time>2026-09-03T02:23:32Z</Time>
<Position>
<LatitudeDegrees>43.2465166</LatitudeDegrees>
<LongitudeDegrees>117.4879447</LongitudeDegrees>
</Position>
<AltitudeMeters>1050.2</AltitudeMeters>
<DistanceMeters>27453.7</DistanceMeters>
<Extensions>
<ns3:TPX>
<ns3:Speed>4.644</ns3:Speed>
</ns3:TPX>
</Extensions>
</Trackpoint>
<Trackpoint>
<Time>2026-09-03T02:23:40Z</Time>
<Position>
<LatitudeDegrees>43.2464084</LatitudeDegrees>
<LongitudeDegrees>117.4883761</LongitudeDegrees>
</Position>
<AltitudeMeters>1050.2</AltitudeMeters>
<DistanceMeters>27490.6</DistanceMeters>
<Extensions>
<ns3:TPX>
<ns3:Speed>4.287</ns3:Speed>
</ns3:TPX>
</Extensions>
</Trackpoint>
<Trackpoint>
<Time>2026-09-03T02:23:48Z</Time>
<Position>
<LatitudeDegrees>43.2463008</LatitudeDegrees>
<LongitudeDegrees>117.4888116</LongitudeDegrees>
</Position>
<AltitudeMeters>1050.6</AltitudeMeters>
<DistanceMeters>27527.8</DistanceMeters>
<Extensions>
<ns3:TPX>
<ns3:Speed>4.913</ns3:Speed>
</ns3:TPX>
</Extensions>
</Trackpoint>
<Trackpoint>
<Time>2026-09-03T02:23:56Z</Time>
<Position>
<LatitudeDegrees>43.2461958</LatitudeDegrees>
<LongitudeDegrees>117.4892739</LongitudeDegrees>
</Position>
<AltitudeMeters>1050.6</AltitudeMeters>
<DistanceMeters>27567.0</DistanceMeters>
<Extensions>
<ns3:TPX>
<ns3:Speed>4.697</ns3:Speed>
</ns3:TPX>
</Extensions>
</Trackpoint>
<Trackpoint>
<Time>2026-09-03T02:24:04Z</Time>
<Position>
<LatitudeDegrees>43.2460964</LatitudeDegrees>
<LongitudeDegrees>117.4897155</LongitudeDegrees>
</Position>
<AltitudeMeters>1050.6</AltitudeMeters>
<DistanceMeters>27604.3</DistanceMeters>
<Extensions>
<ns3:TPX>
<ns3:Speed>4.457</ns3:Speed>
</ns3:TPX>
</Extensions>
</Trackpoint>
<Trackpoint>
<Time>2026-09-03T02:24:12Z</Time>
<Position>
<LatitudeDegrees>43.2460384</LatitudeDegrees>
<LongitudeDegrees>117.4901446</LongitudeDegrees>
</Position>
<AltitudeMeters>1050.4</AltitudeMeters>
<DistanceMeters>27639.7</DistanceMeters>
<Extensions>
<ns3:TPX>
<ns3:Speed>4.755</ns3:Speed>
</ns3:TPX>
</Extensions>
</Trackpoint>
<Trackpoint>
<Time>2026-09-03T02:24:21Z</Time>
<Position>
<LatitudeDegrees>43.2460124</LatitudeDegrees>
<LongitudeDegrees>117.4906236</LongitudeDegrees>
</Position>
<AltitudeMeters>1050.2</AltitudeMeters>
<DistanceMeters>27678.5</DistanceMeters>
<Extensions>
<ns3:TPX>
<ns3:Speed>4.852</ns3:Speed>
</ns3:TPX>
</Extensions>
</Trackpoint>
<Trackpoint>
<Time>2026-09-03T02:24:29Z</Time>
<Position>
<LatitudeDegrees>43.2460351</LatitudeDegrees>
<LongitudeDegrees>117.4911055</LongitudeDegrees>
</Position>
<AltitudeMeters>1049.6</AltitudeMeters>
<DistanceMeters>27717.6</DistanceMeters>
<Extensions>
<ns3:TPX>
<ns3:Speed>4.989</ns3:Speed>
</ns3:TPX>
</Extensions>
</Trackpoint>
<Trackpoint>
<Time>2026-09-03T02:24:37Z</Time>
<Position>
<LatitudeDegrees>43.2460938</LatitudeDegrees>
<LongitudeDegrees>117.4916070</LongitudeDegrees>
</Position>
<AltitudeMeters>1049.2</AltitudeMeters>
<DistanceMeters>27758.7</DistanceMeters>
<Extensions>
<ns3:TPX>
<ns3:Speed>5.35</ns3:Speed>
</ns3:TPX>
</Extensions>
</Trackpoint>
<Trackpoint>
<Time>2026-09-03T02:24:45Z</Time>
<Position>
<LatitudeDegrees>43.2461568</LatitudeDegrees>
<LongitudeDegrees>117.4921611</LongitudeDegrees>
</Position>
<AltitudeMeters>1048.8</AltitudeMeters>
<DistanceMeters>27804.0</DistanceMeters>
<Extensions>
<ns3:TPX>
<ns3:Speed>5.807</ns3:Speed>
</ns3:TPX>
</Extensions>
</Trackpoint>
<Trackpoint>
<Time>2026-09-03T02:24:53Z</Time>
<Position>
<LatitudeDegrees>43.2462121</LatitudeDegrees>
<LongitudeDegrees>117.4927402</LongitudeDegrees>
</Position>
<AltitudeMeters>1048.2</AltitudeMeters>
<DistanceMeters>27851.3</DistanceMeters>
<Extensions>
<ns3:TPX>
<ns3:Speed>5.57</ns3:Speed>
</ns3:TPX>
</Extensions>
</Trackpoint>
<Trackpoint>
<Time>2026-09-03T02:25:01Z</Time>
<Position>
<LatitudeDegrees>43.2462306</LatitudeDegrees>
<LongitudeDegrees>117.4932495</LongitudeDegrees>
</Position>
<AltitudeMeters>1047.4</AltitudeMeters>
<DistanceMeters>27892.5</DistanceMeters>
<Extensions>
<ns3:TPX>
<ns3:Speed>4.47</ns3:Speed>
</ns3:TPX>
</Extensions>
</Trackpoint>
<Trackpoint>
<Time>2026-09-03T02:25:06Z</Time>
<Position>
<LatitudeDegrees>43.2462542</LatitudeDegrees>
<LongitudeDegrees>117.4934772</LongitudeDegrees>
</Position>
<AltitudeMeters>1047.2</AltitudeMeters>
<DistanceMeters>27911.2</DistanceMeters>
<Extensions>
<ns3:TPX>
<ns3:Speed>2.702</ns3:Speed>
</ns3:TPX>
</Extensions>
</Trackpoint>
<Trackpoint>
<Time>2026-09-03T02:25:14Z</Time>
<Position>
<LatitudeDegrees>43.2463146</LatitudeDegrees>
<LongitudeDegrees>117.4936778</LongitudeDegrees>
</Position>
<AltitudeMeters>1047.0</AltitudeMeters>
<DistanceMeters>27928.8</DistanceMeters>
<Extensions>
<ns3:TPX>
<ns3:Speed>2.812</ns3:Speed>
</ns3:TPX>
</Extensions>
</Trackpoint>
<Trackpoint>
<Time>2026-09-03T02:25:20Z</Time>
<Position>
<LatitudeDegrees>43.2463574</LatitudeDegrees>
<LongitudeDegrees>117.4939270</LongitudeDegrees>
</Position>
<AltitudeMeters>1046.8</AltitudeMeters>
<DistanceMeters>27949.5</DistanceMeters>
<Extensions>
<ns3:TPX>
<ns3:Speed>3.671</ns3:Speed>
</ns3:TPX>
</Extensions>
</Trackpoint>
<Trackpoint>
<Time>2026-09-03T02:25:28Z</Time>
<Position>
<LatitudeDegrees>43.2463417</LatitudeDegrees>
<LongitudeDegrees>117.4943329</LongitudeDegrees>
</Position>
<AltitudeMeters>1046.4</AltitudeMeters>
<DistanceMeters>27982.4</DistanceMeters>
<Extensions>
<ns3:TPX>
<ns3:Speed>4.996</ns3:Speed>
</ns3:TPX>
</Extensions>
</Trackpoint>
<Trackpoint>
<Time>2026-09-03T02:25:36Z</Time>
<Position>
<LatitudeDegrees>43.2463289</LatitudeDegrees>
<LongitudeDegrees>117.4948696</LongitudeDegrees>
</Position>
<AltitudeMeters>1046.0</AltitudeMeters>
<DistanceMeters>28025.8</DistanceMeters>
<Extensions>
<ns3:TPX>
<ns3:Speed>5.444</ns3:Speed>
</ns3:TPX>
</Extensions>
</Trackpoint>
<Trackpoint>
<Time>2026-09-03T02:25:44Z</Time>
<Position>
<LatitudeDegrees>43.2463268</LatitudeDegrees>
<LongitudeDegrees>117.4954064</LongitudeDegrees>
</Position>
<AltitudeMeters>1045.6</AltitudeMeters>
<DistanceMeters>28069.3</DistanceMeters>
<Extensions>
<ns3:TPX>
<ns3:Speed>5.428</ns3:Speed>
</ns3:TPX>
</Extensions>
</Trackpoint>
<Trackpoint>
<Time>2026-09-03T02:25:52Z</Time>
<Position>
<LatitudeDegrees>43.2463114</LatitudeDegrees>
<LongitudeDegrees>117.4959473</LongitudeDegrees>
</Position>
<AltitudeMeters>1044.8</AltitudeMeters>
<DistanceMeters>28113.0</DistanceMeters>
<Extensions>
<ns3:TPX>
<ns3:Speed>5.385</ns3:Speed>
</ns3:TPX>
</Extensions>
</Trackpoint>
<Trackpoint>
<Time>2026-09-03T02:26:00Z</Time>
<Position>
<LatitudeDegrees>43.2463057</LatitudeDegrees>
<LongitudeDegrees>117.4964420</LongitudeDegrees>
</Position>
<AltitudeMeters>1044.6</AltitudeMeters>
<DistanceMeters>28153.0</DistanceMeters>
<Extensions>
<ns3:TPX>
<ns3:Speed>2.889</ns3:Speed>
</ns3:TPX>
</Extensions>
</Trackpoint>
<Trackpoint>
<Time>2026-09-03T02:26:08Z</Time>
<Position>
<LatitudeDegrees>43.2463068</LatitudeDegrees>
<LongitudeDegrees>117.4967389</LongitudeDegrees>
</Position>
<AltitudeMeters>1044.4</AltitudeMeters>
<DistanceMeters>28177.1</DistanceMeters>
<Extensions>
<ns3:TPX>
<ns3:Speed>3.816</ns3:Speed>
</ns3:TPX>
</Extensions>
</Trackpoint>
<Trackpoint>
<Time>2026-09-03T02:26:16Z</Time>
<Position>
<LatitudeDegrees>43.2462948</LatitudeDegrees>
<LongitudeDegrees>117.4971614</LongitudeDegrees>
</Position>
<AltitudeMeters>1044.2</AltitudeMeters>
<DistanceMeters>28211.3</DistanceMeters>
<Extensions>
<ns3:TPX>
<ns3:Speed>4.205</ns3:Speed>
</ns3:TPX>
</Extensions>
</Trackpoint>
<Trackpoint>
<Time>2026-09-03T02:26:24Z</Time>
<Position>
<LatitudeDegrees>43.2462802</LatitudeDegrees>
<LongitudeDegrees>117.4976078</LongitudeDegrees>
</Position>
<AltitudeMeters>1043.2</AltitudeMeters>
<DistanceMeters>28247.4</DistanceMeters>
<Extensions>
<ns3:TPX>
<ns3:Speed>4.734</ns3:Speed>
</ns3:TPX>
</Extensions>
</Trackpoint>
<Trackpoint>
<Time>2026-09-03T02:26:32Z</Time>
<Position>
<LatitudeDegrees>43.2462588</LatitudeDegrees>
<LongitudeDegrees>117.4980370</LongitudeDegrees>
</Position>
<AltitudeMeters>1043.0</AltitudeMeters>
<DistanceMeters>28282.3</DistanceMeters>
<Extensions>
<ns3:TPX>
<ns3:Speed>3.386</ns3:Speed>
</ns3:TPX>
</Extensions>
</Trackpoint>
<Trackpoint>
<Time>2026-09-03T02:26:40Z</Time>
<Position>
<LatitudeDegrees>43.2462380</LatitudeDegrees>
<LongitudeDegrees>117.4984198</LongitudeDegrees>
</Position>
<AltitudeMeters>1043.0</AltitudeMeters>
<DistanceMeters>28313.4</DistanceMeters>
<Extensions>
<ns3:TPX>
<ns3:Speed>4.762</ns3:Speed>
</ns3:TPX>
</Extensions>
</Trackpoint>
<Trackpoint>
<Time>2026-09-03T02:26:49Z</Time>
<Position>
<LatitudeDegrees>43.2461948</LatitudeDegrees>
<LongitudeDegrees>117.4989322</LongitudeDegrees>
</Position>
<AltitudeMeters>1042.6</AltitudeMeters>
<DistanceMeters>28355.1</DistanceMeters>
<Extensions>
<ns3:TPX>
<ns3:Speed>5.327</ns3:Speed>
</ns3:TPX>
</Extensions>
</Trackpoint>
<Trackpoint>
<Time>2026-09-03T02:26:57Z</Time>
<Position>
<LatitudeDegrees>43.2461335</LatitudeDegrees>
<LongitudeDegrees>117.4994587</LongitudeDegrees>
</Position>
<AltitudeMeters>1042.2</AltitudeMeters>
<DistanceMeters>28398.2</DistanceMeters>
<Extensions>
<ns3:TPX>
<ns3:Speed>5.641</ns3:Speed>
</ns3:TPX>
</Extensions>
</Trackpoint>
<Trackpoint>
<Time>2026-09-03T02:27:05Z</Time>
<Position>
<LatitudeDegrees>43.2460673</LatitudeDegrees>
<LongitudeDegrees>117.5000259</LongitudeDegrees>
</Position>
<AltitudeMeters>1041.8</AltitudeMeters>
<DistanceMeters>28444.7</DistanceMeters>
<Extensions>
<ns3:TPX>
<ns3:Speed>5.841</ns3:Speed>
</ns3:TPX>
</Extensions>
</Trackpoint>
<Trackpoint>
<Time>2026-09-03T02:27:13Z</Time>
<Position>
<LatitudeDegrees>43.2460061</LatitudeDegrees>
<LongitudeDegrees>117.5005875</LongitudeDegrees>
</Position>
<AltitudeMeters>1041.2</AltitudeMeters>
<DistanceMeters>28490.6</DistanceMeters>
<Extensions>
<ns3:TPX>
<ns3:Speed>5.8</ns3:Speed>
</ns3:TPX>
</Extensions>
</Trackpoint>
<Trackpoint>
<Time>2026-09-03T02:27:21Z</Time>
<Position>
<LatitudeDegrees>43.2459377</LatitudeDegrees>
<LongitudeDegrees>117.5011722</LongitudeDegrees>
</Position>
<AltitudeMeters>1040.8</AltitudeMeters>
<DistanceMeters>28538.4</DistanceMeters>
<Extensions>
<ns3:TPX>
<ns3:Speed>6.13</ns3:Speed>
</ns3:TPX>
</Extensions>
</Trackpoint>
<Trackpoint>
<Time>2026-09-03T02:27:29Z</Time>
<Position>
<LatitudeDegrees>43.2458733</LatitudeDegrees>
<LongitudeDegrees>117.5017708</LongitudeDegrees>
</Position>
<AltitudeMeters>1040.2</AltitudeMeters>
<DistanceMeters>28587.4</DistanceMeters>
<Extensions>
<ns3:TPX>
<ns3:Speed>6.132</ns3:Speed>
</ns3:TPX>
</Extensions>
</Trackpoint>
<Trackpoint>
<Time>2026-09-03T02:27:37Z</Time>
<Position>
<LatitudeDegrees>43.2458059</LatitudeDegrees>
<LongitudeDegrees>117.5023637</LongitudeDegrees>
</Position>
<AltitudeMeters>1040.0</AltitudeMeters>
<DistanceMeters>28635.9</DistanceMeters>
<Extensions>
<ns3:TPX>
<ns3:Speed>6.04</ns3:Speed>
</ns3:TPX>
</Extensions>
</Trackpoint>
<Trackpoint>
<Time>2026-09-03T02:27:45Z</Time>
<Position>
<LatitudeDegrees>43.2457445</LatitudeDegrees>
<LongitudeDegrees>117.5028878</LongitudeDegrees>
</Position>
<AltitudeMeters>1039.6</AltitudeMeters>
<DistanceMeters>28678.8</DistanceMeters>
<Extensions>
<ns3:TPX>
<ns3:Speed>5.386</ns3:Speed>
</ns3:TPX>
</Extensions>
</Trackpoint>
<Trackpoint>
<Time>2026-09-03T02:27:53Z</Time>
<Position>
<LatitudeDegrees>43.2456871</LatitudeDegrees>
<LongitudeDegrees>117.5033942</LongitudeDegrees>
</Position>
<AltitudeMeters>1039.4</AltitudeMeters>
<DistanceMeters>28720.3</DistanceMeters>
<Extensions>
<ns3:TPX>
<ns3:Speed>5.237</ns3:Speed>
</ns3:TPX>
</Extensions>
</Trackpoint>
<Trackpoint>
<Time>2026-09-03T02:28:01Z</Time>
<Position>
<LatitudeDegrees>43.2456482</LatitudeDegrees>
<LongitudeDegrees>117.5039231</LongitudeDegrees>
</Position>
<AltitudeMeters>1039.0</AltitudeMeters>
<DistanceMeters>28763.3</DistanceMeters>
<Extensions>
<ns3:TPX>
<ns3:Speed>5.563</ns3:Speed>
</ns3:TPX>
</Extensions>
</Trackpoint>
<Trackpoint>
<Time>2026-09-03T02:28:09Z</Time>
<Position>
<LatitudeDegrees>43.2455607</LatitudeDegrees>
<LongitudeDegrees>117.5044608</LongitudeDegrees>
</Position>
<AltitudeMeters>1038.4</AltitudeMeters>
<DistanceMeters>28807.9</DistanceMeters>
<Extensions>
<ns3:TPX>
<ns3:Speed>5.675</ns3:Speed>
</ns3:TPX>
</Extensions>
</Trackpoint>
<Trackpoint>
<Time>2026-09-03T02:28:17Z</Time>
<Position>
<LatitudeDegrees>43.2454999</LatitudeDegrees>
<LongitudeDegrees>117.5050200</LongitudeDegrees>
</Position>
<AltitudeMeters>1037.2</AltitudeMeters>
<DistanceMeters>28853.6</DistanceMeters>
<Extensions>
<ns3:TPX>
<ns3:Speed>5.663</ns3:Speed>
</ns3:TPX>
</Extensions>
</Trackpoint>
<Trackpoint>
<Time>2026-09-03T02:28:25Z</Time>
<Position>
<LatitudeDegrees>43.2454404</LatitudeDegrees>
<LongitudeDegrees>117.5055763</LongitudeDegrees>
</Position>
<AltitudeMeters>1036.6</AltitudeMeters>
<DistanceMeters>28899.1</DistanceMeters>
<Extensions>
<ns3:TPX>
<ns3:Speed>5.84</ns3:Speed>
</ns3:TPX>
</Extensions>
</Trackpoint>
<Trackpoint>
<Time>2026-09-03T02:28:33Z</Time>
<Position>
<LatitudeDegrees>43.2453908</LatitudeDegrees>
<LongitudeDegrees>117.5059575</LongitudeDegrees>
</Position>
<AltitudeMeters>1036.2</AltitudeMeters>
<DistanceMeters>28930.4</DistanceMeters>
<Extensions>
<ns3:TPX>
<ns3:Speed>3.787</ns3:Speed>
</ns3:TPX>
</Extensions>
</Trackpoint>
<Trackpoint>
<Time>2026-09-03T02:28:41Z</Time>
<Position>
<LatitudeDegrees>43.2453172</LatitudeDegrees>
<LongitudeDegrees>117.5063423</LongitudeDegrees>
</Position>
<AltitudeMeters>1036.0</AltitudeMeters>
<DistanceMeters>28962.6</DistanceMeters>
<Extensions>
<ns3:TPX>
<ns3:Speed>3.967</ns3:Speed>
</ns3:TPX>
</Extensions>
</Trackpoint>
<Trackpoint>
<Time>2026-09-03T02:28:49Z</Time>
<Position>
<LatitudeDegrees>43.2451293</LatitudeDegrees>
<LongitudeDegrees>117.5067765</LongitudeDegrees>
</Position>
<AltitudeMeters>1035.6</AltitudeMeters>
<DistanceMeters>29003.4</DistanceMeters>
<Extensions>
<ns3:TPX>
<ns3:Speed>4.549</ns3:Speed>
</ns3:TPX>
</Extensions>
</Trackpoint>
<Trackpoint>
<Time>2026-09-03T02:28:55Z</Time>
<Position>
<LatitudeDegrees>43.2450216</LatitudeDegrees>
<LongitudeDegrees>117.5069919</LongitudeDegrees>
</Position>
<AltitudeMeters>1035.4</AltitudeMeters>
<DistanceMeters>29024.7</DistanceMeters>
<Extensions>
<ns3:TPX>
<ns3:Speed>3.212</ns3:Speed>
</ns3:TPX>
</Extensions>
</Trackpoint>
<Trackpoint>
<Time>2026-09-03T02:29:03Z</Time>
<Position>
<LatitudeDegrees>43.2449199</LatitudeDegrees>
<LongitudeDegrees>117.5073171</LongitudeDegrees>
</Position>
<AltitudeMeters>1034.8</AltitudeMeters>
<DistanceMeters>29053.4</DistanceMeters>
<Extensions>
<ns3:TPX>
<ns3:Speed>3.913</ns3:Speed>
</ns3:TPX>
</Extensions>
</Trackpoint>
<Trackpoint>
<Time>2026-09-03T02:29:12Z</Time>
<Position>
<LatitudeDegrees>43.2447537</LatitudeDegrees>
<LongitudeDegrees>117.5076936</LongitudeDegrees>
</Position>
<AltitudeMeters>1034.8</AltitudeMeters>
<DistanceMeters>29089.0</DistanceMeters>
<Extensions>
<ns3:TPX>
<ns3:Speed>4.232</ns3:Speed>
</ns3:TPX>
</Extensions>
</Trackpoint>
<Trackpoint>
<Time>2026-09-03T02:29:19Z</Time>
<Position>
<LatitudeDegrees>43.2446801</LatitudeDegrees>
<LongitudeDegrees>117.5077965</LongitudeDegrees>
</Position>
<AltitudeMeters>1034.6</AltitudeMeters>
<DistanceMeters>29100.3</DistanceMeters>
<Extensions>
<ns3:TPX>
<ns3:Speed>0.0</ns3:Speed>
</ns3:TPX>
</Extensions>
</Trackpoint>
<Trackpoint>
<Time>2026-09-03T02:30:15Z</Time>
<Position>
<LatitudeDegrees>43.2446314</LatitudeDegrees>
<LongitudeDegrees>117.5080029</LongitudeDegrees>
</Position>
<AltitudeMeters>1034.4</AltitudeMeters>
<DistanceMeters>29118.0</DistanceMeters>
<Extensions>
<ns3:TPX>
<ns3:Speed>3.856</ns3:Speed>
</ns3:TPX>
</Extensions>
</Trackpoint>
<Trackpoint>
<Time>2026-09-03T02:30:23Z</Time>
<Position>
<LatitudeDegrees>43.2444664</LatitudeDegrees>
<LongitudeDegrees>117.5084176</LongitudeDegrees>
</Position>
<AltitudeMeters>1034.2</AltitudeMeters>
<DistanceMeters>29156.2</DistanceMeters>
<Extensions>
<ns3:TPX>
<ns3:Speed>5.205</ns3:Speed>
</ns3:TPX>
</Extensions>
</Trackpoint>
<Trackpoint>
<Time>2026-09-03T02:30:31Z</Time>
<Position>
<LatitudeDegrees>43.2443218</LatitudeDegrees>
<LongitudeDegrees>117.5087752</LongitudeDegrees>
</Position>
<AltitudeMeters>1034.0</AltitudeMeters>
<DistanceMeters>29189.3</DistanceMeters>
<Extensions>
<ns3:TPX>
<ns3:Speed>4.223</ns3:Speed>
</ns3:TPX>
</Extensions>
</Trackpoint>
<Trackpoint>
<Time>2026-09-03T02:30:39Z</Time>
<Position>
<LatitudeDegrees>43.2441400</LatitudeDegrees>
<LongitudeDegrees>117.5092121</LongitudeDegrees>
</Position>
<AltitudeMeters>1033.2</AltitudeMeters>
<DistanceMeters>29230.0</DistanceMeters>
<Extensions>
<ns3:TPX>
<ns3:Speed>5.662</ns3:Speed>
</ns3:TPX>
</Extensions>
</Trackpoint>
<Trackpoint>
<Time>2026-09-03T02:30:47Z</Time>
<Position>
<LatitudeDegrees>43.2439362</LatitudeDegrees>
<LongitudeDegrees>117.5097342</LongitudeDegrees>
</Position>
<AltitudeMeters>1033.0</AltitudeMeters>
<DistanceMeters>29277.9</DistanceMeters>
<Extensions>
<ns3:TPX>
<ns3:Speed>6.272</ns3:Speed>
</ns3:TPX>
</Extensions>
</Trackpoint>
<Trackpoint>
<Time>2026-09-03T02:30:55Z</Time>
<Position>
<LatitudeDegrees>43.2437282</LatitudeDegrees>
<LongitudeDegrees>117.5102797</LongitudeDegrees>
</Position>
<AltitudeMeters>1032.4</AltitudeMeters>
<DistanceMeters>29327.7</DistanceMeters>
<Extensions>
<ns3:TPX>
<ns3:Speed>6.368</ns3:Speed>
</ns3:TPX>
</Extensions>
</Trackpoint>
<Trackpoint>
<Time>2026-09-03T02:31:03Z</Time>
<Position>
<LatitudeDegrees>43.2434908</LatitudeDegrees>
<LongitudeDegrees>117.5108877</LongitudeDegrees>
</Position>
<AltitudeMeters>1031.8</AltitudeMeters>
<DistanceMeters>29383.5</DistanceMeters>
<Extensions>
<ns3:TPX>
<ns3:Speed>5.811</ns3:Speed>
</ns3:TPX>
</Extensions>
</Trackpoint>
<Trackpoint>
<Time>2026-09-03T02:31:11Z</Time>
<Position>
<LatitudeDegrees>43.2433106</LatitudeDegrees>
<LongitudeDegrees>117.5113696</LongitudeDegrees>
</Position>
<AltitudeMeters>1031.6</AltitudeMeters>
<DistanceMeters>29427.3</DistanceMeters>
<Extensions>
<ns3:TPX>
<ns3:Speed>4.106</ns3:Speed>
</ns3:TPX>
</Extensions>
</Trackpoint>
<Trackpoint>
<Time>2026-09-03T02:31:17Z</Time>
<Position>
<LatitudeDegrees>43.2432235</LatitudeDegrees>
<LongitudeDegrees>117.5116643</LongitudeDegrees>
</Position>
<AltitudeMeters>1031.8</AltitudeMeters>
<DistanceMeters>29453.1</DistanceMeters>
<Extensions>
<ns3:TPX>
<ns3:Speed>4.617</ns3:Speed>
</ns3:TPX>
</Extensions>
</Trackpoint>
<Trackpoint>
<Time>2026-09-03T02:31:22Z</Time>
<Position>
<LatitudeDegrees>43.2432029</LatitudeDegrees>
<LongitudeDegrees>117.5119485</LongitudeDegrees>
</Position>
<AltitudeMeters>1031.6</AltitudeMeters>
<DistanceMeters>29476.3</DistanceMeters>
<Extensions>
<ns3:TPX>
<ns3:Speed>4.464</ns3:Speed>
</ns3:TPX>
</Extensions>
</Trackpoint>
<Trackpoint>
<Time>2026-09-03T02:31:31Z</Time>
<Position>
<LatitudeDegrees>43.2432215</LatitudeDegrees>
<LongitudeDegrees>117.5124156</LongitudeDegrees>
</Position>
<AltitudeMeters>1031.6</AltitudeMeters>
<DistanceMeters>29514.1</DistanceMeters>
<Extensions>
<ns3:TPX>
<ns3:Speed>4.735</ns3:Speed>
</ns3:TPX>
</Extensions>
</Trackpoint>
<Trackpoint>
<Time>2026-09-03T02:31:39Z</Time>
<Position>
<LatitudeDegrees>43.2432608</LatitudeDegrees>
<LongitudeDegrees>117.5128694</LongitudeDegrees>
</Position>
<AltitudeMeters>1031.6</AltitudeMeters>
<DistanceMeters>29551.1</DistanceMeters>
<Extensions>
<ns3:TPX>
<ns3:Speed>4.459</ns3:Speed>
</ns3:TPX>
</Extensions>
</Trackpoint>
<Trackpoint>
<Time>2026-09-03T02:31:44Z</Time>
<Position>
<LatitudeDegrees>43.2432692</LatitudeDegrees>
<LongitudeDegrees>117.5131404</LongitudeDegrees>
</Position>
<AltitudeMeters>1031.6</AltitudeMeters>
<DistanceMeters>29573.0</DistanceMeters>
<Extensions>
<ns3:TPX>
<ns3:Speed>4.313</ns3:Speed>
</ns3:TPX>
</Extensions>
</Trackpoint>
<Trackpoint>
<Time>2026-09-03T02:31:52Z</Time>
<Position>
<LatitudeDegrees>43.2432733</LatitudeDegrees>
<LongitudeDegrees>117.5135619</LongitudeDegrees>
</Position>
<AltitudeMeters>1031.6</AltitudeMeters>
<DistanceMeters>29607.1</DistanceMeters>
<Extensions>
<ns3:TPX>
<ns3:Speed>4.507</ns3:Speed>
</ns3:TPX>
</Extensions>
</Trackpoint>
<Trackpoint>
<Time>2026-09-03T02:32:00Z</Time>
<Position>
<LatitudeDegrees>43.2432950</LatitudeDegrees>
<LongitudeDegrees>117.5140002</LongitudeDegrees>
</Position>
<AltitudeMeters>1031.6</AltitudeMeters>
<DistanceMeters>29642.7</DistanceMeters>
<Extensions>
<ns3:TPX>
<ns3:Speed>4.263</ns3:Speed>
</ns3:TPX>
</Extensions>
</Trackpoint>
<Trackpoint>
<Time>2026-09-03T02:32:08Z</Time>
<Position>
<LatitudeDegrees>43.2433036</LatitudeDegrees>
<LongitudeDegrees>117.5143377</LongitudeDegrees>
</Position>
<AltitudeMeters>1031.6</AltitudeMeters>
<DistanceMeters>29670.0</DistanceMeters>
<Extensions>
<ns3:TPX>
<ns3:Speed>3.022</ns3:Speed>
</ns3:TPX>
</Extensions>
</Trackpoint>
<Trackpoint>
<Time>2026-09-03T02:32:16Z</Time>
<Position>
<LatitudeDegrees>43.2433312</LatitudeDegrees>
<LongitudeDegrees>117.5146516</LongitudeDegrees>
</Position>
<AltitudeMeters>1031.6</AltitudeMeters>
<DistanceMeters>29695.6</DistanceMeters>
<Extensions>
<ns3:TPX>
<ns3:Speed>3.483</ns3:Speed>
</ns3:TPX>
</Extensions>
</Trackpoint>
<Trackpoint>
<Time>2026-09-03T02:32:24Z</Time>
<Position>
<LatitudeDegrees>43.2433425</LatitudeDegrees>
<LongitudeDegrees>117.5149717</LongitudeDegrees>
</Position>
<AltitudeMeters>1031.6</AltitudeMeters>
<DistanceMeters>29721.5</DistanceMeters>
<Extensions>
<ns3:TPX>
<ns3:Speed>3.329</ns3:Speed>
</ns3:TPX>
</Extensions>
</Trackpoint>
<Trackpoint>
<Time>2026-09-03T02:32:32Z</Time>
<Position>
<LatitudeDegrees>43.2433632</LatitudeDegrees>
<LongitudeDegrees>117.5153198</LongitudeDegrees>
</Position>
<AltitudeMeters>1031.8</AltitudeMeters>
<DistanceMeters>29749.8</DistanceMeters>
<Extensions>
<ns3:TPX>
<ns3:Speed>3.264</ns3:Speed>
</ns3:TPX>
</Extensions>
</Trackpoint>
<Trackpoint>
<Time>2026-09-03T02:32:38Z</Time>
<Position>
<LatitudeDegrees>43.2433468</LatitudeDegrees>
<LongitudeDegrees>117.5155202</LongitudeDegrees>
</Position>
<AltitudeMeters>1032.0</AltitudeMeters>
<DistanceMeters>29766.2</DistanceMeters>
<Extensions>
<ns3:TPX>
<ns3:Speed>2.946</ns3:Speed>
</ns3:TPX>
</Extensions>
</Trackpoint>
<Trackpoint>
<Time>2026-09-03T02:32:44Z</Time>
<Position>
<LatitudeDegrees>43.2433841</LatitudeDegrees>
<LongitudeDegrees>117.5157685</LongitudeDegrees>
</Position>
<AltitudeMeters>1032.0</AltitudeMeters>
<DistanceMeters>29786.8</DistanceMeters>
<Extensions>
<ns3:TPX>
<ns3:Speed>3.531</ns3:Speed>
</ns3:TPX>
</Extensions>
</Trackpoint>
<Trackpoint>
<Time>2026-09-03T02:32:52Z</Time>
<Position>
<LatitudeDegrees>43.2433972</LatitudeDegrees>
<LongitudeDegrees>117.5160338</LongitudeDegrees>
</Position>
<AltitudeMeters>1032.4</AltitudeMeters>
<DistanceMeters>29808.3</DistanceMeters>
<Extensions>
<ns3:TPX>
<ns3:Speed>2.347</ns3:Speed>
</ns3:TPX>
</Extensions>
</Trackpoint>
<Trackpoint>
<Time>2026-09-03T02:33:00Z</Time>
<Position>
<LatitudeDegrees>43.2434093</LatitudeDegrees>
<LongitudeDegrees>117.5163290</LongitudeDegrees>
</Position>
<AltitudeMeters>1032.8</AltitudeMeters>
<DistanceMeters>29832.2</DistanceMeters>
<Extensions>
<ns3:TPX>
<ns3:Speed>2.987</ns3:Speed>
</ns3:TPX>
</Extensions>
</Trackpoint>
<Trackpoint>
<Time>2026-09-03T02:33:05Z</Time>
<Position>
<LatitudeDegrees>43.2433975</LatitudeDegrees>
<LongitudeDegrees>117.5164197</LongitudeDegrees>
</Position>
<AltitudeMeters>1033.0</AltitudeMeters>
<DistanceMeters>29837.4</DistanceMeters>
<Extensions>
<ns3:TPX>
<ns3:Speed>0.0</ns3:Speed>
</ns3:TPX>
</Extensions>
</Trackpoint>
<Trackpoint>
<Time>2026-09-03T02:33:20Z</Time>
<Position>
<LatitudeDegrees>43.2434285</LatitudeDegrees>
<LongitudeDegrees>117.5164958</LongitudeDegrees>
</Position>
<AltitudeMeters>1033.4</AltitudeMeters>
<DistanceMeters>29844.4</DistanceMeters>
<Extensions>
<ns3:TPX>
<ns3:Speed>2.494</ns3:Speed>
</ns3:TPX>
</Extensions>
</Trackpoint>
<Trackpoint>
<Time>2026-09-03T02:33:28Z</Time>
<Position>
<LatitudeDegrees>43.2434423</LatitudeDegrees>
<LongitudeDegrees>117.5168437</LongitudeDegrees>
</Position>
<AltitudeMeters>1033.8</AltitudeMeters>
<DistanceMeters>29872.6</DistanceMeters>
<Extensions>
<ns3:TPX>
<ns3:Speed>3.364</ns3:Speed>
</ns3:TPX>
</Extensions>
</Trackpoint>
<Trackpoint>
<Time>2026-09-03T02:33:36Z</Time>
<Position>
<LatitudeDegrees>43.2434636</LatitudeDegrees>
<LongitudeDegrees>117.5171900</LongitudeDegrees>
</Position>
<AltitudeMeters>1034.4</AltitudeMeters>
<DistanceMeters>29900.7</DistanceMeters>
<Extensions>
<ns3:TPX>
<ns3:Speed>3.38</ns3:Speed>
</ns3:TPX>
</Extensions>
</Trackpoint>
<Trackpoint>
<Time>2026-09-03T02:33:42Z</Time>
<Position>
<LatitudeDegrees>43.2434597</LatitudeDegrees>
<LongitudeDegrees>117.5174356</LongitudeDegrees>
</Position>
<AltitudeMeters>1034.8</AltitudeMeters>
<DistanceMeters>29920.7</DistanceMeters>
<Extensions>
<ns3:TPX>
<ns3:Speed>3.307</ns3:Speed>
</ns3:TPX>
</Extensions>
</Trackpoint>
<Trackpoint>
<Time>2026-09-03T02:33:45Z</Time>
<Position>
<LatitudeDegrees>43.2434778</LatitudeDegrees>
<LongitudeDegrees>117.5175565</LongitudeDegrees>
</Position>
<AltitudeMeters>1034.8</AltitudeMeters>
<DistanceMeters>29930.7</DistanceMeters>
<Extensions>
<ns3:TPX>
<ns3:Speed>3.485</ns3:Speed>
</ns3:TPX>
</Extensions>
</Trackpoint>
<Trackpoint>
<Time>2026-09-03T02:33:54Z</Time>
<Position>
<LatitudeDegrees>43.2434925</LatitudeDegrees>
<LongitudeDegrees>117.5179018</LongitudeDegrees>
</Position>
<AltitudeMeters>1035.2</AltitudeMeters>
<DistanceMeters>29958.7</DistanceMeters>
<Extensions>
<ns3:TPX>
<ns3:Speed>3.743</ns3:Speed>
</ns3:TPX>
</Extensions>
</Trackpoint>
<Trackpoint>
<Time>2026-09-03T02:34:02Z</Time>
<Position>
<LatitudeDegrees>43.2435143</LatitudeDegrees>
<LongitudeDegrees>117.5182719</LongitudeDegrees>
</Position>
<AltitudeMeters>1035.4</AltitudeMeters>
<DistanceMeters>29988.7</DistanceMeters>
<Extensions>
<ns3:TPX>
<ns3:Speed>3.741</ns3:Speed>
</ns3:TPX>
</Extensions>
</Trackpoint>
<Trackpoint>
<Time>2026-09-03T02:34:10Z</Time>
<Position>
<LatitudeDegrees>43.2435416</LatitudeDegrees>
<LongitudeDegrees>117.5186310</LongitudeDegrees>
</Position>
<AltitudeMeters>1035.4</AltitudeMeters>
<DistanceMeters>30017.9</DistanceMeters>
<Extensions>
<ns3:TPX>
<ns3:Speed>4.099</ns3:Speed>
</ns3:TPX>
</Extensions>
</Trackpoint>
<Trackpoint>
<Time>2026-09-03T02:34:18Z</Time>
<Position>
<LatitudeDegrees>43.2435591</LatitudeDegrees>
<LongitudeDegrees>117.5190354</LongitudeDegrees>
</Position>
<AltitudeMeters>1035.0</AltitudeMeters>
<DistanceMeters>30050.8</DistanceMeters>
<Extensions>
<ns3:TPX>
<ns3:Speed>4.212</ns3:Speed>
</ns3:TPX>
</Extensions>
</Trackpoint>
<Trackpoint>
<Time>2026-09-03T02:34:26Z</Time>
<Position>
<LatitudeDegrees>43.2435873</LatitudeDegrees>
<LongitudeDegrees>117.5194610</LongitudeDegrees>
</Position>
<AltitudeMeters>1034.4</AltitudeMeters>
<DistanceMeters>30085.3</DistanceMeters>
<Extensions>
<ns3:TPX>
<ns3:Speed>4.557</ns3:Speed>
</ns3:TPX>
</Extensions>
</Trackpoint>
<Trackpoint>
<Time>2026-09-03T02:34:34Z</Time>
<Position>
<LatitudeDegrees>43.2436413</LatitudeDegrees>
<LongitudeDegrees>117.5199540</LongitudeDegrees>
</Position>
<AltitudeMeters>1034.0</AltitudeMeters>
<DistanceMeters>30125.6</DistanceMeters>
<Extensions>
<ns3:TPX>
<ns3:Speed>5.01</ns3:Speed>
</ns3:TPX>
</Extensions>
</Trackpoint>
<Trackpoint>
<Time>2026-09-03T02:34:42Z</Time>
<Position>
<LatitudeDegrees>43.2437063</LatitudeDegrees>
<LongitudeDegrees>117.5203873</LongitudeDegrees>
</Position>
<AltitudeMeters>1032.6</AltitudeMeters>
<DistanceMeters>30161.4</DistanceMeters>
<Extensions>
<ns3:TPX>
<ns3:Speed>4.553</ns3:Speed>
</ns3:TPX>
</Extensions>
</Trackpoint>
<Trackpoint>
<Time>2026-09-03T02:34:50Z</Time>
<Position>
<LatitudeDegrees>43.2437708</LatitudeDegrees>
<LongitudeDegrees>117.5208340</LongitudeDegrees>
</Position>
<AltitudeMeters>1031.4</AltitudeMeters>
<DistanceMeters>30198.2</DistanceMeters>
<Extensions>
<ns3:TPX>
<ns3:Speed>4.08</ns3:Speed>
</ns3:TPX>
</Extensions>
</Trackpoint>
<Trackpoint>
<Time>2026-09-03T02:34:58Z</Time>
<Position>
<LatitudeDegrees>43.2438241</LatitudeDegrees>
<LongitudeDegrees>117.5211658</LongitudeDegrees>
</Position>
<AltitudeMeters>1030.4</AltitudeMeters>
<DistanceMeters>30225.7</DistanceMeters>
<Extensions>
<ns3:TPX>
<ns3:Speed>2.941</ns3:Speed>
</ns3:TPX>
</Extensions>
</Trackpoint>
<Trackpoint>
<Time>2026-09-03T02:35:06Z</Time>
<Position>
<LatitudeDegrees>43.2438690</LatitudeDegrees>
<LongitudeDegrees>117.5214224</LongitudeDegrees>
</Position>
<AltitudeMeters>1029.8</AltitudeMeters>
<DistanceMeters>30247.1</DistanceMeters>
<Extensions>
<ns3:TPX>
<ns3:Speed>3.257</ns3:Speed>
</ns3:TPX>
</Extensions>
</Trackpoint>
<Trackpoint>
<Time>2026-09-03T02:35:14Z</Time>
<Position>
<LatitudeDegrees>43.2439312</LatitudeDegrees>
<LongitudeDegrees>117.5217224</LongitudeDegrees>
</Position>
<AltitudeMeters>1029.4</AltitudeMeters>
<DistanceMeters>30272.3</DistanceMeters>
<Extensions>
<ns3:TPX>
<ns3:Speed>2.584</ns3:Speed>
</ns3:TPX>
</Extensions>
</Trackpoint>
<Trackpoint>
<Time>2026-09-03T02:35:22Z</Time>
<Position>
<LatitudeDegrees>43.2439492</LatitudeDegrees>
<LongitudeDegrees>117.5220179</LongitudeDegrees>
</Position>
<AltitudeMeters>1029.2</AltitudeMeters>
<DistanceMeters>30296.4</DistanceMeters>
<Extensions>
<ns3:TPX>
<ns3:Speed>3.382</ns3:Speed>
</ns3:TPX>
</Extensions>
</Trackpoint>
<Trackpoint>
<Time>2026-09-03T02:35:26Z</Time>
<Position>
<LatitudeDegrees>43.2439602</LatitudeDegrees>
<LongitudeDegrees>117.5221907</LongitudeDegrees>
</Position>
<AltitudeMeters>1029.0</AltitudeMeters>
<DistanceMeters>30310.5</DistanceMeters>
<Extensions>
<ns3:TPX>
<ns3:Speed>3.55</ns3:Speed>
</ns3:TPX>
</Extensions>
</Trackpoint>
<Trackpoint>
<Time>2026-09-03T02:35:31Z</Time>
<Position>
<LatitudeDegrees>43.2439241</LatitudeDegrees>
<LongitudeDegrees>117.5224114</LongitudeDegrees>
</Position>
<AltitudeMeters>1028.8</AltitudeMeters>
<DistanceMeters>30328.9</DistanceMeters>
<Extensions>
<ns3:TPX>
<ns3:Speed>3.607</ns3:Speed>
</ns3:TPX>
</Extensions>
</Trackpoint>
<Trackpoint>
<Time>2026-09-03T02:35:39Z</Time>
<Position>
<LatitudeDegrees>43.2438315</LatitudeDegrees>
<LongitudeDegrees>117.5227410</LongitudeDegrees>
</Position>
<AltitudeMeters>1028.6</AltitudeMeters>
<DistanceMeters>30357.4</DistanceMeters>
<Extensions>
<ns3:TPX>
<ns3:Speed>3.736</ns3:Speed>
</ns3:TPX>
</Extensions>
</Trackpoint>
<Trackpoint>
<Time>2026-09-03T02:35:47Z</Time>
<Position>
<LatitudeDegrees>43.2437294</LatitudeDegrees>
<LongitudeDegrees>117.5231028</LongitudeDegrees>
</Position>
<AltitudeMeters>1029.0</AltitudeMeters>
<DistanceMeters>30388.8</DistanceMeters>
<Extensions>
<ns3:TPX>
<ns3:Speed>3.496</ns3:Speed>
</ns3:TPX>
</Extensions>
</Trackpoint>
<Trackpoint>
<Time>2026-09-03T02:35:55Z</Time>
<Position>
<LatitudeDegrees>43.2436302</LatitudeDegrees>
<LongitudeDegrees>117.5234375</LongitudeDegrees>
</Position>
<AltitudeMeters>1029.2</AltitudeMeters>
<DistanceMeters>30418.1</DistanceMeters>
<Extensions>
<ns3:TPX>
<ns3:Speed>3.732</ns3:Speed>
</ns3:TPX>
</Extensions>
</Trackpoint>
<Trackpoint>
<Time>2026-09-03T02:36:03Z</Time>
<Position>
<LatitudeDegrees>43.2435277</LatitudeDegrees>
<LongitudeDegrees>117.5237885</LongitudeDegrees>
</Position>
<AltitudeMeters>1029.0</AltitudeMeters>
<DistanceMeters>30448.7</DistanceMeters>
<Extensions>
<ns3:TPX>
<ns3:Speed>3.845</ns3:Speed>
</ns3:TPX>
</Extensions>
</Trackpoint>
<Trackpoint>
<Time>2026-09-03T02:36:11Z</Time>
<Position>
<LatitudeDegrees>43.2434263</LatitudeDegrees>
<LongitudeDegrees>117.5241231</LongitudeDegrees>
</Position>
<AltitudeMeters>1028.8</AltitudeMeters>
<DistanceMeters>30478.0</DistanceMeters>
<Extensions>
<ns3:TPX>
<ns3:Speed>3.25</ns3:Speed>
</ns3:TPX>
</Extensions>
</Trackpoint>
<Trackpoint>
<Time>2026-09-03T02:36:16Z</Time>
<Position>
<LatitudeDegrees>43.2433668</LatitudeDegrees>
<LongitudeDegrees>117.5241789</LongitudeDegrees>
</Position>
<AltitudeMeters>1028.8</AltitudeMeters>
<DistanceMeters>30485.2</DistanceMeters>
<Extensions>
<ns3:TPX>
<ns3:Speed>0.0</ns3:Speed>
</ns3:TPX>
</Extensions>
</Trackpoint>
<Trackpoint>
<Time>2026-09-03T02:36:18Z</Time>
<Position>
<LatitudeDegrees>43.2433622</LatitudeDegrees>
<LongitudeDegrees>117.5241723</LongitudeDegrees>
</Position>
<AltitudeMeters>1029.0</AltitudeMeters>
<DistanceMeters>30485.2</DistanceMeters>
<Extensions>
<ns3:TPX>
<ns3:Speed>0.0</ns3:Speed>
</ns3:TPX>
</Extensions>
</Trackpoint>
<Trackpoint>
<Time>2026-09-03T02:37:13Z</Time>
<Position>
<LatitudeDegrees>43.2431919</LatitudeDegrees>
<LongitudeDegrees>117.5241523</LongitudeDegrees>
</Position>
<AltitudeMeters>1028.6</AltitudeMeters>
<DistanceMeters>30504.3</DistanceMeters>
<Extensions>
<ns3:TPX>
<ns3:Speed>3.058</ns3:Speed>
</ns3:TPX>
</Extensions>
</Trackpoint>
<Trackpoint>
<Time>2026-09-03T02:37:21Z</Time>
<Position>
<LatitudeDegrees>43.2429413</LatitudeDegrees>
<LongitudeDegrees>117.5240848</LongitudeDegrees>
</Position>
<AltitudeMeters>1028.2</AltitudeMeters>
<DistanceMeters>30532.7</DistanceMeters>
<Extensions>
<ns3:TPX>
<ns3:Speed>3.612</ns3:Speed>
</ns3:TPX>
</Extensions>
</Trackpoint>
<Trackpoint>
<Time>2026-09-03T02:37:29Z</Time>
<Position>
<LatitudeDegrees>43.2426786</LatitudeDegrees>
<LongitudeDegrees>117.5239971</LongitudeDegrees>
</Position>
<AltitudeMeters>1028.2</AltitudeMeters>
<DistanceMeters>30562.7</DistanceMeters>
<Extensions>
<ns3:TPX>
<ns3:Speed>3.72</ns3:Speed>
</ns3:TPX>
</Extensions>
</Trackpoint>
<Trackpoint>
<Time>2026-09-03T02:37:37Z</Time>
<Position>
<LatitudeDegrees>43.2424084</LatitudeDegrees>
<LongitudeDegrees>117.5238873</LongitudeDegrees>
</Position>
<AltitudeMeters>1028.0</AltitudeMeters>
<DistanceMeters>30594.0</DistanceMeters>
<Extensions>
<ns3:TPX>
<ns3:Speed>3.996</ns3:Speed>
</ns3:TPX>
</Extensions>
</Trackpoint>
<Trackpoint>
<Time>2026-09-03T02:37:45Z</Time>
<Position>
<LatitudeDegrees>43.2421567</LatitudeDegrees>
<LongitudeDegrees>117.5237733</LongitudeDegrees>
</Position>
<AltitudeMeters>1027.8</AltitudeMeters>
<DistanceMeters>30623.4</DistanceMeters>
<Extensions>
<ns3:TPX>
<ns3:Speed>3.898</ns3:Speed>
</ns3:TPX>
</Extensions>
</Trackpoint>
<Trackpoint>
<Time>2026-09-03T02:37:53Z</Time>
<Position>
<LatitudeDegrees>43.2418980</LatitudeDegrees>
<LongitudeDegrees>117.5236470</LongitudeDegrees>
</Position>
<AltitudeMeters>1028.0</AltitudeMeters>
<DistanceMeters>30653.9</DistanceMeters>
<Extensions>
<ns3:TPX>
<ns3:Speed>3.879</ns3:Speed>
</ns3:TPX>
</Extensions>
</Trackpoint>
<Trackpoint>
<Time>2026-09-03T02:38:01Z</Time>
<Position>
<LatitudeDegrees>43.2416368</LatitudeDegrees>
<LongitudeDegrees>117.5235122</LongitudeDegrees>
</Position>
<AltitudeMeters>1027.8</AltitudeMeters>
<DistanceMeters>30684.9</DistanceMeters>
<Extensions>
<ns3:TPX>
<ns3:Speed>3.871</ns3:Speed>
</ns3:TPX>
</Extensions>
</Trackpoint>
<Trackpoint>
<Time>2026-09-03T02:38:09Z</Time>
<Position>
<LatitudeDegrees>43.2413695</LatitudeDegrees>
<LongitudeDegrees>117.5233689</LongitudeDegrees>
</Position>
<AltitudeMeters>1028.0</AltitudeMeters>
<DistanceMeters>30716.7</DistanceMeters>
<Extensions>
<ns3:TPX>
<ns3:Speed>3.837</ns3:Speed>
</ns3:TPX>
</Extensions>
</Trackpoint>
<Trackpoint>
<Time>2026-09-03T02:38:17Z</Time>
<Position>
<LatitudeDegrees>43.2410815</LatitudeDegrees>
<LongitudeDegrees>117.5232121</LongitudeDegrees>
</Position>
<AltitudeMeters>1027.8</AltitudeMeters>
<DistanceMeters>30751.1</DistanceMeters>
<Extensions>
<ns3:TPX>
<ns3:Speed>3.645</ns3:Speed>
</ns3:TPX>
</Extensions>
</Trackpoint>
<Trackpoint>
<Time>2026-09-03T02:38:25Z</Time>
<Position>
<LatitudeDegrees>43.2408243</LatitudeDegrees>
<LongitudeDegrees>117.5230781</LongitudeDegrees>
</Position>
<AltitudeMeters>1027.8</AltitudeMeters>
<DistanceMeters>30781.7</DistanceMeters>
<Extensions>
<ns3:TPX>
<ns3:Speed>3.67</ns3:Speed>
</ns3:TPX>
</Extensions>
</Trackpoint>
<Trackpoint>
<Time>2026-09-03T02:38:33Z</Time>
<Position>
<LatitudeDegrees>43.2405615</LatitudeDegrees>
<LongitudeDegrees>117.5229320</LongitudeDegrees>
</Position>
<AltitudeMeters>1027.6</AltitudeMeters>
<DistanceMeters>30813.1</DistanceMeters>
<Extensions>
<ns3:TPX>
<ns3:Speed>3.89</ns3:Speed>
</ns3:TPX>
</Extensions>
</Trackpoint>
<Trackpoint>
<Time>2026-09-03T02:38:42Z</Time>
<Position>
<LatitudeDegrees>43.2403011</LatitudeDegrees>
<LongitudeDegrees>117.5227963</LongitudeDegrees>
</Position>
<AltitudeMeters>1027.6</AltitudeMeters>
<DistanceMeters>30844.1</DistanceMeters>
<Extensions>
<ns3:TPX>
<ns3:Speed>3.7</ns3:Speed>
</ns3:TPX>
</Extensions>
</Trackpoint>
<Trackpoint>
<Time>2026-09-03T02:38:50Z</Time>
<Position>
<LatitudeDegrees>43.2400664</LatitudeDegrees>
<LongitudeDegrees>117.5226713</LongitudeDegrees>
</Position>
<AltitudeMeters>1027.6</AltitudeMeters>
<DistanceMeters>30872.0</DistanceMeters>
<Extensions>
<ns3:TPX>
<ns3:Speed>2.818</ns3:Speed>
</ns3:TPX>
</Extensions>
</Trackpoint>
<Trackpoint>
<Time>2026-09-03T02:38:58Z</Time>
<Position>
<LatitudeDegrees>43.2399550</LatitudeDegrees>
<LongitudeDegrees>117.5225910</LongitudeDegrees>
</Position>
<AltitudeMeters>1027.6</AltitudeMeters>
<DistanceMeters>30885.5</DistanceMeters>
<Extensions>
<ns3:TPX>
<ns3:Speed>0.0</ns3:Speed>
</ns3:TPX>
</Extensions>
</Trackpoint>
<Trackpoint>
<Time>2026-09-03T02:39:00Z</Time>
<Position>
<LatitudeDegrees>43.2399570</LatitudeDegrees>
<LongitudeDegrees>117.5225819</LongitudeDegrees>
</Position>
<AltitudeMeters>1027.6</AltitudeMeters>
<DistanceMeters>30885.5</DistanceMeters>
<Extensions>
<ns3:TPX>
<ns3:Speed>0.0</ns3:Speed>
</ns3:TPX>
</Extensions>
</Trackpoint>
<Trackpoint>
<Time>2026-09-03T02:39:13Z</Time>
<Position>
<LatitudeDegrees>43.2400060</LatitudeDegrees>
<LongitudeDegrees>117.5225307</LongitudeDegrees>
</Position>
<AltitudeMeters>1028.0</AltitudeMeters>
<DistanceMeters>30892.3</DistanceMeters>
<Extensions>
<ns3:TPX>
<ns3:Speed>1.152</ns3:Speed>
</ns3:TPX>
</Extensions>
</Trackpoint>
<Trackpoint>
<Time>2026-09-03T02:39:21Z</Time>
<Position>
<LatitudeDegrees>43.2399502</LatitudeDegrees>
<LongitudeDegrees>117.5224655</LongitudeDegrees>
</Position>
<AltitudeMeters>1028.0</AltitudeMeters>
<DistanceMeters>30898.7</DistanceMeters>
<Extensions>
<ns3:TPX>
<ns3:Speed>0.0</ns3:Speed>
</ns3:TPX>
</Extensions>
</Trackpoint>
<Trackpoint>
<Time>2026-09-03T03:10:16Z</Time>
<Position>
<LatitudeDegrees>43.2398634</LatitudeDegrees>
<LongitudeDegrees>117.5224814</LongitudeDegrees>
</Position>
<AltitudeMeters>1028.6</AltitudeMeters>
<DistanceMeters>30907.7</DistanceMeters>
<Extensions>
<ns3:TPX>
<ns3:Speed>0.0</ns3:Speed>
</ns3:TPX>
</Extensions>
</Trackpoint>
<Trackpoint>
<Time>2026-09-03T03:10:23Z</Time>
<Position>
<LatitudeDegrees>43.2398336</LatitudeDegrees>
<LongitudeDegrees>117.5225104</LongitudeDegrees>
</Position>
<AltitudeMeters>1028.6</AltitudeMeters>
<DistanceMeters>30909.1</DistanceMeters>
<Extensions>
<ns3:TPX>
<ns3:Speed>0.0</ns3:Speed>
</ns3:TPX>
</Extensions>
</Trackpoint>
<Trackpoint>
<Time>2026-09-03T03:10:40Z</Time>
<Position>
<LatitudeDegrees>43.2395919</LatitudeDegrees>
<LongitudeDegrees>117.5223651</LongitudeDegrees>
</Position>
<AltitudeMeters>1028.4</AltitudeMeters>
<DistanceMeters>30938.0</DistanceMeters>
<Extensions>
<ns3:TPX>
<ns3:Speed>2.754</ns3:Speed>
</ns3:TPX>
</Extensions>
</Trackpoint>
<Trackpoint>
<Time>2026-09-03T03:10:48Z</Time>
<Position>
<LatitudeDegrees>43.2394011</LatitudeDegrees>
<LongitudeDegrees>117.5222682</LongitudeDegrees>
</Position>
<AltitudeMeters>1028.2</AltitudeMeters>
<DistanceMeters>30960.6</DistanceMeters>
<Extensions>
<ns3:TPX>
<ns3:Speed>2.619</ns3:Speed>
</ns3:TPX>
</Extensions>
</Trackpoint>
<Trackpoint>
<Time>2026-09-03T03:10:55Z</Time>
<Position>
<LatitudeDegrees>43.2392060</LatitudeDegrees>
<LongitudeDegrees>117.5222092</LongitudeDegrees>
</Position>
<AltitudeMeters>1028.2</AltitudeMeters>
<DistanceMeters>30982.9</DistanceMeters>
<Extensions>
<ns3:TPX>
<ns3:Speed>3.01</ns3:Speed>
</ns3:TPX>
</Extensions>
</Trackpoint>
<Trackpoint>
<Time>2026-09-03T03:10:58Z</Time>
<Position>
<LatitudeDegrees>43.2391463</LatitudeDegrees>
<LongitudeDegrees>117.5222194</LongitudeDegrees>
</Position>
<AltitudeMeters>1028.2</AltitudeMeters>
<DistanceMeters>30989.7</DistanceMeters>
<Extensions>
<ns3:TPX>
<ns3:Speed>2.8</ns3:Speed>
</ns3:TPX>
</Extensions>
</Trackpoint>
<Trackpoint>
<Time>2026-09-03T03:11:01Z</Time>
<Position>
<LatitudeDegrees>43.2390910</LatitudeDegrees>
<LongitudeDegrees>117.5223151</LongitudeDegrees>
</Position>
<AltitudeMeters>1028.2</AltitudeMeters>
<DistanceMeters>30999.7</DistanceMeters>
<Extensions>
<ns3:TPX>
<ns3:Speed>2.623</ns3:Speed>
</ns3:TPX>
</Extensions>
</Trackpoint>
<Trackpoint>
<Time>2026-09-03T03:11:09Z</Time>
<Position>
<LatitudeDegrees>43.2390129</LatitudeDegrees>
<LongitudeDegrees>117.5225568</LongitudeDegrees>
</Position>
<AltitudeMeters>1028.2</AltitudeMeters>
<DistanceMeters>31021.1</DistanceMeters>
<Extensions>
<ns3:TPX>
<ns3:Speed>2.667</ns3:Speed>
</ns3:TPX>
</Extensions>
</Trackpoint>
<Trackpoint>
<Time>2026-09-03T03:11:18Z</Time>
<Position>
<LatitudeDegrees>43.2389441</LatitudeDegrees>
<LongitudeDegrees>117.5227959</LongitudeDegrees>
</Position>
<AltitudeMeters>1028.2</AltitudeMeters>
<DistanceMeters>31042.0</DistanceMeters>
<Extensions>
<ns3:TPX>
<ns3:Speed>2.951</ns3:Speed>
</ns3:TPX>
</Extensions>
</Trackpoint>
<Trackpoint>
<Time>2026-09-03T03:11:26Z</Time>
<Position>
<LatitudeDegrees>43.2388778</LatitudeDegrees>
<LongitudeDegrees>117.5230536</LongitudeDegrees>
</Position>
<AltitudeMeters>1028.6</AltitudeMeters>
<DistanceMeters>31064.1</DistanceMeters>
<Extensions>
<ns3:TPX>
<ns3:Speed>2.913</ns3:Speed>
</ns3:TPX>
</Extensions>
</Trackpoint>
<Trackpoint>
<Time>2026-09-03T03:11:34Z</Time>
<Position>
<LatitudeDegrees>43.2388140</LatitudeDegrees>
<LongitudeDegrees>117.5233176</LongitudeDegrees>
</Position>
<AltitudeMeters>1028.6</AltitudeMeters>
<DistanceMeters>31086.6</DistanceMeters>
<Extensions>
<ns3:TPX>
<ns3:Speed>2.737</ns3:Speed>
</ns3:TPX>
</Extensions>
</Trackpoint>
<Trackpoint>
<Time>2026-09-03T03:11:42Z</Time>
<Position>
<LatitudeDegrees>43.2387451</LatitudeDegrees>
<LongitudeDegrees>117.5235723</LongitudeDegrees>
</Position>
<AltitudeMeters>1028.6</AltitudeMeters>
<DistanceMeters>31108.6</DistanceMeters>
<Extensions>
<ns3:TPX>
<ns3:Speed>2.675</ns3:Speed>
</ns3:TPX>
</Extensions>
</Trackpoint>
<Trackpoint>
<Time>2026-09-03T03:11:50Z</Time>
<Position>
<LatitudeDegrees>43.2386940</LatitudeDegrees>
<LongitudeDegrees>117.5237771</LongitudeDegrees>
</Position>
<AltitudeMeters>1028.6</AltitudeMeters>
<DistanceMeters>31126.1</DistanceMeters>
<Extensions>
<ns3:TPX>
<ns3:Speed>2.209</ns3:Speed>
</ns3:TPX>
</Extensions>
</Trackpoint>
<Trackpoint>
<Time>2026-09-03T03:11:56Z</Time>
<Position>
<LatitudeDegrees>43.2386612</LatitudeDegrees>
<LongitudeDegrees>117.5238478</LongitudeDegrees>
</Position>
<AltitudeMeters>1029.0</AltitudeMeters>
<DistanceMeters>31131.6</DistanceMeters>
<Extensions>
<ns3:TPX>
<ns3:Speed>0.0</ns3:Speed>
</ns3:TPX>
</Extensions>
</Trackpoint>
<Trackpoint>
<Time>2026-09-03T03:12:19Z</Time>
<Position>
<LatitudeDegrees>43.2386462</LatitudeDegrees>
<LongitudeDegrees>117.5239623</LongitudeDegrees>
</Position>
<AltitudeMeters>1029.0</AltitudeMeters>
<DistanceMeters>31141.1</DistanceMeters>
<Extensions>
<ns3:TPX>
<ns3:Speed>2.193</ns3:Speed>
</ns3:TPX>
</Extensions>
</Trackpoint>
<Trackpoint>
<Time>2026-09-03T03:12:27Z</Time>
<Position>
<LatitudeDegrees>43.2385825</LatitudeDegrees>
<LongitudeDegrees>117.5241769</LongitudeDegrees>
</Position>
<AltitudeMeters>1029.6</AltitudeMeters>
<DistanceMeters>31159.9</DistanceMeters>
<Extensions>
<ns3:TPX>
<ns3:Speed>2.548</ns3:Speed>
</ns3:TPX>
</Extensions>
</Trackpoint>
<Trackpoint>
<Time>2026-09-03T03:12:35Z</Time>
<Position>
<LatitudeDegrees>43.2385210</LatitudeDegrees>
<LongitudeDegrees>117.5244138</LongitudeDegrees>
</Position>
<AltitudeMeters>1029.0</AltitudeMeters>
<DistanceMeters>31180.3</DistanceMeters>
<Extensions>
<ns3:TPX>
<ns3:Speed>2.048</ns3:Speed>
</ns3:TPX>
</Extensions>
</Trackpoint>
<Trackpoint>
<Time>2026-09-03T03:12:43Z</Time>
<Position>
<LatitudeDegrees>43.2384660</LatitudeDegrees>
<LongitudeDegrees>117.5246313</LongitudeDegrees>
</Position>
<AltitudeMeters>1029.2</AltitudeMeters>
<DistanceMeters>31198.9</DistanceMeters>
<Extensions>
<ns3:TPX>
<ns3:Speed>2.31</ns3:Speed>
</ns3:TPX>
</Extensions>
</Trackpoint>
<Trackpoint>
<Time>2026-09-03T03:12:51Z</Time>
<Position>
<LatitudeDegrees>43.2384175</LatitudeDegrees>
<LongitudeDegrees>117.5248225</LongitudeDegrees>
</Position>
<AltitudeMeters>1029.2</AltitudeMeters>
<DistanceMeters>31215.3</DistanceMeters>
<Extensions>
<ns3:TPX>
<ns3:Speed>2.113</ns3:Speed>
</ns3:TPX>
</Extensions>
</Trackpoint>
<Trackpoint>
<Time>2026-09-03T03:12:59Z</Time>
<Position>
<LatitudeDegrees>43.2383605</LatitudeDegrees>
<LongitudeDegrees>117.5250356</LongitudeDegrees>
</Position>
<AltitudeMeters>1029.4</AltitudeMeters>
<DistanceMeters>31233.7</DistanceMeters>
<Extensions>
<ns3:TPX>
<ns3:Speed>2.43</ns3:Speed>
</ns3:TPX>
</Extensions>
</Trackpoint>
<Trackpoint>
<Time>2026-09-03T03:13:07Z</Time>
<Position>
<LatitudeDegrees>43.2383062</LatitudeDegrees>
<LongitudeDegrees>117.5252678</LongitudeDegrees>
</Position>
<AltitudeMeters>1029.4</AltitudeMeters>
<DistanceMeters>31253.5</DistanceMeters>
<Extensions>
<ns3:TPX>
<ns3:Speed>2.263</ns3:Speed>
</ns3:TPX>
</Extensions>
</Trackpoint>
<Trackpoint>
<Time>2026-09-03T03:13:15Z</Time>
<Position>
<LatitudeDegrees>43.2382458</LatitudeDegrees>
<LongitudeDegrees>117.5254983</LongitudeDegrees>
</Position>
<AltitudeMeters>1029.4</AltitudeMeters>
<DistanceMeters>31273.3</DistanceMeters>
<Extensions>
<ns3:TPX>
<ns3:Speed>2.083</ns3:Speed>
</ns3:TPX>
</Extensions>
</Trackpoint>
<Trackpoint>
<Time>2026-09-03T03:13:23Z</Time>
<Position>
<LatitudeDegrees>43.2381879</LatitudeDegrees>
<LongitudeDegrees>117.5256444</LongitudeDegrees>
</Position>
<AltitudeMeters>1029.4</AltitudeMeters>
<DistanceMeters>31286.8</DistanceMeters>
<Extensions>
<ns3:TPX>
<ns3:Speed>1.66</ns3:Speed>
</ns3:TPX>
</Extensions>
</Trackpoint>
<Trackpoint>
<Time>2026-09-03T03:13:31Z</Time>
<Position>
<LatitudeDegrees>43.2381389</LatitudeDegrees>
<LongitudeDegrees>117.5257724</LongitudeDegrees>
</Position>
<AltitudeMeters>1029.6</AltitudeMeters>
<DistanceMeters>31298.6</DistanceMeters>
<Extensions>
<ns3:TPX>
<ns3:Speed>1.491</ns3:Speed>
</ns3:TPX>
</Extensions>
</Trackpoint>
<Trackpoint>
<Time>2026-09-03T03:13:40Z</Time>
<Position>
<LatitudeDegrees>43.2380744</LatitudeDegrees>
<LongitudeDegrees>117.5259500</LongitudeDegrees>
</Position>
<AltitudeMeters>1029.6</AltitudeMeters>
<DistanceMeters>31314.7</DistanceMeters>
<Extensions>
<ns3:TPX>
<ns3:Speed>2.031</ns3:Speed>
</ns3:TPX>
</Extensions>
</Trackpoint>
<Trackpoint>
<Time>2026-09-03T03:13:46Z</Time>
<Position>
<LatitudeDegrees>43.2380634</LatitudeDegrees>
<LongitudeDegrees>117.5260671</LongitudeDegrees>
</Position>
<AltitudeMeters>1029.8</AltitudeMeters>
<DistanceMeters>31324.5</DistanceMeters>
<Extensions>
<ns3:TPX>
<ns3:Speed>1.643</ns3:Speed>
</ns3:TPX>
</Extensions>
</Trackpoint>
<Trackpoint>
<Time>2026-09-03T03:13:51Z</Time>
<Position>
<LatitudeDegrees>43.2381404</LatitudeDegrees>
<LongitudeDegrees>117.5260453</LongitudeDegrees>
</Position>
<AltitudeMeters>1029.8</AltitudeMeters>
<DistanceMeters>31333.6</DistanceMeters>
<Extensions>
<ns3:TPX>
<ns3:Speed>2.347</ns3:Speed>
</ns3:TPX>
</Extensions>
</Trackpoint>
<Trackpoint>
<Time>2026-09-03T03:13:57Z</Time>
<Position>
<LatitudeDegrees>43.2382365</LatitudeDegrees>
<LongitudeDegrees>117.5259051</LongitudeDegrees>
</Position>
<AltitudeMeters>1029.8</AltitudeMeters>
<DistanceMeters>31349.3</DistanceMeters>
<Extensions>
<ns3:TPX>
<ns3:Speed>2.081</ns3:Speed>
</ns3:TPX>
</Extensions>
</Trackpoint>
<Trackpoint>
<Time>2026-09-03T03:14:01Z</Time>
<Position>
<LatitudeDegrees>43.2382804</LatitudeDegrees>
<LongitudeDegrees>117.5258176</LongitudeDegrees>
</Position>
<AltitudeMeters>1029.8</AltitudeMeters>
<DistanceMeters>31358.0</DistanceMeters>
<Extensions>
<ns3:TPX>
<ns3:Speed>2.502</ns3:Speed>
</ns3:TPX>
</Extensions>
</Trackpoint>
<Trackpoint>
<Time>2026-09-03T03:14:05Z</Time>
<Position>
<LatitudeDegrees>43.2383635</LatitudeDegrees>
<LongitudeDegrees>117.5257826</LongitudeDegrees>
</Position>
<AltitudeMeters>1029.6</AltitudeMeters>
<DistanceMeters>31367.8</DistanceMeters>
<Extensions>
<ns3:TPX>
<ns3:Speed>2.558</ns3:Speed>
</ns3:TPX>
</Extensions>
</Trackpoint>
<Trackpoint>
<Time>2026-09-03T03:14:13Z</Time>
<Position>
<LatitudeDegrees>43.2385309</LatitudeDegrees>
<LongitudeDegrees>117.5258585</LongitudeDegrees>
</Position>
<AltitudeMeters>1029.8</AltitudeMeters>
<DistanceMeters>31387.5</DistanceMeters>
<Extensions>
<ns3:TPX>
<ns3:Speed>2.155</ns3:Speed>
</ns3:TPX>
</Extensions>
</Trackpoint>
<Trackpoint>
<Time>2026-09-03T03:14:21Z</Time>
<Position>
<LatitudeDegrees>43.2386788</LatitudeDegrees>
<LongitudeDegrees>117.5259237</LongitudeDegrees>
</Position>
<AltitudeMeters>1030.0</AltitudeMeters>
<DistanceMeters>31404.7</DistanceMeters>
<Extensions>
<ns3:TPX>
<ns3:Speed>2.416</ns3:Speed>
</ns3:TPX>
</Extensions>
</Trackpoint>
<Trackpoint>
<Time>2026-09-03T03:14:29Z</Time>
<Position>
<LatitudeDegrees>43.2388309</LatitudeDegrees>
<LongitudeDegrees>117.5259951</LongitudeDegrees>
</Position>
<AltitudeMeters>1030.0</AltitudeMeters>
<DistanceMeters>31422.7</DistanceMeters>
<Extensions>
<ns3:TPX>
<ns3:Speed>2.231</ns3:Speed>
</ns3:TPX>
</Extensions>
</Trackpoint>
<Trackpoint>
<Time>2026-09-03T03:14:37Z</Time>
<Position>
<LatitudeDegrees>43.2389874</LatitudeDegrees>
<LongitudeDegrees>117.5260644</LongitudeDegrees>
</Position>
<AltitudeMeters>1030.0</AltitudeMeters>
<DistanceMeters>31440.9</DistanceMeters>
<Extensions>
<ns3:TPX>
<ns3:Speed>2.093</ns3:Speed>
</ns3:TPX>
</Extensions>
</Trackpoint>
<Trackpoint>
<Time>2026-09-03T03:14:44Z</Time>
<Position>
<LatitudeDegrees>43.2391178</LatitudeDegrees>
<LongitudeDegrees>117.5261049</LongitudeDegrees>
</Position>
<AltitudeMeters>1029.8</AltitudeMeters>
<DistanceMeters>31456.0</DistanceMeters>
<Extensions>
<ns3:TPX>
<ns3:Speed>2.082</ns3:Speed>
</ns3:TPX>
</Extensions>
</Trackpoint>
<Trackpoint>
<Time>2026-09-03T03:14:46Z</Time>
<Position>
<LatitudeDegrees>43.2391178</LatitudeDegrees>
<LongitudeDegrees>117.5260683</LongitudeDegrees>
</Position>
<AltitudeMeters>1030.0</AltitudeMeters>
<DistanceMeters>31459.3</DistanceMeters>
<Extensions>
<ns3:TPX>
<ns3:Speed>2.488</ns3:Speed>
</ns3:TPX>
</Extensions>
</Trackpoint>
<Trackpoint>
<Time>2026-09-03T03:14:50Z</Time>
<Position>
<LatitudeDegrees>43.2390228</LatitudeDegrees>
<LongitudeDegrees>117.5260021</LongitudeDegrees>
</Position>
<AltitudeMeters>1030.2</AltitudeMeters>
<DistanceMeters>31471.2</DistanceMeters>
<Extensions>
<ns3:TPX>
<ns3:Speed>2.607</ns3:Speed>
</ns3:TPX>
</Extensions>
</Trackpoint>
<Trackpoint>
<Time>2026-09-03T03:14:58Z</Time>
<Position>
<LatitudeDegrees>43.2388336</LatitudeDegrees>
<LongitudeDegrees>117.5259174</LongitudeDegrees>
</Position>
<AltitudeMeters>1030.2</AltitudeMeters>
<DistanceMeters>31493.4</DistanceMeters>
<Extensions>
<ns3:TPX>
<ns3:Speed>2.649</ns3:Speed>
</ns3:TPX>
</Extensions>
</Trackpoint>
<Trackpoint>
<Time>2026-09-03T03:15:06Z</Time>
<Position>
<LatitudeDegrees>43.2386564</LatitudeDegrees>
<LongitudeDegrees>117.5258403</LongitudeDegrees>
</Position>
<AltitudeMeters>1030.4</AltitudeMeters>
<DistanceMeters>31514.1</DistanceMeters>
<Extensions>
<ns3:TPX>
<ns3:Speed>2.527</ns3:Speed>
</ns3:TPX>
</Extensions>
</Trackpoint>
<Trackpoint>
<Time>2026-09-03T03:15:14Z</Time>
<Position>
<LatitudeDegrees>43.2384661</LatitudeDegrees>
<LongitudeDegrees>117.5257743</LongitudeDegrees>
</Position>
<AltitudeMeters>1030.2</AltitudeMeters>
<DistanceMeters>31535.9</DistanceMeters>
<Extensions>
<ns3:TPX>
<ns3:Speed>2.509</ns3:Speed>
</ns3:TPX>
</Extensions>
</Trackpoint>
<Trackpoint>
<Time>2026-09-03T03:15:19Z</Time>
<Position>
<LatitudeDegrees>43.2383634</LatitudeDegrees>
<LongitudeDegrees>117.5257528</LongitudeDegrees>
</Position>
<AltitudeMeters>1029.8</AltitudeMeters>
<DistanceMeters>31547.6</DistanceMeters>
<Extensions>
<ns3:TPX>
<ns3:Speed>2.225</ns3:Speed>
</ns3:TPX>
</Extensions>
</Trackpoint>
<Trackpoint>
<Time>2026-09-03T03:15:25Z</Time>
<Position>
<LatitudeDegrees>43.2382608</LatitudeDegrees>
<LongitudeDegrees>117.5258317</LongitudeDegrees>
</Position>
<AltitudeMeters>1029.6</AltitudeMeters>
<DistanceMeters>31560.8</DistanceMeters>
<Extensions>
<ns3:TPX>
<ns3:Speed>1.717</ns3:Speed>
</ns3:TPX>
</Extensions>
</Trackpoint>
<Trackpoint>
<Time>2026-09-03T03:15:29Z</Time>
<Position>
<LatitudeDegrees>43.2382484</LatitudeDegrees>
<LongitudeDegrees>117.5258898</LongitudeDegrees>
</Position>
<AltitudeMeters>1029.6</AltitudeMeters>
<DistanceMeters>31566.1</DistanceMeters>
<Extensions>
<ns3:TPX>
<ns3:Speed>0.966</ns3:Speed>
</ns3:TPX>
</Extensions>
</Trackpoint>
<Trackpoint>
<Time>2026-09-03T03:15:33Z</Time>
<Position>
<LatitudeDegrees>43.2382515</LatitudeDegrees>
<LongitudeDegrees>117.5259443</LongitudeDegrees>
</Position>
<AltitudeMeters>1029.6</AltitudeMeters>
<DistanceMeters>31569.3</DistanceMeters>
<Extensions>
<ns3:TPX>
<ns3:Speed>1.776</ns3:Speed>
</ns3:TPX>
</Extensions>
</Trackpoint>
<Trackpoint>
<Time>2026-09-03T03:15:41Z</Time>
<Position>
<LatitudeDegrees>43.2382288</LatitudeDegrees>
<LongitudeDegrees>117.5261182</LongitudeDegrees>
</Position>
<AltitudeMeters>1030.0</AltitudeMeters>
<DistanceMeters>31583.8</DistanceMeters>
<Extensions>
<ns3:TPX>
<ns3:Speed>1.543</ns3:Speed>
</ns3:TPX>
</Extensions>
</Trackpoint>
<Trackpoint>
<Time>2026-09-03T03:15:44Z</Time>
<Position>
<LatitudeDegrees>43.2382192</LatitudeDegrees>
<LongitudeDegrees>117.5261679</LongitudeDegrees>
</Position>
<AltitudeMeters>1030.2</AltitudeMeters>
<DistanceMeters>31588.3</DistanceMeters>
<Extensions>
<ns3:TPX>
<ns3:Speed>1.282</ns3:Speed>
</ns3:TPX>
</Extensions>
</Trackpoint>
<Trackpoint>
<Time>2026-09-03T03:15:47Z</Time>
<Position>
<LatitudeDegrees>43.2381986</LatitudeDegrees>
<LongitudeDegrees>117.5261439</LongitudeDegrees>
</Position>
<AltitudeMeters>1030.0</AltitudeMeters>
<DistanceMeters>31590.6</DistanceMeters>
<Extensions>
<ns3:TPX>
<ns3:Speed>0.0</ns3:Speed>
</ns3:TPX>
</Extensions>
</Trackpoint>
<Trackpoint>
<Time>2026-09-03T03:15:49Z</Time>
<Position>
<LatitudeDegrees>43.2382017</LatitudeDegrees>
<LongitudeDegrees>117.5261213</LongitudeDegrees>
</Position>
<AltitudeMeters>1030.0</AltitudeMeters>
<DistanceMeters>31590.6</DistanceMeters>
<Extensions>
<ns3:TPX>
<ns3:Speed>0.0</ns3:Speed>
</ns3:TPX>
</Extensions>
</Trackpoint>
<Trackpoint>
<Time>2026-09-03T03:56:43Z</Time>
<Position>
<LatitudeDegrees>43.2381419</LatitudeDegrees>
<LongitudeDegrees>117.5262070</LongitudeDegrees>
</Position>
<AltitudeMeters>1031.2</AltitudeMeters>
<DistanceMeters>31600.2</DistanceMeters>
<Extensions>
<ns3:TPX>
<ns3:Speed>2.225</ns3:Speed>
</ns3:TPX>
</Extensions>
</Trackpoint>
<Trackpoint>
<Time>2026-09-03T03:56:48Z</Time>
<Position>
<LatitudeDegrees>43.2381143</LatitudeDegrees>
<LongitudeDegrees>117.5263434</LongitudeDegrees>
</Position>
<AltitudeMeters>1031.4</AltitudeMeters>
<DistanceMeters>31611.8</DistanceMeters>
<Extensions>
<ns3:TPX>
<ns3:Speed>1.195</ns3:Speed>
</ns3:TPX>
</Extensions>
</Trackpoint>
<Trackpoint>
<Time>2026-09-03T03:56:56Z</Time>
<Position>
<LatitudeDegrees>43.2380767</LatitudeDegrees>
<LongitudeDegrees>117.5265192</LongitudeDegrees>
</Position>
<AltitudeMeters>1031.4</AltitudeMeters>
<DistanceMeters>31626.9</DistanceMeters>
<Extensions>
<ns3:TPX>
<ns3:Speed>2.517</ns3:Speed>
</ns3:TPX>
</Extensions>
</Trackpoint>
<Trackpoint>
<Time>2026-09-03T03:57:04Z</Time>
<Position>
<LatitudeDegrees>43.2380169</LatitudeDegrees>
<LongitudeDegrees>117.5267483</LongitudeDegrees>
</Position>
<AltitudeMeters>1031.4</AltitudeMeters>
<DistanceMeters>31646.7</DistanceMeters>
<Extensions>
<ns3:TPX>
<ns3:Speed>1.876</ns3:Speed>
</ns3:TPX>
</Extensions>
</Trackpoint>
<Trackpoint>
<Time>2026-09-03T03:57:12Z</Time>
<Position>
<LatitudeDegrees>43.2379548</LatitudeDegrees>
<LongitudeDegrees>117.5269126</LongitudeDegrees>
</Position>
<AltitudeMeters>1031.6</AltitudeMeters>
<DistanceMeters>31661.8</DistanceMeters>
<Extensions>
<ns3:TPX>
<ns3:Speed>2.588</ns3:Speed>
</ns3:TPX>
</Extensions>
</Trackpoint>
<Trackpoint>
<Time>2026-09-03T03:57:20Z</Time>
<Position>
<LatitudeDegrees>43.2379196</LatitudeDegrees>
<LongitudeDegrees>117.5271535</LongitudeDegrees>
</Position>
<AltitudeMeters>1031.4</AltitudeMeters>
<DistanceMeters>31681.8</DistanceMeters>
<Extensions>
<ns3:TPX>
<ns3:Speed>2.24</ns3:Speed>
</ns3:TPX>
</Extensions>
</Trackpoint>
<Trackpoint>
<Time>2026-09-03T03:57:28Z</Time>
<Position>
<LatitudeDegrees>43.2378781</LatitudeDegrees>
<LongitudeDegrees>117.5273404</LongitudeDegrees>
</Position>
<AltitudeMeters>1031.8</AltitudeMeters>
<DistanceMeters>31697.6</DistanceMeters>
<Extensions>
<ns3:TPX>
<ns3:Speed>1.849</ns3:Speed>
</ns3:TPX>
</Extensions>
</Trackpoint>
<Trackpoint>
<Time>2026-09-03T03:57:31Z</Time>
<Position>
<LatitudeDegrees>43.2378751</LatitudeDegrees>
<LongitudeDegrees>117.5273698</LongitudeDegrees>
</Position>
<AltitudeMeters>1032.0</AltitudeMeters>
<DistanceMeters>31697.6</DistanceMeters>
<Extensions>
<ns3:TPX>
<ns3:Speed>0.0</ns3:Speed>
</ns3:TPX>
</Extensions>
</Trackpoint>
<Trackpoint>
<Time>2026-09-03T03:58:19Z</Time>
<Position>
<LatitudeDegrees>43.2378678</LatitudeDegrees>
<LongitudeDegrees>117.5274770</LongitudeDegrees>
</Position>
<AltitudeMeters>1032.4</AltitudeMeters>
<DistanceMeters>31706.3</DistanceMeters>
<Extensions>
<ns3:TPX>
<ns3:Speed>1.956</ns3:Speed>
</ns3:TPX>
</Extensions>
</Trackpoint>
<Trackpoint>
<Time>2026-09-03T03:58:27Z</Time>
<Position>
<LatitudeDegrees>43.2379996</LatitudeDegrees>
<LongitudeDegrees>117.5275330</LongitudeDegrees>
</Position>
<AltitudeMeters>1033.0</AltitudeMeters>
<DistanceMeters>31721.9</DistanceMeters>
<Extensions>
<ns3:TPX>
<ns3:Speed>1.281</ns3:Speed>
</ns3:TPX>
</Extensions>
</Trackpoint>
<Trackpoint>
<Time>2026-09-03T03:58:33Z</Time>
<Position>
<LatitudeDegrees>43.2380717</LatitudeDegrees>
<LongitudeDegrees>117.5275717</LongitudeDegrees>
</Position>
<AltitudeMeters>1033.2</AltitudeMeters>
<DistanceMeters>31730.7</DistanceMeters>
<Extensions>
<ns3:TPX>
<ns3:Speed>1.996</ns3:Speed>
</ns3:TPX>
</Extensions>
</Trackpoint>
<Trackpoint>
<Time>2026-09-03T03:58:38Z</Time>
<Position>
<LatitudeDegrees>43.2381733</LatitudeDegrees>
<LongitudeDegrees>117.5275587</LongitudeDegrees>
</Position>
<AltitudeMeters>1033.0</AltitudeMeters>
<DistanceMeters>31742.2</DistanceMeters>
<Extensions>
<ns3:TPX>
<ns3:Speed>2.689</ns3:Speed>
</ns3:TPX>
</Extensions>
</Trackpoint>
<Trackpoint>
<Time>2026-09-03T03:58:46Z</Time>
<Position>
<LatitudeDegrees>43.2383270</LatitudeDegrees>
<LongitudeDegrees>117.5276297</LongitudeDegrees>
</Position>
<AltitudeMeters>1033.2</AltitudeMeters>
<DistanceMeters>31760.3</DistanceMeters>
<Extensions>
<ns3:TPX>
<ns3:Speed>1.95</ns3:Speed>
</ns3:TPX>
</Extensions>
</Trackpoint>
<Trackpoint>
<Time>2026-09-03T03:58:51Z</Time>
<Position>
<LatitudeDegrees>43.2383684</LatitudeDegrees>
<LongitudeDegrees>117.5277518</LongitudeDegrees>
</Position>
<AltitudeMeters>1033.0</AltitudeMeters>
<DistanceMeters>31771.4</DistanceMeters>
<Extensions>
<ns3:TPX>
<ns3:Speed>2.445</ns3:Speed>
</ns3:TPX>
</Extensions>
</Trackpoint>
<Trackpoint>
<Time>2026-09-03T03:58:55Z</Time>
<Position>
<LatitudeDegrees>43.2384595</LatitudeDegrees>
<LongitudeDegrees>117.5277968</LongitudeDegrees>
</Position>
<AltitudeMeters>1033.0</AltitudeMeters>
<DistanceMeters>31782.3</DistanceMeters>
<Extensions>
<ns3:TPX>
<ns3:Speed>3.024</ns3:Speed>
</ns3:TPX>
</Extensions>
</Trackpoint>
<Trackpoint>
<Time>2026-09-03T03:59:03Z</Time>
<Position>
<LatitudeDegrees>43.2386589</LatitudeDegrees>
<LongitudeDegrees>117.5278424</LongitudeDegrees>
</Position>
<AltitudeMeters>1033.0</AltitudeMeters>
<DistanceMeters>31804.8</DistanceMeters>
<Extensions>
<ns3:TPX>
<ns3:Speed>3.0</ns3:Speed>
</ns3:TPX>
</Extensions>
</Trackpoint>
<Trackpoint>
<Time>2026-09-03T03:59:11Z</Time>
<Position>
<LatitudeDegrees>43.2388606</LatitudeDegrees>
<LongitudeDegrees>117.5278977</LongitudeDegrees>
</Position>
<AltitudeMeters>1033.2</AltitudeMeters>
<DistanceMeters>31827.6</DistanceMeters>
<Extensions>
<ns3:TPX>
<ns3:Speed>2.477</ns3:Speed>
</ns3:TPX>
</Extensions>
</Trackpoint>
<Trackpoint>
<Time>2026-09-03T03:59:19Z</Time>
<Position>
<LatitudeDegrees>43.2390534</LatitudeDegrees>
<LongitudeDegrees>117.5279719</LongitudeDegrees>
</Position>
<AltitudeMeters>1033.4</AltitudeMeters>
<DistanceMeters>31849.9</DistanceMeters>
<Extensions>
<ns3:TPX>
<ns3:Speed>2.757</ns3:Speed>
</ns3:TPX>
</Extensions>
</Trackpoint>
<Trackpoint>
<Time>2026-09-03T03:59:27Z</Time>
<Position>
<LatitudeDegrees>43.2392287</LatitudeDegrees>
<LongitudeDegrees>117.5280398</LongitudeDegrees>
</Position>
<AltitudeMeters>1033.6</AltitudeMeters>
<DistanceMeters>31870.2</DistanceMeters>
<Extensions>
<ns3:TPX>
<ns3:Speed>2.546</ns3:Speed>
</ns3:TPX>
</Extensions>
</Trackpoint>
<Trackpoint>
<Time>2026-09-03T03:59:32Z</Time>
<Position>
<LatitudeDegrees>43.2393435</LatitudeDegrees>
<LongitudeDegrees>117.5280802</LongitudeDegrees>
</Position>
<AltitudeMeters>1033.6</AltitudeMeters>
<DistanceMeters>31883.4</DistanceMeters>
<Extensions>
<ns3:TPX>
<ns3:Speed>2.937</ns3:Speed>
</ns3:TPX>
</Extensions>
</Trackpoint>
<Trackpoint>
<Time>2026-09-03T03:59:36Z</Time>
<Position>
<LatitudeDegrees>43.2394267</LatitudeDegrees>
<LongitudeDegrees>117.5282087</LongitudeDegrees>
</Position>
<AltitudeMeters>1033.6</AltitudeMeters>
<DistanceMeters>31897.4</DistanceMeters>
<Extensions>
<ns3:TPX>
<ns3:Speed>4.237</ns3:Speed>
</ns3:TPX>
</Extensions>
</Trackpoint>
<Trackpoint>
<Time>2026-09-03T03:59:40Z</Time>
<Position>
<LatitudeDegrees>43.2395273</LatitudeDegrees>
<LongitudeDegrees>117.5283896</LongitudeDegrees>
</Position>
<AltitudeMeters>1033.6</AltitudeMeters>
<DistanceMeters>31916.0</DistanceMeters>
<Extensions>
<ns3:TPX>
<ns3:Speed>4.493</ns3:Speed>
</ns3:TPX>
</Extensions>
</Trackpoint>
<Trackpoint>
<Time>2026-09-03T03:59:44Z</Time>
<Position>
<LatitudeDegrees>43.2396754</LatitudeDegrees>
<LongitudeDegrees>117.5284605</LongitudeDegrees>
</Position>
<AltitudeMeters>1033.8</AltitudeMeters>
<DistanceMeters>31933.5</DistanceMeters>
<Extensions>
<ns3:TPX>
<ns3:Speed>4.115</ns3:Speed>
</ns3:TPX>
</Extensions>
</Trackpoint>
<Trackpoint>
<Time>2026-09-03T03:59:52Z</Time>
<Position>
<LatitudeDegrees>43.2399428</LatitudeDegrees>
<LongitudeDegrees>117.5285355</LongitudeDegrees>
</Position>
<AltitudeMeters>1034.0</AltitudeMeters>
<DistanceMeters>31963.8</DistanceMeters>
<Extensions>
<ns3:TPX>
<ns3:Speed>3.567</ns3:Speed>
</ns3:TPX>
</Extensions>
</Trackpoint>
<Trackpoint>
<Time>2026-09-03T04:00:00Z</Time>
<Position>
<LatitudeDegrees>43.2401644</LatitudeDegrees>
<LongitudeDegrees>117.5286189</LongitudeDegrees>
</Position>
<AltitudeMeters>1034.0</AltitudeMeters>
<DistanceMeters>31989.3</DistanceMeters>
<Extensions>
<ns3:TPX>
<ns3:Speed>3.056</ns3:Speed>
</ns3:TPX>
</Extensions>
</Trackpoint>
<Trackpoint>
<Time>2026-09-03T04:00:08Z</Time>
<Position>
<LatitudeDegrees>43.2403789</LatitudeDegrees>
<LongitudeDegrees>117.5286829</LongitudeDegrees>
</Position>
<AltitudeMeters>1034.2</AltitudeMeters>
<DistanceMeters>32013.7</DistanceMeters>
<Extensions>
<ns3:TPX>
<ns3:Speed>2.966</ns3:Speed>
</ns3:TPX>
</Extensions>
</Trackpoint>
<Trackpoint>
<Time>2026-09-03T04:00:16Z</Time>
<Position>
<LatitudeDegrees>43.2405982</LatitudeDegrees>
<LongitudeDegrees>117.5287573</LongitudeDegrees>
</Position>
<AltitudeMeters>1034.2</AltitudeMeters>
<DistanceMeters>32038.8</DistanceMeters>
<Extensions>
<ns3:TPX>
<ns3:Speed>3.025</ns3:Speed>
</ns3:TPX>
</Extensions>
</Trackpoint>
<Trackpoint>
<Time>2026-09-03T04:00:23Z</Time>
<Position>
<LatitudeDegrees>43.2407999</LatitudeDegrees>
<LongitudeDegrees>117.5288225</LongitudeDegrees>
</Position>
<AltitudeMeters>1034.4</AltitudeMeters>
<DistanceMeters>32061.9</DistanceMeters>
<Extensions>
<ns3:TPX>
<ns3:Speed>3.339</ns3:Speed>
</ns3:TPX>
</Extensions>
</Trackpoint>
<Trackpoint>
<Time>2026-09-03T04:00:31Z</Time>
<Position>
<LatitudeDegrees>43.2410191</LatitudeDegrees>
<LongitudeDegrees>117.5288971</LongitudeDegrees>
</Position>
<AltitudeMeters>1034.4</AltitudeMeters>
<DistanceMeters>32087.0</DistanceMeters>
<Extensions>
<ns3:TPX>
<ns3:Speed>3.091</ns3:Speed>
</ns3:TPX>
</Extensions>
</Trackpoint>
<Trackpoint>
<Time>2026-09-03T04:00:40Z</Time>
<Position>
<LatitudeDegrees>43.2412116</LatitudeDegrees>
<LongitudeDegrees>117.5289652</LongitudeDegrees>
</Position>
<AltitudeMeters>1034.6</AltitudeMeters>
<DistanceMeters>32109.1</DistanceMeters>
<Extensions>
<ns3:TPX>
<ns3:Speed>2.315</ns3:Speed>
</ns3:TPX>
</Extensions>
</Trackpoint>
<Trackpoint>
<Time>2026-09-03T04:00:48Z</Time>
<Position>
<LatitudeDegrees>43.2414005</LatitudeDegrees>
<LongitudeDegrees>117.5290432</LongitudeDegrees>
</Position>
<AltitudeMeters>1034.6</AltitudeMeters>
<DistanceMeters>32131.1</DistanceMeters>
<Extensions>
<ns3:TPX>
<ns3:Speed>3.044</ns3:Speed>
</ns3:TPX>
</Extensions>
</Trackpoint>
<Trackpoint>
<Time>2026-09-03T04:00:56Z</Time>
<Position>
<LatitudeDegrees>43.2416073</LatitudeDegrees>
<LongitudeDegrees>117.5291115</LongitudeDegrees>
</Position>
<AltitudeMeters>1034.8</AltitudeMeters>
<DistanceMeters>32154.7</DistanceMeters>
<Extensions>
<ns3:TPX>
<ns3:Speed>2.794</ns3:Speed>
</ns3:TPX>
</Extensions>
</Trackpoint>
<Trackpoint>
<Time>2026-09-03T04:01:04Z</Time>
<Position>
<LatitudeDegrees>43.2417833</LatitudeDegrees>
<LongitudeDegrees>117.5291744</LongitudeDegrees>
</Position>
<AltitudeMeters>1035.0</AltitudeMeters>
<DistanceMeters>32174.9</DistanceMeters>
<Extensions>
<ns3:TPX>
<ns3:Speed>2.359</ns3:Speed>
</ns3:TPX>
</Extensions>
</Trackpoint>
<Trackpoint>
<Time>2026-09-03T04:01:10Z</Time>
<Position>
<LatitudeDegrees>43.2418933</LatitudeDegrees>
<LongitudeDegrees>117.5292128</LongitudeDegrees>
</Position>
<AltitudeMeters>1035.0</AltitudeMeters>
<DistanceMeters>32187.5</DistanceMeters>
<Extensions>
<ns3:TPX>
<ns3:Speed>2.433</ns3:Speed>
</ns3:TPX>
</Extensions>
</Trackpoint>
<Trackpoint>
<Time>2026-09-03T04:01:13Z</Time>
<Position>
<LatitudeDegrees>43.2419336</LatitudeDegrees>
<LongitudeDegrees>117.5292803</LongitudeDegrees>
</Position>
<AltitudeMeters>1035.0</AltitudeMeters>
<DistanceMeters>32194.8</DistanceMeters>
<Extensions>
<ns3:TPX>
<ns3:Speed>2.72</ns3:Speed>
</ns3:TPX>
</Extensions>
</Trackpoint>
<Trackpoint>
<Time>2026-09-03T04:01:18Z</Time>
<Position>
<LatitudeDegrees>43.2418989</LatitudeDegrees>
<LongitudeDegrees>117.5294666</LongitudeDegrees>
</Position>
<AltitudeMeters>1035.2</AltitudeMeters>
<DistanceMeters>32210.5</DistanceMeters>
<Extensions>
<ns3:TPX>
<ns3:Speed>2.965</ns3:Speed>
</ns3:TPX>
</Extensions>
</Trackpoint>
<Trackpoint>
<Time>2026-09-03T04:01:26Z</Time>
<Position>
<LatitudeDegrees>43.2418401</LatitudeDegrees>
<LongitudeDegrees>117.5297642</LongitudeDegrees>
</Position>
<AltitudeMeters>1035.2</AltitudeMeters>
<DistanceMeters>32235.5</DistanceMeters>
<Extensions>
<ns3:TPX>
<ns3:Speed>3.406</ns3:Speed>
</ns3:TPX>
</Extensions>
</Trackpoint>
<Trackpoint>
<Time>2026-09-03T04:01:34Z</Time>
<Position>
<LatitudeDegrees>43.2417795</LatitudeDegrees>
<LongitudeDegrees>117.5300675</LongitudeDegrees>
</Position>
<AltitudeMeters>1035.4</AltitudeMeters>
<DistanceMeters>32260.9</DistanceMeters>
<Extensions>
<ns3:TPX>
<ns3:Speed>2.034</ns3:Speed>
</ns3:TPX>
</Extensions>
</Trackpoint>
<Trackpoint>
<Time>2026-09-03T04:01:42Z</Time>
<Position>
<LatitudeDegrees>43.2417143</LatitudeDegrees>
<LongitudeDegrees>117.5303071</LongitudeDegrees>
</Position>
<AltitudeMeters>1035.4</AltitudeMeters>
<DistanceMeters>32281.6</DistanceMeters>
<Extensions>
<ns3:TPX>
<ns3:Speed>3.386</ns3:Speed>
</ns3:TPX>
</Extensions>
</Trackpoint>
<Trackpoint>
<Time>2026-09-03T04:01:50Z</Time>
<Position>
<LatitudeDegrees>43.2416341</LatitudeDegrees>
<LongitudeDegrees>117.5306458</LongitudeDegrees>
</Position>
<AltitudeMeters>1035.4</AltitudeMeters>
<DistanceMeters>32310.5</DistanceMeters>
<Extensions>
<ns3:TPX>
<ns3:Speed>3.652</ns3:Speed>
</ns3:TPX>
</Extensions>
</Trackpoint>
<Trackpoint>
<Time>2026-09-03T04:01:58Z</Time>
<Position>
<LatitudeDegrees>43.2415782</LatitudeDegrees>
<LongitudeDegrees>117.5309881</LongitudeDegrees>
</Position>
<AltitudeMeters>1035.8</AltitudeMeters>
<DistanceMeters>32338.9</DistanceMeters>
<Extensions>
<ns3:TPX>
<ns3:Speed>3.405</ns3:Speed>
</ns3:TPX>
</Extensions>
</Trackpoint>
<Trackpoint>
<Time>2026-09-03T04:02:06Z</Time>
<Position>
<LatitudeDegrees>43.2415285</LatitudeDegrees>
<LongitudeDegrees>117.5312852</LongitudeDegrees>
</Position>
<AltitudeMeters>1036.0</AltitudeMeters>
<DistanceMeters>32363.6</DistanceMeters>
<Extensions>
<ns3:TPX>
<ns3:Speed>3.126</ns3:Speed>
</ns3:TPX>
</Extensions>
</Trackpoint>
<Trackpoint>
<Time>2026-09-03T04:02:14Z</Time>
<Position>
<LatitudeDegrees>43.2414468</LatitudeDegrees>
<LongitudeDegrees>117.5315659</LongitudeDegrees>
</Position>
<AltitudeMeters>1036.2</AltitudeMeters>
<DistanceMeters>32388.1</DistanceMeters>
<Extensions>
<ns3:TPX>
<ns3:Speed>2.835</ns3:Speed>
</ns3:TPX>
</Extensions>
</Trackpoint>
<Trackpoint>
<Time>2026-09-03T04:02:22Z</Time>
<Position>
<LatitudeDegrees>43.2413979</LatitudeDegrees>
<LongitudeDegrees>117.5317973</LongitudeDegrees>
</Position>
<AltitudeMeters>1036.2</AltitudeMeters>
<DistanceMeters>32407.6</DistanceMeters>
<Extensions>
<ns3:TPX>
<ns3:Speed>2.343</ns3:Speed>
</ns3:TPX>
</Extensions>
</Trackpoint>
<Trackpoint>
<Time>2026-09-03T04:02:30Z</Time>
<Position>
<LatitudeDegrees>43.2413487</LatitudeDegrees>
<LongitudeDegrees>117.5320152</LongitudeDegrees>
</Position>
<AltitudeMeters>1036.4</AltitudeMeters>
<DistanceMeters>32426.1</DistanceMeters>
<Extensions>
<ns3:TPX>
<ns3:Speed>1.477</ns3:Speed>
</ns3:TPX>
</Extensions>
</Trackpoint>
<Trackpoint>
<Time>2026-09-03T04:02:33Z</Time>
<Position>
<LatitudeDegrees>43.2413416</LatitudeDegrees>
<LongitudeDegrees>117.5320321</LongitudeDegrees>
</Position>
<AltitudeMeters>1036.4</AltitudeMeters>
<DistanceMeters>32426.1</DistanceMeters>
<Extensions>
<ns3:TPX>
<ns3:Speed>0.0</ns3:Speed>
</ns3:TPX>
</Extensions>
</Trackpoint>
<Trackpoint>
<Time>2026-09-03T04:03:03Z</Time>
<Position>
<LatitudeDegrees>43.2413328</LatitudeDegrees>
<LongitudeDegrees>117.5321402</LongitudeDegrees>
</Position>
<AltitudeMeters>1036.8</AltitudeMeters>
<DistanceMeters>32435.0</DistanceMeters>
<Extensions>
<ns3:TPX>
<ns3:Speed>2.929</ns3:Speed>
</ns3:TPX>
</Extensions>
</Trackpoint>
<Trackpoint>
<Time>2026-09-03T04:03:11Z</Time>
<Position>
<LatitudeDegrees>43.2412492</LatitudeDegrees>
<LongitudeDegrees>117.5324945</LongitudeDegrees>
</Position>
<AltitudeMeters>1037.2</AltitudeMeters>
<DistanceMeters>32465.1</DistanceMeters>
<Extensions>
<ns3:TPX>
<ns3:Speed>3.894</ns3:Speed>
</ns3:TPX>
</Extensions>
</Trackpoint>
<Trackpoint>
<Time>2026-09-03T04:03:13Z</Time>
<Position>
<LatitudeDegrees>43.2412167</LatitudeDegrees>
<LongitudeDegrees>117.5325764</LongitudeDegrees>
</Position>
<AltitudeMeters>1037.2</AltitudeMeters>
<DistanceMeters>32472.7</DistanceMeters>
<Extensions>
<ns3:TPX>
<ns3:Speed>3.64</ns3:Speed>
</ns3:TPX>
</Extensions>
</Trackpoint>
<Trackpoint>
<Time>2026-09-03T04:03:15Z</Time>
<Position>
<LatitudeDegrees>43.2411568</LatitudeDegrees>
<LongitudeDegrees>117.5325957</LongitudeDegrees>
</Position>
<AltitudeMeters>1037.4</AltitudeMeters>
<DistanceMeters>32479.7</DistanceMeters>
<Extensions>
<ns3:TPX>
<ns3:Speed>3.792</ns3:Speed>
</ns3:TPX>
</Extensions>
</Trackpoint>
<Trackpoint>
<Time>2026-09-03T04:03:23Z</Time>
<Position>
<LatitudeDegrees>43.2408446</LatitudeDegrees>
<LongitudeDegrees>117.5324505</LongitudeDegrees>
</Position>
<AltitudeMeters>1037.4</AltitudeMeters>
<DistanceMeters>32516.3</DistanceMeters>
<Extensions>
<ns3:TPX>
<ns3:Speed>4.286</ns3:Speed>
</ns3:TPX>
</Extensions>
</Trackpoint>
<Trackpoint>
<Time>2026-09-03T04:03:31Z</Time>
<Position>
<LatitudeDegrees>43.2405572</LatitudeDegrees>
<LongitudeDegrees>117.5323270</LongitudeDegrees>
</Position>
<AltitudeMeters>1037.6</AltitudeMeters>
<DistanceMeters>32549.8</DistanceMeters>
<Extensions>
<ns3:TPX>
<ns3:Speed>4.313</ns3:Speed>
</ns3:TPX>
</Extensions>
</Trackpoint>
<Trackpoint>
<Time>2026-09-03T04:03:39Z</Time>
<Position>
<LatitudeDegrees>43.2402565</LatitudeDegrees>
<LongitudeDegrees>117.5322141</LongitudeDegrees>
</Position>
<AltitudeMeters>1037.4</AltitudeMeters>
<DistanceMeters>32584.4</DistanceMeters>
<Extensions>
<ns3:TPX>
<ns3:Speed>4.382</ns3:Speed>
</ns3:TPX>
</Extensions>
</Trackpoint>
<Trackpoint>
<Time>2026-09-03T04:03:47Z</Time>
<Position>
<LatitudeDegrees>43.2399533</LatitudeDegrees>
<LongitudeDegrees>117.5320934</LongitudeDegrees>
</Position>
<AltitudeMeters>1038.0</AltitudeMeters>
<DistanceMeters>32619.4</DistanceMeters>
<Extensions>
<ns3:TPX>
<ns3:Speed>4.232</ns3:Speed>
</ns3:TPX>
</Extensions>
</Trackpoint>
<Trackpoint>
<Time>2026-09-03T04:03:55Z</Time>
<Position>
<LatitudeDegrees>43.2396987</LatitudeDegrees>
<LongitudeDegrees>117.5319953</LongitudeDegrees>
</Position>
<AltitudeMeters>1038.4</AltitudeMeters>
<DistanceMeters>32648.8</DistanceMeters>
<Extensions>
<ns3:TPX>
<ns3:Speed>3.424</ns3:Speed>
</ns3:TPX>
</Extensions>
</Trackpoint>
<Trackpoint>
<Time>2026-09-03T04:04:03Z</Time>
<Position>
<LatitudeDegrees>43.2394651</LatitudeDegrees>
<LongitudeDegrees>117.5318991</LongitudeDegrees>
</Position>
<AltitudeMeters>1038.8</AltitudeMeters>
<DistanceMeters>32675.8</DistanceMeters>
<Extensions>
<ns3:TPX>
<ns3:Speed>3.333</ns3:Speed>
</ns3:TPX>
</Extensions>
</Trackpoint>
<Trackpoint>
<Time>2026-09-03T04:04:11Z</Time>
<Position>
<LatitudeDegrees>43.2392318</LatitudeDegrees>
<LongitudeDegrees>117.5318143</LongitudeDegrees>
</Position>
<AltitudeMeters>1039.8</AltitudeMeters>
<DistanceMeters>32702.6</DistanceMeters>
<Extensions>
<ns3:TPX>
<ns3:Speed>3.208</ns3:Speed>
</ns3:TPX>
</Extensions>
</Trackpoint>
<Trackpoint>
<Time>2026-09-03T04:04:19Z</Time>
<Position>
<LatitudeDegrees>43.2390138</LatitudeDegrees>
<LongitudeDegrees>117.5317321</LongitudeDegrees>
</Position>
<AltitudeMeters>1040.6</AltitudeMeters>
<DistanceMeters>32727.8</DistanceMeters>
<Extensions>
<ns3:TPX>
<ns3:Speed>3.162</ns3:Speed>
</ns3:TPX>
</Extensions>
</Trackpoint>
<Trackpoint>
<Time>2026-09-03T04:04:27Z</Time>
<Position>
<LatitudeDegrees>43.2387969</LatitudeDegrees>
<LongitudeDegrees>117.5316488</LongitudeDegrees>
</Position>
<AltitudeMeters>1041.6</AltitudeMeters>
<DistanceMeters>32752.8</DistanceMeters>
<Extensions>
<ns3:TPX>
<ns3:Speed>3.099</ns3:Speed>
</ns3:TPX>
</Extensions>
</Trackpoint>
<Trackpoint>
<Time>2026-09-03T04:04:35Z</Time>
<Position>
<LatitudeDegrees>43.2385803</LatitudeDegrees>
<LongitudeDegrees>117.5315659</LongitudeDegrees>
</Position>
<AltitudeMeters>1042.2</AltitudeMeters>
<DistanceMeters>32777.7</DistanceMeters>
<Extensions>
<ns3:TPX>
<ns3:Speed>3.117</ns3:Speed>
</ns3:TPX>
</Extensions>
</Trackpoint>
<Trackpoint>
<Time>2026-09-03T04:04:43Z</Time>
<Position>
<LatitudeDegrees>43.2383729</LatitudeDegrees>
<LongitudeDegrees>117.5314842</LongitudeDegrees>
</Position>
<AltitudeMeters>1042.8</AltitudeMeters>
<DistanceMeters>32801.7</DistanceMeters>
<Extensions>
<ns3:TPX>
<ns3:Speed>2.659</ns3:Speed>
</ns3:TPX>
</Extensions>
</Trackpoint>
<Trackpoint>
<Time>2026-09-03T04:04:51Z</Time>
<Position>
<LatitudeDegrees>43.2382320</LatitudeDegrees>
<LongitudeDegrees>117.5314378</LongitudeDegrees>
</Position>
<AltitudeMeters>1043.4</AltitudeMeters>
<DistanceMeters>32817.8</DistanceMeters>
<Extensions>
<ns3:TPX>
<ns3:Speed>2.112</ns3:Speed>
</ns3:TPX>
</Extensions>
</Trackpoint>
<Trackpoint>
<Time>2026-09-03T04:04:59Z</Time>
<Position>
<LatitudeDegrees>43.2380465</LatitudeDegrees>
<LongitudeDegrees>117.5313843</LongitudeDegrees>
</Position>
<AltitudeMeters>1044.0</AltitudeMeters>
<DistanceMeters>32838.8</DistanceMeters>
<Extensions>
<ns3:TPX>
<ns3:Speed>2.908</ns3:Speed>
</ns3:TPX>
</Extensions>
</Trackpoint>
<Trackpoint>
<Time>2026-09-03T04:05:07Z</Time>
<Position>
<LatitudeDegrees>43.2378291</LatitudeDegrees>
<LongitudeDegrees>117.5313270</LongitudeDegrees>
</Position>
<AltitudeMeters>1044.4</AltitudeMeters>
<DistanceMeters>32863.4</DistanceMeters>
<Extensions>
<ns3:TPX>
<ns3:Speed>2.859</ns3:Speed>
</ns3:TPX>
</Extensions>
</Trackpoint>
<Trackpoint>
<Time>2026-09-03T04:05:15Z</Time>
<Position>
<LatitudeDegrees>43.2376137</LatitudeDegrees>
<LongitudeDegrees>117.5312863</LongitudeDegrees>
</Position>
<AltitudeMeters>1045.0</AltitudeMeters>
<DistanceMeters>32887.6</DistanceMeters>
<Extensions>
<ns3:TPX>
<ns3:Speed>2.867</ns3:Speed>
</ns3:TPX>
</Extensions>
</Trackpoint>
<Trackpoint>
<Time>2026-09-03T04:05:24Z</Time>
<Position>
<LatitudeDegrees>43.2374238</LatitudeDegrees>
<LongitudeDegrees>117.5312561</LongitudeDegrees>
</Position>
<AltitudeMeters>1045.8</AltitudeMeters>
<DistanceMeters>32908.8</DistanceMeters>
<Extensions>
<ns3:TPX>
<ns3:Speed>2.137</ns3:Speed>
</ns3:TPX>
</Extensions>
</Trackpoint>
<Trackpoint>
<Time>2026-09-03T04:05:28Z</Time>
<Position>
<LatitudeDegrees>43.2373981</LatitudeDegrees>
<LongitudeDegrees>117.5312492</LongitudeDegrees>
</Position>
<AltitudeMeters>1046.0</AltitudeMeters>
<DistanceMeters>32910.6</DistanceMeters>
<Extensions>
<ns3:TPX>
<ns3:Speed>0.0</ns3:Speed>
</ns3:TPX>
</Extensions>
</Trackpoint>
<Trackpoint>
<Time>2026-09-03T04:06:02Z</Time>
<Position>
<LatitudeDegrees>43.2372044</LatitudeDegrees>
<LongitudeDegrees>117.5312377</LongitudeDegrees>
</Position>
<AltitudeMeters>1046.6</AltitudeMeters>
<DistanceMeters>32932.2</DistanceMeters>
<Extensions>
<ns3:TPX>
<ns3:Speed>2.357</ns3:Speed>
</ns3:TPX>
</Extensions>
</Trackpoint>
<Trackpoint>
<Time>2026-09-03T04:06:10Z</Time>
<Position>
<LatitudeDegrees>43.2370355</LatitudeDegrees>
<LongitudeDegrees>117.5312215</LongitudeDegrees>
</Position>
<AltitudeMeters>1047.2</AltitudeMeters>
<DistanceMeters>32951.0</DistanceMeters>
<Extensions>
<ns3:TPX>
<ns3:Speed>2.246</ns3:Speed>
</ns3:TPX>
</Extensions>
</Trackpoint>
<Trackpoint>
<Time>2026-09-03T04:06:18Z</Time>
<Position>
<LatitudeDegrees>43.2368633</LatitudeDegrees>
<LongitudeDegrees>117.5312204</LongitudeDegrees>
</Position>
<AltitudeMeters>1047.4</AltitudeMeters>
<DistanceMeters>32970.1</DistanceMeters>
<Extensions>
<ns3:TPX>
<ns3:Speed>2.492</ns3:Speed>
</ns3:TPX>
</Extensions>
</Trackpoint>
<Trackpoint>
<Time>2026-09-03T04:06:26Z</Time>
<Position>
<LatitudeDegrees>43.2366815</LatitudeDegrees>
<LongitudeDegrees>117.5312202</LongitudeDegrees>
</Position>
<AltitudeMeters>1048.0</AltitudeMeters>
<DistanceMeters>32990.3</DistanceMeters>
<Extensions>
<ns3:TPX>
<ns3:Speed>2.438</ns3:Speed>
</ns3:TPX>
</Extensions>
</Trackpoint>
<Trackpoint>
<Time>2026-09-03T04:06:34Z</Time>
<Position>
<LatitudeDegrees>43.2365106</LatitudeDegrees>
<LongitudeDegrees>117.5312458</LongitudeDegrees>
</Position>
<AltitudeMeters>1048.6</AltitudeMeters>
<DistanceMeters>33009.4</DistanceMeters>
<Extensions>
<ns3:TPX>
<ns3:Speed>2.217</ns3:Speed>
</ns3:TPX>
</Extensions>
</Trackpoint>
<Trackpoint>
<Time>2026-09-03T04:06:42Z</Time>
<Position>
<LatitudeDegrees>43.2363598</LatitudeDegrees>
<LongitudeDegrees>117.5312574</LongitudeDegrees>
</Position>
<AltitudeMeters>1049.4</AltitudeMeters>
<DistanceMeters>33026.1</DistanceMeters>
<Extensions>
<ns3:TPX>
<ns3:Speed>2.067</ns3:Speed>
</ns3:TPX>
</Extensions>
</Trackpoint>
<Trackpoint>
<Time>2026-09-03T04:06:49Z</Time>
<Position>
<LatitudeDegrees>43.2362280</LatitudeDegrees>
<LongitudeDegrees>117.5312243</LongitudeDegrees>
</Position>
<AltitudeMeters>1049.8</AltitudeMeters>
<DistanceMeters>33041.1</DistanceMeters>
<Extensions>
<ns3:TPX>
<ns3:Speed>2.436</ns3:Speed>
</ns3:TPX>
</Extensions>
</Trackpoint>
<Trackpoint>
<Time>2026-09-03T04:06:57Z</Time>
<Position>
<LatitudeDegrees>43.2360971</LatitudeDegrees>
<LongitudeDegrees>117.5311913</LongitudeDegrees>
</Position>
<AltitudeMeters>1049.8</AltitudeMeters>
<DistanceMeters>33056.2</DistanceMeters>
<Extensions>
<ns3:TPX>
<ns3:Speed>1.433</ns3:Speed>
</ns3:TPX>
</Extensions>
</Trackpoint>
<Trackpoint>
<Time>2026-09-03T04:07:05Z</Time>
<Position>
<LatitudeDegrees>43.2360646</LatitudeDegrees>
<LongitudeDegrees>117.5311084</LongitudeDegrees>
</Position>
<AltitudeMeters>1049.4</AltitudeMeters>
<DistanceMeters>33062.9</DistanceMeters>
<Extensions>
<ns3:TPX>
<ns3:Speed>0.0</ns3:Speed>
</ns3:TPX>
</Extensions>
</Trackpoint>
<Trackpoint>
<Time>2026-09-03T04:08:19Z</Time>
<Position>
<LatitudeDegrees>43.2359883</LatitudeDegrees>
<LongitudeDegrees>117.5312839</LongitudeDegrees>
</Position>
<AltitudeMeters>1051.0</AltitudeMeters>
<DistanceMeters>33078.9</DistanceMeters>
<Extensions>
<ns3:TPX>
<ns3:Speed>0.0</ns3:Speed>
</ns3:TPX>
</Extensions>
</Trackpoint>
<Trackpoint>
<Time>2026-09-03T04:08:21Z</Time>
<Position>
<LatitudeDegrees>43.2359811</LatitudeDegrees>
<LongitudeDegrees>117.5312848</LongitudeDegrees>
</Position>
<AltitudeMeters>1051.0</AltitudeMeters>
<DistanceMeters>33078.9</DistanceMeters>
<Extensions>
<ns3:TPX>
<ns3:Speed>0.0</ns3:Speed>
</ns3:TPX>
</Extensions>
</Trackpoint>
<Trackpoint>
<Time>2026-09-03T04:08:36Z</Time>
<Position>
<LatitudeDegrees>43.2357857</LatitudeDegrees>
<LongitudeDegrees>117.5312915</LongitudeDegrees>
</Position>
<AltitudeMeters>1052.2</AltitudeMeters>
<DistanceMeters>33100.7</DistanceMeters>
<Extensions>
<ns3:TPX>
<ns3:Speed>1.741</ns3:Speed>
</ns3:TPX>
</Extensions>
</Trackpoint>
<Trackpoint>
<Time>2026-09-03T04:08:44Z</Time>
<Position>
<LatitudeDegrees>43.2356610</LatitudeDegrees>
<LongitudeDegrees>117.5312959</LongitudeDegrees>
</Position>
<AltitudeMeters>1053.0</AltitudeMeters>
<DistanceMeters>33114.5</DistanceMeters>
<Extensions>
<ns3:TPX>
<ns3:Speed>1.468</ns3:Speed>
</ns3:TPX>
</Extensions>
</Trackpoint>
<Trackpoint>
<Time>2026-09-03T04:08:52Z</Time>
<Position>
<LatitudeDegrees>43.2355369</LatitudeDegrees>
<LongitudeDegrees>117.5312924</LongitudeDegrees>
</Position>
<AltitudeMeters>1053.8</AltitudeMeters>
<DistanceMeters>33128.3</DistanceMeters>
<Extensions>
<ns3:TPX>
<ns3:Speed>1.805</ns3:Speed>
</ns3:TPX>
</Extensions>
</Trackpoint>
<Trackpoint>
<Time>2026-09-03T04:09:00Z</Time>
<Position>
<LatitudeDegrees>43.2354072</LatitudeDegrees>
<LongitudeDegrees>117.5312937</LongitudeDegrees>
</Position>
<AltitudeMeters>1054.6</AltitudeMeters>
<DistanceMeters>33142.7</DistanceMeters>
<Extensions>
<ns3:TPX>
<ns3:Speed>1.533</ns3:Speed>
</ns3:TPX>
</Extensions>
</Trackpoint>
<Trackpoint>
<Time>2026-09-03T04:09:08Z</Time>
<Position>
<LatitudeDegrees>43.2352914</LatitudeDegrees>
<LongitudeDegrees>117.5313006</LongitudeDegrees>
</Position>
<AltitudeMeters>1055.6</AltitudeMeters>
<DistanceMeters>33155.6</DistanceMeters>
<Extensions>
<ns3:TPX>
<ns3:Speed>1.725</ns3:Speed>
</ns3:TPX>
</Extensions>
</Trackpoint>
<Trackpoint>
<Time>2026-09-03T04:09:16Z</Time>
<Position>
<LatitudeDegrees>43.2351690</LatitudeDegrees>
<LongitudeDegrees>117.5313041</LongitudeDegrees>
</Position>
<AltitudeMeters>1056.6</AltitudeMeters>
<DistanceMeters>33169.2</DistanceMeters>
<Extensions>
<ns3:TPX>
<ns3:Speed>1.667</ns3:Speed>
</ns3:TPX>
</Extensions>
</Trackpoint>
<Trackpoint>
<Time>2026-09-03T04:09:24Z</Time>
<Position>
<LatitudeDegrees>43.2350508</LatitudeDegrees>
<LongitudeDegrees>117.5313054</LongitudeDegrees>
</Position>
<AltitudeMeters>1057.6</AltitudeMeters>
<DistanceMeters>33182.3</DistanceMeters>
<Extensions>
<ns3:TPX>
<ns3:Speed>1.535</ns3:Speed>
</ns3:TPX>
</Extensions>
</Trackpoint>
<Trackpoint>
<Time>2026-09-03T04:09:32Z</Time>
<Position>
<LatitudeDegrees>43.2349332</LatitudeDegrees>
<LongitudeDegrees>117.5313088</LongitudeDegrees>
</Position>
<AltitudeMeters>1058.4</AltitudeMeters>
<DistanceMeters>33195.4</DistanceMeters>
<Extensions>
<ns3:TPX>
<ns3:Speed>1.715</ns3:Speed>
</ns3:TPX>
</Extensions>
</Trackpoint>
<Trackpoint>
<Time>2026-09-03T04:09:40Z</Time>
<Position>
<LatitudeDegrees>43.2348112</LatitudeDegrees>
<LongitudeDegrees>117.5313087</LongitudeDegrees>
</Position>
<AltitudeMeters>1059.2</AltitudeMeters>
<DistanceMeters>33208.9</DistanceMeters>
<Extensions>
<ns3:TPX>
<ns3:Speed>1.639</ns3:Speed>
</ns3:TPX>
</Extensions>
</Trackpoint>
<Trackpoint>
<Time>2026-09-03T04:09:48Z</Time>
<Position>
<LatitudeDegrees>43.2346897</LatitudeDegrees>
<LongitudeDegrees>117.5313075</LongitudeDegrees>
</Position>
<AltitudeMeters>1060.2</AltitudeMeters>
<DistanceMeters>33222.5</DistanceMeters>
<Extensions>
<ns3:TPX>
<ns3:Speed>1.663</ns3:Speed>
</ns3:TPX>
</Extensions>
</Trackpoint>
<Trackpoint>
<Time>2026-09-03T04:09:56Z</Time>
<Position>
<LatitudeDegrees>43.2345591</LatitudeDegrees>
<LongitudeDegrees>117.5313106</LongitudeDegrees>
</Position>
<AltitudeMeters>1061.0</AltitudeMeters>
<DistanceMeters>33237.0</DistanceMeters>
<Extensions>
<ns3:TPX>
<ns3:Speed>1.906</ns3:Speed>
</ns3:TPX>
</Extensions>
</Trackpoint>
<Trackpoint>
<Time>2026-09-03T04:10:04Z</Time>
<Position>
<LatitudeDegrees>43.2344327</LatitudeDegrees>
<LongitudeDegrees>117.5313122</LongitudeDegrees>
</Position>
<AltitudeMeters>1061.8</AltitudeMeters>
<DistanceMeters>33251.0</DistanceMeters>
<Extensions>
<ns3:TPX>
<ns3:Speed>1.718</ns3:Speed>
</ns3:TPX>
</Extensions>
</Trackpoint>
<Trackpoint>
<Time>2026-09-03T04:10:13Z</Time>
<Position>
<LatitudeDegrees>43.2343068</LatitudeDegrees>
<LongitudeDegrees>117.5313129</LongitudeDegrees>
</Position>
<AltitudeMeters>1062.8</AltitudeMeters>
<DistanceMeters>33265.0</DistanceMeters>
<Extensions>
<ns3:TPX>
<ns3:Speed>1.884</ns3:Speed>
</ns3:TPX>
</Extensions>
</Trackpoint>
<Trackpoint>
<Time>2026-09-03T04:10:21Z</Time>
<Position>
<LatitudeDegrees>43.2341729</LatitudeDegrees>
<LongitudeDegrees>117.5313138</LongitudeDegrees>
</Position>
<AltitudeMeters>1063.6</AltitudeMeters>
<DistanceMeters>33279.9</DistanceMeters>
<Extensions>
<ns3:TPX>
<ns3:Speed>1.96</ns3:Speed>
</ns3:TPX>
</Extensions>
</Trackpoint>
<Trackpoint>
<Time>2026-09-03T04:10:29Z</Time>
<Position>
<LatitudeDegrees>43.2340332</LatitudeDegrees>
<LongitudeDegrees>117.5313087</LongitudeDegrees>
</Position>
<AltitudeMeters>1064.6</AltitudeMeters>
<DistanceMeters>33295.4</DistanceMeters>
<Extensions>
<ns3:TPX>
<ns3:Speed>1.957</ns3:Speed>
</ns3:TPX>
</Extensions>
</Trackpoint>
<Trackpoint>
<Time>2026-09-03T04:10:37Z</Time>
<Position>
<LatitudeDegrees>43.2338965</LatitudeDegrees>
<LongitudeDegrees>117.5312969</LongitudeDegrees>
</Position>
<AltitudeMeters>1065.2</AltitudeMeters>
<DistanceMeters>33310.7</DistanceMeters>
<Extensions>
<ns3:TPX>
<ns3:Speed>2.076</ns3:Speed>
</ns3:TPX>
</Extensions>
</Trackpoint>
<Trackpoint>
<Time>2026-09-03T04:10:45Z</Time>
<Position>
<LatitudeDegrees>43.2337447</LatitudeDegrees>
<LongitudeDegrees>117.5312692</LongitudeDegrees>
</Position>
<AltitudeMeters>1065.8</AltitudeMeters>
<DistanceMeters>33327.7</DistanceMeters>
<Extensions>
<ns3:TPX>
<ns3:Speed>2.155</ns3:Speed>
</ns3:TPX>
</Extensions>
</Trackpoint>
<Trackpoint>
<Time>2026-09-03T04:10:53Z</Time>
<Position>
<LatitudeDegrees>43.2335928</LatitudeDegrees>
<LongitudeDegrees>117.5312479</LongitudeDegrees>
</Position>
<AltitudeMeters>1066.2</AltitudeMeters>
<DistanceMeters>33344.7</DistanceMeters>
<Extensions>
<ns3:TPX>
<ns3:Speed>2.072</ns3:Speed>
</ns3:TPX>
</Extensions>
</Trackpoint>
<Trackpoint>
<Time>2026-09-03T04:11:01Z</Time>
<Position>
<LatitudeDegrees>43.2334455</LatitudeDegrees>
<LongitudeDegrees>117.5312238</LongitudeDegrees>
</Position>
<AltitudeMeters>1066.8</AltitudeMeters>
<DistanceMeters>33361.2</DistanceMeters>
<Extensions>
<ns3:TPX>
<ns3:Speed>1.833</ns3:Speed>
</ns3:TPX>
</Extensions>
</Trackpoint>
<Trackpoint>
<Time>2026-09-03T04:11:09Z</Time>
<Position>
<LatitudeDegrees>43.2333191</LatitudeDegrees>
<LongitudeDegrees>117.5312045</LongitudeDegrees>
</Position>
<AltitudeMeters>1067.2</AltitudeMeters>
<DistanceMeters>33375.3</DistanceMeters>
<Extensions>
<ns3:TPX>
<ns3:Speed>1.38</ns3:Speed>
</ns3:TPX>
</Extensions>
</Trackpoint>
<Trackpoint>
<Time>2026-09-03T04:11:12Z</Time>
<Position>
<LatitudeDegrees>43.2333057</LatitudeDegrees>
<LongitudeDegrees>117.5312003</LongitudeDegrees>
</Position>
<AltitudeMeters>1067.2</AltitudeMeters>
<DistanceMeters>33375.3</DistanceMeters>
<Extensions>
<ns3:TPX>
<ns3:Speed>0.0</ns3:Speed>
</ns3:TPX>
</Extensions>
</Trackpoint>
<Trackpoint>
<Time>2026-09-03T04:11:24Z</Time>
<Position>
<LatitudeDegrees>43.2332438</LatitudeDegrees>
<LongitudeDegrees>117.5311909</LongitudeDegrees>
</Position>
<AltitudeMeters>1067.4</AltitudeMeters>
<DistanceMeters>33375.3</DistanceMeters>
<Extensions>
<ns3:TPX>
<ns3:Speed>0.0</ns3:Speed>
</ns3:TPX>
</Extensions>
</Trackpoint>
<Trackpoint>
<Time>2026-09-03T04:11:43Z</Time>
<Position>
<LatitudeDegrees>43.2330107</LatitudeDegrees>
<LongitudeDegrees>117.5311733</LongitudeDegrees>
</Position>
<AltitudeMeters>1067.6</AltitudeMeters>
<DistanceMeters>33401.2</DistanceMeters>
<Extensions>
<ns3:TPX>
<ns3:Speed>3.624</ns3:Speed>
</ns3:TPX>
</Extensions>
</Trackpoint>
<Trackpoint>
<Time>2026-09-03T04:11:48Z</Time>
<Position>
<LatitudeDegrees>43.2328424</LatitudeDegrees>
<LongitudeDegrees>117.5311745</LongitudeDegrees>
</Position>
<AltitudeMeters>1067.8</AltitudeMeters>
<DistanceMeters>33420.0</DistanceMeters>
<Extensions>
<ns3:TPX>
<ns3:Speed>3.766</ns3:Speed>
</ns3:TPX>
</Extensions>
</Trackpoint>
<Trackpoint>
<Time>2026-09-03T04:11:53Z</Time>
<Position>
<LatitudeDegrees>43.2326018</LatitudeDegrees>
<LongitudeDegrees>117.5311514</LongitudeDegrees>
</Position>
<AltitudeMeters>1068.0</AltitudeMeters>
<DistanceMeters>33446.9</DistanceMeters>
<Extensions>
<ns3:TPX>
<ns3:Speed>5.26</ns3:Speed>
</ns3:TPX>
</Extensions>
</Trackpoint>
<Trackpoint>
<Time>2026-09-03T04:12:00Z</Time>
<Position>
<LatitudeDegrees>43.2322603</LatitudeDegrees>
<LongitudeDegrees>117.5312890</LongitudeDegrees>
</Position>
<AltitudeMeters>1068.4</AltitudeMeters>
<DistanceMeters>33482.5</DistanceMeters>
<Extensions>
<ns3:TPX>
<ns3:Speed>0.0</ns3:Speed>
</ns3:TPX>
</Extensions>
</Trackpoint>
<Trackpoint>
<Time>2026-09-03T04:13:29Z</Time>
<Position>
<LatitudeDegrees>43.2302767</LatitudeDegrees>
<LongitudeDegrees>117.5306792</LongitudeDegrees>
</Position>
<AltitudeMeters>1069.4</AltitudeMeters>
<DistanceMeters>33482.5</DistanceMeters>
<Extensions>
<ns3:TPX>
<ns3:Speed>0.0</ns3:Speed>
</ns3:TPX>
</Extensions>
</Trackpoint>
<Trackpoint>
<Time>2026-09-03T04:14:50Z</Time>
<Position>
<LatitudeDegrees>43.2299481</LatitudeDegrees>
<LongitudeDegrees>117.5306280</LongitudeDegrees>
</Position>
<AltitudeMeters>1069.0</AltitudeMeters>
<DistanceMeters>33519.2</DistanceMeters>
<Extensions>
<ns3:TPX>
<ns3:Speed>4.913</ns3:Speed>
</ns3:TPX>
</Extensions>
</Trackpoint>
<Trackpoint>
<Time>2026-09-03T04:14:59Z</Time>
<Position>
<LatitudeDegrees>43.2295703</LatitudeDegrees>
<LongitudeDegrees>117.5305715</LongitudeDegrees>
</Position>
<AltitudeMeters>1067.4</AltitudeMeters>
<DistanceMeters>33561.4</DistanceMeters>
<Extensions>
<ns3:TPX>
<ns3:Speed>5.664</ns3:Speed>
</ns3:TPX>
</Extensions>
</Trackpoint>
<Trackpoint>
<Time>2026-09-03T04:15:04Z</Time>
<Position>
<LatitudeDegrees>43.2292907</LatitudeDegrees>
<LongitudeDegrees>117.5305662</LongitudeDegrees>
</Position>
<AltitudeMeters>1066.6</AltitudeMeters>
<DistanceMeters>33592.5</DistanceMeters>
<Extensions>
<ns3:TPX>
<ns3:Speed>6.768</ns3:Speed>
</ns3:TPX>
</Extensions>
</Trackpoint>
<Trackpoint>
<Time>2026-09-03T04:15:09Z</Time>
<Position>
<LatitudeDegrees>43.2289541</LatitudeDegrees>
<LongitudeDegrees>117.5306381</LongitudeDegrees>
</Position>
<AltitudeMeters>1065.0</AltitudeMeters>
<DistanceMeters>33630.4</DistanceMeters>
<Extensions>
<ns3:TPX>
<ns3:Speed>8.281</ns3:Speed>
</ns3:TPX>
</Extensions>
</Trackpoint>
<Trackpoint>
<Time>2026-09-03T04:15:13Z</Time>
<Position>
<LatitudeDegrees>43.2286561</LatitudeDegrees>
<LongitudeDegrees>117.5307907</LongitudeDegrees>
</Position>
<AltitudeMeters>1064.0</AltitudeMeters>
<DistanceMeters>33665.7</DistanceMeters>
<Extensions>
<ns3:TPX>
<ns3:Speed>9.077</ns3:Speed>
</ns3:TPX>
</Extensions>
</Trackpoint>
<Trackpoint>
<Time>2026-09-03T04:15:17Z</Time>
<Position>
<LatitudeDegrees>43.2283639</LatitudeDegrees>
<LongitudeDegrees>117.5310169</LongitudeDegrees>
</Position>
<AltitudeMeters>1062.6</AltitudeMeters>
<DistanceMeters>33703.0</DistanceMeters>
<Extensions>
<ns3:TPX>
<ns3:Speed>9.116</ns3:Speed>
</ns3:TPX>
</Extensions>
</Trackpoint>
<Trackpoint>
<Time>2026-09-03T04:15:21Z</Time>
<Position>
<LatitudeDegrees>43.2281149</LatitudeDegrees>
<LongitudeDegrees>117.5313048</LongitudeDegrees>
</Position>
<AltitudeMeters>1061.6</AltitudeMeters>
<DistanceMeters>33739.2</DistanceMeters>
<Extensions>
<ns3:TPX>
<ns3:Speed>8.694</ns3:Speed>
</ns3:TPX>
</Extensions>
</Trackpoint>
<Trackpoint>
<Time>2026-09-03T04:15:25Z</Time>
<Position>
<LatitudeDegrees>43.2279217</LatitudeDegrees>
<LongitudeDegrees>117.5316211</LongitudeDegrees>
</Position>
<AltitudeMeters>1061.6</AltitudeMeters>
<DistanceMeters>33772.6</DistanceMeters>
<Extensions>
<ns3:TPX>
<ns3:Speed>7.868</ns3:Speed>
</ns3:TPX>
</Extensions>
</Trackpoint>
<Trackpoint>
<Time>2026-09-03T04:15:30Z</Time>
<Position>
<LatitudeDegrees>43.2277575</LatitudeDegrees>
<LongitudeDegrees>117.5320003</LongitudeDegrees>
</Position>
<AltitudeMeters>1062.2</AltitudeMeters>
<DistanceMeters>33808.3</DistanceMeters>
<Extensions>
<ns3:TPX>
<ns3:Speed>6.286</ns3:Speed>
</ns3:TPX>
</Extensions>
</Trackpoint>
<Trackpoint>
<Time>2026-09-03T04:15:38Z</Time>
<Position>
<LatitudeDegrees>43.2276379</LatitudeDegrees>
<LongitudeDegrees>117.5324573</LongitudeDegrees>
</Position>
<AltitudeMeters>1062.8</AltitudeMeters>
<DistanceMeters>33847.7</DistanceMeters>
<Extensions>
<ns3:TPX>
<ns3:Speed>3.961</ns3:Speed>
</ns3:TPX>
</Extensions>
</Trackpoint>
<Trackpoint>
<Time>2026-09-03T04:15:46Z</Time>
<Position>
<LatitudeDegrees>43.2275928</LatitudeDegrees>
<LongitudeDegrees>117.5328014</LongitudeDegrees>
</Position>
<AltitudeMeters>1063.4</AltitudeMeters>
<DistanceMeters>33876.0</DistanceMeters>
<Extensions>
<ns3:TPX>
<ns3:Speed>3.266</ns3:Speed>
</ns3:TPX>
</Extensions>
</Trackpoint>
<Trackpoint>
<Time>2026-09-03T04:15:54Z</Time>
<Position>
<LatitudeDegrees>43.2275799</LatitudeDegrees>
<LongitudeDegrees>117.5330835</LongitudeDegrees>
</Position>
<AltitudeMeters>1064.0</AltitudeMeters>
<DistanceMeters>33898.9</DistanceMeters>
<Extensions>
<ns3:TPX>
<ns3:Speed>2.055</ns3:Speed>
</ns3:TPX>
</Extensions>
</Trackpoint>
<Trackpoint>
<Time>2026-09-03T04:15:59Z</Time>
<Position>
<LatitudeDegrees>43.2275788</LatitudeDegrees>
<LongitudeDegrees>117.5331457</LongitudeDegrees>
</Position>
<AltitudeMeters>1064.4</AltitudeMeters>
<DistanceMeters>33902.3</DistanceMeters>
<Extensions>
<ns3:TPX>
<ns3:Speed>0.0</ns3:Speed>
</ns3:TPX>
</Extensions>
</Trackpoint>
<Trackpoint>
<Time>2026-09-03T04:16:56Z</Time>
<Position>
<LatitudeDegrees>43.2276034</LatitudeDegrees>
<LongitudeDegrees>117.5334821</LongitudeDegrees>
</Position>
<AltitudeMeters>1065.2</AltitudeMeters>
<DistanceMeters>33929.6</DistanceMeters>
<Extensions>
<ns3:TPX>
<ns3:Speed>2.797</ns3:Speed>
</ns3:TPX>
</Extensions>
</Trackpoint>
<Trackpoint>
<Time>2026-09-03T04:17:04Z</Time>
<Position>
<LatitudeDegrees>43.2276378</LatitudeDegrees>
<LongitudeDegrees>117.5337737</LongitudeDegrees>
</Position>
<AltitudeMeters>1065.8</AltitudeMeters>
<DistanceMeters>33953.6</DistanceMeters>
<Extensions>
<ns3:TPX>
<ns3:Speed>3.097</ns3:Speed>
</ns3:TPX>
</Extensions>
</Trackpoint>
<Trackpoint>
<Time>2026-09-03T04:17:12Z</Time>
<Position>
<LatitudeDegrees>43.2276709</LatitudeDegrees>
<LongitudeDegrees>117.5341022</LongitudeDegrees>
</Position>
<AltitudeMeters>1066.4</AltitudeMeters>
<DistanceMeters>33980.4</DistanceMeters>
<Extensions>
<ns3:TPX>
<ns3:Speed>3.17</ns3:Speed>
</ns3:TPX>
</Extensions>
</Trackpoint>
<Trackpoint>
<Time>2026-09-03T04:17:21Z</Time>
<Position>
<LatitudeDegrees>43.2276905</LatitudeDegrees>
<LongitudeDegrees>117.5344106</LongitudeDegrees>
</Position>
<AltitudeMeters>1067.2</AltitudeMeters>
<DistanceMeters>34005.6</DistanceMeters>
<Extensions>
<ns3:TPX>
<ns3:Speed>3.155</ns3:Speed>
</ns3:TPX>
</Extensions>
</Trackpoint>
<Trackpoint>
<Time>2026-09-03T04:17:29Z</Time>
<Position>
<LatitudeDegrees>43.2277181</LatitudeDegrees>
<LongitudeDegrees>117.5347171</LongitudeDegrees>
</Position>
<AltitudeMeters>1068.0</AltitudeMeters>
<DistanceMeters>34030.5</DistanceMeters>
<Extensions>
<ns3:TPX>
<ns3:Speed>3.067</ns3:Speed>
</ns3:TPX>
</Extensions>
</Trackpoint>
<Trackpoint>
<Time>2026-09-03T04:17:37Z</Time>
<Position>
<LatitudeDegrees>43.2277460</LatitudeDegrees>
<LongitudeDegrees>117.5350248</LongitudeDegrees>
</Position>
<AltitudeMeters>1068.6</AltitudeMeters>
<DistanceMeters>34055.6</DistanceMeters>
<Extensions>
<ns3:TPX>
<ns3:Speed>2.943</ns3:Speed>
</ns3:TPX>
</Extensions>
</Trackpoint>
<Trackpoint>
<Time>2026-09-03T04:17:45Z</Time>
<Position>
<LatitudeDegrees>43.2277805</LatitudeDegrees>
<LongitudeDegrees>117.5353075</LongitudeDegrees>
</Position>
<AltitudeMeters>1069.2</AltitudeMeters>
<DistanceMeters>34078.8</DistanceMeters>
<Extensions>
<ns3:TPX>
<ns3:Speed>2.985</ns3:Speed>
</ns3:TPX>
</Extensions>
</Trackpoint>
<Trackpoint>
<Time>2026-09-03T04:17:53Z</Time>
<Position>
<LatitudeDegrees>43.2277982</LatitudeDegrees>
<LongitudeDegrees>117.5356026</LongitudeDegrees>
</Position>
<AltitudeMeters>1069.6</AltitudeMeters>
<DistanceMeters>34102.8</DistanceMeters>
<Extensions>
<ns3:TPX>
<ns3:Speed>2.985</ns3:Speed>
</ns3:TPX>
</Extensions>
</Trackpoint>
<Trackpoint>
<Time>2026-09-03T04:18:01Z</Time>
<Position>
<LatitudeDegrees>43.2278285</LatitudeDegrees>
<LongitudeDegrees>117.5359039</LongitudeDegrees>
</Position>
<AltitudeMeters>1070.0</AltitudeMeters>
<DistanceMeters>34127.4</DistanceMeters>
<Extensions>
<ns3:TPX>
<ns3:Speed>2.792</ns3:Speed>
</ns3:TPX>
</Extensions>
</Trackpoint>
<Trackpoint>
<Time>2026-09-03T04:18:09Z</Time>
<Position>
<LatitudeDegrees>43.2278525</LatitudeDegrees>
<LongitudeDegrees>117.5361715</LongitudeDegrees>
</Position>
<AltitudeMeters>1070.4</AltitudeMeters>
<DistanceMeters>34149.2</DistanceMeters>
<Extensions>
<ns3:TPX>
<ns3:Speed>2.654</ns3:Speed>
</ns3:TPX>
</Extensions>
</Trackpoint>
<Trackpoint>
<Time>2026-09-03T04:18:17Z</Time>
<Position>
<LatitudeDegrees>43.2278755</LatitudeDegrees>
<LongitudeDegrees>117.5364218</LongitudeDegrees>
</Position>
<AltitudeMeters>1070.6</AltitudeMeters>
<DistanceMeters>34169.7</DistanceMeters>
<Extensions>
<ns3:TPX>
<ns3:Speed>3.012</ns3:Speed>
</ns3:TPX>
</Extensions>
</Trackpoint>
<Trackpoint>
<Time>2026-09-03T04:18:25Z</Time>
<Position>
<LatitudeDegrees>43.2278993</LatitudeDegrees>
<LongitudeDegrees>117.5367258</LongitudeDegrees>
</Position>
<AltitudeMeters>1070.8</AltitudeMeters>
<DistanceMeters>34194.4</DistanceMeters>
<Extensions>
<ns3:TPX>
<ns3:Speed>2.899</ns3:Speed>
</ns3:TPX>
</Extensions>
</Trackpoint>
<Trackpoint>
<Time>2026-09-03T04:18:33Z</Time>
<Position>
<LatitudeDegrees>43.2279270</LatitudeDegrees>
<LongitudeDegrees>117.5370347</LongitudeDegrees>
</Position>
<AltitudeMeters>1070.8</AltitudeMeters>
<DistanceMeters>34219.6</DistanceMeters>
<Extensions>
<ns3:TPX>
<ns3:Speed>3.151</ns3:Speed>
</ns3:TPX>
</Extensions>
</Trackpoint>
<Trackpoint>
<Time>2026-09-03T04:18:41Z</Time>
<Position>
<LatitudeDegrees>43.2279503</LatitudeDegrees>
<LongitudeDegrees>117.5373452</LongitudeDegrees>
</Position>
<AltitudeMeters>1070.8</AltitudeMeters>
<DistanceMeters>34244.9</DistanceMeters>
<Extensions>
<ns3:TPX>
<ns3:Speed>3.545</ns3:Speed>
</ns3:TPX>
</Extensions>
</Trackpoint>
<Trackpoint>
<Time>2026-09-03T04:18:49Z</Time>
<Position>
<LatitudeDegrees>43.2279769</LatitudeDegrees>
<LongitudeDegrees>117.5377078</LongitudeDegrees>
</Position>
<AltitudeMeters>1070.8</AltitudeMeters>
<DistanceMeters>34274.3</DistanceMeters>
<Extensions>
<ns3:TPX>
<ns3:Speed>3.723</ns3:Speed>
</ns3:TPX>
</Extensions>
</Trackpoint>
<Trackpoint>
<Time>2026-09-03T04:18:57Z</Time>
<Position>
<LatitudeDegrees>43.2280030</LatitudeDegrees>
<LongitudeDegrees>117.5380820</LongitudeDegrees>
</Position>
<AltitudeMeters>1070.8</AltitudeMeters>
<DistanceMeters>34304.7</DistanceMeters>
<Extensions>
<ns3:TPX>
<ns3:Speed>3.844</ns3:Speed>
</ns3:TPX>
</Extensions>
</Trackpoint>
<Trackpoint>
<Time>2026-09-03T04:19:05Z</Time>
<Position>
<LatitudeDegrees>43.2280262</LatitudeDegrees>
<LongitudeDegrees>117.5384778</LongitudeDegrees>
</Position>
<AltitudeMeters>1070.4</AltitudeMeters>
<DistanceMeters>34336.9</DistanceMeters>
<Extensions>
<ns3:TPX>
<ns3:Speed>4.21</ns3:Speed>
</ns3:TPX>
</Extensions>
</Trackpoint>
<Trackpoint>
<Time>2026-09-03T04:19:11Z</Time>
<Position>
<LatitudeDegrees>43.2280218</LatitudeDegrees>
<LongitudeDegrees>117.5387963</LongitudeDegrees>
</Position>
<AltitudeMeters>1070.0</AltitudeMeters>
<DistanceMeters>34362.7</DistanceMeters>
<Extensions>
<ns3:TPX>
<ns3:Speed>4.444</ns3:Speed>
</ns3:TPX>
</Extensions>
</Trackpoint>
<Trackpoint>
<Time>2026-09-03T04:19:17Z</Time>
<Position>
<LatitudeDegrees>43.2279573</LatitudeDegrees>
<LongitudeDegrees>117.5391259</LongitudeDegrees>
</Position>
<AltitudeMeters>1069.8</AltitudeMeters>
<DistanceMeters>34390.4</DistanceMeters>
<Extensions>
<ns3:TPX>
<ns3:Speed>4.862</ns3:Speed>
</ns3:TPX>
</Extensions>
</Trackpoint>
<Trackpoint>
<Time>2026-09-03T04:19:22Z</Time>
<Position>
<LatitudeDegrees>43.2278703</LatitudeDegrees>
<LongitudeDegrees>117.5394105</LongitudeDegrees>
</Position>
<AltitudeMeters>1069.4</AltitudeMeters>
<DistanceMeters>34415.4</DistanceMeters>
<Extensions>
<ns3:TPX>
<ns3:Speed>5.252</ns3:Speed>
</ns3:TPX>
</Extensions>
</Trackpoint>
<Trackpoint>
<Time>2026-09-03T04:19:28Z</Time>
<Position>
<LatitudeDegrees>43.2277215</LatitudeDegrees>
<LongitudeDegrees>117.5396940</LongitudeDegrees>
</Position>
<AltitudeMeters>1069.0</AltitudeMeters>
<DistanceMeters>34443.7</DistanceMeters>
<Extensions>
<ns3:TPX>
<ns3:Speed>5.707</ns3:Speed>
</ns3:TPX>
</Extensions>
</Trackpoint>
<Trackpoint>
<Time>2026-09-03T04:19:34Z</Time>
<Position>
<LatitudeDegrees>43.2274215</LatitudeDegrees>
<LongitudeDegrees>117.5400825</LongitudeDegrees>
</Position>
<AltitudeMeters>1067.8</AltitudeMeters>
<DistanceMeters>34489.6</DistanceMeters>
<Extensions>
<ns3:TPX>
<ns3:Speed>5.35</ns3:Speed>
</ns3:TPX>
</Extensions>
</Trackpoint>
<Trackpoint>
<Time>2026-09-03T04:19:38Z</Time>
<Position>
<LatitudeDegrees>43.2272808</LatitudeDegrees>
<LongitudeDegrees>117.5401807</LongitudeDegrees>
</Position>
<AltitudeMeters>1067.2</AltitudeMeters>
<DistanceMeters>34507.2</DistanceMeters>
<Extensions>
<ns3:TPX>
<ns3:Speed>3.024</ns3:Speed>
</ns3:TPX>
</Extensions>
</Trackpoint>
<Trackpoint>
<Time>2026-09-03T04:19:43Z</Time>
<Position>
<LatitudeDegrees>43.2271969</LatitudeDegrees>
<LongitudeDegrees>117.5401784</LongitudeDegrees>
</Position>
<AltitudeMeters>1067.0</AltitudeMeters>
<DistanceMeters>34516.6</DistanceMeters>
<Extensions>
<ns3:TPX>
<ns3:Speed>2.268</ns3:Speed>
</ns3:TPX>
</Extensions>
</Trackpoint>
<Trackpoint>
<Time>2026-09-03T04:19:51Z</Time>
<Position>
<LatitudeDegrees>43.2271061</LatitudeDegrees>
<LongitudeDegrees>117.5401097</LongitudeDegrees>
</Position>
<AltitudeMeters>1066.6</AltitudeMeters>
<DistanceMeters>34528.2</DistanceMeters>
<Extensions>
<ns3:TPX>
<ns3:Speed>1.102</ns3:Speed>
</ns3:TPX>
</Extensions>
</Trackpoint>
<Trackpoint>
<Time>2026-09-03T04:19:59Z</Time>
<Position>
<LatitudeDegrees>43.2270224</LatitudeDegrees>
<LongitudeDegrees>117.5400495</LongitudeDegrees>
</Position>
<AltitudeMeters>1066.2</AltitudeMeters>
<DistanceMeters>34538.8</DistanceMeters>
<Extensions>
<ns3:TPX>
<ns3:Speed>2.343</ns3:Speed>
</ns3:TPX>
</Extensions>
</Trackpoint>
<Trackpoint>
<Time>2026-09-03T04:20:02Z</Time>
<Position>
<LatitudeDegrees>43.2269614</LatitudeDegrees>
<LongitudeDegrees>117.5400837</LongitudeDegrees>
</Position>
<AltitudeMeters>1066.6</AltitudeMeters>
<DistanceMeters>34546.5</DistanceMeters>
<Extensions>
<ns3:TPX>
<ns3:Speed>3.181</ns3:Speed>
</ns3:TPX>
</Extensions>
</Trackpoint>
<Trackpoint>
<Time>2026-09-03T04:20:06Z</Time>
<Position>
<LatitudeDegrees>43.2269226</LatitudeDegrees>
<LongitudeDegrees>117.5402447</LongitudeDegrees>
</Position>
<AltitudeMeters>1066.8</AltitudeMeters>
<DistanceMeters>34560.4</DistanceMeters>
<Extensions>
<ns3:TPX>
<ns3:Speed>2.82</ns3:Speed>
</ns3:TPX>
</Extensions>
</Trackpoint>
<Trackpoint>
<Time>2026-09-03T04:20:11Z</Time>
<Position>
<LatitudeDegrees>43.2269226</LatitudeDegrees>
<LongitudeDegrees>117.5403351</LongitudeDegrees>
</Position>
<AltitudeMeters>1067.2</AltitudeMeters>
<DistanceMeters>34565.9</DistanceMeters>
<Extensions>
<ns3:TPX>
<ns3:Speed>0.0</ns3:Speed>
</ns3:TPX>
</Extensions>
</Trackpoint>
<Trackpoint>
<Time>2026-09-03T04:20:32Z</Time>
<Position>
<LatitudeDegrees>43.2269477</LatitudeDegrees>
<LongitudeDegrees>117.5406341</LongitudeDegrees>
</Position>
<AltitudeMeters>1067.2</AltitudeMeters>
<DistanceMeters>34590.3</DistanceMeters>
<Extensions>
<ns3:TPX>
<ns3:Speed>2.554</ns3:Speed>
</ns3:TPX>
</Extensions>
</Trackpoint>
<Trackpoint>
<Time>2026-09-03T04:20:40Z</Time>
<Position>
<LatitudeDegrees>43.2269576</LatitudeDegrees>
<LongitudeDegrees>117.5409033</LongitudeDegrees>
</Position>
<AltitudeMeters>1067.8</AltitudeMeters>
<DistanceMeters>34612.1</DistanceMeters>
<Extensions>
<ns3:TPX>
<ns3:Speed>2.653</ns3:Speed>
</ns3:TPX>
</Extensions>
</Trackpoint>
<Trackpoint>
<Time>2026-09-03T04:20:48Z</Time>
<Position>
<LatitudeDegrees>43.2269640</LatitudeDegrees>
<LongitudeDegrees>117.5412004</LongitudeDegrees>
</Position>
<AltitudeMeters>1068.4</AltitudeMeters>
<DistanceMeters>34636.2</DistanceMeters>
<Extensions>
<ns3:TPX>
<ns3:Speed>3.102</ns3:Speed>
</ns3:TPX>
</Extensions>
</Trackpoint>
<Trackpoint>
<Time>2026-09-03T04:20:56Z</Time>
<Position>
<LatitudeDegrees>43.2269637</LatitudeDegrees>
<LongitudeDegrees>117.5415086</LongitudeDegrees>
</Position>
<AltitudeMeters>1068.8</AltitudeMeters>
<DistanceMeters>34661.1</DistanceMeters>
<Extensions>
<ns3:TPX>
<ns3:Speed>2.966</ns3:Speed>
</ns3:TPX>
</Extensions>
</Trackpoint>
<Trackpoint>
<Time>2026-09-03T04:21:04Z</Time>
<Position>
<LatitudeDegrees>43.2269583</LatitudeDegrees>
<LongitudeDegrees>117.5417966</LongitudeDegrees>
</Position>
<AltitudeMeters>1069.2</AltitudeMeters>
<DistanceMeters>34684.4</DistanceMeters>
<Extensions>
<ns3:TPX>
<ns3:Speed>2.663</ns3:Speed>
</ns3:TPX>
</Extensions>
</Trackpoint>
<Trackpoint>
<Time>2026-09-03T04:21:12Z</Time>
<Position>
<LatitudeDegrees>43.2269538</LatitudeDegrees>
<LongitudeDegrees>117.5420875</LongitudeDegrees>
</Position>
<AltitudeMeters>1069.6</AltitudeMeters>
<DistanceMeters>34708.0</DistanceMeters>
<Extensions>
<ns3:TPX>
<ns3:Speed>2.873</ns3:Speed>
</ns3:TPX>
</Extensions>
</Trackpoint>
<Trackpoint>
<Time>2026-09-03T04:21:20Z</Time>
<Position>
<LatitudeDegrees>43.2269424</LatitudeDegrees>
<LongitudeDegrees>117.5423749</LongitudeDegrees>
</Position>
<AltitudeMeters>1070.2</AltitudeMeters>
<DistanceMeters>34731.3</DistanceMeters>
<Extensions>
<ns3:TPX>
<ns3:Speed>2.979</ns3:Speed>
</ns3:TPX>
</Extensions>
</Trackpoint>
<Trackpoint>
<Time>2026-09-03T04:21:28Z</Time>
<Position>
<LatitudeDegrees>43.2269122</LatitudeDegrees>
<LongitudeDegrees>117.5426855</LongitudeDegrees>
</Position>
<AltitudeMeters>1070.6</AltitudeMeters>
<DistanceMeters>34756.6</DistanceMeters>
<Extensions>
<ns3:TPX>
<ns3:Speed>3.274</ns3:Speed>
</ns3:TPX>
</Extensions>
</Trackpoint>
<Trackpoint>
<Time>2026-09-03T04:21:36Z</Time>
<Position>
<LatitudeDegrees>43.2268711</LatitudeDegrees>
<LongitudeDegrees>117.5430053</LongitudeDegrees>
</Position>
<AltitudeMeters>1071.0</AltitudeMeters>
<DistanceMeters>34782.9</DistanceMeters>
<Extensions>
<ns3:TPX>
<ns3:Speed>3.382</ns3:Speed>
</ns3:TPX>
</Extensions>
</Trackpoint>
<Trackpoint>
<Time>2026-09-03T04:21:44Z</Time>
<Position>
<LatitudeDegrees>43.2268208</LatitudeDegrees>
<LongitudeDegrees>117.5433307</LongitudeDegrees>
</Position>
<AltitudeMeters>1071.4</AltitudeMeters>
<DistanceMeters>34809.8</DistanceMeters>
<Extensions>
<ns3:TPX>
<ns3:Speed>3.421</ns3:Speed>
</ns3:TPX>
</Extensions>
</Trackpoint>
<Trackpoint>
<Time>2026-09-03T04:21:52Z</Time>
<Position>
<LatitudeDegrees>43.2267637</LatitudeDegrees>
<LongitudeDegrees>117.5436661</LongitudeDegrees>
</Position>
<AltitudeMeters>1071.4</AltitudeMeters>
<DistanceMeters>34837.7</DistanceMeters>
<Extensions>
<ns3:TPX>
<ns3:Speed>3.411</ns3:Speed>
</ns3:TPX>
</Extensions>
</Trackpoint>
<Trackpoint>
<Time>2026-09-03T04:22:00Z</Time>
<Position>
<LatitudeDegrees>43.2266958</LatitudeDegrees>
<LongitudeDegrees>117.5440210</LongitudeDegrees>
</Position>
<AltitudeMeters>1071.8</AltitudeMeters>
<DistanceMeters>34867.4</DistanceMeters>
<Extensions>
<ns3:TPX>
<ns3:Speed>3.165</ns3:Speed>
</ns3:TPX>
</Extensions>
</Trackpoint>
<Trackpoint>
<Time>2026-09-03T04:22:09Z</Time>
<Position>
<LatitudeDegrees>43.2266471</LatitudeDegrees>
<LongitudeDegrees>117.5443056</LongitudeDegrees>
</Position>
<AltitudeMeters>1072.4</AltitudeMeters>
<DistanceMeters>34891.0</DistanceMeters>
<Extensions>
<ns3:TPX>
<ns3:Speed>1.791</ns3:Speed>
</ns3:TPX>
</Extensions>
</Trackpoint>
<Trackpoint>
<Time>2026-09-03T04:22:12Z</Time>
<Position>
<LatitudeDegrees>43.2266373</LatitudeDegrees>
<LongitudeDegrees>117.5443296</LongitudeDegrees>
</Position>
<AltitudeMeters>1072.6</AltitudeMeters>
<DistanceMeters>34891.0</DistanceMeters>
<Extensions>
<ns3:TPX>
<ns3:Speed>0.0</ns3:Speed>
</ns3:TPX>
</Extensions>
</Trackpoint>
<Trackpoint>
<Time>2026-09-03T04:23:51Z</Time>
<Position>
<LatitudeDegrees>43.2265728</LatitudeDegrees>
<LongitudeDegrees>117.5446884</LongitudeDegrees>
</Position>
<AltitudeMeters>1072.4</AltitudeMeters>
<DistanceMeters>34920.9</DistanceMeters>
<Extensions>
<ns3:TPX>
<ns3:Speed>2.92</ns3:Speed>
</ns3:TPX>
</Extensions>
</Trackpoint>
<Trackpoint>
<Time>2026-09-03T04:23:59Z</Time>
<Position>
<LatitudeDegrees>43.2265230</LatitudeDegrees>
<LongitudeDegrees>117.5449659</LongitudeDegrees>
</Position>
<AltitudeMeters>1072.2</AltitudeMeters>
<DistanceMeters>34944.0</DistanceMeters>
<Extensions>
<ns3:TPX>
<ns3:Speed>2.877</ns3:Speed>
</ns3:TPX>
</Extensions>
</Trackpoint>
<Trackpoint>
<Time>2026-09-03T04:24:07Z</Time>
<Position>
<LatitudeDegrees>43.2264754</LatitudeDegrees>
<LongitudeDegrees>117.5452472</LongitudeDegrees>
</Position>
<AltitudeMeters>1073.0</AltitudeMeters>
<DistanceMeters>34967.4</DistanceMeters>
<Extensions>
<ns3:TPX>
<ns3:Speed>2.89</ns3:Speed>
</ns3:TPX>
</Extensions>
</Trackpoint>
<Trackpoint>
<Time>2026-09-03T04:24:15Z</Time>
<Position>
<LatitudeDegrees>43.2264213</LatitudeDegrees>
<LongitudeDegrees>117.5455820</LongitudeDegrees>
</Position>
<AltitudeMeters>1073.8</AltitudeMeters>
<DistanceMeters>34995.1</DistanceMeters>
<Extensions>
<ns3:TPX>
<ns3:Speed>3.407</ns3:Speed>
</ns3:TPX>
</Extensions>
</Trackpoint>
<Trackpoint>
<Time>2026-09-03T04:24:23Z</Time>
<Position>
<LatitudeDegrees>43.2263641</LatitudeDegrees>
<LongitudeDegrees>117.5458839</LongitudeDegrees>
</Position>
<AltitudeMeters>1073.8</AltitudeMeters>
<DistanceMeters>35020.4</DistanceMeters>
<Extensions>
<ns3:TPX>
<ns3:Speed>3.186</ns3:Speed>
</ns3:TPX>
</Extensions>
</Trackpoint>
<Trackpoint>
<Time>2026-09-03T04:24:32Z</Time>
<Position>
<LatitudeDegrees>43.2263119</LatitudeDegrees>
<LongitudeDegrees>117.5461849</LongitudeDegrees>
</Position>
<AltitudeMeters>1074.0</AltitudeMeters>
<DistanceMeters>35045.4</DistanceMeters>
<Extensions>
<ns3:TPX>
<ns3:Speed>3.216</ns3:Speed>
</ns3:TPX>
</Extensions>
</Trackpoint>
<Trackpoint>
<Time>2026-09-03T04:24:40Z</Time>
<Position>
<LatitudeDegrees>43.2262545</LatitudeDegrees>
<LongitudeDegrees>117.5464963</LongitudeDegrees>
</Position>
<AltitudeMeters>1074.4</AltitudeMeters>
<DistanceMeters>35071.4</DistanceMeters>
<Extensions>
<ns3:TPX>
<ns3:Speed>3.272</ns3:Speed>
</ns3:TPX>
</Extensions>
</Trackpoint>
<Trackpoint>
<Time>2026-09-03T04:24:48Z</Time>
<Position>
<LatitudeDegrees>43.2261970</LatitudeDegrees>
<LongitudeDegrees>117.5468062</LongitudeDegrees>
</Position>
<AltitudeMeters>1074.6</AltitudeMeters>
<DistanceMeters>35097.2</DistanceMeters>
<Extensions>
<ns3:TPX>
<ns3:Speed>3.308</ns3:Speed>
</ns3:TPX>
</Extensions>
</Trackpoint>
<Trackpoint>
<Time>2026-09-03T04:24:56Z</Time>
<Position>
<LatitudeDegrees>43.2261478</LatitudeDegrees>
<LongitudeDegrees>117.5471328</LongitudeDegrees>
</Position>
<AltitudeMeters>1074.8</AltitudeMeters>
<DistanceMeters>35124.2</DistanceMeters>
<Extensions>
<ns3:TPX>
<ns3:Speed>3.406</ns3:Speed>
</ns3:TPX>
</Extensions>
</Trackpoint>
<Trackpoint>
<Time>2026-09-03T04:25:04Z</Time>
<Position>
<LatitudeDegrees>43.2261017</LatitudeDegrees>
<LongitudeDegrees>117.5474576</LongitudeDegrees>
</Position>
<AltitudeMeters>1075.2</AltitudeMeters>
<DistanceMeters>35151.0</DistanceMeters>
<Extensions>
<ns3:TPX>
<ns3:Speed>3.133</ns3:Speed>
</ns3:TPX>
</Extensions>
</Trackpoint>
<Trackpoint>
<Time>2026-09-03T04:25:12Z</Time>
<Position>
<LatitudeDegrees>43.2260667</LatitudeDegrees>
<LongitudeDegrees>117.5477716</LongitudeDegrees>
</Position>
<AltitudeMeters>1075.6</AltitudeMeters>
<DistanceMeters>35176.7</DistanceMeters>
<Extensions>
<ns3:TPX>
<ns3:Speed>2.867</ns3:Speed>
</ns3:TPX>
</Extensions>
</Trackpoint>
<Trackpoint>
<Time>2026-09-03T04:25:20Z</Time>
<Position>
<LatitudeDegrees>43.2260424</LatitudeDegrees>
<LongitudeDegrees>117.5480583</LongitudeDegrees>
</Position>
<AltitudeMeters>1076.0</AltitudeMeters>
<DistanceMeters>35200.0</DistanceMeters>
<Extensions>
<ns3:TPX>
<ns3:Speed>3.058</ns3:Speed>
</ns3:TPX>
</Extensions>
</Trackpoint>
<Trackpoint>
<Time>2026-09-03T04:25:28Z</Time>
<Position>
<LatitudeDegrees>43.2260261</LatitudeDegrees>
<LongitudeDegrees>117.5483659</LongitudeDegrees>
</Position>
<AltitudeMeters>1076.2</AltitudeMeters>
<DistanceMeters>35225.0</DistanceMeters>
<Extensions>
<ns3:TPX>
<ns3:Speed>3.096</ns3:Speed>
</ns3:TPX>
</Extensions>
</Trackpoint>
<Trackpoint>
<Time>2026-09-03T04:25:36Z</Time>
<Position>
<LatitudeDegrees>43.2260190</LatitudeDegrees>
<LongitudeDegrees>117.5486722</LongitudeDegrees>
</Position>
<AltitudeMeters>1076.8</AltitudeMeters>
<DistanceMeters>35249.8</DistanceMeters>
<Extensions>
<ns3:TPX>
<ns3:Speed>3.09</ns3:Speed>
</ns3:TPX>
</Extensions>
</Trackpoint>
<Trackpoint>
<Time>2026-09-03T04:25:44Z</Time>
<Position>
<LatitudeDegrees>43.2260199</LatitudeDegrees>
<LongitudeDegrees>117.5489697</LongitudeDegrees>
</Position>
<AltitudeMeters>1077.2</AltitudeMeters>
<DistanceMeters>35273.8</DistanceMeters>
<Extensions>
<ns3:TPX>
<ns3:Speed>3.008</ns3:Speed>
</ns3:TPX>
</Extensions>
</Trackpoint>
<Trackpoint>
<Time>2026-09-03T04:25:52Z</Time>
<Position>
<LatitudeDegrees>43.2260305</LatitudeDegrees>
<LongitudeDegrees>117.5492618</LongitudeDegrees>
</Position>
<AltitudeMeters>1077.6</AltitudeMeters>
<DistanceMeters>35297.5</DistanceMeters>
<Extensions>
<ns3:TPX>
<ns3:Speed>2.697</ns3:Speed>
</ns3:TPX>
</Extensions>
</Trackpoint>
<Trackpoint>
<Time>2026-09-03T04:26:00Z</Time>
<Position>
<LatitudeDegrees>43.2260511</LatitudeDegrees>
<LongitudeDegrees>117.5495544</LongitudeDegrees>
</Position>
<AltitudeMeters>1078.0</AltitudeMeters>
<DistanceMeters>35321.3</DistanceMeters>
<Extensions>
<ns3:TPX>
<ns3:Speed>2.997</ns3:Speed>
</ns3:TPX>
</Extensions>
</Trackpoint>
<Trackpoint>
<Time>2026-09-03T04:26:08Z</Time>
<Position>
<LatitudeDegrees>43.2260788</LatitudeDegrees>
<LongitudeDegrees>117.5498476</LongitudeDegrees>
</Position>
<AltitudeMeters>1078.6</AltitudeMeters>
<DistanceMeters>35345.2</DistanceMeters>
<Extensions>
<ns3:TPX>
<ns3:Speed>2.977</ns3:Speed>
</ns3:TPX>
</Extensions>
</Trackpoint>
<Trackpoint>
<Time>2026-09-03T04:26:16Z</Time>
<Position>
<LatitudeDegrees>43.2261074</LatitudeDegrees>
<LongitudeDegrees>117.5501397</LongitudeDegrees>
</Position>
<AltitudeMeters>1079.2</AltitudeMeters>
<DistanceMeters>35369.0</DistanceMeters>
<Extensions>
<ns3:TPX>
<ns3:Speed>2.979</ns3:Speed>
</ns3:TPX>
</Extensions>
</Trackpoint>
<Trackpoint>
<Time>2026-09-03T04:26:24Z</Time>
<Position>
<LatitudeDegrees>43.2261412</LatitudeDegrees>
<LongitudeDegrees>117.5504266</LongitudeDegrees>
</Position>
<AltitudeMeters>1080.0</AltitudeMeters>
<DistanceMeters>35392.6</DistanceMeters>
<Extensions>
<ns3:TPX>
<ns3:Speed>2.794</ns3:Speed>
</ns3:TPX>
</Extensions>
</Trackpoint>
<Trackpoint>
<Time>2026-09-03T04:26:28Z</Time>
<Position>
<LatitudeDegrees>43.2261430</LatitudeDegrees>
<LongitudeDegrees>117.5504652</LongitudeDegrees>
</Position>
<AltitudeMeters>1080.2</AltitudeMeters>
<DistanceMeters>35394.8</DistanceMeters>
<Extensions>
<ns3:TPX>
<ns3:Speed>0.0</ns3:Speed>
</ns3:TPX>
</Extensions>
</Trackpoint>
<Trackpoint>
<Time>2026-09-03T04:26:57Z</Time>
<Position>
<LatitudeDegrees>43.2261745</LatitudeDegrees>
<LongitudeDegrees>117.5506812</LongitudeDegrees>
</Position>
<AltitudeMeters>1080.4</AltitudeMeters>
<DistanceMeters>35414.2</DistanceMeters>
<Extensions>
<ns3:TPX>
<ns3:Speed>2.623</ns3:Speed>
</ns3:TPX>
</Extensions>
</Trackpoint>
<Trackpoint>
<Time>2026-09-03T04:27:05Z</Time>
<Position>
<LatitudeDegrees>43.2262063</LatitudeDegrees>
<LongitudeDegrees>117.5509357</LongitudeDegrees>
</Position>
<AltitudeMeters>1081.0</AltitudeMeters>
<DistanceMeters>35435.1</DistanceMeters>
<Extensions>
<ns3:TPX>
<ns3:Speed>2.596</ns3:Speed>
</ns3:TPX>
</Extensions>
</Trackpoint>
<Trackpoint>
<Time>2026-09-03T04:27:13Z</Time>
<Position>
<LatitudeDegrees>43.2262322</LatitudeDegrees>
<LongitudeDegrees>117.5511868</LongitudeDegrees>
</Position>
<AltitudeMeters>1081.4</AltitudeMeters>
<DistanceMeters>35455.6</DistanceMeters>
<Extensions>
<ns3:TPX>
<ns3:Speed>2.747</ns3:Speed>
</ns3:TPX>
</Extensions>
</Trackpoint>
<Trackpoint>
<Time>2026-09-03T04:27:21Z</Time>
<Position>
<LatitudeDegrees>43.2262616</LatitudeDegrees>
<LongitudeDegrees>117.5514628</LongitudeDegrees>
</Position>
<AltitudeMeters>1082.0</AltitudeMeters>
<DistanceMeters>35478.2</DistanceMeters>
<Extensions>
<ns3:TPX>
<ns3:Speed>2.96</ns3:Speed>
</ns3:TPX>
</Extensions>
</Trackpoint>
<Trackpoint>
<Time>2026-09-03T04:27:29Z</Time>
<Position>
<LatitudeDegrees>43.2262987</LatitudeDegrees>
<LongitudeDegrees>117.5517685</LongitudeDegrees>
</Position>
<AltitudeMeters>1082.8</AltitudeMeters>
<DistanceMeters>35503.3</DistanceMeters>
<Extensions>
<ns3:TPX>
<ns3:Speed>2.909</ns3:Speed>
</ns3:TPX>
</Extensions>
</Trackpoint>
<Trackpoint>
<Time>2026-09-03T04:27:37Z</Time>
<Position>
<LatitudeDegrees>43.2263308</LatitudeDegrees>
<LongitudeDegrees>117.5520463</LongitudeDegrees>
</Position>
<AltitudeMeters>1083.4</AltitudeMeters>
<DistanceMeters>35526.0</DistanceMeters>
<Extensions>
<ns3:TPX>
<ns3:Speed>2.96</ns3:Speed>
</ns3:TPX>
</Extensions>
</Trackpoint>
<Trackpoint>
<Time>2026-09-03T04:27:45Z</Time>
<Position>
<LatitudeDegrees>43.2263615</LatitudeDegrees>
<LongitudeDegrees>117.5523172</LongitudeDegrees>
</Position>
<AltitudeMeters>1084.0</AltitudeMeters>
<DistanceMeters>35548.2</DistanceMeters>
<Extensions>
<ns3:TPX>
<ns3:Speed>2.363</ns3:Speed>
</ns3:TPX>
</Extensions>
</Trackpoint>
<Trackpoint>
<Time>2026-09-03T04:27:53Z</Time>
<Position>
<LatitudeDegrees>43.2263926</LatitudeDegrees>
<LongitudeDegrees>117.5525906</LongitudeDegrees>
</Position>
<AltitudeMeters>1085.0</AltitudeMeters>
<DistanceMeters>35570.6</DistanceMeters>
<Extensions>
<ns3:TPX>
<ns3:Speed>3.287</ns3:Speed>
</ns3:TPX>
</Extensions>
</Trackpoint>
<Trackpoint>
<Time>2026-09-03T04:28:01Z</Time>
<Position>
<LatitudeDegrees>43.2264255</LatitudeDegrees>
<LongitudeDegrees>117.5528651</LongitudeDegrees>
</Position>
<AltitudeMeters>1085.6</AltitudeMeters>
<DistanceMeters>35593.1</DistanceMeters>
<Extensions>
<ns3:TPX>
<ns3:Speed>2.94</ns3:Speed>
</ns3:TPX>
</Extensions>
</Trackpoint>
<Trackpoint>
<Time>2026-09-03T04:28:09Z</Time>
<Position>
<LatitudeDegrees>43.2264610</LatitudeDegrees>
<LongitudeDegrees>117.5531376</LongitudeDegrees>
</Position>
<AltitudeMeters>1086.0</AltitudeMeters>
<DistanceMeters>35615.5</DistanceMeters>
<Extensions>
<ns3:TPX>
<ns3:Speed>2.861</ns3:Speed>
</ns3:TPX>
</Extensions>
</Trackpoint>
<Trackpoint>
<Time>2026-09-03T04:28:17Z</Time>
<Position>
<LatitudeDegrees>43.2264986</LatitudeDegrees>
<LongitudeDegrees>117.5534158</LongitudeDegrees>
</Position>
<AltitudeMeters>1086.8</AltitudeMeters>
<DistanceMeters>35638.4</DistanceMeters>
<Extensions>
<ns3:TPX>
<ns3:Speed>2.779</ns3:Speed>
</ns3:TPX>
</Extensions>
</Trackpoint>
<Trackpoint>
<Time>2026-09-03T04:28:25Z</Time>
<Position>
<LatitudeDegrees>43.2265298</LatitudeDegrees>
<LongitudeDegrees>117.5536821</LongitudeDegrees>
</Position>
<AltitudeMeters>1087.4</AltitudeMeters>
<DistanceMeters>35660.2</DistanceMeters>
<Extensions>
<ns3:TPX>
<ns3:Speed>2.504</ns3:Speed>
</ns3:TPX>
</Extensions>
</Trackpoint>
<Trackpoint>
<Time>2026-09-03T04:28:33Z</Time>
<Position>
<LatitudeDegrees>43.2265575</LatitudeDegrees>
<LongitudeDegrees>117.5539269</LongitudeDegrees>
</Position>
<AltitudeMeters>1087.8</AltitudeMeters>
<DistanceMeters>35680.2</DistanceMeters>
<Extensions>
<ns3:TPX>
<ns3:Speed>2.488</ns3:Speed>
</ns3:TPX>
</Extensions>
</Trackpoint>
<Trackpoint>
<Time>2026-09-03T04:28:41Z</Time>
<Position>
<LatitudeDegrees>43.2265882</LatitudeDegrees>
<LongitudeDegrees>117.5541754</LongitudeDegrees>
</Position>
<AltitudeMeters>1088.4</AltitudeMeters>
<DistanceMeters>35700.6</DistanceMeters>
<Extensions>
<ns3:TPX>
<ns3:Speed>2.354</ns3:Speed>
</ns3:TPX>
</Extensions>
</Trackpoint>
<Trackpoint>
<Time>2026-09-03T04:28:49Z</Time>
<Position>
<LatitudeDegrees>43.2266140</LatitudeDegrees>
<LongitudeDegrees>117.5543917</LongitudeDegrees>
</Position>
<AltitudeMeters>1088.8</AltitudeMeters>
<DistanceMeters>35718.4</DistanceMeters>
<Extensions>
<ns3:TPX>
<ns3:Speed>2.301</ns3:Speed>
</ns3:TPX>
</Extensions>
</Trackpoint>
<Trackpoint>
<Time>2026-09-03T04:28:57Z</Time>
<Position>
<LatitudeDegrees>43.2266460</LatitudeDegrees>
<LongitudeDegrees>117.5546444</LongitudeDegrees>
</Position>
<AltitudeMeters>1089.4</AltitudeMeters>
<DistanceMeters>35739.1</DistanceMeters>
<Extensions>
<ns3:TPX>
<ns3:Speed>2.517</ns3:Speed>
</ns3:TPX>
</Extensions>
</Trackpoint>
<Trackpoint>
<Time>2026-09-03T04:29:05Z</Time>
<Position>
<LatitudeDegrees>43.2266698</LatitudeDegrees>
<LongitudeDegrees>117.5549053</LongitudeDegrees>
</Position>
<AltitudeMeters>1090.0</AltitudeMeters>
<DistanceMeters>35760.4</DistanceMeters>
<Extensions>
<ns3:TPX>
<ns3:Speed>2.758</ns3:Speed>
</ns3:TPX>
</Extensions>
</Trackpoint>
<Trackpoint>
<Time>2026-09-03T04:29:14Z</Time>
<Position>
<LatitudeDegrees>43.2267066</LatitudeDegrees>
<LongitudeDegrees>117.5551915</LongitudeDegrees>
</Position>
<AltitudeMeters>1090.4</AltitudeMeters>
<DistanceMeters>35783.9</DistanceMeters>
<Extensions>
<ns3:TPX>
<ns3:Speed>2.535</ns3:Speed>
</ns3:TPX>
</Extensions>
</Trackpoint>
<Trackpoint>
<Time>2026-09-03T04:29:22Z</Time>
<Position>
<LatitudeDegrees>43.2267358</LatitudeDegrees>
<LongitudeDegrees>117.5554559</LongitudeDegrees>
</Position>
<AltitudeMeters>1090.8</AltitudeMeters>
<DistanceMeters>35805.5</DistanceMeters>
<Extensions>
<ns3:TPX>
<ns3:Speed>2.829</ns3:Speed>
</ns3:TPX>
</Extensions>
</Trackpoint>
<Trackpoint>
<Time>2026-09-03T04:29:30Z</Time>
<Position>
<LatitudeDegrees>43.2267703</LatitudeDegrees>
<LongitudeDegrees>117.5557340</LongitudeDegrees>
</Position>
<AltitudeMeters>1091.6</AltitudeMeters>
<DistanceMeters>35828.4</DistanceMeters>
<Extensions>
<ns3:TPX>
<ns3:Speed>2.8</ns3:Speed>
</ns3:TPX>
</Extensions>
</Trackpoint>
<Trackpoint>
<Time>2026-09-03T04:29:38Z</Time>
<Position>
<LatitudeDegrees>43.2268043</LatitudeDegrees>
<LongitudeDegrees>117.5559761</LongitudeDegrees>
</Position>
<AltitudeMeters>1092.0</AltitudeMeters>
<DistanceMeters>35848.3</DistanceMeters>
<Extensions>
<ns3:TPX>
<ns3:Speed>2.591</ns3:Speed>
</ns3:TPX>
</Extensions>
</Trackpoint>
<Trackpoint>
<Time>2026-09-03T04:29:46Z</Time>
<Position>
<LatitudeDegrees>43.2268422</LatitudeDegrees>
<LongitudeDegrees>117.5562401</LongitudeDegrees>
</Position>
<AltitudeMeters>1092.4</AltitudeMeters>
<DistanceMeters>35870.1</DistanceMeters>
<Extensions>
<ns3:TPX>
<ns3:Speed>2.699</ns3:Speed>
</ns3:TPX>
</Extensions>
</Trackpoint>
<Trackpoint>
<Time>2026-09-03T04:29:54Z</Time>
<Position>
<LatitudeDegrees>43.2268821</LatitudeDegrees>
<LongitudeDegrees>117.5564996</LongitudeDegrees>
</Position>
<AltitudeMeters>1093.0</AltitudeMeters>
<DistanceMeters>35891.5</DistanceMeters>
<Extensions>
<ns3:TPX>
<ns3:Speed>2.726</ns3:Speed>
</ns3:TPX>
</Extensions>
</Trackpoint>
<Trackpoint>
<Time>2026-09-03T04:30:02Z</Time>
<Position>
<LatitudeDegrees>43.2269289</LatitudeDegrees>
<LongitudeDegrees>117.5567484</LongitudeDegrees>
</Position>
<AltitudeMeters>1093.4</AltitudeMeters>
<DistanceMeters>35912.3</DistanceMeters>
<Extensions>
<ns3:TPX>
<ns3:Speed>2.554</ns3:Speed>
</ns3:TPX>
</Extensions>
</Trackpoint>
<Trackpoint>
<Time>2026-09-03T04:30:10Z</Time>
<Position>
<LatitudeDegrees>43.2269671</LatitudeDegrees>
<LongitudeDegrees>117.5569941</LongitudeDegrees>
</Position>
<AltitudeMeters>1094.0</AltitudeMeters>
<DistanceMeters>35932.7</DistanceMeters>
<Extensions>
<ns3:TPX>
<ns3:Speed>2.402</ns3:Speed>
</ns3:TPX>
</Extensions>
</Trackpoint>
<Trackpoint>
<Time>2026-09-03T04:30:18Z</Time>
<Position>
<LatitudeDegrees>43.2270150</LatitudeDegrees>
<LongitudeDegrees>117.5572357</LongitudeDegrees>
</Position>
<AltitudeMeters>1094.8</AltitudeMeters>
<DistanceMeters>35952.9</DistanceMeters>
<Extensions>
<ns3:TPX>
<ns3:Speed>2.497</ns3:Speed>
</ns3:TPX>
</Extensions>
</Trackpoint>
<Trackpoint>
<Time>2026-09-03T04:30:26Z</Time>
<Position>
<LatitudeDegrees>43.2270610</LatitudeDegrees>
<LongitudeDegrees>117.5574717</LongitudeDegrees>
</Position>
<AltitudeMeters>1095.4</AltitudeMeters>
<DistanceMeters>35972.7</DistanceMeters>
<Extensions>
<ns3:TPX>
<ns3:Speed>2.503</ns3:Speed>
</ns3:TPX>
</Extensions>
</Trackpoint>
<Trackpoint>
<Time>2026-09-03T04:30:34Z</Time>
<Position>
<LatitudeDegrees>43.2271022</LatitudeDegrees>
<LongitudeDegrees>117.5577081</LongitudeDegrees>
</Position>
<AltitudeMeters>1096.0</AltitudeMeters>
<DistanceMeters>35992.4</DistanceMeters>
<Extensions>
<ns3:TPX>
<ns3:Speed>2.442</ns3:Speed>
</ns3:TPX>
</Extensions>
</Trackpoint>
<Trackpoint>
<Time>2026-09-03T04:30:42Z</Time>
<Position>
<LatitudeDegrees>43.2271523</LatitudeDegrees>
<LongitudeDegrees>117.5579380</LongitudeDegrees>
</Position>
<AltitudeMeters>1096.4</AltitudeMeters>
<DistanceMeters>36011.8</DistanceMeters>
<Extensions>
<ns3:TPX>
<ns3:Speed>2.387</ns3:Speed>
</ns3:TPX>
</Extensions>
</Trackpoint>
<Trackpoint>
<Time>2026-09-03T04:30:50Z</Time>
<Position>
<LatitudeDegrees>43.2271991</LatitudeDegrees>
<LongitudeDegrees>117.5581738</LongitudeDegrees>
</Position>
<AltitudeMeters>1097.0</AltitudeMeters>
<DistanceMeters>36031.6</DistanceMeters>
<Extensions>
<ns3:TPX>
<ns3:Speed>2.44</ns3:Speed>
</ns3:TPX>
</Extensions>
</Trackpoint>
<Trackpoint>
<Time>2026-09-03T04:30:58Z</Time>
<Position>
<LatitudeDegrees>43.2272539</LatitudeDegrees>
<LongitudeDegrees>117.5584063</LongitudeDegrees>
</Position>
<AltitudeMeters>1097.8</AltitudeMeters>
<DistanceMeters>36051.3</DistanceMeters>
<Extensions>
<ns3:TPX>
<ns3:Speed>2.579</ns3:Speed>
</ns3:TPX>
</Extensions>
</Trackpoint>
<Trackpoint>
<Time>2026-09-03T04:31:06Z</Time>
<Position>
<LatitudeDegrees>43.2273091</LatitudeDegrees>
<LongitudeDegrees>117.5586415</LongitudeDegrees>
</Position>
<AltitudeMeters>1098.4</AltitudeMeters>
<DistanceMeters>36071.3</DistanceMeters>
<Extensions>
<ns3:TPX>
<ns3:Speed>2.509</ns3:Speed>
</ns3:TPX>
</Extensions>
</Trackpoint>
<Trackpoint>
<Time>2026-09-03T04:31:14Z</Time>
<Position>
<LatitudeDegrees>43.2273629</LatitudeDegrees>
<LongitudeDegrees>117.5588792</LongitudeDegrees>
</Position>
<AltitudeMeters>1099.0</AltitudeMeters>
<DistanceMeters>36091.5</DistanceMeters>
<Extensions>
<ns3:TPX>
<ns3:Speed>2.559</ns3:Speed>
</ns3:TPX>
</Extensions>
</Trackpoint>
<Trackpoint>
<Time>2026-09-03T04:31:22Z</Time>
<Position>
<LatitudeDegrees>43.2274194</LatitudeDegrees>
<LongitudeDegrees>117.5591087</LongitudeDegrees>
</Position>
<AltitudeMeters>1099.8</AltitudeMeters>
<DistanceMeters>36111.1</DistanceMeters>
<Extensions>
<ns3:TPX>
<ns3:Speed>2.419</ns3:Speed>
</ns3:TPX>
</Extensions>
</Trackpoint>
<Trackpoint>
<Time>2026-09-03T04:31:30Z</Time>
<Position>
<LatitudeDegrees>43.2274796</LatitudeDegrees>
<LongitudeDegrees>117.5593657</LongitudeDegrees>
</Position>
<AltitudeMeters>1100.4</AltitudeMeters>
<DistanceMeters>36132.9</DistanceMeters>
<Extensions>
<ns3:TPX>
<ns3:Speed>2.492</ns3:Speed>
</ns3:TPX>
</Extensions>
</Trackpoint>
<Trackpoint>
<Time>2026-09-03T04:31:39Z</Time>
<Position>
<LatitudeDegrees>43.2275340</LatitudeDegrees>
<LongitudeDegrees>117.5596015</LongitudeDegrees>
</Position>
<AltitudeMeters>1101.2</AltitudeMeters>
<DistanceMeters>36152.9</DistanceMeters>
<Extensions>
<ns3:TPX>
<ns3:Speed>2.46</ns3:Speed>
</ns3:TPX>
</Extensions>
</Trackpoint>
<Trackpoint>
<Time>2026-09-03T04:31:47Z</Time>
<Position>
<LatitudeDegrees>43.2275956</LatitudeDegrees>
<LongitudeDegrees>117.5598213</LongitudeDegrees>
</Position>
<AltitudeMeters>1101.8</AltitudeMeters>
<DistanceMeters>36172.0</DistanceMeters>
<Extensions>
<ns3:TPX>
<ns3:Speed>2.283</ns3:Speed>
</ns3:TPX>
</Extensions>
</Trackpoint>
<Trackpoint>
<Time>2026-09-03T04:31:55Z</Time>
<Position>
<LatitudeDegrees>43.2276428</LatitudeDegrees>
<LongitudeDegrees>117.5600207</LongitudeDegrees>
</Position>
<AltitudeMeters>1102.4</AltitudeMeters>
<DistanceMeters>36188.9</DistanceMeters>
<Extensions>
<ns3:TPX>
<ns3:Speed>2.325</ns3:Speed>
</ns3:TPX>
</Extensions>
</Trackpoint>
<Trackpoint>
<Time>2026-09-03T04:32:03Z</Time>
<Position>
<LatitudeDegrees>43.2276949</LatitudeDegrees>
<LongitudeDegrees>117.5602352</LongitudeDegrees>
</Position>
<AltitudeMeters>1102.8</AltitudeMeters>
<DistanceMeters>36207.2</DistanceMeters>
<Extensions>
<ns3:TPX>
<ns3:Speed>2.08</ns3:Speed>
</ns3:TPX>
</Extensions>
</Trackpoint>
<Trackpoint>
<Time>2026-09-03T04:32:11Z</Time>
<Position>
<LatitudeDegrees>43.2277381</LatitudeDegrees>
<LongitudeDegrees>117.5604229</LongitudeDegrees>
</Position>
<AltitudeMeters>1103.4</AltitudeMeters>
<DistanceMeters>36223.1</DistanceMeters>
<Extensions>
<ns3:TPX>
<ns3:Speed>1.96</ns3:Speed>
</ns3:TPX>
</Extensions>
</Trackpoint>
<Trackpoint>
<Time>2026-09-03T04:32:19Z</Time>
<Position>
<LatitudeDegrees>43.2277651</LatitudeDegrees>
<LongitudeDegrees>117.5605577</LongitudeDegrees>
</Position>
<AltitudeMeters>1104.4</AltitudeMeters>
<DistanceMeters>36232.6</DistanceMeters>
<Extensions>
<ns3:TPX>
<ns3:Speed>0.0</ns3:Speed>
</ns3:TPX>
</Extensions>
</Trackpoint>
<Trackpoint>
<Time>2026-09-03T04:32:45Z</Time>
<Position>
<LatitudeDegrees>43.2278327</LatitudeDegrees>
<LongitudeDegrees>117.5608017</LongitudeDegrees>
</Position>
<AltitudeMeters>1104.4</AltitudeMeters>
<DistanceMeters>36253.8</DistanceMeters>
<Extensions>
<ns3:TPX>
<ns3:Speed>2.241</ns3:Speed>
</ns3:TPX>
</Extensions>
</Trackpoint>
<Trackpoint>
<Time>2026-09-03T04:32:53Z</Time>
<Position>
<LatitudeDegrees>43.2278798</LatitudeDegrees>
<LongitudeDegrees>117.5610078</LongitudeDegrees>
</Position>
<AltitudeMeters>1105.2</AltitudeMeters>
<DistanceMeters>36271.3</DistanceMeters>
<Extensions>
<ns3:TPX>
<ns3:Speed>2.201</ns3:Speed>
</ns3:TPX>
</Extensions>
</Trackpoint>
<Trackpoint>
<Time>2026-09-03T04:33:01Z</Time>
<Position>
<LatitudeDegrees>43.2279271</LatitudeDegrees>
<LongitudeDegrees>117.5612102</LongitudeDegrees>
</Position>
<AltitudeMeters>1105.8</AltitudeMeters>
<DistanceMeters>36288.5</DistanceMeters>
<Extensions>
<ns3:TPX>
<ns3:Speed>2.282</ns3:Speed>
</ns3:TPX>
</Extensions>
</Trackpoint>
<Trackpoint>
<Time>2026-09-03T04:33:09Z</Time>
<Position>
<LatitudeDegrees>43.2279774</LatitudeDegrees>
<LongitudeDegrees>117.5614223</LongitudeDegrees>
</Position>
<AltitudeMeters>1106.2</AltitudeMeters>
<DistanceMeters>36306.5</DistanceMeters>
<Extensions>
<ns3:TPX>
<ns3:Speed>2.247</ns3:Speed>
</ns3:TPX>
</Extensions>
</Trackpoint>
<Trackpoint>
<Time>2026-09-03T04:33:17Z</Time>
<Position>
<LatitudeDegrees>43.2280288</LatitudeDegrees>
<LongitudeDegrees>117.5616364</LongitudeDegrees>
</Position>
<AltitudeMeters>1106.8</AltitudeMeters>
<DistanceMeters>36324.8</DistanceMeters>
<Extensions>
<ns3:TPX>
<ns3:Speed>2.475</ns3:Speed>
</ns3:TPX>
</Extensions>
</Trackpoint>
<Trackpoint>
<Time>2026-09-03T04:33:25Z</Time>
<Position>
<LatitudeDegrees>43.2280797</LatitudeDegrees>
<LongitudeDegrees>117.5618568</LongitudeDegrees>
</Position>
<AltitudeMeters>1107.6</AltitudeMeters>
<DistanceMeters>36343.5</DistanceMeters>
<Extensions>
<ns3:TPX>
<ns3:Speed>2.169</ns3:Speed>
</ns3:TPX>
</Extensions>
</Trackpoint>
<Trackpoint>
<Time>2026-09-03T04:33:33Z</Time>
<Position>
<LatitudeDegrees>43.2281269</LatitudeDegrees>
<LongitudeDegrees>117.5620609</LongitudeDegrees>
</Position>
<AltitudeMeters>1108.0</AltitudeMeters>
<DistanceMeters>36360.9</DistanceMeters>
<Extensions>
<ns3:TPX>
<ns3:Speed>2.199</ns3:Speed>
</ns3:TPX>
</Extensions>
</Trackpoint>
<Trackpoint>
<Time>2026-09-03T04:33:41Z</Time>
<Position>
<LatitudeDegrees>43.2281666</LatitudeDegrees>
<LongitudeDegrees>117.5622807</LongitudeDegrees>
</Position>
<AltitudeMeters>1108.6</AltitudeMeters>
<DistanceMeters>36379.2</DistanceMeters>
<Extensions>
<ns3:TPX>
<ns3:Speed>2.295</ns3:Speed>
</ns3:TPX>
</Extensions>
</Trackpoint>
<Trackpoint>
<Time>2026-09-03T04:33:49Z</Time>
<Position>
<LatitudeDegrees>43.2282036</LatitudeDegrees>
<LongitudeDegrees>117.5625037</LongitudeDegrees>
</Position>
<AltitudeMeters>1109.0</AltitudeMeters>
<DistanceMeters>36397.7</DistanceMeters>
<Extensions>
<ns3:TPX>
<ns3:Speed>2.32</ns3:Speed>
</ns3:TPX>
</Extensions>
</Trackpoint>
<Trackpoint>
<Time>2026-09-03T04:33:58Z</Time>
<Position>
<LatitudeDegrees>43.2282590</LatitudeDegrees>
<LongitudeDegrees>117.5627546</LongitudeDegrees>
</Position>
<AltitudeMeters>1109.6</AltitudeMeters>
<DistanceMeters>36418.9</DistanceMeters>
<Extensions>
<ns3:TPX>
<ns3:Speed>2.35</ns3:Speed>
</ns3:TPX>
</Extensions>
</Trackpoint>
<Trackpoint>
<Time>2026-09-03T04:34:06Z</Time>
<Position>
<LatitudeDegrees>43.2283146</LatitudeDegrees>
<LongitudeDegrees>117.5629629</LongitudeDegrees>
</Position>
<AltitudeMeters>1110.2</AltitudeMeters>
<DistanceMeters>36436.9</DistanceMeters>
<Extensions>
<ns3:TPX>
<ns3:Speed>2.28</ns3:Speed>
</ns3:TPX>
</Extensions>
</Trackpoint>
<Trackpoint>
<Time>2026-09-03T04:34:14Z</Time>
<Position>
<LatitudeDegrees>43.2283493</LatitudeDegrees>
<LongitudeDegrees>117.5631510</LongitudeDegrees>
</Position>
<AltitudeMeters>1110.6</AltitudeMeters>
<DistanceMeters>36450.7</DistanceMeters>
<Extensions>
<ns3:TPX>
<ns3:Speed>0.0</ns3:Speed>
</ns3:TPX>
</Extensions>
</Trackpoint>
<Trackpoint>
<Time>2026-09-03T04:37:22Z</Time>
<Position>
<LatitudeDegrees>43.2284296</LatitudeDegrees>
<LongitudeDegrees>117.5634063</LongitudeDegrees>
</Position>
<AltitudeMeters>1111.2</AltitudeMeters>
<DistanceMeters>36473.2</DistanceMeters>
<Extensions>
<ns3:TPX>
<ns3:Speed>2.476</ns3:Speed>
</ns3:TPX>
</Extensions>
</Trackpoint>
<Trackpoint>
<Time>2026-09-03T04:37:30Z</Time>
<Position>
<LatitudeDegrees>43.2284872</LatitudeDegrees>
<LongitudeDegrees>117.5636513</LongitudeDegrees>
</Position>
<AltitudeMeters>1111.4</AltitudeMeters>
<DistanceMeters>36494.1</DistanceMeters>
<Extensions>
<ns3:TPX>
<ns3:Speed>2.78</ns3:Speed>
</ns3:TPX>
</Extensions>
</Trackpoint>
<Trackpoint>
<Time>2026-09-03T04:37:38Z</Time>
<Position>
<LatitudeDegrees>43.2285509</LatitudeDegrees>
<LongitudeDegrees>117.5639118</LongitudeDegrees>
</Position>
<AltitudeMeters>1111.8</AltitudeMeters>
<DistanceMeters>36516.3</DistanceMeters>
<Extensions>
<ns3:TPX>
<ns3:Speed>2.969</ns3:Speed>
</ns3:TPX>
</Extensions>
</Trackpoint>
<Trackpoint>
<Time>2026-09-03T04:37:46Z</Time>
<Position>
<LatitudeDegrees>43.2286246</LatitudeDegrees>
<LongitudeDegrees>117.5642218</LongitudeDegrees>
</Position>
<AltitudeMeters>1112.0</AltitudeMeters>
<DistanceMeters>36542.7</DistanceMeters>
<Extensions>
<ns3:TPX>
<ns3:Speed>3.635</ns3:Speed>
</ns3:TPX>
</Extensions>
</Trackpoint>
<Trackpoint>
<Time>2026-09-03T04:37:54Z</Time>
<Position>
<LatitudeDegrees>43.2287186</LatitudeDegrees>
<LongitudeDegrees>117.5645484</LongitudeDegrees>
</Position>
<AltitudeMeters>1112.2</AltitudeMeters>
<DistanceMeters>36571.1</DistanceMeters>
<Extensions>
<ns3:TPX>
<ns3:Speed>3.774</ns3:Speed>
</ns3:TPX>
</Extensions>
</Trackpoint>
<Trackpoint>
<Time>2026-09-03T04:38:02Z</Time>
<Position>
<LatitudeDegrees>43.2288268</LatitudeDegrees>
<LongitudeDegrees>117.5649166</LongitudeDegrees>
</Position>
<AltitudeMeters>1112.4</AltitudeMeters>
<DistanceMeters>36603.2</DistanceMeters>
<Extensions>
<ns3:TPX>
<ns3:Speed>4.063</ns3:Speed>
</ns3:TPX>
</Extensions>
</Trackpoint>
<Trackpoint>
<Time>2026-09-03T04:38:10Z</Time>
<Position>
<LatitudeDegrees>43.2289145</LatitudeDegrees>
<LongitudeDegrees>117.5652907</LongitudeDegrees>
</Position>
<AltitudeMeters>1112.6</AltitudeMeters>
<DistanceMeters>36635.0</DistanceMeters>
<Extensions>
<ns3:TPX>
<ns3:Speed>4.129</ns3:Speed>
</ns3:TPX>
</Extensions>
</Trackpoint>
<Trackpoint>
<Time>2026-09-03T04:38:18Z</Time>
<Position>
<LatitudeDegrees>43.2290091</LatitudeDegrees>
<LongitudeDegrees>117.5656810</LongitudeDegrees>
</Position>
<AltitudeMeters>1112.4</AltitudeMeters>
<DistanceMeters>36668.3</DistanceMeters>
<Extensions>
<ns3:TPX>
<ns3:Speed>4.285</ns3:Speed>
</ns3:TPX>
</Extensions>
</Trackpoint>
<Trackpoint>
<Time>2026-09-03T04:38:26Z</Time>
<Position>
<LatitudeDegrees>43.2291128</LatitudeDegrees>
<LongitudeDegrees>117.5660896</LongitudeDegrees>
</Position>
<AltitudeMeters>1112.4</AltitudeMeters>
<DistanceMeters>36703.3</DistanceMeters>
<Extensions>
<ns3:TPX>
<ns3:Speed>4.296</ns3:Speed>
</ns3:TPX>
</Extensions>
</Trackpoint>
<Trackpoint>
<Time>2026-09-03T04:38:34Z</Time>
<Position>
<LatitudeDegrees>43.2292335</LatitudeDegrees>
<LongitudeDegrees>117.5665374</LongitudeDegrees>
</Position>
<AltitudeMeters>1112.4</AltitudeMeters>
<DistanceMeters>36741.9</DistanceMeters>
<Extensions>
<ns3:TPX>
<ns3:Speed>4.623</ns3:Speed>
</ns3:TPX>
</Extensions>
</Trackpoint>
<Trackpoint>
<Time>2026-09-03T04:38:43Z</Time>
<Position>
<LatitudeDegrees>43.2293579</LatitudeDegrees>
<LongitudeDegrees>117.5669667</LongitudeDegrees>
</Position>
<AltitudeMeters>1112.2</AltitudeMeters>
<DistanceMeters>36779.2</DistanceMeters>
<Extensions>
<ns3:TPX>
<ns3:Speed>4.498</ns3:Speed>
</ns3:TPX>
</Extensions>
</Trackpoint>
<Trackpoint>
<Time>2026-09-03T04:38:51Z</Time>
<Position>
<LatitudeDegrees>43.2294981</LatitudeDegrees>
<LongitudeDegrees>117.5673868</LongitudeDegrees>
</Position>
<AltitudeMeters>1112.2</AltitudeMeters>
<DistanceMeters>36816.6</DistanceMeters>
<Extensions>
<ns3:TPX>
<ns3:Speed>4.68</ns3:Speed>
</ns3:TPX>
</Extensions>
</Trackpoint>
<Trackpoint>
<Time>2026-09-03T04:38:59Z</Time>
<Position>
<LatitudeDegrees>43.2296521</LatitudeDegrees>
<LongitudeDegrees>117.5678081</LongitudeDegrees>
</Position>
<AltitudeMeters>1112.0</AltitudeMeters>
<DistanceMeters>36854.7</DistanceMeters>
<Extensions>
<ns3:TPX>
<ns3:Speed>4.605</ns3:Speed>
</ns3:TPX>
</Extensions>
</Trackpoint>
<Trackpoint>
<Time>2026-09-03T04:39:07Z</Time>
<Position>
<LatitudeDegrees>43.2298154</LatitudeDegrees>
<LongitudeDegrees>117.5682162</LongitudeDegrees>
</Position>
<AltitudeMeters>1112.0</AltitudeMeters>
<DistanceMeters>36892.4</DistanceMeters>
<Extensions>
<ns3:TPX>
<ns3:Speed>4.683</ns3:Speed>
</ns3:TPX>
</Extensions>
</Trackpoint>
<Trackpoint>
<Time>2026-09-03T04:39:15Z</Time>
<Position>
<LatitudeDegrees>43.2300001</LatitudeDegrees>
<LongitudeDegrees>117.5686233</LongitudeDegrees>
</Position>
<AltitudeMeters>1112.0</AltitudeMeters>
<DistanceMeters>36931.2</DistanceMeters>
<Extensions>
<ns3:TPX>
<ns3:Speed>4.844</ns3:Speed>
</ns3:TPX>
</Extensions>
</Trackpoint>
<Trackpoint>
<Time>2026-09-03T04:39:23Z</Time>
<Position>
<LatitudeDegrees>43.2301938</LatitudeDegrees>
<LongitudeDegrees>117.5690309</LongitudeDegrees>
</Position>
<AltitudeMeters>1111.8</AltitudeMeters>
<DistanceMeters>36970.6</DistanceMeters>
<Extensions>
<ns3:TPX>
<ns3:Speed>4.879</ns3:Speed>
</ns3:TPX>
</Extensions>
</Trackpoint>
<Trackpoint>
<Time>2026-09-03T04:39:31Z</Time>
<Position>
<LatitudeDegrees>43.2304085</LatitudeDegrees>
<LongitudeDegrees>117.5694343</LongitudeDegrees>
</Position>
<AltitudeMeters>1111.8</AltitudeMeters>
<DistanceMeters>37010.9</DistanceMeters>
<Extensions>
<ns3:TPX>
<ns3:Speed>4.966</ns3:Speed>
</ns3:TPX>
</Extensions>
</Trackpoint>
<Trackpoint>
<Time>2026-09-03T04:39:39Z</Time>
<Position>
<LatitudeDegrees>43.2306230</LatitudeDegrees>
<LongitudeDegrees>117.5698247</LongitudeDegrees>
</Position>
<AltitudeMeters>1111.6</AltitudeMeters>
<DistanceMeters>37050.5</DistanceMeters>
<Extensions>
<ns3:TPX>
<ns3:Speed>4.967</ns3:Speed>
</ns3:TPX>
</Extensions>
</Trackpoint>
<Trackpoint>
<Time>2026-09-03T04:39:47Z</Time>
<Position>
<LatitudeDegrees>43.2308378</LatitudeDegrees>
<LongitudeDegrees>117.5701987</LongitudeDegrees>
</Position>
<AltitudeMeters>1111.4</AltitudeMeters>
<DistanceMeters>37089.0</DistanceMeters>
<Extensions>
<ns3:TPX>
<ns3:Speed>4.754</ns3:Speed>
</ns3:TPX>
</Extensions>
</Trackpoint>
<Trackpoint>
<Time>2026-09-03T04:39:55Z</Time>
<Position>
<LatitudeDegrees>43.2310496</LatitudeDegrees>
<LongitudeDegrees>117.5705673</LongitudeDegrees>
</Position>
<AltitudeMeters>1111.4</AltitudeMeters>
<DistanceMeters>37127.0</DistanceMeters>
<Extensions>
<ns3:TPX>
<ns3:Speed>4.549</ns3:Speed>
</ns3:TPX>
</Extensions>
</Trackpoint>
<Trackpoint>
<Time>2026-09-03T04:40:03Z</Time>
<Position>
<LatitudeDegrees>43.2312525</LatitudeDegrees>
<LongitudeDegrees>117.5709200</LongitudeDegrees>
</Position>
<AltitudeMeters>1111.2</AltitudeMeters>
<DistanceMeters>37163.3</DistanceMeters>
<Extensions>
<ns3:TPX>
<ns3:Speed>4.701</ns3:Speed>
</ns3:TPX>
</Extensions>
</Trackpoint>
<Trackpoint>
<Time>2026-09-03T04:40:11Z</Time>
<Position>
<LatitudeDegrees>43.2314427</LatitudeDegrees>
<LongitudeDegrees>117.5712810</LongitudeDegrees>
</Position>
<AltitudeMeters>1111.2</AltitudeMeters>
<DistanceMeters>37199.4</DistanceMeters>
<Extensions>
<ns3:TPX>
<ns3:Speed>4.51</ns3:Speed>
</ns3:TPX>
</Extensions>
</Trackpoint>
<Trackpoint>
<Time>2026-09-03T04:40:19Z</Time>
<Position>
<LatitudeDegrees>43.2316178</LatitudeDegrees>
<LongitudeDegrees>117.5716349</LongitudeDegrees>
</Position>
<AltitudeMeters>1111.4</AltitudeMeters>
<DistanceMeters>37234.0</DistanceMeters>
<Extensions>
<ns3:TPX>
<ns3:Speed>4.355</ns3:Speed>
</ns3:TPX>
</Extensions>
</Trackpoint>
<Trackpoint>
<Time>2026-09-03T04:40:27Z</Time>
<Position>
<LatitudeDegrees>43.2318217</LatitudeDegrees>
<LongitudeDegrees>117.5719660</LongitudeDegrees>
</Position>
<AltitudeMeters>1111.6</AltitudeMeters>
<DistanceMeters>37269.1</DistanceMeters>
<Extensions>
<ns3:TPX>
<ns3:Speed>4.188</ns3:Speed>
</ns3:TPX>
</Extensions>
</Trackpoint>
<Trackpoint>
<Time>2026-09-03T04:40:34Z</Time>
<Position>
<LatitudeDegrees>43.2319667</LatitudeDegrees>
<LongitudeDegrees>117.5722200</LongitudeDegrees>
</Position>
<AltitudeMeters>1111.8</AltitudeMeters>
<DistanceMeters>37295.2</DistanceMeters>
<Extensions>
<ns3:TPX>
<ns3:Speed>3.627</ns3:Speed>
</ns3:TPX>
</Extensions>
</Trackpoint>
<Trackpoint>
<Time>2026-09-03T04:40:42Z</Time>
<Position>
<LatitudeDegrees>43.2321209</LatitudeDegrees>
<LongitudeDegrees>117.5725173</LongitudeDegrees>
</Position>
<AltitudeMeters>1112.0</AltitudeMeters>
<DistanceMeters>37324.8</DistanceMeters>
<Extensions>
<ns3:TPX>
<ns3:Speed>3.882</ns3:Speed>
</ns3:TPX>
</Extensions>
</Trackpoint>
<Trackpoint>
<Time>2026-09-03T04:40:50Z</Time>
<Position>
<LatitudeDegrees>43.2323001</LatitudeDegrees>
<LongitudeDegrees>117.5728209</LongitudeDegrees>
</Position>
<AltitudeMeters>1112.4</AltitudeMeters>
<DistanceMeters>37356.4</DistanceMeters>
<Extensions>
<ns3:TPX>
<ns3:Speed>3.93</ns3:Speed>
</ns3:TPX>
</Extensions>
</Trackpoint>
<Trackpoint>
<Time>2026-09-03T04:40:58Z</Time>
<Position>
<LatitudeDegrees>43.2324957</LatitudeDegrees>
<LongitudeDegrees>117.5731613</LongitudeDegrees>
</Position>
<AltitudeMeters>1112.8</AltitudeMeters>
<DistanceMeters>37391.4</DistanceMeters>
<Extensions>
<ns3:TPX>
<ns3:Speed>3.754</ns3:Speed>
</ns3:TPX>
</Extensions>
</Trackpoint>
<Trackpoint>
<Time>2026-09-03T04:41:07Z</Time>
<Position>
<LatitudeDegrees>43.2326716</LatitudeDegrees>
<LongitudeDegrees>117.5734561</LongitudeDegrees>
</Position>
<AltitudeMeters>1113.0</AltitudeMeters>
<DistanceMeters>37422.2</DistanceMeters>
<Extensions>
<ns3:TPX>
<ns3:Speed>3.926</ns3:Speed>
</ns3:TPX>
</Extensions>
</Trackpoint>
<Trackpoint>
<Time>2026-09-03T04:41:15Z</Time>
<Position>
<LatitudeDegrees>43.2328600</LatitudeDegrees>
<LongitudeDegrees>117.5737432</LongitudeDegrees>
</Position>
<AltitudeMeters>1113.6</AltitudeMeters>
<DistanceMeters>37453.5</DistanceMeters>
<Extensions>
<ns3:TPX>
<ns3:Speed>3.923</ns3:Speed>
</ns3:TPX>
</Extensions>
</Trackpoint>
<Trackpoint>
<Time>2026-09-03T04:41:23Z</Time>
<Position>
<LatitudeDegrees>43.2330405</LatitudeDegrees>
<LongitudeDegrees>117.5740479</LongitudeDegrees>
</Position>
<AltitudeMeters>1113.8</AltitudeMeters>
<DistanceMeters>37485.3</DistanceMeters>
<Extensions>
<ns3:TPX>
<ns3:Speed>4.009</ns3:Speed>
</ns3:TPX>
</Extensions>
</Trackpoint>
<Trackpoint>
<Time>2026-09-03T04:41:31Z</Time>
<Position>
<LatitudeDegrees>43.2332120</LatitudeDegrees>
<LongitudeDegrees>117.5743522</LongitudeDegrees>
</Position>
<AltitudeMeters>1114.2</AltitudeMeters>
<DistanceMeters>37516.4</DistanceMeters>
<Extensions>
<ns3:TPX>
<ns3:Speed>3.774</ns3:Speed>
</ns3:TPX>
</Extensions>
</Trackpoint>
<Trackpoint>
<Time>2026-09-03T04:41:39Z</Time>
<Position>
<LatitudeDegrees>43.2333704</LatitudeDegrees>
<LongitudeDegrees>117.5746288</LongitudeDegrees>
</Position>
<AltitudeMeters>1114.6</AltitudeMeters>
<DistanceMeters>37544.8</DistanceMeters>
<Extensions>
<ns3:TPX>
<ns3:Speed>3.632</ns3:Speed>
</ns3:TPX>
</Extensions>
</Trackpoint>
<Trackpoint>
<Time>2026-09-03T04:41:47Z</Time>
<Position>
<LatitudeDegrees>43.2335344</LatitudeDegrees>
<LongitudeDegrees>117.5749124</LongitudeDegrees>
</Position>
<AltitudeMeters>1114.8</AltitudeMeters>
<DistanceMeters>37574.1</DistanceMeters>
<Extensions>
<ns3:TPX>
<ns3:Speed>3.718</ns3:Speed>
</ns3:TPX>
</Extensions>
</Trackpoint>
<Trackpoint>
<Time>2026-09-03T04:41:55Z</Time>
<Position>
<LatitudeDegrees>43.2336915</LatitudeDegrees>
<LongitudeDegrees>117.5751829</LongitudeDegrees>
</Position>
<AltitudeMeters>1115.0</AltitudeMeters>
<DistanceMeters>37602.1</DistanceMeters>
<Extensions>
<ns3:TPX>
<ns3:Speed>3.539</ns3:Speed>
</ns3:TPX>
</Extensions>
</Trackpoint>
<Trackpoint>
<Time>2026-09-03T04:42:03Z</Time>
<Position>
<LatitudeDegrees>43.2338436</LatitudeDegrees>
<LongitudeDegrees>117.5754465</LongitudeDegrees>
</Position>
<AltitudeMeters>1115.4</AltitudeMeters>
<DistanceMeters>37629.3</DistanceMeters>
<Extensions>
<ns3:TPX>
<ns3:Speed>3.242</ns3:Speed>
</ns3:TPX>
</Extensions>
</Trackpoint>
<Trackpoint>
<Time>2026-09-03T04:42:11Z</Time>
<Position>
<LatitudeDegrees>43.2339950</LatitudeDegrees>
<LongitudeDegrees>117.5757155</LongitudeDegrees>
</Position>
<AltitudeMeters>1115.8</AltitudeMeters>
<DistanceMeters>37656.8</DistanceMeters>
<Extensions>
<ns3:TPX>
<ns3:Speed>3.604</ns3:Speed>
</ns3:TPX>
</Extensions>
</Trackpoint>
<Trackpoint>
<Time>2026-09-03T04:42:19Z</Time>
<Position>
<LatitudeDegrees>43.2341569</LatitudeDegrees>
<LongitudeDegrees>117.5760001</LongitudeDegrees>
</Position>
<AltitudeMeters>1116.2</AltitudeMeters>
<DistanceMeters>37686.0</DistanceMeters>
<Extensions>
<ns3:TPX>
<ns3:Speed>3.481</ns3:Speed>
</ns3:TPX>
</Extensions>
</Trackpoint>
<Trackpoint>
<Time>2026-09-03T04:42:27Z</Time>
<Position>
<LatitudeDegrees>43.2343159</LatitudeDegrees>
<LongitudeDegrees>117.5762758</LongitudeDegrees>
</Position>
<AltitudeMeters>1116.4</AltitudeMeters>
<DistanceMeters>37714.4</DistanceMeters>
<Extensions>
<ns3:TPX>
<ns3:Speed>3.688</ns3:Speed>
</ns3:TPX>
</Extensions>
</Trackpoint>
<Trackpoint>
<Time>2026-09-03T04:42:35Z</Time>
<Position>
<LatitudeDegrees>43.2344690</LatitudeDegrees>
<LongitudeDegrees>117.5765515</LongitudeDegrees>
</Position>
<AltitudeMeters>1116.8</AltitudeMeters>
<DistanceMeters>37742.5</DistanceMeters>
<Extensions>
<ns3:TPX>
<ns3:Speed>3.453</ns3:Speed>
</ns3:TPX>
</Extensions>
</Trackpoint>
<Trackpoint>
<Time>2026-09-03T04:42:43Z</Time>
<Position>
<LatitudeDegrees>43.2346230</LatitudeDegrees>
<LongitudeDegrees>117.5768339</LongitudeDegrees>
</Position>
<AltitudeMeters>1117.0</AltitudeMeters>
<DistanceMeters>37771.0</DistanceMeters>
<Extensions>
<ns3:TPX>
<ns3:Speed>3.661</ns3:Speed>
</ns3:TPX>
</Extensions>
</Trackpoint>
<Trackpoint>
<Time>2026-09-03T04:42:51Z</Time>
<Position>
<LatitudeDegrees>43.2347760</LatitudeDegrees>
<LongitudeDegrees>117.5771254</LongitudeDegrees>
</Position>
<AltitudeMeters>1117.2</AltitudeMeters>
<DistanceMeters>37800.1</DistanceMeters>
<Extensions>
<ns3:TPX>
<ns3:Speed>3.716</ns3:Speed>
</ns3:TPX>
</Extensions>
</Trackpoint>
<Trackpoint>
<Time>2026-09-03T04:42:59Z</Time>
<Position>
<LatitudeDegrees>43.2349241</LatitudeDegrees>
<LongitudeDegrees>117.5774272</LongitudeDegrees>
</Position>
<AltitudeMeters>1117.4</AltitudeMeters>
<DistanceMeters>37829.5</DistanceMeters>
<Extensions>
<ns3:TPX>
<ns3:Speed>3.446</ns3:Speed>
</ns3:TPX>
</Extensions>
</Trackpoint>
<Trackpoint>
<Time>2026-09-03T04:43:07Z</Time>
<Position>
<LatitudeDegrees>43.2350545</LatitudeDegrees>
<LongitudeDegrees>117.5777292</LongitudeDegrees>
</Position>
<AltitudeMeters>1117.8</AltitudeMeters>
<DistanceMeters>37857.9</DistanceMeters>
<Extensions>
<ns3:TPX>
<ns3:Speed>3.646</ns3:Speed>
</ns3:TPX>
</Extensions>
</Trackpoint>
<Trackpoint>
<Time>2026-09-03T04:43:15Z</Time>
<Position>
<LatitudeDegrees>43.2351846</LatitudeDegrees>
<LongitudeDegrees>117.5780548</LongitudeDegrees>
</Position>
<AltitudeMeters>1118.2</AltitudeMeters>
<DistanceMeters>37887.9</DistanceMeters>
<Extensions>
<ns3:TPX>
<ns3:Speed>3.785</ns3:Speed>
</ns3:TPX>
</Extensions>
</Trackpoint>
<Trackpoint>
<Time>2026-09-03T04:43:23Z</Time>
<Position>
<LatitudeDegrees>43.2353036</LatitudeDegrees>
<LongitudeDegrees>117.5783839</LongitudeDegrees>
</Position>
<AltitudeMeters>1118.4</AltitudeMeters>
<DistanceMeters>37917.6</DistanceMeters>
<Extensions>
<ns3:TPX>
<ns3:Speed>3.494</ns3:Speed>
</ns3:TPX>
</Extensions>
</Trackpoint>
<Trackpoint>
<Time>2026-09-03T04:43:32Z</Time>
<Position>
<LatitudeDegrees>43.2354175</LatitudeDegrees>
<LongitudeDegrees>117.5787304</LongitudeDegrees>
</Position>
<AltitudeMeters>1118.6</AltitudeMeters>
<DistanceMeters>37948.4</DistanceMeters>
<Extensions>
<ns3:TPX>
<ns3:Speed>3.734</ns3:Speed>
</ns3:TPX>
</Extensions>
</Trackpoint>
<Trackpoint>
<Time>2026-09-03T04:43:40Z</Time>
<Position>
<LatitudeDegrees>43.2355154</LatitudeDegrees>
<LongitudeDegrees>117.5790735</LongitudeDegrees>
</Position>
<AltitudeMeters>1119.0</AltitudeMeters>
<DistanceMeters>37978.2</DistanceMeters>
<Extensions>
<ns3:TPX>
<ns3:Speed>3.71</ns3:Speed>
</ns3:TPX>
</Extensions>
</Trackpoint>
<Trackpoint>
<Time>2026-09-03T04:43:48Z</Time>
<Position>
<LatitudeDegrees>43.2355969</LatitudeDegrees>
<LongitudeDegrees>117.5794023</LongitudeDegrees>
</Position>
<AltitudeMeters>1119.2</AltitudeMeters>
<DistanceMeters>38006.3</DistanceMeters>
<Extensions>
<ns3:TPX>
<ns3:Speed>3.418</ns3:Speed>
</ns3:TPX>
</Extensions>
</Trackpoint>
<Trackpoint>
<Time>2026-09-03T04:43:56Z</Time>
<Position>
<LatitudeDegrees>43.2356631</LatitudeDegrees>
<LongitudeDegrees>117.5797329</LongitudeDegrees>
</Position>
<AltitudeMeters>1119.6</AltitudeMeters>
<DistanceMeters>38034.0</DistanceMeters>
<Extensions>
<ns3:TPX>
<ns3:Speed>3.532</ns3:Speed>
</ns3:TPX>
</Extensions>
</Trackpoint>
<Trackpoint>
<Time>2026-09-03T04:44:04Z</Time>
<Position>
<LatitudeDegrees>43.2357262</LatitudeDegrees>
<LongitudeDegrees>117.5800685</LongitudeDegrees>
</Position>
<AltitudeMeters>1120.0</AltitudeMeters>
<DistanceMeters>38062.1</DistanceMeters>
<Extensions>
<ns3:TPX>
<ns3:Speed>3.496</ns3:Speed>
</ns3:TPX>
</Extensions>
</Trackpoint>
<Trackpoint>
<Time>2026-09-03T04:44:12Z</Time>
<Position>
<LatitudeDegrees>43.2357738</LatitudeDegrees>
<LongitudeDegrees>117.5803920</LongitudeDegrees>
</Position>
<AltitudeMeters>1120.6</AltitudeMeters>
<DistanceMeters>38088.8</DistanceMeters>
<Extensions>
<ns3:TPX>
<ns3:Speed>3.421</ns3:Speed>
</ns3:TPX>
</Extensions>
</Trackpoint>
<Trackpoint>
<Time>2026-09-03T04:44:20Z</Time>
<Position>
<LatitudeDegrees>43.2358096</LatitudeDegrees>
<LongitudeDegrees>117.5807000</LongitudeDegrees>
</Position>
<AltitudeMeters>1121.0</AltitudeMeters>
<DistanceMeters>38114.0</DistanceMeters>
<Extensions>
<ns3:TPX>
<ns3:Speed>3.261</ns3:Speed>
</ns3:TPX>
</Extensions>
</Trackpoint>
<Trackpoint>
<Time>2026-09-03T04:44:28Z</Time>
<Position>
<LatitudeDegrees>43.2358378</LatitudeDegrees>
<LongitudeDegrees>117.5810197</LongitudeDegrees>
</Position>
<AltitudeMeters>1121.4</AltitudeMeters>
<DistanceMeters>38140.1</DistanceMeters>
<Extensions>
<ns3:TPX>
<ns3:Speed>3.334</ns3:Speed>
</ns3:TPX>
</Extensions>
</Trackpoint>
<Trackpoint>
<Time>2026-09-03T04:44:36Z</Time>
<Position>
<LatitudeDegrees>43.2358608</LatitudeDegrees>
<LongitudeDegrees>117.5813507</LongitudeDegrees>
</Position>
<AltitudeMeters>1121.8</AltitudeMeters>
<DistanceMeters>38167.0</DistanceMeters>
<Extensions>
<ns3:TPX>
<ns3:Speed>3.438</ns3:Speed>
</ns3:TPX>
</Extensions>
</Trackpoint>
<Trackpoint>
<Time>2026-09-03T04:44:44Z</Time>
<Position>
<LatitudeDegrees>43.2358766</LatitudeDegrees>
<LongitudeDegrees>117.5816853</LongitudeDegrees>
</Position>
<AltitudeMeters>1122.4</AltitudeMeters>
<DistanceMeters>38194.1</DistanceMeters>
<Extensions>
<ns3:TPX>
<ns3:Speed>3.448</ns3:Speed>
</ns3:TPX>
</Extensions>
</Trackpoint>
<Trackpoint>
<Time>2026-09-03T04:44:52Z</Time>
<Position>
<LatitudeDegrees>43.2358799</LatitudeDegrees>
<LongitudeDegrees>117.5820156</LongitudeDegrees>
</Position>
<AltitudeMeters>1123.0</AltitudeMeters>
<DistanceMeters>38220.8</DistanceMeters>
<Extensions>
<ns3:TPX>
<ns3:Speed>3.352</ns3:Speed>
</ns3:TPX>
</Extensions>
</Trackpoint>
<Trackpoint>
<Time>2026-09-03T04:45:00Z</Time>
<Position>
<LatitudeDegrees>43.2358766</LatitudeDegrees>
<LongitudeDegrees>117.5823153</LongitudeDegrees>
</Position>
<AltitudeMeters>1123.8</AltitudeMeters>
<DistanceMeters>38245.1</DistanceMeters>
<Extensions>
<ns3:TPX>
<ns3:Speed>2.976</ns3:Speed>
</ns3:TPX>
</Extensions>
</Trackpoint>
<Trackpoint>
<Time>2026-09-03T04:45:08Z</Time>
<Position>
<LatitudeDegrees>43.2358630</LatitudeDegrees>
<LongitudeDegrees>117.5826243</LongitudeDegrees>
</Position>
<AltitudeMeters>1124.2</AltitudeMeters>
<DistanceMeters>38270.2</DistanceMeters>
<Extensions>
<ns3:TPX>
<ns3:Speed>3.298</ns3:Speed>
</ns3:TPX>
</Extensions>
</Trackpoint>
<Trackpoint>
<Time>2026-09-03T04:45:16Z</Time>
<Position>
<LatitudeDegrees>43.2358429</LatitudeDegrees>
<LongitudeDegrees>117.5829571</LongitudeDegrees>
</Position>
<AltitudeMeters>1124.6</AltitudeMeters>
<DistanceMeters>38297.2</DistanceMeters>
<Extensions>
<ns3:TPX>
<ns3:Speed>3.501</ns3:Speed>
</ns3:TPX>
</Extensions>
</Trackpoint>
<Trackpoint>
<Time>2026-09-03T04:45:24Z</Time>
<Position>
<LatitudeDegrees>43.2358228</LatitudeDegrees>
<LongitudeDegrees>117.5832829</LongitudeDegrees>
</Position>
<AltitudeMeters>1125.0</AltitudeMeters>
<DistanceMeters>38323.6</DistanceMeters>
<Extensions>
<ns3:TPX>
<ns3:Speed>3.18</ns3:Speed>
</ns3:TPX>
</Extensions>
</Trackpoint>
<Trackpoint>
<Time>2026-09-03T04:45:32Z</Time>
<Position>
<LatitudeDegrees>43.2358026</LatitudeDegrees>
<LongitudeDegrees>117.5835417</LongitudeDegrees>
</Position>
<AltitudeMeters>1125.2</AltitudeMeters>
<DistanceMeters>38344.7</DistanceMeters>
<Extensions>
<ns3:TPX>
<ns3:Speed>2.527</ns3:Speed>
</ns3:TPX>
</Extensions>
</Trackpoint>
<Trackpoint>
<Time>2026-09-03T04:45:40Z</Time>
<Position>
<LatitudeDegrees>43.2357849</LatitudeDegrees>
<LongitudeDegrees>117.5837969</LongitudeDegrees>
</Position>
<AltitudeMeters>1125.6</AltitudeMeters>
<DistanceMeters>38365.4</DistanceMeters>
<Extensions>
<ns3:TPX>
<ns3:Speed>2.727</ns3:Speed>
</ns3:TPX>
</Extensions>
</Trackpoint>
<Trackpoint>
<Time>2026-09-03T04:45:48Z</Time>
<Position>
<LatitudeDegrees>43.2357617</LatitudeDegrees>
<LongitudeDegrees>117.5840807</LongitudeDegrees>
</Position>
<AltitudeMeters>1126.0</AltitudeMeters>
<DistanceMeters>38388.5</DistanceMeters>
<Extensions>
<ns3:TPX>
<ns3:Speed>2.766</ns3:Speed>
</ns3:TPX>
</Extensions>
</Trackpoint>
<Trackpoint>
<Time>2026-09-03T04:45:57Z</Time>
<Position>
<LatitudeDegrees>43.2357421</LatitudeDegrees>
<LongitudeDegrees>117.5843717</LongitudeDegrees>
</Position>
<AltitudeMeters>1126.6</AltitudeMeters>
<DistanceMeters>38412.1</DistanceMeters>
<Extensions>
<ns3:TPX>
<ns3:Speed>2.714</ns3:Speed>
</ns3:TPX>
</Extensions>
</Trackpoint>
<Trackpoint>
<Time>2026-09-03T04:46:05Z</Time>
<Position>
<LatitudeDegrees>43.2357170</LatitudeDegrees>
<LongitudeDegrees>117.5846367</LongitudeDegrees>
</Position>
<AltitudeMeters>1127.0</AltitudeMeters>
<DistanceMeters>38433.8</DistanceMeters>
<Extensions>
<ns3:TPX>
<ns3:Speed>2.691</ns3:Speed>
</ns3:TPX>
</Extensions>
</Trackpoint>
<Trackpoint>
<Time>2026-09-03T04:46:13Z</Time>
<Position>
<LatitudeDegrees>43.2356980</LatitudeDegrees>
<LongitudeDegrees>117.5848943</LongitudeDegrees>
</Position>
<AltitudeMeters>1127.6</AltitudeMeters>
<DistanceMeters>38454.7</DistanceMeters>
<Extensions>
<ns3:TPX>
<ns3:Speed>2.671</ns3:Speed>
</ns3:TPX>
</Extensions>
</Trackpoint>
<Trackpoint>
<Time>2026-09-03T04:46:21Z</Time>
<Position>
<LatitudeDegrees>43.2356749</LatitudeDegrees>
<LongitudeDegrees>117.5851553</LongitudeDegrees>
</Position>
<AltitudeMeters>1128.0</AltitudeMeters>
<DistanceMeters>38476.0</DistanceMeters>
<Extensions>
<ns3:TPX>
<ns3:Speed>2.62</ns3:Speed>
</ns3:TPX>
</Extensions>
</Trackpoint>
<Trackpoint>
<Time>2026-09-03T04:46:29Z</Time>
<Position>
<LatitudeDegrees>43.2356526</LatitudeDegrees>
<LongitudeDegrees>117.5854199</LongitudeDegrees>
</Position>
<AltitudeMeters>1129.0</AltitudeMeters>
<DistanceMeters>38497.5</DistanceMeters>
<Extensions>
<ns3:TPX>
<ns3:Speed>2.639</ns3:Speed>
</ns3:TPX>
</Extensions>
</Trackpoint>
<Trackpoint>
<Time>2026-09-03T04:46:37Z</Time>
<Position>
<LatitudeDegrees>43.2356331</LatitudeDegrees>
<LongitudeDegrees>117.5856759</LongitudeDegrees>
</Position>
<AltitudeMeters>1129.0</AltitudeMeters>
<DistanceMeters>38518.3</DistanceMeters>
<Extensions>
<ns3:TPX>
<ns3:Speed>2.616</ns3:Speed>
</ns3:TPX>
</Extensions>
</Trackpoint>
<Trackpoint>
<Time>2026-09-03T04:46:45Z</Time>
<Position>
<LatitudeDegrees>43.2356143</LatitudeDegrees>
<LongitudeDegrees>117.5859181</LongitudeDegrees>
</Position>
<AltitudeMeters>1129.6</AltitudeMeters>
<DistanceMeters>38538.1</DistanceMeters>
<Extensions>
<ns3:TPX>
<ns3:Speed>1.943</ns3:Speed>
</ns3:TPX>
</Extensions>
</Trackpoint>
<Trackpoint>
<Time>2026-09-03T04:46:53Z</Time>
<Position>
<LatitudeDegrees>43.2355967</LatitudeDegrees>
<LongitudeDegrees>117.5861430</LongitudeDegrees>
</Position>
<AltitudeMeters>1130.0</AltitudeMeters>
<DistanceMeters>38556.4</DistanceMeters>
<Extensions>
<ns3:TPX>
<ns3:Speed>2.486</ns3:Speed>
</ns3:TPX>
</Extensions>
</Trackpoint>
<Trackpoint>
<Time>2026-09-03T04:47:01Z</Time>
<Position>
<LatitudeDegrees>43.2355797</LatitudeDegrees>
<LongitudeDegrees>117.5863887</LongitudeDegrees>
</Position>
<AltitudeMeters>1130.6</AltitudeMeters>
<DistanceMeters>38576.3</DistanceMeters>
<Extensions>
<ns3:TPX>
<ns3:Speed>2.445</ns3:Speed>
</ns3:TPX>
</Extensions>
</Trackpoint>
<Trackpoint>
<Time>2026-09-03T04:47:09Z</Time>
<Position>
<LatitudeDegrees>43.2355590</LatitudeDegrees>
<LongitudeDegrees>117.5866279</LongitudeDegrees>
</Position>
<AltitudeMeters>1131.0</AltitudeMeters>
<DistanceMeters>38595.8</DistanceMeters>
<Extensions>
<ns3:TPX>
<ns3:Speed>2.444</ns3:Speed>
</ns3:TPX>
</Extensions>
</Trackpoint>
<Trackpoint>
<Time>2026-09-03T04:47:17Z</Time>
<Position>
<LatitudeDegrees>43.2355364</LatitudeDegrees>
<LongitudeDegrees>117.5868684</LongitudeDegrees>
</Position>
<AltitudeMeters>1132.0</AltitudeMeters>
<DistanceMeters>38615.4</DistanceMeters>
<Extensions>
<ns3:TPX>
<ns3:Speed>2.437</ns3:Speed>
</ns3:TPX>
</Extensions>
</Trackpoint>
<Trackpoint>
<Time>2026-09-03T04:47:25Z</Time>
<Position>
<LatitudeDegrees>43.2355164</LatitudeDegrees>
<LongitudeDegrees>117.5871085</LongitudeDegrees>
</Position>
<AltitudeMeters>1132.4</AltitudeMeters>
<DistanceMeters>38635.0</DistanceMeters>
<Extensions>
<ns3:TPX>
<ns3:Speed>2.403</ns3:Speed>
</ns3:TPX>
</Extensions>
</Trackpoint>
<Trackpoint>
<Time>2026-09-03T04:47:33Z</Time>
<Position>
<LatitudeDegrees>43.2354977</LatitudeDegrees>
<LongitudeDegrees>117.5873470</LongitudeDegrees>
</Position>
<AltitudeMeters>1132.8</AltitudeMeters>
<DistanceMeters>38654.4</DistanceMeters>
<Extensions>
<ns3:TPX>
<ns3:Speed>2.425</ns3:Speed>
</ns3:TPX>
</Extensions>
</Trackpoint>
<Trackpoint>
<Time>2026-09-03T04:47:41Z</Time>
<Position>
<LatitudeDegrees>43.2354785</LatitudeDegrees>
<LongitudeDegrees>117.5875894</LongitudeDegrees>
</Position>
<AltitudeMeters>1133.6</AltitudeMeters>
<DistanceMeters>38674.1</DistanceMeters>
<Extensions>
<ns3:TPX>
<ns3:Speed>2.541</ns3:Speed>
</ns3:TPX>
</Extensions>
</Trackpoint>
<Trackpoint>
<Time>2026-09-03T04:47:49Z</Time>
<Position>
<LatitudeDegrees>43.2354562</LatitudeDegrees>
<LongitudeDegrees>117.5878393</LongitudeDegrees>
</Position>
<AltitudeMeters>1134.2</AltitudeMeters>
<DistanceMeters>38694.4</DistanceMeters>
<Extensions>
<ns3:TPX>
<ns3:Speed>2.61</ns3:Speed>
</ns3:TPX>
</Extensions>
</Trackpoint>
<Trackpoint>
<Time>2026-09-03T04:47:57Z</Time>
<Position>
<LatitudeDegrees>43.2354367</LatitudeDegrees>
<LongitudeDegrees>117.5880888</LongitudeDegrees>
</Position>
<AltitudeMeters>1134.8</AltitudeMeters>
<DistanceMeters>38714.8</DistanceMeters>
<Extensions>
<ns3:TPX>
<ns3:Speed>2.534</ns3:Speed>
</ns3:TPX>
</Extensions>
</Trackpoint>
<Trackpoint>
<Time>2026-09-03T04:48:05Z</Time>
<Position>
<LatitudeDegrees>43.2354183</LatitudeDegrees>
<LongitudeDegrees>117.5883038</LongitudeDegrees>
</Position>
<AltitudeMeters>1135.6</AltitudeMeters>
<DistanceMeters>38732.3</DistanceMeters>
<Extensions>
<ns3:TPX>
<ns3:Speed>2.126</ns3:Speed>
</ns3:TPX>
</Extensions>
</Trackpoint>
<Trackpoint>
<Time>2026-09-03T04:48:14Z</Time>
<Position>
<LatitudeDegrees>43.2354009</LatitudeDegrees>
<LongitudeDegrees>117.5885423</LongitudeDegrees>
</Position>
<AltitudeMeters>1136.2</AltitudeMeters>
<DistanceMeters>38751.7</DistanceMeters>
<Extensions>
<ns3:TPX>
<ns3:Speed>2.242</ns3:Speed>
</ns3:TPX>
</Extensions>
</Trackpoint>
<Trackpoint>
<Time>2026-09-03T04:48:22Z</Time>
<Position>
<LatitudeDegrees>43.2353810</LatitudeDegrees>
<LongitudeDegrees>117.5887645</LongitudeDegrees>
</Position>
<AltitudeMeters>1137.0</AltitudeMeters>
<DistanceMeters>38769.8</DistanceMeters>
<Extensions>
<ns3:TPX>
<ns3:Speed>2.264</ns3:Speed>
</ns3:TPX>
</Extensions>
</Trackpoint>
<Trackpoint>
<Time>2026-09-03T04:48:30Z</Time>
<Position>
<LatitudeDegrees>43.2353611</LatitudeDegrees>
<LongitudeDegrees>117.5889857</LongitudeDegrees>
</Position>
<AltitudeMeters>1137.6</AltitudeMeters>
<DistanceMeters>38787.8</DistanceMeters>
<Extensions>
<ns3:TPX>
<ns3:Speed>2.291</ns3:Speed>
</ns3:TPX>
</Extensions>
</Trackpoint>
<Trackpoint>
<Time>2026-09-03T04:48:38Z</Time>
<Position>
<LatitudeDegrees>43.2353438</LatitudeDegrees>
<LongitudeDegrees>117.5892111</LongitudeDegrees>
</Position>
<AltitudeMeters>1138.0</AltitudeMeters>
<DistanceMeters>38806.1</DistanceMeters>
<Extensions>
<ns3:TPX>
<ns3:Speed>2.319</ns3:Speed>
</ns3:TPX>
</Extensions>
</Trackpoint>
<Trackpoint>
<Time>2026-09-03T04:48:46Z</Time>
<Position>
<LatitudeDegrees>43.2353249</LatitudeDegrees>
<LongitudeDegrees>117.5894321</LongitudeDegrees>
</Position>
<AltitudeMeters>1138.6</AltitudeMeters>
<DistanceMeters>38824.1</DistanceMeters>
<Extensions>
<ns3:TPX>
<ns3:Speed>2.301</ns3:Speed>
</ns3:TPX>
</Extensions>
</Trackpoint>
<Trackpoint>
<Time>2026-09-03T04:48:54Z</Time>
<Position>
<LatitudeDegrees>43.2353087</LatitudeDegrees>
<LongitudeDegrees>117.5896342</LongitudeDegrees>
</Position>
<AltitudeMeters>1139.2</AltitudeMeters>
<DistanceMeters>38840.6</DistanceMeters>
<Extensions>
<ns3:TPX>
<ns3:Speed>2.031</ns3:Speed>
</ns3:TPX>
</Extensions>
</Trackpoint>
<Trackpoint>
<Time>2026-09-03T04:49:02Z</Time>
<Position>
<LatitudeDegrees>43.2352903</LatitudeDegrees>
<LongitudeDegrees>117.5898494</LongitudeDegrees>
</Position>
<AltitudeMeters>1139.6</AltitudeMeters>
<DistanceMeters>38858.1</DistanceMeters>
<Extensions>
<ns3:TPX>
<ns3:Speed>2.242</ns3:Speed>
</ns3:TPX>
</Extensions>
</Trackpoint>
<Trackpoint>
<Time>2026-09-03T04:49:10Z</Time>
<Position>
<LatitudeDegrees>43.2352740</LatitudeDegrees>
<LongitudeDegrees>117.5900743</LongitudeDegrees>
</Position>
<AltitudeMeters>1140.0</AltitudeMeters>
<DistanceMeters>38876.4</DistanceMeters>
<Extensions>
<ns3:TPX>
<ns3:Speed>2.382</ns3:Speed>
</ns3:TPX>
</Extensions>
</Trackpoint>
<Trackpoint>
<Time>2026-09-03T04:49:18Z</Time>
<Position>
<LatitudeDegrees>43.2352565</LatitudeDegrees>
<LongitudeDegrees>117.5902844</LongitudeDegrees>
</Position>
<AltitudeMeters>1140.6</AltitudeMeters>
<DistanceMeters>38893.5</DistanceMeters>
<Extensions>
<ns3:TPX>
<ns3:Speed>2.227</ns3:Speed>
</ns3:TPX>
</Extensions>
</Trackpoint>
<Trackpoint>
<Time>2026-09-03T04:49:26Z</Time>
<Position>
<LatitudeDegrees>43.2352408</LatitudeDegrees>
<LongitudeDegrees>117.5905091</LongitudeDegrees>
</Position>
<AltitudeMeters>1141.0</AltitudeMeters>
<DistanceMeters>38911.8</DistanceMeters>
<Extensions>
<ns3:TPX>
<ns3:Speed>2.275</ns3:Speed>
</ns3:TPX>
</Extensions>
</Trackpoint>
<Trackpoint>
<Time>2026-09-03T04:49:34Z</Time>
<Position>
<LatitudeDegrees>43.2352182</LatitudeDegrees>
<LongitudeDegrees>117.5907387</LongitudeDegrees>
</Position>
<AltitudeMeters>1141.4</AltitudeMeters>
<DistanceMeters>38930.5</DistanceMeters>
<Extensions>
<ns3:TPX>
<ns3:Speed>2.378</ns3:Speed>
</ns3:TPX>
</Extensions>
</Trackpoint>
<Trackpoint>
<Time>2026-09-03T04:49:42Z</Time>
<Position>
<LatitudeDegrees>43.2351971</LatitudeDegrees>
<LongitudeDegrees>117.5909670</LongitudeDegrees>
</Position>
<AltitudeMeters>1141.8</AltitudeMeters>
<DistanceMeters>38949.2</DistanceMeters>
<Extensions>
<ns3:TPX>
<ns3:Speed>2.347</ns3:Speed>
</ns3:TPX>
</Extensions>
</Trackpoint>
<Trackpoint>
<Time>2026-09-03T04:49:50Z</Time>
<Position>
<LatitudeDegrees>43.2351793</LatitudeDegrees>
<LongitudeDegrees>117.5912058</LongitudeDegrees>
</Position>
<AltitudeMeters>1142.2</AltitudeMeters>
<DistanceMeters>38968.6</DistanceMeters>
<Extensions>
<ns3:TPX>
<ns3:Speed>2.435</ns3:Speed>
</ns3:TPX>
</Extensions>
</Trackpoint>
<Trackpoint>
<Time>2026-09-03T04:49:58Z</Time>
<Position>
<LatitudeDegrees>43.2351559</LatitudeDegrees>
<LongitudeDegrees>117.5914466</LongitudeDegrees>
</Position>
<AltitudeMeters>1142.6</AltitudeMeters>
<DistanceMeters>38988.2</DistanceMeters>
<Extensions>
<ns3:TPX>
<ns3:Speed>2.604</ns3:Speed>
</ns3:TPX>
</Extensions>
</Trackpoint>
<Trackpoint>
<Time>2026-09-03T04:50:06Z</Time>
<Position>
<LatitudeDegrees>43.2351351</LatitudeDegrees>
<LongitudeDegrees>117.5917015</LongitudeDegrees>
</Position>
<AltitudeMeters>1143.2</AltitudeMeters>
<DistanceMeters>39009.0</DistanceMeters>
<Extensions>
<ns3:TPX>
<ns3:Speed>2.42</ns3:Speed>
</ns3:TPX>
</Extensions>
</Trackpoint>
<Trackpoint>
<Time>2026-09-03T04:50:14Z</Time>
<Position>
<LatitudeDegrees>43.2351154</LatitudeDegrees>
<LongitudeDegrees>117.5919169</LongitudeDegrees>
</Position>
<AltitudeMeters>1143.4</AltitudeMeters>
<DistanceMeters>39026.5</DistanceMeters>
<Extensions>
<ns3:TPX>
<ns3:Speed>2.271</ns3:Speed>
</ns3:TPX>
</Extensions>
</Trackpoint>
<Trackpoint>
<Time>2026-09-03T04:50:22Z</Time>
<Position>
<LatitudeDegrees>43.2350938</LatitudeDegrees>
<LongitudeDegrees>117.5921507</LongitudeDegrees>
</Position>
<AltitudeMeters>1144.0</AltitudeMeters>
<DistanceMeters>39045.6</DistanceMeters>
<Extensions>
<ns3:TPX>
<ns3:Speed>2.523</ns3:Speed>
</ns3:TPX>
</Extensions>
</Trackpoint>
<Trackpoint>
<Time>2026-09-03T04:50:30Z</Time>
<Position>
<LatitudeDegrees>43.2350709</LatitudeDegrees>
<LongitudeDegrees>117.5924085</LongitudeDegrees>
</Position>
<AltitudeMeters>1144.2</AltitudeMeters>
<DistanceMeters>39066.6</DistanceMeters>
<Extensions>
<ns3:TPX>
<ns3:Speed>2.288</ns3:Speed>
</ns3:TPX>
</Extensions>
</Trackpoint>
<Trackpoint>
<Time>2026-09-03T04:50:39Z</Time>
<Position>
<LatitudeDegrees>43.2350511</LatitudeDegrees>
<LongitudeDegrees>117.5926552</LongitudeDegrees>
</Position>
<AltitudeMeters>1144.6</AltitudeMeters>
<DistanceMeters>39086.7</DistanceMeters>
<Extensions>
<ns3:TPX>
<ns3:Speed>2.453</ns3:Speed>
</ns3:TPX>
</Extensions>
</Trackpoint>
<Trackpoint>
<Time>2026-09-03T04:50:47Z</Time>
<Position>
<LatitudeDegrees>43.2350314</LatitudeDegrees>
<LongitudeDegrees>117.5928857</LongitudeDegrees>
</Position>
<AltitudeMeters>1145.2</AltitudeMeters>
<DistanceMeters>39105.5</DistanceMeters>
<Extensions>
<ns3:TPX>
<ns3:Speed>2.226</ns3:Speed>
</ns3:TPX>
</Extensions>
</Trackpoint>
<Trackpoint>
<Time>2026-09-03T04:50:55Z</Time>
<Position>
<LatitudeDegrees>43.2350137</LatitudeDegrees>
<LongitudeDegrees>117.5931164</LongitudeDegrees>
</Position>
<AltitudeMeters>1145.6</AltitudeMeters>
<DistanceMeters>39124.3</DistanceMeters>
<Extensions>
<ns3:TPX>
<ns3:Speed>2.076</ns3:Speed>
</ns3:TPX>
</Extensions>
</Trackpoint>
<Trackpoint>
<Time>2026-09-03T04:51:03Z</Time>
<Position>
<LatitudeDegrees>43.2349959</LatitudeDegrees>
<LongitudeDegrees>117.5933344</LongitudeDegrees>
</Position>
<AltitudeMeters>1146.0</AltitudeMeters>
<DistanceMeters>39142.0</DistanceMeters>
<Extensions>
<ns3:TPX>
<ns3:Speed>2.468</ns3:Speed>
</ns3:TPX>
</Extensions>
</Trackpoint>
<Trackpoint>
<Time>2026-09-03T04:51:11Z</Time>
<Position>
<LatitudeDegrees>43.2349758</LatitudeDegrees>
<LongitudeDegrees>117.5935830</LongitudeDegrees>
</Position>
<AltitudeMeters>1146.4</AltitudeMeters>
<DistanceMeters>39162.2</DistanceMeters>
<Extensions>
<ns3:TPX>
<ns3:Speed>2.632</ns3:Speed>
</ns3:TPX>
</Extensions>
</Trackpoint>
<Trackpoint>
<Time>2026-09-03T04:51:19Z</Time>
<Position>
<LatitudeDegrees>43.2349543</LatitudeDegrees>
<LongitudeDegrees>117.5938441</LongitudeDegrees>
</Position>
<AltitudeMeters>1146.8</AltitudeMeters>
<DistanceMeters>39183.5</DistanceMeters>
<Extensions>
<ns3:TPX>
<ns3:Speed>2.812</ns3:Speed>
</ns3:TPX>
</Extensions>
</Trackpoint>
<Trackpoint>
<Time>2026-09-03T04:51:27Z</Time>
<Position>
<LatitudeDegrees>43.2349357</LatitudeDegrees>
<LongitudeDegrees>117.5940857</LongitudeDegrees>
</Position>
<AltitudeMeters>1147.4</AltitudeMeters>
<DistanceMeters>39203.1</DistanceMeters>
<Extensions>
<ns3:TPX>
<ns3:Speed>2.44</ns3:Speed>
</ns3:TPX>
</Extensions>
</Trackpoint>
<Trackpoint>
<Time>2026-09-03T04:51:35Z</Time>
<Position>
<LatitudeDegrees>43.2349155</LatitudeDegrees>
<LongitudeDegrees>117.5943272</LongitudeDegrees>
</Position>
<AltitudeMeters>1147.8</AltitudeMeters>
<DistanceMeters>39222.8</DistanceMeters>
<Extensions>
<ns3:TPX>
<ns3:Speed>2.512</ns3:Speed>
</ns3:TPX>
</Extensions>
</Trackpoint>
<Trackpoint>
<Time>2026-09-03T04:51:43Z</Time>
<Position>
<LatitudeDegrees>43.2348976</LatitudeDegrees>
<LongitudeDegrees>117.5945717</LongitudeDegrees>
</Position>
<AltitudeMeters>1148.2</AltitudeMeters>
<DistanceMeters>39242.7</DistanceMeters>
<Extensions>
<ns3:TPX>
<ns3:Speed>2.436</ns3:Speed>
</ns3:TPX>
</Extensions>
</Trackpoint>
<Trackpoint>
<Time>2026-09-03T04:51:51Z</Time>
<Position>
<LatitudeDegrees>43.2348747</LatitudeDegrees>
<LongitudeDegrees>117.5948159</LongitudeDegrees>
</Position>
<AltitudeMeters>1148.6</AltitudeMeters>
<DistanceMeters>39262.6</DistanceMeters>
<Extensions>
<ns3:TPX>
<ns3:Speed>2.191</ns3:Speed>
</ns3:TPX>
</Extensions>
</Trackpoint>
<Trackpoint>
<Time>2026-09-03T04:51:59Z</Time>
<Position>
<LatitudeDegrees>43.2348555</LatitudeDegrees>
<LongitudeDegrees>117.5950508</LongitudeDegrees>
</Position>
<AltitudeMeters>1149.0</AltitudeMeters>
<DistanceMeters>39281.7</DistanceMeters>
<Extensions>
<ns3:TPX>
<ns3:Speed>2.505</ns3:Speed>
</ns3:TPX>
</Extensions>
</Trackpoint>
<Trackpoint>
<Time>2026-09-03T04:52:07Z</Time>
<Position>
<LatitudeDegrees>43.2348365</LatitudeDegrees>
<LongitudeDegrees>117.5952943</LongitudeDegrees>
</Position>
<AltitudeMeters>1149.4</AltitudeMeters>
<DistanceMeters>39301.5</DistanceMeters>
<Extensions>
<ns3:TPX>
<ns3:Speed>2.487</ns3:Speed>
</ns3:TPX>
</Extensions>
</Trackpoint>
<Trackpoint>
<Time>2026-09-03T04:52:15Z</Time>
<Position>
<LatitudeDegrees>43.2348204</LatitudeDegrees>
<LongitudeDegrees>117.5955360</LongitudeDegrees>
</Position>
<AltitudeMeters>1150.0</AltitudeMeters>
<DistanceMeters>39321.2</DistanceMeters>
<Extensions>
<ns3:TPX>
<ns3:Speed>2.449</ns3:Speed>
</ns3:TPX>
</Extensions>
</Trackpoint>
<Trackpoint>
<Time>2026-09-03T04:52:23Z</Time>
<Position>
<LatitudeDegrees>43.2348080</LatitudeDegrees>
<LongitudeDegrees>117.5957829</LongitudeDegrees>
</Position>
<AltitudeMeters>1150.6</AltitudeMeters>
<DistanceMeters>39341.2</DistanceMeters>
<Extensions>
<ns3:TPX>
<ns3:Speed>2.565</ns3:Speed>
</ns3:TPX>
</Extensions>
</Trackpoint>
<Trackpoint>
<Time>2026-09-03T04:52:31Z</Time>
<Position>
<LatitudeDegrees>43.2347988</LatitudeDegrees>
<LongitudeDegrees>117.5960260</LongitudeDegrees>
</Position>
<AltitudeMeters>1151.2</AltitudeMeters>
<DistanceMeters>39360.9</DistanceMeters>
<Extensions>
<ns3:TPX>
<ns3:Speed>2.589</ns3:Speed>
</ns3:TPX>
</Extensions>
</Trackpoint>
<Trackpoint>
<Time>2026-09-03T04:52:39Z</Time>
<Position>
<LatitudeDegrees>43.2347938</LatitudeDegrees>
<LongitudeDegrees>117.5962527</LongitudeDegrees>
</Position>
<AltitudeMeters>1151.6</AltitudeMeters>
<DistanceMeters>39379.2</DistanceMeters>
<Extensions>
<ns3:TPX>
<ns3:Speed>2.172</ns3:Speed>
</ns3:TPX>
</Extensions>
</Trackpoint>
<Trackpoint>
<Time>2026-09-03T04:52:47Z</Time>
<Position>
<LatitudeDegrees>43.2347903</LatitudeDegrees>
<LongitudeDegrees>117.5964694</LongitudeDegrees>
</Position>
<AltitudeMeters>1152.2</AltitudeMeters>
<DistanceMeters>39396.8</DistanceMeters>
<Extensions>
<ns3:TPX>
<ns3:Speed>2.205</ns3:Speed>
</ns3:TPX>
</Extensions>
</Trackpoint>
<Trackpoint>
<Time>2026-09-03T04:52:55Z</Time>
<Position>
<LatitudeDegrees>43.2347863</LatitudeDegrees>
<LongitudeDegrees>117.5966862</LongitudeDegrees>
</Position>
<AltitudeMeters>1152.6</AltitudeMeters>
<DistanceMeters>39414.3</DistanceMeters>
<Extensions>
<ns3:TPX>
<ns3:Speed>2.17</ns3:Speed>
</ns3:TPX>
</Extensions>
</Trackpoint>
<Trackpoint>
<Time>2026-09-03T04:53:04Z</Time>
<Position>
<LatitudeDegrees>43.2347839</LatitudeDegrees>
<LongitudeDegrees>117.5969282</LongitudeDegrees>
</Position>
<AltitudeMeters>1153.2</AltitudeMeters>
<DistanceMeters>39433.9</DistanceMeters>
<Extensions>
<ns3:TPX>
<ns3:Speed>2.372</ns3:Speed>
</ns3:TPX>
</Extensions>
</Trackpoint>
<Trackpoint>
<Time>2026-09-03T04:53:12Z</Time>
<Position>
<LatitudeDegrees>43.2347902</LatitudeDegrees>
<LongitudeDegrees>117.5971700</LongitudeDegrees>
</Position>
<AltitudeMeters>1153.6</AltitudeMeters>
<DistanceMeters>39453.4</DistanceMeters>
<Extensions>
<ns3:TPX>
<ns3:Speed>2.357</ns3:Speed>
</ns3:TPX>
</Extensions>
</Trackpoint>
<Trackpoint>
<Time>2026-09-03T04:53:20Z</Time>
<Position>
<LatitudeDegrees>43.2347979</LatitudeDegrees>
<LongitudeDegrees>117.5973990</LongitudeDegrees>
</Position>
<AltitudeMeters>1154.2</AltitudeMeters>
<DistanceMeters>39472.0</DistanceMeters>
<Extensions>
<ns3:TPX>
<ns3:Speed>2.226</ns3:Speed>
</ns3:TPX>
</Extensions>
</Trackpoint>
<Trackpoint>
<Time>2026-09-03T04:53:28Z</Time>
<Position>
<LatitudeDegrees>43.2348070</LatitudeDegrees>
<LongitudeDegrees>117.5976199</LongitudeDegrees>
</Position>
<AltitudeMeters>1154.6</AltitudeMeters>
<DistanceMeters>39489.9</DistanceMeters>
<Extensions>
<ns3:TPX>
<ns3:Speed>2.227</ns3:Speed>
</ns3:TPX>
</Extensions>
</Trackpoint>
<Trackpoint>
<Time>2026-09-03T04:53:36Z</Time>
<Position>
<LatitudeDegrees>43.2348230</LatitudeDegrees>
<LongitudeDegrees>117.5978376</LongitudeDegrees>
</Position>
<AltitudeMeters>1155.2</AltitudeMeters>
<DistanceMeters>39507.6</DistanceMeters>
<Extensions>
<ns3:TPX>
<ns3:Speed>2.206</ns3:Speed>
</ns3:TPX>
</Extensions>
</Trackpoint>
<Trackpoint>
<Time>2026-09-03T04:53:44Z</Time>
<Position>
<LatitudeDegrees>43.2348368</LatitudeDegrees>
<LongitudeDegrees>117.5980560</LongitudeDegrees>
</Position>
<AltitudeMeters>1155.8</AltitudeMeters>
<DistanceMeters>39525.4</DistanceMeters>
<Extensions>
<ns3:TPX>
<ns3:Speed>2.226</ns3:Speed>
</ns3:TPX>
</Extensions>
</Trackpoint>
<Trackpoint>
<Time>2026-09-03T04:53:47Z</Time>
<Position>
<LatitudeDegrees>43.2348402</LatitudeDegrees>
<LongitudeDegrees>117.5981378</LongitudeDegrees>
</Position>
<AltitudeMeters>1156.0</AltitudeMeters>
<DistanceMeters>39532.0</DistanceMeters>
<Extensions>
<ns3:TPX>
<ns3:Speed>2.233</ns3:Speed>
</ns3:TPX>
</Extensions>
</Trackpoint>
<Trackpoint>
<Time>2026-09-03T04:53:55Z</Time>
<Position>
<LatitudeDegrees>43.2348661</LatitudeDegrees>
<LongitudeDegrees>117.5983596</LongitudeDegrees>
</Position>
<AltitudeMeters>1156.6</AltitudeMeters>
<DistanceMeters>39550.2</DistanceMeters>
<Extensions>
<ns3:TPX>
<ns3:Speed>2.153</ns3:Speed>
</ns3:TPX>
</Extensions>
</Trackpoint>
<Trackpoint>
<Time>2026-09-03T04:54:03Z</Time>
<Position>
<LatitudeDegrees>43.2348793</LatitudeDegrees>
<LongitudeDegrees>117.5985805</LongitudeDegrees>
</Position>
<AltitudeMeters>1157.2</AltitudeMeters>
<DistanceMeters>39568.1</DistanceMeters>
<Extensions>
<ns3:TPX>
<ns3:Speed>2.377</ns3:Speed>
</ns3:TPX>
</Extensions>
</Trackpoint>
<Trackpoint>
<Time>2026-09-03T04:54:11Z</Time>
<Position>
<LatitudeDegrees>43.2348998</LatitudeDegrees>
<LongitudeDegrees>117.5987716</LongitudeDegrees>
</Position>
<AltitudeMeters>1157.6</AltitudeMeters>
<DistanceMeters>39583.7</DistanceMeters>
<Extensions>
<ns3:TPX>
<ns3:Speed>2.183</ns3:Speed>
</ns3:TPX>
</Extensions>
</Trackpoint>
<Trackpoint>
<Time>2026-09-03T04:54:19Z</Time>
<Position>
<LatitudeDegrees>43.2349315</LatitudeDegrees>
<LongitudeDegrees>117.5989879</LongitudeDegrees>
</Position>
<AltitudeMeters>1158.2</AltitudeMeters>
<DistanceMeters>39601.6</DistanceMeters>
<Extensions>
<ns3:TPX>
<ns3:Speed>2.195</ns3:Speed>
</ns3:TPX>
</Extensions>
</Trackpoint>
<Trackpoint>
<Time>2026-09-03T04:54:27Z</Time>
<Position>
<LatitudeDegrees>43.2349541</LatitudeDegrees>
<LongitudeDegrees>117.5992118</LongitudeDegrees>
</Position>
<AltitudeMeters>1158.6</AltitudeMeters>
<DistanceMeters>39619.9</DistanceMeters>
<Extensions>
<ns3:TPX>
<ns3:Speed>2.426</ns3:Speed>
</ns3:TPX>
</Extensions>
</Trackpoint>
<Trackpoint>
<Time>2026-09-03T04:54:35Z</Time>
<Position>
<LatitudeDegrees>43.2349932</LatitudeDegrees>
<LongitudeDegrees>117.5994526</LongitudeDegrees>
</Position>
<AltitudeMeters>1159.4</AltitudeMeters>
<DistanceMeters>39639.9</DistanceMeters>
<Extensions>
<ns3:TPX>
<ns3:Speed>2.549</ns3:Speed>
</ns3:TPX>
</Extensions>
</Trackpoint>
<Trackpoint>
<Time>2026-09-03T04:54:43Z</Time>
<Position>
<LatitudeDegrees>43.2350314</LatitudeDegrees>
<LongitudeDegrees>117.5996908</LongitudeDegrees>
</Position>
<AltitudeMeters>1159.8</AltitudeMeters>
<DistanceMeters>39659.6</DistanceMeters>
<Extensions>
<ns3:TPX>
<ns3:Speed>2.523</ns3:Speed>
</ns3:TPX>
</Extensions>
</Trackpoint>
<Trackpoint>
<Time>2026-09-03T04:54:51Z</Time>
<Position>
<LatitudeDegrees>43.2350699</LatitudeDegrees>
<LongitudeDegrees>117.5999091</LongitudeDegrees>
</Position>
<AltitudeMeters>1160.4</AltitudeMeters>
<DistanceMeters>39677.8</DistanceMeters>
<Extensions>
<ns3:TPX>
<ns3:Speed>2.29</ns3:Speed>
</ns3:TPX>
</Extensions>
</Trackpoint>
<Trackpoint>
<Time>2026-09-03T04:54:59Z</Time>
<Position>
<LatitudeDegrees>43.2351118</LatitudeDegrees>
<LongitudeDegrees>117.6001326</LongitudeDegrees>
</Position>
<AltitudeMeters>1161.0</AltitudeMeters>
<DistanceMeters>39696.4</DistanceMeters>
<Extensions>
<ns3:TPX>
<ns3:Speed>2.376</ns3:Speed>
</ns3:TPX>
</Extensions>
</Trackpoint>
<Trackpoint>
<Time>2026-09-03T04:55:07Z</Time>
<Position>
<LatitudeDegrees>43.2351608</LatitudeDegrees>
<LongitudeDegrees>117.6003215</LongitudeDegrees>
</Position>
<AltitudeMeters>1161.4</AltitudeMeters>
<DistanceMeters>39712.8</DistanceMeters>
<Extensions>
<ns3:TPX>
<ns3:Speed>2.314</ns3:Speed>
</ns3:TPX>
</Extensions>
</Trackpoint>
<Trackpoint>
<Time>2026-09-03T04:55:14Z</Time>
<Position>
<LatitudeDegrees>43.2351880</LatitudeDegrees>
<LongitudeDegrees>117.6005187</LongitudeDegrees>
</Position>
<AltitudeMeters>1161.6</AltitudeMeters>
<DistanceMeters>39729.1</DistanceMeters>
<Extensions>
<ns3:TPX>
<ns3:Speed>2.375</ns3:Speed>
</ns3:TPX>
</Extensions>
</Trackpoint>
<Trackpoint>
<Time>2026-09-03T04:55:23Z</Time>
<Position>
<LatitudeDegrees>43.2352337</LatitudeDegrees>
<LongitudeDegrees>117.6007374</LongitudeDegrees>
</Position>
<AltitudeMeters>1162.0</AltitudeMeters>
<DistanceMeters>39747.6</DistanceMeters>
<Extensions>
<ns3:TPX>
<ns3:Speed>2.345</ns3:Speed>
</ns3:TPX>
</Extensions>
</Trackpoint>
<Trackpoint>
<Time>2026-09-03T04:55:31Z</Time>
<Position>
<LatitudeDegrees>43.2352838</LatitudeDegrees>
<LongitudeDegrees>117.6009611</LongitudeDegrees>
</Position>
<AltitudeMeters>1162.6</AltitudeMeters>
<DistanceMeters>39766.5</DistanceMeters>
<Extensions>
<ns3:TPX>
<ns3:Speed>2.327</ns3:Speed>
</ns3:TPX>
</Extensions>
</Trackpoint>
<Trackpoint>
<Time>2026-09-03T04:55:39Z</Time>
<Position>
<LatitudeDegrees>43.2353339</LatitudeDegrees>
<LongitudeDegrees>117.6011754</LongitudeDegrees>
</Position>
<AltitudeMeters>1163.0</AltitudeMeters>
<DistanceMeters>39784.7</DistanceMeters>
<Extensions>
<ns3:TPX>
<ns3:Speed>2.352</ns3:Speed>
</ns3:TPX>
</Extensions>
</Trackpoint>
<Trackpoint>
<Time>2026-09-03T04:55:47Z</Time>
<Position>
<LatitudeDegrees>43.2353883</LatitudeDegrees>
<LongitudeDegrees>117.6013966</LongitudeDegrees>
</Position>
<AltitudeMeters>1163.4</AltitudeMeters>
<DistanceMeters>39803.6</DistanceMeters>
<Extensions>
<ns3:TPX>
<ns3:Speed>1.916</ns3:Speed>
</ns3:TPX>
</Extensions>
</Trackpoint>
<Trackpoint>
<Time>2026-09-03T04:55:55Z</Time>
<Position>
<LatitudeDegrees>43.2354347</LatitudeDegrees>
<LongitudeDegrees>117.6015890</LongitudeDegrees>
</Position>
<AltitudeMeters>1164.0</AltitudeMeters>
<DistanceMeters>39820.0</DistanceMeters>
<Extensions>
<ns3:TPX>
<ns3:Speed>2.392</ns3:Speed>
</ns3:TPX>
</Extensions>
</Trackpoint>
<Trackpoint>
<Time>2026-09-03T04:56:03Z</Time>
<Position>
<LatitudeDegrees>43.2354903</LatitudeDegrees>
<LongitudeDegrees>117.6018170</LongitudeDegrees>
</Position>
<AltitudeMeters>1164.4</AltitudeMeters>
<DistanceMeters>39839.4</DistanceMeters>
<Extensions>
<ns3:TPX>
<ns3:Speed>2.358</ns3:Speed>
</ns3:TPX>
</Extensions>
</Trackpoint>
<Trackpoint>
<Time>2026-09-03T04:56:11Z</Time>
<Position>
<LatitudeDegrees>43.2355501</LatitudeDegrees>
<LongitudeDegrees>117.6020521</LongitudeDegrees>
</Position>
<AltitudeMeters>1165.0</AltitudeMeters>
<DistanceMeters>39859.6</DistanceMeters>
<Extensions>
<ns3:TPX>
<ns3:Speed>2.581</ns3:Speed>
</ns3:TPX>
</Extensions>
</Trackpoint>
<Trackpoint>
<Time>2026-09-03T04:56:19Z</Time>
<Position>
<LatitudeDegrees>43.2356051</LatitudeDegrees>
<LongitudeDegrees>117.6022689</LongitudeDegrees>
</Position>
<AltitudeMeters>1165.4</AltitudeMeters>
<DistanceMeters>39878.2</DistanceMeters>
<Extensions>
<ns3:TPX>
<ns3:Speed>2.575</ns3:Speed>
</ns3:TPX>
</Extensions>
</Trackpoint>
<Trackpoint>
<Time>2026-09-03T04:56:27Z</Time>
<Position>
<LatitudeDegrees>43.2356524</LatitudeDegrees>
<LongitudeDegrees>117.6024725</LongitudeDegrees>
</Position>
<AltitudeMeters>1165.8</AltitudeMeters>
<DistanceMeters>39895.4</DistanceMeters>
<Extensions>
<ns3:TPX>
<ns3:Speed>2.412</ns3:Speed>
</ns3:TPX>
</Extensions>
</Trackpoint>
<Trackpoint>
<Time>2026-09-03T04:56:35Z</Time>
<Position>
<LatitudeDegrees>43.2357162</LatitudeDegrees>
<LongitudeDegrees>117.6027171</LongitudeDegrees>
</Position>
<AltitudeMeters>1166.4</AltitudeMeters>
<DistanceMeters>39916.5</DistanceMeters>
<Extensions>
<ns3:TPX>
<ns3:Speed>2.653</ns3:Speed>
</ns3:TPX>
</Extensions>
</Trackpoint>
<Trackpoint>
<Time>2026-09-03T04:56:43Z</Time>
<Position>
<LatitudeDegrees>43.2357696</LatitudeDegrees>
<LongitudeDegrees>117.6029392</LongitudeDegrees>
</Position>
<AltitudeMeters>1166.8</AltitudeMeters>
<DistanceMeters>39935.4</DistanceMeters>
<Extensions>
<ns3:TPX>
<ns3:Speed>2.42</ns3:Speed>
</ns3:TPX>
</Extensions>
</Trackpoint>
<Trackpoint>
<Time>2026-09-03T04:56:48Z</Time>
<Position>
<LatitudeDegrees>43.2358073</LatitudeDegrees>
<LongitudeDegrees>117.6030882</LongitudeDegrees>
</Position>
<AltitudeMeters>1167.2</AltitudeMeters>
<DistanceMeters>39948.1</DistanceMeters>
<Extensions>
<ns3:TPX>
<ns3:Speed>2.565</ns3:Speed>
</ns3:TPX>
</Extensions>
</Trackpoint>
<Trackpoint>
<Time>2026-09-03T04:56:56Z</Time>
<Position>
<LatitudeDegrees>43.2358656</LatitudeDegrees>
<LongitudeDegrees>117.6033299</LongitudeDegrees>
</Position>
<AltitudeMeters>1167.6</AltitudeMeters>
<DistanceMeters>39968.7</DistanceMeters>
<Extensions>
<ns3:TPX>
<ns3:Speed>2.359</ns3:Speed>
</ns3:TPX>
</Extensions>
</Trackpoint>
<Trackpoint>
<Time>2026-09-03T04:57:04Z</Time>
<Position>
<LatitudeDegrees>43.2359268</LatitudeDegrees>
<LongitudeDegrees>117.6035863</LongitudeDegrees>
</Position>
<AltitudeMeters>1168.0</AltitudeMeters>
<DistanceMeters>39990.6</DistanceMeters>
<Extensions>
<ns3:TPX>
<ns3:Speed>2.894</ns3:Speed>
</ns3:TPX>
</Extensions>
</Trackpoint>
<Trackpoint>
<Time>2026-09-03T04:57:12Z</Time>
<Position>
<LatitudeDegrees>43.2359864</LatitudeDegrees>
<LongitudeDegrees>117.6038325</LongitudeDegrees>
</Position>
<AltitudeMeters>1168.2</AltitudeMeters>
<DistanceMeters>40011.5</DistanceMeters>
<Extensions>
<ns3:TPX>
<ns3:Speed>2.632</ns3:Speed>
</ns3:TPX>
</Extensions>
</Trackpoint>
<Trackpoint>
<Time>2026-09-03T04:57:20Z</Time>
<Position>
<LatitudeDegrees>43.2360457</LatitudeDegrees>
<LongitudeDegrees>117.6040778</LongitudeDegrees>
</Position>
<AltitudeMeters>1168.6</AltitudeMeters>
<DistanceMeters>40032.5</DistanceMeters>
<Extensions>
<ns3:TPX>
<ns3:Speed>3.035</ns3:Speed>
</ns3:TPX>
</Extensions>
</Trackpoint>
<Trackpoint>
<Time>2026-09-03T04:57:28Z</Time>
<Position>
<LatitudeDegrees>43.2361216</LatitudeDegrees>
<LongitudeDegrees>117.6043603</LongitudeDegrees>
</Position>
<AltitudeMeters>1168.8</AltitudeMeters>
<DistanceMeters>40056.8</DistanceMeters>
<Extensions>
<ns3:TPX>
<ns3:Speed>2.967</ns3:Speed>
</ns3:TPX>
</Extensions>
</Trackpoint>
<Trackpoint>
<Time>2026-09-03T04:57:36Z</Time>
<Position>
<LatitudeDegrees>43.2361987</LatitudeDegrees>
<LongitudeDegrees>117.6046680</LongitudeDegrees>
</Position>
<AltitudeMeters>1169.0</AltitudeMeters>
<DistanceMeters>40083.1</DistanceMeters>
<Extensions>
<ns3:TPX>
<ns3:Speed>3.234</ns3:Speed>
</ns3:TPX>
</Extensions>
</Trackpoint>
<Trackpoint>
<Time>2026-09-03T04:57:45Z</Time>
<Position>
<LatitudeDegrees>43.2362842</LatitudeDegrees>
<LongitudeDegrees>117.6050226</LongitudeDegrees>
</Position>
<AltitudeMeters>1169.2</AltitudeMeters>
<DistanceMeters>40113.4</DistanceMeters>
<Extensions>
<ns3:TPX>
<ns3:Speed>3.319</ns3:Speed>
</ns3:TPX>
</Extensions>
</Trackpoint>
<Trackpoint>
<Time>2026-09-03T04:57:53Z</Time>
<Position>
<LatitudeDegrees>43.2363614</LatitudeDegrees>
<LongitudeDegrees>117.6053291</LongitudeDegrees>
</Position>
<AltitudeMeters>1169.4</AltitudeMeters>
<DistanceMeters>40139.6</DistanceMeters>
<Extensions>
<ns3:TPX>
<ns3:Speed>3.52</ns3:Speed>
</ns3:TPX>
</Extensions>
</Trackpoint>
<Trackpoint>
<Time>2026-09-03T04:58:01Z</Time>
<Position>
<LatitudeDegrees>43.2364415</LatitudeDegrees>
<LongitudeDegrees>117.6056567</LongitudeDegrees>
</Position>
<AltitudeMeters>1169.4</AltitudeMeters>
<DistanceMeters>40167.5</DistanceMeters>
<Extensions>
<ns3:TPX>
<ns3:Speed>3.536</ns3:Speed>
</ns3:TPX>
</Extensions>
</Trackpoint>
<Trackpoint>
<Time>2026-09-03T04:58:09Z</Time>
<Position>
<LatitudeDegrees>43.2365302</LatitudeDegrees>
<LongitudeDegrees>117.6060094</LongitudeDegrees>
</Position>
<AltitudeMeters>1169.4</AltitudeMeters>
<DistanceMeters>40197.7</DistanceMeters>
<Extensions>
<ns3:TPX>
<ns3:Speed>3.943</ns3:Speed>
</ns3:TPX>
</Extensions>
</Trackpoint>
<Trackpoint>
<Time>2026-09-03T04:58:17Z</Time>
<Position>
<LatitudeDegrees>43.2366255</LatitudeDegrees>
<LongitudeDegrees>117.6063935</LongitudeDegrees>
</Position>
<AltitudeMeters>1169.2</AltitudeMeters>
<DistanceMeters>40230.5</DistanceMeters>
<Extensions>
<ns3:TPX>
<ns3:Speed>4.416</ns3:Speed>
</ns3:TPX>
</Extensions>
</Trackpoint>
<Trackpoint>
<Time>2026-09-03T04:58:25Z</Time>
<Position>
<LatitudeDegrees>43.2367295</LatitudeDegrees>
<LongitudeDegrees>117.6068159</LongitudeDegrees>
</Position>
<AltitudeMeters>1169.0</AltitudeMeters>
<DistanceMeters>40266.6</DistanceMeters>
<Extensions>
<ns3:TPX>
<ns3:Speed>4.745</ns3:Speed>
</ns3:TPX>
</Extensions>
</Trackpoint>
<Trackpoint>
<Time>2026-09-03T04:58:33Z</Time>
<Position>
<LatitudeDegrees>43.2368439</LatitudeDegrees>
<LongitudeDegrees>117.6072850</LongitudeDegrees>
</Position>
<AltitudeMeters>1168.6</AltitudeMeters>
<DistanceMeters>40306.6</DistanceMeters>
<Extensions>
<ns3:TPX>
<ns3:Speed>5.362</ns3:Speed>
</ns3:TPX>
</Extensions>
</Trackpoint>
<Trackpoint>
<Time>2026-09-03T04:58:41Z</Time>
<Position>
<LatitudeDegrees>43.2369791</LatitudeDegrees>
<LongitudeDegrees>117.6078251</LongitudeDegrees>
</Position>
<AltitudeMeters>1168.0</AltitudeMeters>
<DistanceMeters>40352.8</DistanceMeters>
<Extensions>
<ns3:TPX>
<ns3:Speed>6.226</ns3:Speed>
</ns3:TPX>
</Extensions>
</Trackpoint>
<Trackpoint>
<Time>2026-09-03T04:58:49Z</Time>
<Position>
<LatitudeDegrees>43.2371283</LatitudeDegrees>
<LongitudeDegrees>117.6084292</LongitudeDegrees>
</Position>
<AltitudeMeters>1167.0</AltitudeMeters>
<DistanceMeters>40404.4</DistanceMeters>
<Extensions>
<ns3:TPX>
<ns3:Speed>5.62</ns3:Speed>
</ns3:TPX>
</Extensions>
</Trackpoint>
<Trackpoint>
<Time>2026-09-03T04:58:56Z</Time>
<Position>
<LatitudeDegrees>43.2372462</LatitudeDegrees>
<LongitudeDegrees>117.6088943</LongitudeDegrees>
</Position>
<AltitudeMeters>1165.8</AltitudeMeters>
<DistanceMeters>40444.2</DistanceMeters>
<Extensions>
<ns3:TPX>
<ns3:Speed>6.128</ns3:Speed>
</ns3:TPX>
</Extensions>
</Trackpoint>
<Trackpoint>
<Time>2026-09-03T04:59:04Z</Time>
<Position>
<LatitudeDegrees>43.2373996</LatitudeDegrees>
<LongitudeDegrees>117.6095189</LongitudeDegrees>
</Position>
<AltitudeMeters>1164.6</AltitudeMeters>
<DistanceMeters>40497.5</DistanceMeters>
<Extensions>
<ns3:TPX>
<ns3:Speed>7.275</ns3:Speed>
</ns3:TPX>
</Extensions>
</Trackpoint>
<Trackpoint>
<Time>2026-09-03T04:59:12Z</Time>
<Position>
<LatitudeDegrees>43.2375773</LatitudeDegrees>
<LongitudeDegrees>117.6102479</LongitudeDegrees>
</Position>
<AltitudeMeters>1163.4</AltitudeMeters>
<DistanceMeters>40559.6</DistanceMeters>
<Extensions>
<ns3:TPX>
<ns3:Speed>8.238</ns3:Speed>
</ns3:TPX>
</Extensions>
</Trackpoint>
<Trackpoint>
<Time>2026-09-03T04:59:20Z</Time>
<Position>
<LatitudeDegrees>43.2377805</LatitudeDegrees>
<LongitudeDegrees>117.6110575</LongitudeDegrees>
</Position>
<AltitudeMeters>1161.8</AltitudeMeters>
<DistanceMeters>40628.9</DistanceMeters>
<Extensions>
<ns3:TPX>
<ns3:Speed>9.124</ns3:Speed>
</ns3:TPX>
</Extensions>
</Trackpoint>
<Trackpoint>
<Time>2026-09-03T04:59:28Z</Time>
<Position>
<LatitudeDegrees>43.2379995</LatitudeDegrees>
<LongitudeDegrees>117.6119435</LongitudeDegrees>
</Position>
<AltitudeMeters>1159.8</AltitudeMeters>
<DistanceMeters>40704.6</DistanceMeters>
<Extensions>
<ns3:TPX>
<ns3:Speed>9.799</ns3:Speed>
</ns3:TPX>
</Extensions>
</Trackpoint>
<Trackpoint>
<Time>2026-09-03T04:59:36Z</Time>
<Position>
<LatitudeDegrees>43.2382101</LatitudeDegrees>
<LongitudeDegrees>117.6127946</LongitudeDegrees>
</Position>
<AltitudeMeters>1158.2</AltitudeMeters>
<DistanceMeters>40777.2</DistanceMeters>
<Extensions>
<ns3:TPX>
<ns3:Speed>9.29</ns3:Speed>
</ns3:TPX>
</Extensions>
</Trackpoint>
<Trackpoint>
<Time>2026-09-03T04:59:44Z</Time>
<Position>
<LatitudeDegrees>43.2384186</LatitudeDegrees>
<LongitudeDegrees>117.6136510</LongitudeDegrees>
</Position>
<AltitudeMeters>1156.6</AltitudeMeters>
<DistanceMeters>40850.3</DistanceMeters>
<Extensions>
<ns3:TPX>
<ns3:Speed>8.601</ns3:Speed>
</ns3:TPX>
</Extensions>
</Trackpoint>
<Trackpoint>
<Time>2026-09-03T04:59:52Z</Time>
<Position>
<LatitudeDegrees>43.2385974</LatitudeDegrees>
<LongitudeDegrees>117.6145381</LongitudeDegrees>
</Position>
<AltitudeMeters>1154.2</AltitudeMeters>
<DistanceMeters>40924.7</DistanceMeters>
<Extensions>
<ns3:TPX>
<ns3:Speed>9.739</ns3:Speed>
</ns3:TPX>
</Extensions>
</Trackpoint>
<Trackpoint>
<Time>2026-09-03T05:00:00Z</Time>
<Position>
<LatitudeDegrees>43.2387258</LatitudeDegrees>
<LongitudeDegrees>117.6154664</LongitudeDegrees>
</Position>
<AltitudeMeters>1151.4</AltitudeMeters>
<DistanceMeters>41001.1</DistanceMeters>
<Extensions>
<ns3:TPX>
<ns3:Speed>10.124</ns3:Speed>
</ns3:TPX>
</Extensions>
</Trackpoint>
<Trackpoint>
<Time>2026-09-03T05:00:08Z</Time>
<Position>
<LatitudeDegrees>43.2387986</LatitudeDegrees>
<LongitudeDegrees>117.6164722</LongitudeDegrees>
</Position>
<AltitudeMeters>1147.8</AltitudeMeters>
<DistanceMeters>41082.9</DistanceMeters>
<Extensions>
<ns3:TPX>
<ns3:Speed>9.777</ns3:Speed>
</ns3:TPX>
</Extensions>
</Trackpoint>
<Trackpoint>
<Time>2026-09-03T05:00:15Z</Time>
<Position>
<LatitudeDegrees>43.2388045</LatitudeDegrees>
<LongitudeDegrees>117.6173132</LongitudeDegrees>
</Position>
<AltitudeMeters>1144.0</AltitudeMeters>
<DistanceMeters>41150.9</DistanceMeters>
<Extensions>
<ns3:TPX>
<ns3:Speed>11.018</ns3:Speed>
</ns3:TPX>
</Extensions>
</Trackpoint>
<Trackpoint>
<Time>2026-09-03T05:00:23Z</Time>
<Position>
<LatitudeDegrees>43.2387397</LatitudeDegrees>
<LongitudeDegrees>117.6184279</LongitudeDegrees>
</Position>
<AltitudeMeters>1139.8</AltitudeMeters>
<DistanceMeters>41241.4</DistanceMeters>
<Extensions>
<ns3:TPX>
<ns3:Speed>10.966</ns3:Speed>
</ns3:TPX>
</Extensions>
</Trackpoint>
<Trackpoint>
<Time>2026-09-03T05:00:31Z</Time>
<Position>
<LatitudeDegrees>43.2386217</LatitudeDegrees>
<LongitudeDegrees>117.6195778</LongitudeDegrees>
</Position>
<AltitudeMeters>1135.2</AltitudeMeters>
<DistanceMeters>41335.3</DistanceMeters>
<Extensions>
<ns3:TPX>
<ns3:Speed>11.442</ns3:Speed>
</ns3:TPX>
</Extensions>
</Trackpoint>
<Trackpoint>
<Time>2026-09-03T05:00:39Z</Time>
<Position>
<LatitudeDegrees>43.2384921</LatitudeDegrees>
<LongitudeDegrees>117.6207104</LongitudeDegrees>
</Position>
<AltitudeMeters>1130.2</AltitudeMeters>
<DistanceMeters>41428.0</DistanceMeters>
<Extensions>
<ns3:TPX>
<ns3:Speed>11.871</ns3:Speed>
</ns3:TPX>
</Extensions>
</Trackpoint>
<Trackpoint>
<Time>2026-09-03T05:00:47Z</Time>
<Position>
<LatitudeDegrees>43.2383727</LatitudeDegrees>
<LongitudeDegrees>117.6218321</LongitudeDegrees>
</Position>
<AltitudeMeters>1126.4</AltitudeMeters>
<DistanceMeters>41519.6</DistanceMeters>
<Extensions>
<ns3:TPX>
<ns3:Speed>11.323</ns3:Speed>
</ns3:TPX>
</Extensions>
</Trackpoint>
<Trackpoint>
<Time>2026-09-03T05:00:55Z</Time>
<Position>
<LatitudeDegrees>43.2382510</LatitudeDegrees>
<LongitudeDegrees>117.6229702</LongitudeDegrees>
</Position>
<AltitudeMeters>1123.4</AltitudeMeters>
<DistanceMeters>41612.7</DistanceMeters>
<Extensions>
<ns3:TPX>
<ns3:Speed>10.846</ns3:Speed>
</ns3:TPX>
</Extensions>
</Trackpoint>
<Trackpoint>
<Time>2026-09-03T05:01:03Z</Time>
<Position>
<LatitudeDegrees>43.2381584</LatitudeDegrees>
<LongitudeDegrees>117.6239835</LongitudeDegrees>
</Position>
<AltitudeMeters>1121.2</AltitudeMeters>
<DistanceMeters>41695.3</DistanceMeters>
<Extensions>
<ns3:TPX>
<ns3:Speed>9.815</ns3:Speed>
</ns3:TPX>
</Extensions>
</Trackpoint>
<Trackpoint>
<Time>2026-09-03T05:01:11Z</Time>
<Position>
<LatitudeDegrees>43.2381010</LatitudeDegrees>
<LongitudeDegrees>117.6249305</LongitudeDegrees>
</Position>
<AltitudeMeters>1118.4</AltitudeMeters>
<DistanceMeters>41772.1</DistanceMeters>
<Extensions>
<ns3:TPX>
<ns3:Speed>9.929</ns3:Speed>
</ns3:TPX>
</Extensions>
</Trackpoint>
<Trackpoint>
<Time>2026-09-03T05:01:19Z</Time>
<Position>
<LatitudeDegrees>43.2380590</LatitudeDegrees>
<LongitudeDegrees>117.6258039</LongitudeDegrees>
</Position>
<AltitudeMeters>1115.8</AltitudeMeters>
<DistanceMeters>41842.9</DistanceMeters>
<Extensions>
<ns3:TPX>
<ns3:Speed>8.427</ns3:Speed>
</ns3:TPX>
</Extensions>
</Trackpoint>
<Trackpoint>
<Time>2026-09-03T05:01:27Z</Time>
<Position>
<LatitudeDegrees>43.2380388</LatitudeDegrees>
<LongitudeDegrees>117.6266989</LongitudeDegrees>
</Position>
<AltitudeMeters>1113.4</AltitudeMeters>
<DistanceMeters>41915.3</DistanceMeters>
<Extensions>
<ns3:TPX>
<ns3:Speed>10.064</ns3:Speed>
</ns3:TPX>
</Extensions>
</Trackpoint>
<Trackpoint>
<Time>2026-09-03T05:01:35Z</Time>
<Position>
<LatitudeDegrees>43.2380412</LatitudeDegrees>
<LongitudeDegrees>117.6277612</LongitudeDegrees>
</Position>
<AltitudeMeters>1111.0</AltitudeMeters>
<DistanceMeters>42001.2</DistanceMeters>
<Extensions>
<ns3:TPX>
<ns3:Speed>10.33</ns3:Speed>
</ns3:TPX>
</Extensions>
</Trackpoint>
<Trackpoint>
<Time>2026-09-03T05:01:43Z</Time>
<Position>
<LatitudeDegrees>43.2380605</LatitudeDegrees>
<LongitudeDegrees>117.6287822</LongitudeDegrees>
</Position>
<AltitudeMeters>1108.4</AltitudeMeters>
<DistanceMeters>42083.8</DistanceMeters>
<Extensions>
<ns3:TPX>
<ns3:Speed>11.018</ns3:Speed>
</ns3:TPX>
</Extensions>
</Trackpoint>
<Trackpoint>
<Time>2026-09-03T05:01:51Z</Time>
<Position>
<LatitudeDegrees>43.2380813</LatitudeDegrees>
<LongitudeDegrees>117.6299099</LongitudeDegrees>
</Position>
<AltitudeMeters>1105.4</AltitudeMeters>
<DistanceMeters>42175.0</DistanceMeters>
<Extensions>
<ns3:TPX>
<ns3:Speed>11.617</ns3:Speed>
</ns3:TPX>
</Extensions>
</Trackpoint>
<Trackpoint>
<Time>2026-09-03T05:01:59Z</Time>
<Position>
<LatitudeDegrees>43.2381004</LatitudeDegrees>
<LongitudeDegrees>117.6309987</LongitudeDegrees>
</Position>
<AltitudeMeters>1102.8</AltitudeMeters>
<DistanceMeters>42263.1</DistanceMeters>
<Extensions>
<ns3:TPX>
<ns3:Speed>10.961</ns3:Speed>
</ns3:TPX>
</Extensions>
</Trackpoint>
<Trackpoint>
<Time>2026-09-03T05:02:07Z</Time>
<Position>
<LatitudeDegrees>43.2381182</LatitudeDegrees>
<LongitudeDegrees>117.6320675</LongitudeDegrees>
</Position>
<AltitudeMeters>1101.6</AltitudeMeters>
<DistanceMeters>42349.6</DistanceMeters>
<Extensions>
<ns3:TPX>
<ns3:Speed>10.776</ns3:Speed>
</ns3:TPX>
</Extensions>
</Trackpoint>
<Trackpoint>
<Time>2026-09-03T05:02:15Z</Time>
<Position>
<LatitudeDegrees>43.2381316</LatitudeDegrees>
<LongitudeDegrees>117.6331339</LongitudeDegrees>
</Position>
<AltitudeMeters>1099.6</AltitudeMeters>
<DistanceMeters>42435.8</DistanceMeters>
<Extensions>
<ns3:TPX>
<ns3:Speed>10.838</ns3:Speed>
</ns3:TPX>
</Extensions>
</Trackpoint>
<Trackpoint>
<Time>2026-09-03T05:02:22Z</Time>
<Position>
<LatitudeDegrees>43.2381040</LatitudeDegrees>
<LongitudeDegrees>117.6340723</LongitudeDegrees>
</Position>
<AltitudeMeters>1097.8</AltitudeMeters>
<DistanceMeters>42511.8</DistanceMeters>
<Extensions>
<ns3:TPX>
<ns3:Speed>10.922</ns3:Speed>
</ns3:TPX>
</Extensions>
</Trackpoint>
<Trackpoint>
<Time>2026-09-03T05:02:30Z</Time>
<Position>
<LatitudeDegrees>43.2380185</LatitudeDegrees>
<LongitudeDegrees>117.6350022</LongitudeDegrees>
</Position>
<AltitudeMeters>1096.2</AltitudeMeters>
<DistanceMeters>42587.6</DistanceMeters>
<Extensions>
<ns3:TPX>
<ns3:Speed>10.779</ns3:Speed>
</ns3:TPX>
</Extensions>
</Trackpoint>
<Trackpoint>
<Time>2026-09-03T05:02:36Z</Time>
<Position>
<LatitudeDegrees>43.2378753</LatitudeDegrees>
<LongitudeDegrees>117.6359275</LongitudeDegrees>
</Position>
<AltitudeMeters>1094.2</AltitudeMeters>
<DistanceMeters>42664.1</DistanceMeters>
<Extensions>
<ns3:TPX>
<ns3:Speed>10.838</ns3:Speed>
</ns3:TPX>
</Extensions>
</Trackpoint>
<Trackpoint>
<Time>2026-09-03T05:02:44Z</Time>
<Position>
<LatitudeDegrees>43.2376907</LatitudeDegrees>
<LongitudeDegrees>117.6368832</LongitudeDegrees>
</Position>
<AltitudeMeters>1092.4</AltitudeMeters>
<DistanceMeters>42744.1</DistanceMeters>
<Extensions>
<ns3:TPX>
<ns3:Speed>9.535</ns3:Speed>
</ns3:TPX>
</Extensions>
</Trackpoint>
<Trackpoint>
<Time>2026-09-03T05:02:52Z</Time>
<Position>
<LatitudeDegrees>43.2375130</LatitudeDegrees>
<LongitudeDegrees>117.6377770</LongitudeDegrees>
</Position>
<AltitudeMeters>1090.6</AltitudeMeters>
<DistanceMeters>42819.0</DistanceMeters>
<Extensions>
<ns3:TPX>
<ns3:Speed>9.077</ns3:Speed>
</ns3:TPX>
</Extensions>
</Trackpoint>
<Trackpoint>
<Time>2026-09-03T05:03:00Z</Time>
<Position>
<LatitudeDegrees>43.2373473</LatitudeDegrees>
<LongitudeDegrees>117.6386108</LongitudeDegrees>
</Position>
<AltitudeMeters>1088.2</AltitudeMeters>
<DistanceMeters>42888.9</DistanceMeters>
<Extensions>
<ns3:TPX>
<ns3:Speed>8.912</ns3:Speed>
</ns3:TPX>
</Extensions>
</Trackpoint>
<Trackpoint>
<Time>2026-09-03T05:03:08Z</Time>
<Position>
<LatitudeDegrees>43.2371841</LatitudeDegrees>
<LongitudeDegrees>117.6394401</LongitudeDegrees>
</Position>
<AltitudeMeters>1086.0</AltitudeMeters>
<DistanceMeters>42958.3</DistanceMeters>
<Extensions>
<ns3:TPX>
<ns3:Speed>8.14</ns3:Speed>
</ns3:TPX>
</Extensions>
</Trackpoint>
<Trackpoint>
<Time>2026-09-03T05:03:16Z</Time>
<Position>
<LatitudeDegrees>43.2370197</LatitudeDegrees>
<LongitudeDegrees>117.6402983</LongitudeDegrees>
</Position>
<AltitudeMeters>1082.8</AltitudeMeters>
<DistanceMeters>43030.1</DistanceMeters>
<Extensions>
<ns3:TPX>
<ns3:Speed>9.786</ns3:Speed>
</ns3:TPX>
</Extensions>
</Trackpoint>
<Trackpoint>
<Time>2026-09-03T05:03:24Z</Time>
<Position>
<LatitudeDegrees>43.2368378</LatitudeDegrees>
<LongitudeDegrees>117.6412158</LongitudeDegrees>
</Position>
<AltitudeMeters>1080.0</AltitudeMeters>
<DistanceMeters>43107.0</DistanceMeters>
<Extensions>
<ns3:TPX>
<ns3:Speed>10.007</ns3:Speed>
</ns3:TPX>
</Extensions>
</Trackpoint>
<Trackpoint>
<Time>2026-09-03T05:03:32Z</Time>
<Position>
<LatitudeDegrees>43.2366381</LatitudeDegrees>
<LongitudeDegrees>117.6422463</LongitudeDegrees>
</Position>
<AltitudeMeters>1075.6</AltitudeMeters>
<DistanceMeters>43193.2</DistanceMeters>
<Extensions>
<ns3:TPX>
<ns3:Speed>10.541</ns3:Speed>
</ns3:TPX>
</Extensions>
</Trackpoint>
<Trackpoint>
<Time>2026-09-03T05:03:40Z</Time>
<Position>
<LatitudeDegrees>43.2364572</LatitudeDegrees>
<LongitudeDegrees>117.6433118</LongitudeDegrees>
</Position>
<AltitudeMeters>1071.4</AltitudeMeters>
<DistanceMeters>43281.7</DistanceMeters>
<Extensions>
<ns3:TPX>
<ns3:Speed>11.576</ns3:Speed>
</ns3:TPX>
</Extensions>
</Trackpoint>
<Trackpoint>
<Time>2026-09-03T05:03:47Z</Time>
<Position>
<LatitudeDegrees>43.2363603</LatitudeDegrees>
<LongitudeDegrees>117.6443252</LongitudeDegrees>
</Position>
<AltitudeMeters>1068.4</AltitudeMeters>
<DistanceMeters>43364.4</DistanceMeters>
<Extensions>
<ns3:TPX>
<ns3:Speed>12.046</ns3:Speed>
</ns3:TPX>
</Extensions>
</Trackpoint>
<Trackpoint>
<Time>2026-09-03T05:03:54Z</Time>
<Position>
<LatitudeDegrees>43.2363372</LatitudeDegrees>
<LongitudeDegrees>117.6453676</LongitudeDegrees>
</Position>
<AltitudeMeters>1066.0</AltitudeMeters>
<DistanceMeters>43448.8</DistanceMeters>
<Extensions>
<ns3:TPX>
<ns3:Speed>11.988</ns3:Speed>
</ns3:TPX>
</Extensions>
</Trackpoint>
<Trackpoint>
<Time>2026-09-03T05:04:02Z</Time>
<Position>
<LatitudeDegrees>43.2363929</LatitudeDegrees>
<LongitudeDegrees>117.6465210</LongitudeDegrees>
</Position>
<AltitudeMeters>1064.0</AltitudeMeters>
<DistanceMeters>43542.3</DistanceMeters>
<Extensions>
<ns3:TPX>
<ns3:Speed>11.178</ns3:Speed>
</ns3:TPX>
</Extensions>
</Trackpoint>
<Trackpoint>
<Time>2026-09-03T05:04:10Z</Time>
<Position>
<LatitudeDegrees>43.2364466</LatitudeDegrees>
<LongitudeDegrees>117.6475892</LongitudeDegrees>
</Position>
<AltitudeMeters>1062.8</AltitudeMeters>
<DistanceMeters>43628.9</DistanceMeters>
<Extensions>
<ns3:TPX>
<ns3:Speed>10.363</ns3:Speed>
</ns3:TPX>
</Extensions>
</Trackpoint>
<Trackpoint>
<Time>2026-09-03T05:04:15Z</Time>
<Position>
<LatitudeDegrees>43.2364240</LatitudeDegrees>
<LongitudeDegrees>117.6482027</LongitudeDegrees>
</Position>
<AltitudeMeters>1062.2</AltitudeMeters>
<DistanceMeters>43678.6</DistanceMeters>
<Extensions>
<ns3:TPX>
<ns3:Speed>9.536</ns3:Speed>
</ns3:TPX>
</Extensions>
</Trackpoint>
<Trackpoint>
<Time>2026-09-03T05:04:20Z</Time>
<Position>
<LatitudeDegrees>43.2363413</LatitudeDegrees>
<LongitudeDegrees>117.6487439</LongitudeDegrees>
</Position>
<AltitudeMeters>1061.6</AltitudeMeters>
<DistanceMeters>43723.4</DistanceMeters>
<Extensions>
<ns3:TPX>
<ns3:Speed>8.414</ns3:Speed>
</ns3:TPX>
</Extensions>
</Trackpoint>
<Trackpoint>
<Time>2026-09-03T05:04:25Z</Time>
<Position>
<LatitudeDegrees>43.2362157</LatitudeDegrees>
<LongitudeDegrees>117.6491904</LongitudeDegrees>
</Position>
<AltitudeMeters>1061.8</AltitudeMeters>
<DistanceMeters>43762.1</DistanceMeters>
<Extensions>
<ns3:TPX>
<ns3:Speed>7.265</ns3:Speed>
</ns3:TPX>
</Extensions>
</Trackpoint>
<Trackpoint>
<Time>2026-09-03T05:04:31Z</Time>
<Position>
<LatitudeDegrees>43.2360443</LatitudeDegrees>
<LongitudeDegrees>117.6496182</LongitudeDegrees>
</Position>
<AltitudeMeters>1061.8</AltitudeMeters>
<DistanceMeters>43801.7</DistanceMeters>
<Extensions>
<ns3:TPX>
<ns3:Speed>6.403</ns3:Speed>
</ns3:TPX>
</Extensions>
</Trackpoint>
<Trackpoint>
<Time>2026-09-03T05:04:39Z</Time>
<Position>
<LatitudeDegrees>43.2358157</LatitudeDegrees>
<LongitudeDegrees>117.6500329</LongitudeDegrees>
</Position>
<AltitudeMeters>1061.8</AltitudeMeters>
<DistanceMeters>43843.8</DistanceMeters>
<Extensions>
<ns3:TPX>
<ns3:Speed>4.929</ns3:Speed>
</ns3:TPX>
</Extensions>
</Trackpoint>
<Trackpoint>
<Time>2026-09-03T05:04:47Z</Time>
<Position>
<LatitudeDegrees>43.2355698</LatitudeDegrees>
<LongitudeDegrees>117.6504058</LongitudeDegrees>
</Position>
<AltitudeMeters>1061.2</AltitudeMeters>
<DistanceMeters>43884.4</DistanceMeters>
<Extensions>
<ns3:TPX>
<ns3:Speed>5.634</ns3:Speed>
</ns3:TPX>
</Extensions>
</Trackpoint>
<Trackpoint>
<Time>2026-09-03T05:04:56Z</Time>
<Position>
<LatitudeDegrees>43.2352431</LatitudeDegrees>
<LongitudeDegrees>117.6508466</LongitudeDegrees>
</Position>
<AltitudeMeters>1060.0</AltitudeMeters>
<DistanceMeters>43935.3</DistanceMeters>
<Extensions>
<ns3:TPX>
<ns3:Speed>7.225</ns3:Speed>
</ns3:TPX>
</Extensions>
</Trackpoint>
<Trackpoint>
<Time>2026-09-03T05:05:04Z</Time>
<Position>
<LatitudeDegrees>43.2347650</LatitudeDegrees>
<LongitudeDegrees>117.6514862</LongitudeDegrees>
</Position>
<AltitudeMeters>1058.4</AltitudeMeters>
<DistanceMeters>44009.4</DistanceMeters>
<Extensions>
<ns3:TPX>
<ns3:Speed>8.919</ns3:Speed>
</ns3:TPX>
</Extensions>
</Trackpoint>
<Trackpoint>
<Time>2026-09-03T05:05:12Z</Time>
<Position>
<LatitudeDegrees>43.2342869</LatitudeDegrees>
<LongitudeDegrees>117.6521290</LongitudeDegrees>
</Position>
<AltitudeMeters>1056.0</AltitudeMeters>
<DistanceMeters>44083.7</DistanceMeters>
<Extensions>
<ns3:TPX>
<ns3:Speed>9.554</ns3:Speed>
</ns3:TPX>
</Extensions>
</Trackpoint>
<Trackpoint>
<Time>2026-09-03T05:05:20Z</Time>
<Position>
<LatitudeDegrees>43.2337968</LatitudeDegrees>
<LongitudeDegrees>117.6527899</LongitudeDegrees>
</Position>
<AltitudeMeters>1054.8</AltitudeMeters>
<DistanceMeters>44160.0</DistanceMeters>
<Extensions>
<ns3:TPX>
<ns3:Speed>9.28</ns3:Speed>
</ns3:TPX>
</Extensions>
</Trackpoint>
<Trackpoint>
<Time>2026-09-03T05:05:28Z</Time>
<Position>
<LatitudeDegrees>43.2333350</LatitudeDegrees>
<LongitudeDegrees>117.6534082</LongitudeDegrees>
</Position>
<AltitudeMeters>1053.8</AltitudeMeters>
<DistanceMeters>44231.6</DistanceMeters>
<Extensions>
<ns3:TPX>
<ns3:Speed>8.658</ns3:Speed>
</ns3:TPX>
</Extensions>
</Trackpoint>
<Trackpoint>
<Time>2026-09-03T05:05:36Z</Time>
<Position>
<LatitudeDegrees>43.2329095</LatitudeDegrees>
<LongitudeDegrees>117.6539976</LongitudeDegrees>
</Position>
<AltitudeMeters>1053.4</AltitudeMeters>
<DistanceMeters>44298.7</DistanceMeters>
<Extensions>
<ns3:TPX>
<ns3:Speed>8.272</ns3:Speed>
</ns3:TPX>
</Extensions>
</Trackpoint>
<Trackpoint>
<Time>2026-09-03T05:05:44Z</Time>
<Position>
<LatitudeDegrees>43.2325046</LatitudeDegrees>
<LongitudeDegrees>117.6545810</LongitudeDegrees>
</Position>
<AltitudeMeters>1053.0</AltitudeMeters>
<DistanceMeters>44363.9</DistanceMeters>
<Extensions>
<ns3:TPX>
<ns3:Speed>8.002</ns3:Speed>
</ns3:TPX>
</Extensions>
</Trackpoint>
<Trackpoint>
<Time>2026-09-03T05:05:52Z</Time>
<Position>
<LatitudeDegrees>43.2321336</LatitudeDegrees>
<LongitudeDegrees>117.6551495</LongitudeDegrees>
</Position>
<AltitudeMeters>1052.2</AltitudeMeters>
<DistanceMeters>44425.6</DistanceMeters>
<Extensions>
<ns3:TPX>
<ns3:Speed>7.45</ns3:Speed>
</ns3:TPX>
</Extensions>
</Trackpoint>
<Trackpoint>
<Time>2026-09-03T05:06:00Z</Time>
<Position>
<LatitudeDegrees>43.2317950</LatitudeDegrees>
<LongitudeDegrees>117.6556952</LongitudeDegrees>
</Position>
<AltitudeMeters>1052.0</AltitudeMeters>
<DistanceMeters>44483.5</DistanceMeters>
<Extensions>
<ns3:TPX>
<ns3:Speed>7.13</ns3:Speed>
</ns3:TPX>
</Extensions>
</Trackpoint>
<Trackpoint>
<Time>2026-09-03T05:06:08Z</Time>
<Position>
<LatitudeDegrees>43.2314727</LatitudeDegrees>
<LongitudeDegrees>117.6562351</LongitudeDegrees>
</Position>
<AltitudeMeters>1051.4</AltitudeMeters>
<DistanceMeters>44540.0</DistanceMeters>
<Extensions>
<ns3:TPX>
<ns3:Speed>7.13</ns3:Speed>
</ns3:TPX>
</Extensions>
</Trackpoint>
<Trackpoint>
<Time>2026-09-03T05:06:16Z</Time>
<Position>
<LatitudeDegrees>43.2311574</LatitudeDegrees>
<LongitudeDegrees>117.6567977</LongitudeDegrees>
</Position>
<AltitudeMeters>1050.8</AltitudeMeters>
<DistanceMeters>44597.4</DistanceMeters>
<Extensions>
<ns3:TPX>
<ns3:Speed>7.382</ns3:Speed>
</ns3:TPX>
</Extensions>
</Trackpoint>
<Trackpoint>
<Time>2026-09-03T05:06:24Z</Time>
<Position>
<LatitudeDegrees>43.2308303</LatitudeDegrees>
<LongitudeDegrees>117.6573921</LongitudeDegrees>
</Position>
<AltitudeMeters>1050.2</AltitudeMeters>
<DistanceMeters>44657.6</DistanceMeters>
<Extensions>
<ns3:TPX>
<ns3:Speed>7.732</ns3:Speed>
</ns3:TPX>
</Extensions>
</Trackpoint>
<Trackpoint>
<Time>2026-09-03T05:06:32Z</Time>
<Position>
<LatitudeDegrees>43.2304876</LatitudeDegrees>
<LongitudeDegrees>117.6580168</LongitudeDegrees>
</Position>
<AltitudeMeters>1049.2</AltitudeMeters>
<DistanceMeters>44720.9</DistanceMeters>
<Extensions>
<ns3:TPX>
<ns3:Speed>8.037</ns3:Speed>
</ns3:TPX>
</Extensions>
</Trackpoint>
<Trackpoint>
<Time>2026-09-03T05:06:40Z</Time>
<Position>
<LatitudeDegrees>43.2301412</LatitudeDegrees>
<LongitudeDegrees>117.6586569</LongitudeDegrees>
</Position>
<AltitudeMeters>1048.4</AltitudeMeters>
<DistanceMeters>44785.4</DistanceMeters>
<Extensions>
<ns3:TPX>
<ns3:Speed>8.067</ns3:Speed>
</ns3:TPX>
</Extensions>
</Trackpoint>
<Trackpoint>
<Time>2026-09-03T05:06:48Z</Time>
<Position>
<LatitudeDegrees>43.2297962</LatitudeDegrees>
<LongitudeDegrees>117.6592854</LongitudeDegrees>
</Position>
<AltitudeMeters>1047.6</AltitudeMeters>
<DistanceMeters>44849.0</DistanceMeters>
<Extensions>
<ns3:TPX>
<ns3:Speed>7.698</ns3:Speed>
</ns3:TPX>
</Extensions>
</Trackpoint>
<Trackpoint>
<Time>2026-09-03T05:06:56Z</Time>
<Position>
<LatitudeDegrees>43.2294909</LatitudeDegrees>
<LongitudeDegrees>117.6598567</LongitudeDegrees>
</Position>
<AltitudeMeters>1047.2</AltitudeMeters>
<DistanceMeters>44906.3</DistanceMeters>
<Extensions>
<ns3:TPX>
<ns3:Speed>6.618</ns3:Speed>
</ns3:TPX>
</Extensions>
</Trackpoint>
<Trackpoint>
<Time>2026-09-03T05:07:04Z</Time>
<Position>
<LatitudeDegrees>43.2292556</LatitudeDegrees>
<LongitudeDegrees>117.6603288</LongitudeDegrees>
</Position>
<AltitudeMeters>1047.0</AltitudeMeters>
<DistanceMeters>44952.6</DistanceMeters>
<Extensions>
<ns3:TPX>
<ns3:Speed>5.117</ns3:Speed>
</ns3:TPX>
</Extensions>
</Trackpoint>
<Trackpoint>
<Time>2026-09-03T05:07:12Z</Time>
<Position>
<LatitudeDegrees>43.2290836</LatitudeDegrees>
<LongitudeDegrees>117.6607222</LongitudeDegrees>
</Position>
<AltitudeMeters>1047.2</AltitudeMeters>
<DistanceMeters>44989.7</DistanceMeters>
<Extensions>
<ns3:TPX>
<ns3:Speed>3.143</ns3:Speed>
</ns3:TPX>
</Extensions>
</Trackpoint>
<Trackpoint>
<Time>2026-09-03T05:07:21Z</Time>
<Position>
<LatitudeDegrees>43.2289876</LatitudeDegrees>
<LongitudeDegrees>117.6609534</LongitudeDegrees>
</Position>
<AltitudeMeters>1047.8</AltitudeMeters>
<DistanceMeters>45011.2</DistanceMeters>
<Extensions>
<ns3:TPX>
<ns3:Speed>2.653</ns3:Speed>
</ns3:TPX>
</Extensions>
</Trackpoint>
<Trackpoint>
<Time>2026-09-03T05:07:29Z</Time>
<Position>
<LatitudeDegrees>43.2289014</LatitudeDegrees>
<LongitudeDegrees>117.6611736</LongitudeDegrees>
</Position>
<AltitudeMeters>1048.4</AltitudeMeters>
<DistanceMeters>45031.5</DistanceMeters>
<Extensions>
<ns3:TPX>
<ns3:Speed>2.411</ns3:Speed>
</ns3:TPX>
</Extensions>
</Trackpoint>
<Trackpoint>
<Time>2026-09-03T05:07:37Z</Time>
<Position>
<LatitudeDegrees>43.2288365</LatitudeDegrees>
<LongitudeDegrees>117.6613741</LongitudeDegrees>
</Position>
<AltitudeMeters>1049.0</AltitudeMeters>
<DistanceMeters>45049.2</DistanceMeters>
<Extensions>
<ns3:TPX>
<ns3:Speed>2.087</ns3:Speed>
</ns3:TPX>
</Extensions>
</Trackpoint>
<Trackpoint>
<Time>2026-09-03T05:07:45Z</Time>
<Position>
<LatitudeDegrees>43.2287677</LatitudeDegrees>
<LongitudeDegrees>117.6615580</LongitudeDegrees>
</Position>
<AltitudeMeters>1049.6</AltitudeMeters>
<DistanceMeters>45065.9</DistanceMeters>
<Extensions>
<ns3:TPX>
<ns3:Speed>2.131</ns3:Speed>
</ns3:TPX>
</Extensions>
</Trackpoint>
<Trackpoint>
<Time>2026-09-03T05:07:53Z</Time>
<Position>
<LatitudeDegrees>43.2287114</LatitudeDegrees>
<LongitudeDegrees>117.6617493</LongitudeDegrees>
</Position>
<AltitudeMeters>1050.4</AltitudeMeters>
<DistanceMeters>45082.6</DistanceMeters>
<Extensions>
<ns3:TPX>
<ns3:Speed>1.973</ns3:Speed>
</ns3:TPX>
</Extensions>
</Trackpoint>
<Trackpoint>
<Time>2026-09-03T05:08:01Z</Time>
<Position>
<LatitudeDegrees>43.2286627</LatitudeDegrees>
<LongitudeDegrees>117.6619252</LongitudeDegrees>
</Position>
<AltitudeMeters>1050.8</AltitudeMeters>
<DistanceMeters>45097.9</DistanceMeters>
<Extensions>
<ns3:TPX>
<ns3:Speed>1.909</ns3:Speed>
</ns3:TPX>
</Extensions>
</Trackpoint>
<Trackpoint>
<Time>2026-09-03T05:08:09Z</Time>
<Position>
<LatitudeDegrees>43.2286170</LatitudeDegrees>
<LongitudeDegrees>117.6620960</LongitudeDegrees>
</Position>
<AltitudeMeters>1051.6</AltitudeMeters>
<DistanceMeters>45112.6</DistanceMeters>
<Extensions>
<ns3:TPX>
<ns3:Speed>1.779</ns3:Speed>
</ns3:TPX>
</Extensions>
</Trackpoint>
<Trackpoint>
<Time>2026-09-03T05:08:17Z</Time>
<Position>
<LatitudeDegrees>43.2285720</LatitudeDegrees>
<LongitudeDegrees>117.6622600</LongitudeDegrees>
</Position>
<AltitudeMeters>1052.4</AltitudeMeters>
<DistanceMeters>45126.8</DistanceMeters>
<Extensions>
<ns3:TPX>
<ns3:Speed>1.786</ns3:Speed>
</ns3:TPX>
</Extensions>
</Trackpoint>
<Trackpoint>
<Time>2026-09-03T05:08:25Z</Time>
<Position>
<LatitudeDegrees>43.2285354</LatitudeDegrees>
<LongitudeDegrees>117.6624240</LongitudeDegrees>
</Position>
<AltitudeMeters>1053.0</AltitudeMeters>
<DistanceMeters>45140.7</DistanceMeters>
<Extensions>
<ns3:TPX>
<ns3:Speed>1.751</ns3:Speed>
</ns3:TPX>
</Extensions>
</Trackpoint>
<Trackpoint>
<Time>2026-09-03T05:08:33Z</Time>
<Position>
<LatitudeDegrees>43.2284965</LatitudeDegrees>
<LongitudeDegrees>117.6625822</LongitudeDegrees>
</Position>
<AltitudeMeters>1053.6</AltitudeMeters>
<DistanceMeters>45154.2</DistanceMeters>
<Extensions>
<ns3:TPX>
<ns3:Speed>1.677</ns3:Speed>
</ns3:TPX>
</Extensions>
</Trackpoint>
<Trackpoint>
<Time>2026-09-03T05:08:41Z</Time>
<Position>
<LatitudeDegrees>43.2284648</LatitudeDegrees>
<LongitudeDegrees>117.6627417</LongitudeDegrees>
</Position>
<AltitudeMeters>1054.4</AltitudeMeters>
<DistanceMeters>45167.6</DistanceMeters>
<Extensions>
<ns3:TPX>
<ns3:Speed>1.634</ns3:Speed>
</ns3:TPX>
</Extensions>
</Trackpoint>
<Trackpoint>
<Time>2026-09-03T05:08:49Z</Time>
<Position>
<LatitudeDegrees>43.2284332</LatitudeDegrees>
<LongitudeDegrees>117.6628975</LongitudeDegrees>
</Position>
<AltitudeMeters>1055.2</AltitudeMeters>
<DistanceMeters>45180.7</DistanceMeters>
<Extensions>
<ns3:TPX>
<ns3:Speed>1.642</ns3:Speed>
</ns3:TPX>
</Extensions>
</Trackpoint>
<Trackpoint>
<Time>2026-09-03T05:08:57Z</Time>
<Position>
<LatitudeDegrees>43.2284019</LatitudeDegrees>
<LongitudeDegrees>117.6630605</LongitudeDegrees>
</Position>
<AltitudeMeters>1055.8</AltitudeMeters>
<DistanceMeters>45194.3</DistanceMeters>
<Extensions>
<ns3:TPX>
<ns3:Speed>1.711</ns3:Speed>
</ns3:TPX>
</Extensions>
</Trackpoint>
<Trackpoint>
<Time>2026-09-03T05:09:05Z</Time>
<Position>
<LatitudeDegrees>43.2283749</LatitudeDegrees>
<LongitudeDegrees>117.6632240</LongitudeDegrees>
</Position>
<AltitudeMeters>1056.6</AltitudeMeters>
<DistanceMeters>45207.9</DistanceMeters>
<Extensions>
<ns3:TPX>
<ns3:Speed>1.714</ns3:Speed>
</ns3:TPX>
</Extensions>
</Trackpoint>
<Trackpoint>
<Time>2026-09-03T05:09:13Z</Time>
<Position>
<LatitudeDegrees>43.2283532</LatitudeDegrees>
<LongitudeDegrees>117.6633832</LongitudeDegrees>
</Position>
<AltitudeMeters>1057.4</AltitudeMeters>
<DistanceMeters>45221.0</DistanceMeters>
<Extensions>
<ns3:TPX>
<ns3:Speed>1.604</ns3:Speed>
</ns3:TPX>
</Extensions>
</Trackpoint>
<Trackpoint>
<Time>2026-09-03T05:09:21Z</Time>
<Position>
<LatitudeDegrees>43.2283282</LatitudeDegrees>
<LongitudeDegrees>117.6635408</LongitudeDegrees>
</Position>
<AltitudeMeters>1058.2</AltitudeMeters>
<DistanceMeters>45234.1</DistanceMeters>
<Extensions>
<ns3:TPX>
<ns3:Speed>1.63</ns3:Speed>
</ns3:TPX>
</Extensions>
</Trackpoint>
<Trackpoint>
<Time>2026-09-03T05:09:29Z</Time>
<Position>
<LatitudeDegrees>43.2283083</LatitudeDegrees>
<LongitudeDegrees>117.6636973</LongitudeDegrees>
</Position>
<AltitudeMeters>1059.0</AltitudeMeters>
<DistanceMeters>45246.9</DistanceMeters>
<Extensions>
<ns3:TPX>
<ns3:Speed>1.626</ns3:Speed>
</ns3:TPX>
</Extensions>
</Trackpoint>
<Trackpoint>
<Time>2026-09-03T05:09:38Z</Time>
<Position>
<LatitudeDegrees>43.2282902</LatitudeDegrees>
<LongitudeDegrees>117.6638713</LongitudeDegrees>
</Position>
<AltitudeMeters>1059.8</AltitudeMeters>
<DistanceMeters>45261.1</DistanceMeters>
<Extensions>
<ns3:TPX>
<ns3:Speed>1.494</ns3:Speed>
</ns3:TPX>
</Extensions>
</Trackpoint>
<Trackpoint>
<Time>2026-09-03T05:09:46Z</Time>
<Position>
<LatitudeDegrees>43.2282743</LatitudeDegrees>
<LongitudeDegrees>117.6640227</LongitudeDegrees>
</Position>
<AltitudeMeters>1060.4</AltitudeMeters>
<DistanceMeters>45273.5</DistanceMeters>
<Extensions>
<ns3:TPX>
<ns3:Speed>1.606</ns3:Speed>
</ns3:TPX>
</Extensions>
</Trackpoint>
<Trackpoint>
<Time>2026-09-03T05:09:54Z</Time>
<Position>
<LatitudeDegrees>43.2282614</LatitudeDegrees>
<LongitudeDegrees>117.6641691</LongitudeDegrees>
</Position>
<AltitudeMeters>1061.0</AltitudeMeters>
<DistanceMeters>45285.5</DistanceMeters>
<Extensions>
<ns3:TPX>
<ns3:Speed>1.537</ns3:Speed>
</ns3:TPX>
</Extensions>
</Trackpoint>
<Trackpoint>
<Time>2026-09-03T05:10:02Z</Time>
<Position>
<LatitudeDegrees>43.2282527</LatitudeDegrees>
<LongitudeDegrees>117.6643236</LongitudeDegrees>
</Position>
<AltitudeMeters>1061.6</AltitudeMeters>
<DistanceMeters>45298.0</DistanceMeters>
<Extensions>
<ns3:TPX>
<ns3:Speed>1.575</ns3:Speed>
</ns3:TPX>
</Extensions>
</Trackpoint>
<Trackpoint>
<Time>2026-09-03T05:10:10Z</Time>
<Position>
<LatitudeDegrees>43.2282379</LatitudeDegrees>
<LongitudeDegrees>117.6644752</LongitudeDegrees>
</Position>
<AltitudeMeters>1062.4</AltitudeMeters>
<DistanceMeters>45310.4</DistanceMeters>
<Extensions>
<ns3:TPX>
<ns3:Speed>1.59</ns3:Speed>
</ns3:TPX>
</Extensions>
</Trackpoint>
<Trackpoint>
<Time>2026-09-03T05:10:18Z</Time>
<Position>
<LatitudeDegrees>43.2282351</LatitudeDegrees>
<LongitudeDegrees>117.6646334</LongitudeDegrees>
</Position>
<AltitudeMeters>1063.2</AltitudeMeters>
<DistanceMeters>45323.2</DistanceMeters>
<Extensions>
<ns3:TPX>
<ns3:Speed>1.522</ns3:Speed>
</ns3:TPX>
</Extensions>
</Trackpoint>
<Trackpoint>
<Time>2026-09-03T05:10:26Z</Time>
<Position>
<LatitudeDegrees>43.2282282</LatitudeDegrees>
<LongitudeDegrees>117.6647884</LongitudeDegrees>
</Position>
<AltitudeMeters>1063.8</AltitudeMeters>
<DistanceMeters>45335.7</DistanceMeters>
<Extensions>
<ns3:TPX>
<ns3:Speed>1.534</ns3:Speed>
</ns3:TPX>
</Extensions>
</Trackpoint>
<Trackpoint>
<Time>2026-09-03T05:10:34Z</Time>
<Position>
<LatitudeDegrees>43.2282291</LatitudeDegrees>
<LongitudeDegrees>117.6649448</LongitudeDegrees>
</Position>
<AltitudeMeters>1064.4</AltitudeMeters>
<DistanceMeters>45348.4</DistanceMeters>
<Extensions>
<ns3:TPX>
<ns3:Speed>1.634</ns3:Speed>
</ns3:TPX>
</Extensions>
</Trackpoint>
<Trackpoint>
<Time>2026-09-03T05:10:42Z</Time>
<Position>
<LatitudeDegrees>43.2282291</LatitudeDegrees>
<LongitudeDegrees>117.6651116</LongitudeDegrees>
</Position>
<AltitudeMeters>1065.2</AltitudeMeters>
<DistanceMeters>45361.9</DistanceMeters>
<Extensions>
<ns3:TPX>
<ns3:Speed>1.637</ns3:Speed>
</ns3:TPX>
</Extensions>
</Trackpoint>
<Trackpoint>
<Time>2026-09-03T05:10:50Z</Time>
<Position>
<LatitudeDegrees>43.2282302</LatitudeDegrees>
<LongitudeDegrees>117.6652772</LongitudeDegrees>
</Position>
<AltitudeMeters>1066.0</AltitudeMeters>
<DistanceMeters>45375.3</DistanceMeters>
<Extensions>
<ns3:TPX>
<ns3:Speed>1.729</ns3:Speed>
</ns3:TPX>
</Extensions>
</Trackpoint>
<Trackpoint>
<Time>2026-09-03T05:10:58Z</Time>
<Position>
<LatitudeDegrees>43.2282346</LatitudeDegrees>
<LongitudeDegrees>117.6654477</LongitudeDegrees>
</Position>
<AltitudeMeters>1066.8</AltitudeMeters>
<DistanceMeters>45389.1</DistanceMeters>
<Extensions>
<ns3:TPX>
<ns3:Speed>1.748</ns3:Speed>
</ns3:TPX>
</Extensions>
</Trackpoint>
<Trackpoint>
<Time>2026-09-03T05:11:06Z</Time>
<Position>
<LatitudeDegrees>43.2282427</LatitudeDegrees>
<LongitudeDegrees>117.6656166</LongitudeDegrees>
</Position>
<AltitudeMeters>1067.6</AltitudeMeters>
<DistanceMeters>45402.8</DistanceMeters>
<Extensions>
<ns3:TPX>
<ns3:Speed>1.666</ns3:Speed>
</ns3:TPX>
</Extensions>
</Trackpoint>
<Trackpoint>
<Time>2026-09-03T05:11:14Z</Time>
<Position>
<LatitudeDegrees>43.2282518</LatitudeDegrees>
<LongitudeDegrees>117.6657804</LongitudeDegrees>
</Position>
<AltitudeMeters>1068.6</AltitudeMeters>
<DistanceMeters>45416.1</DistanceMeters>
<Extensions>
<ns3:TPX>
<ns3:Speed>1.657</ns3:Speed>
</ns3:TPX>
</Extensions>
</Trackpoint>
<Trackpoint>
<Time>2026-09-03T05:11:22Z</Time>
<Position>
<LatitudeDegrees>43.2282638</LatitudeDegrees>
<LongitudeDegrees>117.6659423</LongitudeDegrees>
</Position>
<AltitudeMeters>1069.0</AltitudeMeters>
<DistanceMeters>45429.3</DistanceMeters>
<Extensions>
<ns3:TPX>
<ns3:Speed>1.658</ns3:Speed>
</ns3:TPX>
</Extensions>
</Trackpoint>
<Trackpoint>
<Time>2026-09-03T05:11:30Z</Time>
<Position>
<LatitudeDegrees>43.2282737</LatitudeDegrees>
<LongitudeDegrees>117.6661009</LongitudeDegrees>
</Position>
<AltitudeMeters>1069.6</AltitudeMeters>
<DistanceMeters>45442.2</DistanceMeters>
<Extensions>
<ns3:TPX>
<ns3:Speed>1.592</ns3:Speed>
</ns3:TPX>
</Extensions>
</Trackpoint>
<Trackpoint>
<Time>2026-09-03T05:11:38Z</Time>
<Position>
<LatitudeDegrees>43.2282886</LatitudeDegrees>
<LongitudeDegrees>117.6662277</LongitudeDegrees>
</Position>
<AltitudeMeters>1070.4</AltitudeMeters>
<DistanceMeters>45452.6</DistanceMeters>
<Extensions>
<ns3:TPX>
<ns3:Speed>1.372</ns3:Speed>
</ns3:TPX>
</Extensions>
</Trackpoint>
<Trackpoint>
<Time>2026-09-03T05:11:46Z</Time>
<Position>
<LatitudeDegrees>43.2282994</LatitudeDegrees>
<LongitudeDegrees>117.6663578</LongitudeDegrees>
</Position>
<AltitudeMeters>1070.8</AltitudeMeters>
<DistanceMeters>45463.2</DistanceMeters>
<Extensions>
<ns3:TPX>
<ns3:Speed>1.521</ns3:Speed>
</ns3:TPX>
</Extensions>
</Trackpoint>
<Trackpoint>
<Time>2026-09-03T05:11:54Z</Time>
<Position>
<LatitudeDegrees>43.2283214</LatitudeDegrees>
<LongitudeDegrees>117.6665123</LongitudeDegrees>
</Position>
<AltitudeMeters>1071.4</AltitudeMeters>
<DistanceMeters>45476.0</DistanceMeters>
<Extensions>
<ns3:TPX>
<ns3:Speed>1.634</ns3:Speed>
</ns3:TPX>
</Extensions>
</Trackpoint>
<Trackpoint>
<Time>2026-09-03T05:12:03Z</Time>
<Position>
<LatitudeDegrees>43.2283407</LatitudeDegrees>
<LongitudeDegrees>117.6666813</LongitudeDegrees>
</Position>
<AltitudeMeters>1071.8</AltitudeMeters>
<DistanceMeters>45489.8</DistanceMeters>
<Extensions>
<ns3:TPX>
<ns3:Speed>1.588</ns3:Speed>
</ns3:TPX>
</Extensions>
</Trackpoint>
<Trackpoint>
<Time>2026-09-03T05:12:11Z</Time>
<Position>
<LatitudeDegrees>43.2283600</LatitudeDegrees>
<LongitudeDegrees>117.6668241</LongitudeDegrees>
</Position>
<AltitudeMeters>1072.4</AltitudeMeters>
<DistanceMeters>45501.6</DistanceMeters>
<Extensions>
<ns3:TPX>
<ns3:Speed>1.664</ns3:Speed>
</ns3:TPX>
</Extensions>
</Trackpoint>
<Trackpoint>
<Time>2026-09-03T05:12:19Z</Time>
<Position>
<LatitudeDegrees>43.2283889</LatitudeDegrees>
<LongitudeDegrees>117.6670038</LongitudeDegrees>
</Position>
<AltitudeMeters>1073.2</AltitudeMeters>
<DistanceMeters>45516.5</DistanceMeters>
<Extensions>
<ns3:TPX>
<ns3:Speed>1.724</ns3:Speed>
</ns3:TPX>
</Extensions>
</Trackpoint>
<Trackpoint>
<Time>2026-09-03T05:12:27Z</Time>
<Position>
<LatitudeDegrees>43.2284207</LatitudeDegrees>
<LongitudeDegrees>117.6671706</LongitudeDegrees>
</Position>
<AltitudeMeters>1073.8</AltitudeMeters>
<DistanceMeters>45530.4</DistanceMeters>
<Extensions>
<ns3:TPX>
<ns3:Speed>1.784</ns3:Speed>
</ns3:TPX>
</Extensions>
</Trackpoint>
<Trackpoint>
<Time>2026-09-03T05:12:35Z</Time>
<Position>
<LatitudeDegrees>43.2284569</LatitudeDegrees>
<LongitudeDegrees>117.6673305</LongitudeDegrees>
</Position>
<AltitudeMeters>1074.4</AltitudeMeters>
<DistanceMeters>45544.0</DistanceMeters>
<Extensions>
<ns3:TPX>
<ns3:Speed>1.651</ns3:Speed>
</ns3:TPX>
</Extensions>
</Trackpoint>
<Trackpoint>
<Time>2026-09-03T05:12:43Z</Time>
<Position>
<LatitudeDegrees>43.2284829</LatitudeDegrees>
<LongitudeDegrees>117.6674916</LongitudeDegrees>
</Position>
<AltitudeMeters>1075.0</AltitudeMeters>
<DistanceMeters>45557.4</DistanceMeters>
<Extensions>
<ns3:TPX>
<ns3:Speed>1.728</ns3:Speed>
</ns3:TPX>
</Extensions>
</Trackpoint>
<Trackpoint>
<Time>2026-09-03T05:12:51Z</Time>
<Position>
<LatitudeDegrees>43.2285221</LatitudeDegrees>
<LongitudeDegrees>117.6676471</LongitudeDegrees>
</Position>
<AltitudeMeters>1075.6</AltitudeMeters>
<DistanceMeters>45570.7</DistanceMeters>
<Extensions>
<ns3:TPX>
<ns3:Speed>1.7</ns3:Speed>
</ns3:TPX>
</Extensions>
</Trackpoint>
<Trackpoint>
<Time>2026-09-03T05:12:59Z</Time>
<Position>
<LatitudeDegrees>43.2285576</LatitudeDegrees>
<LongitudeDegrees>117.6678066</LongitudeDegrees>
</Position>
<AltitudeMeters>1076.4</AltitudeMeters>
<DistanceMeters>45584.2</DistanceMeters>
<Extensions>
<ns3:TPX>
<ns3:Speed>1.766</ns3:Speed>
</ns3:TPX>
</Extensions>
</Trackpoint>
<Trackpoint>
<Time>2026-09-03T05:13:07Z</Time>
<Position>
<LatitudeDegrees>43.2285996</LatitudeDegrees>
<LongitudeDegrees>117.6679743</LongitudeDegrees>
</Position>
<AltitudeMeters>1077.0</AltitudeMeters>
<DistanceMeters>45598.5</DistanceMeters>
<Extensions>
<ns3:TPX>
<ns3:Speed>1.797</ns3:Speed>
</ns3:TPX>
</Extensions>
</Trackpoint>
<Trackpoint>
<Time>2026-09-03T05:13:15Z</Time>
<Position>
<LatitudeDegrees>43.2286436</LatitudeDegrees>
<LongitudeDegrees>117.6681211</LongitudeDegrees>
</Position>
<AltitudeMeters>1077.6</AltitudeMeters>
<DistanceMeters>45611.4</DistanceMeters>
<Extensions>
<ns3:TPX>
<ns3:Speed>1.541</ns3:Speed>
</ns3:TPX>
</Extensions>
</Trackpoint>
<Trackpoint>
<Time>2026-09-03T05:13:23Z</Time>
<Position>
<LatitudeDegrees>43.2286878</LatitudeDegrees>
<LongitudeDegrees>117.6682711</LongitudeDegrees>
</Position>
<AltitudeMeters>1078.2</AltitudeMeters>
<DistanceMeters>45624.5</DistanceMeters>
<Extensions>
<ns3:TPX>
<ns3:Speed>1.802</ns3:Speed>
</ns3:TPX>
</Extensions>
</Trackpoint>
<Trackpoint>
<Time>2026-09-03T05:13:31Z</Time>
<Position>
<LatitudeDegrees>43.2287295</LatitudeDegrees>
<LongitudeDegrees>117.6684140</LongitudeDegrees>
</Position>
<AltitudeMeters>1078.8</AltitudeMeters>
<DistanceMeters>45636.9</DistanceMeters>
<Extensions>
<ns3:TPX>
<ns3:Speed>1.625</ns3:Speed>
</ns3:TPX>
</Extensions>
</Trackpoint>
<Trackpoint>
<Time>2026-09-03T05:13:39Z</Time>
<Position>
<LatitudeDegrees>43.2287737</LatitudeDegrees>
<LongitudeDegrees>117.6685675</LongitudeDegrees>
</Position>
<AltitudeMeters>1079.4</AltitudeMeters>
<DistanceMeters>45650.3</DistanceMeters>
<Extensions>
<ns3:TPX>
<ns3:Speed>1.736</ns3:Speed>
</ns3:TPX>
</Extensions>
</Trackpoint>
<Trackpoint>
<Time>2026-09-03T05:13:47Z</Time>
<Position>
<LatitudeDegrees>43.2288302</LatitudeDegrees>
<LongitudeDegrees>117.6687245</LongitudeDegrees>
</Position>
<AltitudeMeters>1080.0</AltitudeMeters>
<DistanceMeters>45664.5</DistanceMeters>
<Extensions>
<ns3:TPX>
<ns3:Speed>1.644</ns3:Speed>
</ns3:TPX>
</Extensions>
</Trackpoint>
<Trackpoint>
<Time>2026-09-03T05:13:55Z</Time>
<Position>
<LatitudeDegrees>43.2288767</LatitudeDegrees>
<LongitudeDegrees>117.6688696</LongitudeDegrees>
</Position>
<AltitudeMeters>1080.2</AltitudeMeters>
<DistanceMeters>45677.3</DistanceMeters>
<Extensions>
<ns3:TPX>
<ns3:Speed>1.429</ns3:Speed>
</ns3:TPX>
</Extensions>
</Trackpoint>
<Trackpoint>
<Time>2026-09-03T05:14:03Z</Time>
<Position>
<LatitudeDegrees>43.2289274</LatitudeDegrees>
<LongitudeDegrees>117.6690149</LongitudeDegrees>
</Position>
<AltitudeMeters>1080.6</AltitudeMeters>
<DistanceMeters>45690.4</DistanceMeters>
<Extensions>
<ns3:TPX>
<ns3:Speed>1.615</ns3:Speed>
</ns3:TPX>
</Extensions>
</Trackpoint>
<Trackpoint>
<Time>2026-09-03T05:14:11Z</Time>
<Position>
<LatitudeDegrees>43.2289830</LatitudeDegrees>
<LongitudeDegrees>117.6691696</LongitudeDegrees>
</Position>
<AltitudeMeters>1081.2</AltitudeMeters>
<DistanceMeters>45704.4</DistanceMeters>
<Extensions>
<ns3:TPX>
<ns3:Speed>1.838</ns3:Speed>
</ns3:TPX>
</Extensions>
</Trackpoint>
<Trackpoint>
<Time>2026-09-03T05:14:19Z</Time>
<Position>
<LatitudeDegrees>43.2290489</LatitudeDegrees>
<LongitudeDegrees>117.6693405</LongitudeDegrees>
</Position>
<AltitudeMeters>1081.8</AltitudeMeters>
<DistanceMeters>45720.0</DistanceMeters>
<Extensions>
<ns3:TPX>
<ns3:Speed>1.962</ns3:Speed>
</ns3:TPX>
</Extensions>
</Trackpoint>
<Trackpoint>
<Time>2026-09-03T05:14:28Z</Time>
<Position>
<LatitudeDegrees>43.2291193</LatitudeDegrees>
<LongitudeDegrees>117.6695463</LongitudeDegrees>
</Position>
<AltitudeMeters>1082.2</AltitudeMeters>
<DistanceMeters>45738.4</DistanceMeters>
<Extensions>
<ns3:TPX>
<ns3:Speed>1.89</ns3:Speed>
</ns3:TPX>
</Extensions>
</Trackpoint>
<Trackpoint>
<Time>2026-09-03T05:14:36Z</Time>
<Position>
<LatitudeDegrees>43.2291628</LatitudeDegrees>
<LongitudeDegrees>117.6696829</LongitudeDegrees>
</Position>
<AltitudeMeters>1082.4</AltitudeMeters>
<DistanceMeters>45750.5</DistanceMeters>
<Extensions>
<ns3:TPX>
<ns3:Speed>1.361</ns3:Speed>
</ns3:TPX>
</Extensions>
</Trackpoint>
<Trackpoint>
<Time>2026-09-03T05:14:43Z</Time>
<Position>
<LatitudeDegrees>43.2291669</LatitudeDegrees>
<LongitudeDegrees>117.6697898</LongitudeDegrees>
</Position>
<AltitudeMeters>1082.6</AltitudeMeters>
<DistanceMeters>45759.6</DistanceMeters>
<Extensions>
<ns3:TPX>
<ns3:Speed>1.569</ns3:Speed>
</ns3:TPX>
</Extensions>
</Trackpoint>
<Trackpoint>
<Time>2026-09-03T05:14:49Z</Time>
<Position>
<LatitudeDegrees>43.2292326</LatitudeDegrees>
<LongitudeDegrees>117.6698446</LongitudeDegrees>
</Position>
<AltitudeMeters>1082.8</AltitudeMeters>
<DistanceMeters>45768.3</DistanceMeters>
<Extensions>
<ns3:TPX>
<ns3:Speed>1.659</ns3:Speed>
</ns3:TPX>
</Extensions>
</Trackpoint>
<Trackpoint>
<Time>2026-09-03T05:14:57Z</Time>
<Position>
<LatitudeDegrees>43.2292916</LatitudeDegrees>
<LongitudeDegrees>117.6699820</LongitudeDegrees>
</Position>
<AltitudeMeters>1083.4</AltitudeMeters>
<DistanceMeters>45781.3</DistanceMeters>
<Extensions>
<ns3:TPX>
<ns3:Speed>1.412</ns3:Speed>
</ns3:TPX>
</Extensions>
</Trackpoint>
<Trackpoint>
<Time>2026-09-03T05:15:05Z</Time>
<Position>
<LatitudeDegrees>43.2293365</LatitudeDegrees>
<LongitudeDegrees>117.6701305</LongitudeDegrees>
</Position>
<AltitudeMeters>1083.8</AltitudeMeters>
<DistanceMeters>45794.3</DistanceMeters>
<Extensions>
<ns3:TPX>
<ns3:Speed>1.685</ns3:Speed>
</ns3:TPX>
</Extensions>
</Trackpoint>
<Trackpoint>
<Time>2026-09-03T05:15:13Z</Time>
<Position>
<LatitudeDegrees>43.2293989</LatitudeDegrees>
<LongitudeDegrees>117.6702746</LongitudeDegrees>
</Position>
<AltitudeMeters>1084.4</AltitudeMeters>
<DistanceMeters>45807.9</DistanceMeters>
<Extensions>
<ns3:TPX>
<ns3:Speed>1.68</ns3:Speed>
</ns3:TPX>
</Extensions>
</Trackpoint>
<Trackpoint>
<Time>2026-09-03T05:15:21Z</Time>
<Position>
<LatitudeDegrees>43.2294504</LatitudeDegrees>
<LongitudeDegrees>117.6704330</LongitudeDegrees>
</Position>
<AltitudeMeters>1085.0</AltitudeMeters>
<DistanceMeters>45822.0</DistanceMeters>
<Extensions>
<ns3:TPX>
<ns3:Speed>1.777</ns3:Speed>
</ns3:TPX>
</Extensions>
</Trackpoint>
<Trackpoint>
<Time>2026-09-03T05:15:29Z</Time>
<Position>
<LatitudeDegrees>43.2295103</LatitudeDegrees>
<LongitudeDegrees>117.6705811</LongitudeDegrees>
</Position>
<AltitudeMeters>1086.0</AltitudeMeters>
<DistanceMeters>45835.7</DistanceMeters>
<Extensions>
<ns3:TPX>
<ns3:Speed>1.625</ns3:Speed>
</ns3:TPX>
</Extensions>
</Trackpoint>
<Trackpoint>
<Time>2026-09-03T05:15:37Z</Time>
<Position>
<LatitudeDegrees>43.2295612</LatitudeDegrees>
<LongitudeDegrees>117.6707237</LongitudeDegrees>
</Position>
<AltitudeMeters>1086.8</AltitudeMeters>
<DistanceMeters>45848.5</DistanceMeters>
<Extensions>
<ns3:TPX>
<ns3:Speed>1.654</ns3:Speed>
</ns3:TPX>
</Extensions>
</Trackpoint>
<Trackpoint>
<Time>2026-09-03T05:15:45Z</Time>
<Position>
<LatitudeDegrees>43.2296166</LatitudeDegrees>
<LongitudeDegrees>117.6708664</LongitudeDegrees>
</Position>
<AltitudeMeters>1087.6</AltitudeMeters>
<DistanceMeters>45861.6</DistanceMeters>
<Extensions>
<ns3:TPX>
<ns3:Speed>1.607</ns3:Speed>
</ns3:TPX>
</Extensions>
</Trackpoint>
<Trackpoint>
<Time>2026-09-03T05:15:53Z</Time>
<Position>
<LatitudeDegrees>43.2296716</LatitudeDegrees>
<LongitudeDegrees>117.6710130</LongitudeDegrees>
</Position>
<AltitudeMeters>1088.6</AltitudeMeters>
<DistanceMeters>45874.9</DistanceMeters>
<Extensions>
<ns3:TPX>
<ns3:Speed>1.702</ns3:Speed>
</ns3:TPX>
</Extensions>
</Trackpoint>
<Trackpoint>
<Time>2026-09-03T05:16:01Z</Time>
<Position>
<LatitudeDegrees>43.2297249</LatitudeDegrees>
<LongitudeDegrees>117.6711587</LongitudeDegrees>
</Position>
<AltitudeMeters>1089.2</AltitudeMeters>
<DistanceMeters>45888.1</DistanceMeters>
<Extensions>
<ns3:TPX>
<ns3:Speed>1.668</ns3:Speed>
</ns3:TPX>
</Extensions>
</Trackpoint>
<Trackpoint>
<Time>2026-09-03T05:16:09Z</Time>
<Position>
<LatitudeDegrees>43.2297828</LatitudeDegrees>
<LongitudeDegrees>117.6713043</LongitudeDegrees>
</Position>
<AltitudeMeters>1090.0</AltitudeMeters>
<DistanceMeters>45901.6</DistanceMeters>
<Extensions>
<ns3:TPX>
<ns3:Speed>1.691</ns3:Speed>
</ns3:TPX>
</Extensions>
</Trackpoint>
<Trackpoint>
<Time>2026-09-03T05:16:17Z</Time>
<Position>
<LatitudeDegrees>43.2298374</LatitudeDegrees>
<LongitudeDegrees>117.6714423</LongitudeDegrees>
</Position>
<AltitudeMeters>1090.8</AltitudeMeters>
<DistanceMeters>45914.3</DistanceMeters>
<Extensions>
<ns3:TPX>
<ns3:Speed>1.541</ns3:Speed>
</ns3:TPX>
</Extensions>
</Trackpoint>
<Trackpoint>
<Time>2026-09-03T05:16:25Z</Time>
<Position>
<LatitudeDegrees>43.2298832</LatitudeDegrees>
<LongitudeDegrees>117.6715813</LongitudeDegrees>
</Position>
<AltitudeMeters>1091.6</AltitudeMeters>
<DistanceMeters>45926.6</DistanceMeters>
<Extensions>
<ns3:TPX>
<ns3:Speed>1.638</ns3:Speed>
</ns3:TPX>
</Extensions>
</Trackpoint>
<Trackpoint>
<Time>2026-09-03T05:16:33Z</Time>
<Position>
<LatitudeDegrees>43.2299321</LatitudeDegrees>
<LongitudeDegrees>117.6717179</LongitudeDegrees>
</Position>
<AltitudeMeters>1092.4</AltitudeMeters>
<DistanceMeters>45939.1</DistanceMeters>
<Extensions>
<ns3:TPX>
<ns3:Speed>1.576</ns3:Speed>
</ns3:TPX>
</Extensions>
</Trackpoint>
<Trackpoint>
<Time>2026-09-03T05:16:41Z</Time>
<Position>
<LatitudeDegrees>43.2299893</LatitudeDegrees>
<LongitudeDegrees>117.6718547</LongitudeDegrees>
</Position>
<AltitudeMeters>1093.2</AltitudeMeters>
<DistanceMeters>45951.8</DistanceMeters>
<Extensions>
<ns3:TPX>
<ns3:Speed>1.653</ns3:Speed>
</ns3:TPX>
</Extensions>
</Trackpoint>
<Trackpoint>
<Time>2026-09-03T05:16:50Z</Time>
<Position>
<LatitudeDegrees>43.2300468</LatitudeDegrees>
<LongitudeDegrees>117.6720071</LongitudeDegrees>
</Position>
<AltitudeMeters>1094.0</AltitudeMeters>
<DistanceMeters>45965.7</DistanceMeters>
<Extensions>
<ns3:TPX>
<ns3:Speed>1.595</ns3:Speed>
</ns3:TPX>
</Extensions>
</Trackpoint>
<Trackpoint>
<Time>2026-09-03T05:16:58Z</Time>
<Position>
<LatitudeDegrees>43.2300997</LatitudeDegrees>
<LongitudeDegrees>117.6721399</LongitudeDegrees>
</Position>
<AltitudeMeters>1094.6</AltitudeMeters>
<DistanceMeters>45978.0</DistanceMeters>
<Extensions>
<ns3:TPX>
<ns3:Speed>1.49</ns3:Speed>
</ns3:TPX>
</Extensions>
</Trackpoint>
<Trackpoint>
<Time>2026-09-03T05:17:06Z</Time>
<Position>
<LatitudeDegrees>43.2301499</LatitudeDegrees>
<LongitudeDegrees>117.6722720</LongitudeDegrees>
</Position>
<AltitudeMeters>1095.6</AltitudeMeters>
<DistanceMeters>45990.0</DistanceMeters>
<Extensions>
<ns3:TPX>
<ns3:Speed>1.532</ns3:Speed>
</ns3:TPX>
</Extensions>
</Trackpoint>
<Trackpoint>
<Time>2026-09-03T05:17:14Z</Time>
<Position>
<LatitudeDegrees>43.2302008</LatitudeDegrees>
<LongitudeDegrees>117.6724040</LongitudeDegrees>
</Position>
<AltitudeMeters>1096.2</AltitudeMeters>
<DistanceMeters>46002.1</DistanceMeters>
<Extensions>
<ns3:TPX>
<ns3:Speed>1.502</ns3:Speed>
</ns3:TPX>
</Extensions>
</Trackpoint>
<Trackpoint>
<Time>2026-09-03T05:17:22Z</Time>
<Position>
<LatitudeDegrees>43.2302454</LatitudeDegrees>
<LongitudeDegrees>117.6725430</LongitudeDegrees>
</Position>
<AltitudeMeters>1097.2</AltitudeMeters>
<DistanceMeters>46014.5</DistanceMeters>
<Extensions>
<ns3:TPX>
<ns3:Speed>1.655</ns3:Speed>
</ns3:TPX>
</Extensions>
</Trackpoint>
<Trackpoint>
<Time>2026-09-03T05:17:30Z</Time>
<Position>
<LatitudeDegrees>43.2303015</LatitudeDegrees>
<LongitudeDegrees>117.6726765</LongitudeDegrees>
</Position>
<AltitudeMeters>1097.8</AltitudeMeters>
<DistanceMeters>46026.9</DistanceMeters>
<Extensions>
<ns3:TPX>
<ns3:Speed>1.484</ns3:Speed>
</ns3:TPX>
</Extensions>
</Trackpoint>
<Trackpoint>
<Time>2026-09-03T05:17:38Z</Time>
<Position>
<LatitudeDegrees>43.2303514</LatitudeDegrees>
<LongitudeDegrees>117.6728070</LongitudeDegrees>
</Position>
<AltitudeMeters>1098.4</AltitudeMeters>
<DistanceMeters>46038.9</DistanceMeters>
<Extensions>
<ns3:TPX>
<ns3:Speed>1.527</ns3:Speed>
</ns3:TPX>
</Extensions>
</Trackpoint>
<Trackpoint>
<Time>2026-09-03T05:17:46Z</Time>
<Position>
<LatitudeDegrees>43.2304009</LatitudeDegrees>
<LongitudeDegrees>117.6729462</LongitudeDegrees>
</Position>
<AltitudeMeters>1099.2</AltitudeMeters>
<DistanceMeters>46051.4</DistanceMeters>
<Extensions>
<ns3:TPX>
<ns3:Speed>1.594</ns3:Speed>
</ns3:TPX>
</Extensions>
</Trackpoint>
<Trackpoint>
<Time>2026-09-03T05:17:54Z</Time>
<Position>
<LatitudeDegrees>43.2304615</LatitudeDegrees>
<LongitudeDegrees>117.6730781</LongitudeDegrees>
</Position>
<AltitudeMeters>1100.0</AltitudeMeters>
<DistanceMeters>46064.0</DistanceMeters>
<Extensions>
<ns3:TPX>
<ns3:Speed>1.536</ns3:Speed>
</ns3:TPX>
</Extensions>
</Trackpoint>
<Trackpoint>
<Time>2026-09-03T05:18:02Z</Time>
<Position>
<LatitudeDegrees>43.2305124</LatitudeDegrees>
<LongitudeDegrees>117.6732154</LongitudeDegrees>
</Position>
<AltitudeMeters>1100.8</AltitudeMeters>
<DistanceMeters>46076.5</DistanceMeters>
<Extensions>
<ns3:TPX>
<ns3:Speed>1.592</ns3:Speed>
</ns3:TPX>
</Extensions>
</Trackpoint>
<Trackpoint>
<Time>2026-09-03T05:18:10Z</Time>
<Position>
<LatitudeDegrees>43.2305625</LatitudeDegrees>
<LongitudeDegrees>117.6733556</LongitudeDegrees>
</Position>
<AltitudeMeters>1101.4</AltitudeMeters>
<DistanceMeters>46089.1</DistanceMeters>
<Extensions>
<ns3:TPX>
<ns3:Speed>1.692</ns3:Speed>
</ns3:TPX>
</Extensions>
</Trackpoint>
<Trackpoint>
<Time>2026-09-03T05:18:18Z</Time>
<Position>
<LatitudeDegrees>43.2306149</LatitudeDegrees>
<LongitudeDegrees>117.6734923</LongitudeDegrees>
</Position>
<AltitudeMeters>1102.2</AltitudeMeters>
<DistanceMeters>46101.6</DistanceMeters>
<Extensions>
<ns3:TPX>
<ns3:Speed>1.525</ns3:Speed>
</ns3:TPX>
</Extensions>
</Trackpoint>
<Trackpoint>
<Time>2026-09-03T05:18:26Z</Time>
<Position>
<LatitudeDegrees>43.2306686</LatitudeDegrees>
<LongitudeDegrees>117.6736253</LongitudeDegrees>
</Position>
<AltitudeMeters>1102.8</AltitudeMeters>
<DistanceMeters>46113.9</DistanceMeters>
<Extensions>
<ns3:TPX>
<ns3:Speed>1.528</ns3:Speed>
</ns3:TPX>
</Extensions>
</Trackpoint>
<Trackpoint>
<Time>2026-09-03T05:18:34Z</Time>
<Position>
<LatitudeDegrees>43.2307182</LatitudeDegrees>
<LongitudeDegrees>117.6737596</LongitudeDegrees>
</Position>
<AltitudeMeters>1103.6</AltitudeMeters>
<DistanceMeters>46126.1</DistanceMeters>
<Extensions>
<ns3:TPX>
<ns3:Speed>1.557</ns3:Speed>
</ns3:TPX>
</Extensions>
</Trackpoint>
<Trackpoint>
<Time>2026-09-03T05:18:42Z</Time>
<Position>
<LatitudeDegrees>43.2307705</LatitudeDegrees>
<LongitudeDegrees>117.6738966</LongitudeDegrees>
</Position>
<AltitudeMeters>1104.4</AltitudeMeters>
<DistanceMeters>46138.7</DistanceMeters>
<Extensions>
<ns3:TPX>
<ns3:Speed>1.622</ns3:Speed>
</ns3:TPX>
</Extensions>
</Trackpoint>
<Trackpoint>
<Time>2026-09-03T05:18:50Z</Time>
<Position>
<LatitudeDegrees>43.2308226</LatitudeDegrees>
<LongitudeDegrees>117.6740385</LongitudeDegrees>
</Position>
<AltitudeMeters>1105.2</AltitudeMeters>
<DistanceMeters>46151.6</DistanceMeters>
<Extensions>
<ns3:TPX>
<ns3:Speed>1.521</ns3:Speed>
</ns3:TPX>
</Extensions>
</Trackpoint>
<Trackpoint>
<Time>2026-09-03T05:18:58Z</Time>
<Position>
<LatitudeDegrees>43.2308759</LatitudeDegrees>
<LongitudeDegrees>117.6741779</LongitudeDegrees>
</Position>
<AltitudeMeters>1106.2</AltitudeMeters>
<DistanceMeters>46164.3</DistanceMeters>
<Extensions>
<ns3:TPX>
<ns3:Speed>1.626</ns3:Speed>
</ns3:TPX>
</Extensions>
</Trackpoint>
<Trackpoint>
<Time>2026-09-03T05:19:06Z</Time>
<Position>
<LatitudeDegrees>43.2309301</LatitudeDegrees>
<LongitudeDegrees>117.6743134</LongitudeDegrees>
</Position>
<AltitudeMeters>1106.8</AltitudeMeters>
<DistanceMeters>46176.8</DistanceMeters>
<Extensions>
<ns3:TPX>
<ns3:Speed>1.563</ns3:Speed>
</ns3:TPX>
</Extensions>
</Trackpoint>
<Trackpoint>
<Time>2026-09-03T05:19:15Z</Time>
<Position>
<LatitudeDegrees>43.2309808</LatitudeDegrees>
<LongitudeDegrees>117.6744599</LongitudeDegrees>
</Position>
<AltitudeMeters>1107.6</AltitudeMeters>
<DistanceMeters>46189.9</DistanceMeters>
<Extensions>
<ns3:TPX>
<ns3:Speed>1.425</ns3:Speed>
</ns3:TPX>
</Extensions>
</Trackpoint>
<Trackpoint>
<Time>2026-09-03T05:19:23Z</Time>
<Position>
<LatitudeDegrees>43.2310232</LatitudeDegrees>
<LongitudeDegrees>117.6745733</LongitudeDegrees>
</Position>
<AltitudeMeters>1108.4</AltitudeMeters>
<DistanceMeters>46200.3</DistanceMeters>
<Extensions>
<ns3:TPX>
<ns3:Speed>1.346</ns3:Speed>
</ns3:TPX>
</Extensions>
</Trackpoint>
<Trackpoint>
<Time>2026-09-03T05:19:31Z</Time>
<Position>
<LatitudeDegrees>43.2310701</LatitudeDegrees>
<LongitudeDegrees>117.6747076</LongitudeDegrees>
</Position>
<AltitudeMeters>1109.0</AltitudeMeters>
<DistanceMeters>46212.4</DistanceMeters>
<Extensions>
<ns3:TPX>
<ns3:Speed>1.532</ns3:Speed>
</ns3:TPX>
</Extensions>
</Trackpoint>
<Trackpoint>
<Time>2026-09-03T05:19:39Z</Time>
<Position>
<LatitudeDegrees>43.2311175</LatitudeDegrees>
<LongitudeDegrees>117.6748397</LongitudeDegrees>
</Position>
<AltitudeMeters>1109.8</AltitudeMeters>
<DistanceMeters>46224.3</DistanceMeters>
<Extensions>
<ns3:TPX>
<ns3:Speed>1.479</ns3:Speed>
</ns3:TPX>
</Extensions>
</Trackpoint>
<Trackpoint>
<Time>2026-09-03T05:19:47Z</Time>
<Position>
<LatitudeDegrees>43.2311675</LatitudeDegrees>
<LongitudeDegrees>117.6749713</LongitudeDegrees>
</Position>
<AltitudeMeters>1110.4</AltitudeMeters>
<DistanceMeters>46236.4</DistanceMeters>
<Extensions>
<ns3:TPX>
<ns3:Speed>1.553</ns3:Speed>
</ns3:TPX>
</Extensions>
</Trackpoint>
<Trackpoint>
<Time>2026-09-03T05:19:55Z</Time>
<Position>
<LatitudeDegrees>43.2312164</LatitudeDegrees>
<LongitudeDegrees>117.6751041</LongitudeDegrees>
</Position>
<AltitudeMeters>1111.0</AltitudeMeters>
<DistanceMeters>46248.4</DistanceMeters>
<Extensions>
<ns3:TPX>
<ns3:Speed>1.439</ns3:Speed>
</ns3:TPX>
</Extensions>
</Trackpoint>
<Trackpoint>
<Time>2026-09-03T05:20:03Z</Time>
<Position>
<LatitudeDegrees>43.2312632</LatitudeDegrees>
<LongitudeDegrees>117.6752305</LongitudeDegrees>
</Position>
<AltitudeMeters>1111.8</AltitudeMeters>
<DistanceMeters>46260.0</DistanceMeters>
<Extensions>
<ns3:TPX>
<ns3:Speed>1.52</ns3:Speed>
</ns3:TPX>
</Extensions>
</Trackpoint>
<Trackpoint>
<Time>2026-09-03T05:20:11Z</Time>
<Position>
<LatitudeDegrees>43.2313155</LatitudeDegrees>
<LongitudeDegrees>117.6753725</LongitudeDegrees>
</Position>
<AltitudeMeters>1112.2</AltitudeMeters>
<DistanceMeters>46272.9</DistanceMeters>
<Extensions>
<ns3:TPX>
<ns3:Speed>1.607</ns3:Speed>
</ns3:TPX>
</Extensions>
</Trackpoint>
<Trackpoint>
<Time>2026-09-03T05:20:19Z</Time>
<Position>
<LatitudeDegrees>43.2313633</LatitudeDegrees>
<LongitudeDegrees>117.6755145</LongitudeDegrees>
</Position>
<AltitudeMeters>1113.0</AltitudeMeters>
<DistanceMeters>46285.5</DistanceMeters>
<Extensions>
<ns3:TPX>
<ns3:Speed>1.511</ns3:Speed>
</ns3:TPX>
</Extensions>
</Trackpoint>
<Trackpoint>
<Time>2026-09-03T05:20:27Z</Time>
<Position>
<LatitudeDegrees>43.2313966</LatitudeDegrees>
<LongitudeDegrees>117.6756503</LongitudeDegrees>
</Position>
<AltitudeMeters>1113.8</AltitudeMeters>
<DistanceMeters>46297.2</DistanceMeters>
<Extensions>
<ns3:TPX>
<ns3:Speed>1.518</ns3:Speed>
</ns3:TPX>
</Extensions>
</Trackpoint>
<Trackpoint>
<Time>2026-09-03T05:20:35Z</Time>
<Position>
<LatitudeDegrees>43.2314345</LatitudeDegrees>
<LongitudeDegrees>117.6757896</LongitudeDegrees>
</Position>
<AltitudeMeters>1114.4</AltitudeMeters>
<DistanceMeters>46309.3</DistanceMeters>
<Extensions>
<ns3:TPX>
<ns3:Speed>1.54</ns3:Speed>
</ns3:TPX>
</Extensions>
</Trackpoint>
<Trackpoint>
<Time>2026-09-03T05:20:43Z</Time>
<Position>
<LatitudeDegrees>43.2314754</LatitudeDegrees>
<LongitudeDegrees>117.6759306</LongitudeDegrees>
</Position>
<AltitudeMeters>1115.2</AltitudeMeters>
<DistanceMeters>46321.6</DistanceMeters>
<Extensions>
<ns3:TPX>
<ns3:Speed>1.627</ns3:Speed>
</ns3:TPX>
</Extensions>
</Trackpoint>
<Trackpoint>
<Time>2026-09-03T05:20:51Z</Time>
<Position>
<LatitudeDegrees>43.2314917</LatitudeDegrees>
<LongitudeDegrees>117.6760981</LongitudeDegrees>
</Position>
<AltitudeMeters>1116.0</AltitudeMeters>
<DistanceMeters>46335.3</DistanceMeters>
<Extensions>
<ns3:TPX>
<ns3:Speed>1.338</ns3:Speed>
</ns3:TPX>
</Extensions>
</Trackpoint>
<Trackpoint>
<Time>2026-09-03T05:20:59Z</Time>
<Position>
<LatitudeDegrees>43.2315136</LatitudeDegrees>
<LongitudeDegrees>117.6762549</LongitudeDegrees>
</Position>
<AltitudeMeters>1116.6</AltitudeMeters>
<DistanceMeters>46348.2</DistanceMeters>
<Extensions>
<ns3:TPX>
<ns3:Speed>1.176</ns3:Speed>
</ns3:TPX>
</Extensions>
</Trackpoint>
<Trackpoint>
<Time>2026-09-03T05:21:07Z</Time>
<Position>
<LatitudeDegrees>43.2315398</LatitudeDegrees>
<LongitudeDegrees>117.6763983</LongitudeDegrees>
</Position>
<AltitudeMeters>1117.2</AltitudeMeters>
<DistanceMeters>46360.2</DistanceMeters>
<Extensions>
<ns3:TPX>
<ns3:Speed>1.763</ns3:Speed>
</ns3:TPX>
</Extensions>
</Trackpoint>
<Trackpoint>
<Time>2026-09-03T05:21:15Z</Time>
<Position>
<LatitudeDegrees>43.2315496</LatitudeDegrees>
<LongitudeDegrees>117.6765564</LongitudeDegrees>
</Position>
<AltitudeMeters>1117.8</AltitudeMeters>
<DistanceMeters>46373.1</DistanceMeters>
<Extensions>
<ns3:TPX>
<ns3:Speed>1.595</ns3:Speed>
</ns3:TPX>
</Extensions>
</Trackpoint>
<Trackpoint>
<Time>2026-09-03T05:21:23Z</Time>
<Position>
<LatitudeDegrees>43.2315759</LatitudeDegrees>
<LongitudeDegrees>117.6767222</LongitudeDegrees>
</Position>
<AltitudeMeters>1118.0</AltitudeMeters>
<DistanceMeters>46386.8</DistanceMeters>
<Extensions>
<ns3:TPX>
<ns3:Speed>1.767</ns3:Speed>
</ns3:TPX>
</Extensions>
</Trackpoint>
<Trackpoint>
<Time>2026-09-03T05:21:31Z</Time>
<Position>
<LatitudeDegrees>43.2315927</LatitudeDegrees>
<LongitudeDegrees>117.6768797</LongitudeDegrees>
</Position>
<AltitudeMeters>1118.4</AltitudeMeters>
<DistanceMeters>46399.7</DistanceMeters>
<Extensions>
<ns3:TPX>
<ns3:Speed>1.299</ns3:Speed>
</ns3:TPX>
</Extensions>
</Trackpoint>
<Trackpoint>
<Time>2026-09-03T05:21:40Z</Time>
<Position>
<LatitudeDegrees>43.2316181</LatitudeDegrees>
<LongitudeDegrees>117.6770840</LongitudeDegrees>
</Position>
<AltitudeMeters>1119.0</AltitudeMeters>
<DistanceMeters>46416.4</DistanceMeters>
<Extensions>
<ns3:TPX>
<ns3:Speed>1.825</ns3:Speed>
</ns3:TPX>
</Extensions>
</Trackpoint>
<Trackpoint>
<Time>2026-09-03T05:21:48Z</Time>
<Position>
<LatitudeDegrees>43.2316403</LatitudeDegrees>
<LongitudeDegrees>117.6772676</LongitudeDegrees>
</Position>
<AltitudeMeters>1119.4</AltitudeMeters>
<DistanceMeters>46431.5</DistanceMeters>
<Extensions>
<ns3:TPX>
<ns3:Speed>1.661</ns3:Speed>
</ns3:TPX>
</Extensions>
</Trackpoint>
<Trackpoint>
<Time>2026-09-03T05:21:56Z</Time>
<Position>
<LatitudeDegrees>43.2316598</LatitudeDegrees>
<LongitudeDegrees>117.6774269</LongitudeDegrees>
</Position>
<AltitudeMeters>1119.6</AltitudeMeters>
<DistanceMeters>46444.6</DistanceMeters>
<Extensions>
<ns3:TPX>
<ns3:Speed>1.729</ns3:Speed>
</ns3:TPX>
</Extensions>
</Trackpoint>
<Trackpoint>
<Time>2026-09-03T05:22:04Z</Time>
<Position>
<LatitudeDegrees>43.2316808</LatitudeDegrees>
<LongitudeDegrees>117.6775986</LongitudeDegrees>
</Position>
<AltitudeMeters>1120.0</AltitudeMeters>
<DistanceMeters>46458.7</DistanceMeters>
<Extensions>
<ns3:TPX>
<ns3:Speed>1.77</ns3:Speed>
</ns3:TPX>
</Extensions>
</Trackpoint>
<Trackpoint>
<Time>2026-09-03T05:22:12Z</Time>
<Position>
<LatitudeDegrees>43.2317063</LatitudeDegrees>
<LongitudeDegrees>117.6777695</LongitudeDegrees>
</Position>
<AltitudeMeters>1120.6</AltitudeMeters>
<DistanceMeters>46472.8</DistanceMeters>
<Extensions>
<ns3:TPX>
<ns3:Speed>1.796</ns3:Speed>
</ns3:TPX>
</Extensions>
</Trackpoint>
<Trackpoint>
<Time>2026-09-03T05:22:20Z</Time>
<Position>
<LatitudeDegrees>43.2317264</LatitudeDegrees>
<LongitudeDegrees>117.6779257</LongitudeDegrees>
</Position>
<AltitudeMeters>1121.0</AltitudeMeters>
<DistanceMeters>46485.6</DistanceMeters>
<Extensions>
<ns3:TPX>
<ns3:Speed>1.696</ns3:Speed>
</ns3:TPX>
</Extensions>
</Trackpoint>
<Trackpoint>
<Time>2026-09-03T05:22:28Z</Time>
<Position>
<LatitudeDegrees>43.2317421</LatitudeDegrees>
<LongitudeDegrees>117.6780974</LongitudeDegrees>
</Position>
<AltitudeMeters>1121.4</AltitudeMeters>
<DistanceMeters>46499.6</DistanceMeters>
<Extensions>
<ns3:TPX>
<ns3:Speed>1.797</ns3:Speed>
</ns3:TPX>
</Extensions>
</Trackpoint>
<Trackpoint>
<Time>2026-09-03T05:22:36Z</Time>
<Position>
<LatitudeDegrees>43.2317647</LatitudeDegrees>
<LongitudeDegrees>117.6782721</LongitudeDegrees>
</Position>
<AltitudeMeters>1122.0</AltitudeMeters>
<DistanceMeters>46514.0</DistanceMeters>
<Extensions>
<ns3:TPX>
<ns3:Speed>1.768</ns3:Speed>
</ns3:TPX>
</Extensions>
</Trackpoint>
<Trackpoint>
<Time>2026-09-03T05:22:44Z</Time>
<Position>
<LatitudeDegrees>43.2317795</LatitudeDegrees>
<LongitudeDegrees>117.6784157</LongitudeDegrees>
</Position>
<AltitudeMeters>1122.6</AltitudeMeters>
<DistanceMeters>46525.8</DistanceMeters>
<Extensions>
<ns3:TPX>
<ns3:Speed>1.607</ns3:Speed>
</ns3:TPX>
</Extensions>
</Trackpoint>
<Trackpoint>
<Time>2026-09-03T05:22:52Z</Time>
<Position>
<LatitudeDegrees>43.2317964</LatitudeDegrees>
<LongitudeDegrees>117.6785795</LongitudeDegrees>
</Position>
<AltitudeMeters>1123.2</AltitudeMeters>
<DistanceMeters>46539.1</DistanceMeters>
<Extensions>
<ns3:TPX>
<ns3:Speed>1.727</ns3:Speed>
</ns3:TPX>
</Extensions>
</Trackpoint>
<Trackpoint>
<Time>2026-09-03T05:23:00Z</Time>
<Position>
<LatitudeDegrees>43.2318256</LatitudeDegrees>
<LongitudeDegrees>117.6787401</LongitudeDegrees>
</Position>
<AltitudeMeters>1123.8</AltitudeMeters>
<DistanceMeters>46552.6</DistanceMeters>
<Extensions>
<ns3:TPX>
<ns3:Speed>1.566</ns3:Speed>
</ns3:TPX>
</Extensions>
</Trackpoint>
<Trackpoint>
<Time>2026-09-03T05:23:08Z</Time>
<Position>
<LatitudeDegrees>43.2318397</LatitudeDegrees>
<LongitudeDegrees>117.6788729</LongitudeDegrees>
</Position>
<AltitudeMeters>1124.4</AltitudeMeters>
<DistanceMeters>46562.3</DistanceMeters>
<Extensions>
<ns3:TPX>
<ns3:Speed>1.275</ns3:Speed>
</ns3:TPX>
</Extensions>
</Trackpoint>
<Trackpoint>
<Time>2026-09-03T05:23:16Z</Time>
<Position>
<LatitudeDegrees>43.2318520</LatitudeDegrees>
<LongitudeDegrees>117.6790101</LongitudeDegrees>
</Position>
<AltitudeMeters>1124.8</AltitudeMeters>
<DistanceMeters>46573.4</DistanceMeters>
<Extensions>
<ns3:TPX>
<ns3:Speed>1.471</ns3:Speed>
</ns3:TPX>
</Extensions>
</Trackpoint>
<Trackpoint>
<Time>2026-09-03T05:23:23Z</Time>
<Position>
<LatitudeDegrees>43.2318681</LatitudeDegrees>
<LongitudeDegrees>117.6790981</LongitudeDegrees>
</Position>
<AltitudeMeters>1125.4</AltitudeMeters>
<DistanceMeters>46579.1</DistanceMeters>
<Extensions>
<ns3:TPX>
<ns3:Speed>0.0</ns3:Speed>
</ns3:TPX>
</Extensions>
</Trackpoint>
<Trackpoint>
<Time>2026-09-03T05:23:38Z</Time>
<Position>
<LatitudeDegrees>43.2318875</LatitudeDegrees>
<LongitudeDegrees>117.6792937</LongitudeDegrees>
</Position>
<AltitudeMeters>1126.2</AltitudeMeters>
<DistanceMeters>46595.1</DistanceMeters>
<Extensions>
<ns3:TPX>
<ns3:Speed>1.501</ns3:Speed>
</ns3:TPX>
</Extensions>
</Trackpoint>
<Trackpoint>
<Time>2026-09-03T05:23:46Z</Time>
<Position>
<LatitudeDegrees>43.2319021</LatitudeDegrees>
<LongitudeDegrees>117.6794426</LongitudeDegrees>
</Position>
<AltitudeMeters>1126.8</AltitudeMeters>
<DistanceMeters>46607.3</DistanceMeters>
<Extensions>
<ns3:TPX>
<ns3:Speed>1.538</ns3:Speed>
</ns3:TPX>
</Extensions>
</Trackpoint>
<Trackpoint>
<Time>2026-09-03T05:23:55Z</Time>
<Position>
<LatitudeDegrees>43.2319106</LatitudeDegrees>
<LongitudeDegrees>117.6796158</LongitudeDegrees>
</Position>
<AltitudeMeters>1127.4</AltitudeMeters>
<DistanceMeters>46621.3</DistanceMeters>
<Extensions>
<ns3:TPX>
<ns3:Speed>1.556</ns3:Speed>
</ns3:TPX>
</Extensions>
</Trackpoint>
<Trackpoint>
<Time>2026-09-03T05:24:03Z</Time>
<Position>
<LatitudeDegrees>43.2319069</LatitudeDegrees>
<LongitudeDegrees>117.6797757</LongitudeDegrees>
</Position>
<AltitudeMeters>1128.2</AltitudeMeters>
<DistanceMeters>46634.3</DistanceMeters>
<Extensions>
<ns3:TPX>
<ns3:Speed>1.698</ns3:Speed>
</ns3:TPX>
</Extensions>
</Trackpoint>
<Trackpoint>
<Time>2026-09-03T05:24:11Z</Time>
<Position>
<LatitudeDegrees>43.2318900</LatitudeDegrees>
<LongitudeDegrees>117.6799438</LongitudeDegrees>
</Position>
<AltitudeMeters>1128.8</AltitudeMeters>
<DistanceMeters>46648.0</DistanceMeters>
<Extensions>
<ns3:TPX>
<ns3:Speed>1.685</ns3:Speed>
</ns3:TPX>
</Extensions>
</Trackpoint>
<Trackpoint>
<Time>2026-09-03T05:24:19Z</Time>
<Position>
<LatitudeDegrees>43.2318683</LatitudeDegrees>
<LongitudeDegrees>117.6800918</LongitudeDegrees>
</Position>
<AltitudeMeters>1129.6</AltitudeMeters>
<DistanceMeters>46660.4</DistanceMeters>
<Extensions>
<ns3:TPX>
<ns3:Speed>1.507</ns3:Speed>
</ns3:TPX>
</Extensions>
</Trackpoint>
<Trackpoint>
<Time>2026-09-03T05:24:27Z</Time>
<Position>
<LatitudeDegrees>43.2318344</LatitudeDegrees>
<LongitudeDegrees>117.6802272</LongitudeDegrees>
</Position>
<AltitudeMeters>1130.4</AltitudeMeters>
<DistanceMeters>46672.0</DistanceMeters>
<Extensions>
<ns3:TPX>
<ns3:Speed>1.515</ns3:Speed>
</ns3:TPX>
</Extensions>
</Trackpoint>
<Trackpoint>
<Time>2026-09-03T05:24:35Z</Time>
<Position>
<LatitudeDegrees>43.2317913</LatitudeDegrees>
<LongitudeDegrees>117.6803601</LongitudeDegrees>
</Position>
<AltitudeMeters>1131.2</AltitudeMeters>
<DistanceMeters>46683.8</DistanceMeters>
<Extensions>
<ns3:TPX>
<ns3:Speed>1.46</ns3:Speed>
</ns3:TPX>
</Extensions>
</Trackpoint>
<Trackpoint>
<Time>2026-09-03T05:24:43Z</Time>
<Position>
<LatitudeDegrees>43.2317410</LatitudeDegrees>
<LongitudeDegrees>117.6804860</LongitudeDegrees>
</Position>
<AltitudeMeters>1131.8</AltitudeMeters>
<DistanceMeters>46695.4</DistanceMeters>
<Extensions>
<ns3:TPX>
<ns3:Speed>1.423</ns3:Speed>
</ns3:TPX>
</Extensions>
</Trackpoint>
<Trackpoint>
<Time>2026-09-03T05:24:51Z</Time>
<Position>
<LatitudeDegrees>43.2316947</LatitudeDegrees>
<LongitudeDegrees>117.6806065</LongitudeDegrees>
</Position>
<AltitudeMeters>1132.6</AltitudeMeters>
<DistanceMeters>46706.4</DistanceMeters>
<Extensions>
<ns3:TPX>
<ns3:Speed>1.4</ns3:Speed>
</ns3:TPX>
</Extensions>
</Trackpoint>
<Trackpoint>
<Time>2026-09-03T05:24:59Z</Time>
<Position>
<LatitudeDegrees>43.2316437</LatitudeDegrees>
<LongitudeDegrees>117.6807270</LongitudeDegrees>
</Position>
<AltitudeMeters>1133.4</AltitudeMeters>
<DistanceMeters>46717.7</DistanceMeters>
<Extensions>
<ns3:TPX>
<ns3:Speed>1.476</ns3:Speed>
</ns3:TPX>
</Extensions>
</Trackpoint>
<Trackpoint>
<Time>2026-09-03T05:25:07Z</Time>
<Position>
<LatitudeDegrees>43.2315951</LatitudeDegrees>
<LongitudeDegrees>117.6808516</LongitudeDegrees>
</Position>
<AltitudeMeters>1134.0</AltitudeMeters>
<DistanceMeters>46729.1</DistanceMeters>
<Extensions>
<ns3:TPX>
<ns3:Speed>1.444</ns3:Speed>
</ns3:TPX>
</Extensions>
</Trackpoint>
<Trackpoint>
<Time>2026-09-03T05:25:15Z</Time>
<Position>
<LatitudeDegrees>43.2315409</LatitudeDegrees>
<LongitudeDegrees>117.6809810</LongitudeDegrees>
</Position>
<AltitudeMeters>1134.8</AltitudeMeters>
<DistanceMeters>46741.3</DistanceMeters>
<Extensions>
<ns3:TPX>
<ns3:Speed>1.536</ns3:Speed>
</ns3:TPX>
</Extensions>
</Trackpoint>
<Trackpoint>
<Time>2026-09-03T05:25:23Z</Time>
<Position>
<LatitudeDegrees>43.2314891</LatitudeDegrees>
<LongitudeDegrees>117.6811105</LongitudeDegrees>
</Position>
<AltitudeMeters>1135.4</AltitudeMeters>
<DistanceMeters>46753.2</DistanceMeters>
<Extensions>
<ns3:TPX>
<ns3:Speed>1.387</ns3:Speed>
</ns3:TPX>
</Extensions>
</Trackpoint>
<Trackpoint>
<Time>2026-09-03T05:25:31Z</Time>
<Position>
<LatitudeDegrees>43.2314353</LatitudeDegrees>
<LongitudeDegrees>117.6812257</LongitudeDegrees>
</Position>
<AltitudeMeters>1136.0</AltitudeMeters>
<DistanceMeters>46764.4</DistanceMeters>
<Extensions>
<ns3:TPX>
<ns3:Speed>1.539</ns3:Speed>
</ns3:TPX>
</Extensions>
</Trackpoint>
<Trackpoint>
<Time>2026-09-03T05:25:39Z</Time>
<Position>
<LatitudeDegrees>43.2313857</LatitudeDegrees>
<LongitudeDegrees>117.6813495</LongitudeDegrees>
</Position>
<AltitudeMeters>1136.4</AltitudeMeters>
<DistanceMeters>46775.8</DistanceMeters>
<Extensions>
<ns3:TPX>
<ns3:Speed>1.33</ns3:Speed>
</ns3:TPX>
</Extensions>
</Trackpoint>
<Trackpoint>
<Time>2026-09-03T05:25:47Z</Time>
<Position>
<LatitudeDegrees>43.2313277</LatitudeDegrees>
<LongitudeDegrees>117.6814627</LongitudeDegrees>
</Position>
<AltitudeMeters>1137.2</AltitudeMeters>
<DistanceMeters>46787.0</DistanceMeters>
<Extensions>
<ns3:TPX>
<ns3:Speed>1.393</ns3:Speed>
</ns3:TPX>
</Extensions>
</Trackpoint>
<Trackpoint>
<Time>2026-09-03T05:25:55Z</Time>
<Position>
<LatitudeDegrees>43.2312823</LatitudeDegrees>
<LongitudeDegrees>117.6815839</LongitudeDegrees>
</Position>
<AltitudeMeters>1137.8</AltitudeMeters>
<DistanceMeters>46798.1</DistanceMeters>
<Extensions>
<ns3:TPX>
<ns3:Speed>1.44</ns3:Speed>
</ns3:TPX>
</Extensions>
</Trackpoint>
<Trackpoint>
<Time>2026-09-03T05:26:03Z</Time>
<Position>
<LatitudeDegrees>43.2312321</LatitudeDegrees>
<LongitudeDegrees>117.6817030</LongitudeDegrees>
</Position>
<AltitudeMeters>1138.6</AltitudeMeters>
<DistanceMeters>46809.3</DistanceMeters>
<Extensions>
<ns3:TPX>
<ns3:Speed>1.369</ns3:Speed>
</ns3:TPX>
</Extensions>
</Trackpoint>
<Trackpoint>
<Time>2026-09-03T05:26:11Z</Time>
<Position>
<LatitudeDegrees>43.2311854</LatitudeDegrees>
<LongitudeDegrees>117.6818173</LongitudeDegrees>
</Position>
<AltitudeMeters>1139.2</AltitudeMeters>
<DistanceMeters>46819.9</DistanceMeters>
<Extensions>
<ns3:TPX>
<ns3:Speed>1.357</ns3:Speed>
</ns3:TPX>
</Extensions>
</Trackpoint>
<Trackpoint>
<Time>2026-09-03T05:26:20Z</Time>
<Position>
<LatitudeDegrees>43.2311318</LatitudeDegrees>
<LongitudeDegrees>117.6819375</LongitudeDegrees>
</Position>
<AltitudeMeters>1140.0</AltitudeMeters>
<DistanceMeters>46831.3</DistanceMeters>
<Extensions>
<ns3:TPX>
<ns3:Speed>1.459</ns3:Speed>
</ns3:TPX>
</Extensions>
</Trackpoint>
<Trackpoint>
<Time>2026-09-03T05:26:28Z</Time>
<Position>
<LatitudeDegrees>43.2310841</LatitudeDegrees>
<LongitudeDegrees>117.6820595</LongitudeDegrees>
</Position>
<AltitudeMeters>1140.6</AltitudeMeters>
<DistanceMeters>46842.5</DistanceMeters>
<Extensions>
<ns3:TPX>
<ns3:Speed>1.281</ns3:Speed>
</ns3:TPX>
</Extensions>
</Trackpoint>
<Trackpoint>
<Time>2026-09-03T05:26:36Z</Time>
<Position>
<LatitudeDegrees>43.2310384</LatitudeDegrees>
<LongitudeDegrees>117.6821741</LongitudeDegrees>
</Position>
<AltitudeMeters>1141.2</AltitudeMeters>
<DistanceMeters>46853.1</DistanceMeters>
<Extensions>
<ns3:TPX>
<ns3:Speed>1.348</ns3:Speed>
</ns3:TPX>
</Extensions>
</Trackpoint>
<Trackpoint>
<Time>2026-09-03T05:26:44Z</Time>
<Position>
<LatitudeDegrees>43.2309904</LatitudeDegrees>
<LongitudeDegrees>117.6822894</LongitudeDegrees>
</Position>
<AltitudeMeters>1141.6</AltitudeMeters>
<DistanceMeters>46863.9</DistanceMeters>
<Extensions>
<ns3:TPX>
<ns3:Speed>1.355</ns3:Speed>
</ns3:TPX>
</Extensions>
</Trackpoint>
<Trackpoint>
<Time>2026-09-03T05:26:52Z</Time>
<Position>
<LatitudeDegrees>43.2309455</LatitudeDegrees>
<LongitudeDegrees>117.6824108</LongitudeDegrees>
</Position>
<AltitudeMeters>1142.4</AltitudeMeters>
<DistanceMeters>46874.9</DistanceMeters>
<Extensions>
<ns3:TPX>
<ns3:Speed>1.4</ns3:Speed>
</ns3:TPX>
</Extensions>
</Trackpoint>
<Trackpoint>
<Time>2026-09-03T05:27:00Z</Time>
<Position>
<LatitudeDegrees>43.2308883</LatitudeDegrees>
<LongitudeDegrees>117.6825283</LongitudeDegrees>
</Position>
<AltitudeMeters>1143.0</AltitudeMeters>
<DistanceMeters>46886.4</DistanceMeters>
<Extensions>
<ns3:TPX>
<ns3:Speed>1.485</ns3:Speed>
</ns3:TPX>
</Extensions>
</Trackpoint>
<Trackpoint>
<Time>2026-09-03T05:27:08Z</Time>
<Position>
<LatitudeDegrees>43.2308394</LatitudeDegrees>
<LongitudeDegrees>117.6826558</LongitudeDegrees>
</Position>
<AltitudeMeters>1143.6</AltitudeMeters>
<DistanceMeters>46898.0</DistanceMeters>
<Extensions>
<ns3:TPX>
<ns3:Speed>1.433</ns3:Speed>
</ns3:TPX>
</Extensions>
</Trackpoint>
<Trackpoint>
<Time>2026-09-03T05:27:16Z</Time>
<Position>
<LatitudeDegrees>43.2307868</LatitudeDegrees>
<LongitudeDegrees>117.6827771</LongitudeDegrees>
</Position>
<AltitudeMeters>1144.4</AltitudeMeters>
<DistanceMeters>46909.5</DistanceMeters>
<Extensions>
<ns3:TPX>
<ns3:Speed>1.406</ns3:Speed>
</ns3:TPX>
</Extensions>
</Trackpoint>
<Trackpoint>
<Time>2026-09-03T05:27:24Z</Time>
<Position>
<LatitudeDegrees>43.2307343</LatitudeDegrees>
<LongitudeDegrees>117.6829037</LongitudeDegrees>
</Position>
<AltitudeMeters>1145.0</AltitudeMeters>
<DistanceMeters>46921.3</DistanceMeters>
<Extensions>
<ns3:TPX>
<ns3:Speed>1.484</ns3:Speed>
</ns3:TPX>
</Extensions>
</Trackpoint>
<Trackpoint>
<Time>2026-09-03T05:27:32Z</Time>
<Position>
<LatitudeDegrees>43.2306796</LatitudeDegrees>
<LongitudeDegrees>117.6830334</LongitudeDegrees>
</Position>
<AltitudeMeters>1145.6</AltitudeMeters>
<DistanceMeters>46933.4</DistanceMeters>
<Extensions>
<ns3:TPX>
<ns3:Speed>1.519</ns3:Speed>
</ns3:TPX>
</Extensions>
</Trackpoint>
<Trackpoint>
<Time>2026-09-03T05:27:40Z</Time>
<Position>
<LatitudeDegrees>43.2306239</LatitudeDegrees>
<LongitudeDegrees>117.6831660</LongitudeDegrees>
</Position>
<AltitudeMeters>1146.4</AltitudeMeters>
<DistanceMeters>46945.8</DistanceMeters>
<Extensions>
<ns3:TPX>
<ns3:Speed>1.495</ns3:Speed>
</ns3:TPX>
</Extensions>
</Trackpoint>
<Trackpoint>
<Time>2026-09-03T05:27:48Z</Time>
<Position>
<LatitudeDegrees>43.2305675</LatitudeDegrees>
<LongitudeDegrees>117.6832913</LongitudeDegrees>
</Position>
<AltitudeMeters>1147.0</AltitudeMeters>
<DistanceMeters>46957.7</DistanceMeters>
<Extensions>
<ns3:TPX>
<ns3:Speed>1.533</ns3:Speed>
</ns3:TPX>
</Extensions>
</Trackpoint>
<Trackpoint>
<Time>2026-09-03T05:27:56Z</Time>
<Position>
<LatitudeDegrees>43.2305170</LatitudeDegrees>
<LongitudeDegrees>117.6834160</LongitudeDegrees>
</Position>
<AltitudeMeters>1147.8</AltitudeMeters>
<DistanceMeters>46969.3</DistanceMeters>
<Extensions>
<ns3:TPX>
<ns3:Speed>1.411</ns3:Speed>
</ns3:TPX>
</Extensions>
</Trackpoint>
<Trackpoint>
<Time>2026-09-03T05:28:04Z</Time>
<Position>
<LatitudeDegrees>43.2304637</LatitudeDegrees>
<LongitudeDegrees>117.6835381</LongitudeDegrees>
</Position>
<AltitudeMeters>1148.4</AltitudeMeters>
<DistanceMeters>46980.8</DistanceMeters>
<Extensions>
<ns3:TPX>
<ns3:Speed>1.479</ns3:Speed>
</ns3:TPX>
</Extensions>
</Trackpoint>
<Trackpoint>
<Time>2026-09-03T05:28:12Z</Time>
<Position>
<LatitudeDegrees>43.2304151</LatitudeDegrees>
<LongitudeDegrees>117.6836633</LongitudeDegrees>
</Position>
<AltitudeMeters>1149.0</AltitudeMeters>
<DistanceMeters>46992.3</DistanceMeters>
<Extensions>
<ns3:TPX>
<ns3:Speed>1.361</ns3:Speed>
</ns3:TPX>
</Extensions>
</Trackpoint>
<Trackpoint>
<Time>2026-09-03T05:28:20Z</Time>
<Position>
<LatitudeDegrees>43.2303642</LatitudeDegrees>
<LongitudeDegrees>117.6837876</LongitudeDegrees>
</Position>
<AltitudeMeters>1149.8</AltitudeMeters>
<DistanceMeters>47003.8</DistanceMeters>
<Extensions>
<ns3:TPX>
<ns3:Speed>1.473</ns3:Speed>
</ns3:TPX>
</Extensions>
</Trackpoint>
<Trackpoint>
<Time>2026-09-03T05:28:28Z</Time>
<Position>
<LatitudeDegrees>43.2303166</LatitudeDegrees>
<LongitudeDegrees>117.6839055</LongitudeDegrees>
</Position>
<AltitudeMeters>1150.4</AltitudeMeters>
<DistanceMeters>47014.7</DistanceMeters>
<Extensions>
<ns3:TPX>
<ns3:Speed>1.298</ns3:Speed>
</ns3:TPX>
</Extensions>
</Trackpoint>
<Trackpoint>
<Time>2026-09-03T05:28:36Z</Time>
<Position>
<LatitudeDegrees>43.2302655</LatitudeDegrees>
<LongitudeDegrees>117.6840190</LongitudeDegrees>
</Position>
<AltitudeMeters>1151.0</AltitudeMeters>
<DistanceMeters>47025.5</DistanceMeters>
<Extensions>
<ns3:TPX>
<ns3:Speed>1.416</ns3:Speed>
</ns3:TPX>
</Extensions>
</Trackpoint>
<Trackpoint>
<Time>2026-09-03T05:28:45Z</Time>
<Position>
<LatitudeDegrees>43.2302120</LatitudeDegrees>
<LongitudeDegrees>117.6841584</LongitudeDegrees>
</Position>
<AltitudeMeters>1151.6</AltitudeMeters>
<DistanceMeters>47038.3</DistanceMeters>
<Extensions>
<ns3:TPX>
<ns3:Speed>1.503</ns3:Speed>
</ns3:TPX>
</Extensions>
</Trackpoint>
<Trackpoint>
<Time>2026-09-03T05:28:53Z</Time>
<Position>
<LatitudeDegrees>43.2301582</LatitudeDegrees>
<LongitudeDegrees>117.6842659</LongitudeDegrees>
</Position>
<AltitudeMeters>1152.4</AltitudeMeters>
<DistanceMeters>47048.9</DistanceMeters>
<Extensions>
<ns3:TPX>
<ns3:Speed>1.379</ns3:Speed>
</ns3:TPX>
</Extensions>
</Trackpoint>
<Trackpoint>
<Time>2026-09-03T05:29:01Z</Time>
<Position>
<LatitudeDegrees>43.2301144</LatitudeDegrees>
<LongitudeDegrees>117.6843827</LongitudeDegrees>
</Position>
<AltitudeMeters>1153.0</AltitudeMeters>
<DistanceMeters>47059.5</DistanceMeters>
<Extensions>
<ns3:TPX>
<ns3:Speed>1.706</ns3:Speed>
</ns3:TPX>
</Extensions>
</Trackpoint>
<Trackpoint>
<Time>2026-09-03T05:29:09Z</Time>
<Position>
<LatitudeDegrees>43.2300505</LatitudeDegrees>
<LongitudeDegrees>117.6845203</LongitudeDegrees>
</Position>
<AltitudeMeters>1153.8</AltitudeMeters>
<DistanceMeters>47072.8</DistanceMeters>
<Extensions>
<ns3:TPX>
<ns3:Speed>1.641</ns3:Speed>
</ns3:TPX>
</Extensions>
</Trackpoint>
<Trackpoint>
<Time>2026-09-03T05:29:17Z</Time>
<Position>
<LatitudeDegrees>43.2299882</LatitudeDegrees>
<LongitudeDegrees>117.6846571</LongitudeDegrees>
</Position>
<AltitudeMeters>1154.6</AltitudeMeters>
<DistanceMeters>47085.8</DistanceMeters>
<Extensions>
<ns3:TPX>
<ns3:Speed>1.659</ns3:Speed>
</ns3:TPX>
</Extensions>
</Trackpoint>
<Trackpoint>
<Time>2026-09-03T05:29:25Z</Time>
<Position>
<LatitudeDegrees>43.2299265</LatitudeDegrees>
<LongitudeDegrees>117.6847945</LongitudeDegrees>
</Position>
<AltitudeMeters>1155.2</AltitudeMeters>
<DistanceMeters>47098.9</DistanceMeters>
<Extensions>
<ns3:TPX>
<ns3:Speed>1.706</ns3:Speed>
</ns3:TPX>
</Extensions>
</Trackpoint>
<Trackpoint>
<Time>2026-09-03T05:29:33Z</Time>
<Position>
<LatitudeDegrees>43.2298691</LatitudeDegrees>
<LongitudeDegrees>117.6849398</LongitudeDegrees>
</Position>
<AltitudeMeters>1155.8</AltitudeMeters>
<DistanceMeters>47112.3</DistanceMeters>
<Extensions>
<ns3:TPX>
<ns3:Speed>1.626</ns3:Speed>
</ns3:TPX>
</Extensions>
</Trackpoint>
<Trackpoint>
<Time>2026-09-03T05:29:41Z</Time>
<Position>
<LatitudeDegrees>43.2298067</LatitudeDegrees>
<LongitudeDegrees>117.6850795</LongitudeDegrees>
</Position>
<AltitudeMeters>1156.6</AltitudeMeters>
<DistanceMeters>47125.6</DistanceMeters>
<Extensions>
<ns3:TPX>
<ns3:Speed>1.673</ns3:Speed>
</ns3:TPX>
</Extensions>
</Trackpoint>
<Trackpoint>
<Time>2026-09-03T05:29:49Z</Time>
<Position>
<LatitudeDegrees>43.2297446</LatitudeDegrees>
<LongitudeDegrees>117.6852227</LongitudeDegrees>
</Position>
<AltitudeMeters>1157.4</AltitudeMeters>
<DistanceMeters>47139.0</DistanceMeters>
<Extensions>
<ns3:TPX>
<ns3:Speed>1.647</ns3:Speed>
</ns3:TPX>
</Extensions>
</Trackpoint>
<Trackpoint>
<Time>2026-09-03T05:29:57Z</Time>
<Position>
<LatitudeDegrees>43.2296858</LatitudeDegrees>
<LongitudeDegrees>117.6853641</LongitudeDegrees>
</Position>
<AltitudeMeters>1158.2</AltitudeMeters>
<DistanceMeters>47152.2</DistanceMeters>
<Extensions>
<ns3:TPX>
<ns3:Speed>1.607</ns3:Speed>
</ns3:TPX>
</Extensions>
</Trackpoint>
<Trackpoint>
<Time>2026-09-03T05:30:05Z</Time>
<Position>
<LatitudeDegrees>43.2296271</LatitudeDegrees>
<LongitudeDegrees>117.6855024</LongitudeDegrees>
</Position>
<AltitudeMeters>1158.8</AltitudeMeters>
<DistanceMeters>47165.2</DistanceMeters>
<Extensions>
<ns3:TPX>
<ns3:Speed>1.54</ns3:Speed>
</ns3:TPX>
</Extensions>
</Trackpoint>
<Trackpoint>
<Time>2026-09-03T05:30:11Z</Time>
<Position>
<LatitudeDegrees>43.2295807</LatitudeDegrees>
<LongitudeDegrees>117.6855932</LongitudeDegrees>
</Position>
<AltitudeMeters>1159.4</AltitudeMeters>
<DistanceMeters>47174.3</DistanceMeters>
<Extensions>
<ns3:TPX>
<ns3:Speed>1.502</ns3:Speed>
</ns3:TPX>
</Extensions>
</Trackpoint>
<Trackpoint>
<Time>2026-09-03T05:30:14Z</Time>
<Position>
<LatitudeDegrees>43.2295451</LatitudeDegrees>
<LongitudeDegrees>117.6855834</LongitudeDegrees>
</Position>
<AltitudeMeters>1159.4</AltitudeMeters>
<DistanceMeters>47178.6</DistanceMeters>
<Extensions>
<ns3:TPX>
<ns3:Speed>1.398</ns3:Speed>
</ns3:TPX>
</Extensions>
</Trackpoint>
<Trackpoint>
<Time>2026-09-03T05:30:19Z</Time>
<Position>
<LatitudeDegrees>43.2295248</LatitudeDegrees>
<LongitudeDegrees>117.6855044</LongitudeDegrees>
</Position>
<AltitudeMeters>1159.4</AltitudeMeters>
<DistanceMeters>47185.6</DistanceMeters>
<Extensions>
<ns3:TPX>
<ns3:Speed>1.09</ns3:Speed>
</ns3:TPX>
</Extensions>
</Trackpoint>
<Trackpoint>
<Time>2026-09-03T05:30:24Z</Time>
<Position>
<LatitudeDegrees>43.2295359</LatitudeDegrees>
<LongitudeDegrees>117.6854463</LongitudeDegrees>
</Position>
<AltitudeMeters>1159.2</AltitudeMeters>
<DistanceMeters>47188.2</DistanceMeters>
<Extensions>
<ns3:TPX>
<ns3:Speed>0.0</ns3:Speed>
</ns3:TPX>
</Extensions>
</Trackpoint>
<Trackpoint>
<Time>2026-09-03T06:00:01Z</Time>
<Position>
<LatitudeDegrees>43.2295678</LatitudeDegrees>
<LongitudeDegrees>117.6856189</LongitudeDegrees>
</Position>
<AltitudeMeters>1161.6</AltitudeMeters>
<DistanceMeters>47202.6</DistanceMeters>
<Extensions>
<ns3:TPX>
<ns3:Speed>1.397</ns3:Speed>
</ns3:TPX>
</Extensions>
</Trackpoint>
<Trackpoint>
<Time>2026-09-03T06:00:09Z</Time>
<Position>
<LatitudeDegrees>43.2294995</LatitudeDegrees>
<LongitudeDegrees>117.6857822</LongitudeDegrees>
</Position>
<AltitudeMeters>1161.8</AltitudeMeters>
<DistanceMeters>47217.9</DistanceMeters>
<Extensions>
<ns3:TPX>
<ns3:Speed>1.667</ns3:Speed>
</ns3:TPX>
</Extensions>
</Trackpoint>
<Trackpoint>
<Time>2026-09-03T06:00:17Z</Time>
<Position>
<LatitudeDegrees>43.2294422</LatitudeDegrees>
<LongitudeDegrees>117.6859214</LongitudeDegrees>
</Position>
<AltitudeMeters>1162.2</AltitudeMeters>
<DistanceMeters>47230.9</DistanceMeters>
<Extensions>
<ns3:TPX>
<ns3:Speed>1.675</ns3:Speed>
</ns3:TPX>
</Extensions>
</Trackpoint>
<Trackpoint>
<Time>2026-09-03T06:00:25Z</Time>
<Position>
<LatitudeDegrees>43.2293867</LatitudeDegrees>
<LongitudeDegrees>117.6860660</LongitudeDegrees>
</Position>
<AltitudeMeters>1163.0</AltitudeMeters>
<DistanceMeters>47244.1</DistanceMeters>
<Extensions>
<ns3:TPX>
<ns3:Speed>1.635</ns3:Speed>
</ns3:TPX>
</Extensions>
</Trackpoint>
<Trackpoint>
<Time>2026-09-03T06:00:33Z</Time>
<Position>
<LatitudeDegrees>43.2293217</LatitudeDegrees>
<LongitudeDegrees>117.6862192</LongitudeDegrees>
</Position>
<AltitudeMeters>1163.6</AltitudeMeters>
<DistanceMeters>47258.5</DistanceMeters>
<Extensions>
<ns3:TPX>
<ns3:Speed>1.826</ns3:Speed>
</ns3:TPX>
</Extensions>
</Trackpoint>
<Trackpoint>
<Time>2026-09-03T06:00:41Z</Time>
<Position>
<LatitudeDegrees>43.2292557</LatitudeDegrees>
<LongitudeDegrees>117.6863855</LongitudeDegrees>
</Position>
<AltitudeMeters>1164.4</AltitudeMeters>
<DistanceMeters>47273.8</DistanceMeters>
<Extensions>
<ns3:TPX>
<ns3:Speed>2.003</ns3:Speed>
</ns3:TPX>
</Extensions>
</Trackpoint>
<Trackpoint>
<Time>2026-09-03T06:00:49Z</Time>
<Position>
<LatitudeDegrees>43.2291828</LatitudeDegrees>
<LongitudeDegrees>117.6865456</LongitudeDegrees>
</Position>
<AltitudeMeters>1165.0</AltitudeMeters>
<DistanceMeters>47289.1</DistanceMeters>
<Extensions>
<ns3:TPX>
<ns3:Speed>1.864</ns3:Speed>
</ns3:TPX>
</Extensions>
</Trackpoint>
<Trackpoint>
<Time>2026-09-03T06:00:57Z</Time>
<Position>
<LatitudeDegrees>43.2291110</LatitudeDegrees>
<LongitudeDegrees>117.6867012</LongitudeDegrees>
</Position>
<AltitudeMeters>1165.4</AltitudeMeters>
<DistanceMeters>47304.0</DistanceMeters>
<Extensions>
<ns3:TPX>
<ns3:Speed>1.903</ns3:Speed>
</ns3:TPX>
</Extensions>
</Trackpoint>
<Trackpoint>
<Time>2026-09-03T06:01:05Z</Time>
<Position>
<LatitudeDegrees>43.2290419</LatitudeDegrees>
<LongitudeDegrees>117.6868716</LongitudeDegrees>
</Position>
<AltitudeMeters>1166.0</AltitudeMeters>
<DistanceMeters>47319.8</DistanceMeters>
<Extensions>
<ns3:TPX>
<ns3:Speed>2.031</ns3:Speed>
</ns3:TPX>
</Extensions>
</Trackpoint>
<Trackpoint>
<Time>2026-09-03T06:01:13Z</Time>
<Position>
<LatitudeDegrees>43.2289708</LatitudeDegrees>
<LongitudeDegrees>117.6870471</LongitudeDegrees>
</Position>
<AltitudeMeters>1166.6</AltitudeMeters>
<DistanceMeters>47336.0</DistanceMeters>
<Extensions>
<ns3:TPX>
<ns3:Speed>1.809</ns3:Speed>
</ns3:TPX>
</Extensions>
</Trackpoint>
<Trackpoint>
<Time>2026-09-03T06:01:21Z</Time>
<Position>
<LatitudeDegrees>43.2288995</LatitudeDegrees>
<LongitudeDegrees>117.6871975</LongitudeDegrees>
</Position>
<AltitudeMeters>1166.8</AltitudeMeters>
<DistanceMeters>47350.6</DistanceMeters>
<Extensions>
<ns3:TPX>
<ns3:Speed>1.948</ns3:Speed>
</ns3:TPX>
</Extensions>
</Trackpoint>
<Trackpoint>
<Time>2026-09-03T06:01:29Z</Time>
<Position>
<LatitudeDegrees>43.2288249</LatitudeDegrees>
<LongitudeDegrees>117.6873603</LongitudeDegrees>
</Position>
<AltitudeMeters>1167.2</AltitudeMeters>
<DistanceMeters>47366.1</DistanceMeters>
<Extensions>
<ns3:TPX>
<ns3:Speed>1.954</ns3:Speed>
</ns3:TPX>
</Extensions>
</Trackpoint>
<Trackpoint>
<Time>2026-09-03T06:01:37Z</Time>
<Position>
<LatitudeDegrees>43.2287481</LatitudeDegrees>
<LongitudeDegrees>117.6874912</LongitudeDegrees>
</Position>
<AltitudeMeters>1167.6</AltitudeMeters>
<DistanceMeters>47379.8</DistanceMeters>
<Extensions>
<ns3:TPX>
<ns3:Speed>1.835</ns3:Speed>
</ns3:TPX>
</Extensions>
</Trackpoint>
<Trackpoint>
<Time>2026-09-03T06:01:45Z</Time>
<Position>
<LatitudeDegrees>43.2286573</LatitudeDegrees>
<LongitudeDegrees>117.6876381</LongitudeDegrees>
</Position>
<AltitudeMeters>1168.0</AltitudeMeters>
<DistanceMeters>47395.4</DistanceMeters>
<Extensions>
<ns3:TPX>
<ns3:Speed>2.012</ns3:Speed>
</ns3:TPX>
</Extensions>
</Trackpoint>
<Trackpoint>
<Time>2026-09-03T06:01:53Z</Time>
<Position>
<LatitudeDegrees>43.2285490</LatitudeDegrees>
<LongitudeDegrees>117.6877882</LongitudeDegrees>
</Position>
<AltitudeMeters>1168.6</AltitudeMeters>
<DistanceMeters>47412.4</DistanceMeters>
<Extensions>
<ns3:TPX>
<ns3:Speed>2.196</ns3:Speed>
</ns3:TPX>
</Extensions>
</Trackpoint>
<Trackpoint>
<Time>2026-09-03T06:02:01Z</Time>
<Position>
<LatitudeDegrees>43.2284326</LatitudeDegrees>
<LongitudeDegrees>117.6879425</LongitudeDegrees>
</Position>
<AltitudeMeters>1169.0</AltitudeMeters>
<DistanceMeters>47430.4</DistanceMeters>
<Extensions>
<ns3:TPX>
<ns3:Speed>2.303</ns3:Speed>
</ns3:TPX>
</Extensions>
</Trackpoint>
<Trackpoint>
<Time>2026-09-03T06:02:09Z</Time>
<Position>
<LatitudeDegrees>43.2283062</LatitudeDegrees>
<LongitudeDegrees>117.6881040</LongitudeDegrees>
</Position>
<AltitudeMeters>1169.6</AltitudeMeters>
<DistanceMeters>47449.6</DistanceMeters>
<Extensions>
<ns3:TPX>
<ns3:Speed>2.177</ns3:Speed>
</ns3:TPX>
</Extensions>
</Trackpoint>
<Trackpoint>
<Time>2026-09-03T06:02:18Z</Time>
<Position>
<LatitudeDegrees>43.2281906</LatitudeDegrees>
<LongitudeDegrees>117.6882534</LongitudeDegrees>
</Position>
<AltitudeMeters>1170.0</AltitudeMeters>
<DistanceMeters>47467.2</DistanceMeters>
<Extensions>
<ns3:TPX>
<ns3:Speed>2.266</ns3:Speed>
</ns3:TPX>
</Extensions>
</Trackpoint>
<Trackpoint>
<Time>2026-09-03T06:02:26Z</Time>
<Position>
<LatitudeDegrees>43.2280600</LatitudeDegrees>
<LongitudeDegrees>117.6884212</LongitudeDegrees>
</Position>
<AltitudeMeters>1170.6</AltitudeMeters>
<DistanceMeters>47487.1</DistanceMeters>
<Extensions>
<ns3:TPX>
<ns3:Speed>2.416</ns3:Speed>
</ns3:TPX>
</Extensions>
</Trackpoint>
<Trackpoint>
<Time>2026-09-03T06:02:34Z</Time>
<Position>
<LatitudeDegrees>43.2279407</LatitudeDegrees>
<LongitudeDegrees>117.6885854</LongitudeDegrees>
</Position>
<AltitudeMeters>1170.8</AltitudeMeters>
<DistanceMeters>47505.9</DistanceMeters>
<Extensions>
<ns3:TPX>
<ns3:Speed>2.487</ns3:Speed>
</ns3:TPX>
</Extensions>
</Trackpoint>
<Trackpoint>
<Time>2026-09-03T06:02:42Z</Time>
<Position>
<LatitudeDegrees>43.2278000</LatitudeDegrees>
<LongitudeDegrees>117.6887609</LongitudeDegrees>
</Position>
<AltitudeMeters>1171.0</AltitudeMeters>
<DistanceMeters>47527.0</DistanceMeters>
<Extensions>
<ns3:TPX>
<ns3:Speed>2.715</ns3:Speed>
</ns3:TPX>
</Extensions>
</Trackpoint>
<Trackpoint>
<Time>2026-09-03T06:02:50Z</Time>
<Position>
<LatitudeDegrees>43.2276308</LatitudeDegrees>
<LongitudeDegrees>117.6889790</LongitudeDegrees>
</Position>
<AltitudeMeters>1171.0</AltitudeMeters>
<DistanceMeters>47552.8</DistanceMeters>
<Extensions>
<ns3:TPX>
<ns3:Speed>3.512</ns3:Speed>
</ns3:TPX>
</Extensions>
</Trackpoint>
<Trackpoint>
<Time>2026-09-03T06:02:58Z</Time>
<Position>
<LatitudeDegrees>43.2274220</LatitudeDegrees>
<LongitudeDegrees>117.6892485</LongitudeDegrees>
</Position>
<AltitudeMeters>1170.6</AltitudeMeters>
<DistanceMeters>47584.6</DistanceMeters>
<Extensions>
<ns3:TPX>
<ns3:Speed>4.449</ns3:Speed>
</ns3:TPX>
</Extensions>
</Trackpoint>
<Trackpoint>
<Time>2026-09-03T06:03:06Z</Time>
<Position>
<LatitudeDegrees>43.2271703</LatitudeDegrees>
<LongitudeDegrees>117.6895858</LongitudeDegrees>
</Position>
<AltitudeMeters>1170.2</AltitudeMeters>
<DistanceMeters>47623.6</DistanceMeters>
<Extensions>
<ns3:TPX>
<ns3:Speed>5.261</ns3:Speed>
</ns3:TPX>
</Extensions>
</Trackpoint>
<Trackpoint>
<Time>2026-09-03T06:03:14Z</Time>
<Position>
<LatitudeDegrees>43.2268961</LatitudeDegrees>
<LongitudeDegrees>117.6899955</LongitudeDegrees>
</Position>
<AltitudeMeters>1169.6</AltitudeMeters>
<DistanceMeters>47668.6</DistanceMeters>
<Extensions>
<ns3:TPX>
<ns3:Speed>6.018</ns3:Speed>
</ns3:TPX>
</Extensions>
</Trackpoint>
<Trackpoint>
<Time>2026-09-03T06:03:22Z</Time>
<Position>
<LatitudeDegrees>43.2266081</LatitudeDegrees>
<LongitudeDegrees>117.6904831</LongitudeDegrees>
</Position>
<AltitudeMeters>1168.8</AltitudeMeters>
<DistanceMeters>47719.4</DistanceMeters>
<Extensions>
<ns3:TPX>
<ns3:Speed>6.636</ns3:Speed>
</ns3:TPX>
</Extensions>
</Trackpoint>
<Trackpoint>
<Time>2026-09-03T06:03:30Z</Time>
<Position>
<LatitudeDegrees>43.2262926</LatitudeDegrees>
<LongitudeDegrees>117.6910099</LongitudeDegrees>
</Position>
<AltitudeMeters>1167.8</AltitudeMeters>
<DistanceMeters>47774.5</DistanceMeters>
<Extensions>
<ns3:TPX>
<ns3:Speed>6.768</ns3:Speed>
</ns3:TPX>
</Extensions>
</Trackpoint>
<Trackpoint>
<Time>2026-09-03T06:03:38Z</Time>
<Position>
<LatitudeDegrees>43.2260325</LatitudeDegrees>
<LongitudeDegrees>117.6914420</LongitudeDegrees>
</Position>
<AltitudeMeters>1166.4</AltitudeMeters>
<DistanceMeters>47819.9</DistanceMeters>
<Extensions>
<ns3:TPX>
<ns3:Speed>5.237</ns3:Speed>
</ns3:TPX>
</Extensions>
</Trackpoint>
<Trackpoint>
<Time>2026-09-03T06:03:46Z</Time>
<Position>
<LatitudeDegrees>43.2257464</LatitudeDegrees>
<LongitudeDegrees>117.6919198</LongitudeDegrees>
</Position>
<AltitudeMeters>1165.0</AltitudeMeters>
<DistanceMeters>47869.9</DistanceMeters>
<Extensions>
<ns3:TPX>
<ns3:Speed>7.663</ns3:Speed>
</ns3:TPX>
</Extensions>
</Trackpoint>
<Trackpoint>
<Time>2026-09-03T06:03:54Z</Time>
<Position>
<LatitudeDegrees>43.2253691</LatitudeDegrees>
<LongitudeDegrees>117.6925500</LongitudeDegrees>
</Position>
<AltitudeMeters>1161.2</AltitudeMeters>
<DistanceMeters>47935.9</DistanceMeters>
<Extensions>
<ns3:TPX>
<ns3:Speed>8.135</ns3:Speed>
</ns3:TPX>
</Extensions>
</Trackpoint>
<Trackpoint>
<Time>2026-09-03T06:04:02Z</Time>
<Position>
<LatitudeDegrees>43.2249904</LatitudeDegrees>
<LongitudeDegrees>117.6931743</LongitudeDegrees>
</Position>
<AltitudeMeters>1158.4</AltitudeMeters>
<DistanceMeters>48001.6</DistanceMeters>
<Extensions>
<ns3:TPX>
<ns3:Speed>8.52</ns3:Speed>
</ns3:TPX>
</Extensions>
</Trackpoint>
<Trackpoint>
<Time>2026-09-03T06:04:08Z</Time>
<Position>
<LatitudeDegrees>43.2246999</LatitudeDegrees>
<LongitudeDegrees>117.6937257</LongitudeDegrees>
</Position>
<AltitudeMeters>1156.0</AltitudeMeters>
<DistanceMeters>48056.7</DistanceMeters>
<Extensions>
<ns3:TPX>
<ns3:Speed>9.921</ns3:Speed>
</ns3:TPX>
</Extensions>
</Trackpoint>
<Trackpoint>
<Time>2026-09-03T06:04:11Z</Time>
<Position>
<LatitudeDegrees>43.2245763</LatitudeDegrees>
<LongitudeDegrees>117.6940621</LongitudeDegrees>
</Position>
<AltitudeMeters>1154.4</AltitudeMeters>
<DistanceMeters>48087.2</DistanceMeters>
<Extensions>
<ns3:TPX>
<ns3:Speed>10.026</ns3:Speed>
</ns3:TPX>
</Extensions>
</Trackpoint>
<Trackpoint>
<Time>2026-09-03T06:04:14Z</Time>
<Position>
<LatitudeDegrees>43.2244979</LatitudeDegrees>
<LongitudeDegrees>117.6944350</LongitudeDegrees>
</Position>
<AltitudeMeters>1152.8</AltitudeMeters>
<DistanceMeters>48118.6</DistanceMeters>
<Extensions>
<ns3:TPX>
<ns3:Speed>10.903</ns3:Speed>
</ns3:TPX>
</Extensions>
</Trackpoint>
<Trackpoint>
<Time>2026-09-03T06:04:22Z</Time>
<Position>
<LatitudeDegrees>43.2243624</LatitudeDegrees>
<LongitudeDegrees>117.6955977</LongitudeDegrees>
</Position>
<AltitudeMeters>1148.6</AltitudeMeters>
<DistanceMeters>48213.8</DistanceMeters>
<Extensions>
<ns3:TPX>
<ns3:Speed>12.501</ns3:Speed>
</ns3:TPX>
</Extensions>
</Trackpoint>
<Trackpoint>
<Time>2026-09-03T06:04:30Z</Time>
<Position>
<LatitudeDegrees>43.2242187</LatitudeDegrees>
<LongitudeDegrees>117.6968080</LongitudeDegrees>
</Position>
<AltitudeMeters>1145.2</AltitudeMeters>
<DistanceMeters>48313.0</DistanceMeters>
<Extensions>
<ns3:TPX>
<ns3:Speed>11.883</ns3:Speed>
</ns3:TPX>
</Extensions>
</Trackpoint>
<Trackpoint>
<Time>2026-09-03T06:04:38Z</Time>
<Position>
<LatitudeDegrees>43.2240768</LatitudeDegrees>
<LongitudeDegrees>117.6978744</LongitudeDegrees>
</Position>
<AltitudeMeters>1143.0</AltitudeMeters>
<DistanceMeters>48400.7</DistanceMeters>
<Extensions>
<ns3:TPX>
<ns3:Speed>9.516</ns3:Speed>
</ns3:TPX>
</Extensions>
</Trackpoint>
<Trackpoint>
<Time>2026-09-03T06:04:46Z</Time>
<Position>
<LatitudeDegrees>43.2240120</LatitudeDegrees>
<LongitudeDegrees>117.6986284</LongitudeDegrees>
</Position>
<AltitudeMeters>1142.4</AltitudeMeters>
<DistanceMeters>48462.2</DistanceMeters>
<Extensions>
<ns3:TPX>
<ns3:Speed>8.395</ns3:Speed>
</ns3:TPX>
</Extensions>
</Trackpoint>
<Trackpoint>
<Time>2026-09-03T06:04:49Z</Time>
<Position>
<LatitudeDegrees>43.2240353</LatitudeDegrees>
<LongitudeDegrees>117.6989393</LongitudeDegrees>
</Position>
<AltitudeMeters>1141.6</AltitudeMeters>
<DistanceMeters>48487.5</DistanceMeters>
<Extensions>
<ns3:TPX>
<ns3:Speed>8.669</ns3:Speed>
</ns3:TPX>
</Extensions>
</Trackpoint>
<Trackpoint>
<Time>2026-09-03T06:04:52Z</Time>
<Position>
<LatitudeDegrees>43.2241305</LatitudeDegrees>
<LongitudeDegrees>117.6992979</LongitudeDegrees>
</Position>
<AltitudeMeters>1139.6</AltitudeMeters>
<DistanceMeters>48518.4</DistanceMeters>
<Extensions>
<ns3:TPX>
<ns3:Speed>9.175</ns3:Speed>
</ns3:TPX>
</Extensions>
</Trackpoint>
<Trackpoint>
<Time>2026-09-03T06:05:00Z</Time>
<Position>
<LatitudeDegrees>43.2244452</LatitudeDegrees>
<LongitudeDegrees>117.7000638</LongitudeDegrees>
</Position>
<AltitudeMeters>1135.4</AltitudeMeters>
<DistanceMeters>48589.6</DistanceMeters>
<Extensions>
<ns3:TPX>
<ns3:Speed>5.14</ns3:Speed>
</ns3:TPX>
</Extensions>
</Trackpoint>
<Trackpoint>
<Time>2026-09-03T06:05:05Z</Time>
<Position>
<LatitudeDegrees>43.2245244</LatitudeDegrees>
<LongitudeDegrees>117.7002341</LongitudeDegrees>
</Position>
<AltitudeMeters>1133.4</AltitudeMeters>
<DistanceMeters>48606.0</DistanceMeters>
<Extensions>
<ns3:TPX>
<ns3:Speed>3.232</ns3:Speed>
</ns3:TPX>
</Extensions>
</Trackpoint>
<Trackpoint>
<Time>2026-09-03T06:05:11Z</Time>
<Position>
<LatitudeDegrees>43.2245906</LatitudeDegrees>
<LongitudeDegrees>117.7002481</LongitudeDegrees>
</Position>
<AltitudeMeters>1132.6</AltitudeMeters>
<DistanceMeters>48612.2</DistanceMeters>
<Extensions>
<ns3:TPX>
<ns3:Speed>0.0</ns3:Speed>
</ns3:TPX>
</Extensions>
</Trackpoint>
<Trackpoint>
<Time>2026-09-03T06:05:20Z</Time>
<Position>
<LatitudeDegrees>43.2246262</LatitudeDegrees>
<LongitudeDegrees>117.7002743</LongitudeDegrees>
</Position>
<AltitudeMeters>1132.2</AltitudeMeters>
<DistanceMeters>48612.2</DistanceMeters>
<Extensions>
<ns3:TPX>
<ns3:Speed>0.0</ns3:Speed>
</ns3:TPX>
</Extensions>
</Trackpoint>
<Trackpoint>
<Time>2026-09-03T06:05:34Z</Time>
<Position>
<LatitudeDegrees>43.2246616</LatitudeDegrees>
<LongitudeDegrees>117.7003952</LongitudeDegrees>
</Position>
<AltitudeMeters>1131.6</AltitudeMeters>
<DistanceMeters>48622.7</DistanceMeters>
<Extensions>
<ns3:TPX>
<ns3:Speed>3.81</ns3:Speed>
</ns3:TPX>
</Extensions>
</Trackpoint>
<Trackpoint>
<Time>2026-09-03T06:05:38Z</Time>
<Position>
<LatitudeDegrees>43.2246772</LatitudeDegrees>
<LongitudeDegrees>117.7006338</LongitudeDegrees>
</Position>
<AltitudeMeters>1130.8</AltitudeMeters>
<DistanceMeters>48642.2</DistanceMeters>
<Extensions>
<ns3:TPX>
<ns3:Speed>5.971</ns3:Speed>
</ns3:TPX>
</Extensions>
</Trackpoint>
<Trackpoint>
<Time>2026-09-03T06:05:46Z</Time>
<Position>
<LatitudeDegrees>43.2249737</LatitudeDegrees>
<LongitudeDegrees>117.7013322</LongitudeDegrees>
</Position>
<AltitudeMeters>1127.6</AltitudeMeters>
<DistanceMeters>48707.6</DistanceMeters>
<Extensions>
<ns3:TPX>
<ns3:Speed>9.696</ns3:Speed>
</ns3:TPX>
</Extensions>
</Trackpoint>
<Trackpoint>
<Time>2026-09-03T06:05:54Z</Time>
<Position>
<LatitudeDegrees>43.2253352</LatitudeDegrees>
<LongitudeDegrees>117.7022041</LongitudeDegrees>
</Position>
<AltitudeMeters>1122.6</AltitudeMeters>
<DistanceMeters>48788.8</DistanceMeters>
<Extensions>
<ns3:TPX>
<ns3:Speed>11.004</ns3:Speed>
</ns3:TPX>
</Extensions>
</Trackpoint>
<Trackpoint>
<Time>2026-09-03T06:06:03Z</Time>
<Position>
<LatitudeDegrees>43.2258053</LatitudeDegrees>
<LongitudeDegrees>117.7033437</LongitudeDegrees>
</Position>
<AltitudeMeters>1116.6</AltitudeMeters>
<DistanceMeters>48894.7</DistanceMeters>
<Extensions>
<ns3:TPX>
<ns3:Speed>12.846</ns3:Speed>
</ns3:TPX>
</Extensions>
</Trackpoint>
<Trackpoint>
<Time>2026-09-03T06:06:04Z</Time>
<Position>
<LatitudeDegrees>43.2258625</LatitudeDegrees>
<LongitudeDegrees>117.7034822</LongitudeDegrees>
</Position>
<AltitudeMeters>1115.8</AltitudeMeters>
<DistanceMeters>48907.6</DistanceMeters>
<Extensions>
<ns3:TPX>
<ns3:Speed>13.174</ns3:Speed>
</ns3:TPX>
</Extensions>
</Trackpoint>
<Trackpoint>
<Time>2026-09-03T06:06:05Z</Time>
<Position>
<LatitudeDegrees>43.2259216</LatitudeDegrees>
<LongitudeDegrees>117.7036243</LongitudeDegrees>
</Position>
<AltitudeMeters>1115.0</AltitudeMeters>
<DistanceMeters>48920.8</DistanceMeters>
<Extensions>
<ns3:TPX>
<ns3:Speed>13.398</ns3:Speed>
</ns3:TPX>
</Extensions>
</Trackpoint>
<Trackpoint>
<Time>2026-09-03T06:06:06Z</Time>
<Position>
<LatitudeDegrees>43.2259822</LatitudeDegrees>
<LongitudeDegrees>117.7037692</LongitudeDegrees>
</Position>
<AltitudeMeters>1114.0</AltitudeMeters>
<DistanceMeters>48934.3</DistanceMeters>
<Extensions>
<ns3:TPX>
<ns3:Speed>13.563</ns3:Speed>
</ns3:TPX>
</Extensions>
</Trackpoint>
<Trackpoint>
<Time>2026-09-03T06:06:07Z</Time>
<Position>
<LatitudeDegrees>43.2260440</LatitudeDegrees>
<LongitudeDegrees>117.7039160</LongitudeDegrees>
</Position>
<AltitudeMeters>1113.4</AltitudeMeters>
<DistanceMeters>48948.0</DistanceMeters>
<Extensions>
<ns3:TPX>
<ns3:Speed>13.669</ns3:Speed>
</ns3:TPX>
</Extensions>
</Trackpoint>
<Trackpoint>
<Time>2026-09-03T06:06:08Z</Time>
<Position>
<LatitudeDegrees>43.2261063</LatitudeDegrees>
<LongitudeDegrees>117.7040638</LongitudeDegrees>
</Position>
<AltitudeMeters>1112.8</AltitudeMeters>
<DistanceMeters>48961.9</DistanceMeters>
<Extensions>
<ns3:TPX>
<ns3:Speed>13.719</ns3:Speed>
</ns3:TPX>
</Extensions>
</Trackpoint>
<Trackpoint>
<Time>2026-09-03T06:06:16Z</Time>
<Position>
<LatitudeDegrees>43.2265591</LatitudeDegrees>
<LongitudeDegrees>117.7051608</LongitudeDegrees>
</Position>
<AltitudeMeters>1108.4</AltitudeMeters>
<DistanceMeters>49063.8</DistanceMeters>
<Extensions>
<ns3:TPX>
<ns3:Speed>11.812</ns3:Speed>
</ns3:TPX>
</Extensions>
</Trackpoint>
<Trackpoint>
<Time>2026-09-03T06:06:24Z</Time>
<Position>
<LatitudeDegrees>43.2269409</LatitudeDegrees>
<LongitudeDegrees>117.7060858</LongitudeDegrees>
</Position>
<AltitudeMeters>1105.6</AltitudeMeters>
<DistanceMeters>49149.8</DistanceMeters>
<Extensions>
<ns3:TPX>
<ns3:Speed>8.844</ns3:Speed>
</ns3:TPX>
</Extensions>
</Trackpoint>
<Trackpoint>
<Time>2026-09-03T06:06:32Z</Time>
<Position>
<LatitudeDegrees>43.2272794</LatitudeDegrees>
<LongitudeDegrees>117.7068969</LongitudeDegrees>
</Position>
<AltitudeMeters>1101.0</AltitudeMeters>
<DistanceMeters>49225.4</DistanceMeters>
<Extensions>
<ns3:TPX>
<ns3:Speed>10.808</ns3:Speed>
</ns3:TPX>
</Extensions>
</Trackpoint>
<Trackpoint>
<Time>2026-09-03T06:06:37Z</Time>
<Position>
<LatitudeDegrees>43.2275183</LatitudeDegrees>
<LongitudeDegrees>117.7075248</LongitudeDegrees>
</Position>
<AltitudeMeters>1097.8</AltitudeMeters>
<DistanceMeters>49282.7</DistanceMeters>
<Extensions>
<ns3:TPX>
<ns3:Speed>10.802</ns3:Speed>
</ns3:TPX>
</Extensions>
</Trackpoint>
<Trackpoint>
<Time>2026-09-03T06:06:42Z</Time>
<Position>
<LatitudeDegrees>43.2277045</LatitudeDegrees>
<LongitudeDegrees>117.7081705</LongitudeDegrees>
</Position>
<AltitudeMeters>1093.8</AltitudeMeters>
<DistanceMeters>49338.9</DistanceMeters>
<Extensions>
<ns3:TPX>
<ns3:Speed>11.814</ns3:Speed>
</ns3:TPX>
</Extensions>
</Trackpoint>
<Trackpoint>
<Time>2026-09-03T06:06:50Z</Time>
<Position>
<LatitudeDegrees>43.2279310</LatitudeDegrees>
<LongitudeDegrees>117.7093418</LongitudeDegrees>
</Position>
<AltitudeMeters>1087.2</AltitudeMeters>
<DistanceMeters>49437.0</DistanceMeters>
<Extensions>
<ns3:TPX>
<ns3:Speed>13.006</ns3:Speed>
</ns3:TPX>
</Extensions>
</Trackpoint>
<Trackpoint>
<Time>2026-09-03T06:06:58Z</Time>
<Position>
<LatitudeDegrees>43.2281587</LatitudeDegrees>
<LongitudeDegrees>117.7106168</LongitudeDegrees>
</Position>
<AltitudeMeters>1081.2</AltitudeMeters>
<DistanceMeters>49543.1</DistanceMeters>
<Extensions>
<ns3:TPX>
<ns3:Speed>13.084</ns3:Speed>
</ns3:TPX>
</Extensions>
</Trackpoint>
<Trackpoint>
<Time>2026-09-03T06:07:03Z</Time>
<Position>
<LatitudeDegrees>43.2282741</LatitudeDegrees>
<LongitudeDegrees>117.7112441</LongitudeDegrees>
</Position>
<AltitudeMeters>1077.2</AltitudeMeters>
<DistanceMeters>49595.5</DistanceMeters>
<Extensions>
<ns3:TPX>
<ns3:Speed>13.859</ns3:Speed>
</ns3:TPX>
</Extensions>
</Trackpoint>
<Trackpoint>
<Time>2026-09-03T06:07:11Z</Time>
<Position>
<LatitudeDegrees>43.2285087</LatitudeDegrees>
<LongitudeDegrees>117.7125400</LongitudeDegrees>
</Position>
<AltitudeMeters>1072.6</AltitudeMeters>
<DistanceMeters>49703.5</DistanceMeters>
<Extensions>
<ns3:TPX>
<ns3:Speed>13.381</ns3:Speed>
</ns3:TPX>
</Extensions>
</Trackpoint>
<Trackpoint>
<Time>2026-09-03T06:07:19Z</Time>
<Position>
<LatitudeDegrees>43.2287329</LatitudeDegrees>
<LongitudeDegrees>117.7137700</LongitudeDegrees>
</Position>
<AltitudeMeters>1069.2</AltitudeMeters>
<DistanceMeters>49806.0</DistanceMeters>
<Extensions>
<ns3:TPX>
<ns3:Speed>12.018</ns3:Speed>
</ns3:TPX>
</Extensions>
</Trackpoint>
<Trackpoint>
<Time>2026-09-03T06:07:25Z</Time>
<Position>
<LatitudeDegrees>43.2288906</LatitudeDegrees>
<LongitudeDegrees>117.7147441</LongitudeDegrees>
</Position>
<AltitudeMeters>1067.0</AltitudeMeters>
<DistanceMeters>49886.7</DistanceMeters>
<Extensions>
<ns3:TPX>
<ns3:Speed>10.918</ns3:Speed>
</ns3:TPX>
</Extensions>
</Trackpoint>
<Trackpoint>
<Time>2026-09-03T06:07:30Z</Time>
<Position>
<LatitudeDegrees>43.2289360</LatitudeDegrees>
<LongitudeDegrees>117.7153802</LongitudeDegrees>
</Position>
<AltitudeMeters>1066.8</AltitudeMeters>
<DistanceMeters>49938.5</DistanceMeters>
<Extensions>
<ns3:TPX>
<ns3:Speed>10.378</ns3:Speed>
</ns3:TPX>
</Extensions>
</Trackpoint>
<Trackpoint>
<Time>2026-09-03T06:07:38Z</Time>
<Position>
<LatitudeDegrees>43.2289687</LatitudeDegrees>
<LongitudeDegrees>117.7163434</LongitudeDegrees>
</Position>
<AltitudeMeters>1066.6</AltitudeMeters>
<DistanceMeters>50016.4</DistanceMeters>
<Extensions>
<ns3:TPX>
<ns3:Speed>9.37</ns3:Speed>
</ns3:TPX>
</Extensions>
</Trackpoint>
<Trackpoint>
<Time>2026-09-03T06:07:46Z</Time>
<Position>
<LatitudeDegrees>43.2290069</LatitudeDegrees>
<LongitudeDegrees>117.7172303</LongitudeDegrees>
</Position>
<AltitudeMeters>1066.0</AltitudeMeters>
<DistanceMeters>50088.3</DistanceMeters>
<Extensions>
<ns3:TPX>
<ns3:Speed>8.763</ns3:Speed>
</ns3:TPX>
</Extensions>
</Trackpoint>
<Trackpoint>
<Time>2026-09-03T06:07:54Z</Time>
<Position>
<LatitudeDegrees>43.2290392</LatitudeDegrees>
<LongitudeDegrees>117.7180389</LongitudeDegrees>
</Position>
<AltitudeMeters>1065.8</AltitudeMeters>
<DistanceMeters>50153.8</DistanceMeters>
<Extensions>
<ns3:TPX>
<ns3:Speed>7.451</ns3:Speed>
</ns3:TPX>
</Extensions>
</Trackpoint>
<Trackpoint>
<Time>2026-09-03T06:08:02Z</Time>
<Position>
<LatitudeDegrees>43.2290703</LatitudeDegrees>
<LongitudeDegrees>117.7187422</LongitudeDegrees>
</Position>
<AltitudeMeters>1064.4</AltitudeMeters>
<DistanceMeters>50210.8</DistanceMeters>
<Extensions>
<ns3:TPX>
<ns3:Speed>7.297</ns3:Speed>
</ns3:TPX>
</Extensions>
</Trackpoint>
<Trackpoint>
<Time>2026-09-03T06:08:10Z</Time>
<Position>
<LatitudeDegrees>43.2291015</LatitudeDegrees>
<LongitudeDegrees>117.7195160</LongitudeDegrees>
</Position>
<AltitudeMeters>1062.2</AltitudeMeters>
<DistanceMeters>50273.5</DistanceMeters>
<Extensions>
<ns3:TPX>
<ns3:Speed>8.665</ns3:Speed>
</ns3:TPX>
</Extensions>
</Trackpoint>
<Trackpoint>
<Time>2026-09-03T06:08:18Z</Time>
<Position>
<LatitudeDegrees>43.2291412</LatitudeDegrees>
<LongitudeDegrees>117.7204417</LongitudeDegrees>
</Position>
<AltitudeMeters>1058.6</AltitudeMeters>
<DistanceMeters>50348.5</DistanceMeters>
<Extensions>
<ns3:TPX>
<ns3:Speed>9.933</ns3:Speed>
</ns3:TPX>
</Extensions>
</Trackpoint>
<Trackpoint>
<Time>2026-09-03T06:08:26Z</Time>
<Position>
<LatitudeDegrees>43.2291874</LatitudeDegrees>
<LongitudeDegrees>117.7214321</LongitudeDegrees>
</Position>
<AltitudeMeters>1054.6</AltitudeMeters>
<DistanceMeters>50428.7</DistanceMeters>
<Extensions>
<ns3:TPX>
<ns3:Speed>10.512</ns3:Speed>
</ns3:TPX>
</Extensions>
</Trackpoint>
<Trackpoint>
<Time>2026-09-03T06:08:34Z</Time>
<Position>
<LatitudeDegrees>43.2292300</LatitudeDegrees>
<LongitudeDegrees>117.7224975</LongitudeDegrees>
</Position>
<AltitudeMeters>1050.0</AltitudeMeters>
<DistanceMeters>50515.0</DistanceMeters>
<Extensions>
<ns3:TPX>
<ns3:Speed>10.587</ns3:Speed>
</ns3:TPX>
</Extensions>
</Trackpoint>
<Trackpoint>
<Time>2026-09-03T06:08:42Z</Time>
<Position>
<LatitudeDegrees>43.2292781</LatitudeDegrees>
<LongitudeDegrees>117.7235467</LongitudeDegrees>
</Position>
<AltitudeMeters>1044.6</AltitudeMeters>
<DistanceMeters>50600.1</DistanceMeters>
<Extensions>
<ns3:TPX>
<ns3:Speed>9.962</ns3:Speed>
</ns3:TPX>
</Extensions>
</Trackpoint>
<Trackpoint>
<Time>2026-09-03T06:08:50Z</Time>
<Position>
<LatitudeDegrees>43.2293221</LatitudeDegrees>
<LongitudeDegrees>117.7246336</LongitudeDegrees>
</Position>
<AltitudeMeters>1039.8</AltitudeMeters>
<DistanceMeters>50688.1</DistanceMeters>
<Extensions>
<ns3:TPX>
<ns3:Speed>12.105</ns3:Speed>
</ns3:TPX>
</Extensions>
</Trackpoint>
<Trackpoint>
<Time>2026-09-03T06:08:58Z</Time>
<Position>
<LatitudeDegrees>43.2293420</LatitudeDegrees>
<LongitudeDegrees>117.7258497</LongitudeDegrees>
</Position>
<AltitudeMeters>1036.6</AltitudeMeters>
<DistanceMeters>50786.5</DistanceMeters>
<Extensions>
<ns3:TPX>
<ns3:Speed>12.131</ns3:Speed>
</ns3:TPX>
</Extensions>
</Trackpoint>
<Trackpoint>
<Time>2026-09-03T06:09:06Z</Time>
<Position>
<LatitudeDegrees>43.2293508</LatitudeDegrees>
<LongitudeDegrees>117.7270068</LongitudeDegrees>
</Position>
<AltitudeMeters>1033.8</AltitudeMeters>
<DistanceMeters>50880.1</DistanceMeters>
<Extensions>
<ns3:TPX>
<ns3:Speed>10.476</ns3:Speed>
</ns3:TPX>
</Extensions>
</Trackpoint>
<Trackpoint>
<Time>2026-09-03T06:09:14Z</Time>
<Position>
<LatitudeDegrees>43.2293605</LatitudeDegrees>
<LongitudeDegrees>117.7280546</LongitudeDegrees>
</Position>
<AltitudeMeters>1030.0</AltitudeMeters>
<DistanceMeters>50964.8</DistanceMeters>
<Extensions>
<ns3:TPX>
<ns3:Speed>10.79</ns3:Speed>
</ns3:TPX>
</Extensions>
</Trackpoint>
<Trackpoint>
<Time>2026-09-03T06:09:22Z</Time>
<Position>
<LatitudeDegrees>43.2293653</LatitudeDegrees>
<LongitudeDegrees>117.7291755</LongitudeDegrees>
</Position>
<AltitudeMeters>1023.8</AltitudeMeters>
<DistanceMeters>51055.5</DistanceMeters>
<Extensions>
<ns3:TPX>
<ns3:Speed>12.102</ns3:Speed>
</ns3:TPX>
</Extensions>
</Trackpoint>
<Trackpoint>
<Time>2026-09-03T06:09:30Z</Time>
<Position>
<LatitudeDegrees>43.2292969</LatitudeDegrees>
<LongitudeDegrees>117.7302581</LongitudeDegrees>
</Position>
<AltitudeMeters>1017.6</AltitudeMeters>
<DistanceMeters>51143.4</DistanceMeters>
<Extensions>
<ns3:TPX>
<ns3:Speed>12.259</ns3:Speed>
</ns3:TPX>
</Extensions>
</Trackpoint>
<Trackpoint>
<Time>2026-09-03T06:09:38Z</Time>
<Position>
<LatitudeDegrees>43.2291920</LatitudeDegrees>
<LongitudeDegrees>117.7314027</LongitudeDegrees>
</Position>
<AltitudeMeters>1011.8</AltitudeMeters>
<DistanceMeters>51236.7</DistanceMeters>
<Extensions>
<ns3:TPX>
<ns3:Speed>12.066</ns3:Speed>
</ns3:TPX>
</Extensions>
</Trackpoint>
<Trackpoint>
<Time>2026-09-03T06:09:46Z</Time>
<Position>
<LatitudeDegrees>43.2290667</LatitudeDegrees>
<LongitudeDegrees>117.7328196</LongitudeDegrees>
</Position>
<AltitudeMeters>1005.8</AltitudeMeters>
<DistanceMeters>51352.1</DistanceMeters>
<Extensions>
<ns3:TPX>
<ns3:Speed>12.541</ns3:Speed>
</ns3:TPX>
</Extensions>
</Trackpoint>
<Trackpoint>
<Time>2026-09-03T06:09:54Z</Time>
<Position>
<LatitudeDegrees>43.2289714</LatitudeDegrees>
<LongitudeDegrees>117.7339321</LongitudeDegrees>
</Position>
<AltitudeMeters>1001.8</AltitudeMeters>
<DistanceMeters>51442.7</DistanceMeters>
<Extensions>
<ns3:TPX>
<ns3:Speed>11.524</ns3:Speed>
</ns3:TPX>
</Extensions>
</Trackpoint>
<Trackpoint>
<Time>2026-09-03T06:10:02Z</Time>
<Position>
<LatitudeDegrees>43.2288783</LatitudeDegrees>
<LongitudeDegrees>117.7350124</LongitudeDegrees>
</Position>
<AltitudeMeters>999.2</AltitudeMeters>
<DistanceMeters>51530.7</DistanceMeters>
<Extensions>
<ns3:TPX>
<ns3:Speed>10.436</ns3:Speed>
</ns3:TPX>
</Extensions>
</Trackpoint>
<Trackpoint>
<Time>2026-09-03T06:10:10Z</Time>
<Position>
<LatitudeDegrees>43.2287903</LatitudeDegrees>
<LongitudeDegrees>117.7360737</LongitudeDegrees>
</Position>
<AltitudeMeters>996.6</AltitudeMeters>
<DistanceMeters>51617.1</DistanceMeters>
<Extensions>
<ns3:TPX>
<ns3:Speed>11.305</ns3:Speed>
</ns3:TPX>
</Extensions>
</Trackpoint>
<Trackpoint>
<Time>2026-09-03T06:10:18Z</Time>
<Position>
<LatitudeDegrees>43.2286947</LatitudeDegrees>
<LongitudeDegrees>117.7371695</LongitudeDegrees>
</Position>
<AltitudeMeters>993.2</AltitudeMeters>
<DistanceMeters>51706.4</DistanceMeters>
<Extensions>
<ns3:TPX>
<ns3:Speed>10.412</ns3:Speed>
</ns3:TPX>
</Extensions>
</Trackpoint>
<Trackpoint>
<Time>2026-09-03T06:10:26Z</Time>
<Position>
<LatitudeDegrees>43.2286064</LatitudeDegrees>
<LongitudeDegrees>117.7381571</LongitudeDegrees>
</Position>
<AltitudeMeters>990.0</AltitudeMeters>
<DistanceMeters>51786.8</DistanceMeters>
<Extensions>
<ns3:TPX>
<ns3:Speed>9.872</ns3:Speed>
</ns3:TPX>
</Extensions>
</Trackpoint>
<Trackpoint>
<Time>2026-09-03T06:10:34Z</Time>
<Position>
<LatitudeDegrees>43.2285227</LatitudeDegrees>
<LongitudeDegrees>117.7391049</LongitudeDegrees>
</Position>
<AltitudeMeters>986.6</AltitudeMeters>
<DistanceMeters>51864.1</DistanceMeters>
<Extensions>
<ns3:TPX>
<ns3:Speed>9.069</ns3:Speed>
</ns3:TPX>
</Extensions>
</Trackpoint>
<Trackpoint>
<Time>2026-09-03T06:10:39Z</Time>
<Position>
<LatitudeDegrees>43.2284494</LatitudeDegrees>
<LongitudeDegrees>117.7396468</LongitudeDegrees>
</Position>
<AltitudeMeters>984.6</AltitudeMeters>
<DistanceMeters>51908.7</DistanceMeters>
<Extensions>
<ns3:TPX>
<ns3:Speed>9.408</ns3:Speed>
</ns3:TPX>
</Extensions>
</Trackpoint>
<Trackpoint>
<Time>2026-09-03T06:10:45Z</Time>
<Position>
<LatitudeDegrees>43.2282911</LatitudeDegrees>
<LongitudeDegrees>117.7402485</LongitudeDegrees>
</Position>
<AltitudeMeters>983.0</AltitudeMeters>
<DistanceMeters>51960.5</DistanceMeters>
<Extensions>
<ns3:TPX>
<ns3:Speed>7.791</ns3:Speed>
</ns3:TPX>
</Extensions>
</Trackpoint>
<Trackpoint>
<Time>2026-09-03T06:10:50Z</Time>
<Position>
<LatitudeDegrees>43.2281598</LatitudeDegrees>
<LongitudeDegrees>117.7405634</LongitudeDegrees>
</Position>
<AltitudeMeters>982.0</AltitudeMeters>
<DistanceMeters>51989.9</DistanceMeters>
<Extensions>
<ns3:TPX>
<ns3:Speed>4.259</ns3:Speed>
</ns3:TPX>
</Extensions>
</Trackpoint>
<Trackpoint>
<Time>2026-09-03T06:10:58Z</Time>
<Position>
<LatitudeDegrees>43.2280085</LatitudeDegrees>
<LongitudeDegrees>117.7408333</LongitudeDegrees>
</Position>
<AltitudeMeters>981.4</AltitudeMeters>
<DistanceMeters>52017.5</DistanceMeters>
<Extensions>
<ns3:TPX>
<ns3:Speed>3.215</ns3:Speed>
</ns3:TPX>
</Extensions>
</Trackpoint>
<Trackpoint>
<Time>2026-09-03T06:11:06Z</Time>
<Position>
<LatitudeDegrees>43.2278908</LatitudeDegrees>
<LongitudeDegrees>117.7410317</LongitudeDegrees>
</Position>
<AltitudeMeters>981.2</AltitudeMeters>
<DistanceMeters>52038.2</DistanceMeters>
<Extensions>
<ns3:TPX>
<ns3:Speed>2.171</ns3:Speed>
</ns3:TPX>
</Extensions>
</Trackpoint>
<Trackpoint>
<Time>2026-09-03T06:11:09Z</Time>
<Position>
<LatitudeDegrees>43.2278646</LatitudeDegrees>
<LongitudeDegrees>117.7410961</LongitudeDegrees>
</Position>
<AltitudeMeters>981.2</AltitudeMeters>
<DistanceMeters>52044.4</DistanceMeters>
<Extensions>
<ns3:TPX>
<ns3:Speed>2.605</ns3:Speed>
</ns3:TPX>
</Extensions>
</Trackpoint>
<Trackpoint>
<Time>2026-09-03T06:11:16Z</Time>
<Position>
<LatitudeDegrees>43.2279106</LatitudeDegrees>
<LongitudeDegrees>117.7412024</LongitudeDegrees>
</Position>
<AltitudeMeters>981.2</AltitudeMeters>
<DistanceMeters>52053.0</DistanceMeters>
<Extensions>
<ns3:TPX>
<ns3:Speed>0.0</ns3:Speed>
</ns3:TPX>
</Extensions>
</Trackpoint>
<Trackpoint>
<Time>2026-09-03T06:11:34Z</Time>
<Position>
<LatitudeDegrees>43.2277555</LatitudeDegrees>
<LongitudeDegrees>117.7412418</LongitudeDegrees>
</Position>
<AltitudeMeters>981.2</AltitudeMeters>
<DistanceMeters>52070.6</DistanceMeters>
<Extensions>
<ns3:TPX>
<ns3:Speed>3.721</ns3:Speed>
</ns3:TPX>
</Extensions>
</Trackpoint>
<Trackpoint>
<Time>2026-09-03T06:11:42Z</Time>
<Position>
<LatitudeDegrees>43.2275370</LatitudeDegrees>
<LongitudeDegrees>117.7415615</LongitudeDegrees>
</Position>
<AltitudeMeters>980.8</AltitudeMeters>
<DistanceMeters>52106.1</DistanceMeters>
<Extensions>
<ns3:TPX>
<ns3:Speed>4.637</ns3:Speed>
</ns3:TPX>
</Extensions>
</Trackpoint>
<Trackpoint>
<Time>2026-09-03T06:11:51Z</Time>
<Position>
<LatitudeDegrees>43.2272964</LatitudeDegrees>
<LongitudeDegrees>117.7419294</LongitudeDegrees>
</Position>
<AltitudeMeters>980.0</AltitudeMeters>
<DistanceMeters>52146.1</DistanceMeters>
<Extensions>
<ns3:TPX>
<ns3:Speed>5.341</ns3:Speed>
</ns3:TPX>
</Extensions>
</Trackpoint>
<Trackpoint>
<Time>2026-09-03T06:11:59Z</Time>
<Position>
<LatitudeDegrees>43.2270222</LatitudeDegrees>
<LongitudeDegrees>117.7423416</LongitudeDegrees>
</Position>
<AltitudeMeters>979.6</AltitudeMeters>
<DistanceMeters>52191.3</DistanceMeters>
<Extensions>
<ns3:TPX>
<ns3:Speed>5.886</ns3:Speed>
</ns3:TPX>
</Extensions>
</Trackpoint>
<Trackpoint>
<Time>2026-09-03T06:12:07Z</Time>
<Position>
<LatitudeDegrees>43.2267283</LatitudeDegrees>
<LongitudeDegrees>117.7427700</LongitudeDegrees>
</Position>
<AltitudeMeters>979.2</AltitudeMeters>
<DistanceMeters>52238.9</DistanceMeters>
<Extensions>
<ns3:TPX>
<ns3:Speed>6.302</ns3:Speed>
</ns3:TPX>
</Extensions>
</Trackpoint>
<Trackpoint>
<Time>2026-09-03T06:12:15Z</Time>
<Position>
<LatitudeDegrees>43.2263586</LatitudeDegrees>
<LongitudeDegrees>117.7433249</LongitudeDegrees>
</Position>
<AltitudeMeters>978.4</AltitudeMeters>
<DistanceMeters>52300.4</DistanceMeters>
<Extensions>
<ns3:TPX>
<ns3:Speed>6.689</ns3:Speed>
</ns3:TPX>
</Extensions>
</Trackpoint>
<Trackpoint>
<Time>2026-09-03T06:12:23Z</Time>
<Position>
<LatitudeDegrees>43.2260328</LatitudeDegrees>
<LongitudeDegrees>117.7438163</LongitudeDegrees>
</Position>
<AltitudeMeters>977.6</AltitudeMeters>
<DistanceMeters>52354.2</DistanceMeters>
<Extensions>
<ns3:TPX>
<ns3:Speed>7.037</ns3:Speed>
</ns3:TPX>
</Extensions>
</Trackpoint>
<Trackpoint>
<Time>2026-09-03T06:12:31Z</Time>
<Position>
<LatitudeDegrees>43.2256811</LatitudeDegrees>
<LongitudeDegrees>117.7443359</LongitudeDegrees>
</Position>
<AltitudeMeters>976.8</AltitudeMeters>
<DistanceMeters>52411.6</DistanceMeters>
<Extensions>
<ns3:TPX>
<ns3:Speed>7.327</ns3:Speed>
</ns3:TPX>
</Extensions>
</Trackpoint>
<Trackpoint>
<Time>2026-09-03T06:12:39Z</Time>
<Position>
<LatitudeDegrees>43.2253116</LatitudeDegrees>
<LongitudeDegrees>117.7448867</LongitudeDegrees>
</Position>
<AltitudeMeters>976.0</AltitudeMeters>
<DistanceMeters>52472.1</DistanceMeters>
<Extensions>
<ns3:TPX>
<ns3:Speed>7.713</ns3:Speed>
</ns3:TPX>
</Extensions>
</Trackpoint>
<Trackpoint>
<Time>2026-09-03T06:12:43Z</Time>
<Position>
<LatitudeDegrees>43.2251302</LatitudeDegrees>
<LongitudeDegrees>117.7451760</LongitudeDegrees>
</Position>
<AltitudeMeters>975.8</AltitudeMeters>
<DistanceMeters>52503.0</DistanceMeters>
<Extensions>
<ns3:TPX>
<ns3:Speed>7.749</ns3:Speed>
</ns3:TPX>
</Extensions>
</Trackpoint>
<Trackpoint>
<Time>2026-09-03T06:12:47Z</Time>
<Position>
<LatitudeDegrees>43.2249980</LatitudeDegrees>
<LongitudeDegrees>117.7455110</LongitudeDegrees>
</Position>
<AltitudeMeters>975.4</AltitudeMeters>
<DistanceMeters>52533.9</DistanceMeters>
<Extensions>
<ns3:TPX>
<ns3:Speed>7.721</ns3:Speed>
</ns3:TPX>
</Extensions>
</Trackpoint>
<Trackpoint>
<Time>2026-09-03T06:12:50Z</Time>
<Position>
<LatitudeDegrees>43.2249427</LatitudeDegrees>
<LongitudeDegrees>117.7457869</LongitudeDegrees>
</Position>
<AltitudeMeters>975.4</AltitudeMeters>
<DistanceMeters>52557.1</DistanceMeters>
<Extensions>
<ns3:TPX>
<ns3:Speed>7.642</ns3:Speed>
</ns3:TPX>
</Extensions>
</Trackpoint>
<Trackpoint>
<Time>2026-09-03T06:12:54Z</Time>
<Position>
<LatitudeDegrees>43.2249374</LatitudeDegrees>
<LongitudeDegrees>117.7461617</LongitudeDegrees>
</Position>
<AltitudeMeters>975.2</AltitudeMeters>
<DistanceMeters>52587.5</DistanceMeters>
<Extensions>
<ns3:TPX>
<ns3:Speed>7.337</ns3:Speed>
</ns3:TPX>
</Extensions>
</Trackpoint>
<Trackpoint>
<Time>2026-09-03T06:12:58Z</Time>
<Position>
<LatitudeDegrees>43.2250045</LatitudeDegrees>
<LongitudeDegrees>117.7465062</LongitudeDegrees>
</Position>
<AltitudeMeters>975.0</AltitudeMeters>
<DistanceMeters>52616.4</DistanceMeters>
<Extensions>
<ns3:TPX>
<ns3:Speed>6.964</ns3:Speed>
</ns3:TPX>
</Extensions>
</Trackpoint>
<Trackpoint>
<Time>2026-09-03T06:13:04Z</Time>
<Position>
<LatitudeDegrees>43.2252013</LatitudeDegrees>
<LongitudeDegrees>117.7469408</LongitudeDegrees>
</Position>
<AltitudeMeters>974.6</AltitudeMeters>
<DistanceMeters>52657.8</DistanceMeters>
<Extensions>
<ns3:TPX>
<ns3:Speed>6.678</ns3:Speed>
</ns3:TPX>
</Extensions>
</Trackpoint>
<Trackpoint>
<Time>2026-09-03T06:13:12Z</Time>
<Position>
<LatitudeDegrees>43.2254539</LatitudeDegrees>
<LongitudeDegrees>117.7474454</LongitudeDegrees>
</Position>
<AltitudeMeters>974.0</AltitudeMeters>
<DistanceMeters>52707.4</DistanceMeters>
<Extensions>
<ns3:TPX>
<ns3:Speed>5.85</ns3:Speed>
</ns3:TPX>
</Extensions>
</Trackpoint>
<Trackpoint>
<Time>2026-09-03T06:13:20Z</Time>
<Position>
<LatitudeDegrees>43.2256883</LatitudeDegrees>
<LongitudeDegrees>117.7479017</LongitudeDegrees>
</Position>
<AltitudeMeters>973.8</AltitudeMeters>
<DistanceMeters>52752.5</DistanceMeters>
<Extensions>
<ns3:TPX>
<ns3:Speed>5.635</ns3:Speed>
</ns3:TPX>
</Extensions>
</Trackpoint>
<Trackpoint>
<Time>2026-09-03T06:13:28Z</Time>
<Position>
<LatitudeDegrees>43.2259212</LatitudeDegrees>
<LongitudeDegrees>117.7483715</LongitudeDegrees>
</Position>
<AltitudeMeters>973.4</AltitudeMeters>
<DistanceMeters>52798.5</DistanceMeters>
<Extensions>
<ns3:TPX>
<ns3:Speed>5.96</ns3:Speed>
</ns3:TPX>
</Extensions>
</Trackpoint>
<Trackpoint>
<Time>2026-09-03T06:13:36Z</Time>
<Position>
<LatitudeDegrees>43.2261646</LatitudeDegrees>
<LongitudeDegrees>117.7488685</LongitudeDegrees>
</Position>
<AltitudeMeters>972.8</AltitudeMeters>
<DistanceMeters>52846.9</DistanceMeters>
<Extensions>
<ns3:TPX>
<ns3:Speed>6.253</ns3:Speed>
</ns3:TPX>
</Extensions>
</Trackpoint>
<Trackpoint>
<Time>2026-09-03T06:13:44Z</Time>
<Position>
<LatitudeDegrees>43.2264181</LatitudeDegrees>
<LongitudeDegrees>117.7493814</LongitudeDegrees>
</Position>
<AltitudeMeters>972.0</AltitudeMeters>
<DistanceMeters>52897.1</DistanceMeters>
<Extensions>
<ns3:TPX>
<ns3:Speed>6.315</ns3:Speed>
</ns3:TPX>
</Extensions>
</Trackpoint>
<Trackpoint>
<Time>2026-09-03T06:13:52Z</Time>
<Position>
<LatitudeDegrees>43.2266729</LatitudeDegrees>
<LongitudeDegrees>117.7498995</LongitudeDegrees>
</Position>
<AltitudeMeters>971.4</AltitudeMeters>
<DistanceMeters>52947.6</DistanceMeters>
<Extensions>
<ns3:TPX>
<ns3:Speed>6.14</ns3:Speed>
</ns3:TPX>
</Extensions>
</Trackpoint>
<Trackpoint>
<Time>2026-09-03T06:14:00Z</Time>
<Position>
<LatitudeDegrees>43.2269079</LatitudeDegrees>
<LongitudeDegrees>117.7503737</LongitudeDegrees>
</Position>
<AltitudeMeters>971.0</AltitudeMeters>
<DistanceMeters>52994.0</DistanceMeters>
<Extensions>
<ns3:TPX>
<ns3:Speed>5.397</ns3:Speed>
</ns3:TPX>
</Extensions>
</Trackpoint>
<Trackpoint>
<Time>2026-09-03T06:14:08Z</Time>
<Position>
<LatitudeDegrees>43.2271216</LatitudeDegrees>
<LongitudeDegrees>117.7507932</LongitudeDegrees>
</Position>
<AltitudeMeters>970.8</AltitudeMeters>
<DistanceMeters>53035.4</DistanceMeters>
<Extensions>
<ns3:TPX>
<ns3:Speed>5.205</ns3:Speed>
</ns3:TPX>
</Extensions>
</Trackpoint>
<Trackpoint>
<Time>2026-09-03T06:14:17Z</Time>
<Position>
<LatitudeDegrees>43.2273195</LatitudeDegrees>
<LongitudeDegrees>117.7511855</LongitudeDegrees>
</Position>
<AltitudeMeters>970.8</AltitudeMeters>
<DistanceMeters>53074.0</DistanceMeters>
<Extensions>
<ns3:TPX>
<ns3:Speed>4.724</ns3:Speed>
</ns3:TPX>
</Extensions>
</Trackpoint>
<Trackpoint>
<Time>2026-09-03T06:14:25Z</Time>
<Position>
<LatitudeDegrees>43.2275173</LatitudeDegrees>
<LongitudeDegrees>117.7515818</LongitudeDegrees>
</Position>
<AltitudeMeters>970.6</AltitudeMeters>
<DistanceMeters>53112.9</DistanceMeters>
<Extensions>
<ns3:TPX>
<ns3:Speed>5.026</ns3:Speed>
</ns3:TPX>
</Extensions>
</Trackpoint>
<Trackpoint>
<Time>2026-09-03T06:14:33Z</Time>
<Position>
<LatitudeDegrees>43.2277360</LatitudeDegrees>
<LongitudeDegrees>117.7520236</LongitudeDegrees>
</Position>
<AltitudeMeters>971.0</AltitudeMeters>
<DistanceMeters>53156.1</DistanceMeters>
<Extensions>
<ns3:TPX>
<ns3:Speed>4.132</ns3:Speed>
</ns3:TPX>
</Extensions>
</Trackpoint>
<Trackpoint>
<Time>2026-09-03T06:14:41Z</Time>
<Position>
<LatitudeDegrees>43.2278716</LatitudeDegrees>
<LongitudeDegrees>117.7523086</LongitudeDegrees>
</Position>
<AltitudeMeters>971.6</AltitudeMeters>
<DistanceMeters>53183.6</DistanceMeters>
<Extensions>
<ns3:TPX>
<ns3:Speed>3.251</ns3:Speed>
</ns3:TPX>
</Extensions>
</Trackpoint>
<Trackpoint>
<Time>2026-09-03T06:14:49Z</Time>
<Position>
<LatitudeDegrees>43.2279906</LatitudeDegrees>
<LongitudeDegrees>117.7525466</LongitudeDegrees>
</Position>
<AltitudeMeters>972.2</AltitudeMeters>
<DistanceMeters>53206.9</DistanceMeters>
<Extensions>
<ns3:TPX>
<ns3:Speed>2.546</ns3:Speed>
</ns3:TPX>
</Extensions>
</Trackpoint>
<Trackpoint>
<Time>2026-09-03T06:14:57Z</Time>
<Position>
<LatitudeDegrees>43.2280798</LatitudeDegrees>
<LongitudeDegrees>117.7527339</LongitudeDegrees>
</Position>
<AltitudeMeters>972.6</AltitudeMeters>
<DistanceMeters>53225.1</DistanceMeters>
<Extensions>
<ns3:TPX>
<ns3:Speed>2.129</ns3:Speed>
</ns3:TPX>
</Extensions>
</Trackpoint>
<Trackpoint>
<Time>2026-09-03T06:15:05Z</Time>
<Position>
<LatitudeDegrees>43.2281654</LatitudeDegrees>
<LongitudeDegrees>117.7529301</LongitudeDegrees>
</Position>
<AltitudeMeters>973.4</AltitudeMeters>
<DistanceMeters>53243.6</DistanceMeters>
<Extensions>
<ns3:TPX>
<ns3:Speed>2.532</ns3:Speed>
</ns3:TPX>
</Extensions>
</Trackpoint>
<Trackpoint>
<Time>2026-09-03T06:15:13Z</Time>
<Position>
<LatitudeDegrees>43.2282442</LatitudeDegrees>
<LongitudeDegrees>117.7531550</LongitudeDegrees>
</Position>
<AltitudeMeters>973.6</AltitudeMeters>
<DistanceMeters>53263.8</DistanceMeters>
<Extensions>
<ns3:TPX>
<ns3:Speed>2.41</ns3:Speed>
</ns3:TPX>
</Extensions>
</Trackpoint>
<Trackpoint>
<Time>2026-09-03T06:15:21Z</Time>
<Position>
<LatitudeDegrees>43.2282759</LatitudeDegrees>
<LongitudeDegrees>117.7533363</LongitudeDegrees>
</Position>
<AltitudeMeters>974.2</AltitudeMeters>
<DistanceMeters>53278.9</DistanceMeters>
<Extensions>
<ns3:TPX>
<ns3:Speed>1.967</ns3:Speed>
</ns3:TPX>
</Extensions>
</Trackpoint>
<Trackpoint>
<Time>2026-09-03T06:15:29Z</Time>
<Position>
<LatitudeDegrees>43.2282890</LatitudeDegrees>
<LongitudeDegrees>117.7535335</LongitudeDegrees>
</Position>
<AltitudeMeters>974.2</AltitudeMeters>
<DistanceMeters>53294.9</DistanceMeters>
<Extensions>
<ns3:TPX>
<ns3:Speed>1.948</ns3:Speed>
</ns3:TPX>
</Extensions>
</Trackpoint>
<Trackpoint>
<Time>2026-09-03T06:15:37Z</Time>
<Position>
<LatitudeDegrees>43.2282804</LatitudeDegrees>
<LongitudeDegrees>117.7537273</LongitudeDegrees>
</Position>
<AltitudeMeters>974.8</AltitudeMeters>
<DistanceMeters>53310.7</DistanceMeters>
<Extensions>
<ns3:TPX>
<ns3:Speed>1.825</ns3:Speed>
</ns3:TPX>
</Extensions>
</Trackpoint>
<Trackpoint>
<Time>2026-09-03T06:15:45Z</Time>
<Position>
<LatitudeDegrees>43.2282533</LatitudeDegrees>
<LongitudeDegrees>117.7538917</LongitudeDegrees>
</Position>
<AltitudeMeters>975.6</AltitudeMeters>
<DistanceMeters>53324.4</DistanceMeters>
<Extensions>
<ns3:TPX>
<ns3:Speed>1.982</ns3:Speed>
</ns3:TPX>
</Extensions>
</Trackpoint>
<Trackpoint>
<Time>2026-09-03T06:15:53Z</Time>
<Position>
<LatitudeDegrees>43.2281966</LatitudeDegrees>
<LongitudeDegrees>117.7540761</LongitudeDegrees>
</Position>
<AltitudeMeters>976.4</AltitudeMeters>
<DistanceMeters>53340.6</DistanceMeters>
<Extensions>
<ns3:TPX>
<ns3:Speed>2.03</ns3:Speed>
</ns3:TPX>
</Extensions>
</Trackpoint>
<Trackpoint>
<Time>2026-09-03T06:16:01Z</Time>
<Position>
<LatitudeDegrees>43.2281370</LatitudeDegrees>
<LongitudeDegrees>117.7542626</LongitudeDegrees>
</Position>
<AltitudeMeters>977.0</AltitudeMeters>
<DistanceMeters>53357.0</DistanceMeters>
<Extensions>
<ns3:TPX>
<ns3:Speed>2.173</ns3:Speed>
</ns3:TPX>
</Extensions>
</Trackpoint>
<Trackpoint>
<Time>2026-09-03T06:16:09Z</Time>
<Position>
<LatitudeDegrees>43.2280631</LatitudeDegrees>
<LongitudeDegrees>117.7544401</LongitudeDegrees>
</Position>
<AltitudeMeters>977.6</AltitudeMeters>
<DistanceMeters>53373.6</DistanceMeters>
<Extensions>
<ns3:TPX>
<ns3:Speed>2.138</ns3:Speed>
</ns3:TPX>
</Extensions>
</Trackpoint>
<Trackpoint>
<Time>2026-09-03T06:16:15Z</Time>
<Position>
<LatitudeDegrees>43.2280236</LatitudeDegrees>
<LongitudeDegrees>117.7545644</LongitudeDegrees>
</Position>
<AltitudeMeters>978.0</AltitudeMeters>
<DistanceMeters>53384.8</DistanceMeters>
<Extensions>
<ns3:TPX>
<ns3:Speed>2.058</ns3:Speed>
</ns3:TPX>
</Extensions>
</Trackpoint>
<Trackpoint>
<Time>2026-09-03T06:16:23Z</Time>
<Position>
<LatitudeDegrees>43.2279360</LatitudeDegrees>
<LongitudeDegrees>117.7547569</LongitudeDegrees>
</Position>
<AltitudeMeters>978.4</AltitudeMeters>
<DistanceMeters>53403.2</DistanceMeters>
<Extensions>
<ns3:TPX>
<ns3:Speed>2.312</ns3:Speed>
</ns3:TPX>
</Extensions>
</Trackpoint>
<Trackpoint>
<Time>2026-09-03T06:16:31Z</Time>
<Position>
<LatitudeDegrees>43.2278562</LatitudeDegrees>
<LongitudeDegrees>117.7549556</LongitudeDegrees>
</Position>
<AltitudeMeters>978.8</AltitudeMeters>
<DistanceMeters>53421.6</DistanceMeters>
<Extensions>
<ns3:TPX>
<ns3:Speed>2.363</ns3:Speed>
</ns3:TPX>
</Extensions>
</Trackpoint>
<Trackpoint>
<Time>2026-09-03T06:16:40Z</Time>
<Position>
<LatitudeDegrees>43.2277735</LatitudeDegrees>
<LongitudeDegrees>117.7551599</LongitudeDegrees>
</Position>
<AltitudeMeters>979.4</AltitudeMeters>
<DistanceMeters>53440.5</DistanceMeters>
<Extensions>
<ns3:TPX>
<ns3:Speed>2.401</ns3:Speed>
</ns3:TPX>
</Extensions>
</Trackpoint>
<Trackpoint>
<Time>2026-09-03T06:16:48Z</Time>
<Position>
<LatitudeDegrees>43.2276779</LatitudeDegrees>
<LongitudeDegrees>117.7553975</LongitudeDegrees>
</Position>
<AltitudeMeters>980.0</AltitudeMeters>
<DistanceMeters>53462.4</DistanceMeters>
<Extensions>
<ns3:TPX>
<ns3:Speed>2.31</ns3:Speed>
</ns3:TPX>
</Extensions>
</Trackpoint>
<Trackpoint>
<Time>2026-09-03T06:16:56Z</Time>
<Position>
<LatitudeDegrees>43.2276064</LatitudeDegrees>
<LongitudeDegrees>117.7555718</LongitudeDegrees>
</Position>
<AltitudeMeters>980.4</AltitudeMeters>
<DistanceMeters>53478.6</DistanceMeters>
<Extensions>
<ns3:TPX>
<ns3:Speed>2.231</ns3:Speed>
</ns3:TPX>
</Extensions>
</Trackpoint>
<Trackpoint>
<Time>2026-09-03T06:17:04Z</Time>
<Position>
<LatitudeDegrees>43.2275238</LatitudeDegrees>
<LongitudeDegrees>117.7557812</LongitudeDegrees>
</Position>
<AltitudeMeters>980.8</AltitudeMeters>
<DistanceMeters>53497.9</DistanceMeters>
<Extensions>
<ns3:TPX>
<ns3:Speed>2.434</ns3:Speed>
</ns3:TPX>
</Extensions>
</Trackpoint>
<Trackpoint>
<Time>2026-09-03T06:17:12Z</Time>
<Position>
<LatitudeDegrees>43.2274385</LatitudeDegrees>
<LongitudeDegrees>117.7559903</LongitudeDegrees>
</Position>
<AltitudeMeters>981.2</AltitudeMeters>
<DistanceMeters>53517.3</DistanceMeters>
<Extensions>
<ns3:TPX>
<ns3:Speed>2.495</ns3:Speed>
</ns3:TPX>
</Extensions>
</Trackpoint>
<Trackpoint>
<Time>2026-09-03T06:17:20Z</Time>
<Position>
<LatitudeDegrees>43.2273512</LatitudeDegrees>
<LongitudeDegrees>117.7562182</LongitudeDegrees>
</Position>
<AltitudeMeters>981.8</AltitudeMeters>
<DistanceMeters>53538.1</DistanceMeters>
<Extensions>
<ns3:TPX>
<ns3:Speed>2.75</ns3:Speed>
</ns3:TPX>
</Extensions>
</Trackpoint>
<Trackpoint>
<Time>2026-09-03T06:17:28Z</Time>
<Position>
<LatitudeDegrees>43.2272490</LatitudeDegrees>
<LongitudeDegrees>117.7564491</LongitudeDegrees>
</Position>
<AltitudeMeters>982.2</AltitudeMeters>
<DistanceMeters>53560.0</DistanceMeters>
<Extensions>
<ns3:TPX>
<ns3:Speed>2.471</ns3:Speed>
</ns3:TPX>
</Extensions>
</Trackpoint>
<Trackpoint>
<Time>2026-09-03T06:17:36Z</Time>
<Position>
<LatitudeDegrees>43.2271619</LatitudeDegrees>
<LongitudeDegrees>117.7566707</LongitudeDegrees>
</Position>
<AltitudeMeters>982.6</AltitudeMeters>
<DistanceMeters>53580.4</DistanceMeters>
<Extensions>
<ns3:TPX>
<ns3:Speed>2.654</ns3:Speed>
</ns3:TPX>
</Extensions>
</Trackpoint>
<Trackpoint>
<Time>2026-09-03T06:17:44Z</Time>
<Position>
<LatitudeDegrees>43.2270652</LatitudeDegrees>
<LongitudeDegrees>117.7569011</LongitudeDegrees>
</Position>
<AltitudeMeters>983.2</AltitudeMeters>
<DistanceMeters>53601.9</DistanceMeters>
<Extensions>
<ns3:TPX>
<ns3:Speed>2.783</ns3:Speed>
</ns3:TPX>
</Extensions>
</Trackpoint>
<Trackpoint>
<Time>2026-09-03T06:17:52Z</Time>
<Position>
<LatitudeDegrees>43.2269691</LatitudeDegrees>
<LongitudeDegrees>117.7571327</LongitudeDegrees>
</Position>
<AltitudeMeters>983.6</AltitudeMeters>
<DistanceMeters>53623.4</DistanceMeters>
<Extensions>
<ns3:TPX>
<ns3:Speed>2.451</ns3:Speed>
</ns3:TPX>
</Extensions>
</Trackpoint>
<Trackpoint>
<Time>2026-09-03T06:18:00Z</Time>
<Position>
<LatitudeDegrees>43.2268840</LatitudeDegrees>
<LongitudeDegrees>117.7573317</LongitudeDegrees>
</Position>
<AltitudeMeters>983.8</AltitudeMeters>
<DistanceMeters>53642.1</DistanceMeters>
<Extensions>
<ns3:TPX>
<ns3:Speed>2.418</ns3:Speed>
</ns3:TPX>
</Extensions>
</Trackpoint>
<Trackpoint>
<Time>2026-09-03T06:18:08Z</Time>
<Position>
<LatitudeDegrees>43.2267951</LatitudeDegrees>
<LongitudeDegrees>117.7575475</LongitudeDegrees>
</Position>
<AltitudeMeters>984.2</AltitudeMeters>
<DistanceMeters>53662.2</DistanceMeters>
<Extensions>
<ns3:TPX>
<ns3:Speed>2.217</ns3:Speed>
</ns3:TPX>
</Extensions>
</Trackpoint>
<Trackpoint>
<Time>2026-09-03T06:18:16Z</Time>
<Position>
<LatitudeDegrees>43.2267122</LatitudeDegrees>
<LongitudeDegrees>117.7577487</LongitudeDegrees>
</Position>
<AltitudeMeters>984.6</AltitudeMeters>
<DistanceMeters>53680.9</DistanceMeters>
<Extensions>
<ns3:TPX>
<ns3:Speed>2.512</ns3:Speed>
</ns3:TPX>
</Extensions>
</Trackpoint>
<Trackpoint>
<Time>2026-09-03T06:18:24Z</Time>
<Position>
<LatitudeDegrees>43.2266175</LatitudeDegrees>
<LongitudeDegrees>117.7579715</LongitudeDegrees>
</Position>
<AltitudeMeters>985.0</AltitudeMeters>
<DistanceMeters>53701.8</DistanceMeters>
<Extensions>
<ns3:TPX>
<ns3:Speed>2.622</ns3:Speed>
</ns3:TPX>
</Extensions>
</Trackpoint>
<Trackpoint>
<Time>2026-09-03T06:18:32Z</Time>
<Position>
<LatitudeDegrees>43.2265232</LatitudeDegrees>
<LongitudeDegrees>117.7582020</LongitudeDegrees>
</Position>
<AltitudeMeters>985.4</AltitudeMeters>
<DistanceMeters>53723.2</DistanceMeters>
<Extensions>
<ns3:TPX>
<ns3:Speed>2.552</ns3:Speed>
</ns3:TPX>
</Extensions>
</Trackpoint>
<Trackpoint>
<Time>2026-09-03T06:18:40Z</Time>
<Position>
<LatitudeDegrees>43.2264290</LatitudeDegrees>
<LongitudeDegrees>117.7584135</LongitudeDegrees>
</Position>
<AltitudeMeters>985.8</AltitudeMeters>
<DistanceMeters>53743.2</DistanceMeters>
<Extensions>
<ns3:TPX>
<ns3:Speed>2.577</ns3:Speed>
</ns3:TPX>
</Extensions>
</Trackpoint>
<Trackpoint>
<Time>2026-09-03T06:18:48Z</Time>
<Position>
<LatitudeDegrees>43.2263410</LatitudeDegrees>
<LongitudeDegrees>117.7586120</LongitudeDegrees>
</Position>
<AltitudeMeters>986.4</AltitudeMeters>
<DistanceMeters>53762.0</DistanceMeters>
<Extensions>
<ns3:TPX>
<ns3:Speed>2.403</ns3:Speed>
</ns3:TPX>
</Extensions>
</Trackpoint>
<Trackpoint>
<Time>2026-09-03T06:18:57Z</Time>
<Position>
<LatitudeDegrees>43.2262433</LatitudeDegrees>
<LongitudeDegrees>117.7588165</LongitudeDegrees>
</Position>
<AltitudeMeters>986.8</AltitudeMeters>
<DistanceMeters>53781.8</DistanceMeters>
<Extensions>
<ns3:TPX>
<ns3:Speed>2.487</ns3:Speed>
</ns3:TPX>
</Extensions>
</Trackpoint>
<Trackpoint>
<Time>2026-09-03T06:19:05Z</Time>
<Position>
<LatitudeDegrees>43.2261397</LatitudeDegrees>
<LongitudeDegrees>117.7590254</LongitudeDegrees>
</Position>
<AltitudeMeters>987.4</AltitudeMeters>
<DistanceMeters>53802.3</DistanceMeters>
<Extensions>
<ns3:TPX>
<ns3:Speed>2.622</ns3:Speed>
</ns3:TPX>
</Extensions>
</Trackpoint>
<Trackpoint>
<Time>2026-09-03T06:19:13Z</Time>
<Position>
<LatitudeDegrees>43.2260203</LatitudeDegrees>
<LongitudeDegrees>117.7592341</LongitudeDegrees>
</Position>
<AltitudeMeters>987.6</AltitudeMeters>
<DistanceMeters>53823.7</DistanceMeters>
<Extensions>
<ns3:TPX>
<ns3:Speed>2.373</ns3:Speed>
</ns3:TPX>
</Extensions>
</Trackpoint>
<Trackpoint>
<Time>2026-09-03T06:19:21Z</Time>
<Position>
<LatitudeDegrees>43.2259197</LatitudeDegrees>
<LongitudeDegrees>117.7594050</LongitudeDegrees>
</Position>
<AltitudeMeters>988.2</AltitudeMeters>
<DistanceMeters>53841.5</DistanceMeters>
<Extensions>
<ns3:TPX>
<ns3:Speed>2.508</ns3:Speed>
</ns3:TPX>
</Extensions>
</Trackpoint>
<Trackpoint>
<Time>2026-09-03T06:19:29Z</Time>
<Position>
<LatitudeDegrees>43.2257854</LatitudeDegrees>
<LongitudeDegrees>117.7596077</LongitudeDegrees>
</Position>
<AltitudeMeters>988.6</AltitudeMeters>
<DistanceMeters>53863.7</DistanceMeters>
<Extensions>
<ns3:TPX>
<ns3:Speed>2.673</ns3:Speed>
</ns3:TPX>
</Extensions>
</Trackpoint>
<Trackpoint>
<Time>2026-09-03T06:19:37Z</Time>
<Position>
<LatitudeDegrees>43.2256570</LatitudeDegrees>
<LongitudeDegrees>117.7598011</LongitudeDegrees>
</Position>
<AltitudeMeters>989.2</AltitudeMeters>
<DistanceMeters>53884.9</DistanceMeters>
<Extensions>
<ns3:TPX>
<ns3:Speed>2.172</ns3:Speed>
</ns3:TPX>
</Extensions>
</Trackpoint>
<Trackpoint>
<Time>2026-09-03T06:19:45Z</Time>
<Position>
<LatitudeDegrees>43.2255511</LatitudeDegrees>
<LongitudeDegrees>117.7599664</LongitudeDegrees>
</Position>
<AltitudeMeters>989.4</AltitudeMeters>
<DistanceMeters>53902.7</DistanceMeters>
<Extensions>
<ns3:TPX>
<ns3:Speed>2.408</ns3:Speed>
</ns3:TPX>
</Extensions>
</Trackpoint>
<Trackpoint>
<Time>2026-09-03T06:19:53Z</Time>
<Position>
<LatitudeDegrees>43.2254372</LatitudeDegrees>
<LongitudeDegrees>117.7601495</LongitudeDegrees>
</Position>
<AltitudeMeters>990.0</AltitudeMeters>
<DistanceMeters>53922.1</DistanceMeters>
<Extensions>
<ns3:TPX>
<ns3:Speed>2.365</ns3:Speed>
</ns3:TPX>
</Extensions>
</Trackpoint>
<Trackpoint>
<Time>2026-09-03T06:20:01Z</Time>
<Position>
<LatitudeDegrees>43.2253159</LatitudeDegrees>
<LongitudeDegrees>117.7603172</LongitudeDegrees>
</Position>
<AltitudeMeters>990.4</AltitudeMeters>
<DistanceMeters>53941.3</DistanceMeters>
<Extensions>
<ns3:TPX>
<ns3:Speed>2.389</ns3:Speed>
</ns3:TPX>
</Extensions>
</Trackpoint>
<Trackpoint>
<Time>2026-09-03T06:20:09Z</Time>
<Position>
<LatitudeDegrees>43.2252023</LatitudeDegrees>
<LongitudeDegrees>117.7604947</LongitudeDegrees>
</Position>
<AltitudeMeters>991.0</AltitudeMeters>
<DistanceMeters>53960.4</DistanceMeters>
<Extensions>
<ns3:TPX>
<ns3:Speed>2.172</ns3:Speed>
</ns3:TPX>
</Extensions>
</Trackpoint>
<Trackpoint>
<Time>2026-09-03T06:20:16Z</Time>
<Position>
<LatitudeDegrees>43.2251519</LatitudeDegrees>
<LongitudeDegrees>117.7605626</LongitudeDegrees>
</Position>
<AltitudeMeters>991.4</AltitudeMeters>
<DistanceMeters>53966.8</DistanceMeters>
<Extensions>
<ns3:TPX>
<ns3:Speed>0.0</ns3:Speed>
</ns3:TPX>
</Extensions>
</Trackpoint>
<Trackpoint>
<Time>2026-09-03T06:22:34Z</Time>
<Position>
<LatitudeDegrees>43.2250290</LatitudeDegrees>
<LongitudeDegrees>117.7607640</LongitudeDegrees>
</Position>
<AltitudeMeters>992.0</AltitudeMeters>
<DistanceMeters>53988.1</DistanceMeters>
<Extensions>
<ns3:TPX>
<ns3:Speed>1.873</ns3:Speed>
</ns3:TPX>
</Extensions>
</Trackpoint>
<Trackpoint>
<Time>2026-09-03T06:22:42Z</Time>
<Position>
<LatitudeDegrees>43.2249355</LatitudeDegrees>
<LongitudeDegrees>117.7609050</LongitudeDegrees>
</Position>
<AltitudeMeters>992.6</AltitudeMeters>
<DistanceMeters>54003.5</DistanceMeters>
<Extensions>
<ns3:TPX>
<ns3:Speed>1.972</ns3:Speed>
</ns3:TPX>
</Extensions>
</Trackpoint>
<Trackpoint>
<Time>2026-09-03T06:22:50Z</Time>
<Position>
<LatitudeDegrees>43.2248436</LatitudeDegrees>
<LongitudeDegrees>117.7610416</LongitudeDegrees>
</Position>
<AltitudeMeters>993.2</AltitudeMeters>
<DistanceMeters>54018.6</DistanceMeters>
<Extensions>
<ns3:TPX>
<ns3:Speed>1.693</ns3:Speed>
</ns3:TPX>
</Extensions>
</Trackpoint>
<Trackpoint>
<Time>2026-09-03T06:22:58Z</Time>
<Position>
<LatitudeDegrees>43.2247691</LatitudeDegrees>
<LongitudeDegrees>117.7611666</LongitudeDegrees>
</Position>
<AltitudeMeters>993.8</AltitudeMeters>
<DistanceMeters>54031.7</DistanceMeters>
<Extensions>
<ns3:TPX>
<ns3:Speed>1.667</ns3:Speed>
</ns3:TPX>
</Extensions>
</Trackpoint>
<Trackpoint>
<Time>2026-09-03T06:23:06Z</Time>
<Position>
<LatitudeDegrees>43.2246914</LatitudeDegrees>
<LongitudeDegrees>117.7612883</LongitudeDegrees>
</Position>
<AltitudeMeters>994.4</AltitudeMeters>
<DistanceMeters>54044.8</DistanceMeters>
<Extensions>
<ns3:TPX>
<ns3:Speed>1.725</ns3:Speed>
</ns3:TPX>
</Extensions>
</Trackpoint>
<Trackpoint>
<Time>2026-09-03T06:23:14Z</Time>
<Position>
<LatitudeDegrees>43.2246065</LatitudeDegrees>
<LongitudeDegrees>117.7614071</LongitudeDegrees>
</Position>
<AltitudeMeters>995.0</AltitudeMeters>
<DistanceMeters>54058.3</DistanceMeters>
<Extensions>
<ns3:TPX>
<ns3:Speed>1.691</ns3:Speed>
</ns3:TPX>
</Extensions>
</Trackpoint>
<Trackpoint>
<Time>2026-09-03T06:23:22Z</Time>
<Position>
<LatitudeDegrees>43.2245242</LatitudeDegrees>
<LongitudeDegrees>117.7615358</LongitudeDegrees>
</Position>
<AltitudeMeters>995.6</AltitudeMeters>
<DistanceMeters>54072.2</DistanceMeters>
<Extensions>
<ns3:TPX>
<ns3:Speed>1.685</ns3:Speed>
</ns3:TPX>
</Extensions>
</Trackpoint>
<Trackpoint>
<Time>2026-09-03T06:23:30Z</Time>
<Position>
<LatitudeDegrees>43.2244357</LatitudeDegrees>
<LongitudeDegrees>117.7616580</LongitudeDegrees>
</Position>
<AltitudeMeters>996.2</AltitudeMeters>
<DistanceMeters>54086.1</DistanceMeters>
<Extensions>
<ns3:TPX>
<ns3:Speed>1.744</ns3:Speed>
</ns3:TPX>
</Extensions>
</Trackpoint>
<Trackpoint>
<Time>2026-09-03T06:23:38Z</Time>
<Position>
<LatitudeDegrees>43.2243522</LatitudeDegrees>
<LongitudeDegrees>117.7617905</LongitudeDegrees>
</Position>
<AltitudeMeters>996.8</AltitudeMeters>
<DistanceMeters>54100.3</DistanceMeters>
<Extensions>
<ns3:TPX>
<ns3:Speed>1.741</ns3:Speed>
</ns3:TPX>
</Extensions>
</Trackpoint>
<Trackpoint>
<Time>2026-09-03T06:23:47Z</Time>
<Position>
<LatitudeDegrees>43.2242660</LatitudeDegrees>
<LongitudeDegrees>117.7619168</LongitudeDegrees>
</Position>
<AltitudeMeters>997.6</AltitudeMeters>
<DistanceMeters>54114.3</DistanceMeters>
<Extensions>
<ns3:TPX>
<ns3:Speed>1.769</ns3:Speed>
</ns3:TPX>
</Extensions>
</Trackpoint>
<Trackpoint>
<Time>2026-09-03T06:23:55Z</Time>
<Position>
<LatitudeDegrees>43.2241742</LatitudeDegrees>
<LongitudeDegrees>117.7620469</LongitudeDegrees>
</Position>
<AltitudeMeters>998.0</AltitudeMeters>
<DistanceMeters>54129.0</DistanceMeters>
<Extensions>
<ns3:TPX>
<ns3:Speed>1.925</ns3:Speed>
</ns3:TPX>
</Extensions>
</Trackpoint>
<Trackpoint>
<Time>2026-09-03T06:24:03Z</Time>
<Position>
<LatitudeDegrees>43.2240739</LatitudeDegrees>
<LongitudeDegrees>117.7622024</LongitudeDegrees>
</Position>
<AltitudeMeters>998.8</AltitudeMeters>
<DistanceMeters>54145.8</DistanceMeters>
<Extensions>
<ns3:TPX>
<ns3:Speed>1.801</ns3:Speed>
</ns3:TPX>
</Extensions>
</Trackpoint>
<Trackpoint>
<Time>2026-09-03T06:24:11Z</Time>
<Position>
<LatitudeDegrees>43.2239903</LatitudeDegrees>
<LongitudeDegrees>117.7623387</LongitudeDegrees>
</Position>
<AltitudeMeters>999.4</AltitudeMeters>
<DistanceMeters>54160.3</DistanceMeters>
<Extensions>
<ns3:TPX>
<ns3:Speed>1.777</ns3:Speed>
</ns3:TPX>
</Extensions>
</Trackpoint>
<Trackpoint>
<Time>2026-09-03T06:24:19Z</Time>
<Position>
<LatitudeDegrees>43.2239053</LatitudeDegrees>
<LongitudeDegrees>117.7624691</LongitudeDegrees>
</Position>
<AltitudeMeters>1000.0</AltitudeMeters>
<DistanceMeters>54174.4</DistanceMeters>
<Extensions>
<ns3:TPX>
<ns3:Speed>1.735</ns3:Speed>
</ns3:TPX>
</Extensions>
</Trackpoint>
<Trackpoint>
<Time>2026-09-03T06:24:27Z</Time>
<Position>
<LatitudeDegrees>43.2238134</LatitudeDegrees>
<LongitudeDegrees>117.7625952</LongitudeDegrees>
</Position>
<AltitudeMeters>1000.4</AltitudeMeters>
<DistanceMeters>54188.9</DistanceMeters>
<Extensions>
<ns3:TPX>
<ns3:Speed>1.705</ns3:Speed>
</ns3:TPX>
</Extensions>
</Trackpoint>
<Trackpoint>
<Time>2026-09-03T06:24:35Z</Time>
<Position>
<LatitudeDegrees>43.2237375</LatitudeDegrees>
<LongitudeDegrees>117.7627212</LongitudeDegrees>
</Position>
<AltitudeMeters>1001.0</AltitudeMeters>
<DistanceMeters>54202.1</DistanceMeters>
<Extensions>
<ns3:TPX>
<ns3:Speed>1.662</ns3:Speed>
</ns3:TPX>
</Extensions>
</Trackpoint>
<Trackpoint>
<Time>2026-09-03T06:24:43Z</Time>
<Position>
<LatitudeDegrees>43.2236616</LatitudeDegrees>
<LongitudeDegrees>117.7628439</LongitudeDegrees>
</Position>
<AltitudeMeters>1001.4</AltitudeMeters>
<DistanceMeters>54215.2</DistanceMeters>
<Extensions>
<ns3:TPX>
<ns3:Speed>1.623</ns3:Speed>
</ns3:TPX>
</Extensions>
</Trackpoint>
<Trackpoint>
<Time>2026-09-03T06:24:51Z</Time>
<Position>
<LatitudeDegrees>43.2235789</LatitudeDegrees>
<LongitudeDegrees>117.7629628</LongitudeDegrees>
</Position>
<AltitudeMeters>1001.8</AltitudeMeters>
<DistanceMeters>54228.5</DistanceMeters>
<Extensions>
<ns3:TPX>
<ns3:Speed>1.654</ns3:Speed>
</ns3:TPX>
</Extensions>
</Trackpoint>
<Trackpoint>
<Time>2026-09-03T06:24:59Z</Time>
<Position>
<LatitudeDegrees>43.2234952</LatitudeDegrees>
<LongitudeDegrees>117.7630858</LongitudeDegrees>
</Position>
<AltitudeMeters>1002.4</AltitudeMeters>
<DistanceMeters>54242.2</DistanceMeters>
<Extensions>
<ns3:TPX>
<ns3:Speed>1.72</ns3:Speed>
</ns3:TPX>
</Extensions>
</Trackpoint>
<Trackpoint>
<Time>2026-09-03T06:25:07Z</Time>
<Position>
<LatitudeDegrees>43.2234174</LatitudeDegrees>
<LongitudeDegrees>117.7632169</LongitudeDegrees>
</Position>
<AltitudeMeters>1002.8</AltitudeMeters>
<DistanceMeters>54255.9</DistanceMeters>
<Extensions>
<ns3:TPX>
<ns3:Speed>1.688</ns3:Speed>
</ns3:TPX>
</Extensions>
</Trackpoint>
<Trackpoint>
<Time>2026-09-03T06:25:15Z</Time>
<Position>
<LatitudeDegrees>43.2233324</LatitudeDegrees>
<LongitudeDegrees>117.7633321</LongitudeDegrees>
</Position>
<AltitudeMeters>1003.6</AltitudeMeters>
<DistanceMeters>54269.2</DistanceMeters>
<Extensions>
<ns3:TPX>
<ns3:Speed>1.737</ns3:Speed>
</ns3:TPX>
</Extensions>
</Trackpoint>
<Trackpoint>
<Time>2026-09-03T06:25:23Z</Time>
<Position>
<LatitudeDegrees>43.2232436</LatitudeDegrees>
<LongitudeDegrees>117.7634587</LongitudeDegrees>
</Position>
<AltitudeMeters>1003.8</AltitudeMeters>
<DistanceMeters>54283.5</DistanceMeters>
<Extensions>
<ns3:TPX>
<ns3:Speed>1.863</ns3:Speed>
</ns3:TPX>
</Extensions>
</Trackpoint>
<Trackpoint>
<Time>2026-09-03T06:25:31Z</Time>
<Position>
<LatitudeDegrees>43.2231530</LatitudeDegrees>
<LongitudeDegrees>117.7636020</LongitudeDegrees>
</Position>
<AltitudeMeters>1004.8</AltitudeMeters>
<DistanceMeters>54298.9</DistanceMeters>
<Extensions>
<ns3:TPX>
<ns3:Speed>1.494</ns3:Speed>
</ns3:TPX>
</Extensions>
</Trackpoint>
<Trackpoint>
<Time>2026-09-03T06:25:39Z</Time>
<Position>
<LatitudeDegrees>43.2230793</LatitudeDegrees>
<LongitudeDegrees>117.7637182</LongitudeDegrees>
</Position>
<AltitudeMeters>1005.2</AltitudeMeters>
<DistanceMeters>54311.4</DistanceMeters>
<Extensions>
<ns3:TPX>
<ns3:Speed>1.726</ns3:Speed>
</ns3:TPX>
</Extensions>
</Trackpoint>
<Trackpoint>
<Time>2026-09-03T06:25:47Z</Time>
<Position>
<LatitudeDegrees>43.2229861</LatitudeDegrees>
<LongitudeDegrees>117.7638532</LongitudeDegrees>
</Position>
<AltitudeMeters>1005.8</AltitudeMeters>
<DistanceMeters>54326.5</DistanceMeters>
<Extensions>
<ns3:TPX>
<ns3:Speed>1.889</ns3:Speed>
</ns3:TPX>
</Extensions>
</Trackpoint>
<Trackpoint>
<Time>2026-09-03T06:25:55Z</Time>
<Position>
<LatitudeDegrees>43.2228943</LatitudeDegrees>
<LongitudeDegrees>117.7639926</LongitudeDegrees>
</Position>
<AltitudeMeters>1006.4</AltitudeMeters>
<DistanceMeters>54341.7</DistanceMeters>
<Extensions>
<ns3:TPX>
<ns3:Speed>1.857</ns3:Speed>
</ns3:TPX>
</Extensions>
</Trackpoint>
<Trackpoint>
<Time>2026-09-03T06:26:03Z</Time>
<Position>
<LatitudeDegrees>43.2227937</LatitudeDegrees>
<LongitudeDegrees>117.7641230</LongitudeDegrees>
</Position>
<AltitudeMeters>1007.0</AltitudeMeters>
<DistanceMeters>54357.1</DistanceMeters>
<Extensions>
<ns3:TPX>
<ns3:Speed>1.952</ns3:Speed>
</ns3:TPX>
</Extensions>
</Trackpoint>
<Trackpoint>
<Time>2026-09-03T06:26:12Z</Time>
<Position>
<LatitudeDegrees>43.2227053</LatitudeDegrees>
<LongitudeDegrees>117.7642436</LongitudeDegrees>
</Position>
<AltitudeMeters>1007.6</AltitudeMeters>
<DistanceMeters>54370.9</DistanceMeters>
<Extensions>
<ns3:TPX>
<ns3:Speed>1.79</ns3:Speed>
</ns3:TPX>
</Extensions>
</Trackpoint>
<Trackpoint>
<Time>2026-09-03T06:26:20Z</Time>
<Position>
<LatitudeDegrees>43.2226082</LatitudeDegrees>
<LongitudeDegrees>117.7643630</LongitudeDegrees>
</Position>
<AltitudeMeters>1008.4</AltitudeMeters>
<DistanceMeters>54385.4</DistanceMeters>
<Extensions>
<ns3:TPX>
<ns3:Speed>1.788</ns3:Speed>
</ns3:TPX>
</Extensions>
</Trackpoint>
<Trackpoint>
<Time>2026-09-03T06:26:28Z</Time>
<Position>
<LatitudeDegrees>43.2224986</LatitudeDegrees>
<LongitudeDegrees>117.7644891</LongitudeDegrees>
</Position>
<AltitudeMeters>1009.2</AltitudeMeters>
<DistanceMeters>54401.4</DistanceMeters>
<Extensions>
<ns3:TPX>
<ns3:Speed>1.6</ns3:Speed>
</ns3:TPX>
</Extensions>
</Trackpoint>
<Trackpoint>
<Time>2026-09-03T06:26:36Z</Time>
<Position>
<LatitudeDegrees>43.2223969</LatitudeDegrees>
<LongitudeDegrees>117.7645907</LongitudeDegrees>
</Position>
<AltitudeMeters>1009.8</AltitudeMeters>
<DistanceMeters>54415.3</DistanceMeters>
<Extensions>
<ns3:TPX>
<ns3:Speed>1.905</ns3:Speed>
</ns3:TPX>
</Extensions>
</Trackpoint>
<Trackpoint>
<Time>2026-09-03T06:26:44Z</Time>
<Position>
<LatitudeDegrees>43.2222763</LatitudeDegrees>
<LongitudeDegrees>117.7646927</LongitudeDegrees>
</Position>
<AltitudeMeters>1010.2</AltitudeMeters>
<DistanceMeters>54431.1</DistanceMeters>
<Extensions>
<ns3:TPX>
<ns3:Speed>1.967</ns3:Speed>
</ns3:TPX>
</Extensions>
</Trackpoint>
<Trackpoint>
<Time>2026-09-03T06:26:52Z</Time>
<Position>
<LatitudeDegrees>43.2221561</LatitudeDegrees>
<LongitudeDegrees>117.7648049</LongitudeDegrees>
</Position>
<AltitudeMeters>1010.8</AltitudeMeters>
<DistanceMeters>54447.2</DistanceMeters>
<Extensions>
<ns3:TPX>
<ns3:Speed>2.049</ns3:Speed>
</ns3:TPX>
</Extensions>
</Trackpoint>
<Trackpoint>
<Time>2026-09-03T06:27:00Z</Time>
<Position>
<LatitudeDegrees>43.2220557</LatitudeDegrees>
<LongitudeDegrees>117.7648698</LongitudeDegrees>
</Position>
<AltitudeMeters>1011.2</AltitudeMeters>
<DistanceMeters>54459.6</DistanceMeters>
<Extensions>
<ns3:TPX>
<ns3:Speed>1.594</ns3:Speed>
</ns3:TPX>
</Extensions>
</Trackpoint>
<Trackpoint>
<Time>2026-09-03T06:27:08Z</Time>
<Position>
<LatitudeDegrees>43.2219450</LatitudeDegrees>
<LongitudeDegrees>117.7649449</LongitudeDegrees>
</Position>
<AltitudeMeters>1011.8</AltitudeMeters>
<DistanceMeters>54473.3</DistanceMeters>
<Extensions>
<ns3:TPX>
<ns3:Speed>1.77</ns3:Speed>
</ns3:TPX>
</Extensions>
</Trackpoint>
<Trackpoint>
<Time>2026-09-03T06:27:16Z</Time>
<Position>
<LatitudeDegrees>43.2218257</LatitudeDegrees>
<LongitudeDegrees>117.7650201</LongitudeDegrees>
</Position>
<AltitudeMeters>1012.2</AltitudeMeters>
<DistanceMeters>54487.9</DistanceMeters>
<Extensions>
<ns3:TPX>
<ns3:Speed>1.84</ns3:Speed>
</ns3:TPX>
</Extensions>
</Trackpoint>
<Trackpoint>
<Time>2026-09-03T06:27:24Z</Time>
<Position>
<LatitudeDegrees>43.2217024</LatitudeDegrees>
<LongitudeDegrees>117.7650877</LongitudeDegrees>
</Position>
<AltitudeMeters>1012.8</AltitudeMeters>
<DistanceMeters>54502.6</DistanceMeters>
<Extensions>
<ns3:TPX>
<ns3:Speed>1.868</ns3:Speed>
</ns3:TPX>
</Extensions>
</Trackpoint>
<Trackpoint>
<Time>2026-09-03T06:27:32Z</Time>
<Position>
<LatitudeDegrees>43.2215731</LatitudeDegrees>
<LongitudeDegrees>117.7651491</LongitudeDegrees>
</Position>
<AltitudeMeters>1013.6</AltitudeMeters>
<DistanceMeters>54517.8</DistanceMeters>
<Extensions>
<ns3:TPX>
<ns3:Speed>1.928</ns3:Speed>
</ns3:TPX>
</Extensions>
</Trackpoint>
<Trackpoint>
<Time>2026-09-03T06:27:40Z</Time>
<Position>
<LatitudeDegrees>43.2214409</LatitudeDegrees>
<LongitudeDegrees>117.7652091</LongitudeDegrees>
</Position>
<AltitudeMeters>1014.2</AltitudeMeters>
<DistanceMeters>54533.3</DistanceMeters>
<Extensions>
<ns3:TPX>
<ns3:Speed>1.922</ns3:Speed>
</ns3:TPX>
</Extensions>
</Trackpoint>
<Trackpoint>
<Time>2026-09-03T06:27:48Z</Time>
<Position>
<LatitudeDegrees>43.2213081</LatitudeDegrees>
<LongitudeDegrees>117.7652694</LongitudeDegrees>
</Position>
<AltitudeMeters>1014.8</AltitudeMeters>
<DistanceMeters>54548.8</DistanceMeters>
<Extensions>
<ns3:TPX>
<ns3:Speed>1.903</ns3:Speed>
</ns3:TPX>
</Extensions>
</Trackpoint>
<Trackpoint>
<Time>2026-09-03T06:27:56Z</Time>
<Position>
<LatitudeDegrees>43.2211739</LatitudeDegrees>
<LongitudeDegrees>117.7653336</LongitudeDegrees>
</Position>
<AltitudeMeters>1015.2</AltitudeMeters>
<DistanceMeters>54564.6</DistanceMeters>
<Extensions>
<ns3:TPX>
<ns3:Speed>1.941</ns3:Speed>
</ns3:TPX>
</Extensions>
</Trackpoint>
<Trackpoint>
<Time>2026-09-03T06:28:04Z</Time>
<Position>
<LatitudeDegrees>43.2210527</LatitudeDegrees>
<LongitudeDegrees>117.7654091</LongitudeDegrees>
</Position>
<AltitudeMeters>1015.4</AltitudeMeters>
<DistanceMeters>54579.4</DistanceMeters>
<Extensions>
<ns3:TPX>
<ns3:Speed>1.696</ns3:Speed>
</ns3:TPX>
</Extensions>
</Trackpoint>
<Trackpoint>
<Time>2026-09-03T06:28:12Z</Time>
<Position>
<LatitudeDegrees>43.2209368</LatitudeDegrees>
<LongitudeDegrees>117.7654914</LongitudeDegrees>
</Position>
<AltitudeMeters>1015.8</AltitudeMeters>
<DistanceMeters>54593.9</DistanceMeters>
<Extensions>
<ns3:TPX>
<ns3:Speed>1.814</ns3:Speed>
</ns3:TPX>
</Extensions>
</Trackpoint>
<Trackpoint>
<Time>2026-09-03T06:28:20Z</Time>
<Position>
<LatitudeDegrees>43.2208277</LatitudeDegrees>
<LongitudeDegrees>117.7655911</LongitudeDegrees>
</Position>
<AltitudeMeters>1016.2</AltitudeMeters>
<DistanceMeters>54608.4</DistanceMeters>
<Extensions>
<ns3:TPX>
<ns3:Speed>1.761</ns3:Speed>
</ns3:TPX>
</Extensions>
</Trackpoint>
<Trackpoint>
<Time>2026-09-03T06:28:29Z</Time>
<Position>
<LatitudeDegrees>43.2207287</LatitudeDegrees>
<LongitudeDegrees>117.7656992</LongitudeDegrees>
</Position>
<AltitudeMeters>1016.8</AltitudeMeters>
<DistanceMeters>54622.6</DistanceMeters>
<Extensions>
<ns3:TPX>
<ns3:Speed>1.833</ns3:Speed>
</ns3:TPX>
</Extensions>
</Trackpoint>
<Trackpoint>
<Time>2026-09-03T06:28:37Z</Time>
<Position>
<LatitudeDegrees>43.2206368</LatitudeDegrees>
<LongitudeDegrees>117.7658325</LongitudeDegrees>
</Position>
<AltitudeMeters>1017.6</AltitudeMeters>
<DistanceMeters>54637.4</DistanceMeters>
<Extensions>
<ns3:TPX>
<ns3:Speed>1.767</ns3:Speed>
</ns3:TPX>
</Extensions>
</Trackpoint>
<Trackpoint>
<Time>2026-09-03T06:28:45Z</Time>
<Position>
<LatitudeDegrees>43.2205686</LatitudeDegrees>
<LongitudeDegrees>117.7659847</LongitudeDegrees>
</Position>
<AltitudeMeters>1018.4</AltitudeMeters>
<DistanceMeters>54651.9</DistanceMeters>
<Extensions>
<ns3:TPX>
<ns3:Speed>1.857</ns3:Speed>
</ns3:TPX>
</Extensions>
</Trackpoint>
<Trackpoint>
<Time>2026-09-03T06:28:53Z</Time>
<Position>
<LatitudeDegrees>43.2204985</LatitudeDegrees>
<LongitudeDegrees>117.7661678</LongitudeDegrees>
</Position>
<AltitudeMeters>1018.8</AltitudeMeters>
<DistanceMeters>54668.7</DistanceMeters>
<Extensions>
<ns3:TPX>
<ns3:Speed>1.874</ns3:Speed>
</ns3:TPX>
</Extensions>
</Trackpoint>
<Trackpoint>
<Time>2026-09-03T06:29:01Z</Time>
<Position>
<LatitudeDegrees>43.2204599</LatitudeDegrees>
<LongitudeDegrees>117.7663343</LongitudeDegrees>
</Position>
<AltitudeMeters>1019.6</AltitudeMeters>
<DistanceMeters>54682.8</DistanceMeters>
<Extensions>
<ns3:TPX>
<ns3:Speed>0.97</ns3:Speed>
</ns3:TPX>
</Extensions>
</Trackpoint>
<Trackpoint>
<Time>2026-09-03T06:29:09Z</Time>
<Position>
<LatitudeDegrees>43.2204274</LatitudeDegrees>
<LongitudeDegrees>117.7664674</LongitudeDegrees>
</Position>
<AltitudeMeters>1020.4</AltitudeMeters>
<DistanceMeters>54694.3</DistanceMeters>
<Extensions>
<ns3:TPX>
<ns3:Speed>1.627</ns3:Speed>
</ns3:TPX>
</Extensions>
</Trackpoint>
<Trackpoint>
<Time>2026-09-03T06:29:17Z</Time>
<Position>
<LatitudeDegrees>43.2204202</LatitudeDegrees>
<LongitudeDegrees>117.7666240</LongitudeDegrees>
</Position>
<AltitudeMeters>1020.8</AltitudeMeters>
<DistanceMeters>54707.0</DistanceMeters>
<Extensions>
<ns3:TPX>
<ns3:Speed>1.482</ns3:Speed>
</ns3:TPX>
</Extensions>
</Trackpoint>
<Trackpoint>
<Time>2026-09-03T06:29:25Z</Time>
<Position>
<LatitudeDegrees>43.2204161</LatitudeDegrees>
<LongitudeDegrees>117.7667741</LongitudeDegrees>
</Position>
<AltitudeMeters>1021.4</AltitudeMeters>
<DistanceMeters>54719.2</DistanceMeters>
<Extensions>
<ns3:TPX>
<ns3:Speed>1.549</ns3:Speed>
</ns3:TPX>
</Extensions>
</Trackpoint>
<Trackpoint>
<Time>2026-09-03T06:29:33Z</Time>
<Position>
<LatitudeDegrees>43.2204301</LatitudeDegrees>
<LongitudeDegrees>117.7669310</LongitudeDegrees>
</Position>
<AltitudeMeters>1022.2</AltitudeMeters>
<DistanceMeters>54732.0</DistanceMeters>
<Extensions>
<ns3:TPX>
<ns3:Speed>1.692</ns3:Speed>
</ns3:TPX>
</Extensions>
</Trackpoint>
<Trackpoint>
<Time>2026-09-03T06:29:41Z</Time>
<Position>
<LatitudeDegrees>43.2204547</LatitudeDegrees>
<LongitudeDegrees>117.7670950</LongitudeDegrees>
</Position>
<AltitudeMeters>1022.6</AltitudeMeters>
<DistanceMeters>54745.5</DistanceMeters>
<Extensions>
<ns3:TPX>
<ns3:Speed>1.697</ns3:Speed>
</ns3:TPX>
</Extensions>
</Trackpoint>
<Trackpoint>
<Time>2026-09-03T06:29:49Z</Time>
<Position>
<LatitudeDegrees>43.2204746</LatitudeDegrees>
<LongitudeDegrees>117.7672538</LongitudeDegrees>
</Position>
<AltitudeMeters>1023.2</AltitudeMeters>
<DistanceMeters>54758.6</DistanceMeters>
<Extensions>
<ns3:TPX>
<ns3:Speed>1.719</ns3:Speed>
</ns3:TPX>
</Extensions>
</Trackpoint>
<Trackpoint>
<Time>2026-09-03T06:29:57Z</Time>
<Position>
<LatitudeDegrees>43.2205078</LatitudeDegrees>
<LongitudeDegrees>117.7674112</LongitudeDegrees>
</Position>
<AltitudeMeters>1023.8</AltitudeMeters>
<DistanceMeters>54772.0</DistanceMeters>
<Extensions>
<ns3:TPX>
<ns3:Speed>1.694</ns3:Speed>
</ns3:TPX>
</Extensions>
</Trackpoint>
<Trackpoint>
<Time>2026-09-03T06:30:05Z</Time>
<Position>
<LatitudeDegrees>43.2205430</LatitudeDegrees>
<LongitudeDegrees>117.7675620</LongitudeDegrees>
</Position>
<AltitudeMeters>1024.4</AltitudeMeters>
<DistanceMeters>54784.8</DistanceMeters>
<Extensions>
<ns3:TPX>
<ns3:Speed>1.585</ns3:Speed>
</ns3:TPX>
</Extensions>
</Trackpoint>
<Trackpoint>
<Time>2026-09-03T06:30:13Z</Time>
<Position>
<LatitudeDegrees>43.2205723</LatitudeDegrees>
<LongitudeDegrees>117.7677149</LongitudeDegrees>
</Position>
<AltitudeMeters>1025.4</AltitudeMeters>
<DistanceMeters>54797.7</DistanceMeters>
<Extensions>
<ns3:TPX>
<ns3:Speed>1.58</ns3:Speed>
</ns3:TPX>
</Extensions>
</Trackpoint>
<Trackpoint>
<Time>2026-09-03T06:30:21Z</Time>
<Position>
<LatitudeDegrees>43.2206062</LatitudeDegrees>
<LongitudeDegrees>117.7678665</LongitudeDegrees>
</Position>
<AltitudeMeters>1026.2</AltitudeMeters>
<DistanceMeters>54810.5</DistanceMeters>
<Extensions>
<ns3:TPX>
<ns3:Speed>1.611</ns3:Speed>
</ns3:TPX>
</Extensions>
</Trackpoint>
<Trackpoint>
<Time>2026-09-03T06:30:29Z</Time>
<Position>
<LatitudeDegrees>43.2206501</LatitudeDegrees>
<LongitudeDegrees>117.7680069</LongitudeDegrees>
</Position>
<AltitudeMeters>1027.0</AltitudeMeters>
<DistanceMeters>54822.9</DistanceMeters>
<Extensions>
<ns3:TPX>
<ns3:Speed>1.539</ns3:Speed>
</ns3:TPX>
</Extensions>
</Trackpoint>
<Trackpoint>
<Time>2026-09-03T06:30:37Z</Time>
<Position>
<LatitudeDegrees>43.2206958</LatitudeDegrees>
<LongitudeDegrees>117.7681462</LongitudeDegrees>
</Position>
<AltitudeMeters>1027.8</AltitudeMeters>
<DistanceMeters>54835.3</DistanceMeters>
<Extensions>
<ns3:TPX>
<ns3:Speed>1.615</ns3:Speed>
</ns3:TPX>
</Extensions>
</Trackpoint>
<Trackpoint>
<Time>2026-09-03T06:30:45Z</Time>
<Position>
<LatitudeDegrees>43.2207472</LatitudeDegrees>
<LongitudeDegrees>117.7682811</LongitudeDegrees>
</Position>
<AltitudeMeters>1028.4</AltitudeMeters>
<DistanceMeters>54847.6</DistanceMeters>
<Extensions>
<ns3:TPX>
<ns3:Speed>1.325</ns3:Speed>
</ns3:TPX>
</Extensions>
</Trackpoint>
<Trackpoint>
<Time>2026-09-03T06:30:54Z</Time>
<Position>
<LatitudeDegrees>43.2208016</LatitudeDegrees>
<LongitudeDegrees>117.7684061</LongitudeDegrees>
</Position>
<AltitudeMeters>1029.2</AltitudeMeters>
<DistanceMeters>54859.4</DistanceMeters>
<Extensions>
<ns3:TPX>
<ns3:Speed>1.535</ns3:Speed>
</ns3:TPX>
</Extensions>
</Trackpoint>
<Trackpoint>
<Time>2026-09-03T06:31:02Z</Time>
<Position>
<LatitudeDegrees>43.2208559</LatitudeDegrees>
<LongitudeDegrees>117.7685169</LongitudeDegrees>
</Position>
<AltitudeMeters>1029.6</AltitudeMeters>
<DistanceMeters>54870.3</DistanceMeters>
<Extensions>
<ns3:TPX>
<ns3:Speed>1.441</ns3:Speed>
</ns3:TPX>
</Extensions>
</Trackpoint>
<Trackpoint>
<Time>2026-09-03T06:31:10Z</Time>
<Position>
<LatitudeDegrees>43.2209076</LatitudeDegrees>
<LongitudeDegrees>117.7686507</LongitudeDegrees>
</Position>
<AltitudeMeters>1030.4</AltitudeMeters>
<DistanceMeters>54882.5</DistanceMeters>
<Extensions>
<ns3:TPX>
<ns3:Speed>1.463</ns3:Speed>
</ns3:TPX>
</Extensions>
</Trackpoint>
<Trackpoint>
<Time>2026-09-03T06:31:18Z</Time>
<Position>
<LatitudeDegrees>43.2209655</LatitudeDegrees>
<LongitudeDegrees>117.7687896</LongitudeDegrees>
</Position>
<AltitudeMeters>1031.0</AltitudeMeters>
<DistanceMeters>54895.5</DistanceMeters>
<Extensions>
<ns3:TPX>
<ns3:Speed>1.586</ns3:Speed>
</ns3:TPX>
</Extensions>
</Trackpoint>
<Trackpoint>
<Time>2026-09-03T06:31:26Z</Time>
<Position>
<LatitudeDegrees>43.2210198</LatitudeDegrees>
<LongitudeDegrees>117.7689176</LongitudeDegrees>
</Position>
<AltitudeMeters>1031.8</AltitudeMeters>
<DistanceMeters>54907.4</DistanceMeters>
<Extensions>
<ns3:TPX>
<ns3:Speed>1.104</ns3:Speed>
</ns3:TPX>
</Extensions>
</Trackpoint>
<Trackpoint>
<Time>2026-09-03T06:31:34Z</Time>
<Position>
<LatitudeDegrees>43.2210734</LatitudeDegrees>
<LongitudeDegrees>117.7690264</LongitudeDegrees>
</Position>
<AltitudeMeters>1032.4</AltitudeMeters>
<DistanceMeters>54918.1</DistanceMeters>
<Extensions>
<ns3:TPX>
<ns3:Speed>1.312</ns3:Speed>
</ns3:TPX>
</Extensions>
</Trackpoint>
<Trackpoint>
<Time>2026-09-03T06:31:42Z</Time>
<Position>
<LatitudeDegrees>43.2211228</LatitudeDegrees>
<LongitudeDegrees>117.7691409</LongitudeDegrees>
</Position>
<AltitudeMeters>1033.0</AltitudeMeters>
<DistanceMeters>54928.9</DistanceMeters>
<Extensions>
<ns3:TPX>
<ns3:Speed>1.401</ns3:Speed>
</ns3:TPX>
</Extensions>
</Trackpoint>
<Trackpoint>
<Time>2026-09-03T06:31:50Z</Time>
<Position>
<LatitudeDegrees>43.2211791</LatitudeDegrees>
<LongitudeDegrees>117.7692574</LongitudeDegrees>
</Position>
<AltitudeMeters>1033.8</AltitudeMeters>
<DistanceMeters>54940.3</DistanceMeters>
<Extensions>
<ns3:TPX>
<ns3:Speed>1.438</ns3:Speed>
</ns3:TPX>
</Extensions>
</Trackpoint>
<Trackpoint>
<Time>2026-09-03T06:31:55Z</Time>
<Position>
<LatitudeDegrees>43.2211997</LatitudeDegrees>
<LongitudeDegrees>117.7693371</LongitudeDegrees>
</Position>
<AltitudeMeters>1034.0</AltitudeMeters>
<DistanceMeters>54947.4</DistanceMeters>
<Extensions>
<ns3:TPX>
<ns3:Speed>1.295</ns3:Speed>
</ns3:TPX>
</Extensions>
</Trackpoint>
<Trackpoint>
<Time>2026-09-03T06:32:03Z</Time>
<Position>
<LatitudeDegrees>43.2211345</LatitudeDegrees>
<LongitudeDegrees>117.7694263</LongitudeDegrees>
</Position>
<AltitudeMeters>1034.0</AltitudeMeters>
<DistanceMeters>54957.8</DistanceMeters>
<Extensions>
<ns3:TPX>
<ns3:Speed>0.9</ns3:Speed>
</ns3:TPX>
</Extensions>
</Trackpoint>
<Trackpoint>
<Time>2026-09-03T06:32:06Z</Time>
<Position>
<LatitudeDegrees>43.2211256</LatitudeDegrees>
<LongitudeDegrees>117.7694266</LongitudeDegrees>
</Position>
<AltitudeMeters>1034.0</AltitudeMeters>
<DistanceMeters>54957.8</DistanceMeters>
<Extensions>
<ns3:TPX>
<ns3:Speed>0.0</ns3:Speed>
</ns3:TPX>
</Extensions>
</Trackpoint>
<Trackpoint>
<Time>2026-09-03T06:35:02Z</Time>
<Position>
<LatitudeDegrees>43.2212175</LatitudeDegrees>
<LongitudeDegrees>117.7693650</LongitudeDegrees>
</Position>
<AltitudeMeters>1035.0</AltitudeMeters>
<DistanceMeters>54969.3</DistanceMeters>
<Extensions>
<ns3:TPX>
<ns3:Speed>1.4</ns3:Speed>
</ns3:TPX>
</Extensions>
</Trackpoint>
<Trackpoint>
<Time>2026-09-03T06:35:07Z</Time>
<Position>
<LatitudeDegrees>43.2212611</LatitudeDegrees>
<LongitudeDegrees>117.7694233</LongitudeDegrees>
</Position>
<AltitudeMeters>1035.4</AltitudeMeters>
<DistanceMeters>54976.5</DistanceMeters>
<Extensions>
<ns3:TPX>
<ns3:Speed>1.457</ns3:Speed>
</ns3:TPX>
</Extensions>
</Trackpoint>
<Trackpoint>
<Time>2026-09-03T06:35:15Z</Time>
<Position>
<LatitudeDegrees>43.2213106</LatitudeDegrees>
<LongitudeDegrees>117.7695502</LongitudeDegrees>
</Position>
<AltitudeMeters>1036.0</AltitudeMeters>
<DistanceMeters>54988.1</DistanceMeters>
<Extensions>
<ns3:TPX>
<ns3:Speed>1.317</ns3:Speed>
</ns3:TPX>
</Extensions>
</Trackpoint>
<Trackpoint>
<Time>2026-09-03T06:35:23Z</Time>
<Position>
<LatitudeDegrees>43.2213609</LatitudeDegrees>
<LongitudeDegrees>117.7696635</LongitudeDegrees>
</Position>
<AltitudeMeters>1036.6</AltitudeMeters>
<DistanceMeters>54998.9</DistanceMeters>
<Extensions>
<ns3:TPX>
<ns3:Speed>1.386</ns3:Speed>
</ns3:TPX>
</Extensions>
</Trackpoint>
<Trackpoint>
<Time>2026-09-03T06:35:31Z</Time>
<Position>
<LatitudeDegrees>43.2214145</LatitudeDegrees>
<LongitudeDegrees>117.7697690</LongitudeDegrees>
</Position>
<AltitudeMeters>1037.4</AltitudeMeters>
<DistanceMeters>55009.3</DistanceMeters>
<Extensions>
<ns3:TPX>
<ns3:Speed>1.326</ns3:Speed>
</ns3:TPX>
</Extensions>
</Trackpoint>
<Trackpoint>
<Time>2026-09-03T06:35:40Z</Time>
<Position>
<LatitudeDegrees>43.2214630</LatitudeDegrees>
<LongitudeDegrees>117.7698819</LongitudeDegrees>
</Position>
<AltitudeMeters>1038.0</AltitudeMeters>
<DistanceMeters>55020.0</DistanceMeters>
<Extensions>
<ns3:TPX>
<ns3:Speed>1.37</ns3:Speed>
</ns3:TPX>
</Extensions>
</Trackpoint>
<Trackpoint>
<Time>2026-09-03T06:35:48Z</Time>
<Position>
<LatitudeDegrees>43.2215098</LatitudeDegrees>
<LongitudeDegrees>117.7699863</LongitudeDegrees>
</Position>
<AltitudeMeters>1038.6</AltitudeMeters>
<DistanceMeters>55029.9</DistanceMeters>
<Extensions>
<ns3:TPX>
<ns3:Speed>1.315</ns3:Speed>
</ns3:TPX>
</Extensions>
</Trackpoint>
<Trackpoint>
<Time>2026-09-03T06:35:56Z</Time>
<Position>
<LatitudeDegrees>43.2215639</LatitudeDegrees>
<LongitudeDegrees>117.7701026</LongitudeDegrees>
</Position>
<AltitudeMeters>1039.2</AltitudeMeters>
<DistanceMeters>55041.1</DistanceMeters>
<Extensions>
<ns3:TPX>
<ns3:Speed>1.427</ns3:Speed>
</ns3:TPX>
</Extensions>
</Trackpoint>
<Trackpoint>
<Time>2026-09-03T06:36:04Z</Time>
<Position>
<LatitudeDegrees>43.2216182</LatitudeDegrees>
<LongitudeDegrees>117.7702226</LongitudeDegrees>
</Position>
<AltitudeMeters>1039.8</AltitudeMeters>
<DistanceMeters>55052.6</DistanceMeters>
<Extensions>
<ns3:TPX>
<ns3:Speed>1.271</ns3:Speed>
</ns3:TPX>
</Extensions>
</Trackpoint>
<Trackpoint>
<Time>2026-09-03T06:36:12Z</Time>
<Position>
<LatitudeDegrees>43.2216731</LatitudeDegrees>
<LongitudeDegrees>117.7703418</LongitudeDegrees>
</Position>
<AltitudeMeters>1040.6</AltitudeMeters>
<DistanceMeters>55064.0</DistanceMeters>
<Extensions>
<ns3:TPX>
<ns3:Speed>1.451</ns3:Speed>
</ns3:TPX>
</Extensions>
</Trackpoint>
<Trackpoint>
<Time>2026-09-03T06:36:20Z</Time>
<Position>
<LatitudeDegrees>43.2217271</LatitudeDegrees>
<LongitudeDegrees>117.7704568</LongitudeDegrees>
</Position>
<AltitudeMeters>1041.4</AltitudeMeters>
<DistanceMeters>55075.1</DistanceMeters>
<Extensions>
<ns3:TPX>
<ns3:Speed>1.291</ns3:Speed>
</ns3:TPX>
</Extensions>
</Trackpoint>
<Trackpoint>
<Time>2026-09-03T06:36:28Z</Time>
<Position>
<LatitudeDegrees>43.2217803</LatitudeDegrees>
<LongitudeDegrees>117.7705674</LongitudeDegrees>
</Position>
<AltitudeMeters>1042.0</AltitudeMeters>
<DistanceMeters>55085.8</DistanceMeters>
<Extensions>
<ns3:TPX>
<ns3:Speed>1.397</ns3:Speed>
</ns3:TPX>
</Extensions>
</Trackpoint>
<Trackpoint>
<Time>2026-09-03T06:36:36Z</Time>
<Position>
<LatitudeDegrees>43.2218400</LatitudeDegrees>
<LongitudeDegrees>117.7706931</LongitudeDegrees>
</Position>
<AltitudeMeters>1042.6</AltitudeMeters>
<DistanceMeters>55097.9</DistanceMeters>
<Extensions>
<ns3:TPX>
<ns3:Speed>1.51</ns3:Speed>
</ns3:TPX>
</Extensions>
</Trackpoint>
<Trackpoint>
<Time>2026-09-03T06:36:44Z</Time>
<Position>
<LatitudeDegrees>43.2218970</LatitudeDegrees>
<LongitudeDegrees>117.7708128</LongitudeDegrees>
</Position>
<AltitudeMeters>1043.2</AltitudeMeters>
<DistanceMeters>55109.5</DistanceMeters>
<Extensions>
<ns3:TPX>
<ns3:Speed>1.304</ns3:Speed>
</ns3:TPX>
</Extensions>
</Trackpoint>
<Trackpoint>
<Time>2026-09-03T06:36:52Z</Time>
<Position>
<LatitudeDegrees>43.2219494</LatitudeDegrees>
<LongitudeDegrees>117.7709316</LongitudeDegrees>
</Position>
<AltitudeMeters>1044.0</AltitudeMeters>
<DistanceMeters>55120.7</DistanceMeters>
<Extensions>
<ns3:TPX>
<ns3:Speed>1.36</ns3:Speed>
</ns3:TPX>
</Extensions>
</Trackpoint>
<Trackpoint>
<Time>2026-09-03T06:37:00Z</Time>
<Position>
<LatitudeDegrees>43.2220030</LatitudeDegrees>
<LongitudeDegrees>117.7710434</LongitudeDegrees>
</Position>
<AltitudeMeters>1044.6</AltitudeMeters>
<DistanceMeters>55131.6</DistanceMeters>
<Extensions>
<ns3:TPX>
<ns3:Speed>1.449</ns3:Speed>
</ns3:TPX>
</Extensions>
</Trackpoint>
<Trackpoint>
<Time>2026-09-03T06:37:08Z</Time>
<Position>
<LatitudeDegrees>43.2220540</LatitudeDegrees>
<LongitudeDegrees>117.7711584</LongitudeDegrees>
</Position>
<AltitudeMeters>1045.4</AltitudeMeters>
<DistanceMeters>55142.5</DistanceMeters>
<Extensions>
<ns3:TPX>
<ns3:Speed>1.492</ns3:Speed>
</ns3:TPX>
</Extensions>
</Trackpoint>
<Trackpoint>
<Time>2026-09-03T06:37:16Z</Time>
<Position>
<LatitudeDegrees>43.2221111</LatitudeDegrees>
<LongitudeDegrees>117.7712858</LongitudeDegrees>
</Position>
<AltitudeMeters>1046.2</AltitudeMeters>
<DistanceMeters>55154.6</DistanceMeters>
<Extensions>
<ns3:TPX>
<ns3:Speed>1.572</ns3:Speed>
</ns3:TPX>
</Extensions>
</Trackpoint>
<Trackpoint>
<Time>2026-09-03T06:37:24Z</Time>
<Position>
<LatitudeDegrees>43.2221696</LatitudeDegrees>
<LongitudeDegrees>117.7714133</LongitudeDegrees>
</Position>
<AltitudeMeters>1047.0</AltitudeMeters>
<DistanceMeters>55166.8</DistanceMeters>
<Extensions>
<ns3:TPX>
<ns3:Speed>1.563</ns3:Speed>
</ns3:TPX>
</Extensions>
</Trackpoint>
<Trackpoint>
<Time>2026-09-03T06:37:32Z</Time>
<Position>
<LatitudeDegrees>43.2222321</LatitudeDegrees>
<LongitudeDegrees>117.7715447</LongitudeDegrees>
</Position>
<AltitudeMeters>1047.8</AltitudeMeters>
<DistanceMeters>55179.5</DistanceMeters>
<Extensions>
<ns3:TPX>
<ns3:Speed>1.708</ns3:Speed>
</ns3:TPX>
</Extensions>
</Trackpoint>
<Trackpoint>
<Time>2026-09-03T06:37:40Z</Time>
<Position>
<LatitudeDegrees>43.2223022</LatitudeDegrees>
<LongitudeDegrees>117.7716719</LongitudeDegrees>
</Position>
<AltitudeMeters>1048.6</AltitudeMeters>
<DistanceMeters>55192.4</DistanceMeters>
<Extensions>
<ns3:TPX>
<ns3:Speed>1.606</ns3:Speed>
</ns3:TPX>
</Extensions>
</Trackpoint>
<Trackpoint>
<Time>2026-09-03T06:37:48Z</Time>
<Position>
<LatitudeDegrees>43.2223790</LatitudeDegrees>
<LongitudeDegrees>117.7717878</LongitudeDegrees>
</Position>
<AltitudeMeters>1049.4</AltitudeMeters>
<DistanceMeters>55205.1</DistanceMeters>
<Extensions>
<ns3:TPX>
<ns3:Speed>1.568</ns3:Speed>
</ns3:TPX>
</Extensions>
</Trackpoint>
<Trackpoint>
<Time>2026-09-03T06:37:56Z</Time>
<Position>
<LatitudeDegrees>43.2224562</LatitudeDegrees>
<LongitudeDegrees>117.7718910</LongitudeDegrees>
</Position>
<AltitudeMeters>1050.2</AltitudeMeters>
<DistanceMeters>55217.0</DistanceMeters>
<Extensions>
<ns3:TPX>
<ns3:Speed>1.568</ns3:Speed>
</ns3:TPX>
</Extensions>
</Trackpoint>
<Trackpoint>
<Time>2026-09-03T06:38:05Z</Time>
<Position>
<LatitudeDegrees>43.2225384</LatitudeDegrees>
<LongitudeDegrees>117.7720005</LongitudeDegrees>
</Position>
<AltitudeMeters>1051.0</AltitudeMeters>
<DistanceMeters>55229.8</DistanceMeters>
<Extensions>
<ns3:TPX>
<ns3:Speed>1.622</ns3:Speed>
</ns3:TPX>
</Extensions>
</Trackpoint>
<Trackpoint>
<Time>2026-09-03T06:38:13Z</Time>
<Position>
<LatitudeDegrees>43.2226285</LatitudeDegrees>
<LongitudeDegrees>117.7720984</LongitudeDegrees>
</Position>
<AltitudeMeters>1051.6</AltitudeMeters>
<DistanceMeters>55242.5</DistanceMeters>
<Extensions>
<ns3:TPX>
<ns3:Speed>1.673</ns3:Speed>
</ns3:TPX>
</Extensions>
</Trackpoint>
<Trackpoint>
<Time>2026-09-03T06:38:21Z</Time>
<Position>
<LatitudeDegrees>43.2227220</LatitudeDegrees>
<LongitudeDegrees>117.7721998</LongitudeDegrees>
</Position>
<AltitudeMeters>1052.4</AltitudeMeters>
<DistanceMeters>55255.8</DistanceMeters>
<Extensions>
<ns3:TPX>
<ns3:Speed>1.562</ns3:Speed>
</ns3:TPX>
</Extensions>
</Trackpoint>
<Trackpoint>
<Time>2026-09-03T06:38:29Z</Time>
<Position>
<LatitudeDegrees>43.2228199</LatitudeDegrees>
<LongitudeDegrees>117.7723042</LongitudeDegrees>
</Position>
<AltitudeMeters>1053.2</AltitudeMeters>
<DistanceMeters>55269.5</DistanceMeters>
<Extensions>
<ns3:TPX>
<ns3:Speed>1.816</ns3:Speed>
</ns3:TPX>
</Extensions>
</Trackpoint>
<Trackpoint>
<Time>2026-09-03T06:38:37Z</Time>
<Position>
<LatitudeDegrees>43.2229226</LatitudeDegrees>
<LongitudeDegrees>117.7724116</LongitudeDegrees>
</Position>
<AltitudeMeters>1054.0</AltitudeMeters>
<DistanceMeters>55283.9</DistanceMeters>
<Extensions>
<ns3:TPX>
<ns3:Speed>1.679</ns3:Speed>
</ns3:TPX>
</Extensions>
</Trackpoint>
<Trackpoint>
<Time>2026-09-03T06:38:45Z</Time>
<Position>
<LatitudeDegrees>43.2230166</LatitudeDegrees>
<LongitudeDegrees>117.7725048</LongitudeDegrees>
</Position>
<AltitudeMeters>1054.8</AltitudeMeters>
<DistanceMeters>55296.7</DistanceMeters>
<Extensions>
<ns3:TPX>
<ns3:Speed>1.657</ns3:Speed>
</ns3:TPX>
</Extensions>
</Trackpoint>
<Trackpoint>
<Time>2026-09-03T06:38:53Z</Time>
<Position>
<LatitudeDegrees>43.2231106</LatitudeDegrees>
<LongitudeDegrees>117.7726035</LongitudeDegrees>
</Position>
<AltitudeMeters>1055.6</AltitudeMeters>
<DistanceMeters>55309.9</DistanceMeters>
<Extensions>
<ns3:TPX>
<ns3:Speed>1.647</ns3:Speed>
</ns3:TPX>
</Extensions>
</Trackpoint>
<Trackpoint>
<Time>2026-09-03T06:39:01Z</Time>
<Position>
<LatitudeDegrees>43.2232046</LatitudeDegrees>
<LongitudeDegrees>117.7727001</LongitudeDegrees>
</Position>
<AltitudeMeters>1056.2</AltitudeMeters>
<DistanceMeters>55322.9</DistanceMeters>
<Extensions>
<ns3:TPX>
<ns3:Speed>1.581</ns3:Speed>
</ns3:TPX>
</Extensions>
</Trackpoint>
<Trackpoint>
<Time>2026-09-03T06:39:09Z</Time>
<Position>
<LatitudeDegrees>43.2232998</LatitudeDegrees>
<LongitudeDegrees>117.7727951</LongitudeDegrees>
</Position>
<AltitudeMeters>1056.8</AltitudeMeters>
<DistanceMeters>55336.0</DistanceMeters>
<Extensions>
<ns3:TPX>
<ns3:Speed>1.7</ns3:Speed>
</ns3:TPX>
</Extensions>
</Trackpoint>
<Trackpoint>
<Time>2026-09-03T06:39:17Z</Time>
<Position>
<LatitudeDegrees>43.2234010</LatitudeDegrees>
<LongitudeDegrees>117.7728928</LongitudeDegrees>
</Position>
<AltitudeMeters>1057.4</AltitudeMeters>
<DistanceMeters>55349.8</DistanceMeters>
<Extensions>
<ns3:TPX>
<ns3:Speed>1.758</ns3:Speed>
</ns3:TPX>
</Extensions>
</Trackpoint>
<Trackpoint>
<Time>2026-09-03T06:39:25Z</Time>
<Position>
<LatitudeDegrees>43.2235039</LatitudeDegrees>
<LongitudeDegrees>117.7729978</LongitudeDegrees>
</Position>
<AltitudeMeters>1057.8</AltitudeMeters>
<DistanceMeters>55364.0</DistanceMeters>
<Extensions>
<ns3:TPX>
<ns3:Speed>1.775</ns3:Speed>
</ns3:TPX>
</Extensions>
</Trackpoint>
<Trackpoint>
<Time>2026-09-03T06:39:33Z</Time>
<Position>
<LatitudeDegrees>43.2236014</LatitudeDegrees>
<LongitudeDegrees>117.7731005</LongitudeDegrees>
</Position>
<AltitudeMeters>1058.4</AltitudeMeters>
<DistanceMeters>55377.7</DistanceMeters>
<Extensions>
<ns3:TPX>
<ns3:Speed>1.71</ns3:Speed>
</ns3:TPX>
</Extensions>
</Trackpoint>
<Trackpoint>
<Time>2026-09-03T06:39:41Z</Time>
<Position>
<LatitudeDegrees>43.2236993</LatitudeDegrees>
<LongitudeDegrees>117.7731949</LongitudeDegrees>
</Position>
<AltitudeMeters>1058.8</AltitudeMeters>
<DistanceMeters>55391.0</DistanceMeters>
<Extensions>
<ns3:TPX>
<ns3:Speed>1.641</ns3:Speed>
</ns3:TPX>
</Extensions>
</Trackpoint>
<Trackpoint>
<Time>2026-09-03T06:39:49Z</Time>
<Position>
<LatitudeDegrees>43.2237948</LatitudeDegrees>
<LongitudeDegrees>117.7733028</LongitudeDegrees>
</Position>
<AltitudeMeters>1059.2</AltitudeMeters>
<DistanceMeters>55404.7</DistanceMeters>
<Extensions>
<ns3:TPX>
<ns3:Speed>1.79</ns3:Speed>
</ns3:TPX>
</Extensions>
</Trackpoint>
<Trackpoint>
<Time>2026-09-03T06:39:57Z</Time>
<Position>
<LatitudeDegrees>43.2238992</LatitudeDegrees>
<LongitudeDegrees>117.7734069</LongitudeDegrees>
</Position>
<AltitudeMeters>1060.0</AltitudeMeters>
<DistanceMeters>55419.0</DistanceMeters>
<Extensions>
<ns3:TPX>
<ns3:Speed>1.73</ns3:Speed>
</ns3:TPX>
</Extensions>
</Trackpoint>
<Trackpoint>
<Time>2026-09-03T06:40:05Z</Time>
<Position>
<LatitudeDegrees>43.2240004</LatitudeDegrees>
<LongitudeDegrees>117.7735105</LongitudeDegrees>
</Position>
<AltitudeMeters>1060.8</AltitudeMeters>
<DistanceMeters>55433.1</DistanceMeters>
<Extensions>
<ns3:TPX>
<ns3:Speed>1.727</ns3:Speed>
</ns3:TPX>
</Extensions>
</Trackpoint>
<Trackpoint>
<Time>2026-09-03T06:40:13Z</Time>
<Position>
<LatitudeDegrees>43.2241039</LatitudeDegrees>
<LongitudeDegrees>117.7736156</LongitudeDegrees>
</Position>
<AltitudeMeters>1061.2</AltitudeMeters>
<DistanceMeters>55447.4</DistanceMeters>
<Extensions>
<ns3:TPX>
<ns3:Speed>1.83</ns3:Speed>
</ns3:TPX>
</Extensions>
</Trackpoint>
<Trackpoint>
<Time>2026-09-03T06:40:22Z</Time>
<Position>
<LatitudeDegrees>43.2242083</LatitudeDegrees>
<LongitudeDegrees>117.7737233</LongitudeDegrees>
</Position>
<AltitudeMeters>1061.8</AltitudeMeters>
<DistanceMeters>55461.9</DistanceMeters>
<Extensions>
<ns3:TPX>
<ns3:Speed>1.742</ns3:Speed>
</ns3:TPX>
</Extensions>
</Trackpoint>
<Trackpoint>
<Time>2026-09-03T06:40:30Z</Time>
<Position>
<LatitudeDegrees>43.2243113</LatitudeDegrees>
<LongitudeDegrees>117.7738313</LongitudeDegrees>
</Position>
<AltitudeMeters>1062.4</AltitudeMeters>
<DistanceMeters>55476.3</DistanceMeters>
<Extensions>
<ns3:TPX>
<ns3:Speed>1.842</ns3:Speed>
</ns3:TPX>
</Extensions>
</Trackpoint>
<Trackpoint>
<Time>2026-09-03T06:40:38Z</Time>
<Position>
<LatitudeDegrees>43.2244199</LatitudeDegrees>
<LongitudeDegrees>117.7739378</LongitudeDegrees>
</Position>
<AltitudeMeters>1062.6</AltitudeMeters>
<DistanceMeters>55491.1</DistanceMeters>
<Extensions>
<ns3:TPX>
<ns3:Speed>1.868</ns3:Speed>
</ns3:TPX>
</Extensions>
</Trackpoint>
<Trackpoint>
<Time>2026-09-03T06:40:46Z</Time>
<Position>
<LatitudeDegrees>43.2245249</LatitudeDegrees>
<LongitudeDegrees>117.7740461</LongitudeDegrees>
</Position>
<AltitudeMeters>1063.0</AltitudeMeters>
<DistanceMeters>55505.7</DistanceMeters>
<Extensions>
<ns3:TPX>
<ns3:Speed>1.624</ns3:Speed>
</ns3:TPX>
</Extensions>
</Trackpoint>
<Trackpoint>
<Time>2026-09-03T06:40:54Z</Time>
<Position>
<LatitudeDegrees>43.2246165</LatitudeDegrees>
<LongitudeDegrees>117.7741448</LongitudeDegrees>
</Position>
<AltitudeMeters>1063.6</AltitudeMeters>
<DistanceMeters>55518.6</DistanceMeters>
<Extensions>
<ns3:TPX>
<ns3:Speed>1.675</ns3:Speed>
</ns3:TPX>
</Extensions>
</Trackpoint>
<Trackpoint>
<Time>2026-09-03T06:41:02Z</Time>
<Position>
<LatitudeDegrees>43.2247167</LatitudeDegrees>
<LongitudeDegrees>117.7742474</LongitudeDegrees>
</Position>
<AltitudeMeters>1064.2</AltitudeMeters>
<DistanceMeters>55532.5</DistanceMeters>
<Extensions>
<ns3:TPX>
<ns3:Speed>1.733</ns3:Speed>
</ns3:TPX>
</Extensions>
</Trackpoint>
<Trackpoint>
<Time>2026-09-03T06:41:10Z</Time>
<Position>
<LatitudeDegrees>43.2248218</LatitudeDegrees>
<LongitudeDegrees>117.7743571</LongitudeDegrees>
</Position>
<AltitudeMeters>1064.8</AltitudeMeters>
<DistanceMeters>55547.2</DistanceMeters>
<Extensions>
<ns3:TPX>
<ns3:Speed>1.864</ns3:Speed>
</ns3:TPX>
</Extensions>
</Trackpoint>
<Trackpoint>
<Time>2026-09-03T06:41:18Z</Time>
<Position>
<LatitudeDegrees>43.2249120</LatitudeDegrees>
<LongitudeDegrees>117.7744517</LongitudeDegrees>
</Position>
<AltitudeMeters>1065.4</AltitudeMeters>
<DistanceMeters>55559.9</DistanceMeters>
<Extensions>
<ns3:TPX>
<ns3:Speed>1.68</ns3:Speed>
</ns3:TPX>
</Extensions>
</Trackpoint>
<Trackpoint>
<Time>2026-09-03T06:41:26Z</Time>
<Position>
<LatitudeDegrees>43.2250111</LatitudeDegrees>
<LongitudeDegrees>117.7745423</LongitudeDegrees>
</Position>
<AltitudeMeters>1066.0</AltitudeMeters>
<DistanceMeters>55573.1</DistanceMeters>
<Extensions>
<ns3:TPX>
<ns3:Speed>1.637</ns3:Speed>
</ns3:TPX>
</Extensions>
</Trackpoint>
<Trackpoint>
<Time>2026-09-03T06:41:34Z</Time>
<Position>
<LatitudeDegrees>43.2251092</LatitudeDegrees>
<LongitudeDegrees>117.7746493</LongitudeDegrees>
</Position>
<AltitudeMeters>1066.4</AltitudeMeters>
<DistanceMeters>55587.0</DistanceMeters>
<Extensions>
<ns3:TPX>
<ns3:Speed>1.955</ns3:Speed>
</ns3:TPX>
</Extensions>
</Trackpoint>
<Trackpoint>
<Time>2026-09-03T06:41:42Z</Time>
<Position>
<LatitudeDegrees>43.2252185</LatitudeDegrees>
<LongitudeDegrees>117.7747655</LongitudeDegrees>
</Position>
<AltitudeMeters>1067.0</AltitudeMeters>
<DistanceMeters>55602.4</DistanceMeters>
<Extensions>
<ns3:TPX>
<ns3:Speed>1.585</ns3:Speed>
</ns3:TPX>
</Extensions>
</Trackpoint>
<Trackpoint>
<Time>2026-09-03T06:41:50Z</Time>
<Position>
<LatitudeDegrees>43.2253091</LatitudeDegrees>
<LongitudeDegrees>117.7748593</LongitudeDegrees>
</Position>
<AltitudeMeters>1067.6</AltitudeMeters>
<DistanceMeters>55615.2</DistanceMeters>
<Extensions>
<ns3:TPX>
<ns3:Speed>1.748</ns3:Speed>
</ns3:TPX>
</Extensions>
</Trackpoint>
<Trackpoint>
<Time>2026-09-03T06:41:58Z</Time>
<Position>
<LatitudeDegrees>43.2254110</LatitudeDegrees>
<LongitudeDegrees>117.7749586</LongitudeDegrees>
</Position>
<AltitudeMeters>1068.2</AltitudeMeters>
<DistanceMeters>55629.1</DistanceMeters>
<Extensions>
<ns3:TPX>
<ns3:Speed>1.718</ns3:Speed>
</ns3:TPX>
</Extensions>
</Trackpoint>
<Trackpoint>
<Time>2026-09-03T06:42:06Z</Time>
<Position>
<LatitudeDegrees>43.2255069</LatitudeDegrees>
<LongitudeDegrees>117.7750598</LongitudeDegrees>
</Position>
<AltitudeMeters>1068.6</AltitudeMeters>
<DistanceMeters>55642.5</DistanceMeters>
<Extensions>
<ns3:TPX>
<ns3:Speed>1.699</ns3:Speed>
</ns3:TPX>
</Extensions>
</Trackpoint>
<Trackpoint>
<Time>2026-09-03T06:42:14Z</Time>
<Position>
<LatitudeDegrees>43.2256173</LatitudeDegrees>
<LongitudeDegrees>117.7751675</LongitudeDegrees>
</Position>
<AltitudeMeters>1069.0</AltitudeMeters>
<DistanceMeters>55657.6</DistanceMeters>
<Extensions>
<ns3:TPX>
<ns3:Speed>2.232</ns3:Speed>
</ns3:TPX>
</Extensions>
</Trackpoint>
<Trackpoint>
<Time>2026-09-03T06:42:22Z</Time>
<Position>
<LatitudeDegrees>43.2257207</LatitudeDegrees>
<LongitudeDegrees>117.7752819</LongitudeDegrees>
</Position>
<AltitudeMeters>1069.4</AltitudeMeters>
<DistanceMeters>55672.4</DistanceMeters>
<Extensions>
<ns3:TPX>
<ns3:Speed>1.773</ns3:Speed>
</ns3:TPX>
</Extensions>
</Trackpoint>
<Trackpoint>
<Time>2026-09-03T06:42:30Z</Time>
<Position>
<LatitudeDegrees>43.2258168</LatitudeDegrees>
<LongitudeDegrees>117.7754002</LongitudeDegrees>
</Position>
<AltitudeMeters>1069.8</AltitudeMeters>
<DistanceMeters>55686.7</DistanceMeters>
<Extensions>
<ns3:TPX>
<ns3:Speed>1.801</ns3:Speed>
</ns3:TPX>
</Extensions>
</Trackpoint>
<Trackpoint>
<Time>2026-09-03T06:42:38Z</Time>
<Position>
<LatitudeDegrees>43.2259099</LatitudeDegrees>
<LongitudeDegrees>117.7755365</LongitudeDegrees>
</Position>
<AltitudeMeters>1070.4</AltitudeMeters>
<DistanceMeters>55701.8</DistanceMeters>
<Extensions>
<ns3:TPX>
<ns3:Speed>1.984</ns3:Speed>
</ns3:TPX>
</Extensions>
</Trackpoint>
<Trackpoint>
<Time>2026-09-03T06:42:47Z</Time>
<Position>
<LatitudeDegrees>43.2260063</LatitudeDegrees>
<LongitudeDegrees>117.7757004</LongitudeDegrees>
</Position>
<AltitudeMeters>1071.2</AltitudeMeters>
<DistanceMeters>55718.9</DistanceMeters>
<Extensions>
<ns3:TPX>
<ns3:Speed>2.233</ns3:Speed>
</ns3:TPX>
</Extensions>
</Trackpoint>
<Trackpoint>
<Time>2026-09-03T06:42:55Z</Time>
<Position>
<LatitudeDegrees>43.2260720</LatitudeDegrees>
<LongitudeDegrees>117.7758460</LongitudeDegrees>
</Position>
<AltitudeMeters>1071.8</AltitudeMeters>
<DistanceMeters>55732.8</DistanceMeters>
<Extensions>
<ns3:TPX>
<ns3:Speed>1.86</ns3:Speed>
</ns3:TPX>
</Extensions>
</Trackpoint>
<Trackpoint>
<Time>2026-09-03T06:43:03Z</Time>
<Position>
<LatitudeDegrees>43.2261361</LatitudeDegrees>
<LongitudeDegrees>117.7760213</LongitudeDegrees>
</Position>
<AltitudeMeters>1072.4</AltitudeMeters>
<DistanceMeters>55748.7</DistanceMeters>
<Extensions>
<ns3:TPX>
<ns3:Speed>2.049</ns3:Speed>
</ns3:TPX>
</Extensions>
</Trackpoint>
<Trackpoint>
<Time>2026-09-03T06:43:11Z</Time>
<Position>
<LatitudeDegrees>43.2261893</LatitudeDegrees>
<LongitudeDegrees>117.7762285</LongitudeDegrees>
</Position>
<AltitudeMeters>1073.2</AltitudeMeters>
<DistanceMeters>55766.5</DistanceMeters>
<Extensions>
<ns3:TPX>
<ns3:Speed>2.031</ns3:Speed>
</ns3:TPX>
</Extensions>
</Trackpoint>
<Trackpoint>
<Time>2026-09-03T06:43:19Z</Time>
<Position>
<LatitudeDegrees>43.2262185</LatitudeDegrees>
<LongitudeDegrees>117.7764188</LongitudeDegrees>
</Position>
<AltitudeMeters>1073.8</AltitudeMeters>
<DistanceMeters>55782.2</DistanceMeters>
<Extensions>
<ns3:TPX>
<ns3:Speed>1.911</ns3:Speed>
</ns3:TPX>
</Extensions>
</Trackpoint>
<Trackpoint>
<Time>2026-09-03T06:43:27Z</Time>
<Position>
<LatitudeDegrees>43.2262410</LatitudeDegrees>
<LongitudeDegrees>117.7766085</LongitudeDegrees>
</Position>
<AltitudeMeters>1074.6</AltitudeMeters>
<DistanceMeters>55797.8</DistanceMeters>
<Extensions>
<ns3:TPX>
<ns3:Speed>2.162</ns3:Speed>
</ns3:TPX>
</Extensions>
</Trackpoint>
<Trackpoint>
<Time>2026-09-03T06:43:35Z</Time>
<Position>
<LatitudeDegrees>43.2262544</LatitudeDegrees>
<LongitudeDegrees>117.7767848</LongitudeDegrees>
</Position>
<AltitudeMeters>1075.2</AltitudeMeters>
<DistanceMeters>55812.1</DistanceMeters>
<Extensions>
<ns3:TPX>
<ns3:Speed>1.85</ns3:Speed>
</ns3:TPX>
</Extensions>
</Trackpoint>
<Trackpoint>
<Time>2026-09-03T06:43:43Z</Time>
<Position>
<LatitudeDegrees>43.2262661</LatitudeDegrees>
<LongitudeDegrees>117.7769728</LongitudeDegrees>
</Position>
<AltitudeMeters>1076.0</AltitudeMeters>
<DistanceMeters>55827.4</DistanceMeters>
<Extensions>
<ns3:TPX>
<ns3:Speed>1.958</ns3:Speed>
</ns3:TPX>
</Extensions>
</Trackpoint>
<Trackpoint>
<Time>2026-09-03T06:43:51Z</Time>
<Position>
<LatitudeDegrees>43.2262743</LatitudeDegrees>
<LongitudeDegrees>117.7771690</LongitudeDegrees>
</Position>
<AltitudeMeters>1076.4</AltitudeMeters>
<DistanceMeters>55843.3</DistanceMeters>
<Extensions>
<ns3:TPX>
<ns3:Speed>2.342</ns3:Speed>
</ns3:TPX>
</Extensions>
</Trackpoint>
<Trackpoint>
<Time>2026-09-03T06:43:59Z</Time>
<Position>
<LatitudeDegrees>43.2262828</LatitudeDegrees>
<LongitudeDegrees>117.7773494</LongitudeDegrees>
</Position>
<AltitudeMeters>1077.0</AltitudeMeters>
<DistanceMeters>55858.0</DistanceMeters>
<Extensions>
<ns3:TPX>
<ns3:Speed>2.132</ns3:Speed>
</ns3:TPX>
</Extensions>
</Trackpoint>
<Trackpoint>
<Time>2026-09-03T06:44:07Z</Time>
<Position>
<LatitudeDegrees>43.2262967</LatitudeDegrees>
<LongitudeDegrees>117.7775647</LongitudeDegrees>
</Position>
<AltitudeMeters>1077.4</AltitudeMeters>
<DistanceMeters>55875.5</DistanceMeters>
<Extensions>
<ns3:TPX>
<ns3:Speed>1.967</ns3:Speed>
</ns3:TPX>
</Extensions>
</Trackpoint>
<Trackpoint>
<Time>2026-09-03T06:44:15Z</Time>
<Position>
<LatitudeDegrees>43.2263065</LatitudeDegrees>
<LongitudeDegrees>117.7777821</LongitudeDegrees>
</Position>
<AltitudeMeters>1077.8</AltitudeMeters>
<DistanceMeters>55893.1</DistanceMeters>
<Extensions>
<ns3:TPX>
<ns3:Speed>1.987</ns3:Speed>
</ns3:TPX>
</Extensions>
</Trackpoint>
<Trackpoint>
<Time>2026-09-03T06:44:23Z</Time>
<Position>
<LatitudeDegrees>43.2263189</LatitudeDegrees>
<LongitudeDegrees>117.7779988</LongitudeDegrees>
</Position>
<AltitudeMeters>1078.0</AltitudeMeters>
<DistanceMeters>55910.7</DistanceMeters>
<Extensions>
<ns3:TPX>
<ns3:Speed>2.678</ns3:Speed>
</ns3:TPX>
</Extensions>
</Trackpoint>
<Trackpoint>
<Time>2026-09-03T06:44:31Z</Time>
<Position>
<LatitudeDegrees>43.2263312</LatitudeDegrees>
<LongitudeDegrees>117.7782607</LongitudeDegrees>
</Position>
<AltitudeMeters>1078.2</AltitudeMeters>
<DistanceMeters>55931.9</DistanceMeters>
<Extensions>
<ns3:TPX>
<ns3:Speed>2.968</ns3:Speed>
</ns3:TPX>
</Extensions>
</Trackpoint>
<Trackpoint>
<Time>2026-09-03T06:44:39Z</Time>
<Position>
<LatitudeDegrees>43.2263453</LatitudeDegrees>
<LongitudeDegrees>117.7785901</LongitudeDegrees>
</Position>
<AltitudeMeters>1078.2</AltitudeMeters>
<DistanceMeters>55958.6</DistanceMeters>
<Extensions>
<ns3:TPX>
<ns3:Speed>3.661</ns3:Speed>
</ns3:TPX>
</Extensions>
</Trackpoint>
<Trackpoint>
<Time>2026-09-03T06:44:47Z</Time>
<Position>
<LatitudeDegrees>43.2263558</LatitudeDegrees>
<LongitudeDegrees>117.7789580</LongitudeDegrees>
</Position>
<AltitudeMeters>1078.2</AltitudeMeters>
<DistanceMeters>55988.4</DistanceMeters>
<Extensions>
<ns3:TPX>
<ns3:Speed>3.993</ns3:Speed>
</ns3:TPX>
</Extensions>
</Trackpoint>
<Trackpoint>
<Time>2026-09-03T06:44:55Z</Time>
<Position>
<LatitudeDegrees>43.2263747</LatitudeDegrees>
<LongitudeDegrees>117.7793747</LongitudeDegrees>
</Position>
<AltitudeMeters>1077.8</AltitudeMeters>
<DistanceMeters>56022.2</DistanceMeters>
<Extensions>
<ns3:TPX>
<ns3:Speed>4.505</ns3:Speed>
</ns3:TPX>
</Extensions>
</Trackpoint>
<Trackpoint>
<Time>2026-09-03T06:45:03Z</Time>
<Position>
<LatitudeDegrees>43.2263950</LatitudeDegrees>
<LongitudeDegrees>117.7798650</LongitudeDegrees>
</Position>
<AltitudeMeters>1077.0</AltitudeMeters>
<DistanceMeters>56061.9</DistanceMeters>
<Extensions>
<ns3:TPX>
<ns3:Speed>5.246</ns3:Speed>
</ns3:TPX>
</Extensions>
</Trackpoint>
<Trackpoint>
<Time>2026-09-03T06:45:12Z</Time>
<Position>
<LatitudeDegrees>43.2264223</LatitudeDegrees>
<LongitudeDegrees>117.7804144</LongitudeDegrees>
</Position>
<AltitudeMeters>1076.6</AltitudeMeters>
<DistanceMeters>56106.4</DistanceMeters>
<Extensions>
<ns3:TPX>
<ns3:Speed>5.812</ns3:Speed>
</ns3:TPX>
</Extensions>
</Trackpoint>
<Trackpoint>
<Time>2026-09-03T06:45:20Z</Time>
<Position>
<LatitudeDegrees>43.2264516</LatitudeDegrees>
<LongitudeDegrees>117.7810073</LongitudeDegrees>
</Position>
<AltitudeMeters>1076.0</AltitudeMeters>
<DistanceMeters>56154.5</DistanceMeters>
<Extensions>
<ns3:TPX>
<ns3:Speed>6.223</ns3:Speed>
</ns3:TPX>
</Extensions>
</Trackpoint>
<Trackpoint>
<Time>2026-09-03T06:45:28Z</Time>
<Position>
<LatitudeDegrees>43.2264776</LatitudeDegrees>
<LongitudeDegrees>117.7817050</LongitudeDegrees>
</Position>
<AltitudeMeters>1075.4</AltitudeMeters>
<DistanceMeters>56211.0</DistanceMeters>
<Extensions>
<ns3:TPX>
<ns3:Speed>6.448</ns3:Speed>
</ns3:TPX>
</Extensions>
</Trackpoint>
<Trackpoint>
<Time>2026-09-03T06:45:36Z</Time>
<Position>
<LatitudeDegrees>43.2265004</LatitudeDegrees>
<LongitudeDegrees>117.7823158</LongitudeDegrees>
</Position>
<AltitudeMeters>1074.6</AltitudeMeters>
<DistanceMeters>56260.5</DistanceMeters>
<Extensions>
<ns3:TPX>
<ns3:Speed>6.753</ns3:Speed>
</ns3:TPX>
</Extensions>
</Trackpoint>
<Trackpoint>
<Time>2026-09-03T06:45:44Z</Time>
<Position>
<LatitudeDegrees>43.2265340</LatitudeDegrees>
<LongitudeDegrees>117.7830449</LongitudeDegrees>
</Position>
<AltitudeMeters>1074.0</AltitudeMeters>
<DistanceMeters>56319.6</DistanceMeters>
<Extensions>
<ns3:TPX>
<ns3:Speed>6.851</ns3:Speed>
</ns3:TPX>
</Extensions>
</Trackpoint>
<Trackpoint>
<Time>2026-09-03T06:45:52Z</Time>
<Position>
<LatitudeDegrees>43.2265642</LatitudeDegrees>
<LongitudeDegrees>117.7837223</LongitudeDegrees>
</Position>
<AltitudeMeters>1073.4</AltitudeMeters>
<DistanceMeters>56374.5</DistanceMeters>
<Extensions>
<ns3:TPX>
<ns3:Speed>6.896</ns3:Speed>
</ns3:TPX>
</Extensions>
</Trackpoint>
<Trackpoint>
<Time>2026-09-03T06:46:00Z</Time>
<Position>
<LatitudeDegrees>43.2265956</LatitudeDegrees>
<LongitudeDegrees>117.7844106</LongitudeDegrees>
</Position>
<AltitudeMeters>1072.6</AltitudeMeters>
<DistanceMeters>56430.3</DistanceMeters>
<Extensions>
<ns3:TPX>
<ns3:Speed>7.077</ns3:Speed>
</ns3:TPX>
</Extensions>
</Trackpoint>
<Trackpoint>
<Time>2026-09-03T06:46:08Z</Time>
<Position>
<LatitudeDegrees>43.2266213</LatitudeDegrees>
<LongitudeDegrees>117.7851106</LongitudeDegrees>
</Position>
<AltitudeMeters>1071.6</AltitudeMeters>
<DistanceMeters>56487.0</DistanceMeters>
<Extensions>
<ns3:TPX>
<ns3:Speed>7.219</ns3:Speed>
</ns3:TPX>
</Extensions>
</Trackpoint>
<Trackpoint>
<Time>2026-09-03T06:46:15Z</Time>
<Position>
<LatitudeDegrees>43.2266123</LatitudeDegrees>
<LongitudeDegrees>117.7857446</LongitudeDegrees>
</Position>
<AltitudeMeters>1071.0</AltitudeMeters>
<DistanceMeters>56538.3</DistanceMeters>
<Extensions>
<ns3:TPX>
<ns3:Speed>7.571</ns3:Speed>
</ns3:TPX>
</Extensions>
</Trackpoint>
<Trackpoint>
<Time>2026-09-03T06:46:20Z</Time>
<Position>
<LatitudeDegrees>43.2265552</LatitudeDegrees>
<LongitudeDegrees>117.7861950</LongitudeDegrees>
</Position>
<AltitudeMeters>1070.2</AltitudeMeters>
<DistanceMeters>56575.3</DistanceMeters>
<Extensions>
<ns3:TPX>
<ns3:Speed>7.178</ns3:Speed>
</ns3:TPX>
</Extensions>
</Trackpoint>
<Trackpoint>
<Time>2026-09-03T06:46:27Z</Time>
<Position>
<LatitudeDegrees>43.2264116</LatitudeDegrees>
<LongitudeDegrees>117.7867255</LongitudeDegrees>
</Position>
<AltitudeMeters>1068.4</AltitudeMeters>
<DistanceMeters>56621.1</DistanceMeters>
<Extensions>
<ns3:TPX>
<ns3:Speed>4.659</ns3:Speed>
</ns3:TPX>
</Extensions>
</Trackpoint>
<Trackpoint>
<Time>2026-09-03T06:46:35Z</Time>
<Position>
<LatitudeDegrees>43.2262697</LatitudeDegrees>
<LongitudeDegrees>117.7870782</LongitudeDegrees>
</Position>
<AltitudeMeters>1066.6</AltitudeMeters>
<DistanceMeters>56653.8</DistanceMeters>
<Extensions>
<ns3:TPX>
<ns3:Speed>1.435</ns3:Speed>
</ns3:TPX>
</Extensions>
</Trackpoint>
<Trackpoint>
<Time>2026-09-03T06:46:43Z</Time>
<Position>
<LatitudeDegrees>43.2262276</LatitudeDegrees>
<LongitudeDegrees>117.7872085</LongitudeDegrees>
</Position>
<AltitudeMeters>1065.8</AltitudeMeters>
<DistanceMeters>56665.4</DistanceMeters>
<Extensions>
<ns3:TPX>
<ns3:Speed>3.249</ns3:Speed>
</ns3:TPX>
</Extensions>
</Trackpoint>
<Trackpoint>
<Time>2026-09-03T06:46:45Z</Time>
<Position>
<LatitudeDegrees>43.2262584</LatitudeDegrees>
<LongitudeDegrees>117.7872587</LongitudeDegrees>
</Position>
<AltitudeMeters>1065.6</AltitudeMeters>
<DistanceMeters>56671.0</DistanceMeters>
<Extensions>
<ns3:TPX>
<ns3:Speed>3.36</ns3:Speed>
</ns3:TPX>
</Extensions>
</Trackpoint>
<Trackpoint>
<Time>2026-09-03T06:46:50Z</Time>
<Position>
<LatitudeDegrees>43.2263764</LatitudeDegrees>
<LongitudeDegrees>117.7872324</LongitudeDegrees>
</Position>
<AltitudeMeters>1065.8</AltitudeMeters>
<DistanceMeters>56684.6</DistanceMeters>
<Extensions>
<ns3:TPX>
<ns3:Speed>1.886</ns3:Speed>
</ns3:TPX>
</Extensions>
</Trackpoint>
<Trackpoint>
<Time>2026-09-03T06:46:53Z</Time>
<Position>
<LatitudeDegrees>43.2263821</LatitudeDegrees>
<LongitudeDegrees>117.7873045</LongitudeDegrees>
</Position>
<AltitudeMeters>1065.8</AltitudeMeters>
<DistanceMeters>56690.8</DistanceMeters>
<Extensions>
<ns3:TPX>
<ns3:Speed>2.502</ns3:Speed>
</ns3:TPX>
</Extensions>
</Trackpoint>
<Trackpoint>
<Time>2026-09-03T06:47:01Z</Time>
<Position>
<LatitudeDegrees>43.2263349</LatitudeDegrees>
<LongitudeDegrees>117.7875044</LongitudeDegrees>
</Position>
<AltitudeMeters>1065.6</AltitudeMeters>
<DistanceMeters>56707.8</DistanceMeters>
<Extensions>
<ns3:TPX>
<ns3:Speed>1.31</ns3:Speed>
</ns3:TPX>
</Extensions>
</Trackpoint>
<Trackpoint>
<Time>2026-09-03T06:47:07Z</Time>
<Position>
<LatitudeDegrees>43.2263145</LatitudeDegrees>
<LongitudeDegrees>117.7875470</LongitudeDegrees>
</Position>
<AltitudeMeters>1065.4</AltitudeMeters>
<DistanceMeters>56709.5</DistanceMeters>
<Extensions>
<ns3:TPX>
<ns3:Speed>0.0</ns3:Speed>
</ns3:TPX>
</Extensions>
</Trackpoint>
<Trackpoint>
<Time>2026-09-03T06:56:37Z</Time>
<Position>
<LatitudeDegrees>43.2263745</LatitudeDegrees>
<LongitudeDegrees>117.7872470</LongitudeDegrees>
</Position>
<AltitudeMeters>1066.8</AltitudeMeters>
<DistanceMeters>56735.0</DistanceMeters>
<Extensions>
<ns3:TPX>
<ns3:Speed>1.84</ns3:Speed>
</ns3:TPX>
</Extensions>
</Trackpoint>
<Trackpoint>
<Time>2026-09-03T06:56:40Z</Time>
<Position>
<LatitudeDegrees>43.2263532</LatitudeDegrees>
<LongitudeDegrees>117.7871917</LongitudeDegrees>
</Position>
<AltitudeMeters>1067.0</AltitudeMeters>
<DistanceMeters>56740.2</DistanceMeters>
<Extensions>
<ns3:TPX>
<ns3:Speed>1.735</ns3:Speed>
</ns3:TPX>
</Extensions>
</Trackpoint>
<Trackpoint>
<Time>2026-09-03T06:56:44Z</Time>
<Position>
<LatitudeDegrees>43.2262653</LatitudeDegrees>
<LongitudeDegrees>117.7871969</LongitudeDegrees>
</Position>
<AltitudeMeters>1066.8</AltitudeMeters>
<DistanceMeters>56750.2</DistanceMeters>
<Extensions>
<ns3:TPX>
<ns3:Speed>2.233</ns3:Speed>
</ns3:TPX>
</Extensions>
</Trackpoint>
<Trackpoint>
<Time>2026-09-03T06:56:51Z</Time>
<Position>
<LatitudeDegrees>43.2261763</LatitudeDegrees>
<LongitudeDegrees>117.7872401</LongitudeDegrees>
</Position>
<AltitudeMeters>1066.4</AltitudeMeters>
<DistanceMeters>56759.5</DistanceMeters>
<Extensions>
<ns3:TPX>
<ns3:Speed>0.0</ns3:Speed>
</ns3:TPX>
</Extensions>
</Trackpoint>
<Trackpoint>
<Time>2026-09-03T06:57:04Z</Time>
<Position>
<LatitudeDegrees>43.2260761</LatitudeDegrees>
<LongitudeDegrees>117.7874947</LongitudeDegrees>
</Position>
<AltitudeMeters>1065.2</AltitudeMeters>
<DistanceMeters>56783.0</DistanceMeters>
<Extensions>
<ns3:TPX>
<ns3:Speed>5.308</ns3:Speed>
</ns3:TPX>
</Extensions>
</Trackpoint>
<Trackpoint>
<Time>2026-09-03T06:57:12Z</Time>
<Position>
<LatitudeDegrees>43.2257825</LatitudeDegrees>
<LongitudeDegrees>117.7881108</LongitudeDegrees>
</Position>
<AltitudeMeters>1062.4</AltitudeMeters>
<DistanceMeters>56842.5</DistanceMeters>
<Extensions>
<ns3:TPX>
<ns3:Speed>9.259</ns3:Speed>
</ns3:TPX>
</Extensions>
</Trackpoint>
<Trackpoint>
<Time>2026-09-03T06:57:20Z</Time>
<Position>
<LatitudeDegrees>43.2254086</LatitudeDegrees>
<LongitudeDegrees>117.7888917</LongitudeDegrees>
</Position>
<AltitudeMeters>1058.0</AltitudeMeters>
<DistanceMeters>56918.1</DistanceMeters>
<Extensions>
<ns3:TPX>
<ns3:Speed>9.023</ns3:Speed>
</ns3:TPX>
</Extensions>
</Trackpoint>
<Trackpoint>
<Time>2026-09-03T06:57:28Z</Time>
<Position>
<LatitudeDegrees>43.2249851</LatitudeDegrees>
<LongitudeDegrees>117.7897856</LongitudeDegrees>
</Position>
<AltitudeMeters>1053.0</AltitudeMeters>
<DistanceMeters>57004.3</DistanceMeters>
<Extensions>
<ns3:TPX>
<ns3:Speed>9.935</ns3:Speed>
</ns3:TPX>
</Extensions>
</Trackpoint>
<Trackpoint>
<Time>2026-09-03T06:57:35Z</Time>
<Position>
<LatitudeDegrees>43.2246457</LatitudeDegrees>
<LongitudeDegrees>117.7905543</LongitudeDegrees>
</Position>
<AltitudeMeters>1048.8</AltitudeMeters>
<DistanceMeters>57077.1</DistanceMeters>
<Extensions>
<ns3:TPX>
<ns3:Speed>10.219</ns3:Speed>
</ns3:TPX>
</Extensions>
</Trackpoint>
<Trackpoint>
<Time>2026-09-03T06:57:39Z</Time>
<Position>
<LatitudeDegrees>43.2245033</LatitudeDegrees>
<LongitudeDegrees>117.7910354</LongitudeDegrees>
</Position>
<AltitudeMeters>1046.8</AltitudeMeters>
<DistanceMeters>57119.1</DistanceMeters>
<Extensions>
<ns3:TPX>
<ns3:Speed>11.0</ns3:Speed>
</ns3:TPX>
</Extensions>
</Trackpoint>
<Trackpoint>
<Time>2026-09-03T06:57:47Z</Time>
<Position>
<LatitudeDegrees>43.2243347</LatitudeDegrees>
<LongitudeDegrees>117.7920796</LongitudeDegrees>
</Position>
<AltitudeMeters>1043.0</AltitudeMeters>
<DistanceMeters>57205.6</DistanceMeters>
<Extensions>
<ns3:TPX>
<ns3:Speed>10.345</ns3:Speed>
</ns3:TPX>
</Extensions>
</Trackpoint>
<Trackpoint>
<Time>2026-09-03T06:57:55Z</Time>
<Position>
<LatitudeDegrees>43.2241937</LatitudeDegrees>
<LongitudeDegrees>117.7930208</LongitudeDegrees>
</Position>
<AltitudeMeters>1040.4</AltitudeMeters>
<DistanceMeters>57283.4</DistanceMeters>
<Extensions>
<ns3:TPX>
<ns3:Speed>9.647</ns3:Speed>
</ns3:TPX>
</Extensions>
</Trackpoint>
<Trackpoint>
<Time>2026-09-03T06:58:03Z</Time>
<Position>
<LatitudeDegrees>43.2240664</LatitudeDegrees>
<LongitudeDegrees>117.7938657</LongitudeDegrees>
</Position>
<AltitudeMeters>1037.2</AltitudeMeters>
<DistanceMeters>57353.1</DistanceMeters>
<Extensions>
<ns3:TPX>
<ns3:Speed>8.532</ns3:Speed>
</ns3:TPX>
</Extensions>
</Trackpoint>
<Trackpoint>
<Time>2026-09-03T06:58:11Z</Time>
<Position>
<LatitudeDegrees>43.2239382</LatitudeDegrees>
<LongitudeDegrees>117.7947050</LongitudeDegrees>
</Position>
<AltitudeMeters>1033.2</AltitudeMeters>
<DistanceMeters>57422.5</DistanceMeters>
<Extensions>
<ns3:TPX>
<ns3:Speed>9.228</ns3:Speed>
</ns3:TPX>
</Extensions>
</Trackpoint>
<Trackpoint>
<Time>2026-09-03T06:58:19Z</Time>
<Position>
<LatitudeDegrees>43.2238107</LatitudeDegrees>
<LongitudeDegrees>117.7956210</LongitudeDegrees>
</Position>
<AltitudeMeters>1028.6</AltitudeMeters>
<DistanceMeters>57498.0</DistanceMeters>
<Extensions>
<ns3:TPX>
<ns3:Speed>9.645</ns3:Speed>
</ns3:TPX>
</Extensions>
</Trackpoint>
<Trackpoint>
<Time>2026-09-03T06:58:23Z</Time>
<Position>
<LatitudeDegrees>43.2238101</LatitudeDegrees>
<LongitudeDegrees>117.7960922</LongitudeDegrees>
</Position>
<AltitudeMeters>1026.4</AltitudeMeters>
<DistanceMeters>57536.1</DistanceMeters>
<Extensions>
<ns3:TPX>
<ns3:Speed>9.571</ns3:Speed>
</ns3:TPX>
</Extensions>
</Trackpoint>
<Trackpoint>
<Time>2026-09-03T06:58:27Z</Time>
<Position>
<LatitudeDegrees>43.2238776</LatitudeDegrees>
<LongitudeDegrees>117.7965658</LongitudeDegrees>
</Position>
<AltitudeMeters>1024.0</AltitudeMeters>
<DistanceMeters>57575.2</DistanceMeters>
<Extensions>
<ns3:TPX>
<ns3:Speed>10.048</ns3:Speed>
</ns3:TPX>
</Extensions>
</Trackpoint>
<Trackpoint>
<Time>2026-09-03T06:58:30Z</Time>
<Position>
<LatitudeDegrees>43.2239757</LatitudeDegrees>
<LongitudeDegrees>117.7969100</LongitudeDegrees>
</Position>
<AltitudeMeters>1022.2</AltitudeMeters>
<DistanceMeters>57605.2</DistanceMeters>
<Extensions>
<ns3:TPX>
<ns3:Speed>10.386</ns3:Speed>
</ns3:TPX>
</Extensions>
</Trackpoint>
<Trackpoint>
<Time>2026-09-03T06:58:34Z</Time>
<Position>
<LatitudeDegrees>43.2241589</LatitudeDegrees>
<LongitudeDegrees>117.7973448</LongitudeDegrees>
</Position>
<AltitudeMeters>1019.6</AltitudeMeters>
<DistanceMeters>57645.8</DistanceMeters>
<Extensions>
<ns3:TPX>
<ns3:Speed>10.052</ns3:Speed>
</ns3:TPX>
</Extensions>
</Trackpoint>
<Trackpoint>
<Time>2026-09-03T06:58:42Z</Time>
<Position>
<LatitudeDegrees>43.2245585</LatitudeDegrees>
<LongitudeDegrees>117.7981455</LongitudeDegrees>
</Position>
<AltitudeMeters>1014.0</AltitudeMeters>
<DistanceMeters>57724.3</DistanceMeters>
<Extensions>
<ns3:TPX>
<ns3:Speed>10.367</ns3:Speed>
</ns3:TPX>
</Extensions>
</Trackpoint>
<Trackpoint>
<Time>2026-09-03T06:58:50Z</Time>
<Position>
<LatitudeDegrees>43.2249787</LatitudeDegrees>
<LongitudeDegrees>117.7990069</LongitudeDegrees>
</Position>
<AltitudeMeters>1009.8</AltitudeMeters>
<DistanceMeters>57808.2</DistanceMeters>
<Extensions>
<ns3:TPX>
<ns3:Speed>10.464</ns3:Speed>
</ns3:TPX>
</Extensions>
</Trackpoint>
<Trackpoint>
<Time>2026-09-03T06:58:58Z</Time>
<Position>
<LatitudeDegrees>43.2253755</LatitudeDegrees>
<LongitudeDegrees>117.7998250</LongitudeDegrees>
</Position>
<AltitudeMeters>1007.4</AltitudeMeters>
<DistanceMeters>57887.6</DistanceMeters>
<Extensions>
<ns3:TPX>
<ns3:Speed>9.865</ns3:Speed>
</ns3:TPX>
</Extensions>
</Trackpoint>
<Trackpoint>
<Time>2026-09-03T06:59:06Z</Time>
<Position>
<LatitudeDegrees>43.2257788</LatitudeDegrees>
<LongitudeDegrees>117.8006529</LongitudeDegrees>
</Position>
<AltitudeMeters>1004.0</AltitudeMeters>
<DistanceMeters>57968.2</DistanceMeters>
<Extensions>
<ns3:TPX>
<ns3:Speed>10.722</ns3:Speed>
</ns3:TPX>
</Extensions>
</Trackpoint>
<Trackpoint>
<Time>2026-09-03T06:59:14Z</Time>
<Position>
<LatitudeDegrees>43.2261885</LatitudeDegrees>
<LongitudeDegrees>117.8014956</LongitudeDegrees>
</Position>
<AltitudeMeters>999.4</AltitudeMeters>
<DistanceMeters>58050.1</DistanceMeters>
<Extensions>
<ns3:TPX>
<ns3:Speed>9.139</ns3:Speed>
</ns3:TPX>
</Extensions>
</Trackpoint>
<Trackpoint>
<Time>2026-09-03T06:59:18Z</Time>
<Position>
<LatitudeDegrees>43.2263536</LatitudeDegrees>
<LongitudeDegrees>117.8018888</LongitudeDegrees>
</Position>
<AltitudeMeters>997.2</AltitudeMeters>
<DistanceMeters>58086.9</DistanceMeters>
<Extensions>
<ns3:TPX>
<ns3:Speed>9.52</ns3:Speed>
</ns3:TPX>
</Extensions>
</Trackpoint>
<Trackpoint>
<Time>2026-09-03T06:59:21Z</Time>
<Position>
<LatitudeDegrees>43.2264309</LatitudeDegrees>
<LongitudeDegrees>117.8022202</LongitudeDegrees>
</Position>
<AltitudeMeters>995.2</AltitudeMeters>
<DistanceMeters>58115.1</DistanceMeters>
<Extensions>
<ns3:TPX>
<ns3:Speed>9.756</ns3:Speed>
</ns3:TPX>
</Extensions>
</Trackpoint>
<Trackpoint>
<Time>2026-09-03T06:59:24Z</Time>
<Position>
<LatitudeDegrees>43.2264425</LatitudeDegrees>
<LongitudeDegrees>117.8024686</LongitudeDegrees>
</Position>
<AltitudeMeters>993.8</AltitudeMeters>
<DistanceMeters>58135.3</DistanceMeters>
<Extensions>
<ns3:TPX>
<ns3:Speed>10.736</ns3:Speed>
</ns3:TPX>
</Extensions>
</Trackpoint>
<Trackpoint>
<Time>2026-09-03T06:59:27Z</Time>
<Position>
<LatitudeDegrees>43.2263932</LatitudeDegrees>
<LongitudeDegrees>117.8028656</LongitudeDegrees>
</Position>
<AltitudeMeters>991.6</AltitudeMeters>
<DistanceMeters>58167.9</DistanceMeters>
<Extensions>
<ns3:TPX>
<ns3:Speed>11.02</ns3:Speed>
</ns3:TPX>
</Extensions>
</Trackpoint>
<Trackpoint>
<Time>2026-09-03T06:59:35Z</Time>
<Position>
<LatitudeDegrees>43.2261153</LatitudeDegrees>
<LongitudeDegrees>117.8039121</LongitudeDegrees>
</Position>
<AltitudeMeters>986.0</AltitudeMeters>
<DistanceMeters>58258.0</DistanceMeters>
<Extensions>
<ns3:TPX>
<ns3:Speed>10.797</ns3:Speed>
</ns3:TPX>
</Extensions>
</Trackpoint>
<Trackpoint>
<Time>2026-09-03T06:59:43Z</Time>
<Position>
<LatitudeDegrees>43.2258614</LatitudeDegrees>
<LongitudeDegrees>117.8049067</LongitudeDegrees>
</Position>
<AltitudeMeters>980.2</AltitudeMeters>
<DistanceMeters>58343.3</DistanceMeters>
<Extensions>
<ns3:TPX>
<ns3:Speed>12.083</ns3:Speed>
</ns3:TPX>
</Extensions>
</Trackpoint>
<Trackpoint>
<Time>2026-09-03T06:59:51Z</Time>
<Position>
<LatitudeDegrees>43.2255805</LatitudeDegrees>
<LongitudeDegrees>117.8060199</LongitudeDegrees>
</Position>
<AltitudeMeters>975.0</AltitudeMeters>
<DistanceMeters>58438.5</DistanceMeters>
<Extensions>
<ns3:TPX>
<ns3:Speed>12.15</ns3:Speed>
</ns3:TPX>
</Extensions>
</Trackpoint>
<Trackpoint>
<Time>2026-09-03T06:59:59Z</Time>
<Position>
<LatitudeDegrees>43.2252847</LatitudeDegrees>
<LongitudeDegrees>117.8071865</LongitudeDegrees>
</Position>
<AltitudeMeters>972.8</AltitudeMeters>
<DistanceMeters>58538.4</DistanceMeters>
<Extensions>
<ns3:TPX>
<ns3:Speed>9.683</ns3:Speed>
</ns3:TPX>
</Extensions>
</Trackpoint>
<Trackpoint>
<Time>2026-09-03T07:00:07Z</Time>
<Position>
<LatitudeDegrees>43.2250840</LatitudeDegrees>
<LongitudeDegrees>117.8080086</LongitudeDegrees>
</Position>
<AltitudeMeters>971.6</AltitudeMeters>
<DistanceMeters>58608.6</DistanceMeters>
<Extensions>
<ns3:TPX>
<ns3:Speed>8.404</ns3:Speed>
</ns3:TPX>
</Extensions>
</Trackpoint>
<Trackpoint>
<Time>2026-09-03T07:00:15Z</Time>
<Position>
<LatitudeDegrees>43.2248923</LatitudeDegrees>
<LongitudeDegrees>117.8087363</LongitudeDegrees>
</Position>
<AltitudeMeters>971.2</AltitudeMeters>
<DistanceMeters>58671.2</DistanceMeters>
<Extensions>
<ns3:TPX>
<ns3:Speed>7.399</ns3:Speed>
</ns3:TPX>
</Extensions>
</Trackpoint>
<Trackpoint>
<Time>2026-09-03T07:00:23Z</Time>
<Position>
<LatitudeDegrees>43.2247276</LatitudeDegrees>
<LongitudeDegrees>117.8093947</LongitudeDegrees>
</Position>
<AltitudeMeters>971.4</AltitudeMeters>
<DistanceMeters>58727.5</DistanceMeters>
<Extensions>
<ns3:TPX>
<ns3:Speed>6.841</ns3:Speed>
</ns3:TPX>
</Extensions>
</Trackpoint>
<Trackpoint>
<Time>2026-09-03T07:00:31Z</Time>
<Position>
<LatitudeDegrees>43.2245710</LatitudeDegrees>
<LongitudeDegrees>117.8099996</LongitudeDegrees>
</Position>
<AltitudeMeters>971.0</AltitudeMeters>
<DistanceMeters>58779.4</DistanceMeters>
<Extensions>
<ns3:TPX>
<ns3:Speed>6.354</ns3:Speed>
</ns3:TPX>
</Extensions>
</Trackpoint>
<Trackpoint>
<Time>2026-09-03T07:00:39Z</Time>
<Position>
<LatitudeDegrees>43.2244368</LatitudeDegrees>
<LongitudeDegrees>117.8105591</LongitudeDegrees>
</Position>
<AltitudeMeters>970.8</AltitudeMeters>
<DistanceMeters>58827.0</DistanceMeters>
<Extensions>
<ns3:TPX>
<ns3:Speed>5.698</ns3:Speed>
</ns3:TPX>
</Extensions>
</Trackpoint>
<Trackpoint>
<Time>2026-09-03T07:00:47Z</Time>
<Position>
<LatitudeDegrees>43.2243303</LatitudeDegrees>
<LongitudeDegrees>117.8110699</LongitudeDegrees>
</Position>
<AltitudeMeters>970.6</AltitudeMeters>
<DistanceMeters>58870.0</DistanceMeters>
<Extensions>
<ns3:TPX>
<ns3:Speed>5.189</ns3:Speed>
</ns3:TPX>
</Extensions>
</Trackpoint>
<Trackpoint>
<Time>2026-09-03T07:00:55Z</Time>
<Position>
<LatitudeDegrees>43.2242379</LatitudeDegrees>
<LongitudeDegrees>117.8115348</LongitudeDegrees>
</Position>
<AltitudeMeters>970.6</AltitudeMeters>
<DistanceMeters>58909.0</DistanceMeters>
<Extensions>
<ns3:TPX>
<ns3:Speed>4.899</ns3:Speed>
</ns3:TPX>
</Extensions>
</Trackpoint>
<Trackpoint>
<Time>2026-09-03T07:01:03Z</Time>
<Position>
<LatitudeDegrees>43.2241660</LatitudeDegrees>
<LongitudeDegrees>117.8120022</LongitudeDegrees>
</Position>
<AltitudeMeters>970.6</AltitudeMeters>
<DistanceMeters>58947.6</DistanceMeters>
<Extensions>
<ns3:TPX>
<ns3:Speed>4.774</ns3:Speed>
</ns3:TPX>
</Extensions>
</Trackpoint>
<Trackpoint>
<Time>2026-09-03T07:01:11Z</Time>
<Position>
<LatitudeDegrees>43.2240940</LatitudeDegrees>
<LongitudeDegrees>117.8124435</LongitudeDegrees>
</Position>
<AltitudeMeters>970.4</AltitudeMeters>
<DistanceMeters>58984.2</DistanceMeters>
<Extensions>
<ns3:TPX>
<ns3:Speed>4.388</ns3:Speed>
</ns3:TPX>
</Extensions>
</Trackpoint>
<Trackpoint>
<Time>2026-09-03T07:01:19Z</Time>
<Position>
<LatitudeDegrees>43.2240281</LatitudeDegrees>
<LongitudeDegrees>117.8128544</LongitudeDegrees>
</Position>
<AltitudeMeters>970.2</AltitudeMeters>
<DistanceMeters>59018.3</DistanceMeters>
<Extensions>
<ns3:TPX>
<ns3:Speed>4.367</ns3:Speed>
</ns3:TPX>
</Extensions>
</Trackpoint>
<Trackpoint>
<Time>2026-09-03T07:01:27Z</Time>
<Position>
<LatitudeDegrees>43.2239629</LatitudeDegrees>
<LongitudeDegrees>117.8132855</LongitudeDegrees>
</Position>
<AltitudeMeters>969.8</AltitudeMeters>
<DistanceMeters>59053.9</DistanceMeters>
<Extensions>
<ns3:TPX>
<ns3:Speed>4.705</ns3:Speed>
</ns3:TPX>
</Extensions>
</Trackpoint>
<Trackpoint>
<Time>2026-09-03T07:01:35Z</Time>
<Position>
<LatitudeDegrees>43.2238849</LatitudeDegrees>
<LongitudeDegrees>117.8137804</LongitudeDegrees>
</Position>
<AltitudeMeters>969.0</AltitudeMeters>
<DistanceMeters>59094.9</DistanceMeters>
<Extensions>
<ns3:TPX>
<ns3:Speed>5.559</ns3:Speed>
</ns3:TPX>
</Extensions>
</Trackpoint>
<Trackpoint>
<Time>2026-09-03T07:01:43Z</Time>
<Position>
<LatitudeDegrees>43.2237995</LatitudeDegrees>
<LongitudeDegrees>117.8143562</LongitudeDegrees>
</Position>
<AltitudeMeters>968.2</AltitudeMeters>
<DistanceMeters>59142.4</DistanceMeters>
<Extensions>
<ns3:TPX>
<ns3:Speed>6.325</ns3:Speed>
</ns3:TPX>
</Extensions>
</Trackpoint>
<Trackpoint>
<Time>2026-09-03T07:01:52Z</Time>
<Position>
<LatitudeDegrees>43.2236954</LatitudeDegrees>
<LongitudeDegrees>117.8149952</LongitudeDegrees>
</Position>
<AltitudeMeters>967.2</AltitudeMeters>
<DistanceMeters>59195.3</DistanceMeters>
<Extensions>
<ns3:TPX>
<ns3:Speed>6.93</ns3:Speed>
</ns3:TPX>
</Extensions>
</Trackpoint>
<Trackpoint>
<Time>2026-09-03T07:02:00Z</Time>
<Position>
<LatitudeDegrees>43.2235905</LatitudeDegrees>
<LongitudeDegrees>117.8156858</LongitudeDegrees>
</Position>
<AltitudeMeters>965.8</AltitudeMeters>
<DistanceMeters>59252.4</DistanceMeters>
<Extensions>
<ns3:TPX>
<ns3:Speed>7.427</ns3:Speed>
</ns3:TPX>
</Extensions>
</Trackpoint>
<Trackpoint>
<Time>2026-09-03T07:02:08Z</Time>
<Position>
<LatitudeDegrees>43.2234618</LatitudeDegrees>
<LongitudeDegrees>117.8164817</LongitudeDegrees>
</Position>
<AltitudeMeters>964.6</AltitudeMeters>
<DistanceMeters>59318.4</DistanceMeters>
<Extensions>
<ns3:TPX>
<ns3:Speed>8.062</ns3:Speed>
</ns3:TPX>
</Extensions>
</Trackpoint>
<Trackpoint>
<Time>2026-09-03T07:02:16Z</Time>
<Position>
<LatitudeDegrees>43.2233312</LatitudeDegrees>
<LongitudeDegrees>117.8173148</LongitudeDegrees>
</Position>
<AltitudeMeters>963.0</AltitudeMeters>
<DistanceMeters>59387.3</DistanceMeters>
<Extensions>
<ns3:TPX>
<ns3:Speed>8.43</ns3:Speed>
</ns3:TPX>
</Extensions>
</Trackpoint>
<Trackpoint>
<Time>2026-09-03T07:02:24Z</Time>
<Position>
<LatitudeDegrees>43.2232011</LatitudeDegrees>
<LongitudeDegrees>117.8181601</LongitudeDegrees>
</Position>
<AltitudeMeters>961.6</AltitudeMeters>
<DistanceMeters>59457.4</DistanceMeters>
<Extensions>
<ns3:TPX>
<ns3:Speed>8.414</ns3:Speed>
</ns3:TPX>
</Extensions>
</Trackpoint>
<Trackpoint>
<Time>2026-09-03T07:02:32Z</Time>
<Position>
<LatitudeDegrees>43.2230760</LatitudeDegrees>
<LongitudeDegrees>117.8189646</LongitudeDegrees>
</Position>
<AltitudeMeters>960.6</AltitudeMeters>
<DistanceMeters>59523.9</DistanceMeters>
<Extensions>
<ns3:TPX>
<ns3:Speed>8.595</ns3:Speed>
</ns3:TPX>
</Extensions>
</Trackpoint>
<Trackpoint>
<Time>2026-09-03T07:02:40Z</Time>
<Position>
<LatitudeDegrees>43.2229461</LatitudeDegrees>
<LongitudeDegrees>117.8198075</LongitudeDegrees>
</Position>
<AltitudeMeters>959.0</AltitudeMeters>
<DistanceMeters>59593.6</DistanceMeters>
<Extensions>
<ns3:TPX>
<ns3:Speed>8.834</ns3:Speed>
</ns3:TPX>
</Extensions>
</Trackpoint>
<Trackpoint>
<Time>2026-09-03T07:02:48Z</Time>
<Position>
<LatitudeDegrees>43.2228098</LatitudeDegrees>
<LongitudeDegrees>117.8206739</LongitudeDegrees>
</Position>
<AltitudeMeters>957.4</AltitudeMeters>
<DistanceMeters>59665.3</DistanceMeters>
<Extensions>
<ns3:TPX>
<ns3:Speed>9.062</ns3:Speed>
</ns3:TPX>
</Extensions>
</Trackpoint>
<Trackpoint>
<Time>2026-09-03T07:02:56Z</Time>
<Position>
<LatitudeDegrees>43.2226624</LatitudeDegrees>
<LongitudeDegrees>117.8215481</LongitudeDegrees>
</Position>
<AltitudeMeters>955.8</AltitudeMeters>
<DistanceMeters>59737.9</DistanceMeters>
<Extensions>
<ns3:TPX>
<ns3:Speed>9.101</ns3:Speed>
</ns3:TPX>
</Extensions>
</Trackpoint>
<Trackpoint>
<Time>2026-09-03T07:03:04Z</Time>
<Position>
<LatitudeDegrees>43.2225270</LatitudeDegrees>
<LongitudeDegrees>117.8224254</LongitudeDegrees>
</Position>
<AltitudeMeters>954.0</AltitudeMeters>
<DistanceMeters>59810.4</DistanceMeters>
<Extensions>
<ns3:TPX>
<ns3:Speed>9.085</ns3:Speed>
</ns3:TPX>
</Extensions>
</Trackpoint>
<Trackpoint>
<Time>2026-09-03T07:03:12Z</Time>
<Position>
<LatitudeDegrees>43.2223931</LatitudeDegrees>
<LongitudeDegrees>117.8232898</LongitudeDegrees>
</Position>
<AltitudeMeters>952.6</AltitudeMeters>
<DistanceMeters>59881.9</DistanceMeters>
<Extensions>
<ns3:TPX>
<ns3:Speed>8.773</ns3:Speed>
</ns3:TPX>
</Extensions>
</Trackpoint>
<Trackpoint>
<Time>2026-09-03T07:03:20Z</Time>
<Position>
<LatitudeDegrees>43.2222661</LatitudeDegrees>
<LongitudeDegrees>117.8241094</LongitudeDegrees>
</Position>
<AltitudeMeters>952.0</AltitudeMeters>
<DistanceMeters>59949.7</DistanceMeters>
<Extensions>
<ns3:TPX>
<ns3:Speed>8.309</ns3:Speed>
</ns3:TPX>
</Extensions>
</Trackpoint>
<Trackpoint>
<Time>2026-09-03T07:03:28Z</Time>
<Position>
<LatitudeDegrees>43.2221484</LatitudeDegrees>
<LongitudeDegrees>117.8248807</LongitudeDegrees>
</Position>
<AltitudeMeters>951.2</AltitudeMeters>
<DistanceMeters>60013.4</DistanceMeters>
<Extensions>
<ns3:TPX>
<ns3:Speed>7.792</ns3:Speed>
</ns3:TPX>
</Extensions>
</Trackpoint>
<Trackpoint>
<Time>2026-09-03T07:03:36Z</Time>
<Position>
<LatitudeDegrees>43.2220331</LatitudeDegrees>
<LongitudeDegrees>117.8256098</LongitudeDegrees>
</Position>
<AltitudeMeters>950.4</AltitudeMeters>
<DistanceMeters>60073.8</DistanceMeters>
<Extensions>
<ns3:TPX>
<ns3:Speed>7.48</ns3:Speed>
</ns3:TPX>
</Extensions>
</Trackpoint>
<Trackpoint>
<Time>2026-09-03T07:03:44Z</Time>
<Position>
<LatitudeDegrees>43.2219230</LatitudeDegrees>
<LongitudeDegrees>117.8263139</LongitudeDegrees>
</Position>
<AltitudeMeters>949.8</AltitudeMeters>
<DistanceMeters>60132.0</DistanceMeters>
<Extensions>
<ns3:TPX>
<ns3:Speed>7.199</ns3:Speed>
</ns3:TPX>
</Extensions>
</Trackpoint>
<Trackpoint>
<Time>2026-09-03T07:03:52Z</Time>
<Position>
<LatitudeDegrees>43.2218213</LatitudeDegrees>
<LongitudeDegrees>117.8269964</LongitudeDegrees>
</Position>
<AltitudeMeters>949.0</AltitudeMeters>
<DistanceMeters>60188.4</DistanceMeters>
<Extensions>
<ns3:TPX>
<ns3:Speed>7.031</ns3:Speed>
</ns3:TPX>
</Extensions>
</Trackpoint>
<Trackpoint>
<Time>2026-09-03T07:04:00Z</Time>
<Position>
<LatitudeDegrees>43.2217204</LatitudeDegrees>
<LongitudeDegrees>117.8276707</LongitudeDegrees>
</Position>
<AltitudeMeters>948.6</AltitudeMeters>
<DistanceMeters>60244.0</DistanceMeters>
<Extensions>
<ns3:TPX>
<ns3:Speed>6.925</ns3:Speed>
</ns3:TPX>
</Extensions>
</Trackpoint>
<Trackpoint>
<Time>2026-09-03T07:04:08Z</Time>
<Position>
<LatitudeDegrees>43.2216220</LatitudeDegrees>
<LongitudeDegrees>117.8283332</LongitudeDegrees>
</Position>
<AltitudeMeters>948.2</AltitudeMeters>
<DistanceMeters>60298.7</DistanceMeters>
<Extensions>
<ns3:TPX>
<ns3:Speed>6.83</ns3:Speed>
</ns3:TPX>
</Extensions>
</Trackpoint>
<Trackpoint>
<Time>2026-09-03T07:04:17Z</Time>
<Position>
<LatitudeDegrees>43.2215468</LatitudeDegrees>
<LongitudeDegrees>117.8290103</LongitudeDegrees>
</Position>
<AltitudeMeters>947.4</AltitudeMeters>
<DistanceMeters>60354.1</DistanceMeters>
<Extensions>
<ns3:TPX>
<ns3:Speed>7.229</ns3:Speed>
</ns3:TPX>
</Extensions>
</Trackpoint>
<Trackpoint>
<Time>2026-09-03T07:04:25Z</Time>
<Position>
<LatitudeDegrees>43.2214866</LatitudeDegrees>
<LongitudeDegrees>117.8297446</LongitudeDegrees>
</Position>
<AltitudeMeters>946.0</AltitudeMeters>
<DistanceMeters>60413.9</DistanceMeters>
<Extensions>
<ns3:TPX>
<ns3:Speed>7.433</ns3:Speed>
</ns3:TPX>
</Extensions>
</Trackpoint>
<Trackpoint>
<Time>2026-09-03T07:04:33Z</Time>
<Position>
<LatitudeDegrees>43.2214320</LatitudeDegrees>
<LongitudeDegrees>117.8305573</LongitudeDegrees>
</Position>
<AltitudeMeters>944.4</AltitudeMeters>
<DistanceMeters>60479.9</DistanceMeters>
<Extensions>
<ns3:TPX>
<ns3:Speed>8.183</ns3:Speed>
</ns3:TPX>
</Extensions>
</Trackpoint>
<Trackpoint>
<Time>2026-09-03T07:04:41Z</Time>
<Position>
<LatitudeDegrees>43.2213777</LatitudeDegrees>
<LongitudeDegrees>117.8312604</LongitudeDegrees>
</Position>
<AltitudeMeters>942.8</AltitudeMeters>
<DistanceMeters>60538.2</DistanceMeters>
<Extensions>
<ns3:TPX>
<ns3:Speed>8.245</ns3:Speed>
</ns3:TPX>
</Extensions>
</Trackpoint>
<Trackpoint>
<Time>2026-09-03T07:04:49Z</Time>
<Position>
<LatitudeDegrees>43.2213144</LatitudeDegrees>
<LongitudeDegrees>117.8321963</LongitudeDegrees>
</Position>
<AltitudeMeters>941.4</AltitudeMeters>
<DistanceMeters>60614.3</DistanceMeters>
<Extensions>
<ns3:TPX>
<ns3:Speed>8.353</ns3:Speed>
</ns3:TPX>
</Extensions>
</Trackpoint>
<Trackpoint>
<Time>2026-09-03T07:04:56Z</Time>
<Position>
<LatitudeDegrees>43.2212634</LatitudeDegrees>
<LongitudeDegrees>117.8329298</LongitudeDegrees>
</Position>
<AltitudeMeters>940.0</AltitudeMeters>
<DistanceMeters>60673.9</DistanceMeters>
<Extensions>
<ns3:TPX>
<ns3:Speed>8.878</ns3:Speed>
</ns3:TPX>
</Extensions>
</Trackpoint>
<Trackpoint>
<Time>2026-09-03T07:05:04Z</Time>
<Position>
<LatitudeDegrees>43.2211907</LatitudeDegrees>
<LongitudeDegrees>117.8338159</LongitudeDegrees>
</Position>
<AltitudeMeters>938.4</AltitudeMeters>
<DistanceMeters>60746.1</DistanceMeters>
<Extensions>
<ns3:TPX>
<ns3:Speed>8.936</ns3:Speed>
</ns3:TPX>
</Extensions>
</Trackpoint>
<Trackpoint>
<Time>2026-09-03T07:05:11Z</Time>
<Position>
<LatitudeDegrees>43.2211201</LatitudeDegrees>
<LongitudeDegrees>117.8345567</LongitudeDegrees>
</Position>
<AltitudeMeters>937.4</AltitudeMeters>
<DistanceMeters>60806.5</DistanceMeters>
<Extensions>
<ns3:TPX>
<ns3:Speed>8.281</ns3:Speed>
</ns3:TPX>
</Extensions>
</Trackpoint>
<Trackpoint>
<Time>2026-09-03T07:05:19Z</Time>
<Position>
<LatitudeDegrees>43.2210625</LatitudeDegrees>
<LongitudeDegrees>117.8353356</LongitudeDegrees>
</Position>
<AltitudeMeters>936.6</AltitudeMeters>
<DistanceMeters>60869.9</DistanceMeters>
<Extensions>
<ns3:TPX>
<ns3:Speed>7.68</ns3:Speed>
</ns3:TPX>
</Extensions>
</Trackpoint>
<Trackpoint>
<Time>2026-09-03T07:05:27Z</Time>
<Position>
<LatitudeDegrees>43.2210177</LatitudeDegrees>
<LongitudeDegrees>117.8360643</LongitudeDegrees>
</Position>
<AltitudeMeters>936.0</AltitudeMeters>
<DistanceMeters>60929.0</DistanceMeters>
<Extensions>
<ns3:TPX>
<ns3:Speed>7.259</ns3:Speed>
</ns3:TPX>
</Extensions>
</Trackpoint>
<Trackpoint>
<Time>2026-09-03T07:05:35Z</Time>
<Position>
<LatitudeDegrees>43.2209555</LatitudeDegrees>
<LongitudeDegrees>117.8367601</LongitudeDegrees>
</Position>
<AltitudeMeters>935.6</AltitudeMeters>
<DistanceMeters>60985.8</DistanceMeters>
<Extensions>
<ns3:TPX>
<ns3:Speed>6.934</ns3:Speed>
</ns3:TPX>
</Extensions>
</Trackpoint>
<Trackpoint>
<Time>2026-09-03T07:05:43Z</Time>
<Position>
<LatitudeDegrees>43.2209012</LatitudeDegrees>
<LongitudeDegrees>117.8374207</LongitudeDegrees>
</Position>
<AltitudeMeters>934.8</AltitudeMeters>
<DistanceMeters>61039.5</DistanceMeters>
<Extensions>
<ns3:TPX>
<ns3:Speed>6.649</ns3:Speed>
</ns3:TPX>
</Extensions>
</Trackpoint>
<Trackpoint>
<Time>2026-09-03T07:05:51Z</Time>
<Position>
<LatitudeDegrees>43.2208517</LatitudeDegrees>
<LongitudeDegrees>117.8380616</LongitudeDegrees>
</Position>
<AltitudeMeters>934.4</AltitudeMeters>
<DistanceMeters>61091.7</DistanceMeters>
<Extensions>
<ns3:TPX>
<ns3:Speed>6.408</ns3:Speed>
</ns3:TPX>
</Extensions>
</Trackpoint>
<Trackpoint>
<Time>2026-09-03T07:05:59Z</Time>
<Position>
<LatitudeDegrees>43.2208020</LatitudeDegrees>
<LongitudeDegrees>117.8386824</LongitudeDegrees>
</Position>
<AltitudeMeters>933.8</AltitudeMeters>
<DistanceMeters>61142.2</DistanceMeters>
<Extensions>
<ns3:TPX>
<ns3:Speed>6.216</ns3:Speed>
</ns3:TPX>
</Extensions>
</Trackpoint>
<Trackpoint>
<Time>2026-09-03T07:06:07Z</Time>
<Position>
<LatitudeDegrees>43.2207463</LatitudeDegrees>
<LongitudeDegrees>117.8392898</LongitudeDegrees>
</Position>
<AltitudeMeters>933.2</AltitudeMeters>
<DistanceMeters>61191.7</DistanceMeters>
<Extensions>
<ns3:TPX>
<ns3:Speed>6.29</ns3:Speed>
</ns3:TPX>
</Extensions>
</Trackpoint>
<Trackpoint>
<Time>2026-09-03T07:06:15Z</Time>
<Position>
<LatitudeDegrees>43.2206578</LatitudeDegrees>
<LongitudeDegrees>117.8399015</LongitudeDegrees>
</Position>
<AltitudeMeters>932.8</AltitudeMeters>
<DistanceMeters>61242.2</DistanceMeters>
<Extensions>
<ns3:TPX>
<ns3:Speed>6.156</ns3:Speed>
</ns3:TPX>
</Extensions>
</Trackpoint>
<Trackpoint>
<Time>2026-09-03T07:06:23Z</Time>
<Position>
<LatitudeDegrees>43.2205333</LatitudeDegrees>
<LongitudeDegrees>117.8404656</LongitudeDegrees>
</Position>
<AltitudeMeters>932.4</AltitudeMeters>
<DistanceMeters>61289.9</DistanceMeters>
<Extensions>
<ns3:TPX>
<ns3:Speed>5.889</ns3:Speed>
</ns3:TPX>
</Extensions>
</Trackpoint>
<Trackpoint>
<Time>2026-09-03T07:06:32Z</Time>
<Position>
<LatitudeDegrees>43.2203905</LatitudeDegrees>
<LongitudeDegrees>117.8410104</LongitudeDegrees>
</Position>
<AltitudeMeters>931.8</AltitudeMeters>
<DistanceMeters>61336.7</DistanceMeters>
<Extensions>
<ns3:TPX>
<ns3:Speed>5.964</ns3:Speed>
</ns3:TPX>
</Extensions>
</Trackpoint>
<Trackpoint>
<Time>2026-09-03T07:06:40Z</Time>
<Position>
<LatitudeDegrees>43.2202403</LatitudeDegrees>
<LongitudeDegrees>117.8415558</LongitudeDegrees>
</Position>
<AltitudeMeters>931.2</AltitudeMeters>
<DistanceMeters>61383.9</DistanceMeters>
<Extensions>
<ns3:TPX>
<ns3:Speed>5.733</ns3:Speed>
</ns3:TPX>
</Extensions>
</Trackpoint>
<Trackpoint>
<Time>2026-09-03T07:06:48Z</Time>
<Position>
<LatitudeDegrees>43.2200980</LatitudeDegrees>
<LongitudeDegrees>117.8420993</LongitudeDegrees>
</Position>
<AltitudeMeters>930.4</AltitudeMeters>
<DistanceMeters>61430.6</DistanceMeters>
<Extensions>
<ns3:TPX>
<ns3:Speed>5.817</ns3:Speed>
</ns3:TPX>
</Extensions>
</Trackpoint>
<Trackpoint>
<Time>2026-09-03T07:06:56Z</Time>
<Position>
<LatitudeDegrees>43.2199692</LatitudeDegrees>
<LongitudeDegrees>117.8426220</LongitudeDegrees>
</Position>
<AltitudeMeters>930.2</AltitudeMeters>
<DistanceMeters>61475.3</DistanceMeters>
<Extensions>
<ns3:TPX>
<ns3:Speed>4.704</ns3:Speed>
</ns3:TPX>
</Extensions>
</Trackpoint>
<Trackpoint>
<Time>2026-09-03T07:07:03Z</Time>
<Position>
<LatitudeDegrees>43.2198733</LatitudeDegrees>
<LongitudeDegrees>117.8429574</LongitudeDegrees>
</Position>
<AltitudeMeters>930.0</AltitudeMeters>
<DistanceMeters>61504.4</DistanceMeters>
<Extensions>
<ns3:TPX>
<ns3:Speed>3.039</ns3:Speed>
</ns3:TPX>
</Extensions>
</Trackpoint>
<Trackpoint>
<Time>2026-09-03T07:07:10Z</Time>
<Position>
<LatitudeDegrees>43.2197636</LatitudeDegrees>
<LongitudeDegrees>117.8431094</LongitudeDegrees>
</Position>
<AltitudeMeters>929.8</AltitudeMeters>
<DistanceMeters>61521.9</DistanceMeters>
<Extensions>
<ns3:TPX>
<ns3:Speed>1.598</ns3:Speed>
</ns3:TPX>
</Extensions>
</Trackpoint>
<Trackpoint>
<Time>2026-09-03T07:07:14Z</Time>
<Position>
<LatitudeDegrees>43.2197508</LatitudeDegrees>
<LongitudeDegrees>117.8431254</LongitudeDegrees>
</Position>
<AltitudeMeters>929.6</AltitudeMeters>
<DistanceMeters>61523.2</DistanceMeters>
<Extensions>
<ns3:TPX>
<ns3:Speed>0.0</ns3:Speed>
</ns3:TPX>
</Extensions>
</Trackpoint>
<Trackpoint>
<Time>2026-09-03T07:10:44Z</Time>
<Position>
<LatitudeDegrees>43.2197280</LatitudeDegrees>
<LongitudeDegrees>117.8433141</LongitudeDegrees>
</Position>
<AltitudeMeters>930.0</AltitudeMeters>
<DistanceMeters>61538.8</DistanceMeters>
<Extensions>
<ns3:TPX>
<ns3:Speed>2.126</ns3:Speed>
</ns3:TPX>
</Extensions>
</Trackpoint>
<Trackpoint>
<Time>2026-09-03T07:10:50Z</Time>
<Position>
<LatitudeDegrees>43.2197417</LatitudeDegrees>
<LongitudeDegrees>117.8434789</LongitudeDegrees>
</Position>
<AltitudeMeters>930.0</AltitudeMeters>
<DistanceMeters>61552.4</DistanceMeters>
<Extensions>
<ns3:TPX>
<ns3:Speed>2.905</ns3:Speed>
</ns3:TPX>
</Extensions>
</Trackpoint>
<Trackpoint>
<Time>2026-09-03T07:10:58Z</Time>
<Position>
<LatitudeDegrees>43.2196570</LatitudeDegrees>
<LongitudeDegrees>117.8438048</LongitudeDegrees>
</Position>
<AltitudeMeters>929.8</AltitudeMeters>
<DistanceMeters>61580.4</DistanceMeters>
<Extensions>
<ns3:TPX>
<ns3:Speed>3.658</ns3:Speed>
</ns3:TPX>
</Extensions>
</Trackpoint>
<Trackpoint>
<Time>2026-09-03T07:11:06Z</Time>
<Position>
<LatitudeDegrees>43.2195750</LatitudeDegrees>
<LongitudeDegrees>117.8441762</LongitudeDegrees>
</Position>
<AltitudeMeters>929.6</AltitudeMeters>
<DistanceMeters>61611.8</DistanceMeters>
<Extensions>
<ns3:TPX>
<ns3:Speed>4.054</ns3:Speed>
</ns3:TPX>
</Extensions>
</Trackpoint>
<Trackpoint>
<Time>2026-09-03T07:11:14Z</Time>
<Position>
<LatitudeDegrees>43.2194900</LatitudeDegrees>
<LongitudeDegrees>117.8445702</LongitudeDegrees>
</Position>
<AltitudeMeters>929.4</AltitudeMeters>
<DistanceMeters>61645.0</DistanceMeters>
<Extensions>
<ns3:TPX>
<ns3:Speed>4.131</ns3:Speed>
</ns3:TPX>
</Extensions>
</Trackpoint>
<Trackpoint>
<Time>2026-09-03T07:11:23Z</Time>
<Position>
<LatitudeDegrees>43.2193985</LatitudeDegrees>
<LongitudeDegrees>117.8449679</LongitudeDegrees>
</Position>
<AltitudeMeters>929.2</AltitudeMeters>
<DistanceMeters>61678.8</DistanceMeters>
<Extensions>
<ns3:TPX>
<ns3:Speed>4.353</ns3:Speed>
</ns3:TPX>
</Extensions>
</Trackpoint>
<Trackpoint>
<Time>2026-09-03T07:11:31Z</Time>
<Position>
<LatitudeDegrees>43.2193100</LatitudeDegrees>
<LongitudeDegrees>117.8453979</LongitudeDegrees>
</Position>
<AltitudeMeters>928.8</AltitudeMeters>
<DistanceMeters>61714.9</DistanceMeters>
<Extensions>
<ns3:TPX>
<ns3:Speed>4.76</ns3:Speed>
</ns3:TPX>
</Extensions>
</Trackpoint>
<Trackpoint>
<Time>2026-09-03T07:11:39Z</Time>
<Position>
<LatitudeDegrees>43.2192052</LatitudeDegrees>
<LongitudeDegrees>117.8458790</LongitudeDegrees>
</Position>
<AltitudeMeters>928.6</AltitudeMeters>
<DistanceMeters>61755.6</DistanceMeters>
<Extensions>
<ns3:TPX>
<ns3:Speed>5.247</ns3:Speed>
</ns3:TPX>
</Extensions>
</Trackpoint>
<Trackpoint>
<Time>2026-09-03T07:11:47Z</Time>
<Position>
<LatitudeDegrees>43.2191045</LatitudeDegrees>
<LongitudeDegrees>117.8464041</LongitudeDegrees>
</Position>
<AltitudeMeters>928.0</AltitudeMeters>
<DistanceMeters>61799.5</DistanceMeters>
<Extensions>
<ns3:TPX>
<ns3:Speed>5.194</ns3:Speed>
</ns3:TPX>
</Extensions>
</Trackpoint>
<Trackpoint>
<Time>2026-09-03T07:11:55Z</Time>
<Position>
<LatitudeDegrees>43.2190153</LatitudeDegrees>
<LongitudeDegrees>117.8469644</LongitudeDegrees>
</Position>
<AltitudeMeters>927.6</AltitudeMeters>
<DistanceMeters>61845.9</DistanceMeters>
<Extensions>
<ns3:TPX>
<ns3:Speed>5.456</ns3:Speed>
</ns3:TPX>
</Extensions>
</Trackpoint>
<Trackpoint>
<Time>2026-09-03T07:12:03Z</Time>
<Position>
<LatitudeDegrees>43.2189441</LatitudeDegrees>
<LongitudeDegrees>117.8475046</LongitudeDegrees>
</Position>
<AltitudeMeters>926.8</AltitudeMeters>
<DistanceMeters>61890.3</DistanceMeters>
<Extensions>
<ns3:TPX>
<ns3:Speed>5.891</ns3:Speed>
</ns3:TPX>
</Extensions>
</Trackpoint>
<Trackpoint>
<Time>2026-09-03T07:12:11Z</Time>
<Position>
<LatitudeDegrees>43.2188986</LatitudeDegrees>
<LongitudeDegrees>117.8481048</LongitudeDegrees>
</Position>
<AltitudeMeters>926.2</AltitudeMeters>
<DistanceMeters>61939.1</DistanceMeters>
<Extensions>
<ns3:TPX>
<ns3:Speed>6.316</ns3:Speed>
</ns3:TPX>
</Extensions>
</Trackpoint>
<Trackpoint>
<Time>2026-09-03T07:12:19Z</Time>
<Position>
<LatitudeDegrees>43.2188667</LatitudeDegrees>
<LongitudeDegrees>117.8487497</LongitudeDegrees>
</Position>
<AltitudeMeters>925.6</AltitudeMeters>
<DistanceMeters>61991.4</DistanceMeters>
<Extensions>
<ns3:TPX>
<ns3:Speed>6.763</ns3:Speed>
</ns3:TPX>
</Extensions>
</Trackpoint>
<Trackpoint>
<Time>2026-09-03T07:12:27Z</Time>
<Position>
<LatitudeDegrees>43.2188551</LatitudeDegrees>
<LongitudeDegrees>117.8494551</LongitudeDegrees>
</Position>
<AltitudeMeters>924.4</AltitudeMeters>
<DistanceMeters>62048.5</DistanceMeters>
<Extensions>
<ns3:TPX>
<ns3:Speed>7.5</ns3:Speed>
</ns3:TPX>
</Extensions>
</Trackpoint>
<Trackpoint>
<Time>2026-09-03T07:12:35Z</Time>
<Position>
<LatitudeDegrees>43.2188431</LatitudeDegrees>
<LongitudeDegrees>117.8502075</LongitudeDegrees>
</Position>
<AltitudeMeters>924.0</AltitudeMeters>
<DistanceMeters>62109.4</DistanceMeters>
<Extensions>
<ns3:TPX>
<ns3:Speed>7.585</ns3:Speed>
</ns3:TPX>
</Extensions>
</Trackpoint>
<Trackpoint>
<Time>2026-09-03T07:12:43Z</Time>
<Position>
<LatitudeDegrees>43.2188282</LatitudeDegrees>
<LongitudeDegrees>117.8509246</LongitudeDegrees>
</Position>
<AltitudeMeters>923.6</AltitudeMeters>
<DistanceMeters>62167.4</DistanceMeters>
<Extensions>
<ns3:TPX>
<ns3:Speed>6.829</ns3:Speed>
</ns3:TPX>
</Extensions>
</Trackpoint>
<Trackpoint>
<Time>2026-09-03T07:12:51Z</Time>
<Position>
<LatitudeDegrees>43.2188205</LatitudeDegrees>
<LongitudeDegrees>117.8515493</LongitudeDegrees>
</Position>
<AltitudeMeters>923.4</AltitudeMeters>
<DistanceMeters>62217.9</DistanceMeters>
<Extensions>
<ns3:TPX>
<ns3:Speed>6.034</ns3:Speed>
</ns3:TPX>
</Extensions>
</Trackpoint>
<Trackpoint>
<Time>2026-09-03T07:12:59Z</Time>
<Position>
<LatitudeDegrees>43.2188083</LatitudeDegrees>
<LongitudeDegrees>117.8521529</LongitudeDegrees>
</Position>
<AltitudeMeters>923.4</AltitudeMeters>
<DistanceMeters>62266.8</DistanceMeters>
<Extensions>
<ns3:TPX>
<ns3:Speed>6.324</ns3:Speed>
</ns3:TPX>
</Extensions>
</Trackpoint>
<Trackpoint>
<Time>2026-09-03T07:13:07Z</Time>
<Position>
<LatitudeDegrees>43.2187940</LatitudeDegrees>
<LongitudeDegrees>117.8527298</LongitudeDegrees>
</Position>
<AltitudeMeters>923.4</AltitudeMeters>
<DistanceMeters>62313.5</DistanceMeters>
<Extensions>
<ns3:TPX>
<ns3:Speed>5.501</ns3:Speed>
</ns3:TPX>
</Extensions>
</Trackpoint>
<Trackpoint>
<Time>2026-09-03T07:13:15Z</Time>
<Position>
<LatitudeDegrees>43.2187859</LatitudeDegrees>
<LongitudeDegrees>117.8532388</LongitudeDegrees>
</Position>
<AltitudeMeters>923.8</AltitudeMeters>
<DistanceMeters>62354.7</DistanceMeters>
<Extensions>
<ns3:TPX>
<ns3:Speed>4.719</ns3:Speed>
</ns3:TPX>
</Extensions>
</Trackpoint>
<Trackpoint>
<Time>2026-09-03T07:13:23Z</Time>
<Position>
<LatitudeDegrees>43.2187744</LatitudeDegrees>
<LongitudeDegrees>117.8536450</LongitudeDegrees>
</Position>
<AltitudeMeters>924.6</AltitudeMeters>
<DistanceMeters>62387.6</DistanceMeters>
<Extensions>
<ns3:TPX>
<ns3:Speed>3.802</ns3:Speed>
</ns3:TPX>
</Extensions>
</Trackpoint>
<Trackpoint>
<Time>2026-09-03T07:13:31Z</Time>
<Position>
<LatitudeDegrees>43.2187522</LatitudeDegrees>
<LongitudeDegrees>117.8540061</LongitudeDegrees>
</Position>
<AltitudeMeters>925.2</AltitudeMeters>
<DistanceMeters>62416.9</DistanceMeters>
<Extensions>
<ns3:TPX>
<ns3:Speed>3.697</ns3:Speed>
</ns3:TPX>
</Extensions>
</Trackpoint>
<Trackpoint>
<Time>2026-09-03T07:13:39Z</Time>
<Position>
<LatitudeDegrees>43.2187146</LatitudeDegrees>
<LongitudeDegrees>117.8543522</LongitudeDegrees>
</Position>
<AltitudeMeters>925.6</AltitudeMeters>
<DistanceMeters>62445.2</DistanceMeters>
<Extensions>
<ns3:TPX>
<ns3:Speed>3.336</ns3:Speed>
</ns3:TPX>
</Extensions>
</Trackpoint>
<Trackpoint>
<Time>2026-09-03T07:13:48Z</Time>
<Position>
<LatitudeDegrees>43.2186690</LatitudeDegrees>
<LongitudeDegrees>117.8546373</LongitudeDegrees>
</Position>
<AltitudeMeters>926.2</AltitudeMeters>
<DistanceMeters>62468.8</DistanceMeters>
<Extensions>
<ns3:TPX>
<ns3:Speed>2.966</ns3:Speed>
</ns3:TPX>
</Extensions>
</Trackpoint>
<Trackpoint>
<Time>2026-09-03T07:13:56Z</Time>
<Position>
<LatitudeDegrees>43.2186153</LatitudeDegrees>
<LongitudeDegrees>117.8549245</LongitudeDegrees>
</Position>
<AltitudeMeters>926.8</AltitudeMeters>
<DistanceMeters>62492.8</DistanceMeters>
<Extensions>
<ns3:TPX>
<ns3:Speed>3.03</ns3:Speed>
</ns3:TPX>
</Extensions>
</Trackpoint>
<Trackpoint>
<Time>2026-09-03T07:14:04Z</Time>
<Position>
<LatitudeDegrees>43.2185656</LatitudeDegrees>
<LongitudeDegrees>117.8551898</LongitudeDegrees>
</Position>
<AltitudeMeters>927.2</AltitudeMeters>
<DistanceMeters>62515.0</DistanceMeters>
<Extensions>
<ns3:TPX>
<ns3:Speed>2.174</ns3:Speed>
</ns3:TPX>
</Extensions>
</Trackpoint>
<Trackpoint>
<Time>2026-09-03T07:14:12Z</Time>
<Position>
<LatitudeDegrees>43.2185203</LatitudeDegrees>
<LongitudeDegrees>117.8554495</LongitudeDegrees>
</Position>
<AltitudeMeters>927.6</AltitudeMeters>
<DistanceMeters>62536.6</DistanceMeters>
<Extensions>
<ns3:TPX>
<ns3:Speed>2.805</ns3:Speed>
</ns3:TPX>
</Extensions>
</Trackpoint>
<Trackpoint>
<Time>2026-09-03T07:14:20Z</Time>
<Position>
<LatitudeDegrees>43.2184675</LatitudeDegrees>
<LongitudeDegrees>117.8557329</LongitudeDegrees>
</Position>
<AltitudeMeters>928.2</AltitudeMeters>
<DistanceMeters>62560.3</DistanceMeters>
<Extensions>
<ns3:TPX>
<ns3:Speed>2.776</ns3:Speed>
</ns3:TPX>
</Extensions>
</Trackpoint>
<Trackpoint>
<Time>2026-09-03T07:14:28Z</Time>
<Position>
<LatitudeDegrees>43.2184155</LatitudeDegrees>
<LongitudeDegrees>117.8560180</LongitudeDegrees>
</Position>
<AltitudeMeters>928.6</AltitudeMeters>
<DistanceMeters>62584.1</DistanceMeters>
<Extensions>
<ns3:TPX>
<ns3:Speed>3.021</ns3:Speed>
</ns3:TPX>
</Extensions>
</Trackpoint>
<Trackpoint>
<Time>2026-09-03T07:14:36Z</Time>
<Position>
<LatitudeDegrees>43.2183655</LatitudeDegrees>
<LongitudeDegrees>117.8563078</LongitudeDegrees>
</Position>
<AltitudeMeters>929.0</AltitudeMeters>
<DistanceMeters>62608.1</DistanceMeters>
<Extensions>
<ns3:TPX>
<ns3:Speed>2.949</ns3:Speed>
</ns3:TPX>
</Extensions>
</Trackpoint>
<Trackpoint>
<Time>2026-09-03T07:14:44Z</Time>
<Position>
<LatitudeDegrees>43.2183080</LatitudeDegrees>
<LongitudeDegrees>117.8566072</LongitudeDegrees>
</Position>
<AltitudeMeters>929.6</AltitudeMeters>
<DistanceMeters>62633.2</DistanceMeters>
<Extensions>
<ns3:TPX>
<ns3:Speed>2.642</ns3:Speed>
</ns3:TPX>
</Extensions>
</Trackpoint>
<Trackpoint>
<Time>2026-09-03T07:14:52Z</Time>
<Position>
<LatitudeDegrees>43.2182647</LatitudeDegrees>
<LongitudeDegrees>117.8568651</LongitudeDegrees>
</Position>
<AltitudeMeters>930.0</AltitudeMeters>
<DistanceMeters>62654.6</DistanceMeters>
<Extensions>
<ns3:TPX>
<ns3:Speed>3.016</ns3:Speed>
</ns3:TPX>
</Extensions>
</Trackpoint>
<Trackpoint>
<Time>2026-09-03T07:15:00Z</Time>
<Position>
<LatitudeDegrees>43.2182110</LatitudeDegrees>
<LongitudeDegrees>117.8571624</LongitudeDegrees>
</Position>
<AltitudeMeters>930.2</AltitudeMeters>
<DistanceMeters>62679.4</DistanceMeters>
<Extensions>
<ns3:TPX>
<ns3:Speed>3.082</ns3:Speed>
</ns3:TPX>
</Extensions>
</Trackpoint>
<Trackpoint>
<Time>2026-09-03T07:15:08Z</Time>
<Position>
<LatitudeDegrees>43.2181668</LatitudeDegrees>
<LongitudeDegrees>117.8574482</LongitudeDegrees>
</Position>
<AltitudeMeters>930.8</AltitudeMeters>
<DistanceMeters>62703.0</DistanceMeters>
<Extensions>
<ns3:TPX>
<ns3:Speed>2.437</ns3:Speed>
</ns3:TPX>
</Extensions>
</Trackpoint>
<Trackpoint>
<Time>2026-09-03T07:15:16Z</Time>
<Position>
<LatitudeDegrees>43.2181280</LatitudeDegrees>
<LongitudeDegrees>117.8577102</LongitudeDegrees>
</Position>
<AltitudeMeters>930.8</AltitudeMeters>
<DistanceMeters>62724.7</DistanceMeters>
<Extensions>
<ns3:TPX>
<ns3:Speed>2.932</ns3:Speed>
</ns3:TPX>
</Extensions>
</Trackpoint>
<Trackpoint>
<Time>2026-09-03T07:15:24Z</Time>
<Position>
<LatitudeDegrees>43.2180821</LatitudeDegrees>
<LongitudeDegrees>117.8580288</LongitudeDegrees>
</Position>
<AltitudeMeters>930.6</AltitudeMeters>
<DistanceMeters>62751.0</DistanceMeters>
<Extensions>
<ns3:TPX>
<ns3:Speed>3.566</ns3:Speed>
</ns3:TPX>
</Extensions>
</Trackpoint>
<Trackpoint>
<Time>2026-09-03T07:15:32Z</Time>
<Position>
<LatitudeDegrees>43.2180376</LatitudeDegrees>
<LongitudeDegrees>117.8584138</LongitudeDegrees>
</Position>
<AltitudeMeters>930.2</AltitudeMeters>
<DistanceMeters>62782.5</DistanceMeters>
<Extensions>
<ns3:TPX>
<ns3:Speed>4.498</ns3:Speed>
</ns3:TPX>
</Extensions>
</Trackpoint>
<Trackpoint>
<Time>2026-09-03T07:15:40Z</Time>
<Position>
<LatitudeDegrees>43.2179904</LatitudeDegrees>
<LongitudeDegrees>117.8589071</LongitudeDegrees>
</Position>
<AltitudeMeters>929.4</AltitudeMeters>
<DistanceMeters>62822.8</DistanceMeters>
<Extensions>
<ns3:TPX>
<ns3:Speed>5.524</ns3:Speed>
</ns3:TPX>
</Extensions>
</Trackpoint>
<Trackpoint>
<Time>2026-09-03T07:15:48Z</Time>
<Position>
<LatitudeDegrees>43.2179347</LatitudeDegrees>
<LongitudeDegrees>117.8594818</LongitudeDegrees>
</Position>
<AltitudeMeters>928.0</AltitudeMeters>
<DistanceMeters>62869.7</DistanceMeters>
<Extensions>
<ns3:TPX>
<ns3:Speed>6.266</ns3:Speed>
</ns3:TPX>
</Extensions>
</Trackpoint>
<Trackpoint>
<Time>2026-09-03T07:15:56Z</Time>
<Position>
<LatitudeDegrees>43.2178715</LatitudeDegrees>
<LongitudeDegrees>117.8601436</LongitudeDegrees>
</Position>
<AltitudeMeters>926.8</AltitudeMeters>
<DistanceMeters>62923.6</DistanceMeters>
<Extensions>
<ns3:TPX>
<ns3:Speed>6.921</ns3:Speed>
</ns3:TPX>
</Extensions>
</Trackpoint>
<Trackpoint>
<Time>2026-09-03T07:16:05Z</Time>
<Position>
<LatitudeDegrees>43.2178048</LatitudeDegrees>
<LongitudeDegrees>117.8608545</LongitudeDegrees>
</Position>
<AltitudeMeters>925.6</AltitudeMeters>
<DistanceMeters>62981.6</DistanceMeters>
<Extensions>
<ns3:TPX>
<ns3:Speed>7.444</ns3:Speed>
</ns3:TPX>
</Extensions>
</Trackpoint>
<Trackpoint>
<Time>2026-09-03T07:16:13Z</Time>
<Position>
<LatitudeDegrees>43.2177292</LatitudeDegrees>
<LongitudeDegrees>117.8616027</LongitudeDegrees>
</Position>
<AltitudeMeters>924.6</AltitudeMeters>
<DistanceMeters>63042.8</DistanceMeters>
<Extensions>
<ns3:TPX>
<ns3:Speed>7.842</ns3:Speed>
</ns3:TPX>
</Extensions>
</Trackpoint>
<Trackpoint>
<Time>2026-09-03T07:16:21Z</Time>
<Position>
<LatitudeDegrees>43.2176479</LatitudeDegrees>
<LongitudeDegrees>117.8624035</LongitudeDegrees>
</Position>
<AltitudeMeters>923.4</AltitudeMeters>
<DistanceMeters>63108.1</DistanceMeters>
<Extensions>
<ns3:TPX>
<ns3:Speed>8.274</ns3:Speed>
</ns3:TPX>
</Extensions>
</Trackpoint>
<Trackpoint>
<Time>2026-09-03T07:16:29Z</Time>
<Position>
<LatitudeDegrees>43.2175735</LatitudeDegrees>
<LongitudeDegrees>117.8631930</LongitudeDegrees>
</Position>
<AltitudeMeters>922.6</AltitudeMeters>
<DistanceMeters>63172.6</DistanceMeters>
<Extensions>
<ns3:TPX>
<ns3:Speed>7.525</ns3:Speed>
</ns3:TPX>
</Extensions>
</Trackpoint>
<Trackpoint>
<Time>2026-09-03T07:16:37Z</Time>
<Position>
<LatitudeDegrees>43.2174956</LatitudeDegrees>
<LongitudeDegrees>117.8639524</LongitudeDegrees>
</Position>
<AltitudeMeters>922.2</AltitudeMeters>
<DistanceMeters>63234.6</DistanceMeters>
<Extensions>
<ns3:TPX>
<ns3:Speed>6.466</ns3:Speed>
</ns3:TPX>
</Extensions>
</Trackpoint>
<Trackpoint>
<Time>2026-09-03T07:16:45Z</Time>
<Position>
<LatitudeDegrees>43.2174402</LatitudeDegrees>
<LongitudeDegrees>117.8645764</LongitudeDegrees>
</Position>
<AltitudeMeters>922.0</AltitudeMeters>
<DistanceMeters>63285.4</DistanceMeters>
<Extensions>
<ns3:TPX>
<ns3:Speed>5.974</ns3:Speed>
</ns3:TPX>
</Extensions>
</Trackpoint>
<Trackpoint>
<Time>2026-09-03T07:16:53Z</Time>
<Position>
<LatitudeDegrees>43.2173794</LatitudeDegrees>
<LongitudeDegrees>117.8651733</LongitudeDegrees>
</Position>
<AltitudeMeters>922.0</AltitudeMeters>
<DistanceMeters>63334.2</DistanceMeters>
<Extensions>
<ns3:TPX>
<ns3:Speed>5.92</ns3:Speed>
</ns3:TPX>
</Extensions>
</Trackpoint>
<Trackpoint>
<Time>2026-09-03T07:17:01Z</Time>
<Position>
<LatitudeDegrees>43.2173217</LatitudeDegrees>
<LongitudeDegrees>117.8657533</LongitudeDegrees>
</Position>
<AltitudeMeters>922.0</AltitudeMeters>
<DistanceMeters>63381.6</DistanceMeters>
<Extensions>
<ns3:TPX>
<ns3:Speed>5.875</ns3:Speed>
</ns3:TPX>
</Extensions>
</Trackpoint>
<Trackpoint>
<Time>2026-09-03T07:17:09Z</Time>
<Position>
<LatitudeDegrees>43.2172649</LatitudeDegrees>
<LongitudeDegrees>117.8663173</LongitudeDegrees>
</Position>
<AltitudeMeters>922.0</AltitudeMeters>
<DistanceMeters>63427.6</DistanceMeters>
<Extensions>
<ns3:TPX>
<ns3:Speed>5.897</ns3:Speed>
</ns3:TPX>
</Extensions>
</Trackpoint>
<Trackpoint>
<Time>2026-09-03T07:17:17Z</Time>
<Position>
<LatitudeDegrees>43.2172089</LatitudeDegrees>
<LongitudeDegrees>117.8668687</LongitudeDegrees>
</Position>
<AltitudeMeters>921.8</AltitudeMeters>
<DistanceMeters>63472.7</DistanceMeters>
<Extensions>
<ns3:TPX>
<ns3:Speed>5.763</ns3:Speed>
</ns3:TPX>
</Extensions>
</Trackpoint>
<Trackpoint>
<Time>2026-09-03T07:17:25Z</Time>
<Position>
<LatitudeDegrees>43.2171539</LatitudeDegrees>
<LongitudeDegrees>117.8674391</LongitudeDegrees>
</Position>
<AltitudeMeters>921.6</AltitudeMeters>
<DistanceMeters>63519.3</DistanceMeters>
<Extensions>
<ns3:TPX>
<ns3:Speed>5.673</ns3:Speed>
</ns3:TPX>
</Extensions>
</Trackpoint>
<Trackpoint>
<Time>2026-09-03T07:17:33Z</Time>
<Position>
<LatitudeDegrees>43.2170969</LatitudeDegrees>
<LongitudeDegrees>117.8680038</LongitudeDegrees>
</Position>
<AltitudeMeters>921.4</AltitudeMeters>
<DistanceMeters>63565.4</DistanceMeters>
<Extensions>
<ns3:TPX>
<ns3:Speed>5.758</ns3:Speed>
</ns3:TPX>
</Extensions>
</Trackpoint>
<Trackpoint>
<Time>2026-09-03T07:17:41Z</Time>
<Position>
<LatitudeDegrees>43.2170414</LatitudeDegrees>
<LongitudeDegrees>117.8685615</LongitudeDegrees>
</Position>
<AltitudeMeters>921.2</AltitudeMeters>
<DistanceMeters>63610.9</DistanceMeters>
<Extensions>
<ns3:TPX>
<ns3:Speed>5.508</ns3:Speed>
</ns3:TPX>
</Extensions>
</Trackpoint>
<Trackpoint>
<Time>2026-09-03T07:17:49Z</Time>
<Position>
<LatitudeDegrees>43.2169924</LatitudeDegrees>
<LongitudeDegrees>117.8690960</LongitudeDegrees>
</Position>
<AltitudeMeters>921.4</AltitudeMeters>
<DistanceMeters>63654.5</DistanceMeters>
<Extensions>
<ns3:TPX>
<ns3:Speed>5.518</ns3:Speed>
</ns3:TPX>
</Extensions>
</Trackpoint>
<Trackpoint>
<Time>2026-09-03T07:17:57Z</Time>
<Position>
<LatitudeDegrees>43.2169401</LatitudeDegrees>
<LongitudeDegrees>117.8696320</LongitudeDegrees>
</Position>
<AltitudeMeters>921.2</AltitudeMeters>
<DistanceMeters>63698.2</DistanceMeters>
<Extensions>
<ns3:TPX>
<ns3:Speed>5.369</ns3:Speed>
</ns3:TPX>
</Extensions>
</Trackpoint>
<Trackpoint>
<Time>2026-09-03T07:18:05Z</Time>
<Position>
<LatitudeDegrees>43.2168897</LatitudeDegrees>
<LongitudeDegrees>117.8701593</LongitudeDegrees>
</Position>
<AltitudeMeters>921.0</AltitudeMeters>
<DistanceMeters>63741.3</DistanceMeters>
<Extensions>
<ns3:TPX>
<ns3:Speed>5.283</ns3:Speed>
</ns3:TPX>
</Extensions>
</Trackpoint>
<Trackpoint>
<Time>2026-09-03T07:18:13Z</Time>
<Position>
<LatitudeDegrees>43.2168506</LatitudeDegrees>
<LongitudeDegrees>117.8706901</LongitudeDegrees>
</Position>
<AltitudeMeters>921.0</AltitudeMeters>
<DistanceMeters>63784.4</DistanceMeters>
<Extensions>
<ns3:TPX>
<ns3:Speed>5.323</ns3:Speed>
</ns3:TPX>
</Extensions>
</Trackpoint>
<Trackpoint>
<Time>2026-09-03T07:18:21Z</Time>
<Position>
<LatitudeDegrees>43.2168227</LatitudeDegrees>
<LongitudeDegrees>117.8712242</LongitudeDegrees>
</Position>
<AltitudeMeters>920.6</AltitudeMeters>
<DistanceMeters>63827.8</DistanceMeters>
<Extensions>
<ns3:TPX>
<ns3:Speed>5.902</ns3:Speed>
</ns3:TPX>
</Extensions>
</Trackpoint>
<Trackpoint>
<Time>2026-09-03T07:18:30Z</Time>
<Position>
<LatitudeDegrees>43.2168215</LatitudeDegrees>
<LongitudeDegrees>117.8718259</LongitudeDegrees>
</Position>
<AltitudeMeters>920.0</AltitudeMeters>
<DistanceMeters>63876.4</DistanceMeters>
<Extensions>
<ns3:TPX>
<ns3:Speed>6.19</ns3:Speed>
</ns3:TPX>
</Extensions>
</Trackpoint>
<Trackpoint>
<Time>2026-09-03T07:18:38Z</Time>
<Position>
<LatitudeDegrees>43.2168473</LatitudeDegrees>
<LongitudeDegrees>117.8724578</LongitudeDegrees>
</Position>
<AltitudeMeters>918.8</AltitudeMeters>
<DistanceMeters>63927.6</DistanceMeters>
<Extensions>
<ns3:TPX>
<ns3:Speed>6.533</ns3:Speed>
</ns3:TPX>
</Extensions>
</Trackpoint>
<Trackpoint>
<Time>2026-09-03T07:18:46Z</Time>
<Position>
<LatitudeDegrees>43.2168773</LatitudeDegrees>
<LongitudeDegrees>117.8731075</LongitudeDegrees>
</Position>
<AltitudeMeters>918.2</AltitudeMeters>
<DistanceMeters>63980.3</DistanceMeters>
<Extensions>
<ns3:TPX>
<ns3:Speed>6.646</ns3:Speed>
</ns3:TPX>
</Extensions>
</Trackpoint>
<Trackpoint>
<Time>2026-09-03T07:18:54Z</Time>
<Position>
<LatitudeDegrees>43.2169044</LatitudeDegrees>
<LongitudeDegrees>117.8737626</LongitudeDegrees>
</Position>
<AltitudeMeters>918.0</AltitudeMeters>
<DistanceMeters>64033.4</DistanceMeters>
<Extensions>
<ns3:TPX>
<ns3:Speed>6.337</ns3:Speed>
</ns3:TPX>
</Extensions>
</Trackpoint>
<Trackpoint>
<Time>2026-09-03T07:19:02Z</Time>
<Position>
<LatitudeDegrees>43.2169252</LatitudeDegrees>
<LongitudeDegrees>117.8744851</LongitudeDegrees>
</Position>
<AltitudeMeters>918.0</AltitudeMeters>
<DistanceMeters>64091.9</DistanceMeters>
<Extensions>
<ns3:TPX>
<ns3:Speed>6.078</ns3:Speed>
</ns3:TPX>
</Extensions>
</Trackpoint>
<Trackpoint>
<Time>2026-09-03T07:19:10Z</Time>
<Position>
<LatitudeDegrees>43.2169467</LatitudeDegrees>
<LongitudeDegrees>117.8750307</LongitudeDegrees>
</Position>
<AltitudeMeters>918.2</AltitudeMeters>
<DistanceMeters>64136.1</DistanceMeters>
<Extensions>
<ns3:TPX>
<ns3:Speed>5.528</ns3:Speed>
</ns3:TPX>
</Extensions>
</Trackpoint>
<Trackpoint>
<Time>2026-09-03T07:19:18Z</Time>
<Position>
<LatitudeDegrees>43.2169509</LatitudeDegrees>
<LongitudeDegrees>117.8755704</LongitudeDegrees>
</Position>
<AltitudeMeters>918.4</AltitudeMeters>
<DistanceMeters>64179.8</DistanceMeters>
<Extensions>
<ns3:TPX>
<ns3:Speed>5.049</ns3:Speed>
</ns3:TPX>
</Extensions>
</Trackpoint>
<Trackpoint>
<Time>2026-09-03T07:19:26Z</Time>
<Position>
<LatitudeDegrees>43.2169215</LatitudeDegrees>
<LongitudeDegrees>117.8760726</LongitudeDegrees>
</Position>
<AltitudeMeters>918.8</AltitudeMeters>
<DistanceMeters>64220.5</DistanceMeters>
<Extensions>
<ns3:TPX>
<ns3:Speed>5.281</ns3:Speed>
</ns3:TPX>
</Extensions>
</Trackpoint>
<Trackpoint>
<Time>2026-09-03T07:19:34Z</Time>
<Position>
<LatitudeDegrees>43.2168636</LatitudeDegrees>
<LongitudeDegrees>117.8765713</LongitudeDegrees>
</Position>
<AltitudeMeters>919.0</AltitudeMeters>
<DistanceMeters>64261.4</DistanceMeters>
<Extensions>
<ns3:TPX>
<ns3:Speed>4.64</ns3:Speed>
</ns3:TPX>
</Extensions>
</Trackpoint>
<Trackpoint>
<Time>2026-09-03T07:19:42Z</Time>
<Position>
<LatitudeDegrees>43.2167900</LatitudeDegrees>
<LongitudeDegrees>117.8770150</LongitudeDegrees>
</Position>
<AltitudeMeters>919.2</AltitudeMeters>
<DistanceMeters>64298.2</DistanceMeters>
<Extensions>
<ns3:TPX>
<ns3:Speed>5.061</ns3:Speed>
</ns3:TPX>
</Extensions>
</Trackpoint>
<Trackpoint>
<Time>2026-09-03T07:19:50Z</Time>
<Position>
<LatitudeDegrees>43.2166785</LatitudeDegrees>
<LongitudeDegrees>117.8774903</LongitudeDegrees>
</Position>
<AltitudeMeters>919.2</AltitudeMeters>
<DistanceMeters>64338.6</DistanceMeters>
<Extensions>
<ns3:TPX>
<ns3:Speed>4.897</ns3:Speed>
</ns3:TPX>
</Extensions>
</Trackpoint>
<Trackpoint>
<Time>2026-09-03T07:19:58Z</Time>
<Position>
<LatitudeDegrees>43.2165338</LatitudeDegrees>
<LongitudeDegrees>117.8779553</LongitudeDegrees>
</Position>
<AltitudeMeters>918.8</AltitudeMeters>
<DistanceMeters>64379.5</DistanceMeters>
<Extensions>
<ns3:TPX>
<ns3:Speed>5.283</ns3:Speed>
</ns3:TPX>
</Extensions>
</Trackpoint>
<Trackpoint>
<Time>2026-09-03T07:20:06Z</Time>
<Position>
<LatitudeDegrees>43.2163794</LatitudeDegrees>
<LongitudeDegrees>117.8784263</LongitudeDegrees>
</Position>
<AltitudeMeters>918.8</AltitudeMeters>
<DistanceMeters>64421.3</DistanceMeters>
<Extensions>
<ns3:TPX>
<ns3:Speed>5.171</ns3:Speed>
</ns3:TPX>
</Extensions>
</Trackpoint>
<Trackpoint>
<Time>2026-09-03T07:20:14Z</Time>
<Position>
<LatitudeDegrees>43.2162313</LatitudeDegrees>
<LongitudeDegrees>117.8788769</LongitudeDegrees>
</Position>
<AltitudeMeters>918.8</AltitudeMeters>
<DistanceMeters>64461.3</DistanceMeters>
<Extensions>
<ns3:TPX>
<ns3:Speed>5.166</ns3:Speed>
</ns3:TPX>
</Extensions>
</Trackpoint>
<Trackpoint>
<Time>2026-09-03T07:20:22Z</Time>
<Position>
<LatitudeDegrees>43.2160807</LatitudeDegrees>
<LongitudeDegrees>117.8793357</LongitudeDegrees>
</Position>
<AltitudeMeters>918.8</AltitudeMeters>
<DistanceMeters>64502.0</DistanceMeters>
<Extensions>
<ns3:TPX>
<ns3:Speed>5.182</ns3:Speed>
</ns3:TPX>
</Extensions>
</Trackpoint>
<Trackpoint>
<Time>2026-09-03T07:20:30Z</Time>
<Position>
<LatitudeDegrees>43.2159212</LatitudeDegrees>
<LongitudeDegrees>117.8798090</LongitudeDegrees>
</Position>
<AltitudeMeters>918.4</AltitudeMeters>
<DistanceMeters>64544.2</DistanceMeters>
<Extensions>
<ns3:TPX>
<ns3:Speed>5.235</ns3:Speed>
</ns3:TPX>
</Extensions>
</Trackpoint>
<Trackpoint>
<Time>2026-09-03T07:20:38Z</Time>
<Position>
<LatitudeDegrees>43.2157599</LatitudeDegrees>
<LongitudeDegrees>117.8803054</LongitudeDegrees>
</Position>
<AltitudeMeters>918.2</AltitudeMeters>
<DistanceMeters>64588.2</DistanceMeters>
<Extensions>
<ns3:TPX>
<ns3:Speed>5.491</ns3:Speed>
</ns3:TPX>
</Extensions>
</Trackpoint>
<Trackpoint>
<Time>2026-09-03T07:20:46Z</Time>
<Position>
<LatitudeDegrees>43.2155986</LatitudeDegrees>
<LongitudeDegrees>117.8807977</LongitudeDegrees>
</Position>
<AltitudeMeters>917.8</AltitudeMeters>
<DistanceMeters>64631.9</DistanceMeters>
<Extensions>
<ns3:TPX>
<ns3:Speed>5.405</ns3:Speed>
</ns3:TPX>
</Extensions>
</Trackpoint>
<Trackpoint>
<Time>2026-09-03T07:20:55Z</Time>
<Position>
<LatitudeDegrees>43.2154330</LatitudeDegrees>
<LongitudeDegrees>117.8813127</LongitudeDegrees>
</Position>
<AltitudeMeters>917.0</AltitudeMeters>
<DistanceMeters>64677.4</DistanceMeters>
<Extensions>
<ns3:TPX>
<ns3:Speed>5.872</ns3:Speed>
</ns3:TPX>
</Extensions>
</Trackpoint>
<Trackpoint>
<Time>2026-09-03T07:21:03Z</Time>
<Position>
<LatitudeDegrees>43.2152485</LatitudeDegrees>
<LongitudeDegrees>117.8818676</LongitudeDegrees>
</Position>
<AltitudeMeters>916.0</AltitudeMeters>
<DistanceMeters>64726.7</DistanceMeters>
<Extensions>
<ns3:TPX>
<ns3:Speed>6.36</ns3:Speed>
</ns3:TPX>
</Extensions>
</Trackpoint>
<Trackpoint>
<Time>2026-09-03T07:21:11Z</Time>
<Position>
<LatitudeDegrees>43.2150589</LatitudeDegrees>
<LongitudeDegrees>117.8824607</LongitudeDegrees>
</Position>
<AltitudeMeters>915.0</AltitudeMeters>
<DistanceMeters>64779.1</DistanceMeters>
<Extensions>
<ns3:TPX>
<ns3:Speed>6.784</ns3:Speed>
</ns3:TPX>
</Extensions>
</Trackpoint>
<Trackpoint>
<Time>2026-09-03T07:21:19Z</Time>
<Position>
<LatitudeDegrees>43.2148357</LatitudeDegrees>
<LongitudeDegrees>117.8831252</LongitudeDegrees>
</Position>
<AltitudeMeters>914.0</AltitudeMeters>
<DistanceMeters>64838.3</DistanceMeters>
<Extensions>
<ns3:TPX>
<ns3:Speed>7.129</ns3:Speed>
</ns3:TPX>
</Extensions>
</Trackpoint>
<Trackpoint>
<Time>2026-09-03T07:21:27Z</Time>
<Position>
<LatitudeDegrees>43.2146098</LatitudeDegrees>
<LongitudeDegrees>117.8838172</LongitudeDegrees>
</Position>
<AltitudeMeters>913.0</AltitudeMeters>
<DistanceMeters>64899.7</DistanceMeters>
<Extensions>
<ns3:TPX>
<ns3:Speed>7.341</ns3:Speed>
</ns3:TPX>
</Extensions>
</Trackpoint>
<Trackpoint>
<Time>2026-09-03T07:21:35Z</Time>
<Position>
<LatitudeDegrees>43.2143940</LatitudeDegrees>
<LongitudeDegrees>117.8844626</LongitudeDegrees>
</Position>
<AltitudeMeters>911.8</AltitudeMeters>
<DistanceMeters>64957.1</DistanceMeters>
<Extensions>
<ns3:TPX>
<ns3:Speed>6.874</ns3:Speed>
</ns3:TPX>
</Extensions>
</Trackpoint>
<Trackpoint>
<Time>2026-09-03T07:21:43Z</Time>
<Position>
<LatitudeDegrees>43.2142029</LatitudeDegrees>
<LongitudeDegrees>117.8850639</LongitudeDegrees>
</Position>
<AltitudeMeters>910.8</AltitudeMeters>
<DistanceMeters>65010.2</DistanceMeters>
<Extensions>
<ns3:TPX>
<ns3:Speed>6.501</ns3:Speed>
</ns3:TPX>
</Extensions>
</Trackpoint>
<Trackpoint>
<Time>2026-09-03T07:21:46Z</Time>
<Position>
<LatitudeDegrees>43.2141202</LatitudeDegrees>
<LongitudeDegrees>117.8852415</LongitudeDegrees>
</Position>
<AltitudeMeters>910.2</AltitudeMeters>
<DistanceMeters>65027.3</DistanceMeters>
<Extensions>
<ns3:TPX>
<ns3:Speed>4.775</ns3:Speed>
</ns3:TPX>
</Extensions>
</Trackpoint>
<Trackpoint>
<Time>2026-09-03T07:21:52Z</Time>
<Position>
<LatitudeDegrees>43.2139653</LatitudeDegrees>
<LongitudeDegrees>117.8855021</LongitudeDegrees>
</Position>
<AltitudeMeters>909.4</AltitudeMeters>
<DistanceMeters>65054.6</DistanceMeters>
<Extensions>
<ns3:TPX>
<ns3:Speed>4.651</ns3:Speed>
</ns3:TPX>
</Extensions>
</Trackpoint>
<Trackpoint>
<Time>2026-09-03T07:21:58Z</Time>
<Position>
<LatitudeDegrees>43.2138252</LatitudeDegrees>
<LongitudeDegrees>117.8857546</LongitudeDegrees>
</Position>
<AltitudeMeters>908.4</AltitudeMeters>
<DistanceMeters>65080.4</DistanceMeters>
<Extensions>
<ns3:TPX>
<ns3:Speed>4.66</ns3:Speed>
</ns3:TPX>
</Extensions>
</Trackpoint>
<Trackpoint>
<Time>2026-09-03T07:22:01Z</Time>
<Position>
<LatitudeDegrees>43.2138244</LatitudeDegrees>
<LongitudeDegrees>117.8859297</LongitudeDegrees>
</Position>
<AltitudeMeters>908.2</AltitudeMeters>
<DistanceMeters>65094.7</DistanceMeters>
<Extensions>
<ns3:TPX>
<ns3:Speed>5.179</ns3:Speed>
</ns3:TPX>
</Extensions>
</Trackpoint>
<Trackpoint>
<Time>2026-09-03T07:22:05Z</Time>
<Position>
<LatitudeDegrees>43.2138334</LatitudeDegrees>
<LongitudeDegrees>117.8861986</LongitudeDegrees>
</Position>
<AltitudeMeters>907.8</AltitudeMeters>
<DistanceMeters>65116.6</DistanceMeters>
<Extensions>
<ns3:TPX>
<ns3:Speed>4.98</ns3:Speed>
</ns3:TPX>
</Extensions>
</Trackpoint>
<Trackpoint>
<Time>2026-09-03T07:22:09Z</Time>
<Position>
<LatitudeDegrees>43.2137566</LatitudeDegrees>
<LongitudeDegrees>117.8864325</LongitudeDegrees>
</Position>
<AltitudeMeters>906.8</AltitudeMeters>
<DistanceMeters>65137.4</DistanceMeters>
<Extensions>
<ns3:TPX>
<ns3:Speed>5.298</ns3:Speed>
</ns3:TPX>
</Extensions>
</Trackpoint>
<Trackpoint>
<Time>2026-09-03T07:22:17Z</Time>
<Position>
<LatitudeDegrees>43.2136137</LatitudeDegrees>
<LongitudeDegrees>117.8868189</LongitudeDegrees>
</Position>
<AltitudeMeters>906.0</AltitudeMeters>
<DistanceMeters>65170.4</DistanceMeters>
<Extensions>
<ns3:TPX>
<ns3:Speed>0.0</ns3:Speed>
</ns3:TPX>
</Extensions>
</Trackpoint>
<Trackpoint>
<Time>2026-09-03T07:22:19Z</Time>
<Position>
<LatitudeDegrees>43.2136103</LatitudeDegrees>
<LongitudeDegrees>117.8868258</LongitudeDegrees>
</Position>
<AltitudeMeters>906.0</AltitudeMeters>
<DistanceMeters>65170.4</DistanceMeters>
<Extensions>
<ns3:TPX>
<ns3:Speed>0.0</ns3:Speed>
</ns3:TPX>
</Extensions>
</Trackpoint>
<Trackpoint>
<Time>2026-09-03T07:23:28Z</Time>
<Position>
<LatitudeDegrees>43.2136100</LatitudeDegrees>
<LongitudeDegrees>117.8868613</LongitudeDegrees>
</Position>
<AltitudeMeters>906.0</AltitudeMeters>
<DistanceMeters>65170.4</DistanceMeters>
<Extensions>
<ns3:TPX>
<ns3:Speed>0.0</ns3:Speed>
</ns3:TPX>
</Extensions>
</Trackpoint>
<Trackpoint>
<Time>2026-09-03T07:24:07Z</Time>
<Position>
<LatitudeDegrees>43.2135379</LatitudeDegrees>
<LongitudeDegrees>117.8873206</LongitudeDegrees>
</Position>
<AltitudeMeters>905.0</AltitudeMeters>
<DistanceMeters>65208.5</DistanceMeters>
<Extensions>
<ns3:TPX>
<ns3:Speed>4.498</ns3:Speed>
</ns3:TPX>
</Extensions>
</Trackpoint>
<Trackpoint>
<Time>2026-09-03T07:24:15Z</Time>
<Position>
<LatitudeDegrees>43.2134558</LatitudeDegrees>
<LongitudeDegrees>117.8878136</LongitudeDegrees>
</Position>
<AltitudeMeters>903.8</AltitudeMeters>
<DistanceMeters>65249.4</DistanceMeters>
<Extensions>
<ns3:TPX>
<ns3:Speed>5.515</ns3:Speed>
</ns3:TPX>
</Extensions>
</Trackpoint>
<Trackpoint>
<Time>2026-09-03T07:24:23Z</Time>
<Position>
<LatitudeDegrees>43.2133699</LatitudeDegrees>
<LongitudeDegrees>117.8883816</LongitudeDegrees>
</Position>
<AltitudeMeters>903.4</AltitudeMeters>
<DistanceMeters>65296.4</DistanceMeters>
<Extensions>
<ns3:TPX>
<ns3:Speed>6.032</ns3:Speed>
</ns3:TPX>
</Extensions>
</Trackpoint>
<Trackpoint>
<Time>2026-09-03T07:24:31Z</Time>
<Position>
<LatitudeDegrees>43.2133219</LatitudeDegrees>
<LongitudeDegrees>117.8889894</LongitudeDegrees>
</Position>
<AltitudeMeters>902.8</AltitudeMeters>
<DistanceMeters>65345.9</DistanceMeters>
<Extensions>
<ns3:TPX>
<ns3:Speed>6.592</ns3:Speed>
</ns3:TPX>
</Extensions>
</Trackpoint>
<Trackpoint>
<Time>2026-09-03T07:24:39Z</Time>
<Position>
<LatitudeDegrees>43.2132975</LatitudeDegrees>
<LongitudeDegrees>117.8896486</LongitudeDegrees>
</Position>
<AltitudeMeters>902.4</AltitudeMeters>
<DistanceMeters>65399.3</DistanceMeters>
<Extensions>
<ns3:TPX>
<ns3:Speed>6.573</ns3:Speed>
</ns3:TPX>
</Extensions>
</Trackpoint>
<Trackpoint>
<Time>2026-09-03T07:24:47Z</Time>
<Position>
<LatitudeDegrees>43.2133154</LatitudeDegrees>
<LongitudeDegrees>117.8902909</LongitudeDegrees>
</Position>
<AltitudeMeters>902.0</AltitudeMeters>
<DistanceMeters>65451.3</DistanceMeters>
<Extensions>
<ns3:TPX>
<ns3:Speed>6.289</ns3:Speed>
</ns3:TPX>
</Extensions>
</Trackpoint>
<Trackpoint>
<Time>2026-09-03T07:24:55Z</Time>
<Position>
<LatitudeDegrees>43.2133574</LatitudeDegrees>
<LongitudeDegrees>117.8909102</LongitudeDegrees>
</Position>
<AltitudeMeters>902.0</AltitudeMeters>
<DistanceMeters>65501.6</DistanceMeters>
<Extensions>
<ns3:TPX>
<ns3:Speed>6.025</ns3:Speed>
</ns3:TPX>
</Extensions>
</Trackpoint>
<Trackpoint>
<Time>2026-09-03T07:25:03Z</Time>
<Position>
<LatitudeDegrees>43.2134095</LatitudeDegrees>
<LongitudeDegrees>117.8914962</LongitudeDegrees>
</Position>
<AltitudeMeters>902.6</AltitudeMeters>
<DistanceMeters>65549.4</DistanceMeters>
<Extensions>
<ns3:TPX>
<ns3:Speed>6.003</ns3:Speed>
</ns3:TPX>
</Extensions>
</Trackpoint>
<Trackpoint>
<Time>2026-09-03T07:25:11Z</Time>
<Position>
<LatitudeDegrees>43.2134673</LatitudeDegrees>
<LongitudeDegrees>117.8920687</LongitudeDegrees>
</Position>
<AltitudeMeters>902.6</AltitudeMeters>
<DistanceMeters>65596.1</DistanceMeters>
<Extensions>
<ns3:TPX>
<ns3:Speed>5.475</ns3:Speed>
</ns3:TPX>
</Extensions>
</Trackpoint>
<Trackpoint>
<Time>2026-09-03T07:25:19Z</Time>
<Position>
<LatitudeDegrees>43.2135189</LatitudeDegrees>
<LongitudeDegrees>117.8925968</LongitudeDegrees>
</Position>
<AltitudeMeters>902.6</AltitudeMeters>
<DistanceMeters>65639.2</DistanceMeters>
<Extensions>
<ns3:TPX>
<ns3:Speed>5.482</ns3:Speed>
</ns3:TPX>
</Extensions>
</Trackpoint>
<Trackpoint>
<Time>2026-09-03T07:25:27Z</Time>
<Position>
<LatitudeDegrees>43.2135687</LatitudeDegrees>
<LongitudeDegrees>117.8931010</LongitudeDegrees>
</Position>
<AltitudeMeters>902.8</AltitudeMeters>
<DistanceMeters>65680.4</DistanceMeters>
<Extensions>
<ns3:TPX>
<ns3:Speed>4.677</ns3:Speed>
</ns3:TPX>
</Extensions>
</Trackpoint>
<Trackpoint>
<Time>2026-09-03T07:25:36Z</Time>
<Position>
<LatitudeDegrees>43.2136081</LatitudeDegrees>
<LongitudeDegrees>117.8935740</LongitudeDegrees>
</Position>
<AltitudeMeters>903.0</AltitudeMeters>
<DistanceMeters>65718.9</DistanceMeters>
<Extensions>
<ns3:TPX>
<ns3:Speed>4.913</ns3:Speed>
</ns3:TPX>
</Extensions>
</Trackpoint>
<Trackpoint>
<Time>2026-09-03T07:25:44Z</Time>
<Position>
<LatitudeDegrees>43.2136562</LatitudeDegrees>
<LongitudeDegrees>117.8940700</LongitudeDegrees>
</Position>
<AltitudeMeters>903.2</AltitudeMeters>
<DistanceMeters>65759.4</DistanceMeters>
<Extensions>
<ns3:TPX>
<ns3:Speed>5.304</ns3:Speed>
</ns3:TPX>
</Extensions>
</Trackpoint>
<Trackpoint>
<Time>2026-09-03T07:25:52Z</Time>
<Position>
<LatitudeDegrees>43.2137026</LatitudeDegrees>
<LongitudeDegrees>117.8945914</LongitudeDegrees>
</Position>
<AltitudeMeters>903.4</AltitudeMeters>
<DistanceMeters>65801.9</DistanceMeters>
<Extensions>
<ns3:TPX>
<ns3:Speed>5.199</ns3:Speed>
</ns3:TPX>
</Extensions>
</Trackpoint>
<Trackpoint>
<Time>2026-09-03T07:26:00Z</Time>
<Position>
<LatitudeDegrees>43.2137631</LatitudeDegrees>
<LongitudeDegrees>117.8951245</LongitudeDegrees>
</Position>
<AltitudeMeters>903.8</AltitudeMeters>
<DistanceMeters>65845.5</DistanceMeters>
<Extensions>
<ns3:TPX>
<ns3:Speed>5.343</ns3:Speed>
</ns3:TPX>
</Extensions>
</Trackpoint>
<Trackpoint>
<Time>2026-09-03T07:26:08Z</Time>
<Position>
<LatitudeDegrees>43.2138114</LatitudeDegrees>
<LongitudeDegrees>117.8956253</LongitudeDegrees>
</Position>
<AltitudeMeters>904.0</AltitudeMeters>
<DistanceMeters>65886.4</DistanceMeters>
<Extensions>
<ns3:TPX>
<ns3:Speed>4.985</ns3:Speed>
</ns3:TPX>
</Extensions>
</Trackpoint>
<Trackpoint>
<Time>2026-09-03T07:26:16Z</Time>
<Position>
<LatitudeDegrees>43.2138701</LatitudeDegrees>
<LongitudeDegrees>117.8961906</LongitudeDegrees>
</Position>
<AltitudeMeters>904.2</AltitudeMeters>
<DistanceMeters>65932.6</DistanceMeters>
<Extensions>
<ns3:TPX>
<ns3:Speed>4.772</ns3:Speed>
</ns3:TPX>
</Extensions>
</Trackpoint>
<Trackpoint>
<Time>2026-09-03T07:26:24Z</Time>
<Position>
<LatitudeDegrees>43.2139174</LatitudeDegrees>
<LongitudeDegrees>117.8966586</LongitudeDegrees>
</Position>
<AltitudeMeters>904.2</AltitudeMeters>
<DistanceMeters>65970.8</DistanceMeters>
<Extensions>
<ns3:TPX>
<ns3:Speed>4.98</ns3:Speed>
</ns3:TPX>
</Extensions>
</Trackpoint>
<Trackpoint>
<Time>2026-09-03T07:26:32Z</Time>
<Position>
<LatitudeDegrees>43.2139621</LatitudeDegrees>
<LongitudeDegrees>117.8971463</LongitudeDegrees>
</Position>
<AltitudeMeters>904.6</AltitudeMeters>
<DistanceMeters>66010.6</DistanceMeters>
<Extensions>
<ns3:TPX>
<ns3:Speed>4.816</ns3:Speed>
</ns3:TPX>
</Extensions>
</Trackpoint>
<Trackpoint>
<Time>2026-09-03T07:26:40Z</Time>
<Position>
<LatitudeDegrees>43.2139973</LatitudeDegrees>
<LongitudeDegrees>117.8976066</LongitudeDegrees>
</Position>
<AltitudeMeters>904.6</AltitudeMeters>
<DistanceMeters>66048.0</DistanceMeters>
<Extensions>
<ns3:TPX>
<ns3:Speed>4.992</ns3:Speed>
</ns3:TPX>
</Extensions>
</Trackpoint>
<Trackpoint>
<Time>2026-09-03T07:26:48Z</Time>
<Position>
<LatitudeDegrees>43.2140418</LatitudeDegrees>
<LongitudeDegrees>117.8980818</LongitudeDegrees>
</Position>
<AltitudeMeters>904.8</AltitudeMeters>
<DistanceMeters>66086.8</DistanceMeters>
<Extensions>
<ns3:TPX>
<ns3:Speed>4.513</ns3:Speed>
</ns3:TPX>
</Extensions>
</Trackpoint>
<Trackpoint>
<Time>2026-09-03T07:26:56Z</Time>
<Position>
<LatitudeDegrees>43.2140812</LatitudeDegrees>
<LongitudeDegrees>117.8985120</LongitudeDegrees>
</Position>
<AltitudeMeters>905.2</AltitudeMeters>
<DistanceMeters>66121.9</DistanceMeters>
<Extensions>
<ns3:TPX>
<ns3:Speed>4.609</ns3:Speed>
</ns3:TPX>
</Extensions>
</Trackpoint>
<Trackpoint>
<Time>2026-09-03T07:27:04Z</Time>
<Position>
<LatitudeDegrees>43.2141249</LatitudeDegrees>
<LongitudeDegrees>117.8989811</LongitudeDegrees>
</Position>
<AltitudeMeters>905.2</AltitudeMeters>
<DistanceMeters>66160.1</DistanceMeters>
<Extensions>
<ns3:TPX>
<ns3:Speed>4.978</ns3:Speed>
</ns3:TPX>
</Extensions>
</Trackpoint>
<Trackpoint>
<Time>2026-09-03T07:27:12Z</Time>
<Position>
<LatitudeDegrees>43.2141704</LatitudeDegrees>
<LongitudeDegrees>117.8994559</LongitudeDegrees>
</Position>
<AltitudeMeters>905.2</AltitudeMeters>
<DistanceMeters>66198.9</DistanceMeters>
<Extensions>
<ns3:TPX>
<ns3:Speed>4.916</ns3:Speed>
</ns3:TPX>
</Extensions>
</Trackpoint>
<Trackpoint>
<Time>2026-09-03T07:27:20Z</Time>
<Position>
<LatitudeDegrees>43.2142172</LatitudeDegrees>
<LongitudeDegrees>117.8999097</LongitudeDegrees>
</Position>
<AltitudeMeters>905.4</AltitudeMeters>
<DistanceMeters>66236.0</DistanceMeters>
<Extensions>
<ns3:TPX>
<ns3:Speed>4.233</ns3:Speed>
</ns3:TPX>
</Extensions>
</Trackpoint>
<Trackpoint>
<Time>2026-09-03T07:27:28Z</Time>
<Position>
<LatitudeDegrees>43.2142679</LatitudeDegrees>
<LongitudeDegrees>117.9003326</LongitudeDegrees>
</Position>
<AltitudeMeters>905.8</AltitudeMeters>
<DistanceMeters>66270.6</DistanceMeters>
<Extensions>
<ns3:TPX>
<ns3:Speed>4.538</ns3:Speed>
</ns3:TPX>
</Extensions>
</Trackpoint>
<Trackpoint>
<Time>2026-09-03T07:27:36Z</Time>
<Position>
<LatitudeDegrees>43.2143303</LatitudeDegrees>
<LongitudeDegrees>117.9007631</LongitudeDegrees>
</Position>
<AltitudeMeters>906.0</AltitudeMeters>
<DistanceMeters>66306.1</DistanceMeters>
<Extensions>
<ns3:TPX>
<ns3:Speed>4.44</ns3:Speed>
</ns3:TPX>
</Extensions>
</Trackpoint>
<Trackpoint>
<Time>2026-09-03T07:27:44Z</Time>
<Position>
<LatitudeDegrees>43.2144079</LatitudeDegrees>
<LongitudeDegrees>117.9012043</LongitudeDegrees>
</Position>
<AltitudeMeters>906.0</AltitudeMeters>
<DistanceMeters>66342.9</DistanceMeters>
<Extensions>
<ns3:TPX>
<ns3:Speed>4.762</ns3:Speed>
</ns3:TPX>
</Extensions>
</Trackpoint>
<Trackpoint>
<Time>2026-09-03T07:27:52Z</Time>
<Position>
<LatitudeDegrees>43.2145060</LatitudeDegrees>
<LongitudeDegrees>117.9016763</LongitudeDegrees>
</Position>
<AltitudeMeters>906.0</AltitudeMeters>
<DistanceMeters>66382.6</DistanceMeters>
<Extensions>
<ns3:TPX>
<ns3:Speed>5.319</ns3:Speed>
</ns3:TPX>
</Extensions>
</Trackpoint>
<Trackpoint>
<Time>2026-09-03T07:28:01Z</Time>
<Position>
<LatitudeDegrees>43.2146255</LatitudeDegrees>
<LongitudeDegrees>117.9021577</LongitudeDegrees>
</Position>
<AltitudeMeters>906.0</AltitudeMeters>
<DistanceMeters>66423.7</DistanceMeters>
<Extensions>
<ns3:TPX>
<ns3:Speed>4.878</ns3:Speed>
</ns3:TPX>
</Extensions>
</Trackpoint>
<Trackpoint>
<Time>2026-09-03T07:28:09Z</Time>
<Position>
<LatitudeDegrees>43.2147529</LatitudeDegrees>
<LongitudeDegrees>117.9026091</LongitudeDegrees>
</Position>
<AltitudeMeters>906.0</AltitudeMeters>
<DistanceMeters>66462.9</DistanceMeters>
<Extensions>
<ns3:TPX>
<ns3:Speed>5.167</ns3:Speed>
</ns3:TPX>
</Extensions>
</Trackpoint>
<Trackpoint>
<Time>2026-09-03T07:28:17Z</Time>
<Position>
<LatitudeDegrees>43.2149012</LatitudeDegrees>
<LongitudeDegrees>117.9030736</LongitudeDegrees>
</Position>
<AltitudeMeters>905.6</AltitudeMeters>
<DistanceMeters>66503.9</DistanceMeters>
<Extensions>
<ns3:TPX>
<ns3:Speed>5.251</ns3:Speed>
</ns3:TPX>
</Extensions>
</Trackpoint>
<Trackpoint>
<Time>2026-09-03T07:28:25Z</Time>
<Position>
<LatitudeDegrees>43.2150707</LatitudeDegrees>
<LongitudeDegrees>117.9035468</LongitudeDegrees>
</Position>
<AltitudeMeters>905.4</AltitudeMeters>
<DistanceMeters>66546.6</DistanceMeters>
<Extensions>
<ns3:TPX>
<ns3:Speed>5.34</ns3:Speed>
</ns3:TPX>
</Extensions>
</Trackpoint>
<Trackpoint>
<Time>2026-09-03T07:28:33Z</Time>
<Position>
<LatitudeDegrees>43.2152601</LatitudeDegrees>
<LongitudeDegrees>117.9040145</LongitudeDegrees>
</Position>
<AltitudeMeters>904.8</AltitudeMeters>
<DistanceMeters>66589.9</DistanceMeters>
<Extensions>
<ns3:TPX>
<ns3:Speed>5.424</ns3:Speed>
</ns3:TPX>
</Extensions>
</Trackpoint>
<Trackpoint>
<Time>2026-09-03T07:28:41Z</Time>
<Position>
<LatitudeDegrees>43.2154818</LatitudeDegrees>
<LongitudeDegrees>117.9045308</LongitudeDegrees>
</Position>
<AltitudeMeters>904.6</AltitudeMeters>
<DistanceMeters>66638.4</DistanceMeters>
<Extensions>
<ns3:TPX>
<ns3:Speed>5.249</ns3:Speed>
</ns3:TPX>
</Extensions>
</Trackpoint>
<Trackpoint>
<Time>2026-09-03T07:28:49Z</Time>
<Position>
<LatitudeDegrees>43.2156667</LatitudeDegrees>
<LongitudeDegrees>117.9049700</LongitudeDegrees>
</Position>
<AltitudeMeters>904.2</AltitudeMeters>
<DistanceMeters>66679.4</DistanceMeters>
<Extensions>
<ns3:TPX>
<ns3:Speed>5.249</ns3:Speed>
</ns3:TPX>
</Extensions>
</Trackpoint>
<Trackpoint>
<Time>2026-09-03T07:28:57Z</Time>
<Position>
<LatitudeDegrees>43.2158645</LatitudeDegrees>
<LongitudeDegrees>117.9054220</LongitudeDegrees>
</Position>
<AltitudeMeters>904.0</AltitudeMeters>
<DistanceMeters>66722.1</DistanceMeters>
<Extensions>
<ns3:TPX>
<ns3:Speed>5.34</ns3:Speed>
</ns3:TPX>
</Extensions>
</Trackpoint>
<Trackpoint>
<Time>2026-09-03T07:29:05Z</Time>
<Position>
<LatitudeDegrees>43.2160616</LatitudeDegrees>
<LongitudeDegrees>117.9058713</LongitudeDegrees>
</Position>
<AltitudeMeters>903.4</AltitudeMeters>
<DistanceMeters>66764.5</DistanceMeters>
<Extensions>
<ns3:TPX>
<ns3:Speed>5.456</ns3:Speed>
</ns3:TPX>
</Extensions>
</Trackpoint>
<Trackpoint>
<Time>2026-09-03T07:29:13Z</Time>
<Position>
<LatitudeDegrees>43.2162711</LatitudeDegrees>
<LongitudeDegrees>117.9063462</LongitudeDegrees>
</Position>
<AltitudeMeters>903.0</AltitudeMeters>
<DistanceMeters>66809.4</DistanceMeters>
<Extensions>
<ns3:TPX>
<ns3:Speed>5.839</ns3:Speed>
</ns3:TPX>
</Extensions>
</Trackpoint>
<Trackpoint>
<Time>2026-09-03T07:29:21Z</Time>
<Position>
<LatitudeDegrees>43.2165014</LatitudeDegrees>
<LongitudeDegrees>117.9068630</LongitudeDegrees>
</Position>
<AltitudeMeters>903.0</AltitudeMeters>
<DistanceMeters>66858.4</DistanceMeters>
<Extensions>
<ns3:TPX>
<ns3:Speed>6.185</ns3:Speed>
</ns3:TPX>
</Extensions>
</Trackpoint>
<Trackpoint>
<Time>2026-09-03T07:29:29Z</Time>
<Position>
<LatitudeDegrees>43.2167278</LatitudeDegrees>
<LongitudeDegrees>117.9073848</LongitudeDegrees>
</Position>
<AltitudeMeters>902.8</AltitudeMeters>
<DistanceMeters>66907.5</DistanceMeters>
<Extensions>
<ns3:TPX>
<ns3:Speed>6.067</ns3:Speed>
</ns3:TPX>
</Extensions>
</Trackpoint>
<Trackpoint>
<Time>2026-09-03T07:29:37Z</Time>
<Position>
<LatitudeDegrees>43.2169498</LatitudeDegrees>
<LongitudeDegrees>117.9078973</LongitudeDegrees>
</Position>
<AltitudeMeters>902.2</AltitudeMeters>
<DistanceMeters>66955.8</DistanceMeters>
<Extensions>
<ns3:TPX>
<ns3:Speed>6.12</ns3:Speed>
</ns3:TPX>
</Extensions>
</Trackpoint>
<Trackpoint>
<Time>2026-09-03T07:29:45Z</Time>
<Position>
<LatitudeDegrees>43.2171881</LatitudeDegrees>
<LongitudeDegrees>117.9084367</LongitudeDegrees>
</Position>
<AltitudeMeters>902.0</AltitudeMeters>
<DistanceMeters>67006.8</DistanceMeters>
<Extensions>
<ns3:TPX>
<ns3:Speed>6.377</ns3:Speed>
</ns3:TPX>
</Extensions>
</Trackpoint>
<Trackpoint>
<Time>2026-09-03T07:29:53Z</Time>
<Position>
<LatitudeDegrees>43.2174202</LatitudeDegrees>
<LongitudeDegrees>117.9089728</LongitudeDegrees>
</Position>
<AltitudeMeters>901.4</AltitudeMeters>
<DistanceMeters>67057.2</DistanceMeters>
<Extensions>
<ns3:TPX>
<ns3:Speed>6.253</ns3:Speed>
</ns3:TPX>
</Extensions>
</Trackpoint>
<Trackpoint>
<Time>2026-09-03T07:30:01Z</Time>
<Position>
<LatitudeDegrees>43.2176488</LatitudeDegrees>
<LongitudeDegrees>117.9094928</LongitudeDegrees>
</Position>
<AltitudeMeters>901.0</AltitudeMeters>
<DistanceMeters>67106.4</DistanceMeters>
<Extensions>
<ns3:TPX>
<ns3:Speed>6.035</ns3:Speed>
</ns3:TPX>
</Extensions>
</Trackpoint>
<Trackpoint>
<Time>2026-09-03T07:30:09Z</Time>
<Position>
<LatitudeDegrees>43.2178680</LatitudeDegrees>
<LongitudeDegrees>117.9099959</LongitudeDegrees>
</Position>
<AltitudeMeters>900.4</AltitudeMeters>
<DistanceMeters>67153.8</DistanceMeters>
<Extensions>
<ns3:TPX>
<ns3:Speed>5.923</ns3:Speed>
</ns3:TPX>
</Extensions>
</Trackpoint>
<Trackpoint>
<Time>2026-09-03T07:30:17Z</Time>
<Position>
<LatitudeDegrees>43.2180808</LatitudeDegrees>
<LongitudeDegrees>117.9105173</LongitudeDegrees>
</Position>
<AltitudeMeters>899.8</AltitudeMeters>
<DistanceMeters>67202.1</DistanceMeters>
<Extensions>
<ns3:TPX>
<ns3:Speed>6.339</ns3:Speed>
</ns3:TPX>
</Extensions>
</Trackpoint>
<Trackpoint>
<Time>2026-09-03T07:30:26Z</Time>
<Position>
<LatitudeDegrees>43.2182964</LatitudeDegrees>
<LongitudeDegrees>117.9110834</LongitudeDegrees>
</Position>
<AltitudeMeters>899.6</AltitudeMeters>
<DistanceMeters>67253.8</DistanceMeters>
<Extensions>
<ns3:TPX>
<ns3:Speed>6.588</ns3:Speed>
</ns3:TPX>
</Extensions>
</Trackpoint>
<Trackpoint>
<Time>2026-09-03T07:30:34Z</Time>
<Position>
<LatitudeDegrees>43.2185011</LatitudeDegrees>
<LongitudeDegrees>117.9116735</LongitudeDegrees>
</Position>
<AltitudeMeters>899.0</AltitudeMeters>
<DistanceMeters>67306.6</DistanceMeters>
<Extensions>
<ns3:TPX>
<ns3:Speed>6.63</ns3:Speed>
</ns3:TPX>
</Extensions>
</Trackpoint>
<Trackpoint>
<Time>2026-09-03T07:30:42Z</Time>
<Position>
<LatitudeDegrees>43.2186940</LatitudeDegrees>
<LongitudeDegrees>117.9122732</LongitudeDegrees>
</Position>
<AltitudeMeters>898.6</AltitudeMeters>
<DistanceMeters>67359.7</DistanceMeters>
<Extensions>
<ns3:TPX>
<ns3:Speed>6.517</ns3:Speed>
</ns3:TPX>
</Extensions>
</Trackpoint>
<Trackpoint>
<Time>2026-09-03T07:30:50Z</Time>
<Position>
<LatitudeDegrees>43.2188647</LatitudeDegrees>
<LongitudeDegrees>117.9128599</LongitudeDegrees>
</Position>
<AltitudeMeters>898.4</AltitudeMeters>
<DistanceMeters>67410.8</DistanceMeters>
<Extensions>
<ns3:TPX>
<ns3:Speed>6.655</ns3:Speed>
</ns3:TPX>
</Extensions>
</Trackpoint>
<Trackpoint>
<Time>2026-09-03T07:30:58Z</Time>
<Position>
<LatitudeDegrees>43.2190259</LatitudeDegrees>
<LongitudeDegrees>117.9134532</LongitudeDegrees>
</Position>
<AltitudeMeters>898.2</AltitudeMeters>
<DistanceMeters>67462.0</DistanceMeters>
<Extensions>
<ns3:TPX>
<ns3:Speed>6.09</ns3:Speed>
</ns3:TPX>
</Extensions>
</Trackpoint>
<Trackpoint>
<Time>2026-09-03T07:31:06Z</Time>
<Position>
<LatitudeDegrees>43.2191653</LatitudeDegrees>
<LongitudeDegrees>117.9140431</LongitudeDegrees>
</Position>
<AltitudeMeters>898.2</AltitudeMeters>
<DistanceMeters>67512.2</DistanceMeters>
<Extensions>
<ns3:TPX>
<ns3:Speed>5.161</ns3:Speed>
</ns3:TPX>
</Extensions>
</Trackpoint>
<Trackpoint>
<Time>2026-09-03T07:31:14Z</Time>
<Position>
<LatitudeDegrees>43.2192647</LatitudeDegrees>
<LongitudeDegrees>117.9145062</LongitudeDegrees>
</Position>
<AltitudeMeters>898.6</AltitudeMeters>
<DistanceMeters>67551.3</DistanceMeters>
<Extensions>
<ns3:TPX>
<ns3:Speed>4.418</ns3:Speed>
</ns3:TPX>
</Extensions>
</Trackpoint>
<Trackpoint>
<Time>2026-09-03T07:31:22Z</Time>
<Position>
<LatitudeDegrees>43.2193469</LatitudeDegrees>
<LongitudeDegrees>117.9149384</LongitudeDegrees>
</Position>
<AltitudeMeters>898.8</AltitudeMeters>
<DistanceMeters>67587.4</DistanceMeters>
<Extensions>
<ns3:TPX>
<ns3:Speed>4.66</ns3:Speed>
</ns3:TPX>
</Extensions>
</Trackpoint>
<Trackpoint>
<Time>2026-09-03T07:31:30Z</Time>
<Position>
<LatitudeDegrees>43.2194285</LatitudeDegrees>
<LongitudeDegrees>117.9153823</LongitudeDegrees>
</Position>
<AltitudeMeters>899.4</AltitudeMeters>
<DistanceMeters>67624.5</DistanceMeters>
<Extensions>
<ns3:TPX>
<ns3:Speed>4.587</ns3:Speed>
</ns3:TPX>
</Extensions>
</Trackpoint>
<Trackpoint>
<Time>2026-09-03T07:31:38Z</Time>
<Position>
<LatitudeDegrees>43.2195041</LatitudeDegrees>
<LongitudeDegrees>117.9157908</LongitudeDegrees>
</Position>
<AltitudeMeters>899.8</AltitudeMeters>
<DistanceMeters>67658.5</DistanceMeters>
<Extensions>
<ns3:TPX>
<ns3:Speed>4.253</ns3:Speed>
</ns3:TPX>
</Extensions>
</Trackpoint>
<Trackpoint>
<Time>2026-09-03T07:31:46Z</Time>
<Position>
<LatitudeDegrees>43.2195713</LatitudeDegrees>
<LongitudeDegrees>117.9161421</LongitudeDegrees>
</Position>
<AltitudeMeters>900.2</AltitudeMeters>
<DistanceMeters>67687.9</DistanceMeters>
<Extensions>
<ns3:TPX>
<ns3:Speed>3.557</ns3:Speed>
</ns3:TPX>
</Extensions>
</Trackpoint>
<Trackpoint>
<Time>2026-09-03T07:31:54Z</Time>
<Position>
<LatitudeDegrees>43.2196425</LatitudeDegrees>
<LongitudeDegrees>117.9165087</LongitudeDegrees>
</Position>
<AltitudeMeters>900.4</AltitudeMeters>
<DistanceMeters>67718.6</DistanceMeters>
<Extensions>
<ns3:TPX>
<ns3:Speed>4.04</ns3:Speed>
</ns3:TPX>
</Extensions>
</Trackpoint>
<Trackpoint>
<Time>2026-09-03T07:32:02Z</Time>
<Position>
<LatitudeDegrees>43.2197105</LatitudeDegrees>
<LongitudeDegrees>117.9168949</LongitudeDegrees>
</Position>
<AltitudeMeters>900.6</AltitudeMeters>
<DistanceMeters>67750.8</DistanceMeters>
<Extensions>
<ns3:TPX>
<ns3:Speed>4.007</ns3:Speed>
</ns3:TPX>
</Extensions>
</Trackpoint>
<Trackpoint>
<Time>2026-09-03T07:32:10Z</Time>
<Position>
<LatitudeDegrees>43.2197805</LatitudeDegrees>
<LongitudeDegrees>117.9172874</LongitudeDegrees>
</Position>
<AltitudeMeters>901.0</AltitudeMeters>
<DistanceMeters>67783.5</DistanceMeters>
<Extensions>
<ns3:TPX>
<ns3:Speed>4.175</ns3:Speed>
</ns3:TPX>
</Extensions>
</Trackpoint>
<Trackpoint>
<Time>2026-09-03T07:32:18Z</Time>
<Position>
<LatitudeDegrees>43.2198572</LatitudeDegrees>
<LongitudeDegrees>117.9176928</LongitudeDegrees>
</Position>
<AltitudeMeters>901.4</AltitudeMeters>
<DistanceMeters>67817.3</DistanceMeters>
<Extensions>
<ns3:TPX>
<ns3:Speed>4.304</ns3:Speed>
</ns3:TPX>
</Extensions>
</Trackpoint>
<Trackpoint>
<Time>2026-09-03T07:32:26Z</Time>
<Position>
<LatitudeDegrees>43.2199259</LatitudeDegrees>
<LongitudeDegrees>117.9180712</LongitudeDegrees>
</Position>
<AltitudeMeters>901.8</AltitudeMeters>
<DistanceMeters>67848.9</DistanceMeters>
<Extensions>
<ns3:TPX>
<ns3:Speed>3.851</ns3:Speed>
</ns3:TPX>
</Extensions>
</Trackpoint>
<Trackpoint>
<Time>2026-09-03T07:32:34Z</Time>
<Position>
<LatitudeDegrees>43.2199949</LatitudeDegrees>
<LongitudeDegrees>117.9184484</LongitudeDegrees>
</Position>
<AltitudeMeters>902.2</AltitudeMeters>
<DistanceMeters>67880.3</DistanceMeters>
<Extensions>
<ns3:TPX>
<ns3:Speed>3.999</ns3:Speed>
</ns3:TPX>
</Extensions>
</Trackpoint>
<Trackpoint>
<Time>2026-09-03T07:32:43Z</Time>
<Position>
<LatitudeDegrees>43.2200520</LatitudeDegrees>
<LongitudeDegrees>117.9187826</LongitudeDegrees>
</Position>
<AltitudeMeters>902.4</AltitudeMeters>
<DistanceMeters>67908.1</DistanceMeters>
<Extensions>
<ns3:TPX>
<ns3:Speed>3.303</ns3:Speed>
</ns3:TPX>
</Extensions>
</Trackpoint>
<Trackpoint>
<Time>2026-09-03T07:32:51Z</Time>
<Position>
<LatitudeDegrees>43.2201115</LatitudeDegrees>
<LongitudeDegrees>117.9190919</LongitudeDegrees>
</Position>
<AltitudeMeters>902.8</AltitudeMeters>
<DistanceMeters>67934.0</DistanceMeters>
<Extensions>
<ns3:TPX>
<ns3:Speed>3.346</ns3:Speed>
</ns3:TPX>
</Extensions>
</Trackpoint>
<Trackpoint>
<Time>2026-09-03T07:32:59Z</Time>
<Position>
<LatitudeDegrees>43.2201745</LatitudeDegrees>
<LongitudeDegrees>117.9194411</LongitudeDegrees>
</Position>
<AltitudeMeters>903.0</AltitudeMeters>
<DistanceMeters>67963.1</DistanceMeters>
<Extensions>
<ns3:TPX>
<ns3:Speed>3.839</ns3:Speed>
</ns3:TPX>
</Extensions>
</Trackpoint>
<Trackpoint>
<Time>2026-09-03T07:33:07Z</Time>
<Position>
<LatitudeDegrees>43.2202458</LatitudeDegrees>
<LongitudeDegrees>117.9198215</LongitudeDegrees>
</Position>
<AltitudeMeters>903.6</AltitudeMeters>
<DistanceMeters>67994.9</DistanceMeters>
<Extensions>
<ns3:TPX>
<ns3:Speed>4.096</ns3:Speed>
</ns3:TPX>
</Extensions>
</Trackpoint>
<Trackpoint>
<Time>2026-09-03T07:33:15Z</Time>
<Position>
<LatitudeDegrees>43.2203151</LatitudeDegrees>
<LongitudeDegrees>117.9201951</LongitudeDegrees>
</Position>
<AltitudeMeters>903.8</AltitudeMeters>
<DistanceMeters>68026.0</DistanceMeters>
<Extensions>
<ns3:TPX>
<ns3:Speed>3.758</ns3:Speed>
</ns3:TPX>
</Extensions>
</Trackpoint>
<Trackpoint>
<Time>2026-09-03T07:33:23Z</Time>
<Position>
<LatitudeDegrees>43.2203861</LatitudeDegrees>
<LongitudeDegrees>117.9205811</LongitudeDegrees>
</Position>
<AltitudeMeters>904.2</AltitudeMeters>
<DistanceMeters>68058.3</DistanceMeters>
<Extensions>
<ns3:TPX>
<ns3:Speed>3.598</ns3:Speed>
</ns3:TPX>
</Extensions>
</Trackpoint>
<Trackpoint>
<Time>2026-09-03T07:33:31Z</Time>
<Position>
<LatitudeDegrees>43.2204532</LatitudeDegrees>
<LongitudeDegrees>117.9209537</LongitudeDegrees>
</Position>
<AltitudeMeters>904.6</AltitudeMeters>
<DistanceMeters>68089.3</DistanceMeters>
<Extensions>
<ns3:TPX>
<ns3:Speed>3.436</ns3:Speed>
</ns3:TPX>
</Extensions>
</Trackpoint>
<Trackpoint>
<Time>2026-09-03T07:33:39Z</Time>
<Position>
<LatitudeDegrees>43.2205107</LatitudeDegrees>
<LongitudeDegrees>117.9212215</LongitudeDegrees>
</Position>
<AltitudeMeters>904.8</AltitudeMeters>
<DistanceMeters>68111.9</DistanceMeters>
<Extensions>
<ns3:TPX>
<ns3:Speed>2.804</ns3:Speed>
</ns3:TPX>
</Extensions>
</Trackpoint>
<Trackpoint>
<Time>2026-09-03T07:33:47Z</Time>
<Position>
<LatitudeDegrees>43.2205605</LatitudeDegrees>
<LongitudeDegrees>117.9215346</LongitudeDegrees>
</Position>
<AltitudeMeters>905.0</AltitudeMeters>
<DistanceMeters>68137.8</DistanceMeters>
<Extensions>
<ns3:TPX>
<ns3:Speed>3.583</ns3:Speed>
</ns3:TPX>
</Extensions>
</Trackpoint>
<Trackpoint>
<Time>2026-09-03T07:33:55Z</Time>
<Position>
<LatitudeDegrees>43.2206280</LatitudeDegrees>
<LongitudeDegrees>117.9218925</LongitudeDegrees>
</Position>
<AltitudeMeters>905.4</AltitudeMeters>
<DistanceMeters>68167.7</DistanceMeters>
<Extensions>
<ns3:TPX>
<ns3:Speed>3.897</ns3:Speed>
</ns3:TPX>
</Extensions>
</Trackpoint>
<Trackpoint>
<Time>2026-09-03T07:34:03Z</Time>
<Position>
<LatitudeDegrees>43.2206871</LatitudeDegrees>
<LongitudeDegrees>117.9222346</LongitudeDegrees>
</Position>
<AltitudeMeters>905.6</AltitudeMeters>
<DistanceMeters>68196.2</DistanceMeters>
<Extensions>
<ns3:TPX>
<ns3:Speed>3.536</ns3:Speed>
</ns3:TPX>
</Extensions>
</Trackpoint>
<Trackpoint>
<Time>2026-09-03T07:34:11Z</Time>
<Position>
<LatitudeDegrees>43.2207459</LatitudeDegrees>
<LongitudeDegrees>117.9225687</LongitudeDegrees>
</Position>
<AltitudeMeters>906.0</AltitudeMeters>
<DistanceMeters>68224.0</DistanceMeters>
<Extensions>
<ns3:TPX>
<ns3:Speed>3.511</ns3:Speed>
</ns3:TPX>
</Extensions>
</Trackpoint>
<Trackpoint>
<Time>2026-09-03T07:34:19Z</Time>
<Position>
<LatitudeDegrees>43.2207863</LatitudeDegrees>
<LongitudeDegrees>117.9229094</LongitudeDegrees>
</Position>
<AltitudeMeters>906.6</AltitudeMeters>
<DistanceMeters>68251.9</DistanceMeters>
<Extensions>
<ns3:TPX>
<ns3:Speed>3.592</ns3:Speed>
</ns3:TPX>
</Extensions>
</Trackpoint>
<Trackpoint>
<Time>2026-09-03T07:34:27Z</Time>
<Position>
<LatitudeDegrees>43.2208462</LatitudeDegrees>
<LongitudeDegrees>117.9232437</LongitudeDegrees>
</Position>
<AltitudeMeters>906.8</AltitudeMeters>
<DistanceMeters>68279.8</DistanceMeters>
<Extensions>
<ns3:TPX>
<ns3:Speed>3.04</ns3:Speed>
</ns3:TPX>
</Extensions>
</Trackpoint>
<Trackpoint>
<Time>2026-09-03T07:34:35Z</Time>
<Position>
<LatitudeDegrees>43.2208882</LatitudeDegrees>
<LongitudeDegrees>117.9235023</LongitudeDegrees>
</Position>
<AltitudeMeters>907.4</AltitudeMeters>
<DistanceMeters>68301.4</DistanceMeters>
<Extensions>
<ns3:TPX>
<ns3:Speed>1.942</ns3:Speed>
</ns3:TPX>
</Extensions>
</Trackpoint>
<Trackpoint>
<Time>2026-09-03T07:34:37Z</Time>
<Position>
<LatitudeDegrees>43.2209060</LatitudeDegrees>
<LongitudeDegrees>117.9234824</LongitudeDegrees>
</Position>
<AltitudeMeters>907.6</AltitudeMeters>
<DistanceMeters>68304.3</DistanceMeters>
<Extensions>
<ns3:TPX>
<ns3:Speed>2.236</ns3:Speed>
</ns3:TPX>
</Extensions>
</Trackpoint>
<Trackpoint>
<Time>2026-09-03T07:34:45Z</Time>
<Position>
<LatitudeDegrees>43.2208413</LatitudeDegrees>
<LongitudeDegrees>117.9233516</LongitudeDegrees>
</Position>
<AltitudeMeters>907.4</AltitudeMeters>
<DistanceMeters>68316.2</DistanceMeters>
<Extensions>
<ns3:TPX>
<ns3:Speed>0.0</ns3:Speed>
</ns3:TPX>
</Extensions>
</Trackpoint>
<Trackpoint>
<Time>2026-09-03T07:34:51Z</Time>
<Position>
<LatitudeDegrees>43.2208873</LatitudeDegrees>
<LongitudeDegrees>117.9233513</LongitudeDegrees>
</Position>
<AltitudeMeters>907.2</AltitudeMeters>
<DistanceMeters>68321.2</DistanceMeters>
<Extensions>
<ns3:TPX>
<ns3:Speed>2.117</ns3:Speed>
</ns3:TPX>
</Extensions>
</Trackpoint>
<Trackpoint>
<Time>2026-09-03T07:34:59Z</Time>
<Position>
<LatitudeDegrees>43.2208647</LatitudeDegrees>
<LongitudeDegrees>117.9236197</LongitudeDegrees>
</Position>
<AltitudeMeters>907.8</AltitudeMeters>
<DistanceMeters>68343.2</DistanceMeters>
<Extensions>
<ns3:TPX>
<ns3:Speed>2.681</ns3:Speed>
</ns3:TPX>
</Extensions>
</Trackpoint>
<Trackpoint>
<Time>2026-09-03T07:35:08Z</Time>
<Position>
<LatitudeDegrees>43.2208806</LatitudeDegrees>
<LongitudeDegrees>117.9238839</LongitudeDegrees>
</Position>
<AltitudeMeters>908.6</AltitudeMeters>
<DistanceMeters>68364.7</DistanceMeters>
<Extensions>
<ns3:TPX>
<ns3:Speed>2.553</ns3:Speed>
</ns3:TPX>
</Extensions>
</Trackpoint>
<Trackpoint>
<Time>2026-09-03T07:35:14Z</Time>
<Position>
<LatitudeDegrees>43.2208837</LatitudeDegrees>
<LongitudeDegrees>117.9240517</LongitudeDegrees>
</Position>
<AltitudeMeters>909.0</AltitudeMeters>
<DistanceMeters>68378.4</DistanceMeters>
<Extensions>
<ns3:TPX>
<ns3:Speed>2.161</ns3:Speed>
</ns3:TPX>
</Extensions>
</Trackpoint>
<Trackpoint>
<Time>2026-09-03T07:35:17Z</Time>
<Position>
<LatitudeDegrees>43.2208366</LatitudeDegrees>
<LongitudeDegrees>117.9240952</LongitudeDegrees>
</Position>
<AltitudeMeters>909.0</AltitudeMeters>
<DistanceMeters>68385.0</DistanceMeters>
<Extensions>
<ns3:TPX>
<ns3:Speed>2.223</ns3:Speed>
</ns3:TPX>
</Extensions>
</Trackpoint>
<Trackpoint>
<Time>2026-09-03T07:35:25Z</Time>
<Position>
<LatitudeDegrees>43.2206993</LatitudeDegrees>
<LongitudeDegrees>117.9240831</LongitudeDegrees>
</Position>
<AltitudeMeters>909.0</AltitudeMeters>
<DistanceMeters>68400.4</DistanceMeters>
<Extensions>
<ns3:TPX>
<ns3:Speed>0.858</ns3:Speed>
</ns3:TPX>
</Extensions>
</Trackpoint>
<Trackpoint>
<Time>2026-09-03T07:35:28Z</Time>
<Position>
<LatitudeDegrees>43.2206898</LatitudeDegrees>
<LongitudeDegrees>117.9240889</LongitudeDegrees>
</Position>
<AltitudeMeters>909.0</AltitudeMeters>
<DistanceMeters>68400.4</DistanceMeters>
<Extensions>
<ns3:TPX>
<ns3:Speed>0.0</ns3:Speed>
</ns3:TPX>
</Extensions>
</Trackpoint>
<Trackpoint>
<Time>2026-09-03T07:35:39Z</Time>
<Position>
<LatitudeDegrees>43.2206170</LatitudeDegrees>
<LongitudeDegrees>117.9241061</LongitudeDegrees>
</Position>
<AltitudeMeters>909.0</AltitudeMeters>
<DistanceMeters>68406.5</DistanceMeters>
<Extensions>
<ns3:TPX>
<ns3:Speed>0.0</ns3:Speed>
</ns3:TPX>
</Extensions>
</Trackpoint>
<Trackpoint>
<Time>2026-09-03T07:38:33Z</Time>
<Position>
<LatitudeDegrees>43.2207157</LatitudeDegrees>
<LongitudeDegrees>117.9240938</LongitudeDegrees>
</Position>
<AltitudeMeters>909.2</AltitudeMeters>
<DistanceMeters>68415.1</DistanceMeters>
<Extensions>
<ns3:TPX>
<ns3:Speed>0.0</ns3:Speed>
</ns3:TPX>
</Extensions>
</Trackpoint>
<Trackpoint>
<Time>2026-09-03T07:39:20Z</Time>
<Position>
<LatitudeDegrees>43.2208372</LatitudeDegrees>
<LongitudeDegrees>117.9241142</LongitudeDegrees>
</Position>
<AltitudeMeters>909.4</AltitudeMeters>
<DistanceMeters>68428.0</DistanceMeters>
<Extensions>
<ns3:TPX>
<ns3:Speed>0.0</ns3:Speed>
</ns3:TPX>
</Extensions>
</Trackpoint>
<Trackpoint>
<Time>2026-09-03T07:39:22Z</Time>
<Position>
<LatitudeDegrees>43.2208484</LatitudeDegrees>
<LongitudeDegrees>117.9241205</LongitudeDegrees>
</Position>
<AltitudeMeters>909.4</AltitudeMeters>
<DistanceMeters>68428.0</DistanceMeters>
<Extensions>
<ns3:TPX>
<ns3:Speed>0.0</ns3:Speed>
</ns3:TPX>
</Extensions>
</Trackpoint>
<Trackpoint>
<Time>2026-09-03T07:42:35Z</Time>
<Position>
<LatitudeDegrees>43.2210238</LatitudeDegrees>
<LongitudeDegrees>117.9243169</LongitudeDegrees>
</Position>
<AltitudeMeters>909.4</AltitudeMeters>
<DistanceMeters>68453.2</DistanceMeters>
<Extensions>
<ns3:TPX>
<ns3:Speed>2.495</ns3:Speed>
</ns3:TPX>
</Extensions>
</Trackpoint>
<Trackpoint>
<Time>2026-09-03T07:42:40Z</Time>
<Position>
<LatitudeDegrees>43.2210748</LatitudeDegrees>
<LongitudeDegrees>117.9244585</LongitudeDegrees>
</Position>
<AltitudeMeters>909.4</AltitudeMeters>
<DistanceMeters>68466.1</DistanceMeters>
<Extensions>
<ns3:TPX>
<ns3:Speed>2.672</ns3:Speed>
</ns3:TPX>
</Extensions>
</Trackpoint>
<Trackpoint>
<Time>2026-09-03T07:42:48Z</Time>
<Position>
<LatitudeDegrees>43.2211168</LatitudeDegrees>
<LongitudeDegrees>117.9247248</LongitudeDegrees>
</Position>
<AltitudeMeters>909.8</AltitudeMeters>
<DistanceMeters>68488.2</DistanceMeters>
<Extensions>
<ns3:TPX>
<ns3:Speed>2.506</ns3:Speed>
</ns3:TPX>
</Extensions>
</Trackpoint>
<Trackpoint>
<Time>2026-09-03T07:42:56Z</Time>
<Position>
<LatitudeDegrees>43.2211687</LatitudeDegrees>
<LongitudeDegrees>117.9250042</LongitudeDegrees>
</Position>
<AltitudeMeters>910.2</AltitudeMeters>
<DistanceMeters>68511.5</DistanceMeters>
<Extensions>
<ns3:TPX>
<ns3:Speed>2.711</ns3:Speed>
</ns3:TPX>
</Extensions>
</Trackpoint>
<Trackpoint>
<Time>2026-09-03T07:43:04Z</Time>
<Position>
<LatitudeDegrees>43.2212194</LatitudeDegrees>
<LongitudeDegrees>117.9252779</LongitudeDegrees>
</Position>
<AltitudeMeters>910.8</AltitudeMeters>
<DistanceMeters>68534.4</DistanceMeters>
<Extensions>
<ns3:TPX>
<ns3:Speed>2.856</ns3:Speed>
</ns3:TPX>
</Extensions>
</Trackpoint>
<Trackpoint>
<Time>2026-09-03T07:43:12Z</Time>
<Position>
<LatitudeDegrees>43.2212766</LatitudeDegrees>
<LongitudeDegrees>117.9255492</LongitudeDegrees>
</Position>
<AltitudeMeters>911.2</AltitudeMeters>
<DistanceMeters>68557.2</DistanceMeters>
<Extensions>
<ns3:TPX>
<ns3:Speed>2.941</ns3:Speed>
</ns3:TPX>
</Extensions>
</Trackpoint>
<Trackpoint>
<Time>2026-09-03T07:43:20Z</Time>
<Position>
<LatitudeDegrees>43.2213418</LatitudeDegrees>
<LongitudeDegrees>117.9258159</LongitudeDegrees>
</Position>
<AltitudeMeters>912.0</AltitudeMeters>
<DistanceMeters>68580.0</DistanceMeters>
<Extensions>
<ns3:TPX>
<ns3:Speed>2.34</ns3:Speed>
</ns3:TPX>
</Extensions>
</Trackpoint>
<Trackpoint>
<Time>2026-09-03T07:43:28Z</Time>
<Position>
<LatitudeDegrees>43.2213840</LatitudeDegrees>
<LongitudeDegrees>117.9260300</LongitudeDegrees>
</Position>
<AltitudeMeters>912.4</AltitudeMeters>
<DistanceMeters>68597.9</DistanceMeters>
<Extensions>
<ns3:TPX>
<ns3:Speed>2.663</ns3:Speed>
</ns3:TPX>
</Extensions>
</Trackpoint>
<Trackpoint>
<Time>2026-09-03T07:43:36Z</Time>
<Position>
<LatitudeDegrees>43.2214226</LatitudeDegrees>
<LongitudeDegrees>117.9262927</LongitudeDegrees>
</Position>
<AltitudeMeters>913.0</AltitudeMeters>
<DistanceMeters>68619.6</DistanceMeters>
<Extensions>
<ns3:TPX>
<ns3:Speed>2.82</ns3:Speed>
</ns3:TPX>
</Extensions>
</Trackpoint>
<Trackpoint>
<Time>2026-09-03T07:43:44Z</Time>
<Position>
<LatitudeDegrees>43.2214628</LatitudeDegrees>
<LongitudeDegrees>117.9265662</LongitudeDegrees>
</Position>
<AltitudeMeters>913.6</AltitudeMeters>
<DistanceMeters>68642.2</DistanceMeters>
<Extensions>
<ns3:TPX>
<ns3:Speed>2.859</ns3:Speed>
</ns3:TPX>
</Extensions>
</Trackpoint>
<Trackpoint>
<Time>2026-09-03T07:43:52Z</Time>
<Position>
<LatitudeDegrees>43.2214974</LatitudeDegrees>
<LongitudeDegrees>117.9268506</LongitudeDegrees>
</Position>
<AltitudeMeters>914.2</AltitudeMeters>
<DistanceMeters>68665.5</DistanceMeters>
<Extensions>
<ns3:TPX>
<ns3:Speed>3.026</ns3:Speed>
</ns3:TPX>
</Extensions>
</Trackpoint>
<Trackpoint>
<Time>2026-09-03T07:44:00Z</Time>
<Position>
<LatitudeDegrees>43.2215269</LatitudeDegrees>
<LongitudeDegrees>117.9271187</LongitudeDegrees>
</Position>
<AltitudeMeters>914.6</AltitudeMeters>
<DistanceMeters>68687.5</DistanceMeters>
<Extensions>
<ns3:TPX>
<ns3:Speed>2.839</ns3:Speed>
</ns3:TPX>
</Extensions>
</Trackpoint>
<Trackpoint>
<Time>2026-09-03T07:44:08Z</Time>
<Position>
<LatitudeDegrees>43.2215485</LatitudeDegrees>
<LongitudeDegrees>117.9273704</LongitudeDegrees>
</Position>
<AltitudeMeters>915.2</AltitudeMeters>
<DistanceMeters>68708.0</DistanceMeters>
<Extensions>
<ns3:TPX>
<ns3:Speed>2.2</ns3:Speed>
</ns3:TPX>
</Extensions>
</Trackpoint>
<Trackpoint>
<Time>2026-09-03T07:44:16Z</Time>
<Position>
<LatitudeDegrees>43.2215718</LatitudeDegrees>
<LongitudeDegrees>117.9276027</LongitudeDegrees>
</Position>
<AltitudeMeters>915.6</AltitudeMeters>
<DistanceMeters>68727.0</DistanceMeters>
<Extensions>
<ns3:TPX>
<ns3:Speed>2.724</ns3:Speed>
</ns3:TPX>
</Extensions>
</Trackpoint>
<Trackpoint>
<Time>2026-09-03T07:44:24Z</Time>
<Position>
<LatitudeDegrees>43.2215783</LatitudeDegrees>
<LongitudeDegrees>117.9278823</LongitudeDegrees>
</Position>
<AltitudeMeters>916.2</AltitudeMeters>
<DistanceMeters>68749.6</DistanceMeters>
<Extensions>
<ns3:TPX>
<ns3:Speed>2.763</ns3:Speed>
</ns3:TPX>
</Extensions>
</Trackpoint>
<Trackpoint>
<Time>2026-09-03T07:44:32Z</Time>
<Position>
<LatitudeDegrees>43.2215796</LatitudeDegrees>
<LongitudeDegrees>117.9281705</LongitudeDegrees>
</Position>
<AltitudeMeters>916.6</AltitudeMeters>
<DistanceMeters>68772.9</DistanceMeters>
<Extensions>
<ns3:TPX>
<ns3:Speed>2.881</ns3:Speed>
</ns3:TPX>
</Extensions>
</Trackpoint>
<Trackpoint>
<Time>2026-09-03T07:44:41Z</Time>
<Position>
<LatitudeDegrees>43.2215704</LatitudeDegrees>
<LongitudeDegrees>117.9284664</LongitudeDegrees>
</Position>
<AltitudeMeters>917.2</AltitudeMeters>
<DistanceMeters>68796.9</DistanceMeters>
<Extensions>
<ns3:TPX>
<ns3:Speed>3.023</ns3:Speed>
</ns3:TPX>
</Extensions>
</Trackpoint>
<Trackpoint>
<Time>2026-09-03T07:44:49Z</Time>
<Position>
<LatitudeDegrees>43.2215719</LatitudeDegrees>
<LongitudeDegrees>117.9287622</LongitudeDegrees>
</Position>
<AltitudeMeters>917.8</AltitudeMeters>
<DistanceMeters>68820.9</DistanceMeters>
<Extensions>
<ns3:TPX>
<ns3:Speed>2.955</ns3:Speed>
</ns3:TPX>
</Extensions>
</Trackpoint>
<Trackpoint>
<Time>2026-09-03T07:44:57Z</Time>
<Position>
<LatitudeDegrees>43.2215533</LatitudeDegrees>
<LongitudeDegrees>117.9290505</LongitudeDegrees>
</Position>
<AltitudeMeters>918.4</AltitudeMeters>
<DistanceMeters>68844.3</DistanceMeters>
<Extensions>
<ns3:TPX>
<ns3:Speed>2.896</ns3:Speed>
</ns3:TPX>
</Extensions>
</Trackpoint>
<Trackpoint>
<Time>2026-09-03T07:45:05Z</Time>
<Position>
<LatitudeDegrees>43.2215248</LatitudeDegrees>
<LongitudeDegrees>117.9293312</LongitudeDegrees>
</Position>
<AltitudeMeters>919.0</AltitudeMeters>
<DistanceMeters>68867.3</DistanceMeters>
<Extensions>
<ns3:TPX>
<ns3:Speed>2.864</ns3:Speed>
</ns3:TPX>
</Extensions>
</Trackpoint>
<Trackpoint>
<Time>2026-09-03T07:45:13Z</Time>
<Position>
<LatitudeDegrees>43.2215084</LatitudeDegrees>
<LongitudeDegrees>117.9296112</LongitudeDegrees>
</Position>
<AltitudeMeters>919.6</AltitudeMeters>
<DistanceMeters>68890.1</DistanceMeters>
<Extensions>
<ns3:TPX>
<ns3:Speed>2.966</ns3:Speed>
</ns3:TPX>
</Extensions>
</Trackpoint>
<Trackpoint>
<Time>2026-09-03T07:45:21Z</Time>
<Position>
<LatitudeDegrees>43.2215268</LatitudeDegrees>
<LongitudeDegrees>117.9299206</LongitudeDegrees>
</Position>
<AltitudeMeters>920.2</AltitudeMeters>
<DistanceMeters>68915.2</DistanceMeters>
<Extensions>
<ns3:TPX>
<ns3:Speed>2.761</ns3:Speed>
</ns3:TPX>
</Extensions>
</Trackpoint>
<Trackpoint>
<Time>2026-09-03T07:45:29Z</Time>
<Position>
<LatitudeDegrees>43.2214991</LatitudeDegrees>
<LongitudeDegrees>117.9301660</LongitudeDegrees>
</Position>
<AltitudeMeters>920.8</AltitudeMeters>
<DistanceMeters>68935.3</DistanceMeters>
<Extensions>
<ns3:TPX>
<ns3:Speed>2.594</ns3:Speed>
</ns3:TPX>
</Extensions>
</Trackpoint>
<Trackpoint>
<Time>2026-09-03T07:45:37Z</Time>
<Position>
<LatitudeDegrees>43.2214784</LatitudeDegrees>
<LongitudeDegrees>117.9304297</LongitudeDegrees>
</Position>
<AltitudeMeters>921.4</AltitudeMeters>
<DistanceMeters>68956.8</DistanceMeters>
<Extensions>
<ns3:TPX>
<ns3:Speed>2.749</ns3:Speed>
</ns3:TPX>
</Extensions>
</Trackpoint>
<Trackpoint>
<Time>2026-09-03T07:45:45Z</Time>
<Position>
<LatitudeDegrees>43.2214495</LatitudeDegrees>
<LongitudeDegrees>117.9307096</LongitudeDegrees>
</Position>
<AltitudeMeters>921.8</AltitudeMeters>
<DistanceMeters>68979.6</DistanceMeters>
<Extensions>
<ns3:TPX>
<ns3:Speed>2.891</ns3:Speed>
</ns3:TPX>
</Extensions>
</Trackpoint>
<Trackpoint>
<Time>2026-09-03T07:45:53Z</Time>
<Position>
<LatitudeDegrees>43.2214221</LatitudeDegrees>
<LongitudeDegrees>117.9309977</LongitudeDegrees>
</Position>
<AltitudeMeters>922.4</AltitudeMeters>
<DistanceMeters>69003.1</DistanceMeters>
<Extensions>
<ns3:TPX>
<ns3:Speed>3.017</ns3:Speed>
</ns3:TPX>
</Extensions>
</Trackpoint>
<Trackpoint>
<Time>2026-09-03T07:46:01Z</Time>
<Position>
<LatitudeDegrees>43.2214052</LatitudeDegrees>
<LongitudeDegrees>117.9312943</LongitudeDegrees>
</Position>
<AltitudeMeters>923.0</AltitudeMeters>
<DistanceMeters>69027.2</DistanceMeters>
<Extensions>
<ns3:TPX>
<ns3:Speed>2.889</ns3:Speed>
</ns3:TPX>
</Extensions>
</Trackpoint>
<Trackpoint>
<Time>2026-09-03T07:46:09Z</Time>
<Position>
<LatitudeDegrees>43.2213835</LatitudeDegrees>
<LongitudeDegrees>117.9315612</LongitudeDegrees>
</Position>
<AltitudeMeters>923.6</AltitudeMeters>
<DistanceMeters>69048.9</DistanceMeters>
<Extensions>
<ns3:TPX>
<ns3:Speed>2.574</ns3:Speed>
</ns3:TPX>
</Extensions>
</Trackpoint>
<Trackpoint>
<Time>2026-09-03T07:46:17Z</Time>
<Position>
<LatitudeDegrees>43.2213558</LatitudeDegrees>
<LongitudeDegrees>117.9318093</LongitudeDegrees>
</Position>
<AltitudeMeters>924.2</AltitudeMeters>
<DistanceMeters>69069.3</DistanceMeters>
<Extensions>
<ns3:TPX>
<ns3:Speed>2.567</ns3:Speed>
</ns3:TPX>
</Extensions>
</Trackpoint>
<Trackpoint>
<Time>2026-09-03T07:46:25Z</Time>
<Position>
<LatitudeDegrees>43.2213270</LatitudeDegrees>
<LongitudeDegrees>117.9320432</LongitudeDegrees>
</Position>
<AltitudeMeters>924.8</AltitudeMeters>
<DistanceMeters>69088.4</DistanceMeters>
<Extensions>
<ns3:TPX>
<ns3:Speed>2.346</ns3:Speed>
</ns3:TPX>
</Extensions>
</Trackpoint>
<Trackpoint>
<Time>2026-09-03T07:46:33Z</Time>
<Position>
<LatitudeDegrees>43.2213008</LatitudeDegrees>
<LongitudeDegrees>117.9322722</LongitudeDegrees>
</Position>
<AltitudeMeters>925.2</AltitudeMeters>
<DistanceMeters>69107.2</DistanceMeters>
<Extensions>
<ns3:TPX>
<ns3:Speed>2.348</ns3:Speed>
</ns3:TPX>
</Extensions>
</Trackpoint>
<Trackpoint>
<Time>2026-09-03T07:46:41Z</Time>
<Position>
<LatitudeDegrees>43.2212745</LatitudeDegrees>
<LongitudeDegrees>117.9325014</LongitudeDegrees>
</Position>
<AltitudeMeters>925.8</AltitudeMeters>
<DistanceMeters>69126.0</DistanceMeters>
<Extensions>
<ns3:TPX>
<ns3:Speed>2.335</ns3:Speed>
</ns3:TPX>
</Extensions>
</Trackpoint>
<Trackpoint>
<Time>2026-09-03T07:46:49Z</Time>
<Position>
<LatitudeDegrees>43.2212470</LatitudeDegrees>
<LongitudeDegrees>117.9327293</LongitudeDegrees>
</Position>
<AltitudeMeters>926.4</AltitudeMeters>
<DistanceMeters>69144.7</DistanceMeters>
<Extensions>
<ns3:TPX>
<ns3:Speed>2.36</ns3:Speed>
</ns3:TPX>
</Extensions>
</Trackpoint>
<Trackpoint>
<Time>2026-09-03T07:46:57Z</Time>
<Position>
<LatitudeDegrees>43.2212215</LatitudeDegrees>
<LongitudeDegrees>117.9329530</LongitudeDegrees>
</Position>
<AltitudeMeters>927.0</AltitudeMeters>
<DistanceMeters>69163.0</DistanceMeters>
<Extensions>
<ns3:TPX>
<ns3:Speed>2.394</ns3:Speed>
</ns3:TPX>
</Extensions>
</Trackpoint>
<Trackpoint>
<Time>2026-09-03T07:47:06Z</Time>
<Position>
<LatitudeDegrees>43.2212029</LatitudeDegrees>
<LongitudeDegrees>117.9331657</LongitudeDegrees>
</Position>
<AltitudeMeters>927.6</AltitudeMeters>
<DistanceMeters>69180.4</DistanceMeters>
<Extensions>
<ns3:TPX>
<ns3:Speed>2.161</ns3:Speed>
</ns3:TPX>
</Extensions>
</Trackpoint>
<Trackpoint>
<Time>2026-09-03T07:47:14Z</Time>
<Position>
<LatitudeDegrees>43.2211821</LatitudeDegrees>
<LongitudeDegrees>117.9333790</LongitudeDegrees>
</Position>
<AltitudeMeters>928.2</AltitudeMeters>
<DistanceMeters>69197.8</DistanceMeters>
<Extensions>
<ns3:TPX>
<ns3:Speed>2.341</ns3:Speed>
</ns3:TPX>
</Extensions>
</Trackpoint>
<Trackpoint>
<Time>2026-09-03T07:47:22Z</Time>
<Position>
<LatitudeDegrees>43.2211559</LatitudeDegrees>
<LongitudeDegrees>117.9336086</LongitudeDegrees>
</Position>
<AltitudeMeters>928.8</AltitudeMeters>
<DistanceMeters>69216.6</DistanceMeters>
<Extensions>
<ns3:TPX>
<ns3:Speed>2.262</ns3:Speed>
</ns3:TPX>
</Extensions>
</Trackpoint>
<Trackpoint>
<Time>2026-09-03T07:47:30Z</Time>
<Position>
<LatitudeDegrees>43.2211284</LatitudeDegrees>
<LongitudeDegrees>117.9338370</LongitudeDegrees>
</Position>
<AltitudeMeters>929.4</AltitudeMeters>
<DistanceMeters>69235.3</DistanceMeters>
<Extensions>
<ns3:TPX>
<ns3:Speed>2.418</ns3:Speed>
</ns3:TPX>
</Extensions>
</Trackpoint>
<Trackpoint>
<Time>2026-09-03T07:47:38Z</Time>
<Position>
<LatitudeDegrees>43.2211073</LatitudeDegrees>
<LongitudeDegrees>117.9340382</LongitudeDegrees>
</Position>
<AltitudeMeters>930.0</AltitudeMeters>
<DistanceMeters>69251.8</DistanceMeters>
<Extensions>
<ns3:TPX>
<ns3:Speed>2.142</ns3:Speed>
</ns3:TPX>
</Extensions>
</Trackpoint>
<Trackpoint>
<Time>2026-09-03T07:47:46Z</Time>
<Position>
<LatitudeDegrees>43.2210796</LatitudeDegrees>
<LongitudeDegrees>117.9342652</LongitudeDegrees>
</Position>
<AltitudeMeters>930.6</AltitudeMeters>
<DistanceMeters>69270.4</DistanceMeters>
<Extensions>
<ns3:TPX>
<ns3:Speed>2.153</ns3:Speed>
</ns3:TPX>
</Extensions>
</Trackpoint>
<Trackpoint>
<Time>2026-09-03T07:47:54Z</Time>
<Position>
<LatitudeDegrees>43.2210562</LatitudeDegrees>
<LongitudeDegrees>117.9344724</LongitudeDegrees>
</Position>
<AltitudeMeters>931.4</AltitudeMeters>
<DistanceMeters>69287.4</DistanceMeters>
<Extensions>
<ns3:TPX>
<ns3:Speed>2.14</ns3:Speed>
</ns3:TPX>
</Extensions>
</Trackpoint>
<Trackpoint>
<Time>2026-09-03T07:48:02Z</Time>
<Position>
<LatitudeDegrees>43.2210339</LatitudeDegrees>
<LongitudeDegrees>117.9346863</LongitudeDegrees>
</Position>
<AltitudeMeters>932.2</AltitudeMeters>
<DistanceMeters>69304.9</DistanceMeters>
<Extensions>
<ns3:TPX>
<ns3:Speed>2.223</ns3:Speed>
</ns3:TPX>
</Extensions>
</Trackpoint>
<Trackpoint>
<Time>2026-09-03T07:48:10Z</Time>
<Position>
<LatitudeDegrees>43.2210095</LatitudeDegrees>
<LongitudeDegrees>117.9349044</LongitudeDegrees>
</Position>
<AltitudeMeters>932.8</AltitudeMeters>
<DistanceMeters>69322.7</DistanceMeters>
<Extensions>
<ns3:TPX>
<ns3:Speed>2.264</ns3:Speed>
</ns3:TPX>
</Extensions>
</Trackpoint>
<Trackpoint>
<Time>2026-09-03T07:48:18Z</Time>
<Position>
<LatitudeDegrees>43.2209882</LatitudeDegrees>
<LongitudeDegrees>117.9351209</LongitudeDegrees>
</Position>
<AltitudeMeters>933.6</AltitudeMeters>
<DistanceMeters>69340.4</DistanceMeters>
<Extensions>
<ns3:TPX>
<ns3:Speed>2.33</ns3:Speed>
</ns3:TPX>
</Extensions>
</Trackpoint>
<Trackpoint>
<Time>2026-09-03T07:48:26Z</Time>
<Position>
<LatitudeDegrees>43.2209620</LatitudeDegrees>
<LongitudeDegrees>117.9353177</LongitudeDegrees>
</Position>
<AltitudeMeters>934.2</AltitudeMeters>
<DistanceMeters>69356.6</DistanceMeters>
<Extensions>
<ns3:TPX>
<ns3:Speed>1.995</ns3:Speed>
</ns3:TPX>
</Extensions>
</Trackpoint>
<Trackpoint>
<Time>2026-09-03T07:48:34Z</Time>
<Position>
<LatitudeDegrees>43.2209379</LatitudeDegrees>
<LongitudeDegrees>117.9355096</LongitudeDegrees>
</Position>
<AltitudeMeters>935.0</AltitudeMeters>
<DistanceMeters>69372.3</DistanceMeters>
<Extensions>
<ns3:TPX>
<ns3:Speed>2.025</ns3:Speed>
</ns3:TPX>
</Extensions>
</Trackpoint>
<Trackpoint>
<Time>2026-09-03T07:48:42Z</Time>
<Position>
<LatitudeDegrees>43.2209182</LatitudeDegrees>
<LongitudeDegrees>117.9356928</LongitudeDegrees>
</Position>
<AltitudeMeters>935.8</AltitudeMeters>
<DistanceMeters>69387.4</DistanceMeters>
<Extensions>
<ns3:TPX>
<ns3:Speed>1.931</ns3:Speed>
</ns3:TPX>
</Extensions>
</Trackpoint>
<Trackpoint>
<Time>2026-09-03T07:48:50Z</Time>
<Position>
<LatitudeDegrees>43.2208993</LatitudeDegrees>
<LongitudeDegrees>117.9358847</LongitudeDegrees>
</Position>
<AltitudeMeters>936.4</AltitudeMeters>
<DistanceMeters>69403.0</DistanceMeters>
<Extensions>
<ns3:TPX>
<ns3:Speed>1.934</ns3:Speed>
</ns3:TPX>
</Extensions>
</Trackpoint>
<Trackpoint>
<Time>2026-09-03T07:48:58Z</Time>
<Position>
<LatitudeDegrees>43.2208759</LatitudeDegrees>
<LongitudeDegrees>117.9360749</LongitudeDegrees>
</Position>
<AltitudeMeters>937.0</AltitudeMeters>
<DistanceMeters>69418.7</DistanceMeters>
<Extensions>
<ns3:TPX>
<ns3:Speed>2.06</ns3:Speed>
</ns3:TPX>
</Extensions>
</Trackpoint>
<Trackpoint>
<Time>2026-09-03T07:49:06Z</Time>
<Position>
<LatitudeDegrees>43.2208540</LatitudeDegrees>
<LongitudeDegrees>117.9362720</LongitudeDegrees>
</Position>
<AltitudeMeters>937.8</AltitudeMeters>
<DistanceMeters>69434.8</DistanceMeters>
<Extensions>
<ns3:TPX>
<ns3:Speed>2.041</ns3:Speed>
</ns3:TPX>
</Extensions>
</Trackpoint>
<Trackpoint>
<Time>2026-09-03T07:49:14Z</Time>
<Position>
<LatitudeDegrees>43.2208324</LatitudeDegrees>
<LongitudeDegrees>117.9364698</LongitudeDegrees>
</Position>
<AltitudeMeters>938.6</AltitudeMeters>
<DistanceMeters>69451.0</DistanceMeters>
<Extensions>
<ns3:TPX>
<ns3:Speed>2.083</ns3:Speed>
</ns3:TPX>
</Extensions>
</Trackpoint>
<Trackpoint>
<Time>2026-09-03T07:49:23Z</Time>
<Position>
<LatitudeDegrees>43.2208106</LatitudeDegrees>
<LongitudeDegrees>117.9366611</LongitudeDegrees>
</Position>
<AltitudeMeters>939.2</AltitudeMeters>
<DistanceMeters>69466.6</DistanceMeters>
<Extensions>
<ns3:TPX>
<ns3:Speed>1.837</ns3:Speed>
</ns3:TPX>
</Extensions>
</Trackpoint>
<Trackpoint>
<Time>2026-09-03T07:49:31Z</Time>
<Position>
<LatitudeDegrees>43.2207873</LatitudeDegrees>
<LongitudeDegrees>117.9368426</LongitudeDegrees>
</Position>
<AltitudeMeters>940.0</AltitudeMeters>
<DistanceMeters>69481.6</DistanceMeters>
<Extensions>
<ns3:TPX>
<ns3:Speed>1.951</ns3:Speed>
</ns3:TPX>
</Extensions>
</Trackpoint>
<Trackpoint>
<Time>2026-09-03T07:49:39Z</Time>
<Position>
<LatitudeDegrees>43.2207671</LatitudeDegrees>
<LongitudeDegrees>117.9370389</LongitudeDegrees>
</Position>
<AltitudeMeters>940.6</AltitudeMeters>
<DistanceMeters>69497.6</DistanceMeters>
<Extensions>
<ns3:TPX>
<ns3:Speed>2.009</ns3:Speed>
</ns3:TPX>
</Extensions>
</Trackpoint>
<Trackpoint>
<Time>2026-09-03T07:49:47Z</Time>
<Position>
<LatitudeDegrees>43.2207399</LatitudeDegrees>
<LongitudeDegrees>117.9372345</LongitudeDegrees>
</Position>
<AltitudeMeters>941.4</AltitudeMeters>
<DistanceMeters>69513.7</DistanceMeters>
<Extensions>
<ns3:TPX>
<ns3:Speed>1.987</ns3:Speed>
</ns3:TPX>
</Extensions>
</Trackpoint>
<Trackpoint>
<Time>2026-09-03T07:49:55Z</Time>
<Position>
<LatitudeDegrees>43.2207161</LatitudeDegrees>
<LongitudeDegrees>117.9374345</LongitudeDegrees>
</Position>
<AltitudeMeters>942.2</AltitudeMeters>
<DistanceMeters>69530.1</DistanceMeters>
<Extensions>
<ns3:TPX>
<ns3:Speed>2.101</ns3:Speed>
</ns3:TPX>
</Extensions>
</Trackpoint>
<Trackpoint>
<Time>2026-09-03T07:50:03Z</Time>
<Position>
<LatitudeDegrees>43.2206931</LatitudeDegrees>
<LongitudeDegrees>117.9376450</LongitudeDegrees>
</Position>
<AltitudeMeters>942.8</AltitudeMeters>
<DistanceMeters>69547.3</DistanceMeters>
<Extensions>
<ns3:TPX>
<ns3:Speed>1.862</ns3:Speed>
</ns3:TPX>
</Extensions>
</Trackpoint>
<Trackpoint>
<Time>2026-09-03T07:50:11Z</Time>
<Position>
<LatitudeDegrees>43.2206704</LatitudeDegrees>
<LongitudeDegrees>117.9378346</LongitudeDegrees>
</Position>
<AltitudeMeters>943.6</AltitudeMeters>
<DistanceMeters>69562.9</DistanceMeters>
<Extensions>
<ns3:TPX>
<ns3:Speed>2.004</ns3:Speed>
</ns3:TPX>
</Extensions>
</Trackpoint>
<Trackpoint>
<Time>2026-09-03T07:50:19Z</Time>
<Position>
<LatitudeDegrees>43.2206492</LatitudeDegrees>
<LongitudeDegrees>117.9380251</LongitudeDegrees>
</Position>
<AltitudeMeters>944.2</AltitudeMeters>
<DistanceMeters>69578.5</DistanceMeters>
<Extensions>
<ns3:TPX>
<ns3:Speed>1.906</ns3:Speed>
</ns3:TPX>
</Extensions>
</Trackpoint>
<Trackpoint>
<Time>2026-09-03T07:50:27Z</Time>
<Position>
<LatitudeDegrees>43.2206281</LatitudeDegrees>
<LongitudeDegrees>117.9382193</LongitudeDegrees>
</Position>
<AltitudeMeters>944.8</AltitudeMeters>
<DistanceMeters>69594.4</DistanceMeters>
<Extensions>
<ns3:TPX>
<ns3:Speed>2.01</ns3:Speed>
</ns3:TPX>
</Extensions>
</Trackpoint>
<Trackpoint>
<Time>2026-09-03T07:50:35Z</Time>
<Position>
<LatitudeDegrees>43.2206048</LatitudeDegrees>
<LongitudeDegrees>117.9384082</LongitudeDegrees>
</Position>
<AltitudeMeters>945.6</AltitudeMeters>
<DistanceMeters>69609.9</DistanceMeters>
<Extensions>
<ns3:TPX>
<ns3:Speed>1.807</ns3:Speed>
</ns3:TPX>
</Extensions>
</Trackpoint>
<Trackpoint>
<Time>2026-09-03T07:50:43Z</Time>
<Position>
<LatitudeDegrees>43.2205867</LatitudeDegrees>
<LongitudeDegrees>117.9385852</LongitudeDegrees>
</Position>
<AltitudeMeters>946.2</AltitudeMeters>
<DistanceMeters>69624.3</DistanceMeters>
<Extensions>
<ns3:TPX>
<ns3:Speed>1.889</ns3:Speed>
</ns3:TPX>
</Extensions>
</Trackpoint>
<Trackpoint>
<Time>2026-09-03T07:50:51Z</Time>
<Position>
<LatitudeDegrees>43.2205647</LatitudeDegrees>
<LongitudeDegrees>117.9387812</LongitudeDegrees>
</Position>
<AltitudeMeters>947.0</AltitudeMeters>
<DistanceMeters>69640.4</DistanceMeters>
<Extensions>
<ns3:TPX>
<ns3:Speed>2.1</ns3:Speed>
</ns3:TPX>
</Extensions>
</Trackpoint>
<Trackpoint>
<Time>2026-09-03T07:50:59Z</Time>
<Position>
<LatitudeDegrees>43.2205434</LatitudeDegrees>
<LongitudeDegrees>117.9389827</LongitudeDegrees>
</Position>
<AltitudeMeters>947.4</AltitudeMeters>
<DistanceMeters>69656.9</DistanceMeters>
<Extensions>
<ns3:TPX>
<ns3:Speed>1.966</ns3:Speed>
</ns3:TPX>
</Extensions>
</Trackpoint>
<Trackpoint>
<Time>2026-09-03T07:51:07Z</Time>
<Position>
<LatitudeDegrees>43.2205205</LatitudeDegrees>
<LongitudeDegrees>117.9391808</LongitudeDegrees>
</Position>
<AltitudeMeters>948.0</AltitudeMeters>
<DistanceMeters>69673.1</DistanceMeters>
<Extensions>
<ns3:TPX>
<ns3:Speed>2.157</ns3:Speed>
</ns3:TPX>
</Extensions>
</Trackpoint>
<Trackpoint>
<Time>2026-09-03T07:51:15Z</Time>
<Position>
<LatitudeDegrees>43.2205000</LatitudeDegrees>
<LongitudeDegrees>117.9393914</LongitudeDegrees>
</Position>
<AltitudeMeters>948.4</AltitudeMeters>
<DistanceMeters>69690.3</DistanceMeters>
<Extensions>
<ns3:TPX>
<ns3:Speed>2.07</ns3:Speed>
</ns3:TPX>
</Extensions>
</Trackpoint>
<Trackpoint>
<Time>2026-09-03T07:51:23Z</Time>
<Position>
<LatitudeDegrees>43.2204712</LatitudeDegrees>
<LongitudeDegrees>117.9396121</LongitudeDegrees>
</Position>
<AltitudeMeters>948.8</AltitudeMeters>
<DistanceMeters>69708.4</DistanceMeters>
<Extensions>
<ns3:TPX>
<ns3:Speed>2.504</ns3:Speed>
</ns3:TPX>
</Extensions>
</Trackpoint>
<Trackpoint>
<Time>2026-09-03T07:51:31Z</Time>
<Position>
<LatitudeDegrees>43.2204462</LatitudeDegrees>
<LongitudeDegrees>117.9398369</LongitudeDegrees>
</Position>
<AltitudeMeters>949.2</AltitudeMeters>
<DistanceMeters>69726.8</DistanceMeters>
<Extensions>
<ns3:TPX>
<ns3:Speed>2.194</ns3:Speed>
</ns3:TPX>
</Extensions>
</Trackpoint>
<Trackpoint>
<Time>2026-09-03T07:51:39Z</Time>
<Position>
<LatitudeDegrees>43.2204246</LatitudeDegrees>
<LongitudeDegrees>117.9400519</LongitudeDegrees>
</Position>
<AltitudeMeters>949.6</AltitudeMeters>
<DistanceMeters>69744.4</DistanceMeters>
<Extensions>
<ns3:TPX>
<ns3:Speed>2.353</ns3:Speed>
</ns3:TPX>
</Extensions>
</Trackpoint>
<Trackpoint>
<Time>2026-09-03T07:51:48Z</Time>
<Position>
<LatitudeDegrees>43.2203997</LatitudeDegrees>
<LongitudeDegrees>117.9402706</LongitudeDegrees>
</Position>
<AltitudeMeters>949.8</AltitudeMeters>
<DistanceMeters>69762.3</DistanceMeters>
<Extensions>
<ns3:TPX>
<ns3:Speed>2.376</ns3:Speed>
</ns3:TPX>
</Extensions>
</Trackpoint>
<Trackpoint>
<Time>2026-09-03T07:51:56Z</Time>
<Position>
<LatitudeDegrees>43.2203692</LatitudeDegrees>
<LongitudeDegrees>117.9405532</LongitudeDegrees>
</Position>
<AltitudeMeters>950.0</AltitudeMeters>
<DistanceMeters>69785.4</DistanceMeters>
<Extensions>
<ns3:TPX>
<ns3:Speed>2.978</ns3:Speed>
</ns3:TPX>
</Extensions>
</Trackpoint>
<Trackpoint>
<Time>2026-09-03T07:52:04Z</Time>
<Position>
<LatitudeDegrees>43.2203367</LatitudeDegrees>
<LongitudeDegrees>117.9408508</LongitudeDegrees>
</Position>
<AltitudeMeters>950.2</AltitudeMeters>
<DistanceMeters>69809.7</DistanceMeters>
<Extensions>
<ns3:TPX>
<ns3:Speed>3.022</ns3:Speed>
</ns3:TPX>
</Extensions>
</Trackpoint>
<Trackpoint>
<Time>2026-09-03T07:52:12Z</Time>
<Position>
<LatitudeDegrees>43.2203030</LatitudeDegrees>
<LongitudeDegrees>117.9411795</LongitudeDegrees>
</Position>
<AltitudeMeters>950.2</AltitudeMeters>
<DistanceMeters>69836.6</DistanceMeters>
<Extensions>
<ns3:TPX>
<ns3:Speed>4.068</ns3:Speed>
</ns3:TPX>
</Extensions>
</Trackpoint>
<Trackpoint>
<Time>2026-09-03T07:52:20Z</Time>
<Position>
<LatitudeDegrees>43.2202593</LatitudeDegrees>
<LongitudeDegrees>117.9415622</LongitudeDegrees>
</Position>
<AltitudeMeters>950.0</AltitudeMeters>
<DistanceMeters>69867.9</DistanceMeters>
<Extensions>
<ns3:TPX>
<ns3:Speed>3.923</ns3:Speed>
</ns3:TPX>
</Extensions>
</Trackpoint>
<Trackpoint>
<Time>2026-09-03T07:52:28Z</Time>
<Position>
<LatitudeDegrees>43.2202069</LatitudeDegrees>
<LongitudeDegrees>117.9420243</LongitudeDegrees>
</Position>
<AltitudeMeters>949.8</AltitudeMeters>
<DistanceMeters>69905.8</DistanceMeters>
<Extensions>
<ns3:TPX>
<ns3:Speed>4.567</ns3:Speed>
</ns3:TPX>
</Extensions>
</Trackpoint>
<Trackpoint>
<Time>2026-09-03T07:52:36Z</Time>
<Position>
<LatitudeDegrees>43.2201531</LatitudeDegrees>
<LongitudeDegrees>117.9425103</LongitudeDegrees>
</Position>
<AltitudeMeters>949.4</AltitudeMeters>
<DistanceMeters>69945.5</DistanceMeters>
<Extensions>
<ns3:TPX>
<ns3:Speed>5.379</ns3:Speed>
</ns3:TPX>
</Extensions>
</Trackpoint>
<Trackpoint>
<Time>2026-09-03T07:52:44Z</Time>
<Position>
<LatitudeDegrees>43.2200872</LatitudeDegrees>
<LongitudeDegrees>117.9430948</LongitudeDegrees>
</Position>
<AltitudeMeters>948.6</AltitudeMeters>
<DistanceMeters>69993.4</DistanceMeters>
<Extensions>
<ns3:TPX>
<ns3:Speed>6.714</ns3:Speed>
</ns3:TPX>
</Extensions>
</Trackpoint>
<Trackpoint>
<Time>2026-09-03T07:52:52Z</Time>
<Position>
<LatitudeDegrees>43.2200022</LatitudeDegrees>
<LongitudeDegrees>117.9438466</LongitudeDegrees>
</Position>
<AltitudeMeters>946.6</AltitudeMeters>
<DistanceMeters>70054.9</DistanceMeters>
<Extensions>
<ns3:TPX>
<ns3:Speed>8.505</ns3:Speed>
</ns3:TPX>
</Extensions>
</Trackpoint>
<Trackpoint>
<Time>2026-09-03T07:53:00Z</Time>
<Position>
<LatitudeDegrees>43.2198983</LatitudeDegrees>
<LongitudeDegrees>117.9447625</LongitudeDegrees>
</Position>
<AltitudeMeters>944.2</AltitudeMeters>
<DistanceMeters>70129.9</DistanceMeters>
<Extensions>
<ns3:TPX>
<ns3:Speed>10.118</ns3:Speed>
</ns3:TPX>
</Extensions>
</Trackpoint>
<Trackpoint>
<Time>2026-09-03T07:53:08Z</Time>
<Position>
<LatitudeDegrees>43.2198039</LatitudeDegrees>
<LongitudeDegrees>117.9457603</LongitudeDegrees>
</Position>
<AltitudeMeters>940.8</AltitudeMeters>
<DistanceMeters>70211.3</DistanceMeters>
<Extensions>
<ns3:TPX>
<ns3:Speed>9.682</ns3:Speed>
</ns3:TPX>
</Extensions>
</Trackpoint>
<Trackpoint>
<Time>2026-09-03T07:53:15Z</Time>
<Position>
<LatitudeDegrees>43.2197912</LatitudeDegrees>
<LongitudeDegrees>117.9465770</LongitudeDegrees>
</Position>
<AltitudeMeters>938.2</AltitudeMeters>
<DistanceMeters>70277.4</DistanceMeters>
<Extensions>
<ns3:TPX>
<ns3:Speed>9.902</ns3:Speed>
</ns3:TPX>
</Extensions>
</Trackpoint>
<Trackpoint>
<Time>2026-09-03T07:53:21Z</Time>
<Position>
<LatitudeDegrees>43.2198326</LatitudeDegrees>
<LongitudeDegrees>117.9473108</LongitudeDegrees>
</Position>
<AltitudeMeters>936.2</AltitudeMeters>
<DistanceMeters>70337.0</DistanceMeters>
<Extensions>
<ns3:TPX>
<ns3:Speed>10.483</ns3:Speed>
</ns3:TPX>
</Extensions>
</Trackpoint>
<Trackpoint>
<Time>2026-09-03T07:53:27Z</Time>
<Position>
<LatitudeDegrees>43.2199295</LatitudeDegrees>
<LongitudeDegrees>117.9480642</LongitudeDegrees>
</Position>
<AltitudeMeters>934.0</AltitudeMeters>
<DistanceMeters>70398.9</DistanceMeters>
<Extensions>
<ns3:TPX>
<ns3:Speed>8.805</ns3:Speed>
</ns3:TPX>
</Extensions>
</Trackpoint>
<Trackpoint>
<Time>2026-09-03T07:53:35Z</Time>
<Position>
<LatitudeDegrees>43.2201068</LatitudeDegrees>
<LongitudeDegrees>117.9488849</LongitudeDegrees>
</Position>
<AltitudeMeters>931.6</AltitudeMeters>
<DistanceMeters>70468.2</DistanceMeters>
<Extensions>
<ns3:TPX>
<ns3:Speed>8.798</ns3:Speed>
</ns3:TPX>
</Extensions>
</Trackpoint>
<Trackpoint>
<Time>2026-09-03T07:53:41Z</Time>
<Position>
<LatitudeDegrees>43.2202966</LatitudeDegrees>
<LongitudeDegrees>117.9495192</LongitudeDegrees>
</Position>
<AltitudeMeters>930.0</AltitudeMeters>
<DistanceMeters>70523.6</DistanceMeters>
<Extensions>
<ns3:TPX>
<ns3:Speed>9.691</ns3:Speed>
</ns3:TPX>
</Extensions>
</Trackpoint>
<Trackpoint>
<Time>2026-09-03T07:53:49Z</Time>
<Position>
<LatitudeDegrees>43.2206264</LatitudeDegrees>
<LongitudeDegrees>117.9504037</LongitudeDegrees>
</Position>
<AltitudeMeters>927.6</AltitudeMeters>
<DistanceMeters>70604.0</DistanceMeters>
<Extensions>
<ns3:TPX>
<ns3:Speed>10.231</ns3:Speed>
</ns3:TPX>
</Extensions>
</Trackpoint>
<Trackpoint>
<Time>2026-09-03T07:53:57Z</Time>
<Position>
<LatitudeDegrees>43.2209961</LatitudeDegrees>
<LongitudeDegrees>117.9513210</LongitudeDegrees>
</Position>
<AltitudeMeters>925.6</AltitudeMeters>
<DistanceMeters>70688.8</DistanceMeters>
<Extensions>
<ns3:TPX>
<ns3:Speed>11.01</ns3:Speed>
</ns3:TPX>
</Extensions>
</Trackpoint>
<Trackpoint>
<Time>2026-09-03T07:54:05Z</Time>
<Position>
<LatitudeDegrees>43.2213624</LatitudeDegrees>
<LongitudeDegrees>117.9522448</LongitudeDegrees>
</Position>
<AltitudeMeters>923.2</AltitudeMeters>
<DistanceMeters>70773.9</DistanceMeters>
<Extensions>
<ns3:TPX>
<ns3:Speed>10.397</ns3:Speed>
</ns3:TPX>
</Extensions>
</Trackpoint>
<Trackpoint>
<Time>2026-09-03T07:54:14Z</Time>
<Position>
<LatitudeDegrees>43.2217262</LatitudeDegrees>
<LongitudeDegrees>117.9531569</LongitudeDegrees>
</Position>
<AltitudeMeters>919.4</AltitudeMeters>
<DistanceMeters>70858.0</DistanceMeters>
<Extensions>
<ns3:TPX>
<ns3:Speed>10.468</ns3:Speed>
</ns3:TPX>
</Extensions>
</Trackpoint>
<Trackpoint>
<Time>2026-09-03T07:54:22Z</Time>
<Position>
<LatitudeDegrees>43.2220786</LatitudeDegrees>
<LongitudeDegrees>117.9540429</LongitudeDegrees>
</Position>
<AltitudeMeters>915.2</AltitudeMeters>
<DistanceMeters>70939.6</DistanceMeters>
<Extensions>
<ns3:TPX>
<ns3:Speed>10.18</ns3:Speed>
</ns3:TPX>
</Extensions>
</Trackpoint>
<Trackpoint>
<Time>2026-09-03T07:54:30Z</Time>
<Position>
<LatitudeDegrees>43.2224433</LatitudeDegrees>
<LongitudeDegrees>117.9549378</LongitudeDegrees>
</Position>
<AltitudeMeters>911.4</AltitudeMeters>
<DistanceMeters>71022.6</DistanceMeters>
<Extensions>
<ns3:TPX>
<ns3:Speed>10.264</ns3:Speed>
</ns3:TPX>
</Extensions>
</Trackpoint>
<Trackpoint>
<Time>2026-09-03T07:54:38Z</Time>
<Position>
<LatitudeDegrees>43.2227994</LatitudeDegrees>
<LongitudeDegrees>117.9558303</LongitudeDegrees>
</Position>
<AltitudeMeters>906.8</AltitudeMeters>
<DistanceMeters>71104.9</DistanceMeters>
<Extensions>
<ns3:TPX>
<ns3:Speed>9.712</ns3:Speed>
</ns3:TPX>
</Extensions>
</Trackpoint>
<Trackpoint>
<Time>2026-09-03T07:54:46Z</Time>
<Position>
<LatitudeDegrees>43.2231230</LatitudeDegrees>
<LongitudeDegrees>117.9566707</LongitudeDegrees>
</Position>
<AltitudeMeters>902.8</AltitudeMeters>
<DistanceMeters>71181.8</DistanceMeters>
<Extensions>
<ns3:TPX>
<ns3:Speed>8.466</ns3:Speed>
</ns3:TPX>
</Extensions>
</Trackpoint>
<Trackpoint>
<Time>2026-09-03T07:54:54Z</Time>
<Position>
<LatitudeDegrees>43.2233747</LatitudeDegrees>
<LongitudeDegrees>117.9575073</LongitudeDegrees>
</Position>
<AltitudeMeters>899.4</AltitudeMeters>
<DistanceMeters>71255.0</DistanceMeters>
<Extensions>
<ns3:TPX>
<ns3:Speed>8.321</ns3:Speed>
</ns3:TPX>
</Extensions>
</Trackpoint>
<Trackpoint>
<Time>2026-09-03T07:55:02Z</Time>
<Position>
<LatitudeDegrees>43.2236260</LatitudeDegrees>
<LongitudeDegrees>117.9583204</LongitudeDegrees>
</Position>
<AltitudeMeters>896.0</AltitudeMeters>
<DistanceMeters>71326.5</DistanceMeters>
<Extensions>
<ns3:TPX>
<ns3:Speed>10.22</ns3:Speed>
</ns3:TPX>
</Extensions>
</Trackpoint>
<Trackpoint>
<Time>2026-09-03T07:55:10Z</Time>
<Position>
<LatitudeDegrees>43.2239110</LatitudeDegrees>
<LongitudeDegrees>117.9593231</LongitudeDegrees>
</Position>
<AltitudeMeters>892.4</AltitudeMeters>
<DistanceMeters>71413.6</DistanceMeters>
<Extensions>
<ns3:TPX>
<ns3:Speed>11.306</ns3:Speed>
</ns3:TPX>
</Extensions>
</Trackpoint>
<Trackpoint>
<Time>2026-09-03T07:55:17Z</Time>
<Position>
<LatitudeDegrees>43.2241422</LatitudeDegrees>
<LongitudeDegrees>117.9601964</LongitudeDegrees>
</Position>
<AltitudeMeters>890.0</AltitudeMeters>
<DistanceMeters>71488.7</DistanceMeters>
<Extensions>
<ns3:TPX>
<ns3:Speed>10.722</ns3:Speed>
</ns3:TPX>
</Extensions>
</Trackpoint>
<Trackpoint>
<Time>2026-09-03T07:55:25Z</Time>
<Position>
<LatitudeDegrees>43.2243455</LatitudeDegrees>
<LongitudeDegrees>117.9612168</LongitudeDegrees>
</Position>
<AltitudeMeters>887.6</AltitudeMeters>
<DistanceMeters>71574.3</DistanceMeters>
<Extensions>
<ns3:TPX>
<ns3:Speed>10.639</ns3:Speed>
</ns3:TPX>
</Extensions>
</Trackpoint>
<Trackpoint>
<Time>2026-09-03T07:55:32Z</Time>
<Position>
<LatitudeDegrees>43.2244860</LatitudeDegrees>
<LongitudeDegrees>117.9620998</LongitudeDegrees>
</Position>
<AltitudeMeters>886.0</AltitudeMeters>
<DistanceMeters>71647.4</DistanceMeters>
<Extensions>
<ns3:TPX>
<ns3:Speed>9.594</ns3:Speed>
</ns3:TPX>
</Extensions>
</Trackpoint>
<Trackpoint>
<Time>2026-09-03T07:55:40Z</Time>
<Position>
<LatitudeDegrees>43.2245827</LatitudeDegrees>
<LongitudeDegrees>117.9630398</LongitudeDegrees>
</Position>
<AltitudeMeters>883.4</AltitudeMeters>
<DistanceMeters>71724.3</DistanceMeters>
<Extensions>
<ns3:TPX>
<ns3:Speed>9.896</ns3:Speed>
</ns3:TPX>
</Extensions>
</Trackpoint>
<Trackpoint>
<Time>2026-09-03T07:55:48Z</Time>
<Position>
<LatitudeDegrees>43.2246865</LatitudeDegrees>
<LongitudeDegrees>117.9640241</LongitudeDegrees>
</Position>
<AltitudeMeters>881.4</AltitudeMeters>
<DistanceMeters>71804.7</DistanceMeters>
<Extensions>
<ns3:TPX>
<ns3:Speed>10.282</ns3:Speed>
</ns3:TPX>
</Extensions>
</Trackpoint>
<Trackpoint>
<Time>2026-09-03T07:55:56Z</Time>
<Position>
<LatitudeDegrees>43.2247680</LatitudeDegrees>
<LongitudeDegrees>117.9649864</LongitudeDegrees>
</Position>
<AltitudeMeters>879.6</AltitudeMeters>
<DistanceMeters>71883.1</DistanceMeters>
<Extensions>
<ns3:TPX>
<ns3:Speed>8.678</ns3:Speed>
</ns3:TPX>
</Extensions>
</Trackpoint>
<Trackpoint>
<Time>2026-09-03T07:56:02Z</Time>
<Position>
<LatitudeDegrees>43.2248194</LatitudeDegrees>
<LongitudeDegrees>117.9655738</LongitudeDegrees>
</Position>
<AltitudeMeters>878.2</AltitudeMeters>
<DistanceMeters>71931.0</DistanceMeters>
<Extensions>
<ns3:TPX>
<ns3:Speed>6.254</ns3:Speed>
</ns3:TPX>
</Extensions>
</Trackpoint>
<Trackpoint>
<Time>2026-09-03T07:56:10Z</Time>
<Position>
<LatitudeDegrees>43.2248474</LatitudeDegrees>
<LongitudeDegrees>117.9660788</LongitudeDegrees>
</Position>
<AltitudeMeters>876.4</AltitudeMeters>
<DistanceMeters>71972.0</DistanceMeters>
<Extensions>
<ns3:TPX>
<ns3:Speed>5.378</ns3:Speed>
</ns3:TPX>
</Extensions>
</Trackpoint>
<Trackpoint>
<Time>2026-09-03T07:56:18Z</Time>
<Position>
<LatitudeDegrees>43.2248818</LatitudeDegrees>
<LongitudeDegrees>117.9666420</LongitudeDegrees>
</Position>
<AltitudeMeters>875.4</AltitudeMeters>
<DistanceMeters>72017.7</DistanceMeters>
<Extensions>
<ns3:TPX>
<ns3:Speed>5.991</ns3:Speed>
</ns3:TPX>
</Extensions>
</Trackpoint>
<Trackpoint>
<Time>2026-09-03T07:56:26Z</Time>
<Position>
<LatitudeDegrees>43.2249209</LatitudeDegrees>
<LongitudeDegrees>117.9672674</LongitudeDegrees>
</Position>
<AltitudeMeters>874.2</AltitudeMeters>
<DistanceMeters>72068.5</DistanceMeters>
<Extensions>
<ns3:TPX>
<ns3:Speed>6.735</ns3:Speed>
</ns3:TPX>
</Extensions>
</Trackpoint>
<Trackpoint>
<Time>2026-09-03T07:56:35Z</Time>
<Position>
<LatitudeDegrees>43.2249562</LatitudeDegrees>
<LongitudeDegrees>117.9679524</LongitudeDegrees>
</Position>
<AltitudeMeters>872.8</AltitudeMeters>
<DistanceMeters>72124.0</DistanceMeters>
<Extensions>
<ns3:TPX>
<ns3:Speed>6.842</ns3:Speed>
</ns3:TPX>
</Extensions>
</Trackpoint>
<Trackpoint>
<Time>2026-09-03T07:56:43Z</Time>
<Position>
<LatitudeDegrees>43.2250120</LatitudeDegrees>
<LongitudeDegrees>117.9686736</LongitudeDegrees>
</Position>
<AltitudeMeters>871.2</AltitudeMeters>
<DistanceMeters>72182.7</DistanceMeters>
<Extensions>
<ns3:TPX>
<ns3:Speed>7.947</ns3:Speed>
</ns3:TPX>
</Extensions>
</Trackpoint>
<Trackpoint>
<Time>2026-09-03T07:56:51Z</Time>
<Position>
<LatitudeDegrees>43.2250739</LatitudeDegrees>
<LongitudeDegrees>117.9695111</LongitudeDegrees>
</Position>
<AltitudeMeters>869.0</AltitudeMeters>
<DistanceMeters>72250.8</DistanceMeters>
<Extensions>
<ns3:TPX>
<ns3:Speed>9.027</ns3:Speed>
</ns3:TPX>
</Extensions>
</Trackpoint>
<Trackpoint>
<Time>2026-09-03T07:56:59Z</Time>
<Position>
<LatitudeDegrees>43.2251363</LatitudeDegrees>
<LongitudeDegrees>117.9704649</LongitudeDegrees>
</Position>
<AltitudeMeters>866.4</AltitudeMeters>
<DistanceMeters>72328.2</DistanceMeters>
<Extensions>
<ns3:TPX>
<ns3:Speed>10.428</ns3:Speed>
</ns3:TPX>
</Extensions>
</Trackpoint>
<Trackpoint>
<Time>2026-09-03T07:57:07Z</Time>
<Position>
<LatitudeDegrees>43.2252068</LatitudeDegrees>
<LongitudeDegrees>117.9715355</LongitudeDegrees>
</Position>
<AltitudeMeters>863.4</AltitudeMeters>
<DistanceMeters>72415.2</DistanceMeters>
<Extensions>
<ns3:TPX>
<ns3:Speed>11.058</ns3:Speed>
</ns3:TPX>
</Extensions>
</Trackpoint>
<Trackpoint>
<Time>2026-09-03T07:57:15Z</Time>
<Position>
<LatitudeDegrees>43.2252893</LatitudeDegrees>
<LongitudeDegrees>117.9727960</LongitudeDegrees>
</Position>
<AltitudeMeters>860.2</AltitudeMeters>
<DistanceMeters>72517.5</DistanceMeters>
<Extensions>
<ns3:TPX>
<ns3:Speed>12.056</ns3:Speed>
</ns3:TPX>
</Extensions>
</Trackpoint>
<Trackpoint>
<Time>2026-09-03T07:57:23Z</Time>
<Position>
<LatitudeDegrees>43.2253652</LatitudeDegrees>
<LongitudeDegrees>117.9739719</LongitudeDegrees>
</Position>
<AltitudeMeters>856.8</AltitudeMeters>
<DistanceMeters>72613.0</DistanceMeters>
<Extensions>
<ns3:TPX>
<ns3:Speed>11.569</ns3:Speed>
</ns3:TPX>
</Extensions>
</Trackpoint>
<Trackpoint>
<Time>2026-09-03T07:57:31Z</Time>
<Position>
<LatitudeDegrees>43.2254338</LatitudeDegrees>
<LongitudeDegrees>117.9750604</LongitudeDegrees>
</Position>
<AltitudeMeters>854.4</AltitudeMeters>
<DistanceMeters>72701.4</DistanceMeters>
<Extensions>
<ns3:TPX>
<ns3:Speed>10.575</ns3:Speed>
</ns3:TPX>
</Extensions>
</Trackpoint>
<Trackpoint>
<Time>2026-09-03T07:57:39Z</Time>
<Position>
<LatitudeDegrees>43.2255029</LatitudeDegrees>
<LongitudeDegrees>117.9760692</LongitudeDegrees>
</Position>
<AltitudeMeters>853.6</AltitudeMeters>
<DistanceMeters>72783.3</DistanceMeters>
<Extensions>
<ns3:TPX>
<ns3:Speed>9.886</ns3:Speed>
</ns3:TPX>
</Extensions>
</Trackpoint>
<Trackpoint>
<Time>2026-09-03T07:57:47Z</Time>
<Position>
<LatitudeDegrees>43.2255645</LatitudeDegrees>
<LongitudeDegrees>117.9769814</LongitudeDegrees>
</Position>
<AltitudeMeters>853.2</AltitudeMeters>
<DistanceMeters>72857.4</DistanceMeters>
<Extensions>
<ns3:TPX>
<ns3:Speed>8.826</ns3:Speed>
</ns3:TPX>
</Extensions>
</Trackpoint>
<Trackpoint>
<Time>2026-09-03T07:57:55Z</Time>
<Position>
<LatitudeDegrees>43.2256160</LatitudeDegrees>
<LongitudeDegrees>117.9778105</LongitudeDegrees>
</Position>
<AltitudeMeters>852.6</AltitudeMeters>
<DistanceMeters>72924.7</DistanceMeters>
<Extensions>
<ns3:TPX>
<ns3:Speed>8.103</ns3:Speed>
</ns3:TPX>
</Extensions>
</Trackpoint>
<Trackpoint>
<Time>2026-09-03T07:58:03Z</Time>
<Position>
<LatitudeDegrees>43.2256653</LatitudeDegrees>
<LongitudeDegrees>117.9785590</LongitudeDegrees>
</Position>
<AltitudeMeters>852.6</AltitudeMeters>
<DistanceMeters>72985.5</DistanceMeters>
<Extensions>
<ns3:TPX>
<ns3:Speed>7.315</ns3:Speed>
</ns3:TPX>
</Extensions>
</Trackpoint>
<Trackpoint>
<Time>2026-09-03T07:58:11Z</Time>
<Position>
<LatitudeDegrees>43.2257077</LatitudeDegrees>
<LongitudeDegrees>117.9792434</LongitudeDegrees>
</Position>
<AltitudeMeters>852.4</AltitudeMeters>
<DistanceMeters>73041.1</DistanceMeters>
<Extensions>
<ns3:TPX>
<ns3:Speed>6.691</ns3:Speed>
</ns3:TPX>
</Extensions>
</Trackpoint>
<Trackpoint>
<Time>2026-09-03T07:58:19Z</Time>
<Position>
<LatitudeDegrees>43.2257475</LatitudeDegrees>
<LongitudeDegrees>117.9798852</LongitudeDegrees>
</Position>
<AltitudeMeters>852.2</AltitudeMeters>
<DistanceMeters>73093.2</DistanceMeters>
<Extensions>
<ns3:TPX>
<ns3:Speed>6.403</ns3:Speed>
</ns3:TPX>
</Extensions>
</Trackpoint>
<Trackpoint>
<Time>2026-09-03T07:58:27Z</Time>
<Position>
<LatitudeDegrees>43.2257860</LatitudeDegrees>
<LongitudeDegrees>117.9804982</LongitudeDegrees>
</Position>
<AltitudeMeters>852.0</AltitudeMeters>
<DistanceMeters>73143.0</DistanceMeters>
<Extensions>
<ns3:TPX>
<ns3:Speed>6.105</ns3:Speed>
</ns3:TPX>
</Extensions>
</Trackpoint>
<Trackpoint>
<Time>2026-09-03T07:58:35Z</Time>
<Position>
<LatitudeDegrees>43.2258269</LatitudeDegrees>
<LongitudeDegrees>117.9810756</LongitudeDegrees>
</Position>
<AltitudeMeters>852.0</AltitudeMeters>
<DistanceMeters>73189.9</DistanceMeters>
<Extensions>
<ns3:TPX>
<ns3:Speed>5.727</ns3:Speed>
</ns3:TPX>
</Extensions>
</Trackpoint>
<Trackpoint>
<Time>2026-09-03T07:58:43Z</Time>
<Position>
<LatitudeDegrees>43.2258561</LatitudeDegrees>
<LongitudeDegrees>117.9816195</LongitudeDegrees>
</Position>
<AltitudeMeters>851.8</AltitudeMeters>
<DistanceMeters>73234.0</DistanceMeters>
<Extensions>
<ns3:TPX>
<ns3:Speed>5.381</ns3:Speed>
</ns3:TPX>
</Extensions>
</Trackpoint>
<Trackpoint>
<Time>2026-09-03T07:58:51Z</Time>
<Position>
<LatitudeDegrees>43.2258879</LatitudeDegrees>
<LongitudeDegrees>117.9821274</LongitudeDegrees>
</Position>
<AltitudeMeters>851.6</AltitudeMeters>
<DistanceMeters>73275.2</DistanceMeters>
<Extensions>
<ns3:TPX>
<ns3:Speed>5.083</ns3:Speed>
</ns3:TPX>
</Extensions>
</Trackpoint>
<Trackpoint>
<Time>2026-09-03T07:59:00Z</Time>
<Position>
<LatitudeDegrees>43.2259231</LatitudeDegrees>
<LongitudeDegrees>117.9826166</LongitudeDegrees>
</Position>
<AltitudeMeters>851.4</AltitudeMeters>
<DistanceMeters>73315.0</DistanceMeters>
<Extensions>
<ns3:TPX>
<ns3:Speed>5.233</ns3:Speed>
</ns3:TPX>
</Extensions>
</Trackpoint>
<Trackpoint>
<Time>2026-09-03T07:59:08Z</Time>
<Position>
<LatitudeDegrees>43.2259584</LatitudeDegrees>
<LongitudeDegrees>117.9831244</LongitudeDegrees>
</Position>
<AltitudeMeters>851.2</AltitudeMeters>
<DistanceMeters>73356.2</DistanceMeters>
<Extensions>
<ns3:TPX>
<ns3:Speed>4.991</ns3:Speed>
</ns3:TPX>
</Extensions>
</Trackpoint>
<Trackpoint>
<Time>2026-09-03T07:59:16Z</Time>
<Position>
<LatitudeDegrees>43.2259873</LatitudeDegrees>
<LongitudeDegrees>117.9836031</LongitudeDegrees>
</Position>
<AltitudeMeters>851.2</AltitudeMeters>
<DistanceMeters>73395.1</DistanceMeters>
<Extensions>
<ns3:TPX>
<ns3:Speed>4.897</ns3:Speed>
</ns3:TPX>
</Extensions>
</Trackpoint>
<Trackpoint>
<Time>2026-09-03T07:59:24Z</Time>
<Position>
<LatitudeDegrees>43.2260176</LatitudeDegrees>
<LongitudeDegrees>117.9840712</LongitudeDegrees>
</Position>
<AltitudeMeters>851.4</AltitudeMeters>
<DistanceMeters>73433.1</DistanceMeters>
<Extensions>
<ns3:TPX>
<ns3:Speed>4.84</ns3:Speed>
</ns3:TPX>
</Extensions>
</Trackpoint>
<Trackpoint>
<Time>2026-09-03T07:59:32Z</Time>
<Position>
<LatitudeDegrees>43.2260483</LatitudeDegrees>
<LongitudeDegrees>117.9845417</LongitudeDegrees>
</Position>
<AltitudeMeters>851.8</AltitudeMeters>
<DistanceMeters>73471.3</DistanceMeters>
<Extensions>
<ns3:TPX>
<ns3:Speed>4.237</ns3:Speed>
</ns3:TPX>
</Extensions>
</Trackpoint>
<Trackpoint>
<Time>2026-09-03T07:59:40Z</Time>
<Position>
<LatitudeDegrees>43.2260760</LatitudeDegrees>
<LongitudeDegrees>117.9849719</LongitudeDegrees>
</Position>
<AltitudeMeters>852.4</AltitudeMeters>
<DistanceMeters>73506.3</DistanceMeters>
<Extensions>
<ns3:TPX>
<ns3:Speed>3.571</ns3:Speed>
</ns3:TPX>
</Extensions>
</Trackpoint>
<Trackpoint>
<Time>2026-09-03T07:59:48Z</Time>
<Position>
<LatitudeDegrees>43.2260955</LatitudeDegrees>
<LongitudeDegrees>117.9852981</LongitudeDegrees>
</Position>
<AltitudeMeters>853.0</AltitudeMeters>
<DistanceMeters>73532.7</DistanceMeters>
<Extensions>
<ns3:TPX>
<ns3:Speed>3.176</ns3:Speed>
</ns3:TPX>
</Extensions>
</Trackpoint>
<Trackpoint>
<Time>2026-09-03T07:59:56Z</Time>
<Position>
<LatitudeDegrees>43.2261160</LatitudeDegrees>
<LongitudeDegrees>117.9856016</LongitudeDegrees>
</Position>
<AltitudeMeters>853.6</AltitudeMeters>
<DistanceMeters>73557.4</DistanceMeters>
<Extensions>
<ns3:TPX>
<ns3:Speed>3.05</ns3:Speed>
</ns3:TPX>
</Extensions>
</Trackpoint>
<Trackpoint>
<Time>2026-09-03T08:00:04Z</Time>
<Position>
<LatitudeDegrees>43.2261367</LatitudeDegrees>
<LongitudeDegrees>117.9858882</LongitudeDegrees>
</Position>
<AltitudeMeters>854.2</AltitudeMeters>
<DistanceMeters>73580.7</DistanceMeters>
<Extensions>
<ns3:TPX>
<ns3:Speed>2.902</ns3:Speed>
</ns3:TPX>
</Extensions>
</Trackpoint>
<Trackpoint>
<Time>2026-09-03T08:00:12Z</Time>
<Position>
<LatitudeDegrees>43.2261538</LatitudeDegrees>
<LongitudeDegrees>117.9861352</LongitudeDegrees>
</Position>
<AltitudeMeters>855.0</AltitudeMeters>
<DistanceMeters>73600.8</DistanceMeters>
<Extensions>
<ns3:TPX>
<ns3:Speed>2.204</ns3:Speed>
</ns3:TPX>
</Extensions>
</Trackpoint>
<Trackpoint>
<Time>2026-09-03T08:00:20Z</Time>
<Position>
<LatitudeDegrees>43.2261707</LatitudeDegrees>
<LongitudeDegrees>117.9863319</LongitudeDegrees>
</Position>
<AltitudeMeters>855.4</AltitudeMeters>
<DistanceMeters>73616.8</DistanceMeters>
<Extensions>
<ns3:TPX>
<ns3:Speed>2.348</ns3:Speed>
</ns3:TPX>
</Extensions>
</Trackpoint>
<Trackpoint>
<Time>2026-09-03T08:00:28Z</Time>
<Position>
<LatitudeDegrees>43.2261928</LatitudeDegrees>
<LongitudeDegrees>117.9865777</LongitudeDegrees>
</Position>
<AltitudeMeters>856.0</AltitudeMeters>
<DistanceMeters>73636.8</DistanceMeters>
<Extensions>
<ns3:TPX>
<ns3:Speed>2.65</ns3:Speed>
</ns3:TPX>
</Extensions>
</Trackpoint>
<Trackpoint>
<Time>2026-09-03T08:00:36Z</Time>
<Position>
<LatitudeDegrees>43.2262140</LatitudeDegrees>
<LongitudeDegrees>117.9868428</LongitudeDegrees>
</Position>
<AltitudeMeters>856.6</AltitudeMeters>
<DistanceMeters>73658.4</DistanceMeters>
<Extensions>
<ns3:TPX>
<ns3:Speed>2.695</ns3:Speed>
</ns3:TPX>
</Extensions>
</Trackpoint>
<Trackpoint>
<Time>2026-09-03T08:00:44Z</Time>
<Position>
<LatitudeDegrees>43.2262356</LatitudeDegrees>
<LongitudeDegrees>117.9870928</LongitudeDegrees>
</Position>
<AltitudeMeters>857.2</AltitudeMeters>
<DistanceMeters>73678.8</DistanceMeters>
<Extensions>
<ns3:TPX>
<ns3:Speed>2.69</ns3:Speed>
</ns3:TPX>
</Extensions>
</Trackpoint>
<Trackpoint>
<Time>2026-09-03T08:00:52Z</Time>
<Position>
<LatitudeDegrees>43.2262647</LatitudeDegrees>
<LongitudeDegrees>117.9873618</LongitudeDegrees>
</Position>
<AltitudeMeters>857.8</AltitudeMeters>
<DistanceMeters>73700.8</DistanceMeters>
<Extensions>
<ns3:TPX>
<ns3:Speed>2.792</ns3:Speed>
</ns3:TPX>
</Extensions>
</Trackpoint>
<Trackpoint>
<Time>2026-09-03T08:01:00Z</Time>
<Position>
<LatitudeDegrees>43.2262937</LatitudeDegrees>
<LongitudeDegrees>117.9876393</LongitudeDegrees>
</Position>
<AltitudeMeters>858.4</AltitudeMeters>
<DistanceMeters>73723.4</DistanceMeters>
<Extensions>
<ns3:TPX>
<ns3:Speed>2.841</ns3:Speed>
</ns3:TPX>
</Extensions>
</Trackpoint>
<Trackpoint>
<Time>2026-09-03T08:01:08Z</Time>
<Position>
<LatitudeDegrees>43.2263296</LatitudeDegrees>
<LongitudeDegrees>117.9879149</LongitudeDegrees>
</Position>
<AltitudeMeters>859.0</AltitudeMeters>
<DistanceMeters>73746.1</DistanceMeters>
<Extensions>
<ns3:TPX>
<ns3:Speed>2.931</ns3:Speed>
</ns3:TPX>
</Extensions>
</Trackpoint>
<Trackpoint>
<Time>2026-09-03T08:01:17Z</Time>
<Position>
<LatitudeDegrees>43.2263667</LatitudeDegrees>
<LongitudeDegrees>117.9882088</LongitudeDegrees>
</Position>
<AltitudeMeters>859.6</AltitudeMeters>
<DistanceMeters>73770.2</DistanceMeters>
<Extensions>
<ns3:TPX>
<ns3:Speed>3.146</ns3:Speed>
</ns3:TPX>
</Extensions>
</Trackpoint>
<Trackpoint>
<Time>2026-09-03T08:01:25Z</Time>
<Position>
<LatitudeDegrees>43.2264049</LatitudeDegrees>
<LongitudeDegrees>117.9885119</LongitudeDegrees>
</Position>
<AltitudeMeters>860.4</AltitudeMeters>
<DistanceMeters>73795.1</DistanceMeters>
<Extensions>
<ns3:TPX>
<ns3:Speed>2.883</ns3:Speed>
</ns3:TPX>
</Extensions>
</Trackpoint>
<Trackpoint>
<Time>2026-09-03T08:01:33Z</Time>
<Position>
<LatitudeDegrees>43.2264457</LatitudeDegrees>
<LongitudeDegrees>117.9888030</LongitudeDegrees>
</Position>
<AltitudeMeters>860.6</AltitudeMeters>
<DistanceMeters>73819.1</DistanceMeters>
<Extensions>
<ns3:TPX>
<ns3:Speed>3.07</ns3:Speed>
</ns3:TPX>
</Extensions>
</Trackpoint>
<Trackpoint>
<Time>2026-09-03T08:01:41Z</Time>
<Position>
<LatitudeDegrees>43.2264905</LatitudeDegrees>
<LongitudeDegrees>117.9890996</LongitudeDegrees>
</Position>
<AltitudeMeters>861.2</AltitudeMeters>
<DistanceMeters>73843.6</DistanceMeters>
<Extensions>
<ns3:TPX>
<ns3:Speed>3.145</ns3:Speed>
</ns3:TPX>
</Extensions>
</Trackpoint>
<Trackpoint>
<Time>2026-09-03T08:01:49Z</Time>
<Position>
<LatitudeDegrees>43.2265274</LatitudeDegrees>
<LongitudeDegrees>117.9893593</LongitudeDegrees>
</Position>
<AltitudeMeters>861.6</AltitudeMeters>
<DistanceMeters>73865.0</DistanceMeters>
<Extensions>
<ns3:TPX>
<ns3:Speed>2.71</ns3:Speed>
</ns3:TPX>
</Extensions>
</Trackpoint>
<Trackpoint>
<Time>2026-09-03T08:01:57Z</Time>
<Position>
<LatitudeDegrees>43.2265747</LatitudeDegrees>
<LongitudeDegrees>117.9896505</LongitudeDegrees>
</Position>
<AltitudeMeters>862.6</AltitudeMeters>
<DistanceMeters>73889.1</DistanceMeters>
<Extensions>
<ns3:TPX>
<ns3:Speed>2.953</ns3:Speed>
</ns3:TPX>
</Extensions>
</Trackpoint>
<Trackpoint>
<Time>2026-09-03T08:02:05Z</Time>
<Position>
<LatitudeDegrees>43.2266219</LatitudeDegrees>
<LongitudeDegrees>117.9899547</LongitudeDegrees>
</Position>
<AltitudeMeters>862.2</AltitudeMeters>
<DistanceMeters>73914.3</DistanceMeters>
<Extensions>
<ns3:TPX>
<ns3:Speed>3.108</ns3:Speed>
</ns3:TPX>
</Extensions>
</Trackpoint>
<Trackpoint>
<Time>2026-09-03T08:02:13Z</Time>
<Position>
<LatitudeDegrees>43.2266827</LatitudeDegrees>
<LongitudeDegrees>117.9902930</LongitudeDegrees>
</Position>
<AltitudeMeters>862.6</AltitudeMeters>
<DistanceMeters>73942.5</DistanceMeters>
<Extensions>
<ns3:TPX>
<ns3:Speed>3.499</ns3:Speed>
</ns3:TPX>
</Extensions>
</Trackpoint>
<Trackpoint>
<Time>2026-09-03T08:02:21Z</Time>
<Position>
<LatitudeDegrees>43.2267432</LatitudeDegrees>
<LongitudeDegrees>117.9906209</LongitudeDegrees>
</Position>
<AltitudeMeters>862.8</AltitudeMeters>
<DistanceMeters>73969.8</DistanceMeters>
<Extensions>
<ns3:TPX>
<ns3:Speed>3.046</ns3:Speed>
</ns3:TPX>
</Extensions>
</Trackpoint>
<Trackpoint>
<Time>2026-09-03T08:02:29Z</Time>
<Position>
<LatitudeDegrees>43.2267925</LatitudeDegrees>
<LongitudeDegrees>117.9908965</LongitudeDegrees>
</Position>
<AltitudeMeters>862.8</AltitudeMeters>
<DistanceMeters>73992.8</DistanceMeters>
<Extensions>
<ns3:TPX>
<ns3:Speed>2.73</ns3:Speed>
</ns3:TPX>
</Extensions>
</Trackpoint>
<Trackpoint>
<Time>2026-09-03T08:02:37Z</Time>
<Position>
<LatitudeDegrees>43.2268446</LatitudeDegrees>
<LongitudeDegrees>117.9911678</LongitudeDegrees>
</Position>
<AltitudeMeters>862.8</AltitudeMeters>
<DistanceMeters>74015.5</DistanceMeters>
<Extensions>
<ns3:TPX>
<ns3:Speed>3.162</ns3:Speed>
</ns3:TPX>
</Extensions>
</Trackpoint>
<Trackpoint>
<Time>2026-09-03T08:02:45Z</Time>
<Position>
<LatitudeDegrees>43.2269131</LatitudeDegrees>
<LongitudeDegrees>117.9914846</LongitudeDegrees>
</Position>
<AltitudeMeters>862.8</AltitudeMeters>
<DistanceMeters>74042.2</DistanceMeters>
<Extensions>
<ns3:TPX>
<ns3:Speed>3.353</ns3:Speed>
</ns3:TPX>
</Extensions>
</Trackpoint>
<Trackpoint>
<Time>2026-09-03T08:02:53Z</Time>
<Position>
<LatitudeDegrees>43.2269804</LatitudeDegrees>
<LongitudeDegrees>117.9917985</LongitudeDegrees>
</Position>
<AltitudeMeters>862.8</AltitudeMeters>
<DistanceMeters>74068.7</DistanceMeters>
<Extensions>
<ns3:TPX>
<ns3:Speed>3.387</ns3:Speed>
</ns3:TPX>
</Extensions>
</Trackpoint>
<Trackpoint>
<Time>2026-09-03T08:03:01Z</Time>
<Position>
<LatitudeDegrees>43.2270542</LatitudeDegrees>
<LongitudeDegrees>117.9921234</LongitudeDegrees>
</Position>
<AltitudeMeters>862.4</AltitudeMeters>
<DistanceMeters>74096.2</DistanceMeters>
<Extensions>
<ns3:TPX>
<ns3:Speed>3.468</ns3:Speed>
</ns3:TPX>
</Extensions>
</Trackpoint>
<Trackpoint>
<Time>2026-09-03T08:03:09Z</Time>
<Position>
<LatitudeDegrees>43.2271381</LatitudeDegrees>
<LongitudeDegrees>117.9924700</LongitudeDegrees>
</Position>
<AltitudeMeters>862.2</AltitudeMeters>
<DistanceMeters>74125.8</DistanceMeters>
<Extensions>
<ns3:TPX>
<ns3:Speed>3.999</ns3:Speed>
</ns3:TPX>
</Extensions>
</Trackpoint>
<Trackpoint>
<Time>2026-09-03T08:03:17Z</Time>
<Position>
<LatitudeDegrees>43.2272359</LatitudeDegrees>
<LongitudeDegrees>117.9928819</LongitudeDegrees>
</Position>
<AltitudeMeters>861.8</AltitudeMeters>
<DistanceMeters>74160.8</DistanceMeters>
<Extensions>
<ns3:TPX>
<ns3:Speed>4.798</ns3:Speed>
</ns3:TPX>
</Extensions>
</Trackpoint>
<Trackpoint>
<Time>2026-09-03T08:03:25Z</Time>
<Position>
<LatitudeDegrees>43.2273636</LatitudeDegrees>
<LongitudeDegrees>117.9933694</LongitudeDegrees>
</Position>
<AltitudeMeters>861.2</AltitudeMeters>
<DistanceMeters>74202.7</DistanceMeters>
<Extensions>
<ns3:TPX>
<ns3:Speed>5.734</ns3:Speed>
</ns3:TPX>
</Extensions>
</Trackpoint>
<Trackpoint>
<Time>2026-09-03T08:03:33Z</Time>
<Position>
<LatitudeDegrees>43.2275165</LatitudeDegrees>
<LongitudeDegrees>117.9939388</LongitudeDegrees>
</Position>
<AltitudeMeters>860.2</AltitudeMeters>
<DistanceMeters>74251.8</DistanceMeters>
<Extensions>
<ns3:TPX>
<ns3:Speed>6.52</ns3:Speed>
</ns3:TPX>
</Extensions>
</Trackpoint>
<Trackpoint>
<Time>2026-09-03T08:03:42Z</Time>
<Position>
<LatitudeDegrees>43.2276988</LatitudeDegrees>
<LongitudeDegrees>117.9945582</LongitudeDegrees>
</Position>
<AltitudeMeters>859.4</AltitudeMeters>
<DistanceMeters>74305.8</DistanceMeters>
<Extensions>
<ns3:TPX>
<ns3:Speed>6.815</ns3:Speed>
</ns3:TPX>
</Extensions>
</Trackpoint>
<Trackpoint>
<Time>2026-09-03T08:03:50Z</Time>
<Position>
<LatitudeDegrees>43.2278837</LatitudeDegrees>
<LongitudeDegrees>117.9951596</LongitudeDegrees>
</Position>
<AltitudeMeters>859.0</AltitudeMeters>
<DistanceMeters>74358.6</DistanceMeters>
<Extensions>
<ns3:TPX>
<ns3:Speed>6.34</ns3:Speed>
</ns3:TPX>
</Extensions>
</Trackpoint>
<Trackpoint>
<Time>2026-09-03T08:03:58Z</Time>
<Position>
<LatitudeDegrees>43.2280552</LatitudeDegrees>
<LongitudeDegrees>117.9956918</LongitudeDegrees>
</Position>
<AltitudeMeters>858.6</AltitudeMeters>
<DistanceMeters>74405.7</DistanceMeters>
<Extensions>
<ns3:TPX>
<ns3:Speed>5.434</ns3:Speed>
</ns3:TPX>
</Extensions>
</Trackpoint>
<Trackpoint>
<Time>2026-09-03T08:04:06Z</Time>
<Position>
<LatitudeDegrees>43.2282064</LatitudeDegrees>
<LongitudeDegrees>117.9961341</LongitudeDegrees>
</Position>
<AltitudeMeters>858.8</AltitudeMeters>
<DistanceMeters>74445.2</DistanceMeters>
<Extensions>
<ns3:TPX>
<ns3:Speed>4.505</ns3:Speed>
</ns3:TPX>
</Extensions>
</Trackpoint>
<Trackpoint>
<Time>2026-09-03T08:04:14Z</Time>
<Position>
<LatitudeDegrees>43.2283423</LatitudeDegrees>
<LongitudeDegrees>117.9965206</LongitudeDegrees>
</Position>
<AltitudeMeters>859.4</AltitudeMeters>
<DistanceMeters>74479.9</DistanceMeters>
<Extensions>
<ns3:TPX>
<ns3:Speed>4.32</ns3:Speed>
</ns3:TPX>
</Extensions>
</Trackpoint>
<Trackpoint>
<Time>2026-09-03T08:04:22Z</Time>
<Position>
<LatitudeDegrees>43.2284815</LatitudeDegrees>
<LongitudeDegrees>117.9969100</LongitudeDegrees>
</Position>
<AltitudeMeters>859.8</AltitudeMeters>
<DistanceMeters>74515.0</DistanceMeters>
<Extensions>
<ns3:TPX>
<ns3:Speed>3.808</ns3:Speed>
</ns3:TPX>
</Extensions>
</Trackpoint>
<Trackpoint>
<Time>2026-09-03T08:04:30Z</Time>
<Position>
<LatitudeDegrees>43.2286067</LatitudeDegrees>
<LongitudeDegrees>117.9972364</LongitudeDegrees>
</Position>
<AltitudeMeters>860.4</AltitudeMeters>
<DistanceMeters>74544.9</DistanceMeters>
<Extensions>
<ns3:TPX>
<ns3:Speed>3.54</ns3:Speed>
</ns3:TPX>
</Extensions>
</Trackpoint>
<Trackpoint>
<Time>2026-09-03T08:04:38Z</Time>
<Position>
<LatitudeDegrees>43.2287052</LatitudeDegrees>
<LongitudeDegrees>117.9975060</LongitudeDegrees>
</Position>
<AltitudeMeters>860.8</AltitudeMeters>
<DistanceMeters>74569.3</DistanceMeters>
<Extensions>
<ns3:TPX>
<ns3:Speed>3.018</ns3:Speed>
</ns3:TPX>
</Extensions>
</Trackpoint>
<Trackpoint>
<Time>2026-09-03T08:04:46Z</Time>
<Position>
<LatitudeDegrees>43.2288080</LatitudeDegrees>
<LongitudeDegrees>117.9977795</LongitudeDegrees>
</Position>
<AltitudeMeters>861.4</AltitudeMeters>
<DistanceMeters>74594.1</DistanceMeters>
<Extensions>
<ns3:TPX>
<ns3:Speed>3.043</ns3:Speed>
</ns3:TPX>
</Extensions>
</Trackpoint>
<Trackpoint>
<Time>2026-09-03T08:04:54Z</Time>
<Position>
<LatitudeDegrees>43.2289071</LatitudeDegrees>
<LongitudeDegrees>117.9980478</LongitudeDegrees>
</Position>
<AltitudeMeters>862.0</AltitudeMeters>
<DistanceMeters>74618.5</DistanceMeters>
<Extensions>
<ns3:TPX>
<ns3:Speed>3.15</ns3:Speed>
</ns3:TPX>
</Extensions>
</Trackpoint>
<Trackpoint>
<Time>2026-09-03T08:05:02Z</Time>
<Position>
<LatitudeDegrees>43.2290154</LatitudeDegrees>
<LongitudeDegrees>117.9983287</LongitudeDegrees>
</Position>
<AltitudeMeters>862.8</AltitudeMeters>
<DistanceMeters>74644.2</DistanceMeters>
<Extensions>
<ns3:TPX>
<ns3:Speed>3.279</ns3:Speed>
</ns3:TPX>
</Extensions>
</Trackpoint>
<Trackpoint>
<Time>2026-09-03T08:05:10Z</Time>
<Position>
<LatitudeDegrees>43.2291258</LatitudeDegrees>
<LongitudeDegrees>117.9986203</LongitudeDegrees>
</Position>
<AltitudeMeters>863.0</AltitudeMeters>
<DistanceMeters>74670.8</DistanceMeters>
<Extensions>
<ns3:TPX>
<ns3:Speed>3.454</ns3:Speed>
</ns3:TPX>
</Extensions>
</Trackpoint>
<Trackpoint>
<Time>2026-09-03T08:05:18Z</Time>
<Position>
<LatitudeDegrees>43.2292429</LatitudeDegrees>
<LongitudeDegrees>117.9989201</LongitudeDegrees>
</Position>
<AltitudeMeters>863.4</AltitudeMeters>
<DistanceMeters>74698.3</DistanceMeters>
<Extensions>
<ns3:TPX>
<ns3:Speed>3.261</ns3:Speed>
</ns3:TPX>
</Extensions>
</Trackpoint>
<Trackpoint>
<Time>2026-09-03T08:05:26Z</Time>
<Position>
<LatitudeDegrees>43.2293537</LatitudeDegrees>
<LongitudeDegrees>117.9992128</LongitudeDegrees>
</Position>
<AltitudeMeters>864.0</AltitudeMeters>
<DistanceMeters>74725.0</DistanceMeters>
<Extensions>
<ns3:TPX>
<ns3:Speed>3.461</ns3:Speed>
</ns3:TPX>
</Extensions>
</Trackpoint>
<Trackpoint>
<Time>2026-09-03T08:05:34Z</Time>
<Position>
<LatitudeDegrees>43.2294717</LatitudeDegrees>
<LongitudeDegrees>117.9995185</LongitudeDegrees>
</Position>
<AltitudeMeters>864.6</AltitudeMeters>
<DistanceMeters>74753.0</DistanceMeters>
<Extensions>
<ns3:TPX>
<ns3:Speed>3.631</ns3:Speed>
</ns3:TPX>
</Extensions>
</Trackpoint>
<Trackpoint>
<Time>2026-09-03T08:05:42Z</Time>
<Position>
<LatitudeDegrees>43.2295792</LatitudeDegrees>
<LongitudeDegrees>117.9998115</LongitudeDegrees>
</Position>
<AltitudeMeters>865.2</AltitudeMeters>
<DistanceMeters>74779.5</DistanceMeters>
<Extensions>
<ns3:TPX>
<ns3:Speed>3.307</ns3:Speed>
</ns3:TPX>
</Extensions>
</Trackpoint>
<Trackpoint>
<Time>2026-09-03T08:05:50Z</Time>
<Position>
<LatitudeDegrees>43.2296912</LatitudeDegrees>
<LongitudeDegrees>118.0001060</LongitudeDegrees>
</Position>
<AltitudeMeters>865.6</AltitudeMeters>
<DistanceMeters>74806.4</DistanceMeters>
<Extensions>
<ns3:TPX>
<ns3:Speed>3.259</ns3:Speed>
</ns3:TPX>
</Extensions>
</Trackpoint>
<Trackpoint>
<Time>2026-09-03T08:05:58Z</Time>
<Position>
<LatitudeDegrees>43.2297942</LatitudeDegrees>
<LongitudeDegrees>118.0003776</LongitudeDegrees>
</Position>
<AltitudeMeters>866.0</AltitudeMeters>
<DistanceMeters>74831.1</DistanceMeters>
<Extensions>
<ns3:TPX>
<ns3:Speed>3.369</ns3:Speed>
</ns3:TPX>
</Extensions>
</Trackpoint>
<Trackpoint>
<Time>2026-09-03T08:06:07Z</Time>
<Position>
<LatitudeDegrees>43.2299145</LatitudeDegrees>
<LongitudeDegrees>118.0006856</LongitudeDegrees>
</Position>
<AltitudeMeters>866.2</AltitudeMeters>
<DistanceMeters>74859.4</DistanceMeters>
<Extensions>
<ns3:TPX>
<ns3:Speed>3.44</ns3:Speed>
</ns3:TPX>
</Extensions>
</Trackpoint>
<Trackpoint>
<Time>2026-09-03T08:06:15Z</Time>
<Position>
<LatitudeDegrees>43.2300348</LatitudeDegrees>
<LongitudeDegrees>118.0010056</LongitudeDegrees>
</Position>
<AltitudeMeters>866.4</AltitudeMeters>
<DistanceMeters>74888.5</DistanceMeters>
<Extensions>
<ns3:TPX>
<ns3:Speed>3.549</ns3:Speed>
</ns3:TPX>
</Extensions>
</Trackpoint>
<Trackpoint>
<Time>2026-09-03T08:06:23Z</Time>
<Position>
<LatitudeDegrees>43.2301553</LatitudeDegrees>
<LongitudeDegrees>118.0013368</LongitudeDegrees>
</Position>
<AltitudeMeters>866.4</AltitudeMeters>
<DistanceMeters>74918.5</DistanceMeters>
<Extensions>
<ns3:TPX>
<ns3:Speed>3.939</ns3:Speed>
</ns3:TPX>
</Extensions>
</Trackpoint>
<Trackpoint>
<Time>2026-09-03T08:06:31Z</Time>
<Position>
<LatitudeDegrees>43.2302862</LatitudeDegrees>
<LongitudeDegrees>118.0016916</LongitudeDegrees>
</Position>
<AltitudeMeters>866.6</AltitudeMeters>
<DistanceMeters>74950.6</DistanceMeters>
<Extensions>
<ns3:TPX>
<ns3:Speed>4.035</ns3:Speed>
</ns3:TPX>
</Extensions>
</Trackpoint>
<Trackpoint>
<Time>2026-09-03T08:06:39Z</Time>
<Position>
<LatitudeDegrees>43.2304299</LatitudeDegrees>
<LongitudeDegrees>118.0020731</LongitudeDegrees>
</Position>
<AltitudeMeters>866.4</AltitudeMeters>
<DistanceMeters>74985.4</DistanceMeters>
<Extensions>
<ns3:TPX>
<ns3:Speed>4.535</ns3:Speed>
</ns3:TPX>
</Extensions>
</Trackpoint>
<Trackpoint>
<Time>2026-09-03T08:06:47Z</Time>
<Position>
<LatitudeDegrees>43.2305953</LatitudeDegrees>
<LongitudeDegrees>118.0025052</LongitudeDegrees>
</Position>
<AltitudeMeters>866.2</AltitudeMeters>
<DistanceMeters>75024.9</DistanceMeters>
<Extensions>
<ns3:TPX>
<ns3:Speed>5.173</ns3:Speed>
</ns3:TPX>
</Extensions>
</Trackpoint>
<Trackpoint>
<Time>2026-09-03T08:06:55Z</Time>
<Position>
<LatitudeDegrees>43.2307670</LatitudeDegrees>
<LongitudeDegrees>118.0029560</LongitudeDegrees>
</Position>
<AltitudeMeters>865.8</AltitudeMeters>
<DistanceMeters>75066.0</DistanceMeters>
<Extensions>
<ns3:TPX>
<ns3:Speed>5.485</ns3:Speed>
</ns3:TPX>
</Extensions>
</Trackpoint>
<Trackpoint>
<Time>2026-09-03T08:07:03Z</Time>
<Position>
<LatitudeDegrees>43.2309844</LatitudeDegrees>
<LongitudeDegrees>118.0035365</LongitudeDegrees>
</Position>
<AltitudeMeters>865.2</AltitudeMeters>
<DistanceMeters>75118.8</DistanceMeters>
<Extensions>
<ns3:TPX>
<ns3:Speed>5.802</ns3:Speed>
</ns3:TPX>
</Extensions>
</Trackpoint>
<Trackpoint>
<Time>2026-09-03T08:07:11Z</Time>
<Position>
<LatitudeDegrees>43.2311801</LatitudeDegrees>
<LongitudeDegrees>118.0040504</LongitudeDegrees>
</Position>
<AltitudeMeters>864.6</AltitudeMeters>
<DistanceMeters>75165.7</DistanceMeters>
<Extensions>
<ns3:TPX>
<ns3:Speed>6.388</ns3:Speed>
</ns3:TPX>
</Extensions>
</Trackpoint>
<Trackpoint>
<Time>2026-09-03T08:07:19Z</Time>
<Position>
<LatitudeDegrees>43.2314039</LatitudeDegrees>
<LongitudeDegrees>118.0046522</LongitudeDegrees>
</Position>
<AltitudeMeters>864.0</AltitudeMeters>
<DistanceMeters>75220.3</DistanceMeters>
<Extensions>
<ns3:TPX>
<ns3:Speed>6.843</ns3:Speed>
</ns3:TPX>
</Extensions>
</Trackpoint>
<Trackpoint>
<Time>2026-09-03T08:07:27Z</Time>
<Position>
<LatitudeDegrees>43.2316301</LatitudeDegrees>
<LongitudeDegrees>118.0052588</LongitudeDegrees>
</Position>
<AltitudeMeters>863.8</AltitudeMeters>
<DistanceMeters>75275.5</DistanceMeters>
<Extensions>
<ns3:TPX>
<ns3:Speed>6.741</ns3:Speed>
</ns3:TPX>
</Extensions>
</Trackpoint>
<Trackpoint>
<Time>2026-09-03T08:07:35Z</Time>
<Position>
<LatitudeDegrees>43.2318543</LatitudeDegrees>
<LongitudeDegrees>118.0058501</LongitudeDegrees>
</Position>
<AltitudeMeters>863.8</AltitudeMeters>
<DistanceMeters>75329.4</DistanceMeters>
<Extensions>
<ns3:TPX>
<ns3:Speed>6.635</ns3:Speed>
</ns3:TPX>
</Extensions>
</Trackpoint>
<Trackpoint>
<Time>2026-09-03T08:07:43Z</Time>
<Position>
<LatitudeDegrees>43.2320679</LatitudeDegrees>
<LongitudeDegrees>118.0064146</LongitudeDegrees>
</Position>
<AltitudeMeters>864.0</AltitudeMeters>
<DistanceMeters>75380.8</DistanceMeters>
<Extensions>
<ns3:TPX>
<ns3:Speed>6.642</ns3:Speed>
</ns3:TPX>
</Extensions>
</Trackpoint>
<Trackpoint>
<Time>2026-09-03T08:07:51Z</Time>
<Position>
<LatitudeDegrees>43.2322771</LatitudeDegrees>
<LongitudeDegrees>118.0069695</LongitudeDegrees>
</Position>
<AltitudeMeters>864.0</AltitudeMeters>
<DistanceMeters>75431.3</DistanceMeters>
<Extensions>
<ns3:TPX>
<ns3:Speed>6.116</ns3:Speed>
</ns3:TPX>
</Extensions>
</Trackpoint>
<Trackpoint>
<Time>2026-09-03T08:07:59Z</Time>
<Position>
<LatitudeDegrees>43.2324769</LatitudeDegrees>
<LongitudeDegrees>118.0074949</LongitudeDegrees>
</Position>
<AltitudeMeters>864.2</AltitudeMeters>
<DistanceMeters>75479.3</DistanceMeters>
<Extensions>
<ns3:TPX>
<ns3:Speed>5.808</ns3:Speed>
</ns3:TPX>
</Extensions>
</Trackpoint>
<Trackpoint>
<Time>2026-09-03T08:08:07Z</Time>
<Position>
<LatitudeDegrees>43.2326712</LatitudeDegrees>
<LongitudeDegrees>118.0080134</LongitudeDegrees>
</Position>
<AltitudeMeters>864.2</AltitudeMeters>
<DistanceMeters>75526.4</DistanceMeters>
<Extensions>
<ns3:TPX>
<ns3:Speed>5.918</ns3:Speed>
</ns3:TPX>
</Extensions>
</Trackpoint>
<Trackpoint>
<Time>2026-09-03T08:08:15Z</Time>
<Position>
<LatitudeDegrees>43.2328703</LatitudeDegrees>
<LongitudeDegrees>118.0085383</LongitudeDegrees>
</Position>
<AltitudeMeters>863.8</AltitudeMeters>
<DistanceMeters>75574.3</DistanceMeters>
<Extensions>
<ns3:TPX>
<ns3:Speed>6.21</ns3:Speed>
</ns3:TPX>
</Extensions>
</Trackpoint>
<Trackpoint>
<Time>2026-09-03T08:08:24Z</Time>
<Position>
<LatitudeDegrees>43.2330818</LatitudeDegrees>
<LongitudeDegrees>118.0090942</LongitudeDegrees>
</Position>
<AltitudeMeters>863.4</AltitudeMeters>
<DistanceMeters>75625.0</DistanceMeters>
<Extensions>
<ns3:TPX>
<ns3:Speed>6.53</ns3:Speed>
</ns3:TPX>
</Extensions>
</Trackpoint>
<Trackpoint>
<Time>2026-09-03T08:08:32Z</Time>
<Position>
<LatitudeDegrees>43.2333078</LatitudeDegrees>
<LongitudeDegrees>118.0097022</LongitudeDegrees>
</Position>
<AltitudeMeters>862.6</AltitudeMeters>
<DistanceMeters>75680.2</DistanceMeters>
<Extensions>
<ns3:TPX>
<ns3:Speed>7.209</ns3:Speed>
</ns3:TPX>
</Extensions>
</Trackpoint>
<Trackpoint>
<Time>2026-09-03T08:08:40Z</Time>
<Position>
<LatitudeDegrees>43.2335498</LatitudeDegrees>
<LongitudeDegrees>118.0103511</LongitudeDegrees>
</Position>
<AltitudeMeters>861.8</AltitudeMeters>
<DistanceMeters>75739.1</DistanceMeters>
<Extensions>
<ns3:TPX>
<ns3:Speed>7.503</ns3:Speed>
</ns3:TPX>
</Extensions>
</Trackpoint>
<Trackpoint>
<Time>2026-09-03T08:08:48Z</Time>
<Position>
<LatitudeDegrees>43.2337984</LatitudeDegrees>
<LongitudeDegrees>118.0110129</LongitudeDegrees>
</Position>
<AltitudeMeters>861.0</AltitudeMeters>
<DistanceMeters>75799.4</DistanceMeters>
<Extensions>
<ns3:TPX>
<ns3:Speed>7.425</ns3:Speed>
</ns3:TPX>
</Extensions>
</Trackpoint>
<Trackpoint>
<Time>2026-09-03T08:08:56Z</Time>
<Position>
<LatitudeDegrees>43.2340420</LatitudeDegrees>
<LongitudeDegrees>118.0116478</LongitudeDegrees>
</Position>
<AltitudeMeters>860.6</AltitudeMeters>
<DistanceMeters>75857.4</DistanceMeters>
<Extensions>
<ns3:TPX>
<ns3:Speed>6.919</ns3:Speed>
</ns3:TPX>
</Extensions>
</Trackpoint>
<Trackpoint>
<Time>2026-09-03T08:09:04Z</Time>
<Position>
<LatitudeDegrees>43.2342615</LatitudeDegrees>
<LongitudeDegrees>118.0122338</LongitudeDegrees>
</Position>
<AltitudeMeters>860.4</AltitudeMeters>
<DistanceMeters>75910.7</DistanceMeters>
<Extensions>
<ns3:TPX>
<ns3:Speed>6.405</ns3:Speed>
</ns3:TPX>
</Extensions>
</Trackpoint>
<Trackpoint>
<Time>2026-09-03T08:09:12Z</Time>
<Position>
<LatitudeDegrees>43.2344777</LatitudeDegrees>
<LongitudeDegrees>118.0128016</LongitudeDegrees>
</Position>
<AltitudeMeters>860.6</AltitudeMeters>
<DistanceMeters>75962.5</DistanceMeters>
<Extensions>
<ns3:TPX>
<ns3:Speed>6.331</ns3:Speed>
</ns3:TPX>
</Extensions>
</Trackpoint>
<Trackpoint>
<Time>2026-09-03T08:09:20Z</Time>
<Position>
<LatitudeDegrees>43.2346822</LatitudeDegrees>
<LongitudeDegrees>118.0133545</LongitudeDegrees>
</Position>
<AltitudeMeters>861.0</AltitudeMeters>
<DistanceMeters>76012.6</DistanceMeters>
<Extensions>
<ns3:TPX>
<ns3:Speed>5.943</ns3:Speed>
</ns3:TPX>
</Extensions>
</Trackpoint>
<Trackpoint>
<Time>2026-09-03T08:09:28Z</Time>
<Position>
<LatitudeDegrees>43.2348936</LatitudeDegrees>
<LongitudeDegrees>118.0139078</LongitudeDegrees>
</Position>
<AltitudeMeters>860.8</AltitudeMeters>
<DistanceMeters>76063.2</DistanceMeters>
<Extensions>
<ns3:TPX>
<ns3:Speed>5.681</ns3:Speed>
</ns3:TPX>
</Extensions>
</Trackpoint>
<Trackpoint>
<Time>2026-09-03T08:09:36Z</Time>
<Position>
<LatitudeDegrees>43.2350850</LatitudeDegrees>
<LongitudeDegrees>118.0144128</LongitudeDegrees>
</Position>
<AltitudeMeters>861.0</AltitudeMeters>
<DistanceMeters>76109.2</DistanceMeters>
<Extensions>
<ns3:TPX>
<ns3:Speed>5.983</ns3:Speed>
</ns3:TPX>
</Extensions>
</Trackpoint>
<Trackpoint>
<Time>2026-09-03T08:09:44Z</Time>
<Position>
<LatitudeDegrees>43.2352700</LatitudeDegrees>
<LongitudeDegrees>118.0149103</LongitudeDegrees>
</Position>
<AltitudeMeters>861.2</AltitudeMeters>
<DistanceMeters>76154.4</DistanceMeters>
<Extensions>
<ns3:TPX>
<ns3:Speed>5.595</ns3:Speed>
</ns3:TPX>
</Extensions>
</Trackpoint>
<Trackpoint>
<Time>2026-09-03T08:09:52Z</Time>
<Position>
<LatitudeDegrees>43.2354473</LatitudeDegrees>
<LongitudeDegrees>118.0154071</LongitudeDegrees>
</Position>
<AltitudeMeters>861.4</AltitudeMeters>
<DistanceMeters>76199.1</DistanceMeters>
<Extensions>
<ns3:TPX>
<ns3:Speed>5.356</ns3:Speed>
</ns3:TPX>
</Extensions>
</Trackpoint>
<Trackpoint>
<Time>2026-09-03T08:10:00Z</Time>
<Position>
<LatitudeDegrees>43.2356156</LatitudeDegrees>
<LongitudeDegrees>118.0159068</LongitudeDegrees>
</Position>
<AltitudeMeters>861.0</AltitudeMeters>
<DistanceMeters>76243.6</DistanceMeters>
<Extensions>
<ns3:TPX>
<ns3:Speed>5.926</ns3:Speed>
</ns3:TPX>
</Extensions>
</Trackpoint>
<Trackpoint>
<Time>2026-09-03T08:10:08Z</Time>
<Position>
<LatitudeDegrees>43.2357863</LatitudeDegrees>
<LongitudeDegrees>118.0164423</LongitudeDegrees>
</Position>
<AltitudeMeters>860.8</AltitudeMeters>
<DistanceMeters>76290.9</DistanceMeters>
<Extensions>
<ns3:TPX>
<ns3:Speed>5.975</ns3:Speed>
</ns3:TPX>
</Extensions>
</Trackpoint>
<Trackpoint>
<Time>2026-09-03T08:10:16Z</Time>
<Position>
<LatitudeDegrees>43.2359487</LatitudeDegrees>
<LongitudeDegrees>118.0169967</LongitudeDegrees>
</Position>
<AltitudeMeters>860.2</AltitudeMeters>
<DistanceMeters>76339.2</DistanceMeters>
<Extensions>
<ns3:TPX>
<ns3:Speed>6.15</ns3:Speed>
</ns3:TPX>
</Extensions>
</Trackpoint>
<Trackpoint>
<Time>2026-09-03T08:10:24Z</Time>
<Position>
<LatitudeDegrees>43.2361145</LatitudeDegrees>
<LongitudeDegrees>118.0175940</LongitudeDegrees>
</Position>
<AltitudeMeters>859.8</AltitudeMeters>
<DistanceMeters>76390.9</DistanceMeters>
<Extensions>
<ns3:TPX>
<ns3:Speed>6.587</ns3:Speed>
</ns3:TPX>
</Extensions>
</Trackpoint>
<Trackpoint>
<Time>2026-09-03T08:10:32Z</Time>
<Position>
<LatitudeDegrees>43.2362778</LatitudeDegrees>
<LongitudeDegrees>118.0182071</LongitudeDegrees>
</Position>
<AltitudeMeters>859.6</AltitudeMeters>
<DistanceMeters>76443.7</DistanceMeters>
<Extensions>
<ns3:TPX>
<ns3:Speed>6.613</ns3:Speed>
</ns3:TPX>
</Extensions>
</Trackpoint>
<Trackpoint>
<Time>2026-09-03T08:10:40Z</Time>
<Position>
<LatitudeDegrees>43.2364321</LatitudeDegrees>
<LongitudeDegrees>118.0188453</LongitudeDegrees>
</Position>
<AltitudeMeters>859.0</AltitudeMeters>
<DistanceMeters>76498.1</DistanceMeters>
<Extensions>
<ns3:TPX>
<ns3:Speed>6.731</ns3:Speed>
</ns3:TPX>
</Extensions>
</Trackpoint>
<Trackpoint>
<Time>2026-09-03T08:10:49Z</Time>
<Position>
<LatitudeDegrees>43.2365816</LatitudeDegrees>
<LongitudeDegrees>118.0194938</LongitudeDegrees>
</Position>
<AltitudeMeters>859.0</AltitudeMeters>
<DistanceMeters>76553.1</DistanceMeters>
<Extensions>
<ns3:TPX>
<ns3:Speed>7.028</ns3:Speed>
</ns3:TPX>
</Extensions>
</Trackpoint>
<Trackpoint>
<Time>2026-09-03T08:10:57Z</Time>
<Position>
<LatitudeDegrees>43.2367194</LatitudeDegrees>
<LongitudeDegrees>118.0201583</LongitudeDegrees>
</Position>
<AltitudeMeters>859.0</AltitudeMeters>
<DistanceMeters>76609.0</DistanceMeters>
<Extensions>
<ns3:TPX>
<ns3:Speed>6.919</ns3:Speed>
</ns3:TPX>
</Extensions>
</Trackpoint>
<Trackpoint>
<Time>2026-09-03T08:11:05Z</Time>
<Position>
<LatitudeDegrees>43.2368384</LatitudeDegrees>
<LongitudeDegrees>118.0207870</LongitudeDegrees>
</Position>
<AltitudeMeters>859.4</AltitudeMeters>
<DistanceMeters>76661.5</DistanceMeters>
<Extensions>
<ns3:TPX>
<ns3:Speed>6.024</ns3:Speed>
</ns3:TPX>
</Extensions>
</Trackpoint>
<Trackpoint>
<Time>2026-09-03T08:11:13Z</Time>
<Position>
<LatitudeDegrees>43.2369276</LatitudeDegrees>
<LongitudeDegrees>118.0213119</LongitudeDegrees>
</Position>
<AltitudeMeters>859.8</AltitudeMeters>
<DistanceMeters>76705.1</DistanceMeters>
<Extensions>
<ns3:TPX>
<ns3:Speed>5.394</ns3:Speed>
</ns3:TPX>
</Extensions>
</Trackpoint>
<Trackpoint>
<Time>2026-09-03T08:11:21Z</Time>
<Position>
<LatitudeDegrees>43.2370118</LatitudeDegrees>
<LongitudeDegrees>118.0218324</LongitudeDegrees>
</Position>
<AltitudeMeters>860.0</AltitudeMeters>
<DistanceMeters>76748.2</DistanceMeters>
<Extensions>
<ns3:TPX>
<ns3:Speed>5.123</ns3:Speed>
</ns3:TPX>
</Extensions>
</Trackpoint>
<Trackpoint>
<Time>2026-09-03T08:11:29Z</Time>
<Position>
<LatitudeDegrees>43.2370795</LatitudeDegrees>
<LongitudeDegrees>118.0223022</LongitudeDegrees>
</Position>
<AltitudeMeters>860.4</AltitudeMeters>
<DistanceMeters>76787.0</DistanceMeters>
<Extensions>
<ns3:TPX>
<ns3:Speed>4.987</ns3:Speed>
</ns3:TPX>
</Extensions>
</Trackpoint>
<Trackpoint>
<Time>2026-09-03T08:11:37Z</Time>
<Position>
<LatitudeDegrees>43.2371559</LatitudeDegrees>
<LongitudeDegrees>118.0228395</LongitudeDegrees>
</Position>
<AltitudeMeters>860.4</AltitudeMeters>
<DistanceMeters>76831.2</DistanceMeters>
<Extensions>
<ns3:TPX>
<ns3:Speed>5.243</ns3:Speed>
</ns3:TPX>
</Extensions>
</Trackpoint>
<Trackpoint>
<Time>2026-09-03T08:11:45Z</Time>
<Position>
<LatitudeDegrees>43.2372133</LatitudeDegrees>
<LongitudeDegrees>118.0232959</LongitudeDegrees>
</Position>
<AltitudeMeters>860.6</AltitudeMeters>
<DistanceMeters>76868.7</DistanceMeters>
<Extensions>
<ns3:TPX>
<ns3:Speed>4.704</ns3:Speed>
</ns3:TPX>
</Extensions>
</Trackpoint>
<Trackpoint>
<Time>2026-09-03T08:11:53Z</Time>
<Position>
<LatitudeDegrees>43.2372740</LatitudeDegrees>
<LongitudeDegrees>118.0237960</LongitudeDegrees>
</Position>
<AltitudeMeters>860.6</AltitudeMeters>
<DistanceMeters>76909.7</DistanceMeters>
<Extensions>
<ns3:TPX>
<ns3:Speed>4.488</ns3:Speed>
</ns3:TPX>
</Extensions>
</Trackpoint>
<Trackpoint>
<Time>2026-09-03T08:12:01Z</Time>
<Position>
<LatitudeDegrees>43.2373203</LatitudeDegrees>
<LongitudeDegrees>118.0242825</LongitudeDegrees>
</Position>
<AltitudeMeters>860.4</AltitudeMeters>
<DistanceMeters>76949.4</DistanceMeters>
<Extensions>
<ns3:TPX>
<ns3:Speed>5.464</ns3:Speed>
</ns3:TPX>
</Extensions>
</Trackpoint>
<Trackpoint>
<Time>2026-09-03T08:12:09Z</Time>
<Position>
<LatitudeDegrees>43.2373651</LatitudeDegrees>
<LongitudeDegrees>118.0248209</LongitudeDegrees>
</Position>
<AltitudeMeters>860.2</AltitudeMeters>
<DistanceMeters>76993.2</DistanceMeters>
<Extensions>
<ns3:TPX>
<ns3:Speed>5.497</ns3:Speed>
</ns3:TPX>
</Extensions>
</Trackpoint>
<Trackpoint>
<Time>2026-09-03T08:12:17Z</Time>
<Position>
<LatitudeDegrees>43.2374041</LatitudeDegrees>
<LongitudeDegrees>118.0253781</LongitudeDegrees>
</Position>
<AltitudeMeters>859.8</AltitudeMeters>
<DistanceMeters>77038.5</DistanceMeters>
<Extensions>
<ns3:TPX>
<ns3:Speed>5.82</ns3:Speed>
</ns3:TPX>
</Extensions>
</Trackpoint>
<Trackpoint>
<Time>2026-09-03T08:12:25Z</Time>
<Position>
<LatitudeDegrees>43.2374357</LatitudeDegrees>
<LongitudeDegrees>118.0259879</LongitudeDegrees>
</Position>
<AltitudeMeters>859.2</AltitudeMeters>
<DistanceMeters>77087.9</DistanceMeters>
<Extensions>
<ns3:TPX>
<ns3:Speed>6.357</ns3:Speed>
</ns3:TPX>
</Extensions>
</Trackpoint>
<Trackpoint>
<Time>2026-09-03T08:12:33Z</Time>
<Position>
<LatitudeDegrees>43.2374649</LatitudeDegrees>
<LongitudeDegrees>118.0266216</LongitudeDegrees>
</Position>
<AltitudeMeters>858.2</AltitudeMeters>
<DistanceMeters>77139.3</DistanceMeters>
<Extensions>
<ns3:TPX>
<ns3:Speed>6.423</ns3:Speed>
</ns3:TPX>
</Extensions>
</Trackpoint>
<Trackpoint>
<Time>2026-09-03T08:12:41Z</Time>
<Position>
<LatitudeDegrees>43.2374719</LatitudeDegrees>
<LongitudeDegrees>118.0272532</LongitudeDegrees>
</Position>
<AltitudeMeters>857.6</AltitudeMeters>
<DistanceMeters>77190.4</DistanceMeters>
<Extensions>
<ns3:TPX>
<ns3:Speed>6.328</ns3:Speed>
</ns3:TPX>
</Extensions>
</Trackpoint>
<Trackpoint>
<Time>2026-09-03T08:12:49Z</Time>
<Position>
<LatitudeDegrees>43.2374851</LatitudeDegrees>
<LongitudeDegrees>118.0278984</LongitudeDegrees>
</Position>
<AltitudeMeters>857.2</AltitudeMeters>
<DistanceMeters>77242.6</DistanceMeters>
<Extensions>
<ns3:TPX>
<ns3:Speed>6.985</ns3:Speed>
</ns3:TPX>
</Extensions>
</Trackpoint>
<Trackpoint>
<Time>2026-09-03T08:12:57Z</Time>
<Position>
<LatitudeDegrees>43.2374963</LatitudeDegrees>
<LongitudeDegrees>118.0285952</LongitudeDegrees>
</Position>
<AltitudeMeters>857.0</AltitudeMeters>
<DistanceMeters>77298.9</DistanceMeters>
<Extensions>
<ns3:TPX>
<ns3:Speed>6.68</ns3:Speed>
</ns3:TPX>
</Extensions>
</Trackpoint>
<Trackpoint>
<Time>2026-09-03T08:13:05Z</Time>
<Position>
<LatitudeDegrees>43.2375113</LatitudeDegrees>
<LongitudeDegrees>118.0292214</LongitudeDegrees>
</Position>
<AltitudeMeters>857.0</AltitudeMeters>
<DistanceMeters>77349.6</DistanceMeters>
<Extensions>
<ns3:TPX>
<ns3:Speed>6.293</ns3:Speed>
</ns3:TPX>
</Extensions>
</Trackpoint>
<Trackpoint>
<Time>2026-09-03T08:13:14Z</Time>
<Position>
<LatitudeDegrees>43.2375176</LatitudeDegrees>
<LongitudeDegrees>118.0297955</LongitudeDegrees>
</Position>
<AltitudeMeters>857.2</AltitudeMeters>
<DistanceMeters>77396.0</DistanceMeters>
<Extensions>
<ns3:TPX>
<ns3:Speed>5.243</ns3:Speed>
</ns3:TPX>
</Extensions>
</Trackpoint>
<Trackpoint>
<Time>2026-09-03T08:13:22Z</Time>
<Position>
<LatitudeDegrees>43.2375265</LatitudeDegrees>
<LongitudeDegrees>118.0303001</LongitudeDegrees>
</Position>
<AltitudeMeters>857.6</AltitudeMeters>
<DistanceMeters>77436.9</DistanceMeters>
<Extensions>
<ns3:TPX>
<ns3:Speed>5.186</ns3:Speed>
</ns3:TPX>
</Extensions>
</Trackpoint>
<Trackpoint>
<Time>2026-09-03T08:13:30Z</Time>
<Position>
<LatitudeDegrees>43.2375371</LatitudeDegrees>
<LongitudeDegrees>118.0308029</LongitudeDegrees>
</Position>
<AltitudeMeters>857.8</AltitudeMeters>
<DistanceMeters>77477.5</DistanceMeters>
<Extensions>
<ns3:TPX>
<ns3:Speed>4.873</ns3:Speed>
</ns3:TPX>
</Extensions>
</Trackpoint>
<Trackpoint>
<Time>2026-09-03T08:13:38Z</Time>
<Position>
<LatitudeDegrees>43.2375391</LatitudeDegrees>
<LongitudeDegrees>118.0312484</LongitudeDegrees>
</Position>
<AltitudeMeters>858.0</AltitudeMeters>
<DistanceMeters>77513.6</DistanceMeters>
<Extensions>
<ns3:TPX>
<ns3:Speed>4.555</ns3:Speed>
</ns3:TPX>
</Extensions>
</Trackpoint>
<Trackpoint>
<Time>2026-09-03T08:13:46Z</Time>
<Position>
<LatitudeDegrees>43.2375448</LatitudeDegrees>
<LongitudeDegrees>118.0317115</LongitudeDegrees>
</Position>
<AltitudeMeters>858.2</AltitudeMeters>
<DistanceMeters>77551.0</DistanceMeters>
<Extensions>
<ns3:TPX>
<ns3:Speed>4.887</ns3:Speed>
</ns3:TPX>
</Extensions>
</Trackpoint>
<Trackpoint>
<Time>2026-09-03T08:13:54Z</Time>
<Position>
<LatitudeDegrees>43.2375501</LatitudeDegrees>
<LongitudeDegrees>118.0321852</LongitudeDegrees>
</Position>
<AltitudeMeters>858.4</AltitudeMeters>
<DistanceMeters>77589.3</DistanceMeters>
<Extensions>
<ns3:TPX>
<ns3:Speed>4.989</ns3:Speed>
</ns3:TPX>
</Extensions>
</Trackpoint>
<Trackpoint>
<Time>2026-09-03T08:14:02Z</Time>
<Position>
<LatitudeDegrees>43.2375604</LatitudeDegrees>
<LongitudeDegrees>118.0327233</LongitudeDegrees>
</Position>
<AltitudeMeters>858.0</AltitudeMeters>
<DistanceMeters>77632.9</DistanceMeters>
<Extensions>
<ns3:TPX>
<ns3:Speed>5.022</ns3:Speed>
</ns3:TPX>
</Extensions>
</Trackpoint>
<Trackpoint>
<Time>2026-09-03T08:14:10Z</Time>
<Position>
<LatitudeDegrees>43.2375683</LatitudeDegrees>
<LongitudeDegrees>118.0332438</LongitudeDegrees>
</Position>
<AltitudeMeters>858.0</AltitudeMeters>
<DistanceMeters>77675.0</DistanceMeters>
<Extensions>
<ns3:TPX>
<ns3:Speed>5.298</ns3:Speed>
</ns3:TPX>
</Extensions>
</Trackpoint>
<Trackpoint>
<Time>2026-09-03T08:14:18Z</Time>
<Position>
<LatitudeDegrees>43.2375780</LatitudeDegrees>
<LongitudeDegrees>118.0337763</LongitudeDegrees>
</Position>
<AltitudeMeters>857.4</AltitudeMeters>
<DistanceMeters>77718.0</DistanceMeters>
<Extensions>
<ns3:TPX>
<ns3:Speed>5.501</ns3:Speed>
</ns3:TPX>
</Extensions>
</Trackpoint>
<Trackpoint>
<Time>2026-09-03T08:14:26Z</Time>
<Position>
<LatitudeDegrees>43.2375849</LatitudeDegrees>
<LongitudeDegrees>118.0343364</LongitudeDegrees>
</Position>
<AltitudeMeters>857.0</AltitudeMeters>
<DistanceMeters>77763.3</DistanceMeters>
<Extensions>
<ns3:TPX>
<ns3:Speed>5.846</ns3:Speed>
</ns3:TPX>
</Extensions>
</Trackpoint>
<Trackpoint>
<Time>2026-09-03T08:14:34Z</Time>
<Position>
<LatitudeDegrees>43.2375919</LatitudeDegrees>
<LongitudeDegrees>118.0349366</LongitudeDegrees>
</Position>
<AltitudeMeters>856.0</AltitudeMeters>
<DistanceMeters>77811.9</DistanceMeters>
<Extensions>
<ns3:TPX>
<ns3:Speed>6.171</ns3:Speed>
</ns3:TPX>
</Extensions>
</Trackpoint>
<Trackpoint>
<Time>2026-09-03T08:14:42Z</Time>
<Position>
<LatitudeDegrees>43.2376042</LatitudeDegrees>
<LongitudeDegrees>118.0355742</LongitudeDegrees>
</Position>
<AltitudeMeters>855.4</AltitudeMeters>
<DistanceMeters>77863.5</DistanceMeters>
<Extensions>
<ns3:TPX>
<ns3:Speed>6.448</ns3:Speed>
</ns3:TPX>
</Extensions>
</Trackpoint>
<Trackpoint>
<Time>2026-09-03T08:14:50Z</Time>
<Position>
<LatitudeDegrees>43.2376139</LatitudeDegrees>
<LongitudeDegrees>118.0362189</LongitudeDegrees>
</Position>
<AltitudeMeters>855.2</AltitudeMeters>
<DistanceMeters>77915.6</DistanceMeters>
<Extensions>
<ns3:TPX>
<ns3:Speed>6.962</ns3:Speed>
</ns3:TPX>
</Extensions>
</Trackpoint>
<Trackpoint>
<Time>2026-09-03T08:14:58Z</Time>
<Position>
<LatitudeDegrees>43.2376257</LatitudeDegrees>
<LongitudeDegrees>118.0368971</LongitudeDegrees>
</Position>
<AltitudeMeters>854.8</AltitudeMeters>
<DistanceMeters>77970.5</DistanceMeters>
<Extensions>
<ns3:TPX>
<ns3:Speed>6.682</ns3:Speed>
</ns3:TPX>
</Extensions>
</Trackpoint>
<Trackpoint>
<Time>2026-09-03T08:15:06Z</Time>
<Position>
<LatitudeDegrees>43.2376362</LatitudeDegrees>
<LongitudeDegrees>118.0375492</LongitudeDegrees>
</Position>
<AltitudeMeters>854.4</AltitudeMeters>
<DistanceMeters>78023.2</DistanceMeters>
<Extensions>
<ns3:TPX>
<ns3:Speed>6.482</ns3:Speed>
</ns3:TPX>
</Extensions>
</Trackpoint>
<Trackpoint>
<Time>2026-09-03T08:15:14Z</Time>
<Position>
<LatitudeDegrees>43.2376452</LatitudeDegrees>
<LongitudeDegrees>118.0381915</LongitudeDegrees>
</Position>
<AltitudeMeters>853.8</AltitudeMeters>
<DistanceMeters>78075.2</DistanceMeters>
<Extensions>
<ns3:TPX>
<ns3:Speed>6.391</ns3:Speed>
</ns3:TPX>
</Extensions>
</Trackpoint>
<Trackpoint>
<Time>2026-09-03T08:15:22Z</Time>
<Position>
<LatitudeDegrees>43.2376525</LatitudeDegrees>
<LongitudeDegrees>118.0388184</LongitudeDegrees>
</Position>
<AltitudeMeters>853.8</AltitudeMeters>
<DistanceMeters>78125.9</DistanceMeters>
<Extensions>
<ns3:TPX>
<ns3:Speed>6.412</ns3:Speed>
</ns3:TPX>
</Extensions>
</Trackpoint>
<Trackpoint>
<Time>2026-09-03T08:15:30Z</Time>
<Position>
<LatitudeDegrees>43.2376608</LatitudeDegrees>
<LongitudeDegrees>118.0394382</LongitudeDegrees>
</Position>
<AltitudeMeters>854.0</AltitudeMeters>
<DistanceMeters>78176.0</DistanceMeters>
<Extensions>
<ns3:TPX>
<ns3:Speed>6.392</ns3:Speed>
</ns3:TPX>
</Extensions>
</Trackpoint>
<Trackpoint>
<Time>2026-09-03T08:15:39Z</Time>
<Position>
<LatitudeDegrees>43.2376678</LatitudeDegrees>
<LongitudeDegrees>118.0400775</LongitudeDegrees>
</Position>
<AltitudeMeters>853.4</AltitudeMeters>
<DistanceMeters>78227.7</DistanceMeters>
<Extensions>
<ns3:TPX>
<ns3:Speed>6.362</ns3:Speed>
</ns3:TPX>
</Extensions>
</Trackpoint>
<Trackpoint>
<Time>2026-09-03T08:15:47Z</Time>
<Position>
<LatitudeDegrees>43.2376758</LatitudeDegrees>
<LongitudeDegrees>118.0407114</LongitudeDegrees>
</Position>
<AltitudeMeters>853.2</AltitudeMeters>
<DistanceMeters>78279.0</DistanceMeters>
<Extensions>
<ns3:TPX>
<ns3:Speed>6.476</ns3:Speed>
</ns3:TPX>
</Extensions>
</Trackpoint>
<Trackpoint>
<Time>2026-09-03T08:15:55Z</Time>
<Position>
<LatitudeDegrees>43.2376864</LatitudeDegrees>
<LongitudeDegrees>118.0413358</LongitudeDegrees>
</Position>
<AltitudeMeters>853.0</AltitudeMeters>
<DistanceMeters>78329.5</DistanceMeters>
<Extensions>
<ns3:TPX>
<ns3:Speed>6.25</ns3:Speed>
</ns3:TPX>
</Extensions>
</Trackpoint>
<Trackpoint>
<Time>2026-09-03T08:16:03Z</Time>
<Position>
<LatitudeDegrees>43.2376887</LatitudeDegrees>
<LongitudeDegrees>118.0419567</LongitudeDegrees>
</Position>
<AltitudeMeters>852.6</AltitudeMeters>
<DistanceMeters>78379.7</DistanceMeters>
<Extensions>
<ns3:TPX>
<ns3:Speed>6.52</ns3:Speed>
</ns3:TPX>
</Extensions>
</Trackpoint>
<Trackpoint>
<Time>2026-09-03T08:16:11Z</Time>
<Position>
<LatitudeDegrees>43.2376901</LatitudeDegrees>
<LongitudeDegrees>118.0425739</LongitudeDegrees>
</Position>
<AltitudeMeters>852.4</AltitudeMeters>
<DistanceMeters>78429.6</DistanceMeters>
<Extensions>
<ns3:TPX>
<ns3:Speed>6.005</ns3:Speed>
</ns3:TPX>
</Extensions>
</Trackpoint>
<Trackpoint>
<Time>2026-09-03T08:16:19Z</Time>
<Position>
<LatitudeDegrees>43.2376923</LatitudeDegrees>
<LongitudeDegrees>118.0431748</LongitudeDegrees>
</Position>
<AltitudeMeters>852.4</AltitudeMeters>
<DistanceMeters>78478.2</DistanceMeters>
<Extensions>
<ns3:TPX>
<ns3:Speed>5.947</ns3:Speed>
</ns3:TPX>
</Extensions>
</Trackpoint>
<Trackpoint>
<Time>2026-09-03T08:16:27Z</Time>
<Position>
<LatitudeDegrees>43.2376864</LatitudeDegrees>
<LongitudeDegrees>118.0438698</LongitudeDegrees>
</Position>
<AltitudeMeters>852.0</AltitudeMeters>
<DistanceMeters>78534.4</DistanceMeters>
<Extensions>
<ns3:TPX>
<ns3:Speed>6.261</ns3:Speed>
</ns3:TPX>
</Extensions>
</Trackpoint>
<Trackpoint>
<Time>2026-09-03T08:16:35Z</Time>
<Position>
<LatitudeDegrees>43.2376774</LatitudeDegrees>
<LongitudeDegrees>118.0444680</LongitudeDegrees>
</Position>
<AltitudeMeters>852.0</AltitudeMeters>
<DistanceMeters>78582.8</DistanceMeters>
<Extensions>
<ns3:TPX>
<ns3:Speed>6.176</ns3:Speed>
</ns3:TPX>
</Extensions>
</Trackpoint>
<Trackpoint>
<Time>2026-09-03T08:16:43Z</Time>
<Position>
<LatitudeDegrees>43.2376643</LatitudeDegrees>
<LongitudeDegrees>118.0450592</LongitudeDegrees>
</Position>
<AltitudeMeters>851.8</AltitudeMeters>
<DistanceMeters>78630.6</DistanceMeters>
<Extensions>
<ns3:TPX>
<ns3:Speed>6.048</ns3:Speed>
</ns3:TPX>
</Extensions>
</Trackpoint>
<Trackpoint>
<Time>2026-09-03T08:16:51Z</Time>
<Position>
<LatitudeDegrees>43.2376457</LatitudeDegrees>
<LongitudeDegrees>118.0456357</LongitudeDegrees>
</Position>
<AltitudeMeters>851.8</AltitudeMeters>
<DistanceMeters>78677.3</DistanceMeters>
<Extensions>
<ns3:TPX>
<ns3:Speed>5.73</ns3:Speed>
</ns3:TPX>
</Extensions>
</Trackpoint>
<Trackpoint>
<Time>2026-09-03T08:16:59Z</Time>
<Position>
<LatitudeDegrees>43.2376256</LatitudeDegrees>
<LongitudeDegrees>118.0462101</LongitudeDegrees>
</Position>
<AltitudeMeters>851.8</AltitudeMeters>
<DistanceMeters>78723.8</DistanceMeters>
<Extensions>
<ns3:TPX>
<ns3:Speed>6.016</ns3:Speed>
</ns3:TPX>
</Extensions>
</Trackpoint>
<Trackpoint>
<Time>2026-09-03T08:17:07Z</Time>
<Position>
<LatitudeDegrees>43.2376023</LatitudeDegrees>
<LongitudeDegrees>118.0468029</LongitudeDegrees>
</Position>
<AltitudeMeters>851.6</AltitudeMeters>
<DistanceMeters>78771.8</DistanceMeters>
<Extensions>
<ns3:TPX>
<ns3:Speed>5.742</ns3:Speed>
</ns3:TPX>
</Extensions>
</Trackpoint>
<Trackpoint>
<Time>2026-09-03T08:17:15Z</Time>
<Position>
<LatitudeDegrees>43.2375781</LatitudeDegrees>
<LongitudeDegrees>118.0473556</LongitudeDegrees>
</Position>
<AltitudeMeters>851.8</AltitudeMeters>
<DistanceMeters>78816.6</DistanceMeters>
<Extensions>
<ns3:TPX>
<ns3:Speed>5.721</ns3:Speed>
</ns3:TPX>
</Extensions>
</Trackpoint>
<Trackpoint>
<Time>2026-09-03T08:17:23Z</Time>
<Position>
<LatitudeDegrees>43.2375522</LatitudeDegrees>
<LongitudeDegrees>118.0478900</LongitudeDegrees>
</Position>
<AltitudeMeters>851.8</AltitudeMeters>
<DistanceMeters>78859.9</DistanceMeters>
<Extensions>
<ns3:TPX>
<ns3:Speed>5.25</ns3:Speed>
</ns3:TPX>
</Extensions>
</Trackpoint>
<Trackpoint>
<Time>2026-09-03T08:17:31Z</Time>
<Position>
<LatitudeDegrees>43.2375263</LatitudeDegrees>
<LongitudeDegrees>118.0484114</LongitudeDegrees>
</Position>
<AltitudeMeters>852.0</AltitudeMeters>
<DistanceMeters>78902.2</DistanceMeters>
<Extensions>
<ns3:TPX>
<ns3:Speed>5.351</ns3:Speed>
</ns3:TPX>
</Extensions>
</Trackpoint>
<Trackpoint>
<Time>2026-09-03T08:17:39Z</Time>
<Position>
<LatitudeDegrees>43.2374963</LatitudeDegrees>
<LongitudeDegrees>118.0489376</LongitudeDegrees>
</Position>
<AltitudeMeters>852.0</AltitudeMeters>
<DistanceMeters>78944.9</DistanceMeters>
<Extensions>
<ns3:TPX>
<ns3:Speed>5.191</ns3:Speed>
</ns3:TPX>
</Extensions>
</Trackpoint>
<Trackpoint>
<Time>2026-09-03T08:17:47Z</Time>
<Position>
<LatitudeDegrees>43.2374623</LatitudeDegrees>
<LongitudeDegrees>118.0494340</LongitudeDegrees>
</Position>
<AltitudeMeters>852.0</AltitudeMeters>
<DistanceMeters>78985.2</DistanceMeters>
<Extensions>
<ns3:TPX>
<ns3:Speed>4.92</ns3:Speed>
</ns3:TPX>
</Extensions>
</Trackpoint>
<Trackpoint>
<Time>2026-09-03T08:17:56Z</Time>
<Position>
<LatitudeDegrees>43.2374305</LatitudeDegrees>
<LongitudeDegrees>118.0499351</LongitudeDegrees>
</Position>
<AltitudeMeters>851.8</AltitudeMeters>
<DistanceMeters>79025.9</DistanceMeters>
<Extensions>
<ns3:TPX>
<ns3:Speed>5.096</ns3:Speed>
</ns3:TPX>
</Extensions>
</Trackpoint>
<Trackpoint>
<Time>2026-09-03T08:18:04Z</Time>
<Position>
<LatitudeDegrees>43.2373908</LatitudeDegrees>
<LongitudeDegrees>118.0504648</LongitudeDegrees>
</Position>
<AltitudeMeters>851.6</AltitudeMeters>
<DistanceMeters>79069.0</DistanceMeters>
<Extensions>
<ns3:TPX>
<ns3:Speed>5.448</ns3:Speed>
</ns3:TPX>
</Extensions>
</Trackpoint>
<Trackpoint>
<Time>2026-09-03T08:18:12Z</Time>
<Position>
<LatitudeDegrees>43.2373519</LatitudeDegrees>
<LongitudeDegrees>118.0509973</LongitudeDegrees>
</Position>
<AltitudeMeters>851.6</AltitudeMeters>
<DistanceMeters>79112.2</DistanceMeters>
<Extensions>
<ns3:TPX>
<ns3:Speed>5.394</ns3:Speed>
</ns3:TPX>
</Extensions>
</Trackpoint>
<Trackpoint>
<Time>2026-09-03T08:18:20Z</Time>
<Position>
<LatitudeDegrees>43.2373085</LatitudeDegrees>
<LongitudeDegrees>118.0515497</LongitudeDegrees>
</Position>
<AltitudeMeters>851.2</AltitudeMeters>
<DistanceMeters>79157.1</DistanceMeters>
<Extensions>
<ns3:TPX>
<ns3:Speed>5.832</ns3:Speed>
</ns3:TPX>
</Extensions>
</Trackpoint>
<Trackpoint>
<Time>2026-09-03T08:18:28Z</Time>
<Position>
<LatitudeDegrees>43.2372664</LatitudeDegrees>
<LongitudeDegrees>118.0521185</LongitudeDegrees>
</Position>
<AltitudeMeters>851.0</AltitudeMeters>
<DistanceMeters>79203.4</DistanceMeters>
<Extensions>
<ns3:TPX>
<ns3:Speed>5.957</ns3:Speed>
</ns3:TPX>
</Extensions>
</Trackpoint>
<Trackpoint>
<Time>2026-09-03T08:18:36Z</Time>
<Position>
<LatitudeDegrees>43.2372206</LatitudeDegrees>
<LongitudeDegrees>118.0526993</LongitudeDegrees>
</Position>
<AltitudeMeters>850.6</AltitudeMeters>
<DistanceMeters>79250.6</DistanceMeters>
<Extensions>
<ns3:TPX>
<ns3:Speed>6.077</ns3:Speed>
</ns3:TPX>
</Extensions>
</Trackpoint>
<Trackpoint>
<Time>2026-09-03T08:18:44Z</Time>
<Position>
<LatitudeDegrees>43.2371763</LatitudeDegrees>
<LongitudeDegrees>118.0533043</LongitudeDegrees>
</Position>
<AltitudeMeters>850.2</AltitudeMeters>
<DistanceMeters>79299.8</DistanceMeters>
<Extensions>
<ns3:TPX>
<ns3:Speed>5.779</ns3:Speed>
</ns3:TPX>
</Extensions>
</Trackpoint>
<Trackpoint>
<Time>2026-09-03T08:18:52Z</Time>
<Position>
<LatitudeDegrees>43.2371288</LatitudeDegrees>
<LongitudeDegrees>118.0538854</LongitudeDegrees>
</Position>
<AltitudeMeters>850.0</AltitudeMeters>
<DistanceMeters>79347.1</DistanceMeters>
<Extensions>
<ns3:TPX>
<ns3:Speed>5.639</ns3:Speed>
</ns3:TPX>
</Extensions>
</Trackpoint>
<Trackpoint>
<Time>2026-09-03T08:19:00Z</Time>
<Position>
<LatitudeDegrees>43.2370868</LatitudeDegrees>
<LongitudeDegrees>118.0544372</LongitudeDegrees>
</Position>
<AltitudeMeters>849.6</AltitudeMeters>
<DistanceMeters>79392.0</DistanceMeters>
<Extensions>
<ns3:TPX>
<ns3:Speed>5.233</ns3:Speed>
</ns3:TPX>
</Extensions>
</Trackpoint>
<Trackpoint>
<Time>2026-09-03T08:19:08Z</Time>
<Position>
<LatitudeDegrees>43.2370580</LatitudeDegrees>
<LongitudeDegrees>118.0547343</LongitudeDegrees>
</Position>
<AltitudeMeters>849.2</AltitudeMeters>
<DistanceMeters>79416.3</DistanceMeters>
<Extensions>
<ns3:TPX>
<ns3:Speed>1.604</ns3:Speed>
</ns3:TPX>
</Extensions>
</Trackpoint>
<Trackpoint>
<Time>2026-09-03T08:19:13Z</Time>
<Position>
<LatitudeDegrees>43.2370614</LatitudeDegrees>
<LongitudeDegrees>118.0548166</LongitudeDegrees>
</Position>
<AltitudeMeters>849.4</AltitudeMeters>
<DistanceMeters>79423.2</DistanceMeters>
<Extensions>
<ns3:TPX>
<ns3:Speed>2.205</ns3:Speed>
</ns3:TPX>
</Extensions>
</Trackpoint>
<Trackpoint>
<Time>2026-09-03T08:19:15Z</Time>
<Position>
<LatitudeDegrees>43.2370949</LatitudeDegrees>
<LongitudeDegrees>118.0548330</LongitudeDegrees>
</Position>
<AltitudeMeters>849.4</AltitudeMeters>
<DistanceMeters>79427.3</DistanceMeters>
<Extensions>
<ns3:TPX>
<ns3:Speed>2.527</ns3:Speed>
</ns3:TPX>
</Extensions>
</Trackpoint>
<Trackpoint>
<Time>2026-09-03T08:19:22Z</Time>
<Position>
<LatitudeDegrees>43.2372164</LatitudeDegrees>
<LongitudeDegrees>118.0547460</LongitudeDegrees>
</Position>
<AltitudeMeters>849.0</AltitudeMeters>
<DistanceMeters>79442.8</DistanceMeters>
<Extensions>
<ns3:TPX>
<ns3:Speed>1.622</ns3:Speed>
</ns3:TPX>
</Extensions>
</Trackpoint>
<Trackpoint>
<Time>2026-09-03T08:19:26Z</Time>
<Position>
<LatitudeDegrees>43.2372460</LatitudeDegrees>
<LongitudeDegrees>118.0547556</LongitudeDegrees>
</Position>
<AltitudeMeters>848.6</AltitudeMeters>
<DistanceMeters>79444.3</DistanceMeters>
<Extensions>
<ns3:TPX>
<ns3:Speed>0.0</ns3:Speed>
</ns3:TPX>
</Extensions>
</Trackpoint>
<Trackpoint>
<Time>2026-09-03T08:19:43Z</Time>
<Position>
<LatitudeDegrees>43.2373164</LatitudeDegrees>
<LongitudeDegrees>118.0547516</LongitudeDegrees>
</Position>
<AltitudeMeters>848.4</AltitudeMeters>
<DistanceMeters>79444.3</DistanceMeters>
<Extensions>
<ns3:TPX>
<ns3:Speed>0.0</ns3:Speed>
</ns3:TPX>
</Extensions>
</Trackpoint>
<Trackpoint>
<Time>2026-09-03T08:19:58Z</Time>
<Position>
<LatitudeDegrees>43.2374273</LatitudeDegrees>
<LongitudeDegrees>118.0547973</LongitudeDegrees>
</Position>
<AltitudeMeters>848.2</AltitudeMeters>
<DistanceMeters>79457.3</DistanceMeters>
<Extensions>
<ns3:TPX>
<ns3:Speed>1.167</ns3:Speed>
</ns3:TPX>
</Extensions>
</Trackpoint>
<Trackpoint>
<Time>2026-09-03T08:20:05Z</Time>
<Position>
<LatitudeDegrees>43.2374632</LatitudeDegrees>
<LongitudeDegrees>118.0548639</LongitudeDegrees>
</Position>
<AltitudeMeters>848.2</AltitudeMeters>
<DistanceMeters>79464.3</DistanceMeters>
<Extensions>
<ns3:TPX>
<ns3:Speed>0.998</ns3:Speed>
</ns3:TPX>
</Extensions>
</Trackpoint>
<Trackpoint>
<Time>2026-09-03T08:20:13Z</Time>
<Position>
<LatitudeDegrees>43.2374979</LatitudeDegrees>
<LongitudeDegrees>118.0549544</LongitudeDegrees>
</Position>
<AltitudeMeters>848.4</AltitudeMeters>
<DistanceMeters>79472.8</DistanceMeters>
<Extensions>
<ns3:TPX>
<ns3:Speed>0.876</ns3:Speed>
</ns3:TPX>
</Extensions>
</Trackpoint>
<Trackpoint>
<Time>2026-09-03T08:20:22Z</Time>
<Position>
<LatitudeDegrees>43.2375325</LatitudeDegrees>
<LongitudeDegrees>118.0550423</LongitudeDegrees>
</Position>
<AltitudeMeters>848.4</AltitudeMeters>
<DistanceMeters>79480.9</DistanceMeters>
<Extensions>
<ns3:TPX>
<ns3:Speed>1.11</ns3:Speed>
</ns3:TPX>
</Extensions>
</Trackpoint>
<Trackpoint>
<Time>2026-09-03T08:20:26Z</Time>
<Position>
<LatitudeDegrees>43.2375321</LatitudeDegrees>
<LongitudeDegrees>118.0550663</LongitudeDegrees>
</Position>
<AltitudeMeters>848.4</AltitudeMeters>
<DistanceMeters>79481.9</DistanceMeters>
<Extensions>
<ns3:TPX>
<ns3:Speed>0.0</ns3:Speed>
</ns3:TPX>
</Extensions>
</Trackpoint>
<Trackpoint>
<Time>2026-09-03T08:43:40Z</Time>
<Position>
<LatitudeDegrees>43.2374462</LatitudeDegrees>
<LongitudeDegrees>118.0548131</LongitudeDegrees>
</Position>
<AltitudeMeters>848.4</AltitudeMeters>
<DistanceMeters>79504.6</DistanceMeters>
<Extensions>
<ns3:TPX>
<ns3:Speed>1.543</ns3:Speed>
</ns3:TPX>
</Extensions>
</Trackpoint>
<Trackpoint>
<Time>2026-09-03T08:43:44Z</Time>
<Position>
<LatitudeDegrees>43.2373944</LatitudeDegrees>
<LongitudeDegrees>118.0547490</LongitudeDegrees>
</Position>
<AltitudeMeters>848.2</AltitudeMeters>
<DistanceMeters>79512.5</DistanceMeters>
<Extensions>
<ns3:TPX>
<ns3:Speed>2.327</ns3:Speed>
</ns3:TPX>
</Extensions>
</Trackpoint>
<Trackpoint>
<Time>2026-09-03T08:43:49Z</Time>
<Position>
<LatitudeDegrees>43.2373047</LatitudeDegrees>
<LongitudeDegrees>118.0547326</LongitudeDegrees>
</Position>
<AltitudeMeters>848.4</AltitudeMeters>
<DistanceMeters>79522.7</DistanceMeters>
<Extensions>
<ns3:TPX>
<ns3:Speed>2.086</ns3:Speed>
</ns3:TPX>
</Extensions>
</Trackpoint>
<Trackpoint>
<Time>2026-09-03T08:43:55Z</Time>
<Position>
<LatitudeDegrees>43.2371981</LatitudeDegrees>
<LongitudeDegrees>118.0547365</LongitudeDegrees>
</Position>
<AltitudeMeters>848.8</AltitudeMeters>
<DistanceMeters>79534.7</DistanceMeters>
<Extensions>
<ns3:TPX>
<ns3:Speed>1.658</ns3:Speed>
</ns3:TPX>
</Extensions>
</Trackpoint>
<Trackpoint>
<Time>2026-09-03T08:43:59Z</Time>
<Position>
<LatitudeDegrees>43.2371636</LatitudeDegrees>
<LongitudeDegrees>118.0547259</LongitudeDegrees>
</Position>
<AltitudeMeters>849.2</AltitudeMeters>
<DistanceMeters>79536.4</DistanceMeters>
<Extensions>
<ns3:TPX>
<ns3:Speed>0.0</ns3:Speed>
</ns3:TPX>
</Extensions>
</Trackpoint>
<Trackpoint>
<Time>2026-09-03T08:44:12Z</Time>
<Position>
<LatitudeDegrees>43.2370540</LatitudeDegrees>
<LongitudeDegrees>118.0549097</LongitudeDegrees>
</Position>
<AltitudeMeters>849.4</AltitudeMeters>
<DistanceMeters>79555.7</DistanceMeters>
<Extensions>
<ns3:TPX>
<ns3:Speed>3.455</ns3:Speed>
</ns3:TPX>
</Extensions>
</Trackpoint>
<Trackpoint>
<Time>2026-09-03T08:44:20Z</Time>
<Position>
<LatitudeDegrees>43.2370247</LatitudeDegrees>
<LongitudeDegrees>118.0552687</LongitudeDegrees>
</Position>
<AltitudeMeters>849.2</AltitudeMeters>
<DistanceMeters>79585.0</DistanceMeters>
<Extensions>
<ns3:TPX>
<ns3:Speed>3.755</ns3:Speed>
</ns3:TPX>
</Extensions>
</Trackpoint>
<Trackpoint>
<Time>2026-09-03T08:44:28Z</Time>
<Position>
<LatitudeDegrees>43.2369983</LatitudeDegrees>
<LongitudeDegrees>118.0557067</LongitudeDegrees>
</Position>
<AltitudeMeters>849.0</AltitudeMeters>
<DistanceMeters>79620.5</DistanceMeters>
<Extensions>
<ns3:TPX>
<ns3:Speed>3.995</ns3:Speed>
</ns3:TPX>
</Extensions>
</Trackpoint>
<Trackpoint>
<Time>2026-09-03T08:44:36Z</Time>
<Position>
<LatitudeDegrees>43.2369672</LatitudeDegrees>
<LongitudeDegrees>118.0560933</LongitudeDegrees>
</Position>
<AltitudeMeters>848.8</AltitudeMeters>
<DistanceMeters>79652.0</DistanceMeters>
<Extensions>
<ns3:TPX>
<ns3:Speed>4.439</ns3:Speed>
</ns3:TPX>
</Extensions>
</Trackpoint>
<Trackpoint>
<Time>2026-09-03T08:44:44Z</Time>
<Position>
<LatitudeDegrees>43.2369331</LatitudeDegrees>
<LongitudeDegrees>118.0565476</LongitudeDegrees>
</Position>
<AltitudeMeters>848.8</AltitudeMeters>
<DistanceMeters>79688.9</DistanceMeters>
<Extensions>
<ns3:TPX>
<ns3:Speed>4.844</ns3:Speed>
</ns3:TPX>
</Extensions>
</Trackpoint>
<Trackpoint>
<Time>2026-09-03T08:44:52Z</Time>
<Position>
<LatitudeDegrees>43.2368950</LatitudeDegrees>
<LongitudeDegrees>118.0570332</LongitudeDegrees>
</Position>
<AltitudeMeters>848.4</AltitudeMeters>
<DistanceMeters>79728.4</DistanceMeters>
<Extensions>
<ns3:TPX>
<ns3:Speed>5.05</ns3:Speed>
</ns3:TPX>
</Extensions>
</Trackpoint>
<Trackpoint>
<Time>2026-09-03T08:45:00Z</Time>
<Position>
<LatitudeDegrees>43.2368618</LatitudeDegrees>
<LongitudeDegrees>118.0575195</LongitudeDegrees>
</Position>
<AltitudeMeters>848.2</AltitudeMeters>
<DistanceMeters>79767.9</DistanceMeters>
<Extensions>
<ns3:TPX>
<ns3:Speed>5.227</ns3:Speed>
</ns3:TPX>
</Extensions>
</Trackpoint>
<Trackpoint>
<Time>2026-09-03T08:45:08Z</Time>
<Position>
<LatitudeDegrees>43.2368223</LatitudeDegrees>
<LongitudeDegrees>118.0580244</LongitudeDegrees>
</Position>
<AltitudeMeters>848.0</AltitudeMeters>
<DistanceMeters>79809.0</DistanceMeters>
<Extensions>
<ns3:TPX>
<ns3:Speed>5.372</ns3:Speed>
</ns3:TPX>
</Extensions>
</Trackpoint>
<Trackpoint>
<Time>2026-09-03T08:45:16Z</Time>
<Position>
<LatitudeDegrees>43.2367832</LatitudeDegrees>
<LongitudeDegrees>118.0585524</LongitudeDegrees>
</Position>
<AltitudeMeters>848.0</AltitudeMeters>
<DistanceMeters>79851.9</DistanceMeters>
<Extensions>
<ns3:TPX>
<ns3:Speed>5.546</ns3:Speed>
</ns3:TPX>
</Extensions>
</Trackpoint>
<Trackpoint>
<Time>2026-09-03T08:45:24Z</Time>
<Position>
<LatitudeDegrees>43.2367417</LatitudeDegrees>
<LongitudeDegrees>118.0590940</LongitudeDegrees>
</Position>
<AltitudeMeters>847.8</AltitudeMeters>
<DistanceMeters>79896.0</DistanceMeters>
<Extensions>
<ns3:TPX>
<ns3:Speed>5.674</ns3:Speed>
</ns3:TPX>
</Extensions>
</Trackpoint>
<Trackpoint>
<Time>2026-09-03T08:45:32Z</Time>
<Position>
<LatitudeDegrees>43.2367013</LatitudeDegrees>
<LongitudeDegrees>118.0596517</LongitudeDegrees>
</Position>
<AltitudeMeters>847.8</AltitudeMeters>
<DistanceMeters>79941.3</DistanceMeters>
<Extensions>
<ns3:TPX>
<ns3:Speed>5.537</ns3:Speed>
</ns3:TPX>
</Extensions>
</Trackpoint>
<Trackpoint>
<Time>2026-09-03T08:45:40Z</Time>
<Position>
<LatitudeDegrees>43.2366600</LatitudeDegrees>
<LongitudeDegrees>118.0602068</LongitudeDegrees>
</Position>
<AltitudeMeters>847.4</AltitudeMeters>
<DistanceMeters>79986.4</DistanceMeters>
<Extensions>
<ns3:TPX>
<ns3:Speed>6.063</ns3:Speed>
</ns3:TPX>
</Extensions>
</Trackpoint>
<Trackpoint>
<Time>2026-09-03T08:45:49Z</Time>
<Position>
<LatitudeDegrees>43.2366139</LatitudeDegrees>
<LongitudeDegrees>118.0607937</LongitudeDegrees>
</Position>
<AltitudeMeters>847.0</AltitudeMeters>
<DistanceMeters>80034.2</DistanceMeters>
<Extensions>
<ns3:TPX>
<ns3:Speed>5.843</ns3:Speed>
</ns3:TPX>
</Extensions>
</Trackpoint>
<Trackpoint>
<Time>2026-09-03T08:45:57Z</Time>
<Position>
<LatitudeDegrees>43.2365669</LatitudeDegrees>
<LongitudeDegrees>118.0613836</LongitudeDegrees>
</Position>
<AltitudeMeters>847.0</AltitudeMeters>
<DistanceMeters>80082.1</DistanceMeters>
<Extensions>
<ns3:TPX>
<ns3:Speed>5.955</ns3:Speed>
</ns3:TPX>
</Extensions>
</Trackpoint>
<Trackpoint>
<Time>2026-09-03T08:46:05Z</Time>
<Position>
<LatitudeDegrees>43.2365209</LatitudeDegrees>
<LongitudeDegrees>118.0619715</LongitudeDegrees>
</Position>
<AltitudeMeters>847.0</AltitudeMeters>
<DistanceMeters>80130.0</DistanceMeters>
<Extensions>
<ns3:TPX>
<ns3:Speed>5.86</ns3:Speed>
</ns3:TPX>
</Extensions>
</Trackpoint>
<Trackpoint>
<Time>2026-09-03T08:46:13Z</Time>
<Position>
<LatitudeDegrees>43.2364707</LatitudeDegrees>
<LongitudeDegrees>118.0625596</LongitudeDegrees>
</Position>
<AltitudeMeters>846.6</AltitudeMeters>
<DistanceMeters>80177.9</DistanceMeters>
<Extensions>
<ns3:TPX>
<ns3:Speed>5.894</ns3:Speed>
</ns3:TPX>
</Extensions>
</Trackpoint>
<Trackpoint>
<Time>2026-09-03T08:46:21Z</Time>
<Position>
<LatitudeDegrees>43.2364197</LatitudeDegrees>
<LongitudeDegrees>118.0631587</LongitudeDegrees>
</Position>
<AltitudeMeters>846.4</AltitudeMeters>
<DistanceMeters>80226.6</DistanceMeters>
<Extensions>
<ns3:TPX>
<ns3:Speed>6.108</ns3:Speed>
</ns3:TPX>
</Extensions>
</Trackpoint>
<Trackpoint>
<Time>2026-09-03T08:46:29Z</Time>
<Position>
<LatitudeDegrees>43.2363730</LatitudeDegrees>
<LongitudeDegrees>118.0637484</LongitudeDegrees>
</Position>
<AltitudeMeters>846.0</AltitudeMeters>
<DistanceMeters>80274.6</DistanceMeters>
<Extensions>
<ns3:TPX>
<ns3:Speed>5.883</ns3:Speed>
</ns3:TPX>
</Extensions>
</Trackpoint>
<Trackpoint>
<Time>2026-09-03T08:46:37Z</Time>
<Position>
<LatitudeDegrees>43.2363322</LatitudeDegrees>
<LongitudeDegrees>118.0642975</LongitudeDegrees>
</Position>
<AltitudeMeters>845.8</AltitudeMeters>
<DistanceMeters>80319.2</DistanceMeters>
<Extensions>
<ns3:TPX>
<ns3:Speed>5.629</ns3:Speed>
</ns3:TPX>
</Extensions>
</Trackpoint>
<Trackpoint>
<Time>2026-09-03T08:46:45Z</Time>
<Position>
<LatitudeDegrees>43.2362876</LatitudeDegrees>
<LongitudeDegrees>118.0649206</LongitudeDegrees>
</Position>
<AltitudeMeters>845.6</AltitudeMeters>
<DistanceMeters>80369.9</DistanceMeters>
<Extensions>
<ns3:TPX>
<ns3:Speed>5.777</ns3:Speed>
</ns3:TPX>
</Extensions>
</Trackpoint>
<Trackpoint>
<Time>2026-09-03T08:46:53Z</Time>
<Position>
<LatitudeDegrees>43.2362496</LatitudeDegrees>
<LongitudeDegrees>118.0655144</LongitudeDegrees>
</Position>
<AltitudeMeters>845.4</AltitudeMeters>
<DistanceMeters>80418.1</DistanceMeters>
<Extensions>
<ns3:TPX>
<ns3:Speed>5.866</ns3:Speed>
</ns3:TPX>
</Extensions>
</Trackpoint>
<Trackpoint>
<Time>2026-09-03T08:47:01Z</Time>
<Position>
<LatitudeDegrees>43.2362265</LatitudeDegrees>
<LongitudeDegrees>118.0660959</LongitudeDegrees>
</Position>
<AltitudeMeters>845.2</AltitudeMeters>
<DistanceMeters>80465.2</DistanceMeters>
<Extensions>
<ns3:TPX>
<ns3:Speed>5.827</ns3:Speed>
</ns3:TPX>
</Extensions>
</Trackpoint>
<Trackpoint>
<Time>2026-09-03T08:47:09Z</Time>
<Position>
<LatitudeDegrees>43.2362123</LatitudeDegrees>
<LongitudeDegrees>118.0666903</LongitudeDegrees>
</Position>
<AltitudeMeters>844.6</AltitudeMeters>
<DistanceMeters>80513.3</DistanceMeters>
<Extensions>
<ns3:TPX>
<ns3:Speed>5.927</ns3:Speed>
</ns3:TPX>
</Extensions>
</Trackpoint>
<Trackpoint>
<Time>2026-09-03T08:47:17Z</Time>
<Position>
<LatitudeDegrees>43.2362065</LatitudeDegrees>
<LongitudeDegrees>118.0672689</LongitudeDegrees>
</Position>
<AltitudeMeters>844.4</AltitudeMeters>
<DistanceMeters>80560.1</DistanceMeters>
<Extensions>
<ns3:TPX>
<ns3:Speed>5.908</ns3:Speed>
</ns3:TPX>
</Extensions>
</Trackpoint>
<Trackpoint>
<Time>2026-09-03T08:47:25Z</Time>
<Position>
<LatitudeDegrees>43.2362173</LatitudeDegrees>
<LongitudeDegrees>118.0678303</LongitudeDegrees>
</Position>
<AltitudeMeters>844.4</AltitudeMeters>
<DistanceMeters>80605.5</DistanceMeters>
<Extensions>
<ns3:TPX>
<ns3:Speed>5.805</ns3:Speed>
</ns3:TPX>
</Extensions>
</Trackpoint>
<Trackpoint>
<Time>2026-09-03T08:47:33Z</Time>
<Position>
<LatitudeDegrees>43.2362415</LatitudeDegrees>
<LongitudeDegrees>118.0684112</LongitudeDegrees>
</Position>
<AltitudeMeters>844.2</AltitudeMeters>
<DistanceMeters>80652.6</DistanceMeters>
<Extensions>
<ns3:TPX>
<ns3:Speed>5.797</ns3:Speed>
</ns3:TPX>
</Extensions>
</Trackpoint>
<Trackpoint>
<Time>2026-09-03T08:47:41Z</Time>
<Position>
<LatitudeDegrees>43.2362780</LatitudeDegrees>
<LongitudeDegrees>118.0689952</LongitudeDegrees>
</Position>
<AltitudeMeters>844.4</AltitudeMeters>
<DistanceMeters>80700.0</DistanceMeters>
<Extensions>
<ns3:TPX>
<ns3:Speed>5.813</ns3:Speed>
</ns3:TPX>
</Extensions>
</Trackpoint>
<Trackpoint>
<Time>2026-09-03T08:47:49Z</Time>
<Position>
<LatitudeDegrees>43.2363155</LatitudeDegrees>
<LongitudeDegrees>118.0695421</LongitudeDegrees>
</Position>
<AltitudeMeters>844.4</AltitudeMeters>
<DistanceMeters>80744.4</DistanceMeters>
<Extensions>
<ns3:TPX>
<ns3:Speed>5.544</ns3:Speed>
</ns3:TPX>
</Extensions>
</Trackpoint>
<Trackpoint>
<Time>2026-09-03T08:47:57Z</Time>
<Position>
<LatitudeDegrees>43.2363613</LatitudeDegrees>
<LongitudeDegrees>118.0700909</LongitudeDegrees>
</Position>
<AltitudeMeters>844.6</AltitudeMeters>
<DistanceMeters>80789.0</DistanceMeters>
<Extensions>
<ns3:TPX>
<ns3:Speed>5.695</ns3:Speed>
</ns3:TPX>
</Extensions>
</Trackpoint>
<Trackpoint>
<Time>2026-09-03T08:48:05Z</Time>
<Position>
<LatitudeDegrees>43.2364176</LatitudeDegrees>
<LongitudeDegrees>118.0706271</LongitudeDegrees>
</Position>
<AltitudeMeters>845.0</AltitudeMeters>
<DistanceMeters>80832.9</DistanceMeters>
<Extensions>
<ns3:TPX>
<ns3:Speed>5.24</ns3:Speed>
</ns3:TPX>
</Extensions>
</Trackpoint>
<Trackpoint>
<Time>2026-09-03T08:48:14Z</Time>
<Position>
<LatitudeDegrees>43.2364831</LatitudeDegrees>
<LongitudeDegrees>118.0711500</LongitudeDegrees>
</Position>
<AltitudeMeters>845.0</AltitudeMeters>
<DistanceMeters>80875.8</DistanceMeters>
<Extensions>
<ns3:TPX>
<ns3:Speed>5.447</ns3:Speed>
</ns3:TPX>
</Extensions>
</Trackpoint>
<Trackpoint>
<Time>2026-09-03T08:48:22Z</Time>
<Position>
<LatitudeDegrees>43.2365581</LatitudeDegrees>
<LongitudeDegrees>118.0716829</LongitudeDegrees>
</Position>
<AltitudeMeters>845.2</AltitudeMeters>
<DistanceMeters>80919.7</DistanceMeters>
<Extensions>
<ns3:TPX>
<ns3:Speed>5.169</ns3:Speed>
</ns3:TPX>
</Extensions>
</Trackpoint>
<Trackpoint>
<Time>2026-09-03T08:48:30Z</Time>
<Position>
<LatitudeDegrees>43.2366343</LatitudeDegrees>
<LongitudeDegrees>118.0721803</LongitudeDegrees>
</Position>
<AltitudeMeters>845.0</AltitudeMeters>
<DistanceMeters>80960.8</DistanceMeters>
<Extensions>
<ns3:TPX>
<ns3:Speed>5.316</ns3:Speed>
</ns3:TPX>
</Extensions>
</Trackpoint>
<Trackpoint>
<Time>2026-09-03T08:48:38Z</Time>
<Position>
<LatitudeDegrees>43.2367256</LatitudeDegrees>
<LongitudeDegrees>118.0727109</LongitudeDegrees>
</Position>
<AltitudeMeters>845.4</AltitudeMeters>
<DistanceMeters>81004.9</DistanceMeters>
<Extensions>
<ns3:TPX>
<ns3:Speed>5.511</ns3:Speed>
</ns3:TPX>
</Extensions>
</Trackpoint>
<Trackpoint>
<Time>2026-09-03T08:48:46Z</Time>
<Position>
<LatitudeDegrees>43.2368320</LatitudeDegrees>
<LongitudeDegrees>118.0732632</LongitudeDegrees>
</Position>
<AltitudeMeters>844.8</AltitudeMeters>
<DistanceMeters>81051.1</DistanceMeters>
<Extensions>
<ns3:TPX>
<ns3:Speed>5.842</ns3:Speed>
</ns3:TPX>
</Extensions>
</Trackpoint>
<Trackpoint>
<Time>2026-09-03T08:48:54Z</Time>
<Position>
<LatitudeDegrees>43.2369507</LatitudeDegrees>
<LongitudeDegrees>118.0738217</LongitudeDegrees>
</Position>
<AltitudeMeters>844.2</AltitudeMeters>
<DistanceMeters>81098.1</DistanceMeters>
<Extensions>
<ns3:TPX>
<ns3:Speed>6.063</ns3:Speed>
</ns3:TPX>
</Extensions>
</Trackpoint>
<Trackpoint>
<Time>2026-09-03T08:49:02Z</Time>
<Position>
<LatitudeDegrees>43.2370876</LatitudeDegrees>
<LongitudeDegrees>118.0744238</LongitudeDegrees>
</Position>
<AltitudeMeters>843.6</AltitudeMeters>
<DistanceMeters>81149.1</DistanceMeters>
<Extensions>
<ns3:TPX>
<ns3:Speed>6.56</ns3:Speed>
</ns3:TPX>
</Extensions>
</Trackpoint>
<Trackpoint>
<Time>2026-09-03T08:49:10Z</Time>
<Position>
<LatitudeDegrees>43.2372232</LatitudeDegrees>
<LongitudeDegrees>118.0749509</LongitudeDegrees>
</Position>
<AltitudeMeters>843.0</AltitudeMeters>
<DistanceMeters>81194.3</DistanceMeters>
<Extensions>
<ns3:TPX>
<ns3:Speed>6.89</ns3:Speed>
</ns3:TPX>
</Extensions>
</Trackpoint>
<Trackpoint>
<Time>2026-09-03T08:49:18Z</Time>
<Position>
<LatitudeDegrees>43.2374583</LatitudeDegrees>
<LongitudeDegrees>118.0757990</LongitudeDegrees>
</Position>
<AltitudeMeters>842.4</AltitudeMeters>
<DistanceMeters>81267.7</DistanceMeters>
<Extensions>
<ns3:TPX>
<ns3:Speed>7.069</ns3:Speed>
</ns3:TPX>
</Extensions>
</Trackpoint>
<Trackpoint>
<Time>2026-09-03T08:49:26Z</Time>
<Position>
<LatitudeDegrees>43.2376497</LatitudeDegrees>
<LongitudeDegrees>118.0764383</LongitudeDegrees>
</Position>
<AltitudeMeters>841.6</AltitudeMeters>
<DistanceMeters>81323.6</DistanceMeters>
<Extensions>
<ns3:TPX>
<ns3:Speed>7.305</ns3:Speed>
</ns3:TPX>
</Extensions>
</Trackpoint>
<Trackpoint>
<Time>2026-09-03T08:49:34Z</Time>
<Position>
<LatitudeDegrees>43.2378422</LatitudeDegrees>
<LongitudeDegrees>118.0771174</LongitudeDegrees>
</Position>
<AltitudeMeters>840.8</AltitudeMeters>
<DistanceMeters>81382.6</DistanceMeters>
<Extensions>
<ns3:TPX>
<ns3:Speed>7.468</ns3:Speed>
</ns3:TPX>
</Extensions>
</Trackpoint>
<Trackpoint>
<Time>2026-09-03T08:49:42Z</Time>
<Position>
<LatitudeDegrees>43.2380447</LatitudeDegrees>
<LongitudeDegrees>118.0777927</LongitudeDegrees>
</Position>
<AltitudeMeters>839.8</AltitudeMeters>
<DistanceMeters>81441.6</DistanceMeters>
<Extensions>
<ns3:TPX>
<ns3:Speed>7.297</ns3:Speed>
</ns3:TPX>
</Extensions>
</Trackpoint>
<Trackpoint>
<Time>2026-09-03T08:49:50Z</Time>
<Position>
<LatitudeDegrees>43.2382329</LatitudeDegrees>
<LongitudeDegrees>118.0784514</LongitudeDegrees>
</Position>
<AltitudeMeters>838.8</AltitudeMeters>
<DistanceMeters>81498.8</DistanceMeters>
<Extensions>
<ns3:TPX>
<ns3:Speed>7.124</ns3:Speed>
</ns3:TPX>
</Extensions>
</Trackpoint>
<Trackpoint>
<Time>2026-09-03T08:49:58Z</Time>
<Position>
<LatitudeDegrees>43.2383793</LatitudeDegrees>
<LongitudeDegrees>118.0791089</LongitudeDegrees>
</Position>
<AltitudeMeters>838.0</AltitudeMeters>
<DistanceMeters>81554.5</DistanceMeters>
<Extensions>
<ns3:TPX>
<ns3:Speed>6.67</ns3:Speed>
</ns3:TPX>
</Extensions>
</Trackpoint>
<Trackpoint>
<Time>2026-09-03T08:50:06Z</Time>
<Position>
<LatitudeDegrees>43.2384477</LatitudeDegrees>
<LongitudeDegrees>118.0797111</LongitudeDegrees>
</Position>
<AltitudeMeters>838.0</AltitudeMeters>
<DistanceMeters>81603.8</DistanceMeters>
<Extensions>
<ns3:TPX>
<ns3:Speed>6.0</ns3:Speed>
</ns3:TPX>
</Extensions>
</Trackpoint>
<Trackpoint>
<Time>2026-09-03T08:50:14Z</Time>
<Position>
<LatitudeDegrees>43.2384539</LatitudeDegrees>
<LongitudeDegrees>118.0802587</LongitudeDegrees>
</Position>
<AltitudeMeters>838.6</AltitudeMeters>
<DistanceMeters>81648.1</DistanceMeters>
<Extensions>
<ns3:TPX>
<ns3:Speed>4.924</ns3:Speed>
</ns3:TPX>
</Extensions>
</Trackpoint>
<Trackpoint>
<Time>2026-09-03T08:50:22Z</Time>
<Position>
<LatitudeDegrees>43.2384207</LatitudeDegrees>
<LongitudeDegrees>118.0806775</LongitudeDegrees>
</Position>
<AltitudeMeters>839.6</AltitudeMeters>
<DistanceMeters>81682.2</DistanceMeters>
<Extensions>
<ns3:TPX>
<ns3:Speed>3.812</ns3:Speed>
</ns3:TPX>
</Extensions>
</Trackpoint>
<Trackpoint>
<Time>2026-09-03T08:50:30Z</Time>
<Position>
<LatitudeDegrees>43.2383820</LatitudeDegrees>
<LongitudeDegrees>118.0809841</LongitudeDegrees>
</Position>
<AltitudeMeters>840.2</AltitudeMeters>
<DistanceMeters>81707.3</DistanceMeters>
<Extensions>
<ns3:TPX>
<ns3:Speed>2.948</ns3:Speed>
</ns3:TPX>
</Extensions>
</Trackpoint>
<Trackpoint>
<Time>2026-09-03T08:50:39Z</Time>
<Position>
<LatitudeDegrees>43.2383304</LatitudeDegrees>
<LongitudeDegrees>118.0812560</LongitudeDegrees>
</Position>
<AltitudeMeters>840.8</AltitudeMeters>
<DistanceMeters>81730.1</DistanceMeters>
<Extensions>
<ns3:TPX>
<ns3:Speed>2.917</ns3:Speed>
</ns3:TPX>
</Extensions>
</Trackpoint>
<Trackpoint>
<Time>2026-09-03T08:50:47Z</Time>
<Position>
<LatitudeDegrees>43.2382665</LatitudeDegrees>
<LongitudeDegrees>118.0815279</LongitudeDegrees>
</Position>
<AltitudeMeters>841.6</AltitudeMeters>
<DistanceMeters>81753.2</DistanceMeters>
<Extensions>
<ns3:TPX>
<ns3:Speed>2.838</ns3:Speed>
</ns3:TPX>
</Extensions>
</Trackpoint>
<Trackpoint>
<Time>2026-09-03T08:50:55Z</Time>
<Position>
<LatitudeDegrees>43.2381911</LatitudeDegrees>
<LongitudeDegrees>118.0817873</LongitudeDegrees>
</Position>
<AltitudeMeters>842.4</AltitudeMeters>
<DistanceMeters>81775.8</DistanceMeters>
<Extensions>
<ns3:TPX>
<ns3:Speed>2.668</ns3:Speed>
</ns3:TPX>
</Extensions>
</Trackpoint>
<Trackpoint>
<Time>2026-09-03T08:51:03Z</Time>
<Position>
<LatitudeDegrees>43.2381154</LatitudeDegrees>
<LongitudeDegrees>118.0820245</LongitudeDegrees>
</Position>
<AltitudeMeters>843.0</AltitudeMeters>
<DistanceMeters>81796.7</DistanceMeters>
<Extensions>
<ns3:TPX>
<ns3:Speed>2.563</ns3:Speed>
</ns3:TPX>
</Extensions>
</Trackpoint>
<Trackpoint>
<Time>2026-09-03T08:51:11Z</Time>
<Position>
<LatitudeDegrees>43.2380377</LatitudeDegrees>
<LongitudeDegrees>118.0822587</LongitudeDegrees>
</Position>
<AltitudeMeters>843.6</AltitudeMeters>
<DistanceMeters>81817.5</DistanceMeters>
<Extensions>
<ns3:TPX>
<ns3:Speed>2.589</ns3:Speed>
</ns3:TPX>
</Extensions>
</Trackpoint>
<Trackpoint>
<Time>2026-09-03T08:51:19Z</Time>
<Position>
<LatitudeDegrees>43.2379569</LatitudeDegrees>
<LongitudeDegrees>118.0824853</LongitudeDegrees>
</Position>
<AltitudeMeters>844.2</AltitudeMeters>
<DistanceMeters>81837.9</DistanceMeters>
<Extensions>
<ns3:TPX>
<ns3:Speed>2.607</ns3:Speed>
</ns3:TPX>
</Extensions>
</Trackpoint>
<Trackpoint>
<Time>2026-09-03T08:51:27Z</Time>
<Position>
<LatitudeDegrees>43.2378777</LatitudeDegrees>
<LongitudeDegrees>118.0827217</LongitudeDegrees>
</Position>
<AltitudeMeters>844.8</AltitudeMeters>
<DistanceMeters>81859.0</DistanceMeters>
<Extensions>
<ns3:TPX>
<ns3:Speed>2.662</ns3:Speed>
</ns3:TPX>
</Extensions>
</Trackpoint>
<Trackpoint>
<Time>2026-09-03T08:51:35Z</Time>
<Position>
<LatitudeDegrees>43.2377735</LatitudeDegrees>
<LongitudeDegrees>118.0830052</LongitudeDegrees>
</Position>
<AltitudeMeters>845.0</AltitudeMeters>
<DistanceMeters>81884.6</DistanceMeters>
<Extensions>
<ns3:TPX>
<ns3:Speed>2.94</ns3:Speed>
</ns3:TPX>
</Extensions>
</Trackpoint>
<Trackpoint>
<Time>2026-09-03T08:51:43Z</Time>
<Position>
<LatitudeDegrees>43.2376813</LatitudeDegrees>
<LongitudeDegrees>118.0832768</LongitudeDegrees>
</Position>
<AltitudeMeters>845.2</AltitudeMeters>
<DistanceMeters>81908.9</DistanceMeters>
<Extensions>
<ns3:TPX>
<ns3:Speed>3.117</ns3:Speed>
</ns3:TPX>
</Extensions>
</Trackpoint>
<Trackpoint>
<Time>2026-09-03T08:51:51Z</Time>
<Position>
<LatitudeDegrees>43.2375922</LatitudeDegrees>
<LongitudeDegrees>118.0835380</LongitudeDegrees>
</Position>
<AltitudeMeters>845.4</AltitudeMeters>
<DistanceMeters>81932.2</DistanceMeters>
<Extensions>
<ns3:TPX>
<ns3:Speed>3.18</ns3:Speed>
</ns3:TPX>
</Extensions>
</Trackpoint>
<Trackpoint>
<Time>2026-09-03T08:51:59Z</Time>
<Position>
<LatitudeDegrees>43.2374958</LatitudeDegrees>
<LongitudeDegrees>118.0838156</LongitudeDegrees>
</Position>
<AltitudeMeters>845.2</AltitudeMeters>
<DistanceMeters>81957.1</DistanceMeters>
<Extensions>
<ns3:TPX>
<ns3:Speed>3.271</ns3:Speed>
</ns3:TPX>
</Extensions>
</Trackpoint>
<Trackpoint>
<Time>2026-09-03T08:52:07Z</Time>
<Position>
<LatitudeDegrees>43.2373857</LatitudeDegrees>
<LongitudeDegrees>118.0841355</LongitudeDegrees>
</Position>
<AltitudeMeters>844.8</AltitudeMeters>
<DistanceMeters>81985.7</DistanceMeters>
<Extensions>
<ns3:TPX>
<ns3:Speed>4.206</ns3:Speed>
</ns3:TPX>
</Extensions>
</Trackpoint>
<Trackpoint>
<Time>2026-09-03T08:52:15Z</Time>
<Position>
<LatitudeDegrees>43.2372367</LatitudeDegrees>
<LongitudeDegrees>118.0845733</LongitudeDegrees>
</Position>
<AltitudeMeters>843.8</AltitudeMeters>
<DistanceMeters>82024.8</DistanceMeters>
<Extensions>
<ns3:TPX>
<ns3:Speed>5.42</ns3:Speed>
</ns3:TPX>
</Extensions>
</Trackpoint>
<Trackpoint>
<Time>2026-09-03T08:52:23Z</Time>
<Position>
<LatitudeDegrees>43.2370660</LatitudeDegrees>
<LongitudeDegrees>118.0851052</LongitudeDegrees>
</Position>
<AltitudeMeters>843.0</AltitudeMeters>
<DistanceMeters>82071.8</DistanceMeters>
<Extensions>
<ns3:TPX>
<ns3:Speed>6.293</ns3:Speed>
</ns3:TPX>
</Extensions>
</Trackpoint>
<Trackpoint>
<Time>2026-09-03T08:52:31Z</Time>
<Position>
<LatitudeDegrees>43.2369192</LatitudeDegrees>
<LongitudeDegrees>118.0857309</LongitudeDegrees>
</Position>
<AltitudeMeters>841.8</AltitudeMeters>
<DistanceMeters>82125.0</DistanceMeters>
<Extensions>
<ns3:TPX>
<ns3:Speed>6.996</ns3:Speed>
</ns3:TPX>
</Extensions>
</Trackpoint>
<Trackpoint>
<Time>2026-09-03T08:52:38Z</Time>
<Position>
<LatitudeDegrees>43.2368537</LatitudeDegrees>
<LongitudeDegrees>118.0863580</LongitudeDegrees>
</Position>
<AltitudeMeters>840.6</AltitudeMeters>
<DistanceMeters>82176.3</DistanceMeters>
<Extensions>
<ns3:TPX>
<ns3:Speed>7.661</ns3:Speed>
</ns3:TPX>
</Extensions>
</Trackpoint>
<Trackpoint>
<Time>2026-09-03T08:52:44Z</Time>
<Position>
<LatitudeDegrees>43.2368452</LatitudeDegrees>
<LongitudeDegrees>118.0869472</LongitudeDegrees>
</Position>
<AltitudeMeters>839.6</AltitudeMeters>
<DistanceMeters>82224.0</DistanceMeters>
<Extensions>
<ns3:TPX>
<ns3:Speed>8.296</ns3:Speed>
</ns3:TPX>
</Extensions>
</Trackpoint>
<Trackpoint>
<Time>2026-09-03T08:52:52Z</Time>
<Position>
<LatitudeDegrees>43.2368994</LatitudeDegrees>
<LongitudeDegrees>118.0878080</LongitudeDegrees>
</Position>
<AltitudeMeters>838.2</AltitudeMeters>
<DistanceMeters>82293.9</DistanceMeters>
<Extensions>
<ns3:TPX>
<ns3:Speed>9.123</ns3:Speed>
</ns3:TPX>
</Extensions>
</Trackpoint>
<Trackpoint>
<Time>2026-09-03T08:53:01Z</Time>
<Position>
<LatitudeDegrees>43.2369730</LatitudeDegrees>
<LongitudeDegrees>118.0887230</LongitudeDegrees>
</Position>
<AltitudeMeters>836.6</AltitudeMeters>
<DistanceMeters>82368.3</DistanceMeters>
<Extensions>
<ns3:TPX>
<ns3:Speed>9.192</ns3:Speed>
</ns3:TPX>
</Extensions>
</Trackpoint>
<Trackpoint>
<Time>2026-09-03T08:53:09Z</Time>
<Position>
<LatitudeDegrees>43.2370382</LatitudeDegrees>
<LongitudeDegrees>118.0895894</LongitudeDegrees>
</Position>
<AltitudeMeters>835.4</AltitudeMeters>
<DistanceMeters>82438.7</DistanceMeters>
<Extensions>
<ns3:TPX>
<ns3:Speed>8.3</ns3:Speed>
</ns3:TPX>
</Extensions>
</Trackpoint>
<Trackpoint>
<Time>2026-09-03T08:53:17Z</Time>
<Position>
<LatitudeDegrees>43.2370877</LatitudeDegrees>
<LongitudeDegrees>118.0903600</LongitudeDegrees>
</Position>
<AltitudeMeters>834.8</AltitudeMeters>
<DistanceMeters>82501.3</DistanceMeters>
<Extensions>
<ns3:TPX>
<ns3:Speed>7.508</ns3:Speed>
</ns3:TPX>
</Extensions>
</Trackpoint>
<Trackpoint>
<Time>2026-09-03T08:53:25Z</Time>
<Position>
<LatitudeDegrees>43.2371172</LatitudeDegrees>
<LongitudeDegrees>118.0910601</LongitudeDegrees>
</Position>
<AltitudeMeters>834.6</AltitudeMeters>
<DistanceMeters>82558.0</DistanceMeters>
<Extensions>
<ns3:TPX>
<ns3:Speed>6.763</ns3:Speed>
</ns3:TPX>
</Extensions>
</Trackpoint>
<Trackpoint>
<Time>2026-09-03T08:53:33Z</Time>
<Position>
<LatitudeDegrees>43.2371251</LatitudeDegrees>
<LongitudeDegrees>118.0917070</LongitudeDegrees>
</Position>
<AltitudeMeters>834.2</AltitudeMeters>
<DistanceMeters>82610.3</DistanceMeters>
<Extensions>
<ns3:TPX>
<ns3:Speed>6.484</ns3:Speed>
</ns3:TPX>
</Extensions>
</Trackpoint>
<Trackpoint>
<Time>2026-09-03T08:53:41Z</Time>
<Position>
<LatitudeDegrees>43.2371161</LatitudeDegrees>
<LongitudeDegrees>118.0923064</LongitudeDegrees>
</Position>
<AltitudeMeters>834.0</AltitudeMeters>
<DistanceMeters>82658.8</DistanceMeters>
<Extensions>
<ns3:TPX>
<ns3:Speed>5.769</ns3:Speed>
</ns3:TPX>
</Extensions>
</Trackpoint>
<Trackpoint>
<Time>2026-09-03T08:53:49Z</Time>
<Position>
<LatitudeDegrees>43.2371025</LatitudeDegrees>
<LongitudeDegrees>118.0928743</LongitudeDegrees>
</Position>
<AltitudeMeters>834.0</AltitudeMeters>
<DistanceMeters>82704.8</DistanceMeters>
<Extensions>
<ns3:TPX>
<ns3:Speed>5.116</ns3:Speed>
</ns3:TPX>
</Extensions>
</Trackpoint>
<Trackpoint>
<Time>2026-09-03T08:53:57Z</Time>
<Position>
<LatitudeDegrees>43.2370791</LatitudeDegrees>
<LongitudeDegrees>118.0933832</LongitudeDegrees>
</Position>
<AltitudeMeters>833.6</AltitudeMeters>
<DistanceMeters>82746.0</DistanceMeters>
<Extensions>
<ns3:TPX>
<ns3:Speed>5.07</ns3:Speed>
</ns3:TPX>
</Extensions>
</Trackpoint>
<Trackpoint>
<Time>2026-09-03T08:54:05Z</Time>
<Position>
<LatitudeDegrees>43.2370486</LatitudeDegrees>
<LongitudeDegrees>118.0938752</LongitudeDegrees>
</Position>
<AltitudeMeters>833.4</AltitudeMeters>
<DistanceMeters>82786.0</DistanceMeters>
<Extensions>
<ns3:TPX>
<ns3:Speed>4.695</ns3:Speed>
</ns3:TPX>
</Extensions>
</Trackpoint>
<Trackpoint>
<Time>2026-09-03T08:54:13Z</Time>
<Position>
<LatitudeDegrees>43.2370153</LatitudeDegrees>
<LongitudeDegrees>118.0943209</LongitudeDegrees>
</Position>
<AltitudeMeters>833.2</AltitudeMeters>
<DistanceMeters>82822.2</DistanceMeters>
<Extensions>
<ns3:TPX>
<ns3:Speed>4.348</ns3:Speed>
</ns3:TPX>
</Extensions>
</Trackpoint>
<Trackpoint>
<Time>2026-09-03T08:54:21Z</Time>
<Position>
<LatitudeDegrees>43.2369832</LatitudeDegrees>
<LongitudeDegrees>118.0947427</LongitudeDegrees>
</Position>
<AltitudeMeters>833.2</AltitudeMeters>
<DistanceMeters>82856.5</DistanceMeters>
<Extensions>
<ns3:TPX>
<ns3:Speed>4.239</ns3:Speed>
</ns3:TPX>
</Extensions>
</Trackpoint>
<Trackpoint>
<Time>2026-09-03T08:54:29Z</Time>
<Position>
<LatitudeDegrees>43.2369525</LatitudeDegrees>
<LongitudeDegrees>118.0951605</LongitudeDegrees>
</Position>
<AltitudeMeters>833.0</AltitudeMeters>
<DistanceMeters>82890.5</DistanceMeters>
<Extensions>
<ns3:TPX>
<ns3:Speed>4.675</ns3:Speed>
</ns3:TPX>
</Extensions>
</Trackpoint>
<Trackpoint>
<Time>2026-09-03T08:54:37Z</Time>
<Position>
<LatitudeDegrees>43.2369214</LatitudeDegrees>
<LongitudeDegrees>118.0956095</LongitudeDegrees>
</Position>
<AltitudeMeters>832.8</AltitudeMeters>
<DistanceMeters>82926.9</DistanceMeters>
<Extensions>
<ns3:TPX>
<ns3:Speed>4.337</ns3:Speed>
</ns3:TPX>
</Extensions>
</Trackpoint>
<Trackpoint>
<Time>2026-09-03T08:54:45Z</Time>
<Position>
<LatitudeDegrees>43.2368967</LatitudeDegrees>
<LongitudeDegrees>118.0960246</LongitudeDegrees>
</Position>
<AltitudeMeters>832.6</AltitudeMeters>
<DistanceMeters>82960.6</DistanceMeters>
<Extensions>
<ns3:TPX>
<ns3:Speed>4.026</ns3:Speed>
</ns3:TPX>
</Extensions>
</Trackpoint>
<Trackpoint>
<Time>2026-09-03T08:54:53Z</Time>
<Position>
<LatitudeDegrees>43.2368666</LatitudeDegrees>
<LongitudeDegrees>118.0964421</LongitudeDegrees>
</Position>
<AltitudeMeters>832.6</AltitudeMeters>
<DistanceMeters>82994.6</DistanceMeters>
<Extensions>
<ns3:TPX>
<ns3:Speed>4.279</ns3:Speed>
</ns3:TPX>
</Extensions>
</Trackpoint>
<Trackpoint>
<Time>2026-09-03T08:55:01Z</Time>
<Position>
<LatitudeDegrees>43.2368325</LatitudeDegrees>
<LongitudeDegrees>118.0968574</LongitudeDegrees>
</Position>
<AltitudeMeters>832.4</AltitudeMeters>
<DistanceMeters>83028.4</DistanceMeters>
<Extensions>
<ns3:TPX>
<ns3:Speed>4.673</ns3:Speed>
</ns3:TPX>
</Extensions>
</Trackpoint>
<Trackpoint>
<Time>2026-09-03T08:55:09Z</Time>
<Position>
<LatitudeDegrees>43.2368066</LatitudeDegrees>
<LongitudeDegrees>118.0973207</LongitudeDegrees>
</Position>
<AltitudeMeters>832.2</AltitudeMeters>
<DistanceMeters>83066.0</DistanceMeters>
<Extensions>
<ns3:TPX>
<ns3:Speed>4.545</ns3:Speed>
</ns3:TPX>
</Extensions>
</Trackpoint>
<Trackpoint>
<Time>2026-09-03T08:55:18Z</Time>
<Position>
<LatitudeDegrees>43.2367671</LatitudeDegrees>
<LongitudeDegrees>118.0977713</LongitudeDegrees>
</Position>
<AltitudeMeters>832.2</AltitudeMeters>
<DistanceMeters>83102.7</DistanceMeters>
<Extensions>
<ns3:TPX>
<ns3:Speed>4.51</ns3:Speed>
</ns3:TPX>
</Extensions>
</Trackpoint>
<Trackpoint>
<Time>2026-09-03T08:55:26Z</Time>
<Position>
<LatitudeDegrees>43.2367406</LatitudeDegrees>
<LongitudeDegrees>118.0981976</LongitudeDegrees>
</Position>
<AltitudeMeters>831.8</AltitudeMeters>
<DistanceMeters>83137.3</DistanceMeters>
<Extensions>
<ns3:TPX>
<ns3:Speed>4.182</ns3:Speed>
</ns3:TPX>
</Extensions>
</Trackpoint>
<Trackpoint>
<Time>2026-09-03T08:55:34Z</Time>
<Position>
<LatitudeDegrees>43.2367090</LatitudeDegrees>
<LongitudeDegrees>118.0986465</LongitudeDegrees>
</Position>
<AltitudeMeters>832.0</AltitudeMeters>
<DistanceMeters>83173.7</DistanceMeters>
<Extensions>
<ns3:TPX>
<ns3:Speed>4.533</ns3:Speed>
</ns3:TPX>
</Extensions>
</Trackpoint>
<Trackpoint>
<Time>2026-09-03T08:55:42Z</Time>
<Position>
<LatitudeDegrees>43.2366796</LatitudeDegrees>
<LongitudeDegrees>118.0990745</LongitudeDegrees>
</Position>
<AltitudeMeters>831.8</AltitudeMeters>
<DistanceMeters>83208.5</DistanceMeters>
<Extensions>
<ns3:TPX>
<ns3:Speed>4.3</ns3:Speed>
</ns3:TPX>
</Extensions>
</Trackpoint>
<Trackpoint>
<Time>2026-09-03T08:55:50Z</Time>
<Position>
<LatitudeDegrees>43.2366486</LatitudeDegrees>
<LongitudeDegrees>118.0994970</LongitudeDegrees>
</Position>
<AltitudeMeters>831.4</AltitudeMeters>
<DistanceMeters>83242.9</DistanceMeters>
<Extensions>
<ns3:TPX>
<ns3:Speed>4.393</ns3:Speed>
</ns3:TPX>
</Extensions>
</Trackpoint>
<Trackpoint>
<Time>2026-09-03T08:55:58Z</Time>
<Position>
<LatitudeDegrees>43.2366231</LatitudeDegrees>
<LongitudeDegrees>118.0999143</LongitudeDegrees>
</Position>
<AltitudeMeters>831.4</AltitudeMeters>
<DistanceMeters>83276.7</DistanceMeters>
<Extensions>
<ns3:TPX>
<ns3:Speed>4.1</ns3:Speed>
</ns3:TPX>
</Extensions>
</Trackpoint>
<Trackpoint>
<Time>2026-09-03T08:56:06Z</Time>
<Position>
<LatitudeDegrees>43.2365920</LatitudeDegrees>
<LongitudeDegrees>118.1003247</LongitudeDegrees>
</Position>
<AltitudeMeters>831.2</AltitudeMeters>
<DistanceMeters>83310.1</DistanceMeters>
<Extensions>
<ns3:TPX>
<ns3:Speed>4.538</ns3:Speed>
</ns3:TPX>
</Extensions>
</Trackpoint>
<Trackpoint>
<Time>2026-09-03T08:56:14Z</Time>
<Position>
<LatitudeDegrees>43.2365602</LatitudeDegrees>
<LongitudeDegrees>118.1007639</LongitudeDegrees>
</Position>
<AltitudeMeters>831.2</AltitudeMeters>
<DistanceMeters>83345.8</DistanceMeters>
<Extensions>
<ns3:TPX>
<ns3:Speed>4.757</ns3:Speed>
</ns3:TPX>
</Extensions>
</Trackpoint>
<Trackpoint>
<Time>2026-09-03T08:56:22Z</Time>
<Position>
<LatitudeDegrees>43.2365286</LatitudeDegrees>
<LongitudeDegrees>118.1012576</LongitudeDegrees>
</Position>
<AltitudeMeters>830.8</AltitudeMeters>
<DistanceMeters>83385.9</DistanceMeters>
<Extensions>
<ns3:TPX>
<ns3:Speed>4.34</ns3:Speed>
</ns3:TPX>
</Extensions>
</Trackpoint>
<Trackpoint>
<Time>2026-09-03T08:56:30Z</Time>
<Position>
<LatitudeDegrees>43.2364998</LatitudeDegrees>
<LongitudeDegrees>118.1017055</LongitudeDegrees>
</Position>
<AltitudeMeters>830.8</AltitudeMeters>
<DistanceMeters>83422.3</DistanceMeters>
<Extensions>
<ns3:TPX>
<ns3:Speed>4.806</ns3:Speed>
</ns3:TPX>
</Extensions>
</Trackpoint>
<Trackpoint>
<Time>2026-09-03T08:56:38Z</Time>
<Position>
<LatitudeDegrees>43.2364656</LatitudeDegrees>
<LongitudeDegrees>118.1021638</LongitudeDegrees>
</Position>
<AltitudeMeters>830.6</AltitudeMeters>
<DistanceMeters>83459.5</DistanceMeters>
<Extensions>
<ns3:TPX>
<ns3:Speed>4.986</ns3:Speed>
</ns3:TPX>
</Extensions>
</Trackpoint>
<Trackpoint>
<Time>2026-09-03T08:56:46Z</Time>
<Position>
<LatitudeDegrees>43.2364316</LatitudeDegrees>
<LongitudeDegrees>118.1026390</LongitudeDegrees>
</Position>
<AltitudeMeters>830.6</AltitudeMeters>
<DistanceMeters>83498.2</DistanceMeters>
<Extensions>
<ns3:TPX>
<ns3:Speed>4.547</ns3:Speed>
</ns3:TPX>
</Extensions>
</Trackpoint>
<Trackpoint>
<Time>2026-09-03T08:56:54Z</Time>
<Position>
<LatitudeDegrees>43.2363976</LatitudeDegrees>
<LongitudeDegrees>118.1031149</LongitudeDegrees>
</Position>
<AltitudeMeters>830.6</AltitudeMeters>
<DistanceMeters>83536.8</DistanceMeters>
<Extensions>
<ns3:TPX>
<ns3:Speed>4.818</ns3:Speed>
</ns3:TPX>
</Extensions>
</Trackpoint>
<Trackpoint>
<Time>2026-09-03T08:57:02Z</Time>
<Position>
<LatitudeDegrees>43.2363659</LatitudeDegrees>
<LongitudeDegrees>118.1035895</LongitudeDegrees>
</Position>
<AltitudeMeters>830.4</AltitudeMeters>
<DistanceMeters>83575.4</DistanceMeters>
<Extensions>
<ns3:TPX>
<ns3:Speed>4.733</ns3:Speed>
</ns3:TPX>
</Extensions>
</Trackpoint>
<Trackpoint>
<Time>2026-09-03T08:57:10Z</Time>
<Position>
<LatitudeDegrees>43.2363336</LatitudeDegrees>
<LongitudeDegrees>118.1040808</LongitudeDegrees>
</Position>
<AltitudeMeters>830.0</AltitudeMeters>
<DistanceMeters>83615.3</DistanceMeters>
<Extensions>
<ns3:TPX>
<ns3:Speed>4.958</ns3:Speed>
</ns3:TPX>
</Extensions>
</Trackpoint>
<Trackpoint>
<Time>2026-09-03T08:57:18Z</Time>
<Position>
<LatitudeDegrees>43.2363013</LatitudeDegrees>
<LongitudeDegrees>118.1045561</LongitudeDegrees>
</Position>
<AltitudeMeters>829.8</AltitudeMeters>
<DistanceMeters>83653.9</DistanceMeters>
<Extensions>
<ns3:TPX>
<ns3:Speed>4.962</ns3:Speed>
</ns3:TPX>
</Extensions>
</Trackpoint>
<Trackpoint>
<Time>2026-09-03T08:57:26Z</Time>
<Position>
<LatitudeDegrees>43.2362712</LatitudeDegrees>
<LongitudeDegrees>118.1050601</LongitudeDegrees>
</Position>
<AltitudeMeters>829.8</AltitudeMeters>
<DistanceMeters>83694.8</DistanceMeters>
<Extensions>
<ns3:TPX>
<ns3:Speed>4.837</ns3:Speed>
</ns3:TPX>
</Extensions>
</Trackpoint>
<Trackpoint>
<Time>2026-09-03T08:57:34Z</Time>
<Position>
<LatitudeDegrees>43.2362345</LatitudeDegrees>
<LongitudeDegrees>118.1055273</LongitudeDegrees>
</Position>
<AltitudeMeters>829.6</AltitudeMeters>
<DistanceMeters>83732.8</DistanceMeters>
<Extensions>
<ns3:TPX>
<ns3:Speed>5.075</ns3:Speed>
</ns3:TPX>
</Extensions>
</Trackpoint>
<Trackpoint>
<Time>2026-09-03T08:57:43Z</Time>
<Position>
<LatitudeDegrees>43.2361960</LatitudeDegrees>
<LongitudeDegrees>118.1061003</LongitudeDegrees>
</Position>
<AltitudeMeters>829.6</AltitudeMeters>
<DistanceMeters>83779.3</DistanceMeters>
<Extensions>
<ns3:TPX>
<ns3:Speed>5.934</ns3:Speed>
</ns3:TPX>
</Extensions>
</Trackpoint>
<Trackpoint>
<Time>2026-09-03T08:57:51Z</Time>
<Position>
<LatitudeDegrees>43.2361580</LatitudeDegrees>
<LongitudeDegrees>118.1066637</LongitudeDegrees>
</Position>
<AltitudeMeters>829.2</AltitudeMeters>
<DistanceMeters>83825.1</DistanceMeters>
<Extensions>
<ns3:TPX>
<ns3:Speed>5.897</ns3:Speed>
</ns3:TPX>
</Extensions>
</Trackpoint>
<Trackpoint>
<Time>2026-09-03T08:57:59Z</Time>
<Position>
<LatitudeDegrees>43.2361158</LatitudeDegrees>
<LongitudeDegrees>118.1072372</LongitudeDegrees>
</Position>
<AltitudeMeters>829.2</AltitudeMeters>
<DistanceMeters>83871.7</DistanceMeters>
<Extensions>
<ns3:TPX>
<ns3:Speed>5.873</ns3:Speed>
</ns3:TPX>
</Extensions>
</Trackpoint>
<Trackpoint>
<Time>2026-09-03T08:58:07Z</Time>
<Position>
<LatitudeDegrees>43.2360752</LatitudeDegrees>
<LongitudeDegrees>118.1078123</LongitudeDegrees>
</Position>
<AltitudeMeters>829.0</AltitudeMeters>
<DistanceMeters>83918.4</DistanceMeters>
<Extensions>
<ns3:TPX>
<ns3:Speed>5.633</ns3:Speed>
</ns3:TPX>
</Extensions>
</Trackpoint>
<Trackpoint>
<Time>2026-09-03T08:58:15Z</Time>
<Position>
<LatitudeDegrees>43.2360350</LatitudeDegrees>
<LongitudeDegrees>118.1083851</LongitudeDegrees>
</Position>
<AltitudeMeters>829.0</AltitudeMeters>
<DistanceMeters>83965.0</DistanceMeters>
<Extensions>
<ns3:TPX>
<ns3:Speed>5.808</ns3:Speed>
</ns3:TPX>
</Extensions>
</Trackpoint>
<Trackpoint>
<Time>2026-09-03T08:58:23Z</Time>
<Position>
<LatitudeDegrees>43.2359943</LatitudeDegrees>
<LongitudeDegrees>118.1089814</LongitudeDegrees>
</Position>
<AltitudeMeters>828.8</AltitudeMeters>
<DistanceMeters>84013.4</DistanceMeters>
<Extensions>
<ns3:TPX>
<ns3:Speed>6.152</ns3:Speed>
</ns3:TPX>
</Extensions>
</Trackpoint>
<Trackpoint>
<Time>2026-09-03T08:58:31Z</Time>
<Position>
<LatitudeDegrees>43.2359498</LatitudeDegrees>
<LongitudeDegrees>118.1096088</LongitudeDegrees>
</Position>
<AltitudeMeters>828.6</AltitudeMeters>
<DistanceMeters>84064.4</DistanceMeters>
<Extensions>
<ns3:TPX>
<ns3:Speed>6.384</ns3:Speed>
</ns3:TPX>
</Extensions>
</Trackpoint>
<Trackpoint>
<Time>2026-09-03T08:58:39Z</Time>
<Position>
<LatitudeDegrees>43.2359065</LatitudeDegrees>
<LongitudeDegrees>118.1102355</LongitudeDegrees>
</Position>
<AltitudeMeters>828.2</AltitudeMeters>
<DistanceMeters>84115.3</DistanceMeters>
<Extensions>
<ns3:TPX>
<ns3:Speed>6.585</ns3:Speed>
</ns3:TPX>
</Extensions>
</Trackpoint>
<Trackpoint>
<Time>2026-09-03T08:58:47Z</Time>
<Position>
<LatitudeDegrees>43.2358537</LatitudeDegrees>
<LongitudeDegrees>118.1109727</LongitudeDegrees>
</Position>
<AltitudeMeters>828.0</AltitudeMeters>
<DistanceMeters>84175.2</DistanceMeters>
<Extensions>
<ns3:TPX>
<ns3:Speed>6.558</ns3:Speed>
</ns3:TPX>
</Extensions>
</Trackpoint>
<Trackpoint>
<Time>2026-09-03T08:58:55Z</Time>
<Position>
<LatitudeDegrees>43.2358051</LatitudeDegrees>
<LongitudeDegrees>118.1116191</LongitudeDegrees>
</Position>
<AltitudeMeters>827.8</AltitudeMeters>
<DistanceMeters>84227.7</DistanceMeters>
<Extensions>
<ns3:TPX>
<ns3:Speed>6.543</ns3:Speed>
</ns3:TPX>
</Extensions>
</Trackpoint>
<Trackpoint>
<Time>2026-09-03T08:59:03Z</Time>
<Position>
<LatitudeDegrees>43.2357628</LatitudeDegrees>
<LongitudeDegrees>118.1122687</LongitudeDegrees>
</Position>
<AltitudeMeters>827.4</AltitudeMeters>
<DistanceMeters>84280.5</DistanceMeters>
<Extensions>
<ns3:TPX>
<ns3:Speed>6.459</ns3:Speed>
</ns3:TPX>
</Extensions>
</Trackpoint>
<Trackpoint>
<Time>2026-09-03T08:59:11Z</Time>
<Position>
<LatitudeDegrees>43.2357140</LatitudeDegrees>
<LongitudeDegrees>118.1129266</LongitudeDegrees>
</Position>
<AltitudeMeters>827.2</AltitudeMeters>
<DistanceMeters>84334.0</DistanceMeters>
<Extensions>
<ns3:TPX>
<ns3:Speed>6.602</ns3:Speed>
</ns3:TPX>
</Extensions>
</Trackpoint>
<Trackpoint>
<Time>2026-09-03T08:59:19Z</Time>
<Position>
<LatitudeDegrees>43.2356660</LatitudeDegrees>
<LongitudeDegrees>118.1136036</LongitudeDegrees>
</Position>
<AltitudeMeters>826.8</AltitudeMeters>
<DistanceMeters>84389.0</DistanceMeters>
<Extensions>
<ns3:TPX>
<ns3:Speed>7.076</ns3:Speed>
</ns3:TPX>
</Extensions>
</Trackpoint>
<Trackpoint>
<Time>2026-09-03T08:59:27Z</Time>
<Position>
<LatitudeDegrees>43.2356167</LatitudeDegrees>
<LongitudeDegrees>118.1142815</LongitudeDegrees>
</Position>
<AltitudeMeters>826.6</AltitudeMeters>
<DistanceMeters>84444.1</DistanceMeters>
<Extensions>
<ns3:TPX>
<ns3:Speed>6.957</ns3:Speed>
</ns3:TPX>
</Extensions>
</Trackpoint>
<Trackpoint>
<Time>2026-09-03T08:59:35Z</Time>
<Position>
<LatitudeDegrees>43.2355742</LatitudeDegrees>
<LongitudeDegrees>118.1149293</LongitudeDegrees>
</Position>
<AltitudeMeters>826.4</AltitudeMeters>
<DistanceMeters>84496.7</DistanceMeters>
<Extensions>
<ns3:TPX>
<ns3:Speed>6.325</ns3:Speed>
</ns3:TPX>
</Extensions>
</Trackpoint>
<Trackpoint>
<Time>2026-09-03T08:59:43Z</Time>
<Position>
<LatitudeDegrees>43.2355256</LatitudeDegrees>
<LongitudeDegrees>118.1155443</LongitudeDegrees>
</Position>
<AltitudeMeters>826.4</AltitudeMeters>
<DistanceMeters>84546.7</DistanceMeters>
<Extensions>
<ns3:TPX>
<ns3:Speed>6.371</ns3:Speed>
</ns3:TPX>
</Extensions>
</Trackpoint>
<Trackpoint>
<Time>2026-09-03T08:59:51Z</Time>
<Position>
<LatitudeDegrees>43.2354883</LatitudeDegrees>
<LongitudeDegrees>118.1161230</LongitudeDegrees>
</Position>
<AltitudeMeters>826.4</AltitudeMeters>
<DistanceMeters>84593.7</DistanceMeters>
<Extensions>
<ns3:TPX>
<ns3:Speed>5.435</ns3:Speed>
</ns3:TPX>
</Extensions>
</Trackpoint>
<Trackpoint>
<Time>2026-09-03T08:59:59Z</Time>
<Position>
<LatitudeDegrees>43.2354646</LatitudeDegrees>
<LongitudeDegrees>118.1166491</LongitudeDegrees>
</Position>
<AltitudeMeters>826.6</AltitudeMeters>
<DistanceMeters>84636.3</DistanceMeters>
<Extensions>
<ns3:TPX>
<ns3:Speed>5.406</ns3:Speed>
</ns3:TPX>
</Extensions>
</Trackpoint>
<Trackpoint>
<Time>2026-09-03T09:00:08Z</Time>
<Position>
<LatitudeDegrees>43.2354602</LatitudeDegrees>
<LongitudeDegrees>118.1172009</LongitudeDegrees>
</Position>
<AltitudeMeters>826.6</AltitudeMeters>
<DistanceMeters>84680.9</DistanceMeters>
<Extensions>
<ns3:TPX>
<ns3:Speed>5.732</ns3:Speed>
</ns3:TPX>
</Extensions>
</Trackpoint>
<Trackpoint>
<Time>2026-09-03T09:00:16Z</Time>
<Position>
<LatitudeDegrees>43.2354880</LatitudeDegrees>
<LongitudeDegrees>118.1177877</LongitudeDegrees>
</Position>
<AltitudeMeters>826.8</AltitudeMeters>
<DistanceMeters>84728.5</DistanceMeters>
<Extensions>
<ns3:TPX>
<ns3:Speed>5.865</ns3:Speed>
</ns3:TPX>
</Extensions>
</Trackpoint>
<Trackpoint>
<Time>2026-09-03T09:00:24Z</Time>
<Position>
<LatitudeDegrees>43.2355442</LatitudeDegrees>
<LongitudeDegrees>118.1183536</LongitudeDegrees>
</Position>
<AltitudeMeters>826.6</AltitudeMeters>
<DistanceMeters>84774.7</DistanceMeters>
<Extensions>
<ns3:TPX>
<ns3:Speed>5.923</ns3:Speed>
</ns3:TPX>
</Extensions>
</Trackpoint>
<Trackpoint>
<Time>2026-09-03T09:00:32Z</Time>
<Position>
<LatitudeDegrees>43.2356381</LatitudeDegrees>
<LongitudeDegrees>118.1189532</LongitudeDegrees>
</Position>
<AltitudeMeters>825.8</AltitudeMeters>
<DistanceMeters>84824.3</DistanceMeters>
<Extensions>
<ns3:TPX>
<ns3:Speed>6.254</ns3:Speed>
</ns3:TPX>
</Extensions>
</Trackpoint>
<Trackpoint>
<Time>2026-09-03T09:00:40Z</Time>
<Position>
<LatitudeDegrees>43.2357651</LatitudeDegrees>
<LongitudeDegrees>118.1195665</LongitudeDegrees>
</Position>
<AltitudeMeters>825.0</AltitudeMeters>
<DistanceMeters>84875.9</DistanceMeters>
<Extensions>
<ns3:TPX>
<ns3:Speed>6.881</ns3:Speed>
</ns3:TPX>
</Extensions>
</Trackpoint>
<Trackpoint>
<Time>2026-09-03T09:00:48Z</Time>
<Position>
<LatitudeDegrees>43.2359440</LatitudeDegrees>
<LongitudeDegrees>118.1202452</LongitudeDegrees>
</Position>
<AltitudeMeters>823.8</AltitudeMeters>
<DistanceMeters>84934.3</DistanceMeters>
<Extensions>
<ns3:TPX>
<ns3:Speed>7.769</ns3:Speed>
</ns3:TPX>
</Extensions>
</Trackpoint>
<Trackpoint>
<Time>2026-09-03T09:00:56Z</Time>
<Position>
<LatitudeDegrees>43.2361536</LatitudeDegrees>
<LongitudeDegrees>118.1209960</LongitudeDegrees>
</Position>
<AltitudeMeters>821.8</AltitudeMeters>
<DistanceMeters>84999.3</DistanceMeters>
<Extensions>
<ns3:TPX>
<ns3:Speed>8.477</ns3:Speed>
</ns3:TPX>
</Extensions>
</Trackpoint>
<Trackpoint>
<Time>2026-09-03T09:01:04Z</Time>
<Position>
<LatitudeDegrees>43.2363771</LatitudeDegrees>
<LongitudeDegrees>118.1217983</LongitudeDegrees>
</Position>
<AltitudeMeters>820.0</AltitudeMeters>
<DistanceMeters>85068.8</DistanceMeters>
<Extensions>
<ns3:TPX>
<ns3:Speed>8.958</ns3:Speed>
</ns3:TPX>
</Extensions>
</Trackpoint>
<Trackpoint>
<Time>2026-09-03T09:01:12Z</Time>
<Position>
<LatitudeDegrees>43.2366448</LatitudeDegrees>
<LongitudeDegrees>118.1227608</LongitudeDegrees>
</Position>
<AltitudeMeters>818.2</AltitudeMeters>
<DistanceMeters>85152.1</DistanceMeters>
<Extensions>
<ns3:TPX>
<ns3:Speed>9.167</ns3:Speed>
</ns3:TPX>
</Extensions>
</Trackpoint>
<Trackpoint>
<Time>2026-09-03T09:01:20Z</Time>
<Position>
<LatitudeDegrees>43.2368739</LatitudeDegrees>
<LongitudeDegrees>118.1236054</LongitudeDegrees>
</Position>
<AltitudeMeters>816.2</AltitudeMeters>
<DistanceMeters>85225.0</DistanceMeters>
<Extensions>
<ns3:TPX>
<ns3:Speed>9.271</ns3:Speed>
</ns3:TPX>
</Extensions>
</Trackpoint>
<Trackpoint>
<Time>2026-09-03T09:01:28Z</Time>
<Position>
<LatitudeDegrees>43.2371164</LatitudeDegrees>
<LongitudeDegrees>118.1244760</LongitudeDegrees>
</Position>
<AltitudeMeters>814.2</AltitudeMeters>
<DistanceMeters>85300.3</DistanceMeters>
<Extensions>
<ns3:TPX>
<ns3:Speed>9.626</ns3:Speed>
</ns3:TPX>
</Extensions>
</Trackpoint>
<Trackpoint>
<Time>2026-09-03T09:01:36Z</Time>
<Position>
<LatitudeDegrees>43.2373657</LatitudeDegrees>
<LongitudeDegrees>118.1253774</LongitudeDegrees>
</Position>
<AltitudeMeters>812.4</AltitudeMeters>
<DistanceMeters>85378.3</DistanceMeters>
<Extensions>
<ns3:TPX>
<ns3:Speed>9.824</ns3:Speed>
</ns3:TPX>
</Extensions>
</Trackpoint>
<Trackpoint>
<Time>2026-09-03T09:01:44Z</Time>
<Position>
<LatitudeDegrees>43.2376196</LatitudeDegrees>
<LongitudeDegrees>118.1262858</LongitudeDegrees>
</Position>
<AltitudeMeters>810.8</AltitudeMeters>
<DistanceMeters>85457.0</DistanceMeters>
<Extensions>
<ns3:TPX>
<ns3:Speed>9.882</ns3:Speed>
</ns3:TPX>
</Extensions>
</Trackpoint>
<Trackpoint>
<Time>2026-09-03T09:01:52Z</Time>
<Position>
<LatitudeDegrees>43.2378646</LatitudeDegrees>
<LongitudeDegrees>118.1271815</LongitudeDegrees>
</Position>
<AltitudeMeters>809.2</AltitudeMeters>
<DistanceMeters>85534.3</DistanceMeters>
<Extensions>
<ns3:TPX>
<ns3:Speed>9.259</ns3:Speed>
</ns3:TPX>
</Extensions>
</Trackpoint>
<Trackpoint>
<Time>2026-09-03T09:02:00Z</Time>
<Position>
<LatitudeDegrees>43.2380798</LatitudeDegrees>
<LongitudeDegrees>118.1279813</LongitudeDegrees>
</Position>
<AltitudeMeters>808.8</AltitudeMeters>
<DistanceMeters>85603.3</DistanceMeters>
<Extensions>
<ns3:TPX>
<ns3:Speed>7.895</ns3:Speed>
</ns3:TPX>
</Extensions>
</Trackpoint>
<Trackpoint>
<Time>2026-09-03T09:02:08Z</Time>
<Position>
<LatitudeDegrees>43.2382653</LatitudeDegrees>
<LongitudeDegrees>118.1286392</LongitudeDegrees>
</Position>
<AltitudeMeters>809.6</AltitudeMeters>
<DistanceMeters>85660.3</DistanceMeters>
<Extensions>
<ns3:TPX>
<ns3:Speed>6.726</ns3:Speed>
</ns3:TPX>
</Extensions>
</Trackpoint>
<Trackpoint>
<Time>2026-09-03T09:02:16Z</Time>
<Position>
<LatitudeDegrees>43.2384111</LatitudeDegrees>
<LongitudeDegrees>118.1291866</LongitudeDegrees>
</Position>
<AltitudeMeters>810.6</AltitudeMeters>
<DistanceMeters>85707.5</DistanceMeters>
<Extensions>
<ns3:TPX>
<ns3:Speed>5.287</ns3:Speed>
</ns3:TPX>
</Extensions>
</Trackpoint>
<Trackpoint>
<Time>2026-09-03T09:02:24Z</Time>
<Position>
<LatitudeDegrees>43.2385355</LatitudeDegrees>
<LongitudeDegrees>118.1296370</LongitudeDegrees>
</Position>
<AltitudeMeters>811.4</AltitudeMeters>
<DistanceMeters>85746.4</DistanceMeters>
<Extensions>
<ns3:TPX>
<ns3:Speed>4.569</ns3:Speed>
</ns3:TPX>
</Extensions>
</Trackpoint>
<Trackpoint>
<Time>2026-09-03T09:02:33Z</Time>
<Position>
<LatitudeDegrees>43.2386465</LatitudeDegrees>
<LongitudeDegrees>118.1300200</LongitudeDegrees>
</Position>
<AltitudeMeters>812.0</AltitudeMeters>
<DistanceMeters>85779.8</DistanceMeters>
<Extensions>
<ns3:TPX>
<ns3:Speed>4.058</ns3:Speed>
</ns3:TPX>
</Extensions>
</Trackpoint>
<Trackpoint>
<Time>2026-09-03T09:02:41Z</Time>
<Position>
<LatitudeDegrees>43.2387484</LatitudeDegrees>
<LongitudeDegrees>118.1303818</LongitudeDegrees>
</Position>
<AltitudeMeters>812.6</AltitudeMeters>
<DistanceMeters>85811.1</DistanceMeters>
<Extensions>
<ns3:TPX>
<ns3:Speed>3.869</ns3:Speed>
</ns3:TPX>
</Extensions>
</Trackpoint>
<Trackpoint>
<Time>2026-09-03T09:02:49Z</Time>
<Position>
<LatitudeDegrees>43.2388503</LatitudeDegrees>
<LongitudeDegrees>118.1307506</LongitudeDegrees>
</Position>
<AltitudeMeters>813.0</AltitudeMeters>
<DistanceMeters>85843.0</DistanceMeters>
<Extensions>
<ns3:TPX>
<ns3:Speed>4.109</ns3:Speed>
</ns3:TPX>
</Extensions>
</Trackpoint>
<Trackpoint>
<Time>2026-09-03T09:02:57Z</Time>
<Position>
<LatitudeDegrees>43.2389488</LatitudeDegrees>
<LongitudeDegrees>118.1311161</LongitudeDegrees>
</Position>
<AltitudeMeters>813.4</AltitudeMeters>
<DistanceMeters>85874.6</DistanceMeters>
<Extensions>
<ns3:TPX>
<ns3:Speed>4.226</ns3:Speed>
</ns3:TPX>
</Extensions>
</Trackpoint>
<Trackpoint>
<Time>2026-09-03T09:03:05Z</Time>
<Position>
<LatitudeDegrees>43.2390592</LatitudeDegrees>
<LongitudeDegrees>118.1315186</LongitudeDegrees>
</Position>
<AltitudeMeters>813.4</AltitudeMeters>
<DistanceMeters>85909.4</DistanceMeters>
<Extensions>
<ns3:TPX>
<ns3:Speed>4.492</ns3:Speed>
</ns3:TPX>
</Extensions>
</Trackpoint>
<Trackpoint>
<Time>2026-09-03T09:03:13Z</Time>
<Position>
<LatitudeDegrees>43.2391761</LatitudeDegrees>
<LongitudeDegrees>118.1319416</LongitudeDegrees>
</Position>
<AltitudeMeters>813.6</AltitudeMeters>
<DistanceMeters>85945.9</DistanceMeters>
<Extensions>
<ns3:TPX>
<ns3:Speed>4.762</ns3:Speed>
</ns3:TPX>
</Extensions>
</Trackpoint>
<Trackpoint>
<Time>2026-09-03T09:03:21Z</Time>
<Position>
<LatitudeDegrees>43.2393005</LatitudeDegrees>
<LongitudeDegrees>118.1323812</LongitudeDegrees>
</Position>
<AltitudeMeters>813.6</AltitudeMeters>
<DistanceMeters>85984.1</DistanceMeters>
<Extensions>
<ns3:TPX>
<ns3:Speed>4.341</ns3:Speed>
</ns3:TPX>
</Extensions>
</Trackpoint>
<Trackpoint>
<Time>2026-09-03T09:03:29Z</Time>
<Position>
<LatitudeDegrees>43.2394219</LatitudeDegrees>
<LongitudeDegrees>118.1328268</LongitudeDegrees>
</Position>
<AltitudeMeters>813.8</AltitudeMeters>
<DistanceMeters>86022.5</DistanceMeters>
<Extensions>
<ns3:TPX>
<ns3:Speed>4.527</ns3:Speed>
</ns3:TPX>
</Extensions>
</Trackpoint>
<Trackpoint>
<Time>2026-09-03T09:03:37Z</Time>
<Position>
<LatitudeDegrees>43.2395428</LatitudeDegrees>
<LongitudeDegrees>118.1332604</LongitudeDegrees>
</Position>
<AltitudeMeters>814.0</AltitudeMeters>
<DistanceMeters>86060.1</DistanceMeters>
<Extensions>
<ns3:TPX>
<ns3:Speed>4.512</ns3:Speed>
</ns3:TPX>
</Extensions>
</Trackpoint>
<Trackpoint>
<Time>2026-09-03T09:03:45Z</Time>
<Position>
<LatitudeDegrees>43.2396563</LatitudeDegrees>
<LongitudeDegrees>118.1336632</LongitudeDegrees>
</Position>
<AltitudeMeters>814.2</AltitudeMeters>
<DistanceMeters>86095.0</DistanceMeters>
<Extensions>
<ns3:TPX>
<ns3:Speed>4.289</ns3:Speed>
</ns3:TPX>
</Extensions>
</Trackpoint>
<Trackpoint>
<Time>2026-09-03T09:03:53Z</Time>
<Position>
<LatitudeDegrees>43.2397578</LatitudeDegrees>
<LongitudeDegrees>118.1340360</LongitudeDegrees>
</Position>
<AltitudeMeters>814.8</AltitudeMeters>
<DistanceMeters>86127.2</DistanceMeters>
<Extensions>
<ns3:TPX>
<ns3:Speed>3.853</ns3:Speed>
</ns3:TPX>
</Extensions>
</Trackpoint>
<Trackpoint>
<Time>2026-09-03T09:04:01Z</Time>
<Position>
<LatitudeDegrees>43.2398459</LatitudeDegrees>
<LongitudeDegrees>118.1343871</LongitudeDegrees>
</Position>
<AltitudeMeters>815.4</AltitudeMeters>
<DistanceMeters>86157.2</DistanceMeters>
<Extensions>
<ns3:TPX>
<ns3:Speed>3.721</ns3:Speed>
</ns3:TPX>
</Extensions>
</Trackpoint>
<Trackpoint>
<Time>2026-09-03T09:04:09Z</Time>
<Position>
<LatitudeDegrees>43.2399384</LatitudeDegrees>
<LongitudeDegrees>118.1347311</LongitudeDegrees>
</Position>
<AltitudeMeters>816.0</AltitudeMeters>
<DistanceMeters>86186.9</DistanceMeters>
<Extensions>
<ns3:TPX>
<ns3:Speed>3.752</ns3:Speed>
</ns3:TPX>
</Extensions>
</Trackpoint>
<Trackpoint>
<Time>2026-09-03T09:04:17Z</Time>
<Position>
<LatitudeDegrees>43.2400365</LatitudeDegrees>
<LongitudeDegrees>118.1350758</LongitudeDegrees>
</Position>
<AltitudeMeters>816.6</AltitudeMeters>
<DistanceMeters>86216.8</DistanceMeters>
<Extensions>
<ns3:TPX>
<ns3:Speed>3.765</ns3:Speed>
</ns3:TPX>
</Extensions>
</Trackpoint>
<Trackpoint>
<Time>2026-09-03T09:04:25Z</Time>
<Position>
<LatitudeDegrees>43.2401271</LatitudeDegrees>
<LongitudeDegrees>118.1354358</LongitudeDegrees>
</Position>
<AltitudeMeters>817.0</AltitudeMeters>
<DistanceMeters>86247.6</DistanceMeters>
<Extensions>
<ns3:TPX>
<ns3:Speed>3.753</ns3:Speed>
</ns3:TPX>
</Extensions>
</Trackpoint>
<Trackpoint>
<Time>2026-09-03T09:04:33Z</Time>
<Position>
<LatitudeDegrees>43.2402153</LatitudeDegrees>
<LongitudeDegrees>118.1357854</LongitudeDegrees>
</Position>
<AltitudeMeters>817.6</AltitudeMeters>
<DistanceMeters>86277.5</DistanceMeters>
<Extensions>
<ns3:TPX>
<ns3:Speed>3.812</ns3:Speed>
</ns3:TPX>
</Extensions>
</Trackpoint>
<Trackpoint>
<Time>2026-09-03T09:04:41Z</Time>
<Position>
<LatitudeDegrees>43.2403108</LatitudeDegrees>
<LongitudeDegrees>118.1361372</LongitudeDegrees>
</Position>
<AltitudeMeters>818.2</AltitudeMeters>
<DistanceMeters>86307.9</DistanceMeters>
<Extensions>
<ns3:TPX>
<ns3:Speed>3.796</ns3:Speed>
</ns3:TPX>
</Extensions>
</Trackpoint>
<Trackpoint>
<Time>2026-09-03T09:04:50Z</Time>
<Position>
<LatitudeDegrees>43.2404068</LatitudeDegrees>
<LongitudeDegrees>118.1364888</LongitudeDegrees>
</Position>
<AltitudeMeters>818.6</AltitudeMeters>
<DistanceMeters>86338.3</DistanceMeters>
<Extensions>
<ns3:TPX>
<ns3:Speed>4.033</ns3:Speed>
</ns3:TPX>
</Extensions>
</Trackpoint>
<Trackpoint>
<Time>2026-09-03T09:04:58Z</Time>
<Position>
<LatitudeDegrees>43.2405093</LatitudeDegrees>
<LongitudeDegrees>118.1368630</LongitudeDegrees>
</Position>
<AltitudeMeters>818.8</AltitudeMeters>
<DistanceMeters>86370.6</DistanceMeters>
<Extensions>
<ns3:TPX>
<ns3:Speed>3.852</ns3:Speed>
</ns3:TPX>
</Extensions>
</Trackpoint>
<Trackpoint>
<Time>2026-09-03T09:05:06Z</Time>
<Position>
<LatitudeDegrees>43.2406133</LatitudeDegrees>
<LongitudeDegrees>118.1372407</LongitudeDegrees>
</Position>
<AltitudeMeters>819.0</AltitudeMeters>
<DistanceMeters>86403.2</DistanceMeters>
<Extensions>
<ns3:TPX>
<ns3:Speed>4.384</ns3:Speed>
</ns3:TPX>
</Extensions>
</Trackpoint>
<Trackpoint>
<Time>2026-09-03T09:05:14Z</Time>
<Position>
<LatitudeDegrees>43.2407259</LatitudeDegrees>
<LongitudeDegrees>118.1376376</LongitudeDegrees>
</Position>
<AltitudeMeters>819.0</AltitudeMeters>
<DistanceMeters>86437.7</DistanceMeters>
<Extensions>
<ns3:TPX>
<ns3:Speed>4.081</ns3:Speed>
</ns3:TPX>
</Extensions>
</Trackpoint>
<Trackpoint>
<Time>2026-09-03T09:05:22Z</Time>
<Position>
<LatitudeDegrees>43.2408394</LatitudeDegrees>
<LongitudeDegrees>118.1380355</LongitudeDegrees>
</Position>
<AltitudeMeters>819.4</AltitudeMeters>
<DistanceMeters>86472.3</DistanceMeters>
<Extensions>
<ns3:TPX>
<ns3:Speed>4.719</ns3:Speed>
</ns3:TPX>
</Extensions>
</Trackpoint>
<Trackpoint>
<Time>2026-09-03T09:05:30Z</Time>
<Position>
<LatitudeDegrees>43.2409586</LatitudeDegrees>
<LongitudeDegrees>118.1384819</LongitudeDegrees>
</Position>
<AltitudeMeters>819.4</AltitudeMeters>
<DistanceMeters>86510.7</DistanceMeters>
<Extensions>
<ns3:TPX>
<ns3:Speed>4.9</ns3:Speed>
</ns3:TPX>
</Extensions>
</Trackpoint>
<Trackpoint>
<Time>2026-09-03T09:05:38Z</Time>
<Position>
<LatitudeDegrees>43.2410849</LatitudeDegrees>
<LongitudeDegrees>118.1389260</LongitudeDegrees>
</Position>
<AltitudeMeters>819.4</AltitudeMeters>
<DistanceMeters>86549.3</DistanceMeters>
<Extensions>
<ns3:TPX>
<ns3:Speed>4.867</ns3:Speed>
</ns3:TPX>
</Extensions>
</Trackpoint>
<Trackpoint>
<Time>2026-09-03T09:05:46Z</Time>
<Position>
<LatitudeDegrees>43.2412111</LatitudeDegrees>
<LongitudeDegrees>118.1393978</LongitudeDegrees>
</Position>
<AltitudeMeters>819.0</AltitudeMeters>
<DistanceMeters>86589.9</DistanceMeters>
<Extensions>
<ns3:TPX>
<ns3:Speed>5.02</ns3:Speed>
</ns3:TPX>
</Extensions>
</Trackpoint>
<Trackpoint>
<Time>2026-09-03T09:05:54Z</Time>
<Position>
<LatitudeDegrees>43.2413484</LatitudeDegrees>
<LongitudeDegrees>118.1399042</LongitudeDegrees>
</Position>
<AltitudeMeters>818.4</AltitudeMeters>
<DistanceMeters>86633.6</DistanceMeters>
<Extensions>
<ns3:TPX>
<ns3:Speed>5.408</ns3:Speed>
</ns3:TPX>
</Extensions>
</Trackpoint>
<Trackpoint>
<Time>2026-09-03T09:06:02Z</Time>
<Position>
<LatitudeDegrees>43.2415056</LatitudeDegrees>
<LongitudeDegrees>118.1404663</LongitudeDegrees>
</Position>
<AltitudeMeters>817.4</AltitudeMeters>
<DistanceMeters>86682.3</DistanceMeters>
<Extensions>
<ns3:TPX>
<ns3:Speed>6.49</ns3:Speed>
</ns3:TPX>
</Extensions>
</Trackpoint>
<Trackpoint>
<Time>2026-09-03T09:06:10Z</Time>
<Position>
<LatitudeDegrees>43.2416834</LatitudeDegrees>
<LongitudeDegrees>118.1411106</LongitudeDegrees>
</Position>
<AltitudeMeters>816.2</AltitudeMeters>
<DistanceMeters>86738.0</DistanceMeters>
<Extensions>
<ns3:TPX>
<ns3:Speed>7.411</ns3:Speed>
</ns3:TPX>
</Extensions>
</Trackpoint>
<Trackpoint>
<Time>2026-09-03T09:06:18Z</Time>
<Position>
<LatitudeDegrees>43.2418803</LatitudeDegrees>
<LongitudeDegrees>118.1418145</LongitudeDegrees>
</Position>
<AltitudeMeters>814.8</AltitudeMeters>
<DistanceMeters>86799.0</DistanceMeters>
<Extensions>
<ns3:TPX>
<ns3:Speed>7.591</ns3:Speed>
</ns3:TPX>
</Extensions>
</Trackpoint>
<Trackpoint>
<Time>2026-09-03T09:06:26Z</Time>
<Position>
<LatitudeDegrees>43.2420554</LatitudeDegrees>
<LongitudeDegrees>118.1424766</LongitudeDegrees>
</Position>
<AltitudeMeters>814.2</AltitudeMeters>
<DistanceMeters>86856.0</DistanceMeters>
<Extensions>
<ns3:TPX>
<ns3:Speed>6.458</ns3:Speed>
</ns3:TPX>
</Extensions>
</Trackpoint>
<Trackpoint>
<Time>2026-09-03T09:06:34Z</Time>
<Position>
<LatitudeDegrees>43.2422142</LatitudeDegrees>
<LongitudeDegrees>118.1430286</LongitudeDegrees>
</Position>
<AltitudeMeters>814.4</AltitudeMeters>
<DistanceMeters>86903.9</DistanceMeters>
<Extensions>
<ns3:TPX>
<ns3:Speed>5.824</ns3:Speed>
</ns3:TPX>
</Extensions>
</Trackpoint>
<Trackpoint>
<Time>2026-09-03T09:06:42Z</Time>
<Position>
<LatitudeDegrees>43.2423527</LatitudeDegrees>
<LongitudeDegrees>118.1435359</LongitudeDegrees>
</Position>
<AltitudeMeters>815.2</AltitudeMeters>
<DistanceMeters>86947.8</DistanceMeters>
<Extensions>
<ns3:TPX>
<ns3:Speed>5.417</ns3:Speed>
</ns3:TPX>
</Extensions>
</Trackpoint>
<Trackpoint>
<Time>2026-09-03T09:06:50Z</Time>
<Position>
<LatitudeDegrees>43.2424853</LatitudeDegrees>
<LongitudeDegrees>118.1440136</LongitudeDegrees>
</Position>
<AltitudeMeters>815.4</AltitudeMeters>
<DistanceMeters>86989.1</DistanceMeters>
<Extensions>
<ns3:TPX>
<ns3:Speed>4.574</ns3:Speed>
</ns3:TPX>
</Extensions>
</Trackpoint>
<Trackpoint>
<Time>2026-09-03T09:06:58Z</Time>
<Position>
<LatitudeDegrees>43.2426038</LatitudeDegrees>
<LongitudeDegrees>118.1444148</LongitudeDegrees>
</Position>
<AltitudeMeters>815.8</AltitudeMeters>
<DistanceMeters>87024.1</DistanceMeters>
<Extensions>
<ns3:TPX>
<ns3:Speed>4.2</ns3:Speed>
</ns3:TPX>
</Extensions>
</Trackpoint>
<Trackpoint>
<Time>2026-09-03T09:07:06Z</Time>
<Position>
<LatitudeDegrees>43.2427096</LatitudeDegrees>
<LongitudeDegrees>118.1448104</LongitudeDegrees>
</Position>
<AltitudeMeters>816.4</AltitudeMeters>
<DistanceMeters>87058.2</DistanceMeters>
<Extensions>
<ns3:TPX>
<ns3:Speed>4.44</ns3:Speed>
</ns3:TPX>
</Extensions>
</Trackpoint>
<Trackpoint>
<Time>2026-09-03T09:07:15Z</Time>
<Position>
<LatitudeDegrees>43.2428236</LatitudeDegrees>
<LongitudeDegrees>118.1452260</LongitudeDegrees>
</Position>
<AltitudeMeters>816.6</AltitudeMeters>
<DistanceMeters>87094.1</DistanceMeters>
<Extensions>
<ns3:TPX>
<ns3:Speed>4.439</ns3:Speed>
</ns3:TPX>
</Extensions>
</Trackpoint>
<Trackpoint>
<Time>2026-09-03T09:07:23Z</Time>
<Position>
<LatitudeDegrees>43.2429418</LatitudeDegrees>
<LongitudeDegrees>118.1456460</LongitudeDegrees>
</Position>
<AltitudeMeters>816.8</AltitudeMeters>
<DistanceMeters>87130.5</DistanceMeters>
<Extensions>
<ns3:TPX>
<ns3:Speed>4.815</ns3:Speed>
</ns3:TPX>
</Extensions>
</Trackpoint>
<Trackpoint>
<Time>2026-09-03T09:07:31Z</Time>
<Position>
<LatitudeDegrees>43.2430653</LatitudeDegrees>
<LongitudeDegrees>118.1461054</LongitudeDegrees>
</Position>
<AltitudeMeters>817.2</AltitudeMeters>
<DistanceMeters>87170.1</DistanceMeters>
<Extensions>
<ns3:TPX>
<ns3:Speed>4.836</ns3:Speed>
</ns3:TPX>
</Extensions>
</Trackpoint>
<Trackpoint>
<Time>2026-09-03T09:07:39Z</Time>
<Position>
<LatitudeDegrees>43.2431933</LatitudeDegrees>
<LongitudeDegrees>118.1465640</LongitudeDegrees>
</Position>
<AltitudeMeters>817.0</AltitudeMeters>
<DistanceMeters>87209.8</DistanceMeters>
<Extensions>
<ns3:TPX>
<ns3:Speed>5.181</ns3:Speed>
</ns3:TPX>
</Extensions>
</Trackpoint>
<Trackpoint>
<Time>2026-09-03T09:07:47Z</Time>
<Position>
<LatitudeDegrees>43.2433234</LatitudeDegrees>
<LongitudeDegrees>118.1470425</LongitudeDegrees>
</Position>
<AltitudeMeters>817.0</AltitudeMeters>
<DistanceMeters>87251.1</DistanceMeters>
<Extensions>
<ns3:TPX>
<ns3:Speed>5.214</ns3:Speed>
</ns3:TPX>
</Extensions>
</Trackpoint>
<Trackpoint>
<Time>2026-09-03T09:07:55Z</Time>
<Position>
<LatitudeDegrees>43.2434586</LatitudeDegrees>
<LongitudeDegrees>118.1475299</LongitudeDegrees>
</Position>
<AltitudeMeters>817.0</AltitudeMeters>
<DistanceMeters>87293.3</DistanceMeters>
<Extensions>
<ns3:TPX>
<ns3:Speed>5.42</ns3:Speed>
</ns3:TPX>
</Extensions>
</Trackpoint>
<Trackpoint>
<Time>2026-09-03T09:08:03Z</Time>
<Position>
<LatitudeDegrees>43.2436039</LatitudeDegrees>
<LongitudeDegrees>118.1480380</LongitudeDegrees>
</Position>
<AltitudeMeters>817.2</AltitudeMeters>
<DistanceMeters>87337.4</DistanceMeters>
<Extensions>
<ns3:TPX>
<ns3:Speed>5.34</ns3:Speed>
</ns3:TPX>
</Extensions>
</Trackpoint>
<Trackpoint>
<Time>2026-09-03T09:08:11Z</Time>
<Position>
<LatitudeDegrees>43.2437611</LatitudeDegrees>
<LongitudeDegrees>118.1485947</LongitudeDegrees>
</Position>
<AltitudeMeters>817.2</AltitudeMeters>
<DistanceMeters>87385.7</DistanceMeters>
<Extensions>
<ns3:TPX>
<ns3:Speed>5.201</ns3:Speed>
</ns3:TPX>
</Extensions>
</Trackpoint>
<Trackpoint>
<Time>2026-09-03T09:08:19Z</Time>
<Position>
<LatitudeDegrees>43.2438863</LatitudeDegrees>
<LongitudeDegrees>118.1490517</LongitudeDegrees>
</Position>
<AltitudeMeters>817.2</AltitudeMeters>
<DistanceMeters>87425.2</DistanceMeters>
<Extensions>
<ns3:TPX>
<ns3:Speed>5.146</ns3:Speed>
</ns3:TPX>
</Extensions>
</Trackpoint>
<Trackpoint>
<Time>2026-09-03T09:08:27Z</Time>
<Position>
<LatitudeDegrees>43.2440259</LatitudeDegrees>
<LongitudeDegrees>118.1495621</LongitudeDegrees>
</Position>
<AltitudeMeters>817.6</AltitudeMeters>
<DistanceMeters>87469.3</DistanceMeters>
<Extensions>
<ns3:TPX>
<ns3:Speed>5.218</ns3:Speed>
</ns3:TPX>
</Extensions>
</Trackpoint>
<Trackpoint>
<Time>2026-09-03T09:08:35Z</Time>
<Position>
<LatitudeDegrees>43.2441642</LatitudeDegrees>
<LongitudeDegrees>118.1500375</LongitudeDegrees>
</Position>
<AltitudeMeters>816.8</AltitudeMeters>
<DistanceMeters>87510.7</DistanceMeters>
<Extensions>
<ns3:TPX>
<ns3:Speed>5.284</ns3:Speed>
</ns3:TPX>
</Extensions>
</Trackpoint>
<Trackpoint>
<Time>2026-09-03T09:08:43Z</Time>
<Position>
<LatitudeDegrees>43.2443020</LatitudeDegrees>
<LongitudeDegrees>118.1505444</LongitudeDegrees>
</Position>
<AltitudeMeters>816.6</AltitudeMeters>
<DistanceMeters>87554.4</DistanceMeters>
<Extensions>
<ns3:TPX>
<ns3:Speed>5.482</ns3:Speed>
</ns3:TPX>
</Extensions>
</Trackpoint>
<Trackpoint>
<Time>2026-09-03T09:08:51Z</Time>
<Position>
<LatitudeDegrees>43.2444470</LatitudeDegrees>
<LongitudeDegrees>118.1510719</LongitudeDegrees>
</Position>
<AltitudeMeters>816.4</AltitudeMeters>
<DistanceMeters>87600.0</DistanceMeters>
<Extensions>
<ns3:TPX>
<ns3:Speed>5.575</ns3:Speed>
</ns3:TPX>
</Extensions>
</Trackpoint>
<Trackpoint>
<Time>2026-09-03T09:08:59Z</Time>
<Position>
<LatitudeDegrees>43.2445794</LatitudeDegrees>
<LongitudeDegrees>118.1515651</LongitudeDegrees>
</Position>
<AltitudeMeters>816.2</AltitudeMeters>
<DistanceMeters>87642.5</DistanceMeters>
<Extensions>
<ns3:TPX>
<ns3:Speed>4.005</ns3:Speed>
</ns3:TPX>
</Extensions>
</Trackpoint>
<Trackpoint>
<Time>2026-09-03T09:09:00Z</Time>
<Position>
<LatitudeDegrees>43.2446020</LatitudeDegrees>
<LongitudeDegrees>118.1516014</LongitudeDegrees>
</Position>
<AltitudeMeters>816.2</AltitudeMeters>
<DistanceMeters>87646.4</DistanceMeters>
<Extensions>
<ns3:TPX>
<ns3:Speed>3.735</ns3:Speed>
</ns3:TPX>
</Extensions>
</Trackpoint>
<Trackpoint>
<Time>2026-09-03T09:09:01Z</Time>
<Position>
<LatitudeDegrees>43.2446262</LatitudeDegrees>
<LongitudeDegrees>118.1516064</LongitudeDegrees>
</Position>
<AltitudeMeters>816.2</AltitudeMeters>
<DistanceMeters>87649.1</DistanceMeters>
<Extensions>
<ns3:TPX>
<ns3:Speed>3.241</ns3:Speed>
</ns3:TPX>
</Extensions>
</Trackpoint>
<Trackpoint>
<Time>2026-09-03T09:09:03Z</Time>
<Position>
<LatitudeDegrees>43.2446525</LatitudeDegrees>
<LongitudeDegrees>118.1515388</LongitudeDegrees>
</Position>
<AltitudeMeters>816.2</AltitudeMeters>
<DistanceMeters>87655.5</DistanceMeters>
<Extensions>
<ns3:TPX>
<ns3:Speed>3.17</ns3:Speed>
</ns3:TPX>
</Extensions>
</Trackpoint>
<Trackpoint>
<Time>2026-09-03T09:09:07Z</Time>
<Position>
<LatitudeDegrees>43.2446583</LatitudeDegrees>
<LongitudeDegrees>118.1513488</LongitudeDegrees>
</Position>
<AltitudeMeters>816.2</AltitudeMeters>
<DistanceMeters>87670.9</DistanceMeters>
<Extensions>
<ns3:TPX>
<ns3:Speed>2.114</ns3:Speed>
</ns3:TPX>
</Extensions>
</Trackpoint>
<Trackpoint>
<Time>2026-09-03T09:09:10Z</Time>
<Position>
<LatitudeDegrees>43.2446997</LatitudeDegrees>
<LongitudeDegrees>118.1513071</LongitudeDegrees>
</Position>
<AltitudeMeters>816.0</AltitudeMeters>
<DistanceMeters>87677.0</DistanceMeters>
<Extensions>
<ns3:TPX>
<ns3:Speed>1.666</ns3:Speed>
</ns3:TPX>
</Extensions>
</Trackpoint>
<Trackpoint>
<Time>2026-09-03T09:09:15Z</Time>
<Position>
<LatitudeDegrees>43.2447342</LatitudeDegrees>
<LongitudeDegrees>118.1512862</LongitudeDegrees>
</Position>
<AltitudeMeters>815.8</AltitudeMeters>
<DistanceMeters>87680.0</DistanceMeters>
<Extensions>
<ns3:TPX>
<ns3:Speed>0.0</ns3:Speed>
</ns3:TPX>
</Extensions>
</Trackpoint>
<Trackpoint>
<Time>2026-09-03T09:10:13Z</Time>
<Position>
<LatitudeDegrees>43.2446500</LatitudeDegrees>
<LongitudeDegrees>118.1513293</LongitudeDegrees>
</Position>
<AltitudeMeters>816.0</AltitudeMeters>
<DistanceMeters>87690.3</DistanceMeters>
<Extensions>
<ns3:TPX>
<ns3:Speed>0.847</ns3:Speed>
</ns3:TPX>
</Extensions>
</Trackpoint>
<Trackpoint>
<Time>2026-09-03T09:10:16Z</Time>
<Position>
<LatitudeDegrees>43.2446447</LatitudeDegrees>
<LongitudeDegrees>118.1513459</LongitudeDegrees>
</Position>
<AltitudeMeters>816.2</AltitudeMeters>
<DistanceMeters>87690.3</DistanceMeters>
<Extensions>
<ns3:TPX>
<ns3:Speed>0.0</ns3:Speed>
</ns3:TPX>
</Extensions>
</Trackpoint>
<Trackpoint>
<Time>2026-09-03T09:10:26Z</Time>
<Position>
<LatitudeDegrees>43.2446709</LatitudeDegrees>
<LongitudeDegrees>118.1515397</LongitudeDegrees>
</Position>
<AltitudeMeters>816.2</AltitudeMeters>
<DistanceMeters>87706.4</DistanceMeters>
<Extensions>
<ns3:TPX>
<ns3:Speed>2.427</ns3:Speed>
</ns3:TPX>
</Extensions>
</Trackpoint>
<Trackpoint>
<Time>2026-09-03T09:10:34Z</Time>
<Position>
<LatitudeDegrees>43.2447485</LatitudeDegrees>
<LongitudeDegrees>118.1518477</LongitudeDegrees>
</Position>
<AltitudeMeters>816.2</AltitudeMeters>
<DistanceMeters>87732.7</DistanceMeters>
<Extensions>
<ns3:TPX>
<ns3:Speed>3.09</ns3:Speed>
</ns3:TPX>
</Extensions>
</Trackpoint>
<Trackpoint>
<Time>2026-09-03T09:10:42Z</Time>
<Position>
<LatitudeDegrees>43.2448025</LatitudeDegrees>
<LongitudeDegrees>118.1521405</LongitudeDegrees>
</Position>
<AltitudeMeters>816.2</AltitudeMeters>
<DistanceMeters>87757.1</DistanceMeters>
<Extensions>
<ns3:TPX>
<ns3:Speed>2.983</ns3:Speed>
</ns3:TPX>
</Extensions>
</Trackpoint>
<Trackpoint>
<Time>2026-09-03T09:10:50Z</Time>
<Position>
<LatitudeDegrees>43.2448563</LatitudeDegrees>
<LongitudeDegrees>118.1524159</LongitudeDegrees>
</Position>
<AltitudeMeters>816.0</AltitudeMeters>
<DistanceMeters>87780.2</DistanceMeters>
<Extensions>
<ns3:TPX>
<ns3:Speed>3.002</ns3:Speed>
</ns3:TPX>
</Extensions>
</Trackpoint>
<Trackpoint>
<Time>2026-09-03T09:10:58Z</Time>
<Position>
<LatitudeDegrees>43.2448941</LatitudeDegrees>
<LongitudeDegrees>118.1526907</LongitudeDegrees>
</Position>
<AltitudeMeters>815.8</AltitudeMeters>
<DistanceMeters>87802.8</DistanceMeters>
<Extensions>
<ns3:TPX>
<ns3:Speed>2.656</ns3:Speed>
</ns3:TPX>
</Extensions>
</Trackpoint>
<Trackpoint>
<Time>2026-09-03T09:11:02Z</Time>
<Position>
<LatitudeDegrees>43.2448902</LatitudeDegrees>
<LongitudeDegrees>118.1528221</LongitudeDegrees>
</Position>
<AltitudeMeters>816.0</AltitudeMeters>
<DistanceMeters>87813.6</DistanceMeters>
<Extensions>
<ns3:TPX>
<ns3:Speed>3.314</ns3:Speed>
</ns3:TPX>
</Extensions>
</Trackpoint>
<Trackpoint>
<Time>2026-09-03T09:11:06Z</Time>
<Position>
<LatitudeDegrees>43.2448386</LatitudeDegrees>
<LongitudeDegrees>118.1530003</LongitudeDegrees>
</Position>
<AltitudeMeters>815.8</AltitudeMeters>
<DistanceMeters>87829.3</DistanceMeters>
<Extensions>
<ns3:TPX>
<ns3:Speed>4.405</ns3:Speed>
</ns3:TPX>
</Extensions>
</Trackpoint>
<Trackpoint>
<Time>2026-09-03T09:11:14Z</Time>
<Position>
<LatitudeDegrees>43.2448763</LatitudeDegrees>
<LongitudeDegrees>118.1534604</LongitudeDegrees>
</Position>
<AltitudeMeters>815.8</AltitudeMeters>
<DistanceMeters>87866.8</DistanceMeters>
<Extensions>
<ns3:TPX>
<ns3:Speed>4.477</ns3:Speed>
</ns3:TPX>
</Extensions>
</Trackpoint>
<Trackpoint>
<Time>2026-09-03T09:11:22Z</Time>
<Position>
<LatitudeDegrees>43.2449037</LatitudeDegrees>
<LongitudeDegrees>118.1538940</LongitudeDegrees>
</Position>
<AltitudeMeters>816.0</AltitudeMeters>
<DistanceMeters>87902.0</DistanceMeters>
<Extensions>
<ns3:TPX>
<ns3:Speed>4.552</ns3:Speed>
</ns3:TPX>
</Extensions>
</Trackpoint>
<Trackpoint>
<Time>2026-09-03T09:11:30Z</Time>
<Position>
<LatitudeDegrees>43.2449254</LatitudeDegrees>
<LongitudeDegrees>118.1543175</LongitudeDegrees>
</Position>
<AltitudeMeters>816.2</AltitudeMeters>
<DistanceMeters>87936.3</DistanceMeters>
<Extensions>
<ns3:TPX>
<ns3:Speed>3.871</ns3:Speed>
</ns3:TPX>
</Extensions>
</Trackpoint>
<Trackpoint>
<Time>2026-09-03T09:11:38Z</Time>
<Position>
<LatitudeDegrees>43.2449392</LatitudeDegrees>
<LongitudeDegrees>118.1547079</LongitudeDegrees>
</Position>
<AltitudeMeters>816.4</AltitudeMeters>
<DistanceMeters>87968.0</DistanceMeters>
<Extensions>
<ns3:TPX>
<ns3:Speed>4.383</ns3:Speed>
</ns3:TPX>
</Extensions>
</Trackpoint>
<Trackpoint>
<Time>2026-09-03T09:11:46Z</Time>
<Position>
<LatitudeDegrees>43.2449401</LatitudeDegrees>
<LongitudeDegrees>118.1551541</LongitudeDegrees>
</Position>
<AltitudeMeters>816.6</AltitudeMeters>
<DistanceMeters>88004.0</DistanceMeters>
<Extensions>
<ns3:TPX>
<ns3:Speed>4.414</ns3:Speed>
</ns3:TPX>
</Extensions>
</Trackpoint>
<Trackpoint>
<Time>2026-09-03T09:11:54Z</Time>
<Position>
<LatitudeDegrees>43.2449279</LatitudeDegrees>
<LongitudeDegrees>118.1556074</LongitudeDegrees>
</Position>
<AltitudeMeters>816.8</AltitudeMeters>
<DistanceMeters>88040.7</DistanceMeters>
<Extensions>
<ns3:TPX>
<ns3:Speed>4.3</ns3:Speed>
</ns3:TPX>
</Extensions>
</Trackpoint>
<Trackpoint>
<Time>2026-09-03T09:12:03Z</Time>
<Position>
<LatitudeDegrees>43.2448992</LatitudeDegrees>
<LongitudeDegrees>118.1560425</LongitudeDegrees>
</Position>
<AltitudeMeters>817.0</AltitudeMeters>
<DistanceMeters>88076.1</DistanceMeters>
<Extensions>
<ns3:TPX>
<ns3:Speed>4.61</ns3:Speed>
</ns3:TPX>
</Extensions>
</Trackpoint>
<Trackpoint>
<Time>2026-09-03T09:12:11Z</Time>
<Position>
<LatitudeDegrees>43.2448517</LatitudeDegrees>
<LongitudeDegrees>118.1565022</LongitudeDegrees>
</Position>
<AltitudeMeters>817.2</AltitudeMeters>
<DistanceMeters>88113.6</DistanceMeters>
<Extensions>
<ns3:TPX>
<ns3:Speed>4.954</ns3:Speed>
</ns3:TPX>
</Extensions>
</Trackpoint>
<Trackpoint>
<Time>2026-09-03T09:12:19Z</Time>
<Position>
<LatitudeDegrees>43.2447938</LatitudeDegrees>
<LongitudeDegrees>118.1569631</LongitudeDegrees>
</Position>
<AltitudeMeters>817.6</AltitudeMeters>
<DistanceMeters>88151.4</DistanceMeters>
<Extensions>
<ns3:TPX>
<ns3:Speed>4.53</ns3:Speed>
</ns3:TPX>
</Extensions>
</Trackpoint>
<Trackpoint>
<Time>2026-09-03T09:12:27Z</Time>
<Position>
<LatitudeDegrees>43.2447210</LatitudeDegrees>
<LongitudeDegrees>118.1574126</LongitudeDegrees>
</Position>
<AltitudeMeters>817.6</AltitudeMeters>
<DistanceMeters>88188.7</DistanceMeters>
<Extensions>
<ns3:TPX>
<ns3:Speed>4.836</ns3:Speed>
</ns3:TPX>
</Extensions>
</Trackpoint>
<Trackpoint>
<Time>2026-09-03T09:12:35Z</Time>
<Position>
<LatitudeDegrees>43.2446437</LatitudeDegrees>
<LongitudeDegrees>118.1578656</LongitudeDegrees>
</Position>
<AltitudeMeters>817.8</AltitudeMeters>
<DistanceMeters>88226.3</DistanceMeters>
<Extensions>
<ns3:TPX>
<ns3:Speed>4.732</ns3:Speed>
</ns3:TPX>
</Extensions>
</Trackpoint>
<Trackpoint>
<Time>2026-09-03T09:12:43Z</Time>
<Position>
<LatitudeDegrees>43.2445616</LatitudeDegrees>
<LongitudeDegrees>118.1583304</LongitudeDegrees>
</Position>
<AltitudeMeters>818.0</AltitudeMeters>
<DistanceMeters>88265.0</DistanceMeters>
<Extensions>
<ns3:TPX>
<ns3:Speed>5.028</ns3:Speed>
</ns3:TPX>
</Extensions>
</Trackpoint>
<Trackpoint>
<Time>2026-09-03T09:12:51Z</Time>
<Position>
<LatitudeDegrees>43.2444822</LatitudeDegrees>
<LongitudeDegrees>118.1587774</LongitudeDegrees>
</Position>
<AltitudeMeters>818.2</AltitudeMeters>
<DistanceMeters>88302.2</DistanceMeters>
<Extensions>
<ns3:TPX>
<ns3:Speed>4.635</ns3:Speed>
</ns3:TPX>
</Extensions>
</Trackpoint>
<Trackpoint>
<Time>2026-09-03T09:12:59Z</Time>
<Position>
<LatitudeDegrees>43.2443963</LatitudeDegrees>
<LongitudeDegrees>118.1592677</LongitudeDegrees>
</Position>
<AltitudeMeters>818.2</AltitudeMeters>
<DistanceMeters>88342.9</DistanceMeters>
<Extensions>
<ns3:TPX>
<ns3:Speed>4.762</ns3:Speed>
</ns3:TPX>
</Extensions>
</Trackpoint>
<Trackpoint>
<Time>2026-09-03T09:13:07Z</Time>
<Position>
<LatitudeDegrees>43.2443129</LatitudeDegrees>
<LongitudeDegrees>118.1597600</LongitudeDegrees>
</Position>
<AltitudeMeters>818.2</AltitudeMeters>
<DistanceMeters>88383.8</DistanceMeters>
<Extensions>
<ns3:TPX>
<ns3:Speed>4.902</ns3:Speed>
</ns3:TPX>
</Extensions>
</Trackpoint>
<Trackpoint>
<Time>2026-09-03T09:13:15Z</Time>
<Position>
<LatitudeDegrees>43.2442202</LatitudeDegrees>
<LongitudeDegrees>118.1602780</LongitudeDegrees>
</Position>
<AltitudeMeters>818.0</AltitudeMeters>
<DistanceMeters>88426.9</DistanceMeters>
<Extensions>
<ns3:TPX>
<ns3:Speed>5.763</ns3:Speed>
</ns3:TPX>
</Extensions>
</Trackpoint>
<Trackpoint>
<Time>2026-09-03T09:13:23Z</Time>
<Position>
<LatitudeDegrees>43.2441236</LatitudeDegrees>
<LongitudeDegrees>118.1608300</LongitudeDegrees>
</Position>
<AltitudeMeters>817.8</AltitudeMeters>
<DistanceMeters>88472.9</DistanceMeters>
<Extensions>
<ns3:TPX>
<ns3:Speed>5.673</ns3:Speed>
</ns3:TPX>
</Extensions>
</Trackpoint>
<Trackpoint>
<Time>2026-09-03T09:13:31Z</Time>
<Position>
<LatitudeDegrees>43.2440166</LatitudeDegrees>
<LongitudeDegrees>118.1614005</LongitudeDegrees>
</Position>
<AltitudeMeters>817.6</AltitudeMeters>
<DistanceMeters>88520.5</DistanceMeters>
<Extensions>
<ns3:TPX>
<ns3:Speed>6.268</ns3:Speed>
</ns3:TPX>
</Extensions>
</Trackpoint>
<Trackpoint>
<Time>2026-09-03T09:13:39Z</Time>
<Position>
<LatitudeDegrees>43.2439088</LatitudeDegrees>
<LongitudeDegrees>118.1619947</LongitudeDegrees>
</Position>
<AltitudeMeters>817.6</AltitudeMeters>
<DistanceMeters>88570.0</DistanceMeters>
<Extensions>
<ns3:TPX>
<ns3:Speed>5.988</ns3:Speed>
</ns3:TPX>
</Extensions>
</Trackpoint>
<Trackpoint>
<Time>2026-09-03T09:13:47Z</Time>
<Position>
<LatitudeDegrees>43.2438093</LatitudeDegrees>
<LongitudeDegrees>118.1625571</LongitudeDegrees>
</Position>
<AltitudeMeters>817.4</AltitudeMeters>
<DistanceMeters>88616.8</DistanceMeters>
<Extensions>
<ns3:TPX>
<ns3:Speed>5.736</ns3:Speed>
</ns3:TPX>
</Extensions>
</Trackpoint>
<Trackpoint>
<Time>2026-09-03T09:13:55Z</Time>
<Position>
<LatitudeDegrees>43.2437115</LatitudeDegrees>
<LongitudeDegrees>118.1630921</LongitudeDegrees>
</Position>
<AltitudeMeters>817.2</AltitudeMeters>
<DistanceMeters>88661.4</DistanceMeters>
<Extensions>
<ns3:TPX>
<ns3:Speed>5.843</ns3:Speed>
</ns3:TPX>
</Extensions>
</Trackpoint>
<Trackpoint>
<Time>2026-09-03T09:14:03Z</Time>
<Position>
<LatitudeDegrees>43.2436152</LatitudeDegrees>
<LongitudeDegrees>118.1636566</LongitudeDegrees>
</Position>
<AltitudeMeters>816.8</AltitudeMeters>
<DistanceMeters>88708.3</DistanceMeters>
<Extensions>
<ns3:TPX>
<ns3:Speed>5.771</ns3:Speed>
</ns3:TPX>
</Extensions>
</Trackpoint>
<Trackpoint>
<Time>2026-09-03T09:14:11Z</Time>
<Position>
<LatitudeDegrees>43.2435144</LatitudeDegrees>
<LongitudeDegrees>118.1642264</LongitudeDegrees>
</Position>
<AltitudeMeters>816.6</AltitudeMeters>
<DistanceMeters>88755.7</DistanceMeters>
<Extensions>
<ns3:TPX>
<ns3:Speed>6.045</ns3:Speed>
</ns3:TPX>
</Extensions>
</Trackpoint>
<Trackpoint>
<Time>2026-09-03T09:14:20Z</Time>
<Position>
<LatitudeDegrees>43.2434160</LatitudeDegrees>
<LongitudeDegrees>118.1647885</LongitudeDegrees>
</Position>
<AltitudeMeters>816.6</AltitudeMeters>
<DistanceMeters>88802.5</DistanceMeters>
<Extensions>
<ns3:TPX>
<ns3:Speed>5.752</ns3:Speed>
</ns3:TPX>
</Extensions>
</Trackpoint>
<Trackpoint>
<Time>2026-09-03T09:14:28Z</Time>
<Position>
<LatitudeDegrees>43.2433196</LatitudeDegrees>
<LongitudeDegrees>118.1653186</LongitudeDegrees>
</Position>
<AltitudeMeters>816.6</AltitudeMeters>
<DistanceMeters>88846.6</DistanceMeters>
<Extensions>
<ns3:TPX>
<ns3:Speed>5.469</ns3:Speed>
</ns3:TPX>
</Extensions>
</Trackpoint>
<Trackpoint>
<Time>2026-09-03T09:14:36Z</Time>
<Position>
<LatitudeDegrees>43.2432291</LatitudeDegrees>
<LongitudeDegrees>118.1658334</LongitudeDegrees>
</Position>
<AltitudeMeters>817.2</AltitudeMeters>
<DistanceMeters>88889.5</DistanceMeters>
<Extensions>
<ns3:TPX>
<ns3:Speed>5.061</ns3:Speed>
</ns3:TPX>
</Extensions>
</Trackpoint>
<Trackpoint>
<Time>2026-09-03T09:14:44Z</Time>
<Position>
<LatitudeDegrees>43.2431434</LatitudeDegrees>
<LongitudeDegrees>118.1663165</LongitudeDegrees>
</Position>
<AltitudeMeters>817.4</AltitudeMeters>
<DistanceMeters>88929.7</DistanceMeters>
<Extensions>
<ns3:TPX>
<ns3:Speed>5.105</ns3:Speed>
</ns3:TPX>
</Extensions>
</Trackpoint>
<Trackpoint>
<Time>2026-09-03T09:14:52Z</Time>
<Position>
<LatitudeDegrees>43.2430490</LatitudeDegrees>
<LongitudeDegrees>118.1668130</LongitudeDegrees>
</Position>
<AltitudeMeters>817.2</AltitudeMeters>
<DistanceMeters>88971.2</DistanceMeters>
<Extensions>
<ns3:TPX>
<ns3:Speed>5.172</ns3:Speed>
</ns3:TPX>
</Extensions>
</Trackpoint>
<Trackpoint>
<Time>2026-09-03T09:15:00Z</Time>
<Position>
<LatitudeDegrees>43.2429567</LatitudeDegrees>
<LongitudeDegrees>118.1673190</LongitudeDegrees>
</Position>
<AltitudeMeters>817.4</AltitudeMeters>
<DistanceMeters>89013.3</DistanceMeters>
<Extensions>
<ns3:TPX>
<ns3:Speed>5.291</ns3:Speed>
</ns3:TPX>
</Extensions>
</Trackpoint>
<Trackpoint>
<Time>2026-09-03T09:15:08Z</Time>
<Position>
<LatitudeDegrees>43.2428671</LatitudeDegrees>
<LongitudeDegrees>118.1678236</LongitudeDegrees>
</Position>
<AltitudeMeters>817.6</AltitudeMeters>
<DistanceMeters>89055.3</DistanceMeters>
<Extensions>
<ns3:TPX>
<ns3:Speed>5.338</ns3:Speed>
</ns3:TPX>
</Extensions>
</Trackpoint>
<Trackpoint>
<Time>2026-09-03T09:15:16Z</Time>
<Position>
<LatitudeDegrees>43.2427798</LatitudeDegrees>
<LongitudeDegrees>118.1683123</LongitudeDegrees>
</Position>
<AltitudeMeters>817.6</AltitudeMeters>
<DistanceMeters>89096.0</DistanceMeters>
<Extensions>
<ns3:TPX>
<ns3:Speed>4.917</ns3:Speed>
</ns3:TPX>
</Extensions>
</Trackpoint>
<Trackpoint>
<Time>2026-09-03T09:15:24Z</Time>
<Position>
<LatitudeDegrees>43.2426943</LatitudeDegrees>
<LongitudeDegrees>118.1687762</LongitudeDegrees>
</Position>
<AltitudeMeters>817.4</AltitudeMeters>
<DistanceMeters>89134.7</DistanceMeters>
<Extensions>
<ns3:TPX>
<ns3:Speed>5.098</ns3:Speed>
</ns3:TPX>
</Extensions>
</Trackpoint>
<Trackpoint>
<Time>2026-09-03T09:15:32Z</Time>
<Position>
<LatitudeDegrees>43.2425881</LatitudeDegrees>
<LongitudeDegrees>118.1693703</LongitudeDegrees>
</Position>
<AltitudeMeters>817.2</AltitudeMeters>
<DistanceMeters>89184.2</DistanceMeters>
<Extensions>
<ns3:TPX>
<ns3:Speed>5.479</ns3:Speed>
</ns3:TPX>
</Extensions>
</Trackpoint>
<Trackpoint>
<Time>2026-09-03T09:15:40Z</Time>
<Position>
<LatitudeDegrees>43.2424899</LatitudeDegrees>
<LongitudeDegrees>118.1699135</LongitudeDegrees>
</Position>
<AltitudeMeters>816.4</AltitudeMeters>
<DistanceMeters>89229.4</DistanceMeters>
<Extensions>
<ns3:TPX>
<ns3:Speed>6.126</ns3:Speed>
</ns3:TPX>
</Extensions>
</Trackpoint>
<Trackpoint>
<Time>2026-09-03T09:15:48Z</Time>
<Position>
<LatitudeDegrees>43.2423757</LatitudeDegrees>
<LongitudeDegrees>118.1705484</LongitudeDegrees>
</Position>
<AltitudeMeters>815.4</AltitudeMeters>
<DistanceMeters>89282.3</DistanceMeters>
<Extensions>
<ns3:TPX>
<ns3:Speed>7.054</ns3:Speed>
</ns3:TPX>
</Extensions>
</Trackpoint>
<Trackpoint>
<Time>2026-09-03T09:15:56Z</Time>
<Position>
<LatitudeDegrees>43.2422479</LatitudeDegrees>
<LongitudeDegrees>118.1712713</LongitudeDegrees>
</Position>
<AltitudeMeters>814.0</AltitudeMeters>
<DistanceMeters>89342.5</DistanceMeters>
<Extensions>
<ns3:TPX>
<ns3:Speed>7.999</ns3:Speed>
</ns3:TPX>
</Extensions>
</Trackpoint>
<Trackpoint>
<Time>2026-09-03T09:16:04Z</Time>
<Position>
<LatitudeDegrees>43.2421057</LatitudeDegrees>
<LongitudeDegrees>118.1720734</LongitudeDegrees>
</Position>
<AltitudeMeters>812.2</AltitudeMeters>
<DistanceMeters>89409.2</DistanceMeters>
<Extensions>
<ns3:TPX>
<ns3:Speed>8.195</ns3:Speed>
</ns3:TPX>
</Extensions>
</Trackpoint>
<Trackpoint>
<Time>2026-09-03T09:16:12Z</Time>
<Position>
<LatitudeDegrees>43.2419780</LatitudeDegrees>
<LongitudeDegrees>118.1727855</LongitudeDegrees>
</Position>
<AltitudeMeters>810.6</AltitudeMeters>
<DistanceMeters>89468.5</DistanceMeters>
<Extensions>
<ns3:TPX>
<ns3:Speed>6.811</ns3:Speed>
</ns3:TPX>
</Extensions>
</Trackpoint>
<Trackpoint>
<Time>2026-09-03T09:16:20Z</Time>
<Position>
<LatitudeDegrees>43.2418668</LatitudeDegrees>
<LongitudeDegrees>118.1733647</LongitudeDegrees>
</Position>
<AltitudeMeters>809.2</AltitudeMeters>
<DistanceMeters>89517.0</DistanceMeters>
<Extensions>
<ns3:TPX>
<ns3:Speed>5.74</ns3:Speed>
</ns3:TPX>
</Extensions>
</Trackpoint>
<Trackpoint>
<Time>2026-09-03T09:16:28Z</Time>
<Position>
<LatitudeDegrees>43.2417909</LatitudeDegrees>
<LongitudeDegrees>118.1738035</LongitudeDegrees>
</Position>
<AltitudeMeters>808.2</AltitudeMeters>
<DistanceMeters>89553.4</DistanceMeters>
<Extensions>
<ns3:TPX>
<ns3:Speed>3.138</ns3:Speed>
</ns3:TPX>
</Extensions>
</Trackpoint>
<Trackpoint>
<Time>2026-09-03T09:16:36Z</Time>
<Position>
<LatitudeDegrees>43.2417348</LatitudeDegrees>
<LongitudeDegrees>118.1741245</LongitudeDegrees>
</Position>
<AltitudeMeters>807.6</AltitudeMeters>
<DistanceMeters>89580.1</DistanceMeters>
<Extensions>
<ns3:TPX>
<ns3:Speed>4.2</ns3:Speed>
</ns3:TPX>
</Extensions>
</Trackpoint>
<Trackpoint>
<Time>2026-09-03T09:16:45Z</Time>
<Position>
<LatitudeDegrees>43.2416512</LatitudeDegrees>
<LongitudeDegrees>118.1745995</LongitudeDegrees>
</Position>
<AltitudeMeters>806.6</AltitudeMeters>
<DistanceMeters>89619.6</DistanceMeters>
<Extensions>
<ns3:TPX>
<ns3:Speed>5.471</ns3:Speed>
</ns3:TPX>
</Extensions>
</Trackpoint>
<Trackpoint>
<Time>2026-09-03T09:16:53Z</Time>
<Position>
<LatitudeDegrees>43.2415495</LatitudeDegrees>
<LongitudeDegrees>118.1751688</LongitudeDegrees>
</Position>
<AltitudeMeters>805.2</AltitudeMeters>
<DistanceMeters>89667.0</DistanceMeters>
<Extensions>
<ns3:TPX>
<ns3:Speed>6.263</ns3:Speed>
</ns3:TPX>
</Extensions>
</Trackpoint>
<Trackpoint>
<Time>2026-09-03T09:17:01Z</Time>
<Position>
<LatitudeDegrees>43.2414363</LatitudeDegrees>
<LongitudeDegrees>118.1757739</LongitudeDegrees>
</Position>
<AltitudeMeters>804.6</AltitudeMeters>
<DistanceMeters>89717.6</DistanceMeters>
<Extensions>
<ns3:TPX>
<ns3:Speed>6.124</ns3:Speed>
</ns3:TPX>
</Extensions>
</Trackpoint>
<Trackpoint>
<Time>2026-09-03T09:17:09Z</Time>
<Position>
<LatitudeDegrees>43.2413344</LatitudeDegrees>
<LongitudeDegrees>118.1763535</LongitudeDegrees>
</Position>
<AltitudeMeters>804.4</AltitudeMeters>
<DistanceMeters>89765.8</DistanceMeters>
<Extensions>
<ns3:TPX>
<ns3:Speed>5.85</ns3:Speed>
</ns3:TPX>
</Extensions>
</Trackpoint>
<Trackpoint>
<Time>2026-09-03T09:17:17Z</Time>
<Position>
<LatitudeDegrees>43.2412421</LatitudeDegrees>
<LongitudeDegrees>118.1768766</LongitudeDegrees>
</Position>
<AltitudeMeters>804.4</AltitudeMeters>
<DistanceMeters>89809.3</DistanceMeters>
<Extensions>
<ns3:TPX>
<ns3:Speed>5.343</ns3:Speed>
</ns3:TPX>
</Extensions>
</Trackpoint>
<Trackpoint>
<Time>2026-09-03T09:17:25Z</Time>
<Position>
<LatitudeDegrees>43.2411515</LatitudeDegrees>
<LongitudeDegrees>118.1773652</LongitudeDegrees>
</Position>
<AltitudeMeters>804.4</AltitudeMeters>
<DistanceMeters>89850.1</DistanceMeters>
<Extensions>
<ns3:TPX>
<ns3:Speed>5.083</ns3:Speed>
</ns3:TPX>
</Extensions>
</Trackpoint>
<Trackpoint>
<Time>2026-09-03T09:17:33Z</Time>
<Position>
<LatitudeDegrees>43.2410678</LatitudeDegrees>
<LongitudeDegrees>118.1778237</LongitudeDegrees>
</Position>
<AltitudeMeters>804.4</AltitudeMeters>
<DistanceMeters>89888.3</DistanceMeters>
<Extensions>
<ns3:TPX>
<ns3:Speed>4.631</ns3:Speed>
</ns3:TPX>
</Extensions>
</Trackpoint>
<Trackpoint>
<Time>2026-09-03T09:17:41Z</Time>
<Position>
<LatitudeDegrees>43.2409853</LatitudeDegrees>
<LongitudeDegrees>118.1782886</LongitudeDegrees>
</Position>
<AltitudeMeters>804.4</AltitudeMeters>
<DistanceMeters>89927.0</DistanceMeters>
<Extensions>
<ns3:TPX>
<ns3:Speed>4.31</ns3:Speed>
</ns3:TPX>
</Extensions>
</Trackpoint>
<Trackpoint>
<Time>2026-09-03T09:17:49Z</Time>
<Position>
<LatitudeDegrees>43.2409066</LatitudeDegrees>
<LongitudeDegrees>118.1787162</LongitudeDegrees>
</Position>
<AltitudeMeters>804.4</AltitudeMeters>
<DistanceMeters>89962.7</DistanceMeters>
<Extensions>
<ns3:TPX>
<ns3:Speed>4.011</ns3:Speed>
</ns3:TPX>
</Extensions>
</Trackpoint>
<Trackpoint>
<Time>2026-09-03T09:17:57Z</Time>
<Position>
<LatitudeDegrees>43.2408317</LatitudeDegrees>
<LongitudeDegrees>118.1791038</LongitudeDegrees>
</Position>
<AltitudeMeters>805.0</AltitudeMeters>
<DistanceMeters>89995.1</DistanceMeters>
<Extensions>
<ns3:TPX>
<ns3:Speed>3.937</ns3:Speed>
</ns3:TPX>
</Extensions>
</Trackpoint>
<Trackpoint>
<Time>2026-09-03T09:18:05Z</Time>
<Position>
<LatitudeDegrees>43.2407600</LatitudeDegrees>
<LongitudeDegrees>118.1794770</LongitudeDegrees>
</Position>
<AltitudeMeters>805.4</AltitudeMeters>
<DistanceMeters>90026.3</DistanceMeters>
<Extensions>
<ns3:TPX>
<ns3:Speed>3.933</ns3:Speed>
</ns3:TPX>
</Extensions>
</Trackpoint>
<Trackpoint>
<Time>2026-09-03T09:18:13Z</Time>
<Position>
<LatitudeDegrees>43.2406950</LatitudeDegrees>
<LongitudeDegrees>118.1798480</LongitudeDegrees>
</Position>
<AltitudeMeters>805.8</AltitudeMeters>
<DistanceMeters>90057.2</DistanceMeters>
<Extensions>
<ns3:TPX>
<ns3:Speed>3.738</ns3:Speed>
</ns3:TPX>
</Extensions>
</Trackpoint>
<Trackpoint>
<Time>2026-09-03T09:18:21Z</Time>
<Position>
<LatitudeDegrees>43.2406316</LatitudeDegrees>
<LongitudeDegrees>118.1802035</LongitudeDegrees>
</Position>
<AltitudeMeters>806.2</AltitudeMeters>
<DistanceMeters>90086.8</DistanceMeters>
<Extensions>
<ns3:TPX>
<ns3:Speed>3.474</ns3:Speed>
</ns3:TPX>
</Extensions>
</Trackpoint>
<Trackpoint>
<Time>2026-09-03T09:18:29Z</Time>
<Position>
<LatitudeDegrees>43.2405812</LatitudeDegrees>
<LongitudeDegrees>118.1804851</LongitudeDegrees>
</Position>
<AltitudeMeters>806.8</AltitudeMeters>
<DistanceMeters>90110.3</DistanceMeters>
<Extensions>
<ns3:TPX>
<ns3:Speed>2.806</ns3:Speed>
</ns3:TPX>
</Extensions>
</Trackpoint>
<Trackpoint>
<Time>2026-09-03T09:18:37Z</Time>
<Position>
<LatitudeDegrees>43.2405352</LatitudeDegrees>
<LongitudeDegrees>118.1807532</LongitudeDegrees>
</Position>
<AltitudeMeters>807.2</AltitudeMeters>
<DistanceMeters>90132.6</DistanceMeters>
<Extensions>
<ns3:TPX>
<ns3:Speed>2.972</ns3:Speed>
</ns3:TPX>
</Extensions>
</Trackpoint>
<Trackpoint>
<Time>2026-09-03T09:18:45Z</Time>
<Position>
<LatitudeDegrees>43.2404812</LatitudeDegrees>
<LongitudeDegrees>118.1810508</LongitudeDegrees>
</Position>
<AltitudeMeters>807.6</AltitudeMeters>
<DistanceMeters>90157.4</DistanceMeters>
<Extensions>
<ns3:TPX>
<ns3:Speed>3.181</ns3:Speed>
</ns3:TPX>
</Extensions>
</Trackpoint>
<Trackpoint>
<Time>2026-09-03T09:18:53Z</Time>
<Position>
<LatitudeDegrees>43.2404233</LatitudeDegrees>
<LongitudeDegrees>118.1813600</LongitudeDegrees>
</Position>
<AltitudeMeters>807.8</AltitudeMeters>
<DistanceMeters>90183.2</DistanceMeters>
<Extensions>
<ns3:TPX>
<ns3:Speed>3.271</ns3:Speed>
</ns3:TPX>
</Extensions>
</Trackpoint>
<Trackpoint>
<Time>2026-09-03T09:19:01Z</Time>
<Position>
<LatitudeDegrees>43.2403720</LatitudeDegrees>
<LongitudeDegrees>118.1816453</LongitudeDegrees>
</Position>
<AltitudeMeters>808.4</AltitudeMeters>
<DistanceMeters>90207.0</DistanceMeters>
<Extensions>
<ns3:TPX>
<ns3:Speed>2.297</ns3:Speed>
</ns3:TPX>
</Extensions>
</Trackpoint>
<Trackpoint>
<Time>2026-09-03T09:19:10Z</Time>
<Position>
<LatitudeDegrees>43.2403412</LatitudeDegrees>
<LongitudeDegrees>118.1818364</LongitudeDegrees>
</Position>
<AltitudeMeters>808.6</AltitudeMeters>
<DistanceMeters>90222.8</DistanceMeters>
<Extensions>
<ns3:TPX>
<ns3:Speed>2.11</ns3:Speed>
</ns3:TPX>
</Extensions>
</Trackpoint>
<Trackpoint>
<Time>2026-09-03T09:19:18Z</Time>
<Position>
<LatitudeDegrees>43.2402900</LatitudeDegrees>
<LongitudeDegrees>118.1819617</LongitudeDegrees>
</Position>
<AltitudeMeters>809.0</AltitudeMeters>
<DistanceMeters>90233.0</DistanceMeters>
<Extensions>
<ns3:TPX>
<ns3:Speed>0.0</ns3:Speed>
</ns3:TPX>
</Extensions>
</Trackpoint>
<Trackpoint>
<Time>2026-09-03T09:20:38Z</Time>
<Position>
<LatitudeDegrees>43.2403509</LatitudeDegrees>
<LongitudeDegrees>118.1820008</LongitudeDegrees>
</Position>
<AltitudeMeters>809.0</AltitudeMeters>
<DistanceMeters>90240.6</DistanceMeters>
<Extensions>
<ns3:TPX>
<ns3:Speed>2.43</ns3:Speed>
</ns3:TPX>
</Extensions>
</Trackpoint>
<Trackpoint>
<Time>2026-09-03T09:20:43Z</Time>
<Position>
<LatitudeDegrees>43.2404607</LatitudeDegrees>
<LongitudeDegrees>118.1819401</LongitudeDegrees>
</Position>
<AltitudeMeters>809.0</AltitudeMeters>
<DistanceMeters>90253.9</DistanceMeters>
<Extensions>
<ns3:TPX>
<ns3:Speed>2.717</ns3:Speed>
</ns3:TPX>
</Extensions>
</Trackpoint>
<Trackpoint>
<Time>2026-09-03T09:20:50Z</Time>
<Position>
<LatitudeDegrees>43.2405276</LatitudeDegrees>
<LongitudeDegrees>118.1818579</LongitudeDegrees>
</Position>
<AltitudeMeters>808.8</AltitudeMeters>
<DistanceMeters>90262.8</DistanceMeters>
<Extensions>
<ns3:TPX>
<ns3:Speed>0.0</ns3:Speed>
</ns3:TPX>
</Extensions>
</Trackpoint>
<Trackpoint>
<Time>2026-09-03T09:21:01Z</Time>
<Position>
<LatitudeDegrees>43.2405323</LatitudeDegrees>
<LongitudeDegrees>118.1819615</LongitudeDegrees>
</Position>
<AltitudeMeters>808.8</AltitudeMeters>
<DistanceMeters>90269.5</DistanceMeters>
<Extensions>
<ns3:TPX>
<ns3:Speed>0.0</ns3:Speed>
</ns3:TPX>
</Extensions>
</Trackpoint>
<Trackpoint>
<Time>2026-09-03T09:22:11Z</Time>
<Position>
<LatitudeDegrees>43.2406009</LatitudeDegrees>
<LongitudeDegrees>118.1820585</LongitudeDegrees>
</Position>
<AltitudeMeters>808.8</AltitudeMeters>
<DistanceMeters>90280.6</DistanceMeters>
<Extensions>
<ns3:TPX>
<ns3:Speed>1.89</ns3:Speed>
</ns3:TPX>
</Extensions>
</Trackpoint>
<Trackpoint>
<Time>2026-09-03T09:22:19Z</Time>
<Position>
<LatitudeDegrees>43.2407659</LatitudeDegrees>
<LongitudeDegrees>118.1821803</LongitudeDegrees>
</Position>
<AltitudeMeters>808.8</AltitudeMeters>
<DistanceMeters>90301.4</DistanceMeters>
<Extensions>
<ns3:TPX>
<ns3:Speed>2.946</ns3:Speed>
</ns3:TPX>
</Extensions>
</Trackpoint>
<Trackpoint>
<Time>2026-09-03T09:22:27Z</Time>
<Position>
<LatitudeDegrees>43.2409478</LatitudeDegrees>
<LongitudeDegrees>118.1823778</LongitudeDegrees>
</Position>
<AltitudeMeters>809.4</AltitudeMeters>
<DistanceMeters>90327.2</DistanceMeters>
<Extensions>
<ns3:TPX>
<ns3:Speed>3.369</ns3:Speed>
</ns3:TPX>
</Extensions>
</Trackpoint>
<Trackpoint>
<Time>2026-09-03T09:22:35Z</Time>
<Position>
<LatitudeDegrees>43.2411572</LatitudeDegrees>
<LongitudeDegrees>118.1825479</LongitudeDegrees>
</Position>
<AltitudeMeters>810.2</AltitudeMeters>
<DistanceMeters>90354.3</DistanceMeters>
<Extensions>
<ns3:TPX>
<ns3:Speed>2.728</ns3:Speed>
</ns3:TPX>
</Extensions>
</Trackpoint>
<Trackpoint>
<Time>2026-09-03T09:22:43Z</Time>
<Position>
<LatitudeDegrees>43.2413353</LatitudeDegrees>
<LongitudeDegrees>118.1826798</LongitudeDegrees>
</Position>
<AltitudeMeters>810.8</AltitudeMeters>
<DistanceMeters>90376.8</DistanceMeters>
<Extensions>
<ns3:TPX>
<ns3:Speed>2.798</ns3:Speed>
</ns3:TPX>
</Extensions>
</Trackpoint>
<Trackpoint>
<Time>2026-09-03T09:22:51Z</Time>
<Position>
<LatitudeDegrees>43.2415180</LatitudeDegrees>
<LongitudeDegrees>118.1828234</LongitudeDegrees>
</Position>
<AltitudeMeters>810.8</AltitudeMeters>
<DistanceMeters>90400.1</DistanceMeters>
<Extensions>
<ns3:TPX>
<ns3:Speed>3.103</ns3:Speed>
</ns3:TPX>
</Extensions>
</Trackpoint>
<Trackpoint>
<Time>2026-09-03T09:22:59Z</Time>
<Position>
<LatitudeDegrees>43.2417392</LatitudeDegrees>
<LongitudeDegrees>118.1829592</LongitudeDegrees>
</Position>
<AltitudeMeters>810.8</AltitudeMeters>
<DistanceMeters>90427.1</DistanceMeters>
<Extensions>
<ns3:TPX>
<ns3:Speed>3.532</ns3:Speed>
</ns3:TPX>
</Extensions>
</Trackpoint>
<Trackpoint>
<Time>2026-09-03T09:23:07Z</Time>
<Position>
<LatitudeDegrees>43.2419510</LatitudeDegrees>
<LongitudeDegrees>118.1830969</LongitudeDegrees>
</Position>
<AltitudeMeters>810.8</AltitudeMeters>
<DistanceMeters>90453.1</DistanceMeters>
<Extensions>
<ns3:TPX>
<ns3:Speed>3.378</ns3:Speed>
</ns3:TPX>
</Extensions>
</Trackpoint>
<Trackpoint>
<Time>2026-09-03T09:23:15Z</Time>
<Position>
<LatitudeDegrees>43.2421845</LatitudeDegrees>
<LongitudeDegrees>118.1832845</LongitudeDegrees>
</Position>
<AltitudeMeters>810.6</AltitudeMeters>
<DistanceMeters>90483.2</DistanceMeters>
<Extensions>
<ns3:TPX>
<ns3:Speed>4.031</ns3:Speed>
</ns3:TPX>
</Extensions>
</Trackpoint>
<Trackpoint>
<Time>2026-09-03T09:23:23Z</Time>
<Position>
<LatitudeDegrees>43.2424522</LatitudeDegrees>
<LongitudeDegrees>118.1834630</LongitudeDegrees>
</Position>
<AltitudeMeters>810.4</AltitudeMeters>
<DistanceMeters>90516.2</DistanceMeters>
<Extensions>
<ns3:TPX>
<ns3:Speed>4.327</ns3:Speed>
</ns3:TPX>
</Extensions>
</Trackpoint>
<Trackpoint>
<Time>2026-09-03T09:23:31Z</Time>
<Position>
<LatitudeDegrees>43.2427220</LatitudeDegrees>
<LongitudeDegrees>118.1836498</LongitudeDegrees>
</Position>
<AltitudeMeters>810.4</AltitudeMeters>
<DistanceMeters>90549.8</DistanceMeters>
<Extensions>
<ns3:TPX>
<ns3:Speed>4.235</ns3:Speed>
</ns3:TPX>
</Extensions>
</Trackpoint>
<Trackpoint>
<Time>2026-09-03T09:23:39Z</Time>
<Position>
<LatitudeDegrees>43.2430039</LatitudeDegrees>
<LongitudeDegrees>118.1837776</LongitudeDegrees>
</Position>
<AltitudeMeters>810.2</AltitudeMeters>
<DistanceMeters>90582.9</DistanceMeters>
<Extensions>
<ns3:TPX>
<ns3:Speed>4.044</ns3:Speed>
</ns3:TPX>
</Extensions>
</Trackpoint>
<Trackpoint>
<Time>2026-09-03T09:23:47Z</Time>
<Position>
<LatitudeDegrees>43.2433067</LatitudeDegrees>
<LongitudeDegrees>118.1838523</LongitudeDegrees>
</Position>
<AltitudeMeters>810.0</AltitudeMeters>
<DistanceMeters>90617.0</DistanceMeters>
<Extensions>
<ns3:TPX>
<ns3:Speed>4.418</ns3:Speed>
</ns3:TPX>
</Extensions>
</Trackpoint>
<Trackpoint>
<Time>2026-09-03T09:23:56Z</Time>
<Position>
<LatitudeDegrees>43.2436022</LatitudeDegrees>
<LongitudeDegrees>118.1838513</LongitudeDegrees>
</Position>
<AltitudeMeters>810.0</AltitudeMeters>
<DistanceMeters>90649.9</DistanceMeters>
<Extensions>
<ns3:TPX>
<ns3:Speed>3.765</ns3:Speed>
</ns3:TPX>
</Extensions>
</Trackpoint>
<Trackpoint>
<Time>2026-09-03T09:24:04Z</Time>
<Position>
<LatitudeDegrees>43.2438800</LatitudeDegrees>
<LongitudeDegrees>118.1837892</LongitudeDegrees>
</Position>
<AltitudeMeters>810.0</AltitudeMeters>
<DistanceMeters>90681.2</DistanceMeters>
<Extensions>
<ns3:TPX>
<ns3:Speed>3.859</ns3:Speed>
</ns3:TPX>
</Extensions>
</Trackpoint>
<Trackpoint>
<Time>2026-09-03T09:24:11Z</Time>
<Position>
<LatitudeDegrees>43.2441173</LatitudeDegrees>
<LongitudeDegrees>118.1837320</LongitudeDegrees>
</Position>
<AltitudeMeters>809.8</AltitudeMeters>
<DistanceMeters>90708.0</DistanceMeters>
<Extensions>
<ns3:TPX>
<ns3:Speed>3.857</ns3:Speed>
</ns3:TPX>
</Extensions>
</Trackpoint>
<Trackpoint>
<Time>2026-09-03T09:24:19Z</Time>
<Position>
<LatitudeDegrees>43.2443598</LatitudeDegrees>
<LongitudeDegrees>118.1836595</LongitudeDegrees>
</Position>
<AltitudeMeters>809.6</AltitudeMeters>
<DistanceMeters>90735.7</DistanceMeters>
<Extensions>
<ns3:TPX>
<ns3:Speed>3.859</ns3:Speed>
</ns3:TPX>
</Extensions>
</Trackpoint>
<Trackpoint>
<Time>2026-09-03T09:24:27Z</Time>
<Position>
<LatitudeDegrees>43.2446490</LatitudeDegrees>
<LongitudeDegrees>118.1836060</LongitudeDegrees>
</Position>
<AltitudeMeters>809.2</AltitudeMeters>
<DistanceMeters>90768.1</DistanceMeters>
<Extensions>
<ns3:TPX>
<ns3:Speed>4.148</ns3:Speed>
</ns3:TPX>
</Extensions>
</Trackpoint>
<Trackpoint>
<Time>2026-09-03T09:24:35Z</Time>
<Position>
<LatitudeDegrees>43.2449481</LatitudeDegrees>
<LongitudeDegrees>118.1835081</LongitudeDegrees>
</Position>
<AltitudeMeters>808.8</AltitudeMeters>
<DistanceMeters>90802.2</DistanceMeters>
<Extensions>
<ns3:TPX>
<ns3:Speed>4.437</ns3:Speed>
</ns3:TPX>
</Extensions>
</Trackpoint>
<Trackpoint>
<Time>2026-09-03T09:24:43Z</Time>
<Position>
<LatitudeDegrees>43.2452548</LatitudeDegrees>
<LongitudeDegrees>118.1834347</LongitudeDegrees>
</Position>
<AltitudeMeters>808.6</AltitudeMeters>
<DistanceMeters>90836.8</DistanceMeters>
<Extensions>
<ns3:TPX>
<ns3:Speed>4.315</ns3:Speed>
</ns3:TPX>
</Extensions>
</Trackpoint>
<Trackpoint>
<Time>2026-09-03T09:24:51Z</Time>
<Position>
<LatitudeDegrees>43.2455857</LatitudeDegrees>
<LongitudeDegrees>118.1833466</LongitudeDegrees>
</Position>
<AltitudeMeters>808.0</AltitudeMeters>
<DistanceMeters>90874.2</DistanceMeters>
<Extensions>
<ns3:TPX>
<ns3:Speed>5.009</ns3:Speed>
</ns3:TPX>
</Extensions>
</Trackpoint>
<Trackpoint>
<Time>2026-09-03T09:24:59Z</Time>
<Position>
<LatitudeDegrees>43.2459985</LatitudeDegrees>
<LongitudeDegrees>118.1832284</LongitudeDegrees>
</Position>
<AltitudeMeters>807.6</AltitudeMeters>
<DistanceMeters>90921.1</DistanceMeters>
<Extensions>
<ns3:TPX>
<ns3:Speed>5.026</ns3:Speed>
</ns3:TPX>
</Extensions>
</Trackpoint>
<Trackpoint>
<Time>2026-09-03T09:25:07Z</Time>
<Position>
<LatitudeDegrees>43.2463421</LatitudeDegrees>
<LongitudeDegrees>118.1831414</LongitudeDegrees>
</Position>
<AltitudeMeters>807.4</AltitudeMeters>
<DistanceMeters>90959.8</DistanceMeters>
<Extensions>
<ns3:TPX>
<ns3:Speed>4.926</ns3:Speed>
</ns3:TPX>
</Extensions>
</Trackpoint>
<Trackpoint>
<Time>2026-09-03T09:25:15Z</Time>
<Position>
<LatitudeDegrees>43.2467048</LatitudeDegrees>
<LongitudeDegrees>118.1830434</LongitudeDegrees>
</Position>
<AltitudeMeters>806.8</AltitudeMeters>
<DistanceMeters>91000.9</DistanceMeters>
<Extensions>
<ns3:TPX>
<ns3:Speed>4.623</ns3:Speed>
</ns3:TPX>
</Extensions>
</Trackpoint>
<Trackpoint>
<Time>2026-09-03T09:25:18Z</Time>
<Position>
<LatitudeDegrees>43.2468307</LatitudeDegrees>
<LongitudeDegrees>118.1830593</LongitudeDegrees>
</Position>
<AltitudeMeters>806.6</AltitudeMeters>
<DistanceMeters>91015.0</DistanceMeters>
<Extensions>
<ns3:TPX>
<ns3:Speed>4.826</ns3:Speed>
</ns3:TPX>
</Extensions>
</Trackpoint>
<Trackpoint>
<Time>2026-09-03T09:25:20Z</Time>
<Position>
<LatitudeDegrees>43.2469010</LatitudeDegrees>
<LongitudeDegrees>118.1831283</LongitudeDegrees>
</Position>
<AltitudeMeters>806.4</AltitudeMeters>
<DistanceMeters>91024.7</DistanceMeters>
<Extensions>
<ns3:TPX>
<ns3:Speed>4.924</ns3:Speed>
</ns3:TPX>
</Extensions>
</Trackpoint>
<Trackpoint>
<Time>2026-09-03T09:25:23Z</Time>
<Position>
<LatitudeDegrees>43.2469640</LatitudeDegrees>
<LongitudeDegrees>118.1832923</LongitudeDegrees>
</Position>
<AltitudeMeters>806.2</AltitudeMeters>
<DistanceMeters>91039.8</DistanceMeters>
<Extensions>
<ns3:TPX>
<ns3:Speed>4.658</ns3:Speed>
</ns3:TPX>
</Extensions>
</Trackpoint>
<Trackpoint>
<Time>2026-09-03T09:25:31Z</Time>
<Position>
<LatitudeDegrees>43.2470615</LatitudeDegrees>
<LongitudeDegrees>118.1837501</LongitudeDegrees>
</Position>
<AltitudeMeters>806.0</AltitudeMeters>
<DistanceMeters>91078.4</DistanceMeters>
<Extensions>
<ns3:TPX>
<ns3:Speed>4.748</ns3:Speed>
</ns3:TPX>
</Extensions>
</Trackpoint>
<Trackpoint>
<Time>2026-09-03T09:25:39Z</Time>
<Position>
<LatitudeDegrees>43.2471774</LatitudeDegrees>
<LongitudeDegrees>118.1841956</LongitudeDegrees>
</Position>
<AltitudeMeters>805.6</AltitudeMeters>
<DistanceMeters>91116.7</DistanceMeters>
<Extensions>
<ns3:TPX>
<ns3:Speed>5.025</ns3:Speed>
</ns3:TPX>
</Extensions>
</Trackpoint>
<Trackpoint>
<Time>2026-09-03T09:25:47Z</Time>
<Position>
<LatitudeDegrees>43.2473091</LatitudeDegrees>
<LongitudeDegrees>118.1847141</LongitudeDegrees>
</Position>
<AltitudeMeters>804.8</AltitudeMeters>
<DistanceMeters>91161.1</DistanceMeters>
<Extensions>
<ns3:TPX>
<ns3:Speed>6.066</ns3:Speed>
</ns3:TPX>
</Extensions>
</Trackpoint>
<Trackpoint>
<Time>2026-09-03T09:25:55Z</Time>
<Position>
<LatitudeDegrees>43.2474469</LatitudeDegrees>
<LongitudeDegrees>118.1852602</LongitudeDegrees>
</Position>
<AltitudeMeters>804.2</AltitudeMeters>
<DistanceMeters>91207.8</DistanceMeters>
<Extensions>
<ns3:TPX>
<ns3:Speed>5.402</ns3:Speed>
</ns3:TPX>
</Extensions>
</Trackpoint>
<Trackpoint>
<Time>2026-09-03T09:26:03Z</Time>
<Position>
<LatitudeDegrees>43.2475617</LatitudeDegrees>
<LongitudeDegrees>118.1857229</LongitudeDegrees>
</Position>
<AltitudeMeters>804.2</AltitudeMeters>
<DistanceMeters>91247.4</DistanceMeters>
<Extensions>
<ns3:TPX>
<ns3:Speed>4.572</ns3:Speed>
</ns3:TPX>
</Extensions>
</Trackpoint>
<Trackpoint>
<Time>2026-09-03T09:26:11Z</Time>
<Position>
<LatitudeDegrees>43.2476553</LatitudeDegrees>
<LongitudeDegrees>118.1861163</LongitudeDegrees>
</Position>
<AltitudeMeters>804.2</AltitudeMeters>
<DistanceMeters>91280.9</DistanceMeters>
<Extensions>
<ns3:TPX>
<ns3:Speed>3.823</ns3:Speed>
</ns3:TPX>
</Extensions>
</Trackpoint>
<Trackpoint>
<Time>2026-09-03T09:26:20Z</Time>
<Position>
<LatitudeDegrees>43.2477619</LatitudeDegrees>
<LongitudeDegrees>118.1864905</LongitudeDegrees>
</Position>
<AltitudeMeters>804.2</AltitudeMeters>
<DistanceMeters>91313.4</DistanceMeters>
<Extensions>
<ns3:TPX>
<ns3:Speed>3.985</ns3:Speed>
</ns3:TPX>
</Extensions>
</Trackpoint>
<Trackpoint>
<Time>2026-09-03T09:26:27Z</Time>
<Position>
<LatitudeDegrees>43.2478322</LatitudeDegrees>
<LongitudeDegrees>118.1868052</LongitudeDegrees>
</Position>
<AltitudeMeters>804.4</AltitudeMeters>
<DistanceMeters>91340.0</DistanceMeters>
<Extensions>
<ns3:TPX>
<ns3:Speed>2.827</ns3:Speed>
</ns3:TPX>
</Extensions>
</Trackpoint>
<Trackpoint>
<Time>2026-09-03T09:26:30Z</Time>
<Position>
<LatitudeDegrees>43.2478743</LatitudeDegrees>
<LongitudeDegrees>118.1868525</LongitudeDegrees>
</Position>
<AltitudeMeters>804.4</AltitudeMeters>
<DistanceMeters>91346.2</DistanceMeters>
<Extensions>
<ns3:TPX>
<ns3:Speed>1.314</ns3:Speed>
</ns3:TPX>
</Extensions>
</Trackpoint>
<Trackpoint>
<Time>2026-09-03T09:26:38Z</Time>
<Position>
<LatitudeDegrees>43.2480063</LatitudeDegrees>
<LongitudeDegrees>118.1868187</LongitudeDegrees>
</Position>
<AltitudeMeters>804.4</AltitudeMeters>
<DistanceMeters>91361.1</DistanceMeters>
<Extensions>
<ns3:TPX>
<ns3:Speed>2.662</ns3:Speed>
</ns3:TPX>
</Extensions>
</Trackpoint>
<Trackpoint>
<Time>2026-09-03T09:26:42Z</Time>
<Position>
<LatitudeDegrees>43.2481141</LatitudeDegrees>
<LongitudeDegrees>118.1868185</LongitudeDegrees>
</Position>
<AltitudeMeters>804.2</AltitudeMeters>
<DistanceMeters>91373.3</DistanceMeters>
<Extensions>
<ns3:TPX>
<ns3:Speed>3.687</ns3:Speed>
</ns3:TPX>
</Extensions>
</Trackpoint>
<Trackpoint>
<Time>2026-09-03T09:26:45Z</Time>
<Position>
<LatitudeDegrees>43.2482178</LatitudeDegrees>
<LongitudeDegrees>118.1868453</LongitudeDegrees>
</Position>
<AltitudeMeters>804.0</AltitudeMeters>
<DistanceMeters>91385.0</DistanceMeters>
<Extensions>
<ns3:TPX>
<ns3:Speed>4.103</ns3:Speed>
</ns3:TPX>
</Extensions>
</Trackpoint>
<Trackpoint>
<Time>2026-09-03T09:26:53Z</Time>
<Position>
<LatitudeDegrees>43.2485425</LatitudeDegrees>
<LongitudeDegrees>118.1867581</LongitudeDegrees>
</Position>
<AltitudeMeters>803.8</AltitudeMeters>
<DistanceMeters>91421.8</DistanceMeters>
<Extensions>
<ns3:TPX>
<ns3:Speed>4.726</ns3:Speed>
</ns3:TPX>
</Extensions>
</Trackpoint>
<Trackpoint>
<Time>2026-09-03T09:27:01Z</Time>
<Position>
<LatitudeDegrees>43.2488846</LatitudeDegrees>
<LongitudeDegrees>118.1866805</LongitudeDegrees>
</Position>
<AltitudeMeters>803.2</AltitudeMeters>
<DistanceMeters>91460.3</DistanceMeters>
<Extensions>
<ns3:TPX>
<ns3:Speed>4.903</ns3:Speed>
</ns3:TPX>
</Extensions>
</Trackpoint>
<Trackpoint>
<Time>2026-09-03T09:27:09Z</Time>
<Position>
<LatitudeDegrees>43.2492413</LatitudeDegrees>
<LongitudeDegrees>118.1865884</LongitudeDegrees>
</Position>
<AltitudeMeters>803.0</AltitudeMeters>
<DistanceMeters>91500.6</DistanceMeters>
<Extensions>
<ns3:TPX>
<ns3:Speed>5.197</ns3:Speed>
</ns3:TPX>
</Extensions>
</Trackpoint>
<Trackpoint>
<Time>2026-09-03T09:27:17Z</Time>
<Position>
<LatitudeDegrees>43.2496167</LatitudeDegrees>
<LongitudeDegrees>118.1864834</LongitudeDegrees>
</Position>
<AltitudeMeters>802.4</AltitudeMeters>
<DistanceMeters>91543.1</DistanceMeters>
<Extensions>
<ns3:TPX>
<ns3:Speed>4.365</ns3:Speed>
</ns3:TPX>
</Extensions>
</Trackpoint>
<Trackpoint>
<Time>2026-09-03T09:27:25Z</Time>
<Position>
<LatitudeDegrees>43.2499747</LatitudeDegrees>
<LongitudeDegrees>118.1863826</LongitudeDegrees>
</Position>
<AltitudeMeters>801.4</AltitudeMeters>
<DistanceMeters>91583.7</DistanceMeters>
<Extensions>
<ns3:TPX>
<ns3:Speed>4.875</ns3:Speed>
</ns3:TPX>
</Extensions>
</Trackpoint>
<Trackpoint>
<Time>2026-09-03T09:27:33Z</Time>
<Position>
<LatitudeDegrees>43.2503403</LatitudeDegrees>
<LongitudeDegrees>118.1862828</LongitudeDegrees>
</Position>
<AltitudeMeters>800.2</AltitudeMeters>
<DistanceMeters>91625.0</DistanceMeters>
<Extensions>
<ns3:TPX>
<ns3:Speed>5.548</ns3:Speed>
</ns3:TPX>
</Extensions>
</Trackpoint>
<Trackpoint>
<Time>2026-09-03T09:27:41Z</Time>
<Position>
<LatitudeDegrees>43.2508050</LatitudeDegrees>
<LongitudeDegrees>118.1861387</LongitudeDegrees>
</Position>
<AltitudeMeters>798.6</AltitudeMeters>
<DistanceMeters>91677.9</DistanceMeters>
<Extensions>
<ns3:TPX>
<ns3:Speed>7.535</ns3:Speed>
</ns3:TPX>
</Extensions>
</Trackpoint>
<Trackpoint>
<Time>2026-09-03T09:27:49Z</Time>
<Position>
<LatitudeDegrees>43.2513786</LatitudeDegrees>
<LongitudeDegrees>118.1859275</LongitudeDegrees>
</Position>
<AltitudeMeters>796.8</AltitudeMeters>
<DistanceMeters>91743.9</DistanceMeters>
<Extensions>
<ns3:TPX>
<ns3:Speed>8.528</ns3:Speed>
</ns3:TPX>
</Extensions>
</Trackpoint>
<Trackpoint>
<Time>2026-09-03T09:27:57Z</Time>
<Position>
<LatitudeDegrees>43.2519642</LatitudeDegrees>
<LongitudeDegrees>118.1856759</LongitudeDegrees>
</Position>
<AltitudeMeters>795.4</AltitudeMeters>
<DistanceMeters>91812.0</DistanceMeters>
<Extensions>
<ns3:TPX>
<ns3:Speed>8.331</ns3:Speed>
</ns3:TPX>
</Extensions>
</Trackpoint>
<Trackpoint>
<Time>2026-09-03T09:28:05Z</Time>
<Position>
<LatitudeDegrees>43.2525155</LatitudeDegrees>
<LongitudeDegrees>118.1854050</LongitudeDegrees>
</Position>
<AltitudeMeters>794.6</AltitudeMeters>
<DistanceMeters>91877.0</DistanceMeters>
<Extensions>
<ns3:TPX>
<ns3:Speed>7.957</ns3:Speed>
</ns3:TPX>
</Extensions>
</Trackpoint>
<Trackpoint>
<Time>2026-09-03T09:28:13Z</Time>
<Position>
<LatitudeDegrees>43.2530363</LatitudeDegrees>
<LongitudeDegrees>118.1851125</LongitudeDegrees>
</Position>
<AltitudeMeters>793.8</AltitudeMeters>
<DistanceMeters>91939.5</DistanceMeters>
<Extensions>
<ns3:TPX>
<ns3:Speed>7.66</ns3:Speed>
</ns3:TPX>
</Extensions>
</Trackpoint>
<Trackpoint>
<Time>2026-09-03T09:28:21Z</Time>
<Position>
<LatitudeDegrees>43.2535225</LatitudeDegrees>
<LongitudeDegrees>118.1848033</LongitudeDegrees>
</Position>
<AltitudeMeters>793.0</AltitudeMeters>
<DistanceMeters>91998.9</DistanceMeters>
<Extensions>
<ns3:TPX>
<ns3:Speed>7.32</ns3:Speed>
</ns3:TPX>
</Extensions>
</Trackpoint>
<Trackpoint>
<Time>2026-09-03T09:28:29Z</Time>
<Position>
<LatitudeDegrees>43.2539772</LatitudeDegrees>
<LongitudeDegrees>118.1844870</LongitudeDegrees>
</Position>
<AltitudeMeters>792.4</AltitudeMeters>
<DistanceMeters>92055.5</DistanceMeters>
<Extensions>
<ns3:TPX>
<ns3:Speed>7.086</ns3:Speed>
</ns3:TPX>
</Extensions>
</Trackpoint>
<Trackpoint>
<Time>2026-09-03T09:28:38Z</Time>
<Position>
<LatitudeDegrees>43.2544162</LatitudeDegrees>
<LongitudeDegrees>118.1841354</LongitudeDegrees>
</Position>
<AltitudeMeters>792.0</AltitudeMeters>
<DistanceMeters>92111.9</DistanceMeters>
<Extensions>
<ns3:TPX>
<ns3:Speed>6.808</ns3:Speed>
</ns3:TPX>
</Extensions>
</Trackpoint>
<Trackpoint>
<Time>2026-09-03T09:28:46Z</Time>
<Position>
<LatitudeDegrees>43.2548302</LatitudeDegrees>
<LongitudeDegrees>118.1837859</LongitudeDegrees>
</Position>
<AltitudeMeters>792.0</AltitudeMeters>
<DistanceMeters>92165.9</DistanceMeters>
<Extensions>
<ns3:TPX>
<ns3:Speed>6.626</ns3:Speed>
</ns3:TPX>
</Extensions>
</Trackpoint>
<Trackpoint>
<Time>2026-09-03T09:28:54Z</Time>
<Position>
<LatitudeDegrees>43.2552326</LatitudeDegrees>
<LongitudeDegrees>118.1834279</LongitudeDegrees>
</Position>
<AltitudeMeters>792.0</AltitudeMeters>
<DistanceMeters>92219.1</DistanceMeters>
<Extensions>
<ns3:TPX>
<ns3:Speed>6.387</ns3:Speed>
</ns3:TPX>
</Extensions>
</Trackpoint>
<Trackpoint>
<Time>2026-09-03T09:29:02Z</Time>
<Position>
<LatitudeDegrees>43.2556002</LatitudeDegrees>
<LongitudeDegrees>118.1830922</LongitudeDegrees>
</Position>
<AltitudeMeters>792.2</AltitudeMeters>
<DistanceMeters>92268.1</DistanceMeters>
<Extensions>
<ns3:TPX>
<ns3:Speed>6.052</ns3:Speed>
</ns3:TPX>
</Extensions>
</Trackpoint>
<Trackpoint>
<Time>2026-09-03T09:29:10Z</Time>
<Position>
<LatitudeDegrees>43.2559640</LatitudeDegrees>
<LongitudeDegrees>118.1827749</LongitudeDegrees>
</Position>
<AltitudeMeters>792.4</AltitudeMeters>
<DistanceMeters>92316.0</DistanceMeters>
<Extensions>
<ns3:TPX>
<ns3:Speed>5.829</ns3:Speed>
</ns3:TPX>
</Extensions>
</Trackpoint>
<Trackpoint>
<Time>2026-09-03T09:29:18Z</Time>
<Position>
<LatitudeDegrees>43.2563170</LatitudeDegrees>
<LongitudeDegrees>118.1824871</LongitudeDegrees>
</Position>
<AltitudeMeters>792.6</AltitudeMeters>
<DistanceMeters>92361.5</DistanceMeters>
<Extensions>
<ns3:TPX>
<ns3:Speed>5.548</ns3:Speed>
</ns3:TPX>
</Extensions>
</Trackpoint>
<Trackpoint>
<Time>2026-09-03T09:29:26Z</Time>
<Position>
<LatitudeDegrees>43.2566498</LatitudeDegrees>
<LongitudeDegrees>118.1822313</LongitudeDegrees>
</Position>
<AltitudeMeters>792.8</AltitudeMeters>
<DistanceMeters>92403.9</DistanceMeters>
<Extensions>
<ns3:TPX>
<ns3:Speed>5.212</ns3:Speed>
</ns3:TPX>
</Extensions>
</Trackpoint>
<Trackpoint>
<Time>2026-09-03T09:29:34Z</Time>
<Position>
<LatitudeDegrees>43.2569913</LatitudeDegrees>
<LongitudeDegrees>118.1819957</LongitudeDegrees>
</Position>
<AltitudeMeters>792.6</AltitudeMeters>
<DistanceMeters>92446.3</DistanceMeters>
<Extensions>
<ns3:TPX>
<ns3:Speed>5.246</ns3:Speed>
</ns3:TPX>
</Extensions>
</Trackpoint>
<Trackpoint>
<Time>2026-09-03T09:29:42Z</Time>
<Position>
<LatitudeDegrees>43.2573332</LatitudeDegrees>
<LongitudeDegrees>118.1817857</LongitudeDegrees>
</Position>
<AltitudeMeters>793.0</AltitudeMeters>
<DistanceMeters>92487.9</DistanceMeters>
<Extensions>
<ns3:TPX>
<ns3:Speed>5.194</ns3:Speed>
</ns3:TPX>
</Extensions>
</Trackpoint>
<Trackpoint>
<Time>2026-09-03T09:29:50Z</Time>
<Position>
<LatitudeDegrees>43.2577252</LatitudeDegrees>
<LongitudeDegrees>118.1815751</LongitudeDegrees>
</Position>
<AltitudeMeters>793.2</AltitudeMeters>
<DistanceMeters>92534.6</DistanceMeters>
<Extensions>
<ns3:TPX>
<ns3:Speed>5.05</ns3:Speed>
</ns3:TPX>
</Extensions>
</Trackpoint>
<Trackpoint>
<Time>2026-09-03T09:29:58Z</Time>
<Position>
<LatitudeDegrees>43.2580649</LatitudeDegrees>
<LongitudeDegrees>118.1814297</LongitudeDegrees>
</Position>
<AltitudeMeters>793.4</AltitudeMeters>
<DistanceMeters>92574.1</DistanceMeters>
<Extensions>
<ns3:TPX>
<ns3:Speed>4.902</ns3:Speed>
</ns3:TPX>
</Extensions>
</Trackpoint>
<Trackpoint>
<Time>2026-09-03T09:30:06Z</Time>
<Position>
<LatitudeDegrees>43.2583946</LatitudeDegrees>
<LongitudeDegrees>118.1813066</LongitudeDegrees>
</Position>
<AltitudeMeters>793.6</AltitudeMeters>
<DistanceMeters>92612.0</DistanceMeters>
<Extensions>
<ns3:TPX>
<ns3:Speed>4.768</ns3:Speed>
</ns3:TPX>
</Extensions>
</Trackpoint>
<Trackpoint>
<Time>2026-09-03T09:30:14Z</Time>
<Position>
<LatitudeDegrees>43.2587255</LatitudeDegrees>
<LongitudeDegrees>118.1811990</LongitudeDegrees>
</Position>
<AltitudeMeters>794.0</AltitudeMeters>
<DistanceMeters>92649.8</DistanceMeters>
<Extensions>
<ns3:TPX>
<ns3:Speed>4.629</ns3:Speed>
</ns3:TPX>
</Extensions>
</Trackpoint>
<Trackpoint>
<Time>2026-09-03T09:30:22Z</Time>
<Position>
<LatitudeDegrees>43.2590522</LatitudeDegrees>
<LongitudeDegrees>118.1811063</LongitudeDegrees>
</Position>
<AltitudeMeters>793.6</AltitudeMeters>
<DistanceMeters>92686.8</DistanceMeters>
<Extensions>
<ns3:TPX>
<ns3:Speed>4.396</ns3:Speed>
</ns3:TPX>
</Extensions>
</Trackpoint>
<Trackpoint>
<Time>2026-09-03T09:30:30Z</Time>
<Position>
<LatitudeDegrees>43.2593499</LatitudeDegrees>
<LongitudeDegrees>118.1810512</LongitudeDegrees>
</Position>
<AltitudeMeters>793.6</AltitudeMeters>
<DistanceMeters>92720.2</DistanceMeters>
<Extensions>
<ns3:TPX>
<ns3:Speed>4.623</ns3:Speed>
</ns3:TPX>
</Extensions>
</Trackpoint>
<Trackpoint>
<Time>2026-09-03T09:30:38Z</Time>
<Position>
<LatitudeDegrees>43.2597029</LatitudeDegrees>
<LongitudeDegrees>118.1810099</LongitudeDegrees>
</Position>
<AltitudeMeters>794.0</AltitudeMeters>
<DistanceMeters>92759.5</DistanceMeters>
<Extensions>
<ns3:TPX>
<ns3:Speed>5.1</ns3:Speed>
</ns3:TPX>
</Extensions>
</Trackpoint>
<Trackpoint>
<Time>2026-09-03T09:30:46Z</Time>
<Position>
<LatitudeDegrees>43.2600660</LatitudeDegrees>
<LongitudeDegrees>118.1809823</LongitudeDegrees>
</Position>
<AltitudeMeters>793.4</AltitudeMeters>
<DistanceMeters>92799.9</DistanceMeters>
<Extensions>
<ns3:TPX>
<ns3:Speed>5.222</ns3:Speed>
</ns3:TPX>
</Extensions>
</Trackpoint>
<Trackpoint>
<Time>2026-09-03T09:30:54Z</Time>
<Position>
<LatitudeDegrees>43.2604652</LatitudeDegrees>
<LongitudeDegrees>118.1809767</LongitudeDegrees>
</Position>
<AltitudeMeters>793.2</AltitudeMeters>
<DistanceMeters>92844.2</DistanceMeters>
<Extensions>
<ns3:TPX>
<ns3:Speed>5.558</ns3:Speed>
</ns3:TPX>
</Extensions>
</Trackpoint>
<Trackpoint>
<Time>2026-09-03T09:31:03Z</Time>
<Position>
<LatitudeDegrees>43.2608538</LatitudeDegrees>
<LongitudeDegrees>118.1809987</LongitudeDegrees>
</Position>
<AltitudeMeters>793.2</AltitudeMeters>
<DistanceMeters>92887.4</DistanceMeters>
<Extensions>
<ns3:TPX>
<ns3:Speed>5.425</ns3:Speed>
</ns3:TPX>
</Extensions>
</Trackpoint>
<Trackpoint>
<Time>2026-09-03T09:31:11Z</Time>
<Position>
<LatitudeDegrees>43.2612565</LatitudeDegrees>
<LongitudeDegrees>118.1810426</LongitudeDegrees>
</Position>
<AltitudeMeters>793.0</AltitudeMeters>
<DistanceMeters>92932.2</DistanceMeters>
<Extensions>
<ns3:TPX>
<ns3:Speed>5.537</ns3:Speed>
</ns3:TPX>
</Extensions>
</Trackpoint>
<Trackpoint>
<Time>2026-09-03T09:31:19Z</Time>
<Position>
<LatitudeDegrees>43.2616483</LatitudeDegrees>
<LongitudeDegrees>118.1811261</LongitudeDegrees>
</Position>
<AltitudeMeters>793.0</AltitudeMeters>
<DistanceMeters>92976.3</DistanceMeters>
<Extensions>
<ns3:TPX>
<ns3:Speed>5.728</ns3:Speed>
</ns3:TPX>
</Extensions>
</Trackpoint>
<Trackpoint>
<Time>2026-09-03T09:31:27Z</Time>
<Position>
<LatitudeDegrees>43.2620537</LatitudeDegrees>
<LongitudeDegrees>118.1812514</LongitudeDegrees>
</Position>
<AltitudeMeters>793.4</AltitudeMeters>
<DistanceMeters>93022.4</DistanceMeters>
<Extensions>
<ns3:TPX>
<ns3:Speed>5.585</ns3:Speed>
</ns3:TPX>
</Extensions>
</Trackpoint>
<Trackpoint>
<Time>2026-09-03T09:31:35Z</Time>
<Position>
<LatitudeDegrees>43.2623922</LatitudeDegrees>
<LongitudeDegrees>118.1814191</LongitudeDegrees>
</Position>
<AltitudeMeters>794.4</AltitudeMeters>
<DistanceMeters>93062.4</DistanceMeters>
<Extensions>
<ns3:TPX>
<ns3:Speed>4.766</ns3:Speed>
</ns3:TPX>
</Extensions>
</Trackpoint>
<Trackpoint>
<Time>2026-09-03T09:31:43Z</Time>
<Position>
<LatitudeDegrees>43.2626460</LatitudeDegrees>
<LongitudeDegrees>118.1815832</LongitudeDegrees>
</Position>
<AltitudeMeters>796.0</AltitudeMeters>
<DistanceMeters>93093.5</DistanceMeters>
<Extensions>
<ns3:TPX>
<ns3:Speed>3.331</ns3:Speed>
</ns3:TPX>
</Extensions>
</Trackpoint>
<Trackpoint>
<Time>2026-09-03T09:31:51Z</Time>
<Position>
<LatitudeDegrees>43.2628407</LatitudeDegrees>
<LongitudeDegrees>118.1817441</LongitudeDegrees>
</Position>
<AltitudeMeters>797.2</AltitudeMeters>
<DistanceMeters>93118.8</DistanceMeters>
<Extensions>
<ns3:TPX>
<ns3:Speed>2.988</ns3:Speed>
</ns3:TPX>
</Extensions>
</Trackpoint>
<Trackpoint>
<Time>2026-09-03T09:31:59Z</Time>
<Position>
<LatitudeDegrees>43.2629960</LatitudeDegrees>
<LongitudeDegrees>118.1818895</LongitudeDegrees>
</Position>
<AltitudeMeters>798.2</AltitudeMeters>
<DistanceMeters>93139.6</DistanceMeters>
<Extensions>
<ns3:TPX>
<ns3:Speed>2.422</ns3:Speed>
</ns3:TPX>
</Extensions>
</Trackpoint>
<Trackpoint>
<Time>2026-09-03T09:32:07Z</Time>
<Position>
<LatitudeDegrees>43.2631339</LatitudeDegrees>
<LongitudeDegrees>118.1820527</LongitudeDegrees>
</Position>
<AltitudeMeters>799.2</AltitudeMeters>
<DistanceMeters>93159.9</DistanceMeters>
<Extensions>
<ns3:TPX>
<ns3:Speed>2.319</ns3:Speed>
</ns3:TPX>
</Extensions>
</Trackpoint>
<Trackpoint>
<Time>2026-09-03T09:32:15Z</Time>
<Position>
<LatitudeDegrees>43.2632575</LatitudeDegrees>
<LongitudeDegrees>118.1822100</LongitudeDegrees>
</Position>
<AltitudeMeters>800.0</AltitudeMeters>
<DistanceMeters>93178.6</DistanceMeters>
<Extensions>
<ns3:TPX>
<ns3:Speed>2.253</ns3:Speed>
</ns3:TPX>
</Extensions>
</Trackpoint>
<Trackpoint>
<Time>2026-09-03T09:32:23Z</Time>
<Position>
<LatitudeDegrees>43.2633739</LatitudeDegrees>
<LongitudeDegrees>118.1823753</LongitudeDegrees>
</Position>
<AltitudeMeters>800.8</AltitudeMeters>
<DistanceMeters>93197.2</DistanceMeters>
<Extensions>
<ns3:TPX>
<ns3:Speed>2.388</ns3:Speed>
</ns3:TPX>
</Extensions>
</Trackpoint>
<Trackpoint>
<Time>2026-09-03T09:32:31Z</Time>
<Position>
<LatitudeDegrees>43.2634864</LatitudeDegrees>
<LongitudeDegrees>118.1825546</LongitudeDegrees>
</Position>
<AltitudeMeters>801.8</AltitudeMeters>
<DistanceMeters>93216.3</DistanceMeters>
<Extensions>
<ns3:TPX>
<ns3:Speed>2.489</ns3:Speed>
</ns3:TPX>
</Extensions>
</Trackpoint>
<Trackpoint>
<Time>2026-09-03T09:32:39Z</Time>
<Position>
<LatitudeDegrees>43.2635909</LatitudeDegrees>
<LongitudeDegrees>118.1827566</LongitudeDegrees>
</Position>
<AltitudeMeters>802.6</AltitudeMeters>
<DistanceMeters>93236.4</DistanceMeters>
<Extensions>
<ns3:TPX>
<ns3:Speed>2.566</ns3:Speed>
</ns3:TPX>
</Extensions>
</Trackpoint>
<Trackpoint>
<Time>2026-09-03T09:32:47Z</Time>
<Position>
<LatitudeDegrees>43.2636920</LatitudeDegrees>
<LongitudeDegrees>118.1829763</LongitudeDegrees>
</Position>
<AltitudeMeters>803.2</AltitudeMeters>
<DistanceMeters>93257.4</DistanceMeters>
<Extensions>
<ns3:TPX>
<ns3:Speed>2.751</ns3:Speed>
</ns3:TPX>
</Extensions>
</Trackpoint>
<Trackpoint>
<Time>2026-09-03T09:32:55Z</Time>
<Position>
<LatitudeDegrees>43.2637781</LatitudeDegrees>
<LongitudeDegrees>118.1831969</LongitudeDegrees>
</Position>
<AltitudeMeters>803.8</AltitudeMeters>
<DistanceMeters>93277.6</DistanceMeters>
<Extensions>
<ns3:TPX>
<ns3:Speed>2.701</ns3:Speed>
</ns3:TPX>
</Extensions>
</Trackpoint>
<Trackpoint>
<Time>2026-09-03T09:33:03Z</Time>
<Position>
<LatitudeDegrees>43.2638643</LatitudeDegrees>
<LongitudeDegrees>118.1834503</LongitudeDegrees>
</Position>
<AltitudeMeters>804.4</AltitudeMeters>
<DistanceMeters>93300.2</DistanceMeters>
<Extensions>
<ns3:TPX>
<ns3:Speed>2.981</ns3:Speed>
</ns3:TPX>
</Extensions>
</Trackpoint>
<Trackpoint>
<Time>2026-09-03T09:33:11Z</Time>
<Position>
<LatitudeDegrees>43.2639491</LatitudeDegrees>
<LongitudeDegrees>118.1837356</LongitudeDegrees>
</Position>
<AltitudeMeters>804.8</AltitudeMeters>
<DistanceMeters>93325.1</DistanceMeters>
<Extensions>
<ns3:TPX>
<ns3:Speed>2.941</ns3:Speed>
</ns3:TPX>
</Extensions>
</Trackpoint>
<Trackpoint>
<Time>2026-09-03T09:33:19Z</Time>
<Position>
<LatitudeDegrees>43.2640203</LatitudeDegrees>
<LongitudeDegrees>118.1840130</LongitudeDegrees>
</Position>
<AltitudeMeters>805.2</AltitudeMeters>
<DistanceMeters>93348.9</DistanceMeters>
<Extensions>
<ns3:TPX>
<ns3:Speed>2.929</ns3:Speed>
</ns3:TPX>
</Extensions>
</Trackpoint>
<Trackpoint>
<Time>2026-09-03T09:33:28Z</Time>
<Position>
<LatitudeDegrees>43.2640885</LatitudeDegrees>
<LongitudeDegrees>118.1842931</LongitudeDegrees>
</Position>
<AltitudeMeters>805.6</AltitudeMeters>
<DistanceMeters>93372.8</DistanceMeters>
<Extensions>
<ns3:TPX>
<ns3:Speed>3.196</ns3:Speed>
</ns3:TPX>
</Extensions>
</Trackpoint>
<Trackpoint>
<Time>2026-09-03T09:33:36Z</Time>
<Position>
<LatitudeDegrees>43.2641574</LatitudeDegrees>
<LongitudeDegrees>118.1845898</LongitudeDegrees>
</Position>
<AltitudeMeters>806.0</AltitudeMeters>
<DistanceMeters>93398.0</DistanceMeters>
<Extensions>
<ns3:TPX>
<ns3:Speed>3.32</ns3:Speed>
</ns3:TPX>
</Extensions>
</Trackpoint>
<Trackpoint>
<Time>2026-09-03T09:33:44Z</Time>
<Position>
<LatitudeDegrees>43.2642372</LatitudeDegrees>
<LongitudeDegrees>118.1849218</LongitudeDegrees>
</Position>
<AltitudeMeters>806.4</AltitudeMeters>
<DistanceMeters>93426.2</DistanceMeters>
<Extensions>
<ns3:TPX>
<ns3:Speed>3.845</ns3:Speed>
</ns3:TPX>
</Extensions>
</Trackpoint>
<Trackpoint>
<Time>2026-09-03T09:33:52Z</Time>
<Position>
<LatitudeDegrees>43.2643273</LatitudeDegrees>
<LongitudeDegrees>118.1852968</LongitudeDegrees>
</Position>
<AltitudeMeters>807.0</AltitudeMeters>
<DistanceMeters>93458.1</DistanceMeters>
<Extensions>
<ns3:TPX>
<ns3:Speed>3.537</ns3:Speed>
</ns3:TPX>
</Extensions>
</Trackpoint>
<Trackpoint>
<Time>2026-09-03T09:34:00Z</Time>
<Position>
<LatitudeDegrees>43.2644060</LatitudeDegrees>
<LongitudeDegrees>118.1856397</LongitudeDegrees>
</Position>
<AltitudeMeters>807.4</AltitudeMeters>
<DistanceMeters>93487.2</DistanceMeters>
<Extensions>
<ns3:TPX>
<ns3:Speed>4.119</ns3:Speed>
</ns3:TPX>
</Extensions>
</Trackpoint>
<Trackpoint>
<Time>2026-09-03T09:34:08Z</Time>
<Position>
<LatitudeDegrees>43.2644960</LatitudeDegrees>
<LongitudeDegrees>118.1860260</LongitudeDegrees>
</Position>
<AltitudeMeters>807.8</AltitudeMeters>
<DistanceMeters>93520.0</DistanceMeters>
<Extensions>
<ns3:TPX>
<ns3:Speed>3.922</ns3:Speed>
</ns3:TPX>
</Extensions>
</Trackpoint>
<Trackpoint>
<Time>2026-09-03T09:34:16Z</Time>
<Position>
<LatitudeDegrees>43.2645867</LatitudeDegrees>
<LongitudeDegrees>118.1864135</LongitudeDegrees>
</Position>
<AltitudeMeters>808.0</AltitudeMeters>
<DistanceMeters>93552.9</DistanceMeters>
<Extensions>
<ns3:TPX>
<ns3:Speed>4.083</ns3:Speed>
</ns3:TPX>
</Extensions>
</Trackpoint>
<Trackpoint>
<Time>2026-09-03T09:34:24Z</Time>
<Position>
<LatitudeDegrees>43.2646844</LatitudeDegrees>
<LongitudeDegrees>118.1868282</LongitudeDegrees>
</Position>
<AltitudeMeters>808.2</AltitudeMeters>
<DistanceMeters>93588.1</DistanceMeters>
<Extensions>
<ns3:TPX>
<ns3:Speed>4.745</ns3:Speed>
</ns3:TPX>
</Extensions>
</Trackpoint>
<Trackpoint>
<Time>2026-09-03T09:34:32Z</Time>
<Position>
<LatitudeDegrees>43.2648139</LatitudeDegrees>
<LongitudeDegrees>118.1873751</LongitudeDegrees>
</Position>
<AltitudeMeters>808.2</AltitudeMeters>
<DistanceMeters>93634.6</DistanceMeters>
<Extensions>
<ns3:TPX>
<ns3:Speed>5.384</ns3:Speed>
</ns3:TPX>
</Extensions>
</Trackpoint>
<Trackpoint>
<Time>2026-09-03T09:34:40Z</Time>
<Position>
<LatitudeDegrees>43.2649288</LatitudeDegrees>
<LongitudeDegrees>118.1878793</LongitudeDegrees>
</Position>
<AltitudeMeters>808.2</AltitudeMeters>
<DistanceMeters>93677.3</DistanceMeters>
<Extensions>
<ns3:TPX>
<ns3:Speed>5.543</ns3:Speed>
</ns3:TPX>
</Extensions>
</Trackpoint>
<Trackpoint>
<Time>2026-09-03T09:34:48Z</Time>
<Position>
<LatitudeDegrees>43.2650503</LatitudeDegrees>
<LongitudeDegrees>118.1884002</LongitudeDegrees>
</Position>
<AltitudeMeters>808.0</AltitudeMeters>
<DistanceMeters>93721.5</DistanceMeters>
<Extensions>
<ns3:TPX>
<ns3:Speed>5.747</ns3:Speed>
</ns3:TPX>
</Extensions>
</Trackpoint>
<Trackpoint>
<Time>2026-09-03T09:34:56Z</Time>
<Position>
<LatitudeDegrees>43.2651809</LatitudeDegrees>
<LongitudeDegrees>118.1889664</LongitudeDegrees>
</Position>
<AltitudeMeters>807.8</AltitudeMeters>
<DistanceMeters>93769.5</DistanceMeters>
<Extensions>
<ns3:TPX>
<ns3:Speed>5.923</ns3:Speed>
</ns3:TPX>
</Extensions>
</Trackpoint>
<Trackpoint>
<Time>2026-09-03T09:35:04Z</Time>
<Position>
<LatitudeDegrees>43.2653071</LatitudeDegrees>
<LongitudeDegrees>118.1895013</LongitudeDegrees>
</Position>
<AltitudeMeters>807.8</AltitudeMeters>
<DistanceMeters>93815.0</DistanceMeters>
<Extensions>
<ns3:TPX>
<ns3:Speed>5.588</ns3:Speed>
</ns3:TPX>
</Extensions>
</Trackpoint>
<Trackpoint>
<Time>2026-09-03T09:35:12Z</Time>
<Position>
<LatitudeDegrees>43.2654314</LatitudeDegrees>
<LongitudeDegrees>118.1900396</LongitudeDegrees>
</Position>
<AltitudeMeters>807.4</AltitudeMeters>
<DistanceMeters>93860.6</DistanceMeters>
<Extensions>
<ns3:TPX>
<ns3:Speed>6.09</ns3:Speed>
</ns3:TPX>
</Extensions>
</Trackpoint>
<Trackpoint>
<Time>2026-09-03T09:35:20Z</Time>
<Position>
<LatitudeDegrees>43.2655671</LatitudeDegrees>
<LongitudeDegrees>118.1906196</LongitudeDegrees>
</Position>
<AltitudeMeters>807.2</AltitudeMeters>
<DistanceMeters>93909.9</DistanceMeters>
<Extensions>
<ns3:TPX>
<ns3:Speed>6.138</ns3:Speed>
</ns3:TPX>
</Extensions>
</Trackpoint>
<Trackpoint>
<Time>2026-09-03T09:35:28Z</Time>
<Position>
<LatitudeDegrees>43.2656972</LatitudeDegrees>
<LongitudeDegrees>118.1911692</LongitudeDegrees>
</Position>
<AltitudeMeters>807.2</AltitudeMeters>
<DistanceMeters>93956.6</DistanceMeters>
<Extensions>
<ns3:TPX>
<ns3:Speed>5.871</ns3:Speed>
</ns3:TPX>
</Extensions>
</Trackpoint>
<Trackpoint>
<Time>2026-09-03T09:35:36Z</Time>
<Position>
<LatitudeDegrees>43.2658200</LatitudeDegrees>
<LongitudeDegrees>118.1916974</LongitudeDegrees>
</Position>
<AltitudeMeters>807.2</AltitudeMeters>
<DistanceMeters>94001.4</DistanceMeters>
<Extensions>
<ns3:TPX>
<ns3:Speed>5.696</ns3:Speed>
</ns3:TPX>
</Extensions>
</Trackpoint>
<Trackpoint>
<Time>2026-09-03T09:35:45Z</Time>
<Position>
<LatitudeDegrees>43.2659393</LatitudeDegrees>
<LongitudeDegrees>118.1922056</LongitudeDegrees>
</Position>
<AltitudeMeters>807.2</AltitudeMeters>
<DistanceMeters>94044.5</DistanceMeters>
<Extensions>
<ns3:TPX>
<ns3:Speed>5.159</ns3:Speed>
</ns3:TPX>
</Extensions>
</Trackpoint>
<Trackpoint>
<Time>2026-09-03T09:35:53Z</Time>
<Position>
<LatitudeDegrees>43.2660508</LatitudeDegrees>
<LongitudeDegrees>118.1926818</LongitudeDegrees>
</Position>
<AltitudeMeters>807.4</AltitudeMeters>
<DistanceMeters>94085.0</DistanceMeters>
<Extensions>
<ns3:TPX>
<ns3:Speed>4.753</ns3:Speed>
</ns3:TPX>
</Extensions>
</Trackpoint>
<Trackpoint>
<Time>2026-09-03T09:36:01Z</Time>
<Position>
<LatitudeDegrees>43.2661596</LatitudeDegrees>
<LongitudeDegrees>118.1931552</LongitudeDegrees>
</Position>
<AltitudeMeters>807.6</AltitudeMeters>
<DistanceMeters>94125.1</DistanceMeters>
<Extensions>
<ns3:TPX>
<ns3:Speed>4.786</ns3:Speed>
</ns3:TPX>
</Extensions>
</Trackpoint>
<Trackpoint>
<Time>2026-09-03T09:36:09Z</Time>
<Position>
<LatitudeDegrees>43.2662651</LatitudeDegrees>
<LongitudeDegrees>118.1936179</LongitudeDegrees>
</Position>
<AltitudeMeters>807.8</AltitudeMeters>
<DistanceMeters>94164.3</DistanceMeters>
<Extensions>
<ns3:TPX>
<ns3:Speed>4.748</ns3:Speed>
</ns3:TPX>
</Extensions>
</Trackpoint>
<Trackpoint>
<Time>2026-09-03T09:36:17Z</Time>
<Position>
<LatitudeDegrees>43.2663725</LatitudeDegrees>
<LongitudeDegrees>118.1940696</LongitudeDegrees>
</Position>
<AltitudeMeters>808.2</AltitudeMeters>
<DistanceMeters>94202.7</DistanceMeters>
<Extensions>
<ns3:TPX>
<ns3:Speed>5.036</ns3:Speed>
</ns3:TPX>
</Extensions>
</Trackpoint>
<Trackpoint>
<Time>2026-09-03T09:36:25Z</Time>
<Position>
<LatitudeDegrees>43.2664824</LatitudeDegrees>
<LongitudeDegrees>118.1945420</LongitudeDegrees>
</Position>
<AltitudeMeters>808.4</AltitudeMeters>
<DistanceMeters>94242.8</DistanceMeters>
<Extensions>
<ns3:TPX>
<ns3:Speed>4.786</ns3:Speed>
</ns3:TPX>
</Extensions>
</Trackpoint>
<Trackpoint>
<Time>2026-09-03T09:36:33Z</Time>
<Position>
<LatitudeDegrees>43.2665889</LatitudeDegrees>
<LongitudeDegrees>118.1950087</LongitudeDegrees>
</Position>
<AltitudeMeters>808.6</AltitudeMeters>
<DistanceMeters>94282.3</DistanceMeters>
<Extensions>
<ns3:TPX>
<ns3:Speed>5.218</ns3:Speed>
</ns3:TPX>
</Extensions>
</Trackpoint>
<Trackpoint>
<Time>2026-09-03T09:36:41Z</Time>
<Position>
<LatitudeDegrees>43.2667082</LatitudeDegrees>
<LongitudeDegrees>118.1955034</LongitudeDegrees>
</Position>
<AltitudeMeters>808.8</AltitudeMeters>
<DistanceMeters>94324.5</DistanceMeters>
<Extensions>
<ns3:TPX>
<ns3:Speed>5.198</ns3:Speed>
</ns3:TPX>
</Extensions>
</Trackpoint>
<Trackpoint>
<Time>2026-09-03T09:36:49Z</Time>
<Position>
<LatitudeDegrees>43.2668234</LatitudeDegrees>
<LongitudeDegrees>118.1959939</LongitudeDegrees>
</Position>
<AltitudeMeters>808.8</AltitudeMeters>
<DistanceMeters>94366.1</DistanceMeters>
<Extensions>
<ns3:TPX>
<ns3:Speed>5.385</ns3:Speed>
</ns3:TPX>
</Extensions>
</Trackpoint>
<Trackpoint>
<Time>2026-09-03T09:36:57Z</Time>
<Position>
<LatitudeDegrees>43.2669641</LatitudeDegrees>
<LongitudeDegrees>118.1966036</LongitudeDegrees>
</Position>
<AltitudeMeters>808.8</AltitudeMeters>
<DistanceMeters>94417.8</DistanceMeters>
<Extensions>
<ns3:TPX>
<ns3:Speed>5.636</ns3:Speed>
</ns3:TPX>
</Extensions>
</Trackpoint>
<Trackpoint>
<Time>2026-09-03T09:37:05Z</Time>
<Position>
<LatitudeDegrees>43.2670938</LatitudeDegrees>
<LongitudeDegrees>118.1971530</LongitudeDegrees>
</Position>
<AltitudeMeters>808.6</AltitudeMeters>
<DistanceMeters>94464.5</DistanceMeters>
<Extensions>
<ns3:TPX>
<ns3:Speed>5.834</ns3:Speed>
</ns3:TPX>
</Extensions>
</Trackpoint>
<Trackpoint>
<Time>2026-09-03T09:37:13Z</Time>
<Position>
<LatitudeDegrees>43.2672237</LatitudeDegrees>
<LongitudeDegrees>118.1977124</LongitudeDegrees>
</Position>
<AltitudeMeters>808.0</AltitudeMeters>
<DistanceMeters>94512.0</DistanceMeters>
<Extensions>
<ns3:TPX>
<ns3:Speed>6.027</ns3:Speed>
</ns3:TPX>
</Extensions>
</Trackpoint>
<Trackpoint>
<Time>2026-09-03T09:37:21Z</Time>
<Position>
<LatitudeDegrees>43.2673674</LatitudeDegrees>
<LongitudeDegrees>118.1983369</LongitudeDegrees>
</Position>
<AltitudeMeters>807.8</AltitudeMeters>
<DistanceMeters>94564.9</DistanceMeters>
<Extensions>
<ns3:TPX>
<ns3:Speed>7.185</ns3:Speed>
</ns3:TPX>
</Extensions>
</Trackpoint>
<Trackpoint>
<Time>2026-09-03T09:37:29Z</Time>
<Position>
<LatitudeDegrees>43.2675326</LatitudeDegrees>
<LongitudeDegrees>118.1990561</LongitudeDegrees>
</Position>
<AltitudeMeters>807.6</AltitudeMeters>
<DistanceMeters>94625.8</DistanceMeters>
<Extensions>
<ns3:TPX>
<ns3:Speed>7.98</ns3:Speed>
</ns3:TPX>
</Extensions>
</Trackpoint>
<Trackpoint>
<Time>2026-09-03T09:37:37Z</Time>
<Position>
<LatitudeDegrees>43.2677103</LatitudeDegrees>
<LongitudeDegrees>118.1998208</LongitudeDegrees>
</Position>
<AltitudeMeters>807.0</AltitudeMeters>
<DistanceMeters>94690.7</DistanceMeters>
<Extensions>
<ns3:TPX>
<ns3:Speed>8.202</ns3:Speed>
</ns3:TPX>
</Extensions>
</Trackpoint>
<Trackpoint>
<Time>2026-09-03T09:37:45Z</Time>
<Position>
<LatitudeDegrees>43.2678890</LatitudeDegrees>
<LongitudeDegrees>118.2005911</LongitudeDegrees>
</Position>
<AltitudeMeters>806.6</AltitudeMeters>
<DistanceMeters>94756.1</DistanceMeters>
<Extensions>
<ns3:TPX>
<ns3:Speed>7.888</ns3:Speed>
</ns3:TPX>
</Extensions>
</Trackpoint>
<Trackpoint>
<Time>2026-09-03T09:37:53Z</Time>
<Position>
<LatitudeDegrees>43.2680558</LatitudeDegrees>
<LongitudeDegrees>118.2013109</LongitudeDegrees>
</Position>
<AltitudeMeters>805.6</AltitudeMeters>
<DistanceMeters>94817.1</DistanceMeters>
<Extensions>
<ns3:TPX>
<ns3:Speed>7.441</ns3:Speed>
</ns3:TPX>
</Extensions>
</Trackpoint>
<Trackpoint>
<Time>2026-09-03T09:38:01Z</Time>
<Position>
<LatitudeDegrees>43.2682210</LatitudeDegrees>
<LongitudeDegrees>118.2020159</LongitudeDegrees>
</Position>
<AltitudeMeters>805.0</AltitudeMeters>
<DistanceMeters>94877.0</DistanceMeters>
<Extensions>
<ns3:TPX>
<ns3:Speed>7.854</ns3:Speed>
</ns3:TPX>
</Extensions>
</Trackpoint>
<Trackpoint>
<Time>2026-09-03T09:38:10Z</Time>
<Position>
<LatitudeDegrees>43.2683978</LatitudeDegrees>
<LongitudeDegrees>118.2027732</LongitudeDegrees>
</Position>
<AltitudeMeters>804.6</AltitudeMeters>
<DistanceMeters>94941.3</DistanceMeters>
<Extensions>
<ns3:TPX>
<ns3:Speed>7.89</ns3:Speed>
</ns3:TPX>
</Extensions>
</Trackpoint>
<Trackpoint>
<Time>2026-09-03T09:38:18Z</Time>
<Position>
<LatitudeDegrees>43.2685729</LatitudeDegrees>
<LongitudeDegrees>118.2035197</LongitudeDegrees>
</Position>
<AltitudeMeters>804.2</AltitudeMeters>
<DistanceMeters>95004.6</DistanceMeters>
<Extensions>
<ns3:TPX>
<ns3:Speed>8.264</ns3:Speed>
</ns3:TPX>
</Extensions>
</Trackpoint>
<Trackpoint>
<Time>2026-09-03T09:38:26Z</Time>
<Position>
<LatitudeDegrees>43.2687642</LatitudeDegrees>
<LongitudeDegrees>118.2043194</LongitudeDegrees>
</Position>
<AltitudeMeters>803.8</AltitudeMeters>
<DistanceMeters>95072.7</DistanceMeters>
<Extensions>
<ns3:TPX>
<ns3:Speed>8.478</ns3:Speed>
</ns3:TPX>
</Extensions>
</Trackpoint>
<Trackpoint>
<Time>2026-09-03T09:38:31Z</Time>
<Position>
<LatitudeDegrees>43.2689088</LatitudeDegrees>
<LongitudeDegrees>118.2047974</LongitudeDegrees>
</Position>
<AltitudeMeters>803.6</AltitudeMeters>
<DistanceMeters>95114.5</DistanceMeters>
<Extensions>
<ns3:TPX>
<ns3:Speed>8.396</ns3:Speed>
</ns3:TPX>
</Extensions>
</Trackpoint>
<Trackpoint>
<Time>2026-09-03T09:38:35Z</Time>
<Position>
<LatitudeDegrees>43.2690685</LatitudeDegrees>
<LongitudeDegrees>118.2051457</LongitudeDegrees>
</Position>
<AltitudeMeters>803.6</AltitudeMeters>
<DistanceMeters>95147.9</DistanceMeters>
<Extensions>
<ns3:TPX>
<ns3:Speed>8.204</ns3:Speed>
</ns3:TPX>
</Extensions>
</Trackpoint>
<Trackpoint>
<Time>2026-09-03T09:38:40Z</Time>
<Position>
<LatitudeDegrees>43.2693139</LatitudeDegrees>
<LongitudeDegrees>118.2055086</LongitudeDegrees>
</Position>
<AltitudeMeters>803.8</AltitudeMeters>
<DistanceMeters>95188.0</DistanceMeters>
<Extensions>
<ns3:TPX>
<ns3:Speed>7.723</ns3:Speed>
</ns3:TPX>
</Extensions>
</Trackpoint>
<Trackpoint>
<Time>2026-09-03T09:38:45Z</Time>
<Position>
<LatitudeDegrees>43.2695780</LatitudeDegrees>
<LongitudeDegrees>118.2057752</LongitudeDegrees>
</Position>
<AltitudeMeters>804.4</AltitudeMeters>
<DistanceMeters>95224.4</DistanceMeters>
<Extensions>
<ns3:TPX>
<ns3:Speed>6.838</ns3:Speed>
</ns3:TPX>
</Extensions>
</Trackpoint>
<Trackpoint>
<Time>2026-09-03T09:38:52Z</Time>
<Position>
<LatitudeDegrees>43.2699254</LatitudeDegrees>
<LongitudeDegrees>118.2059998</LongitudeDegrees>
</Position>
<AltitudeMeters>805.6</AltitudeMeters>
<DistanceMeters>95267.1</DistanceMeters>
<Extensions>
<ns3:TPX>
<ns3:Speed>5.379</ns3:Speed>
</ns3:TPX>
</Extensions>
</Trackpoint>
<Trackpoint>
<Time>2026-09-03T09:38:59Z</Time>
<Position>
<LatitudeDegrees>43.2702139</LatitudeDegrees>
<LongitudeDegrees>118.2061008</LongitudeDegrees>
</Position>
<AltitudeMeters>806.8</AltitudeMeters>
<DistanceMeters>95300.2</DistanceMeters>
<Extensions>
<ns3:TPX>
<ns3:Speed>4.2</ns3:Speed>
</ns3:TPX>
</Extensions>
</Trackpoint>
<Trackpoint>
<Time>2026-09-03T09:39:07Z</Time>
<Position>
<LatitudeDegrees>43.2704792</LatitudeDegrees>
<LongitudeDegrees>118.2061424</LongitudeDegrees>
</Position>
<AltitudeMeters>808.0</AltitudeMeters>
<DistanceMeters>95329.8</DistanceMeters>
<Extensions>
<ns3:TPX>
<ns3:Speed>3.271</ns3:Speed>
</ns3:TPX>
</Extensions>
</Trackpoint>
<Trackpoint>
<Time>2026-09-03T09:39:15Z</Time>
<Position>
<LatitudeDegrees>43.2707278</LatitudeDegrees>
<LongitudeDegrees>118.2061391</LongitudeDegrees>
</Position>
<AltitudeMeters>808.8</AltitudeMeters>
<DistanceMeters>95357.4</DistanceMeters>
<Extensions>
<ns3:TPX>
<ns3:Speed>3.224</ns3:Speed>
</ns3:TPX>
</Extensions>
</Trackpoint>
<Trackpoint>
<Time>2026-09-03T09:39:23Z</Time>
<Position>
<LatitudeDegrees>43.2709819</LatitudeDegrees>
<LongitudeDegrees>118.2061139</LongitudeDegrees>
</Position>
<AltitudeMeters>809.6</AltitudeMeters>
<DistanceMeters>95385.7</DistanceMeters>
<Extensions>
<ns3:TPX>
<ns3:Speed>3.378</ns3:Speed>
</ns3:TPX>
</Extensions>
</Trackpoint>
<Trackpoint>
<Time>2026-09-03T09:39:31Z</Time>
<Position>
<LatitudeDegrees>43.2712066</LatitudeDegrees>
<LongitudeDegrees>118.2060931</LongitudeDegrees>
</Position>
<AltitudeMeters>810.6</AltitudeMeters>
<DistanceMeters>95410.7</DistanceMeters>
<Extensions>
<ns3:TPX>
<ns3:Speed>2.901</ns3:Speed>
</ns3:TPX>
</Extensions>
</Trackpoint>
<Trackpoint>
<Time>2026-09-03T09:39:39Z</Time>
<Position>
<LatitudeDegrees>43.2714102</LatitudeDegrees>
<LongitudeDegrees>118.2060722</LongitudeDegrees>
</Position>
<AltitudeMeters>811.2</AltitudeMeters>
<DistanceMeters>95433.4</DistanceMeters>
<Extensions>
<ns3:TPX>
<ns3:Speed>3.095</ns3:Speed>
</ns3:TPX>
</Extensions>
</Trackpoint>
<Trackpoint>
<Time>2026-09-03T09:39:47Z</Time>
<Position>
<LatitudeDegrees>43.2716526</LatitudeDegrees>
<LongitudeDegrees>118.2060428</LongitudeDegrees>
</Position>
<AltitudeMeters>811.6</AltitudeMeters>
<DistanceMeters>95460.4</DistanceMeters>
<Extensions>
<ns3:TPX>
<ns3:Speed>3.318</ns3:Speed>
</ns3:TPX>
</Extensions>
</Trackpoint>
<Trackpoint>
<Time>2026-09-03T09:39:55Z</Time>
<Position>
<LatitudeDegrees>43.2719062</LatitudeDegrees>
<LongitudeDegrees>118.2060146</LongitudeDegrees>
</Position>
<AltitudeMeters>811.8</AltitudeMeters>
<DistanceMeters>95488.7</DistanceMeters>
<Extensions>
<ns3:TPX>
<ns3:Speed>3.7</ns3:Speed>
</ns3:TPX>
</Extensions>
</Trackpoint>
<Trackpoint>
<Time>2026-09-03T09:40:03Z</Time>
<Position>
<LatitudeDegrees>43.2721756</LatitudeDegrees>
<LongitudeDegrees>118.2059845</LongitudeDegrees>
</Position>
<AltitudeMeters>811.8</AltitudeMeters>
<DistanceMeters>95518.7</DistanceMeters>
<Extensions>
<ns3:TPX>
<ns3:Speed>3.989</ns3:Speed>
</ns3:TPX>
</Extensions>
</Trackpoint>
<Trackpoint>
<Time>2026-09-03T09:40:11Z</Time>
<Position>
<LatitudeDegrees>43.2725085</LatitudeDegrees>
<LongitudeDegrees>118.2059449</LongitudeDegrees>
</Position>
<AltitudeMeters>811.6</AltitudeMeters>
<DistanceMeters>95555.8</DistanceMeters>
<Extensions>
<ns3:TPX>
<ns3:Speed>5.19</ns3:Speed>
</ns3:TPX>
</Extensions>
</Trackpoint>
<Trackpoint>
<Time>2026-09-03T09:40:19Z</Time>
<Position>
<LatitudeDegrees>43.2729388</LatitudeDegrees>
<LongitudeDegrees>118.2058967</LongitudeDegrees>
</Position>
<AltitudeMeters>810.4</AltitudeMeters>
<DistanceMeters>95603.7</DistanceMeters>
<Extensions>
<ns3:TPX>
<ns3:Speed>6.87</ns3:Speed>
</ns3:TPX>
</Extensions>
</Trackpoint>
<Trackpoint>
<Time>2026-09-03T09:40:25Z</Time>
<Position>
<LatitudeDegrees>43.2733434</LatitudeDegrees>
<LongitudeDegrees>118.2058953</LongitudeDegrees>
</Position>
<AltitudeMeters>809.0</AltitudeMeters>
<DistanceMeters>95648.6</DistanceMeters>
<Extensions>
<ns3:TPX>
<ns3:Speed>8.07</ns3:Speed>
</ns3:TPX>
</Extensions>
</Trackpoint>
<Trackpoint>
<Time>2026-09-03T09:40:31Z</Time>
<Position>
<LatitudeDegrees>43.2737247</LatitudeDegrees>
<LongitudeDegrees>118.2059802</LongitudeDegrees>
</Position>
<AltitudeMeters>807.8</AltitudeMeters>
<DistanceMeters>95691.6</DistanceMeters>
<Extensions>
<ns3:TPX>
<ns3:Speed>8.965</ns3:Speed>
</ns3:TPX>
</Extensions>
</Trackpoint>
<Trackpoint>
<Time>2026-09-03T09:40:35Z</Time>
<Position>
<LatitudeDegrees>43.2740341</LatitudeDegrees>
<LongitudeDegrees>118.2061434</LongitudeDegrees>
</Position>
<AltitudeMeters>806.8</AltitudeMeters>
<DistanceMeters>95728.4</DistanceMeters>
<Extensions>
<ns3:TPX>
<ns3:Speed>9.316</ns3:Speed>
</ns3:TPX>
</Extensions>
</Trackpoint>
<Trackpoint>
<Time>2026-09-03T09:40:39Z</Time>
<Position>
<LatitudeDegrees>43.2743085</LatitudeDegrees>
<LongitudeDegrees>118.2063746</LongitudeDegrees>
</Position>
<AltitudeMeters>805.8</AltitudeMeters>
<DistanceMeters>95764.2</DistanceMeters>
<Extensions>
<ns3:TPX>
<ns3:Speed>7.926</ns3:Speed>
</ns3:TPX>
</Extensions>
</Trackpoint>
<Trackpoint>
<Time>2026-09-03T09:40:44Z</Time>
<Position>
<LatitudeDegrees>43.2745247</LatitudeDegrees>
<LongitudeDegrees>118.2066369</LongitudeDegrees>
</Position>
<AltitudeMeters>804.8</AltitudeMeters>
<DistanceMeters>95796.2</DistanceMeters>
<Extensions>
<ns3:TPX>
<ns3:Speed>3.869</ns3:Speed>
</ns3:TPX>
</Extensions>
</Trackpoint>
<Trackpoint>
<Time>2026-09-03T09:40:47Z</Time>
<Position>
<LatitudeDegrees>43.2745500</LatitudeDegrees>
<LongitudeDegrees>118.2067373</LongitudeDegrees>
</Position>
<AltitudeMeters>804.4</AltitudeMeters>
<DistanceMeters>95805.0</DistanceMeters>
<Extensions>
<ns3:TPX>
<ns3:Speed>2.157</ns3:Speed>
</ns3:TPX>
</Extensions>
</Trackpoint>
<Trackpoint>
<Time>2026-09-03T09:40:55Z</Time>
<Position>
<LatitudeDegrees>43.2745081</LatitudeDegrees>
<LongitudeDegrees>118.2069509</LongitudeDegrees>
</Position>
<AltitudeMeters>804.2</AltitudeMeters>
<DistanceMeters>95823.0</DistanceMeters>
<Extensions>
<ns3:TPX>
<ns3:Speed>2.09</ns3:Speed>
</ns3:TPX>
</Extensions>
</Trackpoint>
<Trackpoint>
<Time>2026-09-03T09:41:01Z</Time>
<Position>
<LatitudeDegrees>43.2745079</LatitudeDegrees>
<LongitudeDegrees>118.2070942</LongitudeDegrees>
</Position>
<AltitudeMeters>804.2</AltitudeMeters>
<DistanceMeters>95834.8</DistanceMeters>
<Extensions>
<ns3:TPX>
<ns3:Speed>1.953</ns3:Speed>
</ns3:TPX>
</Extensions>
</Trackpoint>
<Trackpoint>
<Time>2026-09-03T09:41:06Z</Time>
<Position>
<LatitudeDegrees>43.2745435</LatitudeDegrees>
<LongitudeDegrees>118.2071442</LongitudeDegrees>
</Position>
<AltitudeMeters>804.2</AltitudeMeters>
<DistanceMeters>95838.4</DistanceMeters>
<Extensions>
<ns3:TPX>
<ns3:Speed>0.0</ns3:Speed>
</ns3:TPX>
</Extensions>
</Trackpoint>
<Trackpoint>
<Time>2026-09-03T09:41:36Z</Time>
<Position>
<LatitudeDegrees>43.2745595</LatitudeDegrees>
<LongitudeDegrees>118.2070289</LongitudeDegrees>
</Position>
<AltitudeMeters>804.2</AltitudeMeters>
<DistanceMeters>95848.0</DistanceMeters>
<Extensions>
<ns3:TPX>
<ns3:Speed>1.778</ns3:Speed>
</ns3:TPX>
</Extensions>
</Trackpoint>
<Trackpoint>
<Time>2026-09-03T09:41:44Z</Time>
<Position>
<LatitudeDegrees>43.2745079</LatitudeDegrees>
<LongitudeDegrees>118.2068526</LongitudeDegrees>
</Position>
<AltitudeMeters>804.2</AltitudeMeters>
<DistanceMeters>95863.5</DistanceMeters>
<Extensions>
<ns3:TPX>
<ns3:Speed>0.907</ns3:Speed>
</ns3:TPX>
</Extensions>
</Trackpoint>
<Trackpoint>
<Time>2026-09-03T09:41:47Z</Time>
<Position>
<LatitudeDegrees>43.2745055</LatitudeDegrees>
<LongitudeDegrees>118.2068362</LongitudeDegrees>
</Position>
<AltitudeMeters>804.2</AltitudeMeters>
<DistanceMeters>95863.5</DistanceMeters>
<Extensions>
<ns3:TPX>
<ns3:Speed>0.0</ns3:Speed>
</ns3:TPX>
</Extensions>
</Trackpoint>
</Track>
</Lap>
</Activity>
</Activities>
</TrainingCenterDatabase>