<?xml version="1.0" encoding="UTF-8"?>
<gpx creator="IGPSPORT" xmlns:xsi="http://www.w3.org/2001/XMLSchema-instance" schemaLocation="http://www.topografix.com/GPX/1/1 http://www.topografix.com/GPX/1/1/gpx.xsd" version="1.1" xmlns="http://www.topografix.com/GPX/1/1">
  <metadata>
    <time>2026-08-08T12:21:10.000Z</time>
    <link href="https://www.igpsport.cn/">
      <text>Велоспорт на свежем воздухе</text>
    </link>
  </metadata>
  <trk>
    <name>Велоспорт на свежем воздухе</name>
    <trkseg>
      <trkpt lat="46.51570491492748" lon="95.32789162360132">
        <ele>1316.4</ele>
        <time>2026-08-08T12:21:10.000Z</time>
      </trkpt>
      <trkpt lat="46.515845227986574" lon="95.32799648121">
        <ele>1316.6</ele>
        <time>2026-08-08T12:23:45.000Z</time>
      </trkpt>
      <trkpt lat="46.515912199392915" lon="95.32805196940899">
        <ele>1317</ele>
        <time>2026-08-08T12:23:55.000Z</time>
      </trkpt>
      <trkpt lat="46.516092577949166" lon="95.32811718061566">
        <ele>1318</ele>
        <time>2026-08-08T12:24:23.000Z</time>
      </trkpt>
      <trkpt lat="46.51626583188772" lon="95.32813821919262">
        <ele>1318.4</ele>
        <time>2026-08-08T12:24:46.000Z</time>
      </trkpt>
      <trkpt lat="46.516410084441304" lon="95.32819211483002">
        <ele>1318.8</ele>
        <time>2026-08-08T12:25:06.000Z</time>
      </trkpt>
      <trkpt lat="46.51649977080524" lon="95.32822899520397">
        <ele>1319</ele>
        <time>2026-08-08T12:25:18.000Z</time>
      </trkpt>
      <trkpt lat="46.51664796285331" lon="95.32835757359862">
        <ele>1319.4</ele>
        <time>2026-08-08T12:25:54.000Z</time>
      </trkpt>
      <trkpt lat="46.51655400171876" lon="95.32855932600796">
        <ele>1319.4</ele>
        <time>2026-08-08T12:26:35.000Z</time>
      </trkpt>
      <trkpt lat="46.516503877937794" lon="95.32863509841263">
        <ele>1319.4</ele>
        <time>2026-08-08T12:26:45.000Z</time>
      </trkpt>
      <trkpt lat="46.51639466173947" lon="95.32877130433917">
        <ele>1319.4</ele>
        <time>2026-08-08T12:27:04.000Z</time>
      </trkpt>
      <trkpt lat="46.51629751548171" lon="95.32896090298891">
        <ele>1319.4</ele>
        <time>2026-08-08T12:27:25.000Z</time>
      </trkpt>
      <trkpt lat="46.5162184741348" lon="95.32915838062763">
        <ele>1319.4</ele>
        <time>2026-08-08T12:27:41.000Z</time>
      </trkpt>
      <trkpt lat="46.51616206392646" lon="95.32935719937086">
        <ele>1319.6</ele>
        <time>2026-08-08T12:29:02.000Z</time>
      </trkpt>
      <trkpt lat="46.516151083633304" lon="95.32951846718788">
        <ele>1319.8</ele>
        <time>2026-08-08T12:29:15.000Z</time>
      </trkpt>
      <trkpt lat="46.51614462956786" lon="95.32965266145766">
        <ele>1319.8</ele>
        <time>2026-08-08T12:29:25.000Z</time>
      </trkpt>
      <trkpt lat="46.51614027097821" lon="95.32973698340356">
        <ele>1320</ele>
        <time>2026-08-08T12:29:27.000Z</time>
      </trkpt>
      <trkpt lat="46.51612937450409" lon="95.32985265366733">
        <ele>1320.2</ele>
        <time>2026-08-08T12:29:30.000Z</time>
      </trkpt>
      <trkpt lat="46.516119400039315" lon="95.32991082407534">
        <ele>1320.4</ele>
        <time>2026-08-08T12:29:32.000Z</time>
      </trkpt>
      <trkpt lat="46.516108587384224" lon="95.329957511276">
        <ele>1320.6</ele>
        <time>2026-08-08T12:29:34.000Z</time>
      </trkpt>
      <trkpt lat="46.51603465899825" lon="95.33020595088601">
        <ele>1320.2</ele>
        <time>2026-08-08T12:29:44.000Z</time>
      </trkpt>
      <trkpt lat="46.51599710807204" lon="95.33058565109968">
        <ele>1319.2</ele>
        <time>2026-08-08T12:29:53.000Z</time>
      </trkpt>
      <trkpt lat="46.515880515798926" lon="95.33095638267696">
        <ele>1319.6</ele>
        <time>2026-08-08T12:30:07.000Z</time>
      </trkpt>
      <trkpt lat="46.51582251302898" lon="95.33124011009932">
        <ele>1320.8</ele>
        <time>2026-08-08T12:31:01.000Z</time>
      </trkpt>
      <trkpt lat="46.515637608245015" lon="95.33168535679579">
        <ele>1321</ele>
        <time>2026-08-08T12:31:17.000Z</time>
      </trkpt>
      <trkpt lat="46.51553149335086" lon="95.33201166428626">
        <ele>1321.2</ele>
        <time>2026-08-08T12:31:31.000Z</time>
      </trkpt>
      <trkpt lat="46.515380116179585" lon="95.33250887878239">
        <ele>1322.4</ele>
        <time>2026-08-08T12:32:30.000Z</time>
      </trkpt>
      <trkpt lat="46.515159169211984" lon="95.33305361866951">
        <ele>1322.4</ele>
        <time>2026-08-08T12:32:46.000Z</time>
      </trkpt>
      <trkpt lat="46.51489329524338" lon="95.33364890143275">
        <ele>1322.2</ele>
        <time>2026-08-08T12:33:02.000Z</time>
      </trkpt>
      <trkpt lat="46.51476840488613" lon="95.33384369686246">
        <ele>1321.8</ele>
        <time>2026-08-08T12:33:08.000Z</time>
      </trkpt>
      <trkpt lat="46.51470369659364" lon="95.33393028192222">
        <ele>1321.6</ele>
        <time>2026-08-08T12:33:10.000Z</time>
      </trkpt>
      <trkpt lat="46.51463119313121" lon="95.33400622196496">
        <ele>1321.4</ele>
        <time>2026-08-08T12:33:12.000Z</time>
      </trkpt>
      <trkpt lat="46.51454930193722" lon="95.33406799659133">
        <ele>1321.2</ele>
        <time>2026-08-08T12:33:14.000Z</time>
      </trkpt>
      <trkpt lat="46.514458525925875" lon="95.33411619253457">
        <ele>1320.8</ele>
        <time>2026-08-08T12:33:16.000Z</time>
      </trkpt>
      <trkpt lat="46.514360373839736" lon="95.3341538272798">
        <ele>1320.6</ele>
        <time>2026-08-08T12:33:18.000Z</time>
      </trkpt>
      <trkpt lat="46.514256186783314" lon="95.33418408595026">
        <ele>1320.2</ele>
        <time>2026-08-08T12:33:20.000Z</time>
      </trkpt>
      <trkpt lat="46.514146300032735" lon="95.33420621417463">
        <ele>1319.8</ele>
        <time>2026-08-08T12:33:22.000Z</time>
      </trkpt>
      <trkpt lat="46.51403130032122" lon="95.334217781201">
        <ele>1319.6</ele>
        <time>2026-08-08T12:33:24.000Z</time>
      </trkpt>
      <trkpt lat="46.51323418132961" lon="95.33434577286243">
        <ele>1319</ele>
        <time>2026-08-08T12:33:39.000Z</time>
      </trkpt>
      <trkpt lat="46.51266010478139" lon="95.33477928489447">
        <ele>1320</ele>
        <time>2026-08-08T12:33:55.000Z</time>
      </trkpt>
      <trkpt lat="46.512166326865554" lon="95.3352992143482">
        <ele>1320.4</ele>
        <time>2026-08-08T12:34:12.000Z</time>
      </trkpt>
      <trkpt lat="46.51159040629864" lon="95.33591545186937">
        <ele>1319.8</ele>
        <time>2026-08-08T12:34:28.000Z</time>
      </trkpt>
      <trkpt lat="46.51092806831002" lon="95.3366185259074">
        <ele>1318.4</ele>
        <time>2026-08-08T12:34:44.000Z</time>
      </trkpt>
      <trkpt lat="46.510741487145424" lon="95.33681851811707">
        <ele>1318</ele>
        <time>2026-08-08T12:34:48.000Z</time>
      </trkpt>
      <trkpt lat="46.51064551435411" lon="95.33692270517349">
        <ele>1317.8</ele>
        <time>2026-08-08T12:34:50.000Z</time>
      </trkpt>
      <trkpt lat="46.51054719462991" lon="95.33702672459185">
        <ele>1317.4</ele>
        <time>2026-08-08T12:34:52.000Z</time>
      </trkpt>
      <trkpt lat="46.51044535450637" lon="95.33712873235345">
        <ele>1317.2</ele>
        <time>2026-08-08T12:34:54.000Z</time>
      </trkpt>
      <trkpt lat="46.51034301146865" lon="95.33723451197147">
        <ele>1317</ele>
        <time>2026-08-08T12:34:56.000Z</time>
      </trkpt>
      <trkpt lat="46.51024142280221" lon="95.33734766766429">
        <ele>1316.6</ele>
        <time>2026-08-08T12:34:58.000Z</time>
      </trkpt>
      <trkpt lat="46.5101367328316" lon="95.3374610748142">
        <ele>1316.4</ele>
        <time>2026-08-08T12:35:00.000Z</time>
      </trkpt>
      <trkpt lat="46.510029612109065" lon="95.33757532015443">
        <ele>1316.2</ele>
        <time>2026-08-08T12:35:02.000Z</time>
      </trkpt>
      <trkpt lat="46.50986633263528" lon="95.33774740062654">
        <ele>1315.6</ele>
        <time>2026-08-08T12:35:05.000Z</time>
      </trkpt>
      <trkpt lat="46.509374817833304" lon="95.33826841972768">
        <ele>1314.6</ele>
        <time>2026-08-08T12:35:14.000Z</time>
      </trkpt>
      <trkpt lat="46.50849522091448" lon="95.33921121619642">
        <ele>1314</ele>
        <time>2026-08-08T12:35:30.000Z</time>
      </trkpt>
      <trkpt lat="46.507785357534885" lon="95.33996919170022">
        <ele>1313.8</ele>
        <time>2026-08-08T12:35:46.000Z</time>
      </trkpt>
      <trkpt lat="46.50715881027281" lon="95.3407699149102">
        <ele>1313</ele>
        <time>2026-08-08T12:36:02.000Z</time>
      </trkpt>
      <trkpt lat="46.50653092190623" lon="95.3415625076741">
        <ele>1312.4</ele>
        <time>2026-08-08T12:36:18.000Z</time>
      </trkpt>
      <trkpt lat="46.50587218813598" lon="95.34241855144501">
        <ele>1312.2</ele>
        <time>2026-08-08T12:36:35.000Z</time>
      </trkpt>
      <trkpt lat="46.50530288927257" lon="95.3431508783251">
        <ele>1312.2</ele>
        <time>2026-08-08T12:36:51.000Z</time>
      </trkpt>
      <trkpt lat="46.50479117408395" lon="95.34381916746497">
        <ele>1312</ele>
        <time>2026-08-08T12:37:07.000Z</time>
      </trkpt>
      <trkpt lat="46.504226233810186" lon="95.34453632310033">
        <ele>1311.8</ele>
        <time>2026-08-08T12:37:23.000Z</time>
      </trkpt>
      <trkpt lat="46.50361167266965" lon="95.34531977958977">
        <ele>1311.4</ele>
        <time>2026-08-08T12:37:39.000Z</time>
      </trkpt>
      <trkpt lat="46.50303742848337" lon="95.34606669098139">
        <ele>1311</ele>
        <time>2026-08-08T12:37:55.000Z</time>
      </trkpt>
      <trkpt lat="46.50257097557187" lon="95.34666549414396">
        <ele>1311.2</ele>
        <time>2026-08-08T12:38:11.000Z</time>
      </trkpt>
      <trkpt lat="46.50203336030245" lon="95.34734149463475">
        <ele>1311.2</ele>
        <time>2026-08-08T12:38:27.000Z</time>
      </trkpt>
      <trkpt lat="46.50145643390715" lon="95.34812235273421">
        <ele>1311.4</ele>
        <time>2026-08-08T12:38:43.000Z</time>
      </trkpt>
      <trkpt lat="46.50085872039199" lon="95.34889566712081">
        <ele>1311.2</ele>
        <time>2026-08-08T12:39:00.000Z</time>
      </trkpt>
      <trkpt lat="46.500199316069484" lon="95.34975330345333">
        <ele>1310.8</ele>
        <time>2026-08-08T12:39:16.000Z</time>
      </trkpt>
      <trkpt lat="46.49948442354798" lon="95.35066760145128">
        <ele>1310.2</ele>
        <time>2026-08-08T12:39:32.000Z</time>
      </trkpt>
      <trkpt lat="46.498765256255865" lon="95.35159790888429">
        <ele>1309.4</ele>
        <time>2026-08-08T12:39:48.000Z</time>
      </trkpt>
      <trkpt lat="46.49798548780382" lon="95.35260030068457">
        <ele>1308.8</ele>
        <time>2026-08-08T12:40:04.000Z</time>
      </trkpt>
      <trkpt lat="46.49717420339584" lon="95.35364435054362">
        <ele>1307.8</ele>
        <time>2026-08-08T12:40:20.000Z</time>
      </trkpt>
      <trkpt lat="46.496405163779855" lon="95.35462872125208">
        <ele>1307.4</ele>
        <time>2026-08-08T12:40:36.000Z</time>
      </trkpt>
      <trkpt lat="46.495659006759524" lon="95.35559750162065">
        <ele>1306.8</ele>
        <time>2026-08-08T12:40:52.000Z</time>
      </trkpt>
      <trkpt lat="46.49493908509612" lon="95.35650928504765">
        <ele>1306.2</ele>
        <time>2026-08-08T12:41:08.000Z</time>
      </trkpt>
      <trkpt lat="46.49420130997896" lon="95.35745199769735">
        <ele>1305.6</ele>
        <time>2026-08-08T12:41:25.000Z</time>
      </trkpt>
      <trkpt lat="46.493476359173656" lon="95.35837987437844">
        <ele>1304.8</ele>
        <time>2026-08-08T12:41:41.000Z</time>
      </trkpt>
      <trkpt lat="46.49273782968521" lon="95.35931646823883">
        <ele>1304</ele>
        <time>2026-08-08T12:41:57.000Z</time>
      </trkpt>
      <trkpt lat="46.49199460633099" lon="95.36026496440172">
        <ele>1303.2</ele>
        <time>2026-08-08T12:42:13.000Z</time>
      </trkpt>
      <trkpt lat="46.491259932518005" lon="95.36122485995293">
        <ele>1302.4</ele>
        <time>2026-08-08T12:42:29.000Z</time>
      </trkpt>
      <trkpt lat="46.49056348018348" lon="95.36210596561432">
        <ele>1302</ele>
        <time>2026-08-08T12:42:45.000Z</time>
      </trkpt>
      <trkpt lat="46.48988999426365" lon="95.36298162303865">
        <ele>1301.2</ele>
        <time>2026-08-08T12:43:01.000Z</time>
      </trkpt>
      <trkpt lat="46.489239390939474" lon="95.36382199265063">
        <ele>1300.8</ele>
        <time>2026-08-08T12:43:17.000Z</time>
      </trkpt>
      <trkpt lat="46.48856741376221" lon="95.36467736586928">
        <ele>1300.2</ele>
        <time>2026-08-08T12:43:33.000Z</time>
      </trkpt>
      <trkpt lat="46.48786576464772" lon="95.36558219231665">
        <ele>1299.4</ele>
        <time>2026-08-08T12:43:50.000Z</time>
      </trkpt>
      <trkpt lat="46.48710980080068" lon="95.36654946394265">
        <ele>1298.6</ele>
        <time>2026-08-08T12:44:06.000Z</time>
      </trkpt>
      <trkpt lat="46.486328607425094" lon="95.36755512468517">
        <ele>1297.6</ele>
        <time>2026-08-08T12:44:22.000Z</time>
      </trkpt>
      <trkpt lat="46.48555018007755" lon="95.36855936050415">
        <ele>1297</ele>
        <time>2026-08-08T12:44:38.000Z</time>
      </trkpt>
      <trkpt lat="46.484750881791115" lon="95.36958371289074">
        <ele>1296.4</ele>
        <time>2026-08-08T12:44:54.000Z</time>
      </trkpt>
      <trkpt lat="46.48387547582388" lon="95.37070630118251">
        <ele>1295.4</ele>
        <time>2026-08-08T12:45:11.000Z</time>
      </trkpt>
      <trkpt lat="46.48308590054512" lon="95.37171606905758">
        <ele>1294.6</ele>
        <time>2026-08-08T12:45:27.000Z</time>
      </trkpt>
      <trkpt lat="46.48252942599356" lon="95.37243464961648">
        <ele>1293.8</ele>
        <time>2026-08-08T12:45:38.000Z</time>
      </trkpt>
      <trkpt lat="46.48232155479491" lon="95.37270060740411">
        <ele>1293.4</ele>
        <time>2026-08-08T12:45:42.000Z</time>
      </trkpt>
      <trkpt lat="46.48221569135785" lon="95.37283605895936">
        <ele>1293.2</ele>
        <time>2026-08-08T12:45:44.000Z</time>
      </trkpt>
      <trkpt lat="46.48178720846772" lon="95.37338943220675">
        <ele>1292.8</ele>
        <time>2026-08-08T12:45:52.000Z</time>
      </trkpt>
      <trkpt lat="46.481678830459714" lon="95.3735285717994">
        <ele>1292.6</ele>
        <time>2026-08-08T12:45:54.000Z</time>
      </trkpt>
      <trkpt lat="46.48145872168243" lon="95.3738134726882">
        <ele>1292.4</ele>
        <time>2026-08-08T12:45:58.000Z</time>
      </trkpt>
      <trkpt lat="46.481180023401976" lon="95.37417129613459">
        <ele>1292</ele>
        <time>2026-08-08T12:46:04.000Z</time>
      </trkpt>
      <trkpt lat="46.48073301650584" lon="95.37474495358765">
        <ele>1291.6</ele>
        <time>2026-08-08T12:46:12.000Z</time>
      </trkpt>
      <trkpt lat="46.48044861853123" lon="95.37510998547077">
        <ele>1291.2</ele>
        <time>2026-08-08T12:46:17.000Z</time>
      </trkpt>
      <trkpt lat="46.47987965494394" lon="95.37584549747407">
        <ele>1290.4</ele>
        <time>2026-08-08T12:46:27.000Z</time>
      </trkpt>
      <trkpt lat="46.478983629494905" lon="95.3770163655281">
        <ele>1289</ele>
        <time>2026-08-08T12:46:43.000Z</time>
      </trkpt>
      <trkpt lat="46.478128507733345" lon="95.37809771485627">
        <ele>1287.8</ele>
        <time>2026-08-08T12:46:59.000Z</time>
      </trkpt>
      <trkpt lat="46.477303728461266" lon="95.37916146218777">
        <ele>1287</ele>
        <time>2026-08-08T12:47:15.000Z</time>
      </trkpt>
      <trkpt lat="46.476368475705385" lon="95.38035370409489">
        <ele>1285.2</ele>
        <time>2026-08-08T12:47:31.000Z</time>
      </trkpt>
      <trkpt lat="46.475500194355845" lon="95.38147662766278">
        <ele>1284.2</ele>
        <time>2026-08-08T12:47:47.000Z</time>
      </trkpt>
      <trkpt lat="46.47468262352049" lon="95.38252637721598">
        <ele>1283</ele>
        <time>2026-08-08T12:48:03.000Z</time>
      </trkpt>
      <trkpt lat="46.47390126250684" lon="95.38352566771209">
        <ele>1282.4</ele>
        <time>2026-08-08T12:48:19.000Z</time>
      </trkpt>
      <trkpt lat="46.473132306709886" lon="95.38451758213341">
        <ele>1281.4</ele>
        <time>2026-08-08T12:48:36.000Z</time>
      </trkpt>
      <trkpt lat="46.47233460098505" lon="95.38554981350899">
        <ele>1280.4</ele>
        <time>2026-08-08T12:48:52.000Z</time>
      </trkpt>
      <trkpt lat="46.471551563590765" lon="95.38655907846987">
        <ele>1279.4</ele>
        <time>2026-08-08T12:49:08.000Z</time>
      </trkpt>
      <trkpt lat="46.47079333662987" lon="95.38752651773393">
        <ele>1279</ele>
        <time>2026-08-08T12:49:24.000Z</time>
      </trkpt>
      <trkpt lat="46.47001222707331" lon="95.38853402249515">
        <ele>1278</ele>
        <time>2026-08-08T12:49:40.000Z</time>
      </trkpt>
      <trkpt lat="46.4691923931241" lon="95.3895955067128">
        <ele>1277.2</ele>
        <time>2026-08-08T12:49:56.000Z</time>
      </trkpt>
      <trkpt lat="46.46840449422598" lon="95.39061097428203">
        <ele>1276.6</ele>
        <time>2026-08-08T12:50:12.000Z</time>
      </trkpt>
      <trkpt lat="46.467633275315166" lon="95.39159182459116">
        <ele>1275.8</ele>
        <time>2026-08-08T12:50:28.000Z</time>
      </trkpt>
      <trkpt lat="46.46689851768315" lon="95.39255322888494">
        <ele>1275.2</ele>
        <time>2026-08-08T12:50:44.000Z</time>
      </trkpt>
      <trkpt lat="46.466166358441114" lon="95.39347305893898">
        <ele>1274.6</ele>
        <time>2026-08-08T12:51:01.000Z</time>
      </trkpt>
      <trkpt lat="46.46539312787354" lon="95.39446480572224">
        <ele>1273.8</ele>
        <time>2026-08-08T12:51:17.000Z</time>
      </trkpt>
      <trkpt lat="46.46460690535605" lon="95.39548547007143">
        <ele>1273.4</ele>
        <time>2026-08-08T12:51:33.000Z</time>
      </trkpt>
      <trkpt lat="46.46382998675108" lon="95.39647277444601">
        <ele>1272.6</ele>
        <time>2026-08-08T12:51:49.000Z</time>
      </trkpt>
      <trkpt lat="46.46302758716047" lon="95.39750835858285">
        <ele>1272</ele>
        <time>2026-08-08T12:52:05.000Z</time>
      </trkpt>
      <trkpt lat="46.462265169247985" lon="95.39848736487329">
        <ele>1272.2</ele>
        <time>2026-08-08T12:52:21.000Z</time>
      </trkpt>
      <trkpt lat="46.46156628616154" lon="95.399379869923">
        <ele>1272</ele>
        <time>2026-08-08T12:52:37.000Z</time>
      </trkpt>
      <trkpt lat="46.460798336192966" lon="95.4003759752959">
        <ele>1271.4</ele>
        <time>2026-08-08T12:52:53.000Z</time>
      </trkpt>
      <trkpt lat="46.46006508730352" lon="95.40130636654794">
        <ele>1271</ele>
        <time>2026-08-08T12:53:10.000Z</time>
      </trkpt>
      <trkpt lat="46.459344662725925" lon="95.4022153839469">
        <ele>1270.6</ele>
        <time>2026-08-08T12:53:26.000Z</time>
      </trkpt>
      <trkpt lat="46.458574114367366" lon="95.40319715626538">
        <ele>1270.2</ele>
        <time>2026-08-08T12:53:42.000Z</time>
      </trkpt>
      <trkpt lat="46.45776450634003" lon="95.40422729216516">
        <ele>1269.8</ele>
        <time>2026-08-08T12:53:58.000Z</time>
      </trkpt>
      <trkpt lat="46.4569853246212" lon="95.40522356517613">
        <ele>1269.4</ele>
        <time>2026-08-08T12:54:14.000Z</time>
      </trkpt>
      <trkpt lat="46.45631443709135" lon="95.40608195587993">
        <ele>1268.8</ele>
        <time>2026-08-08T12:54:30.000Z</time>
      </trkpt>
      <trkpt lat="46.4555018953979" lon="95.40711586363614">
        <ele>1268.4</ele>
        <time>2026-08-08T12:54:46.000Z</time>
      </trkpt>
      <trkpt lat="46.45477216690779" lon="95.40804558433592">
        <ele>1268.2</ele>
        <time>2026-08-08T12:55:02.000Z</time>
      </trkpt>
      <trkpt lat="46.45404176786542" lon="95.40896851569414">
        <ele>1267.8</ele>
        <time>2026-08-08T12:55:18.000Z</time>
      </trkpt>
      <trkpt lat="46.453264094889164" lon="95.4099639505148">
        <ele>1267</ele>
        <time>2026-08-08T12:55:35.000Z</time>
      </trkpt>
      <trkpt lat="46.45243722014129" lon="95.41102442890406">
        <ele>1266.4</ele>
        <time>2026-08-08T12:55:51.000Z</time>
      </trkpt>
      <trkpt lat="46.45166642032564" lon="95.41201089508832">
        <ele>1265.8</ele>
        <time>2026-08-08T12:56:07.000Z</time>
      </trkpt>
      <trkpt lat="46.450918670743704" lon="95.41297137737274">
        <ele>1265.2</ele>
        <time>2026-08-08T12:56:23.000Z</time>
      </trkpt>
      <trkpt lat="46.450165221467614" lon="95.41392046026886">
        <ele>1264.6</ele>
        <time>2026-08-08T12:56:39.000Z</time>
      </trkpt>
      <trkpt lat="46.44940263591707" lon="95.4149129614234">
        <ele>1264</ele>
        <time>2026-08-08T12:56:55.000Z</time>
      </trkpt>
      <trkpt lat="46.44862932153046" lon="95.41589657776058">
        <ele>1263.6</ele>
        <time>2026-08-08T12:57:11.000Z</time>
      </trkpt>
      <trkpt lat="46.44785768352449" lon="95.41687499731779">
        <ele>1262.8</ele>
        <time>2026-08-08T12:57:27.000Z</time>
      </trkpt>
      <trkpt lat="46.447088392451406" lon="95.417858697474">
        <ele>1262</ele>
        <time>2026-08-08T12:57:43.000Z</time>
      </trkpt>
      <trkpt lat="46.44632798619568" lon="95.41883057914674">
        <ele>1261.2</ele>
        <time>2026-08-08T12:58:00.000Z</time>
      </trkpt>
      <trkpt lat="46.44557520747185" lon="95.41978837922215">
        <ele>1260.8</ele>
        <time>2026-08-08T12:58:16.000Z</time>
      </trkpt>
      <trkpt lat="46.44482620060444" lon="95.4207430779934">
        <ele>1260.4</ele>
        <time>2026-08-08T12:58:32.000Z</time>
      </trkpt>
      <trkpt lat="46.44411725923419" lon="95.42164321057498">
        <ele>1260.2</ele>
        <time>2026-08-08T12:58:48.000Z</time>
      </trkpt>
      <trkpt lat="46.443442264571786" lon="95.42250973172486">
        <ele>1260</ele>
        <time>2026-08-08T12:59:04.000Z</time>
      </trkpt>
      <trkpt lat="46.4427163079381" lon="95.42342897504568">
        <ele>1259.8</ele>
        <time>2026-08-08T12:59:20.000Z</time>
      </trkpt>
      <trkpt lat="46.442017424851656" lon="95.42431821115315">
        <ele>1259.6</ele>
        <time>2026-08-08T12:59:36.000Z</time>
      </trkpt>
      <trkpt lat="46.44132968969643" lon="95.42519412003458">
        <ele>1259.4</ele>
        <time>2026-08-08T12:59:52.000Z</time>
      </trkpt>
      <trkpt lat="46.440744465216994" lon="95.42594631202519">
        <ele>1259.2</ele>
        <time>2026-08-08T13:00:08.000Z</time>
      </trkpt>
      <trkpt lat="46.44022872671485" lon="95.42660186067224">
        <ele>1259</ele>
        <time>2026-08-08T13:00:25.000Z</time>
      </trkpt>
      <trkpt lat="46.43971240147948" lon="95.42725749313831">
        <ele>1258.6</ele>
        <time>2026-08-08T13:00:41.000Z</time>
      </trkpt>
      <trkpt lat="46.439107563346624" lon="95.42801429517567">
        <ele>1258.2</ele>
        <time>2026-08-08T13:00:57.000Z</time>
      </trkpt>
      <trkpt lat="46.438487973064184" lon="95.42880965396762">
        <ele>1257.8</ele>
        <time>2026-08-08T13:01:13.000Z</time>
      </trkpt>
      <trkpt lat="46.437849355861545" lon="95.42962588369846">
        <ele>1258</ele>
        <time>2026-08-08T13:01:29.000Z</time>
      </trkpt>
      <trkpt lat="46.43726631067693" lon="95.43038318865001">
        <ele>1258.2</ele>
        <time>2026-08-08T13:01:44.000Z</time>
      </trkpt>
      <trkpt lat="46.436635656282306" lon="95.431173350662">
        <ele>1258.2</ele>
        <time>2026-08-08T13:02:00.000Z</time>
      </trkpt>
      <trkpt lat="46.43604012206197" lon="95.4319432284683">
        <ele>1258.6</ele>
        <time>2026-08-08T13:02:16.000Z</time>
      </trkpt>
      <trkpt lat="46.43542396835983" lon="95.43272978626192">
        <ele>1258.2</ele>
        <time>2026-08-08T13:02:32.000Z</time>
      </trkpt>
      <trkpt lat="46.434812592342496" lon="95.43351885862648">
        <ele>1258.4</ele>
        <time>2026-08-08T13:02:49.000Z</time>
      </trkpt>
      <trkpt lat="46.43416777253151" lon="95.4343350045383">
        <ele>1258.6</ele>
        <time>2026-08-08T13:03:05.000Z</time>
      </trkpt>
      <trkpt lat="46.43348330631852" lon="95.43520781211555">
        <ele>1258.4</ele>
        <time>2026-08-08T13:03:21.000Z</time>
      </trkpt>
      <trkpt lat="46.43281007185578" lon="95.43607123196125">
        <ele>1258</ele>
        <time>2026-08-08T13:03:37.000Z</time>
      </trkpt>
      <trkpt lat="46.4320822712034" lon="95.43700505979359">
        <ele>1256.4</ele>
        <time>2026-08-08T13:03:53.000Z</time>
      </trkpt>
      <trkpt lat="46.43119211308658" lon="95.43814885430038">
        <ele>1255</ele>
        <time>2026-08-08T13:04:09.000Z</time>
      </trkpt>
      <trkpt lat="46.43047973513603" lon="95.43905887752771">
        <ele>1255.6</ele>
        <time>2026-08-08T13:04:25.000Z</time>
      </trkpt>
      <trkpt lat="46.429788982495666" lon="95.43994308449328">
        <ele>1255.6</ele>
        <time>2026-08-08T13:04:41.000Z</time>
      </trkpt>
      <trkpt lat="46.42908398061991" lon="95.44084279797971">
        <ele>1255.6</ele>
        <time>2026-08-08T13:04:57.000Z</time>
      </trkpt>
      <trkpt lat="46.42837847582996" lon="95.44174871407449">
        <ele>1255.6</ele>
        <time>2026-08-08T13:05:14.000Z</time>
      </trkpt>
      <trkpt lat="46.42767339013517" lon="95.44265387579799">
        <ele>1255.6</ele>
        <time>2026-08-08T13:05:30.000Z</time>
      </trkpt>
      <trkpt lat="46.42698557116091" lon="95.4435355681926">
        <ele>1255.8</ele>
        <time>2026-08-08T13:05:46.000Z</time>
      </trkpt>
      <trkpt lat="46.426319628953934" lon="95.44438255950809">
        <ele>1256</ele>
        <time>2026-08-08T13:06:02.000Z</time>
      </trkpt>
      <trkpt lat="46.4256826043129" lon="95.4452071711421">
        <ele>1255.8</ele>
        <time>2026-08-08T13:06:18.000Z</time>
      </trkpt>
      <trkpt lat="46.42496452666819" lon="95.44613286852837">
        <ele>1255.4</ele>
        <time>2026-08-08T13:06:34.000Z</time>
      </trkpt>
      <trkpt lat="46.424266984686255" lon="95.44702336192131">
        <ele>1255</ele>
        <time>2026-08-08T13:06:50.000Z</time>
      </trkpt>
      <trkpt lat="46.42356751486659" lon="95.44790186919272">
        <ele>1255</ele>
        <time>2026-08-08T13:07:06.000Z</time>
      </trkpt>
      <trkpt lat="46.422952534630895" lon="95.44861550442874">
        <ele>1256.2</ele>
        <time>2026-08-08T13:07:22.000Z</time>
      </trkpt>
      <trkpt lat="46.42230520024896" lon="95.44929955154657">
        <ele>1256.4</ele>
        <time>2026-08-08T13:07:39.000Z</time>
      </trkpt>
      <trkpt lat="46.421579075977206" lon="95.45002710074186">
        <ele>1255.8</ele>
        <time>2026-08-08T13:07:55.000Z</time>
      </trkpt>
      <trkpt lat="46.42084867693484" lon="95.45076311565936">
        <ele>1255.4</ele>
        <time>2026-08-08T13:08:11.000Z</time>
      </trkpt>
      <trkpt lat="46.4200771227479" lon="95.45154028572142">
        <ele>1254.6</ele>
        <time>2026-08-08T13:08:27.000Z</time>
      </trkpt>
      <trkpt lat="46.419393830001354" lon="95.45222667977214">
        <ele>1255</ele>
        <time>2026-08-08T13:08:43.000Z</time>
      </trkpt>
      <trkpt lat="46.4186626765877" lon="95.45295909047127">
        <ele>1254.8</ele>
        <time>2026-08-08T13:08:59.000Z</time>
      </trkpt>
      <trkpt lat="46.41797276213765" lon="95.45364690944552">
        <ele>1254.8</ele>
        <time>2026-08-08T13:09:15.000Z</time>
      </trkpt>
      <trkpt lat="46.41725988127291" lon="95.45436222106218">
        <ele>1254.8</ele>
        <time>2026-08-08T13:09:31.000Z</time>
      </trkpt>
      <trkpt lat="46.416583294048905" lon="95.45503579080105">
        <ele>1254.6</ele>
        <time>2026-08-08T13:09:48.000Z</time>
      </trkpt>
      <trkpt lat="46.41596621833742" lon="95.45565781183541">
        <ele>1255.2</ele>
        <time>2026-08-08T13:10:04.000Z</time>
      </trkpt>
      <trkpt lat="46.41544503159821" lon="95.45617841184139">
        <ele>1255.2</ele>
        <time>2026-08-08T13:10:20.000Z</time>
      </trkpt>
      <trkpt lat="46.41480767168105" lon="95.45681711286306">
        <ele>1254.6</ele>
        <time>2026-08-08T13:10:36.000Z</time>
      </trkpt>
      <trkpt lat="46.41409780830145" lon="95.4575215280056">
        <ele>1253.8</ele>
        <time>2026-08-08T13:10:52.000Z</time>
      </trkpt>
      <trkpt lat="46.41334888525307" lon="95.45827925205231">
        <ele>1253.2</ele>
        <time>2026-08-08T13:11:08.000Z</time>
      </trkpt>
      <trkpt lat="46.412593591958284" lon="95.45903831720352">
        <ele>1252.6</ele>
        <time>2026-08-08T13:11:24.000Z</time>
      </trkpt>
      <trkpt lat="46.411912478506565" lon="95.45971649698913">
        <ele>1252.6</ele>
        <time>2026-08-08T13:11:40.000Z</time>
      </trkpt>
      <trkpt lat="46.4112648088485" lon="95.46035352163017">
        <ele>1252.4</ele>
        <time>2026-08-08T13:11:56.000Z</time>
      </trkpt>
      <trkpt lat="46.41058025881648" lon="95.46104150824249">
        <ele>1251.8</ele>
        <time>2026-08-08T13:12:13.000Z</time>
      </trkpt>
      <trkpt lat="46.40994633547962" lon="95.4616813827306">
        <ele>1252</ele>
        <time>2026-08-08T13:12:29.000Z</time>
      </trkpt>
      <trkpt lat="46.409299755468965" lon="95.46233718283474">
        <ele>1251.8</ele>
        <time>2026-08-08T13:12:45.000Z</time>
      </trkpt>
      <trkpt lat="46.40862073749304" lon="95.46302516944706">
        <ele>1251.6</ele>
        <time>2026-08-08T13:13:01.000Z</time>
      </trkpt>
      <trkpt lat="46.40790752135217" lon="95.46374961733818">
        <ele>1251.2</ele>
        <time>2026-08-08T13:13:17.000Z</time>
      </trkpt>
      <trkpt lat="46.40711442567408" lon="95.46454606577754">
        <ele>1250.6</ele>
        <time>2026-08-08T13:13:33.000Z</time>
      </trkpt>
      <trkpt lat="46.40636156313121" lon="95.46529482118785">
        <ele>1250.6</ele>
        <time>2026-08-08T13:13:49.000Z</time>
      </trkpt>
      <trkpt lat="46.40561632812023" lon="95.46604240313172">
        <ele>1250.6</ele>
        <time>2026-08-08T13:14:05.000Z</time>
      </trkpt>
      <trkpt lat="46.40497653745115" lon="95.46666760928929">
        <ele>1252.4</ele>
        <time>2026-08-08T13:14:21.000Z</time>
      </trkpt>
      <trkpt lat="46.404453590512276" lon="95.46718041412532">
        <ele>1253.2</ele>
        <time>2026-08-08T13:14:38.000Z</time>
      </trkpt>
      <trkpt lat="46.40387347899377" lon="95.46772129833698">
        <ele>1253.2</ele>
        <time>2026-08-08T13:14:54.000Z</time>
      </trkpt>
      <trkpt lat="46.40316545963287" lon="95.46834139153361">
        <ele>1252.2</ele>
        <time>2026-08-08T13:15:10.000Z</time>
      </trkpt>
      <trkpt lat="46.40240312553942" lon="95.46898973174393">
        <ele>1250.8</ele>
        <time>2026-08-08T13:15:26.000Z</time>
      </trkpt>
      <trkpt lat="46.40160349197686" lon="95.46966497786343">
        <ele>1250.6</ele>
        <time>2026-08-08T13:15:42.000Z</time>
      </trkpt>
      <trkpt lat="46.4008654654026" lon="95.4702885914594">
        <ele>1251.4</ele>
        <time>2026-08-08T13:15:58.000Z</time>
      </trkpt>
      <trkpt lat="46.400138419121504" lon="95.47090030275285">
        <ele>1250.4</ele>
        <time>2026-08-08T13:16:14.000Z</time>
      </trkpt>
      <trkpt lat="46.39933995902538" lon="95.47157605178654">
        <ele>1249.6</ele>
        <time>2026-08-08T13:16:30.000Z</time>
      </trkpt>
      <trkpt lat="46.398572511971" lon="95.47223352827132">
        <ele>1249.6</ele>
        <time>2026-08-08T13:16:46.000Z</time>
      </trkpt>
      <trkpt lat="46.3978520873934" lon="95.47283560037613">
        <ele>1249.4</ele>
        <time>2026-08-08T13:17:03.000Z</time>
      </trkpt>
      <trkpt lat="46.3971062656492" lon="95.47345778904855">
        <ele>1248.6</ele>
        <time>2026-08-08T13:17:19.000Z</time>
      </trkpt>
      <trkpt lat="46.396320881322026" lon="95.4740306083113">
        <ele>1247.6</ele>
        <time>2026-08-08T13:17:35.000Z</time>
      </trkpt>
      <trkpt lat="46.39553675428033" lon="95.47447686083615">
        <ele>1247.6</ele>
        <time>2026-08-08T13:17:51.000Z</time>
      </trkpt>
      <trkpt lat="46.394744496792555" lon="95.47485790215433">
        <ele>1247</ele>
        <time>2026-08-08T13:18:07.000Z</time>
      </trkpt>
      <trkpt lat="46.3939044624567" lon="95.47526107169688">
        <ele>1246</ele>
        <time>2026-08-08T13:18:23.000Z</time>
      </trkpt>
      <trkpt lat="46.39311136677861" lon="95.47564689069986">
        <ele>1245.8</ele>
        <time>2026-08-08T13:18:39.000Z</time>
      </trkpt>
      <trkpt lat="46.39240167103708" lon="95.47598677687347">
        <ele>1245.6</ele>
        <time>2026-08-08T13:18:55.000Z</time>
      </trkpt>
      <trkpt lat="46.39175727032125" lon="95.47629816457629">
        <ele>1245.2</ele>
        <time>2026-08-08T13:19:11.000Z</time>
      </trkpt>
      <trkpt lat="46.39110432006419" lon="95.47665749676526">
        <ele>1244.8</ele>
        <time>2026-08-08T13:19:28.000Z</time>
      </trkpt>
      <trkpt lat="46.39046436175704" lon="95.47714482061565">
        <ele>1244.6</ele>
        <time>2026-08-08T13:19:44.000Z</time>
      </trkpt>
      <trkpt lat="46.38979649171233" lon="95.47786507755518">
        <ele>1243.4</ele>
        <time>2026-08-08T13:20:00.000Z</time>
      </trkpt>
      <trkpt lat="46.38918469659984" lon="95.47876437194645">
        <ele>1242.4</ele>
        <time>2026-08-08T13:20:15.000Z</time>
      </trkpt>
      <trkpt lat="46.38873165473342" lon="95.47964313067496">
        <ele>1242.6</ele>
        <time>2026-08-08T13:20:31.000Z</time>
      </trkpt>
      <trkpt lat="46.3883803691715" lon="95.48052079975605">
        <ele>1243.2</ele>
        <time>2026-08-08T13:20:47.000Z</time>
      </trkpt>
      <trkpt lat="46.38808708637953" lon="95.48133610747755">
        <ele>1243.6</ele>
        <time>2026-08-08T13:21:02.000Z</time>
      </trkpt>
      <trkpt lat="46.38777016662061" lon="95.48215862363577">
        <ele>1243.8</ele>
        <time>2026-08-08T13:21:18.000Z</time>
      </trkpt>
      <trkpt lat="46.38739968650043" lon="95.48316202126443">
        <ele>1243.4</ele>
        <time>2026-08-08T13:21:34.000Z</time>
      </trkpt>
      <trkpt lat="46.38701319694519" lon="95.48418981023133">
        <ele>1243.4</ele>
        <time>2026-08-08T13:21:51.000Z</time>
      </trkpt>
      <trkpt lat="46.38664531521499" lon="95.48516118898988">
        <ele>1243.8</ele>
        <time>2026-08-08T13:22:07.000Z</time>
      </trkpt>
      <trkpt lat="46.386317079886794" lon="95.48605302348733">
        <ele>1244.4</ele>
        <time>2026-08-08T13:22:23.000Z</time>
      </trkpt>
      <trkpt lat="46.38599446043372" lon="95.48691753298044">
        <ele>1245</ele>
        <time>2026-08-08T13:22:39.000Z</time>
      </trkpt>
      <trkpt lat="46.385681480169296" lon="95.48775840550661">
        <ele>1245.6</ele>
        <time>2026-08-08T13:22:55.000Z</time>
      </trkpt>
      <trkpt lat="46.38532013632357" lon="95.48874185420573">
        <ele>1246</ele>
        <time>2026-08-08T13:23:11.000Z</time>
      </trkpt>
      <trkpt lat="46.38499902561307" lon="95.48958767205477">
        <ele>1246.6</ele>
        <time>2026-08-08T13:23:27.000Z</time>
      </trkpt>
      <trkpt lat="46.38470591045916" lon="95.49040406942368">
        <ele>1247.4</ele>
        <time>2026-08-08T13:23:43.000Z</time>
      </trkpt>
      <trkpt lat="46.38436971232295" lon="95.49130445346236">
        <ele>1247.4</ele>
        <time>2026-08-08T13:23:59.000Z</time>
      </trkpt>
      <trkpt lat="46.38398615643382" lon="95.49233056604862">
        <ele>1247.8</ele>
        <time>2026-08-08T13:24:16.000Z</time>
      </trkpt>
      <trkpt lat="46.383619867265224" lon="95.49331292510033">
        <ele>1248.4</ele>
        <time>2026-08-08T13:24:32.000Z</time>
      </trkpt>
      <trkpt lat="46.3832638040185" lon="95.4942658636719">
        <ele>1249.6</ele>
        <time>2026-08-08T13:24:48.000Z</time>
      </trkpt>
      <trkpt lat="46.38294730335474" lon="95.4951255954802">
        <ele>1250.8</ele>
        <time>2026-08-08T13:25:04.000Z</time>
      </trkpt>
      <trkpt lat="46.382598616182804" lon="95.49606529064476">
        <ele>1250.6</ele>
        <time>2026-08-08T13:25:20.000Z</time>
      </trkpt>
      <trkpt lat="46.382226878777146" lon="95.49707354977727">
        <ele>1250.4</ele>
        <time>2026-08-08T13:25:36.000Z</time>
      </trkpt>
      <trkpt lat="46.381827564910054" lon="95.498082395643">
        <ele>1251</ele>
        <time>2026-08-08T13:25:52.000Z</time>
      </trkpt>
      <trkpt lat="46.3815470226109" lon="95.49894506111741">
        <ele>1252.2</ele>
        <time>2026-08-08T13:26:08.000Z</time>
      </trkpt>
      <trkpt lat="46.38142917305231" lon="95.49947488121688">
        <ele>1252.8</ele>
        <time>2026-08-08T13:26:24.000Z</time>
      </trkpt>
      <trkpt lat="46.38128148391843" lon="95.50011190585792">
        <ele>1253.4</ele>
        <time>2026-08-08T13:26:38.000Z</time>
      </trkpt>
      <trkpt lat="46.3811067212373" lon="95.50108169205487">
        <ele>1253.8</ele>
        <time>2026-08-08T13:26:54.000Z</time>
      </trkpt>
      <trkpt lat="46.38092190027237" lon="95.5020953156054">
        <ele>1254.4</ele>
        <time>2026-08-08T13:27:10.000Z</time>
      </trkpt>
      <trkpt lat="46.38073959387839" lon="95.50311346538365">
        <ele>1254.8</ele>
        <time>2026-08-08T13:27:26.000Z</time>
      </trkpt>
      <trkpt lat="46.380554689094424" lon="95.50414251163602">
        <ele>1255.2</ele>
        <time>2026-08-08T13:27:42.000Z</time>
      </trkpt>
      <trkpt lat="46.38038202188909" lon="95.5051052570343">
        <ele>1255.6</ele>
        <time>2026-08-08T13:27:58.000Z</time>
      </trkpt>
      <trkpt lat="46.38019192032516" lon="95.50618568435311">
        <ele>1256.4</ele>
        <time>2026-08-08T13:28:14.000Z</time>
      </trkpt>
      <trkpt lat="46.380014810711145" lon="95.50714222714305">
        <ele>1256.8</ele>
        <time>2026-08-08T13:28:30.000Z</time>
      </trkpt>
      <trkpt lat="46.37983770109713" lon="95.50812215544283">
        <ele>1257.4</ele>
        <time>2026-08-08T13:28:46.000Z</time>
      </trkpt>
      <trkpt lat="46.3796700630337" lon="95.50906126387417">
        <ele>1257.8</ele>
        <time>2026-08-08T13:29:03.000Z</time>
      </trkpt>
      <trkpt lat="46.37949756346643" lon="95.50999442115426">
        <ele>1258.4</ele>
        <time>2026-08-08T13:29:19.000Z</time>
      </trkpt>
      <trkpt lat="46.37933621183038" lon="95.51089480519295">
        <ele>1258.8</ele>
        <time>2026-08-08T13:29:35.000Z</time>
      </trkpt>
      <trkpt lat="46.37917351908982" lon="95.51180868409574">
        <ele>1259.4</ele>
        <time>2026-08-08T13:29:51.000Z</time>
      </trkpt>
      <trkpt lat="46.37901342473924" lon="95.5127068888396">
        <ele>1259.8</ele>
        <time>2026-08-08T13:30:06.000Z</time>
      </trkpt>
      <trkpt lat="46.37884318828583" lon="95.51363484933972">
        <ele>1260.4</ele>
        <time>2026-08-08T13:30:22.000Z</time>
      </trkpt>
      <trkpt lat="46.378661300987005" lon="95.5146448686719">
        <ele>1260.8</ele>
        <time>2026-08-08T13:30:38.000Z</time>
      </trkpt>
      <trkpt lat="46.37848301790655" lon="95.51563519053161">
        <ele>1261.2</ele>
        <time>2026-08-08T13:30:54.000Z</time>
      </trkpt>
      <trkpt lat="46.378303058445454" lon="95.516627272591">
        <ele>1261.4</ele>
        <time>2026-08-08T13:31:10.000Z</time>
      </trkpt>
      <trkpt lat="46.3781279604882" lon="95.51760468631983">
        <ele>1261.8</ele>
        <time>2026-08-08T13:31:27.000Z</time>
      </trkpt>
      <trkpt lat="46.377956634387374" lon="95.5185475666076">
        <ele>1262.4</ele>
        <time>2026-08-08T13:31:43.000Z</time>
      </trkpt>
      <trkpt lat="46.377801233902574" lon="95.5194006767124">
        <ele>1262.8</ele>
        <time>2026-08-08T13:31:59.000Z</time>
      </trkpt>
      <trkpt lat="46.37763870880008" lon="95.52030550315976">
        <ele>1263</ele>
        <time>2026-08-08T13:32:15.000Z</time>
      </trkpt>
      <trkpt lat="46.37747601605952" lon="95.52120890468359">
        <ele>1263.6</ele>
        <time>2026-08-08T13:32:31.000Z</time>
      </trkpt>
      <trkpt lat="46.37728951871395" lon="95.52223032340407">
        <ele>1264</ele>
        <time>2026-08-08T13:32:47.000Z</time>
      </trkpt>
      <trkpt lat="46.37709531001747" lon="95.52331410348415">
        <ele>1264.4</ele>
        <time>2026-08-08T13:33:03.000Z</time>
      </trkpt>
      <trkpt lat="46.37691082432866" lon="95.52433527074754">
        <ele>1264.8</ele>
        <time>2026-08-08T13:33:19.000Z</time>
      </trkpt>
      <trkpt lat="46.376740001142025" lon="95.52532911300659">
        <ele>1265.4</ele>
        <time>2026-08-08T13:33:36.000Z</time>
      </trkpt>
      <trkpt lat="46.37656515464187" lon="95.52630610764027">
        <ele>1265.8</ele>
        <time>2026-08-08T13:33:52.000Z</time>
      </trkpt>
      <trkpt lat="46.3763905595988" lon="95.52732048556209">
        <ele>1266.2</ele>
        <time>2026-08-08T13:34:08.000Z</time>
      </trkpt>
      <trkpt lat="46.37621412053704" lon="95.52831851877272">
        <ele>1266.4</ele>
        <time>2026-08-08T13:34:24.000Z</time>
      </trkpt>
      <trkpt lat="46.376041285693645" lon="95.52930666133761">
        <ele>1267.2</ele>
        <time>2026-08-08T13:34:40.000Z</time>
      </trkpt>
      <trkpt lat="46.375906420871615" lon="95.53010637871921">
        <ele>1268.4</ele>
        <time>2026-08-08T13:34:56.000Z</time>
      </trkpt>
      <trkpt lat="46.37573752552271" lon="95.53102377802134">
        <ele>1268.6</ele>
        <time>2026-08-08T13:35:12.000Z</time>
      </trkpt>
      <trkpt lat="46.37557743117213" lon="95.53197629749775">
        <ele>1268.8</ele>
        <time>2026-08-08T13:35:28.000Z</time>
      </trkpt>
      <trkpt lat="46.375397220253944" lon="95.5329905077815">
        <ele>1268.6</ele>
        <time>2026-08-08T13:35:44.000Z</time>
      </trkpt>
      <trkpt lat="46.37521483004093" lon="95.53402869030833">
        <ele>1269.2</ele>
        <time>2026-08-08T13:36:01.000Z</time>
      </trkpt>
      <trkpt lat="46.37503285892308" lon="95.5350889172405">
        <ele>1269.4</ele>
        <time>2026-08-08T13:36:17.000Z</time>
      </trkpt>
      <trkpt lat="46.3748624548316" lon="95.53605350665748">
        <ele>1269.6</ele>
        <time>2026-08-08T13:36:33.000Z</time>
      </trkpt>
      <trkpt lat="46.37467009015381" lon="95.5371281504631">
        <ele>1269.8</ele>
        <time>2026-08-08T13:36:49.000Z</time>
      </trkpt>
      <trkpt lat="46.37448971159756" lon="95.53815719671547">
        <ele>1271</ele>
        <time>2026-08-08T13:37:05.000Z</time>
      </trkpt>
      <trkpt lat="46.374317798763514" lon="95.53914994932711">
        <ele>1271.6</ele>
        <time>2026-08-08T13:37:21.000Z</time>
      </trkpt>
      <trkpt lat="46.374135073274374" lon="95.54019961506128">
        <ele>1271.6</ele>
        <time>2026-08-08T13:37:37.000Z</time>
      </trkpt>
      <trkpt lat="46.3739453908056" lon="95.5412832275033">
        <ele>1272.2</ele>
        <time>2026-08-08T13:37:53.000Z</time>
      </trkpt>
      <trkpt lat="46.37380415573716" lon="95.54223071783781">
        <ele>1273</ele>
        <time>2026-08-08T13:38:09.000Z</time>
      </trkpt>
      <trkpt lat="46.373720336705446" lon="95.54309849627316">
        <ele>1273.6</ele>
        <time>2026-08-08T13:38:26.000Z</time>
      </trkpt>
      <trkpt lat="46.373674822971225" lon="95.54399846121669">
        <ele>1274.2</ele>
        <time>2026-08-08T13:38:42.000Z</time>
      </trkpt>
      <trkpt lat="46.373640205711126" lon="95.54472609423101">
        <ele>1274.8</ele>
        <time>2026-08-08T13:38:58.000Z</time>
      </trkpt>
      <trkpt lat="46.373606007546186" lon="95.5455776117742">
        <ele>1275.4</ele>
        <time>2026-08-08T13:39:14.000Z</time>
      </trkpt>
      <trkpt lat="46.373570300638676" lon="95.54647346958518">
        <ele>1276.2</ele>
        <time>2026-08-08T13:39:30.000Z</time>
      </trkpt>
      <trkpt lat="46.37353543192148" lon="95.54732305929065">
        <ele>1276.8</ele>
        <time>2026-08-08T13:39:46.000Z</time>
      </trkpt>
      <trkpt lat="46.37350592762232" lon="95.54814498871565">
        <ele>1277.4</ele>
        <time>2026-08-08T13:40:02.000Z</time>
      </trkpt>
      <trkpt lat="46.37347080744803" lon="95.54895367473364">
        <ele>1278</ele>
        <time>2026-08-08T13:40:18.000Z</time>
      </trkpt>
      <trkpt lat="46.37343158014119" lon="95.54986302740872">
        <ele>1278.4</ele>
        <time>2026-08-08T13:40:34.000Z</time>
      </trkpt>
      <trkpt lat="46.37339319102466" lon="95.55074740201235">
        <ele>1278.8</ele>
        <time>2026-08-08T13:40:51.000Z</time>
      </trkpt>
      <trkpt lat="46.373360585421324" lon="95.5516202095896">
        <ele>1279.4</ele>
        <time>2026-08-08T13:41:07.000Z</time>
      </trkpt>
      <trkpt lat="46.37332462705672" lon="95.55248949676752">
        <ele>1279.6</ele>
        <time>2026-08-08T13:41:23.000Z</time>
      </trkpt>
      <trkpt lat="46.3732875790447" lon="95.55333380587399">
        <ele>1280.2</ele>
        <time>2026-08-08T13:41:39.000Z</time>
      </trkpt>
      <trkpt lat="46.37325841002166" lon="95.55407342500985">
        <ele>1281</ele>
        <time>2026-08-08T13:41:55.000Z</time>
      </trkpt>
      <trkpt lat="46.37322689406574" lon="95.55474707856774">
        <ele>1281.6</ele>
        <time>2026-08-08T13:42:11.000Z</time>
      </trkpt>
      <trkpt lat="46.37319437228143" lon="95.55552458390594">
        <ele>1282.2</ele>
        <time>2026-08-08T13:42:27.000Z</time>
      </trkpt>
      <trkpt lat="46.37315958738327" lon="95.55639269761741">
        <ele>1282.8</ele>
        <time>2026-08-08T13:42:43.000Z</time>
      </trkpt>
      <trkpt lat="46.373124634847045" lon="95.55723155848682">
        <ele>1283.2</ele>
        <time>2026-08-08T13:42:59.000Z</time>
      </trkpt>
      <trkpt lat="46.37308968231082" lon="95.55804292671382">
        <ele>1283.6</ele>
        <time>2026-08-08T13:43:16.000Z</time>
      </trkpt>
      <trkpt lat="46.37305640615523" lon="95.55885848589242">
        <ele>1284</ele>
        <time>2026-08-08T13:43:32.000Z</time>
      </trkpt>
      <trkpt lat="46.37302421964705" lon="95.55970195680857">
        <ele>1284.6</ele>
        <time>2026-08-08T13:43:48.000Z</time>
      </trkpt>
      <trkpt lat="46.37298968620598" lon="95.56048172526062">
        <ele>1285</ele>
        <time>2026-08-08T13:44:04.000Z</time>
      </trkpt>
      <trkpt lat="46.37296060100198" lon="95.56122612208128">
        <ele>1285.8</ele>
        <time>2026-08-08T13:44:20.000Z</time>
      </trkpt>
      <trkpt lat="46.37292011640966" lon="95.56197395548224">
        <ele>1286.2</ele>
        <time>2026-08-08T13:44:36.000Z</time>
      </trkpt>
      <trkpt lat="46.37287560850382" lon="95.56285690516233">
        <ele>1286.6</ele>
        <time>2026-08-08T13:44:52.000Z</time>
      </trkpt>
      <trkpt lat="46.3728351239115" lon="95.56369098834693">
        <ele>1287</ele>
        <time>2026-08-08T13:45:08.000Z</time>
      </trkpt>
      <trkpt lat="46.37279539369047" lon="95.56451576761901">
        <ele>1287.2</ele>
        <time>2026-08-08T13:45:24.000Z</time>
      </trkpt>
      <trkpt lat="46.372753316536546" lon="95.56538119912148">
        <ele>1287.6</ele>
        <time>2026-08-08T13:45:41.000Z</time>
      </trkpt>
      <trkpt lat="46.37271232903004" lon="95.56623523123562">
        <ele>1288.2</ele>
        <time>2026-08-08T13:45:57.000Z</time>
      </trkpt>
      <trkpt lat="46.3726675696671" lon="95.56711382232606">
        <ele>1288.6</ele>
        <time>2026-08-08T13:46:13.000Z</time>
      </trkpt>
      <trkpt lat="46.37262348085642" lon="95.56794505566359">
        <ele>1289</ele>
        <time>2026-08-08T13:46:29.000Z</time>
      </trkpt>
      <trkpt lat="46.372595401480794" lon="95.5686573497951">
        <ele>1289.2</ele>
        <time>2026-08-08T13:46:45.000Z</time>
      </trkpt>
      <trkpt lat="46.372554413974285" lon="95.56947818957269">
        <ele>1289.6</ele>
        <time>2026-08-08T13:47:01.000Z</time>
      </trkpt>
      <trkpt lat="46.372516276314855" lon="95.57030162774026">
        <ele>1290.4</ele>
        <time>2026-08-08T13:47:17.000Z</time>
      </trkpt>
      <trkpt lat="46.37247646227479" lon="95.57110545225441">
        <ele>1291</ele>
        <time>2026-08-08T13:47:33.000Z</time>
      </trkpt>
      <trkpt lat="46.372438156977296" lon="95.57191606611013">
        <ele>1291.4</ele>
        <time>2026-08-08T13:47:49.000Z</time>
      </trkpt>
      <trkpt lat="46.37239683419466" lon="95.57272383011878">
        <ele>1291.8</ele>
        <time>2026-08-08T13:48:06.000Z</time>
      </trkpt>
      <trkpt lat="46.37235760688782" lon="95.57357191108167">
        <ele>1292.4</ele>
        <time>2026-08-08T13:48:22.000Z</time>
      </trkpt>
      <trkpt lat="46.37231435626745" lon="95.57445016689599">
        <ele>1293</ele>
        <time>2026-08-08T13:48:38.000Z</time>
      </trkpt>
      <trkpt lat="46.37227521277964" lon="95.57523052208126">
        <ele>1293.4</ele>
        <time>2026-08-08T13:48:54.000Z</time>
      </trkpt>
      <trkpt lat="46.37223296798766" lon="95.57607525028288">
        <ele>1293.8</ele>
        <time>2026-08-08T13:49:10.000Z</time>
      </trkpt>
      <trkpt lat="46.37219013646245" lon="95.57696557603776">
        <ele>1293.8</ele>
        <time>2026-08-08T13:49:26.000Z</time>
      </trkpt>
      <trkpt lat="46.37213850393891" lon="95.57803435251117">
        <ele>1293.4</ele>
        <time>2026-08-08T13:49:42.000Z</time>
      </trkpt>
      <trkpt lat="46.372089302167296" lon="95.57900212705135">
        <ele>1293.8</ele>
        <time>2026-08-08T13:49:58.000Z</time>
      </trkpt>
      <trkpt lat="46.37204797938466" lon="95.57986588217318">
        <ele>1294.6</ele>
        <time>2026-08-08T13:50:15.000Z</time>
      </trkpt>
      <trkpt lat="46.37200347147882" lon="95.58070289902389">
        <ele>1295</ele>
        <time>2026-08-08T13:50:31.000Z</time>
      </trkpt>
      <trkpt lat="46.37196441181004" lon="95.58147520758212">
        <ele>1296</ele>
        <time>2026-08-08T13:50:47.000Z</time>
      </trkpt>
      <trkpt lat="46.37192937545478" lon="95.58222765102983">
        <ele>1296.4</ele>
        <time>2026-08-08T13:51:03.000Z</time>
      </trkpt>
      <trkpt lat="46.371889896690845" lon="95.58297640644014">
        <ele>1296.8</ele>
        <time>2026-08-08T13:51:19.000Z</time>
      </trkpt>
      <trkpt lat="46.37184966355562" lon="95.58377042412758">
        <ele>1297</ele>
        <time>2026-08-08T13:51:35.000Z</time>
      </trkpt>
      <trkpt lat="46.371809681877494" lon="95.58460148982704">
        <ele>1297.2</ele>
        <time>2026-08-08T13:51:51.000Z</time>
      </trkpt>
      <trkpt lat="46.37176835909486" lon="95.58543188497424">
        <ele>1297.4</ele>
        <time>2026-08-08T13:52:07.000Z</time>
      </trkpt>
      <trkpt lat="46.371730556711555" lon="95.5862751044333">
        <ele>1297.6</ele>
        <time>2026-08-08T13:52:23.000Z</time>
      </trkpt>
      <trkpt lat="46.37168990448117" lon="95.5870917532593">
        <ele>1297.6</ele>
        <time>2026-08-08T13:52:40.000Z</time>
      </trkpt>
      <trkpt lat="46.371646989136934" lon="95.58796321973205">
        <ele>1297.8</ele>
        <time>2026-08-08T13:52:56.000Z</time>
      </trkpt>
      <trkpt lat="46.371607510372996" lon="95.58877140283585">
        <ele>1298.4</ele>
        <time>2026-08-08T13:53:12.000Z</time>
      </trkpt>
      <trkpt lat="46.371569875627756" lon="95.58957799337804">
        <ele>1298.8</ele>
        <time>2026-08-08T13:53:28.000Z</time>
      </trkpt>
      <trkpt lat="46.371535090729594" lon="95.59020219370723">
        <ele>1298.6</ele>
        <time>2026-08-08T13:53:53.000Z</time>
      </trkpt>
      <trkpt lat="46.371504412963986" lon="95.59088548645377">
        <ele>1298.6</ele>
        <time>2026-08-08T13:54:09.000Z</time>
      </trkpt>
      <trkpt lat="46.37146761640906" lon="95.59157682582736">
        <ele>1299</ele>
        <time>2026-08-08T13:54:25.000Z</time>
      </trkpt>
      <trkpt lat="46.371432999148965" lon="95.59225148521364">
        <ele>1299</ele>
        <time>2026-08-08T13:54:41.000Z</time>
      </trkpt>
      <trkpt lat="46.37139997445047" lon="95.59295665472746">
        <ele>1299.2</ele>
        <time>2026-08-08T13:54:57.000Z</time>
      </trkpt>
      <trkpt lat="46.371362591162324" lon="95.59368479065597">
        <ele>1299.4</ele>
        <time>2026-08-08T13:55:14.000Z</time>
      </trkpt>
      <trkpt lat="46.37132872827351" lon="95.59443656355143">
        <ele>1299.4</ele>
        <time>2026-08-08T13:55:30.000Z</time>
      </trkpt>
      <trkpt lat="46.371289333328605" lon="95.59524298645556">
        <ele>1299.6</ele>
        <time>2026-08-08T13:55:46.000Z</time>
      </trkpt>
      <trkpt lat="46.371248094365" lon="95.5960832722485">
        <ele>1299.6</ele>
        <time>2026-08-08T13:56:02.000Z</time>
      </trkpt>
      <trkpt lat="46.37120367027819" lon="95.59698072262108">
        <ele>1299.6</ele>
        <time>2026-08-08T13:56:18.000Z</time>
      </trkpt>
      <trkpt lat="46.371157905086875" lon="95.59787699952722">
        <ele>1299.2</ele>
        <time>2026-08-08T13:56:34.000Z</time>
      </trkpt>
      <trkpt lat="46.37111557647586" lon="95.59882641769946">
        <ele>1299.2</ele>
        <time>2026-08-08T13:56:50.000Z</time>
      </trkpt>
      <trkpt lat="46.37107643298805" lon="95.5997066013515">
        <ele>1299.4</ele>
        <time>2026-08-08T13:57:06.000Z</time>
      </trkpt>
      <trkpt lat="46.371036283671856" lon="95.60048067010939">
        <ele>1299.6</ele>
        <time>2026-08-08T13:57:23.000Z</time>
      </trkpt>
      <trkpt lat="46.370994709432125" lon="95.60127971693873">
        <ele>1299.6</ele>
        <time>2026-08-08T13:57:39.000Z</time>
      </trkpt>
      <trkpt lat="46.370957577601075" lon="95.60207650065422">
        <ele>1299.6</ele>
        <time>2026-08-08T13:57:55.000Z</time>
      </trkpt>
      <trkpt lat="46.3709164224565" lon="95.60288216918707">
        <ele>1299.8</ele>
        <time>2026-08-08T13:58:11.000Z</time>
      </trkpt>
      <trkpt lat="46.37087241746485" lon="95.60372840613127">
        <ele>1299.8</ele>
        <time>2026-08-08T13:58:27.000Z</time>
      </trkpt>
      <trkpt lat="46.37082690373063" lon="95.60463859699667">
        <ele>1299.6</ele>
        <time>2026-08-08T13:58:43.000Z</time>
      </trkpt>
      <trkpt lat="46.370783066377044" lon="95.60551517643034">
        <ele>1299.8</ele>
        <time>2026-08-08T13:58:59.000Z</time>
      </trkpt>
      <trkpt lat="46.37074375525117" lon="95.60633048415184">
        <ele>1300.2</ele>
        <time>2026-08-08T13:59:15.000Z</time>
      </trkpt>
      <trkpt lat="46.37070360593498" lon="95.6071303691715">
        <ele>1300.4</ele>
        <time>2026-08-08T13:59:31.000Z</time>
      </trkpt>
      <trkpt lat="46.370661025866866" lon="95.60794643126428">
        <ele>1300.4</ele>
        <time>2026-08-08T13:59:48.000Z</time>
      </trkpt>
      <trkpt lat="46.37062163092196" lon="95.60878654941916">
        <ele>1300.4</ele>
        <time>2026-08-08T14:00:04.000Z</time>
      </trkpt>
      <trkpt lat="46.370582319796085" lon="95.60960479080677">
        <ele>1300.6</ele>
        <time>2026-08-08T14:00:20.000Z</time>
      </trkpt>
      <trkpt lat="46.37054141610861" lon="95.61041079461575">
        <ele>1300.8</ele>
        <time>2026-08-08T14:00:36.000Z</time>
      </trkpt>
      <trkpt lat="46.370501182973385" lon="95.61099736019969">
        <ele>1301.2</ele>
        <time>2026-08-08T14:00:52.000Z</time>
      </trkpt>
      <trkpt lat="46.3704917114228" lon="95.6114752124995">
        <ele>1302.6</ele>
        <time>2026-08-08T14:03:25.000Z</time>
      </trkpt>
      <trkpt lat="46.37045122683048" lon="95.61223721131682">
        <ele>1303</ele>
        <time>2026-08-08T14:03:41.000Z</time>
      </trkpt>
      <trkpt lat="46.37041300535202" lon="95.61308386735618">
        <ele>1303.6</ele>
        <time>2026-08-08T14:03:57.000Z</time>
      </trkpt>
      <trkpt lat="46.37037042528391" lon="95.6139327865094">
        <ele>1304.4</ele>
        <time>2026-08-08T14:04:13.000Z</time>
      </trkpt>
      <trkpt lat="46.3703312817961" lon="95.61472646892071">
        <ele>1304.8</ele>
        <time>2026-08-08T14:04:29.000Z</time>
      </trkpt>
      <trkpt lat="46.37029247358441" lon="95.61557471752167">
        <ele>1305</ele>
        <time>2026-08-08T14:04:46.000Z</time>
      </trkpt>
      <trkpt lat="46.3702726084739" lon="95.61594167724252">
        <ele>1306.4</ele>
        <time>2026-08-08T14:06:20.000Z</time>
      </trkpt>
      <trkpt lat="46.370232459157705" lon="95.61668976210058">
        <ele>1307</ele>
        <time>2026-08-08T14:06:36.000Z</time>
      </trkpt>
      <trkpt lat="46.37019901536405" lon="95.61740666627884">
        <ele>1307.6</ele>
        <time>2026-08-08T14:06:52.000Z</time>
      </trkpt>
      <trkpt lat="46.3701690081507" lon="95.61822960153222">
        <ele>1307.6</ele>
        <time>2026-08-08T14:07:09.000Z</time>
      </trkpt>
      <trkpt lat="46.37013849802315" lon="95.61906779184937">
        <ele>1308.2</ele>
        <time>2026-08-08T14:07:25.000Z</time>
      </trkpt>
      <trkpt lat="46.37012089602649" lon="95.61990321613848">
        <ele>1308.6</ele>
        <time>2026-08-08T14:07:41.000Z</time>
      </trkpt>
      <trkpt lat="46.37009918689728" lon="95.62079295516014">
        <ele>1308.8</ele>
        <time>2026-08-08T14:07:57.000Z</time>
      </trkpt>
      <trkpt lat="46.370075633749366" lon="95.6217051576823">
        <ele>1309.4</ele>
        <time>2026-08-08T14:08:13.000Z</time>
      </trkpt>
      <trkpt lat="46.37005719356239" lon="95.62253379262984">
        <ele>1310.4</ele>
        <time>2026-08-08T14:08:29.000Z</time>
      </trkpt>
      <trkpt lat="46.37004001066089" lon="95.62336167320609">
        <ele>1311</ele>
        <time>2026-08-08T14:08:45.000Z</time>
      </trkpt>
      <trkpt lat="46.37002215720713" lon="95.62418586574495">
        <ele>1311.6</ele>
        <time>2026-08-08T14:09:01.000Z</time>
      </trkpt>
      <trkpt lat="46.370003717020154" lon="95.62502447515726">
        <ele>1311.8</ele>
        <time>2026-08-08T14:09:18.000Z</time>
      </trkpt>
      <trkpt lat="46.36998301371932" lon="95.62583508901298">
        <ele>1312.2</ele>
        <time>2026-08-08T14:09:34.000Z</time>
      </trkpt>
      <trkpt lat="46.36996197514236" lon="95.62664117664099">
        <ele>1312.8</ele>
        <time>2026-08-08T14:09:50.000Z</time>
      </trkpt>
      <trkpt lat="46.369944205507636" lon="95.62743879854679">
        <ele>1313.4</ele>
        <time>2026-08-08T14:10:06.000Z</time>
      </trkpt>
      <trkpt lat="46.369924172759056" lon="95.62825829721987">
        <ele>1313.8</ele>
        <time>2026-08-08T14:10:22.000Z</time>
      </trkpt>
      <trkpt lat="46.369909504428506" lon="95.62893790192902">
        <ele>1314.6</ele>
        <time>2026-08-08T14:10:38.000Z</time>
      </trkpt>
      <trkpt lat="46.36989198625088" lon="95.62966176308692">
        <ele>1315.2</ele>
        <time>2026-08-08T14:10:54.000Z</time>
      </trkpt>
      <trkpt lat="46.36987362988293" lon="95.63038822263479">
        <ele>1315.6</ele>
        <time>2026-08-08T14:11:10.000Z</time>
      </trkpt>
      <trkpt lat="46.36986047029495" lon="95.63096523284912">
        <ele>1316</ele>
        <time>2026-08-08T14:11:26.000Z</time>
      </trkpt>
      <trkpt lat="46.369841527193785" lon="95.63169747591019">
        <ele>1316.4</ele>
        <time>2026-08-08T14:11:43.000Z</time>
      </trkpt>
      <trkpt lat="46.369820991531014" lon="95.63245369121432">
        <ele>1317</ele>
        <time>2026-08-08T14:11:59.000Z</time>
      </trkpt>
      <trkpt lat="46.36980523355305" lon="95.63320823013783">
        <ele>1317.6</ele>
        <time>2026-08-08T14:12:15.000Z</time>
      </trkpt>
      <trkpt lat="46.36978411115706" lon="95.63397366553545">
        <ele>1318</ele>
        <time>2026-08-08T14:12:31.000Z</time>
      </trkpt>
      <trkpt lat="46.3697665091604" lon="95.63475620001554">
        <ele>1318.6</ele>
        <time>2026-08-08T14:12:47.000Z</time>
      </trkpt>
      <trkpt lat="46.3697509188205" lon="95.63551937229931">
        <ele>1319.2</ele>
        <time>2026-08-08T14:13:03.000Z</time>
      </trkpt>
      <trkpt lat="46.36972946114838" lon="95.63626569695771">
        <ele>1320</ele>
        <time>2026-08-08T14:13:19.000Z</time>
      </trkpt>
      <trkpt lat="46.36971219442785" lon="95.63706080429256">
        <ele>1320.6</ele>
        <time>2026-08-08T14:13:35.000Z</time>
      </trkpt>
      <trkpt lat="46.36969140730798" lon="95.63782481476665">
        <ele>1321.2</ele>
        <time>2026-08-08T14:13:51.000Z</time>
      </trkpt>
      <trkpt lat="46.36967179365456" lon="95.63861011527479">
        <ele>1321.8</ele>
        <time>2026-08-08T14:14:08.000Z</time>
      </trkpt>
      <trkpt lat="46.36966248974204" lon="95.63942383043468">
        <ele>1321.8</ele>
        <time>2026-08-08T14:14:24.000Z</time>
      </trkpt>
      <trkpt lat="46.369639774784446" lon="95.64018415287137">
        <ele>1322.6</ele>
        <time>2026-08-08T14:14:40.000Z</time>
      </trkpt>
      <trkpt lat="46.36961655691266" lon="95.64094766043127">
        <ele>1323.4</ele>
        <time>2026-08-08T14:14:56.000Z</time>
      </trkpt>
      <trkpt lat="46.369600212201476" lon="95.64172960817814">
        <ele>1323.8</ele>
        <time>2026-08-08T14:15:12.000Z</time>
      </trkpt>
      <trkpt lat="46.36958369985223" lon="95.64252546988428">
        <ele>1324.4</ele>
        <time>2026-08-08T14:15:28.000Z</time>
      </trkpt>
      <trkpt lat="46.36956467293203" lon="95.64334379509091">
        <ele>1324.8</ele>
        <time>2026-08-08T14:15:44.000Z</time>
      </trkpt>
      <trkpt lat="46.369547406211495" lon="95.64413169398904">
        <ele>1325.6</ele>
        <time>2026-08-08T14:16:00.000Z</time>
      </trkpt>
      <trkpt lat="46.36953106150031" lon="95.64487206749618">
        <ele>1326.2</ele>
        <time>2026-08-08T14:16:16.000Z</time>
      </trkpt>
      <trkpt lat="46.369510190561414" lon="95.64565812237561">
        <ele>1326.6</ele>
        <time>2026-08-08T14:16:33.000Z</time>
      </trkpt>
      <trkpt lat="46.36948940344155" lon="95.64646638929844">
        <ele>1326.8</ele>
        <time>2026-08-08T14:16:49.000Z</time>
      </trkpt>
      <trkpt lat="46.369469705969095" lon="95.64727331511676">
        <ele>1327.2</ele>
        <time>2026-08-08T14:17:05.000Z</time>
      </trkpt>
      <trkpt lat="46.369448164477944" lon="95.64805182628334">
        <ele>1327.8</ele>
        <time>2026-08-08T14:17:21.000Z</time>
      </trkpt>
      <trkpt lat="46.36943282559514" lon="95.64883469603956">
        <ele>1328.4</ele>
        <time>2026-08-08T14:17:37.000Z</time>
      </trkpt>
      <trkpt lat="46.36941656470299" lon="95.64961186610162">
        <ele>1329</ele>
        <time>2026-08-08T14:17:53.000Z</time>
      </trkpt>
      <trkpt lat="46.36939326301217" lon="95.65045877359807">
        <ele>1329.4</ele>
        <time>2026-08-08T14:18:09.000Z</time>
      </trkpt>
      <trkpt lat="46.369375409558415" lon="95.65123745240271">
        <ele>1330.2</ele>
        <time>2026-08-08T14:18:25.000Z</time>
      </trkpt>
      <trkpt lat="46.36935361661017" lon="95.65199626609683">
        <ele>1330.8</ele>
        <time>2026-08-08T14:18:41.000Z</time>
      </trkpt>
      <trkpt lat="46.36933769099414" lon="95.6526727695018">
        <ele>1331.2</ele>
        <time>2026-08-08T14:18:58.000Z</time>
      </trkpt>
      <trkpt lat="46.36931698769331" lon="95.6533382087946">
        <ele>1331.8</ele>
        <time>2026-08-08T14:19:14.000Z</time>
      </trkpt>
      <trkpt lat="46.369305001571774" lon="95.6538977008313">
        <ele>1332.4</ele>
        <time>2026-08-08T14:19:30.000Z</time>
      </trkpt>
      <trkpt lat="46.369293266907334" lon="95.65452986396849">
        <ele>1332.8</ele>
        <time>2026-08-08T14:19:46.000Z</time>
      </trkpt>
      <trkpt lat="46.36927298270166" lon="95.6552429124713">
        <ele>1333.4</ele>
        <time>2026-08-08T14:20:02.000Z</time>
      </trkpt>
      <trkpt lat="46.36926669627428" lon="95.6557537894696">
        <ele>1333.8</ele>
        <time>2026-08-08T14:20:17.000Z</time>
      </trkpt>
      <trkpt lat="46.369249764829874" lon="95.65630347467959">
        <ele>1334.2</ele>
        <time>2026-08-08T14:20:33.000Z</time>
      </trkpt>
      <trkpt lat="46.36923207901418" lon="95.6570268329233">
        <ele>1334.6</ele>
        <time>2026-08-08T14:20:49.000Z</time>
      </trkpt>
      <trkpt lat="46.36921690776944" lon="95.65773351117969">
        <ele>1335</ele>
        <time>2026-08-08T14:21:05.000Z</time>
      </trkpt>
      <trkpt lat="46.36920031160116" lon="95.65847639925778">
        <ele>1335.2</ele>
        <time>2026-08-08T14:21:22.000Z</time>
      </trkpt>
      <trkpt lat="46.36917667463422" lon="95.65925616770983">
        <ele>1335.6</ele>
        <time>2026-08-08T14:21:38.000Z</time>
      </trkpt>
      <trkpt lat="46.36915932409465" lon="95.66000089980662">
        <ele>1335.8</ele>
        <time>2026-08-08T14:21:54.000Z</time>
      </trkpt>
      <trkpt lat="46.369143230840564" lon="95.66074253059924">
        <ele>1336.2</ele>
        <time>2026-08-08T14:22:10.000Z</time>
      </trkpt>
      <trkpt lat="46.369127221405506" lon="95.66146546974778">
        <ele>1336.8</ele>
        <time>2026-08-08T14:22:26.000Z</time>
      </trkpt>
      <trkpt lat="46.36911850422621" lon="95.66201842390001">
        <ele>1337.2</ele>
        <time>2026-08-08T14:22:42.000Z</time>
      </trkpt>
      <trkpt lat="46.36910165660083" lon="95.66261186264455">
        <ele>1337.6</ele>
        <time>2026-08-08T14:22:58.000Z</time>
      </trkpt>
      <trkpt lat="46.36909327469766" lon="95.66322810016572">
        <ele>1338</ele>
        <time>2026-08-08T14:23:14.000Z</time>
      </trkpt>
      <trkpt lat="46.36907617561519" lon="95.66382489167154">
        <ele>1338.2</ele>
        <time>2026-08-08T14:23:30.000Z</time>
      </trkpt>
      <trkpt lat="46.36906762607396" lon="95.6643998902291">
        <ele>1338.6</ele>
        <time>2026-08-08T14:23:47.000Z</time>
      </trkpt>
      <trkpt lat="46.36904968880117" lon="95.66498427651823">
        <ele>1339</ele>
        <time>2026-08-08T14:24:03.000Z</time>
      </trkpt>
      <trkpt lat="46.36903711594641" lon="95.6655471213162">
        <ele>1339.2</ele>
        <time>2026-08-08T14:24:19.000Z</time>
      </trkpt>
      <trkpt lat="46.3690204359591" lon="95.666265450418">
        <ele>1339.6</ele>
        <time>2026-08-08T14:24:35.000Z</time>
      </trkpt>
      <trkpt lat="46.36900476180017" lon="95.66701345145702">
        <ele>1339.6</ele>
        <time>2026-08-08T14:24:51.000Z</time>
      </trkpt>
      <trkpt lat="46.368987411260605" lon="95.66776547580957">
        <ele>1339.6</ele>
        <time>2026-08-08T14:25:07.000Z</time>
      </trkpt>
      <trkpt lat="46.36897265911102" lon="95.66857466474175">
        <ele>1339.8</ele>
        <time>2026-08-08T14:25:23.000Z</time>
      </trkpt>
      <trkpt lat="46.36895732022822" lon="95.66934655420482">
        <ele>1340</ele>
        <time>2026-08-08T14:25:39.000Z</time>
      </trkpt>
      <trkpt lat="46.36894751340151" lon="95.67011986859143">
        <ele>1340.2</ele>
        <time>2026-08-08T14:25:56.000Z</time>
      </trkpt>
      <trkpt lat="46.3689358625561" lon="95.67090642638505">
        <ele>1340.2</ele>
        <time>2026-08-08T14:26:12.000Z</time>
      </trkpt>
      <trkpt lat="46.368924882262945" lon="95.67169080488384">
        <ele>1340.6</ele>
        <time>2026-08-08T14:26:28.000Z</time>
      </trkpt>
      <trkpt lat="46.368911135941744" lon="95.67246152088046">
        <ele>1341</ele>
        <time>2026-08-08T14:26:44.000Z</time>
      </trkpt>
      <trkpt lat="46.3688978087157" lon="95.67321388050914">
        <ele>1341.4</ele>
        <time>2026-08-08T14:27:00.000Z</time>
      </trkpt>
      <trkpt lat="46.36888615787029" lon="95.67393338307738">
        <ele>1341.6</ele>
        <time>2026-08-08T14:27:16.000Z</time>
      </trkpt>
      <trkpt lat="46.36887576431036" lon="95.67466738633811">
        <ele>1342</ele>
        <time>2026-08-08T14:27:32.000Z</time>
      </trkpt>
      <trkpt lat="46.36886101216078" lon="95.67542687058449">
        <ele>1342.2</ele>
        <time>2026-08-08T14:27:48.000Z</time>
      </trkpt>
      <trkpt lat="46.368848606944084" lon="95.67610270343721">
        <ele>1342.6</ele>
        <time>2026-08-08T14:28:04.000Z</time>
      </trkpt>
      <trkpt lat="46.368838381022215" lon="95.6767610181123">
        <ele>1343.2</ele>
        <time>2026-08-08T14:28:21.000Z</time>
      </trkpt>
      <trkpt lat="46.36883092112839" lon="95.6773585639894">
        <ele>1343.6</ele>
        <time>2026-08-08T14:28:37.000Z</time>
      </trkpt>
      <trkpt lat="46.36881952174008" lon="95.67803959362209">
        <ele>1344</ele>
        <time>2026-08-08T14:28:53.000Z</time>
      </trkpt>
      <trkpt lat="46.368807619437575" lon="95.67874635569751">
        <ele>1344.4</ele>
        <time>2026-08-08T14:29:09.000Z</time>
      </trkpt>
      <trkpt lat="46.368793956935406" lon="95.67942998372018">
        <ele>1344.6</ele>
        <time>2026-08-08T14:29:25.000Z</time>
      </trkpt>
      <trkpt lat="46.3687854912132" lon="95.68013272248209">
        <ele>1345.2</ele>
        <time>2026-08-08T14:29:41.000Z</time>
      </trkpt>
      <trkpt lat="46.36876621283591" lon="95.6808523926884">
        <ele>1345.4</ele>
        <time>2026-08-08T14:29:57.000Z</time>
      </trkpt>
      <trkpt lat="46.368754310533404" lon="95.68163149058819">
        <ele>1345.8</ele>
        <time>2026-08-08T14:30:13.000Z</time>
      </trkpt>
      <trkpt lat="46.368742659687996" lon="95.68235878832638">
        <ele>1346.2</ele>
        <time>2026-08-08T14:30:29.000Z</time>
      </trkpt>
      <trkpt lat="46.3687270693481" lon="95.68310268223286">
        <ele>1346.8</ele>
        <time>2026-08-08T14:30:46.000Z</time>
      </trkpt>
      <trkpt lat="46.368717262521386" lon="95.68383341655135">
        <ele>1347.6</ele>
        <time>2026-08-08T14:31:02.000Z</time>
      </trkpt>
      <trkpt lat="46.3687009178102" lon="95.68454562686384">
        <ele>1348.2</ele>
        <time>2026-08-08T14:31:18.000Z</time>
      </trkpt>
      <trkpt lat="46.36868775822222" lon="95.68528273142874">
        <ele>1348.8</ele>
        <time>2026-08-08T14:31:34.000Z</time>
      </trkpt>
      <trkpt lat="46.3686750177294" lon="95.68603391759098">
        <ele>1349.4</ele>
        <time>2026-08-08T14:31:50.000Z</time>
      </trkpt>
      <trkpt lat="46.368664959445596" lon="95.68671176210046">
        <ele>1350</ele>
        <time>2026-08-08T14:32:06.000Z</time>
      </trkpt>
      <trkpt lat="46.368652721866965" lon="95.68746982142329">
        <ele>1350.6</ele>
        <time>2026-08-08T14:32:22.000Z</time>
      </trkpt>
      <trkpt lat="46.36863830499351" lon="95.68823399953544">
        <ele>1351.2</ele>
        <time>2026-08-08T14:32:38.000Z</time>
      </trkpt>
      <trkpt lat="46.36862598359585" lon="95.68896758370101">
        <ele>1352.4</ele>
        <time>2026-08-08T14:32:54.000Z</time>
      </trkpt>
      <trkpt lat="46.36861206963658" lon="95.68967493250966">
        <ele>1353</ele>
        <time>2026-08-08T14:33:11.000Z</time>
      </trkpt>
      <trkpt lat="46.36860217899084" lon="95.69037599489093">
        <ele>1354</ele>
        <time>2026-08-08T14:33:27.000Z</time>
      </trkpt>
      <trkpt lat="46.36858843266964" lon="95.69109491072595">
        <ele>1355</ele>
        <time>2026-08-08T14:33:43.000Z</time>
      </trkpt>
      <trkpt lat="46.3685751054436" lon="95.69180401973426">
        <ele>1355.8</ele>
        <time>2026-08-08T14:33:59.000Z</time>
      </trkpt>
      <trkpt lat="46.36856907047331" lon="95.69241799414158">
        <ele>1356.6</ele>
        <time>2026-08-08T14:34:15.000Z</time>
      </trkpt>
      <trkpt lat="46.36855507269502" lon="95.69307647645473">
        <ele>1358</ele>
        <time>2026-08-08T14:34:31.000Z</time>
      </trkpt>
      <trkpt lat="46.36854141019285" lon="95.69376018829644">
        <ele>1359</ele>
        <time>2026-08-08T14:34:47.000Z</time>
      </trkpt>
      <trkpt lat="46.36852556839585" lon="95.69446426816285">
        <ele>1360</ele>
        <time>2026-08-08T14:35:03.000Z</time>
      </trkpt>
      <trkpt lat="46.36851727031171" lon="95.69518075324595">
        <ele>1361</ele>
        <time>2026-08-08T14:35:19.000Z</time>
      </trkpt>
      <trkpt lat="46.36850201524794" lon="95.69586639292538">
        <ele>1362</ele>
        <time>2026-08-08T14:35:36.000Z</time>
      </trkpt>
      <trkpt lat="46.36849279515445" lon="95.6965686287731">
        <ele>1363.2</ele>
        <time>2026-08-08T14:35:52.000Z</time>
      </trkpt>
      <trkpt lat="46.368479300290346" lon="95.6972695235163">
        <ele>1364.6</ele>
        <time>2026-08-08T14:36:08.000Z</time>
      </trkpt>
      <trkpt lat="46.36846379376948" lon="95.69797553122044">
        <ele>1365.8</ele>
        <time>2026-08-08T14:36:24.000Z</time>
      </trkpt>
      <trkpt lat="46.36844770051539" lon="95.69870886392891">
        <ele>1367</ele>
        <time>2026-08-08T14:36:40.000Z</time>
      </trkpt>
      <trkpt lat="46.36843009851873" lon="95.69941285997629">
        <ele>1368.2</ele>
        <time>2026-08-08T14:36:56.000Z</time>
      </trkpt>
      <trkpt lat="46.368416268378496" lon="95.70015147328377">
        <ele>1369</ele>
        <time>2026-08-08T14:37:12.000Z</time>
      </trkpt>
      <trkpt lat="46.36840076185763" lon="95.7009335886687">
        <ele>1370</ele>
        <time>2026-08-08T14:37:28.000Z</time>
      </trkpt>
      <trkpt lat="46.36838659644127" lon="95.70162945427">
        <ele>1371</ele>
        <time>2026-08-08T14:37:44.000Z</time>
      </trkpt>
      <trkpt lat="46.36837410740554" lon="95.70231199264526">
        <ele>1372.2</ele>
        <time>2026-08-08T14:38:01.000Z</time>
      </trkpt>
      <trkpt lat="46.36836170218885" lon="95.70298480801284">
        <ele>1373.4</ele>
        <time>2026-08-08T14:38:17.000Z</time>
      </trkpt>
      <trkpt lat="46.36834896169603" lon="95.70367002859712">
        <ele>1374.4</ele>
        <time>2026-08-08T14:38:33.000Z</time>
      </trkpt>
      <trkpt lat="46.368337478488684" lon="95.70435390807688">
        <ele>1375.2</ele>
        <time>2026-08-08T14:38:49.000Z</time>
      </trkpt>
      <trkpt lat="46.3683229777962" lon="95.70500317029655">
        <ele>1376.2</ele>
        <time>2026-08-08T14:39:05.000Z</time>
      </trkpt>
      <trkpt lat="46.368318535387516" lon="95.70552678778768">
        <ele>1377</ele>
        <time>2026-08-08T14:39:21.000Z</time>
      </trkpt>
      <trkpt lat="46.36830587871373" lon="95.70610530674458">
        <ele>1377.8</ele>
        <time>2026-08-08T14:39:37.000Z</time>
      </trkpt>
      <trkpt lat="46.368291629478335" lon="95.70666412822902">
        <ele>1378.4</ele>
        <time>2026-08-08T14:39:53.000Z</time>
      </trkpt>
      <trkpt lat="46.368283331394196" lon="95.70716905407608">
        <ele>1378.6</ele>
        <time>2026-08-08T14:40:09.000Z</time>
      </trkpt>
      <trkpt lat="46.368275033310056" lon="95.70774924941361">
        <ele>1379.2</ele>
        <time>2026-08-08T14:40:26.000Z</time>
      </trkpt>
      <trkpt lat="46.36825676076114" lon="95.70839415304363">
        <ele>1380.2</ele>
        <time>2026-08-08T14:40:42.000Z</time>
      </trkpt>
      <trkpt lat="46.36824200861156" lon="95.70908800698817">
        <ele>1381</ele>
        <time>2026-08-08T14:40:58.000Z</time>
      </trkpt>
      <trkpt lat="46.3682328723371" lon="95.7097963616252">
        <ele>1381.8</ele>
        <time>2026-08-08T14:41:14.000Z</time>
      </trkpt>
      <trkpt lat="46.36821820400655" lon="95.710493568331">
        <ele>1382.6</ele>
        <time>2026-08-08T14:41:30.000Z</time>
      </trkpt>
      <trkpt lat="46.36820387095213" lon="95.71121441200376">
        <ele>1383.4</ele>
        <time>2026-08-08T14:41:46.000Z</time>
      </trkpt>
      <trkpt lat="46.36818937025964" lon="95.71195403113961">
        <ele>1384</ele>
        <time>2026-08-08T14:42:02.000Z</time>
      </trkpt>
      <trkpt lat="46.36817327700555" lon="95.7127198856324">
        <ele>1385</ele>
        <time>2026-08-08T14:42:18.000Z</time>
      </trkpt>
      <trkpt lat="46.368158608675" lon="95.71342782117426">
        <ele>1385.8</ele>
        <time>2026-08-08T14:42:34.000Z</time>
      </trkpt>
      <trkpt lat="46.3681451138109" lon="95.71415746584535">
        <ele>1386.6</ele>
        <time>2026-08-08T14:42:51.000Z</time>
      </trkpt>
      <trkpt lat="46.368134301155806" lon="95.71487319655716">
        <ele>1387.2</ele>
        <time>2026-08-08T14:43:07.000Z</time>
      </trkpt>
      <trkpt lat="46.36812482960522" lon="95.71555808186531">
        <ele>1388</ele>
        <time>2026-08-08T14:43:23.000Z</time>
      </trkpt>
      <trkpt lat="46.368111334741116" lon="95.71622905321419">
        <ele>1388.8</ele>
        <time>2026-08-08T14:43:39.000Z</time>
      </trkpt>
      <trkpt lat="46.36810077354312" lon="95.7168815843761">
        <ele>1389.8</ele>
        <time>2026-08-08T14:43:55.000Z</time>
      </trkpt>
      <trkpt lat="46.3680880330503" lon="95.7175150886178">
        <ele>1390.6</ele>
        <time>2026-08-08T14:44:11.000Z</time>
      </trkpt>
      <trkpt lat="46.36807722039521" lon="95.71818069554865">
        <ele>1391.4</ele>
        <time>2026-08-08T14:44:27.000Z</time>
      </trkpt>
      <trkpt lat="46.36806163005531" lon="95.71891687810421">
        <ele>1392</ele>
        <time>2026-08-08T14:44:43.000Z</time>
      </trkpt>
      <trkpt lat="46.36804645881057" lon="95.71962741203606">
        <ele>1392.6</ele>
        <time>2026-08-08T14:45:00.000Z</time>
      </trkpt>
      <trkpt lat="46.368033131584525" lon="95.72036049328744">
        <ele>1393</ele>
        <time>2026-08-08T14:45:16.000Z</time>
      </trkpt>
      <trkpt lat="46.36801787652075" lon="95.72107488289475">
        <ele>1393.6</ele>
        <time>2026-08-08T14:45:32.000Z</time>
      </trkpt>
      <trkpt lat="46.36800597421825" lon="95.72177108377218">
        <ele>1394.4</ele>
        <time>2026-08-08T14:45:48.000Z</time>
      </trkpt>
      <trkpt lat="46.36799172498286" lon="95.72243300266564">
        <ele>1395</ele>
        <time>2026-08-08T14:46:04.000Z</time>
      </trkpt>
      <trkpt lat="46.36797848157585" lon="95.7230930775404">
        <ele>1395.6</ele>
        <time>2026-08-08T14:46:20.000Z</time>
      </trkpt>
      <trkpt lat="46.36796590872109" lon="95.72376530617476">
        <ele>1396.2</ele>
        <time>2026-08-08T14:46:36.000Z</time>
      </trkpt>
      <trkpt lat="46.36795425787568" lon="95.72431842796504">
        <ele>1396.6</ele>
        <time>2026-08-08T14:46:52.000Z</time>
      </trkpt>
      <trkpt lat="46.36794051155448" lon="95.7250495813787">
        <ele>1397.4</ele>
        <time>2026-08-08T14:47:08.000Z</time>
      </trkpt>
      <trkpt lat="46.36792601086199" lon="95.72578660212457">
        <ele>1398.2</ele>
        <time>2026-08-08T14:47:25.000Z</time>
      </trkpt>
      <trkpt lat="46.36791368946433" lon="95.72652705945075">
        <ele>1399</ele>
        <time>2026-08-08T14:47:41.000Z</time>
      </trkpt>
      <trkpt lat="46.367901703342795" lon="95.72726651094854">
        <ele>1400.2</ele>
        <time>2026-08-08T14:47:57.000Z</time>
      </trkpt>
      <trkpt lat="46.367886532098055" lon="95.72797277010977">
        <ele>1401.6</ele>
        <time>2026-08-08T14:48:13.000Z</time>
      </trkpt>
      <trkpt lat="46.367878234013915" lon="95.72865438647568">
        <ele>1402.6</ele>
        <time>2026-08-08T14:48:29.000Z</time>
      </trkpt>
      <trkpt lat="46.3678668346256" lon="95.72933030314744">
        <ele>1403.6</ele>
        <time>2026-08-08T14:48:45.000Z</time>
      </trkpt>
      <trkpt lat="46.367852333933115" lon="95.72996481321752">
        <ele>1404.6</ele>
        <time>2026-08-08T14:49:01.000Z</time>
      </trkpt>
      <trkpt lat="46.367837665602565" lon="95.73062430135906">
        <ele>1405.4</ele>
        <time>2026-08-08T14:49:17.000Z</time>
      </trkpt>
      <trkpt lat="46.36782811023295" lon="95.73132217861712">
        <ele>1406.6</ele>
        <time>2026-08-08T14:49:33.000Z</time>
      </trkpt>
      <trkpt lat="46.367814196273685" lon="95.73196850717068">
        <ele>1407.4</ele>
        <time>2026-08-08T14:49:50.000Z</time>
      </trkpt>
      <trkpt lat="46.36780237779021" lon="95.73261827230453">
        <ele>1408.2</ele>
        <time>2026-08-08T14:50:06.000Z</time>
      </trkpt>
      <trkpt lat="46.36779005639255" lon="95.73321749456227">
        <ele>1409.4</ele>
        <time>2026-08-08T14:50:22.000Z</time>
      </trkpt>
      <trkpt lat="46.36777966283262" lon="95.73384856805205">
        <ele>1410.4</ele>
        <time>2026-08-08T14:50:38.000Z</time>
      </trkpt>
      <trkpt lat="46.36777161620557" lon="95.73441300541162">
        <ele>1411.2</ele>
        <time>2026-08-08T14:50:54.000Z</time>
      </trkpt>
      <trkpt lat="46.3677597977221" lon="95.73503041639924">
        <ele>1412.4</ele>
        <time>2026-08-08T14:51:10.000Z</time>
      </trkpt>
      <trkpt lat="46.36775007471442" lon="95.73564589954913">
        <ele>1413.2</ele>
        <time>2026-08-08T14:51:26.000Z</time>
      </trkpt>
      <trkpt lat="46.36774068698287" lon="95.73627823032439">
        <ele>1414</ele>
        <time>2026-08-08T14:51:42.000Z</time>
      </trkpt>
      <trkpt lat="46.367726773023605" lon="95.73693327605724">
        <ele>1415.2</ele>
        <time>2026-08-08T14:51:58.000Z</time>
      </trkpt>
      <trkpt lat="46.367718391120434" lon="95.737537862733">
        <ele>1416</ele>
        <time>2026-08-08T14:52:15.000Z</time>
      </trkpt>
      <trkpt lat="46.36770548298955" lon="95.73818041943014">
        <ele>1416.8</ele>
        <time>2026-08-08T14:52:31.000Z</time>
      </trkpt>
      <trkpt lat="46.36769182048738" lon="95.73876187205315">
        <ele>1418</ele>
        <time>2026-08-08T14:52:47.000Z</time>
      </trkpt>
      <trkpt lat="46.36768117547035" lon="95.73936151340604">
        <ele>1419</ele>
        <time>2026-08-08T14:53:03.000Z</time>
      </trkpt>
      <trkpt lat="46.36767136864364" lon="95.73996995575726">
        <ele>1420</ele>
        <time>2026-08-08T14:53:19.000Z</time>
      </trkpt>
      <trkpt lat="46.367660304531455" lon="95.740587702021">
        <ele>1421.2</ele>
        <time>2026-08-08T14:53:35.000Z</time>
      </trkpt>
      <trkpt lat="46.36764622293413" lon="95.74119706638157">
        <ele>1422.2</ele>
        <time>2026-08-08T14:53:51.000Z</time>
      </trkpt>
      <trkpt lat="46.36763423681259" lon="95.74187985621393">
        <ele>1423</ele>
        <time>2026-08-08T14:54:07.000Z</time>
      </trkpt>
      <trkpt lat="46.367623675614595" lon="95.7426100037992">
        <ele>1423.8</ele>
        <time>2026-08-08T14:54:23.000Z</time>
      </trkpt>
      <trkpt lat="46.36761378496885" lon="95.7431404106319">
        <ele>1424.4</ele>
        <time>2026-08-08T14:54:40.000Z</time>
      </trkpt>
      <trkpt lat="46.36760582216084" lon="95.74375019408762">
        <ele>1425.4</ele>
        <time>2026-08-08T14:54:56.000Z</time>
      </trkpt>
      <trkpt lat="46.36759266257286" lon="95.74436659924686">
        <ele>1426.6</ele>
        <time>2026-08-08T14:55:12.000Z</time>
      </trkpt>
      <trkpt lat="46.36758327484131" lon="95.7449515722692">
        <ele>1427.6</ele>
        <time>2026-08-08T14:55:28.000Z</time>
      </trkpt>
      <trkpt lat="46.367575312033296" lon="95.7454677298665">
        <ele>1428.4</ele>
        <time>2026-08-08T14:55:44.000Z</time>
      </trkpt>
      <trkpt lat="46.3675681874156" lon="95.74605882167816">
        <ele>1429.2</ele>
        <time>2026-08-08T14:56:00.000Z</time>
      </trkpt>
      <trkpt lat="46.36755846440792" lon="95.74666935950518">
        <ele>1430</ele>
        <time>2026-08-08T14:56:16.000Z</time>
      </trkpt>
      <trkpt lat="46.36755217798054" lon="95.74730789288878">
        <ele>1431</ele>
        <time>2026-08-08T14:56:32.000Z</time>
      </trkpt>
      <trkpt lat="46.367541030049324" lon="95.74789647012949">
        <ele>1432</ele>
        <time>2026-08-08T14:56:48.000Z</time>
      </trkpt>
      <trkpt lat="46.36753943748772" lon="95.74849225580692">
        <ele>1433</ele>
        <time>2026-08-08T14:57:05.000Z</time>
      </trkpt>
      <trkpt lat="46.36752527207136" lon="95.74908007867634">
        <ele>1433.8</ele>
        <time>2026-08-08T14:57:21.000Z</time>
      </trkpt>
      <trkpt lat="46.367515129968524" lon="95.74968625791371">
        <ele>1434.8</ele>
        <time>2026-08-08T14:57:37.000Z</time>
      </trkpt>
      <trkpt lat="46.36750180274248" lon="95.75026905164123">
        <ele>1435.6</ele>
        <time>2026-08-08T14:57:53.000Z</time>
      </trkpt>
      <trkpt lat="46.367482859641314" lon="95.75085746124387">
        <ele>1436.6</ele>
        <time>2026-08-08T14:58:09.000Z</time>
      </trkpt>
      <trkpt lat="46.36746500618756" lon="95.7514722738415">
        <ele>1437.6</ele>
        <time>2026-08-08T14:58:25.000Z</time>
      </trkpt>
      <trkpt lat="46.367452181875706" lon="95.75201692990959">
        <ele>1438.4</ele>
        <time>2026-08-08T14:58:41.000Z</time>
      </trkpt>
      <trkpt lat="46.36743776500225" lon="95.75262310914695">
        <ele>1439.4</ele>
        <time>2026-08-08T14:58:57.000Z</time>
      </trkpt>
      <trkpt lat="46.36742242611945" lon="95.75316491536796">
        <ele>1440.2</ele>
        <time>2026-08-08T14:59:13.000Z</time>
      </trkpt>
      <trkpt lat="46.3674111943692" lon="95.75375089421868">
        <ele>1441</ele>
        <time>2026-08-08T14:59:30.000Z</time>
      </trkpt>
      <trkpt lat="46.36739526875317" lon="95.754375429824">
        <ele>1442</ele>
        <time>2026-08-08T14:59:46.000Z</time>
      </trkpt>
      <trkpt lat="46.36738386936486" lon="95.75498705729842">
        <ele>1443</ele>
        <time>2026-08-08T15:00:02.000Z</time>
      </trkpt>
      <trkpt lat="46.36737582273781" lon="95.75555820018053">
        <ele>1443.8</ele>
        <time>2026-08-08T15:00:18.000Z</time>
      </trkpt>
      <trkpt lat="46.36736819520593" lon="95.75613445602357">
        <ele>1444.6</ele>
        <time>2026-08-08T15:00:34.000Z</time>
      </trkpt>
      <trkpt lat="46.36734941974282" lon="95.75673133134842">
        <ele>1445.4</ele>
        <time>2026-08-08T15:00:50.000Z</time>
      </trkpt>
      <trkpt lat="46.36733793653548" lon="95.75735628604889">
        <ele>1446.2</ele>
        <time>2026-08-08T15:01:06.000Z</time>
      </trkpt>
      <trkpt lat="46.36731849052012" lon="95.75801636092365">
        <ele>1447</ele>
        <time>2026-08-08T15:01:22.000Z</time>
      </trkpt>
      <trkpt lat="46.367308432236314" lon="95.75858599506319">
        <ele>1448</ele>
        <time>2026-08-08T15:01:39.000Z</time>
      </trkpt>
      <trkpt lat="46.36729837395251" lon="95.75916267000139">
        <ele>1449</ele>
        <time>2026-08-08T15:01:55.000Z</time>
      </trkpt>
      <trkpt lat="46.36728437617421" lon="95.75977941043675">
        <ele>1450</ele>
        <time>2026-08-08T15:02:11.000Z</time>
      </trkpt>
      <trkpt lat="46.36726752854884" lon="95.76034912839532">
        <ele>1450.8</ele>
        <time>2026-08-08T15:02:27.000Z</time>
      </trkpt>
      <trkpt lat="46.367255207151175" lon="95.76092261821032">
        <ele>1451.6</ele>
        <time>2026-08-08T15:02:43.000Z</time>
      </trkpt>
      <trkpt lat="46.36724171228707" lon="95.76152142137289">
        <ele>1452.4</ele>
        <time>2026-08-08T15:02:59.000Z</time>
      </trkpt>
      <trkpt lat="46.36722570285201" lon="95.7620888762176">
        <ele>1453.2</ele>
        <time>2026-08-08T15:03:15.000Z</time>
      </trkpt>
      <trkpt lat="46.367218159139156" lon="95.76269421726465">
        <ele>1453.8</ele>
        <time>2026-08-08T15:03:31.000Z</time>
      </trkpt>
      <trkpt lat="46.36720365844667" lon="95.76332990080118">
        <ele>1454.6</ele>
        <time>2026-08-08T15:03:47.000Z</time>
      </trkpt>
      <trkpt lat="46.36719251051545" lon="95.76390565373003">
        <ele>1455.4</ele>
        <time>2026-08-08T15:04:04.000Z</time>
      </trkpt>
      <trkpt lat="46.36717725545168" lon="95.76452516019344">
        <ele>1456.2</ele>
        <time>2026-08-08T15:04:20.000Z</time>
      </trkpt>
      <trkpt lat="46.36716459877789" lon="95.76516025699675">
        <ele>1457.2</ele>
        <time>2026-08-08T15:04:36.000Z</time>
      </trkpt>
      <trkpt lat="46.367154624313116" lon="95.76575218699872">
        <ele>1458</ele>
        <time>2026-08-08T15:04:52.000Z</time>
      </trkpt>
      <trkpt lat="46.36714221909642" lon="95.76633078977466">
        <ele>1458.8</ele>
        <time>2026-08-08T15:05:08.000Z</time>
      </trkpt>
      <trkpt lat="46.367129227146506" lon="95.76693160459399">
        <ele>1459.8</ele>
        <time>2026-08-08T15:05:24.000Z</time>
      </trkpt>
      <trkpt lat="46.3671191688627" lon="95.76750970445573">
        <ele>1460.6</ele>
        <time>2026-08-08T15:05:40.000Z</time>
      </trkpt>
      <trkpt lat="46.36710508726537" lon="95.76812786981463">
        <ele>1461.4</ele>
        <time>2026-08-08T15:05:56.000Z</time>
      </trkpt>
      <trkpt lat="46.36711095459759" lon="95.76875106431544">
        <ele>1462.6</ele>
        <time>2026-08-08T15:06:12.000Z</time>
      </trkpt>
      <trkpt lat="46.36712738312781" lon="95.76932170428336">
        <ele>1463.6</ele>
        <time>2026-08-08T15:06:29.000Z</time>
      </trkpt>
      <trkpt lat="46.36715152300894" lon="95.76969495043159">
        <ele>1464.2</ele>
        <time>2026-08-08T15:06:41.000Z</time>
      </trkpt>
      <trkpt lat="46.367160491645336" lon="95.77025536447763">
        <ele>1465.2</ele>
        <time>2026-08-08T15:06:57.000Z</time>
      </trkpt>
      <trkpt lat="46.36717499233782" lon="95.77083581127226">
        <ele>1466.2</ele>
        <time>2026-08-08T15:07:13.000Z</time>
      </trkpt>
      <trkpt lat="46.367192678153515" lon="95.77143126167357">
        <ele>1467</ele>
        <time>2026-08-08T15:07:29.000Z</time>
      </trkpt>
      <trkpt lat="46.36721346527338" lon="95.77204431407154">
        <ele>1467.8</ele>
        <time>2026-08-08T15:07:45.000Z</time>
      </trkpt>
      <trkpt lat="46.36723383329809" lon="95.77267312444746">
        <ele>1469</ele>
        <time>2026-08-08T15:08:01.000Z</time>
      </trkpt>
      <trkpt lat="46.367253782227635" lon="95.7732327003032">
        <ele>1469.8</ele>
        <time>2026-08-08T15:08:17.000Z</time>
      </trkpt>
      <trkpt lat="46.36727021075785" lon="95.7738627679646">
        <ele>1470.8</ele>
        <time>2026-08-08T15:08:33.000Z</time>
      </trkpt>
      <trkpt lat="46.36729418300092" lon="95.77446450479329">
        <ele>1471.8</ele>
        <time>2026-08-08T15:08:50.000Z</time>
      </trkpt>
      <trkpt lat="46.367307510226965" lon="95.77503338456154">
        <ele>1472.8</ele>
        <time>2026-08-08T15:09:06.000Z</time>
      </trkpt>
      <trkpt lat="46.36732519604266" lon="95.77560377307236">
        <ele>1473.6</ele>
        <time>2026-08-08T15:09:22.000Z</time>
      </trkpt>
      <trkpt lat="46.36734765954316" lon="95.77617592178285">
        <ele>1474.6</ele>
        <time>2026-08-08T15:09:38.000Z</time>
      </trkpt>
      <trkpt lat="46.3673628307879" lon="95.77670129947364">
        <ele>1475.4</ele>
        <time>2026-08-08T15:09:54.000Z</time>
      </trkpt>
      <trkpt lat="46.367378337308764" lon="95.77728442847729">
        <ele>1476.4</ele>
        <time>2026-08-08T15:10:10.000Z</time>
      </trkpt>
      <trkpt lat="46.367396861314774" lon="95.77788189053535">
        <ele>1477.4</ele>
        <time>2026-08-08T15:10:26.000Z</time>
      </trkpt>
      <trkpt lat="46.36741563677788" lon="95.77842822298408">
        <ele>1478.4</ele>
        <time>2026-08-08T15:10:42.000Z</time>
      </trkpt>
      <trkpt lat="46.36742980219424" lon="95.77901839278638">
        <ele>1479.4</ele>
        <time>2026-08-08T15:10:58.000Z</time>
      </trkpt>
      <trkpt lat="46.36743952520192" lon="95.77950345352292">
        <ele>1480.2</ele>
        <time>2026-08-08T15:11:15.000Z</time>
      </trkpt>
      <trkpt lat="46.36745151132345" lon="95.78004609793425">
        <ele>1481</ele>
        <time>2026-08-08T15:11:31.000Z</time>
      </trkpt>
      <trkpt lat="46.36746718548238" lon="95.78059611842036">
        <ele>1482</ele>
        <time>2026-08-08T15:11:47.000Z</time>
      </trkpt>
      <trkpt lat="46.36746760457754" lon="95.78113130293787">
        <ele>1483</ele>
        <time>2026-08-08T15:12:03.000Z</time>
      </trkpt>
      <trkpt lat="46.36748420074582" lon="95.78161527402699">
        <ele>1483.8</ele>
        <time>2026-08-08T15:12:19.000Z</time>
      </trkpt>
      <trkpt lat="46.36748570948839" lon="95.78213721513748">
        <ele>1484.6</ele>
        <time>2026-08-08T15:12:35.000Z</time>
      </trkpt>
      <trkpt lat="46.36749870143831" lon="95.78270408324897">
        <ele>1485.6</ele>
        <time>2026-08-08T15:12:51.000Z</time>
      </trkpt>
      <trkpt lat="46.367509765550494" lon="95.78327732160687">
        <ele>1486.4</ele>
        <time>2026-08-08T15:13:07.000Z</time>
      </trkpt>
      <trkpt lat="46.367521500214934" lon="95.78384888358414">
        <ele>1487.2</ele>
        <time>2026-08-08T15:13:23.000Z</time>
      </trkpt>
      <trkpt lat="46.36752753518522" lon="95.78443016856909">
        <ele>1488</ele>
        <time>2026-08-08T15:13:40.000Z</time>
      </trkpt>
      <trkpt lat="46.367539605125785" lon="95.78501991927624">
        <ele>1488.8</ele>
        <time>2026-08-08T15:13:56.000Z</time>
      </trkpt>
      <trkpt lat="46.367556033656" lon="95.78560665249825">
        <ele>1489.6</ele>
        <time>2026-08-08T15:14:12.000Z</time>
      </trkpt>
      <trkpt lat="46.367564499378204" lon="95.78619489446282">
        <ele>1490.4</ele>
        <time>2026-08-08T15:14:28.000Z</time>
      </trkpt>
      <trkpt lat="46.36757556349039" lon="95.78675949946046">
        <ele>1491.2</ele>
        <time>2026-08-08T15:14:44.000Z</time>
      </trkpt>
      <trkpt lat="46.36758738197386" lon="95.78733349218965">
        <ele>1491.8</ele>
        <time>2026-08-08T15:15:00.000Z</time>
      </trkpt>
      <trkpt lat="46.36759442277253" lon="95.78795509412885">
        <ele>1492.6</ele>
        <time>2026-08-08T15:15:16.000Z</time>
      </trkpt>
      <trkpt lat="46.36760490015149" lon="95.78856990672648">
        <ele>1493.2</ele>
        <time>2026-08-08T15:15:32.000Z</time>
      </trkpt>
      <trkpt lat="46.36761319823563" lon="95.78917264938354">
        <ele>1494.2</ele>
        <time>2026-08-08T15:15:48.000Z</time>
      </trkpt>
      <trkpt lat="46.367623591795564" lon="95.7897706143558">
        <ele>1495.2</ele>
        <time>2026-08-08T15:16:05.000Z</time>
      </trkpt>
      <trkpt lat="46.36763767339289" lon="95.79038266092539">
        <ele>1496</ele>
        <time>2026-08-08T15:16:21.000Z</time>
      </trkpt>
      <trkpt lat="46.367647061124444" lon="95.79094366170466">
        <ele>1496.8</ele>
        <time>2026-08-08T15:16:37.000Z</time>
      </trkpt>
      <trkpt lat="46.36765527538955" lon="95.79154288396239">
        <ele>1497.6</ele>
        <time>2026-08-08T15:16:53.000Z</time>
      </trkpt>
      <trkpt lat="46.36765971779823" lon="95.792152332142">
        <ele>1498.4</ele>
        <time>2026-08-08T15:17:09.000Z</time>
      </trkpt>
      <trkpt lat="46.367644714191556" lon="95.79277670010924">
        <ele>1499</ele>
        <time>2026-08-08T15:17:25.000Z</time>
      </trkpt>
      <trkpt lat="46.36761747300625" lon="95.79339494928718">
        <ele>1500</ele>
        <time>2026-08-08T15:17:41.000Z</time>
      </trkpt>
      <trkpt lat="46.36759006418288" lon="95.79398545436561">
        <ele>1500.6</ele>
        <time>2026-08-08T15:17:57.000Z</time>
      </trkpt>
      <trkpt lat="46.36756391264498" lon="95.79463153146207">
        <ele>1501.4</ele>
        <time>2026-08-08T15:18:13.000Z</time>
      </trkpt>
      <trkpt lat="46.367539102211595" lon="95.79523636959493">
        <ele>1502.4</ele>
        <time>2026-08-08T15:18:30.000Z</time>
      </trkpt>
      <trkpt lat="46.36751085519791" lon="95.79583969898522">
        <ele>1503</ele>
        <time>2026-08-08T15:18:46.000Z</time>
      </trkpt>
      <trkpt lat="46.36748369783163" lon="95.79645342193544">
        <ele>1503.8</ele>
        <time>2026-08-08T15:19:02.000Z</time>
      </trkpt>
      <trkpt lat="46.36745436117053" lon="95.79704602248967">
        <ele>1504.4</ele>
        <time>2026-08-08T15:19:18.000Z</time>
      </trkpt>
      <trkpt lat="46.367427706718445" lon="95.79763040877879">
        <ele>1505.2</ele>
        <time>2026-08-08T15:19:34.000Z</time>
      </trkpt>
      <trkpt lat="46.367400297895074" lon="95.79825142398477">
        <ele>1504.8</ele>
        <time>2026-08-08T15:19:50.000Z</time>
      </trkpt>
      <trkpt lat="46.367374481633306" lon="95.7988934777677">
        <ele>1505.6</ele>
        <time>2026-08-08T15:20:06.000Z</time>
      </trkpt>
      <trkpt lat="46.36734682135284" lon="95.79942271113396">
        <ele>1506.4</ele>
        <time>2026-08-08T15:20:22.000Z</time>
      </trkpt>
      <trkpt lat="46.36731413193047" lon="95.80001229420304">
        <ele>1506.8</ele>
        <time>2026-08-08T15:20:38.000Z</time>
      </trkpt>
      <trkpt lat="46.36730717495084" lon="95.800337260589">
        <ele>1506.6</ele>
        <time>2026-08-08T15:23:05.000Z</time>
      </trkpt>
      <trkpt lat="46.36728286743164" lon="95.80084512010217">
        <ele>1507</ele>
        <time>2026-08-08T15:23:21.000Z</time>
      </trkpt>
      <trkpt lat="46.36725973337889" lon="95.80140662379563">
        <ele>1507.6</ele>
        <time>2026-08-08T15:23:37.000Z</time>
      </trkpt>
      <trkpt lat="46.36723559349775" lon="95.80196938477457">
        <ele>1508.4</ele>
        <time>2026-08-08T15:23:53.000Z</time>
      </trkpt>
      <trkpt lat="46.36721212416887" lon="95.80249601975083">
        <ele>1509.2</ele>
        <time>2026-08-08T15:24:09.000Z</time>
      </trkpt>
      <trkpt lat="46.36718949303031" lon="95.8030575234443">
        <ele>1510</ele>
        <time>2026-08-08T15:24:25.000Z</time>
      </trkpt>
      <trkpt lat="46.36716652661562" lon="95.80363185144961">
        <ele>1510.4</ele>
        <time>2026-08-08T15:24:41.000Z</time>
      </trkpt>
      <trkpt lat="46.36713526211679" lon="95.80423392355442">
        <ele>1511.2</ele>
        <time>2026-08-08T15:24:57.000Z</time>
      </trkpt>
      <trkpt lat="46.367112128064036" lon="95.80484588630497">
        <ele>1511.8</ele>
        <time>2026-08-08T15:25:13.000Z</time>
      </trkpt>
      <trkpt lat="46.36708153411746" lon="95.80545650795102">
        <ele>1512.2</ele>
        <time>2026-08-08T15:25:30.000Z</time>
      </trkpt>
      <trkpt lat="46.36705596931279" lon="95.8060709014535">
        <ele>1513</ele>
        <time>2026-08-08T15:25:46.000Z</time>
      </trkpt>
      <trkpt lat="46.36703308671713" lon="95.80655026249588">
        <ele>1513.4</ele>
        <time>2026-08-08T15:26:02.000Z</time>
      </trkpt>
      <trkpt lat="46.36700928211212" lon="95.80707840621471">
        <ele>1514</ele>
        <time>2026-08-08T15:26:18.000Z</time>
      </trkpt>
      <trkpt lat="46.36698229238391" lon="95.8076785504818">
        <ele>1514.6</ele>
        <time>2026-08-08T15:26:34.000Z</time>
      </trkpt>
      <trkpt lat="46.36695412918925" lon="95.80828070640564">
        <ele>1515.4</ele>
        <time>2026-08-08T15:26:50.000Z</time>
      </trkpt>
      <trkpt lat="46.36693107895553" lon="95.8088958542794">
        <ele>1516</ele>
        <time>2026-08-08T15:27:06.000Z</time>
      </trkpt>
      <trkpt lat="46.366902496665716" lon="95.80952147953212">
        <ele>1516.4</ele>
        <time>2026-08-08T15:27:22.000Z</time>
      </trkpt>
      <trkpt lat="46.36687433347106" lon="95.8101409021765">
        <ele>1517.4</ele>
        <time>2026-08-08T15:27:38.000Z</time>
      </trkpt>
      <trkpt lat="46.366843823343515" lon="95.81071179360151">
        <ele>1518.4</ele>
        <time>2026-08-08T15:27:55.000Z</time>
      </trkpt>
      <trkpt lat="46.36681976728141" lon="95.8112738840282">
        <ele>1519</ele>
        <time>2026-08-08T15:28:11.000Z</time>
      </trkpt>
      <trkpt lat="46.36679856106639" lon="95.81188266165555">
        <ele>1519.2</ele>
        <time>2026-08-08T15:28:27.000Z</time>
      </trkpt>
      <trkpt lat="46.366771990433335" lon="95.81250359304249">
        <ele>1519.4</ele>
        <time>2026-08-08T15:28:43.000Z</time>
      </trkpt>
      <trkpt lat="46.36674592271447" lon="95.81306291744113">
        <ele>1520.6</ele>
        <time>2026-08-08T15:28:59.000Z</time>
      </trkpt>
      <trkpt lat="46.36672572232783" lon="95.8136085793376">
        <ele>1521.6</ele>
        <time>2026-08-08T15:29:15.000Z</time>
      </trkpt>
      <trkpt lat="46.36670099571347" lon="95.81415122374892">
        <ele>1522.4</ele>
        <time>2026-08-08T15:29:31.000Z</time>
      </trkpt>
      <trkpt lat="46.36667610146105" lon="95.81470568664372">
        <ele>1523</ele>
        <time>2026-08-08T15:29:47.000Z</time>
      </trkpt>
      <trkpt lat="46.36665313504636" lon="95.81523475237191">
        <ele>1523.6</ele>
        <time>2026-08-08T15:30:03.000Z</time>
      </trkpt>
      <trkpt lat="46.36662815697491" lon="95.8156805858016">
        <ele>1524.2</ele>
        <time>2026-08-08T15:30:20.000Z</time>
      </trkpt>
      <trkpt lat="46.36660527437925" lon="95.81620353274047">
        <ele>1525</ele>
        <time>2026-08-08T15:30:36.000Z</time>
      </trkpt>
      <trkpt lat="46.366586834192276" lon="95.81670820713043">
        <ele>1525.8</ele>
        <time>2026-08-08T15:30:52.000Z</time>
      </trkpt>
      <trkpt lat="46.36656445451081" lon="95.81724347546697">
        <ele>1526.6</ele>
        <time>2026-08-08T15:31:08.000Z</time>
      </trkpt>
      <trkpt lat="46.36654316447675" lon="95.81775435246527">
        <ele>1527.6</ele>
        <time>2026-08-08T15:31:24.000Z</time>
      </trkpt>
      <trkpt lat="46.36651860550046" lon="95.81835206598043">
        <ele>1527.4</ele>
        <time>2026-08-08T15:31:40.000Z</time>
      </trkpt>
      <trkpt lat="46.366490526124835" lon="95.81904348917305">
        <ele>1527.8</ele>
        <time>2026-08-08T15:31:56.000Z</time>
      </trkpt>
      <trkpt lat="46.3664613571018" lon="95.81962619908154">
        <ele>1529</ele>
        <time>2026-08-08T15:32:12.000Z</time>
      </trkpt>
      <trkpt lat="46.36643218807876" lon="95.82019440829754">
        <ele>1530.4</ele>
        <time>2026-08-08T15:32:28.000Z</time>
      </trkpt>
      <trkpt lat="46.366407461464405" lon="95.82073931582272">
        <ele>1531.8</ele>
        <time>2026-08-08T15:32:45.000Z</time>
      </trkpt>
      <trkpt lat="46.36638038791716" lon="95.82129428163171">
        <ele>1532.8</ele>
        <time>2026-08-08T15:33:01.000Z</time>
      </trkpt>
      <trkpt lat="46.36635440401733" lon="95.8218680229038">
        <ele>1533.4</ele>
        <time>2026-08-08T15:33:17.000Z</time>
      </trkpt>
      <trkpt lat="46.3663281686604" lon="95.82248467952013">
        <ele>1534</ele>
        <time>2026-08-08T15:33:33.000Z</time>
      </trkpt>
      <trkpt lat="46.366300508379936" lon="95.82309806719422">
        <ele>1534.4</ele>
        <time>2026-08-08T15:33:49.000Z</time>
      </trkpt>
      <trkpt lat="46.366278966888785" lon="95.8236569724977">
        <ele>1535.6</ele>
        <time>2026-08-08T15:34:05.000Z</time>
      </trkpt>
      <trkpt lat="46.36624845676124" lon="95.82419316284359">
        <ele>1536.6</ele>
        <time>2026-08-08T15:34:21.000Z</time>
      </trkpt>
      <trkpt lat="46.366205206140876" lon="95.82472465932369">
        <ele>1537.4</ele>
        <time>2026-08-08T15:34:37.000Z</time>
      </trkpt>
      <trkpt lat="46.36614820919931" lon="95.82531700842083">
        <ele>1538</ele>
        <time>2026-08-08T15:34:53.000Z</time>
      </trkpt>
      <trkpt lat="46.366088362410665" lon="95.82589192315936">
        <ele>1538.6</ele>
        <time>2026-08-08T15:35:10.000Z</time>
      </trkpt>
      <trkpt lat="46.36602851562202" lon="95.82649659365416">
        <ele>1539</ele>
        <time>2026-08-08T15:35:26.000Z</time>
      </trkpt>
      <trkpt lat="46.365969590842724" lon="95.82709472626448">
        <ele>1539.8</ele>
        <time>2026-08-08T15:35:42.000Z</time>
      </trkpt>
      <trkpt lat="46.36591670103371" lon="95.82764692604542">
        <ele>1540.4</ele>
        <time>2026-08-08T15:35:58.000Z</time>
      </trkpt>
      <trkpt lat="46.36585936881602" lon="95.82822326570749">
        <ele>1541</ele>
        <time>2026-08-08T15:36:14.000Z</time>
      </trkpt>
      <trkpt lat="46.36580270715058" lon="95.8288168720901">
        <ele>1541.6</ele>
        <time>2026-08-08T15:36:30.000Z</time>
      </trkpt>
      <trkpt lat="46.36574160307646" lon="95.82941575907171">
        <ele>1542.2</ele>
        <time>2026-08-08T15:36:46.000Z</time>
      </trkpt>
      <trkpt lat="46.36568158864975" lon="95.8300103712827">
        <ele>1542.6</ele>
        <time>2026-08-08T15:37:02.000Z</time>
      </trkpt>
      <trkpt lat="46.365623166784644" lon="95.83062551915646">
        <ele>1543</ele>
        <time>2026-08-08T15:37:19.000Z</time>
      </trkpt>
      <trkpt lat="46.365565583109856" lon="95.83119942806661">
        <ele>1543.8</ele>
        <time>2026-08-08T15:37:35.000Z</time>
      </trkpt>
      <trkpt lat="46.365505987778306" lon="95.83177451044321">
        <ele>1544.2</ele>
        <time>2026-08-08T15:37:51.000Z</time>
      </trkpt>
      <trkpt lat="46.3654491584748" lon="95.83236459642649">
        <ele>1544.6</ele>
        <time>2026-08-08T15:38:07.000Z</time>
      </trkpt>
      <trkpt lat="46.365391574800014" lon="95.83295669406652">
        <ele>1545.2</ele>
        <time>2026-08-08T15:38:23.000Z</time>
      </trkpt>
      <trkpt lat="46.36533223092556" lon="95.83355491049588">
        <ele>1545.8</ele>
        <time>2026-08-08T15:38:39.000Z</time>
      </trkpt>
      <trkpt lat="46.36527213267982" lon="95.83416662178934">
        <ele>1546.6</ele>
        <time>2026-08-08T15:38:55.000Z</time>
      </trkpt>
      <trkpt lat="46.36520289815962" lon="95.83483608439565">
        <ele>1547.2</ele>
        <time>2026-08-08T15:39:11.000Z</time>
      </trkpt>
      <trkpt lat="46.365146320313215" lon="95.83538970910013">
        <ele>1548</ele>
        <time>2026-08-08T15:39:52.000Z</time>
      </trkpt>
      <trkpt lat="46.36508563533425" lon="95.83602271042764">
        <ele>1548.6</ele>
        <time>2026-08-08T15:40:08.000Z</time>
      </trkpt>
      <trkpt lat="46.365021178498864" lon="95.83664909005165">
        <ele>1549.4</ele>
        <time>2026-08-08T15:40:24.000Z</time>
      </trkpt>
      <trkpt lat="46.36495999060571" lon="95.837281672284">
        <ele>1550</ele>
        <time>2026-08-08T15:40:40.000Z</time>
      </trkpt>
      <trkpt lat="46.3649020716548" lon="95.83789355121553">
        <ele>1550.6</ele>
        <time>2026-08-08T15:40:56.000Z</time>
      </trkpt>
      <trkpt lat="46.36484691873193" lon="95.83850702270865">
        <ele>1551.4</ele>
        <time>2026-08-08T15:41:12.000Z</time>
      </trkpt>
      <trkpt lat="46.364790592342615" lon="95.83913700655103">
        <ele>1552</ele>
        <time>2026-08-08T15:41:28.000Z</time>
      </trkpt>
      <trkpt lat="46.36473359540105" lon="95.83977662958205">
        <ele>1552.6</ele>
        <time>2026-08-08T15:41:44.000Z</time>
      </trkpt>
      <trkpt lat="46.3646740000695" lon="95.84042429924011">
        <ele>1553.2</ele>
        <time>2026-08-08T15:42:00.000Z</time>
      </trkpt>
      <trkpt lat="46.36461398564279" lon="95.84106098860502">
        <ele>1553.6</ele>
        <time>2026-08-08T15:42:17.000Z</time>
      </trkpt>
      <trkpt lat="46.36455346830189" lon="95.84170958027244">
        <ele>1554</ele>
        <time>2026-08-08T15:42:33.000Z</time>
      </trkpt>
      <trkpt lat="46.36449487879872" lon="95.84234610199928">
        <ele>1554.6</ele>
        <time>2026-08-08T15:42:49.000Z</time>
      </trkpt>
      <trkpt lat="46.36443478055298" lon="95.84293157793581">
        <ele>1555.2</ele>
        <time>2026-08-08T15:43:05.000Z</time>
      </trkpt>
      <trkpt lat="46.364362612366676" lon="95.84350355900824">
        <ele>1555.2</ele>
        <time>2026-08-08T15:43:21.000Z</time>
      </trkpt>
      <trkpt lat="46.36429446749389" lon="95.8440545015037">
        <ele>1555.2</ele>
        <time>2026-08-08T15:43:37.000Z</time>
      </trkpt>
      <trkpt lat="46.364210061728954" lon="95.84455967880785">
        <ele>1556</ele>
        <time>2026-08-08T15:43:53.000Z</time>
      </trkpt>
      <trkpt lat="46.364120626822114" lon="95.84507877007127">
        <ele>1557.2</ele>
        <time>2026-08-08T15:44:09.000Z</time>
      </trkpt>
      <trkpt lat="46.364042926579714" lon="95.84560389630497">
        <ele>1558.4</ele>
        <time>2026-08-08T15:44:25.000Z</time>
      </trkpt>
      <trkpt lat="46.36397637426853" lon="95.84611561149359">
        <ele>1559.4</ele>
        <time>2026-08-08T15:44:42.000Z</time>
      </trkpt>
      <trkpt lat="46.36392549611628" lon="95.84663981571794">
        <ele>1560.4</ele>
        <time>2026-08-08T15:44:58.000Z</time>
      </trkpt>
      <trkpt lat="46.363871432840824" lon="95.84717181511223">
        <ele>1561.4</ele>
        <time>2026-08-08T15:45:14.000Z</time>
      </trkpt>
      <trkpt lat="46.363827511668205" lon="95.84769979119301">
        <ele>1562.4</ele>
        <time>2026-08-08T15:45:30.000Z</time>
      </trkpt>
      <trkpt lat="46.363784512504935" lon="95.84823740646243">
        <ele>1563.4</ele>
        <time>2026-08-08T15:45:46.000Z</time>
      </trkpt>
      <trkpt lat="46.36373380199075" lon="95.8487677294761">
        <ele>1564.4</ele>
        <time>2026-08-08T15:46:02.000Z</time>
      </trkpt>
      <trkpt lat="46.363687198609114" lon="95.8492989744991">
        <ele>1565.4</ele>
        <time>2026-08-08T15:46:18.000Z</time>
      </trkpt>
      <trkpt lat="46.36363330297172" lon="95.84984052926302">
        <ele>1566.4</ele>
        <time>2026-08-08T15:46:34.000Z</time>
      </trkpt>
      <trkpt lat="46.363583682104945" lon="95.85039566271007">
        <ele>1567.4</ele>
        <time>2026-08-08T15:46:51.000Z</time>
      </trkpt>
      <trkpt lat="46.36353808455169" lon="95.85092162713408">
        <ele>1568.2</ele>
        <time>2026-08-08T15:47:07.000Z</time>
      </trkpt>
      <trkpt lat="46.36349198408425" lon="95.85144499316812">
        <ele>1569.2</ele>
        <time>2026-08-08T15:47:23.000Z</time>
      </trkpt>
      <trkpt lat="46.36344286613166" lon="95.85197129286826">
        <ele>1570</ele>
        <time>2026-08-08T15:47:39.000Z</time>
      </trkpt>
      <trkpt lat="46.36339383199811" lon="95.85251209326088">
        <ele>1571</ele>
        <time>2026-08-08T15:47:55.000Z</time>
      </trkpt>
      <trkpt lat="46.36334731243551" lon="95.8530430868268">
        <ele>1572</ele>
        <time>2026-08-08T15:48:11.000Z</time>
      </trkpt>
      <trkpt lat="46.36330087669194" lon="95.85359117947519">
        <ele>1572.8</ele>
        <time>2026-08-08T15:48:27.000Z</time>
      </trkpt>
      <trkpt lat="46.363251926377416" lon="95.85408235900104">
        <ele>1573.6</ele>
        <time>2026-08-08T15:48:43.000Z</time>
      </trkpt>
      <trkpt lat="46.36320867575705" lon="95.85461167618632">
        <ele>1574.6</ele>
        <time>2026-08-08T15:48:59.000Z</time>
      </trkpt>
      <trkpt lat="46.363155199214816" lon="95.85515951737761">
        <ele>1575.6</ele>
        <time>2026-08-08T15:49:16.000Z</time>
      </trkpt>
      <trkpt lat="46.36311052367091" lon="95.8556682150811">
        <ele>1576.4</ele>
        <time>2026-08-08T15:49:32.000Z</time>
      </trkpt>
      <trkpt lat="46.363064758479595" lon="95.85616920143366">
        <ele>1577.4</ele>
        <time>2026-08-08T15:49:48.000Z</time>
      </trkpt>
      <trkpt lat="46.363019831478596" lon="95.85667588748038">
        <ele>1578.4</ele>
        <time>2026-08-08T15:50:04.000Z</time>
      </trkpt>
      <trkpt lat="46.362973311915994" lon="95.85720671340823">
        <ele>1579.4</ele>
        <time>2026-08-08T15:50:20.000Z</time>
      </trkpt>
      <trkpt lat="46.36292729526758" lon="95.85773636586964">
        <ele>1580.4</ele>
        <time>2026-08-08T15:50:36.000Z</time>
      </trkpt>
      <trkpt lat="46.36288060806692" lon="95.858244728297">
        <ele>1581.4</ele>
        <time>2026-08-08T15:50:52.000Z</time>
      </trkpt>
      <trkpt lat="46.36283760890365" lon="95.85875225253403">
        <ele>1582.4</ele>
        <time>2026-08-08T15:51:08.000Z</time>
      </trkpt>
      <trkpt lat="46.36279041878879" lon="95.8592685777694">
        <ele>1583.6</ele>
        <time>2026-08-08T15:51:24.000Z</time>
      </trkpt>
      <trkpt lat="46.362742222845554" lon="95.85979102179408">
        <ele>1584.6</ele>
        <time>2026-08-08T15:51:41.000Z</time>
      </trkpt>
      <trkpt lat="46.36269737966359" lon="95.86027038283646">
        <ele>1585.8</ele>
        <time>2026-08-08T15:51:57.000Z</time>
      </trkpt>
      <trkpt lat="46.36265396140516" lon="95.86075452156365">
        <ele>1586.8</ele>
        <time>2026-08-08T15:52:13.000Z</time>
      </trkpt>
      <trkpt lat="46.36260920204222" lon="95.8612493891269">
        <ele>1588</ele>
        <time>2026-08-08T15:52:29.000Z</time>
      </trkpt>
      <trkpt lat="46.3625671248883" lon="95.86175196804106">
        <ele>1589.2</ele>
        <time>2026-08-08T15:52:45.000Z</time>
      </trkpt>
      <trkpt lat="46.36251767165959" lon="95.86224851198494">
        <ele>1590.4</ele>
        <time>2026-08-08T15:53:01.000Z</time>
      </trkpt>
      <trkpt lat="46.36248146183789" lon="95.86273198015988">
        <ele>1591.6</ele>
        <time>2026-08-08T15:53:17.000Z</time>
      </trkpt>
      <trkpt lat="46.3624325953424" lon="95.8632164541632">
        <ele>1592.8</ele>
        <time>2026-08-08T15:53:33.000Z</time>
      </trkpt>
      <trkpt lat="46.3623874168843" lon="95.8637080527842">
        <ele>1594</ele>
        <time>2026-08-08T15:53:49.000Z</time>
      </trkpt>
      <trkpt lat="46.36234316043556" lon="95.86422462947667">
        <ele>1595.4</ele>
        <time>2026-08-08T15:54:06.000Z</time>
      </trkpt>
      <trkpt lat="46.362297562882304" lon="95.8647199999541">
        <ele>1596.6</ele>
        <time>2026-08-08T15:54:22.000Z</time>
      </trkpt>
      <trkpt lat="46.36225079186261" lon="95.86522651836276">
        <ele>1597.8</ele>
        <time>2026-08-08T15:54:38.000Z</time>
      </trkpt>
      <trkpt lat="46.36219957843423" lon="95.86572490632534">
        <ele>1599.2</ele>
        <time>2026-08-08T15:54:54.000Z</time>
      </trkpt>
      <trkpt lat="46.36214828118682" lon="95.8662118948996">
        <ele>1600.2</ele>
        <time>2026-08-08T15:55:10.000Z</time>
      </trkpt>
      <trkpt lat="46.362096816301346" lon="95.86670600809157">
        <ele>1601.4</ele>
        <time>2026-08-08T15:55:26.000Z</time>
      </trkpt>
      <trkpt lat="46.36208709329367" lon="95.86720380932093">
        <ele>1602.6</ele>
        <time>2026-08-08T15:55:42.000Z</time>
      </trkpt>
      <trkpt lat="46.3621371332556" lon="95.86765735410154">
        <ele>1603.8</ele>
        <time>2026-08-08T15:55:58.000Z</time>
      </trkpt>
      <trkpt lat="46.362273674458265" lon="95.8680980745703">
        <ele>1604.8</ele>
        <time>2026-08-08T15:56:14.000Z</time>
      </trkpt>
      <trkpt lat="46.362286414951086" lon="95.86826981976628">
        <ele>1606.8</ele>
        <time>2026-08-08T19:13:26.000Z</time>
      </trkpt>
      <trkpt lat="46.36210293509066" lon="95.86820871569216">
        <ele>1607</ele>
        <time>2026-08-08T19:13:37.000Z</time>
      </trkpt>
      <trkpt lat="46.36194007471204" lon="95.86840627714992">
        <ele>1607</ele>
        <time>2026-08-08T19:13:48.000Z</time>
      </trkpt>
      <trkpt lat="46.36186606250703" lon="95.86896182969213">
        <ele>1607.4</ele>
        <time>2026-08-08T19:14:04.000Z</time>
      </trkpt>
      <trkpt lat="46.36180680245161" lon="95.86949458345771">
        <ele>1607.8</ele>
        <time>2026-08-08T19:14:20.000Z</time>
      </trkpt>
      <trkpt lat="46.361749805510044" lon="95.87006681598723">
        <ele>1608.2</ele>
        <time>2026-08-08T19:14:36.000Z</time>
      </trkpt>
      <trkpt lat="46.36169381439686" lon="95.87056537158787">
        <ele>1609</ele>
        <time>2026-08-08T19:14:52.000Z</time>
      </trkpt>
      <trkpt lat="46.361635560169816" lon="95.87109678424895">
        <ele>1610.4</ele>
        <time>2026-08-08T19:15:09.000Z</time>
      </trkpt>
      <trkpt lat="46.361582670360804" lon="95.87155963294208">
        <ele>1611.8</ele>
        <time>2026-08-08T19:15:25.000Z</time>
      </trkpt>
      <trkpt lat="46.36154629290104" lon="95.87197847664356">
        <ele>1613</ele>
        <time>2026-08-08T19:15:41.000Z</time>
      </trkpt>
      <trkpt lat="46.36150077916682" lon="95.87239438667893">
        <ele>1614.4</ele>
        <time>2026-08-08T19:15:57.000Z</time>
      </trkpt>
      <trkpt lat="46.361462557688355" lon="95.87282219901681">
        <ele>1615.8</ele>
        <time>2026-08-08T19:16:14.000Z</time>
      </trkpt>
      <trkpt lat="46.36142760515213" lon="95.87324825115502">
        <ele>1616.8</ele>
        <time>2026-08-08T19:16:30.000Z</time>
      </trkpt>
      <trkpt lat="46.3614153675735" lon="95.87355385534465">
        <ele>1617.4</ele>
        <time>2026-08-08T19:16:42.000Z</time>
      </trkpt>
      <trkpt lat="46.36137052439153" lon="95.87399574927986">
        <ele>1618</ele>
        <time>2026-08-08T19:16:58.000Z</time>
      </trkpt>
      <trkpt lat="46.36134906671941" lon="95.8744892757386">
        <ele>1618.8</ele>
        <time>2026-08-08T19:17:14.000Z</time>
      </trkpt>
      <trkpt lat="46.361330626532435" lon="95.8749573212117">
        <ele>1619.4</ele>
        <time>2026-08-08T19:17:30.000Z</time>
      </trkpt>
      <trkpt lat="46.361320400610566" lon="95.87544271722436">
        <ele>1620.4</ele>
        <time>2026-08-08T19:17:46.000Z</time>
      </trkpt>
      <trkpt lat="46.36132157407701" lon="95.87589777074754">
        <ele>1621</ele>
        <time>2026-08-08T19:18:02.000Z</time>
      </trkpt>
      <trkpt lat="46.36132702231407" lon="95.87635969743133">
        <ele>1621.8</ele>
        <time>2026-08-08T19:18:18.000Z</time>
      </trkpt>
      <trkpt lat="46.36133959516883" lon="95.87681542150676">
        <ele>1622.6</ele>
        <time>2026-08-08T19:18:35.000Z</time>
      </trkpt>
      <trkpt lat="46.36135082691908" lon="95.87727047502995">
        <ele>1623.4</ele>
        <time>2026-08-08T19:18:51.000Z</time>
      </trkpt>
      <trkpt lat="46.3613619748503" lon="95.87772485800087">
        <ele>1624.2</ele>
        <time>2026-08-08T19:19:07.000Z</time>
      </trkpt>
      <trkpt lat="46.361375134438276" lon="95.87818519212306">
        <ele>1625.2</ele>
        <time>2026-08-08T19:19:23.000Z</time>
      </trkpt>
      <trkpt lat="46.36138913221657" lon="95.87867042049766">
        <ele>1626.2</ele>
        <time>2026-08-08T19:19:39.000Z</time>
      </trkpt>
      <trkpt lat="46.36140497401357" lon="95.87914860807359">
        <ele>1627</ele>
        <time>2026-08-08T19:19:55.000Z</time>
      </trkpt>
      <trkpt lat="46.36142182163894" lon="95.87960198521614">
        <ele>1627.8</ele>
        <time>2026-08-08T19:20:11.000Z</time>
      </trkpt>
      <trkpt lat="46.361433723941445" lon="95.88005955331028">
        <ele>1628.6</ele>
        <time>2026-08-08T19:20:27.000Z</time>
      </trkpt>
      <trkpt lat="46.361449901014566" lon="95.88051988743246">
        <ele>1629.4</ele>
        <time>2026-08-08T19:20:43.000Z</time>
      </trkpt>
      <trkpt lat="46.36146121658385" lon="95.88097661733627">
        <ele>1630.2</ele>
        <time>2026-08-08T19:21:00.000Z</time>
      </trkpt>
      <trkpt lat="46.361483009532094" lon="95.8814262226224">
        <ele>1631</ele>
        <time>2026-08-08T19:21:16.000Z</time>
      </trkpt>
      <trkpt lat="46.36148787103593" lon="95.88188395835459">
        <ele>1632</ele>
        <time>2026-08-08T19:21:32.000Z</time>
      </trkpt>
      <trkpt lat="46.36150932870805" lon="95.88233582675457">
        <ele>1632.6</ele>
        <time>2026-08-08T19:21:48.000Z</time>
      </trkpt>
      <trkpt lat="46.36151251383126" lon="95.88282021693885">
        <ele>1633.6</ele>
        <time>2026-08-08T19:22:04.000Z</time>
      </trkpt>
      <trkpt lat="46.36153128929436" lon="95.8832720015198">
        <ele>1634.4</ele>
        <time>2026-08-08T19:22:20.000Z</time>
      </trkpt>
      <trkpt lat="46.361541179940104" lon="95.88371288962662">
        <ele>1635.6</ele>
        <time>2026-08-08T19:22:36.000Z</time>
      </trkpt>
      <trkpt lat="46.3615535851568" lon="95.88415956124663">
        <ele>1636.4</ele>
        <time>2026-08-08T19:22:52.000Z</time>
      </trkpt>
      <trkpt lat="46.3615654874593" lon="95.88460556231439">
        <ele>1637.2</ele>
        <time>2026-08-08T19:23:08.000Z</time>
      </trkpt>
      <trkpt lat="46.36158241890371" lon="95.88505885563791">
        <ele>1638</ele>
        <time>2026-08-08T19:23:25.000Z</time>
      </trkpt>
      <trkpt lat="46.36159515939653" lon="95.88550695218146">
        <ele>1639</ele>
        <time>2026-08-08T19:23:41.000Z</time>
      </trkpt>
      <trkpt lat="46.36161133646965" lon="95.88594767265022">
        <ele>1639.6</ele>
        <time>2026-08-08T19:23:57.000Z</time>
      </trkpt>
      <trkpt lat="46.36161619797349" lon="95.88638990186155">
        <ele>1640.6</ele>
        <time>2026-08-08T19:24:13.000Z</time>
      </trkpt>
      <trkpt lat="46.36162801645696" lon="95.886858869344">
        <ele>1641.4</ele>
        <time>2026-08-08T19:24:29.000Z</time>
      </trkpt>
      <trkpt lat="46.361641930416226" lon="95.88732775300741">
        <ele>1642.2</ele>
        <time>2026-08-08T19:24:45.000Z</time>
      </trkpt>
      <trkpt lat="46.361656095832586" lon="95.88779387064278">
        <ele>1642.8</ele>
        <time>2026-08-08T19:25:01.000Z</time>
      </trkpt>
      <trkpt lat="46.361667830497026" lon="95.88825127109885">
        <ele>1643.6</ele>
        <time>2026-08-08T19:25:17.000Z</time>
      </trkpt>
      <trkpt lat="46.36167721822858" lon="95.88868805207312">
        <ele>1644.4</ele>
        <time>2026-08-08T19:25:33.000Z</time>
      </trkpt>
      <trkpt lat="46.361692221835256" lon="95.88913740590215">
        <ele>1645.4</ele>
        <time>2026-08-08T19:25:50.000Z</time>
      </trkpt>
      <trkpt lat="46.36170429177582" lon="95.88959061540663">
        <ele>1646.4</ele>
        <time>2026-08-08T19:26:06.000Z</time>
      </trkpt>
      <trkpt lat="46.361715607345104" lon="95.89002848602831">
        <ele>1647.2</ele>
        <time>2026-08-08T19:26:22.000Z</time>
      </trkpt>
      <trkpt lat="46.361729856580496" lon="95.89048068970442">
        <ele>1648</ele>
        <time>2026-08-08T19:26:38.000Z</time>
      </trkpt>
      <trkpt lat="46.36174242943525" lon="95.890923589468">
        <ele>1649</ele>
        <time>2026-08-08T19:26:54.000Z</time>
      </trkpt>
      <trkpt lat="46.36173740029335" lon="95.89135559275746">
        <ele>1649.6</ele>
        <time>2026-08-08T19:27:10.000Z</time>
      </trkpt>
      <trkpt lat="46.36170471087098" lon="95.89179472066462">
        <ele>1650.2</ele>
        <time>2026-08-08T19:27:26.000Z</time>
      </trkpt>
      <trkpt lat="46.36161996982992" lon="95.89224390685558">
        <ele>1650.6</ele>
        <time>2026-08-08T19:27:42.000Z</time>
      </trkpt>
      <trkpt lat="46.36149751022458" lon="95.89273558929563">
        <ele>1650.6</ele>
        <time>2026-08-08T19:27:58.000Z</time>
      </trkpt>
      <trkpt lat="46.36139055714011" lon="95.89317413046956">
        <ele>1650.8</ele>
        <time>2026-08-08T19:28:15.000Z</time>
      </trkpt>
      <trkpt lat="46.36132643558085" lon="95.89358232915401">
        <ele>1651.8</ele>
        <time>2026-08-08T19:28:31.000Z</time>
      </trkpt>
      <trkpt lat="46.361291985958815" lon="95.89396823197603">
        <ele>1652.8</ele>
        <time>2026-08-08T19:28:47.000Z</time>
      </trkpt>
      <trkpt lat="46.361264577135444" lon="95.89433879591525">
        <ele>1653.4</ele>
        <time>2026-08-08T19:29:03.000Z</time>
      </trkpt>
      <trkpt lat="46.36123549193144" lon="95.89471380226314">
        <ele>1654.4</ele>
        <time>2026-08-08T19:29:19.000Z</time>
      </trkpt>
      <trkpt lat="46.36119978502393" lon="95.8950696978718">
        <ele>1655.6</ele>
        <time>2026-08-08T19:29:35.000Z</time>
      </trkpt>
      <trkpt lat="46.36116801761091" lon="95.89542928151786">
        <ele>1656.6</ele>
        <time>2026-08-08T19:29:51.000Z</time>
      </trkpt>
      <trkpt lat="46.36119048111141" lon="95.89579531922936">
        <ele>1657.4</ele>
        <time>2026-08-08T19:30:07.000Z</time>
      </trkpt>
      <trkpt lat="46.36122099123895" lon="95.89617929421365">
        <ele>1658</ele>
        <time>2026-08-08T19:30:23.000Z</time>
      </trkpt>
      <trkpt lat="46.36125812307" lon="95.89656243100762">
        <ele>1658.4</ele>
        <time>2026-08-08T19:30:40.000Z</time>
      </trkpt>
      <trkpt lat="46.36130087077618" lon="95.89694397523999">
        <ele>1658.8</ele>
        <time>2026-08-08T19:30:56.000Z</time>
      </trkpt>
      <trkpt lat="46.36133867315948" lon="95.89731965214014">
        <ele>1659.4</ele>
        <time>2026-08-08T19:31:12.000Z</time>
      </trkpt>
      <trkpt lat="46.36137597262859" lon="95.89771100319922">
        <ele>1660.4</ele>
        <time>2026-08-08T19:31:28.000Z</time>
      </trkpt>
      <trkpt lat="46.361406818032265" lon="95.89806019328535">
        <ele>1661.4</ele>
        <time>2026-08-08T19:31:44.000Z</time>
      </trkpt>
      <trkpt lat="46.36143732815981" lon="95.89838080108166">
        <ele>1662.4</ele>
        <time>2026-08-08T19:32:00.000Z</time>
      </trkpt>
      <trkpt lat="46.361473705619574" lon="95.89873577468097">
        <ele>1663.2</ele>
        <time>2026-08-08T19:32:16.000Z</time>
      </trkpt>
      <trkpt lat="46.36151108890772" lon="95.8990968670696">
        <ele>1664.2</ele>
        <time>2026-08-08T19:32:32.000Z</time>
      </trkpt>
      <trkpt lat="46.361539755016565" lon="95.89946826919913">
        <ele>1665</ele>
        <time>2026-08-08T19:32:49.000Z</time>
      </trkpt>
      <trkpt lat="46.36158149689436" lon="95.89983397163451">
        <ele>1665.6</ele>
        <time>2026-08-08T19:33:05.000Z</time>
      </trkpt>
      <trkpt lat="46.36161033064127" lon="95.90021995827556">
        <ele>1666.2</ele>
        <time>2026-08-08T19:33:21.000Z</time>
      </trkpt>
      <trkpt lat="46.361646791920066" lon="95.90058390051126">
        <ele>1667.2</ele>
        <time>2026-08-08T19:33:37.000Z</time>
      </trkpt>
      <trkpt lat="46.3616828341037" lon="95.90097391046584">
        <ele>1667.8</ele>
        <time>2026-08-08T19:33:53.000Z</time>
      </trkpt>
      <trkpt lat="46.36172323487699" lon="95.90136660262942">
        <ele>1668.8</ele>
        <time>2026-08-08T19:34:09.000Z</time>
      </trkpt>
      <trkpt lat="46.36176145635545" lon="95.90174437500536">
        <ele>1669.6</ele>
        <time>2026-08-08T19:34:25.000Z</time>
      </trkpt>
      <trkpt lat="46.361797666177154" lon="95.90211384929717">
        <ele>1670.2</ele>
        <time>2026-08-08T19:34:41.000Z</time>
      </trkpt>
      <trkpt lat="46.36183119378984" lon="95.90248240157962">
        <ele>1670.8</ele>
        <time>2026-08-08T19:34:57.000Z</time>
      </trkpt>
      <trkpt lat="46.361865224316716" lon="95.90285346843302">
        <ele>1671.4</ele>
        <time>2026-08-08T19:35:14.000Z</time>
      </trkpt>
      <trkpt lat="46.36189925484359" lon="95.90322998352349">
        <ele>1672.4</ele>
        <time>2026-08-08T19:35:30.000Z</time>
      </trkpt>
      <trkpt lat="46.36193730868399" lon="95.90359468013048">
        <ele>1673.2</ele>
        <time>2026-08-08T19:35:46.000Z</time>
      </trkpt>
      <trkpt lat="46.36196555569768" lon="95.90395585633814">
        <ele>1673.8</ele>
        <time>2026-08-08T19:36:02.000Z</time>
      </trkpt>
      <trkpt lat="46.36200939305127" lon="95.9043447766453">
        <ele>1674.4</ele>
        <time>2026-08-08T19:36:18.000Z</time>
      </trkpt>
      <trkpt lat="46.36205306276679" lon="95.90469966642559">
        <ele>1675.4</ele>
        <time>2026-08-08T19:36:34.000Z</time>
      </trkpt>
      <trkpt lat="46.3620924577117" lon="95.90506218373775">
        <ele>1676.2</ele>
        <time>2026-08-08T19:36:50.000Z</time>
      </trkpt>
      <trkpt lat="46.36212833225727" lon="95.9054412972182">
        <ele>1677</ele>
        <time>2026-08-08T19:37:06.000Z</time>
      </trkpt>
      <trkpt lat="46.36216588318348" lon="95.90582082979381">
        <ele>1677.4</ele>
        <time>2026-08-08T19:37:22.000Z</time>
      </trkpt>
      <trkpt lat="46.36220879852772" lon="95.9062013681978">
        <ele>1678.2</ele>
        <time>2026-08-08T19:37:39.000Z</time>
      </trkpt>
      <trkpt lat="46.36224542744458" lon="95.90659447945654">
        <ele>1679</ele>
        <time>2026-08-08T19:37:55.000Z</time>
      </trkpt>
      <trkpt lat="46.362282978370786" lon="95.90697736479342">
        <ele>1679.6</ele>
        <time>2026-08-08T19:38:11.000Z</time>
      </trkpt>
      <trkpt lat="46.36232237331569" lon="95.90734675526619">
        <ele>1680.4</ele>
        <time>2026-08-08T19:38:27.000Z</time>
      </trkpt>
      <trkpt lat="46.36237056925893" lon="95.90777372941375">
        <ele>1681.2</ele>
        <time>2026-08-08T19:38:43.000Z</time>
      </trkpt>
      <trkpt lat="46.36241130530834" lon="95.90817765332758">
        <ele>1681.8</ele>
        <time>2026-08-08T19:38:59.000Z</time>
      </trkpt>
      <trkpt lat="46.36245187371969" lon="95.9085825830698">
        <ele>1682.6</ele>
        <time>2026-08-08T19:39:15.000Z</time>
      </trkpt>
      <trkpt lat="46.36248892173171" lon="95.9089850820601">
        <ele>1683.6</ele>
        <time>2026-08-08T19:39:31.000Z</time>
      </trkpt>
      <trkpt lat="46.36253393255174" lon="95.90940065681934">
        <ele>1684.4</ele>
        <time>2026-08-08T19:39:47.000Z</time>
      </trkpt>
      <trkpt lat="46.36258816346526" lon="95.90981991961598">
        <ele>1685.2</ele>
        <time>2026-08-08T19:40:04.000Z</time>
      </trkpt>
      <trkpt lat="46.36263560503721" lon="95.9102090075612">
        <ele>1686</ele>
        <time>2026-08-08T19:40:20.000Z</time>
      </trkpt>
      <trkpt lat="46.362643484026194" lon="95.91060396283865">
        <ele>1686.8</ele>
        <time>2026-08-08T19:40:36.000Z</time>
      </trkpt>
      <trkpt lat="46.362678268924356" lon="95.91099715791643">
        <ele>1687.6</ele>
        <time>2026-08-08T19:40:52.000Z</time>
      </trkpt>
      <trkpt lat="46.36272042989731" lon="95.91143460944295">
        <ele>1688.4</ele>
        <time>2026-08-08T19:41:08.000Z</time>
      </trkpt>
      <trkpt lat="46.362755382433534" lon="95.91182948090136">
        <ele>1689</ele>
        <time>2026-08-08T19:41:24.000Z</time>
      </trkpt>
      <trkpt lat="46.36280097998679" lon="95.91224363073707">
        <ele>1689.8</ele>
        <time>2026-08-08T19:41:40.000Z</time>
      </trkpt>
      <trkpt lat="46.3628435600549" lon="95.9126480575651">
        <ele>1690.4</ele>
        <time>2026-08-08T19:41:56.000Z</time>
      </trkpt>
      <trkpt lat="46.36288278736174" lon="95.91304611414671">
        <ele>1691.2</ele>
        <time>2026-08-08T19:42:12.000Z</time>
      </trkpt>
      <trkpt lat="46.36292385868728" lon="95.91346956789494">
        <ele>1691.8</ele>
        <time>2026-08-08T19:42:29.000Z</time>
      </trkpt>
      <trkpt lat="46.36296627111733" lon="95.91387818567455">
        <ele>1692.8</ele>
        <time>2026-08-08T19:42:45.000Z</time>
      </trkpt>
      <trkpt lat="46.36300650425255" lon="95.91427716426551">
        <ele>1693.6</ele>
        <time>2026-08-08T19:43:01.000Z</time>
      </trkpt>
      <trkpt lat="46.3630470726639" lon="95.91466365382075">
        <ele>1694.2</ele>
        <time>2026-08-08T19:43:17.000Z</time>
      </trkpt>
      <trkpt lat="46.363086216151714" lon="95.91508517973125">
        <ele>1694.8</ele>
        <time>2026-08-08T19:43:33.000Z</time>
      </trkpt>
      <trkpt lat="46.363129718229175" lon="95.91547527350485">
        <ele>1695.6</ele>
        <time>2026-08-08T19:43:49.000Z</time>
      </trkpt>
      <trkpt lat="46.36316609568894" lon="95.9158559795469">
        <ele>1696</ele>
        <time>2026-08-08T19:44:05.000Z</time>
      </trkpt>
      <trkpt lat="46.36320482008159" lon="95.91623459011316">
        <ele>1696.8</ele>
        <time>2026-08-08T19:44:21.000Z</time>
      </trkpt>
      <trkpt lat="46.36324681341648" lon="95.91661462560296">
        <ele>1697.6</ele>
        <time>2026-08-08T19:44:37.000Z</time>
      </trkpt>
      <trkpt lat="46.36328436434269" lon="95.91699625365436">
        <ele>1698.2</ele>
        <time>2026-08-08T19:44:54.000Z</time>
      </trkpt>
      <trkpt lat="46.3633219152689" lon="95.91738182120025">
        <ele>1699</ele>
        <time>2026-08-08T19:45:10.000Z</time>
      </trkpt>
      <trkpt lat="46.36335913091898" lon="95.91777049005032">
        <ele>1699.6</ele>
        <time>2026-08-08T19:45:26.000Z</time>
      </trkpt>
      <trkpt lat="46.36340003460646" lon="95.91816536150873">
        <ele>1700.4</ele>
        <time>2026-08-08T19:45:42.000Z</time>
      </trkpt>
      <trkpt lat="46.36344253085554" lon="95.91858688741922">
        <ele>1701.2</ele>
        <time>2026-08-08T19:45:58.000Z</time>
      </trkpt>
      <trkpt lat="46.363484524190426" lon="95.9189784899354">
        <ele>1701.8</ele>
        <time>2026-08-08T19:46:14.000Z</time>
      </trkpt>
      <trkpt lat="46.36352048255503" lon="95.91936162672937">
        <ele>1702.4</ele>
        <time>2026-08-08T19:46:30.000Z</time>
      </trkpt>
      <trkpt lat="46.36356038041413" lon="95.91972917318344">
        <ele>1703.2</ele>
        <time>2026-08-08T19:46:46.000Z</time>
      </trkpt>
      <trkpt lat="46.36359030380845" lon="95.92009671963751">
        <ele>1704</ele>
        <time>2026-08-08T19:47:02.000Z</time>
      </trkpt>
      <trkpt lat="46.363630620762706" lon="95.92048505321145">
        <ele>1704.8</ele>
        <time>2026-08-08T19:47:19.000Z</time>
      </trkpt>
      <trkpt lat="46.363664232194424" lon="95.92087690718472">
        <ele>1705.4</ele>
        <time>2026-08-08T19:47:35.000Z</time>
      </trkpt>
      <trkpt lat="46.363680409267545" lon="95.92102350667119">
        <ele>1705.8</ele>
        <time>2026-08-08T19:47:41.000Z</time>
      </trkpt>
      <trkpt lat="46.36371687054634" lon="95.9213940706104">
        <ele>1706.6</ele>
        <time>2026-08-08T19:47:57.000Z</time>
      </trkpt>
      <trkpt lat="46.36375140398741" lon="95.92180486768484">
        <ele>1707.4</ele>
        <time>2026-08-08T19:48:13.000Z</time>
      </trkpt>
      <trkpt lat="46.36378945782781" lon="95.92221558094025">
        <ele>1708.6</ele>
        <time>2026-08-08T19:48:29.000Z</time>
      </trkpt>
      <trkpt lat="46.36382742784917" lon="95.92260994948447">
        <ele>1709.2</ele>
        <time>2026-08-08T19:48:45.000Z</time>
      </trkpt>
      <trkpt lat="46.36386497877538" lon="95.92298093251884">
        <ele>1709.8</ele>
        <time>2026-08-08T19:49:01.000Z</time>
      </trkpt>
      <trkpt lat="46.36390638537705" lon="95.92336851172149">
        <ele>1710.4</ele>
        <time>2026-08-08T19:49:17.000Z</time>
      </trkpt>
      <trkpt lat="46.36394016444683" lon="95.92375801876187">
        <ele>1711</ele>
        <time>2026-08-08T19:49:34.000Z</time>
      </trkpt>
      <trkpt lat="46.36398249305785" lon="95.92413595877588">
        <ele>1711.6</ele>
        <time>2026-08-08T19:49:50.000Z</time>
      </trkpt>
      <trkpt lat="46.36402616277337" lon="95.92452152632177">
        <ele>1712.4</ele>
        <time>2026-08-08T19:50:06.000Z</time>
      </trkpt>
      <trkpt lat="46.36406622827053" lon="95.92491338029504">
        <ele>1713</ele>
        <time>2026-08-08T19:50:22.000Z</time>
      </trkpt>
      <trkpt lat="46.36399942450225" lon="95.9252365026623">
        <ele>1713.4</ele>
        <time>2026-08-08T19:50:36.000Z</time>
      </trkpt>
      <trkpt lat="46.363894399255514" lon="95.925521152094">
        <ele>1714</ele>
        <time>2026-08-08T19:50:52.000Z</time>
      </trkpt>
      <trkpt lat="46.363707315176725" lon="95.92557496391237">
        <ele>1714.2</ele>
        <time>2026-08-08T19:51:08.000Z</time>
      </trkpt>
      <trkpt lat="46.36366657912731" lon="95.92580370604992">
        <ele>1714.4</ele>
        <time>2026-08-08T19:51:52.000Z</time>
      </trkpt>
      <trkpt lat="46.3637275993824" lon="95.92596396803856">
        <ele>1714.6</ele>
        <time>2026-08-08T19:52:08.000Z</time>
      </trkpt>
      <trkpt lat="46.363779064267874" lon="95.92613806016743">
        <ele>1715</ele>
        <time>2026-08-08T19:52:24.000Z</time>
      </trkpt>
      <trkpt lat="46.36383061297238" lon="95.92632070183754">
        <ele>1715.2</ele>
        <time>2026-08-08T19:52:40.000Z</time>
      </trkpt>
      <trkpt lat="46.36384226381779" lon="95.9265283215791">
        <ele>1715.6</ele>
        <time>2026-08-08T19:52:56.000Z</time>
      </trkpt>
      <trkpt lat="46.36386682279408" lon="95.92673275619745">
        <ele>1715.8</ele>
        <time>2026-08-08T19:53:12.000Z</time>
      </trkpt>
      <trkpt lat="46.36387260630727" lon="95.92692788690329">
        <ele>1716.2</ele>
        <time>2026-08-08T19:53:28.000Z</time>
      </trkpt>
      <trkpt lat="46.36386631987989" lon="95.92712125740945">
        <ele>1716.6</ele>
        <time>2026-08-08T19:53:44.000Z</time>
      </trkpt>
      <trkpt lat="46.36386539787054" lon="95.92732401564717">
        <ele>1716.8</ele>
        <time>2026-08-08T19:54:00.000Z</time>
      </trkpt>
      <trkpt lat="46.36387176811695" lon="95.92748519964516">
        <ele>1717.2</ele>
        <time>2026-08-08T19:54:15.000Z</time>
      </trkpt>
      <trkpt lat="46.363971596583724" lon="95.92770698480308">
        <ele>1717.6</ele>
        <time>2026-08-08T19:56:09.000Z</time>
      </trkpt>
      <trkpt lat="46.364068407565355" lon="95.92785702086985">
        <ele>1717.6</ele>
        <time>2026-08-08T19:56:25.000Z</time>
      </trkpt>
      <trkpt lat="46.36410101316869" lon="95.9280720166862">
        <ele>1718</ele>
        <time>2026-08-08T19:56:42.000Z</time>
      </trkpt>
      <trkpt lat="46.36412221938372" lon="95.928277624771">
        <ele>1718.4</ele>
        <time>2026-08-08T19:56:58.000Z</time>
      </trkpt>
      <trkpt lat="46.364110484719276" lon="95.9284932911396">
        <ele>1719</ele>
        <time>2026-08-08T19:57:14.000Z</time>
      </trkpt>
      <trkpt lat="46.364046363160014" lon="95.92869060114026">
        <ele>1719.4</ele>
        <time>2026-08-08T19:57:30.000Z</time>
      </trkpt>
      <trkpt lat="46.363931531086564" lon="95.92886075377464">
        <ele>1719.8</ele>
        <time>2026-08-08T19:57:46.000Z</time>
      </trkpt>
      <trkpt lat="46.363818710669875" lon="95.9290268830955">
        <ele>1720</ele>
        <time>2026-08-08T19:58:02.000Z</time>
      </trkpt>
      <trkpt lat="46.36369038373232" lon="95.92909025028348">
        <ele>1720.4</ele>
        <time>2026-08-08T19:58:18.000Z</time>
      </trkpt>
      <trkpt lat="46.36358016170561" lon="95.92913635075092">
        <ele>1720.6</ele>
        <time>2026-08-08T19:58:33.000Z</time>
      </trkpt>
      <trkpt lat="46.36348142288625" lon="95.92935428023338">
        <ele>1720.4</ele>
        <time>2026-08-08T19:59:09.000Z</time>
      </trkpt>
      <trkpt lat="46.363438591361046" lon="95.92945092357695">
        <ele>1720.4</ele>
        <time>2026-08-08T19:59:19.000Z</time>
      </trkpt>
      <trkpt lat="46.36335133574903" lon="95.92973347753286">
        <ele>1720.6</ele>
        <time>2026-08-08T19:59:45.000Z</time>
      </trkpt>
      <trkpt lat="46.36330741457641" lon="95.92992232181132">
        <ele>1720</ele>
        <time>2026-08-08T20:00:01.000Z</time>
      </trkpt>
      <trkpt lat="46.36328537017107" lon="95.93007286079228">
        <ele>1719.8</ele>
        <time>2026-08-08T20:00:14.000Z</time>
      </trkpt>
      <trkpt lat="46.363234827294946" lon="95.93016573227942">
        <ele>1719.2</ele>
        <time>2026-08-08T20:00:25.000Z</time>
      </trkpt>
      <trkpt lat="46.362997284159064" lon="95.9301339648664">
        <ele>1714</ele>
        <time>2026-08-08T20:01:06.000Z</time>
      </trkpt>
      <trkpt lat="46.362900054082274" lon="95.92994537204504">
        <ele>1712.6</ele>
        <time>2026-08-08T20:01:23.000Z</time>
      </trkpt>
      <trkpt lat="46.362939616665244" lon="95.92977429740131">
        <ele>1711.6</ele>
        <time>2026-08-08T20:03:38.000Z</time>
      </trkpt>
      <trkpt lat="46.36297792196274" lon="95.92958495020866">
        <ele>1711.4</ele>
        <time>2026-08-08T20:04:03.000Z</time>
      </trkpt>
      <trkpt lat="46.36305327527225" lon="95.9294169768691">
        <ele>1711.2</ele>
        <time>2026-08-08T20:04:19.000Z</time>
      </trkpt>
      <trkpt lat="46.36312888003886" lon="95.92924791388214">
        <ele>1710.8</ele>
        <time>2026-08-08T20:04:35.000Z</time>
      </trkpt>
      <trkpt lat="46.36323943734169" lon="95.92913199216127">
        <ele>1710.4</ele>
        <time>2026-08-08T20:04:51.000Z</time>
      </trkpt>
      <trkpt lat="46.36328620836139" lon="95.92897072434425">
        <ele>1710</ele>
        <time>2026-08-08T20:05:05.000Z</time>
      </trkpt>
    </trkseg>
  </trk>
</gpx>