<?xml version="1.0" encoding="UTF-8"?>
<gpx creator="IGPSPORT" xmlns:xsi="http://www.w3.org/2001/XMLSchema-instance" schemaLocation="http://www.topografix.com/GPX/1/1 http://www.topografix.com/GPX/1/1/gpx.xsd" version="1.1" xmlns="http://www.topografix.com/GPX/1/1">
  <metadata>
    <time>2026-07-07T07:28:22.000Z</time>
    <link href="https://www.igpsport.cn/">
      <text>Велоспорт на свежем воздухе</text>
    </link>
  </metadata>
  <trk>
    <name>Велоспорт на свежем воздухе</name>
    <trkseg>
      <trkpt lat="53.291066978126764" lon="67.55995340645313">
        <ele>225.4</ele>
        <time>2026-07-07T07:28:22.000Z</time>
      </trkpt>
      <trkpt lat="53.290989361703396" lon="67.56016882136464">
        <ele>225.2</ele>
        <time>2026-07-07T07:30:15.000Z</time>
      </trkpt>
      <trkpt lat="53.29091618768871" lon="67.56038893014193">
        <ele>224.8</ele>
        <time>2026-07-07T07:30:31.000Z</time>
      </trkpt>
      <trkpt lat="53.29084410332143" lon="67.56051658652723">
        <ele>224.8</ele>
        <time>2026-07-07T07:30:42.000Z</time>
      </trkpt>
      <trkpt lat="53.290815353393555" lon="67.56077852100134">
        <ele>225</ele>
        <time>2026-07-07T07:30:57.000Z</time>
      </trkpt>
      <trkpt lat="53.290788531303406" lon="67.56091405637562">
        <ele>225.2</ele>
        <time>2026-07-07T07:31:06.000Z</time>
      </trkpt>
      <trkpt lat="53.29074561595917" lon="67.5611589755863">
        <ele>225</ele>
        <time>2026-07-07T07:31:22.000Z</time>
      </trkpt>
      <trkpt lat="53.2906246650964" lon="67.56129199638963">
        <ele>225</ele>
        <time>2026-07-07T07:32:26.000Z</time>
      </trkpt>
      <trkpt lat="53.290568590164185" lon="67.56132703274488">
        <ele>224.8</ele>
        <time>2026-07-07T07:32:29.000Z</time>
      </trkpt>
      <trkpt lat="53.29052919521928" lon="67.56136148236692">
        <ele>225</ele>
        <time>2026-07-07T07:32:31.000Z</time>
      </trkpt>
      <trkpt lat="53.29049558378756" lon="67.5614193174988">
        <ele>225</ele>
        <time>2026-07-07T07:32:33.000Z</time>
      </trkpt>
      <trkpt lat="53.290461134165525" lon="67.56148159503937">
        <ele>225</ele>
        <time>2026-07-07T07:32:35.000Z</time>
      </trkpt>
      <trkpt lat="53.290425511077046" lon="67.56153121590614">
        <ele>225</ele>
        <time>2026-07-07T07:32:37.000Z</time>
      </trkpt>
      <trkpt lat="53.29029659740627" lon="67.56171486340463">
        <ele>224.8</ele>
        <time>2026-07-07T07:32:45.000Z</time>
      </trkpt>
      <trkpt lat="53.29026650637388" lon="67.5618580263108">
        <ele>224.6</ele>
        <time>2026-07-07T07:32:48.000Z</time>
      </trkpt>
      <trkpt lat="53.29029123298824" lon="67.56217427551746">
        <ele>224.6</ele>
        <time>2026-07-07T07:32:54.000Z</time>
      </trkpt>
      <trkpt lat="53.29048569314182" lon="67.56271507591009">
        <ele>225</ele>
        <time>2026-07-07T07:33:08.000Z</time>
      </trkpt>
      <trkpt lat="53.29062349162996" lon="67.56312612444162">
        <ele>225.2</ele>
        <time>2026-07-07T07:33:17.000Z</time>
      </trkpt>
      <trkpt lat="53.290769923478365" lon="67.56365016102791">
        <ele>225.6</ele>
        <time>2026-07-07T07:33:33.000Z</time>
      </trkpt>
      <trkpt lat="53.290915014222264" lon="67.5639979261905">
        <ele>225.6</ele>
        <time>2026-07-07T07:34:04.000Z</time>
      </trkpt>
      <trkpt lat="53.291074857115746" lon="67.56445289589465">
        <ele>225.4</ele>
        <time>2026-07-07T07:34:15.000Z</time>
      </trkpt>
      <trkpt lat="53.29119002446532" lon="67.56484542042017">
        <ele>225.4</ele>
        <time>2026-07-07T07:34:24.000Z</time>
      </trkpt>
      <trkpt lat="53.29141122289002" lon="67.5655278749764">
        <ele>225.8</ele>
        <time>2026-07-07T07:34:40.000Z</time>
      </trkpt>
      <trkpt lat="53.29164222814143" lon="67.56623581051826">
        <ele>226.2</ele>
        <time>2026-07-07T07:34:56.000Z</time>
      </trkpt>
      <trkpt lat="53.29186325892806" lon="67.56684827618301">
        <ele>226.2</ele>
        <time>2026-07-07T07:35:10.000Z</time>
      </trkpt>
      <trkpt lat="53.29210608266294" lon="67.5675583910197">
        <ele>226.4</ele>
        <time>2026-07-07T07:35:26.000Z</time>
      </trkpt>
      <trkpt lat="53.29229023307562" lon="67.56810715422034">
        <ele>226.4</ele>
        <time>2026-07-07T07:35:37.000Z</time>
      </trkpt>
      <trkpt lat="53.292526099830866" lon="67.56879748776555">
        <ele>226.4</ele>
        <time>2026-07-07T07:35:51.000Z</time>
      </trkpt>
      <trkpt lat="53.29270555637777" lon="67.5692231208086">
        <ele>226.4</ele>
        <time>2026-07-07T07:36:01.000Z</time>
      </trkpt>
      <trkpt lat="53.292974196374416" lon="67.56995896808803">
        <ele>226.2</ele>
        <time>2026-07-07T07:36:18.000Z</time>
      </trkpt>
      <trkpt lat="53.2932048663497" lon="67.57066598162055">
        <ele>226.4</ele>
        <time>2026-07-07T07:36:34.000Z</time>
      </trkpt>
      <trkpt lat="53.293383568525314" lon="67.57112338207662">
        <ele>226.2</ele>
        <time>2026-07-07T07:36:44.000Z</time>
      </trkpt>
      <trkpt lat="53.293423214927316" lon="67.57122891023755">
        <ele>226.4</ele>
        <time>2026-07-07T07:36:46.000Z</time>
      </trkpt>
      <trkpt lat="53.29355179332197" lon="67.57163962349296">
        <ele>226.6</ele>
        <time>2026-07-07T07:36:55.000Z</time>
      </trkpt>
      <trkpt lat="53.29378707334399" lon="67.57232300005853">
        <ele>227</ele>
        <time>2026-07-07T07:37:11.000Z</time>
      </trkpt>
      <trkpt lat="53.29386577941477" lon="67.57254998199642">
        <ele>227.2</ele>
        <time>2026-07-07T07:37:22.000Z</time>
      </trkpt>
      <trkpt lat="53.294102400541306" lon="67.57318859919906">
        <ele>227.6</ele>
        <time>2026-07-07T07:37:59.000Z</time>
      </trkpt>
      <trkpt lat="53.29424757510424" lon="67.57352597080171">
        <ele>228</ele>
        <time>2026-07-07T07:38:11.000Z</time>
      </trkpt>
      <trkpt lat="53.29428043216467" lon="67.57356117479503">
        <ele>228.6</ele>
        <time>2026-07-07T07:38:14.000Z</time>
      </trkpt>
      <trkpt lat="53.294294513762" lon="67.57358690723777">
        <ele>228.8</ele>
        <time>2026-07-07T07:38:16.000Z</time>
      </trkpt>
      <trkpt lat="53.29428386874497" lon="67.5736335106194">
        <ele>229</ele>
        <time>2026-07-07T07:38:18.000Z</time>
      </trkpt>
      <trkpt lat="53.2942651771009" lon="67.57369260303676">
        <ele>229.2</ele>
        <time>2026-07-07T07:38:20.000Z</time>
      </trkpt>
      <trkpt lat="53.2942355889827" lon="67.57379586808383">
        <ele>229.2</ele>
        <time>2026-07-07T07:38:24.000Z</time>
      </trkpt>
      <trkpt lat="53.293970888480544" lon="67.57420591078699">
        <ele>229.4</ele>
        <time>2026-07-07T07:38:39.000Z</time>
      </trkpt>
      <trkpt lat="53.293620608747005" lon="67.57489020936191">
        <ele>229.6</ele>
        <time>2026-07-07T07:38:56.000Z</time>
      </trkpt>
      <trkpt lat="53.293281896039844" lon="67.5755627732724">
        <ele>229.8</ele>
        <time>2026-07-07T07:39:12.000Z</time>
      </trkpt>
      <trkpt lat="53.29298601485789" lon="67.57623005658388">
        <ele>230</ele>
        <time>2026-07-07T07:39:26.000Z</time>
      </trkpt>
      <trkpt lat="53.29266800545156" lon="67.57698300294578">
        <ele>230.4</ele>
        <time>2026-07-07T07:39:42.000Z</time>
      </trkpt>
      <trkpt lat="53.29236977733672" lon="67.5777312554419">
        <ele>230.8</ele>
        <time>2026-07-07T07:39:58.000Z</time>
      </trkpt>
      <trkpt lat="53.29210331663489" lon="67.57846240885556">
        <ele>231.4</ele>
        <time>2026-07-07T07:40:14.000Z</time>
      </trkpt>
      <trkpt lat="53.29183249734342" lon="67.57929699495435">
        <ele>232</ele>
        <time>2026-07-07T07:40:30.000Z</time>
      </trkpt>
      <trkpt lat="53.291588919237256" lon="67.58008296601474">
        <ele>232.4</ele>
        <time>2026-07-07T07:40:46.000Z</time>
      </trkpt>
      <trkpt lat="53.29134332947433" lon="67.58088955655694">
        <ele>233.4</ele>
        <time>2026-07-07T07:41:03.000Z</time>
      </trkpt>
      <trkpt lat="53.29110042192042" lon="67.58167301304638">
        <ele>234.2</ele>
        <time>2026-07-07T07:41:19.000Z</time>
      </trkpt>
      <trkpt lat="53.29088936559856" lon="67.5823562219739">
        <ele>235.2</ele>
        <time>2026-07-07T07:41:35.000Z</time>
      </trkpt>
      <trkpt lat="53.29063296318054" lon="67.58319826796651">
        <ele>236</ele>
        <time>2026-07-07T07:41:51.000Z</time>
      </trkpt>
      <trkpt lat="53.29038376919925" lon="67.58401483297348">
        <ele>236.4</ele>
        <time>2026-07-07T07:42:07.000Z</time>
      </trkpt>
      <trkpt lat="53.290166426450014" lon="67.58472410961986">
        <ele>236.6</ele>
        <time>2026-07-07T07:42:23.000Z</time>
      </trkpt>
      <trkpt lat="53.28991698101163" lon="67.58554729633033">
        <ele>236.8</ele>
        <time>2026-07-07T07:42:39.000Z</time>
      </trkpt>
      <trkpt lat="53.28969486057758" lon="67.58628766983747">
        <ele>237.4</ele>
        <time>2026-07-07T07:42:55.000Z</time>
      </trkpt>
      <trkpt lat="53.28945656307042" lon="67.58706266060472">
        <ele>237.6</ele>
        <time>2026-07-07T07:43:11.000Z</time>
      </trkpt>
      <trkpt lat="53.28919370658696" lon="67.58792272768915">
        <ele>237.8</ele>
        <time>2026-07-07T07:43:28.000Z</time>
      </trkpt>
      <trkpt lat="53.28892221674323" lon="67.58880911394954">
        <ele>237.8</ele>
        <time>2026-07-07T07:43:44.000Z</time>
      </trkpt>
      <trkpt lat="53.288657600060105" lon="67.58968016132712">
        <ele>238.2</ele>
        <time>2026-07-07T07:44:00.000Z</time>
      </trkpt>
      <trkpt lat="53.2884038798511" lon="67.59053939022124">
        <ele>239</ele>
        <time>2026-07-07T07:44:16.000Z</time>
      </trkpt>
      <trkpt lat="53.28817497007549" lon="67.59131555445492">
        <ele>239.8</ele>
        <time>2026-07-07T07:44:32.000Z</time>
      </trkpt>
      <trkpt lat="53.28798503614962" lon="67.59203949943185">
        <ele>240.4</ele>
        <time>2026-07-07T07:44:47.000Z</time>
      </trkpt>
      <trkpt lat="53.28786073252559" lon="67.5925322715193">
        <ele>241</ele>
        <time>2026-07-07T07:45:00.000Z</time>
      </trkpt>
      <trkpt lat="53.287751600146294" lon="67.59299973025918">
        <ele>241.6</ele>
        <time>2026-07-07T07:45:14.000Z</time>
      </trkpt>
      <trkpt lat="53.28764732927084" lon="67.5934474915266">
        <ele>242.4</ele>
        <time>2026-07-07T07:45:27.000Z</time>
      </trkpt>
      <trkpt lat="53.28755269758403" lon="67.5938259344548">
        <ele>243.2</ele>
        <time>2026-07-07T07:45:38.000Z</time>
      </trkpt>
      <trkpt lat="53.287437530234456" lon="67.59420077316463">
        <ele>243.8</ele>
        <time>2026-07-07T07:45:51.000Z</time>
      </trkpt>
      <trkpt lat="53.28726863488555" lon="67.59478121995926">
        <ele>244.6</ele>
        <time>2026-07-07T07:46:06.000Z</time>
      </trkpt>
      <trkpt lat="53.28710066154599" lon="67.59544280357659">
        <ele>245.4</ele>
        <time>2026-07-07T07:46:22.000Z</time>
      </trkpt>
      <trkpt lat="53.28692547976971" lon="67.59612542577088">
        <ele>246.2</ele>
        <time>2026-07-07T07:46:38.000Z</time>
      </trkpt>
      <trkpt lat="53.28673152253032" lon="67.59684199467301">
        <ele>247.2</ele>
        <time>2026-07-07T07:46:54.000Z</time>
      </trkpt>
      <trkpt lat="53.286553071811795" lon="67.597526460886">
        <ele>248.2</ele>
        <time>2026-07-07T07:47:10.000Z</time>
      </trkpt>
      <trkpt lat="53.286381494253874" lon="67.59824411943555">
        <ele>249.2</ele>
        <time>2026-07-07T07:47:26.000Z</time>
      </trkpt>
      <trkpt lat="53.28620589338243" lon="67.5990238878876">
        <ele>249.8</ele>
        <time>2026-07-07T07:47:42.000Z</time>
      </trkpt>
      <trkpt lat="53.28603875823319" lon="67.59978538379073">
        <ele>250.4</ele>
        <time>2026-07-07T07:47:58.000Z</time>
      </trkpt>
      <trkpt lat="53.28587011434138" lon="67.60059339925647">
        <ele>250.4</ele>
        <time>2026-07-07T07:48:15.000Z</time>
      </trkpt>
      <trkpt lat="53.28570147044957" lon="67.6014053542167">
        <ele>251</ele>
        <time>2026-07-07T07:48:31.000Z</time>
      </trkpt>
      <trkpt lat="53.28554389066994" lon="67.60216458700597">
        <ele>251.4</ele>
        <time>2026-07-07T07:48:47.000Z</time>
      </trkpt>
      <trkpt lat="53.28539192676544" lon="67.60293672792614">
        <ele>252.4</ele>
        <time>2026-07-07T07:49:03.000Z</time>
      </trkpt>
      <trkpt lat="53.28523065894842" lon="67.60373502038419">
        <ele>253.4</ele>
        <time>2026-07-07T07:49:19.000Z</time>
      </trkpt>
      <trkpt lat="53.285087160766125" lon="67.60447589680552">
        <ele>254</ele>
        <time>2026-07-07T07:49:35.000Z</time>
      </trkpt>
      <trkpt lat="53.2849311735481" lon="67.60525172576308">
        <ele>254.6</ele>
        <time>2026-07-07T07:49:51.000Z</time>
      </trkpt>
      <trkpt lat="53.28476395457983" lon="67.6061397884041">
        <ele>255</ele>
        <time>2026-07-07T07:50:07.000Z</time>
      </trkpt>
      <trkpt lat="53.28458986245096" lon="67.60698141530156">
        <ele>255.6</ele>
        <time>2026-07-07T07:50:23.000Z</time>
      </trkpt>
      <trkpt lat="53.284421134740114" lon="67.60781491175294">
        <ele>256</ele>
        <time>2026-07-07T07:50:40.000Z</time>
      </trkpt>
      <trkpt lat="53.28423170372844" lon="67.6086507551372">
        <ele>256.2</ele>
        <time>2026-07-07T07:50:56.000Z</time>
      </trkpt>
      <trkpt lat="53.284034226089716" lon="67.60953387245536">
        <ele>256.4</ele>
        <time>2026-07-07T07:51:12.000Z</time>
      </trkpt>
      <trkpt lat="53.283925680443645" lon="67.61004692874849">
        <ele>256.4</ele>
        <time>2026-07-07T07:51:21.000Z</time>
      </trkpt>
      <trkpt lat="53.28371470794082" lon="67.61096147820354">
        <ele>256.8</ele>
        <time>2026-07-07T07:51:37.000Z</time>
      </trkpt>
      <trkpt lat="53.28354036435485" lon="67.61176706291735">
        <ele>257</ele>
        <time>2026-07-07T07:51:51.000Z</time>
      </trkpt>
      <trkpt lat="53.283511362969875" lon="67.61189840734005">
        <ele>257</ele>
        <time>2026-07-07T07:51:53.000Z</time>
      </trkpt>
      <trkpt lat="53.28339485451579" lon="67.61248053051531">
        <ele>257.2</ele>
        <time>2026-07-07T07:52:02.000Z</time>
      </trkpt>
      <trkpt lat="53.283176086843014" lon="67.61349658481777">
        <ele>257.4</ele>
        <time>2026-07-07T07:52:18.000Z</time>
      </trkpt>
      <trkpt lat="53.28291012905538" lon="67.61449319310486">
        <ele>257.4</ele>
        <time>2026-07-07T07:52:34.000Z</time>
      </trkpt>
      <trkpt lat="53.28266428783536" lon="67.61532601900399">
        <ele>257.4</ele>
        <time>2026-07-07T07:52:48.000Z</time>
      </trkpt>
      <trkpt lat="53.28249589540064" lon="67.61591300368309">
        <ele>257.2</ele>
        <time>2026-07-07T07:52:58.000Z</time>
      </trkpt>
      <trkpt lat="53.282207725569606" lon="67.61683945544064">
        <ele>257.2</ele>
        <time>2026-07-07T07:53:14.000Z</time>
      </trkpt>
      <trkpt lat="53.28190413303673" lon="67.61780127882957">
        <ele>257.4</ele>
        <time>2026-07-07T07:53:30.000Z</time>
      </trkpt>
      <trkpt lat="53.281658459454775" lon="67.61862647719681">
        <ele>257</ele>
        <time>2026-07-07T07:53:43.000Z</time>
      </trkpt>
      <trkpt lat="53.28153717331588" lon="67.61903492733836">
        <ele>256.8</ele>
        <time>2026-07-07T07:53:49.000Z</time>
      </trkpt>
      <trkpt lat="53.281365260481834" lon="67.61960380710661">
        <ele>256.6</ele>
        <time>2026-07-07T07:53:57.000Z</time>
      </trkpt>
      <trkpt lat="53.281319914385676" lon="67.61975417844951">
        <ele>256.4</ele>
        <time>2026-07-07T07:53:59.000Z</time>
      </trkpt>
      <trkpt lat="53.281106259673834" lon="67.62045758776367">
        <ele>255.8</ele>
        <time>2026-07-07T07:54:08.000Z</time>
      </trkpt>
      <trkpt lat="53.28073762357235" lon="67.62167162261903">
        <ele>255.4</ele>
        <time>2026-07-07T07:54:24.000Z</time>
      </trkpt>
      <trkpt lat="53.280419278889894" lon="67.62272858060896">
        <ele>254.8</ele>
        <time>2026-07-07T07:54:38.000Z</time>
      </trkpt>
      <trkpt lat="53.28001736663282" lon="67.62411427684128">
        <ele>253.8</ele>
        <time>2026-07-07T07:54:54.000Z</time>
      </trkpt>
      <trkpt lat="53.27968108467758" lon="67.62518925592303">
        <ele>253</ele>
        <time>2026-07-07T07:55:08.000Z</time>
      </trkpt>
      <trkpt lat="53.27945066615939" lon="67.62595561333">
        <ele>252.4</ele>
        <time>2026-07-07T07:55:17.000Z</time>
      </trkpt>
      <trkpt lat="53.279346311464906" lon="67.62630119919777">
        <ele>252</ele>
        <time>2026-07-07T07:55:22.000Z</time>
      </trkpt>
      <trkpt lat="53.279293505474925" lon="67.62647856026888">
        <ele>251.8</ele>
        <time>2026-07-07T07:55:24.000Z</time>
      </trkpt>
      <trkpt lat="53.27910206280649" lon="67.62710058130324">
        <ele>251.2</ele>
        <time>2026-07-07T07:55:31.000Z</time>
      </trkpt>
      <trkpt lat="53.27885362319648" lon="67.627908680588">
        <ele>250.2</ele>
        <time>2026-07-07T07:55:40.000Z</time>
      </trkpt>
      <trkpt lat="53.27844408340752" lon="67.62926378287375">
        <ele>248.8</ele>
        <time>2026-07-07T07:55:55.000Z</time>
      </trkpt>
      <trkpt lat="53.278387589380145" lon="67.62944717891514">
        <ele>248.8</ele>
        <time>2026-07-07T07:55:57.000Z</time>
      </trkpt>
      <trkpt lat="53.27830175869167" lon="67.62972780503333">
        <ele>248.4</ele>
        <time>2026-07-07T07:56:00.000Z</time>
      </trkpt>
      <trkpt lat="53.27804678119719" lon="67.63057957403362">
        <ele>247.4</ele>
        <time>2026-07-07T07:56:09.000Z</time>
      </trkpt>
      <trkpt lat="53.277632212266326" lon="67.63194909319282">
        <ele>246.4</ele>
        <time>2026-07-07T07:56:25.000Z</time>
      </trkpt>
      <trkpt lat="53.27724488452077" lon="67.63321065343916">
        <ele>245.4</ele>
        <time>2026-07-07T07:56:41.000Z</time>
      </trkpt>
      <trkpt lat="53.27704371884465" lon="67.63439007103443">
        <ele>244.8</ele>
        <time>2026-07-07T07:56:55.000Z</time>
      </trkpt>
      <trkpt lat="53.27702762559056" lon="67.63592940755188">
        <ele>243.8</ele>
        <time>2026-07-07T07:57:11.000Z</time>
      </trkpt>
      <trkpt lat="53.27703533694148" lon="67.63729909434915">
        <ele>243.2</ele>
        <time>2026-07-07T07:57:27.000Z</time>
      </trkpt>
      <trkpt lat="53.27704899944365" lon="67.63863827101886">
        <ele>242.8</ele>
        <time>2026-07-07T07:57:44.000Z</time>
      </trkpt>
      <trkpt lat="53.27706752344966" lon="67.64005280099809">
        <ele>242.4</ele>
        <time>2026-07-07T07:58:00.000Z</time>
      </trkpt>
      <trkpt lat="53.27709727920592" lon="67.64147001318634">
        <ele>241.6</ele>
        <time>2026-07-07T07:58:16.000Z</time>
      </trkpt>
      <trkpt lat="53.27711253426969" lon="67.64282578602433">
        <ele>241.4</ele>
        <time>2026-07-07T07:58:32.000Z</time>
      </trkpt>
      <trkpt lat="53.27711798250675" lon="67.64400511980057">
        <ele>242</ele>
        <time>2026-07-07T07:58:48.000Z</time>
      </trkpt>
      <trkpt lat="53.27712871134281" lon="67.6450531091541">
        <ele>243</ele>
        <time>2026-07-07T07:59:04.000Z</time>
      </trkpt>
      <trkpt lat="53.27714086510241" lon="67.64589758589864">
        <ele>244</ele>
        <time>2026-07-07T07:59:20.000Z</time>
      </trkpt>
      <trkpt lat="53.27714706771076" lon="67.64681071043015">
        <ele>245</ele>
        <time>2026-07-07T07:59:36.000Z</time>
      </trkpt>
      <trkpt lat="53.277153270319104" lon="67.64768603257835">
        <ele>245.4</ele>
        <time>2026-07-07T07:59:52.000Z</time>
      </trkpt>
      <trkpt lat="53.277161065489054" lon="67.64856370165944">
        <ele>246.2</ele>
        <time>2026-07-07T08:00:09.000Z</time>
      </trkpt>
      <trkpt lat="53.277171459048986" lon="67.6494360063225">
        <ele>246.6</ele>
        <time>2026-07-07T08:00:25.000Z</time>
      </trkpt>
      <trkpt lat="53.27717749401927" lon="67.6503776293248">
        <ele>246.8</ele>
        <time>2026-07-07T08:00:41.000Z</time>
      </trkpt>
      <trkpt lat="53.27718889340758" lon="67.65128111466765">
        <ele>247</ele>
        <time>2026-07-07T08:00:57.000Z</time>
      </trkpt>
      <trkpt lat="53.277196856215596" lon="67.65221720561385">
        <ele>247</ele>
        <time>2026-07-07T08:01:13.000Z</time>
      </trkpt>
      <trkpt lat="53.27720942907035" lon="67.65316997654736">
        <ele>247.4</ele>
        <time>2026-07-07T08:01:29.000Z</time>
      </trkpt>
      <trkpt lat="53.277215883135796" lon="67.65400598756969">
        <ele>248.2</ele>
        <time>2026-07-07T08:01:45.000Z</time>
      </trkpt>
      <trkpt lat="53.27722401358187" lon="67.65496051870286">
        <ele>248.8</ele>
        <time>2026-07-07T08:02:01.000Z</time>
      </trkpt>
      <trkpt lat="53.27723759226501" lon="67.65584950335324">
        <ele>249.4</ele>
        <time>2026-07-07T08:02:17.000Z</time>
      </trkpt>
      <trkpt lat="53.27724589034915" lon="67.65671275556087">
        <ele>250</ele>
        <time>2026-07-07T08:02:34.000Z</time>
      </trkpt>
      <trkpt lat="53.27725460752845" lon="67.65759386122227">
        <ele>250.2</ele>
        <time>2026-07-07T08:02:50.000Z</time>
      </trkpt>
      <trkpt lat="53.27726726420224" lon="67.6585334725678">
        <ele>250.4</ele>
        <time>2026-07-07T08:03:06.000Z</time>
      </trkpt>
      <trkpt lat="53.27727212570608" lon="67.65950158238411">
        <ele>250.8</ele>
        <time>2026-07-07T08:03:22.000Z</time>
      </trkpt>
      <trkpt lat="53.27728101052344" lon="67.66043432056904">
        <ele>251.2</ele>
        <time>2026-07-07T08:03:38.000Z</time>
      </trkpt>
      <trkpt lat="53.27729031443596" lon="67.66137368045747">
        <ele>251.8</ele>
        <time>2026-07-07T08:03:54.000Z</time>
      </trkpt>
      <trkpt lat="53.27729442156851" lon="67.66218320466578">
        <ele>252.4</ele>
        <time>2026-07-07T08:04:10.000Z</time>
      </trkpt>
      <trkpt lat="53.27730297110975" lon="67.66316941939294">
        <ele>252.8</ele>
        <time>2026-07-07T08:04:26.000Z</time>
      </trkpt>
      <trkpt lat="53.27730942517519" lon="67.6640699710697">
        <ele>253.2</ele>
        <time>2026-07-07T08:04:42.000Z</time>
      </trkpt>
      <trkpt lat="53.27731562778354" lon="67.6649815030396">
        <ele>253.8</ele>
        <time>2026-07-07T08:04:59.000Z</time>
      </trkpt>
      <trkpt lat="53.27732359059155" lon="67.66585120931268">
        <ele>254</ele>
        <time>2026-07-07T08:05:15.000Z</time>
      </trkpt>
      <trkpt lat="53.27734027057886" lon="67.66674648039043">
        <ele>254.2</ele>
        <time>2026-07-07T08:05:31.000Z</time>
      </trkpt>
      <trkpt lat="53.277337001636624" lon="67.66761727631092">
        <ele>254.4</ele>
        <time>2026-07-07T08:05:47.000Z</time>
      </trkpt>
      <trkpt lat="53.277339013293386" lon="67.66857943497598">
        <ele>254.8</ele>
        <time>2026-07-07T08:06:03.000Z</time>
      </trkpt>
      <trkpt lat="53.2773070782423" lon="67.66952608712018">
        <ele>255.2</ele>
        <time>2026-07-07T08:06:19.000Z</time>
      </trkpt>
      <trkpt lat="53.277254523709416" lon="67.67044080421329">
        <ele>255.4</ele>
        <time>2026-07-07T08:06:35.000Z</time>
      </trkpt>
      <trkpt lat="53.277184618636966" lon="67.67142777331173">
        <ele>255.8</ele>
        <time>2026-07-07T08:06:51.000Z</time>
      </trkpt>
      <trkpt lat="53.27709635719657" lon="67.67238171771169">
        <ele>255.6</ele>
        <time>2026-07-07T08:07:07.000Z</time>
      </trkpt>
      <trkpt lat="53.2769894041121" lon="67.67334756441414">
        <ele>255.6</ele>
        <time>2026-07-07T08:07:24.000Z</time>
      </trkpt>
      <trkpt lat="53.276881612837315" lon="67.67399841919541">
        <ele>255.6</ele>
        <time>2026-07-07T08:07:40.000Z</time>
      </trkpt>
      <trkpt lat="53.27679041773081" lon="67.67466151155531">
        <ele>255.8</ele>
        <time>2026-07-07T08:12:24.000Z</time>
      </trkpt>
      <trkpt lat="53.276661755517125" lon="67.67539241351187">
        <ele>256.2</ele>
        <time>2026-07-07T08:12:40.000Z</time>
      </trkpt>
      <trkpt lat="53.27652219682932" lon="67.67622959800065">
        <ele>256.6</ele>
        <time>2026-07-07T08:12:56.000Z</time>
      </trkpt>
      <trkpt lat="53.27636671252549" lon="67.6771335862577">
        <ele>256.6</ele>
        <time>2026-07-07T08:13:12.000Z</time>
      </trkpt>
      <trkpt lat="53.276212234050035" lon="67.67807738855481">
        <ele>257</ele>
        <time>2026-07-07T08:13:28.000Z</time>
      </trkpt>
      <trkpt lat="53.27607217244804" lon="67.67895488999784">
        <ele>257.6</ele>
        <time>2026-07-07T08:13:44.000Z</time>
      </trkpt>
      <trkpt lat="53.27593387104571" lon="67.67992266453803">
        <ele>258</ele>
        <time>2026-07-07T08:14:00.000Z</time>
      </trkpt>
      <trkpt lat="53.27579523436725" lon="67.68089932389557">
        <ele>258</ele>
        <time>2026-07-07T08:14:16.000Z</time>
      </trkpt>
      <trkpt lat="53.27564109116793" lon="67.68200665712357">
        <ele>257.8</ele>
        <time>2026-07-07T08:14:33.000Z</time>
      </trkpt>
      <trkpt lat="53.27549675479531" lon="67.68303335644305">
        <ele>258</ele>
        <time>2026-07-07T08:14:49.000Z</time>
      </trkpt>
      <trkpt lat="53.27535409480333" lon="67.68401236273348">
        <ele>258.2</ele>
        <time>2026-07-07T08:15:05.000Z</time>
      </trkpt>
      <trkpt lat="53.27520992606878" lon="67.68502665683627">
        <ele>258.2</ele>
        <time>2026-07-07T08:15:21.000Z</time>
      </trkpt>
      <trkpt lat="53.275051675736904" lon="67.68611236475408">
        <ele>258.2</ele>
        <time>2026-07-07T08:15:37.000Z</time>
      </trkpt>
      <trkpt lat="53.27490700408816" lon="67.68712950870395">
        <ele>258.4</ele>
        <time>2026-07-07T08:15:53.000Z</time>
      </trkpt>
      <trkpt lat="53.27476937323809" lon="67.68803961575031">
        <ele>259</ele>
        <time>2026-07-07T08:16:09.000Z</time>
      </trkpt>
      <trkpt lat="53.274622689932585" lon="67.688974365592">
        <ele>259.6</ele>
        <time>2026-07-07T08:16:25.000Z</time>
      </trkpt>
      <trkpt lat="53.27447206713259" lon="67.68978531472385">
        <ele>260.6</ele>
        <time>2026-07-07T08:16:41.000Z</time>
      </trkpt>
      <trkpt lat="53.27431222423911" lon="67.690560054034">
        <ele>261.6</ele>
        <time>2026-07-07T08:16:58.000Z</time>
      </trkpt>
      <trkpt lat="53.274148693308234" lon="67.69124795682728">
        <ele>262.6</ele>
        <time>2026-07-07T08:17:14.000Z</time>
      </trkpt>
      <trkpt lat="53.27400737442076" lon="67.69182588905096">
        <ele>263.8</ele>
        <time>2026-07-07T08:17:30.000Z</time>
      </trkpt>
      <trkpt lat="53.27386261895299" lon="67.6924108620733">
        <ele>264.8</ele>
        <time>2026-07-07T08:17:46.000Z</time>
      </trkpt>
      <trkpt lat="53.27371660619974" lon="67.69298736937344">
        <ele>265.8</ele>
        <time>2026-07-07T08:18:02.000Z</time>
      </trkpt>
      <trkpt lat="53.273579478263855" lon="67.69359287805855">
        <ele>266.6</ele>
        <time>2026-07-07T08:18:18.000Z</time>
      </trkpt>
      <trkpt lat="53.27342793345451" lon="67.69417885690928">
        <ele>267.4</ele>
        <time>2026-07-07T08:18:34.000Z</time>
      </trkpt>
      <trkpt lat="53.27327420935035" lon="67.69482468254864">
        <ele>268.2</ele>
        <time>2026-07-07T08:18:50.000Z</time>
      </trkpt>
      <trkpt lat="53.27313406392932" lon="67.69543723203242">
        <ele>269.2</ele>
        <time>2026-07-07T08:19:07.000Z</time>
      </trkpt>
      <trkpt lat="53.27301696874201" lon="67.69593981094658">
        <ele>270.4</ele>
        <time>2026-07-07T08:19:23.000Z</time>
      </trkpt>
      <trkpt lat="53.27289995737374" lon="67.69648161716759">
        <ele>271.4</ele>
        <time>2026-07-07T08:19:39.000Z</time>
      </trkpt>
      <trkpt lat="53.27277355827391" lon="67.69701730459929">
        <ele>272.2</ele>
        <time>2026-07-07T08:19:55.000Z</time>
      </trkpt>
      <trkpt lat="53.27266995795071" lon="67.69751510582864">
        <ele>272.8</ele>
        <time>2026-07-07T08:20:11.000Z</time>
      </trkpt>
      <trkpt lat="53.27255319803953" lon="67.69802841357887">
        <ele>273.4</ele>
        <time>2026-07-07T08:20:27.000Z</time>
      </trkpt>
      <trkpt lat="53.27242713421583" lon="67.69858916290104">
        <ele>273.8</ele>
        <time>2026-07-07T08:20:43.000Z</time>
      </trkpt>
      <trkpt lat="53.27230542898178" lon="67.69915812648833">
        <ele>274.2</ele>
        <time>2026-07-07T08:20:59.000Z</time>
      </trkpt>
      <trkpt lat="53.27215229161084" lon="67.6998068857938">
        <ele>275</ele>
        <time>2026-07-07T08:21:15.000Z</time>
      </trkpt>
      <trkpt lat="53.27200518921018" lon="67.70043980330229">
        <ele>275.6</ele>
        <time>2026-07-07T08:21:32.000Z</time>
      </trkpt>
      <trkpt lat="53.27185297384858" lon="67.7011214196682">
        <ele>276</ele>
        <time>2026-07-07T08:21:48.000Z</time>
      </trkpt>
      <trkpt lat="53.27165759168565" lon="67.70196178928018">
        <ele>276.4</ele>
        <time>2026-07-07T08:22:04.000Z</time>
      </trkpt>
      <trkpt lat="53.2714460324496" lon="67.70289570093155">
        <ele>276.4</ele>
        <time>2026-07-07T08:22:20.000Z</time>
      </trkpt>
      <trkpt lat="53.27120807021856" lon="67.703906474635">
        <ele>276.2</ele>
        <time>2026-07-07T08:22:36.000Z</time>
      </trkpt>
      <trkpt lat="53.270961390808225" lon="67.70499628968537">
        <ele>276</ele>
        <time>2026-07-07T08:22:52.000Z</time>
      </trkpt>
      <trkpt lat="53.27068378217518" lon="67.70619783550501">
        <ele>276.2</ele>
        <time>2026-07-07T08:23:08.000Z</time>
      </trkpt>
      <trkpt lat="53.270409693941474" lon="67.70740482956171">
        <ele>276</ele>
        <time>2026-07-07T08:23:24.000Z</time>
      </trkpt>
      <trkpt lat="53.270118003711104" lon="67.70867896266282">
        <ele>276.2</ele>
        <time>2026-07-07T08:23:40.000Z</time>
      </trkpt>
      <trkpt lat="53.26985405758023" lon="67.70982468500733">
        <ele>276.4</ele>
        <time>2026-07-07T08:23:57.000Z</time>
      </trkpt>
      <trkpt lat="53.26959170401096" lon="67.71094777621329">
        <ele>276.8</ele>
        <time>2026-07-07T08:24:13.000Z</time>
      </trkpt>
      <trkpt lat="53.269360614940524" lon="67.7118968591094">
        <ele>277.2</ele>
        <time>2026-07-07T08:24:29.000Z</time>
      </trkpt>
      <trkpt lat="53.26920169405639" lon="67.71264511160553">
        <ele>277.4</ele>
        <time>2026-07-07T08:24:45.000Z</time>
      </trkpt>
      <trkpt lat="53.2689664978534" lon="67.71367692388594">
        <ele>277.8</ele>
        <time>2026-07-07T08:25:01.000Z</time>
      </trkpt>
      <trkpt lat="53.268750915303826" lon="67.71464570425451">
        <ele>278.6</ele>
        <time>2026-07-07T08:25:17.000Z</time>
      </trkpt>
      <trkpt lat="53.2685621548444" lon="67.71546361036599">
        <ele>279.4</ele>
        <time>2026-07-07T08:25:33.000Z</time>
      </trkpt>
      <trkpt lat="53.26835612766445" lon="67.71635276265442">
        <ele>280.2</ele>
        <time>2026-07-07T08:25:49.000Z</time>
      </trkpt>
      <trkpt lat="53.26815697364509" lon="67.7172089740634">
        <ele>281.2</ele>
        <time>2026-07-07T08:26:05.000Z</time>
      </trkpt>
      <trkpt lat="53.26797458343208" lon="67.71804632619023">
        <ele>281.8</ele>
        <time>2026-07-07T08:26:22.000Z</time>
      </trkpt>
      <trkpt lat="53.26775933615863" lon="67.71897437050939">
        <ele>282.2</ele>
        <time>2026-07-07T08:26:38.000Z</time>
      </trkpt>
      <trkpt lat="53.267548363655806" lon="67.7198973018676">
        <ele>282.8</ele>
        <time>2026-07-07T08:26:54.000Z</time>
      </trkpt>
      <trkpt lat="53.267316687852144" lon="67.72092316299677">
        <ele>283.2</ele>
        <time>2026-07-07T08:27:10.000Z</time>
      </trkpt>
      <trkpt lat="53.26707227155566" lon="67.72198783233762">
        <ele>283.2</ele>
        <time>2026-07-07T08:27:26.000Z</time>
      </trkpt>
      <trkpt lat="53.26682332903147" lon="67.72304520942271">
        <ele>283.6</ele>
        <time>2026-07-07T08:27:42.000Z</time>
      </trkpt>
      <trkpt lat="53.266596514731646" lon="67.72403159178793">
        <ele>284</ele>
        <time>2026-07-07T08:27:58.000Z</time>
      </trkpt>
      <trkpt lat="53.26635058969259" lon="67.72510380484164">
        <ele>284.2</ele>
        <time>2026-07-07T08:28:14.000Z</time>
      </trkpt>
      <trkpt lat="53.26610282063484" lon="67.72619370371103">
        <ele>284.2</ele>
        <time>2026-07-07T08:28:30.000Z</time>
      </trkpt>
      <trkpt lat="53.2658357731998" lon="67.72734479047358">
        <ele>284.2</ele>
        <time>2026-07-07T08:28:47.000Z</time>
      </trkpt>
      <trkpt lat="53.2655574940145" lon="67.72857491858304">
        <ele>283.6</ele>
        <time>2026-07-07T08:29:03.000Z</time>
      </trkpt>
      <trkpt lat="53.26525608077645" lon="67.729880400002">
        <ele>283</ele>
        <time>2026-07-07T08:29:19.000Z</time>
      </trkpt>
      <trkpt lat="53.26495550572872" lon="67.73121731355786">
        <ele>282.4</ele>
        <time>2026-07-07T08:29:35.000Z</time>
      </trkpt>
      <trkpt lat="53.26467789709568" lon="67.73265757597983">
        <ele>281.6</ele>
        <time>2026-07-07T08:29:51.000Z</time>
      </trkpt>
      <trkpt lat="53.26453515328467" lon="67.73417495191097">
        <ele>280.6</ele>
        <time>2026-07-07T08:30:07.000Z</time>
      </trkpt>
      <trkpt lat="53.26454001478851" lon="67.7357485704124">
        <ele>279.4</ele>
        <time>2026-07-07T08:30:23.000Z</time>
      </trkpt>
      <trkpt lat="53.26455560512841" lon="67.7375303953886">
        <ele>278.8</ele>
        <time>2026-07-07T08:30:39.000Z</time>
      </trkpt>
      <trkpt lat="53.26456650160253" lon="67.73898373357952">
        <ele>277.8</ele>
        <time>2026-07-07T08:30:53.000Z</time>
      </trkpt>
      <trkpt lat="53.264569686725736" lon="67.7401592116803">
        <ele>276.8</ele>
        <time>2026-07-07T08:31:05.000Z</time>
      </trkpt>
      <trkpt lat="53.26457295566797" lon="67.7418424654752">
        <ele>276</ele>
        <time>2026-07-07T08:31:21.000Z</time>
      </trkpt>
      <trkpt lat="53.2645751349628" lon="67.74227488785982">
        <ele>275.8</ele>
        <time>2026-07-07T08:31:25.000Z</time>
      </trkpt>
      <trkpt lat="53.26457806862891" lon="67.74282415397465">
        <ele>275.4</ele>
        <time>2026-07-07T08:31:30.000Z</time>
      </trkpt>
      <trkpt lat="53.26457773335278" lon="67.74304702877998">
        <ele>275.4</ele>
        <time>2026-07-07T08:31:32.000Z</time>
      </trkpt>
      <trkpt lat="53.264579912647605" lon="67.74428562261164">
        <ele>274.6</ele>
        <time>2026-07-07T08:31:43.000Z</time>
      </trkpt>
      <trkpt lat="53.26458795927465" lon="67.74605571292341">
        <ele>273.6</ele>
        <time>2026-07-07T08:31:59.000Z</time>
      </trkpt>
      <trkpt lat="53.26459726318717" lon="67.74768272414804">
        <ele>272.8</ele>
        <time>2026-07-07T08:32:15.000Z</time>
      </trkpt>
      <trkpt lat="53.264606734737754" lon="67.7492733579129">
        <ele>272</ele>
        <time>2026-07-07T08:32:31.000Z</time>
      </trkpt>
      <trkpt lat="53.26461059041321" lon="67.75088335387409">
        <ele>271</ele>
        <time>2026-07-07T08:32:47.000Z</time>
      </trkpt>
      <trkpt lat="53.26462358236313" lon="67.75265285745263">
        <ele>270</ele>
        <time>2026-07-07T08:33:03.000Z</time>
      </trkpt>
      <trkpt lat="53.26463389210403" lon="67.75426402688026">
        <ele>269.2</ele>
        <time>2026-07-07T08:33:19.000Z</time>
      </trkpt>
      <trkpt lat="53.26464646495879" lon="67.75596681050956">
        <ele>268.2</ele>
        <time>2026-07-07T08:33:36.000Z</time>
      </trkpt>
      <trkpt lat="53.26464579440653" lon="67.75761242955923">
        <ele>267.6</ele>
        <time>2026-07-07T08:33:52.000Z</time>
      </trkpt>
      <trkpt lat="53.26460933312774" lon="67.75913156569004">
        <ele>267.4</ele>
        <time>2026-07-07T08:34:08.000Z</time>
      </trkpt>
      <trkpt lat="53.26449315994978" lon="67.7605445869267">
        <ele>267.8</ele>
        <time>2026-07-07T08:34:24.000Z</time>
      </trkpt>
      <trkpt lat="53.264330718666315" lon="67.7619590330869">
        <ele>267.8</ele>
        <time>2026-07-07T08:34:40.000Z</time>
      </trkpt>
      <trkpt lat="53.264160230755806" lon="67.76342729106545">
        <ele>267</ele>
        <time>2026-07-07T08:34:56.000Z</time>
      </trkpt>
      <trkpt lat="53.26399669982493" lon="67.7648838981986">
        <ele>266.4</ele>
        <time>2026-07-07T08:35:12.000Z</time>
      </trkpt>
      <trkpt lat="53.26383166015148" lon="67.76637780480087">
        <ele>266.2</ele>
        <time>2026-07-07T08:35:28.000Z</time>
      </trkpt>
      <trkpt lat="53.26367190107703" lon="67.76775830425322">
        <ele>266.4</ele>
        <time>2026-07-07T08:35:44.000Z</time>
      </trkpt>
      <trkpt lat="53.26355245895684" lon="67.76884652674198">
        <ele>267.8</ele>
        <time>2026-07-07T08:36:01.000Z</time>
      </trkpt>
      <trkpt lat="53.2634733337909" lon="67.76948070153594">
        <ele>269</ele>
        <time>2026-07-07T08:36:17.000Z</time>
      </trkpt>
      <trkpt lat="53.263394460082054" lon="67.77004673145711">
        <ele>270</ele>
        <time>2026-07-07T08:36:33.000Z</time>
      </trkpt>
      <trkpt lat="53.263297732919455" lon="67.77063681744039">
        <ele>271</ele>
        <time>2026-07-07T08:36:49.000Z</time>
      </trkpt>
      <trkpt lat="53.263177117332816" lon="67.77122807689011">
        <ele>272</ele>
        <time>2026-07-07T08:37:05.000Z</time>
      </trkpt>
      <trkpt lat="53.26304937712848" lon="67.77183232828975">
        <ele>273</ele>
        <time>2026-07-07T08:37:21.000Z</time>
      </trkpt>
      <trkpt lat="53.26290646567941" lon="67.77239969931543">
        <ele>273.4</ele>
        <time>2026-07-07T08:37:37.000Z</time>
      </trkpt>
      <trkpt lat="53.262749472633004" lon="67.7730658929795">
        <ele>273.6</ele>
        <time>2026-07-07T08:37:53.000Z</time>
      </trkpt>
      <trkpt lat="53.26270789839327" lon="67.77339790016413">
        <ele>273.6</ele>
        <time>2026-07-07T08:38:03.000Z</time>
      </trkpt>
      <trkpt lat="53.26269121840596" lon="67.77325691655278">
        <ele>273.6</ele>
        <time>2026-07-07T08:38:10.000Z</time>
      </trkpt>
      <trkpt lat="53.26274327002466" lon="67.77322028763592">
        <ele>273.6</ele>
        <time>2026-07-07T08:41:19.000Z</time>
      </trkpt>
      <trkpt lat="53.26253288425505" lon="67.77395579963923">
        <ele>273.6</ele>
        <time>2026-07-07T08:41:35.000Z</time>
      </trkpt>
      <trkpt lat="53.26230707578361" lon="67.77494595386088">
        <ele>272.8</ele>
        <time>2026-07-07T08:41:51.000Z</time>
      </trkpt>
      <trkpt lat="53.262156369164586" lon="67.77611447498202">
        <ele>271.8</ele>
        <time>2026-07-07T08:42:07.000Z</time>
      </trkpt>
      <trkpt lat="53.26215175911784" lon="67.77760058641434">
        <ele>269.8</ele>
        <time>2026-07-07T08:42:23.000Z</time>
      </trkpt>
      <trkpt lat="53.26229785569012" lon="67.77867338620126">
        <ele>268.4</ele>
        <time>2026-07-07T08:42:32.000Z</time>
      </trkpt>
      <trkpt lat="53.2623437885195" lon="67.77890581637621">
        <ele>268</ele>
        <time>2026-07-07T08:42:34.000Z</time>
      </trkpt>
      <trkpt lat="53.262427523732185" lon="67.77928258292377">
        <ele>267.2</ele>
        <time>2026-07-07T08:42:39.000Z</time>
      </trkpt>
      <trkpt lat="53.262829184532166" lon="67.78111805208027">
        <ele>265.6</ele>
        <time>2026-07-07T08:42:56.000Z</time>
      </trkpt>
      <trkpt lat="53.263167310506105" lon="67.78265051543713">
        <ele>265</ele>
        <time>2026-07-07T08:43:12.000Z</time>
      </trkpt>
      <trkpt lat="53.26344760134816" lon="67.78389053419232">
        <ele>265.2</ele>
        <time>2026-07-07T08:43:28.000Z</time>
      </trkpt>
      <trkpt lat="53.263704255223274" lon="67.78499971143901">
        <ele>265.4</ele>
        <time>2026-07-07T08:43:44.000Z</time>
      </trkpt>
      <trkpt lat="53.263934003189206" lon="67.78603898361325">
        <ele>265.6</ele>
        <time>2026-07-07T08:44:00.000Z</time>
      </trkpt>
      <trkpt lat="53.26417867094278" lon="67.78710382059216">
        <ele>265.8</ele>
        <time>2026-07-07T08:44:16.000Z</time>
      </trkpt>
      <trkpt lat="53.2644332293421" lon="67.78819439001381">
        <ele>265.8</ele>
        <time>2026-07-07T08:44:32.000Z</time>
      </trkpt>
      <trkpt lat="53.26468669809401" lon="67.78927557170391">
        <ele>265.8</ele>
        <time>2026-07-07T08:44:48.000Z</time>
      </trkpt>
      <trkpt lat="53.26492357067764" lon="67.79037527740002">
        <ele>266.2</ele>
        <time>2026-07-07T08:45:04.000Z</time>
      </trkpt>
      <trkpt lat="53.26507796533406" lon="67.7913882303983">
        <ele>266.4</ele>
        <time>2026-07-07T08:45:21.000Z</time>
      </trkpt>
      <trkpt lat="53.26514602638781" lon="67.79227771796286">
        <ele>266.8</ele>
        <time>2026-07-07T08:45:35.000Z</time>
      </trkpt>
      <trkpt lat="53.26499439775944" lon="67.7933946903795">
        <ele>267</ele>
        <time>2026-07-07T08:45:51.000Z</time>
      </trkpt>
      <trkpt lat="53.264826172962785" lon="67.79458056204021">
        <ele>267</ele>
        <time>2026-07-07T08:46:07.000Z</time>
      </trkpt>
      <trkpt lat="53.264690805226564" lon="67.7955428045243">
        <ele>266.8</ele>
        <time>2026-07-07T08:46:23.000Z</time>
      </trkpt>
      <trkpt lat="53.26455459930003" lon="67.79651896096766">
        <ele>266.8</ele>
        <time>2026-07-07T08:46:39.000Z</time>
      </trkpt>
      <trkpt lat="53.264413280412555" lon="67.79761699028313">
        <ele>266.8</ele>
        <time>2026-07-07T08:46:55.000Z</time>
      </trkpt>
      <trkpt lat="53.26427430845797" lon="67.79868031851947">
        <ele>267</ele>
        <time>2026-07-07T08:47:11.000Z</time>
      </trkpt>
      <trkpt lat="53.2641173992306" lon="67.79984381049871">
        <ele>267</ele>
        <time>2026-07-07T08:47:27.000Z</time>
      </trkpt>
      <trkpt lat="53.264024863019586" lon="67.80095315538347">
        <ele>267</ele>
        <time>2026-07-07T08:47:44.000Z</time>
      </trkpt>
      <trkpt lat="53.26400298625231" lon="67.80207616277039">
        <ele>267.4</ele>
        <time>2026-07-07T08:48:00.000Z</time>
      </trkpt>
      <trkpt lat="53.26402368955314" lon="67.80324527062476">
        <ele>267.6</ele>
        <time>2026-07-07T08:48:16.000Z</time>
      </trkpt>
      <trkpt lat="53.26405277475715" lon="67.80438529327512">
        <ele>267.6</ele>
        <time>2026-07-07T08:48:32.000Z</time>
      </trkpt>
      <trkpt lat="53.264077669009566" lon="67.80551659874618">
        <ele>267.8</ele>
        <time>2026-07-07T08:48:48.000Z</time>
      </trkpt>
      <trkpt lat="53.264102563261986" lon="67.80657288618386">
        <ele>268.2</ele>
        <time>2026-07-07T08:49:04.000Z</time>
      </trkpt>
      <trkpt lat="53.264124523848295" lon="67.80751216225326">
        <ele>268.8</ele>
        <time>2026-07-07T08:49:20.000Z</time>
      </trkpt>
      <trkpt lat="53.26414966955781" lon="67.80846585519612">
        <ele>269.2</ele>
        <time>2026-07-07T08:49:36.000Z</time>
      </trkpt>
      <trkpt lat="53.26416936703026" lon="67.80953479930758">
        <ele>269.4</ele>
        <time>2026-07-07T08:49:52.000Z</time>
      </trkpt>
      <trkpt lat="53.2641932554543" lon="67.81048622913659">
        <ele>270.2</ele>
        <time>2026-07-07T08:50:09.000Z</time>
      </trkpt>
      <trkpt lat="53.264211528003216" lon="67.81143112108111">
        <ele>270.6</ele>
        <time>2026-07-07T08:50:25.000Z</time>
      </trkpt>
      <trkpt lat="53.26422426849604" lon="67.81238456256688">
        <ele>270.8</ele>
        <time>2026-07-07T08:50:41.000Z</time>
      </trkpt>
      <trkpt lat="53.26424296014011" lon="67.81333850696683">
        <ele>271.4</ele>
        <time>2026-07-07T08:50:57.000Z</time>
      </trkpt>
      <trkpt lat="53.2642659265548" lon="67.81433042138815">
        <ele>272</ele>
        <time>2026-07-07T08:51:13.000Z</time>
      </trkpt>
      <trkpt lat="53.26428688131273" lon="67.81535401940346">
        <ele>272.2</ele>
        <time>2026-07-07T08:51:29.000Z</time>
      </trkpt>
      <trkpt lat="53.26430615969002" lon="67.81633973121643">
        <ele>272.4</ele>
        <time>2026-07-07T08:51:45.000Z</time>
      </trkpt>
      <trkpt lat="53.26432518661022" lon="67.81738235615194">
        <ele>272.6</ele>
        <time>2026-07-07T08:52:01.000Z</time>
      </trkpt>
      <trkpt lat="53.26434211805463" lon="67.8184150904417">
        <ele>273</ele>
        <time>2026-07-07T08:52:17.000Z</time>
      </trkpt>
      <trkpt lat="53.26436131261289" lon="67.8194045741111">
        <ele>273</ele>
        <time>2026-07-07T08:52:34.000Z</time>
      </trkpt>
      <trkpt lat="53.264381596818566" lon="67.82040168531239">
        <ele>273.4</ele>
        <time>2026-07-07T08:52:50.000Z</time>
      </trkpt>
      <trkpt lat="53.264399617910385" lon="67.82134188339114">
        <ele>274</ele>
        <time>2026-07-07T08:53:06.000Z</time>
      </trkpt>
      <trkpt lat="53.26443247497082" lon="67.82230035401881">
        <ele>274</ele>
        <time>2026-07-07T08:53:22.000Z</time>
      </trkpt>
      <trkpt lat="53.26445946469903" lon="67.82340307720006">
        <ele>273.8</ele>
        <time>2026-07-07T08:53:38.000Z</time>
      </trkpt>
      <trkpt lat="53.264477234333754" lon="67.82449322752655">
        <ele>273.8</ele>
        <time>2026-07-07T08:53:54.000Z</time>
      </trkpt>
      <trkpt lat="53.26449575833976" lon="67.8254611697048">
        <ele>274.4</ele>
        <time>2026-07-07T08:54:10.000Z</time>
      </trkpt>
      <trkpt lat="53.26451662927866" lon="67.82646020874381">
        <ele>274.6</ele>
        <time>2026-07-07T08:54:26.000Z</time>
      </trkpt>
      <trkpt lat="53.26454445719719" lon="67.82763618975878">
        <ele>274.4</ele>
        <time>2026-07-07T08:54:42.000Z</time>
      </trkpt>
      <trkpt lat="53.26457429677248" lon="67.8287903778255">
        <ele>274</ele>
        <time>2026-07-07T08:54:59.000Z</time>
      </trkpt>
      <trkpt lat="53.264603801071644" lon="67.82989167608321">
        <ele>273.8</ele>
        <time>2026-07-07T08:55:15.000Z</time>
      </trkpt>
      <trkpt lat="53.26463179662824" lon="67.8310125041753">
        <ele>273.4</ele>
        <time>2026-07-07T08:55:31.000Z</time>
      </trkpt>
      <trkpt lat="53.26464009471238" lon="67.83207767643034">
        <ele>273.6</ele>
        <time>2026-07-07T08:55:47.000Z</time>
      </trkpt>
      <trkpt lat="53.26465937308967" lon="67.83308249898255">
        <ele>273.4</ele>
        <time>2026-07-07T08:56:03.000Z</time>
      </trkpt>
      <trkpt lat="53.26467789709568" lon="67.83407189883292">
        <ele>274.2</ele>
        <time>2026-07-07T08:56:19.000Z</time>
      </trkpt>
      <trkpt lat="53.26469985768199" lon="67.835031459108">
        <ele>274.4</ele>
        <time>2026-07-07T08:56:35.000Z</time>
      </trkpt>
      <trkpt lat="53.26471553184092" lon="67.83599873073399">
        <ele>274.8</ele>
        <time>2026-07-07T08:56:51.000Z</time>
      </trkpt>
      <trkpt lat="53.264736821874976" lon="67.83699081279337">
        <ele>275</ele>
        <time>2026-07-07T08:57:07.000Z</time>
      </trkpt>
      <trkpt lat="53.264757776632905" lon="67.83794199116528">
        <ele>275.4</ele>
        <time>2026-07-07T08:57:24.000Z</time>
      </trkpt>
      <trkpt lat="53.26478065922856" lon="67.83893340267241">
        <ele>275.2</ele>
        <time>2026-07-07T08:57:40.000Z</time>
      </trkpt>
      <trkpt lat="53.26480387710035" lon="67.83997569233179">
        <ele>275.2</ele>
        <time>2026-07-07T08:57:56.000Z</time>
      </trkpt>
      <trkpt lat="53.264819299802184" lon="67.84085855819285">
        <ele>275.6</ele>
        <time>2026-07-07T08:58:12.000Z</time>
      </trkpt>
      <trkpt lat="53.26483371667564" lon="67.84173245541751">
        <ele>275.8</ele>
        <time>2026-07-07T08:58:28.000Z</time>
      </trkpt>
      <trkpt lat="53.26485073193908" lon="67.84265773370862">
        <ele>276.2</ele>
        <time>2026-07-07T08:58:44.000Z</time>
      </trkpt>
      <trkpt lat="53.26486540026963" lon="67.84356415271759">
        <ele>276.6</ele>
        <time>2026-07-07T08:59:00.000Z</time>
      </trkpt>
      <trkpt lat="53.26488132588565" lon="67.84446562640369">
        <ele>277.2</ele>
        <time>2026-07-07T08:59:16.000Z</time>
      </trkpt>
      <trkpt lat="53.26489373110235" lon="67.84546977840364">
        <ele>277.2</ele>
        <time>2026-07-07T08:59:32.000Z</time>
      </trkpt>
      <trkpt lat="53.26491225510836" lon="67.84636186435819">
        <ele>277.4</ele>
        <time>2026-07-07T08:59:49.000Z</time>
      </trkpt>
      <trkpt lat="53.26492859981954" lon="67.84726610407233">
        <ele>277.8</ele>
        <time>2026-07-07T09:00:05.000Z</time>
      </trkpt>
      <trkpt lat="53.26494385488331" lon="67.84815760329366">
        <ele>278</ele>
        <time>2026-07-07T09:00:21.000Z</time>
      </trkpt>
      <trkpt lat="53.26496313326061" lon="67.84900912083685">
        <ele>278.6</ele>
        <time>2026-07-07T09:00:37.000Z</time>
      </trkpt>
      <trkpt lat="53.264977382496" lon="67.84988469444215">
        <ele>279.2</ele>
        <time>2026-07-07T09:00:53.000Z</time>
      </trkpt>
      <trkpt lat="53.26496321707964" lon="67.85072858445346">
        <ele>279.8</ele>
        <time>2026-07-07T09:01:09.000Z</time>
      </trkpt>
      <trkpt lat="53.26488962396979" lon="67.8514967020601">
        <ele>280.2</ele>
        <time>2026-07-07T09:01:25.000Z</time>
      </trkpt>
      <trkpt lat="53.264796417206526" lon="67.85226238891482">
        <ele>280.8</ele>
        <time>2026-07-07T09:01:41.000Z</time>
      </trkpt>
      <trkpt lat="53.2647112570703" lon="67.85297770053148">
        <ele>281.2</ele>
        <time>2026-07-07T09:01:58.000Z</time>
      </trkpt>
      <trkpt lat="53.26462282799184" lon="67.85374791361392">
        <ele>282</ele>
        <time>2026-07-07T09:02:14.000Z</time>
      </trkpt>
      <trkpt lat="53.26452559791505" lon="67.85453103482723">
        <ele>282.6</ele>
        <time>2026-07-07T09:02:30.000Z</time>
      </trkpt>
      <trkpt lat="53.26444479636848" lon="67.85523125901818">
        <ele>283.6</ele>
        <time>2026-07-07T09:02:46.000Z</time>
      </trkpt>
      <trkpt lat="53.26435477472842" lon="67.85592846572399">
        <ele>284</ele>
        <time>2026-07-07T09:03:02.000Z</time>
      </trkpt>
      <trkpt lat="53.26427640393376" lon="67.85659667104483">
        <ele>284.8</ele>
        <time>2026-07-07T09:03:18.000Z</time>
      </trkpt>
      <trkpt lat="53.26420440338552" lon="67.85724760964513">
        <ele>285.2</ele>
        <time>2026-07-07T09:03:34.000Z</time>
      </trkpt>
      <trkpt lat="53.26411798596382" lon="67.85794297233224">
        <ele>285.8</ele>
        <time>2026-07-07T09:03:50.000Z</time>
      </trkpt>
      <trkpt lat="53.26404087245464" lon="67.85864671692252">
        <ele>286.4</ele>
        <time>2026-07-07T09:04:06.000Z</time>
      </trkpt>
      <trkpt lat="53.26395629905164" lon="67.85936739295721">
        <ele>287</ele>
        <time>2026-07-07T09:04:23.000Z</time>
      </trkpt>
      <trkpt lat="53.2638668641448" lon="67.86010106094182">
        <ele>287.8</ele>
        <time>2026-07-07T09:04:39.000Z</time>
      </trkpt>
      <trkpt lat="53.26378908008337" lon="67.86078963428736">
        <ele>288.4</ele>
        <time>2026-07-07T09:04:55.000Z</time>
      </trkpt>
      <trkpt lat="53.263710122555494" lon="67.8614663053304">
        <ele>289.2</ele>
        <time>2026-07-07T09:05:11.000Z</time>
      </trkpt>
      <trkpt lat="53.263651030138135" lon="67.86200978793204">
        <ele>289.8</ele>
        <time>2026-07-07T09:05:27.000Z</time>
      </trkpt>
      <trkpt lat="53.263587076216936" lon="67.8625572938472">
        <ele>290.8</ele>
        <time>2026-07-07T09:05:43.000Z</time>
      </trkpt>
      <trkpt lat="53.26352622359991" lon="67.86312256939709">
        <ele>291.6</ele>
        <time>2026-07-07T09:05:59.000Z</time>
      </trkpt>
      <trkpt lat="53.263460425660014" lon="67.8636575024575">
        <ele>292.4</ele>
        <time>2026-07-07T09:06:15.000Z</time>
      </trkpt>
      <trkpt lat="53.26340057887137" lon="67.86420777440071">
        <ele>293.6</ele>
        <time>2026-07-07T09:06:31.000Z</time>
      </trkpt>
      <trkpt lat="53.26333075761795" lon="67.86472728475928">
        <ele>294.2</ele>
        <time>2026-07-07T09:06:48.000Z</time>
      </trkpt>
      <trkpt lat="53.263270407915115" lon="67.86527613177896">
        <ele>295.2</ele>
        <time>2026-07-07T09:07:04.000Z</time>
      </trkpt>
      <trkpt lat="53.2632056158036" lon="67.86583269014955">
        <ele>295.8</ele>
        <time>2026-07-07T09:07:20.000Z</time>
      </trkpt>
      <trkpt lat="53.26314300298691" lon="67.86641196347773">
        <ele>296.4</ele>
        <time>2026-07-07T09:07:36.000Z</time>
      </trkpt>
      <trkpt lat="53.26307209208608" lon="67.86700716242194">
        <ele>297.4</ele>
        <time>2026-07-07T09:07:52.000Z</time>
      </trkpt>
      <trkpt lat="53.263026997447014" lon="67.86730446852744">
        <ele>297.6</ele>
        <time>2026-07-07T09:08:03.000Z</time>
      </trkpt>
      <trkpt lat="53.26299011707306" lon="67.8677259106189">
        <ele>298.2</ele>
        <time>2026-07-07T09:08:46.000Z</time>
      </trkpt>
      <trkpt lat="53.2629135902971" lon="67.8683739155531">
        <ele>298.8</ele>
        <time>2026-07-07T09:09:02.000Z</time>
      </trkpt>
      <trkpt lat="53.262848211452365" lon="67.86899627186358">
        <ele>299.2</ele>
        <time>2026-07-07T09:09:19.000Z</time>
      </trkpt>
      <trkpt lat="53.26278392225504" lon="67.86962231621146">
        <ele>299.8</ele>
        <time>2026-07-07T09:09:35.000Z</time>
      </trkpt>
      <trkpt lat="53.26270731166005" lon="67.87029840052128">
        <ele>300.2</ele>
        <time>2026-07-07T09:09:51.000Z</time>
      </trkpt>
      <trkpt lat="53.262618128210306" lon="67.87105897441506">
        <ele>300.6</ele>
        <time>2026-07-07T09:10:07.000Z</time>
      </trkpt>
      <trkpt lat="53.26253028586507" lon="67.8718027845025">
        <ele>301.2</ele>
        <time>2026-07-07T09:10:23.000Z</time>
      </trkpt>
      <trkpt lat="53.2624423597008" lon="67.87254852242768">
        <ele>301.4</ele>
        <time>2026-07-07T09:10:39.000Z</time>
      </trkpt>
      <trkpt lat="53.26235351152718" lon="67.87332066334784">
        <ele>301.8</ele>
        <time>2026-07-07T09:10:55.000Z</time>
      </trkpt>
      <trkpt lat="53.262245720252395" lon="67.8742653876543">
        <ele>302</ele>
        <time>2026-07-07T09:11:11.000Z</time>
      </trkpt>
      <trkpt lat="53.262115214020014" lon="67.87535855546594">
        <ele>302</ele>
        <time>2026-07-07T09:11:28.000Z</time>
      </trkpt>
      <trkpt lat="53.262006333097816" lon="67.87629263475537">
        <ele>302.4</ele>
        <time>2026-07-07T09:11:44.000Z</time>
      </trkpt>
      <trkpt lat="53.26189569197595" lon="67.87723132409155">
        <ele>302.2</ele>
        <time>2026-07-07T09:12:00.000Z</time>
      </trkpt>
      <trkpt lat="53.26178521849215" lon="67.87819515913725">
        <ele>302.4</ele>
        <time>2026-07-07T09:12:16.000Z</time>
      </trkpt>
      <trkpt lat="53.261665273457766" lon="67.87922948598862">
        <ele>302.6</ele>
        <time>2026-07-07T09:12:32.000Z</time>
      </trkpt>
      <trkpt lat="53.261549603194" lon="67.88024805486202">
        <ele>302.6</ele>
        <time>2026-07-07T09:12:48.000Z</time>
      </trkpt>
      <trkpt lat="53.26142806559801" lon="67.88126142695546">
        <ele>302.8</ele>
        <time>2026-07-07T09:13:04.000Z</time>
      </trkpt>
      <trkpt lat="53.261313401162624" lon="67.88219349458814">
        <ele>303</ele>
        <time>2026-07-07T09:13:20.000Z</time>
      </trkpt>
      <trkpt lat="53.26119647361338" lon="67.88315791636705">
        <ele>303</ele>
        <time>2026-07-07T09:13:36.000Z</time>
      </trkpt>
      <trkpt lat="53.261089185252786" lon="67.88415351882577">
        <ele>302.8</ele>
        <time>2026-07-07T09:13:53.000Z</time>
      </trkpt>
      <trkpt lat="53.26097787357867" lon="67.88520318455994">
        <ele>302.8</ele>
        <time>2026-07-07T09:14:09.000Z</time>
      </trkpt>
      <trkpt lat="53.260875614359975" lon="67.88633490912616">
        <ele>302.4</ele>
        <time>2026-07-07T09:14:25.000Z</time>
      </trkpt>
      <trkpt lat="53.26085566543043" lon="67.88747635670006">
        <ele>301.6</ele>
        <time>2026-07-07T09:14:41.000Z</time>
      </trkpt>
      <trkpt lat="53.26088760048151" lon="67.88870941847563">
        <ele>300.8</ele>
        <time>2026-07-07T09:14:57.000Z</time>
      </trkpt>
      <trkpt lat="53.26093001291156" lon="67.89001456461847">
        <ele>300</ele>
        <time>2026-07-07T09:15:13.000Z</time>
      </trkpt>
      <trkpt lat="53.26097946614027" lon="67.89134033024311">
        <ele>299.2</ele>
        <time>2026-07-07T09:15:29.000Z</time>
      </trkpt>
      <trkpt lat="53.261015927419066" lon="67.89238412864506">
        <ele>298.4</ele>
        <time>2026-07-07T09:15:45.000Z</time>
      </trkpt>
      <trkpt lat="53.26104409061372" lon="67.89265796542168">
        <ele>298.2</ele>
        <time>2026-07-07T09:15:55.000Z</time>
      </trkpt>
      <trkpt lat="53.261255817487836" lon="67.8923821169883">
        <ele>297.6</ele>
        <time>2026-07-07T09:16:04.000Z</time>
      </trkpt>
      <trkpt lat="53.26163769699633" lon="67.89250331930816">
        <ele>297.2</ele>
        <time>2026-07-07T09:16:21.000Z</time>
      </trkpt>
      <trkpt lat="53.26194782741368" lon="67.8926842007786">
        <ele>297.2</ele>
        <time>2026-07-07T09:16:37.000Z</time>
      </trkpt>
      <trkpt lat="53.26210867613554" lon="67.89276718162">
        <ele>297</ele>
        <time>2026-07-07T09:16:51.000Z</time>
      </trkpt>
      <trkpt lat="53.26180558651686" lon="67.89257942698896">
        <ele>297.2</ele>
        <time>2026-07-07T10:01:32.000Z</time>
      </trkpt>
      <trkpt lat="53.261501574888825" lon="67.89247800596058">
        <ele>297.4</ele>
        <time>2026-07-07T10:01:48.000Z</time>
      </trkpt>
      <trkpt lat="53.26123050414026" lon="67.89241103455424">
        <ele>297.4</ele>
        <time>2026-07-07T10:02:01.000Z</time>
      </trkpt>
      <trkpt lat="53.261090107262135" lon="67.89255562238395">
        <ele>298</ele>
        <time>2026-07-07T10:02:12.000Z</time>
      </trkpt>
      <trkpt lat="53.26103218831122" lon="67.89273432455957">
        <ele>298.2</ele>
        <time>2026-07-07T10:02:35.000Z</time>
      </trkpt>
      <trkpt lat="53.261047191917896" lon="67.89355742745101">
        <ele>297.4</ele>
        <time>2026-07-07T10:02:51.000Z</time>
      </trkpt>
      <trkpt lat="53.261080300435424" lon="67.89461589418352">
        <ele>296.8</ele>
        <time>2026-07-07T10:03:07.000Z</time>
      </trkpt>
      <trkpt lat="53.26108071953058" lon="67.8957118280232">
        <ele>296.2</ele>
        <time>2026-07-07T10:03:24.000Z</time>
      </trkpt>
      <trkpt lat="53.26101383194327" lon="67.89685235358775">
        <ele>295.8</ele>
        <time>2026-07-07T10:03:40.000Z</time>
      </trkpt>
      <trkpt lat="53.26087796129286" lon="67.89791132323444">
        <ele>295.4</ele>
        <time>2026-07-07T10:03:56.000Z</time>
      </trkpt>
      <trkpt lat="53.26068107038736" lon="67.89896031841636">
        <ele>295.4</ele>
        <time>2026-07-07T10:04:12.000Z</time>
      </trkpt>
      <trkpt lat="53.26045551337302" lon="67.89983237162232">
        <ele>295.2</ele>
        <time>2026-07-07T10:04:28.000Z</time>
      </trkpt>
      <trkpt lat="53.260187627747655" lon="67.90083015337586">
        <ele>295</ele>
        <time>2026-07-07T10:04:44.000Z</time>
      </trkpt>
      <trkpt lat="53.25991513207555" lon="67.90185299701989">
        <ele>294.8</ele>
        <time>2026-07-07T10:05:00.000Z</time>
      </trkpt>
      <trkpt lat="53.2596377748996" lon="67.90290668606758">
        <ele>294.8</ele>
        <time>2026-07-07T10:05:16.000Z</time>
      </trkpt>
      <trkpt lat="53.25936519540846" lon="67.90395970456302">
        <ele>294.8</ele>
        <time>2026-07-07T10:05:32.000Z</time>
      </trkpt>
      <trkpt lat="53.25911147519946" lon="67.90501138195395">
        <ele>295</ele>
        <time>2026-07-07T10:05:49.000Z</time>
      </trkpt>
      <trkpt lat="53.25897702947259" lon="67.90601461194456">
        <ele>295.6</ele>
        <time>2026-07-07T10:06:05.000Z</time>
      </trkpt>
      <trkpt lat="53.25888122431934" lon="67.9068657103926">
        <ele>295.8</ele>
        <time>2026-07-07T10:06:21.000Z</time>
      </trkpt>
      <trkpt lat="53.258793633431196" lon="67.90759929455817">
        <ele>297</ele>
        <time>2026-07-07T10:06:37.000Z</time>
      </trkpt>
      <trkpt lat="53.25871216133237" lon="67.90832910686731">
        <ele>297.6</ele>
        <time>2026-07-07T10:06:53.000Z</time>
      </trkpt>
      <trkpt lat="53.25864292681217" lon="67.90895188227296">
        <ele>298</ele>
        <time>2026-07-07T10:07:09.000Z</time>
      </trkpt>
      <trkpt lat="53.25856572948396" lon="67.90959251113236">
        <ele>298.2</ele>
        <time>2026-07-07T10:07:25.000Z</time>
      </trkpt>
      <trkpt lat="53.25849238783121" lon="67.91025736369193">
        <ele>298.8</ele>
        <time>2026-07-07T10:07:41.000Z</time>
      </trkpt>
      <trkpt lat="53.25842650607228" lon="67.91096915490925">
        <ele>299.6</ele>
        <time>2026-07-07T10:07:57.000Z</time>
      </trkpt>
      <trkpt lat="53.25848157517612" lon="67.91172687895596">
        <ele>300</ele>
        <time>2026-07-07T10:08:12.000Z</time>
      </trkpt>
      <trkpt lat="53.25873705558479" lon="67.91259591467679">
        <ele>300.6</ele>
        <time>2026-07-07T10:08:29.000Z</time>
      </trkpt>
      <trkpt lat="53.25890326872468" lon="67.91311508975923">
        <ele>300.4</ele>
        <time>2026-07-07T10:08:38.000Z</time>
      </trkpt>
      <trkpt lat="53.259184900671244" lon="67.91401329450309">
        <ele>299.8</ele>
        <time>2026-07-07T10:08:54.000Z</time>
      </trkpt>
      <trkpt lat="53.25944038107991" lon="67.91481762193143">
        <ele>299.6</ele>
        <time>2026-07-07T10:09:10.000Z</time>
      </trkpt>
      <trkpt lat="53.25968102551997" lon="67.91561415418983">
        <ele>299.4</ele>
        <time>2026-07-07T10:09:26.000Z</time>
      </trkpt>
      <trkpt lat="53.25994388200343" lon="67.91646919213235">
        <ele>299.4</ele>
        <time>2026-07-07T10:09:42.000Z</time>
      </trkpt>
      <trkpt lat="53.26019860804081" lon="67.91734183207154">
        <ele>299</ele>
        <time>2026-07-07T10:09:58.000Z</time>
      </trkpt>
      <trkpt lat="53.26043606735766" lon="67.91826208122075">
        <ele>298.8</ele>
        <time>2026-07-07T10:10:12.000Z</time>
      </trkpt>
      <trkpt lat="53.26069355942309" lon="67.91937637142837">
        <ele>299</ele>
        <time>2026-07-07T10:10:29.000Z</time>
      </trkpt>
      <trkpt lat="53.26090570539236" lon="67.92031397111714">
        <ele>299</ele>
        <time>2026-07-07T10:10:45.000Z</time>
      </trkpt>
      <trkpt lat="53.26112782582641" lon="67.9212692566216">
        <ele>299.6</ele>
        <time>2026-07-07T10:11:01.000Z</time>
      </trkpt>
      <trkpt lat="53.261328069493175" lon="67.9221496079117">
        <ele>300.2</ele>
        <time>2026-07-07T10:11:17.000Z</time>
      </trkpt>
      <trkpt lat="53.261539125815034" lon="67.92311981320381">
        <ele>300.6</ele>
        <time>2026-07-07T10:11:33.000Z</time>
      </trkpt>
      <trkpt lat="53.26177549548447" lon="67.92420166544616">
        <ele>301.2</ele>
        <time>2026-07-07T10:11:49.000Z</time>
      </trkpt>
      <trkpt lat="53.26193978078663" lon="67.92507975362241">
        <ele>302.2</ele>
        <time>2026-07-07T10:12:05.000Z</time>
      </trkpt>
      <trkpt lat="53.26205452904105" lon="67.92611299082637">
        <ele>302.2</ele>
        <time>2026-07-07T10:12:21.000Z</time>
      </trkpt>
      <trkpt lat="53.262138264253736" lon="67.92712016031146">
        <ele>302.8</ele>
        <time>2026-07-07T10:12:37.000Z</time>
      </trkpt>
      <trkpt lat="53.26221898198128" lon="67.92818332090974">
        <ele>303.2</ele>
        <time>2026-07-07T10:12:54.000Z</time>
      </trkpt>
      <trkpt lat="53.26226315461099" lon="67.92907071299851">
        <ele>303</ele>
        <time>2026-07-07T10:13:10.000Z</time>
      </trkpt>
      <trkpt lat="53.262305315583944" lon="67.93010436929762">
        <ele>302.8</ele>
        <time>2026-07-07T10:13:26.000Z</time>
      </trkpt>
      <trkpt lat="53.26233230531216" lon="67.93130381964147">
        <ele>302.2</ele>
        <time>2026-07-07T10:13:42.000Z</time>
      </trkpt>
      <trkpt lat="53.262365916743875" lon="67.93251466937363">
        <ele>301.8</ele>
        <time>2026-07-07T10:13:58.000Z</time>
      </trkpt>
      <trkpt lat="53.26238578185439" lon="67.93327306397259">
        <ele>302.6</ele>
        <time>2026-07-07T10:14:09.000Z</time>
      </trkpt>
      <trkpt lat="53.26242039911449" lon="67.93424008414149">
        <ele>303.6</ele>
        <time>2026-07-07T10:14:25.000Z</time>
      </trkpt>
      <trkpt lat="53.26244378462434" lon="67.93505949899554">
        <ele>304.4</ele>
        <time>2026-07-07T10:14:41.000Z</time>
      </trkpt>
      <trkpt lat="53.26246331445873" lon="67.93585485778749">
        <ele>305.4</ele>
        <time>2026-07-07T10:14:57.000Z</time>
      </trkpt>
      <trkpt lat="53.26248049736023" lon="67.93657410889864">
        <ele>306.4</ele>
        <time>2026-07-07T10:15:14.000Z</time>
      </trkpt>
      <trkpt lat="53.26250388287008" lon="67.93726301752031">
        <ele>307.6</ele>
        <time>2026-07-07T10:15:30.000Z</time>
      </trkpt>
      <trkpt lat="53.26251997612417" lon="67.93784857727587">
        <ele>308.6</ele>
        <time>2026-07-07T10:15:46.000Z</time>
      </trkpt>
      <trkpt lat="53.26253590174019" lon="67.93848258443177">
        <ele>309.6</ele>
        <time>2026-07-07T10:16:02.000Z</time>
      </trkpt>
      <trkpt lat="53.262552162632346" lon="67.93911935761571">
        <ele>310.4</ele>
        <time>2026-07-07T10:16:18.000Z</time>
      </trkpt>
      <trkpt lat="53.26256515458226" lon="67.93978278525174">
        <ele>311.6</ele>
        <time>2026-07-07T10:16:34.000Z</time>
      </trkpt>
      <trkpt lat="53.262590216472745" lon="67.94037907384336">
        <ele>313</ele>
        <time>2026-07-07T10:16:50.000Z</time>
      </trkpt>
      <trkpt lat="53.26261435635388" lon="67.94094669632614">
        <ele>313.8</ele>
        <time>2026-07-07T10:17:06.000Z</time>
      </trkpt>
      <trkpt lat="53.262625420466065" lon="67.94152110815048">
        <ele>314.6</ele>
        <time>2026-07-07T10:17:22.000Z</time>
      </trkpt>
      <trkpt lat="53.26264335773885" lon="67.9421676043421">
        <ele>315.2</ele>
        <time>2026-07-07T10:17:39.000Z</time>
      </trkpt>
      <trkpt lat="53.26263891533017" lon="67.9428275115788">
        <ele>315.2</ele>
        <time>2026-07-07T10:17:55.000Z</time>
      </trkpt>
      <trkpt lat="53.262654254212976" lon="67.94374449178576">
        <ele>314.2</ele>
        <time>2026-07-07T10:18:11.000Z</time>
      </trkpt>
      <trkpt lat="53.26268325559795" lon="67.94518576003611">
        <ele>311.4</ele>
        <time>2026-07-07T10:18:27.000Z</time>
      </trkpt>
      <trkpt lat="53.262697253376245" lon="67.94597265310585">
        <ele>309.6</ele>
        <time>2026-07-07T10:18:34.000Z</time>
      </trkpt>
      <trkpt lat="53.26270035468042" lon="67.946218829602">
        <ele>309.2</ele>
        <time>2026-07-07T10:18:36.000Z</time>
      </trkpt>
      <trkpt lat="53.26270563527942" lon="67.9464691132307">
        <ele>308.6</ele>
        <time>2026-07-07T10:18:38.000Z</time>
      </trkpt>
      <trkpt lat="53.26271058060229" lon="67.94672199524939">
        <ele>308.2</ele>
        <time>2026-07-07T10:18:40.000Z</time>
      </trkpt>
      <trkpt lat="53.26276212930679" lon="67.94865486212075">
        <ele>305.8</ele>
        <time>2026-07-07T10:18:56.000Z</time>
      </trkpt>
      <trkpt lat="53.262829100713134" lon="67.95043836347759">
        <ele>303.6</ele>
        <time>2026-07-07T10:19:12.000Z</time>
      </trkpt>
      <trkpt lat="53.26289783231914" lon="67.95209563337266">
        <ele>301.8</ele>
        <time>2026-07-07T10:19:28.000Z</time>
      </trkpt>
      <trkpt lat="53.26295902021229" lon="67.95363999903202">
        <ele>300</ele>
        <time>2026-07-07T10:19:44.000Z</time>
      </trkpt>
      <trkpt lat="53.26298835687339" lon="67.95441775582731">
        <ele>298.8</ele>
        <time>2026-07-07T10:19:57.000Z</time>
      </trkpt>
      <trkpt lat="53.26303127221763" lon="67.95497448183596">
        <ele>298</ele>
        <time>2026-07-07T10:21:47.000Z</time>
      </trkpt>
      <trkpt lat="53.263183906674385" lon="67.95621215365827">
        <ele>297.8</ele>
        <time>2026-07-07T10:22:03.000Z</time>
      </trkpt>
      <trkpt lat="53.263391610234976" lon="67.95753196813166">
        <ele>297</ele>
        <time>2026-07-07T10:22:20.000Z</time>
      </trkpt>
      <trkpt lat="53.26364231295884" lon="67.9588873218745">
        <ele>296.4</ele>
        <time>2026-07-07T10:22:36.000Z</time>
      </trkpt>
      <trkpt lat="53.26392428018153" lon="67.96009322628379">
        <ele>295.6</ele>
        <time>2026-07-07T10:22:52.000Z</time>
      </trkpt>
      <trkpt lat="53.26420130208135" lon="67.96124297194183">
        <ele>295.2</ele>
        <time>2026-07-07T10:23:08.000Z</time>
      </trkpt>
      <trkpt lat="53.26450816355646" lon="67.96251509338617">
        <ele>294.8</ele>
        <time>2026-07-07T10:23:24.000Z</time>
      </trkpt>
      <trkpt lat="53.264786610379815" lon="67.96367288567126">
        <ele>294.6</ele>
        <time>2026-07-07T10:23:40.000Z</time>
      </trkpt>
      <trkpt lat="53.26507008634508" lon="67.96481986530125">
        <ele>295</ele>
        <time>2026-07-07T10:23:56.000Z</time>
      </trkpt>
      <trkpt lat="53.26535708270967" lon="67.9660105984658">
        <ele>294.6</ele>
        <time>2026-07-07T10:24:12.000Z</time>
      </trkpt>
      <trkpt lat="53.265668554231524" lon="67.9672989808023">
        <ele>294.4</ele>
        <time>2026-07-07T10:24:28.000Z</time>
      </trkpt>
      <trkpt lat="53.2659634295851" lon="67.96854050830007">
        <ele>294.2</ele>
        <time>2026-07-07T10:24:45.000Z</time>
      </trkpt>
      <trkpt lat="53.266267189756036" lon="67.96980332583189">
        <ele>294.4</ele>
        <time>2026-07-07T10:25:01.000Z</time>
      </trkpt>
      <trkpt lat="53.26655468903482" lon="67.97103035263717">
        <ele>294</ele>
        <time>2026-07-07T10:25:17.000Z</time>
      </trkpt>
      <trkpt lat="53.2667819224298" lon="67.97236827202141">
        <ele>293</ele>
        <time>2026-07-07T10:25:33.000Z</time>
      </trkpt>
      <trkpt lat="53.26690102927387" lon="67.97373435460031">
        <ele>292.6</ele>
        <time>2026-07-07T10:25:49.000Z</time>
      </trkpt>
      <trkpt lat="53.26701460406184" lon="67.97492760233581">
        <ele>291.8</ele>
        <time>2026-07-07T10:26:05.000Z</time>
      </trkpt>
      <trkpt lat="53.267224822193384" lon="67.97615747898817">
        <ele>292</ele>
        <time>2026-07-07T10:26:21.000Z</time>
      </trkpt>
      <trkpt lat="53.26755247078836" lon="67.9773407522589">
        <ele>291.8</ele>
        <time>2026-07-07T10:26:37.000Z</time>
      </trkpt>
      <trkpt lat="53.26794960536063" lon="67.97846769914031">
        <ele>291.6</ele>
        <time>2026-07-07T10:26:53.000Z</time>
      </trkpt>
      <trkpt lat="53.26835369691253" lon="67.97956187278032">
        <ele>291.2</ele>
        <time>2026-07-07T10:27:10.000Z</time>
      </trkpt>
      <trkpt lat="53.26877497136593" lon="67.98067172057927">
        <ele>291.4</ele>
        <time>2026-07-07T10:27:26.000Z</time>
      </trkpt>
      <trkpt lat="53.26917579397559" lon="67.98172876238823">
        <ele>291</ele>
        <time>2026-07-07T10:27:42.000Z</time>
      </trkpt>
      <trkpt lat="53.26957049779594" lon="67.98276753164828">
        <ele>290.8</ele>
        <time>2026-07-07T10:27:58.000Z</time>
      </trkpt>
      <trkpt lat="53.26998699456453" lon="67.9838857613504">
        <ele>290</ele>
        <time>2026-07-07T10:28:14.000Z</time>
      </trkpt>
      <trkpt lat="53.270409693941474" lon="67.9850113671273">
        <ele>289.8</ele>
        <time>2026-07-07T10:28:30.000Z</time>
      </trkpt>
      <trkpt lat="53.270823089405894" lon="67.98610545694828">
        <ele>289.6</ele>
        <time>2026-07-07T10:28:46.000Z</time>
      </trkpt>
      <trkpt lat="53.27124109491706" lon="67.98721136525273">
        <ele>289.4</ele>
        <time>2026-07-07T10:29:02.000Z</time>
      </trkpt>
      <trkpt lat="53.27168743126094" lon="67.9883870948106">
        <ele>288.2</ele>
        <time>2026-07-07T10:29:18.000Z</time>
      </trkpt>
      <trkpt lat="53.27213737182319" lon="67.98957489430904">
        <ele>288</ele>
        <time>2026-07-07T10:29:35.000Z</time>
      </trkpt>
      <trkpt lat="53.27259661629796" lon="67.99080099910498">
        <ele>287.4</ele>
        <time>2026-07-07T10:29:51.000Z</time>
      </trkpt>
      <trkpt lat="53.27300665900111" lon="67.99188737757504">
        <ele>286.8</ele>
        <time>2026-07-07T10:30:07.000Z</time>
      </trkpt>
      <trkpt lat="53.27338828705251" lon="67.99289463087916">
        <ele>286.8</ele>
        <time>2026-07-07T10:30:23.000Z</time>
      </trkpt>
      <trkpt lat="53.27376748435199" lon="67.99391110427678">
        <ele>286.8</ele>
        <time>2026-07-07T10:30:39.000Z</time>
      </trkpt>
      <trkpt lat="53.27417207881808" lon="67.99498298205435">
        <ele>286.8</ele>
        <time>2026-07-07T10:30:55.000Z</time>
      </trkpt>
      <trkpt lat="53.27457365579903" lon="67.99604505300522">
        <ele>286.4</ele>
        <time>2026-07-07T10:31:11.000Z</time>
      </trkpt>
      <trkpt lat="53.27495763078332" lon="67.9970580060035">
        <ele>285.8</ele>
        <time>2026-07-07T10:31:27.000Z</time>
      </trkpt>
      <trkpt lat="53.27534671872854" lon="67.99808445386589">
        <ele>285.2</ele>
        <time>2026-07-07T10:31:43.000Z</time>
      </trkpt>
      <trkpt lat="53.27574527822435" lon="67.99912565387785">
        <ele>285.2</ele>
        <time>2026-07-07T10:32:00.000Z</time>
      </trkpt>
      <trkpt lat="53.276141323149204" lon="68.00017397850752">
        <ele>285</ele>
        <time>2026-07-07T10:32:16.000Z</time>
      </trkpt>
      <trkpt lat="53.276501996442676" lon="68.00112188793719">
        <ele>285.2</ele>
        <time>2026-07-07T10:32:32.000Z</time>
      </trkpt>
      <trkpt lat="53.27688915655017" lon="68.00215219147503">
        <ele>284.8</ele>
        <time>2026-07-07T10:32:48.000Z</time>
      </trkpt>
      <trkpt lat="53.2772848661989" lon="68.00321065820754">
        <ele>284.6</ele>
        <time>2026-07-07T10:33:04.000Z</time>
      </trkpt>
      <trkpt lat="53.27768032439053" lon="68.00425931811333">
        <ele>284.4</ele>
        <time>2026-07-07T10:33:20.000Z</time>
      </trkpt>
      <trkpt lat="53.27806740067899" lon="68.00534343346953">
        <ele>284.4</ele>
        <time>2026-07-07T10:33:36.000Z</time>
      </trkpt>
      <trkpt lat="53.27841768041253" lon="68.00635747611523">
        <ele>284.4</ele>
        <time>2026-07-07T10:33:52.000Z</time>
      </trkpt>
      <trkpt lat="53.27873828820884" lon="68.00740445964038">
        <ele>284.6</ele>
        <time>2026-07-07T10:34:08.000Z</time>
      </trkpt>
      <trkpt lat="53.279036432504654" lon="68.00846418365836">
        <ele>285.2</ele>
        <time>2026-07-07T10:34:25.000Z</time>
      </trkpt>
      <trkpt lat="53.279310604557395" lon="68.0094479676336">
        <ele>285.6</ele>
        <time>2026-07-07T10:34:41.000Z</time>
      </trkpt>
      <trkpt lat="53.27956147491932" lon="68.01034340634942">
        <ele>286</ele>
        <time>2026-07-07T10:34:57.000Z</time>
      </trkpt>
      <trkpt lat="53.279834892600775" lon="68.01132509484887">
        <ele>286</ele>
        <time>2026-07-07T10:35:13.000Z</time>
      </trkpt>
      <trkpt lat="53.28010839410126" lon="68.01228591240942">
        <ele>286.2</ele>
        <time>2026-07-07T10:35:29.000Z</time>
      </trkpt>
      <trkpt lat="53.28037653118372" lon="68.01322451792657">
        <ele>286.8</ele>
        <time>2026-07-07T10:35:45.000Z</time>
      </trkpt>
      <trkpt lat="53.2806399744004" lon="68.01417510956526">
        <ele>286.8</ele>
        <time>2026-07-07T10:36:01.000Z</time>
      </trkpt>
      <trkpt lat="53.28092076815665" lon="68.01514087244868">
        <ele>286.6</ele>
        <time>2026-07-07T10:36:17.000Z</time>
      </trkpt>
      <trkpt lat="53.28121488913894" lon="68.01603329367936">
        <ele>287</ele>
        <time>2026-07-07T10:36:34.000Z</time>
      </trkpt>
      <trkpt lat="53.28154865652323" lon="68.01692412234843">
        <ele>287.4</ele>
        <time>2026-07-07T10:36:50.000Z</time>
      </trkpt>
      <trkpt lat="53.281878903508186" lon="68.01770573481917">
        <ele>288</ele>
        <time>2026-07-07T10:37:06.000Z</time>
      </trkpt>
      <trkpt lat="53.28224846161902" lon="68.0185713339597">
        <ele>288.2</ele>
        <time>2026-07-07T10:37:22.000Z</time>
      </trkpt>
      <trkpt lat="53.28259899280965" lon="68.01939820870757">
        <ele>288</ele>
        <time>2026-07-07T10:37:38.000Z</time>
      </trkpt>
      <trkpt lat="53.28296637162566" lon="68.02027076482773">
        <ele>288.4</ele>
        <time>2026-07-07T10:37:54.000Z</time>
      </trkpt>
      <trkpt lat="53.28331748954952" lon="68.02110551856458">
        <ele>288.8</ele>
        <time>2026-07-07T10:38:10.000Z</time>
      </trkpt>
      <trkpt lat="53.28365318477154" lon="68.02196416072547">
        <ele>289</ele>
        <time>2026-07-07T10:38:26.000Z</time>
      </trkpt>
      <trkpt lat="53.28395619057119" lon="68.02285633049905">
        <ele>289.6</ele>
        <time>2026-07-07T10:38:42.000Z</time>
      </trkpt>
      <trkpt lat="53.28426447696984" lon="68.023797031492">
        <ele>289.6</ele>
        <time>2026-07-07T10:38:59.000Z</time>
      </trkpt>
      <trkpt lat="53.28462012112141" lon="68.02492666058242">
        <ele>289.2</ele>
        <time>2026-07-07T10:39:16.000Z</time>
      </trkpt>
      <trkpt lat="53.28493100591004" lon="68.0259189940989">
        <ele>289.4</ele>
        <time>2026-07-07T10:39:32.000Z</time>
      </trkpt>
      <trkpt lat="53.285220600664616" lon="68.02685416303575">
        <ele>289.4</ele>
        <time>2026-07-07T10:39:48.000Z</time>
      </trkpt>
      <trkpt lat="53.285534335300326" lon="68.02784188650548">
        <ele>289.4</ele>
        <time>2026-07-07T10:40:04.000Z</time>
      </trkpt>
      <trkpt lat="53.28583197668195" lon="68.02879725582898">
        <ele>289.6</ele>
        <time>2026-07-07T10:40:20.000Z</time>
      </trkpt>
      <trkpt lat="53.28612953424454" lon="68.029746087268">
        <ele>289.8</ele>
        <time>2026-07-07T10:40:36.000Z</time>
      </trkpt>
      <trkpt lat="53.28644913621247" lon="68.03077437914908">
        <ele>289.8</ele>
        <time>2026-07-07T10:40:52.000Z</time>
      </trkpt>
      <trkpt lat="53.28676278702915" lon="68.03179739043117">
        <ele>290</ele>
        <time>2026-07-07T10:41:08.000Z</time>
      </trkpt>
      <trkpt lat="53.287071492522955" lon="68.03279852494597">
        <ele>290.4</ele>
        <time>2026-07-07T10:41:25.000Z</time>
      </trkpt>
      <trkpt lat="53.28740215860307" lon="68.03386311046779">
        <ele>290.2</ele>
        <time>2026-07-07T10:41:41.000Z</time>
      </trkpt>
      <trkpt lat="53.28770583495498" lon="68.03484530188143">
        <ele>290.2</ele>
        <time>2026-07-07T10:41:57.000Z</time>
      </trkpt>
      <trkpt lat="53.288024766370654" lon="68.03587535396218">
        <ele>290.4</ele>
        <time>2026-07-07T10:42:13.000Z</time>
      </trkpt>
      <trkpt lat="53.28831469640136" lon="68.03682175464928">
        <ele>290.8</ele>
        <time>2026-07-07T10:42:29.000Z</time>
      </trkpt>
      <trkpt lat="53.28858610242605" lon="68.03771895356476">
        <ele>291</ele>
        <time>2026-07-07T10:42:45.000Z</time>
      </trkpt>
      <trkpt lat="53.28888458199799" lon="68.03867650218308">
        <ele>291.2</ele>
        <time>2026-07-07T10:43:01.000Z</time>
      </trkpt>
      <trkpt lat="53.28916562721133" lon="68.03957277908921">
        <ele>291.2</ele>
        <time>2026-07-07T10:43:17.000Z</time>
      </trkpt>
      <trkpt lat="53.28945128247142" lon="68.04048288613558">
        <ele>291.4</ele>
        <time>2026-07-07T10:43:33.000Z</time>
      </trkpt>
      <trkpt lat="53.289744313806295" lon="68.04141118191183">
        <ele>292.2</ele>
        <time>2026-07-07T10:43:50.000Z</time>
      </trkpt>
      <trkpt lat="53.290040865540504" lon="68.04234182462096">
        <ele>292.2</ele>
        <time>2026-07-07T10:44:06.000Z</time>
      </trkpt>
      <trkpt lat="53.29031218774617" lon="68.04319342598319">
        <ele>292.4</ele>
        <time>2026-07-07T10:44:22.000Z</time>
      </trkpt>
      <trkpt lat="53.29057185910642" lon="68.04402071982622">
        <ele>292.8</ele>
        <time>2026-07-07T10:44:38.000Z</time>
      </trkpt>
      <trkpt lat="53.29082826152444" lon="68.04486201144755">
        <ele>293.2</ele>
        <time>2026-07-07T10:44:54.000Z</time>
      </trkpt>
      <trkpt lat="53.291066475212574" lon="68.0456623993814">
        <ele>293.6</ele>
        <time>2026-07-07T10:45:10.000Z</time>
      </trkpt>
      <trkpt lat="53.291310304775834" lon="68.04650980979204">
        <ele>293.6</ele>
        <time>2026-07-07T10:45:26.000Z</time>
      </trkpt>
      <trkpt lat="53.29155983403325" lon="68.04745411500335">
        <ele>293.8</ele>
        <time>2026-07-07T10:45:42.000Z</time>
      </trkpt>
      <trkpt lat="53.29173283651471" lon="68.04831921122968">
        <ele>294</ele>
        <time>2026-07-07T10:45:58.000Z</time>
      </trkpt>
      <trkpt lat="53.29181036911905" lon="68.04917919449508">
        <ele>294.6</ele>
        <time>2026-07-07T10:46:15.000Z</time>
      </trkpt>
      <trkpt lat="53.29180399887264" lon="68.05015887133777">
        <ele>295</ele>
        <time>2026-07-07T10:46:31.000Z</time>
      </trkpt>
      <trkpt lat="53.29171858727932" lon="68.05112706497312">
        <ele>295.4</ele>
        <time>2026-07-07T10:46:47.000Z</time>
      </trkpt>
      <trkpt lat="53.29161632806063" lon="68.05206441320479">
        <ele>295.8</ele>
        <time>2026-07-07T10:47:03.000Z</time>
      </trkpt>
      <trkpt lat="53.29151691868901" lon="68.0529098957777">
        <ele>296.6</ele>
        <time>2026-07-07T10:47:19.000Z</time>
      </trkpt>
      <trkpt lat="53.29141817986965" lon="68.05375806055963">
        <ele>296.8</ele>
        <time>2026-07-07T10:47:35.000Z</time>
      </trkpt>
      <trkpt lat="53.29131223261356" lon="68.05463388562202">
        <ele>297</ele>
        <time>2026-07-07T10:47:51.000Z</time>
      </trkpt>
      <trkpt lat="53.291210308671" lon="68.05550577118993">
        <ele>297.6</ele>
        <time>2026-07-07T10:48:07.000Z</time>
      </trkpt>
      <trkpt lat="53.29109748825431" lon="68.05643909610808">
        <ele>297.8</ele>
        <time>2026-07-07T10:48:23.000Z</time>
      </trkpt>
      <trkpt lat="53.29097553156316" lon="68.0574605986476">
        <ele>298.2</ele>
        <time>2026-07-07T10:48:40.000Z</time>
      </trkpt>
      <trkpt lat="53.29085223376751" lon="68.05848117917776">
        <ele>298.2</ele>
        <time>2026-07-07T10:48:56.000Z</time>
      </trkpt>
      <trkpt lat="53.290722481906414" lon="68.0595585051924">
        <ele>298.4</ele>
        <time>2026-07-07T10:49:12.000Z</time>
      </trkpt>
      <trkpt lat="53.290588622912765" lon="68.06059543043375">
        <ele>298.8</ele>
        <time>2026-07-07T10:49:28.000Z</time>
      </trkpt>
      <trkpt lat="53.290457194671035" lon="68.06167786940932">
        <ele>298.6</ele>
        <time>2026-07-07T10:49:44.000Z</time>
      </trkpt>
      <trkpt lat="53.2903157081455" lon="68.06282065808773">
        <ele>298.4</ele>
        <time>2026-07-07T10:50:00.000Z</time>
      </trkpt>
      <trkpt lat="53.2901809271425" lon="68.06394249200821">
        <ele>297.4</ele>
        <time>2026-07-07T10:50:16.000Z</time>
      </trkpt>
      <trkpt lat="53.290051091462374" lon="68.06504370644689">
        <ele>297.4</ele>
        <time>2026-07-07T10:50:32.000Z</time>
      </trkpt>
      <trkpt lat="53.28991907648742" lon="68.06614190340042">
        <ele>297.4</ele>
        <time>2026-07-07T10:50:48.000Z</time>
      </trkpt>
      <trkpt lat="53.28981396742165" lon="68.06700205430388">
        <ele>297.6</ele>
        <time>2026-07-07T10:51:05.000Z</time>
      </trkpt>
      <trkpt lat="53.28969896771014" lon="68.06787980720401">
        <ele>297.6</ele>
        <time>2026-07-07T10:51:21.000Z</time>
      </trkpt>
      <trkpt lat="53.289722772315145" lon="68.06811290793121">
        <ele>297.6</ele>
        <time>2026-07-07T10:56:41.000Z</time>
      </trkpt>
      <trkpt lat="53.28977239318192" lon="68.06801785714924">
        <ele>297.4</ele>
        <time>2026-07-07T10:57:13.000Z</time>
      </trkpt>
      <trkpt lat="53.28963316977024" lon="68.06859855540097">
        <ele>297.4</ele>
        <time>2026-07-07T11:01:43.000Z</time>
      </trkpt>
      <trkpt lat="53.28948715701699" lon="68.06976498104632">
        <ele>297.2</ele>
        <time>2026-07-07T11:01:59.000Z</time>
      </trkpt>
      <trkpt lat="53.28934198245406" lon="68.07097281329334">
        <ele>296.8</ele>
        <time>2026-07-07T11:02:15.000Z</time>
      </trkpt>
      <trkpt lat="53.2891758531332" lon="68.0722886044532">
        <ele>296.4</ele>
        <time>2026-07-07T11:02:31.000Z</time>
      </trkpt>
      <trkpt lat="53.28901257365942" lon="68.0736219137907">
        <ele>296.2</ele>
        <time>2026-07-07T11:02:48.000Z</time>
      </trkpt>
      <trkpt lat="53.288848623633385" lon="68.07494759559631">
        <ele>295.6</ele>
        <time>2026-07-07T11:03:04.000Z</time>
      </trkpt>
      <trkpt lat="53.28868039883673" lon="68.07630957104266">
        <ele>295.2</ele>
        <time>2026-07-07T11:03:20.000Z</time>
      </trkpt>
      <trkpt lat="53.288538828492165" lon="68.07761387899518">
        <ele>295</ele>
        <time>2026-07-07T11:03:36.000Z</time>
      </trkpt>
      <trkpt lat="53.28838133253157" lon="68.07885331101716">
        <ele>295.4</ele>
        <time>2026-07-07T11:03:52.000Z</time>
      </trkpt>
      <trkpt lat="53.288245126605034" lon="68.08000431396067">
        <ele>295.4</ele>
        <time>2026-07-07T11:04:08.000Z</time>
      </trkpt>
      <trkpt lat="53.28809450380504" lon="68.08121072128415">
        <ele>295.2</ele>
        <time>2026-07-07T11:04:24.000Z</time>
      </trkpt>
      <trkpt lat="53.287943713366985" lon="68.08244353160262">
        <ele>295.2</ele>
        <time>2026-07-07T11:04:40.000Z</time>
      </trkpt>
      <trkpt lat="53.28782728873193" lon="68.08342128060758">
        <ele>295.2</ele>
        <time>2026-07-07T11:04:56.000Z</time>
      </trkpt>
      <trkpt lat="53.28772368840873" lon="68.0843323096633">
        <ele>295.6</ele>
        <time>2026-07-07T11:05:13.000Z</time>
      </trkpt>
      <trkpt lat="53.28756141476333" lon="68.08560317382216">
        <ele>295.2</ele>
        <time>2026-07-07T11:05:29.000Z</time>
      </trkpt>
      <trkpt lat="53.287400398403406" lon="68.08687705546618">
        <ele>295</ele>
        <time>2026-07-07T11:05:45.000Z</time>
      </trkpt>
      <trkpt lat="53.28726176172495" lon="68.08805747888982">
        <ele>294.6</ele>
        <time>2026-07-07T11:06:01.000Z</time>
      </trkpt>
      <trkpt lat="53.287120861932635" lon="68.08915575966239">
        <ele>294.4</ele>
        <time>2026-07-07T11:06:17.000Z</time>
      </trkpt>
      <trkpt lat="53.28703838400543" lon="68.08977250009775">
        <ele>294.4</ele>
        <time>2026-07-07T11:06:29.000Z</time>
      </trkpt>
      <trkpt lat="53.28693503513932" lon="68.08980762027204">
        <ele>294.2</ele>
        <time>2026-07-07T11:06:37.000Z</time>
      </trkpt>
      <trkpt lat="53.28702438622713" lon="68.09005396440625">
        <ele>294</ele>
        <time>2026-07-07T11:11:19.000Z</time>
      </trkpt>
      <trkpt lat="53.286819364875555" lon="68.09072518721223">
        <ele>294.2</ele>
        <time>2026-07-07T11:11:32.000Z</time>
      </trkpt>
      <trkpt lat="53.286304883658886" lon="68.09122508391738">
        <ele>293.4</ele>
        <time>2026-07-07T11:11:44.000Z</time>
      </trkpt>
      <trkpt lat="53.28574765473604" lon="68.09184207580984">
        <ele>293.6</ele>
        <time>2026-07-07T11:12:00.000Z</time>
      </trkpt>
      <trkpt lat="53.28533459454775" lon="68.09226552955806">
        <ele>294</ele>
        <time>2026-07-07T11:12:13.000Z</time>
      </trkpt>
      <trkpt lat="53.28499889932573" lon="68.09253383427858">
        <ele>294.2</ele>
        <time>2026-07-07T11:12:26.000Z</time>
      </trkpt>
      <trkpt lat="53.284616600722075" lon="68.09292711317539">
        <ele>294.4</ele>
        <time>2026-07-07T11:12:40.000Z</time>
      </trkpt>
      <trkpt lat="53.284214017912745" lon="68.0933428555727">
        <ele>295</ele>
        <time>2026-07-07T11:12:56.000Z</time>
      </trkpt>
      <trkpt lat="53.283785954117775" lon="68.09382196515799">
        <ele>295.6</ele>
        <time>2026-07-07T11:13:12.000Z</time>
      </trkpt>
      <trkpt lat="53.28341295942664" lon="68.09422521851957">
        <ele>296.2</ele>
        <time>2026-07-07T11:13:28.000Z</time>
      </trkpt>
      <trkpt lat="53.283042814582586" lon="68.09462838806212">
        <ele>296.6</ele>
        <time>2026-07-07T11:13:44.000Z</time>
      </trkpt>
      <trkpt lat="53.28268331475556" lon="68.09502401389182">
        <ele>297</ele>
        <time>2026-07-07T11:14:00.000Z</time>
      </trkpt>
      <trkpt lat="53.28247871249914" lon="68.0953699350357">
        <ele>297.6</ele>
        <time>2026-07-07T11:14:11.000Z</time>
      </trkpt>
      <trkpt lat="53.28204478137195" lon="68.0958263296634">
        <ele>298.6</ele>
        <time>2026-07-07T11:14:27.000Z</time>
      </trkpt>
      <trkpt lat="53.281651586294174" lon="68.0962473526597">
        <ele>300</ele>
        <time>2026-07-07T11:14:44.000Z</time>
      </trkpt>
      <trkpt lat="53.28125361353159" lon="68.0966876540333">
        <ele>301.6</ele>
        <time>2026-07-07T11:15:00.000Z</time>
      </trkpt>
      <trkpt lat="53.28091221861541" lon="68.09715125709772">
        <ele>302.6</ele>
        <time>2026-07-07T11:15:16.000Z</time>
      </trkpt>
      <trkpt lat="53.28070828691125" lon="68.09742936864495">
        <ele>303.2</ele>
        <time>2026-07-07T11:15:25.000Z</time>
      </trkpt>
      <trkpt lat="53.28059496358037" lon="68.09787662699819">
        <ele>303.4</ele>
        <time>2026-07-07T11:15:37.000Z</time>
      </trkpt>
      <trkpt lat="53.28043713234365" lon="68.0984493624419">
        <ele>303.6</ele>
        <time>2026-07-07T11:15:53.000Z</time>
      </trkpt>
      <trkpt lat="53.28028868883848" lon="68.09902201406658">
        <ele>304</ele>
        <time>2026-07-07T11:16:09.000Z</time>
      </trkpt>
      <trkpt lat="53.28016589395702" lon="68.09947446919978">
        <ele>304.4</ele>
        <time>2026-07-07T11:16:22.000Z</time>
      </trkpt>
      <trkpt lat="53.28002465888858" lon="68.10001191683114">
        <ele>304.8</ele>
        <time>2026-07-07T11:16:36.000Z</time>
      </trkpt>
      <trkpt lat="53.279958106577396" lon="68.10014837421477">
        <ele>304.8</ele>
        <time>2026-07-07T11:16:46.000Z</time>
      </trkpt>
      <trkpt lat="53.279859870672226" lon="68.10067140497267">
        <ele>305.2</ele>
        <time>2026-07-07T11:17:01.000Z</time>
      </trkpt>
      <trkpt lat="53.279782589524984" lon="68.1009912583977">
        <ele>305.6</ele>
        <time>2026-07-07T11:17:39.000Z</time>
      </trkpt>
      <trkpt lat="53.279618890956044" lon="68.10162400826812">
        <ele>305.8</ele>
        <time>2026-07-07T11:17:55.000Z</time>
      </trkpt>
      <trkpt lat="53.27951210550964" lon="68.10197076760232">
        <ele>306.4</ele>
        <time>2026-07-07T11:18:08.000Z</time>
      </trkpt>
      <trkpt lat="53.2793362531811" lon="68.10265121050179">
        <ele>306.6</ele>
        <time>2026-07-07T11:18:24.000Z</time>
      </trkpt>
      <trkpt lat="53.27914606779814" lon="68.1033101119101">
        <ele>306.6</ele>
        <time>2026-07-07T11:18:40.000Z</time>
      </trkpt>
      <trkpt lat="53.27897038310766" lon="68.10373230837286">
        <ele>306.2</ele>
        <time>2026-07-07T11:18:55.000Z</time>
      </trkpt>
      <trkpt lat="53.27881925739348" lon="68.10436799190938">
        <ele>306</ele>
        <time>2026-07-07T11:19:08.000Z</time>
      </trkpt>
      <trkpt lat="53.27861750498414" lon="68.10512848198414">
        <ele>306.4</ele>
        <time>2026-07-07T11:19:25.000Z</time>
      </trkpt>
      <trkpt lat="53.27848850749433" lon="68.10567791573703">
        <ele>306.8</ele>
        <time>2026-07-07T11:19:39.000Z</time>
      </trkpt>
      <trkpt lat="53.27853452414274" lon="68.10594907030463">
        <ele>306.4</ele>
        <time>2026-07-07T11:19:46.000Z</time>
      </trkpt>
      <trkpt lat="53.278299076482654" lon="68.10679027810693">
        <ele>306.8</ele>
        <time>2026-07-07T11:20:02.000Z</time>
      </trkpt>
      <trkpt lat="53.278075363487005" lon="68.10766786336899">
        <ele>307.6</ele>
        <time>2026-07-07T11:20:18.000Z</time>
      </trkpt>
      <trkpt lat="53.277857434004545" lon="68.10849566012621">
        <ele>308</ele>
        <time>2026-07-07T11:20:34.000Z</time>
      </trkpt>
      <trkpt lat="53.27771008014679" lon="68.1087308563292">
        <ele>308.4</ele>
        <time>2026-07-07T11:20:42.000Z</time>
      </trkpt>
      <trkpt lat="53.277570102363825" lon="68.10930417850614">
        <ele>309.2</ele>
        <time>2026-07-07T11:20:58.000Z</time>
      </trkpt>
      <trkpt lat="53.27741587534547" lon="68.10992762446404">
        <ele>309.6</ele>
        <time>2026-07-07T11:21:14.000Z</time>
      </trkpt>
      <trkpt lat="53.27730489894748" lon="68.11055769212544">
        <ele>309.8</ele>
        <time>2026-07-07T11:21:29.000Z</time>
      </trkpt>
      <trkpt lat="53.27728201635182" lon="68.11072147451341">
        <ele>309.8</ele>
        <time>2026-07-07T11:21:40.000Z</time>
      </trkpt>
      <trkpt lat="53.277303306385875" lon="68.11114861629903">
        <ele>309.6</ele>
        <time>2026-07-07T11:25:03.000Z</time>
      </trkpt>
      <trkpt lat="53.277347730472684" lon="68.11160777695477">
        <ele>308.6</ele>
        <time>2026-07-07T11:25:19.000Z</time>
      </trkpt>
      <trkpt lat="53.27741168439388" lon="68.11218881048262">
        <ele>308.4</ele>
        <time>2026-07-07T11:25:33.000Z</time>
      </trkpt>
      <trkpt lat="53.27723138965666" lon="68.11237690038979">
        <ele>310</ele>
        <time>2026-07-07T11:25:45.000Z</time>
      </trkpt>
      <trkpt lat="53.27700021676719" lon="68.11256205663085">
        <ele>311.8</ele>
        <time>2026-07-07T11:26:01.000Z</time>
      </trkpt>
      <trkpt lat="53.276786813512444" lon="68.11274813488126">
        <ele>313.2</ele>
        <time>2026-07-07T11:26:17.000Z</time>
      </trkpt>
      <trkpt lat="53.276568381115794" lon="68.11294569633901">
        <ele>314.8</ele>
        <time>2026-07-07T11:26:34.000Z</time>
      </trkpt>
      <trkpt lat="53.276355313137174" lon="68.11316915787756">
        <ele>316.2</ele>
        <time>2026-07-07T11:26:50.000Z</time>
      </trkpt>
      <trkpt lat="53.276115003973246" lon="68.1134435813874">
        <ele>317</ele>
        <time>2026-07-07T11:27:06.000Z</time>
      </trkpt>
      <trkpt lat="53.27579012140632" lon="68.11382621526718">
        <ele>317.2</ele>
        <time>2026-07-07T11:27:22.000Z</time>
      </trkpt>
      <trkpt lat="53.27537236735225" lon="68.11419225297868">
        <ele>316.8</ele>
        <time>2026-07-07T11:27:38.000Z</time>
      </trkpt>
      <trkpt lat="53.274796698242426" lon="68.11448897235096">
        <ele>315.8</ele>
        <time>2026-07-07T11:27:54.000Z</time>
      </trkpt>
      <trkpt lat="53.27425112016499" lon="68.11489851213992">
        <ele>314.2</ele>
        <time>2026-07-07T11:28:10.000Z</time>
      </trkpt>
      <trkpt lat="53.27416939660907" lon="68.11503815464675">
        <ele>313.6</ele>
        <time>2026-07-07T11:30:40.000Z</time>
      </trkpt>
      <trkpt lat="53.27358299866319" lon="68.11593786813319">
        <ele>311.2</ele>
        <time>2026-07-07T11:30:56.000Z</time>
      </trkpt>
      <trkpt lat="53.273254092782736" lon="68.11645159497857">
        <ele>309.6</ele>
        <time>2026-07-07T11:31:02.000Z</time>
      </trkpt>
      <trkpt lat="53.273137332871556" lon="68.11663499101996">
        <ele>309</ele>
        <time>2026-07-07T11:31:04.000Z</time>
      </trkpt>
      <trkpt lat="53.2730193156749" lon="68.11682333238423">
        <ele>308.4</ele>
        <time>2026-07-07T11:31:06.000Z</time>
      </trkpt>
      <trkpt lat="53.27289761044085" lon="68.11701435595751">
        <ele>307.6</ele>
        <time>2026-07-07T11:31:08.000Z</time>
      </trkpt>
      <trkpt lat="53.27277288772166" lon="68.11721459962428">
        <ele>307</ele>
        <time>2026-07-07T11:31:10.000Z</time>
      </trkpt>
      <trkpt lat="53.27264606952667" lon="68.11742012389004">
        <ele>306.4</ele>
        <time>2026-07-07T11:31:12.000Z</time>
      </trkpt>
      <trkpt lat="53.27251698821783" lon="68.11762841418386">
        <ele>305.8</ele>
        <time>2026-07-07T11:31:14.000Z</time>
      </trkpt>
      <trkpt lat="53.2723839674145" lon="68.11783620156348">
        <ele>305.2</ele>
        <time>2026-07-07T11:31:17.000Z</time>
      </trkpt>
      <trkpt lat="53.27177510596812" lon="68.11877530999482">
        <ele>302.8</ele>
        <time>2026-07-07T11:31:26.000Z</time>
      </trkpt>
      <trkpt lat="53.27066785655916" lon="68.12050147913396">
        <ele>297.8</ele>
        <time>2026-07-07T11:31:42.000Z</time>
      </trkpt>
      <trkpt lat="53.26960997655988" lon="68.12217241153121">
        <ele>293.4</ele>
        <time>2026-07-07T11:31:58.000Z</time>
      </trkpt>
      <trkpt lat="53.26859618537128" lon="68.123794561252">
        <ele>289.6</ele>
        <time>2026-07-07T11:32:14.000Z</time>
      </trkpt>
      <trkpt lat="53.26762966811657" lon="68.12531839124858">
        <ele>286.4</ele>
        <time>2026-07-07T11:32:30.000Z</time>
      </trkpt>
      <trkpt lat="53.26673439703882" lon="68.12672110274434">
        <ele>283.8</ele>
        <time>2026-07-07T11:32:46.000Z</time>
      </trkpt>
      <trkpt lat="53.26598019339144" lon="68.12793580815196">
        <ele>282.4</ele>
        <time>2026-07-07T11:33:02.000Z</time>
      </trkpt>
      <trkpt lat="53.26534777879715" lon="68.12892948277295">
        <ele>282.2</ele>
        <time>2026-07-07T11:33:18.000Z</time>
      </trkpt>
      <trkpt lat="53.264709915965796" lon="68.12992139719427">
        <ele>282.4</ele>
        <time>2026-07-07T11:33:34.000Z</time>
      </trkpt>
      <trkpt lat="53.26409158296883" lon="68.13091901130974">
        <ele>282</ele>
        <time>2026-07-07T11:33:51.000Z</time>
      </trkpt>
      <trkpt lat="53.26344450004399" lon="68.13194386661053">
        <ele>281.8</ele>
        <time>2026-07-07T11:34:07.000Z</time>
      </trkpt>
      <trkpt lat="53.262859024107456" lon="68.13288196921349">
        <ele>282.2</ele>
        <time>2026-07-07T11:34:23.000Z</time>
      </trkpt>
      <trkpt lat="53.262321492657065" lon="68.1337345764041">
        <ele>282</ele>
        <time>2026-07-07T11:34:39.000Z</time>
      </trkpt>
      <trkpt lat="53.26183207333088" lon="68.13450185582042">
        <ele>283</ele>
        <time>2026-07-07T11:34:55.000Z</time>
      </trkpt>
      <trkpt lat="53.26152387075126" lon="68.13497677445412">
        <ele>283.8</ele>
        <time>2026-07-07T11:35:11.000Z</time>
      </trkpt>
      <trkpt lat="53.26122866012156" lon="68.13545596785843">
        <ele>285</ele>
        <time>2026-07-07T11:35:27.000Z</time>
      </trkpt>
      <trkpt lat="53.26097938232124" lon="68.13585720956326">
        <ele>286.2</ele>
        <time>2026-07-07T11:35:43.000Z</time>
      </trkpt>
      <trkpt lat="53.26073178090155" lon="68.13624311238527">
        <ele>287.2</ele>
        <time>2026-07-07T11:35:59.000Z</time>
      </trkpt>
      <trkpt lat="53.26049029827118" lon="68.13663278706372">
        <ele>288</ele>
        <time>2026-07-07T11:36:16.000Z</time>
      </trkpt>
      <trkpt lat="53.26023490168154" lon="68.13703143037856">
        <ele>289.4</ele>
        <time>2026-07-07T11:36:32.000Z</time>
      </trkpt>
      <trkpt lat="53.26007438823581" lon="68.13728070817888">
        <ele>290.2</ele>
        <time>2026-07-07T11:36:48.000Z</time>
      </trkpt>
      <trkpt lat="53.25989870354533" lon="68.13756946474314">
        <ele>290.8</ele>
        <time>2026-07-07T11:37:26.000Z</time>
      </trkpt>
      <trkpt lat="53.25964112766087" lon="68.13798361457884">
        <ele>291.6</ele>
        <time>2026-07-07T11:37:42.000Z</time>
      </trkpt>
      <trkpt lat="53.25936175882816" lon="68.13841645605862">
        <ele>292.8</ele>
        <time>2026-07-07T11:37:58.000Z</time>
      </trkpt>
      <trkpt lat="53.259108709171414" lon="68.13881560228765">
        <ele>293.6</ele>
        <time>2026-07-07T11:38:14.000Z</time>
      </trkpt>
      <trkpt lat="53.258864376693964" lon="68.13920611515641">
        <ele>294.6</ele>
        <time>2026-07-07T11:38:31.000Z</time>
      </trkpt>
      <trkpt lat="53.25861115939915" lon="68.1396091170609">
        <ele>295.2</ele>
        <time>2026-07-07T11:38:47.000Z</time>
      </trkpt>
      <trkpt lat="53.25832768343389" lon="68.14005386084318">
        <ele>296.2</ele>
        <time>2026-07-07T11:39:03.000Z</time>
      </trkpt>
      <trkpt lat="53.25809961184859" lon="68.14041688106954">
        <ele>297.4</ele>
        <time>2026-07-07T11:39:19.000Z</time>
      </trkpt>
      <trkpt lat="53.25793767347932" lon="68.14066247083247">
        <ele>298.4</ele>
        <time>2026-07-07T11:39:30.000Z</time>
      </trkpt>
      <trkpt lat="53.25770063325763" lon="68.14103655517101">
        <ele>299.8</ele>
        <time>2026-07-07T11:39:46.000Z</time>
      </trkpt>
      <trkpt lat="53.25745923444629" lon="68.14141499809921">
        <ele>301</ele>
        <time>2026-07-07T11:40:02.000Z</time>
      </trkpt>
      <trkpt lat="53.25720677152276" lon="68.14180886372924">
        <ele>301.6</ele>
        <time>2026-07-07T11:40:18.000Z</time>
      </trkpt>
      <trkpt lat="53.25692815706134" lon="68.14225017093122">
        <ele>302.2</ele>
        <time>2026-07-07T11:40:34.000Z</time>
      </trkpt>
      <trkpt lat="53.256608974188566" lon="68.14274101518095">
        <ele>302.4</ele>
        <time>2026-07-07T11:40:51.000Z</time>
      </trkpt>
      <trkpt lat="53.25628828257322" lon="68.14323387108743">
        <ele>302.8</ele>
        <time>2026-07-07T11:41:07.000Z</time>
      </trkpt>
      <trkpt lat="53.25595920905471" lon="68.14374290406704">
        <ele>303.6</ele>
        <time>2026-07-07T11:41:23.000Z</time>
      </trkpt>
      <trkpt lat="53.2556367572397" lon="68.14424682408571">
        <ele>304</ele>
        <time>2026-07-07T11:41:39.000Z</time>
      </trkpt>
      <trkpt lat="53.255265606567264" lon="68.1448535900563">
        <ele>304.6</ele>
        <time>2026-07-07T11:41:55.000Z</time>
      </trkpt>
      <trkpt lat="53.254876183345914" lon="68.14546706154943">
        <ele>304.8</ele>
        <time>2026-07-07T11:42:11.000Z</time>
      </trkpt>
      <trkpt lat="53.25449078343809" lon="68.14607491716743">
        <ele>305.4</ele>
        <time>2026-07-07T11:42:27.000Z</time>
      </trkpt>
      <trkpt lat="53.254105132073164" lon="68.14669735729694">
        <ele>305.8</ele>
        <time>2026-07-07T11:42:43.000Z</time>
      </trkpt>
      <trkpt lat="53.25375669635832" lon="68.14725140109658">
        <ele>306.8</ele>
        <time>2026-07-07T11:42:59.000Z</time>
      </trkpt>
      <trkpt lat="53.253437178209424" lon="68.14775682985783">
        <ele>307.4</ele>
        <time>2026-07-07T11:43:16.000Z</time>
      </trkpt>
      <trkpt lat="53.25307675637305" lon="68.14832830801606">
        <ele>308.2</ele>
        <time>2026-07-07T11:43:32.000Z</time>
      </trkpt>
      <trkpt lat="53.252723291516304" lon="68.14889559522271">
        <ele>309</ele>
        <time>2026-07-07T11:43:48.000Z</time>
      </trkpt>
      <trkpt lat="53.25235700234771" lon="68.14947025850415">
        <ele>309.6</ele>
        <time>2026-07-07T11:44:04.000Z</time>
      </trkpt>
      <trkpt lat="53.25197990052402" lon="68.15006730146706">
        <ele>310</ele>
        <time>2026-07-07T11:44:20.000Z</time>
      </trkpt>
      <trkpt lat="53.2515009585768" lon="68.1508092675358">
        <ele>309.4</ele>
        <time>2026-07-07T11:44:36.000Z</time>
      </trkpt>
      <trkpt lat="53.25091129168868" lon="68.15173546783626">
        <ele>308.2</ele>
        <time>2026-07-07T11:44:52.000Z</time>
      </trkpt>
      <trkpt lat="53.25024249963462" lon="68.15278806723654">
        <ele>307.2</ele>
        <time>2026-07-07T11:45:08.000Z</time>
      </trkpt>
      <trkpt lat="53.24955761432648" lon="68.15379951149225">
        <ele>306</ele>
        <time>2026-07-07T11:45:24.000Z</time>
      </trkpt>
      <trkpt lat="53.248928217217326" lon="68.1546051800251">
        <ele>305.8</ele>
        <time>2026-07-07T11:45:41.000Z</time>
      </trkpt>
      <trkpt lat="53.248250875622034" lon="68.15542945638299">
        <ele>304.6</ele>
        <time>2026-07-07T11:45:57.000Z</time>
      </trkpt>
      <trkpt lat="53.24736465699971" lon="68.1565254740417">
        <ele>301.2</ele>
        <time>2026-07-07T11:46:13.000Z</time>
      </trkpt>
      <trkpt lat="53.24636553414166" lon="68.15775618888438">
        <ele>297.6</ele>
        <time>2026-07-07T11:46:29.000Z</time>
      </trkpt>
      <trkpt lat="53.24558358639479" lon="68.1587465107441">
        <ele>294.2</ele>
        <time>2026-07-07T11:46:40.000Z</time>
      </trkpt>
      <trkpt lat="53.24543279595673" lon="68.15894172526896">
        <ele>293.4</ele>
        <time>2026-07-07T11:46:42.000Z</time>
      </trkpt>
      <trkpt lat="53.24527622200549" lon="68.15913861617446">
        <ele>292.4</ele>
        <time>2026-07-07T11:46:44.000Z</time>
      </trkpt>
      <trkpt lat="53.24511621147394" lon="68.15934338606894">
        <ele>291.4</ele>
        <time>2026-07-07T11:46:46.000Z</time>
      </trkpt>
      <trkpt lat="53.24495209380984" lon="68.15955167636275">
        <ele>290.6</ele>
        <time>2026-07-07T11:46:48.000Z</time>
      </trkpt>
      <trkpt lat="53.24478319846094" lon="68.15975829027593">
        <ele>289.8</ele>
        <time>2026-07-07T11:46:50.000Z</time>
      </trkpt>
      <trkpt lat="53.24350948445499" lon="68.1613397039473">
        <ele>285.2</ele>
        <time>2026-07-07T11:47:06.000Z</time>
      </trkpt>
      <trkpt lat="53.24241455644369" lon="68.16267091780901">
        <ele>283.2</ele>
        <time>2026-07-07T11:47:22.000Z</time>
      </trkpt>
      <trkpt lat="53.24152749963105" lon="68.16376517526805">
        <ele>282.4</ele>
        <time>2026-07-07T11:47:38.000Z</time>
      </trkpt>
      <trkpt lat="53.24074178002775" lon="68.16473890095949">
        <ele>282.2</ele>
        <time>2026-07-07T11:47:54.000Z</time>
      </trkpt>
      <trkpt lat="53.23993669822812" lon="68.16576702520251">
        <ele>280.6</ele>
        <time>2026-07-07T11:48:11.000Z</time>
      </trkpt>
      <trkpt lat="53.23921652510762" lon="68.16685826517642">
        <ele>279.6</ele>
        <time>2026-07-07T11:48:27.000Z</time>
      </trkpt>
      <trkpt lat="53.23855418711901" lon="68.1680329889059">
        <ele>279.2</ele>
        <time>2026-07-07T11:48:43.000Z</time>
      </trkpt>
      <trkpt lat="53.23793669231236" lon="68.16913940012455">
        <ele>279.2</ele>
        <time>2026-07-07T11:48:59.000Z</time>
      </trkpt>
      <trkpt lat="53.23733721859753" lon="68.17020297981799">
        <ele>278.8</ele>
        <time>2026-07-07T11:49:15.000Z</time>
      </trkpt>
      <trkpt lat="53.23679717257619" lon="68.1711795553565">
        <ele>279</ele>
        <time>2026-07-07T11:49:31.000Z</time>
      </trkpt>
      <trkpt lat="53.23625008575618" lon="68.1721764151007">
        <ele>279</ele>
        <time>2026-07-07T11:49:47.000Z</time>
      </trkpt>
      <trkpt lat="53.23570417240262" lon="68.17317143082619">
        <ele>279.4</ele>
        <time>2026-07-07T11:50:03.000Z</time>
      </trkpt>
      <trkpt lat="53.235224056988955" lon="68.17403141409159">
        <ele>279.2</ele>
        <time>2026-07-07T11:50:20.000Z</time>
      </trkpt>
      <trkpt lat="53.23506060987711" lon="68.17434137687087">
        <ele>279.4</ele>
        <time>2026-07-07T11:51:34.000Z</time>
      </trkpt>
      <trkpt lat="53.23455777950585" lon="68.175219129771">
        <ele>279.6</ele>
        <time>2026-07-07T11:51:50.000Z</time>
      </trkpt>
      <trkpt lat="53.23405352421105" lon="68.17609990015626">
        <ele>280</ele>
        <time>2026-07-07T11:52:06.000Z</time>
      </trkpt>
      <trkpt lat="53.233591094613075" lon="68.17691093310714">
        <ele>280.4</ele>
        <time>2026-07-07T11:52:22.000Z</time>
      </trkpt>
      <trkpt lat="53.233137130737305" lon="68.17771190777421">
        <ele>280.6</ele>
        <time>2026-07-07T11:52:38.000Z</time>
      </trkpt>
      <trkpt lat="53.232652908191085" lon="68.17858161404729">
        <ele>280.6</ele>
        <time>2026-07-07T11:52:55.000Z</time>
      </trkpt>
      <trkpt lat="53.23212065733969" lon="68.17953832447529">
        <ele>281.4</ele>
        <time>2026-07-07T11:53:11.000Z</time>
      </trkpt>
      <trkpt lat="53.23165621608496" lon="68.18038322031498">
        <ele>281.6</ele>
        <time>2026-07-07T11:53:27.000Z</time>
      </trkpt>
      <trkpt lat="53.23121038265526" lon="68.18117229267955">
        <ele>282.4</ele>
        <time>2026-07-07T11:53:43.000Z</time>
      </trkpt>
      <trkpt lat="53.230847613886" lon="68.18180236034095">
        <ele>283.6</ele>
        <time>2026-07-07T11:53:59.000Z</time>
      </trkpt>
      <trkpt lat="53.23050647042692" lon="68.18241306580603">
        <ele>285.2</ele>
        <time>2026-07-07T11:54:15.000Z</time>
      </trkpt>
      <trkpt lat="53.230151580646634" lon="68.18305327557027">
        <ele>285.8</ele>
        <time>2026-07-07T11:54:31.000Z</time>
      </trkpt>
      <trkpt lat="53.22979752905667" lon="68.18368627689779">
        <ele>286.8</ele>
        <time>2026-07-07T11:54:47.000Z</time>
      </trkpt>
      <trkpt lat="53.22942956350744" lon="68.18434065207839">
        <ele>288</ele>
        <time>2026-07-07T11:55:04.000Z</time>
      </trkpt>
      <trkpt lat="53.22906469926238" lon="68.18500676192343">
        <ele>288.6</ele>
        <time>2026-07-07T11:55:20.000Z</time>
      </trkpt>
      <trkpt lat="53.22860671207309" lon="68.18585869856179">
        <ele>288.4</ele>
        <time>2026-07-07T11:55:36.000Z</time>
      </trkpt>
      <trkpt lat="53.228144282475114" lon="68.18675539456308">
        <ele>288.2</ele>
        <time>2026-07-07T11:55:52.000Z</time>
      </trkpt>
      <trkpt lat="53.22767497971654" lon="68.18766793236136">
        <ele>289</ele>
        <time>2026-07-07T11:56:08.000Z</time>
      </trkpt>
      <trkpt lat="53.22724926285446" lon="68.18848416209221">
        <ele>290</ele>
        <time>2026-07-07T11:56:24.000Z</time>
      </trkpt>
      <trkpt lat="53.22691272944212" lon="68.18919536657631">
        <ele>290.8</ele>
        <time>2026-07-07T11:56:38.000Z</time>
      </trkpt>
      <trkpt lat="53.22663143277168" lon="68.1896726321429">
        <ele>291.2</ele>
        <time>2026-07-07T11:56:49.000Z</time>
      </trkpt>
      <trkpt lat="53.22618358768523" lon="68.19047695957124">
        <ele>291.6</ele>
        <time>2026-07-07T11:57:05.000Z</time>
      </trkpt>
      <trkpt lat="53.225642619654536" lon="68.19121641106904">
        <ele>291.8</ele>
        <time>2026-07-07T11:57:21.000Z</time>
      </trkpt>
      <trkpt lat="53.225082121789455" lon="68.19193951785564">
        <ele>292.6</ele>
        <time>2026-07-07T11:57:38.000Z</time>
      </trkpt>
      <trkpt lat="53.22462790645659" lon="68.19252566434443">
        <ele>293.4</ele>
        <time>2026-07-07T11:57:54.000Z</time>
      </trkpt>
      <trkpt lat="53.22410646826029" lon="68.1932026706636">
        <ele>293.6</ele>
        <time>2026-07-07T11:58:10.000Z</time>
      </trkpt>
      <trkpt lat="53.2235845271498" lon="68.19387146271765">
        <ele>293.6</ele>
        <time>2026-07-07T11:58:26.000Z</time>
      </trkpt>
      <trkpt lat="53.22303735651076" lon="68.1945769675076">
        <ele>293.4</ele>
        <time>2026-07-07T11:58:42.000Z</time>
      </trkpt>
      <trkpt lat="53.222490856423974" lon="68.19528582505882">
        <ele>294</ele>
        <time>2026-07-07T11:58:58.000Z</time>
      </trkpt>
      <trkpt lat="53.22196053341031" lon="68.1959599815309">
        <ele>294.8</ele>
        <time>2026-07-07T11:59:14.000Z</time>
      </trkpt>
      <trkpt lat="53.22152039967477" lon="68.19652902893722">
        <ele>296</ele>
        <time>2026-07-07T11:59:30.000Z</time>
      </trkpt>
      <trkpt lat="53.22103978134692" lon="68.1971497926861">
        <ele>296</ele>
        <time>2026-07-07T11:59:46.000Z</time>
      </trkpt>
      <trkpt lat="53.22051758877933" lon="68.19783283397555">
        <ele>296.2</ele>
        <time>2026-07-07T12:00:03.000Z</time>
      </trkpt>
      <trkpt lat="53.22000201791525" lon="68.19850347004831">
        <ele>296.6</ele>
        <time>2026-07-07T12:00:19.000Z</time>
      </trkpt>
      <trkpt lat="53.219435987994075" lon="68.19922951050103">
        <ele>296.4</ele>
        <time>2026-07-07T12:00:35.000Z</time>
      </trkpt>
      <trkpt lat="53.21891278959811" lon="68.19991280324757">
        <ele>296.8</ele>
        <time>2026-07-07T12:00:51.000Z</time>
      </trkpt>
      <trkpt lat="53.21834458038211" lon="68.20065150037408">
        <ele>296.8</ele>
        <time>2026-07-07T12:01:07.000Z</time>
      </trkpt>
      <trkpt lat="53.21774745360017" lon="68.20142439566553">
        <ele>297.2</ele>
        <time>2026-07-07T12:01:23.000Z</time>
      </trkpt>
      <trkpt lat="53.217134065926075" lon="68.20221841335297">
        <ele>297.6</ele>
        <time>2026-07-07T12:01:39.000Z</time>
      </trkpt>
      <trkpt lat="53.21652260608971" lon="68.20301947183907">
        <ele>298.4</ele>
        <time>2026-07-07T12:01:55.000Z</time>
      </trkpt>
      <trkpt lat="53.215918354690075" lon="68.20381290279329">
        <ele>298.8</ele>
        <time>2026-07-07T12:02:11.000Z</time>
      </trkpt>
      <trkpt lat="53.21533120237291" lon="68.2045598141849">
        <ele>299</ele>
        <time>2026-07-07T12:02:28.000Z</time>
      </trkpt>
      <trkpt lat="53.214713372290134" lon="68.20534880273044">
        <ele>299.2</ele>
        <time>2026-07-07T12:02:44.000Z</time>
      </trkpt>
      <trkpt lat="53.214120268821716" lon="68.20609990507364">
        <ele>299.8</ele>
        <time>2026-07-07T12:03:00.000Z</time>
      </trkpt>
      <trkpt lat="53.21351702325046" lon="68.20688327774405">
        <ele>299.8</ele>
        <time>2026-07-07T12:03:16.000Z</time>
      </trkpt>
      <trkpt lat="53.212866419926286" lon="68.2077254075557">
        <ele>299.4</ele>
        <time>2026-07-07T12:03:32.000Z</time>
      </trkpt>
      <trkpt lat="53.21216678246856" lon="68.20862621068954">
        <ele>299.6</ele>
        <time>2026-07-07T12:03:48.000Z</time>
      </trkpt>
      <trkpt lat="53.211476784199476" lon="68.20952055975795">
        <ele>299.2</ele>
        <time>2026-07-07T12:04:04.000Z</time>
      </trkpt>
      <trkpt lat="53.210811261087656" lon="68.2103695627302">
        <ele>299.6</ele>
        <time>2026-07-07T12:04:20.000Z</time>
      </trkpt>
      <trkpt lat="53.210221929475665" lon="68.21113776415586">
        <ele>299.8</ele>
        <time>2026-07-07T12:04:35.000Z</time>
      </trkpt>
      <trkpt lat="53.20954198949039" lon="68.21199892088771">
        <ele>300</ele>
        <time>2026-07-07T12:04:51.000Z</time>
      </trkpt>
      <trkpt lat="53.20895190350711" lon="68.21277751587331">
        <ele>300.6</ele>
        <time>2026-07-07T12:05:07.000Z</time>
      </trkpt>
      <trkpt lat="53.208430632948875" lon="68.21347078308463">
        <ele>300.8</ele>
        <time>2026-07-07T12:05:23.000Z</time>
      </trkpt>
      <trkpt lat="53.20791590027511" lon="68.21416195482016">
        <ele>301.2</ele>
        <time>2026-07-07T12:05:39.000Z</time>
      </trkpt>
      <trkpt lat="53.20744978263974" lon="68.21484189480543">
        <ele>301.6</ele>
        <time>2026-07-07T12:05:55.000Z</time>
      </trkpt>
      <trkpt lat="53.207051390782" lon="68.21545243263245">
        <ele>302.6</ele>
        <time>2026-07-07T12:06:11.000Z</time>
      </trkpt>
      <trkpt lat="53.20667705498636" lon="68.21601552888751">
        <ele>303.2</ele>
        <time>2026-07-07T12:06:27.000Z</time>
      </trkpt>
      <trkpt lat="53.20627849549055" lon="68.21661835536361">
        <ele>304</ele>
        <time>2026-07-07T12:06:43.000Z</time>
      </trkpt>
      <trkpt lat="53.20582369342446" lon="68.21732168085873">
        <ele>303.8</ele>
        <time>2026-07-07T12:07:00.000Z</time>
      </trkpt>
      <trkpt lat="53.20528507232666" lon="68.21813246235251">
        <ele>303.6</ele>
        <time>2026-07-07T12:07:16.000Z</time>
      </trkpt>
      <trkpt lat="53.20475391112268" lon="68.21895020082593">
        <ele>304</ele>
        <time>2026-07-07T12:07:32.000Z</time>
      </trkpt>
      <trkpt lat="53.20423590950668" lon="68.21974991820753">
        <ele>304</ele>
        <time>2026-07-07T12:07:48.000Z</time>
      </trkpt>
      <trkpt lat="53.203664012253284" lon="68.22060369886458">
        <ele>303.4</ele>
        <time>2026-07-07T12:08:04.000Z</time>
      </trkpt>
      <trkpt lat="53.20301106199622" lon="68.22160910815">
        <ele>302.6</ele>
        <time>2026-07-07T12:08:20.000Z</time>
      </trkpt>
      <trkpt lat="53.20234436541796" lon="68.22265190072358">
        <ele>302.6</ele>
        <time>2026-07-07T12:08:36.000Z</time>
      </trkpt>
      <trkpt lat="53.20163743570447" lon="68.22372092865407">
        <ele>302.2</ele>
        <time>2026-07-07T12:08:52.000Z</time>
      </trkpt>
      <trkpt lat="53.200917430222034" lon="68.22482666932046">
        <ele>301.4</ele>
        <time>2026-07-07T12:09:08.000Z</time>
      </trkpt>
      <trkpt lat="53.200219217687845" lon="68.22600306943059">
        <ele>300.8</ele>
        <time>2026-07-07T12:09:25.000Z</time>
      </trkpt>
      <trkpt lat="53.199603566899896" lon="68.22709816507995">
        <ele>300.6</ele>
        <time>2026-07-07T12:09:41.000Z</time>
      </trkpt>
      <trkpt lat="53.19901071488857" lon="68.22818429209292">
        <ele>300.8</ele>
        <time>2026-07-07T12:09:57.000Z</time>
      </trkpt>
      <trkpt lat="53.198310658335686" lon="68.22944920510054">
        <ele>299.6</ele>
        <time>2026-07-07T12:10:13.000Z</time>
      </trkpt>
      <trkpt lat="53.1976520922035" lon="68.23064379394054">
        <ele>298.8</ele>
        <time>2026-07-07T12:10:29.000Z</time>
      </trkpt>
      <trkpt lat="53.19705907255411" lon="68.23170226067305">
        <ele>299.2</ele>
        <time>2026-07-07T12:10:45.000Z</time>
      </trkpt>
      <trkpt lat="53.19641198962927" lon="68.23264145292342">
        <ele>299.6</ele>
        <time>2026-07-07T12:11:01.000Z</time>
      </trkpt>
      <trkpt lat="53.1958094984293" lon="68.23346313089132">
        <ele>299.6</ele>
        <time>2026-07-07T12:11:17.000Z</time>
      </trkpt>
      <trkpt lat="53.19524263031781" lon="68.23425589129329">
        <ele>299.2</ele>
        <time>2026-07-07T12:11:33.000Z</time>
      </trkpt>
      <trkpt lat="53.19457886740565" lon="68.23500632308424">
        <ele>299.2</ele>
        <time>2026-07-07T12:11:50.000Z</time>
      </trkpt>
      <trkpt lat="53.19383690133691" lon="68.2355622947216">
        <ele>299</ele>
        <time>2026-07-07T12:12:06.000Z</time>
      </trkpt>
      <trkpt lat="53.19308747537434" lon="68.23608348146081">
        <ele>299</ele>
        <time>2026-07-07T12:12:22.000Z</time>
      </trkpt>
      <trkpt lat="53.192432932555676" lon="68.23654959909618">
        <ele>299.6</ele>
        <time>2026-07-07T12:12:38.000Z</time>
      </trkpt>
      <trkpt lat="53.19169859401882" lon="68.23706483468413">
        <ele>299</ele>
        <time>2026-07-07T12:12:54.000Z</time>
      </trkpt>
      <trkpt lat="53.19092460907996" lon="68.23761703446507">
        <ele>299</ele>
        <time>2026-07-07T12:13:10.000Z</time>
      </trkpt>
      <trkpt lat="53.19030895829201" lon="68.23829303495586">
        <ele>298.8</ele>
        <time>2026-07-07T12:13:26.000Z</time>
      </trkpt>
      <trkpt lat="53.18971887230873" lon="68.23902737349272">
        <ele>298.8</ele>
        <time>2026-07-07T12:13:42.000Z</time>
      </trkpt>
      <trkpt lat="53.18922542966902" lon="68.23963841423392">
        <ele>299</ele>
        <time>2026-07-07T12:13:58.000Z</time>
      </trkpt>
      <trkpt lat="53.18872980773449" lon="68.24027091264725">
        <ele>298.8</ele>
        <time>2026-07-07T12:14:15.000Z</time>
      </trkpt>
      <trkpt lat="53.18814852274954" lon="68.24097977019846">
        <ele>299</ele>
        <time>2026-07-07T12:14:31.000Z</time>
      </trkpt>
      <trkpt lat="53.187554916366935" lon="68.24170782230794">
        <ele>299.6</ele>
        <time>2026-07-07T12:14:47.000Z</time>
      </trkpt>
      <trkpt lat="53.18714370019734" lon="68.24247895739973">
        <ele>300.2</ele>
        <time>2026-07-07T12:15:02.000Z</time>
      </trkpt>
      <trkpt lat="53.18678378127515" lon="68.24328185990453">
        <ele>301</ele>
        <time>2026-07-07T12:15:18.000Z</time>
      </trkpt>
      <trkpt lat="53.18643962033093" lon="68.24408777989447">
        <ele>301.2</ele>
        <time>2026-07-07T12:15:34.000Z</time>
      </trkpt>
      <trkpt lat="53.18609311245382" lon="68.2448947057128">
        <ele>301.8</ele>
        <time>2026-07-07T12:15:50.000Z</time>
      </trkpt>
      <trkpt lat="53.18575356155634" lon="68.24567162431777">
        <ele>302</ele>
        <time>2026-07-07T12:16:06.000Z</time>
      </trkpt>
      <trkpt lat="53.18536791019142" lon="68.24655490927398">
        <ele>302</ele>
        <time>2026-07-07T12:16:22.000Z</time>
      </trkpt>
      <trkpt lat="53.184977481141686" lon="68.24744808487594">
        <ele>302</ele>
        <time>2026-07-07T12:16:39.000Z</time>
      </trkpt>
      <trkpt lat="53.18456525914371" lon="68.24838417582214">
        <ele>302.2</ele>
        <time>2026-07-07T12:16:55.000Z</time>
      </trkpt>
      <trkpt lat="53.18412596359849" lon="68.24938857927918">
        <ele>302.4</ele>
        <time>2026-07-07T12:17:11.000Z</time>
      </trkpt>
      <trkpt lat="53.183743162080646" lon="68.25030555948615">
        <ele>302.6</ele>
        <time>2026-07-07T12:17:27.000Z</time>
      </trkpt>
      <trkpt lat="53.183335633948445" lon="68.25126025825739">
        <ele>302.4</ele>
        <time>2026-07-07T12:17:43.000Z</time>
      </trkpt>
      <trkpt lat="53.18289675749838" lon="68.25225938111544">
        <ele>302.6</ele>
        <time>2026-07-07T12:17:59.000Z</time>
      </trkpt>
      <trkpt lat="53.182461485266685" lon="68.25324593111873">
        <ele>302.4</ele>
        <time>2026-07-07T12:18:15.000Z</time>
      </trkpt>
      <trkpt lat="53.18206208758056" lon="68.25417246669531">
        <ele>302.4</ele>
        <time>2026-07-07T12:18:31.000Z</time>
      </trkpt>
      <trkpt lat="53.18166218698025" lon="68.25510361231863">
        <ele>302.8</ele>
        <time>2026-07-07T12:18:47.000Z</time>
      </trkpt>
      <trkpt lat="53.181277960538864" lon="68.25600123032928">
        <ele>302.8</ele>
        <time>2026-07-07T12:19:04.000Z</time>
      </trkpt>
      <trkpt lat="53.180883172899485" lon="68.2569120079279">
        <ele>302.6</ele>
        <time>2026-07-07T12:19:20.000Z</time>
      </trkpt>
      <trkpt lat="53.18047782406211" lon="68.25786176137626">
        <ele>302.8</ele>
        <time>2026-07-07T12:19:36.000Z</time>
      </trkpt>
      <trkpt lat="53.18028177134693" lon="68.25829669833183">
        <ele>303.2</ele>
        <time>2026-07-07T12:19:51.000Z</time>
      </trkpt>
      <trkpt lat="53.17999108694494" lon="68.25899139046669">
        <ele>303.8</ele>
        <time>2026-07-07T12:20:18.000Z</time>
      </trkpt>
      <trkpt lat="53.179665030911565" lon="68.25973821803927">
        <ele>304</ele>
        <time>2026-07-07T12:20:34.000Z</time>
      </trkpt>
      <trkpt lat="53.17933822050691" lon="68.26049661263824">
        <ele>304.4</ele>
        <time>2026-07-07T12:20:50.000Z</time>
      </trkpt>
      <trkpt lat="53.17898835986853" lon="68.26131577603519">
        <ele>304.2</ele>
        <time>2026-07-07T12:21:06.000Z</time>
      </trkpt>
      <trkpt lat="53.1786685064435" lon="68.26205086894333">
        <ele>304.2</ele>
        <time>2026-07-07T12:21:23.000Z</time>
      </trkpt>
      <trkpt lat="53.178432723507285" lon="68.26259267516434">
        <ele>304.4</ele>
        <time>2026-07-07T12:21:39.000Z</time>
      </trkpt>
      <trkpt lat="53.178187888115644" lon="68.26314026489854">
        <ele>304.8</ele>
        <time>2026-07-07T12:21:55.000Z</time>
      </trkpt>
      <trkpt lat="53.17827573046088" lon="68.26311947777867">
        <ele>304.8</ele>
        <time>2026-07-07T12:22:16.000Z</time>
      </trkpt>
      <trkpt lat="53.178652580827475" lon="68.26223879121244">
        <ele>304</ele>
        <time>2026-07-07T12:22:32.000Z</time>
      </trkpt>
      <trkpt lat="53.17893823608756" lon="68.26153588481247">
        <ele>304.2</ele>
        <time>2026-07-07T12:22:45.000Z</time>
      </trkpt>
      <trkpt lat="53.17914258688688" lon="68.2609457988292">
        <ele>304.2</ele>
        <time>2026-07-07T12:22:58.000Z</time>
      </trkpt>
      <trkpt lat="53.17916203290224" lon="68.26083591207862">
        <ele>304.2</ele>
        <time>2026-07-07T12:23:08.000Z</time>
      </trkpt>
      <trkpt lat="53.17898953333497" lon="68.26071906834841">
        <ele>303.8</ele>
        <time>2026-07-07T12:28:56.000Z</time>
      </trkpt>
      <trkpt lat="53.17908416502178" lon="68.2610530871898">
        <ele>304.4</ele>
        <time>2026-07-07T12:30:05.000Z</time>
      </trkpt>
      <trkpt lat="53.178818291053176" lon="68.26171282678843">
        <ele>305</ele>
        <time>2026-07-07T12:30:37.000Z</time>
      </trkpt>
      <trkpt lat="53.17849542014301" lon="68.2624548766762">
        <ele>305.2</ele>
        <time>2026-07-07T12:30:54.000Z</time>
      </trkpt>
      <trkpt lat="53.178188391029835" lon="68.2631333079189">
        <ele>305.6</ele>
        <time>2026-07-07T12:31:10.000Z</time>
      </trkpt>
      <trkpt lat="53.17789066582918" lon="68.26382389292121">
        <ele>306.4</ele>
        <time>2026-07-07T12:31:26.000Z</time>
      </trkpt>
      <trkpt lat="53.17759000696242" lon="68.26452512294054">
        <ele>307</ele>
        <time>2026-07-07T12:31:42.000Z</time>
      </trkpt>
      <trkpt lat="53.1772699020803" lon="68.26527153141797">
        <ele>307.6</ele>
        <time>2026-07-07T12:31:58.000Z</time>
      </trkpt>
      <trkpt lat="53.176961028948426" lon="68.2659844122827">
        <ele>307.8</ele>
        <time>2026-07-07T12:32:14.000Z</time>
      </trkpt>
      <trkpt lat="53.1766274292022" lon="68.2667616661638">
        <ele>308.2</ele>
        <time>2026-07-07T12:32:30.000Z</time>
      </trkpt>
      <trkpt lat="53.17630061879754" lon="68.26753640547395">
        <ele>308.4</ele>
        <time>2026-07-07T12:32:46.000Z</time>
      </trkpt>
      <trkpt lat="53.17596307955682" lon="68.26832430437207">
        <ele>308.6</ele>
        <time>2026-07-07T12:33:02.000Z</time>
      </trkpt>
      <trkpt lat="53.17561053670943" lon="68.26913550496101">
        <ele>309</ele>
        <time>2026-07-07T12:33:19.000Z</time>
      </trkpt>
      <trkpt lat="53.17524366080761" lon="68.26997478492558">
        <ele>309.2</ele>
        <time>2026-07-07T12:33:35.000Z</time>
      </trkpt>
      <trkpt lat="53.17490796558559" lon="68.2707576546818">
        <ele>309.6</ele>
        <time>2026-07-07T12:33:51.000Z</time>
      </trkpt>
      <trkpt lat="53.17456481046975" lon="68.27154672704637">
        <ele>310</ele>
        <time>2026-07-07T12:34:07.000Z</time>
      </trkpt>
      <trkpt lat="53.1742581166327" lon="68.27226136811078">
        <ele>310.6</ele>
        <time>2026-07-07T12:34:23.000Z</time>
      </trkpt>
      <trkpt lat="53.17395091988146" lon="68.27297441661358">
        <ele>310.8</ele>
        <time>2026-07-07T12:34:39.000Z</time>
      </trkpt>
      <trkpt lat="53.173631401732564" lon="68.27371621504426">
        <ele>311.2</ele>
        <time>2026-07-07T12:34:55.000Z</time>
      </trkpt>
      <trkpt lat="53.17332009784877" lon="68.27444862574339">
        <ele>311.4</ele>
        <time>2026-07-07T12:35:11.000Z</time>
      </trkpt>
      <trkpt lat="53.17301910370588" lon="68.27515228651464">
        <ele>311.8</ele>
        <time>2026-07-07T12:35:27.000Z</time>
      </trkpt>
      <trkpt lat="53.172728503122926" lon="68.2758277002722">
        <ele>312</ele>
        <time>2026-07-07T12:35:44.000Z</time>
      </trkpt>
      <trkpt lat="53.172442177310586" lon="68.2764942292124">
        <ele>312.4</ele>
        <time>2026-07-07T12:36:00.000Z</time>
      </trkpt>
      <trkpt lat="53.17217521369457" lon="68.27712907455862">
        <ele>312.6</ele>
        <time>2026-07-07T12:36:16.000Z</time>
      </trkpt>
      <trkpt lat="53.17190305329859" lon="68.27775570563972">
        <ele>313.8</ele>
        <time>2026-07-07T12:36:32.000Z</time>
      </trkpt>
      <trkpt lat="53.171659810468554" lon="68.2783148624003">
        <ele>314.2</ele>
        <time>2026-07-07T12:36:48.000Z</time>
      </trkpt>
      <trkpt lat="53.17143542692065" lon="68.27883202582598">
        <ele>315</ele>
        <time>2026-07-07T12:37:04.000Z</time>
      </trkpt>
      <trkpt lat="53.17120031453669" lon="68.27938615344465">
        <ele>315.4</ele>
        <time>2026-07-07T12:37:20.000Z</time>
      </trkpt>
      <trkpt lat="53.17096319049597" lon="68.27993885613978">
        <ele>316.4</ele>
        <time>2026-07-07T12:37:36.000Z</time>
      </trkpt>
      <trkpt lat="53.170742159709334" lon="68.28046171925962">
        <ele>316.8</ele>
        <time>2026-07-07T12:37:52.000Z</time>
      </trkpt>
      <trkpt lat="53.17053571343422" lon="68.28095708973706">
        <ele>317.6</ele>
        <time>2026-07-07T12:38:09.000Z</time>
      </trkpt>
      <trkpt lat="53.170330775901675" lon="68.28143678605556">
        <ele>318.2</ele>
        <time>2026-07-07T12:38:25.000Z</time>
      </trkpt>
      <trkpt lat="53.170085521414876" lon="68.28200281597674">
        <ele>318.8</ele>
        <time>2026-07-07T12:38:41.000Z</time>
      </trkpt>
      <trkpt lat="53.16986893303692" lon="68.28250070102513">
        <ele>319.4</ele>
        <time>2026-07-07T12:38:57.000Z</time>
      </trkpt>
      <trkpt lat="53.16966558806598" lon="68.28297922387719">
        <ele>320</ele>
        <time>2026-07-07T12:39:13.000Z</time>
      </trkpt>
      <trkpt lat="53.16944321617484" lon="68.28350208699703">
        <ele>320.6</ele>
        <time>2026-07-07T12:39:29.000Z</time>
      </trkpt>
      <trkpt lat="53.16923316568136" lon="68.28397491015494">
        <ele>321.4</ele>
        <time>2026-07-07T12:39:45.000Z</time>
      </trkpt>
      <trkpt lat="53.169004172086716" lon="68.28451411798596">
        <ele>322</ele>
        <time>2026-07-07T12:40:01.000Z</time>
      </trkpt>
      <trkpt lat="53.168789679184556" lon="68.28505952842534">
        <ele>322.6</ele>
        <time>2026-07-07T12:40:18.000Z</time>
      </trkpt>
      <trkpt lat="53.16860041581094" lon="68.28567853197455">
        <ele>323</ele>
        <time>2026-07-07T12:40:34.000Z</time>
      </trkpt>
      <trkpt lat="53.16843185573816" lon="68.2862719707191">
        <ele>323.4</ele>
        <time>2026-07-07T12:40:50.000Z</time>
      </trkpt>
      <trkpt lat="53.16828961484134" lon="68.28682207502425">
        <ele>323.6</ele>
        <time>2026-07-07T12:41:06.000Z</time>
      </trkpt>
      <trkpt lat="53.16808618605137" lon="68.28757820650935">
        <ele>323.4</ele>
        <time>2026-07-07T12:41:22.000Z</time>
      </trkpt>
      <trkpt lat="53.16785451024771" lon="68.28841933049262">
        <ele>323.6</ele>
        <time>2026-07-07T12:41:38.000Z</time>
      </trkpt>
      <trkpt lat="53.1676872074604" lon="68.28900438733399">
        <ele>323.6</ele>
        <time>2026-07-07T12:41:49.000Z</time>
      </trkpt>
      <trkpt lat="53.16744128242135" lon="68.28989990986884">
        <ele>323</ele>
        <time>2026-07-07T12:42:05.000Z</time>
      </trkpt>
      <trkpt lat="53.167155208066106" lon="68.29095770604908">
        <ele>321.8</ele>
        <time>2026-07-07T12:42:21.000Z</time>
      </trkpt>
      <trkpt lat="53.16684952005744" lon="68.29205942340195">
        <ele>320.8</ele>
        <time>2026-07-07T12:42:37.000Z</time>
      </trkpt>
      <trkpt lat="53.16653419286013" lon="68.29321000725031">
        <ele>320.4</ele>
        <time>2026-07-07T12:42:54.000Z</time>
      </trkpt>
      <trkpt lat="53.166213082149625" lon="68.2943897601217">
        <ele>319.4</ele>
        <time>2026-07-07T12:43:10.000Z</time>
      </trkpt>
      <trkpt lat="53.16588166169822" lon="68.29559750854969">
        <ele>318.2</ele>
        <time>2026-07-07T12:43:26.000Z</time>
      </trkpt>
      <trkpt lat="53.165558790788054" lon="68.29677742905915">
        <ele>317.4</ele>
        <time>2026-07-07T12:43:42.000Z</time>
      </trkpt>
      <trkpt lat="53.16523415967822" lon="68.2979763764888">
        <ele>316.6</ele>
        <time>2026-07-07T12:43:58.000Z</time>
      </trkpt>
      <trkpt lat="53.16492956131697" lon="68.29908915795386">
        <ele>316</ele>
        <time>2026-07-07T12:44:14.000Z</time>
      </trkpt>
      <trkpt lat="53.1646479293704" lon="68.30009423196316">
        <ele>316.2</ele>
        <time>2026-07-07T12:44:30.000Z</time>
      </trkpt>
      <trkpt lat="53.16436478868127" lon="68.30111757852137">
        <ele>315.8</ele>
        <time>2026-07-07T12:44:46.000Z</time>
      </trkpt>
      <trkpt lat="53.16408533602953" lon="68.30214855261147">
        <ele>315.8</ele>
        <time>2026-07-07T12:45:03.000Z</time>
      </trkpt>
      <trkpt lat="53.1638193782419" lon="68.3031381200999">
        <ele>315.8</ele>
        <time>2026-07-07T12:45:19.000Z</time>
      </trkpt>
      <trkpt lat="53.16354839131236" lon="68.30410916358232">
        <ele>315.2</ele>
        <time>2026-07-07T12:45:35.000Z</time>
      </trkpt>
      <trkpt lat="53.16325896419585" lon="68.30516503192484">
        <ele>315.4</ele>
        <time>2026-07-07T12:45:51.000Z</time>
      </trkpt>
      <trkpt lat="53.16298169083893" lon="68.30616599880159">
        <ele>315.2</ele>
        <time>2026-07-07T12:46:07.000Z</time>
      </trkpt>
      <trkpt lat="53.16272512078285" lon="68.30711290240288">
        <ele>315.4</ele>
        <time>2026-07-07T12:46:23.000Z</time>
      </trkpt>
      <trkpt lat="53.16249151714146" lon="68.30802627839148">
        <ele>315.6</ele>
        <time>2026-07-07T12:46:39.000Z</time>
      </trkpt>
      <trkpt lat="53.16221717745066" lon="68.30894996412098">
        <ele>315.6</ele>
        <time>2026-07-07T12:46:55.000Z</time>
      </trkpt>
      <trkpt lat="53.16198508255184" lon="68.30978480167687">
        <ele>315.6</ele>
        <time>2026-07-07T12:47:11.000Z</time>
      </trkpt>
      <trkpt lat="53.161751395091414" lon="68.310657273978">
        <ele>315.8</ele>
        <time>2026-07-07T12:47:28.000Z</time>
      </trkpt>
      <trkpt lat="53.16150018945336" lon="68.31156922504306">
        <ele>316.2</ele>
        <time>2026-07-07T12:47:44.000Z</time>
      </trkpt>
      <trkpt lat="53.16125409677625" lon="68.31247363239527">
        <ele>316.4</ele>
        <time>2026-07-07T12:48:00.000Z</time>
      </trkpt>
      <trkpt lat="53.16099316813052" lon="68.3134042751044">
        <ele>316.6</ele>
        <time>2026-07-07T12:48:16.000Z</time>
      </trkpt>
      <trkpt lat="53.160780016332865" lon="68.31417155452073">
        <ele>316.6</ele>
        <time>2026-07-07T12:48:31.000Z</time>
      </trkpt>
      <trkpt lat="53.16056820563972" lon="68.3149656560272">
        <ele>316.8</ele>
        <time>2026-07-07T12:48:47.000Z</time>
      </trkpt>
      <trkpt lat="53.160351030528545" lon="68.31575900316238">
        <ele>317.2</ele>
        <time>2026-07-07T12:49:03.000Z</time>
      </trkpt>
      <trkpt lat="53.16012505441904" lon="68.31656257621944">
        <ele>317.2</ele>
        <time>2026-07-07T12:49:19.000Z</time>
      </trkpt>
      <trkpt lat="53.15989991649985" lon="68.31737427972257">
        <ele>317.2</ele>
        <time>2026-07-07T12:49:35.000Z</time>
      </trkpt>
      <trkpt lat="53.15967603586614" lon="68.31817676313221">
        <ele>317.4</ele>
        <time>2026-07-07T12:49:52.000Z</time>
      </trkpt>
      <trkpt lat="53.159470008686185" lon="68.3189629856497">
        <ele>317.8</ele>
        <time>2026-07-07T12:50:08.000Z</time>
      </trkpt>
      <trkpt lat="53.159287199378014" lon="68.31979782320559">
        <ele>318</ele>
        <time>2026-07-07T12:50:24.000Z</time>
      </trkpt>
      <trkpt lat="53.159115202724934" lon="68.32066157832742">
        <ele>318.2</ele>
        <time>2026-07-07T12:50:40.000Z</time>
      </trkpt>
      <trkpt lat="53.15898100845516" lon="68.32152885384858">
        <ele>318.4</ele>
        <time>2026-07-07T12:50:56.000Z</time>
      </trkpt>
      <trkpt lat="53.15889651887119" lon="68.32235421985388">
        <ele>318.8</ele>
        <time>2026-07-07T12:51:12.000Z</time>
      </trkpt>
      <trkpt lat="53.158831307664514" lon="68.32324169576168">
        <ele>319</ele>
        <time>2026-07-07T12:51:28.000Z</time>
      </trkpt>
      <trkpt lat="53.15879166126251" lon="68.32407527603209">
        <ele>319.4</ele>
        <time>2026-07-07T12:51:44.000Z</time>
      </trkpt>
      <trkpt lat="53.15879006870091" lon="68.32490768283606">
        <ele>319.4</ele>
        <time>2026-07-07T12:52:00.000Z</time>
      </trkpt>
      <trkpt lat="53.158810855820775" lon="68.32576481625438">
        <ele>319.8</ele>
        <time>2026-07-07T12:52:17.000Z</time>
      </trkpt>
      <trkpt lat="53.158851424232125" lon="68.3266631886363">
        <ele>319.4</ele>
        <time>2026-07-07T12:52:33.000Z</time>
      </trkpt>
      <trkpt lat="53.158868020400405" lon="68.32764646969736">
        <ele>318.8</ele>
        <time>2026-07-07T12:52:49.000Z</time>
      </trkpt>
      <trkpt lat="53.15888646058738" lon="68.32861139439046">
        <ele>318.6</ele>
        <time>2026-07-07T12:53:05.000Z</time>
      </trkpt>
      <trkpt lat="53.15891177393496" lon="68.32947171293199">
        <ele>318.6</ele>
        <time>2026-07-07T12:53:21.000Z</time>
      </trkpt>
      <trkpt lat="53.158943289890885" lon="68.33034049719572">
        <ele>318.8</ele>
        <time>2026-07-07T12:53:37.000Z</time>
      </trkpt>
      <trkpt lat="53.158966256305575" lon="68.33119335584342">
        <ele>319</ele>
        <time>2026-07-07T12:53:53.000Z</time>
      </trkpt>
      <trkpt lat="53.1589924916625" lon="68.3320680912584">
        <ele>319.2</ele>
        <time>2026-07-07T12:54:09.000Z</time>
      </trkpt>
      <trkpt lat="53.15900498069823" lon="68.33275238983333">
        <ele>319.2</ele>
        <time>2026-07-07T12:54:22.000Z</time>
      </trkpt>
      <trkpt lat="53.159015122801065" lon="68.33360415883362">
        <ele>319</ele>
        <time>2026-07-07T12:54:39.000Z</time>
      </trkpt>
      <trkpt lat="53.159030210226774" lon="68.33441326394677">
        <ele>318.6</ele>
        <time>2026-07-07T12:54:55.000Z</time>
      </trkpt>
      <trkpt lat="53.15901629626751" lon="68.33495481871068">
        <ele>318.4</ele>
        <time>2026-07-07T12:55:11.000Z</time>
      </trkpt>
      <trkpt lat="53.15906876698136" lon="68.33502363413572">
        <ele>318.4</ele>
        <time>2026-07-07T12:57:30.000Z</time>
      </trkpt>
      <trkpt lat="53.15911151468754" lon="68.33470319397748">
        <ele>318.4</ele>
        <time>2026-07-07T12:57:40.000Z</time>
      </trkpt>
      <trkpt lat="53.1590342335403" lon="68.33493637852371">
        <ele>318.6</ele>
        <time>2026-07-07T13:04:02.000Z</time>
      </trkpt>
      <trkpt lat="53.15904462710023" lon="68.3357429690659">
        <ele>318.6</ele>
        <time>2026-07-07T13:04:19.000Z</time>
      </trkpt>
      <trkpt lat="53.15907161682844" lon="68.33659918047488">
        <ele>318</ele>
        <time>2026-07-07T13:04:35.000Z</time>
      </trkpt>
      <trkpt lat="53.15912903286517" lon="68.33743946626782">
        <ele>318.8</ele>
        <time>2026-07-07T13:04:51.000Z</time>
      </trkpt>
      <trkpt lat="53.15916390158236" lon="68.33804866299033">
        <ele>319.8</ele>
        <time>2026-07-07T13:05:07.000Z</time>
      </trkpt>
      <trkpt lat="53.159171026200056" lon="68.33859256468713">
        <ele>321.4</ele>
        <time>2026-07-07T13:05:23.000Z</time>
      </trkpt>
      <trkpt lat="53.15914546139538" lon="68.33906966261566">
        <ele>323.2</ele>
        <time>2026-07-07T13:05:39.000Z</time>
      </trkpt>
      <trkpt lat="53.159054685384035" lon="68.33951105363667">
        <ele>324.8</ele>
        <time>2026-07-07T13:05:55.000Z</time>
      </trkpt>
      <trkpt lat="53.158950079232454" lon="68.34003458730876">
        <ele>326</ele>
        <time>2026-07-07T13:06:11.000Z</time>
      </trkpt>
      <trkpt lat="53.15887363627553" lon="68.34058452397585">
        <ele>326.6</ele>
        <time>2026-07-07T13:06:28.000Z</time>
      </trkpt>
      <trkpt lat="53.15883901901543" lon="68.34115508012474">
        <ele>327.4</ele>
        <time>2026-07-07T13:06:44.000Z</time>
      </trkpt>
      <trkpt lat="53.158811358734965" lon="68.34149161353707">
        <ele>327.6</ele>
        <time>2026-07-07T13:07:20.000Z</time>
      </trkpt>
      <trkpt lat="53.158659311011434" lon="68.34191221743822">
        <ele>327.4</ele>
        <time>2026-07-07T13:08:25.000Z</time>
      </trkpt>
      <trkpt lat="53.158147260546684" lon="68.34226316772401">
        <ele>326</ele>
        <time>2026-07-07T13:08:38.000Z</time>
      </trkpt>
      <trkpt lat="53.157220389693975" lon="68.342672791332">
        <ele>323.8</ele>
        <time>2026-07-07T13:08:55.000Z</time>
      </trkpt>
      <trkpt lat="53.15614842809737" lon="68.34299901500344">
        <ele>322</ele>
        <time>2026-07-07T13:09:11.000Z</time>
      </trkpt>
      <trkpt lat="53.15531929023564" lon="68.34314863197505">
        <ele>322.8</ele>
        <time>2026-07-07T13:09:27.000Z</time>
      </trkpt>
      <trkpt lat="53.15462099388242" lon="68.34321711212397">
        <ele>323</ele>
        <time>2026-07-07T13:09:43.000Z</time>
      </trkpt>
      <trkpt lat="53.15393032506108" lon="68.34327410906553">
        <ele>323</ele>
        <time>2026-07-07T13:09:57.000Z</time>
      </trkpt>
      <trkpt lat="53.15317813307047" lon="68.34345121867955">
        <ele>323.2</ele>
        <time>2026-07-07T13:10:13.000Z</time>
      </trkpt>
      <trkpt lat="53.15248335711658" lon="68.34382035769522">
        <ele>324</ele>
        <time>2026-07-07T13:10:29.000Z</time>
      </trkpt>
      <trkpt lat="53.151963762938976" lon="68.34435822442174">
        <ele>324.4</ele>
        <time>2026-07-07T13:10:44.000Z</time>
      </trkpt>
      <trkpt lat="53.1514788698405" lon="68.34510169923306">
        <ele>325.2</ele>
        <time>2026-07-07T13:11:00.000Z</time>
      </trkpt>
      <trkpt lat="53.151062624529004" lon="68.3459229581058">
        <ele>325.8</ele>
        <time>2026-07-07T13:11:17.000Z</time>
      </trkpt>
      <trkpt lat="53.150713769719005" lon="68.34678805433214">
        <ele>326.4</ele>
        <time>2026-07-07T13:11:33.000Z</time>
      </trkpt>
      <trkpt lat="53.15040581859648" lon="68.34759833291173">
        <ele>327</ele>
        <time>2026-07-07T13:11:49.000Z</time>
      </trkpt>
      <trkpt lat="53.15004455856979" lon="68.34854699671268">
        <ele>327</ele>
        <time>2026-07-07T13:12:05.000Z</time>
      </trkpt>
      <trkpt lat="53.149638874456286" lon="68.34960328415036">
        <ele>327.4</ele>
        <time>2026-07-07T13:12:21.000Z</time>
      </trkpt>
      <trkpt lat="53.14924911595881" lon="68.35059695877135">
        <ele>328.2</ele>
        <time>2026-07-07T13:12:37.000Z</time>
      </trkpt>
      <trkpt lat="53.14890663139522" lon="68.35146582685411">
        <ele>328.6</ele>
        <time>2026-07-07T13:12:53.000Z</time>
      </trkpt>
      <trkpt lat="53.14854252152145" lon="68.35240225307643">
        <ele>328.8</ele>
        <time>2026-07-07T13:13:09.000Z</time>
      </trkpt>
      <trkpt lat="53.14820280298591" lon="68.35329442285001">
        <ele>329.8</ele>
        <time>2026-07-07T13:13:25.000Z</time>
      </trkpt>
      <trkpt lat="53.14785017631948" lon="68.35417217575014">
        <ele>330</ele>
        <time>2026-07-07T13:13:42.000Z</time>
      </trkpt>
      <trkpt lat="53.14750970341265" lon="68.35507390089333">
        <ele>330</ele>
        <time>2026-07-07T13:13:58.000Z</time>
      </trkpt>
      <trkpt lat="53.147161519154906" lon="68.35595450364053">
        <ele>330.2</ele>
        <time>2026-07-07T13:14:14.000Z</time>
      </trkpt>
      <trkpt lat="53.14680696465075" lon="68.35686687380075">
        <ele>330.6</ele>
        <time>2026-07-07T13:14:30.000Z</time>
      </trkpt>
      <trkpt lat="53.14646699465811" lon="68.35775426588953">
        <ele>331.4</ele>
        <time>2026-07-07T13:14:46.000Z</time>
      </trkpt>
      <trkpt lat="53.14611160196364" lon="68.35865280590951">
        <ele>331.4</ele>
        <time>2026-07-07T13:15:02.000Z</time>
      </trkpt>
      <trkpt lat="53.145717568695545" lon="68.35965687409043">
        <ele>331.2</ele>
        <time>2026-07-07T13:15:18.000Z</time>
      </trkpt>
      <trkpt lat="53.145362259820104" lon="68.36055901832879">
        <ele>331.6</ele>
        <time>2026-07-07T13:15:34.000Z</time>
      </trkpt>
      <trkpt lat="53.14504441805184" lon="68.36138983257115">
        <ele>332.6</ele>
        <time>2026-07-07T13:15:50.000Z</time>
      </trkpt>
      <trkpt lat="53.14474786631763" lon="68.36215526796877">
        <ele>333.8</ele>
        <time>2026-07-07T13:16:07.000Z</time>
      </trkpt>
      <trkpt lat="53.14444947056472" lon="68.36292489431798">
        <ele>334.4</ele>
        <time>2026-07-07T13:16:23.000Z</time>
      </trkpt>
      <trkpt lat="53.14410732127726" lon="68.36378873325884">
        <ele>334.4</ele>
        <time>2026-07-07T13:16:39.000Z</time>
      </trkpt>
      <trkpt lat="53.143731309100986" lon="68.36478467099369">
        <ele>335</ele>
        <time>2026-07-07T13:16:55.000Z</time>
      </trkpt>
      <trkpt lat="53.14341992139816" lon="68.3656055945903">
        <ele>335.8</ele>
        <time>2026-07-07T13:17:11.000Z</time>
      </trkpt>
      <trkpt lat="53.14312328584492" lon="68.36646918207407">
        <ele>336.4</ele>
        <time>2026-07-07T13:17:27.000Z</time>
      </trkpt>
      <trkpt lat="53.142885407432914" lon="68.36740409955382">
        <ele>337.2</ele>
        <time>2026-07-07T13:17:43.000Z</time>
      </trkpt>
      <trkpt lat="53.14269371330738" lon="68.36841126903892">
        <ele>337.6</ele>
        <time>2026-07-07T13:17:59.000Z</time>
      </trkpt>
      <trkpt lat="53.142547784373164" lon="68.36932145990431">
        <ele>338</ele>
        <time>2026-07-07T13:18:15.000Z</time>
      </trkpt>
      <trkpt lat="53.1424165237695" lon="68.37022335268557">
        <ele>338.4</ele>
        <time>2026-07-07T13:18:32.000Z</time>
      </trkpt>
      <trkpt lat="53.14226472750306" lon="68.37124016135931">
        <ele>338.6</ele>
        <time>2026-07-07T13:18:48.000Z</time>
      </trkpt>
      <trkpt lat="53.142112009227276" lon="68.37230273522437">
        <ele>338.6</ele>
        <time>2026-07-07T13:19:04.000Z</time>
      </trkpt>
      <trkpt lat="53.141963900998235" lon="68.37334971874952">
        <ele>338.8</ele>
        <time>2026-07-07T13:19:20.000Z</time>
      </trkpt>
      <trkpt lat="53.1418208219111" lon="68.37433719076216">
        <ele>339.4</ele>
        <time>2026-07-07T13:19:36.000Z</time>
      </trkpt>
      <trkpt lat="53.141711354255676" lon="68.375185104087">
        <ele>339.8</ele>
        <time>2026-07-07T13:19:52.000Z</time>
      </trkpt>
      <trkpt lat="53.141698110848665" lon="68.37561836466193">
        <ele>339.6</ele>
        <time>2026-07-07T13:20:02.000Z</time>
      </trkpt>
      <trkpt lat="53.14197798259556" lon="68.37622873485088">
        <ele>338.8</ele>
        <time>2026-07-07T13:20:18.000Z</time>
      </trkpt>
      <trkpt lat="53.14207102172077" lon="68.37636678479612">
        <ele>338.4</ele>
        <time>2026-07-07T13:20:37.000Z</time>
      </trkpt>
      <trkpt lat="53.141979491338134" lon="68.37629989720881">
        <ele>338.2</ele>
        <time>2026-07-07T14:55:43.000Z</time>
      </trkpt>
      <trkpt lat="53.141952166333795" lon="68.37611918337643">
        <ele>338.8</ele>
        <time>2026-07-07T14:55:57.000Z</time>
      </trkpt>
      <trkpt lat="53.14190321601927" lon="68.37600795552135">
        <ele>338.8</ele>
        <time>2026-07-07T14:56:07.000Z</time>
      </trkpt>
      <trkpt lat="53.14172761514783" lon="68.37567251175642">
        <ele>338.8</ele>
        <time>2026-07-07T14:56:36.000Z</time>
      </trkpt>
      <trkpt lat="53.14166693016887" lon="68.37564837187529">
        <ele>339.8</ele>
        <time>2026-07-07T14:56:46.000Z</time>
      </trkpt>
      <trkpt lat="53.141567604616284" lon="68.37612119503319">
        <ele>339.8</ele>
        <time>2026-07-07T14:57:04.000Z</time>
      </trkpt>
      <trkpt lat="53.14147020690143" lon="68.37684321217239">
        <ele>340</ele>
        <time>2026-07-07T14:57:20.000Z</time>
      </trkpt>
      <trkpt lat="53.14136249944568" lon="68.37758610025048">
        <ele>340.2</ele>
        <time>2026-07-07T14:57:37.000Z</time>
      </trkpt>
      <trkpt lat="53.14123350195587" lon="68.3785122167319">
        <ele>339.6</ele>
        <time>2026-07-07T14:57:53.000Z</time>
      </trkpt>
      <trkpt lat="53.141072653234005" lon="68.37951527908444">
        <ele>338.8</ele>
        <time>2026-07-07T14:58:09.000Z</time>
      </trkpt>
      <trkpt lat="53.14088900573552" lon="68.38051741942763">
        <ele>338.6</ele>
        <time>2026-07-07T14:58:25.000Z</time>
      </trkpt>
      <trkpt lat="53.140729581937194" lon="68.38116056285799">
        <ele>339.4</ele>
        <time>2026-07-07T14:58:41.000Z</time>
      </trkpt>
      <trkpt lat="53.14048667438328" lon="68.3818059694022">
        <ele>339.8</ele>
        <time>2026-07-07T14:58:55.000Z</time>
      </trkpt>
      <trkpt lat="53.14016497693956" lon="68.38245648890734">
        <ele>340.6</ele>
        <time>2026-07-07T14:59:11.000Z</time>
      </trkpt>
      <trkpt lat="53.13977463170886" lon="68.38299293071032">
        <ele>341</ele>
        <time>2026-07-07T14:59:27.000Z</time>
      </trkpt>
      <trkpt lat="53.139368779957294" lon="68.3834532648325">
        <ele>341.6</ele>
        <time>2026-07-07T14:59:43.000Z</time>
      </trkpt>
      <trkpt lat="53.13900517299771" lon="68.38387361727655">
        <ele>342.4</ele>
        <time>2026-07-07T15:00:00.000Z</time>
      </trkpt>
      <trkpt lat="53.13865698873997" lon="68.38426027446985">
        <ele>343.4</ele>
        <time>2026-07-07T15:00:16.000Z</time>
      </trkpt>
      <trkpt lat="53.138250382617116" lon="68.38473318144679">
        <ele>343.2</ele>
        <time>2026-07-07T15:00:32.000Z</time>
      </trkpt>
      <trkpt lat="53.137723663821816" lon="68.38530700653791">
        <ele>342.4</ele>
        <time>2026-07-07T15:00:48.000Z</time>
      </trkpt>
      <trkpt lat="53.137182360515" lon="68.3859068993479">
        <ele>342</ele>
        <time>2026-07-07T15:01:04.000Z</time>
      </trkpt>
      <trkpt lat="53.13652337528765" lon="68.38663981296122">
        <ele>341.4</ele>
        <time>2026-07-07T15:01:20.000Z</time>
      </trkpt>
      <trkpt lat="53.13596949912608" lon="68.38727616705">
        <ele>342.4</ele>
        <time>2026-07-07T15:01:36.000Z</time>
      </trkpt>
      <trkpt lat="53.13547597266734" lon="68.38785217143595">
        <ele>343.6</ele>
        <time>2026-07-07T15:01:52.000Z</time>
      </trkpt>
      <trkpt lat="53.13499200157821" lon="68.3883954025805">
        <ele>345.6</ele>
        <time>2026-07-07T15:02:08.000Z</time>
      </trkpt>
      <trkpt lat="53.134581791237" lon="68.38893075473607">
        <ele>346</ele>
        <time>2026-07-07T15:02:25.000Z</time>
      </trkpt>
      <trkpt lat="53.13418172299862" lon="68.38964606635273">
        <ele>346.2</ele>
        <time>2026-07-07T15:02:41.000Z</time>
      </trkpt>
      <trkpt lat="53.13378760591149" lon="68.39041845872998">
        <ele>346.2</ele>
        <time>2026-07-07T15:02:57.000Z</time>
      </trkpt>
      <trkpt lat="53.13333632424474" lon="68.39130115695298">
        <ele>346.2</ele>
        <time>2026-07-07T15:03:13.000Z</time>
      </trkpt>
      <trkpt lat="53.132866099476814" lon="68.3922410197556">
        <ele>346.4</ele>
        <time>2026-07-07T15:03:29.000Z</time>
      </trkpt>
      <trkpt lat="53.13238833099604" lon="68.39320678263903">
        <ele>346.6</ele>
        <time>2026-07-07T15:03:45.000Z</time>
      </trkpt>
      <trkpt lat="53.131994465366006" lon="68.39401915669441">
        <ele>346.8</ele>
        <time>2026-07-07T15:04:01.000Z</time>
      </trkpt>
      <trkpt lat="53.13158769160509" lon="68.39472072198987">
        <ele>346.8</ele>
        <time>2026-07-07T15:04:17.000Z</time>
      </trkpt>
      <trkpt lat="53.13107471913099" lon="68.39515356346965">
        <ele>347</ele>
        <time>2026-07-07T15:04:32.000Z</time>
      </trkpt>
      <trkpt lat="53.130509527400136" lon="68.39520511217415">
        <ele>346.6</ele>
        <time>2026-07-07T15:04:48.000Z</time>
      </trkpt>
      <trkpt lat="53.12986479140818" lon="68.39493563398719">
        <ele>346.6</ele>
        <time>2026-07-07T15:05:03.000Z</time>
      </trkpt>
      <trkpt lat="53.12942096963525" lon="68.39466590434313">
        <ele>348</ele>
        <time>2026-07-07T15:05:19.000Z</time>
      </trkpt>
      <trkpt lat="53.12902249395847" lon="68.39449147693813">
        <ele>350</ele>
        <time>2026-07-07T15:05:35.000Z</time>
      </trkpt>
      <trkpt lat="53.12866257503629" lon="68.39448410086334">
        <ele>351.2</ele>
        <time>2026-07-07T15:05:51.000Z</time>
      </trkpt>
      <trkpt lat="53.12830852344632" lon="68.39474502950907">
        <ele>352</ele>
        <time>2026-07-07T15:06:07.000Z</time>
      </trkpt>
      <trkpt lat="53.128071231767535" lon="68.39515591040254">
        <ele>353.6</ele>
        <time>2026-07-07T15:06:23.000Z</time>
      </trkpt>
      <trkpt lat="53.12793552875519" lon="68.39569956064224">
        <ele>354.6</ele>
        <time>2026-07-07T15:06:39.000Z</time>
      </trkpt>
      <trkpt lat="53.127832263708115" lon="68.39615947566926">
        <ele>356</ele>
        <time>2026-07-07T15:06:55.000Z</time>
      </trkpt>
      <trkpt lat="53.12773318961263" lon="68.39661251753569">
        <ele>357.6</ele>
        <time>2026-07-07T15:07:12.000Z</time>
      </trkpt>
      <trkpt lat="53.127605533227324" lon="68.39706413447857">
        <ele>358.6</ele>
        <time>2026-07-07T15:07:28.000Z</time>
      </trkpt>
      <trkpt lat="53.12741191126406" lon="68.39744760654867">
        <ele>360</ele>
        <time>2026-07-07T15:07:44.000Z</time>
      </trkpt>
      <trkpt lat="53.12713363207877" lon="68.39771280996501">
        <ele>361.2</ele>
        <time>2026-07-07T15:08:00.000Z</time>
      </trkpt>
      <trkpt lat="53.12692458741367" lon="68.39784591458738">
        <ele>362</ele>
        <time>2026-07-07T15:08:14.000Z</time>
      </trkpt>
      <trkpt lat="53.12654681503773" lon="68.39827422983944">
        <ele>362.6</ele>
        <time>2026-07-07T15:10:38.000Z</time>
      </trkpt>
      <trkpt lat="53.126319916918874" lon="68.3988737873733">
        <ele>362.4</ele>
        <time>2026-07-07T15:10:51.000Z</time>
      </trkpt>
      <trkpt lat="53.12616007402539" lon="68.3996750973165">
        <ele>362.4</ele>
        <time>2026-07-07T15:11:07.000Z</time>
      </trkpt>
      <trkpt lat="53.126042895019054" lon="68.40059568174183">
        <ele>363</ele>
        <time>2026-07-07T15:11:23.000Z</time>
      </trkpt>
      <trkpt lat="53.12592068687081" lon="68.40127101168036">
        <ele>363.8</ele>
        <time>2026-07-07T15:11:39.000Z</time>
      </trkpt>
      <trkpt lat="53.125786324962974" lon="68.4021173324436">
        <ele>364</ele>
        <time>2026-07-07T15:11:56.000Z</time>
      </trkpt>
      <trkpt lat="53.125690184533596" lon="68.40310916304588">
        <ele>364.6</ele>
        <time>2026-07-07T15:12:12.000Z</time>
      </trkpt>
      <trkpt lat="53.12578842043877" lon="68.40395347215235">
        <ele>365.8</ele>
        <time>2026-07-07T15:12:28.000Z</time>
      </trkpt>
      <trkpt lat="53.12592236325145" lon="68.40458806604147">
        <ele>367.4</ele>
        <time>2026-07-07T15:12:44.000Z</time>
      </trkpt>
      <trkpt lat="53.126000482589006" lon="68.40508502908051">
        <ele>369</ele>
        <time>2026-07-07T15:13:00.000Z</time>
      </trkpt>
      <trkpt lat="53.12600593082607" lon="68.4057023562491">
        <ele>369.8</ele>
        <time>2026-07-07T15:13:16.000Z</time>
      </trkpt>
      <trkpt lat="53.126011630520225" lon="68.40631037950516">
        <ele>370.8</ele>
        <time>2026-07-07T15:13:32.000Z</time>
      </trkpt>
      <trkpt lat="53.125971062108874" lon="68.40690599754453">
        <ele>372.4</ele>
        <time>2026-07-07T15:13:48.000Z</time>
      </trkpt>
      <trkpt lat="53.12596159055829" lon="68.40759322978556">
        <ele>373.2</ele>
        <time>2026-07-07T15:14:04.000Z</time>
      </trkpt>
      <trkpt lat="53.126022862270474" lon="68.40852068737149">
        <ele>373.2</ele>
        <time>2026-07-07T15:14:21.000Z</time>
      </trkpt>
      <trkpt lat="53.12612621113658" lon="68.40948603115976">
        <ele>372.4</ele>
        <time>2026-07-07T15:14:36.000Z</time>
      </trkpt>
      <trkpt lat="53.12624062411487" lon="68.41048431582749">
        <ele>373.2</ele>
        <time>2026-07-07T15:14:52.000Z</time>
      </trkpt>
      <trkpt lat="53.126129396259785" lon="68.41133222915232">
        <ele>373.2</ele>
        <time>2026-07-07T15:15:07.000Z</time>
      </trkpt>
      <trkpt lat="53.12583946622908" lon="68.41230989433825">
        <ele>373.4</ele>
        <time>2026-07-07T15:15:23.000Z</time>
      </trkpt>
      <trkpt lat="53.12554760836065" lon="68.41311573050916">
        <ele>374.2</ele>
        <time>2026-07-07T15:15:39.000Z</time>
      </trkpt>
      <trkpt lat="53.125264970585704" lon="68.41372911818326">
        <ele>374.8</ele>
        <time>2026-07-07T15:15:54.000Z</time>
      </trkpt>
      <trkpt lat="53.12471176497638" lon="68.41422272846103">
        <ele>374.6</ele>
        <time>2026-07-07T15:16:09.000Z</time>
      </trkpt>
      <trkpt lat="53.12425729818642" lon="68.41455322690308">
        <ele>376</ele>
        <time>2026-07-07T15:16:25.000Z</time>
      </trkpt>
      <trkpt lat="53.12399368733168" lon="68.41502521187067">
        <ele>376</ele>
        <time>2026-07-07T15:16:38.000Z</time>
      </trkpt>
      <trkpt lat="53.12366553582251" lon="68.41582241468132">
        <ele>376.2</ele>
        <time>2026-07-07T15:16:54.000Z</time>
      </trkpt>
      <trkpt lat="53.123355908319354" lon="68.4162996802479">
        <ele>377</ele>
        <time>2026-07-07T15:17:08.000Z</time>
      </trkpt>
      <trkpt lat="53.12291099689901" lon="68.41661903075874">
        <ele>378</ele>
        <time>2026-07-07T15:17:24.000Z</time>
      </trkpt>
      <trkpt lat="53.12244940549135" lon="68.41696252115071">
        <ele>379</ele>
        <time>2026-07-07T15:17:40.000Z</time>
      </trkpt>
      <trkpt lat="53.12204665504396" lon="68.4174014814198">
        <ele>381.2</ele>
        <time>2026-07-07T15:17:56.000Z</time>
      </trkpt>
      <trkpt lat="53.12183610163629" lon="68.41801713220775">
        <ele>382.4</ele>
        <time>2026-07-07T15:18:11.000Z</time>
      </trkpt>
      <trkpt lat="53.121731327846646" lon="68.41866270639002">
        <ele>382.8</ele>
        <time>2026-07-07T15:18:27.000Z</time>
      </trkpt>
      <trkpt lat="53.12166653573513" lon="68.41944398358464">
        <ele>382</ele>
        <time>2026-07-07T15:18:43.000Z</time>
      </trkpt>
      <trkpt lat="53.12149881385267" lon="68.42113511636853">
        <ele>379.2</ele>
        <time>2026-07-07T15:19:00.000Z</time>
      </trkpt>
      <trkpt lat="53.121297899633646" lon="68.42318398877978">
        <ele>376</ele>
        <time>2026-07-07T15:19:16.000Z</time>
      </trkpt>
      <trkpt lat="53.12113093212247" lon="68.42507645487785">
        <ele>373.8</ele>
        <time>2026-07-07T15:19:32.000Z</time>
      </trkpt>
      <trkpt lat="53.12097787857056" lon="68.42671209946275">
        <ele>372.6</ele>
        <time>2026-07-07T15:19:48.000Z</time>
      </trkpt>
      <trkpt lat="53.120830776169896" lon="68.42825269326568">
        <ele>371.6</ele>
        <time>2026-07-07T15:20:04.000Z</time>
      </trkpt>
      <trkpt lat="53.12076170928776" lon="68.4290995169431">
        <ele>372.6</ele>
        <time>2026-07-07T15:20:20.000Z</time>
      </trkpt>
      <trkpt lat="53.12071141786873" lon="68.42962355352938">
        <ele>374.2</ele>
        <time>2026-07-07T15:20:36.000Z</time>
      </trkpt>
      <trkpt lat="53.12065735459328" lon="68.43016225844622">
        <ele>375.8</ele>
        <time>2026-07-07T15:20:52.000Z</time>
      </trkpt>
      <trkpt lat="53.12061058357358" lon="68.43067682348192">
        <ele>377.2</ele>
        <time>2026-07-07T15:21:08.000Z</time>
      </trkpt>
      <trkpt lat="53.12055719085038" lon="68.4311836771667">
        <ele>378.2</ele>
        <time>2026-07-07T15:21:25.000Z</time>
      </trkpt>
      <trkpt lat="53.12050245702267" lon="68.43172808177769">
        <ele>378.8</ele>
        <time>2026-07-07T15:21:41.000Z</time>
      </trkpt>
      <trkpt lat="53.120438419282436" lon="68.43249100260437">
        <ele>379</ele>
        <time>2026-07-07T15:21:57.000Z</time>
      </trkpt>
      <trkpt lat="53.12035292387009" lon="68.43358995392919">
        <ele>377.6</ele>
        <time>2026-07-07T15:22:13.000Z</time>
      </trkpt>
      <trkpt lat="53.12025921419263" lon="68.43461749143898">
        <ele>377.8</ele>
        <time>2026-07-07T15:22:29.000Z</time>
      </trkpt>
      <trkpt lat="53.12018008902669" lon="68.43542190268636">
        <ele>379</ele>
        <time>2026-07-07T15:22:45.000Z</time>
      </trkpt>
      <trkpt lat="53.120106998831034" lon="68.43618063256145">
        <ele>380.2</ele>
        <time>2026-07-07T15:23:01.000Z</time>
      </trkpt>
      <trkpt lat="53.12004069797695" lon="68.43690080568194">
        <ele>381.4</ele>
        <time>2026-07-07T15:23:17.000Z</time>
      </trkpt>
      <trkpt lat="53.11998026445508" lon="68.43765006400645">
        <ele>382.6</ele>
        <time>2026-07-07T15:23:33.000Z</time>
      </trkpt>
      <trkpt lat="53.11990759335458" lon="68.43831969425082">
        <ele>384</ele>
        <time>2026-07-07T15:23:50.000Z</time>
      </trkpt>
      <trkpt lat="53.119856463745236" lon="68.4390424657613">
        <ele>385</ele>
        <time>2026-07-07T15:24:06.000Z</time>
      </trkpt>
      <trkpt lat="53.11978035606444" lon="68.43985450454056">
        <ele>385.2</ele>
        <time>2026-07-07T15:24:22.000Z</time>
      </trkpt>
      <trkpt lat="53.11970240436494" lon="68.44078950583935">
        <ele>384.8</ele>
        <time>2026-07-07T15:24:38.000Z</time>
      </trkpt>
      <trkpt lat="53.119598887860775" lon="68.44179960899055">
        <ele>384.6</ele>
        <time>2026-07-07T15:24:54.000Z</time>
      </trkpt>
      <trkpt lat="53.11941943131387" lon="68.44267392531037">
        <ele>384</ele>
        <time>2026-07-07T15:25:07.000Z</time>
      </trkpt>
      <trkpt lat="53.11909287236631" lon="68.4432784281671">
        <ele>384.8</ele>
        <time>2026-07-07T15:25:21.000Z</time>
      </trkpt>
      <trkpt lat="53.118818532675505" lon="68.4436655882746">
        <ele>386</ele>
        <time>2026-07-07T15:25:37.000Z</time>
      </trkpt>
      <trkpt lat="53.11849230900407" lon="68.44407940283418">
        <ele>387.4</ele>
        <time>2026-07-07T15:25:53.000Z</time>
      </trkpt>
      <trkpt lat="53.11820128932595" lon="68.44443479552865">
        <ele>388.8</ele>
        <time>2026-07-07T15:26:10.000Z</time>
      </trkpt>
      <trkpt lat="53.11787330545485" lon="68.44476118683815">
        <ele>389.4</ele>
        <time>2026-07-07T15:26:26.000Z</time>
      </trkpt>
      <trkpt lat="53.117401488125324" lon="68.44492572359741">
        <ele>389.6</ele>
        <time>2026-07-07T15:26:42.000Z</time>
      </trkpt>
      <trkpt lat="53.11681307852268" lon="68.44479136168957">
        <ele>390</ele>
        <time>2026-07-07T15:26:58.000Z</time>
      </trkpt>
      <trkpt lat="53.11622651293874" lon="68.44453596509993">
        <ele>390</ele>
        <time>2026-07-07T15:27:14.000Z</time>
      </trkpt>
      <trkpt lat="53.11559191904962" lon="68.4442890342325">
        <ele>390</ele>
        <time>2026-07-07T15:27:30.000Z</time>
      </trkpt>
      <trkpt lat="53.11495145782828" lon="68.44411083497107">
        <ele>389.4</ele>
        <time>2026-07-07T15:27:46.000Z</time>
      </trkpt>
      <trkpt lat="53.11416355893016" lon="68.44402198679745">
        <ele>388</ele>
        <time>2026-07-07T15:28:02.000Z</time>
      </trkpt>
      <trkpt lat="53.11326585710049" lon="68.44400933012366">
        <ele>385.8</ele>
        <time>2026-07-07T15:28:18.000Z</time>
      </trkpt>
      <trkpt lat="53.11251349747181" lon="68.4441886190325">
        <ele>384.8</ele>
        <time>2026-07-07T15:28:33.000Z</time>
      </trkpt>
      <trkpt lat="53.111804304644465" lon="68.44481131061912">
        <ele>383.4</ele>
        <time>2026-07-07T15:28:47.000Z</time>
      </trkpt>
      <trkpt lat="53.11106376349926" lon="68.44560407102108">
        <ele>381.8</ele>
        <time>2026-07-07T15:29:03.000Z</time>
      </trkpt>
      <trkpt lat="53.1107213627547" lon="68.44597002491355">
        <ele>383.4</ele>
        <time>2026-07-07T15:29:19.000Z</time>
      </trkpt>
      <trkpt lat="53.110401928424835" lon="68.44618082977831">
        <ele>385</ele>
        <time>2026-07-07T15:29:35.000Z</time>
      </trkpt>
      <trkpt lat="53.11000873334706" lon="68.44615316949785">
        <ele>386.2</ele>
        <time>2026-07-07T15:29:51.000Z</time>
      </trkpt>
      <trkpt lat="53.10977580025792" lon="68.44622693024576">
        <ele>386.2</ele>
        <time>2026-07-07T15:30:01.000Z</time>
      </trkpt>
      <trkpt lat="53.10975409112871" lon="68.44619608484209">
        <ele>386.8</ele>
        <time>2026-07-07T15:31:43.000Z</time>
      </trkpt>
      <trkpt lat="53.10946399345994" lon="68.44603733159602">
        <ele>387</ele>
        <time>2026-07-07T15:31:56.000Z</time>
      </trkpt>
      <trkpt lat="53.10902142897248" lon="68.44588972628117">
        <ele>386.8</ele>
        <time>2026-07-07T15:32:12.000Z</time>
      </trkpt>
      <trkpt lat="53.1085198558867" lon="68.44562745653093">
        <ele>387</ele>
        <time>2026-07-07T15:32:28.000Z</time>
      </trkpt>
      <trkpt lat="53.10799087397754" lon="68.44537105411291">
        <ele>386.8</ele>
        <time>2026-07-07T15:32:44.000Z</time>
      </trkpt>
      <trkpt lat="53.10743473470211" lon="68.44526560977101">
        <ele>386.4</ele>
        <time>2026-07-07T15:33:00.000Z</time>
      </trkpt>
      <trkpt lat="53.10688756406307" lon="68.44546996057034">
        <ele>385.8</ele>
        <time>2026-07-07T15:33:17.000Z</time>
      </trkpt>
      <trkpt lat="53.106221705675125" lon="68.44577355310321">
        <ele>384.8</ele>
        <time>2026-07-07T15:33:33.000Z</time>
      </trkpt>
      <trkpt lat="53.10567126609385" lon="68.44629499129951">
        <ele>384.2</ele>
        <time>2026-07-07T15:33:49.000Z</time>
      </trkpt>
      <trkpt lat="53.10510112904012" lon="68.44707819633186">
        <ele>383.8</ele>
        <time>2026-07-07T15:34:05.000Z</time>
      </trkpt>
      <trkpt lat="53.10461925342679" lon="68.44770675525069">
        <ele>383.2</ele>
        <time>2026-07-07T15:34:21.000Z</time>
      </trkpt>
      <trkpt lat="53.104547588154674" lon="68.44778805971146">
        <ele>383.2</ele>
        <time>2026-07-07T15:34:31.000Z</time>
      </trkpt>
      <trkpt lat="53.10414366424084" lon="68.44829482957721">
        <ele>383.6</ele>
        <time>2026-07-07T15:36:44.000Z</time>
      </trkpt>
      <trkpt lat="53.10388047248125" lon="68.4484882839024">
        <ele>383.4</ele>
        <time>2026-07-07T15:37:00.000Z</time>
      </trkpt>
      <trkpt lat="53.1036292668432" lon="68.44828602857888">
        <ele>383</ele>
        <time>2026-07-07T15:37:11.000Z</time>
      </trkpt>
      <trkpt lat="53.10322366654873" lon="68.44762788154185">
        <ele>383</ele>
        <time>2026-07-07T15:37:27.000Z</time>
      </trkpt>
      <trkpt lat="53.10276039876044" lon="68.44679379835725">
        <ele>383.2</ele>
        <time>2026-07-07T15:37:43.000Z</time>
      </trkpt>
      <trkpt lat="53.102308697998524" lon="68.44597262330353">
        <ele>383.6</ele>
        <time>2026-07-07T15:38:00.000Z</time>
      </trkpt>
      <trkpt lat="53.101877784356475" lon="68.44522872939706">
        <ele>383.6</ele>
        <time>2026-07-07T15:38:16.000Z</time>
      </trkpt>
      <trkpt lat="53.10144117102027" lon="68.44442607834935">
        <ele>383</ele>
        <time>2026-07-07T15:38:32.000Z</time>
      </trkpt>
      <trkpt lat="53.10099952854216" lon="68.44363926909864">
        <ele>382.8</ele>
        <time>2026-07-07T15:38:48.000Z</time>
      </trkpt>
      <trkpt lat="53.100507678464055" lon="68.44275682233274">
        <ele>382.8</ele>
        <time>2026-07-07T15:39:04.000Z</time>
      </trkpt>
      <trkpt lat="53.09999889694154" lon="68.44188015908003">
        <ele>382.8</ele>
        <time>2026-07-07T15:39:20.000Z</time>
      </trkpt>
      <trkpt lat="53.09944619424641" lon="68.44101028516889">
        <ele>382.8</ele>
        <time>2026-07-07T15:39:36.000Z</time>
      </trkpt>
      <trkpt lat="53.09893699362874" lon="68.4402962308377">
        <ele>382.4</ele>
        <time>2026-07-07T15:39:52.000Z</time>
      </trkpt>
      <trkpt lat="53.09841128066182" lon="68.4395760577172">
        <ele>382</ele>
        <time>2026-07-07T15:40:08.000Z</time>
      </trkpt>
      <trkpt lat="53.097918005660176" lon="68.43891581520438">
        <ele>382.2</ele>
        <time>2026-07-07T15:40:25.000Z</time>
      </trkpt>
      <trkpt lat="53.097521709278226" lon="68.43857601284981">
        <ele>382.2</ele>
        <time>2026-07-07T15:40:37.000Z</time>
      </trkpt>
      <trkpt lat="53.09735876508057" lon="68.43873518519104">
        <ele>382.2</ele>
        <time>2026-07-07T15:40:42.000Z</time>
      </trkpt>
      <trkpt lat="53.09701720252633" lon="68.43961478210986">
        <ele>382</ele>
        <time>2026-07-07T15:40:58.000Z</time>
      </trkpt>
      <trkpt lat="53.09664487838745" lon="68.4404844045639">
        <ele>382</ele>
        <time>2026-07-07T15:41:14.000Z</time>
      </trkpt>
      <trkpt lat="53.096307925879955" lon="68.44123383052647">
        <ele>381.8</ele>
        <time>2026-07-07T15:41:30.000Z</time>
      </trkpt>
      <trkpt lat="53.095984384417534" lon="68.44211761839688">
        <ele>381.8</ele>
        <time>2026-07-07T15:41:45.000Z</time>
      </trkpt>
      <trkpt lat="53.0958030000329" lon="68.4432715550065">
        <ele>381.8</ele>
        <time>2026-07-07T15:42:01.000Z</time>
      </trkpt>
      <trkpt lat="53.0956615973264" lon="68.44432960264385">
        <ele>381.8</ele>
        <time>2026-07-07T15:42:17.000Z</time>
      </trkpt>
      <trkpt lat="53.095524217933416" lon="68.44538806937635">
        <ele>382</ele>
        <time>2026-07-07T15:42:33.000Z</time>
      </trkpt>
      <trkpt lat="53.09525666758418" lon="68.44635928049684">
        <ele>382.6</ele>
        <time>2026-07-07T15:42:50.000Z</time>
      </trkpt>
      <trkpt lat="53.09497310779989" lon="68.44728715717793">
        <ele>382.8</ele>
        <time>2026-07-07T15:43:06.000Z</time>
      </trkpt>
      <trkpt lat="53.094935305416584" lon="68.44822383485734">
        <ele>382.8</ele>
        <time>2026-07-07T15:43:20.000Z</time>
      </trkpt>
      <trkpt lat="53.094993559643626" lon="68.44928565435112">
        <ele>382.8</ele>
        <time>2026-07-07T15:43:36.000Z</time>
      </trkpt>
      <trkpt lat="53.09500118717551" lon="68.45030598342419">
        <ele>382.8</ele>
        <time>2026-07-07T15:43:52.000Z</time>
      </trkpt>
      <trkpt lat="53.094880571588874" lon="68.45115959644318">
        <ele>383</ele>
        <time>2026-07-07T15:44:06.000Z</time>
      </trkpt>
      <trkpt lat="53.09454806149006" lon="68.45194607041776">
        <ele>383.2</ele>
        <time>2026-07-07T15:44:21.000Z</time>
      </trkpt>
      <trkpt lat="53.0943991150707" lon="68.45206081867218">
        <ele>382.8</ele>
        <time>2026-07-07T15:44:28.000Z</time>
      </trkpt>
      <trkpt lat="53.094378830865026" lon="68.45224161632359">
        <ele>383</ele>
        <time>2026-07-07T15:52:05.000Z</time>
      </trkpt>
      <trkpt lat="53.094063671305776" lon="68.4528870228678">
        <ele>383</ele>
        <time>2026-07-07T15:52:22.000Z</time>
      </trkpt>
      <trkpt lat="53.09370115399361" lon="68.4537660330534">
        <ele>383.2</ele>
        <time>2026-07-07T15:52:38.000Z</time>
      </trkpt>
      <trkpt lat="53.09330049902201" lon="68.4546865336597">
        <ele>382.8</ele>
        <time>2026-07-07T15:52:54.000Z</time>
      </trkpt>
      <trkpt lat="53.092877632007" lon="68.45569085329771">
        <ele>382.2</ele>
        <time>2026-07-07T15:53:10.000Z</time>
      </trkpt>
      <trkpt lat="53.092462392523885" lon="68.45668863505125">
        <ele>382</ele>
        <time>2026-07-07T15:53:26.000Z</time>
      </trkpt>
      <trkpt lat="53.092045560479164" lon="68.4576996602118">
        <ele>381.8</ele>
        <time>2026-07-07T15:53:42.000Z</time>
      </trkpt>
      <trkpt lat="53.09158933348954" lon="68.4588030539453">
        <ele>382</ele>
        <time>2026-07-07T15:53:58.000Z</time>
      </trkpt>
      <trkpt lat="53.091154480353" lon="68.459851462394">
        <ele>382</ele>
        <time>2026-07-07T15:54:14.000Z</time>
      </trkpt>
      <trkpt lat="53.09077771380544" lon="68.46072116866708">
        <ele>382.2</ele>
        <time>2026-07-07T15:54:30.000Z</time>
      </trkpt>
      <trkpt lat="53.09040589258075" lon="68.46160185523331">
        <ele>381.8</ele>
        <time>2026-07-07T15:54:47.000Z</time>
      </trkpt>
      <trkpt lat="53.09000683017075" lon="68.46259418874979">
        <ele>381.6</ele>
        <time>2026-07-07T15:55:03.000Z</time>
      </trkpt>
      <trkpt lat="53.08955445885658" lon="68.46362893469632">
        <ele>380.8</ele>
        <time>2026-07-07T15:55:19.000Z</time>
      </trkpt>
      <trkpt lat="53.08906227350235" lon="68.46484481357038">
        <ele>380</ele>
        <time>2026-07-07T15:55:35.000Z</time>
      </trkpt>
      <trkpt lat="53.088661367073655" lon="68.46610981039703">
        <ele>379.8</ele>
        <time>2026-07-07T15:55:51.000Z</time>
      </trkpt>
      <trkpt lat="53.08828049339354" lon="68.4673270303756">
        <ele>379</ele>
        <time>2026-07-07T15:56:07.000Z</time>
      </trkpt>
      <trkpt lat="53.087898110970855" lon="68.46861239522696">
        <ele>378</ele>
        <time>2026-07-07T15:56:23.000Z</time>
      </trkpt>
      <trkpt lat="53.08759183622897" lon="68.46965636126697">
        <ele>377.4</ele>
        <time>2026-07-07T15:56:39.000Z</time>
      </trkpt>
      <trkpt lat="53.08727097697556" lon="68.47072832286358">
        <ele>376.4</ele>
        <time>2026-07-07T15:56:55.000Z</time>
      </trkpt>
      <trkpt lat="53.08689219877124" lon="68.47197756171227">
        <ele>375.4</ele>
        <time>2026-07-07T15:57:12.000Z</time>
      </trkpt>
      <trkpt lat="53.08649313636124" lon="68.47321045584977">
        <ele>374.2</ele>
        <time>2026-07-07T15:57:28.000Z</time>
      </trkpt>
      <trkpt lat="53.08608518913388" lon="68.47443589009345">
        <ele>373.6</ele>
        <time>2026-07-07T15:57:44.000Z</time>
      </trkpt>
      <trkpt lat="53.085681265220046" lon="68.47566492855549">
        <ele>373.6</ele>
        <time>2026-07-07T15:58:00.000Z</time>
      </trkpt>
      <trkpt lat="53.085289830341935" lon="68.47687913104892">
        <ele>374</ele>
        <time>2026-07-07T15:58:16.000Z</time>
      </trkpt>
      <trkpt lat="53.084897389635444" lon="68.47784589976072">
        <ele>374</ele>
        <time>2026-07-07T15:58:30.000Z</time>
      </trkpt>
      <trkpt lat="53.08427168056369" lon="68.47883949056268">
        <ele>374.4</ele>
        <time>2026-07-07T15:58:46.000Z</time>
      </trkpt>
      <trkpt lat="53.08368821628392" lon="68.47963208332658">
        <ele>374.6</ele>
        <time>2026-07-07T15:59:02.000Z</time>
      </trkpt>
      <trkpt lat="53.08315068483353" lon="68.48036256618798">
        <ele>375</ele>
        <time>2026-07-07T15:59:18.000Z</time>
      </trkpt>
      <trkpt lat="53.08256487362087" lon="68.48116228356957">
        <ele>375</ele>
        <time>2026-07-07T15:59:35.000Z</time>
      </trkpt>
      <trkpt lat="53.08198928833008" lon="68.4819396212697">
        <ele>375</ele>
        <time>2026-07-07T15:59:51.000Z</time>
      </trkpt>
      <trkpt lat="53.08133692480624" lon="68.48283246159554">
        <ele>374.6</ele>
        <time>2026-07-07T16:00:07.000Z</time>
      </trkpt>
      <trkpt lat="53.08065698482096" lon="68.48372840322554">
        <ele>374.4</ele>
        <time>2026-07-07T16:00:23.000Z</time>
      </trkpt>
      <trkpt lat="53.079941757023335" lon="68.48445972427726">
        <ele>374.2</ele>
        <time>2026-07-07T16:00:39.000Z</time>
      </trkpt>
      <trkpt lat="53.07920238934457" lon="68.48529011942446">
        <ele>374</ele>
        <time>2026-07-07T16:00:55.000Z</time>
      </trkpt>
      <trkpt lat="53.07842639274895" lon="68.48626275546849">
        <ele>374.2</ele>
        <time>2026-07-07T16:01:11.000Z</time>
      </trkpt>
      <trkpt lat="53.077730778604746" lon="68.48709558136761">
        <ele>374.6</ele>
        <time>2026-07-07T16:01:27.000Z</time>
      </trkpt>
      <trkpt lat="53.077075481414795" lon="68.48785045556724">
        <ele>374.8</ele>
        <time>2026-07-07T16:01:43.000Z</time>
      </trkpt>
      <trkpt lat="53.07648338377476" lon="68.4885499253869">
        <ele>375.2</ele>
        <time>2026-07-07T16:02:00.000Z</time>
      </trkpt>
      <trkpt lat="53.075865134596825" lon="68.48927797749639">
        <ele>375.2</ele>
        <time>2026-07-07T16:02:16.000Z</time>
      </trkpt>
      <trkpt lat="53.07533372193575" lon="68.48992866463959">
        <ele>376</ele>
        <time>2026-07-07T16:02:31.000Z</time>
      </trkpt>
      <trkpt lat="53.074829718098044" lon="68.49052646197379">
        <ele>376.8</ele>
        <time>2026-07-07T16:02:47.000Z</time>
      </trkpt>
      <trkpt lat="53.07431506924331" lon="68.49114471115172">
        <ele>377.2</ele>
        <time>2026-07-07T16:03:03.000Z</time>
      </trkpt>
      <trkpt lat="53.07382539846003" lon="68.49172809161246">
        <ele>377.8</ele>
        <time>2026-07-07T16:03:19.000Z</time>
      </trkpt>
      <trkpt lat="53.07333430275321" lon="68.49231842905283">
        <ele>378.6</ele>
        <time>2026-07-07T16:03:35.000Z</time>
      </trkpt>
      <trkpt lat="53.07293515652418" lon="68.49280281923711">
        <ele>379.6</ele>
        <time>2026-07-07T16:03:51.000Z</time>
      </trkpt>
      <trkpt lat="53.072564676404" lon="68.49323281086981">
        <ele>380.2</ele>
        <time>2026-07-07T16:04:08.000Z</time>
      </trkpt>
      <trkpt lat="53.07215631008148" lon="68.49370705895126">
        <ele>380.6</ele>
        <time>2026-07-07T16:04:24.000Z</time>
      </trkpt>
      <trkpt lat="53.071822291240096" lon="68.49410528317094">
        <ele>381</ele>
        <time>2026-07-07T16:04:39.000Z</time>
      </trkpt>
      <trkpt lat="53.071417110040784" lon="68.49456561729312">
        <ele>381.6</ele>
        <time>2026-07-07T16:04:55.000Z</time>
      </trkpt>
      <trkpt lat="53.07103439234197" lon="68.49502419121563">
        <ele>382.8</ele>
        <time>2026-07-07T16:05:11.000Z</time>
      </trkpt>
      <trkpt lat="53.07063130661845" lon="68.495500870049">
        <ele>383.8</ele>
        <time>2026-07-07T16:05:27.000Z</time>
      </trkpt>
      <trkpt lat="53.070255210623145" lon="68.49593538790941">
        <ele>384.8</ele>
        <time>2026-07-07T16:05:43.000Z</time>
      </trkpt>
      <trkpt lat="53.06985732167959" lon="68.49640301428735">
        <ele>385.6</ele>
        <time>2026-07-07T16:05:59.000Z</time>
      </trkpt>
      <trkpt lat="53.06946052238345" lon="68.49686468951404">
        <ele>386</ele>
        <time>2026-07-07T16:06:15.000Z</time>
      </trkpt>
      <trkpt lat="53.06906715966761" lon="68.49731680937111">
        <ele>387.2</ele>
        <time>2026-07-07T16:06:32.000Z</time>
      </trkpt>
      <trkpt lat="53.0687291175127" lon="68.4977163746953">
        <ele>388.4</ele>
        <time>2026-07-07T16:06:48.000Z</time>
      </trkpt>
      <trkpt lat="53.06844463571906" lon="68.49805818870664">
        <ele>389.6</ele>
        <time>2026-07-07T16:07:04.000Z</time>
      </trkpt>
      <trkpt lat="53.068180186674" lon="68.49837326444685">
        <ele>390.4</ele>
        <time>2026-07-07T16:07:20.000Z</time>
      </trkpt>
      <trkpt lat="53.06792680174112" lon="68.49865900352597">
        <ele>391.6</ele>
        <time>2026-07-07T16:07:36.000Z</time>
      </trkpt>
      <trkpt lat="53.06765606626868" lon="68.49895672872663">
        <ele>393</ele>
        <time>2026-07-07T16:07:52.000Z</time>
      </trkpt>
      <trkpt lat="53.067387929186225" lon="68.49926233291626">
        <ele>394.6</ele>
        <time>2026-07-07T16:08:08.000Z</time>
      </trkpt>
      <trkpt lat="53.06709120981395" lon="68.49958872422576">
        <ele>396</ele>
        <time>2026-07-07T16:08:24.000Z</time>
      </trkpt>
      <trkpt lat="53.06679725646973" lon="68.49992332980037">
        <ele>397</ele>
        <time>2026-07-07T16:08:40.000Z</time>
      </trkpt>
      <trkpt lat="53.066527526825666" lon="68.50024075247347">
        <ele>397.8</ele>
        <time>2026-07-07T16:08:57.000Z</time>
      </trkpt>
      <trkpt lat="53.066224521026015" lon="68.50056949071586">
        <ele>398.6</ele>
        <time>2026-07-07T16:09:13.000Z</time>
      </trkpt>
      <trkpt lat="53.06592277251184" lon="68.50092086009681">
        <ele>399.6</ele>
        <time>2026-07-07T16:09:29.000Z</time>
      </trkpt>
      <trkpt lat="53.065600991249084" lon="68.50137306377292">
        <ele>400.2</ele>
        <time>2026-07-07T16:09:45.000Z</time>
      </trkpt>
      <trkpt lat="53.06527250446379" lon="68.50191210396588">
        <ele>400.8</ele>
        <time>2026-07-07T16:10:01.000Z</time>
      </trkpt>
      <trkpt lat="53.06495038792491" lon="68.50247461348772">
        <ele>401.4</ele>
        <time>2026-07-07T16:10:17.000Z</time>
      </trkpt>
      <trkpt lat="53.06459709070623" lon="68.50311557762325">
        <ele>402.4</ele>
        <time>2026-07-07T16:10:33.000Z</time>
      </trkpt>
      <trkpt lat="53.06428679265082" lon="68.50368001498282">
        <ele>403.4</ele>
        <time>2026-07-07T16:10:49.000Z</time>
      </trkpt>
      <trkpt lat="53.06396098807454" lon="68.5042613837868">
        <ele>404.2</ele>
        <time>2026-07-07T16:11:05.000Z</time>
      </trkpt>
      <trkpt lat="53.06363853625953" lon="68.50481500849128">
        <ele>404.8</ele>
        <time>2026-07-07T16:11:22.000Z</time>
      </trkpt>
      <trkpt lat="53.0632861610502" lon="68.50536217913032">
        <ele>405.6</ele>
        <time>2026-07-07T16:11:38.000Z</time>
      </trkpt>
      <trkpt lat="53.062931187450886" lon="68.50590532645583">
        <ele>406</ele>
        <time>2026-07-07T16:11:54.000Z</time>
      </trkpt>
      <trkpt lat="53.06253757327795" lon="68.50642123259604">
        <ele>406.8</ele>
        <time>2026-07-07T16:12:10.000Z</time>
      </trkpt>
      <trkpt lat="53.06222719140351" lon="68.50686622783542">
        <ele>407.2</ele>
        <time>2026-07-07T16:12:26.000Z</time>
      </trkpt>
      <trkpt lat="53.061963161453605" lon="68.50716127082705">
        <ele>407.4</ele>
        <time>2026-07-07T16:12:38.000Z</time>
      </trkpt>
      <trkpt lat="53.06155890226364" lon="68.50761749781668">
        <ele>407.6</ele>
        <time>2026-07-07T16:12:54.000Z</time>
      </trkpt>
      <trkpt lat="53.06115288287401" lon="68.50807640701532">
        <ele>408.2</ele>
        <time>2026-07-07T16:13:10.000Z</time>
      </trkpt>
      <trkpt lat="53.06086462922394" lon="68.50849030539393">
        <ele>408.6</ele>
        <time>2026-07-07T16:13:26.000Z</time>
      </trkpt>
      <trkpt lat="53.06069791316986" lon="68.50878098979592">
        <ele>409</ele>
        <time>2026-07-07T16:13:40.000Z</time>
      </trkpt>
      <trkpt lat="53.06039599701762" lon="68.5092555731535">
        <ele>409.6</ele>
        <time>2026-07-07T16:13:56.000Z</time>
      </trkpt>
      <trkpt lat="53.060213858261704" lon="68.50951038300991">
        <ele>410</ele>
        <time>2026-07-07T16:14:08.000Z</time>
      </trkpt>
      <trkpt lat="53.06009877473116" lon="68.50968196056783">
        <ele>410.2</ele>
        <time>2026-07-07T16:14:16.000Z</time>
      </trkpt>
      <trkpt lat="53.05997815914452" lon="68.50995923392475">
        <ele>410</ele>
        <time>2026-07-07T16:14:41.000Z</time>
      </trkpt>
      <trkpt lat="53.059668615460396" lon="68.51033499464393">
        <ele>411</ele>
        <time>2026-07-07T16:14:57.000Z</time>
      </trkpt>
      <trkpt lat="53.05934247560799" lon="68.51084855385125">
        <ele>411.8</ele>
        <time>2026-07-07T16:15:13.000Z</time>
      </trkpt>
      <trkpt lat="53.05907383561134" lon="68.51137032732368">
        <ele>412.6</ele>
        <time>2026-07-07T16:15:29.000Z</time>
      </trkpt>
      <trkpt lat="53.05884266272187" lon="68.51173267699778">
        <ele>413.4</ele>
        <time>2026-07-07T16:15:45.000Z</time>
      </trkpt>
      <trkpt lat="53.05855725891888" lon="68.51218152791262">
        <ele>414.6</ele>
        <time>2026-07-07T16:16:21.000Z</time>
      </trkpt>
      <trkpt lat="53.058294067159295" lon="68.51255452260375">
        <ele>416</ele>
        <time>2026-07-07T16:16:37.000Z</time>
      </trkpt>
      <trkpt lat="53.05798653513193" lon="68.51289097219706">
        <ele>417.2</ele>
        <time>2026-07-07T16:16:53.000Z</time>
      </trkpt>
      <trkpt lat="53.05761127732694" lon="68.51315466687083">
        <ele>418.6</ele>
        <time>2026-07-07T16:17:09.000Z</time>
      </trkpt>
      <trkpt lat="53.057174663990736" lon="68.51336488500237">
        <ele>419.6</ele>
        <time>2026-07-07T16:17:25.000Z</time>
      </trkpt>
      <trkpt lat="53.056855062022805" lon="68.51352581754327">
        <ele>420</ele>
        <time>2026-07-07T16:17:51.000Z</time>
      </trkpt>
      <trkpt lat="53.05633102543652" lon="68.51375179365277">
        <ele>420</ele>
        <time>2026-07-07T16:18:07.000Z</time>
      </trkpt>
      <trkpt lat="53.05569131858647" lon="68.51396326906979">
        <ele>420.2</ele>
        <time>2026-07-07T16:18:23.000Z</time>
      </trkpt>
      <trkpt lat="53.054985562339425" lon="68.51419209502637">
        <ele>420.6</ele>
        <time>2026-07-07T16:18:40.000Z</time>
      </trkpt>
      <trkpt lat="53.054314171895385" lon="68.5144065041095">
        <ele>421</ele>
        <time>2026-07-07T16:18:56.000Z</time>
      </trkpt>
      <trkpt lat="53.05360347032547" lon="68.51460356265306">
        <ele>420.6</ele>
        <time>2026-07-07T16:19:12.000Z</time>
      </trkpt>
      <trkpt lat="53.05277827195823" lon="68.51481671445072">
        <ele>419.4</ele>
        <time>2026-07-07T16:19:28.000Z</time>
      </trkpt>
      <trkpt lat="53.05163380689919" lon="68.51511142216623">
        <ele>416.4</ele>
        <time>2026-07-07T16:19:44.000Z</time>
      </trkpt>
      <trkpt lat="53.050465201959014" lon="68.51538500748575">
        <ele>414.6</ele>
        <time>2026-07-07T16:20:00.000Z</time>
      </trkpt>
      <trkpt lat="53.04931671358645" lon="68.51563311181962">
        <ele>412.8</ele>
        <time>2026-07-07T16:20:16.000Z</time>
      </trkpt>
      <trkpt lat="53.04826796986163" lon="68.51585322059691">
        <ele>411.4</ele>
        <time>2026-07-07T16:20:32.000Z</time>
      </trkpt>
      <trkpt lat="53.04726121947169" lon="68.51616460829973">
        <ele>410.4</ele>
        <time>2026-07-07T16:20:49.000Z</time>
      </trkpt>
      <trkpt lat="53.04632588289678" lon="68.51670012809336">
        <ele>409</ele>
        <time>2026-07-07T16:21:05.000Z</time>
      </trkpt>
      <trkpt lat="53.045451985672116" lon="68.51734821684659">
        <ele>408.2</ele>
        <time>2026-07-07T16:21:21.000Z</time>
      </trkpt>
      <trkpt lat="53.04461069405079" lon="68.51805372163653">
        <ele>407.4</ele>
        <time>2026-07-07T16:21:37.000Z</time>
      </trkpt>
      <trkpt lat="53.04372095502913" lon="68.51875805296004">
        <ele>406.8</ele>
        <time>2026-07-07T16:21:53.000Z</time>
      </trkpt>
      <trkpt lat="53.04283901117742" lon="68.51945048198104">
        <ele>406.4</ele>
        <time>2026-07-07T16:22:09.000Z</time>
      </trkpt>
      <trkpt lat="53.0419834703207" lon="68.52013025432825">
        <ele>405.8</ele>
        <time>2026-07-07T16:22:25.000Z</time>
      </trkpt>
      <trkpt lat="53.04103790782392" lon="68.52088420651853">
        <ele>405.6</ele>
        <time>2026-07-07T16:22:41.000Z</time>
      </trkpt>
      <trkpt lat="53.04019996896386" lon="68.52155685424805">
        <ele>405.8</ele>
        <time>2026-07-07T16:22:57.000Z</time>
      </trkpt>
      <trkpt lat="53.03936379030347" lon="68.52221508510411">
        <ele>406.2</ele>
        <time>2026-07-07T16:23:14.000Z</time>
      </trkpt>
      <trkpt lat="53.038579914718866" lon="68.52279519662261">
        <ele>406.4</ele>
        <time>2026-07-07T16:23:30.000Z</time>
      </trkpt>
      <trkpt lat="53.037725212052464" lon="68.5233691893518">
        <ele>405.4</ele>
        <time>2026-07-07T16:23:46.000Z</time>
      </trkpt>
      <trkpt lat="53.036831114441156" lon="68.52399867027998">
        <ele>404.8</ele>
        <time>2026-07-07T16:24:02.000Z</time>
      </trkpt>
      <trkpt lat="53.03594632074237" lon="68.52459722198546">
        <ele>404.2</ele>
        <time>2026-07-07T16:24:18.000Z</time>
      </trkpt>
      <trkpt lat="53.03506278432906" lon="68.5253167245537">
        <ele>403.8</ele>
        <time>2026-07-07T16:24:34.000Z</time>
      </trkpt>
      <trkpt lat="53.03433012217283" lon="68.52616589516401">
        <ele>404.2</ele>
        <time>2026-07-07T16:24:50.000Z</time>
      </trkpt>
      <trkpt lat="53.03374598734081" lon="68.5268553905189">
        <ele>404.4</ele>
        <time>2026-07-07T16:25:06.000Z</time>
      </trkpt>
      <trkpt lat="53.0332316737622" lon="68.5274619050324">
        <ele>405.2</ele>
        <time>2026-07-07T16:25:22.000Z</time>
      </trkpt>
      <trkpt lat="53.03277226164937" lon="68.52799398824573">
        <ele>406</ele>
        <time>2026-07-07T16:25:39.000Z</time>
      </trkpt>
      <trkpt lat="53.032346880063415" lon="68.52856513112783">
        <ele>406.8</ele>
        <time>2026-07-07T16:25:55.000Z</time>
      </trkpt>
      <trkpt lat="53.03194731473923" lon="68.52910903282464">
        <ele>408</ele>
        <time>2026-07-07T16:26:11.000Z</time>
      </trkpt>
      <trkpt lat="53.031568033620715" lon="68.52960549294949">
        <ele>409.2</ele>
        <time>2026-07-07T16:26:27.000Z</time>
      </trkpt>
      <trkpt lat="53.03123937919736" lon="68.53006205521524">
        <ele>410</ele>
        <time>2026-07-07T16:26:43.000Z</time>
      </trkpt>
      <trkpt lat="53.03097400814295" lon="68.53050772100687">
        <ele>410.8</ele>
        <time>2026-07-07T16:26:59.000Z</time>
      </trkpt>
      <trkpt lat="53.03075163625181" lon="68.5309687256813">
        <ele>411.8</ele>
        <time>2026-07-07T16:27:15.000Z</time>
      </trkpt>
      <trkpt lat="53.0305639654398" lon="68.53144255466759">
        <ele>412.4</ele>
        <time>2026-07-07T16:27:31.000Z</time>
      </trkpt>
      <trkpt lat="53.03037939593196" lon="68.53189593181014">
        <ele>413.6</ele>
        <time>2026-07-07T16:27:47.000Z</time>
      </trkpt>
      <trkpt lat="53.03018267266452" lon="68.53235651738942">
        <ele>415</ele>
        <time>2026-07-07T16:28:04.000Z</time>
      </trkpt>
      <trkpt lat="53.03001101128757" lon="68.5327341221273">
        <ele>416.2</ele>
        <time>2026-07-07T16:28:20.000Z</time>
      </trkpt>
      <trkpt lat="53.029807498678565" lon="68.53316319175065">
        <ele>417.4</ele>
        <time>2026-07-07T16:28:36.000Z</time>
      </trkpt>
      <trkpt lat="53.02962209098041" lon="68.53360902518034">
        <ele>419</ele>
        <time>2026-07-07T16:28:52.000Z</time>
      </trkpt>
      <trkpt lat="53.029454285278916" lon="68.5340116918087">
        <ele>420.4</ele>
        <time>2026-07-07T16:29:08.000Z</time>
      </trkpt>
      <trkpt lat="53.02926879376173" lon="68.53439851664007">
        <ele>421.4</ele>
        <time>2026-07-07T16:29:24.000Z</time>
      </trkpt>
      <trkpt lat="53.02906167693436" lon="68.53468559682369">
        <ele>422.4</ele>
        <time>2026-07-07T16:29:40.000Z</time>
      </trkpt>
      <trkpt lat="53.02885917015374" lon="68.53500000201166">
        <ele>423.4</ele>
        <time>2026-07-07T16:29:56.000Z</time>
      </trkpt>
      <trkpt lat="53.02866395562887" lon="68.53531138971448">
        <ele>424.8</ele>
        <time>2026-07-07T16:30:12.000Z</time>
      </trkpt>
      <trkpt lat="53.02850168198347" lon="68.53557860478759">
        <ele>426.6</ele>
        <time>2026-07-07T16:30:29.000Z</time>
      </trkpt>
      <trkpt lat="53.02836572751403" lon="68.5358770005405">
        <ele>428.2</ele>
        <time>2026-07-07T16:30:45.000Z</time>
      </trkpt>
      <trkpt lat="53.028271766379476" lon="68.53624798357487">
        <ele>429.4</ele>
        <time>2026-07-07T16:31:01.000Z</time>
      </trkpt>
      <trkpt lat="53.02821577526629" lon="68.5366296954453">
        <ele>429.8</ele>
        <time>2026-07-07T16:32:19.000Z</time>
      </trkpt>
      <trkpt lat="53.02801829762757" lon="68.53724702261388">
        <ele>430</ele>
        <time>2026-07-07T16:32:35.000Z</time>
      </trkpt>
      <trkpt lat="53.027647733688354" lon="68.53803249076009">
        <ele>429.6</ele>
        <time>2026-07-07T16:32:52.000Z</time>
      </trkpt>
      <trkpt lat="53.027151776477695" lon="68.5390555858612">
        <ele>428</ele>
        <time>2026-07-07T16:33:08.000Z</time>
      </trkpt>
      <trkpt lat="53.02651206962764" lon="68.54033726267517">
        <ele>426</ele>
        <time>2026-07-07T16:33:24.000Z</time>
      </trkpt>
      <trkpt lat="53.02578963339329" lon="68.54168859310448">
        <ele>423.6</ele>
        <time>2026-07-07T16:33:40.000Z</time>
      </trkpt>
      <trkpt lat="53.025084463879466" lon="68.54240013286471">
        <ele>422.8</ele>
        <time>2026-07-07T16:33:53.000Z</time>
      </trkpt>
      <trkpt lat="53.02424409426749" lon="68.54310991242528">
        <ele>421.6</ele>
        <time>2026-07-07T16:34:09.000Z</time>
      </trkpt>
      <trkpt lat="53.02332233637571" lon="68.54385900311172">
        <ele>420.6</ele>
        <time>2026-07-07T16:34:25.000Z</time>
      </trkpt>
      <trkpt lat="53.0225268099457" lon="68.54461161419749">
        <ele>419.8</ele>
        <time>2026-07-07T16:34:41.000Z</time>
      </trkpt>
      <trkpt lat="53.02177713252604" lon="68.54541409760714">
        <ele>418.2</ele>
        <time>2026-07-07T16:34:57.000Z</time>
      </trkpt>
      <trkpt lat="53.02097666077316" lon="68.54624206200242">
        <ele>416.8</ele>
        <time>2026-07-07T16:35:14.000Z</time>
      </trkpt>
      <trkpt lat="53.019969407469034" lon="68.54728217236698">
        <ele>414.2</ele>
        <time>2026-07-07T16:35:30.000Z</time>
      </trkpt>
      <trkpt lat="53.018868612125516" lon="68.54848195798695">
        <ele>410.8</ele>
        <time>2026-07-07T16:35:46.000Z</time>
      </trkpt>
      <trkpt lat="53.01764477044344" lon="68.54975558817387">
        <ele>407</ele>
        <time>2026-07-07T16:36:02.000Z</time>
      </trkpt>
      <trkpt lat="53.01640282385051" lon="68.55105889029801">
        <ele>403</ele>
        <time>2026-07-07T16:36:18.000Z</time>
      </trkpt>
      <trkpt lat="53.01536003127694" lon="68.55268648825586">
        <ele>400.6</ele>
        <time>2026-07-07T16:36:34.000Z</time>
      </trkpt>
      <trkpt lat="53.01448378711939" lon="68.55401828885078">
        <ele>399.4</ele>
        <time>2026-07-07T16:36:50.000Z</time>
      </trkpt>
      <trkpt lat="53.013685159385204" lon="68.55517356656492">
        <ele>397.8</ele>
        <time>2026-07-07T16:37:06.000Z</time>
      </trkpt>
      <trkpt lat="53.01290019415319" lon="68.5559806600213">
        <ele>396.8</ele>
        <time>2026-07-07T16:37:22.000Z</time>
      </trkpt>
      <trkpt lat="53.01210139878094" lon="68.55651861056685">
        <ele>396.4</ele>
        <time>2026-07-07T16:37:39.000Z</time>
      </trkpt>
      <trkpt lat="53.01131987012923" lon="68.5570409707725">
        <ele>396</ele>
        <time>2026-07-07T16:37:55.000Z</time>
      </trkpt>
      <trkpt lat="53.01055636256933" lon="68.5575991217047">
        <ele>396</ele>
        <time>2026-07-07T16:38:11.000Z</time>
      </trkpt>
      <trkpt lat="53.009871896356344" lon="68.55810170061886">
        <ele>396.4</ele>
        <time>2026-07-07T16:38:27.000Z</time>
      </trkpt>
      <trkpt lat="53.00923730246723" lon="68.55858558788896">
        <ele>396.8</ele>
        <time>2026-07-07T16:38:43.000Z</time>
      </trkpt>
      <trkpt lat="53.00880831666291" lon="68.55912253260612">
        <ele>397.6</ele>
        <time>2026-07-07T16:38:56.000Z</time>
      </trkpt>
      <trkpt lat="53.008628357201815" lon="68.55990892276168">
        <ele>398.4</ele>
        <time>2026-07-07T16:39:11.000Z</time>
      </trkpt>
      <trkpt lat="53.00853489898145" lon="68.5607071314007">
        <ele>399.4</ele>
        <time>2026-07-07T16:39:27.000Z</time>
      </trkpt>
      <trkpt lat="53.008434819057584" lon="68.56149846687913">
        <ele>399.4</ele>
        <time>2026-07-07T16:39:43.000Z</time>
      </trkpt>
      <trkpt lat="53.00831093452871" lon="68.56237286701798">
        <ele>399.4</ele>
        <time>2026-07-07T16:40:00.000Z</time>
      </trkpt>
      <trkpt lat="53.00818738527596" lon="68.56322698295116">
        <ele>399.8</ele>
        <time>2026-07-07T16:40:16.000Z</time>
      </trkpt>
      <trkpt lat="53.00806190818548" lon="68.56407850049436">
        <ele>400</ele>
        <time>2026-07-07T16:40:32.000Z</time>
      </trkpt>
      <trkpt lat="53.007934587076306" lon="68.56496865861118">
        <ele>400.4</ele>
        <time>2026-07-07T16:40:48.000Z</time>
      </trkpt>
      <trkpt lat="53.00781070254743" lon="68.56583853252232">
        <ele>400.8</ele>
        <time>2026-07-07T16:41:04.000Z</time>
      </trkpt>
      <trkpt lat="53.00770182162523" lon="68.56668116524816">
        <ele>401.2</ele>
        <time>2026-07-07T16:41:20.000Z</time>
      </trkpt>
      <trkpt lat="53.00760350190103" lon="68.5674770269543">
        <ele>401.4</ele>
        <time>2026-07-07T16:41:35.000Z</time>
      </trkpt>
      <trkpt lat="53.00751448608935" lon="68.56812511570752">
        <ele>402</ele>
        <time>2026-07-07T16:41:51.000Z</time>
      </trkpt>
      <trkpt lat="53.00740359351039" lon="68.56882810592651">
        <ele>402.4</ele>
        <time>2026-07-07T16:42:07.000Z</time>
      </trkpt>
      <trkpt lat="53.00730401650071" lon="68.56953453272581">
        <ele>403</ele>
        <time>2026-07-07T16:42:23.000Z</time>
      </trkpt>
      <trkpt lat="53.00720586441457" lon="68.57016527093947">
        <ele>403.6</ele>
        <time>2026-07-07T16:42:39.000Z</time>
      </trkpt>
      <trkpt lat="53.00710276700556" lon="68.57087756507099">
        <ele>404.4</ele>
        <time>2026-07-07T16:42:55.000Z</time>
      </trkpt>
      <trkpt lat="53.00700847059488" lon="68.57153353281319">
        <ele>405.6</ele>
        <time>2026-07-07T16:43:11.000Z</time>
      </trkpt>
      <trkpt lat="53.00692188553512" lon="68.5721406340599">
        <ele>406.6</ele>
        <time>2026-07-07T16:43:27.000Z</time>
      </trkpt>
      <trkpt lat="53.00685843452811" lon="68.57269987463951">
        <ele>407.6</ele>
        <time>2026-07-07T16:43:43.000Z</time>
      </trkpt>
      <trkpt lat="53.00680495798588" lon="68.57326841913164">
        <ele>408.6</ele>
        <time>2026-07-07T16:43:59.000Z</time>
      </trkpt>
      <trkpt lat="53.00681577064097" lon="68.57380846515298">
        <ele>409.8</ele>
        <time>2026-07-07T16:44:15.000Z</time>
      </trkpt>
      <trkpt lat="53.006925992667675" lon="68.57445320114493">
        <ele>410.6</ele>
        <time>2026-07-07T16:44:31.000Z</time>
      </trkpt>
      <trkpt lat="53.0070782918483" lon="68.57524428516626">
        <ele>411</ele>
        <time>2026-07-07T16:44:48.000Z</time>
      </trkpt>
      <trkpt lat="53.007245510816574" lon="68.57607811689377">
        <ele>411.2</ele>
        <time>2026-07-07T16:45:04.000Z</time>
      </trkpt>
      <trkpt lat="53.00745883025229" lon="68.57712945900857">
        <ele>410.2</ele>
        <time>2026-07-07T16:45:20.000Z</time>
      </trkpt>
      <trkpt lat="53.00771439447999" lon="68.57848749496043">
        <ele>409</ele>
        <time>2026-07-07T16:45:36.000Z</time>
      </trkpt>
      <trkpt lat="53.00798948854208" lon="68.57985625974834">
        <ele>407.4</ele>
        <time>2026-07-07T16:45:52.000Z</time>
      </trkpt>
      <trkpt lat="53.008253602311015" lon="68.58122980222106">
        <ele>406</ele>
        <time>2026-07-07T16:46:08.000Z</time>
      </trkpt>
      <trkpt lat="53.008489133790135" lon="68.58277802355587">
        <ele>404.4</ele>
        <time>2026-07-07T16:46:24.000Z</time>
      </trkpt>
      <trkpt lat="53.008604468777776" lon="68.58425776474178">
        <ele>403.4</ele>
        <time>2026-07-07T16:46:40.000Z</time>
      </trkpt>
      <trkpt lat="53.00876447930932" lon="68.58576550148427">
        <ele>402.8</ele>
        <time>2026-07-07T16:46:56.000Z</time>
      </trkpt>
      <trkpt lat="53.008950389921665" lon="68.58710015192628">
        <ele>401.6</ele>
        <time>2026-07-07T16:47:13.000Z</time>
      </trkpt>
      <trkpt lat="53.00913202576339" lon="68.58833028003573">
        <ele>401.4</ele>
        <time>2026-07-07T16:47:29.000Z</time>
      </trkpt>
      <trkpt lat="53.0092456843704" lon="68.58942210674286">
        <ele>400.4</ele>
        <time>2026-07-07T16:47:42.000Z</time>
      </trkpt>
      <trkpt lat="53.00921752117574" lon="68.5907375626266">
        <ele>400.4</ele>
        <time>2026-07-07T16:47:58.000Z</time>
      </trkpt>
      <trkpt lat="53.00925901159644" lon="68.59173869714141">
        <ele>400.8</ele>
        <time>2026-07-07T16:48:14.000Z</time>
      </trkpt>
      <trkpt lat="53.00930871628225" lon="68.59268149361014">
        <ele>401.6</ele>
        <time>2026-07-07T16:48:30.000Z</time>
      </trkpt>
      <trkpt lat="53.00937476567924" lon="68.59351222403347">
        <ele>402.6</ele>
        <time>2026-07-07T16:48:46.000Z</time>
      </trkpt>
      <trkpt lat="53.00946361385286" lon="68.5944727063179">
        <ele>402.4</ele>
        <time>2026-07-07T16:49:02.000Z</time>
      </trkpt>
      <trkpt lat="53.00956000573933" lon="68.59545338898897">
        <ele>402.4</ele>
        <time>2026-07-07T16:49:18.000Z</time>
      </trkpt>
      <trkpt lat="53.00965656526387" lon="68.59649727120996">
        <ele>402</ele>
        <time>2026-07-07T16:49:35.000Z</time>
      </trkpt>
      <trkpt lat="53.00974725745618" lon="68.59764592722058">
        <ele>401.6</ele>
        <time>2026-07-07T16:49:51.000Z</time>
      </trkpt>
      <trkpt lat="53.00993668846786" lon="68.59882869757712">
        <ele>401.4</ele>
        <time>2026-07-07T16:50:07.000Z</time>
      </trkpt>
      <trkpt lat="53.010306833311915" lon="68.59968985430896">
        <ele>401.2</ele>
        <time>2026-07-07T16:50:22.000Z</time>
      </trkpt>
      <trkpt lat="53.010807232931256" lon="68.60054715536535">
        <ele>400.2</ele>
        <time>2026-07-07T16:50:38.000Z</time>
      </trkpt>
      <trkpt lat="53.011319786310196" lon="68.60137076117098">
        <ele>399.6</ele>
        <time>2026-07-07T16:50:54.000Z</time>
      </trkpt>
      <trkpt lat="53.01186419092119" lon="68.60205489210784">
        <ele>399</ele>
        <time>2026-07-07T16:51:10.000Z</time>
      </trkpt>
      <trkpt lat="53.012414798140526" lon="68.60273432917893">
        <ele>397.8</ele>
        <time>2026-07-07T16:51:26.000Z</time>
      </trkpt>
      <trkpt lat="53.012921903282404" lon="68.6034525744617">
        <ele>396.6</ele>
        <time>2026-07-07T16:51:43.000Z</time>
      </trkpt>
      <trkpt lat="53.01333379000425" lon="68.60395565629005">
        <ele>396</ele>
        <time>2026-07-07T16:51:59.000Z</time>
      </trkpt>
      <trkpt lat="53.01342406310141" lon="68.60399228520691">
        <ele>395.8</ele>
        <time>2026-07-07T16:52:07.000Z</time>
      </trkpt>
      <trkpt lat="53.01321133039892" lon="68.60368777066469">
        <ele>395.6</ele>
        <time>2026-07-07T16:52:18.000Z</time>
      </trkpt>
      <trkpt lat="53.013162882998586" lon="68.60343086533248">
        <ele>394.8</ele>
        <time>2026-07-07T16:52:26.000Z</time>
      </trkpt>
      <trkpt lat="53.013049978762865" lon="68.60350370407104">
        <ele>395.4</ele>
        <time>2026-07-07T16:55:02.000Z</time>
      </trkpt>
      <trkpt lat="53.0132519826293" lon="68.60382799990475">
        <ele>395.6</ele>
        <time>2026-07-07T16:55:30.000Z</time>
      </trkpt>
      <trkpt lat="53.013731595128775" lon="68.60441565513611">
        <ele>395.4</ele>
        <time>2026-07-07T16:55:46.000Z</time>
      </trkpt>
      <trkpt lat="53.01430391147733" lon="68.60520640388131">
        <ele>394.4</ele>
        <time>2026-07-07T16:56:02.000Z</time>
      </trkpt>
      <trkpt lat="53.01482727751136" lon="68.60600042156875">
        <ele>393.2</ele>
        <time>2026-07-07T16:56:18.000Z</time>
      </trkpt>
      <trkpt lat="53.01539406180382" lon="68.60696283169091">
        <ele>391.8</ele>
        <time>2026-07-07T16:56:35.000Z</time>
      </trkpt>
      <trkpt lat="53.01584718748927" lon="68.60802900977433">
        <ele>390.4</ele>
        <time>2026-07-07T16:56:50.000Z</time>
      </trkpt>
      <trkpt lat="53.01626787520945" lon="68.6093873810023">
        <ele>389</ele>
        <time>2026-07-07T16:57:06.000Z</time>
      </trkpt>
      <trkpt lat="53.0165518540889" lon="68.61062245443463">
        <ele>389</ele>
        <time>2026-07-07T16:57:22.000Z</time>
      </trkpt>
      <trkpt lat="53.01675025373697" lon="68.61167815513909">
        <ele>389.6</ele>
        <time>2026-07-07T16:57:38.000Z</time>
      </trkpt>
      <trkpt lat="53.01698620431125" lon="68.61260167323053">
        <ele>390</ele>
        <time>2026-07-07T16:57:54.000Z</time>
      </trkpt>
      <trkpt lat="53.01721142604947" lon="68.61346769146621">
        <ele>390</ele>
        <time>2026-07-07T16:58:10.000Z</time>
      </trkpt>
      <trkpt lat="53.01746397279203" lon="68.61447402276099">
        <ele>389.4</ele>
        <time>2026-07-07T16:58:26.000Z</time>
      </trkpt>
      <trkpt lat="53.017628006637096" lon="68.61494257114828">
        <ele>389</ele>
        <time>2026-07-07T16:58:34.000Z</time>
      </trkpt>
      <trkpt lat="53.01763781346381" lon="68.6153076030314">
        <ele>388.8</ele>
        <time>2026-07-07T16:58:45.000Z</time>
      </trkpt>
      <trkpt lat="53.017760859802365" lon="68.61572787165642">
        <ele>389</ele>
        <time>2026-07-07T17:00:55.000Z</time>
      </trkpt>
      <trkpt lat="53.01790720783174" lon="68.61618619412184">
        <ele>389.6</ele>
        <time>2026-07-07T17:01:11.000Z</time>
      </trkpt>
      <trkpt lat="53.0180490296334" lon="68.61681240610778">
        <ele>390</ele>
        <time>2026-07-07T17:01:27.000Z</time>
      </trkpt>
      <trkpt lat="53.0182564817369" lon="68.61760541796684">
        <ele>390.2</ele>
        <time>2026-07-07T17:01:43.000Z</time>
      </trkpt>
      <trkpt lat="53.01836955361068" lon="68.61835576593876">
        <ele>390.2</ele>
        <time>2026-07-07T17:01:59.000Z</time>
      </trkpt>
      <trkpt lat="53.018357986584306" lon="68.61902388744056">
        <ele>391</ele>
        <time>2026-07-07T17:02:14.000Z</time>
      </trkpt>
      <trkpt lat="53.018312053754926" lon="68.61970826983452">
        <ele>391.6</ele>
        <time>2026-07-07T17:02:30.000Z</time>
      </trkpt>
      <trkpt lat="53.01826888695359" lon="68.62042198888958">
        <ele>392.2</ele>
        <time>2026-07-07T17:02:46.000Z</time>
      </trkpt>
      <trkpt lat="53.01822228357196" lon="68.62112908624113">
        <ele>393</ele>
        <time>2026-07-07T17:03:02.000Z</time>
      </trkpt>
      <trkpt lat="53.018139470368624" lon="68.62202360294759">
        <ele>393</ele>
        <time>2026-07-07T17:03:18.000Z</time>
      </trkpt>
      <trkpt lat="53.01808012649417" lon="68.6230680719018">
        <ele>392.4</ele>
        <time>2026-07-07T17:03:34.000Z</time>
      </trkpt>
      <trkpt lat="53.01800016313791" lon="68.62435067072511">
        <ele>391.2</ele>
        <time>2026-07-07T17:03:51.000Z</time>
      </trkpt>
      <trkpt lat="53.017962696030736" lon="68.6252455227077">
        <ele>391</ele>
        <time>2026-07-07T17:04:03.000Z</time>
      </trkpt>
      <trkpt lat="53.01791852340102" lon="68.62634849734604">
        <ele>391</ele>
        <time>2026-07-07T17:04:19.000Z</time>
      </trkpt>
      <trkpt lat="53.01784459501505" lon="68.62742423079908">
        <ele>391</ele>
        <time>2026-07-07T17:04:35.000Z</time>
      </trkpt>
      <trkpt lat="53.01779086701572" lon="68.62814951688051">
        <ele>392</ele>
        <time>2026-07-07T17:04:51.000Z</time>
      </trkpt>
      <trkpt lat="53.01775490865111" lon="68.62886046990752">
        <ele>392.8</ele>
        <time>2026-07-07T17:05:07.000Z</time>
      </trkpt>
      <trkpt lat="53.01774401217699" lon="68.62951509654522">
        <ele>393.6</ele>
        <time>2026-07-07T17:05:23.000Z</time>
      </trkpt>
      <trkpt lat="53.01775088533759" lon="68.6304899957031">
        <ele>393.2</ele>
        <time>2026-07-07T17:05:39.000Z</time>
      </trkpt>
      <trkpt lat="53.017764715477824" lon="68.63139063119888">
        <ele>393.6</ele>
        <time>2026-07-07T17:05:55.000Z</time>
      </trkpt>
      <trkpt lat="53.01778751425445" lon="68.63239687867463">
        <ele>394.2</ele>
        <time>2026-07-07T17:06:12.000Z</time>
      </trkpt>
      <trkpt lat="53.017807798460126" lon="68.6333273537457">
        <ele>394.8</ele>
        <time>2026-07-07T17:06:28.000Z</time>
      </trkpt>
      <trkpt lat="53.01782900467515" lon="68.63416110165417">
        <ele>395.8</ele>
        <time>2026-07-07T17:06:44.000Z</time>
      </trkpt>
      <trkpt lat="53.017840068787336" lon="68.63514312542975">
        <ele>395.8</ele>
        <time>2026-07-07T17:07:00.000Z</time>
      </trkpt>
      <trkpt lat="53.01786756142974" lon="68.63606848753989">
        <ele>397</ele>
        <time>2026-07-07T17:07:16.000Z</time>
      </trkpt>
      <trkpt lat="53.01788801327348" lon="68.63690030761063">
        <ele>397.2</ele>
        <time>2026-07-07T17:07:32.000Z</time>
      </trkpt>
      <trkpt lat="53.01792782731354" lon="68.63771569915116">
        <ele>397.2</ele>
        <time>2026-07-07T17:07:48.000Z</time>
      </trkpt>
      <trkpt lat="53.01794819533825" lon="68.638378623873">
        <ele>397.8</ele>
        <time>2026-07-07T17:08:04.000Z</time>
      </trkpt>
      <trkpt lat="53.01797543652356" lon="68.6390311550349">
        <ele>398.6</ele>
        <time>2026-07-07T17:08:20.000Z</time>
      </trkpt>
      <trkpt lat="53.01800603047013" lon="68.63974906504154">
        <ele>399.4</ele>
        <time>2026-07-07T17:08:37.000Z</time>
      </trkpt>
      <trkpt lat="53.01798256114125" lon="68.64033948630095">
        <ele>400.6</ele>
        <time>2026-07-07T17:08:51.000Z</time>
      </trkpt>
      <trkpt lat="53.01770973019302" lon="68.64070359617472">
        <ele>401.6</ele>
        <time>2026-07-07T17:09:05.000Z</time>
      </trkpt>
      <trkpt lat="53.017393900081515" lon="68.64106602966785">
        <ele>401.6</ele>
        <time>2026-07-07T17:09:21.000Z</time>
      </trkpt>
      <trkpt lat="53.0170682631433" lon="68.64148755557835">
        <ele>401.4</ele>
        <time>2026-07-07T17:09:37.000Z</time>
      </trkpt>
      <trkpt lat="53.01663139835" lon="68.64206758327782">
        <ele>401.2</ele>
        <time>2026-07-07T17:09:53.000Z</time>
      </trkpt>
      <trkpt lat="53.01605413667858" lon="68.6428408138454">
        <ele>400.8</ele>
        <time>2026-07-07T17:10:09.000Z</time>
      </trkpt>
      <trkpt lat="53.01533119753003" lon="68.64381688646972">
        <ele>399.6</ele>
        <time>2026-07-07T17:10:25.000Z</time>
      </trkpt>
      <trkpt lat="53.014608677476645" lon="68.64477845840156">
        <ele>398.4</ele>
        <time>2026-07-07T17:10:41.000Z</time>
      </trkpt>
      <trkpt lat="53.01387148909271" lon="68.64577196538448">
        <ele>397.4</ele>
        <time>2026-07-07T17:10:58.000Z</time>
      </trkpt>
      <trkpt lat="53.01309775561094" lon="68.64680428057909">
        <ele>396.2</ele>
        <time>2026-07-07T17:11:14.000Z</time>
      </trkpt>
      <trkpt lat="53.01230449229479" lon="68.64786978811026">
        <ele>395.2</ele>
        <time>2026-07-07T17:11:30.000Z</time>
      </trkpt>
      <trkpt lat="53.011496560648084" lon="68.64894895814359">
        <ele>394.6</ele>
        <time>2026-07-07T17:11:46.000Z</time>
      </trkpt>
      <trkpt lat="53.010716792196035" lon="68.65000080317259">
        <ele>394</ele>
        <time>2026-07-07T17:12:02.000Z</time>
      </trkpt>
      <trkpt lat="53.009940795600414" lon="68.65105248056352">
        <ele>393.6</ele>
        <time>2026-07-07T17:12:18.000Z</time>
      </trkpt>
      <trkpt lat="53.009219113737345" lon="68.65203961730003">
        <ele>393.2</ele>
        <time>2026-07-07T17:12:34.000Z</time>
      </trkpt>
      <trkpt lat="53.00842149183154" lon="68.65310219116509">
        <ele>392.2</ele>
        <time>2026-07-07T17:12:50.000Z</time>
      </trkpt>
      <trkpt lat="53.007647674530745" lon="68.65412998013198">
        <ele>391.4</ele>
        <time>2026-07-07T17:13:06.000Z</time>
      </trkpt>
      <trkpt lat="53.00692708231509" lon="68.65509339608252">
        <ele>391</ele>
        <time>2026-07-07T17:13:23.000Z</time>
      </trkpt>
      <trkpt lat="53.00617480650544" lon="68.65608086809516">
        <ele>390.6</ele>
        <time>2026-07-07T17:13:39.000Z</time>
      </trkpt>
      <trkpt lat="53.00546871498227" lon="68.65702768787742">
        <ele>390.2</ele>
        <time>2026-07-07T17:13:55.000Z</time>
      </trkpt>
      <trkpt lat="53.00471853464842" lon="68.65805103443563">
        <ele>389.6</ele>
        <time>2026-07-07T17:14:11.000Z</time>
      </trkpt>
      <trkpt lat="53.004006408154964" lon="68.65915786474943">
        <ele>389.2</ele>
        <time>2026-07-07T17:14:27.000Z</time>
      </trkpt>
      <trkpt lat="53.00324876792729" lon="68.66033602505922">
        <ele>388.2</ele>
        <time>2026-07-07T17:14:43.000Z</time>
      </trkpt>
      <trkpt lat="53.00254946574569" lon="68.66144168190658">
        <ele>388.8</ele>
        <time>2026-07-07T17:14:59.000Z</time>
      </trkpt>
      <trkpt lat="53.00204479135573" lon="68.66223838180304">
        <ele>389.6</ele>
        <time>2026-07-07T17:15:15.000Z</time>
      </trkpt>
      <trkpt lat="53.00159661099315" lon="68.66295469924808">
        <ele>390.2</ele>
        <time>2026-07-07T17:15:32.000Z</time>
      </trkpt>
      <trkpt lat="53.001172905787826" lon="68.66362248547375">
        <ele>391</ele>
        <time>2026-07-07T17:15:48.000Z</time>
      </trkpt>
      <trkpt lat="53.000818602740765" lon="68.66420729085803">
        <ele>391.8</ele>
        <time>2026-07-07T17:16:04.000Z</time>
      </trkpt>
      <trkpt lat="53.000490786507726" lon="68.66470861248672">
        <ele>392.8</ele>
        <time>2026-07-07T17:16:20.000Z</time>
      </trkpt>
      <trkpt lat="53.0001933965832" lon="68.66517296992242">
        <ele>394.4</ele>
        <time>2026-07-07T17:16:36.000Z</time>
      </trkpt>
      <trkpt lat="52.99995409324765" lon="68.66555845364928">
        <ele>395.8</ele>
        <time>2026-07-07T17:16:52.000Z</time>
      </trkpt>
      <trkpt lat="52.999713281169534" lon="68.66594620049">
        <ele>397</ele>
        <time>2026-07-07T17:17:07.000Z</time>
      </trkpt>
      <trkpt lat="52.99942620098591" lon="68.66637719795108">
        <ele>397.8</ele>
        <time>2026-07-07T17:17:23.000Z</time>
      </trkpt>
      <trkpt lat="52.99910333007574" lon="68.66688002832234">
        <ele>398.2</ele>
        <time>2026-07-07T17:17:39.000Z</time>
      </trkpt>
      <trkpt lat="52.99877526238561" lon="68.66739836521447">
        <ele>398.6</ele>
        <time>2026-07-07T17:17:56.000Z</time>
      </trkpt>
      <trkpt lat="52.99846278503537" lon="68.66787990555167">
        <ele>399.4</ele>
        <time>2026-07-07T17:18:12.000Z</time>
      </trkpt>
      <trkpt lat="52.99815039150417" lon="68.66838055662811">
        <ele>400</ele>
        <time>2026-07-07T17:18:28.000Z</time>
      </trkpt>
      <trkpt lat="52.99783531576395" lon="68.66887492127717">
        <ele>400.8</ele>
        <time>2026-07-07T17:18:44.000Z</time>
      </trkpt>
      <trkpt lat="52.997543793171644" lon="68.66933357901871">
        <ele>401.2</ele>
        <time>2026-07-07T17:19:00.000Z</time>
      </trkpt>
      <trkpt lat="52.99714548513293" lon="68.66993917152286">
        <ele>401.4</ele>
        <time>2026-07-07T17:19:16.000Z</time>
      </trkpt>
      <trkpt lat="52.99669353291392" lon="68.670663703233">
        <ele>400.8</ele>
        <time>2026-07-07T17:19:32.000Z</time>
      </trkpt>
      <trkpt lat="52.99609925597906" lon="68.67159577086568">
        <ele>399.4</ele>
        <time>2026-07-07T17:19:48.000Z</time>
      </trkpt>
      <trkpt lat="52.99522887915373" lon="68.67294198833406">
        <ele>396.2</ele>
        <time>2026-07-07T17:20:04.000Z</time>
      </trkpt>
      <trkpt lat="52.994285160675645" lon="68.67444821633399">
        <ele>393.2</ele>
        <time>2026-07-07T17:20:21.000Z</time>
      </trkpt>
      <trkpt lat="52.993517965078354" lon="68.67564322426915">
        <ele>392.2</ele>
        <time>2026-07-07T17:20:37.000Z</time>
      </trkpt>
      <trkpt lat="52.99287180416286" lon="68.67665768601">
        <ele>392.2</ele>
        <time>2026-07-07T17:20:53.000Z</time>
      </trkpt>
      <trkpt lat="52.99220728687942" lon="68.67765756323934">
        <ele>391.6</ele>
        <time>2026-07-07T17:21:09.000Z</time>
      </trkpt>
      <trkpt lat="52.99147739075124" lon="68.67862558923662">
        <ele>391.2</ele>
        <time>2026-07-07T17:21:25.000Z</time>
      </trkpt>
      <trkpt lat="52.990752607584" lon="68.67954541929066">
        <ele>390.6</ele>
        <time>2026-07-07T17:21:41.000Z</time>
      </trkpt>
      <trkpt lat="52.989971078932285" lon="68.68053113110363">
        <ele>390</ele>
        <time>2026-07-07T17:21:57.000Z</time>
      </trkpt>
      <trkpt lat="52.9891846049577" lon="68.6815170943737">
        <ele>389.2</ele>
        <time>2026-07-07T17:22:13.000Z</time>
      </trkpt>
      <trkpt lat="52.988450434058905" lon="68.6824307218194">
        <ele>388</ele>
        <time>2026-07-07T17:22:28.000Z</time>
      </trkpt>
      <trkpt lat="52.987773679196835" lon="68.68330210447311">
        <ele>387</ele>
        <time>2026-07-07T17:22:43.000Z</time>
      </trkpt>
      <trkpt lat="52.986906403675675" lon="68.6843785084784">
        <ele>385.6</ele>
        <time>2026-07-07T17:22:59.000Z</time>
      </trkpt>
      <trkpt lat="52.986138788983226" lon="68.68533907458186">
        <ele>385.6</ele>
        <time>2026-07-07T17:23:15.000Z</time>
      </trkpt>
      <trkpt lat="52.985397996380925" lon="68.68627550080419">
        <ele>385.8</ele>
        <time>2026-07-07T17:23:31.000Z</time>
      </trkpt>
      <trkpt lat="52.98477957956493" lon="68.68705275468528">
        <ele>386.6</ele>
        <time>2026-07-07T17:23:47.000Z</time>
      </trkpt>
      <trkpt lat="52.984184212982655" lon="68.68781785480678">
        <ele>386.8</ele>
        <time>2026-07-07T17:24:03.000Z</time>
      </trkpt>
      <trkpt lat="52.98357510007918" lon="68.68857943452895">
        <ele>387</ele>
        <time>2026-07-07T17:24:19.000Z</time>
      </trkpt>
      <trkpt lat="52.98302482813597" lon="68.68928376585245">
        <ele>387.6</ele>
        <time>2026-07-07T17:24:35.000Z</time>
      </trkpt>
      <trkpt lat="52.982444716617465" lon="68.69000603444874">
        <ele>388.4</ele>
        <time>2026-07-07T17:24:51.000Z</time>
      </trkpt>
      <trkpt lat="52.982089491561055" lon="68.69046687148511">
        <ele>389.6</ele>
        <time>2026-07-07T17:25:08.000Z</time>
      </trkpt>
      <trkpt lat="52.98182847909629" lon="68.69079921394587">
        <ele>391</ele>
        <time>2026-07-07T17:25:24.000Z</time>
      </trkpt>
      <trkpt lat="52.981550199911" lon="68.69114521890879">
        <ele>392.4</ele>
        <time>2026-07-07T17:25:40.000Z</time>
      </trkpt>
      <trkpt lat="52.98124887049198" lon="68.69152969680727">
        <ele>393.8</ele>
        <time>2026-07-07T17:25:56.000Z</time>
      </trkpt>
      <trkpt lat="52.98094200901687" lon="68.69191358797252">
        <ele>394.4</ele>
        <time>2026-07-07T17:26:12.000Z</time>
      </trkpt>
      <trkpt lat="52.9805726185441" lon="68.69239873252809">
        <ele>394.6</ele>
        <time>2026-07-07T17:26:28.000Z</time>
      </trkpt>
      <trkpt lat="52.980208257213235" lon="68.69309191592038">
        <ele>394.2</ele>
        <time>2026-07-07T17:26:44.000Z</time>
      </trkpt>
      <trkpt lat="52.979781702160835" lon="68.69414920918643">
        <ele>392.8</ele>
        <time>2026-07-07T17:27:00.000Z</time>
      </trkpt>
      <trkpt lat="52.979606771841645" lon="68.69459747336805">
        <ele>392.2</ele>
        <time>2026-07-07T17:28:50.000Z</time>
      </trkpt>
      <trkpt lat="52.979118190705776" lon="68.69577915407717">
        <ele>389.2</ele>
        <time>2026-07-07T17:29:06.000Z</time>
      </trkpt>
      <trkpt lat="52.97844956628978" lon="68.6974318139255">
        <ele>386.2</ele>
        <time>2026-07-07T17:29:22.000Z</time>
      </trkpt>
      <trkpt lat="52.977707432582974" lon="68.69932729750872">
        <ele>383.2</ele>
        <time>2026-07-07T17:29:38.000Z</time>
      </trkpt>
      <trkpt lat="52.97704610042274" lon="68.70097409002483">
        <ele>381</ele>
        <time>2026-07-07T17:29:55.000Z</time>
      </trkpt>
      <trkpt lat="52.976369597017765" lon="68.70267905294895">
        <ele>378.8</ele>
        <time>2026-07-07T17:30:11.000Z</time>
      </trkpt>
      <trkpt lat="52.97575369477272" lon="68.70425535365939">
        <ele>378.4</ele>
        <time>2026-07-07T17:30:27.000Z</time>
      </trkpt>
      <trkpt lat="52.9752279818058" lon="68.70556695386767">
        <ele>379.2</ele>
        <time>2026-07-07T17:30:43.000Z</time>
      </trkpt>
      <trkpt lat="52.97485616058111" lon="68.70652693323791">
        <ele>380.2</ele>
        <time>2026-07-07T17:30:59.000Z</time>
      </trkpt>
      <trkpt lat="52.97437118366361" lon="68.70792268775403">
        <ele>377.6</ele>
        <time>2026-07-07T17:31:15.000Z</time>
      </trkpt>
      <trkpt lat="52.97374488785863" lon="68.7097239587456">
        <ele>374.8</ele>
        <time>2026-07-07T17:31:31.000Z</time>
      </trkpt>
      <trkpt lat="52.973172068595886" lon="68.711390029639">
        <ele>374.4</ele>
        <time>2026-07-07T17:31:47.000Z</time>
      </trkpt>
      <trkpt lat="52.97267141751945" lon="68.71280548162758">
        <ele>373.6</ele>
        <time>2026-07-07T17:32:03.000Z</time>
      </trkpt>
      <trkpt lat="52.97203129157424" lon="68.714569369331">
        <ele>370.2</ele>
        <time>2026-07-07T17:32:20.000Z</time>
      </trkpt>
      <trkpt lat="52.9713252838701" lon="68.71650860644877">
        <ele>366.4</ele>
        <time>2026-07-07T17:32:36.000Z</time>
      </trkpt>
      <trkpt lat="52.970666298642755" lon="68.71831591241062">
        <ele>364.4</ele>
        <time>2026-07-07T17:32:52.000Z</time>
      </trkpt>
      <trkpt lat="52.970030196011066" lon="68.72006471268833">
        <ele>362.2</ele>
        <time>2026-07-07T17:33:08.000Z</time>
      </trkpt>
      <trkpt lat="52.96942192129791" lon="68.72174377553165">
        <ele>360.6</ele>
        <time>2026-07-07T17:33:24.000Z</time>
      </trkpt>
      <trkpt lat="52.96887265518308" lon="68.72327498160303">
        <ele>360.2</ele>
        <time>2026-07-07T17:33:40.000Z</time>
      </trkpt>
      <trkpt lat="52.96839606016874" lon="68.72465296648443">
        <ele>359</ele>
        <time>2026-07-07T17:33:56.000Z</time>
      </trkpt>
      <trkpt lat="52.96796338632703" lon="68.72606699354947">
        <ele>357.4</ele>
        <time>2026-07-07T17:34:12.000Z</time>
      </trkpt>
      <trkpt lat="52.96747790649533" lon="68.72763751074672">
        <ele>355.8</ele>
        <time>2026-07-07T17:34:28.000Z</time>
      </trkpt>
      <trkpt lat="52.96699368394911" lon="68.72922219336033">
        <ele>354</ele>
        <time>2026-07-07T17:34:45.000Z</time>
      </trkpt>
      <trkpt lat="52.96650300733745" lon="68.73085188679397">
        <ele>352.4</ele>
        <time>2026-07-07T17:35:01.000Z</time>
      </trkpt>
      <trkpt lat="52.96596933156252" lon="68.73260638676584">
        <ele>349.4</ele>
        <time>2026-07-07T17:35:17.000Z</time>
      </trkpt>
      <trkpt lat="52.96540263108909" lon="68.73445870354772">
        <ele>346.8</ele>
        <time>2026-07-07T17:35:33.000Z</time>
      </trkpt>
      <trkpt lat="52.96495051123202" lon="68.73592872172594">
        <ele>344.4</ele>
        <time>2026-07-07T17:35:49.000Z</time>
      </trkpt>
      <trkpt lat="52.96458858065307" lon="68.73716555535793">
        <ele>343.2</ele>
        <time>2026-07-07T17:36:05.000Z</time>
      </trkpt>
      <trkpt lat="52.96422002837062" lon="68.7383695319295">
        <ele>342.8</ele>
        <time>2026-07-07T17:36:21.000Z</time>
      </trkpt>
      <trkpt lat="52.96373882330954" lon="68.73989788815379">
        <ele>340.4</ele>
        <time>2026-07-07T17:36:37.000Z</time>
      </trkpt>
      <trkpt lat="52.96330933459103" lon="68.74152967706323">
        <ele>337.6</ele>
        <time>2026-07-07T17:36:53.000Z</time>
      </trkpt>
      <trkpt lat="52.963044634088874" lon="68.74333078041673">
        <ele>334.4</ele>
        <time>2026-07-07T17:37:08.000Z</time>
      </trkpt>
      <trkpt lat="52.96308411285281" lon="68.74472326599061">
        <ele>333.4</ele>
        <time>2026-07-07T17:37:20.000Z</time>
      </trkpt>
      <trkpt lat="52.96330061741173" lon="68.74617878347635">
        <ele>332.6</ele>
        <time>2026-07-07T17:37:36.000Z</time>
      </trkpt>
      <trkpt lat="52.96354587189853" lon="68.7476145196706">
        <ele>331.8</ele>
        <time>2026-07-07T17:37:52.000Z</time>
      </trkpt>
      <trkpt lat="52.96380529180169" lon="68.74913055449724">
        <ele>331</ele>
        <time>2026-07-07T17:38:08.000Z</time>
      </trkpt>
      <trkpt lat="52.964041493833065" lon="68.7505192682147">
        <ele>330.4</ele>
        <time>2026-07-07T17:38:24.000Z</time>
      </trkpt>
      <trkpt lat="52.964266296476126" lon="68.75185509212315">
        <ele>330.2</ele>
        <time>2026-07-07T17:38:40.000Z</time>
      </trkpt>
      <trkpt lat="52.96449453569949" lon="68.75317398458719">
        <ele>329.6</ele>
        <time>2026-07-07T17:38:56.000Z</time>
      </trkpt>
      <trkpt lat="52.96474783681333" lon="68.75445532612503">
        <ele>328.8</ele>
        <time>2026-07-07T17:39:11.000Z</time>
      </trkpt>
      <trkpt lat="52.965128207579255" lon="68.75568796880543">
        <ele>328</ele>
        <time>2026-07-07T17:39:28.000Z</time>
      </trkpt>
      <trkpt lat="52.96548963524401" lon="68.75695799477398">
        <ele>327.4</ele>
        <time>2026-07-07T17:39:44.000Z</time>
      </trkpt>
      <trkpt lat="52.96583756804466" lon="68.75826565548778">
        <ele>326.6</ele>
        <time>2026-07-07T17:40:00.000Z</time>
      </trkpt>
      <trkpt lat="52.9661981575191" lon="68.75961036421359">
        <ele>325.8</ele>
        <time>2026-07-07T17:40:16.000Z</time>
      </trkpt>
      <trkpt lat="52.96654642559588" lon="68.76094350591302">
        <ele>325.4</ele>
        <time>2026-07-07T17:40:32.000Z</time>
      </trkpt>
      <trkpt lat="52.96687415800989" lon="68.76222216524184">
        <ele>325.4</ele>
        <time>2026-07-07T17:40:48.000Z</time>
      </trkpt>
      <trkpt lat="52.96719191595912" lon="68.76349839381874">
        <ele>325.4</ele>
        <time>2026-07-07T17:41:04.000Z</time>
      </trkpt>
      <trkpt lat="52.96739039942622" lon="68.76473388634622">
        <ele>325.4</ele>
        <time>2026-07-07T17:41:20.000Z</time>
      </trkpt>
      <trkpt lat="52.96747723594308" lon="68.76610977575183">
        <ele>325.2</ele>
        <time>2026-07-07T17:41:36.000Z</time>
      </trkpt>
      <trkpt lat="52.967536160722375" lon="68.76743067987263">
        <ele>325.2</ele>
        <time>2026-07-07T17:41:53.000Z</time>
      </trkpt>
      <trkpt lat="52.96760631725192" lon="68.76885300502181">
        <ele>324.6</ele>
        <time>2026-07-07T17:42:09.000Z</time>
      </trkpt>
      <trkpt lat="52.96761838719249" lon="68.77039577811956">
        <ele>323.2</ele>
        <time>2026-07-07T17:42:25.000Z</time>
      </trkpt>
      <trkpt lat="52.96763649210334" lon="68.77200719900429">
        <ele>322.2</ele>
        <time>2026-07-07T17:42:41.000Z</time>
      </trkpt>
      <trkpt lat="52.967653004452586" lon="68.77364376559854">
        <ele>322</ele>
        <time>2026-07-07T17:42:57.000Z</time>
      </trkpt>
      <trkpt lat="52.96775031834841" lon="68.77514940686524">
        <ele>321.8</ele>
        <time>2026-07-07T17:43:13.000Z</time>
      </trkpt>
      <trkpt lat="52.96799247153103" lon="68.77618817612529">
        <ele>321.8</ele>
        <time>2026-07-07T17:43:26.000Z</time>
      </trkpt>
      <trkpt lat="52.96838742680848" lon="68.77741838805377">
        <ele>321.8</ele>
        <time>2026-07-07T17:43:42.000Z</time>
      </trkpt>
      <trkpt lat="52.96880283392966" lon="68.77866209484637">
        <ele>321.8</ele>
        <time>2026-07-07T17:43:58.000Z</time>
      </trkpt>
      <trkpt lat="52.96914800070226" lon="68.77970522269607">
        <ele>322.4</ele>
        <time>2026-07-07T17:44:15.000Z</time>
      </trkpt>
      <trkpt lat="52.9694739729166" lon="68.78066578879952">
        <ele>322.8</ele>
        <time>2026-07-07T17:44:31.000Z</time>
      </trkpt>
      <trkpt lat="52.969686118885875" lon="68.78149702213705">
        <ele>323</ele>
        <time>2026-07-07T17:44:44.000Z</time>
      </trkpt>
      <trkpt lat="52.96965418383479" lon="68.78242758102715">
        <ele>324.2</ele>
        <time>2026-07-07T17:44:59.000Z</time>
      </trkpt>
      <trkpt lat="52.96950473450124" lon="68.78308480605483">
        <ele>324.8</ele>
        <time>2026-07-07T17:45:13.000Z</time>
      </trkpt>
      <trkpt lat="52.96923391520977" lon="68.78393657505512">
        <ele>324.4</ele>
        <time>2026-07-07T17:45:29.000Z</time>
      </trkpt>
      <trkpt lat="52.968864189460874" lon="68.78519226796925">
        <ele>322.6</ele>
        <time>2026-07-07T17:45:45.000Z</time>
      </trkpt>
      <trkpt lat="52.968605523929" lon="68.78589509055018">
        <ele>321.6</ele>
        <time>2026-07-07T17:45:53.000Z</time>
      </trkpt>
      <trkpt lat="52.96831022948027" lon="68.78599860705435">
        <ele>321.4</ele>
        <time>2026-07-07T17:45:58.000Z</time>
      </trkpt>
      <trkpt lat="52.967525431886315" lon="68.78583448939025">
        <ele>322.8</ele>
        <time>2026-07-07T17:46:14.000Z</time>
      </trkpt>
      <trkpt lat="52.96693190932274" lon="68.78573189489543">
        <ele>323.8</ele>
        <time>2026-07-07T17:46:31.000Z</time>
      </trkpt>
      <trkpt lat="52.966322880238295" lon="68.78563072532415">
        <ele>324.2</ele>
        <time>2026-07-07T17:46:47.000Z</time>
      </trkpt>
      <trkpt lat="52.96569080092013" lon="68.78552192822099">
        <ele>324.8</ele>
        <time>2026-07-07T17:47:03.000Z</time>
      </trkpt>
      <trkpt lat="52.965059727430344" lon="68.78542687743902">
        <ele>325.2</ele>
        <time>2026-07-07T17:47:19.000Z</time>
      </trkpt>
      <trkpt lat="52.96442429535091" lon="68.78532411530614">
        <ele>325.8</ele>
        <time>2026-07-07T17:47:35.000Z</time>
      </trkpt>
      <trkpt lat="52.96380143612623" lon="68.78522529266775">
        <ele>326.6</ele>
        <time>2026-07-07T17:47:51.000Z</time>
      </trkpt>
      <trkpt lat="52.96318628825247" lon="68.78512638621032">
        <ele>327</ele>
        <time>2026-07-07T17:48:07.000Z</time>
      </trkpt>
      <trkpt lat="52.96245262026787" lon="68.7850097939372">
        <ele>326.8</ele>
        <time>2026-07-07T17:48:23.000Z</time>
      </trkpt>
      <trkpt lat="52.96161417849362" lon="68.78488532267511">
        <ele>326.4</ele>
        <time>2026-07-07T17:48:39.000Z</time>
      </trkpt>
      <trkpt lat="52.960765762254596" lon="68.78475590609014">
        <ele>326.8</ele>
        <time>2026-07-07T17:48:56.000Z</time>
      </trkpt>
      <trkpt lat="52.96013846062124" lon="68.78488289192319">
        <ele>327.4</ele>
        <time>2026-07-07T17:49:10.000Z</time>
      </trkpt>
      <trkpt lat="52.95958550646901" lon="68.78529938869178">
        <ele>327.6</ele>
        <time>2026-07-07T17:49:25.000Z</time>
      </trkpt>
      <trkpt lat="52.95909298583865" lon="68.78596256487072">
        <ele>327.4</ele>
        <time>2026-07-07T17:49:41.000Z</time>
      </trkpt>
      <trkpt lat="52.95855696313083" lon="68.78672079183161">
        <ele>326.6</ele>
        <time>2026-07-07T17:49:57.000Z</time>
      </trkpt>
      <trkpt lat="52.95791046693921" lon="68.7876433879137">
        <ele>325.4</ele>
        <time>2026-07-07T17:50:13.000Z</time>
      </trkpt>
      <trkpt lat="52.957159196957946" lon="68.78872331231833">
        <ele>325</ele>
        <time>2026-07-07T17:50:29.000Z</time>
      </trkpt>
      <trkpt lat="52.95646266080439" lon="68.78974146209657">
        <ele>325</ele>
        <time>2026-07-07T17:50:45.000Z</time>
      </trkpt>
      <trkpt lat="52.95579361729324" lon="68.79069171845913">
        <ele>325.6</ele>
        <time>2026-07-07T17:51:01.000Z</time>
      </trkpt>
      <trkpt lat="52.955201184377074" lon="68.7915360275656">
        <ele>326.2</ele>
        <time>2026-07-07T17:51:18.000Z</time>
      </trkpt>
      <trkpt lat="52.95461210422218" lon="68.79236659035087">
        <ele>326.6</ele>
        <time>2026-07-07T17:51:34.000Z</time>
      </trkpt>
      <trkpt lat="52.95413559302688" lon="68.79305206239223">
        <ele>328.2</ele>
        <time>2026-07-07T17:51:50.000Z</time>
      </trkpt>
      <trkpt lat="52.953606359660625" lon="68.79396610893309">
        <ele>327</ele>
        <time>2026-07-07T17:52:06.000Z</time>
      </trkpt>
      <trkpt lat="52.95297872275114" lon="68.79508609883487">
        <ele>326</ele>
        <time>2026-07-07T17:52:22.000Z</time>
      </trkpt>
      <trkpt lat="52.952379332855344" lon="68.7961274664849">
        <ele>325.4</ele>
        <time>2026-07-07T17:52:38.000Z</time>
      </trkpt>
      <trkpt lat="52.951673828065395" lon="68.79730755463243">
        <ele>323.4</ele>
        <time>2026-07-07T17:52:54.000Z</time>
      </trkpt>
      <trkpt lat="52.95098173432052" lon="68.79852586425841">
        <ele>322.6</ele>
        <time>2026-07-07T17:53:10.000Z</time>
      </trkpt>
      <trkpt lat="52.9503074940294" lon="68.79966823384166">
        <ele>322.2</ele>
        <time>2026-07-07T17:53:26.000Z</time>
      </trkpt>
      <trkpt lat="52.94965538196266" lon="68.80075637251139">
        <ele>323.8</ele>
        <time>2026-07-07T17:53:43.000Z</time>
      </trkpt>
      <trkpt lat="52.94916847720742" lon="68.80159028805792">
        <ele>323.8</ele>
        <time>2026-07-07T17:53:59.000Z</time>
      </trkpt>
      <trkpt lat="52.948531871661544" lon="68.80264213308692">
        <ele>322.6</ele>
        <time>2026-07-07T17:54:15.000Z</time>
      </trkpt>
      <trkpt lat="52.947962656617165" lon="68.80352231673896">
        <ele>322.6</ele>
        <time>2026-07-07T17:54:29.000Z</time>
      </trkpt>
      <trkpt lat="52.94732328504324" lon="68.80442370660603">
        <ele>323</ele>
        <time>2026-07-07T17:54:45.000Z</time>
      </trkpt>
      <trkpt lat="52.946699503809214" lon="68.80523256026208">
        <ele>323.4</ele>
        <time>2026-07-07T17:55:01.000Z</time>
      </trkpt>
      <trkpt lat="52.946048732846975" lon="68.80589439533651">
        <ele>323.8</ele>
        <time>2026-07-07T17:55:17.000Z</time>
      </trkpt>
      <trkpt lat="52.9453946929425" lon="68.80656151100993">
        <ele>324</ele>
        <time>2026-07-07T17:55:33.000Z</time>
      </trkpt>
      <trkpt lat="52.944751465693116" lon="68.80720096640289">
        <ele>324.2</ele>
        <time>2026-07-07T17:55:49.000Z</time>
      </trkpt>
      <trkpt lat="52.94412575662136" lon="68.80783916451037">
        <ele>324.4</ele>
        <time>2026-07-07T17:56:06.000Z</time>
      </trkpt>
      <trkpt lat="52.943534664809704" lon="68.80843117833138">
        <ele>325</ele>
        <time>2026-07-07T17:56:22.000Z</time>
      </trkpt>
      <trkpt lat="52.942945500835776" lon="68.8090393692255">
        <ele>325.4</ele>
        <time>2026-07-07T17:56:38.000Z</time>
      </trkpt>
      <trkpt lat="52.94239757582545" lon="68.80955435335636">
        <ele>326.2</ele>
        <time>2026-07-07T17:56:54.000Z</time>
      </trkpt>
      <trkpt lat="52.94185861945152" lon="68.81008987314999">
        <ele>326.6</ele>
        <time>2026-07-07T17:57:10.000Z</time>
      </trkpt>
      <trkpt lat="52.94128429144621" lon="68.81065741181374">
        <ele>327</ele>
        <time>2026-07-07T17:57:26.000Z</time>
      </trkpt>
      <trkpt lat="52.94073326513171" lon="68.81123442202806">
        <ele>327.6</ele>
        <time>2026-07-07T17:57:42.000Z</time>
      </trkpt>
      <trkpt lat="52.940108478069305" lon="68.81186943501234">
        <ele>327.8</ele>
        <time>2026-07-07T17:57:58.000Z</time>
      </trkpt>
      <trkpt lat="52.93956675566733" lon="68.81243789568543">
        <ele>328</ele>
        <time>2026-07-07T17:58:14.000Z</time>
      </trkpt>
      <trkpt lat="52.93898379430175" lon="68.81302957423031">
        <ele>328.2</ele>
        <time>2026-07-07T17:58:31.000Z</time>
      </trkpt>
      <trkpt lat="52.93843176215887" lon="68.81358881480992">
        <ele>328.2</ele>
        <time>2026-07-07T17:58:47.000Z</time>
      </trkpt>
      <trkpt lat="52.937903786078095" lon="68.81414143368602">
        <ele>328.6</ele>
        <time>2026-07-07T17:59:03.000Z</time>
      </trkpt>
      <trkpt lat="52.93737673200667" lon="68.81468491628766">
        <ele>329.4</ele>
        <time>2026-07-07T17:59:19.000Z</time>
      </trkpt>
      <trkpt lat="52.93696627020836" lon="68.8151300791651">
        <ele>329.8</ele>
        <time>2026-07-07T17:59:35.000Z</time>
      </trkpt>
      <trkpt lat="52.93658715672791" lon="68.81553408689797">
        <ele>330.6</ele>
        <time>2026-07-07T17:59:51.000Z</time>
      </trkpt>
      <trkpt lat="52.93624576181173" lon="68.81592527031898">
        <ele>331.6</ele>
        <time>2026-07-07T18:00:07.000Z</time>
      </trkpt>
      <trkpt lat="52.93595382012427" lon="68.81626876071095">
        <ele>332.4</ele>
        <time>2026-07-07T18:00:23.000Z</time>
      </trkpt>
      <trkpt lat="52.93566120788455" lon="68.81662666797638">
        <ele>334</ele>
        <time>2026-07-07T18:00:39.000Z</time>
      </trkpt>
      <trkpt lat="52.93538812547922" lon="68.81695289164782">
        <ele>335.2</ele>
        <time>2026-07-07T18:00:56.000Z</time>
      </trkpt>
      <trkpt lat="52.9351613111794" lon="68.8172144908458">
        <ele>335.8</ele>
        <time>2026-07-07T18:01:11.000Z</time>
      </trkpt>
      <trkpt lat="52.934942711144686" lon="68.8175186701119">
        <ele>336.6</ele>
        <time>2026-07-07T18:03:20.000Z</time>
      </trkpt>
      <trkpt lat="52.93460198678076" lon="68.8179463148117">
        <ele>337</ele>
        <time>2026-07-07T18:03:36.000Z</time>
      </trkpt>
      <trkpt lat="52.93436989188194" lon="68.81828611716628">
        <ele>337.8</ele>
        <time>2026-07-07T18:03:49.000Z</time>
      </trkpt>
      <trkpt lat="52.93406487442553" lon="68.8186424318701">
        <ele>338.2</ele>
        <time>2026-07-07T18:04:02.000Z</time>
      </trkpt>
      <trkpt lat="52.93371995911002" lon="68.81910662166774">
        <ele>339.2</ele>
        <time>2026-07-07T18:04:18.000Z</time>
      </trkpt>
      <trkpt lat="52.933305725455284" lon="68.81968480534852">
        <ele>340</ele>
        <time>2026-07-07T18:04:34.000Z</time>
      </trkpt>
      <trkpt lat="52.93281798250973" lon="68.82031948305666">
        <ele>339.6</ele>
        <time>2026-07-07T18:04:50.000Z</time>
      </trkpt>
      <trkpt lat="52.93222571723163" lon="68.82109346799552">
        <ele>339.2</ele>
        <time>2026-07-07T18:05:06.000Z</time>
      </trkpt>
      <trkpt lat="52.93161576613784" lon="68.82185739465058">
        <ele>339.2</ele>
        <time>2026-07-07T18:05:22.000Z</time>
      </trkpt>
      <trkpt lat="52.931073289364576" lon="68.82254596799612">
        <ele>339.2</ele>
        <time>2026-07-07T18:05:39.000Z</time>
      </trkpt>
      <trkpt lat="52.930449759587646" lon="68.8233377225697">
        <ele>338.4</ele>
        <time>2026-07-07T18:05:55.000Z</time>
      </trkpt>
      <trkpt lat="52.929849699139595" lon="68.82411279715598">
        <ele>338.8</ele>
        <time>2026-07-07T18:06:11.000Z</time>
      </trkpt>
      <trkpt lat="52.929238406941295" lon="68.82488518953323">
        <ele>338.6</ele>
        <time>2026-07-07T18:06:27.000Z</time>
      </trkpt>
      <trkpt lat="52.92863566428423" lon="68.825643081218">
        <ele>338.8</ele>
        <time>2026-07-07T18:06:43.000Z</time>
      </trkpt>
      <trkpt lat="52.9280673712492" lon="68.82635931484401">
        <ele>339.6</ele>
        <time>2026-07-07T18:06:59.000Z</time>
      </trkpt>
      <trkpt lat="52.927590273320675" lon="68.82696725428104">
        <ele>340.6</ele>
        <time>2026-07-07T18:07:15.000Z</time>
      </trkpt>
      <trkpt lat="52.927065063267946" lon="68.82761953398585">
        <ele>341.2</ele>
        <time>2026-07-07T18:07:31.000Z</time>
      </trkpt>
      <trkpt lat="52.92652443051338" lon="68.82828589528799">
        <ele>341.6</ele>
        <time>2026-07-07T18:07:47.000Z</time>
      </trkpt>
      <trkpt lat="52.925900062546134" lon="68.8290396798402">
        <ele>340.6</ele>
        <time>2026-07-07T18:08:04.000Z</time>
      </trkpt>
      <trkpt lat="52.9252611938864" lon="68.82979849353433">
        <ele>340.8</ele>
        <time>2026-07-07T18:08:20.000Z</time>
      </trkpt>
      <trkpt lat="52.9246758017689" lon="68.83048321120441">
        <ele>341.6</ele>
        <time>2026-07-07T18:08:36.000Z</time>
      </trkpt>
      <trkpt lat="52.92413433082402" lon="68.83110238239169">
        <ele>341.8</ele>
        <time>2026-07-07T18:08:52.000Z</time>
      </trkpt>
      <trkpt lat="52.923591770231724" lon="68.83175617083907">
        <ele>342.6</ele>
        <time>2026-07-07T18:09:08.000Z</time>
      </trkpt>
      <trkpt lat="52.92305021546781" lon="68.83235732093453">
        <ele>342.8</ele>
        <time>2026-07-07T18:09:24.000Z</time>
      </trkpt>
      <trkpt lat="52.92251310311258" lon="68.83296157233417">
        <ele>343</ele>
        <time>2026-07-07T18:09:40.000Z</time>
      </trkpt>
      <trkpt lat="52.92196626774967" lon="68.83355492725968">
        <ele>343</ele>
        <time>2026-07-07T18:09:56.000Z</time>
      </trkpt>
      <trkpt lat="52.92142027057707" lon="68.83415683172643">
        <ele>343.4</ele>
        <time>2026-07-07T18:10:12.000Z</time>
      </trkpt>
      <trkpt lat="52.92082892730832" lon="68.83480341173708">
        <ele>343.6</ele>
        <time>2026-07-07T18:10:29.000Z</time>
      </trkpt>
      <trkpt lat="52.92025376111269" lon="68.83541487157345">
        <ele>343.8</ele>
        <time>2026-07-07T18:10:45.000Z</time>
      </trkpt>
      <trkpt lat="52.91963911615312" lon="68.83606840856373">
        <ele>344</ele>
        <time>2026-07-07T18:11:01.000Z</time>
      </trkpt>
      <trkpt lat="52.91904827579856" lon="68.83670585229993">
        <ele>344.6</ele>
        <time>2026-07-07T18:11:17.000Z</time>
      </trkpt>
      <trkpt lat="52.91850990615785" lon="68.83730390109122">
        <ele>345.4</ele>
        <time>2026-07-07T18:11:33.000Z</time>
      </trkpt>
      <trkpt lat="52.91798980906606" lon="68.83787529543042">
        <ele>346</ele>
        <time>2026-07-07T18:11:49.000Z</time>
      </trkpt>
      <trkpt lat="52.917488822713494" lon="68.8384286686778">
        <ele>346.8</ele>
        <time>2026-07-07T18:12:05.000Z</time>
      </trkpt>
      <trkpt lat="52.917019268497825" lon="68.83895019069314">
        <ele>347.4</ele>
        <time>2026-07-07T18:12:21.000Z</time>
      </trkpt>
      <trkpt lat="52.91656672954559" lon="68.83945008739829">
        <ele>348.4</ele>
        <time>2026-07-07T18:12:38.000Z</time>
      </trkpt>
      <trkpt lat="52.91624419391155" lon="68.83980447426438">
        <ele>349.6</ele>
        <time>2026-07-07T18:12:54.000Z</time>
      </trkpt>
      <trkpt lat="52.91595870628953" lon="68.84011938236654">
        <ele>350.6</ele>
        <time>2026-07-07T18:13:10.000Z</time>
      </trkpt>
      <trkpt lat="52.91564488783479" lon="68.84046547114849">
        <ele>351.8</ele>
        <time>2026-07-07T18:13:26.000Z</time>
      </trkpt>
      <trkpt lat="52.91529217734933" lon="68.8408550620079">
        <ele>352.6</ele>
        <time>2026-07-07T18:13:42.000Z</time>
      </trkpt>
      <trkpt lat="52.91489780880511" lon="68.84133442305028">
        <ele>352.6</ele>
        <time>2026-07-07T18:13:58.000Z</time>
      </trkpt>
      <trkpt lat="52.9144405759871" lon="68.84205467998981">
        <ele>352.4</ele>
        <time>2026-07-07T18:14:14.000Z</time>
      </trkpt>
      <trkpt lat="52.91402659378946" lon="68.84288432076573">
        <ele>352.2</ele>
        <time>2026-07-07T18:14:30.000Z</time>
      </trkpt>
      <trkpt lat="52.91372358798981" lon="68.8438168913126">
        <ele>352.6</ele>
        <time>2026-07-07T18:14:46.000Z</time>
      </trkpt>
      <trkpt lat="52.91357472538948" lon="68.84473378770053">
        <ele>352.8</ele>
        <time>2026-07-07T18:15:01.000Z</time>
      </trkpt>
      <trkpt lat="52.913570115342736" lon="68.84580256417394">
        <ele>353.2</ele>
        <time>2026-07-07T18:15:17.000Z</time>
      </trkpt>
      <trkpt lat="52.91360607370734" lon="68.84657872840762">
        <ele>353</ele>
        <time>2026-07-07T18:15:29.000Z</time>
      </trkpt>
      <trkpt lat="52.91364446282387" lon="68.8465588632971">
        <ele>352.6</ele>
        <time>2026-07-07T18:15:32.000Z</time>
      </trkpt>
      <trkpt lat="52.913579335436225" lon="68.84616617113352">
        <ele>352.4</ele>
        <time>2026-07-07T18:15:39.000Z</time>
      </trkpt>
      <trkpt lat="52.91361118666828" lon="68.84586450643837">
        <ele>352.6</ele>
        <time>2026-07-07T18:16:12.000Z</time>
      </trkpt>
      <trkpt lat="52.9135909024626" lon="68.84644486941397">
        <ele>352.8</ele>
        <time>2026-07-07T18:16:25.000Z</time>
      </trkpt>
      <trkpt lat="52.913619400933385" lon="68.84733812883496">
        <ele>353</ele>
        <time>2026-07-07T18:16:41.000Z</time>
      </trkpt>
      <trkpt lat="52.9136530123651" lon="68.84832350537181">
        <ele>353</ele>
        <time>2026-07-07T18:16:57.000Z</time>
      </trkpt>
      <trkpt lat="52.91368218138814" lon="68.84930837899446">
        <ele>353.2</ele>
        <time>2026-07-07T18:17:13.000Z</time>
      </trkpt>
      <trkpt lat="52.91375996544957" lon="68.85001589544117">
        <ele>353.2</ele>
        <time>2026-07-07T18:17:27.000Z</time>
      </trkpt>
      <trkpt lat="52.91393858380616" lon="68.85018873028457">
        <ele>352.4</ele>
        <time>2026-07-07T18:17:35.000Z</time>
      </trkpt>
      <trkpt lat="52.91414301842451" lon="68.85051973164082">
        <ele>352.2</ele>
        <time>2026-07-07T18:17:50.000Z</time>
      </trkpt>
      <trkpt lat="52.91426480747759" lon="68.8505363278091">
        <ele>352</ele>
        <time>2026-07-07T18:18:00.000Z</time>
      </trkpt>
      <trkpt lat="52.91413698345423" lon="68.85022778995335">
        <ele>352.4</ele>
        <time>2026-07-07T18:18:12.000Z</time>
      </trkpt>
      <trkpt lat="52.91383355855942" lon="68.85014086961746">
        <ele>352.4</ele>
        <time>2026-07-07T18:18:25.000Z</time>
      </trkpt>
      <trkpt lat="52.9137206543237" lon="68.85044471360743">
        <ele>353</ele>
        <time>2026-07-07T18:18:34.000Z</time>
      </trkpt>
      <trkpt lat="52.913733813911676" lon="68.85129715315998">
        <ele>353.2</ele>
        <time>2026-07-07T18:18:50.000Z</time>
      </trkpt>
      <trkpt lat="52.91375929489732" lon="68.85223500430584">
        <ele>353.4</ele>
        <time>2026-07-07T18:19:06.000Z</time>
      </trkpt>
      <trkpt lat="52.91378578171134" lon="68.85318492539227">
        <ele>353.6</ele>
        <time>2026-07-07T18:19:22.000Z</time>
      </trkpt>
      <trkpt lat="52.91375351138413" lon="68.85423760861158">
        <ele>353.6</ele>
        <time>2026-07-07T18:19:38.000Z</time>
      </trkpt>
      <trkpt lat="52.91358537040651" lon="68.85527570731938">
        <ele>354</ele>
        <time>2026-07-07T18:19:55.000Z</time>
      </trkpt>
      <trkpt lat="52.91334162466228" lon="68.85628069750965">
        <ele>354.4</ele>
        <time>2026-07-07T18:20:11.000Z</time>
      </trkpt>
      <trkpt lat="52.91311145760119" lon="68.85721075348556">
        <ele>354.6</ele>
        <time>2026-07-07T18:20:27.000Z</time>
      </trkpt>
      <trkpt lat="52.91287659667432" lon="68.8581931963563">
        <ele>355.2</ele>
        <time>2026-07-07T18:20:43.000Z</time>
      </trkpt>
      <trkpt lat="52.91264207102358" lon="68.85912895202637">
        <ele>355.6</ele>
        <time>2026-07-07T18:20:59.000Z</time>
      </trkpt>
      <trkpt lat="52.9124166816473" lon="68.86006135493517">
        <ele>356</ele>
        <time>2026-07-07T18:21:15.000Z</time>
      </trkpt>
      <trkpt lat="52.91218760423362" lon="68.86099576950073">
        <ele>356.4</ele>
        <time>2026-07-07T18:21:31.000Z</time>
      </trkpt>
      <trkpt lat="52.911952156573534" lon="68.86195851489902">
        <ele>356.8</ele>
        <time>2026-07-07T18:21:47.000Z</time>
      </trkpt>
      <trkpt lat="52.911731796339154" lon="68.86285831220448">
        <ele>357.2</ele>
        <time>2026-07-07T18:22:03.000Z</time>
      </trkpt>
      <trkpt lat="52.91151897981763" lon="68.8637191336602">
        <ele>357.6</ele>
        <time>2026-07-07T18:22:20.000Z</time>
      </trkpt>
      <trkpt lat="52.911296021193266" lon="68.86463695205748">
        <ele>357.8</ele>
        <time>2026-07-07T18:22:36.000Z</time>
      </trkpt>
      <trkpt lat="52.91105202399194" lon="68.8656375836581">
        <ele>357.8</ele>
        <time>2026-07-07T18:22:52.000Z</time>
      </trkpt>
      <trkpt lat="52.91081163100898" lon="68.86661642231047">
        <ele>358.2</ele>
        <time>2026-07-07T18:23:08.000Z</time>
      </trkpt>
      <trkpt lat="52.91058758273721" lon="68.86753952130675">
        <ele>358.6</ele>
        <time>2026-07-07T18:23:24.000Z</time>
      </trkpt>
      <trkpt lat="52.91036822833121" lon="68.86840696446598">
        <ele>359</ele>
        <time>2026-07-07T18:23:40.000Z</time>
      </trkpt>
      <trkpt lat="52.91013780981302" lon="68.86935378424823">
        <ele>359.4</ele>
        <time>2026-07-07T18:23:56.000Z</time>
      </trkpt>
      <trkpt lat="52.90988962166011" lon="68.87035240419209">
        <ele>359.8</ele>
        <time>2026-07-07T18:24:12.000Z</time>
      </trkpt>
      <trkpt lat="52.909637577831745" lon="68.87138932943344">
        <ele>360.2</ele>
        <time>2026-07-07T18:24:28.000Z</time>
      </trkpt>
      <trkpt lat="52.90940288454294" lon="68.87235760688782">
        <ele>360.6</ele>
        <time>2026-07-07T18:24:45.000Z</time>
      </trkpt>
      <trkpt lat="52.90916919708252" lon="68.87329881079495">
        <ele>361</ele>
        <time>2026-07-07T18:25:01.000Z</time>
      </trkpt>
      <trkpt lat="52.90894690901041" lon="68.8741991110146">
        <ele>361.6</ele>
        <time>2026-07-07T18:25:17.000Z</time>
      </trkpt>
      <trkpt lat="52.908724369481206" lon="68.87508859857917">
        <ele>361.8</ele>
        <time>2026-07-07T18:25:33.000Z</time>
      </trkpt>
      <trkpt lat="52.90846670977771" lon="68.87613457627594">
        <ele>362.2</ele>
        <time>2026-07-07T18:25:49.000Z</time>
      </trkpt>
      <trkpt lat="52.908241571858525" lon="68.87706379406154">
        <ele>362.8</ele>
        <time>2026-07-07T18:26:05.000Z</time>
      </trkpt>
      <trkpt lat="52.90803076699376" lon="68.87791816145182">
        <ele>363.4</ele>
        <time>2026-07-07T18:26:21.000Z</time>
      </trkpt>
      <trkpt lat="52.907821806147695" lon="68.8787638116628">
        <ele>363.8</ele>
        <time>2026-07-07T18:26:37.000Z</time>
      </trkpt>
      <trkpt lat="52.90759666822851" lon="68.87968632392585">
        <ele>364.4</ele>
        <time>2026-07-07T18:26:54.000Z</time>
      </trkpt>
      <trkpt lat="52.907394832000136" lon="68.88052350841463">
        <ele>364.8</ele>
        <time>2026-07-07T18:27:10.000Z</time>
      </trkpt>
      <trkpt lat="52.907188553363085" lon="68.88134049251676">
        <ele>365.2</ele>
        <time>2026-07-07T18:27:26.000Z</time>
      </trkpt>
      <trkpt lat="52.90698361583054" lon="68.88218798674643">
        <ele>365.4</ele>
        <time>2026-07-07T18:27:42.000Z</time>
      </trkpt>
      <trkpt lat="52.90676853619516" lon="68.88307328335941">
        <ele>365.6</ele>
        <time>2026-07-07T18:27:58.000Z</time>
      </trkpt>
      <trkpt lat="52.90656225755811" lon="68.88391080312431">
        <ele>366</ele>
        <time>2026-07-07T18:28:14.000Z</time>
      </trkpt>
      <trkpt lat="52.90634692646563" lon="68.88476693071425">
        <ele>366.4</ele>
        <time>2026-07-07T18:28:30.000Z</time>
      </trkpt>
      <trkpt lat="52.90614559315145" lon="68.88558709993958">
        <ele>366.8</ele>
        <time>2026-07-07T18:28:46.000Z</time>
      </trkpt>
      <trkpt lat="52.90596043691039" lon="68.88633577153087">
        <ele>367</ele>
        <time>2026-07-07T18:29:02.000Z</time>
      </trkpt>
      <trkpt lat="52.905786260962486" lon="68.88703876174986">
        <ele>367.4</ele>
        <time>2026-07-07T18:29:19.000Z</time>
      </trkpt>
      <trkpt lat="52.90563253685832" lon="68.88766765594482">
        <ele>368</ele>
        <time>2026-07-07T18:29:35.000Z</time>
      </trkpt>
      <trkpt lat="52.90548359043896" lon="68.88828992843628">
        <ele>368.6</ele>
        <time>2026-07-07T18:29:51.000Z</time>
      </trkpt>
      <trkpt lat="52.90530866011977" lon="68.8889723829925">
        <ele>369.4</ele>
        <time>2026-07-07T18:30:07.000Z</time>
      </trkpt>
      <trkpt lat="52.90517698042095" lon="68.88947420753539">
        <ele>370</ele>
        <time>2026-07-07T18:30:23.000Z</time>
      </trkpt>
      <trkpt lat="52.90508519858122" lon="68.88983999378979">
        <ele>370.4</ele>
        <time>2026-07-07T18:30:39.000Z</time>
      </trkpt>
      <trkpt lat="52.90497271344066" lon="68.89025523327291">
        <ele>371</ele>
        <time>2026-07-07T18:32:13.000Z</time>
      </trkpt>
      <trkpt lat="52.90481890551746" lon="68.89089602977037">
        <ele>372</ele>
        <time>2026-07-07T18:32:29.000Z</time>
      </trkpt>
      <trkpt lat="52.90467431768775" lon="68.89152249321342">
        <ele>372.8</ele>
        <time>2026-07-07T18:32:45.000Z</time>
      </trkpt>
      <trkpt lat="52.90453995577991" lon="68.89206756837666">
        <ele>373.6</ele>
        <time>2026-07-07T18:33:01.000Z</time>
      </trkpt>
      <trkpt lat="52.90440123528242" lon="68.89262437820435">
        <ele>374.6</ele>
        <time>2026-07-07T18:33:17.000Z</time>
      </trkpt>
      <trkpt lat="52.90425346232951" lon="68.89323885552585">
        <ele>375.2</ele>
        <time>2026-07-07T18:33:33.000Z</time>
      </trkpt>
      <trkpt lat="52.90409370325506" lon="68.89387613162398">
        <ele>375.6</ele>
        <time>2026-07-07T18:33:49.000Z</time>
      </trkpt>
      <trkpt lat="52.90395816788077" lon="68.89443076215684">
        <ele>376.6</ele>
        <time>2026-07-07T18:34:06.000Z</time>
      </trkpt>
      <trkpt lat="52.903835121542215" lon="68.89495982788503">
        <ele>378</ele>
        <time>2026-07-07T18:34:22.000Z</time>
      </trkpt>
      <trkpt lat="52.90370386093855" lon="68.89550322666764">
        <ele>379.6</ele>
        <time>2026-07-07T18:34:38.000Z</time>
      </trkpt>
      <trkpt lat="52.90355717763305" lon="68.89607705175877">
        <ele>380.4</ele>
        <time>2026-07-07T18:34:54.000Z</time>
      </trkpt>
      <trkpt lat="52.90340722538531" lon="68.89665741473436">
        <ele>380.6</ele>
        <time>2026-07-07T18:35:06.000Z</time>
      </trkpt>
      <trkpt lat="52.90331686846912" lon="68.89717910438776">
        <ele>380.4</ele>
        <time>2026-07-07T18:35:19.000Z</time>
      </trkpt>
      <trkpt lat="52.90321477688849" lon="68.89736015349627">
        <ele>380.4</ele>
        <time>2026-07-07T18:37:25.000Z</time>
      </trkpt>
      <trkpt lat="52.90298871695995" lon="68.89807437546551">
        <ele>380.2</ele>
        <time>2026-07-07T18:37:41.000Z</time>
      </trkpt>
      <trkpt lat="52.90272309444845" lon="68.89898976311088">
        <ele>379.8</ele>
        <time>2026-07-07T18:37:57.000Z</time>
      </trkpt>
      <trkpt lat="52.90245931595564" lon="68.89994085766375">
        <ele>379.6</ele>
        <time>2026-07-07T18:38:13.000Z</time>
      </trkpt>
      <trkpt lat="52.90221121162176" lon="68.90085607767105">
        <ele>379</ele>
        <time>2026-07-07T18:38:29.000Z</time>
      </trkpt>
      <trkpt lat="52.901977272704244" lon="68.90170918777585">
        <ele>379.4</ele>
        <time>2026-07-07T18:38:45.000Z</time>
      </trkpt>
      <trkpt lat="52.90176169015467" lon="68.90226842835546">
        <ele>380.2</ele>
        <time>2026-07-07T18:38:59.000Z</time>
      </trkpt>
      <trkpt lat="52.90159799158573" lon="68.90279020182788">
        <ele>380.8</ele>
        <time>2026-07-07T18:39:15.000Z</time>
      </trkpt>
      <trkpt lat="52.90142431855202" lon="68.90336193144321">
        <ele>381.2</ele>
        <time>2026-07-07T18:39:31.000Z</time>
      </trkpt>
      <trkpt lat="52.90125098079443" lon="68.90394028276205">
        <ele>381.2</ele>
        <time>2026-07-07T18:39:47.000Z</time>
      </trkpt>
      <trkpt lat="52.90116389282048" lon="68.90423448756337">
        <ele>381.8</ele>
        <time>2026-07-07T18:39:59.000Z</time>
      </trkpt>
      <trkpt lat="52.9011835064739" lon="68.9043918158859">
        <ele>381.6</ele>
        <time>2026-07-07T18:40:10.000Z</time>
      </trkpt>
      <trkpt lat="52.90108141489327" lon="68.9046074822545">
        <ele>381.2</ele>
        <time>2026-07-07T18:43:01.000Z</time>
      </trkpt>
      <trkpt lat="52.900850996375084" lon="68.905243081972">
        <ele>381.4</ele>
        <time>2026-07-07T18:43:17.000Z</time>
      </trkpt>
      <trkpt lat="52.90062736719847" lon="68.90597867779434">
        <ele>381.6</ele>
        <time>2026-07-07T18:43:34.000Z</time>
      </trkpt>
      <trkpt lat="52.90041723288596" lon="68.90669851563871">
        <ele>382.2</ele>
        <time>2026-07-07T18:43:50.000Z</time>
      </trkpt>
      <trkpt lat="52.900189999490976" lon="68.90747241675854">
        <ele>382.2</ele>
        <time>2026-07-07T18:44:06.000Z</time>
      </trkpt>
      <trkpt lat="52.89996259845793" lon="68.90835922211409">
        <ele>382</ele>
        <time>2026-07-07T18:44:22.000Z</time>
      </trkpt>
      <trkpt lat="52.89972312748432" lon="68.90911635942757">
        <ele>381.6</ele>
        <time>2026-07-07T18:44:35.000Z</time>
      </trkpt>
      <trkpt lat="52.89951961487532" lon="68.91019343398511">
        <ele>381.8</ele>
        <time>2026-07-07T18:44:51.000Z</time>
      </trkpt>
      <trkpt lat="52.899355832487345" lon="68.91120705753565">
        <ele>382.2</ele>
        <time>2026-07-07T18:45:07.000Z</time>
      </trkpt>
      <trkpt lat="52.899245861917734" lon="68.912040470168">
        <ele>383.2</ele>
        <time>2026-07-07T18:45:23.000Z</time>
      </trkpt>
      <trkpt lat="52.899171682074666" lon="68.91266609542072">
        <ele>384.8</ele>
        <time>2026-07-07T18:45:39.000Z</time>
      </trkpt>
      <trkpt lat="52.899124994874" lon="68.9132831711322">
        <ele>385.2</ele>
        <time>2026-07-07T18:45:56.000Z</time>
      </trkpt>
      <trkpt lat="52.89909993298352" lon="68.91342432238162">
        <ele>385</ele>
        <time>2026-07-07T18:46:04.000Z</time>
      </trkpt>
      <trkpt lat="52.89910730905831" lon="68.91385230235755">
        <ele>385</ele>
        <time>2026-07-07T18:50:47.000Z</time>
      </trkpt>
      <trkpt lat="52.89909088052809" lon="68.91479082405567">
        <ele>384.4</ele>
        <time>2026-07-07T18:51:03.000Z</time>
      </trkpt>
      <trkpt lat="52.899114433676004" lon="68.91577075235546">
        <ele>385</ele>
        <time>2026-07-07T18:51:19.000Z</time>
      </trkpt>
      <trkpt lat="52.899166317656636" lon="68.91659670509398">
        <ele>385.6</ele>
        <time>2026-07-07T18:51:35.000Z</time>
      </trkpt>
      <trkpt lat="52.899231696501374" lon="68.91722476109862">
        <ele>386.2</ele>
        <time>2026-07-07T18:51:51.000Z</time>
      </trkpt>
      <trkpt lat="52.89932087995112" lon="68.91791576519608">
        <ele>386.6</ele>
        <time>2026-07-07T18:52:07.000Z</time>
      </trkpt>
      <trkpt lat="52.89939698763192" lon="68.91843267716467">
        <ele>387</ele>
        <time>2026-07-07T18:52:19.000Z</time>
      </trkpt>
      <trkpt lat="52.899474604055285" lon="68.91888513229787">
        <ele>387.2</ele>
        <time>2026-07-07T18:52:32.000Z</time>
      </trkpt>
      <trkpt lat="52.89964869618416" lon="68.91974830068648">
        <ele>387.2</ele>
        <time>2026-07-07T18:53:42.000Z</time>
      </trkpt>
      <trkpt lat="52.89981038309634" lon="68.92059185542166">
        <ele>387.4</ele>
        <time>2026-07-07T18:53:58.000Z</time>
      </trkpt>
      <trkpt lat="52.89998933672905" lon="68.92146290279925">
        <ele>387.6</ele>
        <time>2026-07-07T18:54:14.000Z</time>
      </trkpt>
      <trkpt lat="52.90017901919782" lon="68.9222804736346">
        <ele>387.8</ele>
        <time>2026-07-07T18:54:30.000Z</time>
      </trkpt>
      <trkpt lat="52.90038462728262" lon="68.92312017269433">
        <ele>387.8</ele>
        <time>2026-07-07T18:54:46.000Z</time>
      </trkpt>
      <trkpt lat="52.90056651458144" lon="68.9238001126796">
        <ele>388.8</ele>
        <time>2026-07-07T18:55:02.000Z</time>
      </trkpt>
      <trkpt lat="52.90074488148093" lon="68.92440000548959">
        <ele>390</ele>
        <time>2026-07-07T18:55:18.000Z</time>
      </trkpt>
      <trkpt lat="52.90093523450196" lon="68.92505739815533">
        <ele>390.6</ele>
        <time>2026-07-07T18:55:35.000Z</time>
      </trkpt>
      <trkpt lat="52.9011591989547" lon="68.92575519159436">
        <ele>390.6</ele>
        <time>2026-07-07T18:55:51.000Z</time>
      </trkpt>
      <trkpt lat="52.901395317167044" lon="68.92643311992288">
        <ele>390.6</ele>
        <time>2026-07-07T18:56:07.000Z</time>
      </trkpt>
      <trkpt lat="52.901640655472875" lon="68.92712563276291">
        <ele>390.8</ele>
        <time>2026-07-07T18:56:23.000Z</time>
      </trkpt>
      <trkpt lat="52.90180913172662" lon="68.92764950171113">
        <ele>390.6</ele>
        <time>2026-07-07T18:56:36.000Z</time>
      </trkpt>
      <trkpt lat="52.90190585888922" lon="68.92784588970244">
        <ele>390</ele>
        <time>2026-07-07T18:58:36.000Z</time>
      </trkpt>
      <trkpt lat="52.90220517665148" lon="68.92871802672744">
        <ele>389</ele>
        <time>2026-07-07T18:58:52.000Z</time>
      </trkpt>
      <trkpt lat="52.902553863823414" lon="68.92970340326428">
        <ele>388.4</ele>
        <time>2026-07-07T18:59:08.000Z</time>
      </trkpt>
      <trkpt lat="52.90291998535395" lon="68.93067528493702">
        <ele>387.6</ele>
        <time>2026-07-07T18:59:24.000Z</time>
      </trkpt>
      <trkpt lat="52.90334997698665" lon="68.93163601867855">
        <ele>387</ele>
        <time>2026-07-07T18:59:40.000Z</time>
      </trkpt>
      <trkpt lat="52.903772592544556" lon="68.93252852372825">
        <ele>386.6</ele>
        <time>2026-07-07T18:59:56.000Z</time>
      </trkpt>
      <trkpt lat="52.904205517843366" lon="68.93337492831051">
        <ele>386</ele>
        <time>2026-07-07T19:00:13.000Z</time>
      </trkpt>
      <trkpt lat="52.90453392080963" lon="68.93414287827909">
        <ele>386.4</ele>
        <time>2026-07-07T19:00:26.000Z</time>
      </trkpt>
      <trkpt lat="52.90453400462866" lon="68.9350745268166">
        <ele>388</ele>
        <time>2026-07-07T19:00:41.000Z</time>
      </trkpt>
      <trkpt lat="52.90442260913551" lon="68.93607633188367">
        <ele>388</ele>
        <time>2026-07-07T19:00:57.000Z</time>
      </trkpt>
      <trkpt lat="52.90431071072817" lon="68.93717528320849">
        <ele>387.6</ele>
        <time>2026-07-07T19:01:13.000Z</time>
      </trkpt>
      <trkpt lat="52.90432462468743" lon="68.9382882323116">
        <ele>387.6</ele>
        <time>2026-07-07T19:01:29.000Z</time>
      </trkpt>
      <trkpt lat="52.904533334076405" lon="68.93937000073493">
        <ele>387.8</ele>
        <time>2026-07-07T19:01:45.000Z</time>
      </trkpt>
      <trkpt lat="52.904764926061034" lon="68.94043098203838">
        <ele>388</ele>
        <time>2026-07-07T19:02:01.000Z</time>
      </trkpt>
      <trkpt lat="52.90499182417989" lon="68.94147871993482">
        <ele>388</ele>
        <time>2026-07-07T19:02:17.000Z</time>
      </trkpt>
      <trkpt lat="52.905202796682715" lon="68.94244498573244">
        <ele>388.2</ele>
        <time>2026-07-07T19:02:33.000Z</time>
      </trkpt>
      <trkpt lat="52.90540781803429" lon="68.94296675920486">
        <ele>388</ele>
        <time>2026-07-07T19:02:48.000Z</time>
      </trkpt>
      <trkpt lat="52.90549096651375" lon="68.942916886881">
        <ele>387.8</ele>
        <time>2026-07-07T19:02:56.000Z</time>
      </trkpt>
      <trkpt lat="52.90541209280491" lon="68.94326959736645">
        <ele>389</ele>
        <time>2026-07-07T19:12:32.000Z</time>
      </trkpt>
      <trkpt lat="52.90557981468737" lon="68.94414701499045">
        <ele>389</ele>
        <time>2026-07-07T19:12:48.000Z</time>
      </trkpt>
      <trkpt lat="52.90578156709671" lon="68.94515099935234">
        <ele>388.8</ele>
        <time>2026-07-07T19:13:04.000Z</time>
      </trkpt>
      <trkpt lat="52.90594518184662" lon="68.94619370810688">
        <ele>388.6</ele>
        <time>2026-07-07T19:13:20.000Z</time>
      </trkpt>
      <trkpt lat="52.905901009216905" lon="68.94709191285074">
        <ele>388.4</ele>
        <time>2026-07-07T19:13:35.000Z</time>
      </trkpt>
      <trkpt lat="52.90581442415714" lon="68.9480818156153">
        <ele>388.6</ele>
        <time>2026-07-07T19:13:51.000Z</time>
      </trkpt>
      <trkpt lat="52.90572775527835" lon="68.94918940030038">
        <ele>388.6</ele>
        <time>2026-07-07T19:14:07.000Z</time>
      </trkpt>
      <trkpt lat="52.905665561556816" lon="68.95031190477312">
        <ele>388.8</ele>
        <time>2026-07-07T19:14:23.000Z</time>
      </trkpt>
      <trkpt lat="52.90561401285231" lon="68.95143491216004">
        <ele>389</ele>
        <time>2026-07-07T19:14:40.000Z</time>
      </trkpt>
      <trkpt lat="52.905572187155485" lon="68.95239489153028">
        <ele>389.6</ele>
        <time>2026-07-07T19:14:56.000Z</time>
      </trkpt>
      <trkpt lat="52.905550729483366" lon="68.95336459390819">
        <ele>390.2</ele>
        <time>2026-07-07T19:15:12.000Z</time>
      </trkpt>
      <trkpt lat="52.90552558377385" lon="68.95438039675355">
        <ele>390.4</ele>
        <time>2026-07-07T19:15:28.000Z</time>
      </trkpt>
      <trkpt lat="52.90552072227001" lon="68.95536459982395">
        <ele>391</ele>
        <time>2026-07-07T19:15:44.000Z</time>
      </trkpt>
      <trkpt lat="52.9055645596236" lon="68.95633832551539">
        <ele>391.6</ele>
        <time>2026-07-07T19:16:00.000Z</time>
      </trkpt>
      <trkpt lat="52.905682660639286" lon="68.9572874084115">
        <ele>392.2</ele>
        <time>2026-07-07T19:16:16.000Z</time>
      </trkpt>
      <trkpt lat="52.9058063775301" lon="68.95822500810027">
        <ele>393</ele>
        <time>2026-07-07T19:16:32.000Z</time>
      </trkpt>
      <trkpt lat="52.90594710968435" lon="68.95917140878737">
        <ele>393.4</ele>
        <time>2026-07-07T19:16:48.000Z</time>
      </trkpt>
      <trkpt lat="52.90609982796013" lon="68.9601728785783">
        <ele>394</ele>
        <time>2026-07-07T19:17:05.000Z</time>
      </trkpt>
      <trkpt lat="52.906246511265635" lon="68.96117703057826">
        <ele>394.2</ele>
        <time>2026-07-07T19:17:21.000Z</time>
      </trkpt>
      <trkpt lat="52.906384728848934" lon="68.96211856976151">
        <ele>395</ele>
        <time>2026-07-07T19:17:37.000Z</time>
      </trkpt>
      <trkpt lat="52.906535267829895" lon="68.96313353441656">
        <ele>395.2</ele>
        <time>2026-07-07T19:17:53.000Z</time>
      </trkpt>
      <trkpt lat="52.906688656657934" lon="68.9641693700105">
        <ele>395.4</ele>
        <time>2026-07-07T19:18:09.000Z</time>
      </trkpt>
      <trkpt lat="52.90684388950467" lon="68.96525809541345">
        <ele>396</ele>
        <time>2026-07-07T19:18:25.000Z</time>
      </trkpt>
      <trkpt lat="52.90699183009565" lon="68.96626166068017">
        <ele>396.4</ele>
        <time>2026-07-07T19:18:41.000Z</time>
      </trkpt>
      <trkpt lat="52.90714253671467" lon="68.96728551015258">
        <ele>397.2</ele>
        <time>2026-07-07T19:18:57.000Z</time>
      </trkpt>
      <trkpt lat="52.90729575790465" lon="68.9682948589325">
        <ele>397.6</ele>
        <time>2026-07-07T19:19:14.000Z</time>
      </trkpt>
      <trkpt lat="52.90745451115072" lon="68.96935550495982">
        <ele>398.2</ele>
        <time>2026-07-07T19:19:30.000Z</time>
      </trkpt>
      <trkpt lat="52.9076056368649" lon="68.97036460228264">
        <ele>398.6</ele>
        <time>2026-07-07T19:19:46.000Z</time>
      </trkpt>
      <trkpt lat="52.90776086971164" lon="68.97137981839478">
        <ele>398.8</ele>
        <time>2026-07-07T19:20:02.000Z</time>
      </trkpt>
      <trkpt lat="52.90794242173433" lon="68.97248782217503">
        <ele>399.2</ele>
        <time>2026-07-07T19:20:18.000Z</time>
      </trkpt>
      <trkpt lat="52.908115424215794" lon="68.97360605187714">
        <ele>399.6</ele>
        <time>2026-07-07T19:20:34.000Z</time>
      </trkpt>
      <trkpt lat="52.90827996097505" lon="68.97468706592917">
        <ele>399.8</ele>
        <time>2026-07-07T19:20:50.000Z</time>
      </trkpt>
      <trkpt lat="52.90845732204616" lon="68.97582490928471">
        <ele>399.8</ele>
        <time>2026-07-07T19:21:06.000Z</time>
      </trkpt>
      <trkpt lat="52.908647591248155" lon="68.97705101408064">
        <ele>399.8</ele>
        <time>2026-07-07T19:21:22.000Z</time>
      </trkpt>
      <trkpt lat="52.90884532034397" lon="68.9783430006355">
        <ele>399.4</ele>
        <time>2026-07-07T19:21:39.000Z</time>
      </trkpt>
      <trkpt lat="52.9090613219887" lon="68.97970598191023">
        <ele>399.4</ele>
        <time>2026-07-07T19:21:55.000Z</time>
      </trkpt>
      <trkpt lat="52.90927816182375" lon="68.98105052299798">
        <ele>399.4</ele>
        <time>2026-07-07T19:22:11.000Z</time>
      </trkpt>
      <trkpt lat="52.90948770940304" lon="68.98235860280693">
        <ele>399.2</ele>
        <time>2026-07-07T19:22:27.000Z</time>
      </trkpt>
      <trkpt lat="52.90970999747515" lon="68.9837846159935">
        <ele>398.8</ele>
        <time>2026-07-07T19:22:43.000Z</time>
      </trkpt>
      <trkpt lat="52.9099543299526" lon="68.98530182428658">
        <ele>399.2</ele>
        <time>2026-07-07T19:22:59.000Z</time>
      </trkpt>
      <trkpt lat="52.91021450422704" lon="68.98692682385445">
        <ele>398.8</ele>
        <time>2026-07-07T19:23:15.000Z</time>
      </trkpt>
      <trkpt lat="52.91048498824239" lon="68.98857805877924">
        <ele>398.6</ele>
        <time>2026-07-07T19:23:31.000Z</time>
      </trkpt>
      <trkpt lat="52.910717502236366" lon="68.99010825902224">
        <ele>398.2</ele>
        <time>2026-07-07T19:23:47.000Z</time>
      </trkpt>
      <trkpt lat="52.910939706489444" lon="68.99151960387826">
        <ele>398</ele>
        <time>2026-07-07T19:24:04.000Z</time>
      </trkpt>
      <trkpt lat="52.91117448359728" lon="68.99303002282977">
        <ele>397.8</ele>
        <time>2026-07-07T19:24:20.000Z</time>
      </trkpt>
      <trkpt lat="52.91139551438391" lon="68.99443298578262">
        <ele>397.6</ele>
        <time>2026-07-07T19:24:36.000Z</time>
      </trkpt>
      <trkpt lat="52.911627776920795" lon="68.99588163010776">
        <ele>397.2</ele>
        <time>2026-07-07T19:24:52.000Z</time>
      </trkpt>
      <trkpt lat="52.91187101975083" lon="68.99742046371102">
        <ele>396.6</ele>
        <time>2026-07-07T19:25:08.000Z</time>
      </trkpt>
      <trkpt lat="52.912117866799235" lon="68.99896927177906">
        <ele>395.8</ele>
        <time>2026-07-07T19:25:24.000Z</time>
      </trkpt>
      <trkpt lat="52.9123770352453" lon="69.00042772293091">
        <ele>395.4</ele>
        <time>2026-07-07T19:25:40.000Z</time>
      </trkpt>
      <trkpt lat="52.912660259753466" lon="69.00191651657224">
        <ele>395.2</ele>
        <time>2026-07-07T19:25:56.000Z</time>
      </trkpt>
      <trkpt lat="52.91293560527265" lon="69.003348313272">
        <ele>395.2</ele>
        <time>2026-07-07T19:26:12.000Z</time>
      </trkpt>
      <trkpt lat="52.91319603100419" lon="69.00476326234639">
        <ele>395.2</ele>
        <time>2026-07-07T19:26:29.000Z</time>
      </trkpt>
      <trkpt lat="52.91345436125994" lon="69.00610126554966">
        <ele>395.4</ele>
        <time>2026-07-07T19:26:45.000Z</time>
      </trkpt>
      <trkpt lat="52.91367053054273" lon="69.0072388574481">
        <ele>395.8</ele>
        <time>2026-07-07T19:27:01.000Z</time>
      </trkpt>
      <trkpt lat="52.91386750526726" lon="69.00826388038695">
        <ele>396.4</ele>
        <time>2026-07-07T19:27:17.000Z</time>
      </trkpt>
      <trkpt lat="52.91405978612602" lon="69.00923785753548">
        <ele>397.2</ele>
        <time>2026-07-07T19:27:33.000Z</time>
      </trkpt>
      <trkpt lat="52.91424259543419" lon="69.0101591963321">
        <ele>398.2</ele>
        <time>2026-07-07T19:27:49.000Z</time>
      </trkpt>
      <trkpt lat="52.914406126365066" lon="69.01102387346327">
        <ele>399</ele>
        <time>2026-07-07T19:28:05.000Z</time>
      </trkpt>
      <trkpt lat="52.91457443498075" lon="69.0118482336402">
        <ele>399.8</ele>
        <time>2026-07-07T19:28:21.000Z</time>
      </trkpt>
      <trkpt lat="52.91473452933133" lon="69.01269488967955">
        <ele>400.2</ele>
        <time>2026-07-07T19:28:37.000Z</time>
      </trkpt>
      <trkpt lat="52.91491842828691" lon="69.01370926760137">
        <ele>400.4</ele>
        <time>2026-07-07T19:28:54.000Z</time>
      </trkpt>
      <trkpt lat="52.91507542133331" lon="69.01476899161935">
        <ele>400.6</ele>
        <time>2026-07-07T19:29:10.000Z</time>
      </trkpt>
      <trkpt lat="52.91520626284182" lon="69.0157210920006">
        <ele>401.2</ele>
        <time>2026-07-07T19:29:26.000Z</time>
      </trkpt>
      <trkpt lat="52.915340289473534" lon="69.01672448962927">
        <ele>401.4</ele>
        <time>2026-07-07T19:29:42.000Z</time>
      </trkpt>
      <trkpt lat="52.91547993198037" lon="69.0176812838763">
        <ele>402.2</ele>
        <time>2026-07-07T19:29:58.000Z</time>
      </trkpt>
      <trkpt lat="52.91562678292394" lon="69.01865308173001">
        <ele>402.4</ele>
        <time>2026-07-07T19:30:14.000Z</time>
      </trkpt>
      <trkpt lat="52.91578486561775" lon="69.01969201862812">
        <ele>402.4</ele>
        <time>2026-07-07T19:30:30.000Z</time>
      </trkpt>
      <trkpt lat="52.915990725159645" lon="69.02068971656263">
        <ele>402.6</ele>
        <time>2026-07-07T19:30:46.000Z</time>
      </trkpt>
      <trkpt lat="52.91626171208918" lon="69.02174248360097">
        <ele>402.2</ele>
        <time>2026-07-07T19:31:02.000Z</time>
      </trkpt>
      <trkpt lat="52.916591204702854" lon="69.02297328226268">
        <ele>401.2</ele>
        <time>2026-07-07T19:31:19.000Z</time>
      </trkpt>
      <trkpt lat="52.916969479992986" lon="69.02439686469734">
        <ele>401.4</ele>
        <time>2026-07-07T19:31:35.000Z</time>
      </trkpt>
      <trkpt lat="52.917325124144554" lon="69.02573151513934">
        <ele>400.4</ele>
        <time>2026-07-07T19:31:51.000Z</time>
      </trkpt>
      <trkpt lat="52.91767632588744" lon="69.02709441259503">
        <ele>400.2</ele>
        <time>2026-07-07T19:32:07.000Z</time>
      </trkpt>
      <trkpt lat="52.9180031362921" lon="69.02836267836392">
        <ele>400.2</ele>
        <time>2026-07-07T19:32:23.000Z</time>
      </trkpt>
      <trkpt lat="52.91832282207906" lon="69.02958869934082">
        <ele>400</ele>
        <time>2026-07-07T19:32:39.000Z</time>
      </trkpt>
      <trkpt lat="52.91863898746669" lon="69.03080457821488">
        <ele>399.4</ele>
        <time>2026-07-07T19:32:55.000Z</time>
      </trkpt>
      <trkpt lat="52.9189511295408" lon="69.03197050094604">
        <ele>398.8</ele>
        <time>2026-07-07T19:33:11.000Z</time>
      </trkpt>
      <trkpt lat="52.91926092468202" lon="69.03313390910625">
        <ele>398.8</ele>
        <time>2026-07-07T19:33:27.000Z</time>
      </trkpt>
      <trkpt lat="52.91956719942391" lon="69.03428390622139">
        <ele>398.8</ele>
        <time>2026-07-07T19:33:44.000Z</time>
      </trkpt>
      <trkpt lat="52.91989157907665" lon="69.03547857888043">
        <ele>399</ele>
        <time>2026-07-07T19:34:00.000Z</time>
      </trkpt>
      <trkpt lat="52.92017932981253" lon="69.03654903173447">
        <ele>399.4</ele>
        <time>2026-07-07T19:34:16.000Z</time>
      </trkpt>
      <trkpt lat="52.920444533228874" lon="69.03751320205629">
        <ele>400</ele>
        <time>2026-07-07T19:34:32.000Z</time>
      </trkpt>
      <trkpt lat="52.92067335918546" lon="69.03838072903454">
        <ele>401</ele>
        <time>2026-07-07T19:34:48.000Z</time>
      </trkpt>
      <trkpt lat="52.92084837332368" lon="69.03918899595737">
        <ele>401.4</ele>
        <time>2026-07-07T19:35:02.000Z</time>
      </trkpt>
      <trkpt lat="52.920730859041214" lon="69.03994688764215">
        <ele>401.4</ele>
        <time>2026-07-07T19:35:13.000Z</time>
      </trkpt>
      <trkpt lat="52.92034671641886" lon="69.04084861278534">
        <ele>402</ele>
        <time>2026-07-07T19:35:29.000Z</time>
      </trkpt>
      <trkpt lat="52.91992980055511" lon="69.04171211645007">
        <ele>402</ele>
        <time>2026-07-07T19:35:45.000Z</time>
      </trkpt>
      <trkpt lat="52.91966107673943" lon="69.0425121691078">
        <ele>402</ele>
        <time>2026-07-07T19:35:58.000Z</time>
      </trkpt>
      <trkpt lat="52.919530905783176" lon="69.04405150562525">
        <ele>400.4</ele>
        <time>2026-07-07T19:36:14.000Z</time>
      </trkpt>
      <trkpt lat="52.919392101466656" lon="69.0458759944886">
        <ele>398.6</ele>
        <time>2026-07-07T19:36:30.000Z</time>
      </trkpt>
      <trkpt lat="52.91925111785531" lon="69.04750820249319">
        <ele>398.8</ele>
        <time>2026-07-07T19:36:46.000Z</time>
      </trkpt>
      <trkpt lat="52.91911759413779" lon="69.04900613240898">
        <ele>398.6</ele>
        <time>2026-07-07T19:37:02.000Z</time>
      </trkpt>
      <trkpt lat="52.919013323262334" lon="69.05034329742193">
        <ele>398.8</ele>
        <time>2026-07-07T19:37:18.000Z</time>
      </trkpt>
      <trkpt lat="52.918934198096395" lon="69.05151475220919">
        <ele>399.4</ele>
        <time>2026-07-07T19:37:34.000Z</time>
      </trkpt>
      <trkpt lat="52.91882783174515" lon="69.05274437740445">
        <ele>398.6</ele>
        <time>2026-07-07T19:37:50.000Z</time>
      </trkpt>
      <trkpt lat="52.91863068938255" lon="69.05364509671926">
        <ele>397.6</ele>
        <time>2026-07-07T19:38:01.000Z</time>
      </trkpt>
      <trkpt lat="52.91811637580395" lon="69.05433442443609">
        <ele>394.6</ele>
        <time>2026-07-07T19:38:11.000Z</time>
      </trkpt>
      <trkpt lat="52.917436100542545" lon="69.05508678406477">
        <ele>393.4</ele>
        <time>2026-07-07T19:38:22.000Z</time>
      </trkpt>
      <trkpt lat="52.917241053655744" lon="69.05585045926273">
        <ele>394.8</ele>
        <time>2026-07-07T19:38:34.000Z</time>
      </trkpt>
      <trkpt lat="52.91720760986209" lon="69.05664950609207">
        <ele>396</ele>
        <time>2026-07-07T19:38:50.000Z</time>
      </trkpt>
      <trkpt lat="52.917272821068764" lon="69.05745282769203">
        <ele>397</ele>
        <time>2026-07-07T19:39:06.000Z</time>
      </trkpt>
      <trkpt lat="52.91735186241567" lon="69.05832211486995">
        <ele>397.2</ele>
        <time>2026-07-07T19:39:22.000Z</time>
      </trkpt>
      <trkpt lat="52.91743819601834" lon="69.05925468541682">
        <ele>397.2</ele>
        <time>2026-07-07T19:39:38.000Z</time>
      </trkpt>
      <trkpt lat="52.91751648299396" lon="69.06007619574666">
        <ele>397.4</ele>
        <time>2026-07-07T19:39:54.000Z</time>
      </trkpt>
      <trkpt lat="52.91761413216591" lon="69.06082461588085">
        <ele>398.8</ele>
        <time>2026-07-07T19:40:10.000Z</time>
      </trkpt>
      <trkpt lat="52.91774673387408" lon="69.06174997799098">
        <ele>399</ele>
        <time>2026-07-07T19:40:26.000Z</time>
      </trkpt>
      <trkpt lat="52.917923759669065" lon="69.06300416216254">
        <ele>398.4</ele>
        <time>2026-07-07T19:40:43.000Z</time>
      </trkpt>
      <trkpt lat="52.91812106966972" lon="69.0644652955234">
        <ele>397.8</ele>
        <time>2026-07-07T19:40:59.000Z</time>
      </trkpt>
      <trkpt lat="52.91829499416053" lon="69.06566843390465">
        <ele>397.8</ele>
        <time>2026-07-07T19:41:15.000Z</time>
      </trkpt>
      <trkpt lat="52.91836221702397" lon="69.06626388430595">
        <ele>397.6</ele>
        <time>2026-07-07T19:41:30.000Z</time>
      </trkpt>
      <trkpt lat="52.918429020792246" lon="69.06657627783716">
        <ele>397</ele>
        <time>2026-07-07T19:44:27.000Z</time>
      </trkpt>
      <trkpt lat="52.91863949038088" lon="69.06744698993862">
        <ele>394.2</ele>
        <time>2026-07-07T19:44:57.000Z</time>
      </trkpt>
      <trkpt lat="52.91895892471075" lon="69.06910870224237">
        <ele>388.2</ele>
        <time>2026-07-07T19:45:13.000Z</time>
      </trkpt>
      <trkpt lat="52.918924894183874" lon="69.06988109461963">
        <ele>386.8</ele>
        <time>2026-07-07T19:45:20.000Z</time>
      </trkpt>
      <trkpt lat="52.918726578354836" lon="69.07135748304427">
        <ele>386.4</ele>
        <time>2026-07-07T19:45:37.000Z</time>
      </trkpt>
      <trkpt lat="52.91859649121761" lon="69.07251711934805">
        <ele>387</ele>
        <time>2026-07-07T19:45:53.000Z</time>
      </trkpt>
      <trkpt lat="52.91848232969642" lon="69.07329470850527">
        <ele>388.4</ele>
        <time>2026-07-07T19:46:09.000Z</time>
      </trkpt>
      <trkpt lat="52.91837546043098" lon="69.07385881058872">
        <ele>389.6</ele>
        <time>2026-07-07T19:46:23.000Z</time>
      </trkpt>
      <trkpt lat="52.91840530000627" lon="69.07405402511358">
        <ele>390</ele>
        <time>2026-07-07T19:46:36.000Z</time>
      </trkpt>
      <trkpt lat="52.918244283646345" lon="69.07449902035296">
        <ele>390.2</ele>
        <time>2026-07-07T19:47:10.000Z</time>
      </trkpt>
      <trkpt lat="52.91809659451246" lon="69.07533209770918">
        <ele>391</ele>
        <time>2026-07-07T19:47:26.000Z</time>
      </trkpt>
      <trkpt lat="52.91789702139795" lon="69.07644010148942">
        <ele>390.4</ele>
        <time>2026-07-07T19:47:42.000Z</time>
      </trkpt>
      <trkpt lat="52.9175921715796" lon="69.0779406297952">
        <ele>388.2</ele>
        <time>2026-07-07T19:47:57.000Z</time>
      </trkpt>
      <trkpt lat="52.917604660615325" lon="69.07922750338912">
        <ele>386.8</ele>
        <time>2026-07-07T19:48:09.000Z</time>
      </trkpt>
      <trkpt lat="52.91771731339395" lon="69.08099591732025">
        <ele>384.6</ele>
        <time>2026-07-07T19:48:25.000Z</time>
      </trkpt>
      <trkpt lat="52.91781219653785" lon="69.08278780058026">
        <ele>383</ele>
        <time>2026-07-07T19:48:41.000Z</time>
      </trkpt>
      <trkpt lat="52.9177422914654" lon="69.08408255316317">
        <ele>382</ele>
        <time>2026-07-07T19:48:54.000Z</time>
      </trkpt>
      <trkpt lat="52.917494270950556" lon="69.08528686501086">
        <ele>381.8</ele>
        <time>2026-07-07T19:49:10.000Z</time>
      </trkpt>
      <trkpt lat="52.91722118854523" lon="69.08640157431364">
        <ele>381.6</ele>
        <time>2026-07-07T19:49:26.000Z</time>
      </trkpt>
      <trkpt lat="52.916916674003005" lon="69.0873756352812">
        <ele>381.2</ele>
        <time>2026-07-07T19:49:42.000Z</time>
      </trkpt>
      <trkpt lat="52.91647360660136" lon="69.08838892355561">
        <ele>379.8</ele>
        <time>2026-07-07T19:49:58.000Z</time>
      </trkpt>
      <trkpt lat="52.91601972654462" lon="69.0894156228751">
        <ele>379.8</ele>
        <time>2026-07-07T19:50:15.000Z</time>
      </trkpt>
      <trkpt lat="52.91563759557903" lon="69.09044248983264">
        <ele>380.6</ele>
        <time>2026-07-07T19:50:31.000Z</time>
      </trkpt>
      <trkpt lat="52.91528748348355" lon="69.09132208675146">
        <ele>381.2</ele>
        <time>2026-07-07T19:50:47.000Z</time>
      </trkpt>
      <trkpt lat="52.9149361141026" lon="69.09211560152471">
        <ele>381.6</ele>
        <time>2026-07-07T19:51:03.000Z</time>
      </trkpt>
      <trkpt lat="52.91456563398242" lon="69.0930040832609">
        <ele>381.4</ele>
        <time>2026-07-07T19:51:19.000Z</time>
      </trkpt>
      <trkpt lat="52.914219377562404" lon="69.09381528384984">
        <ele>380.8</ele>
        <time>2026-07-07T19:51:35.000Z</time>
      </trkpt>
      <trkpt lat="52.913686288520694" lon="69.09503661096096">
        <ele>378.4</ele>
        <time>2026-07-07T19:51:51.000Z</time>
      </trkpt>
      <trkpt lat="52.913154708221555" lon="69.09623698331416">
        <ele>377.6</ele>
        <time>2026-07-07T19:52:07.000Z</time>
      </trkpt>
      <trkpt lat="52.91298589669168" lon="69.09678331576288">
        <ele>377.4</ele>
        <time>2026-07-07T19:52:17.000Z</time>
      </trkpt>
      <trkpt lat="52.91324598714709" lon="69.09685481339693">
        <ele>376.8</ele>
        <time>2026-07-07T19:54:19.000Z</time>
      </trkpt>
      <trkpt lat="52.91358637623489" lon="69.09721791744232">
        <ele>377</ele>
        <time>2026-07-07T19:54:32.000Z</time>
      </trkpt>
      <trkpt lat="52.91395811364055" lon="69.09763768315315">
        <ele>376.6</ele>
        <time>2026-07-07T19:54:46.000Z</time>
      </trkpt>
      <trkpt lat="52.91450947523117" lon="69.09811763092875">
        <ele>376.2</ele>
        <time>2026-07-07T19:55:03.000Z</time>
      </trkpt>
      <trkpt lat="52.91475808247924" lon="69.09834771417081">
        <ele>375.2</ele>
        <time>2026-07-07T19:55:19.000Z</time>
      </trkpt>
      <trkpt lat="52.914997804909945" lon="69.09848467446864">
        <ele>375.4</ele>
        <time>2026-07-07T19:55:37.000Z</time>
      </trkpt>
      <trkpt lat="52.914380226284266" lon="69.09800891764462">
        <ele>376.2</ele>
        <time>2026-07-07T19:57:31.000Z</time>
      </trkpt>
      <trkpt lat="52.91385727934539" lon="69.097497202456">
        <ele>376.8</ele>
        <time>2026-07-07T19:57:47.000Z</time>
      </trkpt>
      <trkpt lat="52.91352057829499" lon="69.09700367599726">
        <ele>377</ele>
        <time>2026-07-07T19:58:01.000Z</time>
      </trkpt>
      <trkpt lat="52.91309435851872" lon="69.09684869460762">
        <ele>376.8</ele>
        <time>2026-07-07T19:58:14.000Z</time>
      </trkpt>
      <trkpt lat="52.91287265717983" lon="69.09699629992247">
        <ele>377.6</ele>
        <time>2026-07-07T19:58:24.000Z</time>
      </trkpt>
      <trkpt lat="52.912611896172166" lon="69.09757976420224">
        <ele>379</ele>
        <time>2026-07-07T19:58:40.000Z</time>
      </trkpt>
      <trkpt lat="52.912347530946136" lon="69.09807287156582">
        <ele>380.4</ele>
        <time>2026-07-07T19:58:56.000Z</time>
      </trkpt>
      <trkpt lat="52.91204318404198" lon="69.09847143106163">
        <ele>382</ele>
        <time>2026-07-07T19:59:12.000Z</time>
      </trkpt>
      <trkpt lat="52.91167278774083" lon="69.09879606217146">
        <ele>383.4</ele>
        <time>2026-07-07T19:59:28.000Z</time>
      </trkpt>
      <trkpt lat="52.91138352826238" lon="69.09901550039649">
        <ele>385</ele>
        <time>2026-07-07T19:59:45.000Z</time>
      </trkpt>
      <trkpt lat="52.91113299317658" lon="69.09919680096209">
        <ele>386.6</ele>
        <time>2026-07-07T20:00:01.000Z</time>
      </trkpt>
      <trkpt lat="52.91084096767008" lon="69.09944146871567">
        <ele>387.8</ele>
        <time>2026-07-07T20:00:17.000Z</time>
      </trkpt>
      <trkpt lat="52.91056931018829" lon="69.09974003210664">
        <ele>388.6</ele>
        <time>2026-07-07T20:00:33.000Z</time>
      </trkpt>
      <trkpt lat="52.910314332693815" lon="69.10004345700145">
        <ele>389.4</ele>
        <time>2026-07-07T20:00:49.000Z</time>
      </trkpt>
      <trkpt lat="52.91007461026311" lon="69.10033581778407">
        <ele>390.6</ele>
        <time>2026-07-07T20:01:05.000Z</time>
      </trkpt>
      <trkpt lat="52.90983337908983" lon="69.10062868148088">
        <ele>392</ele>
        <time>2026-07-07T20:01:21.000Z</time>
      </trkpt>
      <trkpt lat="52.909604301676154" lon="69.1009130794555">
        <ele>393.4</ele>
        <time>2026-07-07T20:01:37.000Z</time>
      </trkpt>
      <trkpt lat="52.90938461199403" lon="69.10115791484714">
        <ele>394.6</ele>
        <time>2026-07-07T20:01:53.000Z</time>
      </trkpt>
      <trkpt lat="52.909128461033106" lon="69.10138640552759">
        <ele>395.8</ele>
        <time>2026-07-07T20:02:10.000Z</time>
      </trkpt>
      <trkpt lat="52.90886132977903" lon="69.10162361338735">
        <ele>397</ele>
        <time>2026-07-07T20:02:26.000Z</time>
      </trkpt>
      <trkpt lat="52.90860626846552" lon="69.10185721702874">
        <ele>398.4</ele>
        <time>2026-07-07T20:02:42.000Z</time>
      </trkpt>
      <trkpt lat="52.90831600315869" lon="69.10212870687246">
        <ele>399.4</ele>
        <time>2026-07-07T20:02:58.000Z</time>
      </trkpt>
      <trkpt lat="52.90798047557473" lon="69.1024638991803">
        <ele>400.2</ele>
        <time>2026-07-07T20:03:14.000Z</time>
      </trkpt>
      <trkpt lat="52.90796723216772" lon="69.10255920141935">
        <ele>400.4</ele>
        <time>2026-07-07T20:03:18.000Z</time>
      </trkpt>
      <trkpt lat="52.908151634037495" lon="69.10267788916826">
        <ele>401.2</ele>
        <time>2026-07-07T20:03:34.000Z</time>
      </trkpt>
      <trkpt lat="52.907833121716976" lon="69.10270906984806">
        <ele>400.2</ele>
        <time>2026-07-07T20:05:10.000Z</time>
      </trkpt>
      <trkpt lat="52.907551154494286" lon="69.10294183529913">
        <ele>399.4</ele>
        <time>2026-07-07T20:05:19.000Z</time>
      </trkpt>
      <trkpt lat="52.90701546706259" lon="69.10381028428674">
        <ele>395.4</ele>
        <time>2026-07-07T20:05:35.000Z</time>
      </trkpt>
      <trkpt lat="52.90658371523023" lon="69.10501727834344">
        <ele>391.4</ele>
        <time>2026-07-07T20:05:51.000Z</time>
      </trkpt>
      <trkpt lat="52.90632035583258" lon="69.10605076700449">
        <ele>388.8</ele>
        <time>2026-07-07T20:06:06.000Z</time>
      </trkpt>
      <trkpt lat="52.906152131035924" lon="69.10663339309394">
        <ele>387.2</ele>
        <time>2026-07-07T20:06:19.000Z</time>
      </trkpt>
      <trkpt lat="52.90623536333442" lon="69.10678862594068">
        <ele>387</ele>
        <time>2026-07-07T20:06:25.000Z</time>
      </trkpt>
      <trkpt lat="52.90635430254042" lon="69.10657438449562">
        <ele>387.4</ele>
        <time>2026-07-07T20:06:34.000Z</time>
      </trkpt>
      <trkpt lat="52.90630158036947" lon="69.10666189156473">
        <ele>387.4</ele>
        <time>2026-07-07T20:10:04.000Z</time>
      </trkpt>
      <trkpt lat="52.906082728877664" lon="69.10675937309861">
        <ele>386.6</ele>
        <time>2026-07-07T20:10:16.000Z</time>
      </trkpt>
      <trkpt lat="52.90587913244963" lon="69.10699976608157">
        <ele>385.8</ele>
        <time>2026-07-07T20:10:24.000Z</time>
      </trkpt>
      <trkpt lat="52.90545970201492" lon="69.10784902051091">
        <ele>384.6</ele>
        <time>2026-07-07T20:10:40.000Z</time>
      </trkpt>
      <trkpt lat="52.90529139339924" lon="69.10863566212356">
        <ele>383.4</ele>
        <time>2026-07-07T20:10:52.000Z</time>
      </trkpt>
      <trkpt lat="52.905218889936805" lon="69.10945910029113">
        <ele>381.8</ele>
        <time>2026-07-07T20:11:08.000Z</time>
      </trkpt>
      <trkpt lat="52.90518678724766" lon="69.1100412234664">
        <ele>380.2</ele>
        <time>2026-07-07T20:11:22.000Z</time>
      </trkpt>
      <trkpt lat="52.90516180917621" lon="69.11077941767871">
        <ele>377.8</ele>
        <time>2026-07-07T20:11:38.000Z</time>
      </trkpt>
      <trkpt lat="52.9049910698086" lon="69.11049753427505">
        <ele>378.2</ele>
        <time>2026-07-07T20:12:02.000Z</time>
      </trkpt>
      <trkpt lat="52.90487129241228" lon="69.11031061783433">
        <ele>378.8</ele>
        <time>2026-07-07T20:12:17.000Z</time>
      </trkpt>
      <trkpt lat="52.9047426301986" lon="69.11005111411214">
        <ele>379</ele>
        <time>2026-07-07T20:12:37.000Z</time>
      </trkpt>
      <trkpt lat="52.90462989360094" lon="69.10982580855489">
        <ele>379</ele>
        <time>2026-07-07T20:12:56.000Z</time>
      </trkpt>
      <trkpt lat="52.904545990750194" lon="69.10969915799797">
        <ele>379.4</ele>
        <time>2026-07-07T20:13:09.000Z</time>
      </trkpt>
      <trkpt lat="52.90439276956022" lon="69.10955683328211">
        <ele>379.4</ele>
        <time>2026-07-07T20:16:20.000Z</time>
      </trkpt>
      <trkpt lat="52.90433535352349" lon="69.10962061956525">
        <ele>379.6</ele>
        <time>2026-07-07T20:16:30.000Z</time>
      </trkpt>
      <trkpt lat="52.90404433384538" lon="69.10975850187242">
        <ele>380.8</ele>
        <time>2026-07-07T20:17:12.000Z</time>
      </trkpt>
      <trkpt lat="52.90394039824605" lon="69.11009838804603">
        <ele>381</ele>
        <time>2026-07-07T20:17:50.000Z</time>
      </trkpt>
      <trkpt lat="52.903839061036706" lon="69.11025839857757">
        <ele>381.2</ele>
        <time>2026-07-07T20:18:06.000Z</time>
      </trkpt>
      <trkpt lat="52.90372339077294" lon="69.11036442965269">
        <ele>381.8</ele>
        <time>2026-07-07T20:18:22.000Z</time>
      </trkpt>
      <trkpt lat="52.90361241437495" lon="69.11052930168808">
        <ele>382.4</ele>
        <time>2026-07-07T20:18:41.000Z</time>
      </trkpt>
      <trkpt lat="52.90343061089516" lon="69.11061655730009">
        <ele>383.2</ele>
        <time>2026-07-07T20:21:00.000Z</time>
      </trkpt>
    </trkseg>
  </trk>
</gpx>