<?xml version="1.0" encoding="UTF-8" standalone="no" ?><gpx xmlns="http://www.topografix.com/GPX/1/1" xmlns:gpxx="http://www.garmin.com/xmlschemas/GpxExtensions/v3" xmlns:gpxtrkx="http://www.garmin.com/xmlschemas/TrackStatsExtension/v1" xmlns:wptx1="http://www.garmin.com/xmlschemas/WaypointExtension/v1" xmlns:gpxtpx="http://www.garmin.com/xmlschemas/TrackPointExtension/v1" creator="eTrex Touch 35t" version="1.1" xmlns:xsi="http://www.w3.org/2001/XMLSchema-instance" xsi:schemaLocation="http://www.topografix.com/GPX/1/1 http://www.topografix.com/GPX/1/1/gpx.xsd http://www.garmin.com/xmlschemas/GpxExtensions/v3 http://www8.garmin.com/xmlschemas/GpxExtensionsv3.xsd http://www.garmin.com/xmlschemas/TrackStatsExtension/v1 http://www8.garmin.com/xmlschemas/TrackStatsExtension.xsd http://www.garmin.com/xmlschemas/WaypointExtension/v1 http://www8.garmin.com/xmlschemas/WaypointExtensionv1.xsd http://www.garmin.com/xmlschemas/TrackPointExtension/v1 http://www.garmin.com/xmlschemas/TrackPointExtensionv1.xsd"><metadata><link href="http://www.garmin.com"><text>Garmin International</text></link><time>2018-10-11T09:33:43Z</time></metadata><trk><name>2018-10-11 17:33:40</name><extensions><gpxx:TrackExtension><gpxx:DisplayColor>Cyan</gpxx:DisplayColor></gpxx:TrackExtension><gpxtrkx:TrackStatsExtension><gpxtrkx:Distance>72982.000</gpxtrkx:Distance><gpxtrkx:TimerTime>18904</gpxtrkx:TimerTime><gpxtrkx:TotalElapsedTime>104336</gpxtrkx:TotalElapsedTime><gpxtrkx:MovingTime>18721</gpxtrkx:MovingTime><gpxtrkx:StoppedTime>109</gpxtrkx:StoppedTime><gpxtrkx:MovingSpeed>3.898</gpxtrkx:MovingSpeed><gpxtrkx:MaxSpeed>7.461</gpxtrkx:MaxSpeed><gpxtrkx:MaxElevation>255.687</gpxtrkx:MaxElevation><gpxtrkx:MinElevation>-36.047</gpxtrkx:MinElevation><gpxtrkx:Ascent>334.000</gpxtrkx:Ascent><gpxtrkx:Descent>67.634</gpxtrkx:Descent><gpxtrkx:AvgAscentRate>0.029</gpxtrkx:AvgAscentRate><gpxtrkx:MaxAscentRate>0.205</gpxtrkx:MaxAscentRate><gpxtrkx:AvgDescentRate>0.020</gpxtrkx:AvgDescentRate><gpxtrkx:MaxDescentRate>-0.364</gpxtrkx:MaxDescentRate><gpxtrkx:Calories>1262</gpxtrkx:Calories></gpxtrkx:TrackStatsExtension></extensions><trkseg><trkpt lat="37.1169558540" lon="114.6674321685"><ele>33.90</ele><time>2018-10-10T04:34:47Z</time><extensions><gpxtpx:TrackPointExtension><gpxtpx:depth>0.00</gpxtpx:depth></gpxtpx:TrackPointExtension></extensions></trkpt><trkpt lat="37.1169536747" lon="114.6674324200"><ele>33.91</ele><time>2018-10-10T04:34:48Z</time><extensions><gpxtpx:TrackPointExtension><gpxtpx:depth>0.00</gpxtpx:depth></gpxtpx:TrackPointExtension></extensions></trkpt><trkpt lat="37.1169471368" lon="114.6674318332"><ele>33.97</ele><time>2018-10-10T04:34:49Z</time><extensions><gpxtpx:TrackPointExtension><gpxtpx:depth>0.00</gpxtpx:depth></gpxtpx:TrackPointExtension></extensions></trkpt><trkpt lat="37.1169255953" lon="114.6674251277"><ele>34.01</ele><time>2018-10-10T04:34:56Z</time><extensions><gpxtpx:TrackPointExtension><gpxtpx:depth>0.00</gpxtpx:depth></gpxtpx:TrackPointExtension></extensions></trkpt><trkpt lat="37.1169421915" lon="114.6674382035"><ele>-1.58</ele><time>2018-10-10T13:55:21Z</time><extensions><gpxtpx:TrackPointExtension><gpxtpx:depth>0.00</gpxtpx:depth></gpxtpx:TrackPointExtension></extensions></trkpt><trkpt lat="37.1169904713" lon="114.6670340281"><ele>-1.50</ele><time>2018-10-10T13:55:52Z</time><extensions><gpxtpx:TrackPointExtension><gpxtpx:depth>0.00</gpxtpx:depth></gpxtpx:TrackPointExtension></extensions></trkpt><trkpt lat="37.1169969253" lon="114.6672289073"><ele>-1.32</ele><time>2018-10-10T13:56:22Z</time><extensions><gpxtpx:TrackPointExtension><gpxtpx:depth>0.00</gpxtpx:depth></gpxtpx:TrackPointExtension></extensions></trkpt><trkpt lat="37.1168821771" lon="114.6674409695"><ele>-35.80</ele><time>2018-10-11T02:22:41Z</time><extensions><gpxtpx:TrackPointExtension><gpxtpx:depth>0.00</gpxtpx:depth></gpxtpx:TrackPointExtension></extensions></trkpt><trkpt lat="37.1168880444" lon="114.6674545482"><ele>-35.91</ele><time>2018-10-11T02:23:11Z</time><extensions><gpxtpx:TrackPointExtension><gpxtpx:depth>0.00</gpxtpx:depth></gpxtpx:TrackPointExtension></extensions></trkpt><trkpt lat="37.1167931613" lon="114.6673699748"><ele>-35.53</ele><time>2018-10-11T02:24:49Z</time><extensions><gpxtpx:TrackPointExtension><gpxtpx:depth>0.00</gpxtpx:depth></gpxtpx:TrackPointExtension></extensions></trkpt><trkpt lat="37.1167769842" lon="114.6672952920"><ele>-35.60</ele><time>2018-10-11T02:24:52Z</time><extensions><gpxtpx:TrackPointExtension><gpxtpx:depth>0.00</gpxtpx:depth></gpxtpx:TrackPointExtension></extensions></trkpt><trkpt lat="37.1165890619" lon="114.6668681502"><ele>-35.66</ele><time>2018-10-11T02:25:04Z</time><extensions><gpxtpx:TrackPointExtension><gpxtpx:depth>0.00</gpxtpx:depth></gpxtpx:TrackPointExtension></extensions></trkpt><trkpt lat="37.1162847988" lon="114.6662276890"><ele>-35.69</ele><time>2018-10-11T02:25:19Z</time><extensions><gpxtpx:TrackPointExtension><gpxtpx:depth>0.00</gpxtpx:depth></gpxtpx:TrackPointExtension></extensions></trkpt><trkpt lat="37.1160492674" lon="114.6657324862"><ele>-35.56</ele><time>2018-10-11T02:25:32Z</time><extensions><gpxtpx:TrackPointExtension><gpxtpx:depth>0.00</gpxtpx:depth></gpxtpx:TrackPointExtension></extensions></trkpt><trkpt lat="37.1158367023" lon="114.6652419772"><ele>-35.26</ele><time>2018-10-11T02:25:44Z</time><extensions><gpxtpx:TrackPointExtension><gpxtpx:depth>0.00</gpxtpx:depth></gpxtpx:TrackPointExtension></extensions></trkpt><trkpt lat="37.1155735943" lon="114.6646917891"><ele>-35.16</ele><time>2018-10-11T02:25:59Z</time><extensions><gpxtpx:TrackPointExtension><gpxtpx:depth>0.00</gpxtpx:depth></gpxtpx:TrackPointExtension></extensions></trkpt><trkpt lat="37.1153755300" lon="114.6642364841"><ele>-35.23</ele><time>2018-10-11T02:26:11Z</time><extensions><gpxtpx:TrackPointExtension><gpxtpx:depth>0.00</gpxtpx:depth></gpxtpx:TrackPointExtension></extensions></trkpt><trkpt lat="37.1151000168" lon="114.6636511758"><ele>-35.12</ele><time>2018-10-11T02:26:24Z</time><extensions><gpxtpx:TrackPointExtension><gpxtpx:depth>0.00</gpxtpx:depth></gpxtpx:TrackPointExtension></extensions></trkpt><trkpt lat="37.1147844382" lon="114.6629702300"><ele>-34.87</ele><time>2018-10-11T02:26:38Z</time><extensions><gpxtpx:TrackPointExtension><gpxtpx:depth>0.00</gpxtpx:depth></gpxtpx:TrackPointExtension></extensions></trkpt><trkpt lat="37.1147411037" lon="114.6628677193"><ele>-34.85</ele><time>2018-10-11T02:26:40Z</time><extensions><gpxtpx:TrackPointExtension><gpxtpx:depth>0.00</gpxtpx:depth></gpxtpx:TrackPointExtension></extensions></trkpt><trkpt lat="37.1144348290" lon="114.6620695945"><ele>-34.82</ele><time>2018-10-11T02:26:55Z</time><extensions><gpxtpx:TrackPointExtension><gpxtpx:depth>0.00</gpxtpx:depth></gpxtpx:TrackPointExtension></extensions></trkpt><trkpt lat="37.1142376866" lon="114.6617328096"><ele>-34.57</ele><time>2018-10-11T02:27:02Z</time><extensions><gpxtpx:TrackPointExtension><gpxtpx:depth>0.00</gpxtpx:depth></gpxtpx:TrackPointExtension></extensions></trkpt><trkpt lat="37.1138361935" lon="114.6609045099"><ele>-34.22</ele><time>2018-10-11T02:27:19Z</time><extensions><gpxtpx:TrackPointExtension><gpxtpx:depth>0.00</gpxtpx:depth></gpxtpx:TrackPointExtension></extensions></trkpt><trkpt lat="37.1135042701" lon="114.6601702552"><ele>-34.13</ele><time>2018-10-11T02:27:35Z</time><extensions><gpxtpx:TrackPointExtension><gpxtpx:depth>0.00</gpxtpx:depth></gpxtpx:TrackPointExtension></extensions></trkpt><trkpt lat="37.1131055430" lon="114.6593180671"><ele>-33.95</ele><time>2018-10-11T02:27:54Z</time><extensions><gpxtpx:TrackPointExtension><gpxtpx:depth>0.00</gpxtpx:depth></gpxtpx:TrackPointExtension></extensions></trkpt><trkpt lat="37.1129935607" lon="114.6590908337"><ele>-33.88</ele><time>2018-10-11T02:27:59Z</time><extensions><gpxtpx:TrackPointExtension><gpxtpx:depth>0.00</gpxtpx:depth></gpxtpx:TrackPointExtension></extensions></trkpt><trkpt lat="37.1129685827" lon="114.6590447333"><ele>-33.87</ele><time>2018-10-11T02:28:00Z</time><extensions><gpxtpx:TrackPointExtension><gpxtpx:depth>0.00</gpxtpx:depth></gpxtpx:TrackPointExtension></extensions></trkpt><trkpt lat="37.1126981825" lon="114.6584394760"><ele>-33.69</ele><time>2018-10-11T02:28:14Z</time><extensions><gpxtpx:TrackPointExtension><gpxtpx:depth>0.00</gpxtpx:depth></gpxtpx:TrackPointExtension></extensions></trkpt><trkpt lat="37.1126552671" lon="114.6583473589"><ele>-33.66</ele><time>2018-10-11T02:28:16Z</time><extensions><gpxtpx:TrackPointExtension><gpxtpx:depth>0.00</gpxtpx:depth></gpxtpx:TrackPointExtension></extensions></trkpt><trkpt lat="37.1125677601" lon="114.6581610292"><ele>-33.57</ele><time>2018-10-11T02:28:20Z</time><extensions><gpxtpx:TrackPointExtension><gpxtpx:depth>0.00</gpxtpx:depth></gpxtpx:TrackPointExtension></extensions></trkpt><trkpt lat="37.1125037223" lon="114.6580107417"><ele>-33.49</ele><time>2018-10-11T02:28:23Z</time><extensions><gpxtpx:TrackPointExtension><gpxtpx:depth>0.00</gpxtpx:depth></gpxtpx:TrackPointExtension></extensions></trkpt><trkpt lat="37.1122221742" lon="114.6574031375"><ele>-33.34</ele><time>2018-10-11T02:28:36Z</time><extensions><gpxtpx:TrackPointExtension><gpxtpx:depth>0.00</gpxtpx:depth></gpxtpx:TrackPointExtension></extensions></trkpt><trkpt lat="37.1120692044" lon="114.6570936777"><ele>-33.30</ele><time>2018-10-11T02:28:42Z</time><extensions><gpxtpx:TrackPointExtension><gpxtpx:depth>0.00</gpxtpx:depth></gpxtpx:TrackPointExtension></extensions></trkpt><trkpt lat="37.1118113771" lon="114.6565431543"><ele>-33.27</ele><time>2018-10-11T02:28:52Z</time><extensions><gpxtpx:TrackPointExtension><gpxtpx:depth>0.00</gpxtpx:depth></gpxtpx:TrackPointExtension></extensions></trkpt><trkpt lat="37.1117886622" lon="114.6564925276"><ele>-33.24</ele><time>2018-10-11T02:28:53Z</time><extensions><gpxtpx:TrackPointExtension><gpxtpx:depth>0.00</gpxtpx:depth></gpxtpx:TrackPointExtension></extensions></trkpt><trkpt lat="37.1117634326" lon="114.6564415656"><ele>-33.23</ele><time>2018-10-11T02:28:54Z</time><extensions><gpxtpx:TrackPointExtension><gpxtpx:depth>0.00</gpxtpx:depth></gpxtpx:TrackPointExtension></extensions></trkpt><trkpt lat="37.1116182581" lon="114.6561158448"><ele>-33.17</ele><time>2018-10-11T02:29:00Z</time><extensions><gpxtpx:TrackPointExtension><gpxtpx:depth>0.00</gpxtpx:depth></gpxtpx:TrackPointExtension></extensions></trkpt><trkpt lat="37.1115724929" lon="114.6559995040"><ele>-33.15</ele><time>2018-10-11T02:29:02Z</time><extensions><gpxtpx:TrackPointExtension><gpxtpx:depth>0.00</gpxtpx:depth></gpxtpx:TrackPointExtension></extensions></trkpt><trkpt lat="37.1113180183" lon="114.6554569434"><ele>-32.84</ele><time>2018-10-11T02:29:12Z</time><extensions><gpxtpx:TrackPointExtension><gpxtpx:depth>0.00</gpxtpx:depth></gpxtpx:TrackPointExtension></extensions></trkpt><trkpt lat="37.1111583430" lon="114.6550702862"><ele>-32.76</ele><time>2018-10-11T02:29:19Z</time><extensions><gpxtpx:TrackPointExtension><gpxtpx:depth>0.00</gpxtpx:depth></gpxtpx:TrackPointExtension></extensions></trkpt><trkpt lat="37.1111140028" lon="114.6549613215"><ele>-32.72</ele><time>2018-10-11T02:29:21Z</time><extensions><gpxtpx:TrackPointExtension><gpxtpx:depth>0.00</gpxtpx:depth></gpxtpx:TrackPointExtension></extensions></trkpt><trkpt lat="37.1106368210" lon="114.6539581753"><ele>-32.34</ele><time>2018-10-11T02:29:40Z</time><extensions><gpxtpx:TrackPointExtension><gpxtpx:depth>0.00</gpxtpx:depth></gpxtpx:TrackPointExtension></extensions></trkpt><trkpt lat="37.1102280356" lon="114.6531612240"><ele>-31.92</ele><time>2018-10-11T02:29:55Z</time><extensions><gpxtpx:TrackPointExtension><gpxtpx:depth>0.00</gpxtpx:depth></gpxtpx:TrackPointExtension></extensions></trkpt><trkpt lat="37.1096311603" lon="114.6522356104"><ele>-32.03</ele><time>2018-10-11T02:30:13Z</time><extensions><gpxtpx:TrackPointExtension><gpxtpx:depth>0.00</gpxtpx:depth></gpxtpx:TrackPointExtension></extensions></trkpt><trkpt lat="37.1090699080" lon="114.6513832547"><ele>-31.92</ele><time>2018-10-11T02:30:30Z</time><extensions><gpxtpx:TrackPointExtension><gpxtpx:depth>0.00</gpxtpx:depth></gpxtpx:TrackPointExtension></extensions></trkpt><trkpt lat="37.1084561851" lon="114.6504816134"><ele>-31.79</ele><time>2018-10-11T02:30:49Z</time><extensions><gpxtpx:TrackPointExtension><gpxtpx:depth>0.00</gpxtpx:depth></gpxtpx:TrackPointExtension></extensions></trkpt><trkpt lat="37.1080372576" lon="114.6497976501"><ele>-31.78</ele><time>2018-10-11T02:31:03Z</time><extensions><gpxtpx:TrackPointExtension><gpxtpx:depth>0.00</gpxtpx:depth></gpxtpx:TrackPointExtension></extensions></trkpt><trkpt lat="37.1080123633" lon="114.6497340314"><ele>-31.78</ele><time>2018-10-11T02:31:04Z</time><extensions><gpxtpx:TrackPointExtension><gpxtpx:depth>0.00</gpxtpx:depth></gpxtpx:TrackPointExtension></extensions></trkpt><trkpt lat="37.1079922467" lon="114.6496668924"><ele>-31.78</ele><time>2018-10-11T02:31:05Z</time><extensions><gpxtpx:TrackPointExtension><gpxtpx:depth>0.00</gpxtpx:depth></gpxtpx:TrackPointExtension></extensions></trkpt><trkpt lat="37.1079780813" lon="114.6495934669"><ele>-31.78</ele><time>2018-10-11T02:31:06Z</time><extensions><gpxtpx:TrackPointExtension><gpxtpx:depth>0.00</gpxtpx:depth></gpxtpx:TrackPointExtension></extensions></trkpt><trkpt lat="37.1079691965" lon="114.6495150123"><ele>-31.78</ele><time>2018-10-11T02:31:07Z</time><extensions><gpxtpx:TrackPointExtension><gpxtpx:depth>0.00</gpxtpx:depth></gpxtpx:TrackPointExtension></extensions></trkpt><trkpt lat="37.1079534385" lon="114.6494345460"><ele>-31.79</ele><time>2018-10-11T02:31:08Z</time><extensions><gpxtpx:TrackPointExtension><gpxtpx:depth>0.00</gpxtpx:depth></gpxtpx:TrackPointExtension></extensions></trkpt><trkpt lat="37.1079230960" lon="114.6493596956"><ele>-31.82</ele><time>2018-10-11T02:31:09Z</time><extensions><gpxtpx:TrackPointExtension><gpxtpx:depth>0.00</gpxtpx:depth></gpxtpx:TrackPointExtension></extensions></trkpt><trkpt lat="37.1078824438" lon="114.6492941491"><ele>-31.84</ele><time>2018-10-11T02:31:10Z</time><extensions><gpxtpx:TrackPointExtension><gpxtpx:depth>0.00</gpxtpx:depth></gpxtpx:TrackPointExtension></extensions></trkpt><trkpt lat="37.1078361757" lon="114.6492327098"><ele>-31.86</ele><time>2018-10-11T02:31:11Z</time><extensions><gpxtpx:TrackPointExtension><gpxtpx:depth>0.00</gpxtpx:depth></gpxtpx:TrackPointExtension></extensions></trkpt><trkpt lat="37.1077873092" lon="114.6491750423"><ele>-31.87</ele><time>2018-10-11T02:31:12Z</time><extensions><gpxtpx:TrackPointExtension><gpxtpx:depth>0.00</gpxtpx:depth></gpxtpx:TrackPointExtension></extensions></trkpt><trkpt lat="37.1071584150" lon="114.6483469103"><ele>-32.04</ele><time>2018-10-11T02:31:27Z</time><extensions><gpxtpx:TrackPointExtension><gpxtpx:depth>0.00</gpxtpx:depth></gpxtpx:TrackPointExtension></extensions></trkpt><trkpt lat="37.1065378189" lon="114.6472855937"><ele>-31.86</ele><time>2018-10-11T02:31:45Z</time><extensions><gpxtpx:TrackPointExtension><gpxtpx:depth>0.00</gpxtpx:depth></gpxtpx:TrackPointExtension></extensions></trkpt><trkpt lat="37.1064508148" lon="114.6471044607"><ele>-31.86</ele><time>2018-10-11T02:31:48Z</time><extensions><gpxtpx:TrackPointExtension><gpxtpx:depth>0.00</gpxtpx:depth></gpxtpx:TrackPointExtension></extensions></trkpt><trkpt lat="37.1063478850" lon="114.6468552668"><ele>-31.78</ele><time>2018-10-11T02:31:52Z</time><extensions><gpxtpx:TrackPointExtension><gpxtpx:depth>0.00</gpxtpx:depth></gpxtpx:TrackPointExtension></extensions></trkpt><trkpt lat="37.1062945761" lon="114.6467339806"><ele>-31.81</ele><time>2018-10-11T02:31:54Z</time><extensions><gpxtpx:TrackPointExtension><gpxtpx:depth>0.00</gpxtpx:depth></gpxtpx:TrackPointExtension></extensions></trkpt><trkpt lat="37.1062773932" lon="114.6466676798"><ele>-31.83</ele><time>2018-10-11T02:31:55Z</time><extensions><gpxtpx:TrackPointExtension><gpxtpx:depth>0.00</gpxtpx:depth></gpxtpx:TrackPointExtension></extensions></trkpt><trkpt lat="37.1062607970" lon="114.6466002893"><ele>-31.80</ele><time>2018-10-11T02:31:56Z</time><extensions><gpxtpx:TrackPointExtension><gpxtpx:depth>0.00</gpxtpx:depth></gpxtpx:TrackPointExtension></extensions></trkpt><trkpt lat="37.1060178895" lon="114.6457809582"><ele>-31.82</ele><time>2018-10-11T02:32:10Z</time><extensions><gpxtpx:TrackPointExtension><gpxtpx:depth>0.00</gpxtpx:depth></gpxtpx:TrackPointExtension></extensions></trkpt><trkpt lat="37.1060025506" lon="114.6457320079"><ele>-31.82</ele><time>2018-10-11T02:32:16Z</time><extensions><gpxtpx:TrackPointExtension><gpxtpx:depth>0.00</gpxtpx:depth></gpxtpx:TrackPointExtension></extensions></trkpt><trkpt lat="37.1059759799" lon="114.6456676349"><ele>-31.81</ele><time>2018-10-11T02:33:02Z</time><extensions><gpxtpx:TrackPointExtension><gpxtpx:depth>0.00</gpxtpx:depth></gpxtpx:TrackPointExtension></extensions></trkpt><trkpt lat="37.1059682686" lon="114.6456403937"><ele>-31.81</ele><time>2018-10-11T02:33:03Z</time><extensions><gpxtpx:TrackPointExtension><gpxtpx:depth>0.00</gpxtpx:depth></gpxtpx:TrackPointExtension></extensions></trkpt><trkpt lat="37.1059565339" lon="114.6456076205"><ele>-31.81</ele><time>2018-10-11T02:33:04Z</time><extensions><gpxtpx:TrackPointExtension><gpxtpx:depth>0.00</gpxtpx:depth></gpxtpx:TrackPointExtension></extensions></trkpt><trkpt lat="37.1059466433" lon="114.6455745120"><ele>-31.81</ele><time>2018-10-11T02:33:05Z</time><extensions><gpxtpx:TrackPointExtension><gpxtpx:depth>0.00</gpxtpx:depth></gpxtpx:TrackPointExtension></extensions></trkpt><trkpt lat="37.1059373394" lon="114.6455403138"><ele>-31.81</ele><time>2018-10-11T02:33:06Z</time><extensions><gpxtpx:TrackPointExtension><gpxtpx:depth>0.00</gpxtpx:depth></gpxtpx:TrackPointExtension></extensions></trkpt><trkpt lat="37.1059318073" lon="114.6455052774"><ele>-31.81</ele><time>2018-10-11T02:33:07Z</time><extensions><gpxtpx:TrackPointExtension><gpxtpx:depth>0.00</gpxtpx:depth></gpxtpx:TrackPointExtension></extensions></trkpt><trkpt lat="37.1057754010" lon="114.6447518282"><ele>-31.80</ele><time>2018-10-11T02:33:22Z</time><extensions><gpxtpx:TrackPointExtension><gpxtpx:depth>0.00</gpxtpx:depth></gpxtpx:TrackPointExtension></extensions></trkpt><trkpt lat="37.1056115348" lon="114.6437170822"><ele>-31.76</ele><time>2018-10-11T02:33:38Z</time><extensions><gpxtpx:TrackPointExtension><gpxtpx:depth>0.00</gpxtpx:depth></gpxtpx:TrackPointExtension></extensions></trkpt><trkpt lat="37.1054513566" lon="114.6424369141"><ele>-31.58</ele><time>2018-10-11T02:33:57Z</time><extensions><gpxtpx:TrackPointExtension><gpxtpx:depth>0.00</gpxtpx:depth></gpxtpx:TrackPointExtension></extensions></trkpt><trkpt lat="37.1054248698" lon="114.6422355808"><ele>-31.54</ele><time>2018-10-11T02:34:00Z</time><extensions><gpxtpx:TrackPointExtension><gpxtpx:depth>0.00</gpxtpx:depth></gpxtpx:TrackPointExtension></extensions></trkpt><trkpt lat="37.1053044219" lon="114.6410774533"><ele>-31.31</ele><time>2018-10-11T02:34:17Z</time><extensions><gpxtpx:TrackPointExtension><gpxtpx:depth>0.00</gpxtpx:depth></gpxtpx:TrackPointExtension></extensions></trkpt><trkpt lat="37.1051354427" lon="114.6397058386"><ele>-31.36</ele><time>2018-10-11T02:34:37Z</time><extensions><gpxtpx:TrackPointExtension><gpxtpx:depth>0.00</gpxtpx:depth></gpxtpx:TrackPointExtension></extensions></trkpt><trkpt lat="37.1050072834" lon="114.6385441069"><ele>-31.60</ele><time>2018-10-11T02:34:55Z</time><extensions><gpxtpx:TrackPointExtension><gpxtpx:depth>0.00</gpxtpx:depth></gpxtpx:TrackPointExtension></extensions></trkpt><trkpt lat="37.1048642043" lon="114.6374660265"><ele>-31.36</ele><time>2018-10-11T02:35:12Z</time><extensions><gpxtpx:TrackPointExtension><gpxtpx:depth>0.00</gpxtpx:depth></gpxtpx:TrackPointExtension></extensions></trkpt><trkpt lat="37.1047462709" lon="114.6363778040"><ele>-31.28</ele><time>2018-10-11T02:35:30Z</time><extensions><gpxtpx:TrackPointExtension><gpxtpx:depth>0.00</gpxtpx:depth></gpxtpx:TrackPointExtension></extensions></trkpt><trkpt lat="37.1046073828" lon="114.6352843847"><ele>-31.19</ele><time>2018-10-11T02:35:47Z</time><extensions><gpxtpx:TrackPointExtension><gpxtpx:depth>0.00</gpxtpx:depth></gpxtpx:TrackPointExtension></extensions></trkpt><trkpt lat="37.1044915449" lon="114.6343888622"><ele>-31.10</ele><time>2018-10-11T02:36:01Z</time><extensions><gpxtpx:TrackPointExtension><gpxtpx:depth>0.00</gpxtpx:depth></gpxtpx:TrackPointExtension></extensions></trkpt><trkpt lat="37.1043647267" lon="114.6332296450"><ele>-30.59</ele><time>2018-10-11T02:36:19Z</time><extensions><gpxtpx:TrackPointExtension><gpxtpx:depth>0.00</gpxtpx:depth></gpxtpx:TrackPointExtension></extensions></trkpt><trkpt lat="37.1042581089" lon="114.6321335435"><ele>-30.38</ele><time>2018-10-11T02:36:36Z</time><extensions><gpxtpx:TrackPointExtension><gpxtpx:depth>0.00</gpxtpx:depth></gpxtpx:TrackPointExtension></extensions></trkpt><trkpt lat="37.1042331308" lon="114.6319467109"><ele>-30.34</ele><time>2018-10-11T02:36:39Z</time><extensions><gpxtpx:TrackPointExtension><gpxtpx:depth>0.00</gpxtpx:depth></gpxtpx:TrackPointExtension></extensions></trkpt><trkpt lat="37.1041583642" lon="114.6311531123"><ele>-30.29</ele><time>2018-10-11T02:36:52Z</time><extensions><gpxtpx:TrackPointExtension><gpxtpx:depth>0.00</gpxtpx:depth></gpxtpx:TrackPointExtension></extensions></trkpt><trkpt lat="37.1040996071" lon="114.6302094776"><ele>-30.25</ele><time>2018-10-11T02:37:07Z</time><extensions><gpxtpx:TrackPointExtension><gpxtpx:depth>0.00</gpxtpx:depth></gpxtpx:TrackPointExtension></extensions></trkpt><trkpt lat="37.1040396765" lon="114.6291241888"><ele>-30.21</ele><time>2018-10-11T02:37:24Z</time><extensions><gpxtpx:TrackPointExtension><gpxtpx:depth>0.00</gpxtpx:depth></gpxtpx:TrackPointExtension></extensions></trkpt><trkpt lat="37.1040237509" lon="114.6281418297"><ele>-29.85</ele><time>2018-10-11T02:37:39Z</time><extensions><gpxtpx:TrackPointExtension><gpxtpx:depth>0.00</gpxtpx:depth></gpxtpx:TrackPointExtension></extensions></trkpt><trkpt lat="37.1040075738" lon="114.6272114385"><ele>-29.47</ele><time>2018-10-11T02:37:55Z</time><extensions><gpxtpx:TrackPointExtension><gpxtpx:depth>0.00</gpxtpx:depth></gpxtpx:TrackPointExtension></extensions></trkpt><trkpt lat="37.1040038019" lon="114.6267693769"><ele>-29.29</ele><time>2018-10-11T02:38:03Z</time><extensions><gpxtpx:TrackPointExtension><gpxtpx:depth>0.00</gpxtpx:depth></gpxtpx:TrackPointExtension></extensions></trkpt><trkpt lat="37.1040097531" lon="114.6267147269"><ele>-29.28</ele><time>2018-10-11T02:38:04Z</time><extensions><gpxtpx:TrackPointExtension><gpxtpx:depth>0.00</gpxtpx:depth></gpxtpx:TrackPointExtension></extensions></trkpt><trkpt lat="37.1040136088" lon="114.6266604960"><ele>-29.27</ele><time>2018-10-11T02:38:05Z</time><extensions><gpxtpx:TrackPointExtension><gpxtpx:depth>0.00</gpxtpx:depth></gpxtpx:TrackPointExtension></extensions></trkpt><trkpt lat="37.1040065680" lon="114.6258585993"><ele>-28.64</ele><time>2018-10-11T02:38:20Z</time><extensions><gpxtpx:TrackPointExtension><gpxtpx:depth>0.00</gpxtpx:depth></gpxtpx:TrackPointExtension></extensions></trkpt><trkpt lat="37.1039955877" lon="114.6251766477"><ele>-28.21</ele><time>2018-10-11T02:38:35Z</time><extensions><gpxtpx:TrackPointExtension><gpxtpx:depth>0.00</gpxtpx:depth></gpxtpx:TrackPointExtension></extensions></trkpt><trkpt lat="37.1040101722" lon="114.6245415509"><ele>-27.90</ele><time>2018-10-11T02:38:48Z</time><extensions><gpxtpx:TrackPointExtension><gpxtpx:depth>0.00</gpxtpx:depth></gpxtpx:TrackPointExtension></extensions></trkpt><trkpt lat="37.1040172130" lon="114.6237989981"><ele>-27.69</ele><time>2018-10-11T02:39:05Z</time><extensions><gpxtpx:TrackPointExtension><gpxtpx:depth>0.00</gpxtpx:depth></gpxtpx:TrackPointExtension></extensions></trkpt><trkpt lat="37.1040561888" lon="114.6230210736"><ele>-27.85</ele><time>2018-10-11T02:39:19Z</time><extensions><gpxtpx:TrackPointExtension><gpxtpx:depth>0.00</gpxtpx:depth></gpxtpx:TrackPointExtension></extensions></trkpt><trkpt lat="37.1040657442" lon="114.6222986374"><ele>-28.17</ele><time>2018-10-11T02:39:33Z</time><extensions><gpxtpx:TrackPointExtension><gpxtpx:depth>0.00</gpxtpx:depth></gpxtpx:TrackPointExtension></extensions></trkpt><trkpt lat="37.1040376648" lon="114.6217459347"><ele>-28.42</ele><time>2018-10-11T02:39:44Z</time><extensions><gpxtpx:TrackPointExtension><gpxtpx:depth>0.00</gpxtpx:depth></gpxtpx:TrackPointExtension></extensions></trkpt><trkpt lat="37.1040094178" lon="114.6212614607"><ele>-28.49</ele><time>2018-10-11T02:39:54Z</time><extensions><gpxtpx:TrackPointExtension><gpxtpx:depth>0.00</gpxtpx:depth></gpxtpx:TrackPointExtension></extensions></trkpt><trkpt lat="37.1040095855" lon="114.6212068945"><ele>-28.49</ele><time>2018-10-11T02:39:55Z</time><extensions><gpxtpx:TrackPointExtension><gpxtpx:depth>0.00</gpxtpx:depth></gpxtpx:TrackPointExtension></extensions></trkpt><trkpt lat="37.1040143631" lon="114.6211535018"><ele>-28.50</ele><time>2018-10-11T02:39:56Z</time><extensions><gpxtpx:TrackPointExtension><gpxtpx:depth>0.00</gpxtpx:depth></gpxtpx:TrackPointExtension></extensions></trkpt><trkpt lat="37.1040159557" lon="114.6210959181"><ele>-28.51</ele><time>2018-10-11T02:39:57Z</time><extensions><gpxtpx:TrackPointExtension><gpxtpx:depth>0.00</gpxtpx:depth></gpxtpx:TrackPointExtension></extensions></trkpt><trkpt lat="37.1040174644" lon="114.6210367419"><ele>-28.51</ele><time>2018-10-11T02:39:58Z</time><extensions><gpxtpx:TrackPointExtension><gpxtpx:depth>0.00</gpxtpx:depth></gpxtpx:TrackPointExtension></extensions></trkpt><trkpt lat="37.1040523332" lon="114.6204790100"><ele>-28.98</ele><time>2018-10-11T02:40:09Z</time><extensions><gpxtpx:TrackPointExtension><gpxtpx:depth>0.00</gpxtpx:depth></gpxtpx:TrackPointExtension></extensions></trkpt><trkpt lat="37.1040792391" lon="114.6198739205"><ele>-29.33</ele><time>2018-10-11T02:40:19Z</time><extensions><gpxtpx:TrackPointExtension><gpxtpx:depth>0.00</gpxtpx:depth></gpxtpx:TrackPointExtension></extensions></trkpt><trkpt lat="37.1040792391" lon="114.6198143251"><ele>-29.35</ele><time>2018-10-11T02:40:20Z</time><extensions><gpxtpx:TrackPointExtension><gpxtpx:depth>0.00</gpxtpx:depth></gpxtpx:TrackPointExtension></extensions></trkpt><trkpt lat="37.1040414367" lon="114.6186487377"><ele>-29.27</ele><time>2018-10-11T02:40:39Z</time><extensions><gpxtpx:TrackPointExtension><gpxtpx:depth>0.00</gpxtpx:depth></gpxtpx:TrackPointExtension></extensions></trkpt><trkpt lat="37.1040363237" lon="114.6184738912"><ele>-29.21</ele><time>2018-10-11T02:40:42Z</time><extensions><gpxtpx:TrackPointExtension><gpxtpx:depth>0.00</gpxtpx:depth></gpxtpx:TrackPointExtension></extensions></trkpt><trkpt lat="37.1040355694" lon="114.6184144635"><ele>-29.17</ele><time>2018-10-11T02:40:43Z</time><extensions><gpxtpx:TrackPointExtension><gpxtpx:depth>0.00</gpxtpx:depth></gpxtpx:TrackPointExtension></extensions></trkpt><trkpt lat="37.1040426940" lon="114.6174520534"><ele>-28.94</ele><time>2018-10-11T02:41:00Z</time><extensions><gpxtpx:TrackPointExtension><gpxtpx:depth>0.00</gpxtpx:depth></gpxtpx:TrackPointExtension></extensions></trkpt><trkpt lat="37.1040435322" lon="114.6169092413"><ele>-28.93</ele><time>2018-10-11T02:41:12Z</time><extensions><gpxtpx:TrackPointExtension><gpxtpx:depth>0.00</gpxtpx:depth></gpxtpx:TrackPointExtension></extensions></trkpt><trkpt lat="37.1040419396" lon="114.6167058125"><ele>-28.94</ele><time>2018-10-11T02:41:16Z</time><extensions><gpxtpx:TrackPointExtension><gpxtpx:depth>0.00</gpxtpx:depth></gpxtpx:TrackPointExtension></extensions></trkpt><trkpt lat="37.1040446218" lon="114.6166504920"><ele>-28.94</ele><time>2018-10-11T02:41:17Z</time><extensions><gpxtpx:TrackPointExtension><gpxtpx:depth>0.00</gpxtpx:depth></gpxtpx:TrackPointExtension></extensions></trkpt><trkpt lat="37.1040413529" lon="114.6157321706"><ele>-28.50</ele><time>2018-10-11T02:41:32Z</time><extensions><gpxtpx:TrackPointExtension><gpxtpx:depth>0.00</gpxtpx:depth></gpxtpx:TrackPointExtension></extensions></trkpt><trkpt lat="37.1040442865" lon="114.6154820547"><ele>-28.48</ele><time>2018-10-11T02:41:36Z</time><extensions><gpxtpx:TrackPointExtension><gpxtpx:depth>0.00</gpxtpx:depth></gpxtpx:TrackPointExtension></extensions></trkpt><trkpt lat="37.1040522493" lon="114.6154198609"><ele>-28.47</ele><time>2018-10-11T02:41:37Z</time><extensions><gpxtpx:TrackPointExtension><gpxtpx:depth>0.00</gpxtpx:depth></gpxtpx:TrackPointExtension></extensions></trkpt><trkpt lat="37.1040531714" lon="114.6153594274"><ele>-28.46</ele><time>2018-10-11T02:41:38Z</time><extensions><gpxtpx:TrackPointExtension><gpxtpx:depth>0.00</gpxtpx:depth></gpxtpx:TrackPointExtension></extensions></trkpt><trkpt lat="37.1040580329" lon="114.6151383128"><ele>-28.39</ele><time>2018-10-11T02:41:42Z</time><extensions><gpxtpx:TrackPointExtension><gpxtpx:depth>0.00</gpxtpx:depth></gpxtpx:TrackPointExtension></extensions></trkpt><trkpt lat="37.1040576976" lon="114.6148346364"><ele>-28.33</ele><time>2018-10-11T02:41:48Z</time><extensions><gpxtpx:TrackPointExtension><gpxtpx:depth>0.00</gpxtpx:depth></gpxtpx:TrackPointExtension></extensions></trkpt><trkpt lat="37.1040559374" lon="114.6147814114"><ele>-28.31</ele><time>2018-10-11T02:41:49Z</time><extensions><gpxtpx:TrackPointExtension><gpxtpx:depth>0.00</gpxtpx:depth></gpxtpx:TrackPointExtension></extensions></trkpt><trkpt lat="37.1040545963" lon="114.6147241630"><ele>-28.31</ele><time>2018-10-11T02:41:50Z</time><extensions><gpxtpx:TrackPointExtension><gpxtpx:depth>0.00</gpxtpx:depth></gpxtpx:TrackPointExtension></extensions></trkpt><trkpt lat="37.1040587872" lon="114.6140210051"><ele>-28.16</ele><time>2018-10-11T02:42:05Z</time><extensions><gpxtpx:TrackPointExtension><gpxtpx:depth>0.00</gpxtpx:depth></gpxtpx:TrackPointExtension></extensions></trkpt><trkpt lat="37.1040535904" lon="114.6136626787"><ele>-28.01</ele><time>2018-10-11T02:42:12Z</time><extensions><gpxtpx:TrackPointExtension><gpxtpx:depth>0.00</gpxtpx:depth></gpxtpx:TrackPointExtension></extensions></trkpt><trkpt lat="37.1040598769" lon="114.6127943136"><ele>-27.63</ele><time>2018-10-11T02:42:27Z</time><extensions><gpxtpx:TrackPointExtension><gpxtpx:depth>0.00</gpxtpx:depth></gpxtpx:TrackPointExtension></extensions></trkpt><trkpt lat="37.1040602122" lon="114.6126788948"><ele>-27.59</ele><time>2018-10-11T02:42:29Z</time><extensions><gpxtpx:TrackPointExtension><gpxtpx:depth>0.00</gpxtpx:depth></gpxtpx:TrackPointExtension></extensions></trkpt><trkpt lat="37.1040623914" lon="114.6123839356"><ele>-27.38</ele><time>2018-10-11T02:42:34Z</time><extensions><gpxtpx:TrackPointExtension><gpxtpx:depth>0.00</gpxtpx:depth></gpxtpx:TrackPointExtension></extensions></trkpt><trkpt lat="37.1040645707" lon="114.6113373712"><ele>-26.86</ele><time>2018-10-11T02:42:52Z</time><extensions><gpxtpx:TrackPointExtension><gpxtpx:depth>0.00</gpxtpx:depth></gpxtpx:TrackPointExtension></extensions></trkpt><trkpt lat="37.1040767245" lon="114.6103780624"><ele>-26.60</ele><time>2018-10-11T02:43:09Z</time><extensions><gpxtpx:TrackPointExtension><gpxtpx:depth>0.00</gpxtpx:depth></gpxtpx:TrackPointExtension></extensions></trkpt><trkpt lat="37.1040694322" lon="114.6094402950"><ele>-26.63</ele><time>2018-10-11T02:43:25Z</time><extensions><gpxtpx:TrackPointExtension><gpxtpx:depth>0.00</gpxtpx:depth></gpxtpx:TrackPointExtension></extensions></trkpt><trkpt lat="37.1040777303" lon="114.6088534780"><ele>-26.67</ele><time>2018-10-11T02:43:35Z</time><extensions><gpxtpx:TrackPointExtension><gpxtpx:depth>0.00</gpxtpx:depth></gpxtpx:TrackPointExtension></extensions></trkpt><trkpt lat="37.1040853579" lon="114.6077833604"><ele>-26.80</ele><time>2018-10-11T02:43:53Z</time><extensions><gpxtpx:TrackPointExtension><gpxtpx:depth>0.00</gpxtpx:depth></gpxtpx:TrackPointExtension></extensions></trkpt><trkpt lat="37.1040862799" lon="114.6070683841"><ele>-26.96</ele><time>2018-10-11T02:44:06Z</time><extensions><gpxtpx:TrackPointExtension><gpxtpx:depth>0.00</gpxtpx:depth></gpxtpx:TrackPointExtension></extensions></trkpt><trkpt lat="37.1040671691" lon="114.6068977285"><ele>-26.97</ele><time>2018-10-11T02:44:09Z</time><extensions><gpxtpx:TrackPointExtension><gpxtpx:depth>0.00</gpxtpx:depth></gpxtpx:TrackPointExtension></extensions></trkpt><trkpt lat="37.1040686779" lon="114.6068397257"><ele>-26.97</ele><time>2018-10-11T02:44:10Z</time><extensions><gpxtpx:TrackPointExtension><gpxtpx:depth>0.00</gpxtpx:depth></gpxtpx:TrackPointExtension></extensions></trkpt><trkpt lat="37.1040788200" lon="114.6066644602"><ele>-26.97</ele><time>2018-10-11T02:44:13Z</time><extensions><gpxtpx:TrackPointExtension><gpxtpx:depth>0.00</gpxtpx:depth></gpxtpx:TrackPointExtension></extensions></trkpt><trkpt lat="37.1040869504" lon="114.6066080499"><ele>-26.97</ele><time>2018-10-11T02:44:14Z</time><extensions><gpxtpx:TrackPointExtension><gpxtpx:depth>0.00</gpxtpx:depth></gpxtpx:TrackPointExtension></extensions></trkpt><trkpt lat="37.1040905546" lon="114.6065496281"><ele>-26.97</ele><time>2018-10-11T02:44:15Z</time><extensions><gpxtpx:TrackPointExtension><gpxtpx:depth>0.00</gpxtpx:depth></gpxtpx:TrackPointExtension></extensions></trkpt><trkpt lat="37.1040944941" lon="114.6064924635"><ele>-26.97</ele><time>2018-10-11T02:44:16Z</time><extensions><gpxtpx:TrackPointExtension><gpxtpx:depth>0.00</gpxtpx:depth></gpxtpx:TrackPointExtension></extensions></trkpt><trkpt lat="37.1040959191" lon="114.6064354666"><ele>-26.97</ele><time>2018-10-11T02:44:17Z</time><extensions><gpxtpx:TrackPointExtension><gpxtpx:depth>0.00</gpxtpx:depth></gpxtpx:TrackPointExtension></extensions></trkpt><trkpt lat="37.1040953323" lon="114.6063769609"><ele>-26.97</ele><time>2018-10-11T02:44:18Z</time><extensions><gpxtpx:TrackPointExtension><gpxtpx:depth>0.00</gpxtpx:depth></gpxtpx:TrackPointExtension></extensions></trkpt><trkpt lat="37.1041069832" lon="114.6053860523"><ele>-26.90</ele><time>2018-10-11T02:44:35Z</time><extensions><gpxtpx:TrackPointExtension><gpxtpx:depth>0.00</gpxtpx:depth></gpxtpx:TrackPointExtension></extensions></trkpt><trkpt lat="37.1041119285" lon="114.6046929527"><ele>-26.86</ele><time>2018-10-11T02:44:48Z</time><extensions><gpxtpx:TrackPointExtension><gpxtpx:depth>0.00</gpxtpx:depth></gpxtpx:TrackPointExtension></extensions></trkpt><trkpt lat="37.1041154489" lon="114.6042002644"><ele>-26.86</ele><time>2018-10-11T02:44:59Z</time><extensions><gpxtpx:TrackPointExtension><gpxtpx:depth>0.00</gpxtpx:depth></gpxtpx:TrackPointExtension></extensions></trkpt><trkpt lat="37.1041182149" lon="114.6041795611"><ele>-26.92</ele><time>2018-10-11T02:45:05Z</time><extensions><gpxtpx:TrackPointExtension><gpxtpx:depth>0.00</gpxtpx:depth></gpxtpx:TrackPointExtension></extensions></trkpt><trkpt lat="37.1041546762" lon="114.6042192914"><ele>-26.93</ele><time>2018-10-11T02:45:12Z</time><extensions><gpxtpx:TrackPointExtension><gpxtpx:depth>0.00</gpxtpx:depth></gpxtpx:TrackPointExtension></extensions></trkpt><trkpt lat="37.1041665785" lon="114.6042948123"><ele>-26.94</ele><time>2018-10-11T02:45:15Z</time><extensions><gpxtpx:TrackPointExtension><gpxtpx:depth>0.00</gpxtpx:depth></gpxtpx:TrackPointExtension></extensions></trkpt><trkpt lat="37.1042289399" lon="114.6045919508"><ele>-26.77</ele><time>2018-10-11T02:45:26Z</time><extensions><gpxtpx:TrackPointExtension><gpxtpx:depth>0.00</gpxtpx:depth></gpxtpx:TrackPointExtension></extensions></trkpt><trkpt lat="37.1042318735" lon="114.6046606824"><ele>-26.69</ele><time>2018-10-11T02:45:30Z</time><extensions><gpxtpx:TrackPointExtension><gpxtpx:depth>0.00</gpxtpx:depth></gpxtpx:TrackPointExtension></extensions></trkpt><trkpt lat="37.1042144392" lon="114.6046901029"><ele>-26.65</ele><time>2018-10-11T02:45:32Z</time><extensions><gpxtpx:TrackPointExtension><gpxtpx:depth>0.00</gpxtpx:depth></gpxtpx:TrackPointExtension></extensions></trkpt><trkpt lat="37.1041573584" lon="114.6046211198"><ele>-26.62</ele><time>2018-10-11T02:45:37Z</time><extensions><gpxtpx:TrackPointExtension><gpxtpx:depth>0.00</gpxtpx:depth></gpxtpx:TrackPointExtension></extensions></trkpt><trkpt lat="37.1041593701" lon="114.6045890171"><ele>-26.58</ele><time>2018-10-11T02:45:38Z</time><extensions><gpxtpx:TrackPointExtension><gpxtpx:depth>0.00</gpxtpx:depth></gpxtpx:TrackPointExtension></extensions></trkpt><trkpt lat="37.1041133534" lon="114.6039929800"><ele>-26.76</ele><time>2018-10-11T02:45:52Z</time><extensions><gpxtpx:TrackPointExtension><gpxtpx:depth>0.00</gpxtpx:depth></gpxtpx:TrackPointExtension></extensions></trkpt><trkpt lat="37.1041176282" lon="114.6039360669"><ele>-26.76</ele><time>2018-10-11T02:45:53Z</time><extensions><gpxtpx:TrackPointExtension><gpxtpx:depth>0.00</gpxtpx:depth></gpxtpx:TrackPointExtension></extensions></trkpt><trkpt lat="37.1041299496" lon="114.6029351000"><ele>-26.74</ele><time>2018-10-11T02:46:09Z</time><extensions><gpxtpx:TrackPointExtension><gpxtpx:depth>0.00</gpxtpx:depth></gpxtpx:TrackPointExtension></extensions></trkpt><trkpt lat="37.1041309554" lon="114.6016553510"><ele>-26.44</ele><time>2018-10-11T02:46:28Z</time><extensions><gpxtpx:TrackPointExtension><gpxtpx:depth>0.00</gpxtpx:depth></gpxtpx:TrackPointExtension></extensions></trkpt><trkpt lat="37.1041395050" lon="114.6005208604"><ele>-26.33</ele><time>2018-10-11T02:46:45Z</time><extensions><gpxtpx:TrackPointExtension><gpxtpx:depth>0.00</gpxtpx:depth></gpxtpx:TrackPointExtension></extensions></trkpt><trkpt lat="37.1041380800" lon="114.5999558363"><ele>-26.28</ele><time>2018-10-11T02:46:55Z</time><extensions><gpxtpx:TrackPointExtension><gpxtpx:depth>0.00</gpxtpx:depth></gpxtpx:TrackPointExtension></extensions></trkpt><trkpt lat="37.1041382477" lon="114.5996845979"><ele>-26.24</ele><time>2018-10-11T02:47:00Z</time><extensions><gpxtpx:TrackPointExtension><gpxtpx:depth>0.00</gpxtpx:depth></gpxtpx:TrackPointExtension></extensions></trkpt><trkpt lat="37.1041336376" lon="114.5996300317"><ele>-26.24</ele><time>2018-10-11T02:47:01Z</time><extensions><gpxtpx:TrackPointExtension><gpxtpx:depth>0.00</gpxtpx:depth></gpxtpx:TrackPointExtension></extensions></trkpt><trkpt lat="37.1041313745" lon="114.5995749626"><ele>-26.24</ele><time>2018-10-11T02:47:02Z</time><extensions><gpxtpx:TrackPointExtension><gpxtpx:depth>0.00</gpxtpx:depth></gpxtpx:TrackPointExtension></extensions></trkpt><trkpt lat="37.1041323803" lon="114.5995212346"><ele>-26.24</ele><time>2018-10-11T02:47:03Z</time><extensions><gpxtpx:TrackPointExtension><gpxtpx:depth>0.00</gpxtpx:depth></gpxtpx:TrackPointExtension></extensions></trkpt><trkpt lat="37.1041348949" lon="114.5994706918"><ele>-26.24</ele><time>2018-10-11T02:47:04Z</time><extensions><gpxtpx:TrackPointExtension><gpxtpx:depth>0.00</gpxtpx:depth></gpxtpx:TrackPointExtension></extensions></trkpt><trkpt lat="37.1041364037" lon="114.5994214900"><ele>-26.24</ele><time>2018-10-11T02:47:05Z</time><extensions><gpxtpx:TrackPointExtension><gpxtpx:depth>0.00</gpxtpx:depth></gpxtpx:TrackPointExtension></extensions></trkpt><trkpt lat="37.1041362360" lon="114.5993726235"><ele>-26.26</ele><time>2018-10-11T02:47:06Z</time><extensions><gpxtpx:TrackPointExtension><gpxtpx:depth>0.00</gpxtpx:depth></gpxtpx:TrackPointExtension></extensions></trkpt><trkpt lat="37.1041336376" lon="114.5987314079"><ele>-26.18</ele><time>2018-10-11T02:47:20Z</time><extensions><gpxtpx:TrackPointExtension><gpxtpx:depth>0.00</gpxtpx:depth></gpxtpx:TrackPointExtension></extensions></trkpt><trkpt lat="37.1041457914" lon="114.5980134141"><ele>-26.06</ele><time>2018-10-11T02:47:33Z</time><extensions><gpxtpx:TrackPointExtension><gpxtpx:depth>0.00</gpxtpx:depth></gpxtpx:TrackPointExtension></extensions></trkpt><trkpt lat="37.1041475516" lon="114.5971806720"><ele>-25.96</ele><time>2018-10-11T02:47:46Z</time><extensions><gpxtpx:TrackPointExtension><gpxtpx:depth>0.00</gpxtpx:depth></gpxtpx:TrackPointExtension></extensions></trkpt><trkpt lat="37.1041437797" lon="114.5971312188"><ele>-25.95</ele><time>2018-10-11T02:47:47Z</time><extensions><gpxtpx:TrackPointExtension><gpxtpx:depth>0.00</gpxtpx:depth></gpxtpx:TrackPointExtension></extensions></trkpt><trkpt lat="37.1041477192" lon="114.5970888063"><ele>-25.95</ele><time>2018-10-11T02:47:48Z</time><extensions><gpxtpx:TrackPointExtension><gpxtpx:depth>0.00</gpxtpx:depth></gpxtpx:TrackPointExtension></extensions></trkpt><trkpt lat="37.1041594539" lon="114.5970610622"><ele>-25.95</ele><time>2018-10-11T02:47:49Z</time><extensions><gpxtpx:TrackPointExtension><gpxtpx:depth>0.00</gpxtpx:depth></gpxtpx:TrackPointExtension></extensions></trkpt><trkpt lat="37.1041754633" lon="114.5970425382"><ele>-25.95</ele><time>2018-10-11T02:47:50Z</time><extensions><gpxtpx:TrackPointExtension><gpxtpx:depth>0.00</gpxtpx:depth></gpxtpx:TrackPointExtension></extensions></trkpt><trkpt lat="37.1042107511" lon="114.5970258582"><ele>-25.92</ele><time>2018-10-11T02:47:52Z</time><extensions><gpxtpx:TrackPointExtension><gpxtpx:depth>0.00</gpxtpx:depth></gpxtpx:TrackPointExtension></extensions></trkpt><trkpt lat="37.1042434406" lon="114.5970095135"><ele>-25.83</ele><time>2018-10-11T02:47:59Z</time><extensions><gpxtpx:TrackPointExtension><gpxtpx:depth>0.00</gpxtpx:depth></gpxtpx:TrackPointExtension></extensions></trkpt><trkpt lat="37.1041049715" lon="114.5969730522"><ele>-23.74</ele><time>2018-10-11T03:11:31Z</time><extensions><gpxtpx:TrackPointExtension><gpxtpx:depth>0.00</gpxtpx:depth></gpxtpx:TrackPointExtension></extensions></trkpt><trkpt lat="37.1040894650" lon="114.5969461463"><ele>-23.74</ele><time>2018-10-11T03:11:32Z</time><extensions><gpxtpx:TrackPointExtension><gpxtpx:depth>0.00</gpxtpx:depth></gpxtpx:TrackPointExtension></extensions></trkpt><trkpt lat="37.1040835138" lon="114.5969064999"><ele>-23.75</ele><time>2018-10-11T03:11:33Z</time><extensions><gpxtpx:TrackPointExtension><gpxtpx:depth>0.00</gpxtpx:depth></gpxtpx:TrackPointExtension></extensions></trkpt><trkpt lat="37.1040957514" lon="114.5968630817"><ele>-23.75</ele><time>2018-10-11T03:11:34Z</time><extensions><gpxtpx:TrackPointExtension><gpxtpx:depth>0.00</gpxtpx:depth></gpxtpx:TrackPointExtension></extensions></trkpt><trkpt lat="37.1041048039" lon="114.5968179032"><ele>-23.75</ele><time>2018-10-11T03:11:35Z</time><extensions><gpxtpx:TrackPointExtension><gpxtpx:depth>0.00</gpxtpx:depth></gpxtpx:TrackPointExtension></extensions></trkpt><trkpt lat="37.1041092463" lon="114.5967682824"><ele>-23.75</ele><time>2018-10-11T03:11:36Z</time><extensions><gpxtpx:TrackPointExtension><gpxtpx:depth>0.00</gpxtpx:depth></gpxtpx:TrackPointExtension></extensions></trkpt><trkpt lat="37.1041558497" lon="114.5961591695"><ele>-23.79</ele><time>2018-10-11T03:11:50Z</time><extensions><gpxtpx:TrackPointExtension><gpxtpx:depth>0.00</gpxtpx:depth></gpxtpx:TrackPointExtension></extensions></trkpt><trkpt lat="37.1041410137" lon="114.5957104862"><ele>-23.73</ele><time>2018-10-11T03:12:02Z</time><extensions><gpxtpx:TrackPointExtension><gpxtpx:depth>0.00</gpxtpx:depth></gpxtpx:TrackPointExtension></extensions></trkpt><trkpt lat="37.1041629743" lon="114.5950893871"><ele>-23.66</ele><time>2018-10-11T03:12:16Z</time><extensions><gpxtpx:TrackPointExtension><gpxtpx:depth>0.00</gpxtpx:depth></gpxtpx:TrackPointExtension></extensions></trkpt><trkpt lat="37.1041832585" lon="114.5944886561"><ele>-23.42</ele><time>2018-10-11T03:12:29Z</time><extensions><gpxtpx:TrackPointExtension><gpxtpx:depth>0.00</gpxtpx:depth></gpxtpx:TrackPointExtension></extensions></trkpt><trkpt lat="37.1042016987" lon="114.5937185269"><ele>-23.30</ele><time>2018-10-11T03:12:45Z</time><extensions><gpxtpx:TrackPointExtension><gpxtpx:depth>0.00</gpxtpx:depth></gpxtpx:TrackPointExtension></extensions></trkpt><trkpt lat="37.1042060573" lon="114.5936675649"><ele>-23.29</ele><time>2018-10-11T03:12:46Z</time><extensions><gpxtpx:TrackPointExtension><gpxtpx:depth>0.00</gpxtpx:depth></gpxtpx:TrackPointExtension></extensions></trkpt><trkpt lat="37.1042058896" lon="114.5936151780"><ele>-23.28</ele><time>2018-10-11T03:12:47Z</time><extensions><gpxtpx:TrackPointExtension><gpxtpx:depth>0.00</gpxtpx:depth></gpxtpx:TrackPointExtension></extensions></trkpt><trkpt lat="37.1041962504" lon="114.5928315539"><ele>-23.04</ele><time>2018-10-11T03:13:02Z</time><extensions><gpxtpx:TrackPointExtension><gpxtpx:depth>0.00</gpxtpx:depth></gpxtpx:TrackPointExtension></extensions></trkpt><trkpt lat="37.1041835938" lon="114.5920237899"><ele>-22.86</ele><time>2018-10-11T03:13:18Z</time><extensions><gpxtpx:TrackPointExtension><gpxtpx:depth>0.00</gpxtpx:depth></gpxtpx:TrackPointExtension></extensions></trkpt><trkpt lat="37.1041840129" lon="114.5917551499"><ele>-22.78</ele><time>2018-10-11T03:13:23Z</time><extensions><gpxtpx:TrackPointExtension><gpxtpx:depth>0.00</gpxtpx:depth></gpxtpx:TrackPointExtension></extensions></trkpt><trkpt lat="37.1041846834" lon="114.5910098311"><ele>-22.39</ele><time>2018-10-11T03:13:39Z</time><extensions><gpxtpx:TrackPointExtension><gpxtpx:depth>0.00</gpxtpx:depth></gpxtpx:TrackPointExtension></extensions></trkpt><trkpt lat="37.1041853540" lon="114.5905725472"><ele>-22.17</ele><time>2018-10-11T03:13:51Z</time><extensions><gpxtpx:TrackPointExtension><gpxtpx:depth>0.00</gpxtpx:depth></gpxtpx:TrackPointExtension></extensions></trkpt><trkpt lat="37.1041730326" lon="114.5901015680"><ele>-21.93</ele><time>2018-10-11T03:14:03Z</time><extensions><gpxtpx:TrackPointExtension><gpxtpx:depth>0.00</gpxtpx:depth></gpxtpx:TrackPointExtension></extensions></trkpt><trkpt lat="37.1041546762" lon="114.5900760870"><ele>-21.93</ele><time>2018-10-11T03:14:04Z</time><extensions><gpxtpx:TrackPointExtension><gpxtpx:depth>0.00</gpxtpx:depth></gpxtpx:TrackPointExtension></extensions></trkpt><trkpt lat="37.1039386746" lon="114.5900090318"><ele>-21.90</ele><time>2018-10-11T03:14:09Z</time><extensions><gpxtpx:TrackPointExtension><gpxtpx:depth>0.00</gpxtpx:depth></gpxtpx:TrackPointExtension></extensions></trkpt><trkpt lat="37.1034079324" lon="114.5900022425"><ele>-22.03</ele><time>2018-10-11T03:14:19Z</time><extensions><gpxtpx:TrackPointExtension><gpxtpx:depth>0.00</gpxtpx:depth></gpxtpx:TrackPointExtension></extensions></trkpt><trkpt lat="37.1032663621" lon="114.5899895020"><ele>-22.14</ele><time>2018-10-11T03:14:22Z</time><extensions><gpxtpx:TrackPointExtension><gpxtpx:depth>0.00</gpxtpx:depth></gpxtpx:TrackPointExtension></extensions></trkpt><trkpt lat="37.1031127218" lon="114.5899796113"><ele>-22.32</ele><time>2018-10-11T03:14:31Z</time><extensions><gpxtpx:TrackPointExtension><gpxtpx:depth>0.00</gpxtpx:depth></gpxtpx:TrackPointExtension></extensions></trkpt><trkpt lat="37.1030569822" lon="114.5899875741"><ele>-22.29</ele><time>2018-10-11T03:15:03Z</time><extensions><gpxtpx:TrackPointExtension><gpxtpx:depth>0.00</gpxtpx:depth></gpxtpx:TrackPointExtension></extensions></trkpt><trkpt lat="37.1028851531" lon="114.5900040027"><ele>-22.30</ele><time>2018-10-11T03:15:09Z</time><extensions><gpxtpx:TrackPointExtension><gpxtpx:depth>0.00</gpxtpx:depth></gpxtpx:TrackPointExtension></extensions></trkpt><trkpt lat="37.1024875157" lon="114.5900001470"><ele>-22.42</ele><time>2018-10-11T03:15:23Z</time><extensions><gpxtpx:TrackPointExtension><gpxtpx:depth>0.00</gpxtpx:depth></gpxtpx:TrackPointExtension></extensions></trkpt><trkpt lat="37.1022100747" lon="114.5900377817"><ele>-22.57</ele><time>2018-10-11T03:15:33Z</time><extensions><gpxtpx:TrackPointExtension><gpxtpx:depth>0.00</gpxtpx:depth></gpxtpx:TrackPointExtension></extensions></trkpt><trkpt lat="37.1020291932" lon="114.5900272205"><ele>-22.61</ele><time>2018-10-11T03:15:37Z</time><extensions><gpxtpx:TrackPointExtension><gpxtpx:depth>0.00</gpxtpx:depth></gpxtpx:TrackPointExtension></extensions></trkpt><trkpt lat="37.1015574597" lon="114.5900025778"><ele>-22.79</ele><time>2018-10-11T03:15:50Z</time><extensions><gpxtpx:TrackPointExtension><gpxtpx:depth>0.00</gpxtpx:depth></gpxtpx:TrackPointExtension></extensions></trkpt><trkpt lat="37.1009803656" lon="114.5900006499"><ele>-22.88</ele><time>2018-10-11T03:16:04Z</time><extensions><gpxtpx:TrackPointExtension><gpxtpx:depth>0.00</gpxtpx:depth></gpxtpx:TrackPointExtension></extensions></trkpt><trkpt lat="37.1003298461" lon="114.5899979677"><ele>-23.01</ele><time>2018-10-11T03:16:18Z</time><extensions><gpxtpx:TrackPointExtension><gpxtpx:depth>0.00</gpxtpx:depth></gpxtpx:TrackPointExtension></extensions></trkpt><trkpt lat="37.0995661709" lon="114.5899946988"><ele>-22.94</ele><time>2018-10-11T03:16:34Z</time><extensions><gpxtpx:TrackPointExtension><gpxtpx:depth>0.00</gpxtpx:depth></gpxtpx:TrackPointExtension></extensions></trkpt><trkpt lat="37.0992009714" lon="114.5900006499"><ele>-23.01</ele><time>2018-10-11T03:16:42Z</time><extensions><gpxtpx:TrackPointExtension><gpxtpx:depth>0.00</gpxtpx:depth></gpxtpx:TrackPointExtension></extensions></trkpt><trkpt lat="37.0990260411" lon="114.5900050085"><ele>-23.01</ele><time>2018-10-11T03:16:46Z</time><extensions><gpxtpx:TrackPointExtension><gpxtpx:depth>0.00</gpxtpx:depth></gpxtpx:TrackPointExtension></extensions></trkpt><trkpt lat="37.0987472590" lon="114.5900037512"><ele>-23.01</ele><time>2018-10-11T03:16:52Z</time><extensions><gpxtpx:TrackPointExtension><gpxtpx:depth>0.00</gpxtpx:depth></gpxtpx:TrackPointExtension></extensions></trkpt><trkpt lat="37.0984869171" lon="114.5899996441"><ele>-23.05</ele><time>2018-10-11T03:16:58Z</time><extensions><gpxtpx:TrackPointExtension><gpxtpx:depth>0.00</gpxtpx:depth></gpxtpx:TrackPointExtension></extensions></trkpt><trkpt lat="37.0975452103" lon="114.5899953693"><ele>-23.04</ele><time>2018-10-11T03:17:18Z</time><extensions><gpxtpx:TrackPointExtension><gpxtpx:depth>0.00</gpxtpx:depth></gpxtpx:TrackPointExtension></extensions></trkpt><trkpt lat="37.0974017959" lon="114.5899921004"><ele>-23.02</ele><time>2018-10-11T03:17:21Z</time><extensions><gpxtpx:TrackPointExtension><gpxtpx:depth>0.00</gpxtpx:depth></gpxtpx:TrackPointExtension></extensions></trkpt><trkpt lat="37.0967620891" lon="114.5899873227"><ele>-23.13</ele><time>2018-10-11T03:17:35Z</time><extensions><gpxtpx:TrackPointExtension><gpxtpx:depth>0.00</gpxtpx:depth></gpxtpx:TrackPointExtension></extensions></trkpt><trkpt lat="37.0962133259" lon="114.5899868198"><ele>-23.17</ele><time>2018-10-11T03:17:49Z</time><extensions><gpxtpx:TrackPointExtension><gpxtpx:depth>0.00</gpxtpx:depth></gpxtpx:TrackPointExtension></extensions></trkpt><trkpt lat="37.0957908779" lon="114.5899915136"><ele>-22.89</ele><time>2018-10-11T03:18:00Z</time><extensions><gpxtpx:TrackPointExtension><gpxtpx:depth>0.00</gpxtpx:depth></gpxtpx:TrackPointExtension></extensions></trkpt><trkpt lat="37.0951218344" lon="114.5899846405"><ele>-22.54</ele><time>2018-10-11T03:18:14Z</time><extensions><gpxtpx:TrackPointExtension><gpxtpx:depth>0.00</gpxtpx:depth></gpxtpx:TrackPointExtension></extensions></trkpt><trkpt lat="37.0950271189" lon="114.5899888314"><ele>-22.48</ele><time>2018-10-11T03:18:16Z</time><extensions><gpxtpx:TrackPointExtension><gpxtpx:depth>0.00</gpxtpx:depth></gpxtpx:TrackPointExtension></extensions></trkpt><trkpt lat="37.0942722447" lon="114.5899952855"><ele>-22.50</ele><time>2018-10-11T03:18:33Z</time><extensions><gpxtpx:TrackPointExtension><gpxtpx:depth>0.00</gpxtpx:depth></gpxtpx:TrackPointExtension></extensions></trkpt><trkpt lat="37.0936238207" lon="114.5899823774"><ele>-22.46</ele><time>2018-10-11T03:18:48Z</time><extensions><gpxtpx:TrackPointExtension><gpxtpx:depth>0.00</gpxtpx:depth></gpxtpx:TrackPointExtension></extensions></trkpt><trkpt lat="37.0928196609" lon="114.5899756718"><ele>-22.58</ele><time>2018-10-11T03:19:06Z</time><extensions><gpxtpx:TrackPointExtension><gpxtpx:depth>0.00</gpxtpx:depth></gpxtpx:TrackPointExtension></extensions></trkpt><trkpt lat="37.0920615178" lon="114.5899787731"><ele>-22.63</ele><time>2018-10-11T03:19:22Z</time><extensions><gpxtpx:TrackPointExtension><gpxtpx:depth>0.00</gpxtpx:depth></gpxtpx:TrackPointExtension></extensions></trkpt><trkpt lat="37.0915047918" lon="114.5899802819"><ele>-22.66</ele><time>2018-10-11T03:19:35Z</time><extensions><gpxtpx:TrackPointExtension><gpxtpx:depth>0.00</gpxtpx:depth></gpxtpx:TrackPointExtension></extensions></trkpt><trkpt lat="37.0912955794" lon="114.5899773482"><ele>-22.63</ele><time>2018-10-11T03:19:40Z</time><extensions><gpxtpx:TrackPointExtension><gpxtpx:depth>0.00</gpxtpx:depth></gpxtpx:TrackPointExtension></extensions></trkpt><trkpt lat="37.0906003844" lon="114.5899869036"><ele>-22.39</ele><time>2018-10-11T03:19:56Z</time><extensions><gpxtpx:TrackPointExtension><gpxtpx:depth>0.00</gpxtpx:depth></gpxtpx:TrackPointExtension></extensions></trkpt><trkpt lat="37.0898212865" lon="114.5899829641"><ele>-22.27</ele><time>2018-10-11T03:20:14Z</time><extensions><gpxtpx:TrackPointExtension><gpxtpx:depth>0.00</gpxtpx:depth></gpxtpx:TrackPointExtension></extensions></trkpt><trkpt lat="37.0896160975" lon="114.5899743307"><ele>-22.24</ele><time>2018-10-11T03:20:23Z</time><extensions><gpxtpx:TrackPointExtension><gpxtpx:depth>0.00</gpxtpx:depth></gpxtpx:TrackPointExtension></extensions></trkpt><trkpt lat="37.0891970862" lon="114.5899880771"><ele>-22.83</ele><time>2018-10-11T03:20:37Z</time><extensions><gpxtpx:TrackPointExtension><gpxtpx:depth>0.00</gpxtpx:depth></gpxtpx:TrackPointExtension></extensions></trkpt><trkpt lat="37.0885676052" lon="114.5899550524"><ele>-22.44</ele><time>2018-10-11T03:20:53Z</time><extensions><gpxtpx:TrackPointExtension><gpxtpx:depth>0.00</gpxtpx:depth></gpxtpx:TrackPointExtension></extensions></trkpt><trkpt lat="37.0885254443" lon="114.5899428148"><ele>-22.44</ele><time>2018-10-11T03:20:54Z</time><extensions><gpxtpx:TrackPointExtension><gpxtpx:depth>0.00</gpxtpx:depth></gpxtpx:TrackPointExtension></extensions></trkpt><trkpt lat="37.0883923396" lon="114.5898243785"><ele>-22.44</ele><time>2018-10-11T03:20:58Z</time><extensions><gpxtpx:TrackPointExtension><gpxtpx:depth>0.00</gpxtpx:depth></gpxtpx:TrackPointExtension></extensions></trkpt><trkpt lat="37.0883371867" lon="114.5896319300"><ele>-22.48</ele><time>2018-10-11T03:21:02Z</time><extensions><gpxtpx:TrackPointExtension><gpxtpx:depth>0.00</gpxtpx:depth></gpxtpx:TrackPointExtension></extensions></trkpt><trkpt lat="37.0883175731" lon="114.5894197002"><ele>-22.57</ele><time>2018-10-11T03:21:06Z</time><extensions><gpxtpx:TrackPointExtension><gpxtpx:depth>0.00</gpxtpx:depth></gpxtpx:TrackPointExtension></extensions></trkpt><trkpt lat="37.0883143041" lon="114.5887964219"><ele>-22.37</ele><time>2018-10-11T03:21:17Z</time><extensions><gpxtpx:TrackPointExtension><gpxtpx:depth>0.00</gpxtpx:depth></gpxtpx:TrackPointExtension></extensions></trkpt><trkpt lat="37.0883199200" lon="114.5886887982"><ele>-22.34</ele><time>2018-10-11T03:21:19Z</time><extensions><gpxtpx:TrackPointExtension><gpxtpx:depth>0.00</gpxtpx:depth></gpxtpx:TrackPointExtension></extensions></trkpt><trkpt lat="37.0883163996" lon="114.5885279495"><ele>-22.30</ele><time>2018-10-11T03:21:22Z</time><extensions><gpxtpx:TrackPointExtension><gpxtpx:depth>0.00</gpxtpx:depth></gpxtpx:TrackPointExtension></extensions></trkpt><trkpt lat="37.0883144718" lon="114.5876057725"><ele>-22.04</ele><time>2018-10-11T03:21:39Z</time><extensions><gpxtpx:TrackPointExtension><gpxtpx:depth>0.00</gpxtpx:depth></gpxtpx:TrackPointExtension></extensions></trkpt><trkpt lat="37.0883172378" lon="114.5868600346"><ele>-22.03</ele><time>2018-10-11T03:21:53Z</time><extensions><gpxtpx:TrackPointExtension><gpxtpx:depth>0.00</gpxtpx:depth></gpxtpx:TrackPointExtension></extensions></trkpt><trkpt lat="37.0883847121" lon="114.5864390954"><ele>-22.20</ele><time>2018-10-11T03:22:06Z</time><extensions><gpxtpx:TrackPointExtension><gpxtpx:depth>0.00</gpxtpx:depth></gpxtpx:TrackPointExtension></extensions></trkpt><trkpt lat="37.0882889070" lon="114.5861506741"><ele>-22.25</ele><time>2018-10-11T03:22:16Z</time><extensions><gpxtpx:TrackPointExtension><gpxtpx:depth>0.00</gpxtpx:depth></gpxtpx:TrackPointExtension></extensions></trkpt><trkpt lat="37.0882670302" lon="114.5855227020"><ele>-22.18</ele><time>2018-10-11T03:22:29Z</time><extensions><gpxtpx:TrackPointExtension><gpxtpx:depth>0.00</gpxtpx:depth></gpxtpx:TrackPointExtension></extensions></trkpt><trkpt lat="37.0882561337" lon="114.5844997745"><ele>-21.75</ele><time>2018-10-11T03:22:48Z</time><extensions><gpxtpx:TrackPointExtension><gpxtpx:depth>0.00</gpxtpx:depth></gpxtpx:TrackPointExtension></extensions></trkpt><trkpt lat="37.0882749930" lon="114.5835231990"><ele>-21.55</ele><time>2018-10-11T03:23:06Z</time><extensions><gpxtpx:TrackPointExtension><gpxtpx:depth>0.00</gpxtpx:depth></gpxtpx:TrackPointExtension></extensions></trkpt><trkpt lat="37.0883048326" lon="114.5824951585"><ele>-21.77</ele><time>2018-10-11T03:23:23Z</time><extensions><gpxtpx:TrackPointExtension><gpxtpx:depth>0.00</gpxtpx:depth></gpxtpx:TrackPointExtension></extensions></trkpt><trkpt lat="37.0883005578" lon="114.5812144876"><ele>-22.80</ele><time>2018-10-11T03:23:43Z</time><extensions><gpxtpx:TrackPointExtension><gpxtpx:depth>0.00</gpxtpx:depth></gpxtpx:TrackPointExtension></extensions></trkpt><trkpt lat="37.0883115381" lon="114.5807617810"><ele>-22.99</ele><time>2018-10-11T03:23:51Z</time><extensions><gpxtpx:TrackPointExtension><gpxtpx:depth>0.00</gpxtpx:depth></gpxtpx:TrackPointExtension></extensions></trkpt><trkpt lat="37.0883393660" lon="114.5806668978"><ele>-23.00</ele><time>2018-10-11T03:23:53Z</time><extensions><gpxtpx:TrackPointExtension><gpxtpx:depth>0.00</gpxtpx:depth></gpxtpx:TrackPointExtension></extensions></trkpt><trkpt lat="37.0883466583" lon="114.5802955795"><ele>-22.98</ele><time>2018-10-11T03:23:59Z</time><extensions><gpxtpx:TrackPointExtension><gpxtpx:depth>0.00</gpxtpx:depth></gpxtpx:TrackPointExtension></extensions></trkpt><trkpt lat="37.0883390307" lon="114.5802320447"><ele>-22.98</ele><time>2018-10-11T03:24:00Z</time><extensions><gpxtpx:TrackPointExtension><gpxtpx:depth>0.00</gpxtpx:depth></gpxtpx:TrackPointExtension></extensions></trkpt><trkpt lat="37.0883228537" lon="114.5791761763"><ele>-21.89</ele><time>2018-10-11T03:24:20Z</time><extensions><gpxtpx:TrackPointExtension><gpxtpx:depth>0.00</gpxtpx:depth></gpxtpx:TrackPointExtension></extensions></trkpt><trkpt lat="37.0883140527" lon="114.5784038678"><ele>-20.96</ele><time>2018-10-11T03:24:37Z</time><extensions><gpxtpx:TrackPointExtension><gpxtpx:depth>0.00</gpxtpx:depth></gpxtpx:TrackPointExtension></extensions></trkpt><trkpt lat="37.0883167349" lon="114.5778560266"><ele>-20.44</ele><time>2018-10-11T03:24:50Z</time><extensions><gpxtpx:TrackPointExtension><gpxtpx:depth>0.00</gpxtpx:depth></gpxtpx:TrackPointExtension></extensions></trkpt><trkpt lat="37.0882801060" lon="114.5772045851"><ele>-19.76</ele><time>2018-10-11T03:25:04Z</time><extensions><gpxtpx:TrackPointExtension><gpxtpx:depth>0.00</gpxtpx:depth></gpxtpx:TrackPointExtension></extensions></trkpt><trkpt lat="37.0882995520" lon="114.5769372024"><ele>-19.63</ele><time>2018-10-11T03:25:09Z</time><extensions><gpxtpx:TrackPointExtension><gpxtpx:depth>0.00</gpxtpx:depth></gpxtpx:TrackPointExtension></extensions></trkpt><trkpt lat="37.0883047488" lon="114.5761658158"><ele>-19.58</ele><time>2018-10-11T03:25:23Z</time><extensions><gpxtpx:TrackPointExtension><gpxtpx:depth>0.00</gpxtpx:depth></gpxtpx:TrackPointExtension></extensions></trkpt><trkpt lat="37.0882960316" lon="114.5750635955"><ele>-19.33</ele><time>2018-10-11T03:25:43Z</time><extensions><gpxtpx:TrackPointExtension><gpxtpx:depth>0.00</gpxtpx:depth></gpxtpx:TrackPointExtension></extensions></trkpt><trkpt lat="37.0882994682" lon="114.5740560908"><ele>-18.80</ele><time>2018-10-11T03:26:01Z</time><extensions><gpxtpx:TrackPointExtension><gpxtpx:depth>0.00</gpxtpx:depth></gpxtpx:TrackPointExtension></extensions></trkpt><trkpt lat="37.0882986300" lon="114.5740003511"><ele>-18.78</ele><time>2018-10-11T03:26:02Z</time><extensions><gpxtpx:TrackPointExtension><gpxtpx:depth>0.00</gpxtpx:depth></gpxtpx:TrackPointExtension></extensions></trkpt><trkpt lat="37.0882977918" lon="114.5730672777"><ele>-18.69</ele><time>2018-10-11T03:26:18Z</time><extensions><gpxtpx:TrackPointExtension><gpxtpx:depth>0.00</gpxtpx:depth></gpxtpx:TrackPointExtension></extensions></trkpt><trkpt lat="37.0882916730" lon="114.5724222902"><ele>-18.82</ele><time>2018-10-11T03:26:29Z</time><extensions><gpxtpx:TrackPointExtension><gpxtpx:depth>0.00</gpxtpx:depth></gpxtpx:TrackPointExtension></extensions></trkpt><trkpt lat="37.0882946905" lon="114.5720795542"><ele>-18.93</ele><time>2018-10-11T03:26:35Z</time><extensions><gpxtpx:TrackPointExtension><gpxtpx:depth>0.00</gpxtpx:depth></gpxtpx:TrackPointExtension></extensions></trkpt><trkpt lat="37.0882781781" lon="114.5711103547"><ele>-18.98</ele><time>2018-10-11T03:26:52Z</time><extensions><gpxtpx:TrackPointExtension><gpxtpx:depth>0.00</gpxtpx:depth></gpxtpx:TrackPointExtension></extensions></trkpt><trkpt lat="37.0882909186" lon="114.5702470187"><ele>-18.99</ele><time>2018-10-11T03:27:07Z</time><extensions><gpxtpx:TrackPointExtension><gpxtpx:depth>0.00</gpxtpx:depth></gpxtpx:TrackPointExtension></extensions></trkpt><trkpt lat="37.0882819500" lon="114.5700346213"><ele>-18.95</ele><time>2018-10-11T03:27:11Z</time><extensions><gpxtpx:TrackPointExtension><gpxtpx:depth>0.00</gpxtpx:depth></gpxtpx:TrackPointExtension></extensions></trkpt><trkpt lat="37.0882719755" lon="114.5692602172"><ele>-18.66</ele><time>2018-10-11T03:27:25Z</time><extensions><gpxtpx:TrackPointExtension><gpxtpx:depth>0.00</gpxtpx:depth></gpxtpx:TrackPointExtension></extensions></trkpt><trkpt lat="37.0881148987" lon="114.5689745620"><ele>-18.52</ele><time>2018-10-11T03:27:33Z</time><extensions><gpxtpx:TrackPointExtension><gpxtpx:depth>0.00</gpxtpx:depth></gpxtpx:TrackPointExtension></extensions></trkpt><trkpt lat="37.0879931096" lon="114.5689749811"><ele>-18.42</ele><time>2018-10-11T03:27:36Z</time><extensions><gpxtpx:TrackPointExtension><gpxtpx:depth>0.00</gpxtpx:depth></gpxtpx:TrackPointExtension></extensions></trkpt><trkpt lat="37.0879103802" lon="114.5689810999"><ele>-18.38</ele><time>2018-10-11T03:27:38Z</time><extensions><gpxtpx:TrackPointExtension><gpxtpx:depth>0.00</gpxtpx:depth></gpxtpx:TrackPointExtension></extensions></trkpt><trkpt lat="37.0877174288" lon="114.5688925870"><ele>-18.05</ele><time>2018-10-11T03:27:44Z</time><extensions><gpxtpx:TrackPointExtension><gpxtpx:depth>0.00</gpxtpx:depth></gpxtpx:TrackPointExtension></extensions></trkpt><trkpt lat="37.0876820572" lon="114.5687600691"><ele>-17.98</ele><time>2018-10-11T03:27:47Z</time><extensions><gpxtpx:TrackPointExtension><gpxtpx:depth>0.00</gpxtpx:depth></gpxtpx:TrackPointExtension></extensions></trkpt><trkpt lat="37.0876295865" lon="114.5686256234"><ele>-17.84</ele><time>2018-10-11T03:27:50Z</time><extensions><gpxtpx:TrackPointExtension><gpxtpx:depth>0.00</gpxtpx:depth></gpxtpx:TrackPointExtension></extensions></trkpt><trkpt lat="37.0875963103" lon="114.5685900841"><ele>-17.81</ele><time>2018-10-11T03:27:51Z</time><extensions><gpxtpx:TrackPointExtension><gpxtpx:depth>0.00</gpxtpx:depth></gpxtpx:TrackPointExtension></extensions></trkpt><trkpt lat="37.0875558257" lon="114.5685697161"><ele>-17.76</ele><time>2018-10-11T03:27:52Z</time><extensions><gpxtpx:TrackPointExtension><gpxtpx:depth>0.00</gpxtpx:depth></gpxtpx:TrackPointExtension></extensions></trkpt><trkpt lat="37.0875095576" lon="114.5685634296"><ele>-17.73</ele><time>2018-10-11T03:27:53Z</time><extensions><gpxtpx:TrackPointExtension><gpxtpx:depth>0.00</gpxtpx:depth></gpxtpx:TrackPointExtension></extensions></trkpt><trkpt lat="37.0874618646" lon="114.5685643516"><ele>-17.70</ele><time>2018-10-11T03:27:54Z</time><extensions><gpxtpx:TrackPointExtension><gpxtpx:depth>0.00</gpxtpx:depth></gpxtpx:TrackPointExtension></extensions></trkpt><trkpt lat="37.0865668450" lon="114.5686241146"><ele>-17.43</ele><time>2018-10-11T03:28:13Z</time><extensions><gpxtpx:TrackPointExtension><gpxtpx:depth>0.00</gpxtpx:depth></gpxtpx:TrackPointExtension></extensions></trkpt><trkpt lat="37.0854667202" lon="114.5687214285"><ele>-17.16</ele><time>2018-10-11T03:28:36Z</time><extensions><gpxtpx:TrackPointExtension><gpxtpx:depth>0.00</gpxtpx:depth></gpxtpx:TrackPointExtension></extensions></trkpt><trkpt lat="37.0844765659" lon="114.5688253641"><ele>-17.36</ele><time>2018-10-11T03:28:57Z</time><extensions><gpxtpx:TrackPointExtension><gpxtpx:depth>0.00</gpxtpx:depth></gpxtpx:TrackPointExtension></extensions></trkpt><trkpt lat="37.0844302978" lon="114.5688261185"><ele>-17.39</ele><time>2018-10-11T03:28:58Z</time><extensions><gpxtpx:TrackPointExtension><gpxtpx:depth>0.00</gpxtpx:depth></gpxtpx:TrackPointExtension></extensions></trkpt><trkpt lat="37.0835657883" lon="114.5688762423"><ele>-17.32</ele><time>2018-10-11T03:29:16Z</time><extensions><gpxtpx:TrackPointExtension><gpxtpx:depth>0.00</gpxtpx:depth></gpxtpx:TrackPointExtension></extensions></trkpt><trkpt lat="37.0823953394" lon="114.5689717121"><ele>-16.99</ele><time>2018-10-11T03:29:41Z</time><extensions><gpxtpx:TrackPointExtension><gpxtpx:depth>0.00</gpxtpx:depth></gpxtpx:TrackPointExtension></extensions></trkpt><trkpt lat="37.0818572212" lon="114.5690255240"><ele>-16.94</ele><time>2018-10-11T03:29:53Z</time><extensions><gpxtpx:TrackPointExtension><gpxtpx:depth>0.00</gpxtpx:depth></gpxtpx:TrackPointExtension></extensions></trkpt><trkpt lat="37.0809543226" lon="114.5690929145"><ele>-16.99</ele><time>2018-10-11T03:30:13Z</time><extensions><gpxtpx:TrackPointExtension><gpxtpx:depth>0.00</gpxtpx:depth></gpxtpx:TrackPointExtension></extensions></trkpt><trkpt lat="37.0801719557" lon="114.5691913180"><ele>-16.81</ele><time>2018-10-11T03:30:31Z</time><extensions><gpxtpx:TrackPointExtension><gpxtpx:depth>0.00</gpxtpx:depth></gpxtpx:TrackPointExtension></extensions></trkpt><trkpt lat="37.0801316388" lon="114.5691861212"><ele>-16.71</ele><time>2018-10-11T03:30:32Z</time><extensions><gpxtpx:TrackPointExtension><gpxtpx:depth>0.00</gpxtpx:depth></gpxtpx:TrackPointExtension></extensions></trkpt><trkpt lat="37.0800926629" lon="114.5691798348"><ele>-16.63</ele><time>2018-10-11T03:30:33Z</time><extensions><gpxtpx:TrackPointExtension><gpxtpx:depth>0.00</gpxtpx:depth></gpxtpx:TrackPointExtension></extensions></trkpt><trkpt lat="37.0799817704" lon="114.5691722073"><ele>-16.44</ele><time>2018-10-11T03:30:41Z</time><extensions><gpxtpx:TrackPointExtension><gpxtpx:depth>0.00</gpxtpx:depth></gpxtpx:TrackPointExtension></extensions></trkpt><trkpt lat="37.0799401123" lon="114.5691853669"><ele>-16.21</ele><time>2018-10-11T03:32:07Z</time><extensions><gpxtpx:TrackPointExtension><gpxtpx:depth>0.00</gpxtpx:depth></gpxtpx:TrackPointExtension></extensions></trkpt><trkpt lat="37.0799194928" lon="114.5691896416"><ele>-16.21</ele><time>2018-10-11T03:32:08Z</time><extensions><gpxtpx:TrackPointExtension><gpxtpx:depth>0.00</gpxtpx:depth></gpxtpx:TrackPointExtension></extensions></trkpt><trkpt lat="37.0794340968" lon="114.5692551043"><ele>-16.13</ele><time>2018-10-11T03:32:22Z</time><extensions><gpxtpx:TrackPointExtension><gpxtpx:depth>0.00</gpxtpx:depth></gpxtpx:TrackPointExtension></extensions></trkpt><trkpt lat="37.0789533108" lon="114.5693135262"><ele>-15.97</ele><time>2018-10-11T03:32:35Z</time><extensions><gpxtpx:TrackPointExtension><gpxtpx:depth>0.00</gpxtpx:depth></gpxtpx:TrackPointExtension></extensions></trkpt><trkpt lat="37.0784741174" lon="114.5693674218"><ele>-15.75</ele><time>2018-10-11T03:32:47Z</time><extensions><gpxtpx:TrackPointExtension><gpxtpx:depth>0.00</gpxtpx:depth></gpxtpx:TrackPointExtension></extensions></trkpt><trkpt lat="37.0784329623" lon="114.5693739597"><ele>-15.73</ele><time>2018-10-11T03:32:48Z</time><extensions><gpxtpx:TrackPointExtension><gpxtpx:depth>0.00</gpxtpx:depth></gpxtpx:TrackPointExtension></extensions></trkpt><trkpt lat="37.0783928968" lon="114.5693820901"><ele>-15.71</ele><time>2018-10-11T03:32:49Z</time><extensions><gpxtpx:TrackPointExtension><gpxtpx:depth>0.00</gpxtpx:depth></gpxtpx:TrackPointExtension></extensions></trkpt><trkpt lat="37.0779815968" lon="114.5694410149"><ele>-15.49</ele><time>2018-10-11T03:32:59Z</time><extensions><gpxtpx:TrackPointExtension><gpxtpx:depth>0.00</gpxtpx:depth></gpxtpx:TrackPointExtension></extensions></trkpt><trkpt lat="37.0779382624" lon="114.5694429427"><ele>-15.46</ele><time>2018-10-11T03:33:00Z</time><extensions><gpxtpx:TrackPointExtension><gpxtpx:depth>0.00</gpxtpx:depth></gpxtpx:TrackPointExtension></extensions></trkpt><trkpt lat="37.0772766788" lon="114.5695276838"><ele>-15.27</ele><time>2018-10-11T03:33:15Z</time><extensions><gpxtpx:TrackPointExtension><gpxtpx:depth>0.00</gpxtpx:depth></gpxtpx:TrackPointExtension></extensions></trkpt><trkpt lat="37.0772311650" lon="114.5695342217"><ele>-15.27</ele><time>2018-10-11T03:33:16Z</time><extensions><gpxtpx:TrackPointExtension><gpxtpx:depth>0.00</gpxtpx:depth></gpxtpx:TrackPointExtension></extensions></trkpt><trkpt lat="37.0763676614" lon="114.5697161090"><ele>-15.27</ele><time>2018-10-11T03:33:36Z</time><extensions><gpxtpx:TrackPointExtension><gpxtpx:depth>0.00</gpxtpx:depth></gpxtpx:TrackPointExtension></extensions></trkpt><trkpt lat="37.0757692773" lon="114.5698651392"><ele>-15.21</ele><time>2018-10-11T03:33:50Z</time><extensions><gpxtpx:TrackPointExtension><gpxtpx:depth>0.00</gpxtpx:depth></gpxtpx:TrackPointExtension></extensions></trkpt><trkpt lat="37.0757261943" lon="114.5698549133"><ele>-15.21</ele><time>2018-10-11T03:33:51Z</time><extensions><gpxtpx:TrackPointExtension><gpxtpx:depth>0.00</gpxtpx:depth></gpxtpx:TrackPointExtension></extensions></trkpt><trkpt lat="37.0756821055" lon="114.5698463637"><ele>-15.21</ele><time>2018-10-11T03:33:52Z</time><extensions><gpxtpx:TrackPointExtension><gpxtpx:depth>0.00</gpxtpx:depth></gpxtpx:TrackPointExtension></extensions></trkpt><trkpt lat="37.0755458158" lon="114.5698346291"><ele>-15.21</ele><time>2018-10-11T03:33:55Z</time><extensions><gpxtpx:TrackPointExtension><gpxtpx:depth>0.00</gpxtpx:depth></gpxtpx:TrackPointExtension></extensions></trkpt><trkpt lat="37.0754999667" lon="114.5698382333"><ele>-15.23</ele><time>2018-10-11T03:33:56Z</time><extensions><gpxtpx:TrackPointExtension><gpxtpx:depth>0.00</gpxtpx:depth></gpxtpx:TrackPointExtension></extensions></trkpt><trkpt lat="37.0746673923" lon="114.5699818153"><ele>-15.84</ele><time>2018-10-11T03:34:14Z</time><extensions><gpxtpx:TrackPointExtension><gpxtpx:depth>0.00</gpxtpx:depth></gpxtpx:TrackPointExtension></extensions></trkpt><trkpt lat="37.0736735500" lon="114.5701390598"><ele>-15.85</ele><time>2018-10-11T03:34:36Z</time><extensions><gpxtpx:TrackPointExtension><gpxtpx:depth>0.00</gpxtpx:depth></gpxtpx:TrackPointExtension></extensions></trkpt><trkpt lat="37.0728130639" lon="114.5702708233"><ele>-15.81</ele><time>2018-10-11T03:34:55Z</time><extensions><gpxtpx:TrackPointExtension><gpxtpx:depth>0.00</gpxtpx:depth></gpxtpx:TrackPointExtension></extensions></trkpt><trkpt lat="37.0726340264" lon="114.5702948794"><ele>-15.81</ele><time>2018-10-11T03:34:59Z</time><extensions><gpxtpx:TrackPointExtension><gpxtpx:depth>0.00</gpxtpx:depth></gpxtpx:TrackPointExtension></extensions></trkpt><trkpt lat="37.0719674975" lon="114.5704122260"><ele>-15.91</ele><time>2018-10-11T03:35:16Z</time><extensions><gpxtpx:TrackPointExtension><gpxtpx:depth>0.00</gpxtpx:depth></gpxtpx:TrackPointExtension></extensions></trkpt><trkpt lat="37.0714536030" lon="114.5704911835"><ele>-15.95</ele><time>2018-10-11T03:35:29Z</time><extensions><gpxtpx:TrackPointExtension><gpxtpx:depth>0.00</gpxtpx:depth></gpxtpx:TrackPointExtension></extensions></trkpt><trkpt lat="37.0706043486" lon="114.5706027467"><ele>-15.98</ele><time>2018-10-11T03:35:48Z</time><extensions><gpxtpx:TrackPointExtension><gpxtpx:depth>0.00</gpxtpx:depth></gpxtpx:TrackPointExtension></extensions></trkpt><trkpt lat="37.0696895476" lon="114.5706620906"><ele>-16.15</ele><time>2018-10-11T03:36:08Z</time><extensions><gpxtpx:TrackPointExtension><gpxtpx:depth>0.00</gpxtpx:depth></gpxtpx:TrackPointExtension></extensions></trkpt><trkpt lat="37.0696431119" lon="114.5706628449"><ele>-16.16</ele><time>2018-10-11T03:36:09Z</time><extensions><gpxtpx:TrackPointExtension><gpxtpx:depth>0.00</gpxtpx:depth></gpxtpx:TrackPointExtension></extensions></trkpt><trkpt lat="37.0687279757" lon="114.5706902537"><ele>-16.22</ele><time>2018-10-11T03:36:29Z</time><extensions><gpxtpx:TrackPointExtension><gpxtpx:depth>0.00</gpxtpx:depth></gpxtpx:TrackPointExtension></extensions></trkpt><trkpt lat="37.0686810371" lon="114.5706897508"><ele>-16.22</ele><time>2018-10-11T03:36:30Z</time><extensions><gpxtpx:TrackPointExtension><gpxtpx:depth>0.00</gpxtpx:depth></gpxtpx:TrackPointExtension></extensions></trkpt><trkpt lat="37.0675745420" lon="114.5706150681"><ele>-16.03</ele><time>2018-10-11T03:36:53Z</time><extensions><gpxtpx:TrackPointExtension><gpxtpx:depth>0.00</gpxtpx:depth></gpxtpx:TrackPointExtension></extensions></trkpt><trkpt lat="37.0672366675" lon="114.5705983043"><ele>-15.84</ele><time>2018-10-11T03:37:00Z</time><extensions><gpxtpx:TrackPointExtension><gpxtpx:depth>0.00</gpxtpx:depth></gpxtpx:TrackPointExtension></extensions></trkpt><trkpt lat="37.0669514313" lon="114.5705807861"><ele>-15.79</ele><time>2018-10-11T03:37:06Z</time><extensions><gpxtpx:TrackPointExtension><gpxtpx:depth>0.00</gpxtpx:depth></gpxtpx:TrackPointExtension></extensions></trkpt><trkpt lat="37.0661875047" lon="114.5704635233"><ele>-15.86</ele><time>2018-10-11T03:37:22Z</time><extensions><gpxtpx:TrackPointExtension><gpxtpx:depth>0.00</gpxtpx:depth></gpxtpx:TrackPointExtension></extensions></trkpt><trkpt lat="37.0653578639" lon="114.5703208633"><ele>-15.85</ele><time>2018-10-11T03:37:40Z</time><extensions><gpxtpx:TrackPointExtension><gpxtpx:depth>0.00</gpxtpx:depth></gpxtpx:TrackPointExtension></extensions></trkpt><trkpt lat="37.0645060949" lon="114.5701435022"><ele>-15.90</ele><time>2018-10-11T03:37:59Z</time><extensions><gpxtpx:TrackPointExtension><gpxtpx:depth>0.00</gpxtpx:depth></gpxtpx:TrackPointExtension></extensions></trkpt><trkpt lat="37.0642924402" lon="114.5700968988"><ele>-15.94</ele><time>2018-10-11T03:38:04Z</time><extensions><gpxtpx:TrackPointExtension><gpxtpx:depth>0.00</gpxtpx:depth></gpxtpx:TrackPointExtension></extensions></trkpt><trkpt lat="37.0640720800" lon="114.5700603537"><ele>-15.95</ele><time>2018-10-11T03:38:09Z</time><extensions><gpxtpx:TrackPointExtension><gpxtpx:depth>0.00</gpxtpx:depth></gpxtpx:TrackPointExtension></extensions></trkpt><trkpt lat="37.0640304219" lon="114.5700552408"><ele>-15.95</ele><time>2018-10-11T03:38:10Z</time><extensions><gpxtpx:TrackPointExtension><gpxtpx:depth>0.00</gpxtpx:depth></gpxtpx:TrackPointExtension></extensions></trkpt><trkpt lat="37.0639905240" lon="114.5700478647"><ele>-15.95</ele><time>2018-10-11T03:38:11Z</time><extensions><gpxtpx:TrackPointExtension><gpxtpx:depth>0.00</gpxtpx:depth></gpxtpx:TrackPointExtension></extensions></trkpt><trkpt lat="37.0634861849" lon="114.5699228067"><ele>-15.68</ele><time>2018-10-11T03:38:24Z</time><extensions><gpxtpx:TrackPointExtension><gpxtpx:depth>0.00</gpxtpx:depth></gpxtpx:TrackPointExtension></extensions></trkpt><trkpt lat="37.0626677759" lon="114.5697423443"><ele>-15.54</ele><time>2018-10-11T03:38:43Z</time><extensions><gpxtpx:TrackPointExtension><gpxtpx:depth>0.00</gpxtpx:depth></gpxtpx:TrackPointExtension></extensions></trkpt><trkpt lat="37.0619943738" lon="114.5696122572"><ele>-15.51</ele><time>2018-10-11T03:38:58Z</time><extensions><gpxtpx:TrackPointExtension><gpxtpx:depth>0.00</gpxtpx:depth></gpxtpx:TrackPointExtension></extensions></trkpt><trkpt lat="37.0619498659" lon="114.5696047135"><ele>-15.51</ele><time>2018-10-11T03:38:59Z</time><extensions><gpxtpx:TrackPointExtension><gpxtpx:depth>0.00</gpxtpx:depth></gpxtpx:TrackPointExtension></extensions></trkpt><trkpt lat="37.0613674913" lon="114.5694802422"><ele>-15.51</ele><time>2018-10-11T03:39:12Z</time><extensions><gpxtpx:TrackPointExtension><gpxtpx:depth>0.00</gpxtpx:depth></gpxtpx:TrackPointExtension></extensions></trkpt><trkpt lat="37.0610005315" lon="114.5693969261"><ele>-15.49</ele><time>2018-10-11T03:39:20Z</time><extensions><gpxtpx:TrackPointExtension><gpxtpx:depth>0.00</gpxtpx:depth></gpxtpx:TrackPointExtension></extensions></trkpt><trkpt lat="37.0609570295" lon="114.5693816710"><ele>-15.49</ele><time>2018-10-11T03:39:21Z</time><extensions><gpxtpx:TrackPointExtension><gpxtpx:depth>0.00</gpxtpx:depth></gpxtpx:TrackPointExtension></extensions></trkpt><trkpt lat="37.0607923251" lon="114.5692172181"><ele>-15.59</ele><time>2018-10-11T03:39:32Z</time><extensions><gpxtpx:TrackPointExtension><gpxtpx:depth>0.00</gpxtpx:depth></gpxtpx:TrackPointExtension></extensions></trkpt><trkpt lat="37.0607908163" lon="114.5692219958"><ele>-15.63</ele><time>2018-10-11T03:39:35Z</time><extensions><gpxtpx:TrackPointExtension><gpxtpx:depth>0.00</gpxtpx:depth></gpxtpx:TrackPointExtension></extensions></trkpt><trkpt lat="37.0607008785" lon="114.5692256000"><ele>-15.45</ele><time>2018-10-11T03:40:30Z</time><extensions><gpxtpx:TrackPointExtension><gpxtpx:depth>0.00</gpxtpx:depth></gpxtpx:TrackPointExtension></extensions></trkpt><trkpt lat="37.0606717095" lon="114.5692267735"><ele>-15.46</ele><time>2018-10-11T03:40:31Z</time><extensions><gpxtpx:TrackPointExtension><gpxtpx:depth>0.00</gpxtpx:depth></gpxtpx:TrackPointExtension></extensions></trkpt><trkpt lat="37.0606367569" lon="114.5692288689"><ele>-15.48</ele><time>2018-10-11T03:40:32Z</time><extensions><gpxtpx:TrackPointExtension><gpxtpx:depth>0.00</gpxtpx:depth></gpxtpx:TrackPointExtension></extensions></trkpt><trkpt lat="37.0601158217" lon="114.5691737160"><ele>-15.39</ele><time>2018-10-11T03:40:46Z</time><extensions><gpxtpx:TrackPointExtension><gpxtpx:depth>0.00</gpxtpx:depth></gpxtpx:TrackPointExtension></extensions></trkpt><trkpt lat="37.0594470296" lon="114.5691046491"><ele>-15.27</ele><time>2018-10-11T03:41:02Z</time><extensions><gpxtpx:TrackPointExtension><gpxtpx:depth>0.00</gpxtpx:depth></gpxtpx:TrackPointExtension></extensions></trkpt><trkpt lat="37.0587778185" lon="114.5689816866"><ele>-15.09</ele><time>2018-10-11T03:41:17Z</time><extensions><gpxtpx:TrackPointExtension><gpxtpx:depth>0.00</gpxtpx:depth></gpxtpx:TrackPointExtension></extensions></trkpt><trkpt lat="37.0581094455" lon="114.5688175689"><ele>-14.98</ele><time>2018-10-11T03:41:33Z</time><extensions><gpxtpx:TrackPointExtension><gpxtpx:depth>0.00</gpxtpx:depth></gpxtpx:TrackPointExtension></extensions></trkpt><trkpt lat="37.0573698264" lon="114.5686591510"><ele>-14.77</ele><time>2018-10-11T03:41:50Z</time><extensions><gpxtpx:TrackPointExtension><gpxtpx:depth>0.00</gpxtpx:depth></gpxtpx:TrackPointExtension></extensions></trkpt><trkpt lat="37.0566479769" lon="114.5685115457"><ele>-14.52</ele><time>2018-10-11T03:42:06Z</time><extensions><gpxtpx:TrackPointExtension><gpxtpx:depth>0.00</gpxtpx:depth></gpxtpx:TrackPointExtension></extensions></trkpt><trkpt lat="37.0562920813" lon="114.5684379525"><ele>-14.55</ele><time>2018-10-11T03:42:14Z</time><extensions><gpxtpx:TrackPointExtension><gpxtpx:depth>0.00</gpxtpx:depth></gpxtpx:TrackPointExtension></extensions></trkpt><trkpt lat="37.0560682844" lon="114.5684044249"><ele>-14.55</ele><time>2018-10-11T03:42:19Z</time><extensions><gpxtpx:TrackPointExtension><gpxtpx:depth>0.00</gpxtpx:depth></gpxtpx:TrackPointExtension></extensions></trkpt><trkpt lat="37.0560241956" lon="114.5683900081"><ele>-14.55</ele><time>2018-10-11T03:42:20Z</time><extensions><gpxtpx:TrackPointExtension><gpxtpx:depth>0.00</gpxtpx:depth></gpxtpx:TrackPointExtension></extensions></trkpt><trkpt lat="37.0551776234" lon="114.5682125632"><ele>-14.24</ele><time>2018-10-11T03:42:39Z</time><extensions><gpxtpx:TrackPointExtension><gpxtpx:depth>0.00</gpxtpx:depth></gpxtpx:TrackPointExtension></extensions></trkpt><trkpt lat="37.0543344878" lon="114.5680267364"><ele>-14.21</ele><time>2018-10-11T03:42:58Z</time><extensions><gpxtpx:TrackPointExtension><gpxtpx:depth>0.00</gpxtpx:depth></gpxtpx:TrackPointExtension></extensions></trkpt><trkpt lat="37.0535446610" lon="114.5678636245"><ele>-14.11</ele><time>2018-10-11T03:43:16Z</time><extensions><gpxtpx:TrackPointExtension><gpxtpx:depth>0.00</gpxtpx:depth></gpxtpx:TrackPointExtension></extensions></trkpt><trkpt lat="37.0525929797" lon="114.5676650573"><ele>-13.83</ele><time>2018-10-11T03:43:38Z</time><extensions><gpxtpx:TrackPointExtension><gpxtpx:depth>0.00</gpxtpx:depth></gpxtpx:TrackPointExtension></extensions></trkpt><trkpt lat="37.0520618185" lon="114.5675526559"><ele>-13.67</ele><time>2018-10-11T03:43:50Z</time><extensions><gpxtpx:TrackPointExtension><gpxtpx:depth>0.00</gpxtpx:depth></gpxtpx:TrackPointExtension></extensions></trkpt><trkpt lat="37.0509964786" lon="114.5673291944"><ele>-13.33</ele><time>2018-10-11T03:44:13Z</time><extensions><gpxtpx:TrackPointExtension><gpxtpx:depth>0.00</gpxtpx:depth></gpxtpx:TrackPointExtension></extensions></trkpt><trkpt lat="37.0499494113" lon="114.5671462175"><ele>-13.28</ele><time>2018-10-11T03:44:35Z</time><extensions><gpxtpx:TrackPointExtension><gpxtpx:depth>0.00</gpxtpx:depth></gpxtpx:TrackPointExtension></extensions></trkpt><trkpt lat="37.0497715473" lon="114.5671088342"><ele>-13.23</ele><time>2018-10-11T03:44:39Z</time><extensions><gpxtpx:TrackPointExtension><gpxtpx:depth>0.00</gpxtpx:depth></gpxtpx:TrackPointExtension></extensions></trkpt><trkpt lat="37.0491108857" lon="114.5669492427"><ele>-13.18</ele><time>2018-10-11T03:44:54Z</time><extensions><gpxtpx:TrackPointExtension><gpxtpx:depth>0.00</gpxtpx:depth></gpxtpx:TrackPointExtension></extensions></trkpt><trkpt lat="37.0481968392" lon="114.5667624939"><ele>-12.97</ele><time>2018-10-11T03:45:15Z</time><extensions><gpxtpx:TrackPointExtension><gpxtpx:depth>0.00</gpxtpx:depth></gpxtpx:TrackPointExtension></extensions></trkpt><trkpt lat="37.0473368559" lon="114.5665708836"><ele>-12.68</ele><time>2018-10-11T03:45:36Z</time><extensions><gpxtpx:TrackPointExtension><gpxtpx:depth>0.00</gpxtpx:depth></gpxtpx:TrackPointExtension></extensions></trkpt><trkpt lat="37.0463740267" lon="114.5663744956"><ele>-12.58</ele><time>2018-10-11T03:45:59Z</time><extensions><gpxtpx:TrackPointExtension><gpxtpx:depth>0.00</gpxtpx:depth></gpxtpx:TrackPointExtension></extensions></trkpt><trkpt lat="37.0454343315" lon="114.5661791973"><ele>-12.12</ele><time>2018-10-11T03:46:21Z</time><extensions><gpxtpx:TrackPointExtension><gpxtpx:depth>0.00</gpxtpx:depth></gpxtpx:TrackPointExtension></extensions></trkpt><trkpt lat="37.0445368811" lon="114.5659913588"><ele>-11.77</ele><time>2018-10-11T03:46:41Z</time><extensions><gpxtpx:TrackPointExtension><gpxtpx:depth>0.00</gpxtpx:depth></gpxtpx:TrackPointExtension></extensions></trkpt><trkpt lat="37.0434590522" lon="114.5657689869"><ele>-11.50</ele><time>2018-10-11T03:47:05Z</time><extensions><gpxtpx:TrackPointExtension><gpxtpx:depth>0.00</gpxtpx:depth></gpxtpx:TrackPointExtension></extensions></trkpt><trkpt lat="37.0427384600" lon="114.5656300988"><ele>-11.49</ele><time>2018-10-11T03:47:21Z</time><extensions><gpxtpx:TrackPointExtension><gpxtpx:depth>0.00</gpxtpx:depth></gpxtpx:TrackPointExtension></extensions></trkpt><trkpt lat="37.0419425983" lon="114.5654739439"><ele>-11.30</ele><time>2018-10-11T03:47:39Z</time><extensions><gpxtpx:TrackPointExtension><gpxtpx:depth>0.00</gpxtpx:depth></gpxtpx:TrackPointExtension></extensions></trkpt><trkpt lat="37.0409687050" lon="114.5652756281"><ele>-10.93</ele><time>2018-10-11T03:48:01Z</time><extensions><gpxtpx:TrackPointExtension><gpxtpx:depth>0.00</gpxtpx:depth></gpxtpx:TrackPointExtension></extensions></trkpt><trkpt lat="37.0399117470" lon="114.5650688466"><ele>-10.29</ele><time>2018-10-11T03:48:25Z</time><extensions><gpxtpx:TrackPointExtension><gpxtpx:depth>0.00</gpxtpx:depth></gpxtpx:TrackPointExtension></extensions></trkpt><trkpt lat="37.0393031370" lon="114.5649687666"><ele>-10.03</ele><time>2018-10-11T03:48:39Z</time><extensions><gpxtpx:TrackPointExtension><gpxtpx:depth>0.00</gpxtpx:depth></gpxtpx:TrackPointExtension></extensions></trkpt><trkpt lat="37.0382334385" lon="114.5648648310"><ele>-9.49</ele><time>2018-10-11T03:49:02Z</time><extensions><gpxtpx:TrackPointExtension><gpxtpx:depth>0.00</gpxtpx:depth></gpxtpx:TrackPointExtension></extensions></trkpt><trkpt lat="37.0373017062" lon="114.5648055710"><ele>-9.42</ele><time>2018-10-11T03:49:22Z</time><extensions><gpxtpx:TrackPointExtension><gpxtpx:depth>0.00</gpxtpx:depth></gpxtpx:TrackPointExtension></extensions></trkpt><trkpt lat="37.0362138189" lon="114.5648022182"><ele>-9.20</ele><time>2018-10-11T03:49:45Z</time><extensions><gpxtpx:TrackPointExtension><gpxtpx:depth>0.00</gpxtpx:depth></gpxtpx:TrackPointExtension></extensions></trkpt><trkpt lat="37.0352447871" lon="114.5648359135"><ele>-9.10</ele><time>2018-10-11T03:50:04Z</time><extensions><gpxtpx:TrackPointExtension><gpxtpx:depth>0.00</gpxtpx:depth></gpxtpx:TrackPointExtension></extensions></trkpt><trkpt lat="37.0343060140" lon="114.5648530126"><ele>-8.67</ele><time>2018-10-11T03:50:25Z</time><extensions><gpxtpx:TrackPointExtension><gpxtpx:depth>0.00</gpxtpx:depth></gpxtpx:TrackPointExtension></extensions></trkpt><trkpt lat="37.0334084798" lon="114.5648786612"><ele>-7.26</ele><time>2018-10-11T03:50:47Z</time><extensions><gpxtpx:TrackPointExtension><gpxtpx:depth>0.00</gpxtpx:depth></gpxtpx:TrackPointExtension></extensions></trkpt><trkpt lat="37.0326231793" lon="114.5649003703"><ele>-6.07</ele><time>2018-10-11T03:51:08Z</time><extensions><gpxtpx:TrackPointExtension><gpxtpx:depth>0.00</gpxtpx:depth></gpxtpx:TrackPointExtension></extensions></trkpt><trkpt lat="37.0319493581" lon="114.5649053995"><ele>-5.83</ele><time>2018-10-11T03:51:25Z</time><extensions><gpxtpx:TrackPointExtension><gpxtpx:depth>0.00</gpxtpx:depth></gpxtpx:TrackPointExtension></extensions></trkpt><trkpt lat="37.0312501397" lon="114.5649269409"><ele>-5.82</ele><time>2018-10-11T03:51:44Z</time><extensions><gpxtpx:TrackPointExtension><gpxtpx:depth>0.00</gpxtpx:depth></gpxtpx:TrackPointExtension></extensions></trkpt><trkpt lat="37.0309417695" lon="114.5649387594"><ele>-5.80</ele><time>2018-10-11T03:51:56Z</time><extensions><gpxtpx:TrackPointExtension><gpxtpx:depth>0.00</gpxtpx:depth></gpxtpx:TrackPointExtension></extensions></trkpt><trkpt lat="37.0305630751" lon="114.5649464708"><ele>-5.76</ele><time>2018-10-11T03:52:10Z</time><extensions><gpxtpx:TrackPointExtension><gpxtpx:depth>0.00</gpxtpx:depth></gpxtpx:TrackPointExtension></extensions></trkpt><trkpt lat="37.0300290640" lon="114.5649742149"><ele>-5.74</ele><time>2018-10-11T03:52:25Z</time><extensions><gpxtpx:TrackPointExtension><gpxtpx:depth>0.00</gpxtpx:depth></gpxtpx:TrackPointExtension></extensions></trkpt><trkpt lat="37.0299093705" lon="114.5649769809"><ele>-5.71</ele><time>2018-10-11T03:52:28Z</time><extensions><gpxtpx:TrackPointExtension><gpxtpx:depth>0.00</gpxtpx:depth></gpxtpx:TrackPointExtension></extensions></trkpt><trkpt lat="37.0294203702" lon="114.5649779029"><ele>-5.69</ele><time>2018-10-11T03:52:42Z</time><extensions><gpxtpx:TrackPointExtension><gpxtpx:depth>0.00</gpxtpx:depth></gpxtpx:TrackPointExtension></extensions></trkpt><trkpt lat="37.0289881993" lon="114.5650005341"><ele>-5.64</ele><time>2018-10-11T03:52:55Z</time><extensions><gpxtpx:TrackPointExtension><gpxtpx:depth>0.00</gpxtpx:depth></gpxtpx:TrackPointExtension></extensions></trkpt><trkpt lat="37.0286198147" lon="114.5650126878"><ele>-5.55</ele><time>2018-10-11T03:53:06Z</time><extensions><gpxtpx:TrackPointExtension><gpxtpx:depth>0.00</gpxtpx:depth></gpxtpx:TrackPointExtension></extensions></trkpt><trkpt lat="37.0281978697" lon="114.5650348160"><ele>-5.59</ele><time>2018-10-11T03:53:20Z</time><extensions><gpxtpx:TrackPointExtension><gpxtpx:depth>0.00</gpxtpx:depth></gpxtpx:TrackPointExtension></extensions></trkpt><trkpt lat="37.0277186763" lon="114.5650577825"><ele>-5.71</ele><time>2018-10-11T03:53:32Z</time><extensions><gpxtpx:TrackPointExtension><gpxtpx:depth>0.00</gpxtpx:depth></gpxtpx:TrackPointExtension></extensions></trkpt><trkpt lat="37.0268926397" lon="114.5650738757"><ele>-6.73</ele><time>2018-10-11T03:53:49Z</time><extensions><gpxtpx:TrackPointExtension><gpxtpx:depth>0.00</gpxtpx:depth></gpxtpx:TrackPointExtension></extensions></trkpt><trkpt lat="37.0261053275" lon="114.5651122648"><ele>-7.63</ele><time>2018-10-11T03:54:04Z</time><extensions><gpxtpx:TrackPointExtension><gpxtpx:depth>0.00</gpxtpx:depth></gpxtpx:TrackPointExtension></extensions></trkpt><trkpt lat="37.0256749168" lon="114.5651208144"><ele>-8.30</ele><time>2018-10-11T03:54:12Z</time><extensions><gpxtpx:TrackPointExtension><gpxtpx:depth>0.00</gpxtpx:depth></gpxtpx:TrackPointExtension></extensions></trkpt><trkpt lat="37.0254805405" lon="114.5651274361"><ele>-8.51</ele><time>2018-10-11T03:54:16Z</time><extensions><gpxtpx:TrackPointExtension><gpxtpx:depth>0.00</gpxtpx:depth></gpxtpx:TrackPointExtension></extensions></trkpt><trkpt lat="37.0254339371" lon="114.5651185513"><ele>-8.58</ele><time>2018-10-11T03:54:17Z</time><extensions><gpxtpx:TrackPointExtension><gpxtpx:depth>0.00</gpxtpx:depth></gpxtpx:TrackPointExtension></extensions></trkpt><trkpt lat="37.0253901836" lon="114.5651182998"><ele>-8.63</ele><time>2018-10-11T03:54:18Z</time><extensions><gpxtpx:TrackPointExtension><gpxtpx:depth>0.00</gpxtpx:depth></gpxtpx:TrackPointExtension></extensions></trkpt><trkpt lat="37.0246706810" lon="114.5651543420"><ele>-9.11</ele><time>2018-10-11T03:54:34Z</time><extensions><gpxtpx:TrackPointExtension><gpxtpx:depth>0.00</gpxtpx:depth></gpxtpx:TrackPointExtension></extensions></trkpt><trkpt lat="37.0246256702" lon="114.5651550964"><ele>-9.12</ele><time>2018-10-11T03:54:35Z</time><extensions><gpxtpx:TrackPointExtension><gpxtpx:depth>0.00</gpxtpx:depth></gpxtpx:TrackPointExtension></extensions></trkpt><trkpt lat="37.0245794859" lon="114.5651568566"><ele>-9.14</ele><time>2018-10-11T03:54:36Z</time><extensions><gpxtpx:TrackPointExtension><gpxtpx:depth>0.00</gpxtpx:depth></gpxtpx:TrackPointExtension></extensions></trkpt><trkpt lat="37.0242992789" lon="114.5651653223"><ele>-9.10</ele><time>2018-10-11T03:54:42Z</time><extensions><gpxtpx:TrackPointExtension><gpxtpx:depth>0.00</gpxtpx:depth></gpxtpx:TrackPointExtension></extensions></trkpt><trkpt lat="37.0242521726" lon="114.5651687589"><ele>-9.09</ele><time>2018-10-11T03:54:43Z</time><extensions><gpxtpx:TrackPointExtension><gpxtpx:depth>0.00</gpxtpx:depth></gpxtpx:TrackPointExtension></extensions></trkpt><trkpt lat="37.0242054854" lon="114.5651670825"><ele>-9.09</ele><time>2018-10-11T03:54:44Z</time><extensions><gpxtpx:TrackPointExtension><gpxtpx:depth>0.00</gpxtpx:depth></gpxtpx:TrackPointExtension></extensions></trkpt><trkpt lat="37.0234522875" lon="114.5651810803"><ele>-9.24</ele><time>2018-10-11T03:55:00Z</time><extensions><gpxtpx:TrackPointExtension><gpxtpx:depth>0.00</gpxtpx:depth></gpxtpx:TrackPointExtension></extensions></trkpt><trkpt lat="37.0226799790" lon="114.5652080700"><ele>-9.34</ele><time>2018-10-11T03:55:17Z</time><extensions><gpxtpx:TrackPointExtension><gpxtpx:depth>0.00</gpxtpx:depth></gpxtpx:TrackPointExtension></extensions></trkpt><trkpt lat="37.0219023898" lon="114.5652399212"><ele>-9.29</ele><time>2018-10-11T03:55:34Z</time><extensions><gpxtpx:TrackPointExtension><gpxtpx:depth>0.00</gpxtpx:depth></gpxtpx:TrackPointExtension></extensions></trkpt><trkpt lat="37.0217702072" lon="114.5652389992"><ele>-9.30</ele><time>2018-10-11T03:55:37Z</time><extensions><gpxtpx:TrackPointExtension><gpxtpx:depth>0.00</gpxtpx:depth></gpxtpx:TrackPointExtension></extensions></trkpt><trkpt lat="37.0209776983" lon="114.5652819145"><ele>-9.29</ele><time>2018-10-11T03:55:56Z</time><extensions><gpxtpx:TrackPointExtension><gpxtpx:depth>0.00</gpxtpx:depth></gpxtpx:TrackPointExtension></extensions></trkpt><trkpt lat="37.0203022007" lon="114.5652742870"><ele>-9.35</ele><time>2018-10-11T03:56:12Z</time><extensions><gpxtpx:TrackPointExtension><gpxtpx:depth>0.00</gpxtpx:depth></gpxtpx:TrackPointExtension></extensions></trkpt><trkpt lat="37.0197167248" lon="114.5652848482"><ele>-9.28</ele><time>2018-10-11T03:56:29Z</time><extensions><gpxtpx:TrackPointExtension><gpxtpx:depth>0.00</gpxtpx:depth></gpxtpx:TrackPointExtension></extensions></trkpt><trkpt lat="37.0197150484" lon="114.5652832557"><ele>-9.26</ele><time>2018-10-11T03:56:32Z</time><extensions><gpxtpx:TrackPointExtension><gpxtpx:depth>0.00</gpxtpx:depth></gpxtpx:TrackPointExtension></extensions></trkpt><trkpt lat="37.0196269546" lon="114.5652975887"><ele>-9.48</ele><time>2018-10-11T03:58:07Z</time><extensions><gpxtpx:TrackPointExtension><gpxtpx:depth>0.00</gpxtpx:depth></gpxtpx:TrackPointExtension></extensions></trkpt><trkpt lat="37.0196078438" lon="114.5653009415"><ele>-9.47</ele><time>2018-10-11T03:58:08Z</time><extensions><gpxtpx:TrackPointExtension><gpxtpx:depth>0.00</gpxtpx:depth></gpxtpx:TrackPointExtension></extensions></trkpt><trkpt lat="37.0192777645" lon="114.5652928948"><ele>-9.34</ele><time>2018-10-11T03:58:23Z</time><extensions><gpxtpx:TrackPointExtension><gpxtpx:depth>0.00</gpxtpx:depth></gpxtpx:TrackPointExtension></extensions></trkpt><trkpt lat="37.0190622658" lon="114.5652902965"><ele>-9.33</ele><time>2018-10-11T03:58:35Z</time><extensions><gpxtpx:TrackPointExtension><gpxtpx:depth>0.00</gpxtpx:depth></gpxtpx:TrackPointExtension></extensions></trkpt><trkpt lat="37.0185003430" lon="114.5653419290"><ele>-9.09</ele><time>2018-10-11T03:58:51Z</time><extensions><gpxtpx:TrackPointExtension><gpxtpx:depth>0.00</gpxtpx:depth></gpxtpx:TrackPointExtension></extensions></trkpt><trkpt lat="37.0178321376" lon="114.5653565973"><ele>-8.98</ele><time>2018-10-11T03:59:07Z</time><extensions><gpxtpx:TrackPointExtension><gpxtpx:depth>0.00</gpxtpx:depth></gpxtpx:TrackPointExtension></extensions></trkpt><trkpt lat="37.0171111263" lon="114.5653837547"><ele>-9.04</ele><time>2018-10-11T03:59:24Z</time><extensions><gpxtpx:TrackPointExtension><gpxtpx:depth>0.00</gpxtpx:depth></gpxtpx:TrackPointExtension></extensions></trkpt><trkpt lat="37.0164358802" lon="114.5654259156"><ele>-9.14</ele><time>2018-10-11T03:59:42Z</time><extensions><gpxtpx:TrackPointExtension><gpxtpx:depth>0.00</gpxtpx:depth></gpxtpx:TrackPointExtension></extensions></trkpt><trkpt lat="37.0159876999" lon="114.5654452778"><ele>-9.00</ele><time>2018-10-11T03:59:55Z</time><extensions><gpxtpx:TrackPointExtension><gpxtpx:depth>0.00</gpxtpx:depth></gpxtpx:TrackPointExtension></extensions></trkpt><trkpt lat="37.0154093485" lon="114.5654555038"><ele>-8.86</ele><time>2018-10-11T04:00:10Z</time><extensions><gpxtpx:TrackPointExtension><gpxtpx:depth>0.00</gpxtpx:depth></gpxtpx:TrackPointExtension></extensions></trkpt><trkpt lat="37.0147846453" lon="114.5654628798"><ele>-8.92</ele><time>2018-10-11T04:00:26Z</time><extensions><gpxtpx:TrackPointExtension><gpxtpx:depth>0.00</gpxtpx:depth></gpxtpx:TrackPointExtension></extensions></trkpt><trkpt lat="37.0139285177" lon="114.5654713456"><ele>-8.92</ele><time>2018-10-11T04:00:48Z</time><extensions><gpxtpx:TrackPointExtension><gpxtpx:depth>0.00</gpxtpx:depth></gpxtpx:TrackPointExtension></extensions></trkpt><trkpt lat="37.0131799299" lon="114.5654860139"><ele>-8.79</ele><time>2018-10-11T04:01:07Z</time><extensions><gpxtpx:TrackPointExtension><gpxtpx:depth>0.00</gpxtpx:depth></gpxtpx:TrackPointExtension></extensions></trkpt><trkpt lat="37.0125466771" lon="114.5655033644"><ele>-8.90</ele><time>2018-10-11T04:01:23Z</time><extensions><gpxtpx:TrackPointExtension><gpxtpx:depth>0.00</gpxtpx:depth></gpxtpx:TrackPointExtension></extensions></trkpt><trkpt lat="37.0121799689" lon="114.5652547572"><ele>-9.13</ele><time>2018-10-11T04:01:34Z</time><extensions><gpxtpx:TrackPointExtension><gpxtpx:depth>0.00</gpxtpx:depth></gpxtpx:TrackPointExtension></extensions></trkpt><trkpt lat="37.0120684057" lon="114.5645829476"><ele>-9.13</ele><time>2018-10-11T04:01:49Z</time><extensions><gpxtpx:TrackPointExtension><gpxtpx:depth>0.00</gpxtpx:depth></gpxtpx:TrackPointExtension></extensions></trkpt><trkpt lat="37.0120687410" lon="114.5643732324"><ele>-8.97</ele><time>2018-10-11T04:01:53Z</time><extensions><gpxtpx:TrackPointExtension><gpxtpx:depth>0.00</gpxtpx:depth></gpxtpx:TrackPointExtension></extensions></trkpt><trkpt lat="37.0120305195" lon="114.5635718387"><ele>-8.64</ele><time>2018-10-11T04:02:08Z</time><extensions><gpxtpx:TrackPointExtension><gpxtpx:depth>0.00</gpxtpx:depth></gpxtpx:TrackPointExtension></extensions></trkpt><trkpt lat="37.0120264124" lon="114.5633596927"><ele>-8.54</ele><time>2018-10-11T04:02:12Z</time><extensions><gpxtpx:TrackPointExtension><gpxtpx:depth>0.00</gpxtpx:depth></gpxtpx:TrackPointExtension></extensions></trkpt><trkpt lat="37.0120140910" lon="114.5630991831"><ele>-8.27</ele><time>2018-10-11T04:02:17Z</time><extensions><gpxtpx:TrackPointExtension><gpxtpx:depth>0.00</gpxtpx:depth></gpxtpx:TrackPointExtension></extensions></trkpt><trkpt lat="37.0120049547" lon="114.5624176506"><ele>-7.82</ele><time>2018-10-11T04:02:31Z</time><extensions><gpxtpx:TrackPointExtension><gpxtpx:depth>0.00</gpxtpx:depth></gpxtpx:TrackPointExtension></extensions></trkpt><trkpt lat="37.0119684096" lon="114.5617130678"><ele>-7.58</ele><time>2018-10-11T04:02:47Z</time><extensions><gpxtpx:TrackPointExtension><gpxtpx:depth>0.00</gpxtpx:depth></gpxtpx:TrackPointExtension></extensions></trkpt><trkpt lat="37.0119679067" lon="114.5610032044"><ele>-7.57</ele><time>2018-10-11T04:03:03Z</time><extensions><gpxtpx:TrackPointExtension><gpxtpx:depth>0.00</gpxtpx:depth></gpxtpx:TrackPointExtension></extensions></trkpt><trkpt lat="37.0119482931" lon="114.5603403635"><ele>-7.37</ele><time>2018-10-11T04:03:18Z</time><extensions><gpxtpx:TrackPointExtension><gpxtpx:depth>0.00</gpxtpx:depth></gpxtpx:TrackPointExtension></extensions></trkpt><trkpt lat="37.0119289309" lon="114.5598791912"><ele>-7.38</ele><time>2018-10-11T04:03:29Z</time><extensions><gpxtpx:TrackPointExtension><gpxtpx:depth>0.00</gpxtpx:depth></gpxtpx:TrackPointExtension></extensions></trkpt><trkpt lat="37.0119052939" lon="114.5591802243"><ele>-7.08</ele><time>2018-10-11T04:03:45Z</time><extensions><gpxtpx:TrackPointExtension><gpxtpx:depth>0.00</gpxtpx:depth></gpxtpx:TrackPointExtension></extensions></trkpt><trkpt lat="37.0118691679" lon="114.5584780723"><ele>-7.00</ele><time>2018-10-11T04:04:01Z</time><extensions><gpxtpx:TrackPointExtension><gpxtpx:depth>0.00</gpxtpx:depth></gpxtpx:TrackPointExtension></extensions></trkpt><trkpt lat="37.0118791424" lon="114.5577950310"><ele>-6.83</ele><time>2018-10-11T04:04:17Z</time><extensions><gpxtpx:TrackPointExtension><gpxtpx:depth>0.00</gpxtpx:depth></gpxtpx:TrackPointExtension></extensions></trkpt><trkpt lat="37.0119099878" lon="114.5572662167"><ele>-6.38</ele><time>2018-10-11T04:04:32Z</time><extensions><gpxtpx:TrackPointExtension><gpxtpx:depth>0.00</gpxtpx:depth></gpxtpx:TrackPointExtension></extensions></trkpt><trkpt lat="37.0119168609" lon="114.5571807213"><ele>-6.37</ele><time>2018-10-11T04:04:35Z</time><extensions><gpxtpx:TrackPointExtension><gpxtpx:depth>0.00</gpxtpx:depth></gpxtpx:TrackPointExtension></extensions></trkpt><trkpt lat="37.0119111612" lon="114.5571466070"><ele>-6.37</ele><time>2018-10-11T04:04:36Z</time><extensions><gpxtpx:TrackPointExtension><gpxtpx:depth>0.00</gpxtpx:depth></gpxtpx:TrackPointExtension></extensions></trkpt><trkpt lat="37.0119119994" lon="114.5571132470"><ele>-6.37</ele><time>2018-10-11T04:04:37Z</time><extensions><gpxtpx:TrackPointExtension><gpxtpx:depth>0.00</gpxtpx:depth></gpxtpx:TrackPointExtension></extensions></trkpt><trkpt lat="37.0119151846" lon="114.5570776239"><ele>-6.37</ele><time>2018-10-11T04:04:38Z</time><extensions><gpxtpx:TrackPointExtension><gpxtpx:depth>0.00</gpxtpx:depth></gpxtpx:TrackPointExtension></extensions></trkpt><trkpt lat="37.0119173639" lon="114.5570388995"><ele>-6.36</ele><time>2018-10-11T04:04:39Z</time><extensions><gpxtpx:TrackPointExtension><gpxtpx:depth>0.00</gpxtpx:depth></gpxtpx:TrackPointExtension></extensions></trkpt><trkpt lat="37.0119170286" lon="114.5569990017"><ele>-6.35</ele><time>2018-10-11T04:04:40Z</time><extensions><gpxtpx:TrackPointExtension><gpxtpx:depth>0.00</gpxtpx:depth></gpxtpx:TrackPointExtension></extensions></trkpt><trkpt lat="37.0119151846" lon="114.5569577627"><ele>-6.35</ele><time>2018-10-11T04:04:41Z</time><extensions><gpxtpx:TrackPointExtension><gpxtpx:depth>0.00</gpxtpx:depth></gpxtpx:TrackPointExtension></extensions></trkpt><trkpt lat="37.0119012706" lon="114.5564908907"><ele>-6.04</ele><time>2018-10-11T04:04:54Z</time><extensions><gpxtpx:TrackPointExtension><gpxtpx:depth>0.00</gpxtpx:depth></gpxtpx:TrackPointExtension></extensions></trkpt><trkpt lat="37.0118931402" lon="114.5560603961"><ele>-5.93</ele><time>2018-10-11T04:05:06Z</time><extensions><gpxtpx:TrackPointExtension><gpxtpx:depth>0.00</gpxtpx:depth></gpxtpx:TrackPointExtension></extensions></trkpt><trkpt lat="37.0118743647" lon="114.5556349307"><ele>-5.96</ele><time>2018-10-11T04:05:17Z</time><extensions><gpxtpx:TrackPointExtension><gpxtpx:depth>0.00</gpxtpx:depth></gpxtpx:TrackPointExtension></extensions></trkpt><trkpt lat="37.0118369814" lon="114.5549647976"><ele>-5.71</ele><time>2018-10-11T04:05:34Z</time><extensions><gpxtpx:TrackPointExtension><gpxtpx:depth>0.00</gpxtpx:depth></gpxtpx:TrackPointExtension></extensions></trkpt><trkpt lat="37.0118290186" lon="114.5544427726"><ele>-5.57</ele><time>2018-10-11T04:05:47Z</time><extensions><gpxtpx:TrackPointExtension><gpxtpx:depth>0.00</gpxtpx:depth></gpxtpx:TrackPointExtension></extensions></trkpt><trkpt lat="37.0118136797" lon="114.5537319873"><ele>-5.25</ele><time>2018-10-11T04:06:04Z</time><extensions><gpxtpx:TrackPointExtension><gpxtpx:depth>0.00</gpxtpx:depth></gpxtpx:TrackPointExtension></extensions></trkpt><trkpt lat="37.0117681660" lon="114.5530004986"><ele>-5.03</ele><time>2018-10-11T04:06:21Z</time><extensions><gpxtpx:TrackPointExtension><gpxtpx:depth>0.00</gpxtpx:depth></gpxtpx:TrackPointExtension></extensions></trkpt><trkpt lat="37.0117529109" lon="114.5525441039"><ele>-4.78</ele><time>2018-10-11T04:06:32Z</time><extensions><gpxtpx:TrackPointExtension><gpxtpx:depth>0.00</gpxtpx:depth></gpxtpx:TrackPointExtension></extensions></trkpt><trkpt lat="37.0117384940" lon="114.5522685908"><ele>-4.66</ele><time>2018-10-11T04:06:44Z</time><extensions><gpxtpx:TrackPointExtension><gpxtpx:depth>0.00</gpxtpx:depth></gpxtpx:TrackPointExtension></extensions></trkpt><trkpt lat="37.0117391646" lon="114.5522680879"><ele>-4.66</ele><time>2018-10-11T04:06:45Z</time><extensions><gpxtpx:TrackPointExtension><gpxtpx:depth>0.00</gpxtpx:depth></gpxtpx:TrackPointExtension></extensions></trkpt><trkpt lat="37.0117405895" lon="114.5521848556"><ele>-4.72</ele><time>2018-10-11T04:07:17Z</time><extensions><gpxtpx:TrackPointExtension><gpxtpx:depth>0.00</gpxtpx:depth></gpxtpx:TrackPointExtension></extensions></trkpt><trkpt lat="37.0117229875" lon="114.5517001301"><ele>-4.47</ele><time>2018-10-11T04:07:33Z</time><extensions><gpxtpx:TrackPointExtension><gpxtpx:depth>0.00</gpxtpx:depth></gpxtpx:TrackPointExtension></extensions></trkpt><trkpt lat="37.0117082354" lon="114.5512211043"><ele>-4.40</ele><time>2018-10-11T04:07:47Z</time><extensions><gpxtpx:TrackPointExtension><gpxtpx:depth>0.00</gpxtpx:depth></gpxtpx:TrackPointExtension></extensions></trkpt><trkpt lat="37.0116783120" lon="114.5507334452"><ele>-4.14</ele><time>2018-10-11T04:08:00Z</time><extensions><gpxtpx:TrackPointExtension><gpxtpx:depth>0.00</gpxtpx:depth></gpxtpx:TrackPointExtension></extensions></trkpt><trkpt lat="37.0116773900" lon="114.5507036895"><ele>-4.12</ele><time>2018-10-11T04:08:01Z</time><extensions><gpxtpx:TrackPointExtension><gpxtpx:depth>0.00</gpxtpx:depth></gpxtpx:TrackPointExtension></extensions></trkpt><trkpt lat="37.0116770547" lon="114.5506761968"><ele>-4.11</ele><time>2018-10-11T04:08:02Z</time><extensions><gpxtpx:TrackPointExtension><gpxtpx:depth>0.00</gpxtpx:depth></gpxtpx:TrackPointExtension></extensions></trkpt><trkpt lat="37.0116676670" lon="114.5506507996"><ele>-4.10</ele><time>2018-10-11T04:08:03Z</time><extensions><gpxtpx:TrackPointExtension><gpxtpx:depth>0.00</gpxtpx:depth></gpxtpx:TrackPointExtension></extensions></trkpt><trkpt lat="37.0116530824" lon="114.5506319404"><ele>-4.09</ele><time>2018-10-11T04:08:04Z</time><extensions><gpxtpx:TrackPointExtension><gpxtpx:depth>0.00</gpxtpx:depth></gpxtpx:TrackPointExtension></extensions></trkpt><trkpt lat="37.0116348099" lon="114.5506165177"><ele>-4.08</ele><time>2018-10-11T04:08:05Z</time><extensions><gpxtpx:TrackPointExtension><gpxtpx:depth>0.00</gpxtpx:depth></gpxtpx:TrackPointExtension></extensions></trkpt><trkpt lat="37.0115603786" lon="114.5506043639"><ele>-4.04</ele><time>2018-10-11T04:08:08Z</time><extensions><gpxtpx:TrackPointExtension><gpxtpx:depth>0.00</gpxtpx:depth></gpxtpx:TrackPointExtension></extensions></trkpt><trkpt lat="37.0110798441" lon="114.5507292543"><ele>-3.83</ele><time>2018-10-11T04:08:22Z</time><extensions><gpxtpx:TrackPointExtension><gpxtpx:depth>0.00</gpxtpx:depth></gpxtpx:TrackPointExtension></extensions></trkpt><trkpt lat="37.0106518641" lon="114.5507391449"><ele>-4.25</ele><time>2018-10-11T04:08:33Z</time><extensions><gpxtpx:TrackPointExtension><gpxtpx:depth>0.00</gpxtpx:depth></gpxtpx:TrackPointExtension></extensions></trkpt><trkpt lat="37.0101992413" lon="114.5507345349"><ele>-4.19</ele><time>2018-10-11T04:08:46Z</time><extensions><gpxtpx:TrackPointExtension><gpxtpx:depth>0.00</gpxtpx:depth></gpxtpx:TrackPointExtension></extensions></trkpt><trkpt lat="37.0097721834" lon="114.5507314336"><ele>-4.26</ele><time>2018-10-11T04:09:01Z</time><extensions><gpxtpx:TrackPointExtension><gpxtpx:depth>0.00</gpxtpx:depth></gpxtpx:TrackPointExtension></extensions></trkpt><trkpt lat="37.0092702750" lon="114.5507291704"><ele>-4.23</ele><time>2018-10-11T04:09:16Z</time><extensions><gpxtpx:TrackPointExtension><gpxtpx:depth>0.00</gpxtpx:depth></gpxtpx:TrackPointExtension></extensions></trkpt><trkpt lat="37.0092147030" lon="114.5506998338"><ele>-4.22</ele><time>2018-10-11T04:09:25Z</time><extensions><gpxtpx:TrackPointExtension><gpxtpx:depth>0.00</gpxtpx:depth></gpxtpx:TrackPointExtension></extensions></trkpt><trkpt lat="37.0092197321" lon="114.5507011749"><ele>-4.23</ele><time>2018-10-11T04:09:27Z</time><extensions><gpxtpx:TrackPointExtension><gpxtpx:depth>0.00</gpxtpx:depth></gpxtpx:TrackPointExtension></extensions></trkpt><trkpt lat="37.0091638248" lon="114.5506944694"><ele>-4.34</ele><time>2018-10-11T04:09:38Z</time><extensions><gpxtpx:TrackPointExtension><gpxtpx:depth>0.00</gpxtpx:depth></gpxtpx:TrackPointExtension></extensions></trkpt><trkpt lat="37.0091349073" lon="114.5506969001"><ele>-4.36</ele><time>2018-10-11T04:09:39Z</time><extensions><gpxtpx:TrackPointExtension><gpxtpx:depth>0.00</gpxtpx:depth></gpxtpx:TrackPointExtension></extensions></trkpt><trkpt lat="37.0086357649" lon="114.5507239737"><ele>-4.45</ele><time>2018-10-11T04:09:54Z</time><extensions><gpxtpx:TrackPointExtension><gpxtpx:depth>0.00</gpxtpx:depth></gpxtpx:TrackPointExtension></extensions></trkpt><trkpt lat="37.0082341880" lon="114.5507326908"><ele>-4.53</ele><time>2018-10-11T04:10:08Z</time><extensions><gpxtpx:TrackPointExtension><gpxtpx:depth>0.00</gpxtpx:depth></gpxtpx:TrackPointExtension></extensions></trkpt><trkpt lat="37.0078213792" lon="114.5507361274"><ele>-4.57</ele><time>2018-10-11T04:10:21Z</time><extensions><gpxtpx:TrackPointExtension><gpxtpx:depth>0.00</gpxtpx:depth></gpxtpx:TrackPointExtension></extensions></trkpt><trkpt lat="37.0073660742" lon="114.5507357921"><ele>-4.57</ele><time>2018-10-11T04:10:36Z</time><extensions><gpxtpx:TrackPointExtension><gpxtpx:depth>0.00</gpxtpx:depth></gpxtpx:TrackPointExtension></extensions></trkpt><trkpt lat="37.0068273693" lon="114.5508315973"><ele>-4.60</ele><time>2018-10-11T04:10:52Z</time><extensions><gpxtpx:TrackPointExtension><gpxtpx:depth>0.00</gpxtpx:depth></gpxtpx:TrackPointExtension></extensions></trkpt><trkpt lat="37.0063032489" lon="114.5508300886"><ele>-4.52</ele><time>2018-10-11T04:11:06Z</time><extensions><gpxtpx:TrackPointExtension><gpxtpx:depth>0.00</gpxtpx:depth></gpxtpx:TrackPointExtension></extensions></trkpt><trkpt lat="37.0056606922" lon="114.5508262329"><ele>-4.77</ele><time>2018-10-11T04:11:24Z</time><extensions><gpxtpx:TrackPointExtension><gpxtpx:depth>0.00</gpxtpx:depth></gpxtpx:TrackPointExtension></extensions></trkpt><trkpt lat="37.0050795749" lon="114.5508216228"><ele>-5.14</ele><time>2018-10-11T04:11:40Z</time><extensions><gpxtpx:TrackPointExtension><gpxtpx:depth>0.00</gpxtpx:depth></gpxtpx:TrackPointExtension></extensions></trkpt><trkpt lat="37.0043405425" lon="114.5508236345"><ele>-5.07</ele><time>2018-10-11T04:12:00Z</time><extensions><gpxtpx:TrackPointExtension><gpxtpx:depth>0.00</gpxtpx:depth></gpxtpx:TrackPointExtension></extensions></trkpt><trkpt lat="37.0036683138" lon="114.5508230478"><ele>-5.46</ele><time>2018-10-11T04:12:19Z</time><extensions><gpxtpx:TrackPointExtension><gpxtpx:depth>0.00</gpxtpx:depth></gpxtpx:TrackPointExtension></extensions></trkpt><trkpt lat="37.0030015334" lon="114.5508261491"><ele>-5.66</ele><time>2018-10-11T04:12:38Z</time><extensions><gpxtpx:TrackPointExtension><gpxtpx:depth>0.00</gpxtpx:depth></gpxtpx:TrackPointExtension></extensions></trkpt><trkpt lat="37.0023235213" lon="114.5508315135"><ele>-5.58</ele><time>2018-10-11T04:12:57Z</time><extensions><gpxtpx:TrackPointExtension><gpxtpx:depth>0.00</gpxtpx:depth></gpxtpx:TrackPointExtension></extensions></trkpt><trkpt lat="37.0022501796" lon="114.5508250594"><ele>-5.58</ele><time>2018-10-11T04:12:59Z</time><extensions><gpxtpx:TrackPointExtension><gpxtpx:depth>0.00</gpxtpx:depth></gpxtpx:TrackPointExtension></extensions></trkpt><trkpt lat="37.0020753331" lon="114.5507549029"><ele>-5.58</ele><time>2018-10-11T04:13:04Z</time><extensions><gpxtpx:TrackPointExtension><gpxtpx:depth>0.00</gpxtpx:depth></gpxtpx:TrackPointExtension></extensions></trkpt><trkpt lat="37.0015341975" lon="114.5507424977"><ele>-5.89</ele><time>2018-10-11T04:13:20Z</time><extensions><gpxtpx:TrackPointExtension><gpxtpx:depth>0.00</gpxtpx:depth></gpxtpx:TrackPointExtension></extensions></trkpt><trkpt lat="37.0011222269" lon="114.5507720858"><ele>-5.84</ele><time>2018-10-11T04:13:34Z</time><extensions><gpxtpx:TrackPointExtension><gpxtpx:depth>0.00</gpxtpx:depth></gpxtpx:TrackPointExtension></extensions></trkpt><trkpt lat="37.0008018706" lon="114.5507427491"><ele>-5.79</ele><time>2018-10-11T04:13:45Z</time><extensions><gpxtpx:TrackPointExtension><gpxtpx:depth>0.00</gpxtpx:depth></gpxtpx:TrackPointExtension></extensions></trkpt><trkpt lat="37.0004477352" lon="114.5507324394"><ele>-5.71</ele><time>2018-10-11T04:13:56Z</time><extensions><gpxtpx:TrackPointExtension><gpxtpx:depth>0.00</gpxtpx:depth></gpxtpx:TrackPointExtension></extensions></trkpt><trkpt lat="37.0001033228" lon="114.5507450961"><ele>-5.72</ele><time>2018-10-11T04:14:07Z</time><extensions><gpxtpx:TrackPointExtension><gpxtpx:depth>0.00</gpxtpx:depth></gpxtpx:TrackPointExtension></extensions></trkpt><trkpt lat="36.9995799568" lon="114.5507428329"><ele>-5.74</ele><time>2018-10-11T04:14:22Z</time><extensions><gpxtpx:TrackPointExtension><gpxtpx:depth>0.00</gpxtpx:depth></gpxtpx:TrackPointExtension></extensions></trkpt><trkpt lat="36.9991504680" lon="114.5507404022"><ele>-5.80</ele><time>2018-10-11T04:14:35Z</time><extensions><gpxtpx:TrackPointExtension><gpxtpx:depth>0.00</gpxtpx:depth></gpxtpx:TrackPointExtension></extensions></trkpt><trkpt lat="36.9988367334" lon="114.5507347025"><ele>-5.85</ele><time>2018-10-11T04:14:44Z</time><extensions><gpxtpx:TrackPointExtension><gpxtpx:depth>0.00</gpxtpx:depth></gpxtpx:TrackPointExtension></extensions></trkpt><trkpt lat="36.9983311370" lon="114.5507428329"><ele>-5.85</ele><time>2018-10-11T04:14:58Z</time><extensions><gpxtpx:TrackPointExtension><gpxtpx:depth>0.00</gpxtpx:depth></gpxtpx:TrackPointExtension></extensions></trkpt><trkpt lat="36.9979111198" lon="114.5507403184"><ele>-5.87</ele><time>2018-10-11T04:15:11Z</time><extensions><gpxtpx:TrackPointExtension><gpxtpx:depth>0.00</gpxtpx:depth></gpxtpx:TrackPointExtension></extensions></trkpt><trkpt lat="36.9975119736" lon="114.5507367980"><ele>-5.83</ele><time>2018-10-11T04:15:24Z</time><extensions><gpxtpx:TrackPointExtension><gpxtpx:depth>0.00</gpxtpx:depth></gpxtpx:TrackPointExtension></extensions></trkpt><trkpt lat="36.9970309362" lon="114.5507189445"><ele>-5.94</ele><time>2018-10-11T04:15:39Z</time><extensions><gpxtpx:TrackPointExtension><gpxtpx:depth>0.00</gpxtpx:depth></gpxtpx:TrackPointExtension></extensions></trkpt><trkpt lat="36.9965954963" lon="114.5507393964"><ele>-5.91</ele><time>2018-10-11T04:15:53Z</time><extensions><gpxtpx:TrackPointExtension><gpxtpx:depth>0.00</gpxtpx:depth></gpxtpx:TrackPointExtension></extensions></trkpt><trkpt lat="36.9961044006" lon="114.5507326070"><ele>-6.23</ele><time>2018-10-11T04:16:07Z</time><extensions><gpxtpx:TrackPointExtension><gpxtpx:depth>0.00</gpxtpx:depth></gpxtpx:TrackPointExtension></extensions></trkpt><trkpt lat="36.9954097085" lon="114.5507302601"><ele>-5.64</ele><time>2018-10-11T04:16:27Z</time><extensions><gpxtpx:TrackPointExtension><gpxtpx:depth>0.00</gpxtpx:depth></gpxtpx:TrackPointExtension></extensions></trkpt><trkpt lat="36.9950081315" lon="114.5507290028"><ele>-5.71</ele><time>2018-10-11T04:16:39Z</time><extensions><gpxtpx:TrackPointExtension><gpxtpx:depth>0.00</gpxtpx:depth></gpxtpx:TrackPointExtension></extensions></trkpt><trkpt lat="36.9945597835" lon="114.5507284161"><ele>-5.75</ele><time>2018-10-11T04:16:52Z</time><extensions><gpxtpx:TrackPointExtension><gpxtpx:depth>0.00</gpxtpx:depth></gpxtpx:TrackPointExtension></extensions></trkpt><trkpt lat="36.9939043187" lon="114.5507583395"><ele>-5.48</ele><time>2018-10-11T04:17:11Z</time><extensions><gpxtpx:TrackPointExtension><gpxtpx:depth>0.00</gpxtpx:depth></gpxtpx:TrackPointExtension></extensions></trkpt><trkpt lat="36.9934692141" lon="114.5507538971"><ele>-5.44</ele><time>2018-10-11T04:17:24Z</time><extensions><gpxtpx:TrackPointExtension><gpxtpx:depth>0.00</gpxtpx:depth></gpxtpx:TrackPointExtension></extensions></trkpt><trkpt lat="36.9929217082" lon="114.5507521369"><ele>-5.40</ele><time>2018-10-11T04:17:41Z</time><extensions><gpxtpx:TrackPointExtension><gpxtpx:depth>0.00</gpxtpx:depth></gpxtpx:TrackPointExtension></extensions></trkpt><trkpt lat="36.9923831709" lon="114.5507694036"><ele>-5.41</ele><time>2018-10-11T04:17:57Z</time><extensions><gpxtpx:TrackPointExtension><gpxtpx:depth>0.00</gpxtpx:depth></gpxtpx:TrackPointExtension></extensions></trkpt><trkpt lat="36.9918695278" lon="114.5507799648"><ele>-5.37</ele><time>2018-10-11T04:18:12Z</time><extensions><gpxtpx:TrackPointExtension><gpxtpx:depth>0.00</gpxtpx:depth></gpxtpx:TrackPointExtension></extensions></trkpt><trkpt lat="36.9912908413" lon="114.5508026797"><ele>-5.49</ele><time>2018-10-11T04:18:28Z</time><extensions><gpxtpx:TrackPointExtension><gpxtpx:depth>0.00</gpxtpx:depth></gpxtpx:TrackPointExtension></extensions></trkpt><trkpt lat="36.9906207081" lon="114.5507524721"><ele>-5.40</ele><time>2018-10-11T04:18:47Z</time><extensions><gpxtpx:TrackPointExtension><gpxtpx:depth>0.00</gpxtpx:depth></gpxtpx:TrackPointExtension></extensions></trkpt><trkpt lat="36.9904387370" lon="114.5507223811"><ele>-5.56</ele><time>2018-10-11T04:18:58Z</time><extensions><gpxtpx:TrackPointExtension><gpxtpx:depth>0.00</gpxtpx:depth></gpxtpx:TrackPointExtension></extensions></trkpt><trkpt lat="36.9904409163" lon="114.5507227164"><ele>-5.57</ele><time>2018-10-11T04:18:59Z</time><extensions><gpxtpx:TrackPointExtension><gpxtpx:depth>0.00</gpxtpx:depth></gpxtpx:TrackPointExtension></extensions></trkpt><trkpt lat="36.9904089812" lon="114.5507228840"><ele>-5.43</ele><time>2018-10-11T04:19:58Z</time><extensions><gpxtpx:TrackPointExtension><gpxtpx:depth>0.00</gpxtpx:depth></gpxtpx:TrackPointExtension></extensions></trkpt><trkpt lat="36.9902905449" lon="114.5506958105"><ele>-5.42</ele><time>2018-10-11T04:20:04Z</time><extensions><gpxtpx:TrackPointExtension><gpxtpx:depth>0.00</gpxtpx:depth></gpxtpx:TrackPointExtension></extensions></trkpt><trkpt lat="36.9901922252" lon="114.5507000014"><ele>-5.41</ele><time>2018-10-11T04:20:08Z</time><extensions><gpxtpx:TrackPointExtension><gpxtpx:depth>0.00</gpxtpx:depth></gpxtpx:TrackPointExtension></extensions></trkpt><trkpt lat="36.9897380937" lon="114.5507461019"><ele>-5.16</ele><time>2018-10-11T04:20:24Z</time><extensions><gpxtpx:TrackPointExtension><gpxtpx:depth>0.00</gpxtpx:depth></gpxtpx:TrackPointExtension></extensions></trkpt><trkpt lat="36.9893771689" lon="114.5507914480"><ele>-5.16</ele><time>2018-10-11T04:20:36Z</time><extensions><gpxtpx:TrackPointExtension><gpxtpx:depth>0.00</gpxtpx:depth></gpxtpx:TrackPointExtension></extensions></trkpt><trkpt lat="36.9889402203" lon="114.5508275740"><ele>-5.19</ele><time>2018-10-11T04:20:49Z</time><extensions><gpxtpx:TrackPointExtension><gpxtpx:depth>0.00</gpxtpx:depth></gpxtpx:TrackPointExtension></extensions></trkpt><trkpt lat="36.9883099012" lon="114.5508440863"><ele>-5.35</ele><time>2018-10-11T04:21:07Z</time><extensions><gpxtpx:TrackPointExtension><gpxtpx:depth>0.00</gpxtpx:depth></gpxtpx:TrackPointExtension></extensions></trkpt><trkpt lat="36.9880390819" lon="114.5508391410"><ele>-5.28</ele><time>2018-10-11T04:21:17Z</time><extensions><gpxtpx:TrackPointExtension><gpxtpx:depth>0.00</gpxtpx:depth></gpxtpx:TrackPointExtension></extensions></trkpt><trkpt lat="36.9876192324" lon="114.5508272387"><ele>-5.16</ele><time>2018-10-11T04:21:31Z</time><extensions><gpxtpx:TrackPointExtension><gpxtpx:depth>0.00</gpxtpx:depth></gpxtpx:TrackPointExtension></extensions></trkpt><trkpt lat="36.9871035777" lon="114.5508357044"><ele>-5.16</ele><time>2018-10-11T04:21:47Z</time><extensions><gpxtpx:TrackPointExtension><gpxtpx:depth>0.00</gpxtpx:depth></gpxtpx:TrackPointExtension></extensions></trkpt><trkpt lat="36.9865018409" lon="114.5508447569"><ele>-5.27</ele><time>2018-10-11T04:22:05Z</time><extensions><gpxtpx:TrackPointExtension><gpxtpx:depth>0.00</gpxtpx:depth></gpxtpx:TrackPointExtension></extensions></trkpt><trkpt lat="36.9860260002" lon="114.5508628618"><ele>-5.27</ele><time>2018-10-11T04:22:19Z</time><extensions><gpxtpx:TrackPointExtension><gpxtpx:depth>0.00</gpxtpx:depth></gpxtpx:TrackPointExtension></extensions></trkpt><trkpt lat="36.9854016323" lon="114.5508700702"><ele>-5.29</ele><time>2018-10-11T04:22:37Z</time><extensions><gpxtpx:TrackPointExtension><gpxtpx:depth>0.00</gpxtpx:depth></gpxtpx:TrackPointExtension></extensions></trkpt><trkpt lat="36.9848614186" lon="114.5508016739"><ele>-5.12</ele><time>2018-10-11T04:22:52Z</time><extensions><gpxtpx:TrackPointExtension><gpxtpx:depth>0.00</gpxtpx:depth></gpxtpx:TrackPointExtension></extensions></trkpt><trkpt lat="36.9844258111" lon="114.5506732631"><ele>-4.97</ele><time>2018-10-11T04:23:03Z</time><extensions><gpxtpx:TrackPointExtension><gpxtpx:depth>0.00</gpxtpx:depth></gpxtpx:TrackPointExtension></extensions></trkpt><trkpt lat="36.9837703463" lon="114.5503477938"><ele>-4.67</ele><time>2018-10-11T04:23:21Z</time><extensions><gpxtpx:TrackPointExtension><gpxtpx:depth>0.00</gpxtpx:depth></gpxtpx:TrackPointExtension></extensions></trkpt><trkpt lat="36.9834219106" lon="114.5500879548"><ele>-4.52</ele><time>2018-10-11T04:23:33Z</time><extensions><gpxtpx:TrackPointExtension><gpxtpx:depth>0.00</gpxtpx:depth></gpxtpx:TrackPointExtension></extensions></trkpt><trkpt lat="36.9829855487" lon="114.5495925006"><ele>-4.24</ele><time>2018-10-11T04:23:49Z</time><extensions><gpxtpx:TrackPointExtension><gpxtpx:depth>0.00</gpxtpx:depth></gpxtpx:TrackPointExtension></extensions></trkpt><trkpt lat="36.9826079439" lon="114.5491003990"><ele>-4.06</ele><time>2018-10-11T04:24:02Z</time><extensions><gpxtpx:TrackPointExtension><gpxtpx:depth>0.00</gpxtpx:depth></gpxtpx:TrackPointExtension></extensions></trkpt><trkpt lat="36.9820511341" lon="114.5484139211"><ele>-3.60</ele><time>2018-10-11T04:24:21Z</time><extensions><gpxtpx:TrackPointExtension><gpxtpx:depth>0.00</gpxtpx:depth></gpxtpx:TrackPointExtension></extensions></trkpt><trkpt lat="36.9816198852" lon="114.5479796547"><ele>-3.44</ele><time>2018-10-11T04:24:36Z</time><extensions><gpxtpx:TrackPointExtension><gpxtpx:depth>0.00</gpxtpx:depth></gpxtpx:TrackPointExtension></extensions></trkpt><trkpt lat="36.9811265264" lon="114.5476317219"><ele>-3.31</ele><time>2018-10-11T04:24:52Z</time><extensions><gpxtpx:TrackPointExtension><gpxtpx:depth>0.00</gpxtpx:depth></gpxtpx:TrackPointExtension></extensions></trkpt><trkpt lat="36.9807027373" lon="114.5474313106"><ele>-3.48</ele><time>2018-10-11T04:25:05Z</time><extensions><gpxtpx:TrackPointExtension><gpxtpx:depth>0.00</gpxtpx:depth></gpxtpx:TrackPointExtension></extensions></trkpt><trkpt lat="36.9801849034" lon="114.5472534467"><ele>-3.86</ele><time>2018-10-11T04:25:22Z</time><extensions><gpxtpx:TrackPointExtension><gpxtpx:depth>0.00</gpxtpx:depth></gpxtpx:TrackPointExtension></extensions></trkpt><trkpt lat="36.9798236433" lon="114.5472049993"><ele>-3.79</ele><time>2018-10-11T04:25:37Z</time><extensions><gpxtpx:TrackPointExtension><gpxtpx:depth>0.00</gpxtpx:depth></gpxtpx:TrackPointExtension></extensions></trkpt><trkpt lat="36.9796008524" lon="114.5470508561"><ele>-3.67</ele><time>2018-10-11T04:25:50Z</time><extensions><gpxtpx:TrackPointExtension><gpxtpx:depth>0.00</gpxtpx:depth></gpxtpx:TrackPointExtension></extensions></trkpt><trkpt lat="36.9795876089" lon="114.5470408816"><ele>-3.48</ele><time>2018-10-11T04:25:55Z</time><extensions><gpxtpx:TrackPointExtension><gpxtpx:depth>0.00</gpxtpx:depth></gpxtpx:TrackPointExtension></extensions></trkpt><trkpt lat="36.9795391615" lon="114.5470117126"><ele>-2.04</ele><time>2018-10-11T04:29:40Z</time><extensions><gpxtpx:TrackPointExtension><gpxtpx:depth>0.00</gpxtpx:depth></gpxtpx:TrackPointExtension></extensions></trkpt><trkpt lat="36.9793572742" lon="114.5470024087"><ele>-1.94</ele><time>2018-10-11T04:29:51Z</time><extensions><gpxtpx:TrackPointExtension><gpxtpx:depth>0.00</gpxtpx:depth></gpxtpx:TrackPointExtension></extensions></trkpt><trkpt lat="36.9790702779" lon="114.5471889898"><ele>-1.85</ele><time>2018-10-11T04:30:01Z</time><extensions><gpxtpx:TrackPointExtension><gpxtpx:depth>0.00</gpxtpx:depth></gpxtpx:TrackPointExtension></extensions></trkpt><trkpt lat="36.9788638316" lon="114.5472269598"><ele>-1.88</ele><time>2018-10-11T04:30:06Z</time><extensions><gpxtpx:TrackPointExtension><gpxtpx:depth>0.00</gpxtpx:depth></gpxtpx:TrackPointExtension></extensions></trkpt><trkpt lat="36.9782076962" lon="114.5472919196"><ele>-2.50</ele><time>2018-10-11T04:30:21Z</time><extensions><gpxtpx:TrackPointExtension><gpxtpx:depth>0.00</gpxtpx:depth></gpxtpx:TrackPointExtension></extensions></trkpt><trkpt lat="36.9779579155" lon="114.5473271236"><ele>-2.51</ele><time>2018-10-11T04:30:27Z</time><extensions><gpxtpx:TrackPointExtension><gpxtpx:depth>0.00</gpxtpx:depth></gpxtpx:TrackPointExtension></extensions></trkpt><trkpt lat="36.9778253976" lon="114.5473218430"><ele>-2.49</ele><time>2018-10-11T04:30:30Z</time><extensions><gpxtpx:TrackPointExtension><gpxtpx:depth>0.00</gpxtpx:depth></gpxtpx:TrackPointExtension></extensions></trkpt><trkpt lat="36.9774839189" lon="114.5473484974"><ele>-2.36</ele><time>2018-10-11T04:30:38Z</time><extensions><gpxtpx:TrackPointExtension><gpxtpx:depth>0.00</gpxtpx:depth></gpxtpx:TrackPointExtension></extensions></trkpt><trkpt lat="36.9772727787" lon="114.5473603159"><ele>-2.26</ele><time>2018-10-11T04:30:43Z</time><extensions><gpxtpx:TrackPointExtension><gpxtpx:depth>0.00</gpxtpx:depth></gpxtpx:TrackPointExtension></extensions></trkpt><trkpt lat="36.9766177330" lon="114.5473962743"><ele>-1.94</ele><time>2018-10-11T04:30:59Z</time><extensions><gpxtpx:TrackPointExtension><gpxtpx:depth>0.00</gpxtpx:depth></gpxtpx:TrackPointExtension></extensions></trkpt><trkpt lat="36.9763209298" lon="114.5474139601"><ele>-1.94</ele><time>2018-10-11T04:31:06Z</time><extensions><gpxtpx:TrackPointExtension><gpxtpx:depth>0.00</gpxtpx:depth></gpxtpx:TrackPointExtension></extensions></trkpt><trkpt lat="36.9760183431" lon="114.5474452246"><ele>-1.95</ele><time>2018-10-11T04:31:13Z</time><extensions><gpxtpx:TrackPointExtension><gpxtpx:depth>0.00</gpxtpx:depth></gpxtpx:TrackPointExtension></extensions></trkpt><trkpt lat="36.9751232397" lon="114.5475080051"><ele>-1.96</ele><time>2018-10-11T04:31:33Z</time><extensions><gpxtpx:TrackPointExtension><gpxtpx:depth>0.00</gpxtpx:depth></gpxtpx:TrackPointExtension></extensions></trkpt><trkpt lat="36.9747209921" lon="114.5475291274"><ele>-2.00</ele><time>2018-10-11T04:31:42Z</time><extensions><gpxtpx:TrackPointExtension><gpxtpx:depth>0.00</gpxtpx:depth></gpxtpx:TrackPointExtension></extensions></trkpt><trkpt lat="36.9745459780" lon="114.5475535188"><ele>-2.02</ele><time>2018-10-11T04:31:46Z</time><extensions><gpxtpx:TrackPointExtension><gpxtpx:depth>0.00</gpxtpx:depth></gpxtpx:TrackPointExtension></extensions></trkpt><trkpt lat="36.9739101268" lon="114.5476027206"><ele>-1.93</ele><time>2018-10-11T04:32:01Z</time><extensions><gpxtpx:TrackPointExtension><gpxtpx:depth>0.00</gpxtpx:depth></gpxtpx:TrackPointExtension></extensions></trkpt><trkpt lat="36.9737926964" lon="114.5476180594"><ele>-1.90</ele><time>2018-10-11T04:32:04Z</time><extensions><gpxtpx:TrackPointExtension><gpxtpx:depth>0.00</gpxtpx:depth></gpxtpx:TrackPointExtension></extensions></trkpt><trkpt lat="36.9732465316" lon="114.5476502459"><ele>-1.94</ele><time>2018-10-11T04:32:17Z</time><extensions><gpxtpx:TrackPointExtension><gpxtpx:depth>0.00</gpxtpx:depth></gpxtpx:TrackPointExtension></extensions></trkpt><trkpt lat="36.9729862735" lon="114.5476484019"><ele>-2.01</ele><time>2018-10-11T04:32:23Z</time><extensions><gpxtpx:TrackPointExtension><gpxtpx:depth>0.00</gpxtpx:depth></gpxtpx:TrackPointExtension></extensions></trkpt><trkpt lat="36.9720734004" lon="114.5476473961"><ele>-2.22</ele><time>2018-10-11T04:32:44Z</time><extensions><gpxtpx:TrackPointExtension><gpxtpx:depth>0.00</gpxtpx:depth></gpxtpx:TrackPointExtension></extensions></trkpt><trkpt lat="36.9712198712" lon="114.5474840328"><ele>-2.36</ele><time>2018-10-11T04:33:03Z</time><extensions><gpxtpx:TrackPointExtension><gpxtpx:depth>0.00</gpxtpx:depth></gpxtpx:TrackPointExtension></extensions></trkpt><trkpt lat="36.9706905540" lon="114.5472559612"><ele>-2.49</ele><time>2018-10-11T04:33:16Z</time><extensions><gpxtpx:TrackPointExtension><gpxtpx:depth>0.00</gpxtpx:depth></gpxtpx:TrackPointExtension></extensions></trkpt><trkpt lat="36.9701920822" lon="114.5470009837"><ele>-2.46</ele><time>2018-10-11T04:33:28Z</time><extensions><gpxtpx:TrackPointExtension><gpxtpx:depth>0.00</gpxtpx:depth></gpxtpx:TrackPointExtension></extensions></trkpt><trkpt lat="36.9700308982" lon="114.5469048433"><ele>-2.32</ele><time>2018-10-11T04:33:32Z</time><extensions><gpxtpx:TrackPointExtension><gpxtpx:depth>0.00</gpxtpx:depth></gpxtpx:TrackPointExtension></extensions></trkpt><trkpt lat="36.9696711469" lon="114.5466567390"><ele>-2.11</ele><time>2018-10-11T04:33:42Z</time><extensions><gpxtpx:TrackPointExtension><gpxtpx:depth>0.00</gpxtpx:depth></gpxtpx:TrackPointExtension></extensions></trkpt><trkpt lat="36.9690695778" lon="114.5461361390"><ele>-1.66</ele><time>2018-10-11T04:34:00Z</time><extensions><gpxtpx:TrackPointExtension><gpxtpx:depth>0.00</gpxtpx:depth></gpxtpx:TrackPointExtension></extensions></trkpt><trkpt lat="36.9688376505" lon="114.5459312014"><ele>-1.49</ele><time>2018-10-11T04:34:07Z</time><extensions><gpxtpx:TrackPointExtension><gpxtpx:depth>0.00</gpxtpx:depth></gpxtpx:TrackPointExtension></extensions></trkpt><trkpt lat="36.9682560302" lon="114.5454098471"><ele>-1.19</ele><time>2018-10-11T04:34:25Z</time><extensions><gpxtpx:TrackPointExtension><gpxtpx:depth>0.00</gpxtpx:depth></gpxtpx:TrackPointExtension></extensions></trkpt><trkpt lat="36.9678759109" lon="114.5450287219"><ele>-0.83</ele><time>2018-10-11T04:34:39Z</time><extensions><gpxtpx:TrackPointExtension><gpxtpx:depth>0.00</gpxtpx:depth></gpxtpx:TrackPointExtension></extensions></trkpt><trkpt lat="36.9674823806" lon="114.5446573198"><ele>-0.55</ele><time>2018-10-11T04:34:53Z</time><extensions><gpxtpx:TrackPointExtension><gpxtpx:depth>0.00</gpxtpx:depth></gpxtpx:TrackPointExtension></extensions></trkpt><trkpt lat="36.9674464222" lon="114.5446294080"><ele>-0.52</ele><time>2018-10-11T04:34:54Z</time><extensions><gpxtpx:TrackPointExtension><gpxtpx:depth>0.00</gpxtpx:depth></gpxtpx:TrackPointExtension></extensions></trkpt><trkpt lat="36.9669958949" lon="114.5442228019"><ele>-0.21</ele><time>2018-10-11T04:35:08Z</time><extensions><gpxtpx:TrackPointExtension><gpxtpx:depth>0.00</gpxtpx:depth></gpxtpx:TrackPointExtension></extensions></trkpt><trkpt lat="36.9666955713" lon="114.5439211372"><ele>-0.10</ele><time>2018-10-11T04:35:18Z</time><extensions><gpxtpx:TrackPointExtension><gpxtpx:depth>0.00</gpxtpx:depth></gpxtpx:TrackPointExtension></extensions></trkpt><trkpt lat="36.9662641548" lon="114.5435604639"><ele>-0.07</ele><time>2018-10-11T04:35:30Z</time><extensions><gpxtpx:TrackPointExtension><gpxtpx:depth>0.00</gpxtpx:depth></gpxtpx:TrackPointExtension></extensions></trkpt><trkpt lat="36.9657674432" lon="114.5431136247"><ele>0.17</ele><time>2018-10-11T04:35:46Z</time><extensions><gpxtpx:TrackPointExtension><gpxtpx:depth>0.00</gpxtpx:depth></gpxtpx:TrackPointExtension></extensions></trkpt><trkpt lat="36.9653238729" lon="114.5427021571"><ele>0.49</ele><time>2018-10-11T04:36:00Z</time><extensions><gpxtpx:TrackPointExtension><gpxtpx:depth>0.00</gpxtpx:depth></gpxtpx:TrackPointExtension></extensions></trkpt><trkpt lat="36.9648175221" lon="114.5422055293"><ele>0.49</ele><time>2018-10-11T04:36:16Z</time><extensions><gpxtpx:TrackPointExtension><gpxtpx:depth>0.00</gpxtpx:depth></gpxtpx:TrackPointExtension></extensions></trkpt><trkpt lat="36.9643576071" lon="114.5417772140"><ele>0.47</ele><time>2018-10-11T04:36:30Z</time><extensions><gpxtpx:TrackPointExtension><gpxtpx:depth>0.00</gpxtpx:depth></gpxtpx:TrackPointExtension></extensions></trkpt><trkpt lat="36.9639747217" lon="114.5414226595"><ele>0.41</ele><time>2018-10-11T04:36:43Z</time><extensions><gpxtpx:TrackPointExtension><gpxtpx:depth>0.00</gpxtpx:depth></gpxtpx:TrackPointExtension></extensions></trkpt><trkpt lat="36.9635485020" lon="114.5410538558"><ele>0.68</ele><time>2018-10-11T04:36:56Z</time><extensions><gpxtpx:TrackPointExtension><gpxtpx:depth>0.00</gpxtpx:depth></gpxtpx:TrackPointExtension></extensions></trkpt><trkpt lat="36.9633148983" lon="114.5407719724"><ele>0.83</ele><time>2018-10-11T04:37:06Z</time><extensions><gpxtpx:TrackPointExtension><gpxtpx:depth>0.00</gpxtpx:depth></gpxtpx:TrackPointExtension></extensions></trkpt><trkpt lat="36.9629081246" lon="114.5403790288"><ele>0.88</ele><time>2018-10-11T04:37:19Z</time><extensions><gpxtpx:TrackPointExtension><gpxtpx:depth>0.00</gpxtpx:depth></gpxtpx:TrackPointExtension></extensions></trkpt><trkpt lat="36.9622731116" lon="114.5399125759"><ele>1.05</ele><time>2018-10-11T04:37:34Z</time><extensions><gpxtpx:TrackPointExtension><gpxtpx:depth>0.00</gpxtpx:depth></gpxtpx:TrackPointExtension></extensions></trkpt><trkpt lat="36.9618673436" lon="114.5396560058"><ele>1.05</ele><time>2018-10-11T04:37:45Z</time><extensions><gpxtpx:TrackPointExtension><gpxtpx:depth>0.00</gpxtpx:depth></gpxtpx:TrackPointExtension></extensions></trkpt><trkpt lat="36.9613194186" lon="114.5393265132"><ele>1.20</ele><time>2018-10-11T04:37:59Z</time><extensions><gpxtpx:TrackPointExtension><gpxtpx:depth>0.00</gpxtpx:depth></gpxtpx:TrackPointExtension></extensions></trkpt><trkpt lat="36.9609310851" lon="114.5391249284"><ele>1.20</ele><time>2018-10-11T04:38:13Z</time><extensions><gpxtpx:TrackPointExtension><gpxtpx:depth>0.00</gpxtpx:depth></gpxtpx:TrackPointExtension></extensions></trkpt><trkpt lat="36.9609278161" lon="114.5391267724"><ele>1.26</ele><time>2018-10-11T04:38:17Z</time><extensions><gpxtpx:TrackPointExtension><gpxtpx:depth>0.00</gpxtpx:depth></gpxtpx:TrackPointExtension></extensions></trkpt><trkpt lat="36.9608324300" lon="114.5390933286"><ele>1.93</ele><time>2018-10-11T04:40:21Z</time><extensions><gpxtpx:TrackPointExtension><gpxtpx:depth>0.00</gpxtpx:depth></gpxtpx:TrackPointExtension></extensions></trkpt><trkpt lat="36.9604404084" lon="114.5389536861"><ele>1.93</ele><time>2018-10-11T04:40:35Z</time><extensions><gpxtpx:TrackPointExtension><gpxtpx:depth>0.00</gpxtpx:depth></gpxtpx:TrackPointExtension></extensions></trkpt><trkpt lat="36.9599338900" lon="114.5388459787"><ele>1.90</ele><time>2018-10-11T04:40:50Z</time><extensions><gpxtpx:TrackPointExtension><gpxtpx:depth>0.00</gpxtpx:depth></gpxtpx:TrackPointExtension></extensions></trkpt><trkpt lat="36.9594602287" lon="114.5388122834"><ele>1.92</ele><time>2018-10-11T04:41:03Z</time><extensions><gpxtpx:TrackPointExtension><gpxtpx:depth>0.00</gpxtpx:depth></gpxtpx:TrackPointExtension></extensions></trkpt><trkpt lat="36.9589694683" lon="114.5388204977"><ele>2.07</ele><time>2018-10-11T04:41:17Z</time><extensions><gpxtpx:TrackPointExtension><gpxtpx:depth>0.00</gpxtpx:depth></gpxtpx:TrackPointExtension></extensions></trkpt><trkpt lat="36.9583917875" lon="114.5388247725"><ele>2.60</ele><time>2018-10-11T04:41:33Z</time><extensions><gpxtpx:TrackPointExtension><gpxtpx:depth>0.00</gpxtpx:depth></gpxtpx:TrackPointExtension></extensions></trkpt><trkpt lat="36.9579462893" lon="114.5388324838"><ele>2.72</ele><time>2018-10-11T04:41:46Z</time><extensions><gpxtpx:TrackPointExtension><gpxtpx:depth>0.00</gpxtpx:depth></gpxtpx:TrackPointExtension></extensions></trkpt><trkpt lat="36.9572348334" lon="114.5388134569"><ele>2.73</ele><time>2018-10-11T04:42:01Z</time><extensions><gpxtpx:TrackPointExtension><gpxtpx:depth>0.00</gpxtpx:depth></gpxtpx:TrackPointExtension></extensions></trkpt><trkpt lat="36.9566356111" lon="114.5388229284"><ele>2.76</ele><time>2018-10-11T04:42:15Z</time><extensions><gpxtpx:TrackPointExtension><gpxtpx:depth>0.00</gpxtpx:depth></gpxtpx:TrackPointExtension></extensions></trkpt><trkpt lat="36.9560704194" lon="114.5388279576"><ele>2.78</ele><time>2018-10-11T04:42:30Z</time><extensions><gpxtpx:TrackPointExtension><gpxtpx:depth>0.00</gpxtpx:depth></gpxtpx:TrackPointExtension></extensions></trkpt><trkpt lat="36.9554041419" lon="114.5388441347"><ele>2.82</ele><time>2018-10-11T04:42:47Z</time><extensions><gpxtpx:TrackPointExtension><gpxtpx:depth>0.00</gpxtpx:depth></gpxtpx:TrackPointExtension></extensions></trkpt><trkpt lat="36.9549051672" lon="114.5388573781"><ele>2.11</ele><time>2018-10-11T04:43:01Z</time><extensions><gpxtpx:TrackPointExtension><gpxtpx:depth>0.00</gpxtpx:depth></gpxtpx:TrackPointExtension></extensions></trkpt><trkpt lat="36.9544594176" lon="114.5388633292"><ele>2.13</ele><time>2018-10-11T04:43:17Z</time><extensions><gpxtpx:TrackPointExtension><gpxtpx:depth>0.00</gpxtpx:depth></gpxtpx:TrackPointExtension></extensions></trkpt><trkpt lat="36.9541228842" lon="114.5389261935"><ele>2.10</ele><time>2018-10-11T04:43:31Z</time><extensions><gpxtpx:TrackPointExtension><gpxtpx:depth>0.00</gpxtpx:depth></gpxtpx:TrackPointExtension></extensions></trkpt><trkpt lat="36.9536820799" lon="114.5388730522"><ele>2.17</ele><time>2018-10-11T04:43:46Z</time><extensions><gpxtpx:TrackPointExtension><gpxtpx:depth>0.00</gpxtpx:depth></gpxtpx:TrackPointExtension></extensions></trkpt><trkpt lat="36.9531343225" lon="114.5387932565"><ele>2.16</ele><time>2018-10-11T04:44:01Z</time><extensions><gpxtpx:TrackPointExtension><gpxtpx:depth>0.00</gpxtpx:depth></gpxtpx:TrackPointExtension></extensions></trkpt><trkpt lat="36.9527483359" lon="114.5387596451"><ele>2.06</ele><time>2018-10-11T04:44:14Z</time><extensions><gpxtpx:TrackPointExtension><gpxtpx:depth>0.00</gpxtpx:depth></gpxtpx:TrackPointExtension></extensions></trkpt><trkpt lat="36.9524408039" lon="114.5387470722"><ele>2.10</ele><time>2018-10-11T04:44:26Z</time><extensions><gpxtpx:TrackPointExtension><gpxtpx:depth>0.00</gpxtpx:depth></gpxtpx:TrackPointExtension></extensions></trkpt><trkpt lat="36.9520129915" lon="114.5387338288"><ele>2.16</ele><time>2018-10-11T04:44:40Z</time><extensions><gpxtpx:TrackPointExtension><gpxtpx:depth>0.00</gpxtpx:depth></gpxtpx:TrackPointExtension></extensions></trkpt><trkpt lat="36.9512940757" lon="114.5387220103"><ele>2.34</ele><time>2018-10-11T04:44:59Z</time><extensions><gpxtpx:TrackPointExtension><gpxtpx:depth>0.00</gpxtpx:depth></gpxtpx:TrackPointExtension></extensions></trkpt><trkpt lat="36.9508602284" lon="114.5387262851"><ele>2.59</ele><time>2018-10-11T04:45:11Z</time><extensions><gpxtpx:TrackPointExtension><gpxtpx:depth>0.00</gpxtpx:depth></gpxtpx:TrackPointExtension></extensions></trkpt><trkpt lat="36.9503353536" lon="114.5387151372"><ele>2.21</ele><time>2018-10-11T04:45:26Z</time><extensions><gpxtpx:TrackPointExtension><gpxtpx:depth>0.00</gpxtpx:depth></gpxtpx:TrackPointExtension></extensions></trkpt><trkpt lat="36.9498206209" lon="114.5387018099"><ele>1.94</ele><time>2018-10-11T04:45:43Z</time><extensions><gpxtpx:TrackPointExtension><gpxtpx:depth>0.00</gpxtpx:depth></gpxtpx:TrackPointExtension></extensions></trkpt><trkpt lat="36.9498058688" lon="114.5386946015"><ele>2.07</ele><time>2018-10-11T04:45:51Z</time><extensions><gpxtpx:TrackPointExtension><gpxtpx:depth>0.00</gpxtpx:depth></gpxtpx:TrackPointExtension></extensions></trkpt><trkpt lat="36.9497579243" lon="114.5386811905"><ele>2.81</ele><time>2018-10-11T04:48:59Z</time><extensions><gpxtpx:TrackPointExtension><gpxtpx:depth>0.00</gpxtpx:depth></gpxtpx:TrackPointExtension></extensions></trkpt><trkpt lat="36.9493139349" lon="114.5386855491"><ele>3.20</ele><time>2018-10-11T04:49:14Z</time><extensions><gpxtpx:TrackPointExtension><gpxtpx:depth>0.00</gpxtpx:depth></gpxtpx:TrackPointExtension></extensions></trkpt><trkpt lat="36.9487160537" lon="114.5386804361"><ele>3.19</ele><time>2018-10-11T04:49:30Z</time><extensions><gpxtpx:TrackPointExtension><gpxtpx:depth>0.00</gpxtpx:depth></gpxtpx:TrackPointExtension></extensions></trkpt><trkpt lat="36.9481918495" lon="114.5386552904"><ele>3.27</ele><time>2018-10-11T04:49:43Z</time><extensions><gpxtpx:TrackPointExtension><gpxtpx:depth>0.00</gpxtpx:depth></gpxtpx:TrackPointExtension></extensions></trkpt><trkpt lat="36.9477223791" lon="114.5386523567"><ele>3.33</ele><time>2018-10-11T04:49:56Z</time><extensions><gpxtpx:TrackPointExtension><gpxtpx:depth>0.00</gpxtpx:depth></gpxtpx:TrackPointExtension></extensions></trkpt><trkpt lat="36.9471294433" lon="114.5386459026"><ele>3.34</ele><time>2018-10-11T04:50:13Z</time><extensions><gpxtpx:TrackPointExtension><gpxtpx:depth>0.00</gpxtpx:depth></gpxtpx:TrackPointExtension></extensions></trkpt><trkpt lat="36.9466880523" lon="114.5386507642"><ele>3.35</ele><time>2018-10-11T04:50:25Z</time><extensions><gpxtpx:TrackPointExtension><gpxtpx:depth>0.00</gpxtpx:depth></gpxtpx:TrackPointExtension></extensions></trkpt><trkpt lat="36.9461751636" lon="114.5386666059"><ele>3.51</ele><time>2018-10-11T04:50:40Z</time><extensions><gpxtpx:TrackPointExtension><gpxtpx:depth>0.00</gpxtpx:depth></gpxtpx:TrackPointExtension></extensions></trkpt><trkpt lat="36.9455694035" lon="114.5386624988"><ele>3.93</ele><time>2018-10-11T04:50:56Z</time><extensions><gpxtpx:TrackPointExtension><gpxtpx:depth>0.00</gpxtpx:depth></gpxtpx:TrackPointExtension></extensions></trkpt><trkpt lat="36.9450064749" lon="114.5386409573"><ele>4.07</ele><time>2018-10-11T04:51:11Z</time><extensions><gpxtpx:TrackPointExtension><gpxtpx:depth>0.00</gpxtpx:depth></gpxtpx:TrackPointExtension></extensions></trkpt><trkpt lat="36.9444346614" lon="114.5386381913"><ele>4.10</ele><time>2018-10-11T04:51:26Z</time><extensions><gpxtpx:TrackPointExtension><gpxtpx:depth>0.00</gpxtpx:depth></gpxtpx:TrackPointExtension></extensions></trkpt><trkpt lat="36.9437015802" lon="114.5386341680"><ele>4.56</ele><time>2018-10-11T04:51:43Z</time><extensions><gpxtpx:TrackPointExtension><gpxtpx:depth>0.00</gpxtpx:depth></gpxtpx:TrackPointExtension></extensions></trkpt><trkpt lat="36.9431042857" lon="114.5386303961"><ele>4.51</ele><time>2018-10-11T04:51:59Z</time><extensions><gpxtpx:TrackPointExtension><gpxtpx:depth>0.00</gpxtpx:depth></gpxtpx:TrackPointExtension></extensions></trkpt><trkpt lat="36.9425341487" lon="114.5385590661"><ele>4.46</ele><time>2018-10-11T04:52:12Z</time><extensions><gpxtpx:TrackPointExtension><gpxtpx:depth>0.00</gpxtpx:depth></gpxtpx:TrackPointExtension></extensions></trkpt><trkpt lat="36.9420019817" lon="114.5384164061"><ele>4.24</ele><time>2018-10-11T04:52:24Z</time><extensions><gpxtpx:TrackPointExtension><gpxtpx:depth>0.00</gpxtpx:depth></gpxtpx:TrackPointExtension></extensions></trkpt><trkpt lat="36.9419685379" lon="114.5383891650"><ele>4.22</ele><time>2018-10-11T04:52:25Z</time><extensions><gpxtpx:TrackPointExtension><gpxtpx:depth>0.00</gpxtpx:depth></gpxtpx:TrackPointExtension></extensions></trkpt><trkpt lat="36.9413341116" lon="114.5381565671"><ele>4.15</ele><time>2018-10-11T04:52:41Z</time><extensions><gpxtpx:TrackPointExtension><gpxtpx:depth>0.00</gpxtpx:depth></gpxtpx:TrackPointExtension></extensions></trkpt><trkpt lat="36.9408923015" lon="114.5380332693"><ele>4.03</ele><time>2018-10-11T04:52:51Z</time><extensions><gpxtpx:TrackPointExtension><gpxtpx:depth>0.00</gpxtpx:depth></gpxtpx:TrackPointExtension></extensions></trkpt><trkpt lat="36.9401664287" lon="114.5378659666"><ele>3.66</ele><time>2018-10-11T04:53:06Z</time><extensions><gpxtpx:TrackPointExtension><gpxtpx:depth>0.00</gpxtpx:depth></gpxtpx:TrackPointExtension></extensions></trkpt><trkpt lat="36.9400294684" lon="114.5378398988"><ele>3.66</ele><time>2018-10-11T04:53:09Z</time><extensions><gpxtpx:TrackPointExtension><gpxtpx:depth>0.00</gpxtpx:depth></gpxtpx:TrackPointExtension></extensions></trkpt><trkpt lat="36.9395158254" lon="114.5377125777"><ele>3.67</ele><time>2018-10-11T04:53:22Z</time><extensions><gpxtpx:TrackPointExtension><gpxtpx:depth>0.00</gpxtpx:depth></gpxtpx:TrackPointExtension></extensions></trkpt><trkpt lat="36.9390189461" lon="114.5375662297"><ele>3.20</ele><time>2018-10-11T04:53:36Z</time><extensions><gpxtpx:TrackPointExtension><gpxtpx:depth>0.00</gpxtpx:depth></gpxtpx:TrackPointExtension></extensions></trkpt><trkpt lat="36.9385492243" lon="114.5374968275"><ele>3.09</ele><time>2018-10-11T04:53:50Z</time><extensions><gpxtpx:TrackPointExtension><gpxtpx:depth>0.00</gpxtpx:depth></gpxtpx:TrackPointExtension></extensions></trkpt><trkpt lat="36.9381876290" lon="114.5373845939"><ele>3.08</ele><time>2018-10-11T04:54:02Z</time><extensions><gpxtpx:TrackPointExtension><gpxtpx:depth>0.00</gpxtpx:depth></gpxtpx:TrackPointExtension></extensions></trkpt><trkpt lat="36.9376944378" lon="114.5372784790"><ele>2.79</ele><time>2018-10-11T04:54:15Z</time><extensions><gpxtpx:TrackPointExtension><gpxtpx:depth>0.00</gpxtpx:depth></gpxtpx:TrackPointExtension></extensions></trkpt><trkpt lat="36.9371495303" lon="114.5371601265"><ele>2.63</ele><time>2018-10-11T04:54:29Z</time><extensions><gpxtpx:TrackPointExtension><gpxtpx:depth>0.00</gpxtpx:depth></gpxtpx:TrackPointExtension></extensions></trkpt><trkpt lat="36.9366959017" lon="114.5370646566"><ele>2.68</ele><time>2018-10-11T04:54:41Z</time><extensions><gpxtpx:TrackPointExtension><gpxtpx:depth>0.00</gpxtpx:depth></gpxtpx:TrackPointExtension></extensions></trkpt><trkpt lat="36.9361913111" lon="114.5369187277"><ele>2.50</ele><time>2018-10-11T04:54:54Z</time><extensions><gpxtpx:TrackPointExtension><gpxtpx:depth>0.00</gpxtpx:depth></gpxtpx:TrackPointExtension></extensions></trkpt><trkpt lat="36.9356827810" lon="114.5367985312"><ele>2.45</ele><time>2018-10-11T04:55:08Z</time><extensions><gpxtpx:TrackPointExtension><gpxtpx:depth>0.00</gpxtpx:depth></gpxtpx:TrackPointExtension></extensions></trkpt><trkpt lat="36.9354658574" lon="114.5367277041"><ele>2.47</ele><time>2018-10-11T04:55:14Z</time><extensions><gpxtpx:TrackPointExtension><gpxtpx:depth>0.00</gpxtpx:depth></gpxtpx:TrackPointExtension></extensions></trkpt><trkpt lat="36.9349185191" lon="114.5366106927"><ele>2.46</ele><time>2018-10-11T04:55:29Z</time><extensions><gpxtpx:TrackPointExtension><gpxtpx:depth>0.00</gpxtpx:depth></gpxtpx:TrackPointExtension></extensions></trkpt><trkpt lat="36.9345853385" lon="114.5365272928"><ele>2.62</ele><time>2018-10-11T04:55:42Z</time><extensions><gpxtpx:TrackPointExtension><gpxtpx:depth>0.00</gpxtpx:depth></gpxtpx:TrackPointExtension></extensions></trkpt><trkpt lat="36.9342358969" lon="114.5364459045"><ele>2.68</ele><time>2018-10-11T04:55:55Z</time><extensions><gpxtpx:TrackPointExtension><gpxtpx:depth>0.00</gpxtpx:depth></gpxtpx:TrackPointExtension></extensions></trkpt><trkpt lat="36.9337465614" lon="114.5363357663"><ele>2.78</ele><time>2018-10-11T04:56:09Z</time><extensions><gpxtpx:TrackPointExtension><gpxtpx:depth>0.00</gpxtpx:depth></gpxtpx:TrackPointExtension></extensions></trkpt><trkpt lat="36.9332545437" lon="114.5361942798"><ele>3.06</ele><time>2018-10-11T04:56:22Z</time><extensions><gpxtpx:TrackPointExtension><gpxtpx:depth>0.00</gpxtpx:depth></gpxtpx:TrackPointExtension></extensions></trkpt><trkpt lat="36.9326755218" lon="114.5360610075"><ele>3.35</ele><time>2018-10-11T04:56:38Z</time><extensions><gpxtpx:TrackPointExtension><gpxtpx:depth>0.00</gpxtpx:depth></gpxtpx:TrackPointExtension></extensions></trkpt><trkpt lat="36.9320871960" lon="114.5359931979"><ele>3.66</ele><time>2018-10-11T04:56:53Z</time><extensions><gpxtpx:TrackPointExtension><gpxtpx:depth>0.00</gpxtpx:depth></gpxtpx:TrackPointExtension></extensions></trkpt><trkpt lat="36.9314890634" lon="114.5359366201"><ele>3.67</ele><time>2018-10-11T04:57:10Z</time><extensions><gpxtpx:TrackPointExtension><gpxtpx:depth>0.00</gpxtpx:depth></gpxtpx:TrackPointExtension></extensions></trkpt><trkpt lat="36.9309138972" lon="114.5359492768"><ele>3.82</ele><time>2018-10-11T04:57:27Z</time><extensions><gpxtpx:TrackPointExtension><gpxtpx:depth>0.00</gpxtpx:depth></gpxtpx:TrackPointExtension></extensions></trkpt><trkpt lat="36.9304767810" lon="114.5360061899"><ele>3.72</ele><time>2018-10-11T04:57:42Z</time><extensions><gpxtpx:TrackPointExtension><gpxtpx:depth>0.00</gpxtpx:depth></gpxtpx:TrackPointExtension></extensions></trkpt><trkpt lat="36.9300301094" lon="114.5360665396"><ele>3.73</ele><time>2018-10-11T04:57:57Z</time><extensions><gpxtpx:TrackPointExtension><gpxtpx:depth>0.00</gpxtpx:depth></gpxtpx:TrackPointExtension></extensions></trkpt><trkpt lat="36.9294543564" lon="114.5360048488"><ele>3.73</ele><time>2018-10-11T04:58:12Z</time><extensions><gpxtpx:TrackPointExtension><gpxtpx:depth>0.00</gpxtpx:depth></gpxtpx:TrackPointExtension></extensions></trkpt><trkpt lat="36.9289609138" lon="114.5359880012"><ele>3.71</ele><time>2018-10-11T04:58:27Z</time><extensions><gpxtpx:TrackPointExtension><gpxtpx:depth>0.00</gpxtpx:depth></gpxtpx:TrackPointExtension></extensions></trkpt><trkpt lat="36.9285512902" lon="114.5360073633"><ele>3.53</ele><time>2018-10-11T04:58:39Z</time><extensions><gpxtpx:TrackPointExtension><gpxtpx:depth>0.00</gpxtpx:depth></gpxtpx:TrackPointExtension></extensions></trkpt><trkpt lat="36.9279415905" lon="114.5359704830"><ele>3.56</ele><time>2018-10-11T04:58:55Z</time><extensions><gpxtpx:TrackPointExtension><gpxtpx:depth>0.00</gpxtpx:depth></gpxtpx:TrackPointExtension></extensions></trkpt><trkpt lat="36.9273574557" lon="114.5359895937"><ele>3.68</ele><time>2018-10-11T04:59:11Z</time><extensions><gpxtpx:TrackPointExtension><gpxtpx:depth>0.00</gpxtpx:depth></gpxtpx:TrackPointExtension></extensions></trkpt><trkpt lat="36.9268657733" lon="114.5359765179"><ele>3.82</ele><time>2018-10-11T04:59:24Z</time><extensions><gpxtpx:TrackPointExtension><gpxtpx:depth>0.00</gpxtpx:depth></gpxtpx:TrackPointExtension></extensions></trkpt><trkpt lat="36.9263824727" lon="114.5359645318"><ele>3.93</ele><time>2018-10-11T04:59:37Z</time><extensions><gpxtpx:TrackPointExtension><gpxtpx:depth>0.00</gpxtpx:depth></gpxtpx:TrackPointExtension></extensions></trkpt><trkpt lat="36.9258104917" lon="114.5359600894"><ele>4.17</ele><time>2018-10-11T04:59:52Z</time><extensions><gpxtpx:TrackPointExtension><gpxtpx:depth>0.00</gpxtpx:depth></gpxtpx:TrackPointExtension></extensions></trkpt><trkpt lat="36.9253442064" lon="114.5359353628"><ele>4.51</ele><time>2018-10-11T05:00:05Z</time><extensions><gpxtpx:TrackPointExtension><gpxtpx:depth>0.00</gpxtpx:depth></gpxtpx:TrackPointExtension></extensions></trkpt><trkpt lat="36.9248717185" lon="114.5359377097"><ele>4.76</ele><time>2018-10-11T05:00:19Z</time><extensions><gpxtpx:TrackPointExtension><gpxtpx:depth>0.00</gpxtpx:depth></gpxtpx:TrackPointExtension></extensions></trkpt><trkpt lat="36.9242921937" lon="114.5359285735"><ele>4.96</ele><time>2018-10-11T05:00:36Z</time><extensions><gpxtpx:TrackPointExtension><gpxtpx:depth>0.00</gpxtpx:depth></gpxtpx:TrackPointExtension></extensions></trkpt><trkpt lat="36.9238004275" lon="114.5359246340"><ele>5.29</ele><time>2018-10-11T05:00:51Z</time><extensions><gpxtpx:TrackPointExtension><gpxtpx:depth>0.00</gpxtpx:depth></gpxtpx:TrackPointExtension></extensions></trkpt><trkpt lat="36.9232528377" lon="114.5359322615"><ele>5.49</ele><time>2018-10-11T05:01:08Z</time><extensions><gpxtpx:TrackPointExtension><gpxtpx:depth>0.00</gpxtpx:depth></gpxtpx:TrackPointExtension></extensions></trkpt><trkpt lat="36.9227313995" lon="114.5359144080"><ele>5.72</ele><time>2018-10-11T05:01:24Z</time><extensions><gpxtpx:TrackPointExtension><gpxtpx:depth>0.00</gpxtpx:depth></gpxtpx:TrackPointExtension></extensions></trkpt><trkpt lat="36.9223263860" lon="114.5358897652"><ele>6.01</ele><time>2018-10-11T05:01:40Z</time><extensions><gpxtpx:TrackPointExtension><gpxtpx:depth>0.00</gpxtpx:depth></gpxtpx:TrackPointExtension></extensions></trkpt><trkpt lat="36.9221962988" lon="114.5358852390"><ele>6.09</ele><time>2018-10-11T05:01:49Z</time><extensions><gpxtpx:TrackPointExtension><gpxtpx:depth>0.00</gpxtpx:depth></gpxtpx:TrackPointExtension></extensions></trkpt><trkpt lat="36.9220254757" lon="114.5358142443"><ele>5.08</ele><time>2018-10-11T05:02:05Z</time><extensions><gpxtpx:TrackPointExtension><gpxtpx:depth>0.00</gpxtpx:depth></gpxtpx:TrackPointExtension></extensions></trkpt><trkpt lat="36.9220232125" lon="114.5358134899"><ele>5.02</ele><time>2018-10-11T05:02:06Z</time><extensions><gpxtpx:TrackPointExtension><gpxtpx:depth>0.00</gpxtpx:depth></gpxtpx:TrackPointExtension></extensions></trkpt><trkpt lat="36.9218754396" lon="114.5357511286"><ele>5.09</ele><time>2018-10-11T05:03:59Z</time><extensions><gpxtpx:TrackPointExtension><gpxtpx:depth>0.00</gpxtpx:depth></gpxtpx:TrackPointExtension></extensions></trkpt><trkpt lat="36.9217001740" lon="114.5356808044"><ele>5.06</ele><time>2018-10-11T05:04:04Z</time><extensions><gpxtpx:TrackPointExtension><gpxtpx:depth>0.00</gpxtpx:depth></gpxtpx:TrackPointExtension></extensions></trkpt><trkpt lat="36.9215187058" lon="114.5356041938"><ele>4.67</ele><time>2018-10-11T05:04:08Z</time><extensions><gpxtpx:TrackPointExtension><gpxtpx:depth>0.00</gpxtpx:depth></gpxtpx:TrackPointExtension></extensions></trkpt><trkpt lat="36.9207069185" lon="114.5352741145"><ele>2.19</ele><time>2018-10-11T05:04:22Z</time><extensions><gpxtpx:TrackPointExtension><gpxtpx:depth>0.00</gpxtpx:depth></gpxtpx:TrackPointExtension></extensions></trkpt><trkpt lat="36.9201929402" lon="114.5350664947"><ele>0.14</ele><time>2018-10-11T05:04:32Z</time><extensions><gpxtpx:TrackPointExtension><gpxtpx:depth>0.00</gpxtpx:depth></gpxtpx:TrackPointExtension></extensions></trkpt><trkpt lat="36.9197431672" lon="114.5348583721"><ele>-0.15</ele><time>2018-10-11T05:04:45Z</time><extensions><gpxtpx:TrackPointExtension><gpxtpx:depth>0.00</gpxtpx:depth></gpxtpx:TrackPointExtension></extensions></trkpt><trkpt lat="36.9192205556" lon="114.5346379280"><ele>0.00</ele><time>2018-10-11T05:05:00Z</time><extensions><gpxtpx:TrackPointExtension><gpxtpx:depth>0.00</gpxtpx:depth></gpxtpx:TrackPointExtension></extensions></trkpt><trkpt lat="36.9188046455" lon="114.5344598126"><ele>0.49</ele><time>2018-10-11T05:05:13Z</time><extensions><gpxtpx:TrackPointExtension><gpxtpx:depth>0.00</gpxtpx:depth></gpxtpx:TrackPointExtension></extensions></trkpt><trkpt lat="36.9183365162" lon="114.5342512708"><ele>0.54</ele><time>2018-10-11T05:05:27Z</time><extensions><gpxtpx:TrackPointExtension><gpxtpx:depth>0.00</gpxtpx:depth></gpxtpx:TrackPointExtension></extensions></trkpt><trkpt lat="36.9179872423" lon="114.5341308229"><ele>0.62</ele><time>2018-10-11T05:05:39Z</time><extensions><gpxtpx:TrackPointExtension><gpxtpx:depth>0.00</gpxtpx:depth></gpxtpx:TrackPointExtension></extensions></trkpt><trkpt lat="36.9176289160" lon="114.5339735784"><ele>0.60</ele><time>2018-10-11T05:05:53Z</time><extensions><gpxtpx:TrackPointExtension><gpxtpx:depth>0.00</gpxtpx:depth></gpxtpx:TrackPointExtension></extensions></trkpt><trkpt lat="36.9173862599" lon="114.5338900108"><ele>0.56</ele><time>2018-10-11T05:06:04Z</time><extensions><gpxtpx:TrackPointExtension><gpxtpx:depth>0.00</gpxtpx:depth></gpxtpx:TrackPointExtension></extensions></trkpt><trkpt lat="36.9173045363" lon="114.5338561479"><ele>0.60</ele><time>2018-10-11T05:06:10Z</time><extensions><gpxtpx:TrackPointExtension><gpxtpx:depth>0.00</gpxtpx:depth></gpxtpx:TrackPointExtension></extensions></trkpt><trkpt lat="36.9172310270" lon="114.5338550583"><ele>0.58</ele><time>2018-10-11T05:06:19Z</time><extensions><gpxtpx:TrackPointExtension><gpxtpx:depth>0.00</gpxtpx:depth></gpxtpx:TrackPointExtension></extensions></trkpt><trkpt lat="36.9170743693" lon="114.5338242967"><ele>0.87</ele><time>2018-10-11T05:07:23Z</time><extensions><gpxtpx:TrackPointExtension><gpxtpx:depth>0.00</gpxtpx:depth></gpxtpx:TrackPointExtension></extensions></trkpt><trkpt lat="36.9170814939" lon="114.5338244643"><ele>0.87</ele><time>2018-10-11T05:07:26Z</time><extensions><gpxtpx:TrackPointExtension><gpxtpx:depth>0.00</gpxtpx:depth></gpxtpx:TrackPointExtension></extensions></trkpt><trkpt lat="36.9169966690" lon="114.5338113885"><ele>0.93</ele><time>2018-10-11T05:07:48Z</time><extensions><gpxtpx:TrackPointExtension><gpxtpx:depth>0.00</gpxtpx:depth></gpxtpx:TrackPointExtension></extensions></trkpt><trkpt lat="36.9169261772" lon="114.5337880868"><ele>0.99</ele><time>2018-10-11T05:07:54Z</time><extensions><gpxtpx:TrackPointExtension><gpxtpx:depth>0.00</gpxtpx:depth></gpxtpx:TrackPointExtension></extensions></trkpt><trkpt lat="36.9168605469" lon="114.5337458421"><ele>1.08</ele><time>2018-10-11T05:07:58Z</time><extensions><gpxtpx:TrackPointExtension><gpxtpx:depth>0.00</gpxtpx:depth></gpxtpx:TrackPointExtension></extensions></trkpt><trkpt lat="36.9165459741" lon="114.5335378870"><ele>1.25</ele><time>2018-10-11T05:08:12Z</time><extensions><gpxtpx:TrackPointExtension><gpxtpx:depth>0.00</gpxtpx:depth></gpxtpx:TrackPointExtension></extensions></trkpt><trkpt lat="36.9161274657" lon="114.5334206242"><ele>1.48</ele><time>2018-10-11T05:08:28Z</time><extensions><gpxtpx:TrackPointExtension><gpxtpx:depth>0.00</gpxtpx:depth></gpxtpx:TrackPointExtension></extensions></trkpt><trkpt lat="36.9158883300" lon="114.5332715102"><ele>1.51</ele><time>2018-10-11T05:08:39Z</time><extensions><gpxtpx:TrackPointExtension><gpxtpx:depth>0.00</gpxtpx:depth></gpxtpx:TrackPointExtension></extensions></trkpt><trkpt lat="36.9156997371" lon="114.5332205482"><ele>1.51</ele><time>2018-10-11T05:08:50Z</time><extensions><gpxtpx:TrackPointExtension><gpxtpx:depth>0.00</gpxtpx:depth></gpxtpx:TrackPointExtension></extensions></trkpt><trkpt lat="36.9156163372" lon="114.5331061352"><ele>1.50</ele><time>2018-10-11T05:09:00Z</time><extensions><gpxtpx:TrackPointExtension><gpxtpx:depth>0.00</gpxtpx:depth></gpxtpx:TrackPointExtension></extensions></trkpt><trkpt lat="36.9156192709" lon="114.5331014413"><ele>1.55</ele><time>2018-10-11T05:09:03Z</time><extensions><gpxtpx:TrackPointExtension><gpxtpx:depth>0.00</gpxtpx:depth></gpxtpx:TrackPointExtension></extensions></trkpt><trkpt lat="36.9154747669" lon="114.5331094041"><ele>1.58</ele><time>2018-10-11T05:09:44Z</time><extensions><gpxtpx:TrackPointExtension><gpxtpx:depth>0.00</gpxtpx:depth></gpxtpx:TrackPointExtension></extensions></trkpt><trkpt lat="36.9152546581" lon="114.5330519043"><ele>1.60</ele><time>2018-10-11T05:09:53Z</time><extensions><gpxtpx:TrackPointExtension><gpxtpx:depth>0.00</gpxtpx:depth></gpxtpx:TrackPointExtension></extensions></trkpt><trkpt lat="36.9148379099" lon="114.5329115074"><ele>1.80</ele><time>2018-10-11T05:10:09Z</time><extensions><gpxtpx:TrackPointExtension><gpxtpx:depth>0.00</gpxtpx:depth></gpxtpx:TrackPointExtension></extensions></trkpt><trkpt lat="36.9146966748" lon="114.5329011139"><ele>1.85</ele><time>2018-10-11T05:10:19Z</time><extensions><gpxtpx:TrackPointExtension><gpxtpx:depth>0.00</gpxtpx:depth></gpxtpx:TrackPointExtension></extensions></trkpt><trkpt lat="36.9145978522" lon="114.5328042191"><ele>1.81</ele><time>2018-10-11T05:10:52Z</time><extensions><gpxtpx:TrackPointExtension><gpxtpx:depth>0.00</gpxtpx:depth></gpxtpx:TrackPointExtension></extensions></trkpt><trkpt lat="36.9143467303" lon="114.5326805022"><ele>2.27</ele><time>2018-10-11T05:11:04Z</time><extensions><gpxtpx:TrackPointExtension><gpxtpx:depth>0.00</gpxtpx:depth></gpxtpx:TrackPointExtension></extensions></trkpt><trkpt lat="36.9140195008" lon="114.5325375069"><ele>3.35</ele><time>2018-10-11T05:11:19Z</time><extensions><gpxtpx:TrackPointExtension><gpxtpx:depth>0.00</gpxtpx:depth></gpxtpx:TrackPointExtension></extensions></trkpt><trkpt lat="36.9139257912" lon="114.5324582141"><ele>3.80</ele><time>2018-10-11T05:11:24Z</time><extensions><gpxtpx:TrackPointExtension><gpxtpx:depth>0.00</gpxtpx:depth></gpxtpx:TrackPointExtension></extensions></trkpt><trkpt lat="36.9136663713" lon="114.5322835352"><ele>5.01</ele><time>2018-10-11T05:11:37Z</time><extensions><gpxtpx:TrackPointExtension><gpxtpx:depth>0.00</gpxtpx:depth></gpxtpx:TrackPointExtension></extensions></trkpt><trkpt lat="36.9134178478" lon="114.5321559627"><ele>6.02</ele><time>2018-10-11T05:11:49Z</time><extensions><gpxtpx:TrackPointExtension><gpxtpx:depth>0.00</gpxtpx:depth></gpxtpx:TrackPointExtension></extensions></trkpt><trkpt lat="36.9133320171" lon="114.5321545377"><ele>6.56</ele><time>2018-10-11T05:11:54Z</time><extensions><gpxtpx:TrackPointExtension><gpxtpx:depth>0.00</gpxtpx:depth></gpxtpx:TrackPointExtension></extensions></trkpt><trkpt lat="36.9132626150" lon="114.5321156457"><ele>7.09</ele><time>2018-10-11T05:11:59Z</time><extensions><gpxtpx:TrackPointExtension><gpxtpx:depth>0.00</gpxtpx:depth></gpxtpx:TrackPointExtension></extensions></trkpt><trkpt lat="36.9130980782" lon="114.5320785977"><ele>7.89</ele><time>2018-10-11T05:12:08Z</time><extensions><gpxtpx:TrackPointExtension><gpxtpx:depth>0.00</gpxtpx:depth></gpxtpx:TrackPointExtension></extensions></trkpt><trkpt lat="36.9129053783" lon="114.5319680404"><ele>8.73</ele><time>2018-10-11T05:12:17Z</time><extensions><gpxtpx:TrackPointExtension><gpxtpx:depth>0.00</gpxtpx:depth></gpxtpx:TrackPointExtension></extensions></trkpt><trkpt lat="36.9126342237" lon="114.5318439882"><ele>9.47</ele><time>2018-10-11T05:12:29Z</time><extensions><gpxtpx:TrackPointExtension><gpxtpx:depth>0.00</gpxtpx:depth></gpxtpx:TrackPointExtension></extensions></trkpt><trkpt lat="36.9123451319" lon="114.5314436685"><ele>9.25</ele><time>2018-10-11T05:12:42Z</time><extensions><gpxtpx:TrackPointExtension><gpxtpx:depth>0.00</gpxtpx:depth></gpxtpx:TrackPointExtension></extensions></trkpt><trkpt lat="36.9118953589" lon="114.5309068915"><ele>8.80</ele><time>2018-10-11T05:12:56Z</time><extensions><gpxtpx:TrackPointExtension><gpxtpx:depth>0.00</gpxtpx:depth></gpxtpx:TrackPointExtension></extensions></trkpt><trkpt lat="36.9114606734" lon="114.5303704496"><ele>8.62</ele><time>2018-10-11T05:13:10Z</time><extensions><gpxtpx:TrackPointExtension><gpxtpx:depth>0.00</gpxtpx:depth></gpxtpx:TrackPointExtension></extensions></trkpt><trkpt lat="36.9111028500" lon="114.5300239418"><ele>7.38</ele><time>2018-10-11T05:13:25Z</time><extensions><gpxtpx:TrackPointExtension><gpxtpx:depth>0.00</gpxtpx:depth></gpxtpx:TrackPointExtension></extensions></trkpt><trkpt lat="36.9108435139" lon="114.5297785196"><ele>7.37</ele><time>2018-10-11T05:13:39Z</time><extensions><gpxtpx:TrackPointExtension><gpxtpx:depth>0.00</gpxtpx:depth></gpxtpx:TrackPointExtension></extensions></trkpt><trkpt lat="36.9105688389" lon="114.5295399707"><ele>7.21</ele><time>2018-10-11T05:13:56Z</time><extensions><gpxtpx:TrackPointExtension><gpxtpx:depth>0.00</gpxtpx:depth></gpxtpx:TrackPointExtension></extensions></trkpt><trkpt lat="36.9103727862" lon="114.5293337759"><ele>6.98</ele><time>2018-10-11T05:14:07Z</time><extensions><gpxtpx:TrackPointExtension><gpxtpx:depth>0.00</gpxtpx:depth></gpxtpx:TrackPointExtension></extensions></trkpt><trkpt lat="36.9101852830" lon="114.5291952230"><ele>7.03</ele><time>2018-10-11T05:14:18Z</time><extensions><gpxtpx:TrackPointExtension><gpxtpx:depth>0.00</gpxtpx:depth></gpxtpx:TrackPointExtension></extensions></trkpt><trkpt lat="36.9100380130" lon="114.5290932152"><ele>7.14</ele><time>2018-10-11T05:14:30Z</time><extensions><gpxtpx:TrackPointExtension><gpxtpx:depth>0.00</gpxtpx:depth></gpxtpx:TrackPointExtension></extensions></trkpt><trkpt lat="36.9099201635" lon="114.5290565025"><ele>7.05</ele><time>2018-10-11T05:14:39Z</time><extensions><gpxtpx:TrackPointExtension><gpxtpx:depth>0.00</gpxtpx:depth></gpxtpx:TrackPointExtension></extensions></trkpt><trkpt lat="36.9097806886" lon="114.5289928000"><ele>7.05</ele><time>2018-10-11T05:14:48Z</time><extensions><gpxtpx:TrackPointExtension><gpxtpx:depth>0.00</gpxtpx:depth></gpxtpx:TrackPointExtension></extensions></trkpt><trkpt lat="36.9096018188" lon="114.5289657265"><ele>7.12</ele><time>2018-10-11T05:14:57Z</time><extensions><gpxtpx:TrackPointExtension><gpxtpx:depth>0.00</gpxtpx:depth></gpxtpx:TrackPointExtension></extensions></trkpt><trkpt lat="36.9091609307" lon="114.5291691553"><ele>6.89</ele><time>2018-10-11T05:15:15Z</time><extensions><gpxtpx:TrackPointExtension><gpxtpx:depth>0.00</gpxtpx:depth></gpxtpx:TrackPointExtension></extensions></trkpt><trkpt lat="36.9087699149" lon="114.5293867495"><ele>6.88</ele><time>2018-10-11T05:15:30Z</time><extensions><gpxtpx:TrackPointExtension><gpxtpx:depth>0.00</gpxtpx:depth></gpxtpx:TrackPointExtension></extensions></trkpt><trkpt lat="36.9084705133" lon="114.5296556409"><ele>6.85</ele><time>2018-10-11T05:15:44Z</time><extensions><gpxtpx:TrackPointExtension><gpxtpx:depth>0.00</gpxtpx:depth></gpxtpx:TrackPointExtension></extensions></trkpt><trkpt lat="36.9080349058" lon="114.5299474988"><ele>6.70</ele><time>2018-10-11T05:16:01Z</time><extensions><gpxtpx:TrackPointExtension><gpxtpx:depth>0.00</gpxtpx:depth></gpxtpx:TrackPointExtension></extensions></trkpt><trkpt lat="36.9074042514" lon="114.5301581360"><ele>6.33</ele><time>2018-10-11T05:16:22Z</time><extensions><gpxtpx:TrackPointExtension><gpxtpx:depth>0.00</gpxtpx:depth></gpxtpx:TrackPointExtension></extensions></trkpt><trkpt lat="36.9067057874" lon="114.5301051624"><ele>6.21</ele><time>2018-10-11T05:16:40Z</time><extensions><gpxtpx:TrackPointExtension><gpxtpx:depth>0.00</gpxtpx:depth></gpxtpx:TrackPointExtension></extensions></trkpt><trkpt lat="36.9061656576" lon="114.5302369259"><ele>6.61</ele><time>2018-10-11T05:16:55Z</time><extensions><gpxtpx:TrackPointExtension><gpxtpx:depth>0.00</gpxtpx:depth></gpxtpx:TrackPointExtension></extensions></trkpt><trkpt lat="36.9056551158" lon="114.5304316375"><ele>6.97</ele><time>2018-10-11T05:17:13Z</time><extensions><gpxtpx:TrackPointExtension><gpxtpx:depth>0.00</gpxtpx:depth></gpxtpx:TrackPointExtension></extensions></trkpt><trkpt lat="36.9053158164" lon="114.5304378401"><ele>6.97</ele><time>2018-10-11T05:17:29Z</time><extensions><gpxtpx:TrackPointExtension><gpxtpx:depth>0.00</gpxtpx:depth></gpxtpx:TrackPointExtension></extensions></trkpt><trkpt lat="36.9052411336" lon="114.5303675160"><ele>7.16</ele><time>2018-10-11T05:17:41Z</time><extensions><gpxtpx:TrackPointExtension><gpxtpx:depth>0.00</gpxtpx:depth></gpxtpx:TrackPointExtension></extensions></trkpt><trkpt lat="36.9053787645" lon="114.5306588709"><ele>7.70</ele><time>2018-10-11T05:18:03Z</time><extensions><gpxtpx:TrackPointExtension><gpxtpx:depth>0.00</gpxtpx:depth></gpxtpx:TrackPointExtension></extensions></trkpt><trkpt lat="36.9052392896" lon="114.5304921549"><ele>7.80</ele><time>2018-10-11T05:18:16Z</time><extensions><gpxtpx:TrackPointExtension><gpxtpx:depth>0.00</gpxtpx:depth></gpxtpx:TrackPointExtension></extensions></trkpt><trkpt lat="36.9048423227" lon="114.5300277136"><ele>7.78</ele><time>2018-10-11T05:18:21Z</time><extensions><gpxtpx:TrackPointExtension><gpxtpx:depth>0.00</gpxtpx:depth></gpxtpx:TrackPointExtension></extensions></trkpt><trkpt lat="36.9047971442" lon="114.5298033301"><ele>7.59</ele><time>2018-10-11T05:20:05Z</time><extensions><gpxtpx:TrackPointExtension><gpxtpx:depth>0.00</gpxtpx:depth></gpxtpx:TrackPointExtension></extensions></trkpt><trkpt lat="36.9047851581" lon="114.5296281483"><ele>7.54</ele><time>2018-10-11T05:20:11Z</time><extensions><gpxtpx:TrackPointExtension><gpxtpx:depth>0.00</gpxtpx:depth></gpxtpx:TrackPointExtension></extensions></trkpt><trkpt lat="36.9047622755" lon="114.5290005952"><ele>8.09</ele><time>2018-10-11T05:20:26Z</time><extensions><gpxtpx:TrackPointExtension><gpxtpx:depth>0.00</gpxtpx:depth></gpxtpx:TrackPointExtension></extensions></trkpt><trkpt lat="36.9047555700" lon="114.5284216572"><ele>8.84</ele><time>2018-10-11T05:20:39Z</time><extensions><gpxtpx:TrackPointExtension><gpxtpx:depth>0.00</gpxtpx:depth></gpxtpx:TrackPointExtension></extensions></trkpt><trkpt lat="36.9048165902" lon="114.5278915856"><ele>9.83</ele><time>2018-10-11T05:20:52Z</time><extensions><gpxtpx:TrackPointExtension><gpxtpx:depth>0.00</gpxtpx:depth></gpxtpx:TrackPointExtension></extensions></trkpt><trkpt lat="36.9048437476" lon="114.5271658804"><ele>10.26</ele><time>2018-10-11T05:21:06Z</time><extensions><gpxtpx:TrackPointExtension><gpxtpx:depth>0.00</gpxtpx:depth></gpxtpx:TrackPointExtension></extensions></trkpt><trkpt lat="36.9049272314" lon="114.5265110023"><ele>10.60</ele><time>2018-10-11T05:21:19Z</time><extensions><gpxtpx:TrackPointExtension><gpxtpx:depth>0.00</gpxtpx:depth></gpxtpx:TrackPointExtension></extensions></trkpt><trkpt lat="36.9048592541" lon="114.5261546038"><ele>10.70</ele><time>2018-10-11T05:21:24Z</time><extensions><gpxtpx:TrackPointExtension><gpxtpx:depth>0.00</gpxtpx:depth></gpxtpx:TrackPointExtension></extensions></trkpt><trkpt lat="36.9047790393" lon="114.5254615881"><ele>10.76</ele><time>2018-10-11T05:21:35Z</time><extensions><gpxtpx:TrackPointExtension><gpxtpx:depth>0.00</gpxtpx:depth></gpxtpx:TrackPointExtension></extensions></trkpt><trkpt lat="36.9048299175" lon="114.5251469314"><ele>10.78</ele><time>2018-10-11T05:21:42Z</time><extensions><gpxtpx:TrackPointExtension><gpxtpx:depth>0.00</gpxtpx:depth></gpxtpx:TrackPointExtension></extensions></trkpt><trkpt lat="36.9048484415" lon="114.5248352922"><ele>10.77</ele><time>2018-10-11T05:21:48Z</time><extensions><gpxtpx:TrackPointExtension><gpxtpx:depth>0.00</gpxtpx:depth></gpxtpx:TrackPointExtension></extensions></trkpt><trkpt lat="36.9048608467" lon="114.5247362182"><ele>10.77</ele><time>2018-10-11T05:21:50Z</time><extensions><gpxtpx:TrackPointExtension><gpxtpx:depth>0.00</gpxtpx:depth></gpxtpx:TrackPointExtension></extensions></trkpt><trkpt lat="36.9049346074" lon="114.5239437092"><ele>10.85</ele><time>2018-10-11T05:22:05Z</time><extensions><gpxtpx:TrackPointExtension><gpxtpx:depth>0.00</gpxtpx:depth></gpxtpx:TrackPointExtension></extensions></trkpt><trkpt lat="36.9049563166" lon="114.5233166590"><ele>10.83</ele><time>2018-10-11T05:22:16Z</time><extensions><gpxtpx:TrackPointExtension><gpxtpx:depth>0.00</gpxtpx:depth></gpxtpx:TrackPointExtension></extensions></trkpt><trkpt lat="36.9049585797" lon="114.5228338614"><ele>10.73</ele><time>2018-10-11T05:22:24Z</time><extensions><gpxtpx:TrackPointExtension><gpxtpx:depth>0.00</gpxtpx:depth></gpxtpx:TrackPointExtension></extensions></trkpt><trkpt lat="36.9049346913" lon="114.5220502373"><ele>10.61</ele><time>2018-10-11T05:22:36Z</time><extensions><gpxtpx:TrackPointExtension><gpxtpx:depth>0.00</gpxtpx:depth></gpxtpx:TrackPointExtension></extensions></trkpt><trkpt lat="36.9049621839" lon="114.5219588745"><ele>10.59</ele><time>2018-10-11T05:22:38Z</time><extensions><gpxtpx:TrackPointExtension><gpxtpx:depth>0.00</gpxtpx:depth></gpxtpx:TrackPointExtension></extensions></trkpt><trkpt lat="36.9049355295" lon="114.5217526797"><ele>10.52</ele><time>2018-10-11T05:22:41Z</time><extensions><gpxtpx:TrackPointExtension><gpxtpx:depth>0.00</gpxtpx:depth></gpxtpx:TrackPointExtension></extensions></trkpt><trkpt lat="36.9049776066" lon="114.5208255574"><ele>10.22</ele><time>2018-10-11T05:22:56Z</time><extensions><gpxtpx:TrackPointExtension><gpxtpx:depth>0.00</gpxtpx:depth></gpxtpx:TrackPointExtension></extensions></trkpt><trkpt lat="36.9049411453" lon="114.5201740321"><ele>10.17</ele><time>2018-10-11T05:23:05Z</time><extensions><gpxtpx:TrackPointExtension><gpxtpx:depth>0.00</gpxtpx:depth></gpxtpx:TrackPointExtension></extensions></trkpt><trkpt lat="36.9048832264" lon="114.5196389314"><ele>10.22</ele><time>2018-10-11T05:23:12Z</time><extensions><gpxtpx:TrackPointExtension><gpxtpx:depth>0.00</gpxtpx:depth></gpxtpx:TrackPointExtension></extensions></trkpt><trkpt lat="36.9048993196" lon="114.5192599855"><ele>10.30</ele><time>2018-10-11T05:23:18Z</time><extensions><gpxtpx:TrackPointExtension><gpxtpx:depth>0.00</gpxtpx:depth></gpxtpx:TrackPointExtension></extensions></trkpt><trkpt lat="36.9049100485" lon="114.5189065207"><ele>10.35</ele><time>2018-10-11T05:23:24Z</time><extensions><gpxtpx:TrackPointExtension><gpxtpx:depth>0.00</gpxtpx:depth></gpxtpx:TrackPointExtension></extensions></trkpt><trkpt lat="36.9049362000" lon="114.5187248848"><ele>10.36</ele><time>2018-10-11T05:23:27Z</time><extensions><gpxtpx:TrackPointExtension><gpxtpx:depth>0.00</gpxtpx:depth></gpxtpx:TrackPointExtension></extensions></trkpt><trkpt lat="36.9048831426" lon="114.5176813379"><ele>10.42</ele><time>2018-10-11T05:23:43Z</time><extensions><gpxtpx:TrackPointExtension><gpxtpx:depth>0.00</gpxtpx:depth></gpxtpx:TrackPointExtension></extensions></trkpt><trkpt lat="36.9048742577" lon="114.5172940940"><ele>10.44</ele><time>2018-10-11T05:23:49Z</time><extensions><gpxtpx:TrackPointExtension><gpxtpx:depth>0.00</gpxtpx:depth></gpxtpx:TrackPointExtension></extensions></trkpt><trkpt lat="36.9047764409" lon="114.5161110722"><ele>10.54</ele><time>2018-10-11T05:24:04Z</time><extensions><gpxtpx:TrackPointExtension><gpxtpx:depth>0.00</gpxtpx:depth></gpxtpx:TrackPointExtension></extensions></trkpt><trkpt lat="36.9045528956" lon="114.5145834703"><ele>10.69</ele><time>2018-10-11T05:24:19Z</time><extensions><gpxtpx:TrackPointExtension><gpxtpx:depth>0.00</gpxtpx:depth></gpxtpx:TrackPointExtension></extensions></trkpt><trkpt lat="36.9045027718" lon="114.5141920354"><ele>10.67</ele><time>2018-10-11T05:24:23Z</time><extensions><gpxtpx:TrackPointExtension><gpxtpx:depth>0.00</gpxtpx:depth></gpxtpx:TrackPointExtension></extensions></trkpt><trkpt lat="36.9044620357" lon="114.5132281166"><ele>10.57</ele><time>2018-10-11T05:24:35Z</time><extensions><gpxtpx:TrackPointExtension><gpxtpx:depth>0.00</gpxtpx:depth></gpxtpx:TrackPointExtension></extensions></trkpt><trkpt lat="36.9043208845" lon="114.5119997486"><ele>10.47</ele><time>2018-10-11T05:24:49Z</time><extensions><gpxtpx:TrackPointExtension><gpxtpx:depth>0.00</gpxtpx:depth></gpxtpx:TrackPointExtension></extensions></trkpt><trkpt lat="36.9043232314" lon="114.5117913745"><ele>10.43</ele><time>2018-10-11T05:24:52Z</time><extensions><gpxtpx:TrackPointExtension><gpxtpx:depth>0.00</gpxtpx:depth></gpxtpx:TrackPointExtension></extensions></trkpt><trkpt lat="36.9041816611" lon="114.5105729811"><ele>10.05</ele><time>2018-10-11T05:25:06Z</time><extensions><gpxtpx:TrackPointExtension><gpxtpx:depth>0.00</gpxtpx:depth></gpxtpx:TrackPointExtension></extensions></trkpt><trkpt lat="36.9040954951" lon="114.5094311982"><ele>9.90</ele><time>2018-10-11T05:25:20Z</time><extensions><gpxtpx:TrackPointExtension><gpxtpx:depth>0.00</gpxtpx:depth></gpxtpx:TrackPointExtension></extensions></trkpt><trkpt lat="36.9040883705" lon="114.5093451999"><ele>9.89</ele><time>2018-10-11T05:25:21Z</time><extensions><gpxtpx:TrackPointExtension><gpxtpx:depth>0.00</gpxtpx:depth></gpxtpx:TrackPointExtension></extensions></trkpt><trkpt lat="36.9040364865" lon="114.5088349935"><ele>9.86</ele><time>2018-10-11T05:25:27Z</time><extensions><gpxtpx:TrackPointExtension><gpxtpx:depth>0.00</gpxtpx:depth></gpxtpx:TrackPointExtension></extensions></trkpt><trkpt lat="36.9040043000" lon="114.5084964484"><ele>9.88</ele><time>2018-10-11T05:25:31Z</time><extensions><gpxtpx:TrackPointExtension><gpxtpx:depth>0.00</gpxtpx:depth></gpxtpx:TrackPointExtension></extensions></trkpt><trkpt lat="36.9037573691" lon="114.5071531646"><ele>10.07</ele><time>2018-10-11T05:25:45Z</time><extensions><gpxtpx:TrackPointExtension><gpxtpx:depth>0.00</gpxtpx:depth></gpxtpx:TrackPointExtension></extensions></trkpt><trkpt lat="36.9037346542" lon="114.5070426911"><ele>10.11</ele><time>2018-10-11T05:25:46Z</time><extensions><gpxtpx:TrackPointExtension><gpxtpx:depth>0.00</gpxtpx:depth></gpxtpx:TrackPointExtension></extensions></trkpt><trkpt lat="36.9036349934" lon="114.5059681311"><ele>10.25</ele><time>2018-10-11T05:25:59Z</time><extensions><gpxtpx:TrackPointExtension><gpxtpx:depth>0.00</gpxtpx:depth></gpxtpx:TrackPointExtension></extensions></trkpt><trkpt lat="36.9034974463" lon="114.5050497260"><ele>10.35</ele><time>2018-10-11T05:26:09Z</time><extensions><gpxtpx:TrackPointExtension><gpxtpx:depth>0.00</gpxtpx:depth></gpxtpx:TrackPointExtension></extensions></trkpt><trkpt lat="36.9033955224" lon="114.5046479814"><ele>10.63</ele><time>2018-10-11T05:26:13Z</time><extensions><gpxtpx:TrackPointExtension><gpxtpx:depth>0.00</gpxtpx:depth></gpxtpx:TrackPointExtension></extensions></trkpt><trkpt lat="36.9033782557" lon="114.5042604022"><ele>10.79</ele><time>2018-10-11T05:26:18Z</time><extensions><gpxtpx:TrackPointExtension><gpxtpx:depth>0.00</gpxtpx:depth></gpxtpx:TrackPointExtension></extensions></trkpt><trkpt lat="36.9033051655" lon="114.5034144167"><ele>10.82</ele><time>2018-10-11T05:26:28Z</time><extensions><gpxtpx:TrackPointExtension><gpxtpx:depth>0.00</gpxtpx:depth></gpxtpx:TrackPointExtension></extensions></trkpt><trkpt lat="36.9032277167" lon="114.5028975885"><ele>10.90</ele><time>2018-10-11T05:26:34Z</time><extensions><gpxtpx:TrackPointExtension><gpxtpx:depth>0.00</gpxtpx:depth></gpxtpx:TrackPointExtension></extensions></trkpt><trkpt lat="36.9031558000" lon="114.5021868870"><ele>11.06</ele><time>2018-10-11T05:26:43Z</time><extensions><gpxtpx:TrackPointExtension><gpxtpx:depth>0.00</gpxtpx:depth></gpxtpx:TrackPointExtension></extensions></trkpt><trkpt lat="36.9030681252" lon="114.5010284241"><ele>11.24</ele><time>2018-10-11T05:26:58Z</time><extensions><gpxtpx:TrackPointExtension><gpxtpx:depth>0.00</gpxtpx:depth></gpxtpx:TrackPointExtension></extensions></trkpt><trkpt lat="36.9030034170" lon="114.4998543710"><ele>11.33</ele><time>2018-10-11T05:27:13Z</time><extensions><gpxtpx:TrackPointExtension><gpxtpx:depth>0.00</gpxtpx:depth></gpxtpx:TrackPointExtension></extensions></trkpt><trkpt lat="36.9029246271" lon="114.4990270771"><ele>11.33</ele><time>2018-10-11T05:27:23Z</time><extensions><gpxtpx:TrackPointExtension><gpxtpx:depth>0.00</gpxtpx:depth></gpxtpx:TrackPointExtension></extensions></trkpt><trkpt lat="36.9029708114" lon="114.4989186153"><ele>11.27</ele><time>2018-10-11T05:27:27Z</time><extensions><gpxtpx:TrackPointExtension><gpxtpx:depth>0.00</gpxtpx:depth></gpxtpx:TrackPointExtension></extensions></trkpt><trkpt lat="36.9029946160" lon="114.4987965748"><ele>11.22</ele><time>2018-10-11T05:27:31Z</time><extensions><gpxtpx:TrackPointExtension><gpxtpx:depth>0.00</gpxtpx:depth></gpxtpx:TrackPointExtension></extensions></trkpt><trkpt lat="36.9031931832" lon="114.4981883839"><ele>11.29</ele><time>2018-10-11T05:27:48Z</time><extensions><gpxtpx:TrackPointExtension><gpxtpx:depth>0.00</gpxtpx:depth></gpxtpx:TrackPointExtension></extensions></trkpt><trkpt lat="36.9033837877" lon="114.4977760781"><ele>11.29</ele><time>2018-10-11T05:28:01Z</time><extensions><gpxtpx:TrackPointExtension><gpxtpx:depth>0.00</gpxtpx:depth></gpxtpx:TrackPointExtension></extensions></trkpt><trkpt lat="36.9034501724" lon="114.4975811150"><ele>11.30</ele><time>2018-10-11T05:28:06Z</time><extensions><gpxtpx:TrackPointExtension><gpxtpx:depth>0.00</gpxtpx:depth></gpxtpx:TrackPointExtension></extensions></trkpt><trkpt lat="36.9034645893" lon="114.4974855613"><ele>11.31</ele><time>2018-10-11T05:28:08Z</time><extensions><gpxtpx:TrackPointExtension><gpxtpx:depth>0.00</gpxtpx:depth></gpxtpx:TrackPointExtension></extensions></trkpt><trkpt lat="36.9037246797" lon="114.4971183501"><ele>11.33</ele><time>2018-10-11T05:28:20Z</time><extensions><gpxtpx:TrackPointExtension><gpxtpx:depth>0.00</gpxtpx:depth></gpxtpx:TrackPointExtension></extensions></trkpt><trkpt lat="36.9037433714" lon="114.4970079605"><ele>11.29</ele><time>2018-10-11T05:28:23Z</time><extensions><gpxtpx:TrackPointExtension><gpxtpx:depth>0.00</gpxtpx:depth></gpxtpx:TrackPointExtension></extensions></trkpt><trkpt lat="36.9038036373" lon="114.4968829025"><ele>11.31</ele><time>2018-10-11T05:28:27Z</time><extensions><gpxtpx:TrackPointExtension><gpxtpx:depth>0.00</gpxtpx:depth></gpxtpx:TrackPointExtension></extensions></trkpt><trkpt lat="36.9038933236" lon="114.4967052061"><ele>11.31</ele><time>2018-10-11T05:28:33Z</time><extensions><gpxtpx:TrackPointExtension><gpxtpx:depth>0.00</gpxtpx:depth></gpxtpx:TrackPointExtension></extensions></trkpt><trkpt lat="36.9039505720" lon="114.4965172000"><ele>11.31</ele><time>2018-10-11T05:28:37Z</time><extensions><gpxtpx:TrackPointExtension><gpxtpx:depth>0.00</gpxtpx:depth></gpxtpx:TrackPointExtension></extensions></trkpt><trkpt lat="36.9039892126" lon="114.4959147088"><ele>11.32</ele><time>2018-10-11T05:28:50Z</time><extensions><gpxtpx:TrackPointExtension><gpxtpx:depth>0.00</gpxtpx:depth></gpxtpx:TrackPointExtension></extensions></trkpt><trkpt lat="36.9040628057" lon="114.4951487705"><ele>11.49</ele><time>2018-10-11T05:29:05Z</time><extensions><gpxtpx:TrackPointExtension><gpxtpx:depth>0.00</gpxtpx:depth></gpxtpx:TrackPointExtension></extensions></trkpt><trkpt lat="36.9041004404" lon="114.4950835593"><ele>11.51</ele><time>2018-10-11T05:29:07Z</time><extensions><gpxtpx:TrackPointExtension><gpxtpx:depth>0.00</gpxtpx:depth></gpxtpx:TrackPointExtension></extensions></trkpt><trkpt lat="36.9040980097" lon="114.4948260672"><ele>11.54</ele><time>2018-10-11T05:29:11Z</time><extensions><gpxtpx:TrackPointExtension><gpxtpx:depth>0.00</gpxtpx:depth></gpxtpx:TrackPointExtension></extensions></trkpt><trkpt lat="36.9040953275" lon="114.4946851674"><ele>11.57</ele><time>2018-10-11T05:29:13Z</time><extensions><gpxtpx:TrackPointExtension><gpxtpx:depth>0.00</gpxtpx:depth></gpxtpx:TrackPointExtension></extensions></trkpt><trkpt lat="36.9041589461" lon="114.4941515755"><ele>11.82</ele><time>2018-10-11T05:29:27Z</time><extensions><gpxtpx:TrackPointExtension><gpxtpx:depth>0.00</gpxtpx:depth></gpxtpx:TrackPointExtension></extensions></trkpt><trkpt lat="36.9041556772" lon="114.4940888789"><ele>11.85</ele><time>2018-10-11T05:29:28Z</time><extensions><gpxtpx:TrackPointExtension><gpxtpx:depth>0.00</gpxtpx:depth></gpxtpx:TrackPointExtension></extensions></trkpt><trkpt lat="36.9042118359" lon="114.4939368311"><ele>12.04</ele><time>2018-10-11T05:29:33Z</time><extensions><gpxtpx:TrackPointExtension><gpxtpx:depth>0.00</gpxtpx:depth></gpxtpx:TrackPointExtension></extensions></trkpt><trkpt lat="36.9044113252" lon="114.4935336616"><ele>12.26</ele><time>2018-10-11T05:29:47Z</time><extensions><gpxtpx:TrackPointExtension><gpxtpx:depth>0.00</gpxtpx:depth></gpxtpx:TrackPointExtension></extensions></trkpt><trkpt lat="36.9044197910" lon="114.4934872258"><ele>12.28</ele><time>2018-10-11T05:29:48Z</time><extensions><gpxtpx:TrackPointExtension><gpxtpx:depth>0.00</gpxtpx:depth></gpxtpx:TrackPointExtension></extensions></trkpt><trkpt lat="36.9045686536" lon="114.4931827113"><ele>12.33</ele><time>2018-10-11T05:29:59Z</time><extensions><gpxtpx:TrackPointExtension><gpxtpx:depth>0.00</gpxtpx:depth></gpxtpx:TrackPointExtension></extensions></trkpt><trkpt lat="36.9045885187" lon="114.4925251510"><ele>12.45</ele><time>2018-10-11T05:30:14Z</time><extensions><gpxtpx:TrackPointExtension><gpxtpx:depth>0.00</gpxtpx:depth></gpxtpx:TrackPointExtension></extensions></trkpt><trkpt lat="36.9048016705" lon="114.4924790505"><ele>12.52</ele><time>2018-10-11T05:30:27Z</time><extensions><gpxtpx:TrackPointExtension><gpxtpx:depth>0.00</gpxtpx:depth></gpxtpx:TrackPointExtension></extensions></trkpt><trkpt lat="36.9049834739" lon="114.4925949723"><ele>12.68</ele><time>2018-10-11T05:30:36Z</time><extensions><gpxtpx:TrackPointExtension><gpxtpx:depth>0.00</gpxtpx:depth></gpxtpx:TrackPointExtension></extensions></trkpt><trkpt lat="36.9052797742" lon="114.4926481973"><ele>12.96</ele><time>2018-10-11T05:30:48Z</time><extensions><gpxtpx:TrackPointExtension><gpxtpx:depth>0.00</gpxtpx:depth></gpxtpx:TrackPointExtension></extensions></trkpt><trkpt lat="36.9055299740" lon="114.4926018454"><ele>13.13</ele><time>2018-10-11T05:31:01Z</time><extensions><gpxtpx:TrackPointExtension><gpxtpx:depth>0.00</gpxtpx:depth></gpxtpx:TrackPointExtension></extensions></trkpt><trkpt lat="36.9057150465" lon="114.4924419187"><ele>13.24</ele><time>2018-10-11T05:31:13Z</time><extensions><gpxtpx:TrackPointExtension><gpxtpx:depth>0.00</gpxtpx:depth></gpxtpx:TrackPointExtension></extensions></trkpt><trkpt lat="36.9059271924" lon="114.4922742806"><ele>13.42</ele><time>2018-10-11T05:31:25Z</time><extensions><gpxtpx:TrackPointExtension><gpxtpx:depth>0.00</gpxtpx:depth></gpxtpx:TrackPointExtension></extensions></trkpt><trkpt lat="36.9059268571" lon="114.4922364783"><ele>13.43</ele><time>2018-10-11T05:31:26Z</time><extensions><gpxtpx:TrackPointExtension><gpxtpx:depth>0.00</gpxtpx:depth></gpxtpx:TrackPointExtension></extensions></trkpt><trkpt lat="36.9059665035" lon="114.4922327064"><ele>13.45</ele><time>2018-10-11T05:31:28Z</time><extensions><gpxtpx:TrackPointExtension><gpxtpx:depth>0.00</gpxtpx:depth></gpxtpx:TrackPointExtension></extensions></trkpt><trkpt lat="36.9060986862" lon="114.4923313614"><ele>13.50</ele><time>2018-10-11T05:31:32Z</time><extensions><gpxtpx:TrackPointExtension><gpxtpx:depth>0.00</gpxtpx:depth></gpxtpx:TrackPointExtension></extensions></trkpt><trkpt lat="36.9062151108" lon="114.4919815008"><ele>13.69</ele><time>2018-10-11T05:31:45Z</time><extensions><gpxtpx:TrackPointExtension><gpxtpx:depth>0.00</gpxtpx:depth></gpxtpx:TrackPointExtension></extensions></trkpt><trkpt lat="36.9062737841" lon="114.4918334763"><ele>13.80</ele><time>2018-10-11T05:31:50Z</time><extensions><gpxtpx:TrackPointExtension><gpxtpx:depth>0.00</gpxtpx:depth></gpxtpx:TrackPointExtension></extensions></trkpt><trkpt lat="36.9062593672" lon="114.4917169679"><ele>13.87</ele><time>2018-10-11T05:31:53Z</time><extensions><gpxtpx:TrackPointExtension><gpxtpx:depth>0.00</gpxtpx:depth></gpxtpx:TrackPointExtension></extensions></trkpt><trkpt lat="36.9062727783" lon="114.4916193187"><ele>13.90</ele><time>2018-10-11T05:31:56Z</time><extensions><gpxtpx:TrackPointExtension><gpxtpx:depth>0.00</gpxtpx:depth></gpxtpx:TrackPointExtension></extensions></trkpt><trkpt lat="36.9063042104" lon="114.4914417062"><ele>13.97</ele><time>2018-10-11T05:32:02Z</time><extensions><gpxtpx:TrackPointExtension><gpxtpx:depth>0.00</gpxtpx:depth></gpxtpx:TrackPointExtension></extensions></trkpt><trkpt lat="36.9066101499" lon="114.4909872394"><ele>14.17</ele><time>2018-10-11T05:32:20Z</time><extensions><gpxtpx:TrackPointExtension><gpxtpx:depth>0.00</gpxtpx:depth></gpxtpx:TrackPointExtension></extensions></trkpt><trkpt lat="36.9066596031" lon="114.4912837911"><ele>14.25</ele><time>2018-10-11T05:32:29Z</time><extensions><gpxtpx:TrackPointExtension><gpxtpx:depth>0.00</gpxtpx:depth></gpxtpx:TrackPointExtension></extensions></trkpt><trkpt lat="36.9060753845" lon="114.4914339110"><ele>14.87</ele><time>2018-10-11T05:33:47Z</time><extensions><gpxtpx:TrackPointExtension><gpxtpx:depth>0.00</gpxtpx:depth></gpxtpx:TrackPointExtension></extensions></trkpt><trkpt lat="36.9056145474" lon="114.4915443845"><ele>14.81</ele><time>2018-10-11T05:34:05Z</time><extensions><gpxtpx:TrackPointExtension><gpxtpx:depth>0.00</gpxtpx:depth></gpxtpx:TrackPointExtension></extensions></trkpt><trkpt lat="36.9050976355" lon="114.4916942529"><ele>15.05</ele><time>2018-10-11T05:34:23Z</time><extensions><gpxtpx:TrackPointExtension><gpxtpx:depth>0.00</gpxtpx:depth></gpxtpx:TrackPointExtension></extensions></trkpt><trkpt lat="36.9047896005" lon="114.4917338155"><ele>15.11</ele><time>2018-10-11T05:34:34Z</time><extensions><gpxtpx:TrackPointExtension><gpxtpx:depth>0.00</gpxtpx:depth></gpxtpx:TrackPointExtension></extensions></trkpt><trkpt lat="36.9045411609" lon="114.4915781636"><ele>14.83</ele><time>2018-10-11T05:34:44Z</time><extensions><gpxtpx:TrackPointExtension><gpxtpx:depth>0.00</gpxtpx:depth></gpxtpx:TrackPointExtension></extensions></trkpt><trkpt lat="36.9036530145" lon="114.4918496534"><ele>14.83</ele><time>2018-10-11T05:35:07Z</time><extensions><gpxtpx:TrackPointExtension><gpxtpx:depth>0.00</gpxtpx:depth></gpxtpx:TrackPointExtension></extensions></trkpt><trkpt lat="36.9031459931" lon="114.4918905571"><ele>14.71</ele><time>2018-10-11T05:35:20Z</time><extensions><gpxtpx:TrackPointExtension><gpxtpx:depth>0.00</gpxtpx:depth></gpxtpx:TrackPointExtension></extensions></trkpt><trkpt lat="36.9031867292" lon="114.4922490511"><ele>14.69</ele><time>2018-10-11T05:35:21Z</time><extensions><gpxtpx:TrackPointExtension><gpxtpx:depth>0.00</gpxtpx:depth></gpxtpx:TrackPointExtension></extensions></trkpt><trkpt lat="36.9031216018" lon="114.4922882784"><ele>14.64</ele><time>2018-10-11T05:35:23Z</time><extensions><gpxtpx:TrackPointExtension><gpxtpx:depth>0.00</gpxtpx:depth></gpxtpx:TrackPointExtension></extensions></trkpt><trkpt lat="36.9025527220" lon="114.4925429206"><ele>14.33</ele><time>2018-10-11T05:35:40Z</time><extensions><gpxtpx:TrackPointExtension><gpxtpx:depth>0.00</gpxtpx:depth></gpxtpx:TrackPointExtension></extensions></trkpt><trkpt lat="36.9019395020" lon="114.4919882063"><ele>14.08</ele><time>2018-10-11T05:35:57Z</time><extensions><gpxtpx:TrackPointExtension><gpxtpx:depth>0.00</gpxtpx:depth></gpxtpx:TrackPointExtension></extensions></trkpt><trkpt lat="36.9009278063" lon="114.4920700137"><ele>14.30</ele><time>2018-10-11T05:36:26Z</time><extensions><gpxtpx:TrackPointExtension><gpxtpx:depth>0.00</gpxtpx:depth></gpxtpx:TrackPointExtension></extensions></trkpt><trkpt lat="36.9001823198" lon="114.4925604388"><ele>14.21</ele><time>2018-10-11T05:36:48Z</time><extensions><gpxtpx:TrackPointExtension><gpxtpx:depth>0.00</gpxtpx:depth></gpxtpx:TrackPointExtension></extensions></trkpt><trkpt lat="36.9001699984" lon="114.4926244766"><ele>14.19</ele><time>2018-10-11T05:36:49Z</time><extensions><gpxtpx:TrackPointExtension><gpxtpx:depth>0.00</gpxtpx:depth></gpxtpx:TrackPointExtension></extensions></trkpt><trkpt lat="36.9001565035" lon="114.4926833175"><ele>14.13</ele><time>2018-10-11T05:36:50Z</time><extensions><gpxtpx:TrackPointExtension><gpxtpx:depth>0.00</gpxtpx:depth></gpxtpx:TrackPointExtension></extensions></trkpt><trkpt lat="36.8997219019" lon="114.4930902589"><ele>14.39</ele><time>2018-10-11T05:37:07Z</time><extensions><gpxtpx:TrackPointExtension><gpxtpx:depth>0.00</gpxtpx:depth></gpxtpx:TrackPointExtension></extensions></trkpt><trkpt lat="36.8992047384" lon="114.4932164904"><ele>14.41</ele><time>2018-10-11T05:37:23Z</time><extensions><gpxtpx:TrackPointExtension><gpxtpx:depth>0.00</gpxtpx:depth></gpxtpx:TrackPointExtension></extensions></trkpt><trkpt lat="36.8986276444" lon="114.4933069311"><ele>14.45</ele><time>2018-10-11T05:37:41Z</time><extensions><gpxtpx:TrackPointExtension><gpxtpx:depth>0.00</gpxtpx:depth></gpxtpx:TrackPointExtension></extensions></trkpt><trkpt lat="36.8983687274" lon="114.4923067186"><ele>14.45</ele><time>2018-10-11T05:37:47Z</time><extensions><gpxtpx:TrackPointExtension><gpxtpx:depth>0.00</gpxtpx:depth></gpxtpx:TrackPointExtension></extensions></trkpt><trkpt lat="36.8974160403" lon="114.4923190400"><ele>14.31</ele><time>2018-10-11T05:38:16Z</time><extensions><gpxtpx:TrackPointExtension><gpxtpx:depth>0.00</gpxtpx:depth></gpxtpx:TrackPointExtension></extensions></trkpt><trkpt lat="36.8948903214" lon="114.4923508912"><ele>14.27</ele><time>2018-10-11T05:39:32Z</time><extensions><gpxtpx:TrackPointExtension><gpxtpx:depth>0.00</gpxtpx:depth></gpxtpx:TrackPointExtension></extensions></trkpt><trkpt lat="36.8962566555" lon="114.4921384100"><ele>14.37</ele><time>2018-10-11T05:40:14Z</time><extensions><gpxtpx:TrackPointExtension><gpxtpx:depth>0.00</gpxtpx:depth></gpxtpx:TrackPointExtension></extensions></trkpt><trkpt lat="36.8962471839" lon="114.4921482168"><ele>14.52</ele><time>2018-10-11T05:40:20Z</time><extensions><gpxtpx:TrackPointExtension><gpxtpx:depth>0.00</gpxtpx:depth></gpxtpx:TrackPointExtension></extensions></trkpt><trkpt lat="36.8961970601" lon="114.4921504799"><ele>14.56</ele><time>2018-10-11T05:40:23Z</time><extensions><gpxtpx:TrackPointExtension><gpxtpx:depth>0.00</gpxtpx:depth></gpxtpx:TrackPointExtension></extensions></trkpt><trkpt lat="36.8961547315" lon="114.4921593647"><ele>14.59</ele><time>2018-10-11T05:40:25Z</time><extensions><gpxtpx:TrackPointExtension><gpxtpx:depth>0.00</gpxtpx:depth></gpxtpx:TrackPointExtension></extensions></trkpt><trkpt lat="36.8956810702" lon="114.4921542518"><ele>14.71</ele><time>2018-10-11T05:40:41Z</time><extensions><gpxtpx:TrackPointExtension><gpxtpx:depth>0.00</gpxtpx:depth></gpxtpx:TrackPointExtension></extensions></trkpt><trkpt lat="36.8953442853" lon="114.4921778049"><ele>14.72</ele><time>2018-10-11T05:40:52Z</time><extensions><gpxtpx:TrackPointExtension><gpxtpx:depth>0.00</gpxtpx:depth></gpxtpx:TrackPointExtension></extensions></trkpt><trkpt lat="36.8948899023" lon="114.4922056329"><ele>14.65</ele><time>2018-10-11T05:41:06Z</time><extensions><gpxtpx:TrackPointExtension><gpxtpx:depth>0.00</gpxtpx:depth></gpxtpx:TrackPointExtension></extensions></trkpt><trkpt lat="36.8944248743" lon="114.4921668246"><ele>14.56</ele><time>2018-10-11T05:41:20Z</time><extensions><gpxtpx:TrackPointExtension><gpxtpx:depth>0.00</gpxtpx:depth></gpxtpx:TrackPointExtension></extensions></trkpt><trkpt lat="36.8939273246" lon="114.4921393320"><ele>14.71</ele><time>2018-10-11T05:41:35Z</time><extensions><gpxtpx:TrackPointExtension><gpxtpx:depth>0.00</gpxtpx:depth></gpxtpx:TrackPointExtension></extensions></trkpt><trkpt lat="36.8935557548" lon="114.4921372365"><ele>14.74</ele><time>2018-10-11T05:41:46Z</time><extensions><gpxtpx:TrackPointExtension><gpxtpx:depth>0.00</gpxtpx:depth></gpxtpx:TrackPointExtension></extensions></trkpt><trkpt lat="36.8930352386" lon="114.4921665732"><ele>14.51</ele><time>2018-10-11T05:42:01Z</time><extensions><gpxtpx:TrackPointExtension><gpxtpx:depth>0.00</gpxtpx:depth></gpxtpx:TrackPointExtension></extensions></trkpt><trkpt lat="36.8925144710" lon="114.4921838399"><ele>14.63</ele><time>2018-10-11T05:42:16Z</time><extensions><gpxtpx:TrackPointExtension><gpxtpx:depth>0.00</gpxtpx:depth></gpxtpx:TrackPointExtension></extensions></trkpt><trkpt lat="36.8921103794" lon="114.4921864383"><ele>14.82</ele><time>2018-10-11T05:42:29Z</time><extensions><gpxtpx:TrackPointExtension><gpxtpx:depth>0.00</gpxtpx:depth></gpxtpx:TrackPointExtension></extensions></trkpt><trkpt lat="36.8916969001" lon="114.4922112487"><ele>14.89</ele><time>2018-10-11T05:42:41Z</time><extensions><gpxtpx:TrackPointExtension><gpxtpx:depth>0.00</gpxtpx:depth></gpxtpx:TrackPointExtension></extensions></trkpt><trkpt lat="36.8912708480" lon="114.4922203850"><ele>14.90</ele><time>2018-10-11T05:42:53Z</time><extensions><gpxtpx:TrackPointExtension><gpxtpx:depth>0.00</gpxtpx:depth></gpxtpx:TrackPointExtension></extensions></trkpt><trkpt lat="36.8908623140" lon="114.4922224805"><ele>14.90</ele><time>2018-10-11T05:43:06Z</time><extensions><gpxtpx:TrackPointExtension><gpxtpx:depth>0.00</gpxtpx:depth></gpxtpx:TrackPointExtension></extensions></trkpt><trkpt lat="36.8903716374" lon="114.4922218937"><ele>14.65</ele><time>2018-10-11T05:43:23Z</time><extensions><gpxtpx:TrackPointExtension><gpxtpx:depth>0.00</gpxtpx:depth></gpxtpx:TrackPointExtension></extensions></trkpt><trkpt lat="36.8897669669" lon="114.4922117516"><ele>14.51</ele><time>2018-10-11T05:43:42Z</time><extensions><gpxtpx:TrackPointExtension><gpxtpx:depth>0.00</gpxtpx:depth></gpxtpx:TrackPointExtension></extensions></trkpt><trkpt lat="36.8893161882" lon="114.4922312815"><ele>14.49</ele><time>2018-10-11T05:43:55Z</time><extensions><gpxtpx:TrackPointExtension><gpxtpx:depth>0.00</gpxtpx:depth></gpxtpx:TrackPointExtension></extensions></trkpt><trkpt lat="36.8887493201" lon="114.4922493026"><ele>14.40</ele><time>2018-10-11T05:44:11Z</time><extensions><gpxtpx:TrackPointExtension><gpxtpx:depth>0.00</gpxtpx:depth></gpxtpx:TrackPointExtension></extensions></trkpt><trkpt lat="36.8882944342" lon="114.4922685809"><ele>14.30</ele><time>2018-10-11T05:44:24Z</time><extensions><gpxtpx:TrackPointExtension><gpxtpx:depth>0.00</gpxtpx:depth></gpxtpx:TrackPointExtension></extensions></trkpt><trkpt lat="36.8877977226" lon="114.4922828302"><ele>14.26</ele><time>2018-10-11T05:44:39Z</time><extensions><gpxtpx:TrackPointExtension><gpxtpx:depth>0.00</gpxtpx:depth></gpxtpx:TrackPointExtension></extensions></trkpt><trkpt lat="36.8872528989" lon="114.4922962412"><ele>14.04</ele><time>2018-10-11T05:44:56Z</time><extensions><gpxtpx:TrackPointExtension><gpxtpx:depth>0.00</gpxtpx:depth></gpxtpx:TrackPointExtension></extensions></trkpt><trkpt lat="36.8868008628" lon="114.4923138432"><ele>14.13</ele><time>2018-10-11T05:45:09Z</time><extensions><gpxtpx:TrackPointExtension><gpxtpx:depth>0.00</gpxtpx:depth></gpxtpx:TrackPointExtension></extensions></trkpt><trkpt lat="36.8863357510" lon="114.4923798088"><ele>14.21</ele><time>2018-10-11T05:45:22Z</time><extensions><gpxtpx:TrackPointExtension><gpxtpx:depth>0.00</gpxtpx:depth></gpxtpx:TrackPointExtension></extensions></trkpt><trkpt lat="36.8860957772" lon="114.4924016856"><ele>13.94</ele><time>2018-10-11T05:45:31Z</time><extensions><gpxtpx:TrackPointExtension><gpxtpx:depth>0.00</gpxtpx:depth></gpxtpx:TrackPointExtension></extensions></trkpt><trkpt lat="36.8861266226" lon="114.4923435152"><ele>13.80</ele><time>2018-10-11T05:45:38Z</time><extensions><gpxtpx:TrackPointExtension><gpxtpx:depth>0.00</gpxtpx:depth></gpxtpx:TrackPointExtension></extensions></trkpt><trkpt lat="36.8861104455" lon="114.4920396712"><ele>13.83</ele><time>2018-10-11T05:45:48Z</time><extensions><gpxtpx:TrackPointExtension><gpxtpx:depth>0.00</gpxtpx:depth></gpxtpx:TrackPointExtension></extensions></trkpt><trkpt lat="36.8861075118" lon="114.4919882063"><ele>13.85</ele><time>2018-10-11T05:45:50Z</time><extensions><gpxtpx:TrackPointExtension><gpxtpx:depth>0.00</gpxtpx:depth></gpxtpx:TrackPointExtension></extensions></trkpt><trkpt lat="36.8861809373" lon="114.4918310456"><ele>13.92</ele><time>2018-10-11T05:45:56Z</time><extensions><gpxtpx:TrackPointExtension><gpxtpx:depth>0.00</gpxtpx:depth></gpxtpx:TrackPointExtension></extensions></trkpt><trkpt lat="36.8861958571" lon="114.4918160420"><ele>13.89</ele><time>2018-10-11T05:46:01Z</time><extensions><gpxtpx:TrackPointExtension><gpxtpx:depth>0.00</gpxtpx:depth></gpxtpx:TrackPointExtension></extensions></trkpt><trkpt lat="36.8861677777" lon="114.4918897189"><ele>16.28</ele><time>2018-10-11T06:05:41Z</time><extensions><gpxtpx:TrackPointExtension><gpxtpx:depth>0.00</gpxtpx:depth></gpxtpx:TrackPointExtension></extensions></trkpt><trkpt lat="36.8861582223" lon="114.4919015374"><ele>16.26</ele><time>2018-10-11T06:05:42Z</time><extensions><gpxtpx:TrackPointExtension><gpxtpx:depth>0.00</gpxtpx:depth></gpxtpx:TrackPointExtension></extensions></trkpt><trkpt lat="36.8861147203" lon="114.4922428485"><ele>16.14</ele><time>2018-10-11T06:05:58Z</time><extensions><gpxtpx:TrackPointExtension><gpxtpx:depth>0.00</gpxtpx:depth></gpxtpx:TrackPointExtension></extensions></trkpt><trkpt lat="36.8861062545" lon="114.4922630489"><ele>16.14</ele><time>2018-10-11T06:05:59Z</time><extensions><gpxtpx:TrackPointExtension><gpxtpx:depth>0.00</gpxtpx:depth></gpxtpx:TrackPointExtension></extensions></trkpt><trkpt lat="36.8860805221" lon="114.4923208840"><ele>16.16</ele><time>2018-10-11T06:06:02Z</time><extensions><gpxtpx:TrackPointExtension><gpxtpx:depth>0.00</gpxtpx:depth></gpxtpx:TrackPointExtension></extensions></trkpt><trkpt lat="36.8860334996" lon="114.4923506398"><ele>16.24</ele><time>2018-10-11T06:06:05Z</time><extensions><gpxtpx:TrackPointExtension><gpxtpx:depth>0.00</gpxtpx:depth></gpxtpx:TrackPointExtension></extensions></trkpt><trkpt lat="36.8856783584" lon="114.4924240652"><ele>16.44</ele><time>2018-10-11T06:06:18Z</time><extensions><gpxtpx:TrackPointExtension><gpxtpx:depth>0.00</gpxtpx:depth></gpxtpx:TrackPointExtension></extensions></trkpt><trkpt lat="36.8851881847" lon="114.4924839959"><ele>16.35</ele><time>2018-10-11T06:06:33Z</time><extensions><gpxtpx:TrackPointExtension><gpxtpx:depth>0.00</gpxtpx:depth></gpxtpx:TrackPointExtension></extensions></trkpt><trkpt lat="36.8846185505" lon="114.4925518055"><ele>16.49</ele><time>2018-10-11T06:06:51Z</time><extensions><gpxtpx:TrackPointExtension><gpxtpx:depth>0.00</gpxtpx:depth></gpxtpx:TrackPointExtension></extensions></trkpt><trkpt lat="36.8840759899" lon="114.4926113170"><ele>16.57</ele><time>2018-10-11T06:07:07Z</time><extensions><gpxtpx:TrackPointExtension><gpxtpx:depth>0.00</gpxtpx:depth></gpxtpx:TrackPointExtension></extensions></trkpt><trkpt lat="36.8835196830" lon="114.4927077089"><ele>16.59</ele><time>2018-10-11T06:07:24Z</time><extensions><gpxtpx:TrackPointExtension><gpxtpx:depth>0.00</gpxtpx:depth></gpxtpx:TrackPointExtension></extensions></trkpt><trkpt lat="36.8830440938" lon="114.4927556533"><ele>16.66</ele><time>2018-10-11T06:07:39Z</time><extensions><gpxtpx:TrackPointExtension><gpxtpx:depth>0.00</gpxtpx:depth></gpxtpx:TrackPointExtension></extensions></trkpt><trkpt lat="36.8825084064" lon="114.4928271510"><ele>16.67</ele><time>2018-10-11T06:07:56Z</time><extensions><gpxtpx:TrackPointExtension><gpxtpx:depth>0.00</gpxtpx:depth></gpxtpx:TrackPointExtension></extensions></trkpt><trkpt lat="36.8819907401" lon="114.4928825554"><ele>16.70</ele><time>2018-10-11T06:08:13Z</time><extensions><gpxtpx:TrackPointExtension><gpxtpx:depth>0.00</gpxtpx:depth></gpxtpx:TrackPointExtension></extensions></trkpt><trkpt lat="36.8815876544" lon="114.4929392170"><ele>16.72</ele><time>2018-10-11T06:08:26Z</time><extensions><gpxtpx:TrackPointExtension><gpxtpx:depth>0.00</gpxtpx:depth></gpxtpx:TrackPointExtension></extensions></trkpt><trkpt lat="36.8813275639" lon="114.4929569867"><ele>16.68</ele><time>2018-10-11T06:08:37Z</time><extensions><gpxtpx:TrackPointExtension><gpxtpx:depth>0.00</gpxtpx:depth></gpxtpx:TrackPointExtension></extensions></trkpt><trkpt lat="36.8809550721" lon="114.4929780252"><ele>16.94</ele><time>2018-10-11T06:08:52Z</time><extensions><gpxtpx:TrackPointExtension><gpxtpx:depth>0.00</gpxtpx:depth></gpxtpx:TrackPointExtension></extensions></trkpt><trkpt lat="36.8807025254" lon="114.4930200186"><ele>17.16</ele><time>2018-10-11T06:09:07Z</time><extensions><gpxtpx:TrackPointExtension><gpxtpx:depth>0.00</gpxtpx:depth></gpxtpx:TrackPointExtension></extensions></trkpt><trkpt lat="36.8806700036" lon="114.4930216111"><ele>17.16</ele><time>2018-10-11T06:09:09Z</time><extensions><gpxtpx:TrackPointExtension><gpxtpx:depth>0.00</gpxtpx:depth></gpxtpx:TrackPointExtension></extensions></trkpt><trkpt lat="36.8805794790" lon="114.4930227008"><ele>17.18</ele><time>2018-10-11T06:09:15Z</time><extensions><gpxtpx:TrackPointExtension><gpxtpx:depth>0.00</gpxtpx:depth></gpxtpx:TrackPointExtension></extensions></trkpt><trkpt lat="36.8805690855" lon="114.4930097926"><ele>17.19</ele><time>2018-10-11T06:09:16Z</time><extensions><gpxtpx:TrackPointExtension><gpxtpx:depth>0.00</gpxtpx:depth></gpxtpx:TrackPointExtension></extensions></trkpt><trkpt lat="36.8805576861" lon="114.4929842278"><ele>17.20</ele><time>2018-10-11T06:09:18Z</time><extensions><gpxtpx:TrackPointExtension><gpxtpx:depth>0.00</gpxtpx:depth></gpxtpx:TrackPointExtension></extensions></trkpt><trkpt lat="36.8805374857" lon="114.4928832259"><ele>17.23</ele><time>2018-10-11T06:09:23Z</time><extensions><gpxtpx:TrackPointExtension><gpxtpx:depth>0.00</gpxtpx:depth></gpxtpx:TrackPointExtension></extensions></trkpt><trkpt lat="36.8804964144" lon="114.4926191960"><ele>17.35</ele><time>2018-10-11T06:09:35Z</time><extensions><gpxtpx:TrackPointExtension><gpxtpx:depth>0.00</gpxtpx:depth></gpxtpx:TrackPointExtension></extensions></trkpt><trkpt lat="36.8804550916" lon="114.4921818282"><ele>17.63</ele><time>2018-10-11T06:09:48Z</time><extensions><gpxtpx:TrackPointExtension><gpxtpx:depth>0.00</gpxtpx:depth></gpxtpx:TrackPointExtension></extensions></trkpt><trkpt lat="36.8804485537" lon="114.4918468036"><ele>17.66</ele><time>2018-10-11T06:09:59Z</time><extensions><gpxtpx:TrackPointExtension><gpxtpx:depth>0.00</gpxtpx:depth></gpxtpx:TrackPointExtension></extensions></trkpt><trkpt lat="36.8804438598" lon="114.4917335641"><ele>17.66</ele><time>2018-10-11T06:10:05Z</time><extensions><gpxtpx:TrackPointExtension><gpxtpx:depth>0.00</gpxtpx:depth></gpxtpx:TrackPointExtension></extensions></trkpt><trkpt lat="36.8804759625" lon="114.4913772494"><ele>17.57</ele><time>2018-10-11T06:10:16Z</time><extensions><gpxtpx:TrackPointExtension><gpxtpx:depth>0.00</gpxtpx:depth></gpxtpx:TrackPointExtension></extensions></trkpt><trkpt lat="36.8804412615" lon="114.4912928436"><ele>17.57</ele><time>2018-10-11T06:10:19Z</time><extensions><gpxtpx:TrackPointExtension><gpxtpx:depth>0.00</gpxtpx:depth></gpxtpx:TrackPointExtension></extensions></trkpt><trkpt lat="36.8804041296" lon="114.4912279677"><ele>17.56</ele><time>2018-10-11T06:10:21Z</time><extensions><gpxtpx:TrackPointExtension><gpxtpx:depth>0.00</gpxtpx:depth></gpxtpx:TrackPointExtension></extensions></trkpt><trkpt lat="36.8803966697" lon="114.4909633510"><ele>17.58</ele><time>2018-10-11T06:10:32Z</time><extensions><gpxtpx:TrackPointExtension><gpxtpx:depth>0.00</gpxtpx:depth></gpxtpx:TrackPointExtension></extensions></trkpt><trkpt lat="36.8804748729" lon="114.4912770856"><ele>17.69</ele><time>2018-10-11T06:10:43Z</time><extensions><gpxtpx:TrackPointExtension><gpxtpx:depth>0.00</gpxtpx:depth></gpxtpx:TrackPointExtension></extensions></trkpt><trkpt lat="36.8805705942" lon="114.4916639943"><ele>17.65</ele><time>2018-10-11T06:10:55Z</time><extensions><gpxtpx:TrackPointExtension><gpxtpx:depth>0.00</gpxtpx:depth></gpxtpx:TrackPointExtension></extensions></trkpt><trkpt lat="36.8805997632" lon="114.4917809218"><ele>17.64</ele><time>2018-10-11T06:11:09Z</time><extensions><gpxtpx:TrackPointExtension><gpxtpx:depth>0.00</gpxtpx:depth></gpxtpx:TrackPointExtension></extensions></trkpt><trkpt lat="36.8805994280" lon="114.4917781558"><ele>17.67</ele><time>2018-10-11T06:11:10Z</time><extensions><gpxtpx:TrackPointExtension><gpxtpx:depth>0.00</gpxtpx:depth></gpxtpx:TrackPointExtension></extensions></trkpt><trkpt lat="36.8806090672" lon="114.4919338915"><ele>17.76</ele><time>2018-10-11T06:11:34Z</time><extensions><gpxtpx:TrackPointExtension><gpxtpx:depth>0.00</gpxtpx:depth></gpxtpx:TrackPointExtension></extensions></trkpt><trkpt lat="36.8806197122" lon="114.4919929001"><ele>17.76</ele><time>2018-10-11T06:11:36Z</time><extensions><gpxtpx:TrackPointExtension><gpxtpx:depth>0.00</gpxtpx:depth></gpxtpx:TrackPointExtension></extensions></trkpt><trkpt lat="36.8806703389" lon="114.4924030267"><ele>17.81</ele><time>2018-10-11T06:11:49Z</time><extensions><gpxtpx:TrackPointExtension><gpxtpx:depth>0.00</gpxtpx:depth></gpxtpx:TrackPointExtension></extensions></trkpt><trkpt lat="36.8806523178" lon="114.4924460258"><ele>17.81</ele><time>2018-10-11T06:11:55Z</time><extensions><gpxtpx:TrackPointExtension><gpxtpx:depth>0.00</gpxtpx:depth></gpxtpx:TrackPointExtension></extensions></trkpt><trkpt lat="36.8805659004" lon="114.4925579242"><ele>17.82</ele><time>2018-10-11T06:12:03Z</time><extensions><gpxtpx:TrackPointExtension><gpxtpx:depth>0.00</gpxtpx:depth></gpxtpx:TrackPointExtension></extensions></trkpt><trkpt lat="36.8805389106" lon="114.4926556572"><ele>17.82</ele><time>2018-10-11T06:12:07Z</time><extensions><gpxtpx:TrackPointExtension><gpxtpx:depth>0.00</gpxtpx:depth></gpxtpx:TrackPointExtension></extensions></trkpt><trkpt lat="36.8805073947" lon="114.4929014146"><ele>17.77</ele><time>2018-10-11T06:12:16Z</time><extensions><gpxtpx:TrackPointExtension><gpxtpx:depth>0.00</gpxtpx:depth></gpxtpx:TrackPointExtension></extensions></trkpt><trkpt lat="36.8804652337" lon="114.4929769356"><ele>17.76</ele><time>2018-10-11T06:12:19Z</time><extensions><gpxtpx:TrackPointExtension><gpxtpx:depth>0.00</gpxtpx:depth></gpxtpx:TrackPointExtension></extensions></trkpt><trkpt lat="36.8804405071" lon="114.4929848984"><ele>17.76</ele><time>2018-10-11T06:12:20Z</time><extensions><gpxtpx:TrackPointExtension><gpxtpx:depth>0.00</gpxtpx:depth></gpxtpx:TrackPointExtension></extensions></trkpt><trkpt lat="36.8804168701" lon="114.4929857366"><ele>17.76</ele><time>2018-10-11T06:12:21Z</time><extensions><gpxtpx:TrackPointExtension><gpxtpx:depth>0.00</gpxtpx:depth></gpxtpx:TrackPointExtension></extensions></trkpt><trkpt lat="36.8803901318" lon="114.4929907657"><ele>17.75</ele><time>2018-10-11T06:12:22Z</time><extensions><gpxtpx:TrackPointExtension><gpxtpx:depth>0.00</gpxtpx:depth></gpxtpx:TrackPointExtension></extensions></trkpt><trkpt lat="36.8803708535" lon="114.4930084515"><ele>17.75</ele><time>2018-10-11T06:12:23Z</time><extensions><gpxtpx:TrackPointExtension><gpxtpx:depth>0.00</gpxtpx:depth></gpxtpx:TrackPointExtension></extensions></trkpt><trkpt lat="36.8799037300" lon="114.4930994790"><ele>17.53</ele><time>2018-10-11T06:12:38Z</time><extensions><gpxtpx:TrackPointExtension><gpxtpx:depth>0.00</gpxtpx:depth></gpxtpx:TrackPointExtension></extensions></trkpt><trkpt lat="36.8793984689" lon="114.4931866508"><ele>17.05</ele><time>2018-10-11T06:12:53Z</time><extensions><gpxtpx:TrackPointExtension><gpxtpx:depth>0.00</gpxtpx:depth></gpxtpx:TrackPointExtension></extensions></trkpt><trkpt lat="36.8788550701" lon="114.4932185858"><ele>17.05</ele><time>2018-10-11T06:13:10Z</time><extensions><gpxtpx:TrackPointExtension><gpxtpx:depth>0.00</gpxtpx:depth></gpxtpx:TrackPointExtension></extensions></trkpt><trkpt lat="36.8783494737" lon="114.4932865631"><ele>17.02</ele><time>2018-10-11T06:13:27Z</time><extensions><gpxtpx:TrackPointExtension><gpxtpx:depth>0.00</gpxtpx:depth></gpxtpx:TrackPointExtension></extensions></trkpt><trkpt lat="36.8777694460" lon="114.4933477510"><ele>16.79</ele><time>2018-10-11T06:13:44Z</time><extensions><gpxtpx:TrackPointExtension><gpxtpx:depth>0.00</gpxtpx:depth></gpxtpx:TrackPointExtension></extensions></trkpt><trkpt lat="36.8771747500" lon="114.4934241101"><ele>16.50</ele><time>2018-10-11T06:14:02Z</time><extensions><gpxtpx:TrackPointExtension><gpxtpx:depth>0.00</gpxtpx:depth></gpxtpx:TrackPointExtension></extensions></trkpt><trkpt lat="36.8766792119" lon="114.4934868906"><ele>16.40</ele><time>2018-10-11T06:14:17Z</time><extensions><gpxtpx:TrackPointExtension><gpxtpx:depth>0.00</gpxtpx:depth></gpxtpx:TrackPointExtension></extensions></trkpt><trkpt lat="36.8760722782" lon="114.4935572147"><ele>16.57</ele><time>2018-10-11T06:14:35Z</time><extensions><gpxtpx:TrackPointExtension><gpxtpx:depth>0.00</gpxtpx:depth></gpxtpx:TrackPointExtension></extensions></trkpt><trkpt lat="36.8754557893" lon="114.4936681911"><ele>16.78</ele><time>2018-10-11T06:14:53Z</time><extensions><gpxtpx:TrackPointExtension><gpxtpx:depth>0.00</gpxtpx:depth></gpxtpx:TrackPointExtension></extensions></trkpt><trkpt lat="36.8749468401" lon="114.4937080890"><ele>16.98</ele><time>2018-10-11T06:15:09Z</time><extensions><gpxtpx:TrackPointExtension><gpxtpx:depth>0.00</gpxtpx:depth></gpxtpx:TrackPointExtension></extensions></trkpt><trkpt lat="36.8744637072" lon="114.4937606435"><ele>16.88</ele><time>2018-10-11T06:15:25Z</time><extensions><gpxtpx:TrackPointExtension><gpxtpx:depth>0.00</gpxtpx:depth></gpxtpx:TrackPointExtension></extensions></trkpt><trkpt lat="36.8740475457" lon="114.4938597176"><ele>16.72</ele><time>2018-10-11T06:15:40Z</time><extensions><gpxtpx:TrackPointExtension><gpxtpx:depth>0.00</gpxtpx:depth></gpxtpx:TrackPointExtension></extensions></trkpt><trkpt lat="36.8735755607" lon="114.4939392619"><ele>16.68</ele><time>2018-10-11T06:15:55Z</time><extensions><gpxtpx:TrackPointExtension><gpxtpx:depth>0.00</gpxtpx:depth></gpxtpx:TrackPointExtension></extensions></trkpt><trkpt lat="36.8729508575" lon="114.4940015394"><ele>16.89</ele><time>2018-10-11T06:16:14Z</time><extensions><gpxtpx:TrackPointExtension><gpxtpx:depth>0.00</gpxtpx:depth></gpxtpx:TrackPointExtension></extensions></trkpt><trkpt lat="36.8724279944" lon="114.4940592907"><ele>16.98</ele><time>2018-10-11T06:16:30Z</time><extensions><gpxtpx:TrackPointExtension><gpxtpx:depth>0.00</gpxtpx:depth></gpxtpx:TrackPointExtension></extensions></trkpt><trkpt lat="36.8718356453" lon="114.4940807484"><ele>17.04</ele><time>2018-10-11T06:16:48Z</time><extensions><gpxtpx:TrackPointExtension><gpxtpx:depth>0.00</gpxtpx:depth></gpxtpx:TrackPointExtension></extensions></trkpt><trkpt lat="36.8712973595" lon="114.4941315427"><ele>17.03</ele><time>2018-10-11T06:17:04Z</time><extensions><gpxtpx:TrackPointExtension><gpxtpx:depth>0.00</gpxtpx:depth></gpxtpx:TrackPointExtension></extensions></trkpt><trkpt lat="36.8707624264" lon="114.4941891264"><ele>16.96</ele><time>2018-10-11T06:17:20Z</time><extensions><gpxtpx:TrackPointExtension><gpxtpx:depth>0.00</gpxtpx:depth></gpxtpx:TrackPointExtension></extensions></trkpt><trkpt lat="36.8702356238" lon="114.4942408428"><ele>16.88</ele><time>2018-10-11T06:17:36Z</time><extensions><gpxtpx:TrackPointExtension><gpxtpx:depth>0.00</gpxtpx:depth></gpxtpx:TrackPointExtension></extensions></trkpt><trkpt lat="36.8696788140" lon="114.4943405874"><ele>17.10</ele><time>2018-10-11T06:17:54Z</time><extensions><gpxtpx:TrackPointExtension><gpxtpx:depth>0.00</gpxtpx:depth></gpxtpx:TrackPointExtension></extensions></trkpt><trkpt lat="36.8694758043" lon="114.4943533279"><ele>17.89</ele><time>2018-10-11T06:18:04Z</time><extensions><gpxtpx:TrackPointExtension><gpxtpx:depth>0.00</gpxtpx:depth></gpxtpx:TrackPointExtension></extensions></trkpt><trkpt lat="36.8690722995" lon="114.4943770487"><ele>18.08</ele><time>2018-10-11T06:18:20Z</time><extensions><gpxtpx:TrackPointExtension><gpxtpx:depth>0.00</gpxtpx:depth></gpxtpx:TrackPointExtension></extensions></trkpt><trkpt lat="36.8687511887" lon="114.4943954889"><ele>18.11</ele><time>2018-10-11T06:18:34Z</time><extensions><gpxtpx:TrackPointExtension><gpxtpx:depth>0.00</gpxtpx:depth></gpxtpx:TrackPointExtension></extensions></trkpt><trkpt lat="36.8687226065" lon="114.4943664875"><ele>17.82</ele><time>2018-10-11T06:18:41Z</time><extensions><gpxtpx:TrackPointExtension><gpxtpx:depth>0.00</gpxtpx:depth></gpxtpx:TrackPointExtension></extensions></trkpt><trkpt lat="36.8686907552" lon="114.4943519868"><ele>17.74</ele><time>2018-10-11T06:18:56Z</time><extensions><gpxtpx:TrackPointExtension><gpxtpx:depth>0.00</gpxtpx:depth></gpxtpx:TrackPointExtension></extensions></trkpt><trkpt lat="36.8686626758" lon="114.4943553396"><ele>17.74</ele><time>2018-10-11T06:18:57Z</time><extensions><gpxtpx:TrackPointExtension><gpxtpx:depth>0.00</gpxtpx:depth></gpxtpx:TrackPointExtension></extensions></trkpt><trkpt lat="36.8686356023" lon="114.4943601172"><ele>17.74</ele><time>2018-10-11T06:18:58Z</time><extensions><gpxtpx:TrackPointExtension><gpxtpx:depth>0.00</gpxtpx:depth></gpxtpx:TrackPointExtension></extensions></trkpt><trkpt lat="36.8682131544" lon="114.4944266696"><ele>18.04</ele><time>2018-10-11T06:19:13Z</time><extensions><gpxtpx:TrackPointExtension><gpxtpx:depth>0.00</gpxtpx:depth></gpxtpx:TrackPointExtension></extensions></trkpt><trkpt lat="36.8677689135" lon="114.4944080617"><ele>17.84</ele><time>2018-10-11T06:19:28Z</time><extensions><gpxtpx:TrackPointExtension><gpxtpx:depth>0.00</gpxtpx:depth></gpxtpx:TrackPointExtension></extensions></trkpt><trkpt lat="36.8673696835" lon="114.4943947345"><ele>17.45</ele><time>2018-10-11T06:19:41Z</time><extensions><gpxtpx:TrackPointExtension><gpxtpx:depth>0.00</gpxtpx:depth></gpxtpx:TrackPointExtension></extensions></trkpt><trkpt lat="36.8669946771" lon="114.4944387395"><ele>17.40</ele><time>2018-10-11T06:19:52Z</time><extensions><gpxtpx:TrackPointExtension><gpxtpx:depth>0.00</gpxtpx:depth></gpxtpx:TrackPointExtension></extensions></trkpt><trkpt lat="36.8666239455" lon="114.4944586884"><ele>17.56</ele><time>2018-10-11T06:20:03Z</time><extensions><gpxtpx:TrackPointExtension><gpxtpx:depth>0.00</gpxtpx:depth></gpxtpx:TrackPointExtension></extensions></trkpt><trkpt lat="36.8662491068" lon="114.4944671541"><ele>17.50</ele><time>2018-10-11T06:20:16Z</time><extensions><gpxtpx:TrackPointExtension><gpxtpx:depth>0.00</gpxtpx:depth></gpxtpx:TrackPointExtension></extensions></trkpt><trkpt lat="36.8659000006" lon="114.4944848400"><ele>17.42</ele><time>2018-10-11T06:20:29Z</time><extensions><gpxtpx:TrackPointExtension><gpxtpx:depth>0.00</gpxtpx:depth></gpxtpx:TrackPointExtension></extensions></trkpt><trkpt lat="36.8654685002" lon="114.4945076387"><ele>17.42</ele><time>2018-10-11T06:20:43Z</time><extensions><gpxtpx:TrackPointExtension><gpxtpx:depth>0.00</gpxtpx:depth></gpxtpx:TrackPointExtension></extensions></trkpt><trkpt lat="36.8650916498" lon="114.4945202954"><ele>17.40</ele><time>2018-10-11T06:20:56Z</time><extensions><gpxtpx:TrackPointExtension><gpxtpx:depth>0.00</gpxtpx:depth></gpxtpx:TrackPointExtension></extensions></trkpt><trkpt lat="36.8648086768" lon="114.4945140928"><ele>17.48</ele><time>2018-10-11T06:21:05Z</time><extensions><gpxtpx:TrackPointExtension><gpxtpx:depth>0.00</gpxtpx:depth></gpxtpx:TrackPointExtension></extensions></trkpt><trkpt lat="36.8644072674" lon="114.4945304375"><ele>17.81</ele><time>2018-10-11T06:21:18Z</time><extensions><gpxtpx:TrackPointExtension><gpxtpx:depth>0.00</gpxtpx:depth></gpxtpx:TrackPointExtension></extensions></trkpt><trkpt lat="36.8639244698" lon="114.4944811519"><ele>17.95</ele><time>2018-10-11T06:21:35Z</time><extensions><gpxtpx:TrackPointExtension><gpxtpx:depth>0.00</gpxtpx:depth></gpxtpx:TrackPointExtension></extensions></trkpt><trkpt lat="36.8634881079" lon="114.4945140928"><ele>18.19</ele><time>2018-10-11T06:21:49Z</time><extensions><gpxtpx:TrackPointExtension><gpxtpx:depth>0.00</gpxtpx:depth></gpxtpx:TrackPointExtension></extensions></trkpt><trkpt lat="36.8630724493" lon="114.4945515599"><ele>18.31</ele><time>2018-10-11T06:22:02Z</time><extensions><gpxtpx:TrackPointExtension><gpxtpx:depth>0.00</gpxtpx:depth></gpxtpx:TrackPointExtension></extensions></trkpt><trkpt lat="36.8627057411" lon="114.4945757836"><ele>18.49</ele><time>2018-10-11T06:22:14Z</time><extensions><gpxtpx:TrackPointExtension><gpxtpx:depth>0.00</gpxtpx:depth></gpxtpx:TrackPointExtension></extensions></trkpt><trkpt lat="36.8624220137" lon="114.4945044536"><ele>18.62</ele><time>2018-10-11T06:22:25Z</time><extensions><gpxtpx:TrackPointExtension><gpxtpx:depth>0.00</gpxtpx:depth></gpxtpx:TrackPointExtension></extensions></trkpt><trkpt lat="36.8619899265" lon="114.4945063815"><ele>18.66</ele><time>2018-10-11T06:22:38Z</time><extensions><gpxtpx:TrackPointExtension><gpxtpx:depth>0.00</gpxtpx:depth></gpxtpx:TrackPointExtension></extensions></trkpt><trkpt lat="36.8615326099" lon="114.4945238996"><ele>18.59</ele><time>2018-10-11T06:22:51Z</time><extensions><gpxtpx:TrackPointExtension><gpxtpx:depth>0.00</gpxtpx:depth></gpxtpx:TrackPointExtension></extensions></trkpt><trkpt lat="36.8611474615" lon="114.4945450220"><ele>18.50</ele><time>2018-10-11T06:23:03Z</time><extensions><gpxtpx:TrackPointExtension><gpxtpx:depth>0.00</gpxtpx:depth></gpxtpx:TrackPointExtension></extensions></trkpt><trkpt lat="36.8607935775" lon="114.4945315272"><ele>18.64</ele><time>2018-10-11T06:23:15Z</time><extensions><gpxtpx:TrackPointExtension><gpxtpx:depth>0.00</gpxtpx:depth></gpxtpx:TrackPointExtension></extensions></trkpt><trkpt lat="36.8604660127" lon="114.4945964031"><ele>18.75</ele><time>2018-10-11T06:23:29Z</time><extensions><gpxtpx:TrackPointExtension><gpxtpx:depth>0.00</gpxtpx:depth></gpxtpx:TrackPointExtension></extensions></trkpt><trkpt lat="36.8601438962" lon="114.4945930503"><ele>19.23</ele><time>2018-10-11T06:23:40Z</time><extensions><gpxtpx:TrackPointExtension><gpxtpx:depth>0.00</gpxtpx:depth></gpxtpx:TrackPointExtension></extensions></trkpt><trkpt lat="36.8597440794" lon="114.4945875183"><ele>19.51</ele><time>2018-10-11T06:23:53Z</time><extensions><gpxtpx:TrackPointExtension><gpxtpx:depth>0.00</gpxtpx:depth></gpxtpx:TrackPointExtension></extensions></trkpt><trkpt lat="36.8594040256" lon="114.4945821539"><ele>19.81</ele><time>2018-10-11T06:24:06Z</time><extensions><gpxtpx:TrackPointExtension><gpxtpx:depth>0.00</gpxtpx:depth></gpxtpx:TrackPointExtension></extensions></trkpt><trkpt lat="36.8590133451" lon="114.4946252368"><ele>20.31</ele><time>2018-10-11T06:24:20Z</time><extensions><gpxtpx:TrackPointExtension><gpxtpx:depth>0.00</gpxtpx:depth></gpxtpx:TrackPointExtension></extensions></trkpt><trkpt lat="36.8586754706" lon="114.4946244825"><ele>20.38</ele><time>2018-10-11T06:24:33Z</time><extensions><gpxtpx:TrackPointExtension><gpxtpx:depth>0.00</gpxtpx:depth></gpxtpx:TrackPointExtension></extensions></trkpt><trkpt lat="36.8582717143" lon="114.4945991691"><ele>20.06</ele><time>2018-10-11T06:24:47Z</time><extensions><gpxtpx:TrackPointExtension><gpxtpx:depth>0.00</gpxtpx:depth></gpxtpx:TrackPointExtension></extensions></trkpt><trkpt lat="36.8577782717" lon="114.4946073834"><ele>19.54</ele><time>2018-10-11T06:25:01Z</time><extensions><gpxtpx:TrackPointExtension><gpxtpx:depth>0.00</gpxtpx:depth></gpxtpx:TrackPointExtension></extensions></trkpt><trkpt lat="36.8573683128" lon="114.4945347961"><ele>19.76</ele><time>2018-10-11T06:25:15Z</time><extensions><gpxtpx:TrackPointExtension><gpxtpx:depth>0.00</gpxtpx:depth></gpxtpx:TrackPointExtension></extensions></trkpt><trkpt lat="36.8570760358" lon="114.4944860134"><ele>20.11</ele><time>2018-10-11T06:25:25Z</time><extensions><gpxtpx:TrackPointExtension><gpxtpx:depth>0.00</gpxtpx:depth></gpxtpx:TrackPointExtension></extensions></trkpt><trkpt lat="36.8568823300" lon="114.4944719318"><ele>20.24</ele><time>2018-10-11T06:25:33Z</time><extensions><gpxtpx:TrackPointExtension><gpxtpx:depth>0.00</gpxtpx:depth></gpxtpx:TrackPointExtension></extensions></trkpt><trkpt lat="36.8568424322" lon="114.4944816548"><ele>20.25</ele><time>2018-10-11T06:25:34Z</time><extensions><gpxtpx:TrackPointExtension><gpxtpx:depth>0.00</gpxtpx:depth></gpxtpx:TrackPointExtension></extensions></trkpt><trkpt lat="36.8568163645" lon="114.4944811519"><ele>20.25</ele><time>2018-10-11T06:25:35Z</time><extensions><gpxtpx:TrackPointExtension><gpxtpx:depth>0.00</gpxtpx:depth></gpxtpx:TrackPointExtension></extensions></trkpt><trkpt lat="36.8567756284" lon="114.4944891147"><ele>20.25</ele><time>2018-10-11T06:25:36Z</time><extensions><gpxtpx:TrackPointExtension><gpxtpx:depth>0.00</gpxtpx:depth></gpxtpx:TrackPointExtension></extensions></trkpt><trkpt lat="36.8567364849" lon="114.4945001788"><ele>20.23</ele><time>2018-10-11T06:25:37Z</time><extensions><gpxtpx:TrackPointExtension><gpxtpx:depth>0.00</gpxtpx:depth></gpxtpx:TrackPointExtension></extensions></trkpt><trkpt lat="36.8563075829" lon="114.4945116621"><ele>20.17</ele><time>2018-10-11T06:25:50Z</time><extensions><gpxtpx:TrackPointExtension><gpxtpx:depth>0.00</gpxtpx:depth></gpxtpx:TrackPointExtension></extensions></trkpt><trkpt lat="36.8562600575" lon="114.4944895338"><ele>20.07</ele><time>2018-10-11T06:25:53Z</time><extensions><gpxtpx:TrackPointExtension><gpxtpx:depth>0.00</gpxtpx:depth></gpxtpx:TrackPointExtension></extensions></trkpt><trkpt lat="36.8562194891" lon="114.4945011009"><ele>20.07</ele><time>2018-10-11T06:25:54Z</time><extensions><gpxtpx:TrackPointExtension><gpxtpx:depth>0.00</gpxtpx:depth></gpxtpx:TrackPointExtension></extensions></trkpt><trkpt lat="36.8561856262" lon="114.4944956526"><ele>20.03</ele><time>2018-10-11T06:25:55Z</time><extensions><gpxtpx:TrackPointExtension><gpxtpx:depth>0.00</gpxtpx:depth></gpxtpx:TrackPointExtension></extensions></trkpt><trkpt lat="36.8561446387" lon="114.4944909588"><ele>19.99</ele><time>2018-10-11T06:25:56Z</time><extensions><gpxtpx:TrackPointExtension><gpxtpx:depth>0.00</gpxtpx:depth></gpxtpx:TrackPointExtension></extensions></trkpt><trkpt lat="36.8561132904" lon="114.4944819063"><ele>19.97</ele><time>2018-10-11T06:25:57Z</time><extensions><gpxtpx:TrackPointExtension><gpxtpx:depth>0.00</gpxtpx:depth></gpxtpx:TrackPointExtension></extensions></trkpt><trkpt lat="36.8560887314" lon="114.4944655616"><ele>19.96</ele><time>2018-10-11T06:25:58Z</time><extensions><gpxtpx:TrackPointExtension><gpxtpx:depth>0.00</gpxtpx:depth></gpxtpx:TrackPointExtension></extensions></trkpt><trkpt lat="36.8560619932" lon="114.4944586046"><ele>19.93</ele><time>2018-10-11T06:25:59Z</time><extensions><gpxtpx:TrackPointExtension><gpxtpx:depth>0.00</gpxtpx:depth></gpxtpx:TrackPointExtension></extensions></trkpt><trkpt lat="36.8560451455" lon="114.4944441039"><ele>19.92</ele><time>2018-10-11T06:26:00Z</time><extensions><gpxtpx:TrackPointExtension><gpxtpx:depth>0.00</gpxtpx:depth></gpxtpx:TrackPointExtension></extensions></trkpt><trkpt lat="36.8560390268" lon="114.4944291841"><ele>19.88</ele><time>2018-10-11T06:26:01Z</time><extensions><gpxtpx:TrackPointExtension><gpxtpx:depth>0.00</gpxtpx:depth></gpxtpx:TrackPointExtension></extensions></trkpt><trkpt lat="36.8560316507" lon="114.4943745341"><ele>19.84</ele><time>2018-10-11T06:26:04Z</time><extensions><gpxtpx:TrackPointExtension><gpxtpx:depth>0.00</gpxtpx:depth></gpxtpx:TrackPointExtension></extensions></trkpt><trkpt lat="36.8560339976" lon="114.4943353068"><ele>19.79</ele><time>2018-10-11T06:26:06Z</time><extensions><gpxtpx:TrackPointExtension><gpxtpx:depth>0.00</gpxtpx:depth></gpxtpx:TrackPointExtension></extensions></trkpt><trkpt lat="36.8561361730" lon="114.4941943232"><ele>19.72</ele><time>2018-10-11T06:26:14Z</time><extensions><gpxtpx:TrackPointExtension><gpxtpx:depth>0.00</gpxtpx:depth></gpxtpx:TrackPointExtension></extensions></trkpt><trkpt lat="36.8561148830" lon="114.4942048006"><ele>19.66</ele><time>2018-10-11T06:26:19Z</time><extensions><gpxtpx:TrackPointExtension><gpxtpx:depth>0.00</gpxtpx:depth></gpxtpx:TrackPointExtension></extensions></trkpt><trkpt lat="36.8562568724" lon="114.4941931497"><ele>20.63</ele><time>2018-10-11T06:32:03Z</time><extensions><gpxtpx:TrackPointExtension><gpxtpx:depth>0.00</gpxtpx:depth></gpxtpx:TrackPointExtension></extensions></trkpt><trkpt lat="36.8562675174" lon="114.4944183715"><ele>20.52</ele><time>2018-10-11T06:32:11Z</time><extensions><gpxtpx:TrackPointExtension><gpxtpx:depth>0.00</gpxtpx:depth></gpxtpx:TrackPointExtension></extensions></trkpt><trkpt lat="36.8562683556" lon="114.4944494683"><ele>20.50</ele><time>2018-10-11T06:32:13Z</time><extensions><gpxtpx:TrackPointExtension><gpxtpx:depth>0.00</gpxtpx:depth></gpxtpx:TrackPointExtension></extensions></trkpt><trkpt lat="36.8563291244" lon="114.4945248216"><ele>20.48</ele><time>2018-10-11T06:32:18Z</time><extensions><gpxtpx:TrackPointExtension><gpxtpx:depth>0.00</gpxtpx:depth></gpxtpx:TrackPointExtension></extensions></trkpt><trkpt lat="36.8563384283" lon="114.4945411664"><ele>20.48</ele><time>2018-10-11T06:32:19Z</time><extensions><gpxtpx:TrackPointExtension><gpxtpx:depth>0.00</gpxtpx:depth></gpxtpx:TrackPointExtension></extensions></trkpt><trkpt lat="36.8563451339" lon="114.4945530687"><ele>20.48</ele><time>2018-10-11T06:32:20Z</time><extensions><gpxtpx:TrackPointExtension><gpxtpx:depth>0.00</gpxtpx:depth></gpxtpx:TrackPointExtension></extensions></trkpt><trkpt lat="36.8562713731" lon="114.4946025219"><ele>20.44</ele><time>2018-10-11T06:32:27Z</time><extensions><gpxtpx:TrackPointExtension><gpxtpx:depth>0.00</gpxtpx:depth></gpxtpx:TrackPointExtension></extensions></trkpt><trkpt lat="36.8561957683" lon="114.4946129154"><ele>20.40</ele><time>2018-10-11T06:32:30Z</time><extensions><gpxtpx:TrackPointExtension><gpxtpx:depth>0.00</gpxtpx:depth></gpxtpx:TrackPointExtension></extensions></trkpt><trkpt lat="36.8561665993" lon="114.4946145918"><ele>20.40</ele><time>2018-10-11T06:32:31Z</time><extensions><gpxtpx:TrackPointExtension><gpxtpx:depth>0.00</gpxtpx:depth></gpxtpx:TrackPointExtension></extensions></trkpt><trkpt lat="36.8561373465" lon="114.4946173579"><ele>20.40</ele><time>2018-10-11T06:32:32Z</time><extensions><gpxtpx:TrackPointExtension><gpxtpx:depth>0.00</gpxtpx:depth></gpxtpx:TrackPointExtension></extensions></trkpt><trkpt lat="36.8557438999" lon="114.4946999196"><ele>20.52</ele><time>2018-10-11T06:32:45Z</time><extensions><gpxtpx:TrackPointExtension><gpxtpx:depth>0.00</gpxtpx:depth></gpxtpx:TrackPointExtension></extensions></trkpt><trkpt lat="36.8554082047" lon="114.4946379773"><ele>20.57</ele><time>2018-10-11T06:32:57Z</time><extensions><gpxtpx:TrackPointExtension><gpxtpx:depth>0.00</gpxtpx:depth></gpxtpx:TrackPointExtension></extensions></trkpt><trkpt lat="36.8549906183" lon="114.4946251530"><ele>20.46</ele><time>2018-10-11T06:33:13Z</time><extensions><gpxtpx:TrackPointExtension><gpxtpx:depth>0.00</gpxtpx:depth></gpxtpx:TrackPointExtension></extensions></trkpt><trkpt lat="36.8546428531" lon="114.4945917092"><ele>20.54</ele><time>2018-10-11T06:33:27Z</time><extensions><gpxtpx:TrackPointExtension><gpxtpx:depth>0.00</gpxtpx:depth></gpxtpx:TrackPointExtension></extensions></trkpt><trkpt lat="36.8541846145" lon="114.4945241511"><ele>20.54</ele><time>2018-10-11T06:33:42Z</time><extensions><gpxtpx:TrackPointExtension><gpxtpx:depth>0.00</gpxtpx:depth></gpxtpx:TrackPointExtension></extensions></trkpt><trkpt lat="36.8537689559" lon="114.4945252407"><ele>20.23</ele><time>2018-10-11T06:33:56Z</time><extensions><gpxtpx:TrackPointExtension><gpxtpx:depth>0.00</gpxtpx:depth></gpxtpx:TrackPointExtension></extensions></trkpt><trkpt lat="36.8533231225" lon="114.4944425952"><ele>20.26</ele><time>2018-10-11T06:34:11Z</time><extensions><gpxtpx:TrackPointExtension><gpxtpx:depth>0.00</gpxtpx:depth></gpxtpx:TrackPointExtension></extensions></trkpt><trkpt lat="36.8528132513" lon="114.4943470415"><ele>20.40</ele><time>2018-10-11T06:34:27Z</time><extensions><gpxtpx:TrackPointExtension><gpxtpx:depth>0.00</gpxtpx:depth></gpxtpx:TrackPointExtension></extensions></trkpt><trkpt lat="36.8523825053" lon="114.4942814950"><ele>20.40</ele><time>2018-10-11T06:34:40Z</time><extensions><gpxtpx:TrackPointExtension><gpxtpx:depth>0.00</gpxtpx:depth></gpxtpx:TrackPointExtension></extensions></trkpt><trkpt lat="36.8520141207" lon="114.4941787329"><ele>20.44</ele><time>2018-10-11T06:34:52Z</time><extensions><gpxtpx:TrackPointExtension><gpxtpx:depth>0.00</gpxtpx:depth></gpxtpx:TrackPointExtension></extensions></trkpt><trkpt lat="36.8514945265" lon="114.4940581173"><ele>20.57</ele><time>2018-10-11T06:35:08Z</time><extensions><gpxtpx:TrackPointExtension><gpxtpx:depth>0.00</gpxtpx:depth></gpxtpx:TrackPointExtension></extensions></trkpt><trkpt lat="36.8510289118" lon="114.4940336421"><ele>20.53</ele><time>2018-10-11T06:35:22Z</time><extensions><gpxtpx:TrackPointExtension><gpxtpx:depth>0.00</gpxtpx:depth></gpxtpx:TrackPointExtension></extensions></trkpt><trkpt lat="36.8505766243" lon="114.4940139446"><ele>20.54</ele><time>2018-10-11T06:35:36Z</time><extensions><gpxtpx:TrackPointExtension><gpxtpx:depth>0.00</gpxtpx:depth></gpxtpx:TrackPointExtension></extensions></trkpt><trkpt lat="36.8501965050" lon="114.4940284453"><ele>20.50</ele><time>2018-10-11T06:35:47Z</time><extensions><gpxtpx:TrackPointExtension><gpxtpx:depth>0.00</gpxtpx:depth></gpxtpx:TrackPointExtension></extensions></trkpt><trkpt lat="36.8497384340" lon="114.4939862005"><ele>20.66</ele><time>2018-10-11T06:36:02Z</time><extensions><gpxtpx:TrackPointExtension><gpxtpx:depth>0.00</gpxtpx:depth></gpxtpx:TrackPointExtension></extensions></trkpt><trkpt lat="36.8493112084" lon="114.4940042216"><ele>20.65</ele><time>2018-10-11T06:36:15Z</time><extensions><gpxtpx:TrackPointExtension><gpxtpx:depth>0.00</gpxtpx:depth></gpxtpx:TrackPointExtension></extensions></trkpt><trkpt lat="36.8488638662" lon="114.4939733762"><ele>20.74</ele><time>2018-10-11T06:36:29Z</time><extensions><gpxtpx:TrackPointExtension><gpxtpx:depth>0.00</gpxtpx:depth></gpxtpx:TrackPointExtension></extensions></trkpt><trkpt lat="36.8484030291" lon="114.4939685147"><ele>21.05</ele><time>2018-10-11T06:36:43Z</time><extensions><gpxtpx:TrackPointExtension><gpxtpx:depth>0.00</gpxtpx:depth></gpxtpx:TrackPointExtension></extensions></trkpt><trkpt lat="36.8478982709" lon="114.4939250965"><ele>21.11</ele><time>2018-10-11T06:36:59Z</time><extensions><gpxtpx:TrackPointExtension><gpxtpx:depth>0.00</gpxtpx:depth></gpxtpx:TrackPointExtension></extensions></trkpt><trkpt lat="36.8474605680" lon="114.4939500745"><ele>21.15</ele><time>2018-10-11T06:37:11Z</time><extensions><gpxtpx:TrackPointExtension><gpxtpx:depth>0.00</gpxtpx:depth></gpxtpx:TrackPointExtension></extensions></trkpt><trkpt lat="36.8470045086" lon="114.4940428622"><ele>21.37</ele><time>2018-10-11T06:37:24Z</time><extensions><gpxtpx:TrackPointExtension><gpxtpx:depth>0.00</gpxtpx:depth></gpxtpx:TrackPointExtension></extensions></trkpt><trkpt lat="36.8465943821" lon="114.4941290282"><ele>21.51</ele><time>2018-10-11T06:37:36Z</time><extensions><gpxtpx:TrackPointExtension><gpxtpx:depth>0.00</gpxtpx:depth></gpxtpx:TrackPointExtension></extensions></trkpt><trkpt lat="36.8460704293" lon="114.4942070637"><ele>21.68</ele><time>2018-10-11T06:37:51Z</time><extensions><gpxtpx:TrackPointExtension><gpxtpx:depth>0.00</gpxtpx:depth></gpxtpx:TrackPointExtension></extensions></trkpt><trkpt lat="36.8455291260" lon="114.4942629710"><ele>21.62</ele><time>2018-10-11T06:38:06Z</time><extensions><gpxtpx:TrackPointExtension><gpxtpx:depth>0.00</gpxtpx:depth></gpxtpx:TrackPointExtension></extensions></trkpt><trkpt lat="36.8449734896" lon="114.4943840057"><ele>21.39</ele><time>2018-10-11T06:38:21Z</time><extensions><gpxtpx:TrackPointExtension><gpxtpx:depth>0.00</gpxtpx:depth></gpxtpx:TrackPointExtension></extensions></trkpt><trkpt lat="36.8445389718" lon="114.4944586884"><ele>21.27</ele><time>2018-10-11T06:38:35Z</time><extensions><gpxtpx:TrackPointExtension><gpxtpx:depth>0.00</gpxtpx:depth></gpxtpx:TrackPointExtension></extensions></trkpt><trkpt lat="36.8440816551" lon="114.4945337903"><ele>21.18</ele><time>2018-10-11T06:38:48Z</time><extensions><gpxtpx:TrackPointExtension><gpxtpx:depth>0.00</gpxtpx:depth></gpxtpx:TrackPointExtension></extensions></trkpt><trkpt lat="36.8435055669" lon="114.4946015999"><ele>21.05</ele><time>2018-10-11T06:39:05Z</time><extensions><gpxtpx:TrackPointExtension><gpxtpx:depth>0.00</gpxtpx:depth></gpxtpx:TrackPointExtension></extensions></trkpt><trkpt lat="36.8431732245" lon="114.4946200401"><ele>20.91</ele><time>2018-10-11T06:39:17Z</time><extensions><gpxtpx:TrackPointExtension><gpxtpx:depth>0.00</gpxtpx:depth></gpxtpx:TrackPointExtension></extensions></trkpt><trkpt lat="36.8430565484" lon="114.4945907872"><ele>20.86</ele><time>2018-10-11T06:39:22Z</time><extensions><gpxtpx:TrackPointExtension><gpxtpx:depth>0.00</gpxtpx:depth></gpxtpx:TrackPointExtension></extensions></trkpt><trkpt lat="36.8430335820" lon="114.4945992529"><ele>20.85</ele><time>2018-10-11T06:39:23Z</time><extensions><gpxtpx:TrackPointExtension><gpxtpx:depth>0.00</gpxtpx:depth></gpxtpx:TrackPointExtension></extensions></trkpt><trkpt lat="36.8429880682" lon="114.4946123287"><ele>20.84</ele><time>2018-10-11T06:39:25Z</time><extensions><gpxtpx:TrackPointExtension><gpxtpx:depth>0.00</gpxtpx:depth></gpxtpx:TrackPointExtension></extensions></trkpt><trkpt lat="36.8429628387" lon="114.4946142565"><ele>20.84</ele><time>2018-10-11T06:39:26Z</time><extensions><gpxtpx:TrackPointExtension><gpxtpx:depth>0.00</gpxtpx:depth></gpxtpx:TrackPointExtension></extensions></trkpt><trkpt lat="36.8428702187" lon="114.4946060423"><ele>20.84</ele><time>2018-10-11T06:39:33Z</time><extensions><gpxtpx:TrackPointExtension><gpxtpx:depth>0.00</gpxtpx:depth></gpxtpx:TrackPointExtension></extensions></trkpt><trkpt lat="36.8425698951" lon="114.4945787173"><ele>20.80</ele><time>2018-10-11T06:39:46Z</time><extensions><gpxtpx:TrackPointExtension><gpxtpx:depth>0.00</gpxtpx:depth></gpxtpx:TrackPointExtension></extensions></trkpt><trkpt lat="36.8425241299" lon="114.4945643842"><ele>20.52</ele><time>2018-10-11T06:39:53Z</time><extensions><gpxtpx:TrackPointExtension><gpxtpx:depth>0.00</gpxtpx:depth></gpxtpx:TrackPointExtension></extensions></trkpt><trkpt lat="36.8424197752" lon="114.4946853351"><ele>20.21</ele><time>2018-10-11T06:40:13Z</time><extensions><gpxtpx:TrackPointExtension><gpxtpx:depth>0.00</gpxtpx:depth></gpxtpx:TrackPointExtension></extensions></trkpt><trkpt lat="36.8424086273" lon="114.4947196171"><ele>20.21</ele><time>2018-10-11T06:40:14Z</time><extensions><gpxtpx:TrackPointExtension><gpxtpx:depth>0.00</gpxtpx:depth></gpxtpx:TrackPointExtension></extensions></trkpt><trkpt lat="36.8424434122" lon="114.4953185879"><ele>20.93</ele><time>2018-10-11T06:40:30Z</time><extensions><gpxtpx:TrackPointExtension><gpxtpx:depth>0.00</gpxtpx:depth></gpxtpx:TrackPointExtension></extensions></trkpt><trkpt lat="36.8423506245" lon="114.4958152995"><ele>21.07</ele><time>2018-10-11T06:40:43Z</time><extensions><gpxtpx:TrackPointExtension><gpxtpx:depth>0.00</gpxtpx:depth></gpxtpx:TrackPointExtension></extensions></trkpt><trkpt lat="36.8422577530" lon="114.4962516613"><ele>21.02</ele><time>2018-10-11T06:40:54Z</time><extensions><gpxtpx:TrackPointExtension><gpxtpx:depth>0.00</gpxtpx:depth></gpxtpx:TrackPointExtension></extensions></trkpt><trkpt lat="36.8422228843" lon="114.4962589536"><ele>20.98</ele><time>2018-10-11T06:40:55Z</time><extensions><gpxtpx:TrackPointExtension><gpxtpx:depth>0.00</gpxtpx:depth></gpxtpx:TrackPointExtension></extensions></trkpt><trkpt lat="36.8421633728" lon="114.4962284435"><ele>20.94</ele><time>2018-10-11T06:40:57Z</time><extensions><gpxtpx:TrackPointExtension><gpxtpx:depth>0.00</gpxtpx:depth></gpxtpx:TrackPointExtension></extensions></trkpt><trkpt lat="36.8421401549" lon="114.4961996097"><ele>20.93</ele><time>2018-10-11T06:40:58Z</time><extensions><gpxtpx:TrackPointExtension><gpxtpx:depth>0.00</gpxtpx:depth></gpxtpx:TrackPointExtension></extensions></trkpt><trkpt lat="36.8421184458" lon="114.4961700216"><ele>20.93</ele><time>2018-10-11T06:40:59Z</time><extensions><gpxtpx:TrackPointExtension><gpxtpx:depth>0.00</gpxtpx:depth></gpxtpx:TrackPointExtension></extensions></trkpt><trkpt lat="36.8421000056" lon="114.4961374998"><ele>20.93</ele><time>2018-10-11T06:41:00Z</time><extensions><gpxtpx:TrackPointExtension><gpxtpx:depth>0.00</gpxtpx:depth></gpxtpx:TrackPointExtension></extensions></trkpt><trkpt lat="36.8420829065" lon="114.4961043075"><ele>20.93</ele><time>2018-10-11T06:41:01Z</time><extensions><gpxtpx:TrackPointExtension><gpxtpx:depth>0.00</gpxtpx:depth></gpxtpx:TrackPointExtension></extensions></trkpt><trkpt lat="36.8417873606" lon="114.4956340827"><ele>21.14</ele><time>2018-10-11T06:41:14Z</time><extensions><gpxtpx:TrackPointExtension><gpxtpx:depth>0.00</gpxtpx:depth></gpxtpx:TrackPointExtension></extensions></trkpt><trkpt lat="36.8415473029" lon="114.4953552168"><ele>21.20</ele><time>2018-10-11T06:41:22Z</time><extensions><gpxtpx:TrackPointExtension><gpxtpx:depth>0.00</gpxtpx:depth></gpxtpx:TrackPointExtension></extensions></trkpt><trkpt lat="36.8415165413" lon="114.4953262154"><ele>21.24</ele><time>2018-10-11T06:41:23Z</time><extensions><gpxtpx:TrackPointExtension><gpxtpx:depth>0.00</gpxtpx:depth></gpxtpx:TrackPointExtension></extensions></trkpt><trkpt lat="36.8414543476" lon="114.4952663686"><ele>21.29</ele><time>2018-10-11T06:41:25Z</time><extensions><gpxtpx:TrackPointExtension><gpxtpx:depth>0.00</gpxtpx:depth></gpxtpx:TrackPointExtension></extensions></trkpt><trkpt lat="36.8411836959" lon="114.4950595871"><ele>21.67</ele><time>2018-10-11T06:41:33Z</time><extensions><gpxtpx:TrackPointExtension><gpxtpx:depth>0.00</gpxtpx:depth></gpxtpx:TrackPointExtension></extensions></trkpt><trkpt lat="36.8411479890" lon="114.4950333517"><ele>21.70</ele><time>2018-10-11T06:41:34Z</time><extensions><gpxtpx:TrackPointExtension><gpxtpx:depth>0.00</gpxtpx:depth></gpxtpx:TrackPointExtension></extensions></trkpt><trkpt lat="36.8409241084" lon="114.4948867522"><ele>21.85</ele><time>2018-10-11T06:41:40Z</time><extensions><gpxtpx:TrackPointExtension><gpxtpx:depth>0.00</gpxtpx:depth></gpxtpx:TrackPointExtension></extensions></trkpt><trkpt lat="36.8403850682" lon="114.4945924636"><ele>21.76</ele><time>2018-10-11T06:41:54Z</time><extensions><gpxtpx:TrackPointExtension><gpxtpx:depth>0.00</gpxtpx:depth></gpxtpx:TrackPointExtension></extensions></trkpt><trkpt lat="36.8397409189" lon="114.4944603648"><ele>21.84</ele><time>2018-10-11T06:42:10Z</time><extensions><gpxtpx:TrackPointExtension><gpxtpx:depth>0.00</gpxtpx:depth></gpxtpx:TrackPointExtension></extensions></trkpt><trkpt lat="36.8391163833" lon="114.4943425991"><ele>21.83</ele><time>2018-10-11T06:42:26Z</time><extensions><gpxtpx:TrackPointExtension><gpxtpx:depth>0.00</gpxtpx:depth></gpxtpx:TrackPointExtension></extensions></trkpt><trkpt lat="36.8385011517" lon="114.4942167867"><ele>21.64</ele><time>2018-10-11T06:42:43Z</time><extensions><gpxtpx:TrackPointExtension><gpxtpx:depth>0.00</gpxtpx:depth></gpxtpx:TrackPointExtension></extensions></trkpt><trkpt lat="36.8380320165" lon="114.4941138569"><ele>21.61</ele><time>2018-10-11T06:42:56Z</time><extensions><gpxtpx:TrackPointExtension><gpxtpx:depth>0.00</gpxtpx:depth></gpxtpx:TrackPointExtension></extensions></trkpt><trkpt lat="36.8375053816" lon="114.4939933252"><ele>21.63</ele><time>2018-10-11T06:43:10Z</time><extensions><gpxtpx:TrackPointExtension><gpxtpx:depth>0.00</gpxtpx:depth></gpxtpx:TrackPointExtension></extensions></trkpt><trkpt lat="36.8368088454" lon="114.4938447978"><ele>21.82</ele><time>2018-10-11T06:43:29Z</time><extensions><gpxtpx:TrackPointExtension><gpxtpx:depth>0.00</gpxtpx:depth></gpxtpx:TrackPointExtension></extensions></trkpt><trkpt lat="36.8360767700" lon="114.4936703704"><ele>21.57</ele><time>2018-10-11T06:43:50Z</time><extensions><gpxtpx:TrackPointExtension><gpxtpx:depth>0.00</gpxtpx:depth></gpxtpx:TrackPointExtension></extensions></trkpt><trkpt lat="36.8354836665" lon="114.4935559575"><ele>21.72</ele><time>2018-10-11T06:44:06Z</time><extensions><gpxtpx:TrackPointExtension><gpxtpx:depth>0.00</gpxtpx:depth></gpxtpx:TrackPointExtension></extensions></trkpt><trkpt lat="36.8349370826" lon="114.4934338331"><ele>21.64</ele><time>2018-10-11T06:44:21Z</time><extensions><gpxtpx:TrackPointExtension><gpxtpx:depth>0.00</gpxtpx:depth></gpxtpx:TrackPointExtension></extensions></trkpt><trkpt lat="36.8344148062" lon="114.4933375251"><ele>21.62</ele><time>2018-10-11T06:44:35Z</time><extensions><gpxtpx:TrackPointExtension><gpxtpx:depth>0.00</gpxtpx:depth></gpxtpx:TrackPointExtension></extensions></trkpt><trkpt lat="36.8338975590" lon="114.4932046719"><ele>21.84</ele><time>2018-10-11T06:44:49Z</time><extensions><gpxtpx:TrackPointExtension><gpxtpx:depth>0.00</gpxtpx:depth></gpxtpx:TrackPointExtension></extensions></trkpt><trkpt lat="36.8333760370" lon="114.4930973835"><ele>21.88</ele><time>2018-10-11T06:45:03Z</time><extensions><gpxtpx:TrackPointExtension><gpxtpx:depth>0.00</gpxtpx:depth></gpxtpx:TrackPointExtension></extensions></trkpt><trkpt lat="36.8328304589" lon="114.4929771870"><ele>21.98</ele><time>2018-10-11T06:45:18Z</time><extensions><gpxtpx:TrackPointExtension><gpxtpx:depth>0.00</gpxtpx:depth></gpxtpx:TrackPointExtension></extensions></trkpt><trkpt lat="36.8322282191" lon="114.4928578287"><ele>22.08</ele><time>2018-10-11T06:45:35Z</time><extensions><gpxtpx:TrackPointExtension><gpxtpx:depth>0.00</gpxtpx:depth></gpxtpx:TrackPointExtension></extensions></trkpt><trkpt lat="36.8315807171" lon="114.4927112292"><ele>22.44</ele><time>2018-10-11T06:45:53Z</time><extensions><gpxtpx:TrackPointExtension><gpxtpx:depth>0.00</gpxtpx:depth></gpxtpx:TrackPointExtension></extensions></trkpt><trkpt lat="36.8311063014" lon="114.4926112331"><ele>22.83</ele><time>2018-10-11T06:46:08Z</time><extensions><gpxtpx:TrackPointExtension><gpxtpx:depth>0.00</gpxtpx:depth></gpxtpx:TrackPointExtension></extensions></trkpt><trkpt lat="36.8307681754" lon="114.4924658071"><ele>22.93</ele><time>2018-10-11T06:46:22Z</time><extensions><gpxtpx:TrackPointExtension><gpxtpx:depth>0.00</gpxtpx:depth></gpxtpx:TrackPointExtension></extensions></trkpt><trkpt lat="36.8304856215" lon="114.4922748674"><ele>23.28</ele><time>2018-10-11T06:46:33Z</time><extensions><gpxtpx:TrackPointExtension><gpxtpx:depth>0.00</gpxtpx:depth></gpxtpx:TrackPointExtension></extensions></trkpt><trkpt lat="36.8301000539" lon="114.4920726120"><ele>23.42</ele><time>2018-10-11T06:46:48Z</time><extensions><gpxtpx:TrackPointExtension><gpxtpx:depth>0.00</gpxtpx:depth></gpxtpx:TrackPointExtension></extensions></trkpt><trkpt lat="36.8297594134" lon="114.4918779843"><ele>23.47</ele><time>2018-10-11T06:47:02Z</time><extensions><gpxtpx:TrackPointExtension><gpxtpx:depth>0.00</gpxtpx:depth></gpxtpx:TrackPointExtension></extensions></trkpt><trkpt lat="36.8294825591" lon="114.4917080831"><ele>23.83</ele><time>2018-10-11T06:47:15Z</time><extensions><gpxtpx:TrackPointExtension><gpxtpx:depth>0.00</gpxtpx:depth></gpxtpx:TrackPointExtension></extensions></trkpt><trkpt lat="36.8294222094" lon="114.4916818477"><ele>23.95</ele><time>2018-10-11T06:47:23Z</time><extensions><gpxtpx:TrackPointExtension><gpxtpx:depth>0.00</gpxtpx:depth></gpxtpx:TrackPointExtension></extensions></trkpt><trkpt lat="36.8293458503" lon="114.4916959293"><ele>23.84</ele><time>2018-10-11T06:48:07Z</time><extensions><gpxtpx:TrackPointExtension><gpxtpx:depth>0.00</gpxtpx:depth></gpxtpx:TrackPointExtension></extensions></trkpt><trkpt lat="36.8290768750" lon="114.4915111084"><ele>24.02</ele><time>2018-10-11T06:48:19Z</time><extensions><gpxtpx:TrackPointExtension><gpxtpx:depth>0.00</gpxtpx:depth></gpxtpx:TrackPointExtension></extensions></trkpt><trkpt lat="36.8286822550" lon="114.4913046621"><ele>24.22</ele><time>2018-10-11T06:48:35Z</time><extensions><gpxtpx:TrackPointExtension><gpxtpx:depth>0.00</gpxtpx:depth></gpxtpx:TrackPointExtension></extensions></trkpt><trkpt lat="36.8283033092" lon="114.4911047537"><ele>24.59</ele><time>2018-10-11T06:48:49Z</time><extensions><gpxtpx:TrackPointExtension><gpxtpx:depth>0.00</gpxtpx:depth></gpxtpx:TrackPointExtension></extensions></trkpt><trkpt lat="36.8278650194" lon="114.4908679649"><ele>24.96</ele><time>2018-10-11T06:49:02Z</time><extensions><gpxtpx:TrackPointExtension><gpxtpx:depth>0.00</gpxtpx:depth></gpxtpx:TrackPointExtension></extensions></trkpt><trkpt lat="36.8273267336" lon="114.4905589242"><ele>25.20</ele><time>2018-10-11T06:49:18Z</time><extensions><gpxtpx:TrackPointExtension><gpxtpx:depth>0.00</gpxtpx:depth></gpxtpx:TrackPointExtension></extensions></trkpt><trkpt lat="36.8269199599" lon="114.4903627038"><ele>25.43</ele><time>2018-10-11T06:49:30Z</time><extensions><gpxtpx:TrackPointExtension><gpxtpx:depth>0.00</gpxtpx:depth></gpxtpx:TrackPointExtension></extensions></trkpt><trkpt lat="36.8268859293" lon="114.4903409947"><ele>25.42</ele><time>2018-10-11T06:49:31Z</time><extensions><gpxtpx:TrackPointExtension><gpxtpx:depth>0.00</gpxtpx:depth></gpxtpx:TrackPointExtension></extensions></trkpt><trkpt lat="36.8264511600" lon="114.4901017752"><ele>25.34</ele><time>2018-10-11T06:49:44Z</time><extensions><gpxtpx:TrackPointExtension><gpxtpx:depth>0.00</gpxtpx:depth></gpxtpx:TrackPointExtension></extensions></trkpt><trkpt lat="36.8258875608" lon="114.4897882920"><ele>25.42</ele><time>2018-10-11T06:50:01Z</time><extensions><gpxtpx:TrackPointExtension><gpxtpx:depth>0.00</gpxtpx:depth></gpxtpx:TrackPointExtension></extensions></trkpt><trkpt lat="36.8252867460" lon="114.4894893933"><ele>25.54</ele><time>2018-10-11T06:50:20Z</time><extensions><gpxtpx:TrackPointExtension><gpxtpx:depth>0.00</gpxtpx:depth></gpxtpx:TrackPointExtension></extensions></trkpt><trkpt lat="36.8248360511" lon="114.4893050753"><ele>25.66</ele><time>2018-10-11T06:50:33Z</time><extensions><gpxtpx:TrackPointExtension><gpxtpx:depth>0.00</gpxtpx:depth></gpxtpx:TrackPointExtension></extensions></trkpt><trkpt lat="36.8243154511" lon="114.4891043287"><ele>26.15</ele><time>2018-10-11T06:50:48Z</time><extensions><gpxtpx:TrackPointExtension><gpxtpx:depth>0.00</gpxtpx:depth></gpxtpx:TrackPointExtension></extensions></trkpt><trkpt lat="36.8238670193" lon="114.4889211841"><ele>26.41</ele><time>2018-10-11T06:51:02Z</time><extensions><gpxtpx:TrackPointExtension><gpxtpx:depth>0.00</gpxtpx:depth></gpxtpx:TrackPointExtension></extensions></trkpt><trkpt lat="36.8233664520" lon="114.4887268916"><ele>26.36</ele><time>2018-10-11T06:51:18Z</time><extensions><gpxtpx:TrackPointExtension><gpxtpx:depth>0.00</gpxtpx:depth></gpxtpx:TrackPointExtension></extensions></trkpt><trkpt lat="36.8230045214" lon="114.4885816332"><ele>26.45</ele><time>2018-10-11T06:51:30Z</time><extensions><gpxtpx:TrackPointExtension><gpxtpx:depth>0.00</gpxtpx:depth></gpxtpx:TrackPointExtension></extensions></trkpt><trkpt lat="36.8225345481" lon="114.4883830659"><ele>26.66</ele><time>2018-10-11T06:51:45Z</time><extensions><gpxtpx:TrackPointExtension><gpxtpx:depth>0.00</gpxtpx:depth></gpxtpx:TrackPointExtension></extensions></trkpt><trkpt lat="36.8219486531" lon="114.4881649688"><ele>26.83</ele><time>2018-10-11T06:52:04Z</time><extensions><gpxtpx:TrackPointExtension><gpxtpx:depth>0.00</gpxtpx:depth></gpxtpx:TrackPointExtension></extensions></trkpt><trkpt lat="36.8214449845" lon="114.4880669005"><ele>26.48</ele><time>2018-10-11T06:52:19Z</time><extensions><gpxtpx:TrackPointExtension><gpxtpx:depth>0.00</gpxtpx:depth></gpxtpx:TrackPointExtension></extensions></trkpt><trkpt lat="36.8207454309" lon="114.4877757970"><ele>25.19</ele><time>2018-10-11T06:52:36Z</time><extensions><gpxtpx:TrackPointExtension><gpxtpx:depth>0.00</gpxtpx:depth></gpxtpx:TrackPointExtension></extensions></trkpt><trkpt lat="36.8204845861" lon="114.4875439536"><ele>24.47</ele><time>2018-10-11T06:52:45Z</time><extensions><gpxtpx:TrackPointExtension><gpxtpx:depth>0.00</gpxtpx:depth></gpxtpx:TrackPointExtension></extensions></trkpt><trkpt lat="36.8200182170" lon="114.4873268623"><ele>24.29</ele><time>2018-10-11T06:53:00Z</time><extensions><gpxtpx:TrackPointExtension><gpxtpx:depth>0.00</gpxtpx:depth></gpxtpx:TrackPointExtension></extensions></trkpt><trkpt lat="36.8198611401" lon="114.4872351643"><ele>24.65</ele><time>2018-10-11T06:53:07Z</time><extensions><gpxtpx:TrackPointExtension><gpxtpx:depth>0.00</gpxtpx:depth></gpxtpx:TrackPointExtension></extensions></trkpt><trkpt lat="36.8198599666" lon="114.4872284587"><ele>25.16</ele><time>2018-10-11T06:53:15Z</time><extensions><gpxtpx:TrackPointExtension><gpxtpx:depth>0.00</gpxtpx:depth></gpxtpx:TrackPointExtension></extensions></trkpt><trkpt lat="36.8197942525" lon="114.4872187357"><ele>25.19</ele><time>2018-10-11T06:54:13Z</time><extensions><gpxtpx:TrackPointExtension><gpxtpx:depth>0.00</gpxtpx:depth></gpxtpx:TrackPointExtension></extensions></trkpt><trkpt lat="36.8193947710" lon="114.4870554563"><ele>25.47</ele><time>2018-10-11T06:54:27Z</time><extensions><gpxtpx:TrackPointExtension><gpxtpx:depth>0.00</gpxtpx:depth></gpxtpx:TrackPointExtension></extensions></trkpt><trkpt lat="36.8189459201" lon="114.4869149756"><ele>25.84</ele><time>2018-10-11T06:54:39Z</time><extensions><gpxtpx:TrackPointExtension><gpxtpx:depth>0.00</gpxtpx:depth></gpxtpx:TrackPointExtension></extensions></trkpt><trkpt lat="36.8184627872" lon="114.4867166597"><ele>26.12</ele><time>2018-10-11T06:54:53Z</time><extensions><gpxtpx:TrackPointExtension><gpxtpx:depth>0.00</gpxtpx:depth></gpxtpx:TrackPointExtension></extensions></trkpt><trkpt lat="36.8178924825" lon="114.4864881691"><ele>26.03</ele><time>2018-10-11T06:55:09Z</time><extensions><gpxtpx:TrackPointExtension><gpxtpx:depth>0.00</gpxtpx:depth></gpxtpx:TrackPointExtension></extensions></trkpt><trkpt lat="36.8172716349" lon="114.4862462673"><ele>26.11</ele><time>2018-10-11T06:55:26Z</time><extensions><gpxtpx:TrackPointExtension><gpxtpx:depth>0.00</gpxtpx:depth></gpxtpx:TrackPointExtension></extensions></trkpt><trkpt lat="36.8167255539" lon="114.4860095624"><ele>26.18</ele><time>2018-10-11T06:55:42Z</time><extensions><gpxtpx:TrackPointExtension><gpxtpx:depth>0.00</gpxtpx:depth></gpxtpx:TrackPointExtension></extensions></trkpt><trkpt lat="36.8162366375" lon="114.4858192932"><ele>26.19</ele><time>2018-10-11T06:55:56Z</time><extensions><gpxtpx:TrackPointExtension><gpxtpx:depth>0.00</gpxtpx:depth></gpxtpx:TrackPointExtension></extensions></trkpt><trkpt lat="36.8160634674" lon="114.4857535791"><ele>26.22</ele><time>2018-10-11T06:56:01Z</time><extensions><gpxtpx:TrackPointExtension><gpxtpx:depth>0.00</gpxtpx:depth></gpxtpx:TrackPointExtension></extensions></trkpt><trkpt lat="36.8155669235" lon="114.4855060615"><ele>26.49</ele><time>2018-10-11T06:56:16Z</time><extensions><gpxtpx:TrackPointExtension><gpxtpx:depth>0.00</gpxtpx:depth></gpxtpx:TrackPointExtension></extensions></trkpt><trkpt lat="36.8152959365" lon="114.4854131900"><ele>26.40</ele><time>2018-10-11T06:56:28Z</time><extensions><gpxtpx:TrackPointExtension><gpxtpx:depth>0.00</gpxtpx:depth></gpxtpx:TrackPointExtension></extensions></trkpt><trkpt lat="36.8148021586" lon="114.4851837773"><ele>26.41</ele><time>2018-10-11T06:56:44Z</time><extensions><gpxtpx:TrackPointExtension><gpxtpx:depth>0.00</gpxtpx:depth></gpxtpx:TrackPointExtension></extensions></trkpt><trkpt lat="36.8143927865" lon="114.4850162230"><ele>26.50</ele><time>2018-10-11T06:56:56Z</time><extensions><gpxtpx:TrackPointExtension><gpxtpx:depth>0.00</gpxtpx:depth></gpxtpx:TrackPointExtension></extensions></trkpt><trkpt lat="36.8137907144" lon="114.4847705495"><ele>26.57</ele><time>2018-10-11T06:57:14Z</time><extensions><gpxtpx:TrackPointExtension><gpxtpx:depth>0.00</gpxtpx:depth></gpxtpx:TrackPointExtension></extensions></trkpt><trkpt lat="36.8132319767" lon="114.4845407177"><ele>26.35</ele><time>2018-10-11T06:57:31Z</time><extensions><gpxtpx:TrackPointExtension><gpxtpx:depth>0.00</gpxtpx:depth></gpxtpx:TrackPointExtension></extensions></trkpt><trkpt lat="36.8127308227" lon="114.4843239617"><ele>26.38</ele><time>2018-10-11T06:57:46Z</time><extensions><gpxtpx:TrackPointExtension><gpxtpx:depth>0.00</gpxtpx:depth></gpxtpx:TrackPointExtension></extensions></trkpt><trkpt lat="36.8123016693" lon="114.4841721654"><ele>26.37</ele><time>2018-10-11T06:57:59Z</time><extensions><gpxtpx:TrackPointExtension><gpxtpx:depth>0.00</gpxtpx:depth></gpxtpx:TrackPointExtension></extensions></trkpt><trkpt lat="36.8121850770" lon="114.4841049425"><ele>26.36</ele><time>2018-10-11T06:58:06Z</time><extensions><gpxtpx:TrackPointExtension><gpxtpx:depth>0.00</gpxtpx:depth></gpxtpx:TrackPointExtension></extensions></trkpt><trkpt lat="36.8121615238" lon="114.4841025118"><ele>26.37</ele><time>2018-10-11T06:58:07Z</time><extensions><gpxtpx:TrackPointExtension><gpxtpx:depth>0.00</gpxtpx:depth></gpxtpx:TrackPointExtension></extensions></trkpt><trkpt lat="36.8117496371" lon="114.4839945529"><ele>26.38</ele><time>2018-10-11T06:58:21Z</time><extensions><gpxtpx:TrackPointExtension><gpxtpx:depth>0.00</gpxtpx:depth></gpxtpx:TrackPointExtension></extensions></trkpt><trkpt lat="36.8111308012" lon="114.4838095643"><ele>26.38</ele><time>2018-10-11T06:58:40Z</time><extensions><gpxtpx:TrackPointExtension><gpxtpx:depth>0.00</gpxtpx:depth></gpxtpx:TrackPointExtension></extensions></trkpt><trkpt lat="36.8105744105" lon="114.4836373162"><ele>26.18</ele><time>2018-10-11T06:58:56Z</time><extensions><gpxtpx:TrackPointExtension><gpxtpx:depth>0.00</gpxtpx:depth></gpxtpx:TrackPointExtension></extensions></trkpt><trkpt lat="36.8099387269" lon="114.4834515732"><ele>26.18</ele><time>2018-10-11T06:59:14Z</time><extensions><gpxtpx:TrackPointExtension><gpxtpx:depth>0.00</gpxtpx:depth></gpxtpx:TrackPointExtension></extensions></trkpt><trkpt lat="36.8093467969" lon="114.4832905568"><ele>26.06</ele><time>2018-10-11T06:59:30Z</time><extensions><gpxtpx:TrackPointExtension><gpxtpx:depth>0.00</gpxtpx:depth></gpxtpx:TrackPointExtension></extensions></trkpt><trkpt lat="36.8092725333" lon="114.4832656626"><ele>26.05</ele><time>2018-10-11T06:59:32Z</time><extensions><gpxtpx:TrackPointExtension><gpxtpx:depth>0.00</gpxtpx:depth></gpxtpx:TrackPointExtension></extensions></trkpt><trkpt lat="36.8084642664" lon="114.4831178058"><ele>25.54</ele><time>2018-10-11T06:59:53Z</time><extensions><gpxtpx:TrackPointExtension><gpxtpx:depth>0.00</gpxtpx:depth></gpxtpx:TrackPointExtension></extensions></trkpt><trkpt lat="36.8082394637" lon="114.4830442965"><ele>25.38</ele><time>2018-10-11T06:59:59Z</time><extensions><gpxtpx:TrackPointExtension><gpxtpx:depth>0.00</gpxtpx:depth></gpxtpx:TrackPointExtension></extensions></trkpt><trkpt lat="36.8080779444" lon="114.4829986989"><ele>25.28</ele><time>2018-10-11T07:00:03Z</time><extensions><gpxtpx:TrackPointExtension><gpxtpx:depth>0.00</gpxtpx:depth></gpxtpx:TrackPointExtension></extensions></trkpt><trkpt lat="36.8074205518" lon="114.4828199130"><ele>24.63</ele><time>2018-10-11T07:00:17Z</time><extensions><gpxtpx:TrackPointExtension><gpxtpx:depth>0.00</gpxtpx:depth></gpxtpx:TrackPointExtension></extensions></trkpt><trkpt lat="36.8067795038" lon="114.4826030731"><ele>23.54</ele><time>2018-10-11T07:00:33Z</time><extensions><gpxtpx:TrackPointExtension><gpxtpx:depth>0.00</gpxtpx:depth></gpxtpx:TrackPointExtension></extensions></trkpt><trkpt lat="36.8063162360" lon="114.4824786019"><ele>23.46</ele><time>2018-10-11T07:00:46Z</time><extensions><gpxtpx:TrackPointExtension><gpxtpx:depth>0.00</gpxtpx:depth></gpxtpx:TrackPointExtension></extensions></trkpt><trkpt lat="36.8059328478" lon="114.4823705591"><ele>23.42</ele><time>2018-10-11T07:01:00Z</time><extensions><gpxtpx:TrackPointExtension><gpxtpx:depth>0.00</gpxtpx:depth></gpxtpx:TrackPointExtension></extensions></trkpt><trkpt lat="36.8058610149" lon="114.4823382888"><ele>23.30</ele><time>2018-10-11T07:01:09Z</time><extensions><gpxtpx:TrackPointExtension><gpxtpx:depth>0.00</gpxtpx:depth></gpxtpx:TrackPointExtension></extensions></trkpt><trkpt lat="36.8057716638" lon="114.4823583215"><ele>23.39</ele><time>2018-10-11T07:02:00Z</time><extensions><gpxtpx:TrackPointExtension><gpxtpx:depth>0.00</gpxtpx:depth></gpxtpx:TrackPointExtension></extensions></trkpt><trkpt lat="36.8057566602" lon="114.4823590759"><ele>23.41</ele><time>2018-10-11T07:02:01Z</time><extensions><gpxtpx:TrackPointExtension><gpxtpx:depth>0.00</gpxtpx:depth></gpxtpx:TrackPointExtension></extensions></trkpt><trkpt lat="36.8057412375" lon="114.4823590759"><ele>23.42</ele><time>2018-10-11T07:02:02Z</time><extensions><gpxtpx:TrackPointExtension><gpxtpx:depth>0.00</gpxtpx:depth></gpxtpx:TrackPointExtension></extensions></trkpt><trkpt lat="36.8057258148" lon="114.4823596627"><ele>23.43</ele><time>2018-10-11T07:02:03Z</time><extensions><gpxtpx:TrackPointExtension><gpxtpx:depth>0.00</gpxtpx:depth></gpxtpx:TrackPointExtension></extensions></trkpt><trkpt lat="36.8057108112" lon="114.4823557232"><ele>23.47</ele><time>2018-10-11T07:02:04Z</time><extensions><gpxtpx:TrackPointExtension><gpxtpx:depth>0.00</gpxtpx:depth></gpxtpx:TrackPointExtension></extensions></trkpt><trkpt lat="36.8053822406" lon="114.4822928589"><ele>23.56</ele><time>2018-10-11T07:02:16Z</time><extensions><gpxtpx:TrackPointExtension><gpxtpx:depth>0.00</gpxtpx:depth></gpxtpx:TrackPointExtension></extensions></trkpt><trkpt lat="36.8049326353" lon="114.4821327645"><ele>23.52</ele><time>2018-10-11T07:02:30Z</time><extensions><gpxtpx:TrackPointExtension><gpxtpx:depth>0.00</gpxtpx:depth></gpxtpx:TrackPointExtension></extensions></trkpt><trkpt lat="36.8043635879" lon="114.4819846563"><ele>23.62</ele><time>2018-10-11T07:02:47Z</time><extensions><gpxtpx:TrackPointExtension><gpxtpx:depth>0.00</gpxtpx:depth></gpxtpx:TrackPointExtension></extensions></trkpt><trkpt lat="36.8038575724" lon="114.4818362128"><ele>23.77</ele><time>2018-10-11T07:03:02Z</time><extensions><gpxtpx:TrackPointExtension><gpxtpx:depth>0.00</gpxtpx:depth></gpxtpx:TrackPointExtension></extensions></trkpt><trkpt lat="36.8034166843" lon="114.4817145914"><ele>23.86</ele><time>2018-10-11T07:03:16Z</time><extensions><gpxtpx:TrackPointExtension><gpxtpx:depth>0.00</gpxtpx:depth></gpxtpx:TrackPointExtension></extensions></trkpt><trkpt lat="36.8029686715" lon="114.4815777987"><ele>24.26</ele><time>2018-10-11T07:03:31Z</time><extensions><gpxtpx:TrackPointExtension><gpxtpx:depth>0.00</gpxtpx:depth></gpxtpx:TrackPointExtension></extensions></trkpt><trkpt lat="36.8023973610" lon="114.4814495556"><ele>25.13</ele><time>2018-10-11T07:03:49Z</time><extensions><gpxtpx:TrackPointExtension><gpxtpx:depth>0.00</gpxtpx:depth></gpxtpx:TrackPointExtension></extensions></trkpt><trkpt lat="36.8019050080" lon="114.4813047163"><ele>26.02</ele><time>2018-10-11T07:04:06Z</time><extensions><gpxtpx:TrackPointExtension><gpxtpx:depth>0.00</gpxtpx:depth></gpxtpx:TrackPointExtension></extensions></trkpt><trkpt lat="36.8015375454" lon="114.4811947457"><ele>26.62</ele><time>2018-10-11T07:04:19Z</time><extensions><gpxtpx:TrackPointExtension><gpxtpx:depth>0.00</gpxtpx:depth></gpxtpx:TrackPointExtension></extensions></trkpt><trkpt lat="36.8009787239" lon="114.4810286164"><ele>27.80</ele><time>2018-10-11T07:04:38Z</time><extensions><gpxtpx:TrackPointExtension><gpxtpx:depth>0.00</gpxtpx:depth></gpxtpx:TrackPointExtension></extensions></trkpt><trkpt lat="36.8004134484" lon="114.4808772393"><ele>27.75</ele><time>2018-10-11T07:04:57Z</time><extensions><gpxtpx:TrackPointExtension><gpxtpx:depth>0.00</gpxtpx:depth></gpxtpx:TrackPointExtension></extensions></trkpt><trkpt lat="36.7999243643" lon="114.4807542767"><ele>27.89</ele><time>2018-10-11T07:05:14Z</time><extensions><gpxtpx:TrackPointExtension><gpxtpx:depth>0.00</gpxtpx:depth></gpxtpx:TrackPointExtension></extensions></trkpt><trkpt lat="36.7994934507" lon="114.4806423783"><ele>27.91</ele><time>2018-10-11T07:05:29Z</time><extensions><gpxtpx:TrackPointExtension><gpxtpx:depth>0.00</gpxtpx:depth></gpxtpx:TrackPointExtension></extensions></trkpt><trkpt lat="36.7990798037" lon="114.4805246126"><ele>28.02</ele><time>2018-10-11T07:05:44Z</time><extensions><gpxtpx:TrackPointExtension><gpxtpx:depth>0.00</gpxtpx:depth></gpxtpx:TrackPointExtension></extensions></trkpt><trkpt lat="36.7984898016" lon="114.4803592376"><ele>28.19</ele><time>2018-10-11T07:06:03Z</time><extensions><gpxtpx:TrackPointExtension><gpxtpx:depth>0.00</gpxtpx:depth></gpxtpx:TrackPointExtension></extensions></trkpt><trkpt lat="36.7977280542" lon="114.4801548868"><ele>27.81</ele><time>2018-10-11T07:06:27Z</time><extensions><gpxtpx:TrackPointExtension><gpxtpx:depth>0.00</gpxtpx:depth></gpxtpx:TrackPointExtension></extensions></trkpt><trkpt lat="36.7970518023" lon="114.4799608458"><ele>27.39</ele><time>2018-10-11T07:06:45Z</time><extensions><gpxtpx:TrackPointExtension><gpxtpx:depth>0.00</gpxtpx:depth></gpxtpx:TrackPointExtension></extensions></trkpt><trkpt lat="36.7963980976" lon="114.4797820598"><ele>26.45</ele><time>2018-10-11T07:07:02Z</time><extensions><gpxtpx:TrackPointExtension><gpxtpx:depth>0.00</gpxtpx:depth></gpxtpx:TrackPointExtension></extensions></trkpt><trkpt lat="36.7960079201" lon="114.4795242324"><ele>26.16</ele><time>2018-10-11T07:07:16Z</time><extensions><gpxtpx:TrackPointExtension><gpxtpx:depth>0.00</gpxtpx:depth></gpxtpx:TrackPointExtension></extensions></trkpt><trkpt lat="36.7959614005" lon="114.4789788220"><ele>26.07</ele><time>2018-10-11T07:07:29Z</time><extensions><gpxtpx:TrackPointExtension><gpxtpx:depth>0.00</gpxtpx:depth></gpxtpx:TrackPointExtension></extensions></trkpt><trkpt lat="36.7959797569" lon="114.4785218406"><ele>26.03</ele><time>2018-10-11T07:07:39Z</time><extensions><gpxtpx:TrackPointExtension><gpxtpx:depth>0.00</gpxtpx:depth></gpxtpx:TrackPointExtension></extensions></trkpt><trkpt lat="36.7959735543" lon="114.4784169830"><ele>26.02</ele><time>2018-10-11T07:07:41Z</time><extensions><gpxtpx:TrackPointExtension><gpxtpx:depth>0.00</gpxtpx:depth></gpxtpx:TrackPointExtension></extensions></trkpt><trkpt lat="36.7959888931" lon="114.4774077181"><ele>24.35</ele><time>2018-10-11T07:07:58Z</time><extensions><gpxtpx:TrackPointExtension><gpxtpx:depth>0.00</gpxtpx:depth></gpxtpx:TrackPointExtension></extensions></trkpt><trkpt lat="36.7959939223" lon="114.4771511480"><ele>24.10</ele><time>2018-10-11T07:08:02Z</time><extensions><gpxtpx:TrackPointExtension><gpxtpx:depth>0.00</gpxtpx:depth></gpxtpx:TrackPointExtension></extensions></trkpt><trkpt lat="36.7960163020" lon="114.4762153085"><ele>22.95</ele><time>2018-10-11T07:08:19Z</time><extensions><gpxtpx:TrackPointExtension><gpxtpx:depth>0.00</gpxtpx:depth></gpxtpx:TrackPointExtension></extensions></trkpt><trkpt lat="36.7959954310" lon="114.4756629411"><ele>23.06</ele><time>2018-10-11T07:08:32Z</time><extensions><gpxtpx:TrackPointExtension><gpxtpx:depth>0.00</gpxtpx:depth></gpxtpx:TrackPointExtension></extensions></trkpt><trkpt lat="36.7960039806" lon="114.4751939736"><ele>23.82</ele><time>2018-10-11T07:08:47Z</time><extensions><gpxtpx:TrackPointExtension><gpxtpx:depth>0.00</gpxtpx:depth></gpxtpx:TrackPointExtension></extensions></trkpt><trkpt lat="36.7959911563" lon="114.4746621419"><ele>24.78</ele><time>2018-10-11T07:09:02Z</time><extensions><gpxtpx:TrackPointExtension><gpxtpx:depth>0.00</gpxtpx:depth></gpxtpx:TrackPointExtension></extensions></trkpt><trkpt lat="36.7959972750" lon="114.4741241075"><ele>25.70</ele><time>2018-10-11T07:09:17Z</time><extensions><gpxtpx:TrackPointExtension><gpxtpx:depth>0.00</gpxtpx:depth></gpxtpx:TrackPointExtension></extensions></trkpt><trkpt lat="36.7960045673" lon="114.4737177528"><ele>26.77</ele><time>2018-10-11T07:09:29Z</time><extensions><gpxtpx:TrackPointExtension><gpxtpx:depth>0.00</gpxtpx:depth></gpxtpx:TrackPointExtension></extensions></trkpt><trkpt lat="36.7959294654" lon="114.4733549003"><ele>27.61</ele><time>2018-10-11T07:09:42Z</time><extensions><gpxtpx:TrackPointExtension><gpxtpx:depth>0.00</gpxtpx:depth></gpxtpx:TrackPointExtension></extensions></trkpt><trkpt lat="36.7959076725" lon="114.4727207255"><ele>28.43</ele><time>2018-10-11T07:09:59Z</time><extensions><gpxtpx:TrackPointExtension><gpxtpx:depth>0.00</gpxtpx:depth></gpxtpx:TrackPointExtension></extensions></trkpt><trkpt lat="36.7959119473" lon="114.4722101837"><ele>29.19</ele><time>2018-10-11T07:10:13Z</time><extensions><gpxtpx:TrackPointExtension><gpxtpx:depth>0.00</gpxtpx:depth></gpxtpx:TrackPointExtension></extensions></trkpt><trkpt lat="36.7958957702" lon="114.4716314971"><ele>29.44</ele><time>2018-10-11T07:10:27Z</time><extensions><gpxtpx:TrackPointExtension><gpxtpx:depth>0.00</gpxtpx:depth></gpxtpx:TrackPointExtension></extensions></trkpt><trkpt lat="36.7958753183" lon="114.4713983964"><ele>29.55</ele><time>2018-10-11T07:10:32Z</time><extensions><gpxtpx:TrackPointExtension><gpxtpx:depth>0.00</gpxtpx:depth></gpxtpx:TrackPointExtension></extensions></trkpt><trkpt lat="36.7958744802" lon="114.4709689915"><ele>29.82</ele><time>2018-10-11T07:10:40Z</time><extensions><gpxtpx:TrackPointExtension><gpxtpx:depth>0.00</gpxtpx:depth></gpxtpx:TrackPointExtension></extensions></trkpt><trkpt lat="36.7958898190" lon="114.4706929754"><ele>29.95</ele><time>2018-10-11T07:10:45Z</time><extensions><gpxtpx:TrackPointExtension><gpxtpx:depth>0.00</gpxtpx:depth></gpxtpx:TrackPointExtension></extensions></trkpt><trkpt lat="36.7959272023" lon="114.4698591437"><ele>30.36</ele><time>2018-10-11T07:11:00Z</time><extensions><gpxtpx:TrackPointExtension><gpxtpx:depth>0.00</gpxtpx:depth></gpxtpx:TrackPointExtension></extensions></trkpt><trkpt lat="36.7959353328" lon="114.4697479997"><ele>30.40</ele><time>2018-10-11T07:11:02Z</time><extensions><gpxtpx:TrackPointExtension><gpxtpx:depth>0.00</gpxtpx:depth></gpxtpx:TrackPointExtension></extensions></trkpt><trkpt lat="36.7959303036" lon="114.4689324405"><ele>30.56</ele><time>2018-10-11T07:11:17Z</time><extensions><gpxtpx:TrackPointExtension><gpxtpx:depth>0.00</gpxtpx:depth></gpxtpx:TrackPointExtension></extensions></trkpt><trkpt lat="36.7959241010" lon="114.4688844960"><ele>30.57</ele><time>2018-10-11T07:11:18Z</time><extensions><gpxtpx:TrackPointExtension><gpxtpx:depth>0.00</gpxtpx:depth></gpxtpx:TrackPointExtension></extensions></trkpt><trkpt lat="36.7959461454" lon="114.4683934003"><ele>30.77</ele><time>2018-10-11T07:11:27Z</time><extensions><gpxtpx:TrackPointExtension><gpxtpx:depth>0.00</gpxtpx:depth></gpxtpx:TrackPointExtension></extensions></trkpt><trkpt lat="36.7959337402" lon="114.4675168209"><ele>31.22</ele><time>2018-10-11T07:11:43Z</time><extensions><gpxtpx:TrackPointExtension><gpxtpx:depth>0.00</gpxtpx:depth></gpxtpx:TrackPointExtension></extensions></trkpt><trkpt lat="36.7959458940" lon="114.4672947843"><ele>31.31</ele><time>2018-10-11T07:11:47Z</time><extensions><gpxtpx:TrackPointExtension><gpxtpx:depth>0.00</gpxtpx:depth></gpxtpx:TrackPointExtension></extensions></trkpt><trkpt lat="36.7959202453" lon="114.4668614399"><ele>31.45</ele><time>2018-10-11T07:11:55Z</time><extensions><gpxtpx:TrackPointExtension><gpxtpx:depth>0.00</gpxtpx:depth></gpxtpx:TrackPointExtension></extensions></trkpt><trkpt lat="36.7959004641" lon="114.4663899578"><ele>31.54</ele><time>2018-10-11T07:12:04Z</time><extensions><gpxtpx:TrackPointExtension><gpxtpx:depth>0.00</gpxtpx:depth></gpxtpx:TrackPointExtension></extensions></trkpt><trkpt lat="36.7959143780" lon="114.4658945035"><ele>31.73</ele><time>2018-10-11T07:12:13Z</time><extensions><gpxtpx:TrackPointExtension><gpxtpx:depth>0.00</gpxtpx:depth></gpxtpx:TrackPointExtension></extensions></trkpt><trkpt lat="36.7958701216" lon="114.4653768372"><ele>32.06</ele><time>2018-10-11T07:12:23Z</time><extensions><gpxtpx:TrackPointExtension><gpxtpx:depth>0.00</gpxtpx:depth></gpxtpx:TrackPointExtension></extensions></trkpt><trkpt lat="36.7958484124" lon="114.4651656132"><ele>32.14</ele><time>2018-10-11T07:12:27Z</time><extensions><gpxtpx:TrackPointExtension><gpxtpx:depth>0.00</gpxtpx:depth></gpxtpx:TrackPointExtension></extensions></trkpt><trkpt lat="36.7957886495" lon="114.4649175927"><ele>32.39</ele><time>2018-10-11T07:12:32Z</time><extensions><gpxtpx:TrackPointExtension><gpxtpx:depth>0.00</gpxtpx:depth></gpxtpx:TrackPointExtension></extensions></trkpt><trkpt lat="36.7955397069" lon="114.4641822483"><ele>32.61</ele><time>2018-10-11T07:12:47Z</time><extensions><gpxtpx:TrackPointExtension><gpxtpx:depth>0.00</gpxtpx:depth></gpxtpx:TrackPointExtension></extensions></trkpt><trkpt lat="36.7953629326" lon="114.4637574535"><ele>32.78</ele><time>2018-10-11T07:12:56Z</time><extensions><gpxtpx:TrackPointExtension><gpxtpx:depth>0.00</gpxtpx:depth></gpxtpx:TrackPointExtension></extensions></trkpt><trkpt lat="36.7952974699" lon="114.4636247680"><ele>32.80</ele><time>2018-10-11T07:12:59Z</time><extensions><gpxtpx:TrackPointExtension><gpxtpx:depth>0.00</gpxtpx:depth></gpxtpx:TrackPointExtension></extensions></trkpt><trkpt lat="36.7952828016" lon="114.4635251071"><ele>32.82</ele><time>2018-10-11T07:13:01Z</time><extensions><gpxtpx:TrackPointExtension><gpxtpx:depth>0.00</gpxtpx:depth></gpxtpx:TrackPointExtension></extensions></trkpt><trkpt lat="36.7950217053" lon="114.4629355241"><ele>32.95</ele><time>2018-10-11T07:13:14Z</time><extensions><gpxtpx:TrackPointExtension><gpxtpx:depth>0.00</gpxtpx:depth></gpxtpx:TrackPointExtension></extensions></trkpt><trkpt lat="36.7946984153" lon="114.4621477090"><ele>33.27</ele><time>2018-10-11T07:13:31Z</time><extensions><gpxtpx:TrackPointExtension><gpxtpx:depth>0.00</gpxtpx:depth></gpxtpx:TrackPointExtension></extensions></trkpt><trkpt lat="36.7946767062" lon="114.4621032849"><ele>33.28</ele><time>2018-10-11T07:13:32Z</time><extensions><gpxtpx:TrackPointExtension><gpxtpx:depth>0.00</gpxtpx:depth></gpxtpx:TrackPointExtension></extensions></trkpt><trkpt lat="36.7944575194" lon="114.4612923358"><ele>33.47</ele><time>2018-10-11T07:13:49Z</time><extensions><gpxtpx:TrackPointExtension><gpxtpx:depth>0.00</gpxtpx:depth></gpxtpx:TrackPointExtension></extensions></trkpt><trkpt lat="36.7945294362" lon="114.4604372140"><ele>33.22</ele><time>2018-10-11T07:14:05Z</time><extensions><gpxtpx:TrackPointExtension><gpxtpx:depth>0.00</gpxtpx:depth></gpxtpx:TrackPointExtension></extensions></trkpt><trkpt lat="36.7947485391" lon="114.4596206490"><ele>32.57</ele><time>2018-10-11T07:14:20Z</time><extensions><gpxtpx:TrackPointExtension><gpxtpx:depth>0.00</gpxtpx:depth></gpxtpx:TrackPointExtension></extensions></trkpt><trkpt lat="36.7947638780" lon="114.4595700223"><ele>32.53</ele><time>2018-10-11T07:14:21Z</time><extensions><gpxtpx:TrackPointExtension><gpxtpx:depth>0.00</gpxtpx:depth></gpxtpx:TrackPointExtension></extensions></trkpt><trkpt lat="36.7948062066" lon="114.4593488239"><ele>32.23</ele><time>2018-10-11T07:14:25Z</time><extensions><gpxtpx:TrackPointExtension><gpxtpx:depth>0.00</gpxtpx:depth></gpxtpx:TrackPointExtension></extensions></trkpt><trkpt lat="36.7946539912" lon="114.4590222649"><ele>31.38</ele><time>2018-10-11T07:14:33Z</time><extensions><gpxtpx:TrackPointExtension><gpxtpx:depth>0.00</gpxtpx:depth></gpxtpx:TrackPointExtension></extensions></trkpt><trkpt lat="36.7945964076" lon="114.4590115361"><ele>31.30</ele><time>2018-10-11T07:14:34Z</time><extensions><gpxtpx:TrackPointExtension><gpxtpx:depth>0.00</gpxtpx:depth></gpxtpx:TrackPointExtension></extensions></trkpt><trkpt lat="36.7945458647" lon="114.4590046629"><ele>31.26</ele><time>2018-10-11T07:14:35Z</time><extensions><gpxtpx:TrackPointExtension><gpxtpx:depth>0.00</gpxtpx:depth></gpxtpx:TrackPointExtension></extensions></trkpt><trkpt lat="36.7938514240" lon="114.4588866457"><ele>31.53</ele><time>2018-10-11T07:14:52Z</time><extensions><gpxtpx:TrackPointExtension><gpxtpx:depth>0.00</gpxtpx:depth></gpxtpx:TrackPointExtension></extensions></trkpt><trkpt lat="36.7930814624" lon="114.4587273896"><ele>32.88</ele><time>2018-10-11T07:15:13Z</time><extensions><gpxtpx:TrackPointExtension><gpxtpx:depth>0.00</gpxtpx:depth></gpxtpx:TrackPointExtension></extensions></trkpt><trkpt lat="36.7925358005" lon="114.4586072769"><ele>33.19</ele><time>2018-10-11T07:15:30Z</time><extensions><gpxtpx:TrackPointExtension><gpxtpx:depth>0.00</gpxtpx:depth></gpxtpx:TrackPointExtension></extensions></trkpt><trkpt lat="36.7920313776" lon="114.4584968872"><ele>33.46</ele><time>2018-10-11T07:15:46Z</time><extensions><gpxtpx:TrackPointExtension><gpxtpx:depth>0.00</gpxtpx:depth></gpxtpx:TrackPointExtension></extensions></trkpt><trkpt lat="36.7915632483" lon="114.4583802950"><ele>33.77</ele><time>2018-10-11T07:16:00Z</time><extensions><gpxtpx:TrackPointExtension><gpxtpx:depth>0.00</gpxtpx:depth></gpxtpx:TrackPointExtension></extensions></trkpt><trkpt lat="36.7911873199" lon="114.4583096355"><ele>33.86</ele><time>2018-10-11T07:16:12Z</time><extensions><gpxtpx:TrackPointExtension><gpxtpx:depth>0.00</gpxtpx:depth></gpxtpx:TrackPointExtension></extensions></trkpt><trkpt lat="36.7905563302" lon="114.4582038559"><ele>34.20</ele><time>2018-10-11T07:16:30Z</time><extensions><gpxtpx:TrackPointExtension><gpxtpx:depth>0.00</gpxtpx:depth></gpxtpx:TrackPointExtension></extensions></trkpt><trkpt lat="36.7899742909" lon="114.4581608567"><ele>34.41</ele><time>2018-10-11T07:16:46Z</time><extensions><gpxtpx:TrackPointExtension><gpxtpx:depth>0.00</gpxtpx:depth></gpxtpx:TrackPointExtension></extensions></trkpt><trkpt lat="36.7895002943" lon="114.4581432547"><ele>34.51</ele><time>2018-10-11T07:17:01Z</time><extensions><gpxtpx:TrackPointExtension><gpxtpx:depth>0.00</gpxtpx:depth></gpxtpx:TrackPointExtension></extensions></trkpt><trkpt lat="36.7888524570" lon="114.4581031892"><ele>34.15</ele><time>2018-10-11T07:17:20Z</time><extensions><gpxtpx:TrackPointExtension><gpxtpx:depth>0.00</gpxtpx:depth></gpxtpx:TrackPointExtension></extensions></trkpt><trkpt lat="36.7882840801" lon="114.4580699131"><ele>33.78</ele><time>2018-10-11T07:17:37Z</time><extensions><gpxtpx:TrackPointExtension><gpxtpx:depth>0.00</gpxtpx:depth></gpxtpx:TrackPointExtension></extensions></trkpt><trkpt lat="36.7878866941" lon="114.4580513891"><ele>33.70</ele><time>2018-10-11T07:17:47Z</time><extensions><gpxtpx:TrackPointExtension><gpxtpx:depth>0.00</gpxtpx:depth></gpxtpx:TrackPointExtension></extensions></trkpt><trkpt lat="36.7872733064" lon="114.4580285903"><ele>33.54</ele><time>2018-10-11T07:18:03Z</time><extensions><gpxtpx:TrackPointExtension><gpxtpx:depth>0.00</gpxtpx:depth></gpxtpx:TrackPointExtension></extensions></trkpt><trkpt lat="36.7866690550" lon="114.4579965714"><ele>33.45</ele><time>2018-10-11T07:18:20Z</time><extensions><gpxtpx:TrackPointExtension><gpxtpx:depth>0.00</gpxtpx:depth></gpxtpx:TrackPointExtension></extensions></trkpt><trkpt lat="36.7861465272" lon="114.4579703361"><ele>33.23</ele><time>2018-10-11T07:18:35Z</time><extensions><gpxtpx:TrackPointExtension><gpxtpx:depth>0.00</gpxtpx:depth></gpxtpx:TrackPointExtension></extensions></trkpt><trkpt lat="36.7854523379" lon="114.4579337072"><ele>33.31</ele><time>2018-10-11T07:18:52Z</time><extensions><gpxtpx:TrackPointExtension><gpxtpx:depth>0.00</gpxtpx:depth></gpxtpx:TrackPointExtension></extensions></trkpt><trkpt lat="36.7846844718" lon="114.4579128362"><ele>33.11</ele><time>2018-10-11T07:19:10Z</time><extensions><gpxtpx:TrackPointExtension><gpxtpx:depth>0.00</gpxtpx:depth></gpxtpx:TrackPointExtension></extensions></trkpt><trkpt lat="36.7839433439" lon="114.4578777160"><ele>32.80</ele><time>2018-10-11T07:19:29Z</time><extensions><gpxtpx:TrackPointExtension><gpxtpx:depth>0.00</gpxtpx:depth></gpxtpx:TrackPointExtension></extensions></trkpt><trkpt lat="36.7832157109" lon="114.4578430150"><ele>32.53</ele><time>2018-10-11T07:19:48Z</time><extensions><gpxtpx:TrackPointExtension><gpxtpx:depth>0.00</gpxtpx:depth></gpxtpx:TrackPointExtension></extensions></trkpt><trkpt lat="36.7824123893" lon="114.4578089006"><ele>32.61</ele><time>2018-10-11T07:20:09Z</time><extensions><gpxtpx:TrackPointExtension><gpxtpx:depth>0.00</gpxtpx:depth></gpxtpx:TrackPointExtension></extensions></trkpt><trkpt lat="36.7818084732" lon="114.4577779714"><ele>32.61</ele><time>2018-10-11T07:20:25Z</time><extensions><gpxtpx:TrackPointExtension><gpxtpx:depth>0.00</gpxtpx:depth></gpxtpx:TrackPointExtension></extensions></trkpt><trkpt lat="36.7814534996" lon="114.4577495568"><ele>32.54</ele><time>2018-10-11T07:20:36Z</time><extensions><gpxtpx:TrackPointExtension><gpxtpx:depth>0.00</gpxtpx:depth></gpxtpx:TrackPointExtension></extensions></trkpt><trkpt lat="36.7809862923" lon="114.4577300269"><ele>32.48</ele><time>2018-10-11T07:20:53Z</time><extensions><gpxtpx:TrackPointExtension><gpxtpx:depth>0.00</gpxtpx:depth></gpxtpx:TrackPointExtension></extensions></trkpt><trkpt lat="36.7809336539" lon="114.4576534163"><ele>32.42</ele><time>2018-10-11T07:20:57Z</time><extensions><gpxtpx:TrackPointExtension><gpxtpx:depth>0.00</gpxtpx:depth></gpxtpx:TrackPointExtension></extensions></trkpt><trkpt lat="36.7809397727" lon="114.4575706031"><ele>32.35</ele><time>2018-10-11T07:21:01Z</time><extensions><gpxtpx:TrackPointExtension><gpxtpx:depth>0.00</gpxtpx:depth></gpxtpx:TrackPointExtension></extensions></trkpt><trkpt lat="36.7809543572" lon="114.4575231615"><ele>32.16</ele><time>2018-10-11T07:21:08Z</time><extensions><gpxtpx:TrackPointExtension><gpxtpx:depth>0.00</gpxtpx:depth></gpxtpx:TrackPointExtension></extensions></trkpt><trkpt lat="36.7809386831" lon="114.4574307092"><ele>32.06</ele><time>2018-10-11T07:21:56Z</time><extensions><gpxtpx:TrackPointExtension><gpxtpx:depth>0.00</gpxtpx:depth></gpxtpx:TrackPointExtension></extensions></trkpt><trkpt lat="36.7809225060" lon="114.4573344011"><ele>32.06</ele><time>2018-10-11T07:21:59Z</time><extensions><gpxtpx:TrackPointExtension><gpxtpx:depth>0.00</gpxtpx:depth></gpxtpx:TrackPointExtension></extensions></trkpt><trkpt lat="36.7809369229" lon="114.4567377772"><ele>32.03</ele><time>2018-10-11T07:22:13Z</time><extensions><gpxtpx:TrackPointExtension><gpxtpx:depth>0.00</gpxtpx:depth></gpxtpx:TrackPointExtension></extensions></trkpt><trkpt lat="36.7809097655" lon="114.4561363757"><ele>32.11</ele><time>2018-10-11T07:22:28Z</time><extensions><gpxtpx:TrackPointExtension><gpxtpx:depth>0.00</gpxtpx:depth></gpxtpx:TrackPointExtension></extensions></trkpt><trkpt lat="36.7809190694" lon="114.4555198867"><ele>32.15</ele><time>2018-10-11T07:22:41Z</time><extensions><gpxtpx:TrackPointExtension><gpxtpx:depth>0.00</gpxtpx:depth></gpxtpx:TrackPointExtension></extensions></trkpt><trkpt lat="36.7809131183" lon="114.4553860277"><ele>32.14</ele><time>2018-10-11T07:22:44Z</time><extensions><gpxtpx:TrackPointExtension><gpxtpx:depth>0.00</gpxtpx:depth></gpxtpx:TrackPointExtension></extensions></trkpt><trkpt lat="36.7808428779" lon="114.4547266234"><ele>32.29</ele><time>2018-10-11T07:22:58Z</time><extensions><gpxtpx:TrackPointExtension><gpxtpx:depth>0.00</gpxtpx:depth></gpxtpx:TrackPointExtension></extensions></trkpt><trkpt lat="36.7807159759" lon="114.4540940411"><ele>32.24</ele><time>2018-10-11T07:23:12Z</time><extensions><gpxtpx:TrackPointExtension><gpxtpx:depth>0.00</gpxtpx:depth></gpxtpx:TrackPointExtension></extensions></trkpt><trkpt lat="36.7805330828" lon="114.4534056354"><ele>32.56</ele><time>2018-10-11T07:23:28Z</time><extensions><gpxtpx:TrackPointExtension><gpxtpx:depth>0.00</gpxtpx:depth></gpxtpx:TrackPointExtension></extensions></trkpt><trkpt lat="36.7803080287" lon="114.4528579619"><ele>32.90</ele><time>2018-10-11T07:23:43Z</time><extensions><gpxtpx:TrackPointExtension><gpxtpx:depth>0.00</gpxtpx:depth></gpxtpx:TrackPointExtension></extensions></trkpt><trkpt lat="36.7800773587" lon="114.4524054229"><ele>33.25</ele><time>2018-10-11T07:23:57Z</time><extensions><gpxtpx:TrackPointExtension><gpxtpx:depth>0.00</gpxtpx:depth></gpxtpx:TrackPointExtension></extensions></trkpt><trkpt lat="36.7798180226" lon="114.4519459270"><ele>33.85</ele><time>2018-10-11T07:24:13Z</time><extensions><gpxtpx:TrackPointExtension><gpxtpx:depth>0.00</gpxtpx:depth></gpxtpx:TrackPointExtension></extensions></trkpt><trkpt lat="36.7796113249" lon="114.4516175240"><ele>34.38</ele><time>2018-10-11T07:24:27Z</time><extensions><gpxtpx:TrackPointExtension><gpxtpx:depth>0.00</gpxtpx:depth></gpxtpx:TrackPointExtension></extensions></trkpt><trkpt lat="36.7793863546" lon="114.4512854330"><ele>34.81</ele><time>2018-10-11T07:24:41Z</time><extensions><gpxtpx:TrackPointExtension><gpxtpx:depth>0.00</gpxtpx:depth></gpxtpx:TrackPointExtension></extensions></trkpt><trkpt lat="36.7791341431" lon="114.4509244245"><ele>35.21</ele><time>2018-10-11T07:24:53Z</time><extensions><gpxtpx:TrackPointExtension><gpxtpx:depth>0.00</gpxtpx:depth></gpxtpx:TrackPointExtension></extensions></trkpt><trkpt lat="36.7788602225" lon="114.4504916668"><ele>35.86</ele><time>2018-10-11T07:25:08Z</time><extensions><gpxtpx:TrackPointExtension><gpxtpx:depth>0.00</gpxtpx:depth></gpxtpx:TrackPointExtension></extensions></trkpt><trkpt lat="36.7786022276" lon="114.4499976374"><ele>36.46</ele><time>2018-10-11T07:25:23Z</time><extensions><gpxtpx:TrackPointExtension><gpxtpx:depth>0.00</gpxtpx:depth></gpxtpx:TrackPointExtension></extensions></trkpt><trkpt lat="36.7783802748" lon="114.4495138340"><ele>36.81</ele><time>2018-10-11T07:25:37Z</time><extensions><gpxtpx:TrackPointExtension><gpxtpx:depth>0.00</gpxtpx:depth></gpxtpx:TrackPointExtension></extensions></trkpt><trkpt lat="36.7781042587" lon="114.4486756437"><ele>37.61</ele><time>2018-10-11T07:25:58Z</time><extensions><gpxtpx:TrackPointExtension><gpxtpx:depth>0.00</gpxtpx:depth></gpxtpx:TrackPointExtension></extensions></trkpt><trkpt lat="36.7779843137" lon="114.4480437320"><ele>38.43</ele><time>2018-10-11T07:26:12Z</time><extensions><gpxtpx:TrackPointExtension><gpxtpx:depth>0.00</gpxtpx:depth></gpxtpx:TrackPointExtension></extensions></trkpt><trkpt lat="36.7778938729" lon="114.4473846629"><ele>38.87</ele><time>2018-10-11T07:26:28Z</time><extensions><gpxtpx:TrackPointExtension><gpxtpx:depth>0.00</gpxtpx:depth></gpxtpx:TrackPointExtension></extensions></trkpt><trkpt lat="36.7778704036" lon="114.4467970915"><ele>39.47</ele><time>2018-10-11T07:26:43Z</time><extensions><gpxtpx:TrackPointExtension><gpxtpx:depth>0.00</gpxtpx:depth></gpxtpx:TrackPointExtension></extensions></trkpt><trkpt lat="36.7778729182" lon="114.4463749789"><ele>39.89</ele><time>2018-10-11T07:26:52Z</time><extensions><gpxtpx:TrackPointExtension><gpxtpx:depth>0.00</gpxtpx:depth></gpxtpx:TrackPointExtension></extensions></trkpt><trkpt lat="36.7779024225" lon="114.4457476772"><ele>40.29</ele><time>2018-10-11T07:27:05Z</time><extensions><gpxtpx:TrackPointExtension><gpxtpx:depth>0.00</gpxtpx:depth></gpxtpx:TrackPointExtension></extensions></trkpt><trkpt lat="36.7780088726" lon="114.4450456928"><ele>40.55</ele><time>2018-10-11T07:27:22Z</time><extensions><gpxtpx:TrackPointExtension><gpxtpx:depth>0.00</gpxtpx:depth></gpxtpx:TrackPointExtension></extensions></trkpt><trkpt lat="36.7781681288" lon="114.4443960115"><ele>40.61</ele><time>2018-10-11T07:27:37Z</time><extensions><gpxtpx:TrackPointExtension><gpxtpx:depth>0.00</gpxtpx:depth></gpxtpx:TrackPointExtension></extensions></trkpt><trkpt lat="36.7783901654" lon="114.4436880760"><ele>40.51</ele><time>2018-10-11T07:27:53Z</time><extensions><gpxtpx:TrackPointExtension><gpxtpx:depth>0.00</gpxtpx:depth></gpxtpx:TrackPointExtension></extensions></trkpt><trkpt lat="36.7785878945" lon="114.4430819806"><ele>40.52</ele><time>2018-10-11T07:28:06Z</time><extensions><gpxtpx:TrackPointExtension><gpxtpx:depth>0.00</gpxtpx:depth></gpxtpx:TrackPointExtension></extensions></trkpt><trkpt lat="36.7787898146" lon="114.4424405973"><ele>40.75</ele><time>2018-10-11T07:28:20Z</time><extensions><gpxtpx:TrackPointExtension><gpxtpx:depth>0.00</gpxtpx:depth></gpxtpx:TrackPointExtension></extensions></trkpt><trkpt lat="36.7790483963" lon="114.4415926002"><ele>40.85</ele><time>2018-10-11T07:28:37Z</time><extensions><gpxtpx:TrackPointExtension><gpxtpx:depth>0.00</gpxtpx:depth></gpxtpx:TrackPointExtension></extensions></trkpt><trkpt lat="36.7792277690" lon="114.4409047812"><ele>40.99</ele><time>2018-10-11T07:28:52Z</time><extensions><gpxtpx:TrackPointExtension><gpxtpx:depth>0.00</gpxtpx:depth></gpxtpx:TrackPointExtension></extensions></trkpt><trkpt lat="36.7793676630" lon="114.4403223228"><ele>41.38</ele><time>2018-10-11T07:29:05Z</time><extensions><gpxtpx:TrackPointExtension><gpxtpx:depth>0.00</gpxtpx:depth></gpxtpx:TrackPointExtension></extensions></trkpt><trkpt lat="36.7794898711" lon="114.4396251161"><ele>41.58</ele><time>2018-10-11T07:29:19Z</time><extensions><gpxtpx:TrackPointExtension><gpxtpx:depth>0.00</gpxtpx:depth></gpxtpx:TrackPointExtension></extensions></trkpt><trkpt lat="36.7795941420" lon="114.4388761930"><ele>42.17</ele><time>2018-10-11T07:29:36Z</time><extensions><gpxtpx:TrackPointExtension><gpxtpx:depth>0.00</gpxtpx:depth></gpxtpx:TrackPointExtension></extensions></trkpt><trkpt lat="36.7796669807" lon="114.4384513143"><ele>42.46</ele><time>2018-10-11T07:29:47Z</time><extensions><gpxtpx:TrackPointExtension><gpxtpx:depth>0.00</gpxtpx:depth></gpxtpx:TrackPointExtension></extensions></trkpt><trkpt lat="36.7797849141" lon="114.4377924129"><ele>43.44</ele><time>2018-10-11T07:30:04Z</time><extensions><gpxtpx:TrackPointExtension><gpxtpx:depth>0.00</gpxtpx:depth></gpxtpx:TrackPointExtension></extensions></trkpt><trkpt lat="36.7798821442" lon="114.4370721560"><ele>44.52</ele><time>2018-10-11T07:30:22Z</time><extensions><gpxtpx:TrackPointExtension><gpxtpx:depth>0.00</gpxtpx:depth></gpxtpx:TrackPointExtension></extensions></trkpt><trkpt lat="36.7799760215" lon="114.4364670664"><ele>45.78</ele><time>2018-10-11T07:30:37Z</time><extensions><gpxtpx:TrackPointExtension><gpxtpx:depth>0.00</gpxtpx:depth></gpxtpx:TrackPointExtension></extensions></trkpt><trkpt lat="36.7800397240" lon="114.4360530842"><ele>46.41</ele><time>2018-10-11T07:30:48Z</time><extensions><gpxtpx:TrackPointExtension><gpxtpx:depth>0.00</gpxtpx:depth></gpxtpx:TrackPointExtension></extensions></trkpt><trkpt lat="36.7800702341" lon="114.4358589593"><ele>46.84</ele><time>2018-10-11T07:30:54Z</time><extensions><gpxtpx:TrackPointExtension><gpxtpx:depth>0.00</gpxtpx:depth></gpxtpx:TrackPointExtension></extensions></trkpt><trkpt lat="36.7801110540" lon="114.4358076621"><ele>46.99</ele><time>2018-10-11T07:30:57Z</time><extensions><gpxtpx:TrackPointExtension><gpxtpx:depth>0.00</gpxtpx:depth></gpxtpx:TrackPointExtension></extensions></trkpt><trkpt lat="36.7802610062" lon="114.4358331431"><ele>47.12</ele><time>2018-10-11T07:31:05Z</time><extensions><gpxtpx:TrackPointExtension><gpxtpx:depth>0.00</gpxtpx:depth></gpxtpx:TrackPointExtension></extensions></trkpt><trkpt lat="36.7802921869" lon="114.4358021300"><ele>47.13</ele><time>2018-10-11T07:31:11Z</time><extensions><gpxtpx:TrackPointExtension><gpxtpx:depth>0.00</gpxtpx:depth></gpxtpx:TrackPointExtension></extensions></trkpt><trkpt lat="36.7801833898" lon="114.4358292036"><ele>47.57</ele><time>2018-10-11T07:35:53Z</time><extensions><gpxtpx:TrackPointExtension><gpxtpx:depth>0.00</gpxtpx:depth></gpxtpx:TrackPointExtension></extensions></trkpt><trkpt lat="36.7801290751" lon="114.4358234201"><ele>47.60</ele><time>2018-10-11T07:35:57Z</time><extensions><gpxtpx:TrackPointExtension><gpxtpx:depth>0.00</gpxtpx:depth></gpxtpx:TrackPointExtension></extensions></trkpt><trkpt lat="36.7801154964" lon="114.4354458991"><ele>48.39</ele><time>2018-10-11T07:36:11Z</time><extensions><gpxtpx:TrackPointExtension><gpxtpx:depth>0.00</gpxtpx:depth></gpxtpx:TrackPointExtension></extensions></trkpt><trkpt lat="36.7802111339" lon="114.4347998220"><ele>49.22</ele><time>2018-10-11T07:36:28Z</time><extensions><gpxtpx:TrackPointExtension><gpxtpx:depth>0.00</gpxtpx:depth></gpxtpx:TrackPointExtension></extensions></trkpt><trkpt lat="36.7802910972" lon="114.4342737738"><ele>50.09</ele><time>2018-10-11T07:36:42Z</time><extensions><gpxtpx:TrackPointExtension><gpxtpx:depth>0.00</gpxtpx:depth></gpxtpx:TrackPointExtension></extensions></trkpt><trkpt lat="36.7803884111" lon="114.4336680975"><ele>51.16</ele><time>2018-10-11T07:36:58Z</time><extensions><gpxtpx:TrackPointExtension><gpxtpx:depth>0.00</gpxtpx:depth></gpxtpx:TrackPointExtension></extensions></trkpt><trkpt lat="36.7805041652" lon="114.4330091961"><ele>52.07</ele><time>2018-10-11T07:37:16Z</time><extensions><gpxtpx:TrackPointExtension><gpxtpx:depth>0.00</gpxtpx:depth></gpxtpx:TrackPointExtension></extensions></trkpt><trkpt lat="36.7806270439" lon="114.4324569125"><ele>53.07</ele><time>2018-10-11T07:37:32Z</time><extensions><gpxtpx:TrackPointExtension><gpxtpx:depth>0.00</gpxtpx:depth></gpxtpx:TrackPointExtension></extensions></trkpt><trkpt lat="36.7806624994" lon="114.4323257357"><ele>53.52</ele><time>2018-10-11T07:37:42Z</time><extensions><gpxtpx:TrackPointExtension><gpxtpx:depth>0.00</gpxtpx:depth></gpxtpx:TrackPointExtension></extensions></trkpt><trkpt lat="36.7806667741" lon="114.4322275836"><ele>53.60</ele><time>2018-10-11T07:38:12Z</time><extensions><gpxtpx:TrackPointExtension><gpxtpx:depth>0.00</gpxtpx:depth></gpxtpx:TrackPointExtension></extensions></trkpt><trkpt lat="36.7807186581" lon="114.4318488054"><ele>53.89</ele><time>2018-10-11T07:38:24Z</time><extensions><gpxtpx:TrackPointExtension><gpxtpx:depth>0.00</gpxtpx:depth></gpxtpx:TrackPointExtension></extensions></trkpt><trkpt lat="36.7807314824" lon="114.4314972684"><ele>55.15</ele><time>2018-10-11T07:38:38Z</time><extensions><gpxtpx:TrackPointExtension><gpxtpx:depth>0.00</gpxtpx:depth></gpxtpx:TrackPointExtension></extensions></trkpt><trkpt lat="36.7807635013" lon="114.4310795981"><ele>55.87</ele><time>2018-10-11T07:38:53Z</time><extensions><gpxtpx:TrackPointExtension><gpxtpx:depth>0.00</gpxtpx:depth></gpxtpx:TrackPointExtension></extensions></trkpt><trkpt lat="36.7807680275" lon="114.4306359440"><ele>56.95</ele><time>2018-10-11T07:39:08Z</time><extensions><gpxtpx:TrackPointExtension><gpxtpx:depth>0.00</gpxtpx:depth></gpxtpx:TrackPointExtension></extensions></trkpt><trkpt lat="36.7807867192" lon="114.4302603509"><ele>58.28</ele><time>2018-10-11T07:39:21Z</time><extensions><gpxtpx:TrackPointExtension><gpxtpx:depth>0.00</gpxtpx:depth></gpxtpx:TrackPointExtension></extensions></trkpt><trkpt lat="36.7807912454" lon="114.4297472108"><ele>59.46</ele><time>2018-10-11T07:39:37Z</time><extensions><gpxtpx:TrackPointExtension><gpxtpx:depth>0.00</gpxtpx:depth></gpxtpx:TrackPointExtension></extensions></trkpt><trkpt lat="36.7807953525" lon="114.4293026347"><ele>61.06</ele><time>2018-10-11T07:39:53Z</time><extensions><gpxtpx:TrackPointExtension><gpxtpx:depth>0.00</gpxtpx:depth></gpxtpx:TrackPointExtension></extensions></trkpt><trkpt lat="36.7807916645" lon="114.4288578071"><ele>61.64</ele><time>2018-10-11T07:40:07Z</time><extensions><gpxtpx:TrackPointExtension><gpxtpx:depth>0.00</gpxtpx:depth></gpxtpx:TrackPointExtension></extensions></trkpt><trkpt lat="36.7807898205" lon="114.4282453414"><ele>61.28</ele><time>2018-10-11T07:40:21Z</time><extensions><gpxtpx:TrackPointExtension><gpxtpx:depth>0.00</gpxtpx:depth></gpxtpx:TrackPointExtension></extensions></trkpt><trkpt lat="36.7807921674" lon="114.4280199520"><ele>60.92</ele><time>2018-10-11T07:40:25Z</time><extensions><gpxtpx:TrackPointExtension><gpxtpx:depth>0.00</gpxtpx:depth></gpxtpx:TrackPointExtension></extensions></trkpt><trkpt lat="36.7807868868" lon="114.4278383162"><ele>60.58</ele><time>2018-10-11T07:40:28Z</time><extensions><gpxtpx:TrackPointExtension><gpxtpx:depth>0.00</gpxtpx:depth></gpxtpx:TrackPointExtension></extensions></trkpt><trkpt lat="36.7807770800" lon="114.4270693604"><ele>58.50</ele><time>2018-10-11T07:40:42Z</time><extensions><gpxtpx:TrackPointExtension><gpxtpx:depth>0.00</gpxtpx:depth></gpxtpx:TrackPointExtension></extensions></trkpt><trkpt lat="36.7807766609" lon="114.4270681031"><ele>57.90</ele><time>2018-10-11T07:40:47Z</time><extensions><gpxtpx:TrackPointExtension><gpxtpx:depth>0.00</gpxtpx:depth></gpxtpx:TrackPointExtension></extensions></trkpt><trkpt lat="36.7807806842" lon="114.4269871339"><ele>57.61</ele><time>2018-10-11T07:41:54Z</time><extensions><gpxtpx:TrackPointExtension><gpxtpx:depth>0.00</gpxtpx:depth></gpxtpx:TrackPointExtension></extensions></trkpt><trkpt lat="36.7807102762" lon="114.4264116324"><ele>57.72</ele><time>2018-10-11T07:42:10Z</time><extensions><gpxtpx:TrackPointExtension><gpxtpx:depth>0.00</gpxtpx:depth></gpxtpx:TrackPointExtension></extensions></trkpt><trkpt lat="36.7807071749" lon="114.4259199500"><ele>57.92</ele><time>2018-10-11T07:42:22Z</time><extensions><gpxtpx:TrackPointExtension><gpxtpx:depth>0.00</gpxtpx:depth></gpxtpx:TrackPointExtension></extensions></trkpt><trkpt lat="36.7807340808" lon="114.4253813289"><ele>58.10</ele><time>2018-10-11T07:42:35Z</time><extensions><gpxtpx:TrackPointExtension><gpxtpx:depth>0.00</gpxtpx:depth></gpxtpx:TrackPointExtension></extensions></trkpt><trkpt lat="36.7807490844" lon="114.4249354955"><ele>58.24</ele><time>2018-10-11T07:42:47Z</time><extensions><gpxtpx:TrackPointExtension><gpxtpx:depth>0.00</gpxtpx:depth></gpxtpx:TrackPointExtension></extensions></trkpt><trkpt lat="36.7807085160" lon="114.4242946990"><ele>58.48</ele><time>2018-10-11T07:43:02Z</time><extensions><gpxtpx:TrackPointExtension><gpxtpx:depth>0.00</gpxtpx:depth></gpxtpx:TrackPointExtension></extensions></trkpt><trkpt lat="36.7807016429" lon="114.4237928744"><ele>58.62</ele><time>2018-10-11T07:43:14Z</time><extensions><gpxtpx:TrackPointExtension><gpxtpx:depth>0.00</gpxtpx:depth></gpxtpx:TrackPointExtension></extensions></trkpt><trkpt lat="36.7807225976" lon="114.4233811554"><ele>58.82</ele><time>2018-10-11T07:43:25Z</time><extensions><gpxtpx:TrackPointExtension><gpxtpx:depth>0.00</gpxtpx:depth></gpxtpx:TrackPointExtension></extensions></trkpt><trkpt lat="36.7807330750" lon="114.4228595495"><ele>59.16</ele><time>2018-10-11T07:43:38Z</time><extensions><gpxtpx:TrackPointExtension><gpxtpx:depth>0.00</gpxtpx:depth></gpxtpx:TrackPointExtension></extensions></trkpt><trkpt lat="36.7807335779" lon="114.4224197511"><ele>59.57</ele><time>2018-10-11T07:43:49Z</time><extensions><gpxtpx:TrackPointExtension><gpxtpx:depth>0.00</gpxtpx:depth></gpxtpx:TrackPointExtension></extensions></trkpt><trkpt lat="36.7807290517" lon="114.4218814652"><ele>60.22</ele><time>2018-10-11T07:44:03Z</time><extensions><gpxtpx:TrackPointExtension><gpxtpx:depth>0.00</gpxtpx:depth></gpxtpx:TrackPointExtension></extensions></trkpt><trkpt lat="36.7807210051" lon="114.4213347975"><ele>61.39</ele><time>2018-10-11T07:44:19Z</time><extensions><gpxtpx:TrackPointExtension><gpxtpx:depth>0.00</gpxtpx:depth></gpxtpx:TrackPointExtension></extensions></trkpt><trkpt lat="36.7807164788" lon="114.4208485633"><ele>62.44</ele><time>2018-10-11T07:44:33Z</time><extensions><gpxtpx:TrackPointExtension><gpxtpx:depth>0.00</gpxtpx:depth></gpxtpx:TrackPointExtension></extensions></trkpt><trkpt lat="36.7807387747" lon="114.4204295520"><ele>63.66</ele><time>2018-10-11T07:44:48Z</time><extensions><gpxtpx:TrackPointExtension><gpxtpx:depth>0.00</gpxtpx:depth></gpxtpx:TrackPointExtension></extensions></trkpt><trkpt lat="36.7807242740" lon="114.4200453255"><ele>64.58</ele><time>2018-10-11T07:45:01Z</time><extensions><gpxtpx:TrackPointExtension><gpxtpx:depth>0.00</gpxtpx:depth></gpxtpx:TrackPointExtension></extensions></trkpt><trkpt lat="36.7807306442" lon="114.4196646195"><ele>65.17</ele><time>2018-10-11T07:45:15Z</time><extensions><gpxtpx:TrackPointExtension><gpxtpx:depth>0.00</gpxtpx:depth></gpxtpx:TrackPointExtension></extensions></trkpt><trkpt lat="36.7807282135" lon="114.4191487972"><ele>66.18</ele><time>2018-10-11T07:45:30Z</time><extensions><gpxtpx:TrackPointExtension><gpxtpx:depth>0.00</gpxtpx:depth></gpxtpx:TrackPointExtension></extensions></trkpt><trkpt lat="36.7807519343" lon="114.4187425263"><ele>66.96</ele><time>2018-10-11T07:45:42Z</time><extensions><gpxtpx:TrackPointExtension><gpxtpx:depth>0.00</gpxtpx:depth></gpxtpx:TrackPointExtension></extensions></trkpt><trkpt lat="36.7807522696" lon="114.4182018936"><ele>67.80</ele><time>2018-10-11T07:45:59Z</time><extensions><gpxtpx:TrackPointExtension><gpxtpx:depth>0.00</gpxtpx:depth></gpxtpx:TrackPointExtension></extensions></trkpt><trkpt lat="36.7807568796" lon="114.4176245481"><ele>68.67</ele><time>2018-10-11T07:46:16Z</time><extensions><gpxtpx:TrackPointExtension><gpxtpx:depth>0.00</gpxtpx:depth></gpxtpx:TrackPointExtension></extensions></trkpt><trkpt lat="36.7807385232" lon="114.4171907008"><ele>69.42</ele><time>2018-10-11T07:46:29Z</time><extensions><gpxtpx:TrackPointExtension><gpxtpx:depth>0.00</gpxtpx:depth></gpxtpx:TrackPointExtension></extensions></trkpt><trkpt lat="36.7807470728" lon="114.4167454541"><ele>69.70</ele><time>2018-10-11T07:46:44Z</time><extensions><gpxtpx:TrackPointExtension><gpxtpx:depth>0.00</gpxtpx:depth></gpxtpx:TrackPointExtension></extensions></trkpt><trkpt lat="36.7807592265" lon="114.4163914025"><ele>69.96</ele><time>2018-10-11T07:46:58Z</time><extensions><gpxtpx:TrackPointExtension><gpxtpx:depth>0.00</gpxtpx:depth></gpxtpx:TrackPointExtension></extensions></trkpt><trkpt lat="36.7807744816" lon="114.4160141330"><ele>70.11</ele><time>2018-10-11T07:47:12Z</time><extensions><gpxtpx:TrackPointExtension><gpxtpx:depth>0.00</gpxtpx:depth></gpxtpx:TrackPointExtension></extensions></trkpt><trkpt lat="36.7807649262" lon="114.4156619254"><ele>70.40</ele><time>2018-10-11T07:47:25Z</time><extensions><gpxtpx:TrackPointExtension><gpxtpx:depth>0.00</gpxtpx:depth></gpxtpx:TrackPointExtension></extensions></trkpt><trkpt lat="36.7807473242" lon="114.4153305050"><ele>70.71</ele><time>2018-10-11T07:47:38Z</time><extensions><gpxtpx:TrackPointExtension><gpxtpx:depth>0.00</gpxtpx:depth></gpxtpx:TrackPointExtension></extensions></trkpt><trkpt lat="36.7807402834" lon="114.4152494520"><ele>70.78</ele><time>2018-10-11T07:47:43Z</time><extensions><gpxtpx:TrackPointExtension><gpxtpx:depth>0.00</gpxtpx:depth></gpxtpx:TrackPointExtension></extensions></trkpt><trkpt lat="36.7803832144" lon="114.4151891861"><ele>70.81</ele><time>2018-10-11T07:47:55Z</time><extensions><gpxtpx:TrackPointExtension><gpxtpx:depth>0.00</gpxtpx:depth></gpxtpx:TrackPointExtension></extensions></trkpt><trkpt lat="36.7799456790" lon="114.4154097140"><ele>70.79</ele><time>2018-10-11T07:48:08Z</time><extensions><gpxtpx:TrackPointExtension><gpxtpx:depth>0.00</gpxtpx:depth></gpxtpx:TrackPointExtension></extensions></trkpt><trkpt lat="36.7794572655" lon="114.4156332593"><ele>70.75</ele><time>2018-10-11T07:48:22Z</time><extensions><gpxtpx:TrackPointExtension><gpxtpx:depth>0.00</gpxtpx:depth></gpxtpx:TrackPointExtension></extensions></trkpt><trkpt lat="36.7789344024" lon="114.4158658572"><ele>71.04</ele><time>2018-10-11T07:48:37Z</time><extensions><gpxtpx:TrackPointExtension><gpxtpx:depth>0.00</gpxtpx:depth></gpxtpx:TrackPointExtension></extensions></trkpt><trkpt lat="36.7782947794" lon="114.4161237683"><ele>71.32</ele><time>2018-10-11T07:48:55Z</time><extensions><gpxtpx:TrackPointExtension><gpxtpx:depth>0.00</gpxtpx:depth></gpxtpx:TrackPointExtension></extensions></trkpt><trkpt lat="36.7779007461" lon="114.4162573759"><ele>71.45</ele><time>2018-10-11T07:49:07Z</time><extensions><gpxtpx:TrackPointExtension><gpxtpx:depth>0.00</gpxtpx:depth></gpxtpx:TrackPointExtension></extensions></trkpt><trkpt lat="36.7774077225" lon="114.4163978565"><ele>71.55</ele><time>2018-10-11T07:49:21Z</time><extensions><gpxtpx:TrackPointExtension><gpxtpx:depth>0.00</gpxtpx:depth></gpxtpx:TrackPointExtension></extensions></trkpt><trkpt lat="36.7768639885" lon="114.4165318832"><ele>71.74</ele><time>2018-10-11T07:49:35Z</time><extensions><gpxtpx:TrackPointExtension><gpxtpx:depth>0.00</gpxtpx:depth></gpxtpx:TrackPointExtension></extensions></trkpt><trkpt lat="36.7763187457" lon="114.4166270178"><ele>72.09</ele><time>2018-10-11T07:49:52Z</time><extensions><gpxtpx:TrackPointExtension><gpxtpx:depth>0.00</gpxtpx:depth></gpxtpx:TrackPointExtension></extensions></trkpt><trkpt lat="36.7759879120" lon="114.4166665804"><ele>72.24</ele><time>2018-10-11T07:50:03Z</time><extensions><gpxtpx:TrackPointExtension><gpxtpx:depth>0.00</gpxtpx:depth></gpxtpx:TrackPointExtension></extensions></trkpt><trkpt lat="36.7755215429" lon="114.4167005271"><ele>72.42</ele><time>2018-10-11T07:50:16Z</time><extensions><gpxtpx:TrackPointExtension><gpxtpx:depth>0.00</gpxtpx:depth></gpxtpx:TrackPointExtension></extensions></trkpt><trkpt lat="36.7749928124" lon="114.4167312887"><ele>72.51</ele><time>2018-10-11T07:50:31Z</time><extensions><gpxtpx:TrackPointExtension><gpxtpx:depth>0.00</gpxtpx:depth></gpxtpx:TrackPointExtension></extensions></trkpt><trkpt lat="36.7743286304" lon="114.4168019481"><ele>72.79</ele><time>2018-10-11T07:50:49Z</time><extensions><gpxtpx:TrackPointExtension><gpxtpx:depth>0.00</gpxtpx:depth></gpxtpx:TrackPointExtension></extensions></trkpt><trkpt lat="36.7737346049" lon="114.4168422651"><ele>73.08</ele><time>2018-10-11T07:51:05Z</time><extensions><gpxtpx:TrackPointExtension><gpxtpx:depth>0.00</gpxtpx:depth></gpxtpx:TrackPointExtension></extensions></trkpt><trkpt lat="36.7731345445" lon="114.4169141818"><ele>73.24</ele><time>2018-10-11T07:51:21Z</time><extensions><gpxtpx:TrackPointExtension><gpxtpx:depth>0.00</gpxtpx:depth></gpxtpx:TrackPointExtension></extensions></trkpt><trkpt lat="36.7725043930" lon="114.4169674907"><ele>73.44</ele><time>2018-10-11T07:51:37Z</time><extensions><gpxtpx:TrackPointExtension><gpxtpx:depth>0.00</gpxtpx:depth></gpxtpx:TrackPointExtension></extensions></trkpt><trkpt lat="36.7719603237" lon="114.4170002639"><ele>73.38</ele><time>2018-10-11T07:51:50Z</time><extensions><gpxtpx:TrackPointExtension><gpxtpx:depth>0.00</gpxtpx:depth></gpxtpx:TrackPointExtension></extensions></trkpt><trkpt lat="36.7718029954" lon="114.4170150999"><ele>73.33</ele><time>2018-10-11T07:51:54Z</time><extensions><gpxtpx:TrackPointExtension><gpxtpx:depth>0.00</gpxtpx:depth></gpxtpx:TrackPointExtension></extensions></trkpt><trkpt lat="36.7716055177" lon="114.4170374796"><ele>73.30</ele><time>2018-10-11T07:51:59Z</time><extensions><gpxtpx:TrackPointExtension><gpxtpx:depth>0.00</gpxtpx:depth></gpxtpx:TrackPointExtension></extensions></trkpt><trkpt lat="36.7711081356" lon="114.4170818198"><ele>72.96</ele><time>2018-10-11T07:52:11Z</time><extensions><gpxtpx:TrackPointExtension><gpxtpx:depth>0.00</gpxtpx:depth></gpxtpx:TrackPointExtension></extensions></trkpt><trkpt lat="36.7707284354" lon="114.4171285909"><ele>72.66</ele><time>2018-10-11T07:52:20Z</time><extensions><gpxtpx:TrackPointExtension><gpxtpx:depth>0.00</gpxtpx:depth></gpxtpx:TrackPointExtension></extensions></trkpt><trkpt lat="36.7703194823" lon="114.4171403255"><ele>72.07</ele><time>2018-10-11T07:52:32Z</time><extensions><gpxtpx:TrackPointExtension><gpxtpx:depth>0.00</gpxtpx:depth></gpxtpx:TrackPointExtension></extensions></trkpt><trkpt lat="36.7697857227" lon="114.4171872642"><ele>71.79</ele><time>2018-10-11T07:52:46Z</time><extensions><gpxtpx:TrackPointExtension><gpxtpx:depth>0.00</gpxtpx:depth></gpxtpx:TrackPointExtension></extensions></trkpt><trkpt lat="36.7693510372" lon="114.4172209594"><ele>71.83</ele><time>2018-10-11T07:52:58Z</time><extensions><gpxtpx:TrackPointExtension><gpxtpx:depth>0.00</gpxtpx:depth></gpxtpx:TrackPointExtension></extensions></trkpt><trkpt lat="36.7691285815" lon="114.4172346219"><ele>71.80</ele><time>2018-10-11T07:53:04Z</time><extensions><gpxtpx:TrackPointExtension><gpxtpx:depth>0.00</gpxtpx:depth></gpxtpx:TrackPointExtension></extensions></trkpt><trkpt lat="36.7684805766" lon="114.4172878470"><ele>71.76</ele><time>2018-10-11T07:53:21Z</time><extensions><gpxtpx:TrackPointExtension><gpxtpx:depth>0.00</gpxtpx:depth></gpxtpx:TrackPointExtension></extensions></trkpt><trkpt lat="36.7680246849" lon="114.4173038565"><ele>71.65</ele><time>2018-10-11T07:53:35Z</time><extensions><gpxtpx:TrackPointExtension><gpxtpx:depth>0.00</gpxtpx:depth></gpxtpx:TrackPointExtension></extensions></trkpt><trkpt lat="36.7676948570" lon="114.4173391443"><ele>71.62</ele><time>2018-10-11T07:53:47Z</time><extensions><gpxtpx:TrackPointExtension><gpxtpx:depth>0.00</gpxtpx:depth></gpxtpx:TrackPointExtension></extensions></trkpt><trkpt lat="36.7673294060" lon="114.4173817243"><ele>71.80</ele><time>2018-10-11T07:54:01Z</time><extensions><gpxtpx:TrackPointExtension><gpxtpx:depth>0.00</gpxtpx:depth></gpxtpx:TrackPointExtension></extensions></trkpt><trkpt lat="36.7670269031" lon="114.4173987396"><ele>71.89</ele><time>2018-10-11T07:54:13Z</time><extensions><gpxtpx:TrackPointExtension><gpxtpx:depth>0.00</gpxtpx:depth></gpxtpx:TrackPointExtension></extensions></trkpt><trkpt lat="36.7667347938" lon="114.4174014218"><ele>71.94</ele><time>2018-10-11T07:54:26Z</time><extensions><gpxtpx:TrackPointExtension><gpxtpx:depth>0.00</gpxtpx:depth></gpxtpx:TrackPointExtension></extensions></trkpt><trkpt lat="36.7667373922" lon="114.4174014218"><ele>71.95</ele><time>2018-10-11T07:54:28Z</time><extensions><gpxtpx:TrackPointExtension><gpxtpx:depth>0.00</gpxtpx:depth></gpxtpx:TrackPointExtension></extensions></trkpt><trkpt lat="36.7666809820" lon="114.4174072053"><ele>72.11</ele><time>2018-10-11T07:54:46Z</time><extensions><gpxtpx:TrackPointExtension><gpxtpx:depth>0.00</gpxtpx:depth></gpxtpx:TrackPointExtension></extensions></trkpt><trkpt lat="36.7662866134" lon="114.4174420740"><ele>72.35</ele><time>2018-10-11T07:55:00Z</time><extensions><gpxtpx:TrackPointExtension><gpxtpx:depth>0.00</gpxtpx:depth></gpxtpx:TrackPointExtension></extensions></trkpt><trkpt lat="36.7658086773" lon="114.4174915273"><ele>72.53</ele><time>2018-10-11T07:55:16Z</time><extensions><gpxtpx:TrackPointExtension><gpxtpx:depth>0.00</gpxtpx:depth></gpxtpx:TrackPointExtension></extensions></trkpt><trkpt lat="36.7652516998" lon="114.4175309222"><ele>72.76</ele><time>2018-10-11T07:55:32Z</time><extensions><gpxtpx:TrackPointExtension><gpxtpx:depth>0.00</gpxtpx:depth></gpxtpx:TrackPointExtension></extensions></trkpt><trkpt lat="36.7647176888" lon="114.4175693113"><ele>73.34</ele><time>2018-10-11T07:55:48Z</time><extensions><gpxtpx:TrackPointExtension><gpxtpx:depth>0.00</gpxtpx:depth></gpxtpx:TrackPointExtension></extensions></trkpt><trkpt lat="36.7642027885" lon="114.4176067784"><ele>73.71</ele><time>2018-10-11T07:56:03Z</time><extensions><gpxtpx:TrackPointExtension><gpxtpx:depth>0.00</gpxtpx:depth></gpxtpx:TrackPointExtension></extensions></trkpt><trkpt lat="36.7638139520" lon="114.4176235422"><ele>73.83</ele><time>2018-10-11T07:56:15Z</time><extensions><gpxtpx:TrackPointExtension><gpxtpx:depth>0.00</gpxtpx:depth></gpxtpx:TrackPointExtension></extensions></trkpt><trkpt lat="36.7633408774" lon="114.4175970554"><ele>74.16</ele><time>2018-10-11T07:56:28Z</time><extensions><gpxtpx:TrackPointExtension><gpxtpx:depth>0.00</gpxtpx:depth></gpxtpx:TrackPointExtension></extensions></trkpt><trkpt lat="36.7628476024" lon="114.4175706524"><ele>74.46</ele><time>2018-10-11T07:56:42Z</time><extensions><gpxtpx:TrackPointExtension><gpxtpx:depth>0.00</gpxtpx:depth></gpxtpx:TrackPointExtension></extensions></trkpt><trkpt lat="36.7623528186" lon="114.4175134879"><ele>74.56</ele><time>2018-10-11T07:56:56Z</time><extensions><gpxtpx:TrackPointExtension><gpxtpx:depth>0.00</gpxtpx:depth></gpxtpx:TrackPointExtension></extensions></trkpt><trkpt lat="36.7618188076" lon="114.4174448401"><ele>74.97</ele><time>2018-10-11T07:57:13Z</time><extensions><gpxtpx:TrackPointExtension><gpxtpx:depth>0.00</gpxtpx:depth></gpxtpx:TrackPointExtension></extensions></trkpt><trkpt lat="36.7614396941" lon="114.4173760246"><ele>75.34</ele><time>2018-10-11T07:57:26Z</time><extensions><gpxtpx:TrackPointExtension><gpxtpx:depth>0.00</gpxtpx:depth></gpxtpx:TrackPointExtension></extensions></trkpt><trkpt lat="36.7609683797" lon="114.4173042756"><ele>75.87</ele><time>2018-10-11T07:57:41Z</time><extensions><gpxtpx:TrackPointExtension><gpxtpx:depth>0.00</gpxtpx:depth></gpxtpx:TrackPointExtension></extensions></trkpt><trkpt lat="36.7605457641" lon="114.4172452670"><ele>76.61</ele><time>2018-10-11T07:57:55Z</time><extensions><gpxtpx:TrackPointExtension><gpxtpx:depth>0.00</gpxtpx:depth></gpxtpx:TrackPointExtension></extensions></trkpt><trkpt lat="36.7601016909" lon="114.4171758648"><ele>77.27</ele><time>2018-10-11T07:58:10Z</time><extensions><gpxtpx:TrackPointExtension><gpxtpx:depth>0.00</gpxtpx:depth></gpxtpx:TrackPointExtension></extensions></trkpt><trkpt lat="36.7595851142" lon="114.4170975778"><ele>77.70</ele><time>2018-10-11T07:58:26Z</time><extensions><gpxtpx:TrackPointExtension><gpxtpx:depth>0.00</gpxtpx:depth></gpxtpx:TrackPointExtension></extensions></trkpt><trkpt lat="36.7588946968" lon="114.4169918820"><ele>77.69</ele><time>2018-10-11T07:58:45Z</time><extensions><gpxtpx:TrackPointExtension><gpxtpx:depth>0.00</gpxtpx:depth></gpxtpx:TrackPointExtension></extensions></trkpt><trkpt lat="36.7582056206" lon="114.4168766309"><ele>77.62</ele><time>2018-10-11T07:59:05Z</time><extensions><gpxtpx:TrackPointExtension><gpxtpx:depth>0.00</gpxtpx:depth></gpxtpx:TrackPointExtension></extensions></trkpt><trkpt lat="36.7575335596" lon="114.4167627208"><ele>77.97</ele><time>2018-10-11T07:59:23Z</time><extensions><gpxtpx:TrackPointExtension><gpxtpx:depth>0.00</gpxtpx:depth></gpxtpx:TrackPointExtension></extensions></trkpt><trkpt lat="36.7571932543" lon="114.4166891277"><ele>78.02</ele><time>2018-10-11T07:59:34Z</time><extensions><gpxtpx:TrackPointExtension><gpxtpx:depth>0.00</gpxtpx:depth></gpxtpx:TrackPointExtension></extensions></trkpt><trkpt lat="36.7566708103" lon="114.4166274369"><ele>78.63</ele><time>2018-10-11T07:59:49Z</time><extensions><gpxtpx:TrackPointExtension><gpxtpx:depth>0.00</gpxtpx:depth></gpxtpx:TrackPointExtension></extensions></trkpt><trkpt lat="36.7562901881" lon="114.4165607169"><ele>79.42</ele><time>2018-10-11T08:00:02Z</time><extensions><gpxtpx:TrackPointExtension><gpxtpx:depth>0.00</gpxtpx:depth></gpxtpx:TrackPointExtension></extensions></trkpt><trkpt lat="36.7558846716" lon="114.4164869562"><ele>79.79</ele><time>2018-10-11T08:00:15Z</time><extensions><gpxtpx:TrackPointExtension><gpxtpx:depth>0.00</gpxtpx:depth></gpxtpx:TrackPointExtension></extensions></trkpt><trkpt lat="36.7555347271" lon="114.4164256006"><ele>80.44</ele><time>2018-10-11T08:00:27Z</time><extensions><gpxtpx:TrackPointExtension><gpxtpx:depth>0.00</gpxtpx:depth></gpxtpx:TrackPointExtension></extensions></trkpt><trkpt lat="36.7550736386" lon="114.4163633231"><ele>81.41</ele><time>2018-10-11T08:00:43Z</time><extensions><gpxtpx:TrackPointExtension><gpxtpx:depth>0.00</gpxtpx:depth></gpxtpx:TrackPointExtension></extensions></trkpt><trkpt lat="36.7547099479" lon="114.4163096789"><ele>82.33</ele><time>2018-10-11T08:00:56Z</time><extensions><gpxtpx:TrackPointExtension><gpxtpx:depth>0.00</gpxtpx:depth></gpxtpx:TrackPointExtension></extensions></trkpt><trkpt lat="36.7542863265" lon="114.4162482396"><ele>83.58</ele><time>2018-10-11T08:01:12Z</time><extensions><gpxtpx:TrackPointExtension><gpxtpx:depth>0.00</gpxtpx:depth></gpxtpx:TrackPointExtension></extensions></trkpt><trkpt lat="36.7539624497" lon="114.4162142929"><ele>85.16</ele><time>2018-10-11T08:01:25Z</time><extensions><gpxtpx:TrackPointExtension><gpxtpx:depth>0.00</gpxtpx:depth></gpxtpx:TrackPointExtension></extensions></trkpt><trkpt lat="36.7536026146" lon="114.4161664322"><ele>85.97</ele><time>2018-10-11T08:01:39Z</time><extensions><gpxtpx:TrackPointExtension><gpxtpx:depth>0.00</gpxtpx:depth></gpxtpx:TrackPointExtension></extensions></trkpt><trkpt lat="36.7532161251" lon="114.4161039870"><ele>87.03</ele><time>2018-10-11T08:01:55Z</time><extensions><gpxtpx:TrackPointExtension><gpxtpx:depth>0.00</gpxtpx:depth></gpxtpx:TrackPointExtension></extensions></trkpt><trkpt lat="36.7528869677" lon="114.4160486665"><ele>87.96</ele><time>2018-10-11T08:02:09Z</time><extensions><gpxtpx:TrackPointExtension><gpxtpx:depth>0.00</gpxtpx:depth></gpxtpx:TrackPointExtension></extensions></trkpt><trkpt lat="36.7525687907" lon="114.4159235246"><ele>89.06</ele><time>2018-10-11T08:02:24Z</time><extensions><gpxtpx:TrackPointExtension><gpxtpx:depth>0.00</gpxtpx:depth></gpxtpx:TrackPointExtension></extensions></trkpt><trkpt lat="36.7525238637" lon="114.4159025699"><ele>89.32</ele><time>2018-10-11T08:02:31Z</time><extensions><gpxtpx:TrackPointExtension><gpxtpx:depth>0.00</gpxtpx:depth></gpxtpx:TrackPointExtension></extensions></trkpt><trkpt lat="36.7524702195" lon="114.4158767536"><ele>89.34</ele><time>2018-10-11T08:03:50Z</time><extensions><gpxtpx:TrackPointExtension><gpxtpx:depth>0.00</gpxtpx:depth></gpxtpx:TrackPointExtension></extensions></trkpt><trkpt lat="36.7521820497" lon="114.4156230334"><ele>89.84</ele><time>2018-10-11T08:04:03Z</time><extensions><gpxtpx:TrackPointExtension><gpxtpx:depth>0.00</gpxtpx:depth></gpxtpx:TrackPointExtension></extensions></trkpt><trkpt lat="36.7518453486" lon="114.4153183512"><ele>91.95</ele><time>2018-10-11T08:04:21Z</time><extensions><gpxtpx:TrackPointExtension><gpxtpx:depth>0.00</gpxtpx:depth></gpxtpx:TrackPointExtension></extensions></trkpt><trkpt lat="36.7516145948" lon="114.4151078817"><ele>92.76</ele><time>2018-10-11T08:04:34Z</time><extensions><gpxtpx:TrackPointExtension><gpxtpx:depth>0.00</gpxtpx:depth></gpxtpx:TrackPointExtension></extensions></trkpt><trkpt lat="36.7513369024" lon="114.4148570113"><ele>93.26</ele><time>2018-10-11T08:04:47Z</time><extensions><gpxtpx:TrackPointExtension><gpxtpx:depth>0.00</gpxtpx:depth></gpxtpx:TrackPointExtension></extensions></trkpt><trkpt lat="36.7510169651" lon="114.4145422708"><ele>93.83</ele><time>2018-10-11T08:05:03Z</time><extensions><gpxtpx:TrackPointExtension><gpxtpx:depth>0.00</gpxtpx:depth></gpxtpx:TrackPointExtension></extensions></trkpt><trkpt lat="36.7507094331" lon="114.4141439628"><ele>94.62</ele><time>2018-10-11T08:05:18Z</time><extensions><gpxtpx:TrackPointExtension><gpxtpx:depth>0.00</gpxtpx:depth></gpxtpx:TrackPointExtension></extensions></trkpt><trkpt lat="36.7504570540" lon="114.4137779251"><ele>95.42</ele><time>2018-10-11T08:05:31Z</time><extensions><gpxtpx:TrackPointExtension><gpxtpx:depth>0.00</gpxtpx:depth></gpxtpx:TrackPointExtension></extensions></trkpt><trkpt lat="36.7502444051" lon="114.4134514499"><ele>96.56</ele><time>2018-10-11T08:05:45Z</time><extensions><gpxtpx:TrackPointExtension><gpxtpx:depth>0.00</gpxtpx:depth></gpxtpx:TrackPointExtension></extensions></trkpt><trkpt lat="36.7500523757" lon="114.4131233823"><ele>97.47</ele><time>2018-10-11T08:05:58Z</time><extensions><gpxtpx:TrackPointExtension><gpxtpx:depth>0.00</gpxtpx:depth></gpxtpx:TrackPointExtension></extensions></trkpt><trkpt lat="36.7499300838" lon="114.4126265030"><ele>98.85</ele><time>2018-10-11T08:06:14Z</time><extensions><gpxtpx:TrackPointExtension><gpxtpx:depth>0.00</gpxtpx:depth></gpxtpx:TrackPointExtension></extensions></trkpt><trkpt lat="36.7498831451" lon="114.4122343976"><ele>99.99</ele><time>2018-10-11T08:06:26Z</time><extensions><gpxtpx:TrackPointExtension><gpxtpx:depth>0.00</gpxtpx:depth></gpxtpx:TrackPointExtension></extensions></trkpt><trkpt lat="36.7498248070" lon="114.4116983749"><ele>101.54</ele><time>2018-10-11T08:06:44Z</time><extensions><gpxtpx:TrackPointExtension><gpxtpx:depth>0.00</gpxtpx:depth></gpxtpx:TrackPointExtension></extensions></trkpt><trkpt lat="36.7497969791" lon="114.4112014957"><ele>102.40</ele><time>2018-10-11T08:07:01Z</time><extensions><gpxtpx:TrackPointExtension><gpxtpx:depth>0.00</gpxtpx:depth></gpxtpx:TrackPointExtension></extensions></trkpt><trkpt lat="36.7497301754" lon="114.4106654730"><ele>103.10</ele><time>2018-10-11T08:07:15Z</time><extensions><gpxtpx:TrackPointExtension><gpxtpx:depth>0.00</gpxtpx:depth></gpxtpx:TrackPointExtension></extensions></trkpt><trkpt lat="36.7496818118" lon="114.4101708569"><ele>103.80</ele><time>2018-10-11T08:07:30Z</time><extensions><gpxtpx:TrackPointExtension><gpxtpx:depth>0.00</gpxtpx:depth></gpxtpx:TrackPointExtension></extensions></trkpt><trkpt lat="36.7493708432" lon="114.4097831938"><ele>103.99</ele><time>2018-10-11T08:07:43Z</time><extensions><gpxtpx:TrackPointExtension><gpxtpx:depth>0.00</gpxtpx:depth></gpxtpx:TrackPointExtension></extensions></trkpt><trkpt lat="36.7489421926" lon="114.4097490795"><ele>104.11</ele><time>2018-10-11T08:07:57Z</time><extensions><gpxtpx:TrackPointExtension><gpxtpx:depth>0.00</gpxtpx:depth></gpxtpx:TrackPointExtension></extensions></trkpt><trkpt lat="36.7484249454" lon="114.4097334053"><ele>104.09</ele><time>2018-10-11T08:08:11Z</time><extensions><gpxtpx:TrackPointExtension><gpxtpx:depth>0.00</gpxtpx:depth></gpxtpx:TrackPointExtension></extensions></trkpt><trkpt lat="36.7477689777" lon="114.4096889812"><ele>104.49</ele><time>2018-10-11T08:08:26Z</time><extensions><gpxtpx:TrackPointExtension><gpxtpx:depth>0.00</gpxtpx:depth></gpxtpx:TrackPointExtension></extensions></trkpt><trkpt lat="36.7472935561" lon="114.4096672721"><ele>105.08</ele><time>2018-10-11T08:08:40Z</time><extensions><gpxtpx:TrackPointExtension><gpxtpx:depth>0.00</gpxtpx:depth></gpxtpx:TrackPointExtension></extensions></trkpt><trkpt lat="36.7467599642" lon="114.4096641708"><ele>105.51</ele><time>2018-10-11T08:08:54Z</time><extensions><gpxtpx:TrackPointExtension><gpxtpx:depth>0.00</gpxtpx:depth></gpxtpx:TrackPointExtension></extensions></trkpt><trkpt lat="36.7462282162" lon="114.4096256141"><ele>106.91</ele><time>2018-10-11T08:09:09Z</time><extensions><gpxtpx:TrackPointExtension><gpxtpx:depth>0.00</gpxtpx:depth></gpxtpx:TrackPointExtension></extensions></trkpt><trkpt lat="36.7457559798" lon="114.4095044956"><ele>107.67</ele><time>2018-10-11T08:09:23Z</time><extensions><gpxtpx:TrackPointExtension><gpxtpx:depth>0.00</gpxtpx:depth></gpxtpx:TrackPointExtension></extensions></trkpt><trkpt lat="36.7452264950" lon="114.4093487598"><ele>108.34</ele><time>2018-10-11T08:09:37Z</time><extensions><gpxtpx:TrackPointExtension><gpxtpx:depth>0.00</gpxtpx:depth></gpxtpx:TrackPointExtension></extensions></trkpt><trkpt lat="36.7446277756" lon="114.4089472666"><ele>108.83</ele><time>2018-10-11T08:09:53Z</time><extensions><gpxtpx:TrackPointExtension><gpxtpx:depth>0.00</gpxtpx:depth></gpxtpx:TrackPointExtension></extensions></trkpt><trkpt lat="36.7442637496" lon="114.4086450152"><ele>109.01</ele><time>2018-10-11T08:10:03Z</time><extensions><gpxtpx:TrackPointExtension><gpxtpx:depth>0.00</gpxtpx:depth></gpxtpx:TrackPointExtension></extensions></trkpt><trkpt lat="36.7439065967" lon="114.4083771296"><ele>109.43</ele><time>2018-10-11T08:10:15Z</time><extensions><gpxtpx:TrackPointExtension><gpxtpx:depth>0.00</gpxtpx:depth></gpxtpx:TrackPointExtension></extensions></trkpt><trkpt lat="36.7434564047" lon="114.4080269337"><ele>109.58</ele><time>2018-10-11T08:10:29Z</time><extensions><gpxtpx:TrackPointExtension><gpxtpx:depth>0.00</gpxtpx:depth></gpxtpx:TrackPointExtension></extensions></trkpt><trkpt lat="36.7428253312" lon="114.4074972812"><ele>109.97</ele><time>2018-10-11T08:10:49Z</time><extensions><gpxtpx:TrackPointExtension><gpxtpx:depth>0.00</gpxtpx:depth></gpxtpx:TrackPointExtension></extensions></trkpt><trkpt lat="36.7424782366" lon="114.4071263820"><ele>110.34</ele><time>2018-10-11T08:11:02Z</time><extensions><gpxtpx:TrackPointExtension><gpxtpx:depth>0.00</gpxtpx:depth></gpxtpx:TrackPointExtension></extensions></trkpt><trkpt lat="36.7421837803" lon="114.4066797104"><ele>110.71</ele><time>2018-10-11T08:11:16Z</time><extensions><gpxtpx:TrackPointExtension><gpxtpx:depth>0.00</gpxtpx:depth></gpxtpx:TrackPointExtension></extensions></trkpt><trkpt lat="36.7419950198" lon="114.4061902072"><ele>110.85</ele><time>2018-10-11T08:11:29Z</time><extensions><gpxtpx:TrackPointExtension><gpxtpx:depth>0.00</gpxtpx:depth></gpxtpx:TrackPointExtension></extensions></trkpt><trkpt lat="36.7417580634" lon="114.4054346625"><ele>111.00</ele><time>2018-10-11T08:11:46Z</time><extensions><gpxtpx:TrackPointExtension><gpxtpx:depth>0.00</gpxtpx:depth></gpxtpx:TrackPointExtension></extensions></trkpt><trkpt lat="36.7416106258" lon="114.4049355201"><ele>111.24</ele><time>2018-10-11T08:12:00Z</time><extensions><gpxtpx:TrackPointExtension><gpxtpx:depth>0.00</gpxtpx:depth></gpxtpx:TrackPointExtension></extensions></trkpt><trkpt lat="36.7414525431" lon="114.4044313487"><ele>111.44</ele><time>2018-10-11T08:12:16Z</time><extensions><gpxtpx:TrackPointExtension><gpxtpx:depth>0.00</gpxtpx:depth></gpxtpx:TrackPointExtension></extensions></trkpt><trkpt lat="36.7413015850" lon="114.4039902091"><ele>111.50</ele><time>2018-10-11T08:12:30Z</time><extensions><gpxtpx:TrackPointExtension><gpxtpx:depth>0.00</gpxtpx:depth></gpxtpx:TrackPointExtension></extensions></trkpt><trkpt lat="36.7411350366" lon="114.4034595508"><ele>111.78</ele><time>2018-10-11T08:12:45Z</time><extensions><gpxtpx:TrackPointExtension><gpxtpx:depth>0.00</gpxtpx:depth></gpxtpx:TrackPointExtension></extensions></trkpt><trkpt lat="36.7410180252" lon="114.4030380249"><ele>111.89</ele><time>2018-10-11T08:12:57Z</time><extensions><gpxtpx:TrackPointExtension><gpxtpx:depth>0.00</gpxtpx:depth></gpxtpx:TrackPointExtension></extensions></trkpt><trkpt lat="36.7408048734" lon="114.4024411496"><ele>112.25</ele><time>2018-10-11T08:13:12Z</time><extensions><gpxtpx:TrackPointExtension><gpxtpx:depth>0.00</gpxtpx:depth></gpxtpx:TrackPointExtension></extensions></trkpt><trkpt lat="36.7405235767" lon="114.4018870220"><ele>112.51</ele><time>2018-10-11T08:13:26Z</time><extensions><gpxtpx:TrackPointExtension><gpxtpx:depth>0.00</gpxtpx:depth></gpxtpx:TrackPointExtension></extensions></trkpt><trkpt lat="36.7402079981" lon="114.4014767278"><ele>112.53</ele><time>2018-10-11T08:13:38Z</time><extensions><gpxtpx:TrackPointExtension><gpxtpx:depth>0.00</gpxtpx:depth></gpxtpx:TrackPointExtension></extensions></trkpt><trkpt lat="36.7397024017" lon="114.4010870531"><ele>111.83</ele><time>2018-10-11T08:13:51Z</time><extensions><gpxtpx:TrackPointExtension><gpxtpx:depth>0.00</gpxtpx:depth></gpxtpx:TrackPointExtension></extensions></trkpt><trkpt lat="36.7395582329" lon="114.4010088500"><ele>111.42</ele><time>2018-10-11T08:13:54Z</time><extensions><gpxtpx:TrackPointExtension><gpxtpx:depth>0.00</gpxtpx:depth></gpxtpx:TrackPointExtension></extensions></trkpt><trkpt lat="36.7387205455" lon="114.4007626735"><ele>108.85</ele><time>2018-10-11T08:14:09Z</time><extensions><gpxtpx:TrackPointExtension><gpxtpx:depth>0.00</gpxtpx:depth></gpxtpx:TrackPointExtension></extensions></trkpt><trkpt lat="36.7380440421" lon="114.4005702250"><ele>106.45</ele><time>2018-10-11T08:14:25Z</time><extensions><gpxtpx:TrackPointExtension><gpxtpx:depth>0.00</gpxtpx:depth></gpxtpx:TrackPointExtension></extensions></trkpt><trkpt lat="36.7375482526" lon="114.4004219491"><ele>106.59</ele><time>2018-10-11T08:14:39Z</time><extensions><gpxtpx:TrackPointExtension><gpxtpx:depth>0.00</gpxtpx:depth></gpxtpx:TrackPointExtension></extensions></trkpt><trkpt lat="36.7371757608" lon="114.4000867568"><ele>107.78</ele><time>2018-10-11T08:14:54Z</time><extensions><gpxtpx:TrackPointExtension><gpxtpx:depth>0.00</gpxtpx:depth></gpxtpx:TrackPointExtension></extensions></trkpt><trkpt lat="36.7369500361" lon="114.3997107446"><ele>109.27</ele><time>2018-10-11T08:15:08Z</time><extensions><gpxtpx:TrackPointExtension><gpxtpx:depth>0.00</gpxtpx:depth></gpxtpx:TrackPointExtension></extensions></trkpt><trkpt lat="36.7367001716" lon="114.3994314596"><ele>110.06</ele><time>2018-10-11T08:15:19Z</time><extensions><gpxtpx:TrackPointExtension><gpxtpx:depth>0.00</gpxtpx:depth></gpxtpx:TrackPointExtension></extensions></trkpt><trkpt lat="36.7366823182" lon="114.3994047213"><ele>110.10</ele><time>2018-10-11T08:15:20Z</time><extensions><gpxtpx:TrackPointExtension><gpxtpx:depth>0.00</gpxtpx:depth></gpxtpx:TrackPointExtension></extensions></trkpt><trkpt lat="36.7366606928" lon="114.3993724510"><ele>110.13</ele><time>2018-10-11T08:15:21Z</time><extensions><gpxtpx:TrackPointExtension><gpxtpx:depth>0.00</gpxtpx:depth></gpxtpx:TrackPointExtension></extensions></trkpt><trkpt lat="36.7364502233" lon="114.3990731332"><ele>111.32</ele><time>2018-10-11T08:15:33Z</time><extensions><gpxtpx:TrackPointExtension><gpxtpx:depth>0.00</gpxtpx:depth></gpxtpx:TrackPointExtension></extensions></trkpt><trkpt lat="36.7364373151" lon="114.3990511727"><ele>111.40</ele><time>2018-10-11T08:15:34Z</time><extensions><gpxtpx:TrackPointExtension><gpxtpx:depth>0.00</gpxtpx:depth></gpxtpx:TrackPointExtension></extensions></trkpt><trkpt lat="36.7362488061" lon="114.3987441435"><ele>112.08</ele><time>2018-10-11T08:15:46Z</time><extensions><gpxtpx:TrackPointExtension><gpxtpx:depth>0.00</gpxtpx:depth></gpxtpx:TrackPointExtension></extensions></trkpt><trkpt lat="36.7360007856" lon="114.3984135613"><ele>112.86</ele><time>2018-10-11T08:16:00Z</time><extensions><gpxtpx:TrackPointExtension><gpxtpx:depth>0.00</gpxtpx:depth></gpxtpx:TrackPointExtension></extensions></trkpt><trkpt lat="36.7358121928" lon="114.3981100526"><ele>113.55</ele><time>2018-10-11T08:16:11Z</time><extensions><gpxtpx:TrackPointExtension><gpxtpx:depth>0.00</gpxtpx:depth></gpxtpx:TrackPointExtension></extensions></trkpt><trkpt lat="36.7356225941" lon="114.3978388980"><ele>114.06</ele><time>2018-10-11T08:16:20Z</time><extensions><gpxtpx:TrackPointExtension><gpxtpx:depth>0.00</gpxtpx:depth></gpxtpx:TrackPointExtension></extensions></trkpt><trkpt lat="36.7353640124" lon="114.3975195475"><ele>114.56</ele><time>2018-10-11T08:16:31Z</time><extensions><gpxtpx:TrackPointExtension><gpxtpx:depth>0.00</gpxtpx:depth></gpxtpx:TrackPointExtension></extensions></trkpt><trkpt lat="36.7350520380" lon="114.3971190602"><ele>114.97</ele><time>2018-10-11T08:16:45Z</time><extensions><gpxtpx:TrackPointExtension><gpxtpx:depth>0.00</gpxtpx:depth></gpxtpx:TrackPointExtension></extensions></trkpt><trkpt lat="36.7347576655" lon="114.3966614921"><ele>115.39</ele><time>2018-10-11T08:17:02Z</time><extensions><gpxtpx:TrackPointExtension><gpxtpx:depth>0.00</gpxtpx:depth></gpxtpx:TrackPointExtension></extensions></trkpt><trkpt lat="36.7346994113" lon="114.3963784352"><ele>115.84</ele><time>2018-10-11T08:17:13Z</time><extensions><gpxtpx:TrackPointExtension><gpxtpx:depth>0.00</gpxtpx:depth></gpxtpx:TrackPointExtension></extensions></trkpt><trkpt lat="36.7346847430" lon="114.3963645212"><ele>115.87</ele><time>2018-10-11T08:17:14Z</time><extensions><gpxtpx:TrackPointExtension><gpxtpx:depth>0.00</gpxtpx:depth></gpxtpx:TrackPointExtension></extensions></trkpt><trkpt lat="36.7346314341" lon="114.3963381182"><ele>115.98</ele><time>2018-10-11T08:17:21Z</time><extensions><gpxtpx:TrackPointExtension><gpxtpx:depth>0.00</gpxtpx:depth></gpxtpx:TrackPointExtension></extensions></trkpt><trkpt lat="36.7345643789" lon="114.3962731585"><ele>116.23</ele><time>2018-10-11T08:18:35Z</time><extensions><gpxtpx:TrackPointExtension><gpxtpx:depth>0.00</gpxtpx:depth></gpxtpx:TrackPointExtension></extensions></trkpt><trkpt lat="36.7343690805" lon="114.3960864935"><ele>116.71</ele><time>2018-10-11T08:18:47Z</time><extensions><gpxtpx:TrackPointExtension><gpxtpx:depth>0.00</gpxtpx:depth></gpxtpx:TrackPointExtension></extensions></trkpt><trkpt lat="36.7341042124" lon="114.3957101461"><ele>117.45</ele><time>2018-10-11T08:19:03Z</time><extensions><gpxtpx:TrackPointExtension><gpxtpx:depth>0.00</gpxtpx:depth></gpxtpx:TrackPointExtension></extensions></trkpt><trkpt lat="36.7338281963" lon="114.3952986784"><ele>118.23</ele><time>2018-10-11T08:19:19Z</time><extensions><gpxtpx:TrackPointExtension><gpxtpx:depth>0.00</gpxtpx:depth></gpxtpx:TrackPointExtension></extensions></trkpt><trkpt lat="36.7336507514" lon="114.3950391747"><ele>118.51</ele><time>2018-10-11T08:19:29Z</time><extensions><gpxtpx:TrackPointExtension><gpxtpx:depth>0.00</gpxtpx:depth></gpxtpx:TrackPointExtension></extensions></trkpt><trkpt lat="36.7334606498" lon="114.3948057387"><ele>119.12</ele><time>2018-10-11T08:19:39Z</time><extensions><gpxtpx:TrackPointExtension><gpxtpx:depth>0.00</gpxtpx:depth></gpxtpx:TrackPointExtension></extensions></trkpt><trkpt lat="36.7334439699" lon="114.3948006257"><ele>119.30</ele><time>2018-10-11T08:19:40Z</time><extensions><gpxtpx:TrackPointExtension><gpxtpx:depth>0.00</gpxtpx:depth></gpxtpx:TrackPointExtension></extensions></trkpt><trkpt lat="36.7334262002" lon="114.3948038947"><ele>119.38</ele><time>2018-10-11T08:19:41Z</time><extensions><gpxtpx:TrackPointExtension><gpxtpx:depth>0.00</gpxtpx:depth></gpxtpx:TrackPointExtension></extensions></trkpt><trkpt lat="36.7334090173" lon="114.3948085885"><ele>119.43</ele><time>2018-10-11T08:19:42Z</time><extensions><gpxtpx:TrackPointExtension><gpxtpx:depth>0.00</gpxtpx:depth></gpxtpx:TrackPointExtension></extensions></trkpt><trkpt lat="36.7333924212" lon="114.3948054872"><ele>119.47</ele><time>2018-10-11T08:19:43Z</time><extensions><gpxtpx:TrackPointExtension><gpxtpx:depth>0.00</gpxtpx:depth></gpxtpx:TrackPointExtension></extensions></trkpt><trkpt lat="36.7333758250" lon="114.3947976921"><ele>119.51</ele><time>2018-10-11T08:19:44Z</time><extensions><gpxtpx:TrackPointExtension><gpxtpx:depth>0.00</gpxtpx:depth></gpxtpx:TrackPointExtension></extensions></trkpt><trkpt lat="36.7333683651" lon="114.3947887234"><ele>119.55</ele><time>2018-10-11T08:19:45Z</time><extensions><gpxtpx:TrackPointExtension><gpxtpx:depth>0.00</gpxtpx:depth></gpxtpx:TrackPointExtension></extensions></trkpt><trkpt lat="36.7333557922" lon="114.3947582971"><ele>119.80</ele><time>2018-10-11T08:19:53Z</time><extensions><gpxtpx:TrackPointExtension><gpxtpx:depth>0.00</gpxtpx:depth></gpxtpx:TrackPointExtension></extensions></trkpt><trkpt lat="36.7332866415" lon="114.3947004620"><ele>119.82</ele><time>2018-10-11T08:22:57Z</time><extensions><gpxtpx:TrackPointExtension><gpxtpx:depth>0.00</gpxtpx:depth></gpxtpx:TrackPointExtension></extensions></trkpt><trkpt lat="36.7331396230" lon="114.3943954445"><ele>120.15</ele><time>2018-10-11T08:23:10Z</time><extensions><gpxtpx:TrackPointExtension><gpxtpx:depth>0.00</gpxtpx:depth></gpxtpx:TrackPointExtension></extensions></trkpt><trkpt lat="36.7329199333" lon="114.3940486014"><ele>120.74</ele><time>2018-10-11T08:23:23Z</time><extensions><gpxtpx:TrackPointExtension><gpxtpx:depth>0.00</gpxtpx:depth></gpxtpx:TrackPointExtension></extensions></trkpt><trkpt lat="36.7326133233" lon="114.3936555739"><ele>121.65</ele><time>2018-10-11T08:23:39Z</time><extensions><gpxtpx:TrackPointExtension><gpxtpx:depth>0.00</gpxtpx:depth></gpxtpx:TrackPointExtension></extensions></trkpt><trkpt lat="36.7323945556" lon="114.3933045398"><ele>122.38</ele><time>2018-10-11T08:23:53Z</time><extensions><gpxtpx:TrackPointExtension><gpxtpx:depth>0.00</gpxtpx:depth></gpxtpx:TrackPointExtension></extensions></trkpt><trkpt lat="36.7321242392" lon="114.3929119315"><ele>122.91</ele><time>2018-10-11T08:24:07Z</time><extensions><gpxtpx:TrackPointExtension><gpxtpx:depth>0.00</gpxtpx:depth></gpxtpx:TrackPointExtension></extensions></trkpt><trkpt lat="36.7318402603" lon="114.3925261963"><ele>123.66</ele><time>2018-10-11T08:24:22Z</time><extensions><gpxtpx:TrackPointExtension><gpxtpx:depth>0.00</gpxtpx:depth></gpxtpx:TrackPointExtension></extensions></trkpt><trkpt lat="36.7316272762" lon="114.3922150601"><ele>124.81</ele><time>2018-10-11T08:24:37Z</time><extensions><gpxtpx:TrackPointExtension><gpxtpx:depth>0.00</gpxtpx:depth></gpxtpx:TrackPointExtension></extensions></trkpt><trkpt lat="36.7316092551" lon="114.3921132199"><ele>125.03</ele><time>2018-10-11T08:24:47Z</time><extensions><gpxtpx:TrackPointExtension><gpxtpx:depth>0.00</gpxtpx:depth></gpxtpx:TrackPointExtension></extensions></trkpt><trkpt lat="36.7316654138" lon="114.3919016607"><ele>124.77</ele><time>2018-10-11T08:25:22Z</time><extensions><gpxtpx:TrackPointExtension><gpxtpx:depth>0.00</gpxtpx:depth></gpxtpx:TrackPointExtension></extensions></trkpt><trkpt lat="36.7317136098" lon="114.3918141536"><ele>124.09</ele><time>2018-10-11T08:25:31Z</time><extensions><gpxtpx:TrackPointExtension><gpxtpx:depth>0.00</gpxtpx:depth></gpxtpx:TrackPointExtension></extensions></trkpt><trkpt lat="36.7317742109" lon="114.3917260598"><ele>123.79</ele><time>2018-10-11T08:26:01Z</time><extensions><gpxtpx:TrackPointExtension><gpxtpx:depth>0.00</gpxtpx:depth></gpxtpx:TrackPointExtension></extensions></trkpt><trkpt lat="36.7317818385" lon="114.3917390518"><ele>123.77</ele><time>2018-10-11T08:26:02Z</time><extensions><gpxtpx:TrackPointExtension><gpxtpx:depth>0.00</gpxtpx:depth></gpxtpx:TrackPointExtension></extensions></trkpt><trkpt lat="36.7318426911" lon="114.3918552250"><ele>123.78</ele><time>2018-10-11T08:26:11Z</time><extensions><gpxtpx:TrackPointExtension><gpxtpx:depth>0.00</gpxtpx:depth></gpxtpx:TrackPointExtension></extensions></trkpt><trkpt lat="36.7319069803" lon="114.3918395508"><ele>124.13</ele><time>2018-10-11T08:26:15Z</time><extensions><gpxtpx:TrackPointExtension><gpxtpx:depth>0.00</gpxtpx:depth></gpxtpx:TrackPointExtension></extensions></trkpt><trkpt lat="36.7319210619" lon="114.3918130640"><ele>124.96</ele><time>2018-10-11T08:26:25Z</time><extensions><gpxtpx:TrackPointExtension><gpxtpx:depth>0.00</gpxtpx:depth></gpxtpx:TrackPointExtension></extensions></trkpt><trkpt lat="36.7318151984" lon="114.3918272294"><ele>125.26</ele><time>2018-10-11T08:35:41Z</time><extensions><gpxtpx:TrackPointExtension><gpxtpx:depth>0.00</gpxtpx:depth></gpxtpx:TrackPointExtension></extensions></trkpt><trkpt lat="36.7317899689" lon="114.3917801231"><ele>125.29</ele><time>2018-10-11T08:35:45Z</time><extensions><gpxtpx:TrackPointExtension><gpxtpx:depth>0.00</gpxtpx:depth></gpxtpx:TrackPointExtension></extensions></trkpt><trkpt lat="36.7317509931" lon="114.3916714936"><ele>125.29</ele><time>2018-10-11T08:35:51Z</time><extensions><gpxtpx:TrackPointExtension><gpxtpx:depth>0.00</gpxtpx:depth></gpxtpx:TrackPointExtension></extensions></trkpt><trkpt lat="36.7316824291" lon="114.3918685522"><ele>124.45</ele><time>2018-10-11T08:36:01Z</time><extensions><gpxtpx:TrackPointExtension><gpxtpx:depth>0.00</gpxtpx:depth></gpxtpx:TrackPointExtension></extensions></trkpt><trkpt lat="36.7316919006" lon="114.3919599149"><ele>124.49</ele><time>2018-10-11T08:36:06Z</time><extensions><gpxtpx:TrackPointExtension><gpxtpx:depth>0.00</gpxtpx:depth></gpxtpx:TrackPointExtension></extensions></trkpt><trkpt lat="36.7316605523" lon="114.3922288902"><ele>125.14</ele><time>2018-10-11T08:36:17Z</time><extensions><gpxtpx:TrackPointExtension><gpxtpx:depth>0.00</gpxtpx:depth></gpxtpx:TrackPointExtension></extensions></trkpt><trkpt lat="36.7314951774" lon="114.3923057523"><ele>125.60</ele><time>2018-10-11T08:36:25Z</time><extensions><gpxtpx:TrackPointExtension><gpxtpx:depth>0.00</gpxtpx:depth></gpxtpx:TrackPointExtension></extensions></trkpt><trkpt lat="36.7311770841" lon="114.3922398705"><ele>126.10</ele><time>2018-10-11T08:36:37Z</time><extensions><gpxtpx:TrackPointExtension><gpxtpx:depth>0.00</gpxtpx:depth></gpxtpx:TrackPointExtension></extensions></trkpt><trkpt lat="36.7308618408" lon="114.3921885733"><ele>126.60</ele><time>2018-10-11T08:36:49Z</time><extensions><gpxtpx:TrackPointExtension><gpxtpx:depth>0.00</gpxtpx:depth></gpxtpx:TrackPointExtension></extensions></trkpt><trkpt lat="36.7305264808" lon="114.3921583146"><ele>127.14</ele><time>2018-10-11T08:37:01Z</time><extensions><gpxtpx:TrackPointExtension><gpxtpx:depth>0.00</gpxtpx:depth></gpxtpx:TrackPointExtension></extensions></trkpt><trkpt lat="36.7301653046" lon="114.3921366055"><ele>127.80</ele><time>2018-10-11T08:37:14Z</time><extensions><gpxtpx:TrackPointExtension><gpxtpx:depth>0.00</gpxtpx:depth></gpxtpx:TrackPointExtension></extensions></trkpt><trkpt lat="36.7298429366" lon="114.3921089452"><ele>128.07</ele><time>2018-10-11T08:37:25Z</time><extensions><gpxtpx:TrackPointExtension><gpxtpx:depth>0.00</gpxtpx:depth></gpxtpx:TrackPointExtension></extensions></trkpt><trkpt lat="36.7294297926" lon="114.3920636829"><ele>128.56</ele><time>2018-10-11T08:37:40Z</time><extensions><gpxtpx:TrackPointExtension><gpxtpx:depth>0.00</gpxtpx:depth></gpxtpx:TrackPointExtension></extensions></trkpt><trkpt lat="36.7289622501" lon="114.3919678777"><ele>129.51</ele><time>2018-10-11T08:37:58Z</time><extensions><gpxtpx:TrackPointExtension><gpxtpx:depth>0.00</gpxtpx:depth></gpxtpx:TrackPointExtension></extensions></trkpt><trkpt lat="36.7284495290" lon="114.3919347692"><ele>130.05</ele><time>2018-10-11T08:38:15Z</time><extensions><gpxtpx:TrackPointExtension><gpxtpx:depth>0.00</gpxtpx:depth></gpxtpx:TrackPointExtension></extensions></trkpt><trkpt lat="36.7279400770" lon="114.3919172511"><ele>130.96</ele><time>2018-10-11T08:38:33Z</time><extensions><gpxtpx:TrackPointExtension><gpxtpx:depth>0.00</gpxtpx:depth></gpxtpx:TrackPointExtension></extensions></trkpt><trkpt lat="36.7274706066" lon="114.3918838911"><ele>132.51</ele><time>2018-10-11T08:38:50Z</time><extensions><gpxtpx:TrackPointExtension><gpxtpx:depth>0.00</gpxtpx:depth></gpxtpx:TrackPointExtension></extensions></trkpt><trkpt lat="36.7271050718" lon="114.3916647043"><ele>133.29</ele><time>2018-10-11T08:39:05Z</time><extensions><gpxtpx:TrackPointExtension><gpxtpx:depth>0.00</gpxtpx:depth></gpxtpx:TrackPointExtension></extensions></trkpt><trkpt lat="36.7269128747" lon="114.3912058789"><ele>133.93</ele><time>2018-10-11T08:39:19Z</time><extensions><gpxtpx:TrackPointExtension><gpxtpx:depth>0.00</gpxtpx:depth></gpxtpx:TrackPointExtension></extensions></trkpt><trkpt lat="36.7269275431" lon="114.3907445390"><ele>134.38</ele><time>2018-10-11T08:39:31Z</time><extensions><gpxtpx:TrackPointExtension><gpxtpx:depth>0.00</gpxtpx:depth></gpxtpx:TrackPointExtension></extensions></trkpt><trkpt lat="36.7269367632" lon="114.3907100055"><ele>134.38</ele><time>2018-10-11T08:39:32Z</time><extensions><gpxtpx:TrackPointExtension><gpxtpx:depth>0.00</gpxtpx:depth></gpxtpx:TrackPointExtension></extensions></trkpt><trkpt lat="36.7269930895" lon="114.3901779223"><ele>134.93</ele><time>2018-10-11T08:39:46Z</time><extensions><gpxtpx:TrackPointExtension><gpxtpx:depth>0.00</gpxtpx:depth></gpxtpx:TrackPointExtension></extensions></trkpt><trkpt lat="36.7269755714" lon="114.3895952124"><ele>135.76</ele><time>2018-10-11T08:40:01Z</time><extensions><gpxtpx:TrackPointExtension><gpxtpx:depth>0.00</gpxtpx:depth></gpxtpx:TrackPointExtension></extensions></trkpt><trkpt lat="36.7269965261" lon="114.3891599402"><ele>136.34</ele><time>2018-10-11T08:40:14Z</time><extensions><gpxtpx:TrackPointExtension><gpxtpx:depth>0.00</gpxtpx:depth></gpxtpx:TrackPointExtension></extensions></trkpt><trkpt lat="36.7270379327" lon="114.3886799924"><ele>136.80</ele><time>2018-10-11T08:40:27Z</time><extensions><gpxtpx:TrackPointExtension><gpxtpx:depth>0.00</gpxtpx:depth></gpxtpx:TrackPointExtension></extensions></trkpt><trkpt lat="36.7270607315" lon="114.3881631643"><ele>136.96</ele><time>2018-10-11T08:40:40Z</time><extensions><gpxtpx:TrackPointExtension><gpxtpx:depth>0.00</gpxtpx:depth></gpxtpx:TrackPointExtension></extensions></trkpt><trkpt lat="36.7269265372" lon="114.3875839747"><ele>137.04</ele><time>2018-10-11T08:40:55Z</time><extensions><gpxtpx:TrackPointExtension><gpxtpx:depth>0.00</gpxtpx:depth></gpxtpx:TrackPointExtension></extensions></trkpt><trkpt lat="36.7266136408" lon="114.3872432504"><ele>137.72</ele><time>2018-10-11T08:41:09Z</time><extensions><gpxtpx:TrackPointExtension><gpxtpx:depth>0.00</gpxtpx:depth></gpxtpx:TrackPointExtension></extensions></trkpt><trkpt lat="36.7263564840" lon="114.3869929668"><ele>138.43</ele><time>2018-10-11T08:41:24Z</time><extensions><gpxtpx:TrackPointExtension><gpxtpx:depth>0.00</gpxtpx:depth></gpxtpx:TrackPointExtension></extensions></trkpt><trkpt lat="36.7263843957" lon="114.3869857583"><ele>138.55</ele><time>2018-10-11T08:41:29Z</time><extensions><gpxtpx:TrackPointExtension><gpxtpx:depth>0.00</gpxtpx:depth></gpxtpx:TrackPointExtension></extensions></trkpt><trkpt lat="36.7262653727" lon="114.3869153503"><ele>138.57</ele><time>2018-10-11T08:41:51Z</time><extensions><gpxtpx:TrackPointExtension><gpxtpx:depth>0.00</gpxtpx:depth></gpxtpx:TrackPointExtension></extensions></trkpt><trkpt lat="36.7259935476" lon="114.3866957445"><ele>138.98</ele><time>2018-10-11T08:42:06Z</time><extensions><gpxtpx:TrackPointExtension><gpxtpx:depth>0.00</gpxtpx:depth></gpxtpx:TrackPointExtension></extensions></trkpt><trkpt lat="36.7257063836" lon="114.3864462152"><ele>139.96</ele><time>2018-10-11T08:42:20Z</time><extensions><gpxtpx:TrackPointExtension><gpxtpx:depth>0.00</gpxtpx:depth></gpxtpx:TrackPointExtension></extensions></trkpt><trkpt lat="36.7253301200" lon="114.3861387670"><ele>140.90</ele><time>2018-10-11T08:42:37Z</time><extensions><gpxtpx:TrackPointExtension><gpxtpx:depth>0.00</gpxtpx:depth></gpxtpx:TrackPointExtension></extensions></trkpt><trkpt lat="36.7249603104" lon="114.3857618328"><ele>142.09</ele><time>2018-10-11T08:42:56Z</time><extensions><gpxtpx:TrackPointExtension><gpxtpx:depth>0.00</gpxtpx:depth></gpxtpx:TrackPointExtension></extensions></trkpt><trkpt lat="36.7246050853" lon="114.3854353577"><ele>143.53</ele><time>2018-10-11T08:43:14Z</time><extensions><gpxtpx:TrackPointExtension><gpxtpx:depth>0.00</gpxtpx:depth></gpxtpx:TrackPointExtension></extensions></trkpt><trkpt lat="36.7242255528" lon="114.3851314299"><ele>144.61</ele><time>2018-10-11T08:43:31Z</time><extensions><gpxtpx:TrackPointExtension><gpxtpx:depth>0.00</gpxtpx:depth></gpxtpx:TrackPointExtension></extensions></trkpt><trkpt lat="36.7238028534" lon="114.3847876880"><ele>145.88</ele><time>2018-10-11T08:43:49Z</time><extensions><gpxtpx:TrackPointExtension><gpxtpx:depth>0.00</gpxtpx:depth></gpxtpx:TrackPointExtension></extensions></trkpt><trkpt lat="36.7233804055" lon="114.3844436947"><ele>147.73</ele><time>2018-10-11T08:44:07Z</time><extensions><gpxtpx:TrackPointExtension><gpxtpx:depth>0.00</gpxtpx:depth></gpxtpx:TrackPointExtension></extensions></trkpt><trkpt lat="36.7229934130" lon="114.3841507472"><ele>149.60</ele><time>2018-10-11T08:44:24Z</time><extensions><gpxtpx:TrackPointExtension><gpxtpx:depth>0.00</gpxtpx:depth></gpxtpx:TrackPointExtension></extensions></trkpt><trkpt lat="36.7225737311" lon="114.3839101028"><ele>151.67</ele><time>2018-10-11T08:44:41Z</time><extensions><gpxtpx:TrackPointExtension><gpxtpx:depth>0.00</gpxtpx:depth></gpxtpx:TrackPointExtension></extensions></trkpt><trkpt lat="36.7222079448" lon="114.3837975338"><ele>152.53</ele><time>2018-10-11T08:44:55Z</time><extensions><gpxtpx:TrackPointExtension><gpxtpx:depth>0.00</gpxtpx:depth></gpxtpx:TrackPointExtension></extensions></trkpt><trkpt lat="36.7219287436" lon="114.3836760800"><ele>153.36</ele><time>2018-10-11T08:45:09Z</time><extensions><gpxtpx:TrackPointExtension><gpxtpx:depth>0.00</gpxtpx:depth></gpxtpx:TrackPointExtension></extensions></trkpt><trkpt lat="36.7215857562" lon="114.3836122099"><ele>153.98</ele><time>2018-10-11T08:45:23Z</time><extensions><gpxtpx:TrackPointExtension><gpxtpx:depth>0.00</gpxtpx:depth></gpxtpx:TrackPointExtension></extensions></trkpt><trkpt lat="36.7213018611" lon="114.3835406285"><ele>154.24</ele><time>2018-10-11T08:45:35Z</time><extensions><gpxtpx:TrackPointExtension><gpxtpx:depth>0.00</gpxtpx:depth></gpxtpx:TrackPointExtension></extensions></trkpt><trkpt lat="36.7209602986" lon="114.3834685441"><ele>154.48</ele><time>2018-10-11T08:45:48Z</time><extensions><gpxtpx:TrackPointExtension><gpxtpx:depth>0.00</gpxtpx:depth></gpxtpx:TrackPointExtension></extensions></trkpt><trkpt lat="36.7206691951" lon="114.3833094556"><ele>154.63</ele><time>2018-10-11T08:46:00Z</time><extensions><gpxtpx:TrackPointExtension><gpxtpx:depth>0.00</gpxtpx:depth></gpxtpx:TrackPointExtension></extensions></trkpt><trkpt lat="36.7202596553" lon="114.3829404004"><ele>155.03</ele><time>2018-10-11T08:46:18Z</time><extensions><gpxtpx:TrackPointExtension><gpxtpx:depth>0.00</gpxtpx:depth></gpxtpx:TrackPointExtension></extensions></trkpt><trkpt lat="36.7199262232" lon="114.3825680763"><ele>156.00</ele><time>2018-10-11T08:46:35Z</time><extensions><gpxtpx:TrackPointExtension><gpxtpx:depth>0.00</gpxtpx:depth></gpxtpx:TrackPointExtension></extensions></trkpt><trkpt lat="36.7197251413" lon="114.3823164515"><ele>157.12</ele><time>2018-10-11T08:46:48Z</time><extensions><gpxtpx:TrackPointExtension><gpxtpx:depth>0.00</gpxtpx:depth></gpxtpx:TrackPointExtension></extensions></trkpt><trkpt lat="36.7194508016" lon="114.3820411898"><ele>158.38</ele><time>2018-10-11T08:47:03Z</time><extensions><gpxtpx:TrackPointExtension><gpxtpx:depth>0.00</gpxtpx:depth></gpxtpx:TrackPointExtension></extensions></trkpt><trkpt lat="36.7192119174" lon="114.3817370944"><ele>159.37</ele><time>2018-10-11T08:47:18Z</time><extensions><gpxtpx:TrackPointExtension><gpxtpx:depth>0.00</gpxtpx:depth></gpxtpx:TrackPointExtension></extensions></trkpt><trkpt lat="36.7189503182" lon="114.3813930172"><ele>160.43</ele><time>2018-10-11T08:47:34Z</time><extensions><gpxtpx:TrackPointExtension><gpxtpx:depth>0.00</gpxtpx:depth></gpxtpx:TrackPointExtension></extensions></trkpt><trkpt lat="36.7187085841" lon="114.3811510317"><ele>161.01</ele><time>2018-10-11T08:47:49Z</time><extensions><gpxtpx:TrackPointExtension><gpxtpx:depth>0.00</gpxtpx:depth></gpxtpx:TrackPointExtension></extensions></trkpt><trkpt lat="36.7183888983" lon="114.3807706609"><ele>161.64</ele><time>2018-10-11T08:48:06Z</time><extensions><gpxtpx:TrackPointExtension><gpxtpx:depth>0.00</gpxtpx:depth></gpxtpx:TrackPointExtension></extensions></trkpt><trkpt lat="36.7180443183" lon="114.3803852610"><ele>162.80</ele><time>2018-10-11T08:48:24Z</time><extensions><gpxtpx:TrackPointExtension><gpxtpx:depth>0.00</gpxtpx:depth></gpxtpx:TrackPointExtension></extensions></trkpt><trkpt lat="36.7177945375" lon="114.3799913116"><ele>163.53</ele><time>2018-10-11T08:48:40Z</time><extensions><gpxtpx:TrackPointExtension><gpxtpx:depth>0.00</gpxtpx:depth></gpxtpx:TrackPointExtension></extensions></trkpt><trkpt lat="36.7175816372" lon="114.3795585539"><ele>165.37</ele><time>2018-10-11T08:48:57Z</time><extensions><gpxtpx:TrackPointExtension><gpxtpx:depth>0.00</gpxtpx:depth></gpxtpx:TrackPointExtension></extensions></trkpt><trkpt lat="36.7175007518" lon="114.3790977169"><ele>167.24</ele><time>2018-10-11T08:49:13Z</time><extensions><gpxtpx:TrackPointExtension><gpxtpx:depth>0.00</gpxtpx:depth></gpxtpx:TrackPointExtension></extensions></trkpt><trkpt lat="36.7174335290" lon="114.3786404002"><ele>168.40</ele><time>2018-10-11T08:49:28Z</time><extensions><gpxtpx:TrackPointExtension><gpxtpx:depth>0.00</gpxtpx:depth></gpxtpx:TrackPointExtension></extensions></trkpt><trkpt lat="36.7173083872" lon="114.3782098219"><ele>169.67</ele><time>2018-10-11T08:49:42Z</time><extensions><gpxtpx:TrackPointExtension><gpxtpx:depth>0.00</gpxtpx:depth></gpxtpx:TrackPointExtension></extensions></trkpt><trkpt lat="36.7170855962" lon="114.3778342288"><ele>170.67</ele><time>2018-10-11T08:49:57Z</time><extensions><gpxtpx:TrackPointExtension><gpxtpx:depth>0.00</gpxtpx:depth></gpxtpx:TrackPointExtension></extensions></trkpt><trkpt lat="36.7168600392" lon="114.3773294706"><ele>171.53</ele><time>2018-10-11T08:50:15Z</time><extensions><gpxtpx:TrackPointExtension><gpxtpx:depth>0.00</gpxtpx:depth></gpxtpx:TrackPointExtension></extensions></trkpt><trkpt lat="36.7166276090" lon="114.3769172486"><ele>172.72</ele><time>2018-10-11T08:50:30Z</time><extensions><gpxtpx:TrackPointExtension><gpxtpx:depth>0.00</gpxtpx:depth></gpxtpx:TrackPointExtension></extensions></trkpt><trkpt lat="36.7162820231" lon="114.3763580918"><ele>173.89</ele><time>2018-10-11T08:50:50Z</time><extensions><gpxtpx:TrackPointExtension><gpxtpx:depth>0.00</gpxtpx:depth></gpxtpx:TrackPointExtension></extensions></trkpt><trkpt lat="36.7159402929" lon="114.3758771382"><ele>174.56</ele><time>2018-10-11T08:51:08Z</time><extensions><gpxtpx:TrackPointExtension><gpxtpx:depth>0.00</gpxtpx:depth></gpxtpx:TrackPointExtension></extensions></trkpt><trkpt lat="36.7156403046" lon="114.3754414469"><ele>175.62</ele><time>2018-10-11T08:51:25Z</time><extensions><gpxtpx:TrackPointExtension><gpxtpx:depth>0.00</gpxtpx:depth></gpxtpx:TrackPointExtension></extensions></trkpt><trkpt lat="36.7153119016" lon="114.3749733176"><ele>176.67</ele><time>2018-10-11T08:51:43Z</time><extensions><gpxtpx:TrackPointExtension><gpxtpx:depth>0.00</gpxtpx:depth></gpxtpx:TrackPointExtension></extensions></trkpt><trkpt lat="36.7151081376" lon="114.3746135663"><ele>177.41</ele><time>2018-10-11T08:51:56Z</time><extensions><gpxtpx:TrackPointExtension><gpxtpx:depth>0.00</gpxtpx:depth></gpxtpx:TrackPointExtension></extensions></trkpt><trkpt lat="36.7148115858" lon="114.3742873427"><ele>178.58</ele><time>2018-10-11T08:52:11Z</time><extensions><gpxtpx:TrackPointExtension><gpxtpx:depth>0.00</gpxtpx:depth></gpxtpx:TrackPointExtension></extensions></trkpt><trkpt lat="36.7144833505" lon="114.3739876058"><ele>180.37</ele><time>2018-10-11T08:52:28Z</time><extensions><gpxtpx:TrackPointExtension><gpxtpx:depth>0.00</gpxtpx:depth></gpxtpx:TrackPointExtension></extensions></trkpt><trkpt lat="36.7141476553" lon="114.3736887071"><ele>182.65</ele><time>2018-10-11T08:52:46Z</time><extensions><gpxtpx:TrackPointExtension><gpxtpx:depth>0.00</gpxtpx:depth></gpxtpx:TrackPointExtension></extensions></trkpt><trkpt lat="36.7138432246" lon="114.3734116852"><ele>184.91</ele><time>2018-10-11T08:53:04Z</time><extensions><gpxtpx:TrackPointExtension><gpxtpx:depth>0.00</gpxtpx:depth></gpxtpx:TrackPointExtension></extensions></trkpt><trkpt lat="36.7135606706" lon="114.3731025606"><ele>186.67</ele><time>2018-10-11T08:53:22Z</time><extensions><gpxtpx:TrackPointExtension><gpxtpx:depth>0.00</gpxtpx:depth></gpxtpx:TrackPointExtension></extensions></trkpt><trkpt lat="36.7131948844" lon="114.3727907538"><ele>188.70</ele><time>2018-10-11T08:53:41Z</time><extensions><gpxtpx:TrackPointExtension><gpxtpx:depth>0.00</gpxtpx:depth></gpxtpx:TrackPointExtension></extensions></trkpt><trkpt lat="36.7129780445" lon="114.3723246362"><ele>189.68</ele><time>2018-10-11T08:53:58Z</time><extensions><gpxtpx:TrackPointExtension><gpxtpx:depth>0.00</gpxtpx:depth></gpxtpx:TrackPointExtension></extensions></trkpt><trkpt lat="36.7129764520" lon="114.3718762882"><ele>189.59</ele><time>2018-10-11T08:54:11Z</time><extensions><gpxtpx:TrackPointExtension><gpxtpx:depth>0.00</gpxtpx:depth></gpxtpx:TrackPointExtension></extensions></trkpt><trkpt lat="36.7130611930" lon="114.3712888006"><ele>189.00</ele><time>2018-10-11T08:54:23Z</time><extensions><gpxtpx:TrackPointExtension><gpxtpx:depth>0.00</gpxtpx:depth></gpxtpx:TrackPointExtension></extensions></trkpt><trkpt lat="36.7131640390" lon="114.3707158137"><ele>188.46</ele><time>2018-10-11T08:54:33Z</time><extensions><gpxtpx:TrackPointExtension><gpxtpx:depth>0.00</gpxtpx:depth></gpxtpx:TrackPointExtension></extensions></trkpt><trkpt lat="36.7132773623" lon="114.3700427469"><ele>187.65</ele><time>2018-10-11T08:54:46Z</time><extensions><gpxtpx:TrackPointExtension><gpxtpx:depth>0.00</gpxtpx:depth></gpxtpx:TrackPointExtension></extensions></trkpt><trkpt lat="36.7132804636" lon="114.3694764655"><ele>187.41</ele><time>2018-10-11T08:54:59Z</time><extensions><gpxtpx:TrackPointExtension><gpxtpx:depth>0.00</gpxtpx:depth></gpxtpx:TrackPointExtension></extensions></trkpt><trkpt lat="36.7132256459" lon="114.3694309518"><ele>187.44</ele><time>2018-10-11T08:55:03Z</time><extensions><gpxtpx:TrackPointExtension><gpxtpx:depth>0.00</gpxtpx:depth></gpxtpx:TrackPointExtension></extensions></trkpt><trkpt lat="36.7132129893" lon="114.3694182113"><ele>187.44</ele><time>2018-10-11T08:55:04Z</time><extensions><gpxtpx:TrackPointExtension><gpxtpx:depth>0.00</gpxtpx:depth></gpxtpx:TrackPointExtension></extensions></trkpt><trkpt lat="36.7130301800" lon="114.3691594619"><ele>187.28</ele><time>2018-10-11T08:55:16Z</time><extensions><gpxtpx:TrackPointExtension><gpxtpx:depth>0.00</gpxtpx:depth></gpxtpx:TrackPointExtension></extensions></trkpt><trkpt lat="36.7127187084" lon="114.3687421270"><ele>187.23</ele><time>2018-10-11T08:55:31Z</time><extensions><gpxtpx:TrackPointExtension><gpxtpx:depth>0.00</gpxtpx:depth></gpxtpx:TrackPointExtension></extensions></trkpt><trkpt lat="36.7124124337" lon="114.3683281448"><ele>186.83</ele><time>2018-10-11T08:55:45Z</time><extensions><gpxtpx:TrackPointExtension><gpxtpx:depth>0.00</gpxtpx:depth></gpxtpx:TrackPointExtension></extensions></trkpt><trkpt lat="36.7121958453" lon="114.3680365384"><ele>186.38</ele><time>2018-10-11T08:55:57Z</time><extensions><gpxtpx:TrackPointExtension><gpxtpx:depth>0.00</gpxtpx:depth></gpxtpx:TrackPointExtension></extensions></trkpt><trkpt lat="36.7120136227" lon="114.3678595126"><ele>186.39</ele><time>2018-10-11T08:56:07Z</time><extensions><gpxtpx:TrackPointExtension><gpxtpx:depth>0.00</gpxtpx:depth></gpxtpx:TrackPointExtension></extensions></trkpt><trkpt lat="36.7117839586" lon="114.3674954865"><ele>186.51</ele><time>2018-10-11T08:56:21Z</time><extensions><gpxtpx:TrackPointExtension><gpxtpx:depth>0.00</gpxtpx:depth></gpxtpx:TrackPointExtension></extensions></trkpt><trkpt lat="36.7116119619" lon="114.3671278562"><ele>187.10</ele><time>2018-10-11T08:56:36Z</time><extensions><gpxtpx:TrackPointExtension><gpxtpx:depth>0.00</gpxtpx:depth></gpxtpx:TrackPointExtension></extensions></trkpt><trkpt lat="36.7116067652" lon="114.3671323825"><ele>187.66</ele><time>2018-10-11T08:56:41Z</time><extensions><gpxtpx:TrackPointExtension><gpxtpx:depth>0.00</gpxtpx:depth></gpxtpx:TrackPointExtension></extensions></trkpt><trkpt lat="36.7115753330" lon="114.3670706917"><ele>188.02</ele><time>2018-10-11T08:57:14Z</time><extensions><gpxtpx:TrackPointExtension><gpxtpx:depth>0.00</gpxtpx:depth></gpxtpx:TrackPointExtension></extensions></trkpt><trkpt lat="36.7114580702" lon="114.3667919096"><ele>188.41</ele><time>2018-10-11T08:57:26Z</time><extensions><gpxtpx:TrackPointExtension><gpxtpx:depth>0.00</gpxtpx:depth></gpxtpx:TrackPointExtension></extensions></trkpt><trkpt lat="36.7113465071" lon="114.3664706312"><ele>189.62</ele><time>2018-10-11T08:57:39Z</time><extensions><gpxtpx:TrackPointExtension><gpxtpx:depth>0.00</gpxtpx:depth></gpxtpx:TrackPointExtension></extensions></trkpt><trkpt lat="36.7112325132" lon="114.3660822138"><ele>190.99</ele><time>2018-10-11T08:57:56Z</time><extensions><gpxtpx:TrackPointExtension><gpxtpx:depth>0.00</gpxtpx:depth></gpxtpx:TrackPointExtension></extensions></trkpt><trkpt lat="36.7111440003" lon="114.3656777870"><ele>192.24</ele><time>2018-10-11T08:58:13Z</time><extensions><gpxtpx:TrackPointExtension><gpxtpx:depth>0.00</gpxtpx:depth></gpxtpx:TrackPointExtension></extensions></trkpt><trkpt lat="36.7110828124" lon="114.3651883677"><ele>193.62</ele><time>2018-10-11T08:58:29Z</time><extensions><gpxtpx:TrackPointExtension><gpxtpx:depth>0.00</gpxtpx:depth></gpxtpx:TrackPointExtension></extensions></trkpt><trkpt lat="36.7110633664" lon="114.3647111859"><ele>194.27</ele><time>2018-10-11T08:58:44Z</time><extensions><gpxtpx:TrackPointExtension><gpxtpx:depth>0.00</gpxtpx:depth></gpxtpx:TrackPointExtension></extensions></trkpt><trkpt lat="36.7110274918" lon="114.3640186731"><ele>194.21</ele><time>2018-10-11T08:59:03Z</time><extensions><gpxtpx:TrackPointExtension><gpxtpx:depth>0.00</gpxtpx:depth></gpxtpx:TrackPointExtension></extensions></trkpt><trkpt lat="36.7109173536" lon="114.3633788824"><ele>194.14</ele><time>2018-10-11T08:59:19Z</time><extensions><gpxtpx:TrackPointExtension><gpxtpx:depth>0.00</gpxtpx:depth></gpxtpx:TrackPointExtension></extensions></trkpt><trkpt lat="36.7106724344" lon="114.3624660093"><ele>193.20</ele><time>2018-10-11T08:59:37Z</time><extensions><gpxtpx:TrackPointExtension><gpxtpx:depth>0.00</gpxtpx:depth></gpxtpx:TrackPointExtension></extensions></trkpt><trkpt lat="36.7103843484" lon="114.3617633544"><ele>192.84</ele><time>2018-10-11T08:59:51Z</time><extensions><gpxtpx:TrackPointExtension><gpxtpx:depth>0.00</gpxtpx:depth></gpxtpx:TrackPointExtension></extensions></trkpt><trkpt lat="36.7101942468" lon="114.3609559257"><ele>192.70</ele><time>2018-10-11T09:00:06Z</time><extensions><gpxtpx:TrackPointExtension><gpxtpx:depth>0.00</gpxtpx:depth></gpxtpx:TrackPointExtension></extensions></trkpt><trkpt lat="36.7101839371" lon="114.3607651535"><ele>192.56</ele><time>2018-10-11T09:00:09Z</time><extensions><gpxtpx:TrackPointExtension><gpxtpx:depth>0.00</gpxtpx:depth></gpxtpx:TrackPointExtension></extensions></trkpt><trkpt lat="36.7101909779" lon="114.3606951647"><ele>192.52</ele><time>2018-10-11T09:00:10Z</time><extensions><gpxtpx:TrackPointExtension><gpxtpx:depth>0.00</gpxtpx:depth></gpxtpx:TrackPointExtension></extensions></trkpt><trkpt lat="36.7101908941" lon="114.3606270198"><ele>192.45</ele><time>2018-10-11T09:00:11Z</time><extensions><gpxtpx:TrackPointExtension><gpxtpx:depth>0.00</gpxtpx:depth></gpxtpx:TrackPointExtension></extensions></trkpt><trkpt lat="36.7101981863" lon="114.3604134489"><ele>192.23</ele><time>2018-10-11T09:00:14Z</time><extensions><gpxtpx:TrackPointExtension><gpxtpx:depth>0.00</gpxtpx:depth></gpxtpx:TrackPointExtension></extensions></trkpt><trkpt lat="36.7103083245" lon="114.3594725803"><ele>189.70</ele><time>2018-10-11T09:00:28Z</time><extensions><gpxtpx:TrackPointExtension><gpxtpx:depth>0.00</gpxtpx:depth></gpxtpx:TrackPointExtension></extensions></trkpt><trkpt lat="36.7104520742" lon="114.3585379142"><ele>186.86</ele><time>2018-10-11T09:00:43Z</time><extensions><gpxtpx:TrackPointExtension><gpxtpx:depth>0.00</gpxtpx:depth></gpxtpx:TrackPointExtension></extensions></trkpt><trkpt lat="36.7105305288" lon="114.3580677733"><ele>186.85</ele><time>2018-10-11T09:00:51Z</time><extensions><gpxtpx:TrackPointExtension><gpxtpx:depth>0.00</gpxtpx:depth></gpxtpx:TrackPointExtension></extensions></trkpt><trkpt lat="36.7105876096" lon="114.3577068485"><ele>187.05</ele><time>2018-10-11T09:00:58Z</time><extensions><gpxtpx:TrackPointExtension><gpxtpx:depth>0.00</gpxtpx:depth></gpxtpx:TrackPointExtension></extensions></trkpt><trkpt lat="36.7106060497" lon="114.3576577306"><ele>187.20</ele><time>2018-10-11T09:00:59Z</time><extensions><gpxtpx:TrackPointExtension><gpxtpx:depth>0.00</gpxtpx:depth></gpxtpx:TrackPointExtension></extensions></trkpt><trkpt lat="36.7107971571" lon="114.3568308558"><ele>188.90</ele><time>2018-10-11T09:01:16Z</time><extensions><gpxtpx:TrackPointExtension><gpxtpx:depth>0.00</gpxtpx:depth></gpxtpx:TrackPointExtension></extensions></trkpt><trkpt lat="36.7108992487" lon="114.3562680110"><ele>190.46</ele><time>2018-10-11T09:01:30Z</time><extensions><gpxtpx:TrackPointExtension><gpxtpx:depth>0.00</gpxtpx:depth></gpxtpx:TrackPointExtension></extensions></trkpt><trkpt lat="36.7110828124" lon="114.3556740694"><ele>190.98</ele><time>2018-10-11T09:01:45Z</time><extensions><gpxtpx:TrackPointExtension><gpxtpx:depth>0.00</gpxtpx:depth></gpxtpx:TrackPointExtension></extensions></trkpt><trkpt lat="36.7113087047" lon="114.3551544752"><ele>191.06</ele><time>2018-10-11T09:01:58Z</time><extensions><gpxtpx:TrackPointExtension><gpxtpx:depth>0.00</gpxtpx:depth></gpxtpx:TrackPointExtension></extensions></trkpt><trkpt lat="36.7113280669" lon="114.3551166728"><ele>191.06</ele><time>2018-10-11T09:01:59Z</time><extensions><gpxtpx:TrackPointExtension><gpxtpx:depth>0.00</gpxtpx:depth></gpxtpx:TrackPointExtension></extensions></trkpt><trkpt lat="36.7113776878" lon="114.3550434988"><ele>191.04</ele><time>2018-10-11T09:02:01Z</time><extensions><gpxtpx:TrackPointExtension><gpxtpx:depth>0.00</gpxtpx:depth></gpxtpx:TrackPointExtension></extensions></trkpt><trkpt lat="36.7113947868" lon="114.3550072890"><ele>191.04</ele><time>2018-10-11T09:02:02Z</time><extensions><gpxtpx:TrackPointExtension><gpxtpx:depth>0.00</gpxtpx:depth></gpxtpx:TrackPointExtension></extensions></trkpt><trkpt lat="36.7114374507" lon="114.3549177703"><ele>191.00</ele><time>2018-10-11T09:02:04Z</time><extensions><gpxtpx:TrackPointExtension><gpxtpx:depth>0.00</gpxtpx:depth></gpxtpx:TrackPointExtension></extensions></trkpt><trkpt lat="36.7115845531" lon="114.3545109127"><ele>190.84</ele><time>2018-10-11T09:02:11Z</time><extensions><gpxtpx:TrackPointExtension><gpxtpx:depth>0.00</gpxtpx:depth></gpxtpx:TrackPointExtension></extensions></trkpt><trkpt lat="36.7116102856" lon="114.3544545863"><ele>190.75</ele><time>2018-10-11T09:02:12Z</time><extensions><gpxtpx:TrackPointExtension><gpxtpx:depth>0.00</gpxtpx:depth></gpxtpx:TrackPointExtension></extensions></trkpt><trkpt lat="36.7119647563" lon="114.3537101056"><ele>189.92</ele><time>2018-10-11T09:02:26Z</time><extensions><gpxtpx:TrackPointExtension><gpxtpx:depth>0.00</gpxtpx:depth></gpxtpx:TrackPointExtension></extensions></trkpt><trkpt lat="36.7120013852" lon="114.3536554556"><ele>189.92</ele><time>2018-10-11T09:02:27Z</time><extensions><gpxtpx:TrackPointExtension><gpxtpx:depth>0.00</gpxtpx:depth></gpxtpx:TrackPointExtension></extensions></trkpt><trkpt lat="36.7120294645" lon="114.3536102772"><ele>189.92</ele><time>2018-10-11T09:02:28Z</time><extensions><gpxtpx:TrackPointExtension><gpxtpx:depth>0.00</gpxtpx:depth></gpxtpx:TrackPointExtension></extensions></trkpt><trkpt lat="36.7123279441" lon="114.3530101329"><ele>189.98</ele><time>2018-10-11T09:02:41Z</time><extensions><gpxtpx:TrackPointExtension><gpxtpx:depth>0.00</gpxtpx:depth></gpxtpx:TrackPointExtension></extensions></trkpt><trkpt lat="36.7124570254" lon="114.3524130899"><ele>189.66</ele><time>2018-10-11T09:02:49Z</time><extensions><gpxtpx:TrackPointExtension><gpxtpx:depth>0.00</gpxtpx:depth></gpxtpx:TrackPointExtension></extensions></trkpt><trkpt lat="36.7124415189" lon="114.3523364794"><ele>189.57</ele><time>2018-10-11T09:02:50Z</time><extensions><gpxtpx:TrackPointExtension><gpxtpx:depth>0.00</gpxtpx:depth></gpxtpx:TrackPointExtension></extensions></trkpt><trkpt lat="36.7124173790" lon="114.3521824200"><ele>189.37</ele><time>2018-10-11T09:02:52Z</time><extensions><gpxtpx:TrackPointExtension><gpxtpx:depth>0.00</gpxtpx:depth></gpxtpx:TrackPointExtension></extensions></trkpt><trkpt lat="36.7124117631" lon="114.3521039654"><ele>189.27</ele><time>2018-10-11T09:02:53Z</time><extensions><gpxtpx:TrackPointExtension><gpxtpx:depth>0.00</gpxtpx:depth></gpxtpx:TrackPointExtension></extensions></trkpt><trkpt lat="36.7123612203" lon="114.3517451361"><ele>188.07</ele><time>2018-10-11T09:02:58Z</time><extensions><gpxtpx:TrackPointExtension><gpxtpx:depth>0.00</gpxtpx:depth></gpxtpx:TrackPointExtension></extensions></trkpt><trkpt lat="36.7123333924" lon="114.3514974508"><ele>187.23</ele><time>2018-10-11T09:03:02Z</time><extensions><gpxtpx:TrackPointExtension><gpxtpx:depth>0.00</gpxtpx:depth></gpxtpx:TrackPointExtension></extensions></trkpt><trkpt lat="36.7122955900" lon="114.3513753265"><ele>187.15</ele><time>2018-10-11T09:03:04Z</time><extensions><gpxtpx:TrackPointExtension><gpxtpx:depth>0.00</gpxtpx:depth></gpxtpx:TrackPointExtension></extensions></trkpt><trkpt lat="36.7122478131" lon="114.3510735780"><ele>187.13</ele><time>2018-10-11T09:03:09Z</time><extensions><gpxtpx:TrackPointExtension><gpxtpx:depth>0.00</gpxtpx:depth></gpxtpx:TrackPointExtension></extensions></trkpt><trkpt lat="36.7122453824" lon="114.3510175031"><ele>187.13</ele><time>2018-10-11T09:03:10Z</time><extensions><gpxtpx:TrackPointExtension><gpxtpx:depth>0.00</gpxtpx:depth></gpxtpx:TrackPointExtension></extensions></trkpt><trkpt lat="36.7122152913" lon="114.3508520443"><ele>187.28</ele><time>2018-10-11T09:03:13Z</time><extensions><gpxtpx:TrackPointExtension><gpxtpx:depth>0.00</gpxtpx:depth></gpxtpx:TrackPointExtension></extensions></trkpt><trkpt lat="36.7121477332" lon="114.3506619427"><ele>188.06</ele><time>2018-10-11T09:03:17Z</time><extensions><gpxtpx:TrackPointExtension><gpxtpx:depth>0.00</gpxtpx:depth></gpxtpx:TrackPointExtension></extensions></trkpt><trkpt lat="36.7120920774" lon="114.3504700810"><ele>189.17</ele><time>2018-10-11T09:03:21Z</time><extensions><gpxtpx:TrackPointExtension><gpxtpx:depth>0.00</gpxtpx:depth></gpxtpx:TrackPointExtension></extensions></trkpt><trkpt lat="36.7119628284" lon="114.3499939889"><ele>190.28</ele><time>2018-10-11T09:03:30Z</time><extensions><gpxtpx:TrackPointExtension><gpxtpx:depth>0.00</gpxtpx:depth></gpxtpx:TrackPointExtension></extensions></trkpt><trkpt lat="36.7116529495" lon="114.3494405318"><ele>191.06</ele><time>2018-10-11T09:03:44Z</time><extensions><gpxtpx:TrackPointExtension><gpxtpx:depth>0.00</gpxtpx:depth></gpxtpx:TrackPointExtension></extensions></trkpt><trkpt lat="36.7111289967" lon="114.3492933456"><ele>191.94</ele><time>2018-10-11T09:03:58Z</time><extensions><gpxtpx:TrackPointExtension><gpxtpx:depth>0.00</gpxtpx:depth></gpxtpx:TrackPointExtension></extensions></trkpt><trkpt lat="36.7102609668" lon="114.3492322415"><ele>193.54</ele><time>2018-10-11T09:04:21Z</time><extensions><gpxtpx:TrackPointExtension><gpxtpx:depth>0.00</gpxtpx:depth></gpxtpx:TrackPointExtension></extensions></trkpt><trkpt lat="36.7099303845" lon="114.3487460911"><ele>194.40</ele><time>2018-10-11T09:04:36Z</time><extensions><gpxtpx:TrackPointExtension><gpxtpx:depth>0.00</gpxtpx:depth></gpxtpx:TrackPointExtension></extensions></trkpt><trkpt lat="36.7099409457" lon="114.3480280135"><ele>195.43</ele><time>2018-10-11T09:04:51Z</time><extensions><gpxtpx:TrackPointExtension><gpxtpx:depth>0.00</gpxtpx:depth></gpxtpx:TrackPointExtension></extensions></trkpt><trkpt lat="36.7098955996" lon="114.3475416955"><ele>195.60</ele><time>2018-10-11T09:05:03Z</time><extensions><gpxtpx:TrackPointExtension><gpxtpx:depth>0.00</gpxtpx:depth></gpxtpx:TrackPointExtension></extensions></trkpt><trkpt lat="36.7097645905" lon="114.3470006436"><ele>196.00</ele><time>2018-10-11T09:05:14Z</time><extensions><gpxtpx:TrackPointExtension><gpxtpx:depth>0.00</gpxtpx:depth></gpxtpx:TrackPointExtension></extensions></trkpt><trkpt lat="36.7096504290" lon="114.3463204522"><ele>197.50</ele><time>2018-10-11T09:05:31Z</time><extensions><gpxtpx:TrackPointExtension><gpxtpx:depth>0.00</gpxtpx:depth></gpxtpx:TrackPointExtension></extensions></trkpt><trkpt lat="36.7095861398" lon="114.3458297756"><ele>200.30</ele><time>2018-10-11T09:05:48Z</time><extensions><gpxtpx:TrackPointExtension><gpxtpx:depth>0.00</gpxtpx:depth></gpxtpx:TrackPointExtension></extensions></trkpt><trkpt lat="36.7094065994" lon="114.3454606365"><ele>203.33</ele><time>2018-10-11T09:06:04Z</time><extensions><gpxtpx:TrackPointExtension><gpxtpx:depth>0.00</gpxtpx:depth></gpxtpx:TrackPointExtension></extensions></trkpt><trkpt lat="36.7092554737" lon="114.3451159727"><ele>205.71</ele><time>2018-10-11T09:06:20Z</time><extensions><gpxtpx:TrackPointExtension><gpxtpx:depth>0.00</gpxtpx:depth></gpxtpx:TrackPointExtension></extensions></trkpt><trkpt lat="36.7091579083" lon="114.3449394498"><ele>206.92</ele><time>2018-10-11T09:06:28Z</time><extensions><gpxtpx:TrackPointExtension><gpxtpx:depth>0.00</gpxtpx:depth></gpxtpx:TrackPointExtension></extensions></trkpt><trkpt lat="36.7091462575" lon="114.3449226860"><ele>207.11</ele><time>2018-10-11T09:06:29Z</time><extensions><gpxtpx:TrackPointExtension><gpxtpx:depth>0.00</gpxtpx:depth></gpxtpx:TrackPointExtension></extensions></trkpt><trkpt lat="36.7091392167" lon="114.3449009769"><ele>207.39</ele><time>2018-10-11T09:06:30Z</time><extensions><gpxtpx:TrackPointExtension><gpxtpx:depth>0.00</gpxtpx:depth></gpxtpx:TrackPointExtension></extensions></trkpt><trkpt lat="36.7091154121" lon="114.3445127271"><ele>209.50</ele><time>2018-10-11T09:06:44Z</time><extensions><gpxtpx:TrackPointExtension><gpxtpx:depth>0.00</gpxtpx:depth></gpxtpx:TrackPointExtension></extensions></trkpt><trkpt lat="36.7091237940" lon="114.3441273272"><ele>211.54</ele><time>2018-10-11T09:06:58Z</time><extensions><gpxtpx:TrackPointExtension><gpxtpx:depth>0.00</gpxtpx:depth></gpxtpx:TrackPointExtension></extensions></trkpt><trkpt lat="36.7090718262" lon="114.3437558413"><ele>213.78</ele><time>2018-10-11T09:07:13Z</time><extensions><gpxtpx:TrackPointExtension><gpxtpx:depth>0.00</gpxtpx:depth></gpxtpx:TrackPointExtension></extensions></trkpt><trkpt lat="36.7089870013" lon="114.3434392568"><ele>215.21</ele><time>2018-10-11T09:07:25Z</time><extensions><gpxtpx:TrackPointExtension><gpxtpx:depth>0.00</gpxtpx:depth></gpxtpx:TrackPointExtension></extensions></trkpt><trkpt lat="36.7090152483" lon="114.3430484924"><ele>215.67</ele><time>2018-10-11T09:07:38Z</time><extensions><gpxtpx:TrackPointExtension><gpxtpx:depth>0.00</gpxtpx:depth></gpxtpx:TrackPointExtension></extensions></trkpt><trkpt lat="36.7090048548" lon="114.3426012341"><ele>215.90</ele><time>2018-10-11T09:07:53Z</time><extensions><gpxtpx:TrackPointExtension><gpxtpx:depth>0.00</gpxtpx:depth></gpxtpx:TrackPointExtension></extensions></trkpt><trkpt lat="36.7090304196" lon="114.3419029377"><ele>215.97</ele><time>2018-10-11T09:08:07Z</time><extensions><gpxtpx:TrackPointExtension><gpxtpx:depth>0.00</gpxtpx:depth></gpxtpx:TrackPointExtension></extensions></trkpt><trkpt lat="36.7091182619" lon="114.3412601296"><ele>216.27</ele><time>2018-10-11T09:08:22Z</time><extensions><gpxtpx:TrackPointExtension><gpxtpx:depth>0.00</gpxtpx:depth></gpxtpx:TrackPointExtension></extensions></trkpt><trkpt lat="36.7089993227" lon="114.3406825326"><ele>216.91</ele><time>2018-10-11T09:08:38Z</time><extensions><gpxtpx:TrackPointExtension><gpxtpx:depth>0.00</gpxtpx:depth></gpxtpx:TrackPointExtension></extensions></trkpt><trkpt lat="36.7088972311" lon="114.3403355218"><ele>217.29</ele><time>2018-10-11T09:08:51Z</time><extensions><gpxtpx:TrackPointExtension><gpxtpx:depth>0.00</gpxtpx:depth></gpxtpx:TrackPointExtension></extensions></trkpt><trkpt lat="36.7088448443" lon="114.3399360403"><ele>217.75</ele><time>2018-10-11T09:09:03Z</time><extensions><gpxtpx:TrackPointExtension><gpxtpx:depth>0.00</gpxtpx:depth></gpxtpx:TrackPointExtension></extensions></trkpt><trkpt lat="36.7089139950" lon="114.3393486366"><ele>218.04</ele><time>2018-10-11T09:09:19Z</time><extensions><gpxtpx:TrackPointExtension><gpxtpx:depth>0.00</gpxtpx:depth></gpxtpx:TrackPointExtension></extensions></trkpt><trkpt lat="36.7092092056" lon="114.3385920022"><ele>217.22</ele><time>2018-10-11T09:09:34Z</time><extensions><gpxtpx:TrackPointExtension><gpxtpx:depth>0.00</gpxtpx:depth></gpxtpx:TrackPointExtension></extensions></trkpt><trkpt lat="36.7093767598" lon="114.3380273134"><ele>217.00</ele><time>2018-10-11T09:09:45Z</time><extensions><gpxtpx:TrackPointExtension><gpxtpx:depth>0.00</gpxtpx:depth></gpxtpx:TrackPointExtension></extensions></trkpt><trkpt lat="36.7095937673" lon="114.3372594472"><ele>218.27</ele><time>2018-10-11T09:10:02Z</time><extensions><gpxtpx:TrackPointExtension><gpxtpx:depth>0.00</gpxtpx:depth></gpxtpx:TrackPointExtension></extensions></trkpt><trkpt lat="36.7097371817" lon="114.3367498275"><ele>219.01</ele><time>2018-10-11T09:10:16Z</time><extensions><gpxtpx:TrackPointExtension><gpxtpx:depth>0.00</gpxtpx:depth></gpxtpx:TrackPointExtension></extensions></trkpt><trkpt lat="36.7098396923" lon="114.3363050837"><ele>220.23</ele><time>2018-10-11T09:10:29Z</time><extensions><gpxtpx:TrackPointExtension><gpxtpx:depth>0.00</gpxtpx:depth></gpxtpx:TrackPointExtension></extensions></trkpt><trkpt lat="36.7098883074" lon="114.3359097932"><ele>221.79</ele><time>2018-10-11T09:10:43Z</time><extensions><gpxtpx:TrackPointExtension><gpxtpx:depth>0.00</gpxtpx:depth></gpxtpx:TrackPointExtension></extensions></trkpt><trkpt lat="36.7099677678" lon="114.3355333619"><ele>223.60</ele><time>2018-10-11T09:10:54Z</time><extensions><gpxtpx:TrackPointExtension><gpxtpx:depth>0.00</gpxtpx:depth></gpxtpx:TrackPointExtension></extensions></trkpt><trkpt lat="36.7100644950" lon="114.3351747841"><ele>226.35</ele><time>2018-10-11T09:11:07Z</time><extensions><gpxtpx:TrackPointExtension><gpxtpx:depth>0.00</gpxtpx:depth></gpxtpx:TrackPointExtension></extensions></trkpt><trkpt lat="36.7101468891" lon="114.3348883744"><ele>228.48</ele><time>2018-10-11T09:11:18Z</time><extensions><gpxtpx:TrackPointExtension><gpxtpx:depth>0.00</gpxtpx:depth></gpxtpx:TrackPointExtension></extensions></trkpt><trkpt lat="36.7102019582" lon="114.3345031422"><ele>229.41</ele><time>2018-10-11T09:11:29Z</time><extensions><gpxtpx:TrackPointExtension><gpxtpx:depth>0.00</gpxtpx:depth></gpxtpx:TrackPointExtension></extensions></trkpt><trkpt lat="36.7101193964" lon="114.3339998089"><ele>229.87</ele><time>2018-10-11T09:11:43Z</time><extensions><gpxtpx:TrackPointExtension><gpxtpx:depth>0.00</gpxtpx:depth></gpxtpx:TrackPointExtension></extensions></trkpt><trkpt lat="36.7101887148" lon="114.3332962319"><ele>229.14</ele><time>2018-10-11T09:11:55Z</time><extensions><gpxtpx:TrackPointExtension><gpxtpx:depth>0.00</gpxtpx:depth></gpxtpx:TrackPointExtension></extensions></trkpt><trkpt lat="36.7101849429" lon="114.3327480555"><ele>225.84</ele><time>2018-10-11T09:12:03Z</time><extensions><gpxtpx:TrackPointExtension><gpxtpx:depth>0.00</gpxtpx:depth></gpxtpx:TrackPointExtension></extensions></trkpt><trkpt lat="36.7101738788" lon="114.3326103408"><ele>225.20</ele><time>2018-10-11T09:12:05Z</time><extensions><gpxtpx:TrackPointExtension><gpxtpx:depth>0.00</gpxtpx:depth></gpxtpx:TrackPointExtension></extensions></trkpt><trkpt lat="36.7101499904" lon="114.3323398568"><ele>223.72</ele><time>2018-10-11T09:12:09Z</time><extensions><gpxtpx:TrackPointExtension><gpxtpx:depth>0.00</gpxtpx:depth></gpxtpx:TrackPointExtension></extensions></trkpt><trkpt lat="36.7101612221" lon="114.3322624918"><ele>223.38</ele><time>2018-10-11T09:12:10Z</time><extensions><gpxtpx:TrackPointExtension><gpxtpx:depth>0.00</gpxtpx:depth></gpxtpx:TrackPointExtension></extensions></trkpt><trkpt lat="36.7101748846" lon="114.3321860489"><ele>223.04</ele><time>2018-10-11T09:12:11Z</time><extensions><gpxtpx:TrackPointExtension><gpxtpx:depth>0.00</gpxtpx:depth></gpxtpx:TrackPointExtension></extensions></trkpt><trkpt lat="36.7101809196" lon="114.3320590630"><ele>222.65</ele><time>2018-10-11T09:12:13Z</time><extensions><gpxtpx:TrackPointExtension><gpxtpx:depth>0.00</gpxtpx:depth></gpxtpx:TrackPointExtension></extensions></trkpt><trkpt lat="36.7101919837" lon="114.3320011441"><ele>222.38</ele><time>2018-10-11T09:12:14Z</time><extensions><gpxtpx:TrackPointExtension><gpxtpx:depth>0.00</gpxtpx:depth></gpxtpx:TrackPointExtension></extensions></trkpt><trkpt lat="36.7100473121" lon="114.3318556342"><ele>220.70</ele><time>2018-10-11T09:12:19Z</time><extensions><gpxtpx:TrackPointExtension><gpxtpx:depth>0.00</gpxtpx:depth></gpxtpx:TrackPointExtension></extensions></trkpt><trkpt lat="36.7098529357" lon="114.3318715598"><ele>219.75</ele><time>2018-10-11T09:12:23Z</time><extensions><gpxtpx:TrackPointExtension><gpxtpx:depth>0.00</gpxtpx:depth></gpxtpx:TrackPointExtension></extensions></trkpt><trkpt lat="36.7094522808" lon="114.3319627549"><ele>219.20</ele><time>2018-10-11T09:12:36Z</time><extensions><gpxtpx:TrackPointExtension><gpxtpx:depth>0.00</gpxtpx:depth></gpxtpx:TrackPointExtension></extensions></trkpt><trkpt lat="36.7088851612" lon="114.3321042415"><ele>218.92</ele><time>2018-10-11T09:12:51Z</time><extensions><gpxtpx:TrackPointExtension><gpxtpx:depth>0.00</gpxtpx:depth></gpxtpx:TrackPointExtension></extensions></trkpt><trkpt lat="36.7083685007" lon="114.3321937602"><ele>218.26</ele><time>2018-10-11T09:13:03Z</time><extensions><gpxtpx:TrackPointExtension><gpxtpx:depth>0.00</gpxtpx:depth></gpxtpx:TrackPointExtension></extensions></trkpt><trkpt lat="36.7082189675" lon="114.3322423752"><ele>217.84</ele><time>2018-10-11T09:13:06Z</time><extensions><gpxtpx:TrackPointExtension><gpxtpx:depth>0.00</gpxtpx:depth></gpxtpx:TrackPointExtension></extensions></trkpt><trkpt lat="36.7077682726" lon="114.3324871268"><ele>217.21</ele><time>2018-10-11T09:13:12Z</time><extensions><gpxtpx:TrackPointExtension><gpxtpx:depth>0.00</gpxtpx:depth></gpxtpx:TrackPointExtension></extensions></trkpt><trkpt lat="36.7073333357" lon="114.3325895537"><ele>216.78</ele><time>2018-10-11T09:13:20Z</time><extensions><gpxtpx:TrackPointExtension><gpxtpx:depth>0.00</gpxtpx:depth></gpxtpx:TrackPointExtension></extensions></trkpt><trkpt lat="36.7070506979" lon="114.3324625678"><ele>216.55</ele><time>2018-10-11T09:13:30Z</time><extensions><gpxtpx:TrackPointExtension><gpxtpx:depth>0.00</gpxtpx:depth></gpxtpx:TrackPointExtension></extensions></trkpt><trkpt lat="36.7068556510" lon="114.3321280461"><ele>219.38</ele><time>2018-10-11T09:13:45Z</time><extensions><gpxtpx:TrackPointExtension><gpxtpx:depth>0.00</gpxtpx:depth></gpxtpx:TrackPointExtension></extensions></trkpt><trkpt lat="36.7068227101" lon="114.3318594899"><ele>220.97</ele><time>2018-10-11T09:13:54Z</time><extensions><gpxtpx:TrackPointExtension><gpxtpx:depth>0.00</gpxtpx:depth></gpxtpx:TrackPointExtension></extensions></trkpt><trkpt lat="36.7068186030" lon="114.3318328355"><ele>221.07</ele><time>2018-10-11T09:13:55Z</time><extensions><gpxtpx:TrackPointExtension><gpxtpx:depth>0.00</gpxtpx:depth></gpxtpx:TrackPointExtension></extensions></trkpt><trkpt lat="36.7067934573" lon="114.3318280578"><ele>221.25</ele><time>2018-10-11T09:13:56Z</time><extensions><gpxtpx:TrackPointExtension><gpxtpx:depth>0.00</gpxtpx:depth></gpxtpx:TrackPointExtension></extensions></trkpt><trkpt lat="36.7067777831" lon="114.3318122160"><ele>221.46</ele><time>2018-10-11T09:13:57Z</time><extensions><gpxtpx:TrackPointExtension><gpxtpx:depth>0.00</gpxtpx:depth></gpxtpx:TrackPointExtension></extensions></trkpt><trkpt lat="36.7067631986" lon="114.3317957036"><ele>221.65</ele><time>2018-10-11T09:13:58Z</time><extensions><gpxtpx:TrackPointExtension><gpxtpx:depth>0.00</gpxtpx:depth></gpxtpx:TrackPointExtension></extensions></trkpt><trkpt lat="36.7067409027" lon="114.3317863997"><ele>221.77</ele><time>2018-10-11T09:13:59Z</time><extensions><gpxtpx:TrackPointExtension><gpxtpx:depth>0.00</gpxtpx:depth></gpxtpx:TrackPointExtension></extensions></trkpt><trkpt lat="36.7065291759" lon="114.3315056898"><ele>223.89</ele><time>2018-10-11T09:14:15Z</time><extensions><gpxtpx:TrackPointExtension><gpxtpx:depth>0.00</gpxtpx:depth></gpxtpx:TrackPointExtension></extensions></trkpt><trkpt lat="36.7062633857" lon="114.3311263248"><ele>226.64</ele><time>2018-10-11T09:14:35Z</time><extensions><gpxtpx:TrackPointExtension><gpxtpx:depth>0.00</gpxtpx:depth></gpxtpx:TrackPointExtension></extensions></trkpt><trkpt lat="36.7060557660" lon="114.3306504004"><ele>228.69</ele><time>2018-10-11T09:14:55Z</time><extensions><gpxtpx:TrackPointExtension><gpxtpx:depth>0.00</gpxtpx:depth></gpxtpx:TrackPointExtension></extensions></trkpt><trkpt lat="36.7059450410" lon="114.3300962728"><ele>228.42</ele><time>2018-10-11T09:15:10Z</time><extensions><gpxtpx:TrackPointExtension><gpxtpx:depth>0.00</gpxtpx:depth></gpxtpx:TrackPointExtension></extensions></trkpt><trkpt lat="36.7056076694" lon="114.3297712225"><ele>228.45</ele><time>2018-10-11T09:15:26Z</time><extensions><gpxtpx:TrackPointExtension><gpxtpx:depth>0.00</gpxtpx:depth></gpxtpx:TrackPointExtension></extensions></trkpt><trkpt lat="36.7052915040" lon="114.3294779398"><ele>230.29</ele><time>2018-10-11T09:15:42Z</time><extensions><gpxtpx:TrackPointExtension><gpxtpx:depth>0.00</gpxtpx:depth></gpxtpx:TrackPointExtension></extensions></trkpt><trkpt lat="36.7049752548" lon="114.3291606009"><ele>232.48</ele><time>2018-10-11T09:15:59Z</time><extensions><gpxtpx:TrackPointExtension><gpxtpx:depth>0.00</gpxtpx:depth></gpxtpx:TrackPointExtension></extensions></trkpt><trkpt lat="36.7046866659" lon="114.3289045338"><ele>233.26</ele><time>2018-10-11T09:16:16Z</time><extensions><gpxtpx:TrackPointExtension><gpxtpx:depth>0.00</gpxtpx:depth></gpxtpx:TrackPointExtension></extensions></trkpt><trkpt lat="36.7044152599" lon="114.3287058827"><ele>233.31</ele><time>2018-10-11T09:16:32Z</time><extensions><gpxtpx:TrackPointExtension><gpxtpx:depth>0.00</gpxtpx:depth></gpxtpx:TrackPointExtension></extensions></trkpt><trkpt lat="36.7042101547" lon="114.3285893742"><ele>232.96</ele><time>2018-10-11T09:16:44Z</time><extensions><gpxtpx:TrackPointExtension><gpxtpx:depth>0.00</gpxtpx:depth></gpxtpx:TrackPointExtension></extensions></trkpt><trkpt lat="36.7041770462" lon="114.3285753764"><ele>232.68</ele><time>2018-10-11T09:16:46Z</time><extensions><gpxtpx:TrackPointExtension><gpxtpx:depth>0.00</gpxtpx:depth></gpxtpx:TrackPointExtension></extensions></trkpt><trkpt lat="36.7043241486" lon="114.3288016040"><ele>230.80</ele><time>2018-10-11T09:17:14Z</time><extensions><gpxtpx:TrackPointExtension><gpxtpx:depth>0.00</gpxtpx:depth></gpxtpx:TrackPointExtension></extensions></trkpt><trkpt lat="36.7046413198" lon="114.3289252371"><ele>233.07</ele><time>2018-10-11T09:17:27Z</time><extensions><gpxtpx:TrackPointExtension><gpxtpx:depth>0.00</gpxtpx:depth></gpxtpx:TrackPointExtension></extensions></trkpt><trkpt lat="36.7046750151" lon="114.3289352953"><ele>233.30</ele><time>2018-10-11T09:17:37Z</time><extensions><gpxtpx:TrackPointExtension><gpxtpx:depth>0.00</gpxtpx:depth></gpxtpx:TrackPointExtension></extensions></trkpt><trkpt lat="36.7046517134" lon="114.3290102296"><ele>233.30</ele><time>2018-10-11T09:17:43Z</time><extensions><gpxtpx:TrackPointExtension><gpxtpx:depth>0.00</gpxtpx:depth></gpxtpx:TrackPointExtension></extensions></trkpt><trkpt lat="36.7046694830" lon="114.3290872592"><ele>235.01</ele><time>2018-10-11T09:17:58Z</time><extensions><gpxtpx:TrackPointExtension><gpxtpx:depth>0.00</gpxtpx:depth></gpxtpx:TrackPointExtension></extensions></trkpt><trkpt lat="36.7045634519" lon="114.3291154224"><ele>237.41</ele><time>2018-10-11T09:18:17Z</time><extensions><gpxtpx:TrackPointExtension><gpxtpx:depth>0.00</gpxtpx:depth></gpxtpx:TrackPointExtension></extensions></trkpt><trkpt lat="36.7045667209" lon="114.3291202839"><ele>237.97</ele><time>2018-10-11T09:18:20Z</time><extensions><gpxtpx:TrackPointExtension><gpxtpx:depth>0.00</gpxtpx:depth></gpxtpx:TrackPointExtension></extensions></trkpt><trkpt lat="36.7041979171" lon="114.3294776883"><ele>249.50</ele><time>2018-10-11T09:20:59Z</time><extensions><gpxtpx:TrackPointExtension><gpxtpx:depth>0.00</gpxtpx:depth></gpxtpx:TrackPointExtension></extensions></trkpt><trkpt lat="36.7041914631" lon="114.3294732459"><ele>250.05</ele><time>2018-10-11T09:21:07Z</time><extensions><gpxtpx:TrackPointExtension><gpxtpx:depth>0.00</gpxtpx:depth></gpxtpx:TrackPointExtension></extensions></trkpt><trkpt lat="36.7041386571" lon="114.3295336794"><ele>252.12</ele><time>2018-10-11T09:21:30Z</time><extensions><gpxtpx:TrackPointExtension><gpxtpx:depth>0.00</gpxtpx:depth></gpxtpx:TrackPointExtension></extensions></trkpt><trkpt lat="36.7041430157" lon="114.3295311648"><ele>252.77</ele><time>2018-10-11T09:21:43Z</time><extensions><gpxtpx:TrackPointExtension><gpxtpx:depth>0.00</gpxtpx:depth></gpxtpx:TrackPointExtension></extensions></trkpt><trkpt lat="36.7041784711" lon="114.3295054324"><ele>253.05</ele><time>2018-10-11T09:21:53Z</time><extensions><gpxtpx:TrackPointExtension><gpxtpx:depth>0.00</gpxtpx:depth></gpxtpx:TrackPointExtension></extensions></trkpt><trkpt lat="36.7042016890" lon="114.3294867408"><ele>253.23</ele><time>2018-10-11T09:21:55Z</time><extensions><gpxtpx:TrackPointExtension><gpxtpx:depth>0.00</gpxtpx:depth></gpxtpx:TrackPointExtension></extensions></trkpt><trkpt lat="36.7042305227" lon="114.3295150716"><ele>255.46</ele><time>2018-10-11T09:23:16Z</time><extensions><gpxtpx:TrackPointExtension><gpxtpx:depth>0.00</gpxtpx:depth></gpxtpx:TrackPointExtension></extensions></trkpt><trkpt lat="36.7043659743" lon="114.3294269778"><ele>255.50</ele><time>2018-10-11T09:23:26Z</time><extensions><gpxtpx:TrackPointExtension><gpxtpx:depth>0.00</gpxtpx:depth></gpxtpx:TrackPointExtension></extensions></trkpt><trkpt lat="36.7044186965" lon="114.3293937016"><ele>255.45</ele><time>2018-10-11T09:23:37Z</time><extensions><gpxtpx:TrackPointExtension><gpxtpx:depth>0.00</gpxtpx:depth></gpxtpx:TrackPointExtension></extensions></trkpt><trkpt lat="36.7044422496" lon="114.3293692265"><ele>255.37</ele><time>2018-10-11T09:23:49Z</time><extensions><gpxtpx:TrackPointExtension><gpxtpx:depth>0.00</gpxtpx:depth></gpxtpx:TrackPointExtension></extensions></trkpt><trkpt lat="36.7044294253" lon="114.3293535523"><ele>255.53</ele><time>2018-10-11T09:24:05Z</time><extensions><gpxtpx:TrackPointExtension><gpxtpx:depth>0.00</gpxtpx:depth></gpxtpx:TrackPointExtension></extensions></trkpt><trkpt lat="36.7043181136" lon="114.3294474296"><ele>255.46</ele><time>2018-10-11T09:24:24Z</time><extensions><gpxtpx:TrackPointExtension><gpxtpx:depth>0.00</gpxtpx:depth></gpxtpx:TrackPointExtension></extensions></trkpt><trkpt lat="36.7041845899" lon="114.3295832165"><ele>255.39</ele><time>2018-10-11T09:24:46Z</time><extensions><gpxtpx:TrackPointExtension><gpxtpx:depth>0.00</gpxtpx:depth></gpxtpx:TrackPointExtension></extensions></trkpt><trkpt lat="36.7041720171" lon="114.3295908440"><ele>255.40</ele><time>2018-10-11T09:24:49Z</time><extensions><gpxtpx:TrackPointExtension><gpxtpx:depth>0.00</gpxtpx:depth></gpxtpx:TrackPointExtension></extensions></trkpt><trkpt lat="36.7041138466" lon="114.3296824582"><ele>255.32</ele><time>2018-10-11T09:33:14Z</time><extensions><gpxtpx:TrackPointExtension><gpxtpx:depth>0.00</gpxtpx:depth></gpxtpx:TrackPointExtension></extensions></trkpt><trkpt lat="36.7041487154" lon="114.3296219409"><ele>255.43</ele><time>2018-10-11T09:33:27Z</time><extensions><gpxtpx:TrackPointExtension><gpxtpx:depth>0.00</gpxtpx:depth></gpxtpx:TrackPointExtension></extensions></trkpt></trkseg></trk></gpx>