<?xml version="1.0" encoding="UTF-8" standalone="no" ?><gpx xmlns="http://www.topografix.com/GPX/1/1" xmlns:gpxx="http://www.garmin.com/xmlschemas/GpxExtensions/v3" xmlns:gpxtrkx="http://www.garmin.com/xmlschemas/TrackStatsExtension/v1" xmlns:wptx1="http://www.garmin.com/xmlschemas/WaypointExtension/v1" xmlns:gpxtpx="http://www.garmin.com/xmlschemas/TrackPointExtension/v1" creator="eTrex Touch 35t" version="1.1" xmlns:xsi="http://www.w3.org/2001/XMLSchema-instance" xsi:schemaLocation="http://www.topografix.com/GPX/1/1 http://www.topografix.com/GPX/1/1/gpx.xsd http://www.garmin.com/xmlschemas/GpxExtensions/v3 http://www8.garmin.com/xmlschemas/GpxExtensionsv3.xsd http://www.garmin.com/xmlschemas/TrackStatsExtension/v1 http://www8.garmin.com/xmlschemas/TrackStatsExtension.xsd http://www.garmin.com/xmlschemas/WaypointExtension/v1 http://www8.garmin.com/xmlschemas/WaypointExtensionv1.xsd http://www.garmin.com/xmlschemas/TrackPointExtension/v1 http://www.garmin.com/xmlschemas/TrackPointExtensionv1.xsd"><metadata><link href="http://www.garmin.com"><text>Garmin International</text></link><time>2018-08-16T15:17:21Z</time></metadata><trk><name>2018-08-16 18:16:30</name><extensions><gpxx:TrackExtension><gpxx:DisplayColor>Cyan</gpxx:DisplayColor></gpxx:TrackExtension><gpxtrkx:TrackStatsExtension><gpxtrkx:Distance>71599.000</gpxtrkx:Distance><gpxtrkx:TimerTime>23284</gpxtrkx:TimerTime><gpxtrkx:TotalElapsedTime>80542</gpxtrkx:TotalElapsedTime><gpxtrkx:MovingTime>18512</gpxtrkx:MovingTime><gpxtrkx:StoppedTime>4837</gpxtrkx:StoppedTime><gpxtrkx:MovingSpeed>3.870</gpxtrkx:MovingSpeed><gpxtrkx:MaxSpeed>12.793</gpxtrkx:MaxSpeed><gpxtrkx:MaxElevation>234.556</gpxtrkx:MaxElevation><gpxtrkx:MinElevation>95.435</gpxtrkx:MinElevation><gpxtrkx:Ascent>356.000</gpxtrkx:Ascent><gpxtrkx:Descent>293.086</gpxtrkx:Descent><gpxtrkx:AvgAscentRate>0.034</gpxtrkx:AvgAscentRate><gpxtrkx:MaxAscentRate>0.159</gpxtrkx:MaxAscentRate><gpxtrkx:AvgDescentRate>0.042</gpxtrkx:AvgDescentRate><gpxtrkx:MaxDescentRate>-0.448</gpxtrkx:MaxDescentRate><gpxtrkx:Calories>1378</gpxtrkx:Calories></gpxtrkx:TrackStatsExtension></extensions><trkseg><trkpt lat="55.7110427041" lon="49.5327215921"><ele>96.11</ele><time>2018-08-15T16:55:00Z</time><extensions><gpxtpx:TrackPointExtension><gpxtpx:depth>0.00</gpxtpx:depth></gpxtpx:TrackPointExtension></extensions></trkpt><trkpt lat="55.7110190671" lon="49.5327211730"><ele>96.06</ele><time>2018-08-15T16:56:50Z</time><extensions><gpxtpx:TrackPointExtension><gpxtpx:depth>0.00</gpxtpx:depth></gpxtpx:TrackPointExtension></extensions></trkpt><trkpt lat="55.7106413785" lon="49.5326226018"><ele>132.84</ele><time>2018-08-16T08:50:08Z</time><extensions><gpxtpx:TrackPointExtension><gpxtpx:depth>0.00</gpxtpx:depth></gpxtpx:TrackPointExtension></extensions></trkpt><trkpt lat="55.7116150204" lon="49.5333981793"><ele>135.62</ele><time>2018-08-16T08:52:15Z</time><extensions><gpxtpx:TrackPointExtension><gpxtpx:depth>0.00</gpxtpx:depth></gpxtpx:TrackPointExtension></extensions></trkpt><trkpt lat="55.7125159074" lon="49.5333629753"><ele>139.38</ele><time>2018-08-16T08:54:04Z</time><extensions><gpxtpx:TrackPointExtension><gpxtpx:depth>0.00</gpxtpx:depth></gpxtpx:TrackPointExtension></extensions></trkpt><trkpt lat="55.7132792473" lon="49.5335928909"><ele>142.95</ele><time>2018-08-16T08:56:14Z</time><extensions><gpxtpx:TrackPointExtension><gpxtpx:depth>0.00</gpxtpx:depth></gpxtpx:TrackPointExtension></extensions></trkpt><trkpt lat="55.7133184746" lon="49.5347822830"><ele>146.49</ele><time>2018-08-16T08:58:14Z</time><extensions><gpxtpx:TrackPointExtension><gpxtpx:depth>0.00</gpxtpx:depth></gpxtpx:TrackPointExtension></extensions></trkpt><trkpt lat="55.7131001260" lon="49.5363859925"><ele>146.18</ele><time>2018-08-16T08:58:39Z</time><extensions><gpxtpx:TrackPointExtension><gpxtpx:depth>0.00</gpxtpx:depth></gpxtpx:TrackPointExtension></extensions></trkpt><trkpt lat="55.7128837053" lon="49.5379394107"><ele>146.41</ele><time>2018-08-16T08:59:01Z</time><extensions><gpxtpx:TrackPointExtension><gpxtpx:depth>0.00</gpxtpx:depth></gpxtpx:TrackPointExtension></extensions></trkpt><trkpt lat="55.7126626745" lon="49.5395004563"><ele>146.77</ele><time>2018-08-16T08:59:23Z</time><extensions><gpxtpx:TrackPointExtension><gpxtpx:depth>0.00</gpxtpx:depth></gpxtpx:TrackPointExtension></extensions></trkpt><trkpt lat="55.7124510314" lon="49.5410427265"><ele>147.04</ele><time>2018-08-16T08:59:43Z</time><extensions><gpxtpx:TrackPointExtension><gpxtpx:depth>0.00</gpxtpx:depth></gpxtpx:TrackPointExtension></extensions></trkpt><trkpt lat="55.7121955510" lon="49.5426236372"><ele>147.46</ele><time>2018-08-16T09:00:04Z</time><extensions><gpxtpx:TrackPointExtension><gpxtpx:depth>0.00</gpxtpx:depth></gpxtpx:TrackPointExtension></extensions></trkpt><trkpt lat="55.7119261567" lon="49.5442395005"><ele>147.61</ele><time>2018-08-16T09:00:24Z</time><extensions><gpxtpx:TrackPointExtension><gpxtpx:depth>0.00</gpxtpx:depth></gpxtpx:TrackPointExtension></extensions></trkpt><trkpt lat="55.7116385736" lon="49.5457801782"><ele>147.61</ele><time>2018-08-16T09:00:40Z</time><extensions><gpxtpx:TrackPointExtension><gpxtpx:depth>0.00</gpxtpx:depth></gpxtpx:TrackPointExtension></extensions></trkpt><trkpt lat="55.7113072369" lon="49.5473375358"><ele>147.48</ele><time>2018-08-16T09:00:56Z</time><extensions><gpxtpx:TrackPointExtension><gpxtpx:depth>0.00</gpxtpx:depth></gpxtpx:TrackPointExtension></extensions></trkpt><trkpt lat="55.7109761517" lon="49.5488340408"><ele>147.07</ele><time>2018-08-16T09:01:12Z</time><extensions><gpxtpx:TrackPointExtension><gpxtpx:depth>0.00</gpxtpx:depth></gpxtpx:TrackPointExtension></extensions></trkpt><trkpt lat="55.7106064260" lon="49.5503510814"><ele>146.53</ele><time>2018-08-16T09:01:27Z</time><extensions><gpxtpx:TrackPointExtension><gpxtpx:depth>0.00</gpxtpx:depth></gpxtpx:TrackPointExtension></extensions></trkpt><trkpt lat="55.7102123089" lon="49.5518143103"><ele>145.64</ele><time>2018-08-16T09:01:41Z</time><extensions><gpxtpx:TrackPointExtension><gpxtpx:depth>0.00</gpxtpx:depth></gpxtpx:TrackPointExtension></extensions></trkpt><trkpt lat="55.7097635418" lon="49.5532734320"><ele>143.82</ele><time>2018-08-16T09:01:55Z</time><extensions><gpxtpx:TrackPointExtension><gpxtpx:depth>0.00</gpxtpx:depth></gpxtpx:TrackPointExtension></extensions></trkpt><trkpt lat="55.7092742063" lon="49.5547714457"><ele>142.28</ele><time>2018-08-16T09:02:09Z</time><extensions><gpxtpx:TrackPointExtension><gpxtpx:depth>0.00</gpxtpx:depth></gpxtpx:TrackPointExtension></extensions></trkpt><trkpt lat="55.7087636646" lon="49.5562133007"><ele>140.52</ele><time>2018-08-16T09:02:22Z</time><extensions><gpxtpx:TrackPointExtension><gpxtpx:depth>0.00</gpxtpx:depth></gpxtpx:TrackPointExtension></extensions></trkpt><trkpt lat="55.7082224451" lon="49.5576577540"><ele>137.87</ele><time>2018-08-16T09:02:34Z</time><extensions><gpxtpx:TrackPointExtension><gpxtpx:depth>0.00</gpxtpx:depth></gpxtpx:TrackPointExtension></extensions></trkpt><trkpt lat="55.7076735143" lon="49.5591178816"><ele>134.99</ele><time>2018-08-16T09:02:45Z</time><extensions><gpxtpx:TrackPointExtension><gpxtpx:depth>0.00</gpxtpx:depth></gpxtpx:TrackPointExtension></extensions></trkpt><trkpt lat="55.7071386650" lon="49.5605500136"><ele>131.48</ele><time>2018-08-16T09:02:55Z</time><extensions><gpxtpx:TrackPointExtension><gpxtpx:depth>0.00</gpxtpx:depth></gpxtpx:TrackPointExtension></extensions></trkpt><trkpt lat="55.7066208310" lon="49.5619120728"><ele>127.34</ele><time>2018-08-16T09:03:04Z</time><extensions><gpxtpx:TrackPointExtension><gpxtpx:depth>0.00</gpxtpx:depth></gpxtpx:TrackPointExtension></extensions></trkpt><trkpt lat="55.7060768455" lon="49.5633481443"><ele>123.58</ele><time>2018-08-16T09:03:13Z</time><extensions><gpxtpx:TrackPointExtension><gpxtpx:depth>0.00</gpxtpx:depth></gpxtpx:TrackPointExtension></extensions></trkpt><trkpt lat="55.7055376377" lon="49.5647713915"><ele>119.61</ele><time>2018-08-16T09:03:22Z</time><extensions><gpxtpx:TrackPointExtension><gpxtpx:depth>0.00</gpxtpx:depth></gpxtpx:TrackPointExtension></extensions></trkpt><trkpt lat="55.7050290238" lon="49.5661229733"><ele>116.11</ele><time>2018-08-16T09:03:31Z</time><extensions><gpxtpx:TrackPointExtension><gpxtpx:depth>0.00</gpxtpx:depth></gpxtpx:TrackPointExtension></extensions></trkpt><trkpt lat="55.7045184821" lon="49.5674663410"><ele>113.14</ele><time>2018-08-16T09:03:41Z</time><extensions><gpxtpx:TrackPointExtension><gpxtpx:depth>0.00</gpxtpx:depth></gpxtpx:TrackPointExtension></extensions></trkpt><trkpt lat="55.7040123828" lon="49.5688019134"><ele>112.20</ele><time>2018-08-16T09:03:53Z</time><extensions><gpxtpx:TrackPointExtension><gpxtpx:depth>0.00</gpxtpx:depth></gpxtpx:TrackPointExtension></extensions></trkpt><trkpt lat="55.7034815568" lon="49.5701959915"><ele>111.46</ele><time>2018-08-16T09:04:09Z</time><extensions><gpxtpx:TrackPointExtension><gpxtpx:depth>0.00</gpxtpx:depth></gpxtpx:TrackPointExtension></extensions></trkpt><trkpt lat="55.7029787265" lon="49.5715578832"><ele>111.29</ele><time>2018-08-16T09:04:25Z</time><extensions><gpxtpx:TrackPointExtension><gpxtpx:depth>0.00</gpxtpx:depth></gpxtpx:TrackPointExtension></extensions></trkpt><trkpt lat="55.7024523430" lon="49.5729379635"><ele>111.26</ele><time>2018-08-16T09:04:43Z</time><extensions><gpxtpx:TrackPointExtension><gpxtpx:depth>0.00</gpxtpx:depth></gpxtpx:TrackPointExtension></extensions></trkpt><trkpt lat="55.7019330002" lon="49.5742905512"><ele>111.84</ele><time>2018-08-16T09:05:02Z</time><extensions><gpxtpx:TrackPointExtension><gpxtpx:depth>0.00</gpxtpx:depth></gpxtpx:TrackPointExtension></extensions></trkpt><trkpt lat="55.7014003303" lon="49.5756631717"><ele>113.19</ele><time>2018-08-16T09:05:22Z</time><extensions><gpxtpx:TrackPointExtension><gpxtpx:depth>0.00</gpxtpx:depth></gpxtpx:TrackPointExtension></extensions></trkpt><trkpt lat="55.7008866034" lon="49.5770212077"><ele>113.86</ele><time>2018-08-16T09:05:42Z</time><extensions><gpxtpx:TrackPointExtension><gpxtpx:depth>0.00</gpxtpx:depth></gpxtpx:TrackPointExtension></extensions></trkpt><trkpt lat="55.7003860362" lon="49.5783479791"><ele>114.46</ele><time>2018-08-16T09:06:01Z</time><extensions><gpxtpx:TrackPointExtension><gpxtpx:depth>0.00</gpxtpx:depth></gpxtpx:TrackPointExtension></extensions></trkpt><trkpt lat="55.6998887379" lon="49.5796745829"><ele>114.17</ele><time>2018-08-16T09:06:22Z</time><extensions><gpxtpx:TrackPointExtension><gpxtpx:depth>0.00</gpxtpx:depth></gpxtpx:TrackPointExtension></extensions></trkpt><trkpt lat="55.6993714068" lon="49.5810553338"><ele>114.00</ele><time>2018-08-16T09:06:40Z</time><extensions><gpxtpx:TrackPointExtension><gpxtpx:depth>0.00</gpxtpx:depth></gpxtpx:TrackPointExtension></extensions></trkpt><trkpt lat="55.6988606974" lon="49.5824406110"><ele>113.65</ele><time>2018-08-16T09:06:55Z</time><extensions><gpxtpx:TrackPointExtension><gpxtpx:depth>0.00</gpxtpx:depth></gpxtpx:TrackPointExtension></extensions></trkpt><trkpt lat="55.6983759720" lon="49.5838514529"><ele>112.74</ele><time>2018-08-16T09:07:09Z</time><extensions><gpxtpx:TrackPointExtension><gpxtpx:depth>0.00</gpxtpx:depth></gpxtpx:TrackPointExtension></extensions></trkpt><trkpt lat="55.6979098544" lon="49.5852775499"><ele>112.22</ele><time>2018-08-16T09:07:24Z</time><extensions><gpxtpx:TrackPointExtension><gpxtpx:depth>0.00</gpxtpx:depth></gpxtpx:TrackPointExtension></extensions></trkpt><trkpt lat="55.6975350156" lon="49.5867442992"><ele>112.08</ele><time>2018-08-16T09:07:40Z</time><extensions><gpxtpx:TrackPointExtension><gpxtpx:depth>0.00</gpxtpx:depth></gpxtpx:TrackPointExtension></extensions></trkpt><trkpt lat="55.6972166710" lon="49.5882538799"><ele>112.18</ele><time>2018-08-16T09:07:58Z</time><extensions><gpxtpx:TrackPointExtension><gpxtpx:depth>0.00</gpxtpx:depth></gpxtpx:TrackPointExtension></extensions></trkpt><trkpt lat="55.6969610229" lon="49.5898562483"><ele>112.12</ele><time>2018-08-16T09:08:17Z</time><extensions><gpxtpx:TrackPointExtension><gpxtpx:depth>0.00</gpxtpx:depth></gpxtpx:TrackPointExtension></extensions></trkpt><trkpt lat="55.6967744417" lon="49.5914234966"><ele>112.38</ele><time>2018-08-16T09:08:35Z</time><extensions><gpxtpx:TrackPointExtension><gpxtpx:depth>0.00</gpxtpx:depth></gpxtpx:TrackPointExtension></extensions></trkpt><trkpt lat="55.6966383196" lon="49.5930154715"><ele>112.61</ele><time>2018-08-16T09:08:53Z</time><extensions><gpxtpx:TrackPointExtension><gpxtpx:depth>0.00</gpxtpx:depth></gpxtpx:TrackPointExtension></extensions></trkpt><trkpt lat="55.6965501420" lon="49.5946239587"><ele>112.53</ele><time>2018-08-16T09:09:10Z</time><extensions><gpxtpx:TrackPointExtension><gpxtpx:depth>0.00</gpxtpx:depth></gpxtpx:TrackPointExtension></extensions></trkpt><trkpt lat="55.6965471245" lon="49.5962234773"><ele>112.40</ele><time>2018-08-16T09:09:26Z</time><extensions><gpxtpx:TrackPointExtension><gpxtpx:depth>0.00</gpxtpx:depth></gpxtpx:TrackPointExtension></extensions></trkpt><trkpt lat="55.6966006011" lon="49.5978803281"><ele>112.47</ele><time>2018-08-16T09:09:42Z</time><extensions><gpxtpx:TrackPointExtension><gpxtpx:depth>0.00</gpxtpx:depth></gpxtpx:TrackPointExtension></extensions></trkpt><trkpt lat="55.6966924667" lon="49.5994930901"><ele>112.36</ele><time>2018-08-16T09:09:58Z</time><extensions><gpxtpx:TrackPointExtension><gpxtpx:depth>0.00</gpxtpx:depth></gpxtpx:TrackPointExtension></extensions></trkpt><trkpt lat="55.6968422513" lon="49.6011051815"><ele>112.34</ele><time>2018-08-16T09:10:14Z</time><extensions><gpxtpx:TrackPointExtension><gpxtpx:depth>0.00</gpxtpx:depth></gpxtpx:TrackPointExtension></extensions></trkpt><trkpt lat="55.6969970651" lon="49.6026962344"><ele>112.04</ele><time>2018-08-16T09:10:29Z</time><extensions><gpxtpx:TrackPointExtension><gpxtpx:depth>0.00</gpxtpx:depth></gpxtpx:TrackPointExtension></extensions></trkpt><trkpt lat="55.6971441675" lon="49.6042997763"><ele>111.50</ele><time>2018-08-16T09:10:45Z</time><extensions><gpxtpx:TrackPointExtension><gpxtpx:depth>0.00</gpxtpx:depth></gpxtpx:TrackPointExtension></extensions></trkpt><trkpt lat="55.6973087881" lon="49.6059495863"><ele>111.22</ele><time>2018-08-16T09:11:01Z</time><extensions><gpxtpx:TrackPointExtension><gpxtpx:depth>0.00</gpxtpx:depth></gpxtpx:TrackPointExtension></extensions></trkpt><trkpt lat="55.6974816229" lon="49.6075605042"><ele>111.38</ele><time>2018-08-16T09:11:16Z</time><extensions><gpxtpx:TrackPointExtension><gpxtpx:depth>0.00</gpxtpx:depth></gpxtpx:TrackPointExtension></extensions></trkpt><trkpt lat="55.6976533681" lon="49.6091923770"><ele>111.76</ele><time>2018-08-16T09:11:32Z</time><extensions><gpxtpx:TrackPointExtension><gpxtpx:depth>0.00</gpxtpx:depth></gpxtpx:TrackPointExtension></extensions></trkpt><trkpt lat="55.6978184916" lon="49.6108276024"><ele>111.75</ele><time>2018-08-16T09:11:51Z</time><extensions><gpxtpx:TrackPointExtension><gpxtpx:depth>0.00</gpxtpx:depth></gpxtpx:TrackPointExtension></extensions></trkpt><trkpt lat="55.6979773287" lon="49.6124813519"><ele>111.64</ele><time>2018-08-16T09:12:09Z</time><extensions><gpxtpx:TrackPointExtension><gpxtpx:depth>0.00</gpxtpx:depth></gpxtpx:TrackPointExtension></extensions></trkpt><trkpt lat="55.6981449667" lon="49.6140611731"><ele>111.66</ele><time>2018-08-16T09:12:25Z</time><extensions><gpxtpx:TrackPointExtension><gpxtpx:depth>0.00</gpxtpx:depth></gpxtpx:TrackPointExtension></extensions></trkpt><trkpt lat="55.6983046420" lon="49.6157430019"><ele>111.63</ele><time>2018-08-16T09:12:41Z</time><extensions><gpxtpx:TrackPointExtension><gpxtpx:depth>0.00</gpxtpx:depth></gpxtpx:TrackPointExtension></extensions></trkpt><trkpt lat="55.6984811649" lon="49.6173613798"><ele>111.63</ele><time>2018-08-16T09:12:57Z</time><extensions><gpxtpx:TrackPointExtension><gpxtpx:depth>0.00</gpxtpx:depth></gpxtpx:TrackPointExtension></extensions></trkpt><trkpt lat="55.6986391637" lon="49.6189787518"><ele>112.28</ele><time>2018-08-16T09:13:13Z</time><extensions><gpxtpx:TrackPointExtension><gpxtpx:depth>0.00</gpxtpx:depth></gpxtpx:TrackPointExtension></extensions></trkpt><trkpt lat="55.6987937260" lon="49.6205843892"><ele>112.68</ele><time>2018-08-16T09:13:28Z</time><extensions><gpxtpx:TrackPointExtension><gpxtpx:depth>0.00</gpxtpx:depth></gpxtpx:TrackPointExtension></extensions></trkpt><trkpt lat="55.6989602745" lon="49.6221417468"><ele>113.22</ele><time>2018-08-16T09:13:43Z</time><extensions><gpxtpx:TrackPointExtension><gpxtpx:depth>0.00</gpxtpx:depth></gpxtpx:TrackPointExtension></extensions></trkpt><trkpt lat="55.6991176866" lon="49.6237345599"><ele>113.72</ele><time>2018-08-16T09:14:00Z</time><extensions><gpxtpx:TrackPointExtension><gpxtpx:depth>0.00</gpxtpx:depth></gpxtpx:TrackPointExtension></extensions></trkpt><trkpt lat="55.6992280763" lon="49.6253322344"><ele>114.36</ele><time>2018-08-16T09:14:16Z</time><extensions><gpxtpx:TrackPointExtension><gpxtpx:depth>0.00</gpxtpx:depth></gpxtpx:TrackPointExtension></extensions></trkpt><trkpt lat="55.6993240491" lon="49.6269127261"><ele>114.87</ele><time>2018-08-16T09:14:34Z</time><extensions><gpxtpx:TrackPointExtension><gpxtpx:depth>0.00</gpxtpx:depth></gpxtpx:TrackPointExtension></extensions></trkpt><trkpt lat="55.6994016655" lon="49.6285790484"><ele>116.12</ele><time>2018-08-16T09:14:53Z</time><extensions><gpxtpx:TrackPointExtension><gpxtpx:depth>0.00</gpxtpx:depth></gpxtpx:TrackPointExtension></extensions></trkpt><trkpt lat="55.6994175911" lon="49.6301822551"><ele>117.09</ele><time>2018-08-16T09:15:13Z</time><extensions><gpxtpx:TrackPointExtension><gpxtpx:depth>0.00</gpxtpx:depth></gpxtpx:TrackPointExtension></extensions></trkpt><trkpt lat="55.6993659586" lon="49.6318395250"><ele>117.96</ele><time>2018-08-16T09:15:34Z</time><extensions><gpxtpx:TrackPointExtension><gpxtpx:depth>0.00</gpxtpx:depth></gpxtpx:TrackPointExtension></extensions></trkpt><trkpt lat="55.6993069500" lon="49.6334491018"><ele>118.73</ele><time>2018-08-16T09:15:55Z</time><extensions><gpxtpx:TrackPointExtension><gpxtpx:depth>0.00</gpxtpx:depth></gpxtpx:TrackPointExtension></extensions></trkpt><trkpt lat="55.6991872564" lon="49.6350590978"><ele>118.87</ele><time>2018-08-16T09:16:14Z</time><extensions><gpxtpx:TrackPointExtension><gpxtpx:depth>0.00</gpxtpx:depth></gpxtpx:TrackPointExtension></extensions></trkpt><trkpt lat="55.6990453508" lon="49.6366460435"><ele>119.05</ele><time>2018-08-16T09:16:32Z</time><extensions><gpxtpx:TrackPointExtension><gpxtpx:depth>0.00</gpxtpx:depth></gpxtpx:TrackPointExtension></extensions></trkpt><trkpt lat="55.6988752820" lon="49.6382516809"><ele>119.08</ele><time>2018-08-16T09:16:49Z</time><extensions><gpxtpx:TrackPointExtension><gpxtpx:depth>0.00</gpxtpx:depth></gpxtpx:TrackPointExtension></extensions></trkpt><trkpt lat="55.6986868568" lon="49.6398302447"><ele>118.45</ele><time>2018-08-16T09:17:05Z</time><extensions><gpxtpx:TrackPointExtension><gpxtpx:depth>0.00</gpxtpx:depth></gpxtpx:TrackPointExtension></extensions></trkpt><trkpt lat="55.6984762195" lon="49.6413942240"><ele>118.77</ele><time>2018-08-16T09:17:23Z</time><extensions><gpxtpx:TrackPointExtension><gpxtpx:depth>0.00</gpxtpx:depth></gpxtpx:TrackPointExtension></extensions></trkpt><trkpt lat="55.6982919853" lon="49.6429846901"><ele>120.25</ele><time>2018-08-16T09:17:44Z</time><extensions><gpxtpx:TrackPointExtension><gpxtpx:depth>0.00</gpxtpx:depth></gpxtpx:TrackPointExtension></extensions></trkpt><trkpt lat="55.6980645005" lon="49.6445618290"><ele>120.98</ele><time>2018-08-16T09:18:09Z</time><extensions><gpxtpx:TrackPointExtension><gpxtpx:depth>0.00</gpxtpx:depth></gpxtpx:TrackPointExtension></extensions></trkpt><trkpt lat="55.6978586409" lon="49.6461591683"><ele>123.04</ele><time>2018-08-16T09:18:34Z</time><extensions><gpxtpx:TrackPointExtension><gpxtpx:depth>0.00</gpxtpx:depth></gpxtpx:TrackPointExtension></extensions></trkpt><trkpt lat="55.6976137217" lon="49.6476861835"><ele>124.68</ele><time>2018-08-16T09:19:00Z</time><extensions><gpxtpx:TrackPointExtension><gpxtpx:depth>0.00</gpxtpx:depth></gpxtpx:TrackPointExtension></extensions></trkpt><trkpt lat="55.6973519549" lon="49.6491998713"><ele>127.54</ele><time>2018-08-16T09:19:29Z</time><extensions><gpxtpx:TrackPointExtension><gpxtpx:depth>0.00</gpxtpx:depth></gpxtpx:TrackPointExtension></extensions></trkpt><trkpt lat="55.6970662996" lon="49.6507156547"><ele>130.77</ele><time>2018-08-16T09:20:01Z</time><extensions><gpxtpx:TrackPointExtension><gpxtpx:depth>0.00</gpxtpx:depth></gpxtpx:TrackPointExtension></extensions></trkpt><trkpt lat="55.6966957357" lon="49.6521966532"><ele>133.93</ele><time>2018-08-16T09:20:35Z</time><extensions><gpxtpx:TrackPointExtension><gpxtpx:depth>0.00</gpxtpx:depth></gpxtpx:TrackPointExtension></extensions></trkpt><trkpt lat="55.6962967571" lon="49.6536911465"><ele>136.73</ele><time>2018-08-16T09:21:11Z</time><extensions><gpxtpx:TrackPointExtension><gpxtpx:depth>0.00</gpxtpx:depth></gpxtpx:TrackPointExtension></extensions></trkpt><trkpt lat="55.6958574615" lon="49.6550857276"><ele>139.65</ele><time>2018-08-16T09:21:46Z</time><extensions><gpxtpx:TrackPointExtension><gpxtpx:depth>0.00</gpxtpx:depth></gpxtpx:TrackPointExtension></extensions></trkpt><trkpt lat="55.6953926850" lon="49.6564643830"><ele>141.91</ele><time>2018-08-16T09:22:20Z</time><extensions><gpxtpx:TrackPointExtension><gpxtpx:depth>0.00</gpxtpx:depth></gpxtpx:TrackPointExtension></extensions></trkpt><trkpt lat="55.6949376315" lon="49.6577889752"><ele>144.56</ele><time>2018-08-16T09:22:57Z</time><extensions><gpxtpx:TrackPointExtension><gpxtpx:depth>0.00</gpxtpx:depth></gpxtpx:TrackPointExtension></extensions></trkpt><trkpt lat="55.6944594439" lon="49.6591765992"><ele>147.26</ele><time>2018-08-16T09:23:37Z</time><extensions><gpxtpx:TrackPointExtension><gpxtpx:depth>0.00</gpxtpx:depth></gpxtpx:TrackPointExtension></extensions></trkpt><trkpt lat="55.6939517520" lon="49.6605343837"><ele>149.68</ele><time>2018-08-16T09:24:15Z</time><extensions><gpxtpx:TrackPointExtension><gpxtpx:depth>0.00</gpxtpx:depth></gpxtpx:TrackPointExtension></extensions></trkpt><trkpt lat="55.6934341695" lon="49.6618490852"><ele>151.95</ele><time>2018-08-16T09:24:52Z</time><extensions><gpxtpx:TrackPointExtension><gpxtpx:depth>0.00</gpxtpx:depth></gpxtpx:TrackPointExtension></extensions></trkpt><trkpt lat="55.6928863283" lon="49.6631473582"><ele>154.87</ele><time>2018-08-16T09:25:30Z</time><extensions><gpxtpx:TrackPointExtension><gpxtpx:depth>0.00</gpxtpx:depth></gpxtpx:TrackPointExtension></extensions></trkpt><trkpt lat="55.6922819093" lon="49.6643808391"><ele>157.19</ele><time>2018-08-16T09:26:08Z</time><extensions><gpxtpx:TrackPointExtension><gpxtpx:depth>0.00</gpxtpx:depth></gpxtpx:TrackPointExtension></extensions></trkpt><trkpt lat="55.6916610617" lon="49.6655308362"><ele>159.81</ele><time>2018-08-16T09:26:45Z</time><extensions><gpxtpx:TrackPointExtension><gpxtpx:depth>0.00</gpxtpx:depth></gpxtpx:TrackPointExtension></extensions></trkpt><trkpt lat="55.6909623463" lon="49.6666241717"><ele>162.74</ele><time>2018-08-16T09:27:24Z</time><extensions><gpxtpx:TrackPointExtension><gpxtpx:depth>0.00</gpxtpx:depth></gpxtpx:TrackPointExtension></extensions></trkpt><trkpt lat="55.6903066300" lon="49.6677465923"><ele>165.75</ele><time>2018-08-16T09:38:49Z</time><extensions><gpxtpx:TrackPointExtension><gpxtpx:depth>0.00</gpxtpx:depth></gpxtpx:TrackPointExtension></extensions></trkpt><trkpt lat="55.6896171346" lon="49.6688382514"><ele>168.61</ele><time>2018-08-16T09:39:30Z</time><extensions><gpxtpx:TrackPointExtension><gpxtpx:depth>0.00</gpxtpx:depth></gpxtpx:TrackPointExtension></extensions></trkpt><trkpt lat="55.6889720634" lon="49.6699710656"><ele>170.84</ele><time>2018-08-16T09:40:07Z</time><extensions><gpxtpx:TrackPointExtension><gpxtpx:depth>0.00</gpxtpx:depth></gpxtpx:TrackPointExtension></extensions></trkpt><trkpt lat="55.6883109827" lon="49.6710468829"><ele>173.07</ele><time>2018-08-16T09:40:47Z</time><extensions><gpxtpx:TrackPointExtension><gpxtpx:depth>0.00</gpxtpx:depth></gpxtpx:TrackPointExtension></extensions></trkpt><trkpt lat="55.6876369938" lon="49.6721317526"><ele>174.81</ele><time>2018-08-16T09:41:26Z</time><extensions><gpxtpx:TrackPointExtension><gpxtpx:depth>0.00</gpxtpx:depth></gpxtpx:TrackPointExtension></extensions></trkpt><trkpt lat="55.6869677827" lon="49.6732339729"><ele>175.88</ele><time>2018-08-16T09:42:00Z</time><extensions><gpxtpx:TrackPointExtension><gpxtpx:depth>0.00</gpxtpx:depth></gpxtpx:TrackPointExtension></extensions></trkpt><trkpt lat="55.6862903573" lon="49.6743573993"><ele>176.81</ele><time>2018-08-16T09:42:27Z</time><extensions><gpxtpx:TrackPointExtension><gpxtpx:depth>0.00</gpxtpx:depth></gpxtpx:TrackPointExtension></extensions></trkpt><trkpt lat="55.6856012810" lon="49.6754432749"><ele>178.07</ele><time>2018-08-16T09:42:54Z</time><extensions><gpxtpx:TrackPointExtension><gpxtpx:depth>0.00</gpxtpx:depth></gpxtpx:TrackPointExtension></extensions></trkpt><trkpt lat="55.6849373505" lon="49.6765123866"><ele>178.58</ele><time>2018-08-16T09:43:21Z</time><extensions><gpxtpx:TrackPointExtension><gpxtpx:depth>0.00</gpxtpx:depth></gpxtpx:TrackPointExtension></extensions></trkpt><trkpt lat="55.6842339411" lon="49.6775955800"><ele>179.71</ele><time>2018-08-16T09:43:49Z</time><extensions><gpxtpx:TrackPointExtension><gpxtpx:depth>0.00</gpxtpx:depth></gpxtpx:TrackPointExtension></extensions></trkpt><trkpt lat="55.6835566834" lon="49.6786972135"><ele>180.47</ele><time>2018-08-16T09:44:18Z</time><extensions><gpxtpx:TrackPointExtension><gpxtpx:depth>0.00</gpxtpx:depth></gpxtpx:TrackPointExtension></extensions></trkpt><trkpt lat="55.6829206645" lon="49.6798585262"><ele>181.62</ele><time>2018-08-16T09:44:48Z</time><extensions><gpxtpx:TrackPointExtension><gpxtpx:depth>0.00</gpxtpx:depth></gpxtpx:TrackPointExtension></extensions></trkpt><trkpt lat="55.6823234539" lon="49.6810547914"><ele>183.14</ele><time>2018-08-16T09:45:20Z</time><extensions><gpxtpx:TrackPointExtension><gpxtpx:depth>0.00</gpxtpx:depth></gpxtpx:TrackPointExtension></extensions></trkpt><trkpt lat="55.6817278359" lon="49.6822979115"><ele>185.44</ele><time>2018-08-16T09:45:52Z</time><extensions><gpxtpx:TrackPointExtension><gpxtpx:depth>0.00</gpxtpx:depth></gpxtpx:TrackPointExtension></extensions></trkpt><trkpt lat="55.6811838504" lon="49.6835850365"><ele>187.69</ele><time>2018-08-16T09:46:25Z</time><extensions><gpxtpx:TrackPointExtension><gpxtpx:depth>0.00</gpxtpx:depth></gpxtpx:TrackPointExtension></extensions></trkpt><trkpt lat="55.6806410383" lon="49.6848735027"><ele>190.62</ele><time>2018-08-16T09:46:58Z</time><extensions><gpxtpx:TrackPointExtension><gpxtpx:depth>0.00</gpxtpx:depth></gpxtpx:TrackPointExtension></extensions></trkpt><trkpt lat="55.6801270600" lon="49.6861841809"><ele>193.25</ele><time>2018-08-16T09:47:32Z</time><extensions><gpxtpx:TrackPointExtension><gpxtpx:depth>0.00</gpxtpx:depth></gpxtpx:TrackPointExtension></extensions></trkpt><trkpt lat="55.6796422508" lon="49.6875348408"><ele>195.63</ele><time>2018-08-16T09:48:07Z</time><extensions><gpxtpx:TrackPointExtension><gpxtpx:depth>0.00</gpxtpx:depth></gpxtpx:TrackPointExtension></extensions></trkpt><trkpt lat="55.6791689247" lon="49.6889298409"><ele>197.71</ele><time>2018-08-16T09:48:40Z</time><extensions><gpxtpx:TrackPointExtension><gpxtpx:depth>0.00</gpxtpx:depth></gpxtpx:TrackPointExtension></extensions></trkpt><trkpt lat="55.6787090935" lon="49.6903309599"><ele>198.91</ele><time>2018-08-16T09:49:13Z</time><extensions><gpxtpx:TrackPointExtension><gpxtpx:depth>0.00</gpxtpx:depth></gpxtpx:TrackPointExtension></extensions></trkpt><trkpt lat="55.6782416347" lon="49.6917516086"><ele>200.01</ele><time>2018-08-16T09:49:44Z</time><extensions><gpxtpx:TrackPointExtension><gpxtpx:depth>0.00</gpxtpx:depth></gpxtpx:TrackPointExtension></extensions></trkpt><trkpt lat="55.6777423248" lon="49.6931251511"><ele>201.07</ele><time>2018-08-16T09:50:14Z</time><extensions><gpxtpx:TrackPointExtension><gpxtpx:depth>0.00</gpxtpx:depth></gpxtpx:TrackPointExtension></extensions></trkpt><trkpt lat="55.6772570126" lon="49.6945318021"><ele>201.93</ele><time>2018-08-16T09:50:44Z</time><extensions><gpxtpx:TrackPointExtension><gpxtpx:depth>0.00</gpxtpx:depth></gpxtpx:TrackPointExtension></extensions></trkpt><trkpt lat="55.6767911464" lon="49.6959024109"><ele>202.33</ele><time>2018-08-16T09:51:15Z</time><extensions><gpxtpx:TrackPointExtension><gpxtpx:depth>0.00</gpxtpx:depth></gpxtpx:TrackPointExtension></extensions></trkpt><trkpt lat="55.6764048245" lon="49.6974009275"><ele>202.40</ele><time>2018-08-16T09:51:42Z</time><extensions><gpxtpx:TrackPointExtension><gpxtpx:depth>0.00</gpxtpx:depth></gpxtpx:TrackPointExtension></extensions></trkpt><trkpt lat="55.6759413052" lon="49.6987895574"><ele>201.45</ele><time>2018-08-16T09:52:04Z</time><extensions><gpxtpx:TrackPointExtension><gpxtpx:depth>0.00</gpxtpx:depth></gpxtpx:TrackPointExtension></extensions></trkpt><trkpt lat="55.6754794624" lon="49.7002172470"><ele>200.35</ele><time>2018-08-16T09:52:26Z</time><extensions><gpxtpx:TrackPointExtension><gpxtpx:depth>0.00</gpxtpx:depth></gpxtpx:TrackPointExtension></extensions></trkpt><trkpt lat="55.6750158593" lon="49.7016280051"><ele>200.30</ele><time>2018-08-16T09:52:48Z</time><extensions><gpxtpx:TrackPointExtension><gpxtpx:depth>0.00</gpxtpx:depth></gpxtpx:TrackPointExtension></extensions></trkpt><trkpt lat="55.6745524239" lon="49.7030489892"><ele>200.64</ele><time>2018-08-16T09:53:13Z</time><extensions><gpxtpx:TrackPointExtension><gpxtpx:depth>0.00</gpxtpx:depth></gpxtpx:TrackPointExtension></extensions></trkpt><trkpt lat="55.6740909163" lon="49.7044200171"><ele>200.44</ele><time>2018-08-16T09:53:37Z</time><extensions><gpxtpx:TrackPointExtension><gpxtpx:depth>0.00</gpxtpx:depth></gpxtpx:TrackPointExtension></extensions></trkpt><trkpt lat="55.6736424845" lon="49.7057977505"><ele>200.80</ele><time>2018-08-16T09:54:00Z</time><extensions><gpxtpx:TrackPointExtension><gpxtpx:depth>0.00</gpxtpx:depth></gpxtpx:TrackPointExtension></extensions></trkpt><trkpt lat="55.6731889397" lon="49.7072292957"><ele>201.69</ele><time>2018-08-16T09:54:25Z</time><extensions><gpxtpx:TrackPointExtension><gpxtpx:depth>0.00</gpxtpx:depth></gpxtpx:TrackPointExtension></extensions></trkpt><trkpt lat="55.6727041304" lon="49.7085508704"><ele>202.83</ele><time>2018-08-16T09:54:51Z</time><extensions><gpxtpx:TrackPointExtension><gpxtpx:depth>0.00</gpxtpx:depth></gpxtpx:TrackPointExtension></extensions></trkpt><trkpt lat="55.6722514238" lon="49.7099430207"><ele>204.82</ele><time>2018-08-16T09:55:21Z</time><extensions><gpxtpx:TrackPointExtension><gpxtpx:depth>0.00</gpxtpx:depth></gpxtpx:TrackPointExtension></extensions></trkpt><trkpt lat="55.6717800256" lon="49.7113278788"><ele>207.02</ele><time>2018-08-16T09:55:51Z</time><extensions><gpxtpx:TrackPointExtension><gpxtpx:depth>0.00</gpxtpx:depth></gpxtpx:TrackPointExtension></extensions></trkpt><trkpt lat="55.6713465136" lon="49.7127762716"><ele>209.45</ele><time>2018-08-16T09:56:28Z</time><extensions><gpxtpx:TrackPointExtension><gpxtpx:depth>0.00</gpxtpx:depth></gpxtpx:TrackPointExtension></extensions></trkpt><trkpt lat="55.6709276699" lon="49.7142341360"><ele>212.18</ele><time>2018-08-16T09:57:04Z</time><extensions><gpxtpx:TrackPointExtension><gpxtpx:depth>0.00</gpxtpx:depth></gpxtpx:TrackPointExtension></extensions></trkpt><trkpt lat="55.6705596205" lon="49.7157117818"><ele>214.56</ele><time>2018-08-16T09:57:40Z</time><extensions><gpxtpx:TrackPointExtension><gpxtpx:depth>0.00</gpxtpx:depth></gpxtpx:TrackPointExtension></extensions></trkpt><trkpt lat="55.6702589616" lon="49.7172679659"><ele>217.08</ele><time>2018-08-16T09:58:19Z</time><extensions><gpxtpx:TrackPointExtension><gpxtpx:depth>0.00</gpxtpx:depth></gpxtpx:TrackPointExtension></extensions></trkpt><trkpt lat="55.6700194906" lon="49.7188302688"><ele>219.15</ele><time>2018-08-16T09:58:55Z</time><extensions><gpxtpx:TrackPointExtension><gpxtpx:depth>0.00</gpxtpx:depth></gpxtpx:TrackPointExtension></extensions></trkpt><trkpt lat="55.6698395312" lon="49.7204232495"><ele>221.24</ele><time>2018-08-16T09:59:35Z</time><extensions><gpxtpx:TrackPointExtension><gpxtpx:depth>0.00</gpxtpx:depth></gpxtpx:TrackPointExtension></extensions></trkpt><trkpt lat="55.6697172392" lon="49.7220310662"><ele>222.07</ele><time>2018-08-16T10:00:14Z</time><extensions><gpxtpx:TrackPointExtension><gpxtpx:depth>0.00</gpxtpx:depth></gpxtpx:TrackPointExtension></extensions></trkpt><trkpt lat="55.6696618348" lon="49.7236341890"><ele>223.83</ele><time>2018-08-16T10:00:47Z</time><extensions><gpxtpx:TrackPointExtension><gpxtpx:depth>0.00</gpxtpx:depth></gpxtpx:TrackPointExtension></extensions></trkpt><trkpt lat="55.6696750782" lon="49.7252647206"><ele>224.95</ele><time>2018-08-16T10:01:12Z</time><extensions><gpxtpx:TrackPointExtension><gpxtpx:depth>0.00</gpxtpx:depth></gpxtpx:TrackPointExtension></extensions></trkpt><trkpt lat="55.6697327457" lon="49.7269043885"><ele>225.92</ele><time>2018-08-16T10:01:39Z</time><extensions><gpxtpx:TrackPointExtension><gpxtpx:depth>0.00</gpxtpx:depth></gpxtpx:TrackPointExtension></extensions></trkpt><trkpt lat="55.6698778365" lon="49.7285250295"><ele>226.81</ele><time>2018-08-16T10:02:05Z</time><extensions><gpxtpx:TrackPointExtension><gpxtpx:depth>0.00</gpxtpx:depth></gpxtpx:TrackPointExtension></extensions></trkpt><trkpt lat="55.6700821873" lon="49.7301175073"><ele>227.13</ele><time>2018-08-16T10:02:30Z</time><extensions><gpxtpx:TrackPointExtension><gpxtpx:depth>0.00</gpxtpx:depth></gpxtpx:TrackPointExtension></extensions></trkpt><trkpt lat="55.6702988595" lon="49.7317357175"><ele>227.66</ele><time>2018-08-16T10:02:54Z</time><extensions><gpxtpx:TrackPointExtension><gpxtpx:depth>0.00</gpxtpx:depth></gpxtpx:TrackPointExtension></extensions></trkpt><trkpt lat="55.6705201417" lon="49.7332933266"><ele>228.17</ele><time>2018-08-16T10:03:15Z</time><extensions><gpxtpx:TrackPointExtension><gpxtpx:depth>0.00</gpxtpx:depth></gpxtpx:TrackPointExtension></extensions></trkpt><trkpt lat="55.6707669888" lon="49.7348986287"><ele>228.86</ele><time>2018-08-16T10:03:37Z</time><extensions><gpxtpx:TrackPointExtension><gpxtpx:depth>0.00</gpxtpx:depth></gpxtpx:TrackPointExtension></extensions></trkpt><trkpt lat="55.6709961500" lon="49.7365117259"><ele>229.53</ele><time>2018-08-16T10:04:00Z</time><extensions><gpxtpx:TrackPointExtension><gpxtpx:depth>0.00</gpxtpx:depth></gpxtpx:TrackPointExtension></extensions></trkpt><trkpt lat="55.6712240539" lon="49.7380540799"><ele>230.17</ele><time>2018-08-16T10:04:23Z</time><extensions><gpxtpx:TrackPointExtension><gpxtpx:depth>0.00</gpxtpx:depth></gpxtpx:TrackPointExtension></extensions></trkpt><trkpt lat="55.6714491919" lon="49.7395976912"><ele>230.65</ele><time>2018-08-16T10:04:47Z</time><extensions><gpxtpx:TrackPointExtension><gpxtpx:depth>0.00</gpxtpx:depth></gpxtpx:TrackPointExtension></extensions></trkpt><trkpt lat="55.6716761738" lon="49.7412049212"><ele>231.15</ele><time>2018-08-16T10:05:10Z</time><extensions><gpxtpx:TrackPointExtension><gpxtpx:depth>0.00</gpxtpx:depth></gpxtpx:TrackPointExtension></extensions></trkpt><trkpt lat="55.6719098613" lon="49.7428052779"><ele>231.22</ele><time>2018-08-16T10:05:31Z</time><extensions><gpxtpx:TrackPointExtension><gpxtpx:depth>0.00</gpxtpx:depth></gpxtpx:TrackPointExtension></extensions></trkpt><trkpt lat="55.6721317302" lon="49.7443671618"><ele>231.17</ele><time>2018-08-16T10:05:50Z</time><extensions><gpxtpx:TrackPointExtension><gpxtpx:depth>0.00</gpxtpx:depth></gpxtpx:TrackPointExtension></extensions></trkpt><trkpt lat="55.6723601371" lon="49.7459545266"><ele>230.74</ele><time>2018-08-16T10:06:07Z</time><extensions><gpxtpx:TrackPointExtension><gpxtpx:depth>0.00</gpxtpx:depth></gpxtpx:TrackPointExtension></extensions></trkpt><trkpt lat="55.6725641526" lon="49.7475578170"><ele>230.04</ele><time>2018-08-16T10:06:23Z</time><extensions><gpxtpx:TrackPointExtension><gpxtpx:depth>0.00</gpxtpx:depth></gpxtpx:TrackPointExtension></extensions></trkpt><trkpt lat="55.6727992650" lon="49.7491144203"><ele>228.68</ele><time>2018-08-16T10:06:38Z</time><extensions><gpxtpx:TrackPointExtension><gpxtpx:depth>0.00</gpxtpx:depth></gpxtpx:TrackPointExtension></extensions></trkpt><trkpt lat="55.6730339583" lon="49.7507151961"><ele>227.48</ele><time>2018-08-16T10:06:52Z</time><extensions><gpxtpx:TrackPointExtension><gpxtpx:depth>0.00</gpxtpx:depth></gpxtpx:TrackPointExtension></extensions></trkpt><trkpt lat="55.6732776202" lon="49.7523945104"><ele>225.75</ele><time>2018-08-16T10:07:05Z</time><extensions><gpxtpx:TrackPointExtension><gpxtpx:depth>0.00</gpxtpx:depth></gpxtpx:TrackPointExtension></extensions></trkpt><trkpt lat="55.6735106371" lon="49.7539764270"><ele>223.90</ele><time>2018-08-16T10:07:16Z</time><extensions><gpxtpx:TrackPointExtension><gpxtpx:depth>0.00</gpxtpx:depth></gpxtpx:TrackPointExtension></extensions></trkpt><trkpt lat="55.6737578195" lon="49.7555844113"><ele>222.03</ele><time>2018-08-16T10:07:27Z</time><extensions><gpxtpx:TrackPointExtension><gpxtpx:depth>0.00</gpxtpx:depth></gpxtpx:TrackPointExtension></extensions></trkpt><trkpt lat="55.6740119588" lon="49.7572069801"><ele>220.20</ele><time>2018-08-16T10:07:38Z</time><extensions><gpxtpx:TrackPointExtension><gpxtpx:depth>0.00</gpxtpx:depth></gpxtpx:TrackPointExtension></extensions></trkpt><trkpt lat="55.6742411200" lon="49.7587911598"><ele>218.41</ele><time>2018-08-16T10:07:49Z</time><extensions><gpxtpx:TrackPointExtension><gpxtpx:depth>0.00</gpxtpx:depth></gpxtpx:TrackPointExtension></extensions></trkpt><trkpt lat="55.6744675152" lon="49.7603710648"><ele>216.78</ele><time>2018-08-16T10:08:01Z</time><extensions><gpxtpx:TrackPointExtension><gpxtpx:depth>0.00</gpxtpx:depth></gpxtpx:TrackPointExtension></extensions></trkpt><trkpt lat="55.6746968441" lon="49.7619544063"><ele>215.60</ele><time>2018-08-16T10:08:14Z</time><extensions><gpxtpx:TrackPointExtension><gpxtpx:depth>0.00</gpxtpx:depth></gpxtpx:TrackPointExtension></extensions></trkpt><trkpt lat="55.6749327108" lon="49.7635836806"><ele>214.26</ele><time>2018-08-16T10:08:28Z</time><extensions><gpxtpx:TrackPointExtension><gpxtpx:depth>0.00</gpxtpx:depth></gpxtpx:TrackPointExtension></extensions></trkpt><trkpt lat="55.6751641352" lon="49.7652160563"><ele>213.64</ele><time>2018-08-16T10:08:41Z</time><extensions><gpxtpx:TrackPointExtension><gpxtpx:depth>0.00</gpxtpx:depth></gpxtpx:TrackPointExtension></extensions></trkpt><trkpt lat="55.6753994152" lon="49.7668127250"><ele>213.46</ele><time>2018-08-16T10:08:53Z</time><extensions><gpxtpx:TrackPointExtension><gpxtpx:depth>0.00</gpxtpx:depth></gpxtpx:TrackPointExtension></extensions></trkpt><trkpt lat="55.6756403111" lon="49.7684618644"><ele>212.86</ele><time>2018-08-16T10:09:05Z</time><extensions><gpxtpx:TrackPointExtension><gpxtpx:depth>0.00</gpxtpx:depth></gpxtpx:TrackPointExtension></extensions></trkpt><trkpt lat="55.6758806203" lon="49.7701431066"><ele>212.78</ele><time>2018-08-16T10:09:17Z</time><extensions><gpxtpx:TrackPointExtension><gpxtpx:depth>0.00</gpxtpx:depth></gpxtpx:TrackPointExtension></extensions></trkpt><trkpt lat="55.6761047523" lon="49.7717090975"><ele>212.69</ele><time>2018-08-16T10:09:29Z</time><extensions><gpxtpx:TrackPointExtension><gpxtpx:depth>0.00</gpxtpx:depth></gpxtpx:TrackPointExtension></extensions></trkpt><trkpt lat="55.6763339136" lon="49.7732537147"><ele>212.60</ele><time>2018-08-16T10:09:42Z</time><extensions><gpxtpx:TrackPointExtension><gpxtpx:depth>0.00</gpxtpx:depth></gpxtpx:TrackPointExtension></extensions></trkpt><trkpt lat="55.6765600573" lon="49.7748230584"><ele>212.37</ele><time>2018-08-16T10:09:56Z</time><extensions><gpxtpx:TrackPointExtension><gpxtpx:depth>0.00</gpxtpx:depth></gpxtpx:TrackPointExtension></extensions></trkpt><trkpt lat="55.6767828483" lon="49.7763996944"><ele>212.43</ele><time>2018-08-16T10:10:11Z</time><extensions><gpxtpx:TrackPointExtension><gpxtpx:depth>0.00</gpxtpx:depth></gpxtpx:TrackPointExtension></extensions></trkpt><trkpt lat="55.6770148594" lon="49.7779715527"><ele>212.25</ele><time>2018-08-16T10:10:26Z</time><extensions><gpxtpx:TrackPointExtension><gpxtpx:depth>0.00</gpxtpx:depth></gpxtpx:TrackPointExtension></extensions></trkpt><trkpt lat="55.6772347167" lon="49.7795345262"><ele>212.22</ele><time>2018-08-16T10:10:40Z</time><extensions><gpxtpx:TrackPointExtension><gpxtpx:depth>0.00</gpxtpx:depth></gpxtpx:TrackPointExtension></extensions></trkpt><trkpt lat="55.6774437614" lon="49.7811575141"><ele>212.47</ele><time>2018-08-16T10:10:55Z</time><extensions><gpxtpx:TrackPointExtension><gpxtpx:depth>0.00</gpxtpx:depth></gpxtpx:TrackPointExtension></extensions></trkpt><trkpt lat="55.6776360422" lon="49.7827286180"><ele>212.72</ele><time>2018-08-16T10:11:09Z</time><extensions><gpxtpx:TrackPointExtension><gpxtpx:depth>0.00</gpxtpx:depth></gpxtpx:TrackPointExtension></extensions></trkpt><trkpt lat="55.6778232940" lon="49.7843912523"><ele>213.01</ele><time>2018-08-16T10:11:25Z</time><extensions><gpxtpx:TrackPointExtension><gpxtpx:depth>0.00</gpxtpx:depth></gpxtpx:TrackPointExtension></extensions></trkpt><trkpt lat="55.6779966317" lon="49.7860485222"><ele>213.26</ele><time>2018-08-16T10:11:41Z</time><extensions><gpxtpx:TrackPointExtension><gpxtpx:depth>0.00</gpxtpx:depth></gpxtpx:TrackPointExtension></extensions></trkpt><trkpt lat="55.6781509425" lon="49.7876439337"><ele>213.08</ele><time>2018-08-16T10:11:57Z</time><extensions><gpxtpx:TrackPointExtension><gpxtpx:depth>0.00</gpxtpx:depth></gpxtpx:TrackPointExtension></extensions></trkpt><trkpt lat="55.6782940216" lon="49.7893016227"><ele>213.67</ele><time>2018-08-16T10:12:13Z</time><extensions><gpxtpx:TrackPointExtension><gpxtpx:depth>0.00</gpxtpx:depth></gpxtpx:TrackPointExtension></extensions></trkpt><trkpt lat="55.6784296408" lon="49.7909787577"><ele>214.22</ele><time>2018-08-16T10:12:30Z</time><extensions><gpxtpx:TrackPointExtension><gpxtpx:depth>0.00</gpxtpx:depth></gpxtpx:TrackPointExtension></extensions></trkpt><trkpt lat="55.6785666849" lon="49.7925582435"><ele>214.06</ele><time>2018-08-16T10:12:48Z</time><extensions><gpxtpx:TrackPointExtension><gpxtpx:depth>0.00</gpxtpx:depth></gpxtpx:TrackPointExtension></extensions></trkpt><trkpt lat="55.6787022203" lon="49.7941619530"><ele>214.28</ele><time>2018-08-16T10:13:06Z</time><extensions><gpxtpx:TrackPointExtension><gpxtpx:depth>0.00</gpxtpx:depth></gpxtpx:TrackPointExtension></extensions></trkpt><trkpt lat="55.6788184773" lon="49.7957508266"><ele>214.54</ele><time>2018-08-16T10:13:23Z</time><extensions><gpxtpx:TrackPointExtension><gpxtpx:depth>0.00</gpxtpx:depth></gpxtpx:TrackPointExtension></extensions></trkpt><trkpt lat="55.6789354049" lon="49.7974026483"><ele>214.63</ele><time>2018-08-16T10:13:41Z</time><extensions><gpxtpx:TrackPointExtension><gpxtpx:depth>0.00</gpxtpx:depth></gpxtpx:TrackPointExtension></extensions></trkpt><trkpt lat="55.6790835969" lon="49.7989926115"><ele>214.82</ele><time>2018-08-16T10:13:58Z</time><extensions><gpxtpx:TrackPointExtension><gpxtpx:depth>0.00</gpxtpx:depth></gpxtpx:TrackPointExtension></extensions></trkpt><trkpt lat="55.6792225689" lon="49.8006425891"><ele>214.83</ele><time>2018-08-16T10:14:16Z</time><extensions><gpxtpx:TrackPointExtension><gpxtpx:depth>0.00</gpxtpx:depth></gpxtpx:TrackPointExtension></extensions></trkpt><trkpt lat="55.6793440226" lon="49.8022437003"><ele>214.96</ele><time>2018-08-16T10:14:34Z</time><extensions><gpxtpx:TrackPointExtension><gpxtpx:depth>0.00</gpxtpx:depth></gpxtpx:TrackPointExtension></extensions></trkpt><trkpt lat="55.6794788875" lon="49.8038338311"><ele>214.89</ele><time>2018-08-16T10:14:52Z</time><extensions><gpxtpx:TrackPointExtension><gpxtpx:depth>0.00</gpxtpx:depth></gpxtpx:TrackPointExtension></extensions></trkpt><trkpt lat="55.6796081364" lon="49.8054229561"><ele>214.81</ele><time>2018-08-16T10:15:09Z</time><extensions><gpxtpx:TrackPointExtension><gpxtpx:depth>0.00</gpxtpx:depth></gpxtpx:TrackPointExtension></extensions></trkpt><trkpt lat="55.6797468569" lon="49.8070586007"><ele>214.75</ele><time>2018-08-16T10:15:26Z</time><extensions><gpxtpx:TrackPointExtension><gpxtpx:depth>0.00</gpxtpx:depth></gpxtpx:TrackPointExtension></extensions></trkpt><trkpt lat="55.6798740942" lon="49.8086882103"><ele>214.88</ele><time>2018-08-16T10:15:44Z</time><extensions><gpxtpx:TrackPointExtension><gpxtpx:depth>0.00</gpxtpx:depth></gpxtpx:TrackPointExtension></extensions></trkpt><trkpt lat="55.6800103001" lon="49.8102872260"><ele>214.54</ele><time>2018-08-16T10:16:02Z</time><extensions><gpxtpx:TrackPointExtension><gpxtpx:depth>0.00</gpxtpx:depth></gpxtpx:TrackPointExtension></extensions></trkpt><trkpt lat="55.6801449135" lon="49.8119240440"><ele>214.28</ele><time>2018-08-16T10:16:20Z</time><extensions><gpxtpx:TrackPointExtension><gpxtpx:depth>0.00</gpxtpx:depth></gpxtpx:TrackPointExtension></extensions></trkpt><trkpt lat="55.6802803650" lon="49.8135364708"><ele>213.81</ele><time>2018-08-16T10:16:37Z</time><extensions><gpxtpx:TrackPointExtension><gpxtpx:depth>0.00</gpxtpx:depth></gpxtpx:TrackPointExtension></extensions></trkpt><trkpt lat="55.6804190855" lon="49.8152083252"><ele>213.79</ele><time>2018-08-16T10:16:54Z</time><extensions><gpxtpx:TrackPointExtension><gpxtpx:depth>0.00</gpxtpx:depth></gpxtpx:TrackPointExtension></extensions></trkpt><trkpt lat="55.6805458199" lon="49.8168745637"><ele>214.01</ele><time>2018-08-16T10:17:09Z</time><extensions><gpxtpx:TrackPointExtension><gpxtpx:depth>0.00</gpxtpx:depth></gpxtpx:TrackPointExtension></extensions></trkpt><trkpt lat="55.6806482468" lon="49.8184708133"><ele>213.48</ele><time>2018-08-16T10:17:23Z</time><extensions><gpxtpx:TrackPointExtension><gpxtpx:depth>0.00</gpxtpx:depth></gpxtpx:TrackPointExtension></extensions></trkpt><trkpt lat="55.6807172298" lon="49.8201299272"><ele>213.39</ele><time>2018-08-16T10:17:39Z</time><extensions><gpxtpx:TrackPointExtension><gpxtpx:depth>0.00</gpxtpx:depth></gpxtpx:TrackPointExtension></extensions></trkpt><trkpt lat="55.6807430461" lon="49.8218078166"><ele>212.98</ele><time>2018-08-16T10:17:55Z</time><extensions><gpxtpx:TrackPointExtension><gpxtpx:depth>0.00</gpxtpx:depth></gpxtpx:TrackPointExtension></extensions></trkpt><trkpt lat="55.6807377655" lon="49.8234576266"><ele>212.61</ele><time>2018-08-16T10:18:12Z</time><extensions><gpxtpx:TrackPointExtension><gpxtpx:depth>0.00</gpxtpx:depth></gpxtpx:TrackPointExtension></extensions></trkpt><trkpt lat="55.6807046570" lon="49.8251381144"><ele>212.65</ele><time>2018-08-16T10:18:30Z</time><extensions><gpxtpx:TrackPointExtension><gpxtpx:depth>0.00</gpxtpx:depth></gpxtpx:TrackPointExtension></extensions></trkpt><trkpt lat="55.6806456484" lon="49.8267266527"><ele>212.41</ele><time>2018-08-16T10:18:48Z</time><extensions><gpxtpx:TrackPointExtension><gpxtpx:depth>0.00</gpxtpx:depth></gpxtpx:TrackPointExtension></extensions></trkpt><trkpt lat="55.6805862207" lon="49.8283480480"><ele>212.17</ele><time>2018-08-16T10:19:06Z</time><extensions><gpxtpx:TrackPointExtension><gpxtpx:depth>0.00</gpxtpx:depth></gpxtpx:TrackPointExtension></extensions></trkpt><trkpt lat="55.6804615818" lon="49.8299954273"><ele>211.95</ele><time>2018-08-16T10:19:25Z</time><extensions><gpxtpx:TrackPointExtension><gpxtpx:depth>0.00</gpxtpx:depth></gpxtpx:TrackPointExtension></extensions></trkpt><trkpt lat="55.6803020742" lon="49.8316266295"><ele>211.09</ele><time>2018-08-16T10:19:43Z</time><extensions><gpxtpx:TrackPointExtension><gpxtpx:depth>0.00</gpxtpx:depth></gpxtpx:TrackPointExtension></extensions></trkpt><trkpt lat="55.6801261380" lon="49.8331891838"><ele>210.90</ele><time>2018-08-16T10:20:01Z</time><extensions><gpxtpx:TrackPointExtension><gpxtpx:depth>0.00</gpxtpx:depth></gpxtpx:TrackPointExtension></extensions></trkpt><trkpt lat="55.6799020059" lon="49.8348058015"><ele>210.74</ele><time>2018-08-16T10:20:20Z</time><extensions><gpxtpx:TrackPointExtension><gpxtpx:depth>0.00</gpxtpx:depth></gpxtpx:TrackPointExtension></extensions></trkpt><trkpt lat="55.6796394009" lon="49.8364266101"><ele>210.48</ele><time>2018-08-16T10:20:39Z</time><extensions><gpxtpx:TrackPointExtension><gpxtpx:depth>0.00</gpxtpx:depth></gpxtpx:TrackPointExtension></extensions></trkpt><trkpt lat="55.6793586072" lon="49.8379879910"><ele>210.22</ele><time>2018-08-16T10:20:57Z</time><extensions><gpxtpx:TrackPointExtension><gpxtpx:depth>0.00</gpxtpx:depth></gpxtpx:TrackPointExtension></extensions></trkpt><trkpt lat="55.6790648215" lon="49.8395050317"><ele>209.96</ele><time>2018-08-16T10:21:18Z</time><extensions><gpxtpx:TrackPointExtension><gpxtpx:depth>0.00</gpxtpx:depth></gpxtpx:TrackPointExtension></extensions></trkpt><trkpt lat="55.6787225883" lon="49.8410352319"><ele>209.85</ele><time>2018-08-16T10:21:42Z</time><extensions><gpxtpx:TrackPointExtension><gpxtpx:depth>0.00</gpxtpx:depth></gpxtpx:TrackPointExtension></extensions></trkpt><trkpt lat="55.6783656031" lon="49.8424970359"><ele>209.59</ele><time>2018-08-16T10:22:02Z</time><extensions><gpxtpx:TrackPointExtension><gpxtpx:depth>0.00</gpxtpx:depth></gpxtpx:TrackPointExtension></extensions></trkpt><trkpt lat="55.6779698096" lon="49.8439465184"><ele>209.43</ele><time>2018-08-16T10:22:22Z</time><extensions><gpxtpx:TrackPointExtension><gpxtpx:depth>0.00</gpxtpx:depth></gpxtpx:TrackPointExtension></extensions></trkpt><trkpt lat="55.6775523070" lon="49.8454171233"><ele>209.10</ele><time>2018-08-16T10:22:43Z</time><extensions><gpxtpx:TrackPointExtension><gpxtpx:depth>0.00</gpxtpx:depth></gpxtpx:TrackPointExtension></extensions></trkpt><trkpt lat="55.6771012768" lon="49.8468542006"><ele>208.64</ele><time>2018-08-16T10:23:03Z</time><extensions><gpxtpx:TrackPointExtension><gpxtpx:depth>0.00</gpxtpx:depth></gpxtpx:TrackPointExtension></extensions></trkpt><trkpt lat="55.6766379252" lon="49.8482661322"><ele>208.39</ele><time>2018-08-16T10:23:24Z</time><extensions><gpxtpx:TrackPointExtension><gpxtpx:depth>0.00</gpxtpx:depth></gpxtpx:TrackPointExtension></extensions></trkpt><trkpt lat="55.6761846319" lon="49.8496606294"><ele>208.14</ele><time>2018-08-16T10:23:43Z</time><extensions><gpxtpx:TrackPointExtension><gpxtpx:depth>0.00</gpxtpx:depth></gpxtpx:TrackPointExtension></extensions></trkpt><trkpt lat="55.6757190172" lon="49.8510407936"><ele>207.81</ele><time>2018-08-16T10:24:01Z</time><extensions><gpxtpx:TrackPointExtension><gpxtpx:depth>0.00</gpxtpx:depth></gpxtpx:TrackPointExtension></extensions></trkpt><trkpt lat="55.6752544921" lon="49.8524384759"><ele>207.63</ele><time>2018-08-16T10:24:20Z</time><extensions><gpxtpx:TrackPointExtension><gpxtpx:depth>0.00</gpxtpx:depth></gpxtpx:TrackPointExtension></extensions></trkpt><trkpt lat="55.6747750472" lon="49.8538711108"><ele>207.53</ele><time>2018-08-16T10:24:39Z</time><extensions><gpxtpx:TrackPointExtension><gpxtpx:depth>0.00</gpxtpx:depth></gpxtpx:TrackPointExtension></extensions></trkpt><trkpt lat="55.6742909923" lon="49.8553246167"><ele>206.92</ele><time>2018-08-16T10:25:00Z</time><extensions><gpxtpx:TrackPointExtension><gpxtpx:depth>0.00</gpxtpx:depth></gpxtpx:TrackPointExtension></extensions></trkpt><trkpt lat="55.6738350168" lon="49.8567103129"><ele>207.54</ele><time>2018-08-16T10:25:23Z</time><extensions><gpxtpx:TrackPointExtension><gpxtpx:depth>0.00</gpxtpx:depth></gpxtpx:TrackPointExtension></extensions></trkpt><trkpt lat="55.6733478606" lon="49.8580786586"><ele>209.15</ele><time>2018-08-16T10:25:51Z</time><extensions><gpxtpx:TrackPointExtension><gpxtpx:depth>0.00</gpxtpx:depth></gpxtpx:TrackPointExtension></extensions></trkpt><trkpt lat="55.6728793960" lon="49.8594676238"><ele>212.00</ele><time>2018-08-16T10:26:29Z</time><extensions><gpxtpx:TrackPointExtension><gpxtpx:depth>0.00</gpxtpx:depth></gpxtpx:TrackPointExtension></extensions></trkpt><trkpt lat="55.6724059861" lon="49.8608549125"><ele>214.30</ele><time>2018-08-16T10:27:10Z</time><extensions><gpxtpx:TrackPointExtension><gpxtpx:depth>0.00</gpxtpx:depth></gpxtpx:TrackPointExtension></extensions></trkpt><trkpt lat="55.6719381083" lon="49.8622757290"><ele>216.36</ele><time>2018-08-16T10:27:50Z</time><extensions><gpxtpx:TrackPointExtension><gpxtpx:depth>0.00</gpxtpx:depth></gpxtpx:TrackPointExtension></extensions></trkpt><trkpt lat="55.6714669615" lon="49.8636397999"><ele>217.42</ele><time>2018-08-16T10:28:29Z</time><extensions><gpxtpx:TrackPointExtension><gpxtpx:depth>0.00</gpxtpx:depth></gpxtpx:TrackPointExtension></extensions></trkpt><trkpt lat="55.6707378197" lon="49.8639899958"><ele>217.93</ele><time>2018-08-16T10:29:16Z</time><extensions><gpxtpx:TrackPointExtension><gpxtpx:depth>0.00</gpxtpx:depth></gpxtpx:TrackPointExtension></extensions></trkpt><trkpt lat="55.6701428723" lon="49.8635098804"><ele>218.81</ele><time>2018-08-16T11:02:09Z</time><extensions><gpxtpx:TrackPointExtension><gpxtpx:depth>0.00</gpxtpx:depth></gpxtpx:TrackPointExtension></extensions></trkpt><trkpt lat="55.6708287634" lon="49.8641928378"><ele>219.18</ele><time>2018-08-16T11:05:40Z</time><extensions><gpxtpx:TrackPointExtension><gpxtpx:depth>0.00</gpxtpx:depth></gpxtpx:TrackPointExtension></extensions></trkpt><trkpt lat="55.6708687451" lon="49.8655108921"><ele>219.14</ele><time>2018-08-16T11:06:06Z</time><extensions><gpxtpx:TrackPointExtension><gpxtpx:depth>0.00</gpxtpx:depth></gpxtpx:TrackPointExtension></extensions></trkpt><trkpt lat="55.6703877915" lon="49.8669312056"><ele>219.22</ele><time>2018-08-16T11:06:29Z</time><extensions><gpxtpx:TrackPointExtension><gpxtpx:depth>0.00</gpxtpx:depth></gpxtpx:TrackPointExtension></extensions></trkpt><trkpt lat="55.6699258648" lon="49.8683609907"><ele>218.29</ele><time>2018-08-16T11:06:50Z</time><extensions><gpxtpx:TrackPointExtension><gpxtpx:depth>0.00</gpxtpx:depth></gpxtpx:TrackPointExtension></extensions></trkpt><trkpt lat="55.6694465037" lon="49.8698150832"><ele>217.06</ele><time>2018-08-16T11:07:07Z</time><extensions><gpxtpx:TrackPointExtension><gpxtpx:depth>0.00</gpxtpx:depth></gpxtpx:TrackPointExtension></extensions></trkpt><trkpt lat="55.6689808052" lon="49.8712057248"><ele>215.68</ele><time>2018-08-16T11:07:21Z</time><extensions><gpxtpx:TrackPointExtension><gpxtpx:depth>0.00</gpxtpx:depth></gpxtpx:TrackPointExtension></extensions></trkpt><trkpt lat="55.6685075630" lon="49.8726039100"><ele>212.96</ele><time>2018-08-16T11:07:34Z</time><extensions><gpxtpx:TrackPointExtension><gpxtpx:depth>0.00</gpxtpx:depth></gpxtpx:TrackPointExtension></extensions></trkpt><trkpt lat="55.6680023018" lon="49.8740886804"><ele>210.05</ele><time>2018-08-16T11:07:46Z</time><extensions><gpxtpx:TrackPointExtension><gpxtpx:depth>0.00</gpxtpx:depth></gpxtpx:TrackPointExtension></extensions></trkpt><trkpt lat="55.6675143074" lon="49.8755311221"><ele>207.33</ele><time>2018-08-16T11:07:58Z</time><extensions><gpxtpx:TrackPointExtension><gpxtpx:depth>0.00</gpxtpx:depth></gpxtpx:TrackPointExtension></extensions></trkpt><trkpt lat="55.6670547277" lon="49.8769070953"><ele>205.38</ele><time>2018-08-16T11:08:11Z</time><extensions><gpxtpx:TrackPointExtension><gpxtpx:depth>0.00</gpxtpx:depth></gpxtpx:TrackPointExtension></extensions></trkpt><trkpt lat="55.6665861793" lon="49.8782717530"><ele>204.61</ele><time>2018-08-16T11:08:25Z</time><extensions><gpxtpx:TrackPointExtension><gpxtpx:depth>0.00</gpxtpx:depth></gpxtpx:TrackPointExtension></extensions></trkpt><trkpt lat="55.6661128532" lon="49.8796673398"><ele>204.08</ele><time>2018-08-16T11:08:39Z</time><extensions><gpxtpx:TrackPointExtension><gpxtpx:depth>0.00</gpxtpx:depth></gpxtpx:TrackPointExtension></extensions></trkpt><trkpt lat="55.6656134594" lon="49.8811336700"><ele>203.12</ele><time>2018-08-16T11:08:54Z</time><extensions><gpxtpx:TrackPointExtension><gpxtpx:depth>0.00</gpxtpx:depth></gpxtpx:TrackPointExtension></extensions></trkpt><trkpt lat="55.6651330926" lon="49.8825621139"><ele>202.56</ele><time>2018-08-16T11:09:09Z</time><extensions><gpxtpx:TrackPointExtension><gpxtpx:depth>0.00</gpxtpx:depth></gpxtpx:TrackPointExtension></extensions></trkpt><trkpt lat="55.6646638736" lon="49.8839540128"><ele>201.72</ele><time>2018-08-16T11:09:23Z</time><extensions><gpxtpx:TrackPointExtension><gpxtpx:depth>0.00</gpxtpx:depth></gpxtpx:TrackPointExtension></extensions></trkpt><trkpt lat="55.6641589478" lon="49.8854035791"><ele>200.81</ele><time>2018-08-16T11:09:37Z</time><extensions><gpxtpx:TrackPointExtension><gpxtpx:depth>0.00</gpxtpx:depth></gpxtpx:TrackPointExtension></extensions></trkpt><trkpt lat="55.6636828557" lon="49.8868338671"><ele>199.53</ele><time>2018-08-16T11:09:50Z</time><extensions><gpxtpx:TrackPointExtension><gpxtpx:depth>0.00</gpxtpx:depth></gpxtpx:TrackPointExtension></extensions></trkpt><trkpt lat="55.6631964538" lon="49.8882709444"><ele>198.07</ele><time>2018-08-16T11:10:03Z</time><extensions><gpxtpx:TrackPointExtension><gpxtpx:depth>0.00</gpxtpx:depth></gpxtpx:TrackPointExtension></extensions></trkpt><trkpt lat="55.6627172604" lon="49.8897260427"><ele>196.53</ele><time>2018-08-16T11:10:17Z</time><extensions><gpxtpx:TrackPointExtension><gpxtpx:depth>0.00</gpxtpx:depth></gpxtpx:TrackPointExtension></extensions></trkpt><trkpt lat="55.6622783840" lon="49.8911435064"><ele>196.30</ele><time>2018-08-16T11:10:32Z</time><extensions><gpxtpx:TrackPointExtension><gpxtpx:depth>0.00</gpxtpx:depth></gpxtpx:TrackPointExtension></extensions></trkpt><trkpt lat="55.6618833449" lon="49.8926157039"><ele>196.56</ele><time>2018-08-16T11:10:50Z</time><extensions><gpxtpx:TrackPointExtension><gpxtpx:depth>0.00</gpxtpx:depth></gpxtpx:TrackPointExtension></extensions></trkpt><trkpt lat="55.6615322269" lon="49.8941244464"><ele>197.98</ele><time>2018-08-16T11:11:13Z</time><extensions><gpxtpx:TrackPointExtension><gpxtpx:depth>0.00</gpxtpx:depth></gpxtpx:TrackPointExtension></extensions></trkpt><trkpt lat="55.6612363458" lon="49.8956442531"><ele>200.72</ele><time>2018-08-16T11:11:40Z</time><extensions><gpxtpx:TrackPointExtension><gpxtpx:depth>0.00</gpxtpx:depth></gpxtpx:TrackPointExtension></extensions></trkpt><trkpt lat="55.6609744951" lon="49.8971649818"><ele>203.43</ele><time>2018-08-16T11:12:11Z</time><extensions><gpxtpx:TrackPointExtension><gpxtpx:depth>0.00</gpxtpx:depth></gpxtpx:TrackPointExtension></extensions></trkpt><trkpt lat="55.6607513689" lon="49.8987422884"><ele>206.09</ele><time>2018-08-16T11:12:42Z</time><extensions><gpxtpx:TrackPointExtension><gpxtpx:depth>0.00</gpxtpx:depth></gpxtpx:TrackPointExtension></extensions></trkpt><trkpt lat="55.6605646200" lon="49.9003330898"><ele>208.31</ele><time>2018-08-16T11:13:17Z</time><extensions><gpxtpx:TrackPointExtension><gpxtpx:depth>0.00</gpxtpx:depth></gpxtpx:TrackPointExtension></extensions></trkpt><trkpt lat="55.6604445074" lon="49.9019114021"><ele>209.74</ele><time>2018-08-16T11:13:45Z</time><extensions><gpxtpx:TrackPointExtension><gpxtpx:depth>0.00</gpxtpx:depth></gpxtpx:TrackPointExtension></extensions></trkpt><trkpt lat="55.6603646278" lon="49.9035062268"><ele>211.06</ele><time>2018-08-16T11:14:12Z</time><extensions><gpxtpx:TrackPointExtension><gpxtpx:depth>0.00</gpxtpx:depth></gpxtpx:TrackPointExtension></extensions></trkpt><trkpt lat="55.6603254844" lon="49.9051542766"><ele>211.79</ele><time>2018-08-16T11:14:38Z</time><extensions><gpxtpx:TrackPointExtension><gpxtpx:depth>0.00</gpxtpx:depth></gpxtpx:TrackPointExtension></extensions></trkpt><trkpt lat="55.6603904441" lon="49.9067880772"><ele>212.41</ele><time>2018-08-16T11:15:05Z</time><extensions><gpxtpx:TrackPointExtension><gpxtpx:depth>0.00</gpxtpx:depth></gpxtpx:TrackPointExtension></extensions></trkpt><trkpt lat="55.6604605168" lon="49.9083889369"><ele>212.77</ele><time>2018-08-16T11:15:29Z</time><extensions><gpxtpx:TrackPointExtension><gpxtpx:depth>0.00</gpxtpx:depth></gpxtpx:TrackPointExtension></extensions></trkpt><trkpt lat="55.6605774444" lon="49.9100273475"><ele>212.29</ele><time>2018-08-16T11:15:50Z</time><extensions><gpxtpx:TrackPointExtension><gpxtpx:depth>0.00</gpxtpx:depth></gpxtpx:TrackPointExtension></extensions></trkpt><trkpt lat="55.6606892589" lon="49.9116145447"><ele>211.25</ele><time>2018-08-16T11:16:09Z</time><extensions><gpxtpx:TrackPointExtension><gpxtpx:depth>0.00</gpxtpx:depth></gpxtpx:TrackPointExtension></extensions></trkpt><trkpt lat="55.6608252972" lon="49.9132680427"><ele>210.83</ele><time>2018-08-16T11:16:28Z</time><extensions><gpxtpx:TrackPointExtension><gpxtpx:depth>0.00</gpxtpx:depth></gpxtpx:TrackPointExtension></extensions></trkpt><trkpt lat="55.6609544624" lon="49.9149036873"><ele>210.88</ele><time>2018-08-16T11:16:47Z</time><extensions><gpxtpx:TrackPointExtension><gpxtpx:depth>0.00</gpxtpx:depth></gpxtpx:TrackPointExtension></extensions></trkpt><trkpt lat="55.6610810291" lon="49.9165219814"><ele>211.93</ele><time>2018-08-16T11:17:07Z</time><extensions><gpxtpx:TrackPointExtension><gpxtpx:depth>0.00</gpxtpx:depth></gpxtpx:TrackPointExtension></extensions></trkpt><trkpt lat="55.6612162292" lon="49.9181079213"><ele>212.85</ele><time>2018-08-16T11:17:27Z</time><extensions><gpxtpx:TrackPointExtension><gpxtpx:depth>0.00</gpxtpx:depth></gpxtpx:TrackPointExtension></extensions></trkpt><trkpt lat="55.6613427959" lon="49.9196910951"><ele>213.68</ele><time>2018-08-16T11:17:49Z</time><extensions><gpxtpx:TrackPointExtension><gpxtpx:depth>0.00</gpxtpx:depth></gpxtpx:TrackPointExtension></extensions></trkpt><trkpt lat="55.6614752300" lon="49.9213104788"><ele>214.65</ele><time>2018-08-16T11:18:12Z</time><extensions><gpxtpx:TrackPointExtension><gpxtpx:depth>0.00</gpxtpx:depth></gpxtpx:TrackPointExtension></extensions></trkpt><trkpt lat="55.6616048142" lon="49.9228872824"><ele>215.91</ele><time>2018-08-16T11:18:33Z</time><extensions><gpxtpx:TrackPointExtension><gpxtpx:depth>0.00</gpxtpx:depth></gpxtpx:TrackPointExtension></extensions></trkpt><trkpt lat="55.6617017929" lon="49.9245416187"><ele>216.30</ele><time>2018-08-16T11:18:53Z</time><extensions><gpxtpx:TrackPointExtension><gpxtpx:depth>0.00</gpxtpx:depth></gpxtpx:TrackPointExtension></extensions></trkpt><trkpt lat="55.6617440376" lon="49.9261815380"><ele>216.20</ele><time>2018-08-16T11:19:12Z</time><extensions><gpxtpx:TrackPointExtension><gpxtpx:depth>0.00</gpxtpx:depth></gpxtpx:TrackPointExtension></extensions></trkpt><trkpt lat="55.6617432833" lon="49.9277751893"><ele>215.55</ele><time>2018-08-16T11:19:30Z</time><extensions><gpxtpx:TrackPointExtension><gpxtpx:depth>0.00</gpxtpx:depth></gpxtpx:TrackPointExtension></extensions></trkpt><trkpt lat="55.6616857834" lon="49.9294694234"><ele>214.68</ele><time>2018-08-16T11:19:47Z</time><extensions><gpxtpx:TrackPointExtension><gpxtpx:depth>0.00</gpxtpx:depth></gpxtpx:TrackPointExtension></extensions></trkpt><trkpt lat="55.6615917385" lon="49.9310610630"><ele>213.71</ele><time>2018-08-16T11:20:00Z</time><extensions><gpxtpx:TrackPointExtension><gpxtpx:depth>0.00</gpxtpx:depth></gpxtpx:TrackPointExtension></extensions></trkpt><trkpt lat="55.6614500005" lon="49.9326423090"><ele>212.87</ele><time>2018-08-16T11:20:12Z</time><extensions><gpxtpx:TrackPointExtension><gpxtpx:depth>0.00</gpxtpx:depth></gpxtpx:TrackPointExtension></extensions></trkpt><trkpt lat="55.6612426322" lon="49.9342937116"><ele>211.68</ele><time>2018-08-16T11:20:24Z</time><extensions><gpxtpx:TrackPointExtension><gpxtpx:depth>0.00</gpxtpx:depth></gpxtpx:TrackPointExtension></extensions></trkpt><trkpt lat="55.6609923486" lon="49.9358977564"><ele>211.23</ele><time>2018-08-16T11:20:36Z</time><extensions><gpxtpx:TrackPointExtension><gpxtpx:depth>0.00</gpxtpx:depth></gpxtpx:TrackPointExtension></extensions></trkpt><trkpt lat="55.6607004907" lon="49.9374122825"><ele>210.64</ele><time>2018-08-16T11:20:48Z</time><extensions><gpxtpx:TrackPointExtension><gpxtpx:depth>0.00</gpxtpx:depth></gpxtpx:TrackPointExtension></extensions></trkpt><trkpt lat="55.6603756081" lon="49.9388831388"><ele>210.32</ele><time>2018-08-16T11:21:01Z</time><extensions><gpxtpx:TrackPointExtension><gpxtpx:depth>0.00</gpxtpx:depth></gpxtpx:TrackPointExtension></extensions></trkpt><trkpt lat="55.6599810719" lon="49.9404093996"><ele>210.40</ele><time>2018-08-16T11:21:16Z</time><extensions><gpxtpx:TrackPointExtension><gpxtpx:depth>0.00</gpxtpx:depth></gpxtpx:TrackPointExtension></extensions></trkpt><trkpt lat="55.6595533434" lon="49.9418566190"><ele>210.78</ele><time>2018-08-16T11:21:33Z</time><extensions><gpxtpx:TrackPointExtension><gpxtpx:depth>0.00</gpxtpx:depth></gpxtpx:TrackPointExtension></extensions></trkpt><trkpt lat="55.6591223460" lon="49.9432847276"><ele>211.66</ele><time>2018-08-16T11:21:51Z</time><extensions><gpxtpx:TrackPointExtension><gpxtpx:depth>0.00</gpxtpx:depth></gpxtpx:TrackPointExtension></extensions></trkpt><trkpt lat="55.6586770993" lon="49.9447425921"><ele>211.71</ele><time>2018-08-16T11:22:09Z</time><extensions><gpxtpx:TrackPointExtension><gpxtpx:depth>0.00</gpxtpx:depth></gpxtpx:TrackPointExtension></extensions></trkpt><trkpt lat="55.6582318526" lon="49.9462035578"><ele>211.21</ele><time>2018-08-16T11:22:26Z</time><extensions><gpxtpx:TrackPointExtension><gpxtpx:depth>0.00</gpxtpx:depth></gpxtpx:TrackPointExtension></extensions></trkpt><trkpt lat="55.6577846780" lon="49.9476885796"><ele>210.50</ele><time>2018-08-16T11:22:42Z</time><extensions><gpxtpx:TrackPointExtension><gpxtpx:depth>0.00</gpxtpx:depth></gpxtpx:TrackPointExtension></extensions></trkpt><trkpt lat="55.6573447958" lon="49.9490789697"><ele>209.47</ele><time>2018-08-16T11:22:56Z</time><extensions><gpxtpx:TrackPointExtension><gpxtpx:depth>0.00</gpxtpx:depth></gpxtpx:TrackPointExtension></extensions></trkpt><trkpt lat="55.6569198333" lon="49.9505264405"><ele>208.51</ele><time>2018-08-16T11:23:10Z</time><extensions><gpxtpx:TrackPointExtension><gpxtpx:depth>0.00</gpxtpx:depth></gpxtpx:TrackPointExtension></extensions></trkpt><trkpt lat="55.6565027498" lon="49.9519439880"><ele>207.59</ele><time>2018-08-16T11:23:23Z</time><extensions><gpxtpx:TrackPointExtension><gpxtpx:depth>0.00</gpxtpx:depth></gpxtpx:TrackPointExtension></extensions></trkpt><trkpt lat="55.6560689863" lon="49.9534027744"><ele>206.30</ele><time>2018-08-16T11:23:36Z</time><extensions><gpxtpx:TrackPointExtension><gpxtpx:depth>0.00</gpxtpx:depth></gpxtpx:TrackPointExtension></extensions></trkpt><trkpt lat="55.6556134298" lon="49.9548873771"><ele>205.36</ele><time>2018-08-16T11:23:50Z</time><extensions><gpxtpx:TrackPointExtension><gpxtpx:depth>0.00</gpxtpx:depth></gpxtpx:TrackPointExtension></extensions></trkpt><trkpt lat="55.6551654171" lon="49.9563813675"><ele>204.23</ele><time>2018-08-16T11:24:04Z</time><extensions><gpxtpx:TrackPointExtension><gpxtpx:depth>0.00</gpxtpx:depth></gpxtpx:TrackPointExtension></extensions></trkpt><trkpt lat="55.6547375210" lon="49.9577841628"><ele>203.80</ele><time>2018-08-16T11:24:18Z</time><extensions><gpxtpx:TrackPointExtension><gpxtpx:depth>0.00</gpxtpx:depth></gpxtpx:TrackPointExtension></extensions></trkpt><trkpt lat="55.6543143187" lon="49.9592034705"><ele>204.32</ele><time>2018-08-16T11:24:35Z</time><extensions><gpxtpx:TrackPointExtension><gpxtpx:depth>0.00</gpxtpx:depth></gpxtpx:TrackPointExtension></extensions></trkpt><trkpt lat="55.6538698263" lon="49.9606404640"><ele>205.37</ele><time>2018-08-16T11:24:56Z</time><extensions><gpxtpx:TrackPointExtension><gpxtpx:depth>0.00</gpxtpx:depth></gpxtpx:TrackPointExtension></extensions></trkpt><trkpt lat="55.6534343027" lon="49.9620748591"><ele>206.79</ele><time>2018-08-16T11:25:18Z</time><extensions><gpxtpx:TrackPointExtension><gpxtpx:depth>0.00</gpxtpx:depth></gpxtpx:TrackPointExtension></extensions></trkpt><trkpt lat="55.6530030537" lon="49.9634753074"><ele>208.22</ele><time>2018-08-16T11:25:41Z</time><extensions><gpxtpx:TrackPointExtension><gpxtpx:depth>0.00</gpxtpx:depth></gpxtpx:TrackPointExtension></extensions></trkpt><trkpt lat="55.6525746547" lon="49.9648709781"><ele>209.68</ele><time>2018-08-16T11:26:09Z</time><extensions><gpxtpx:TrackPointExtension><gpxtpx:depth>0.00</gpxtpx:depth></gpxtpx:TrackPointExtension></extensions></trkpt><trkpt lat="55.6521527935" lon="49.9662718456"><ele>211.64</ele><time>2018-08-16T11:26:35Z</time><extensions><gpxtpx:TrackPointExtension><gpxtpx:depth>0.00</gpxtpx:depth></gpxtpx:TrackPointExtension></extensions></trkpt><trkpt lat="55.6517188624" lon="49.9676940031"><ele>213.23</ele><time>2018-08-16T11:27:01Z</time><extensions><gpxtpx:TrackPointExtension><gpxtpx:depth>0.00</gpxtpx:depth></gpxtpx:TrackPointExtension></extensions></trkpt><trkpt lat="55.6512856018" lon="49.9691356905"><ele>214.60</ele><time>2018-08-16T11:27:27Z</time><extensions><gpxtpx:TrackPointExtension><gpxtpx:depth>0.00</gpxtpx:depth></gpxtpx:TrackPointExtension></extensions></trkpt><trkpt lat="55.6508200709" lon="49.9705618713"><ele>215.62</ele><time>2018-08-16T11:27:53Z</time><extensions><gpxtpx:TrackPointExtension><gpxtpx:depth>0.00</gpxtpx:depth></gpxtpx:TrackPointExtension></extensions></trkpt><trkpt lat="55.6503876485" lon="49.9719766527"><ele>216.04</ele><time>2018-08-16T11:28:17Z</time><extensions><gpxtpx:TrackPointExtension><gpxtpx:depth>0.00</gpxtpx:depth></gpxtpx:TrackPointExtension></extensions></trkpt><trkpt lat="55.6499634404" lon="49.9734294042"><ele>216.45</ele><time>2018-08-16T11:28:43Z</time><extensions><gpxtpx:TrackPointExtension><gpxtpx:depth>0.00</gpxtpx:depth></gpxtpx:TrackPointExtension></extensions></trkpt><trkpt lat="55.6495120749" lon="49.9749087263"><ele>216.45</ele><time>2018-08-16T11:29:05Z</time><extensions><gpxtpx:TrackPointExtension><gpxtpx:depth>0.00</gpxtpx:depth></gpxtpx:TrackPointExtension></extensions></trkpt><trkpt lat="55.6490527466" lon="49.9763785768"><ele>216.56</ele><time>2018-08-16T11:29:23Z</time><extensions><gpxtpx:TrackPointExtension><gpxtpx:depth>0.00</gpxtpx:depth></gpxtpx:TrackPointExtension></extensions></trkpt><trkpt lat="55.6486107688" lon="49.9778318312"><ele>215.95</ele><time>2018-08-16T11:29:39Z</time><extensions><gpxtpx:TrackPointExtension><gpxtpx:depth>0.00</gpxtpx:depth></gpxtpx:TrackPointExtension></extensions></trkpt><trkpt lat="55.6481736526" lon="49.9793160148"><ele>215.43</ele><time>2018-08-16T11:29:55Z</time><extensions><gpxtpx:TrackPointExtension><gpxtpx:depth>0.00</gpxtpx:depth></gpxtpx:TrackPointExtension></extensions></trkpt><trkpt lat="55.6477544736" lon="49.9807473924"><ele>214.85</ele><time>2018-08-16T11:30:10Z</time><extensions><gpxtpx:TrackPointExtension><gpxtpx:depth>0.00</gpxtpx:depth></gpxtpx:TrackPointExtension></extensions></trkpt><trkpt lat="55.6473019347" lon="49.9821924325"><ele>214.29</ele><time>2018-08-16T11:30:27Z</time><extensions><gpxtpx:TrackPointExtension><gpxtpx:depth>0.00</gpxtpx:depth></gpxtpx:TrackPointExtension></extensions></trkpt><trkpt lat="55.6468745414" lon="49.9836241454"><ele>213.91</ele><time>2018-08-16T11:30:43Z</time><extensions><gpxtpx:TrackPointExtension><gpxtpx:depth>0.00</gpxtpx:depth></gpxtpx:TrackPointExtension></extensions></trkpt><trkpt lat="55.6464757305" lon="49.9851264339"><ele>213.27</ele><time>2018-08-16T11:30:59Z</time><extensions><gpxtpx:TrackPointExtension><gpxtpx:depth>0.00</gpxtpx:depth></gpxtpx:TrackPointExtension></extensions></trkpt><trkpt lat="55.6461150572" lon="49.9866397027"><ele>212.62</ele><time>2018-08-16T11:31:13Z</time><extensions><gpxtpx:TrackPointExtension><gpxtpx:depth>0.00</gpxtpx:depth></gpxtpx:TrackPointExtension></extensions></trkpt><trkpt lat="55.6457573175" lon="49.9881576654"><ele>212.20</ele><time>2018-08-16T11:31:27Z</time><extensions><gpxtpx:TrackPointExtension><gpxtpx:depth>0.00</gpxtpx:depth></gpxtpx:TrackPointExtension></extensions></trkpt><trkpt lat="55.6454536412" lon="49.9897389952"><ele>211.60</ele><time>2018-08-16T11:31:41Z</time><extensions><gpxtpx:TrackPointExtension><gpxtpx:depth>0.00</gpxtpx:depth></gpxtpx:TrackPointExtension></extensions></trkpt><trkpt lat="55.6451763678" lon="49.9913145415"><ele>210.77</ele><time>2018-08-16T11:31:54Z</time><extensions><gpxtpx:TrackPointExtension><gpxtpx:depth>0.00</gpxtpx:depth></gpxtpx:TrackPointExtension></extensions></trkpt><trkpt lat="55.6449320354" lon="49.9928744137"><ele>210.50</ele><time>2018-08-16T11:32:07Z</time><extensions><gpxtpx:TrackPointExtension><gpxtpx:depth>0.00</gpxtpx:depth></gpxtpx:TrackPointExtension></extensions></trkpt><trkpt lat="55.6447246671" lon="49.9944478646"><ele>211.68</ele><time>2018-08-16T11:32:23Z</time><extensions><gpxtpx:TrackPointExtension><gpxtpx:depth>0.00</gpxtpx:depth></gpxtpx:TrackPointExtension></extensions></trkpt><trkpt lat="55.6445423607" lon="49.9960250035"><ele>213.24</ele><time>2018-08-16T11:32:43Z</time><extensions><gpxtpx:TrackPointExtension><gpxtpx:depth>0.00</gpxtpx:depth></gpxtpx:TrackPointExtension></extensions></trkpt><trkpt lat="55.6443777401" lon="49.9976231810"><ele>215.78</ele><time>2018-08-16T11:33:10Z</time><extensions><gpxtpx:TrackPointExtension><gpxtpx:depth>0.00</gpxtpx:depth></gpxtpx:TrackPointExtension></extensions></trkpt><trkpt lat="55.6442556996" lon="49.9992147367"><ele>217.15</ele><time>2018-08-16T11:33:37Z</time><extensions><gpxtpx:TrackPointExtension><gpxtpx:depth>0.00</gpxtpx:depth></gpxtpx:TrackPointExtension></extensions></trkpt><trkpt lat="55.6441556197" lon="50.0008637086"><ele>217.97</ele><time>2018-08-16T11:34:02Z</time><extensions><gpxtpx:TrackPointExtension><gpxtpx:depth>0.00</gpxtpx:depth></gpxtpx:TrackPointExtension></extensions></trkpt><trkpt lat="55.6440791767" lon="50.0025033765"><ele>218.31</ele><time>2018-08-16T11:34:25Z</time><extensions><gpxtpx:TrackPointExtension><gpxtpx:depth>0.00</gpxtpx:depth></gpxtpx:TrackPointExtension></extensions></trkpt><trkpt lat="55.6440204196" lon="50.0041784160"><ele>217.87</ele><time>2018-08-16T11:34:48Z</time><extensions><gpxtpx:TrackPointExtension><gpxtpx:depth>0.00</gpxtpx:depth></gpxtpx:TrackPointExtension></extensions></trkpt><trkpt lat="55.6440229341" lon="50.0058008172"><ele>217.20</ele><time>2018-08-16T11:35:07Z</time><extensions><gpxtpx:TrackPointExtension><gpxtpx:depth>0.00</gpxtpx:depth></gpxtpx:TrackPointExtension></extensions></trkpt><trkpt lat="55.6440526061" lon="50.0074293371"><ele>215.71</ele><time>2018-08-16T11:35:25Z</time><extensions><gpxtpx:TrackPointExtension><gpxtpx:depth>0.00</gpxtpx:depth></gpxtpx:TrackPointExtension></extensions></trkpt><trkpt lat="55.6440127082" lon="50.0089395046"><ele>212.49</ele><time>2018-08-16T11:41:50Z</time><extensions><gpxtpx:TrackPointExtension><gpxtpx:depth>0.00</gpxtpx:depth></gpxtpx:TrackPointExtension></extensions></trkpt><trkpt lat="55.6431129109" lon="50.0090266764"><ele>212.06</ele><time>2018-08-16T11:42:19Z</time><extensions><gpxtpx:TrackPointExtension><gpxtpx:depth>0.00</gpxtpx:depth></gpxtpx:TrackPointExtension></extensions></trkpt><trkpt lat="55.6422020495" lon="50.0089011155"><ele>214.83</ele><time>2018-08-16T11:42:47Z</time><extensions><gpxtpx:TrackPointExtension><gpxtpx:depth>0.00</gpxtpx:depth></gpxtpx:TrackPointExtension></extensions></trkpt><trkpt lat="55.6427366473" lon="50.0081891567"><ele>215.47</ele><time>2018-08-16T11:43:11Z</time><extensions><gpxtpx:TrackPointExtension><gpxtpx:depth>0.00</gpxtpx:depth></gpxtpx:TrackPointExtension></extensions></trkpt><trkpt lat="55.6433231290" lon="50.0076998211"><ele>213.08</ele><time>2018-08-16T11:43:59Z</time><extensions><gpxtpx:TrackPointExtension><gpxtpx:depth>0.00</gpxtpx:depth></gpxtpx:TrackPointExtension></extensions></trkpt><trkpt lat="55.6432487816" lon="50.0072156824"><ele>215.03</ele><time>2018-08-16T11:51:10Z</time><extensions><gpxtpx:TrackPointExtension><gpxtpx:depth>0.00</gpxtpx:depth></gpxtpx:TrackPointExtension></extensions></trkpt><trkpt lat="55.6431496236" lon="50.0071415864"><ele>214.13</ele><time>2018-08-16T11:54:17Z</time><extensions><gpxtpx:TrackPointExtension><gpxtpx:depth>0.00</gpxtpx:depth></gpxtpx:TrackPointExtension></extensions></trkpt><trkpt lat="55.6430915371" lon="50.0075772777"><ele>214.22</ele><time>2018-08-16T11:57:10Z</time><extensions><gpxtpx:TrackPointExtension><gpxtpx:depth>0.00</gpxtpx:depth></gpxtpx:TrackPointExtension></extensions></trkpt><trkpt lat="55.6430777069" lon="50.0075433310"><ele>214.14</ele><time>2018-08-16T12:01:09Z</time><extensions><gpxtpx:TrackPointExtension><gpxtpx:depth>0.00</gpxtpx:depth></gpxtpx:TrackPointExtension></extensions></trkpt><trkpt lat="55.6433705706" lon="50.0073860027"><ele>214.15</ele><time>2018-08-16T12:04:20Z</time><extensions><gpxtpx:TrackPointExtension><gpxtpx:depth>0.00</gpxtpx:depth></gpxtpx:TrackPointExtension></extensions></trkpt><trkpt lat="55.6433848199" lon="50.0073525589"><ele>214.23</ele><time>2018-08-16T12:04:54Z</time><extensions><gpxtpx:TrackPointExtension><gpxtpx:depth>0.00</gpxtpx:depth></gpxtpx:TrackPointExtension></extensions></trkpt><trkpt lat="55.6433237158" lon="50.0074782874"><ele>213.77</ele><time>2018-08-16T12:09:57Z</time><extensions><gpxtpx:TrackPointExtension><gpxtpx:depth>0.00</gpxtpx:depth></gpxtpx:TrackPointExtension></extensions></trkpt><trkpt lat="55.6433465984" lon="50.0072472822"><ele>213.93</ele><time>2018-08-16T12:13:22Z</time><extensions><gpxtpx:TrackPointExtension><gpxtpx:depth>0.00</gpxtpx:depth></gpxtpx:TrackPointExtension></extensions></trkpt><trkpt lat="55.6432209536" lon="50.0074272417"><ele>214.55</ele><time>2018-08-16T12:17:15Z</time><extensions><gpxtpx:TrackPointExtension><gpxtpx:depth>0.00</gpxtpx:depth></gpxtpx:TrackPointExtension></extensions></trkpt><trkpt lat="55.6434031762" lon="50.0066463836"><ele>214.11</ele><time>2018-08-16T12:20:57Z</time><extensions><gpxtpx:TrackPointExtension><gpxtpx:depth>0.00</gpxtpx:depth></gpxtpx:TrackPointExtension></extensions></trkpt><trkpt lat="55.6431143358" lon="50.0075321831"><ele>213.91</ele><time>2018-08-16T12:22:34Z</time><extensions><gpxtpx:TrackPointExtension><gpxtpx:depth>0.00</gpxtpx:depth></gpxtpx:TrackPointExtension></extensions></trkpt><trkpt lat="55.6433430780" lon="50.0072487909"><ele>214.06</ele><time>2018-08-16T12:28:49Z</time><extensions><gpxtpx:TrackPointExtension><gpxtpx:depth>0.00</gpxtpx:depth></gpxtpx:TrackPointExtension></extensions></trkpt><trkpt lat="55.6434220355" lon="50.0072683208"><ele>214.13</ele><time>2018-08-16T12:29:44Z</time><extensions><gpxtpx:TrackPointExtension><gpxtpx:depth>0.00</gpxtpx:depth></gpxtpx:TrackPointExtension></extensions></trkpt><trkpt lat="55.6432517990" lon="50.0074481126"><ele>214.46</ele><time>2018-08-16T12:33:59Z</time><extensions><gpxtpx:TrackPointExtension><gpxtpx:depth>0.00</gpxtpx:depth></gpxtpx:TrackPointExtension></extensions></trkpt><trkpt lat="55.6431802176" lon="50.0072246511"><ele>215.08</ele><time>2018-08-16T12:36:58Z</time><extensions><gpxtpx:TrackPointExtension><gpxtpx:depth>0.00</gpxtpx:depth></gpxtpx:TrackPointExtension></extensions></trkpt><trkpt lat="55.6433745939" lon="50.0074619427"><ele>214.18</ele><time>2018-08-16T12:42:44Z</time><extensions><gpxtpx:TrackPointExtension><gpxtpx:depth>0.00</gpxtpx:depth></gpxtpx:TrackPointExtension></extensions></trkpt><trkpt lat="55.6430742703" lon="50.0074277446"><ele>212.69</ele><time>2018-08-16T12:47:01Z</time><extensions><gpxtpx:TrackPointExtension><gpxtpx:depth>0.00</gpxtpx:depth></gpxtpx:TrackPointExtension></extensions></trkpt><trkpt lat="55.6432476919" lon="50.0073096436"><ele>212.29</ele><time>2018-08-16T12:51:04Z</time><extensions><gpxtpx:TrackPointExtension><gpxtpx:depth>0.00</gpxtpx:depth></gpxtpx:TrackPointExtension></extensions></trkpt><trkpt lat="55.6433460116" lon="50.0073141698"><ele>212.21</ele><time>2018-08-16T12:55:00Z</time><extensions><gpxtpx:TrackPointExtension><gpxtpx:depth>0.00</gpxtpx:depth></gpxtpx:TrackPointExtension></extensions></trkpt><trkpt lat="55.6432973966" lon="50.0072874315"><ele>212.29</ele><time>2018-08-16T12:59:23Z</time><extensions><gpxtpx:TrackPointExtension><gpxtpx:depth>0.00</gpxtpx:depth></gpxtpx:TrackPointExtension></extensions></trkpt><trkpt lat="55.6433356181" lon="50.0077489391"><ele>212.26</ele><time>2018-08-16T13:07:05Z</time><extensions><gpxtpx:TrackPointExtension><gpxtpx:depth>0.00</gpxtpx:depth></gpxtpx:TrackPointExtension></extensions></trkpt><trkpt lat="55.6425064802" lon="50.0082455669"><ele>212.43</ele><time>2018-08-16T13:07:39Z</time><extensions><gpxtpx:TrackPointExtension><gpxtpx:depth>0.00</gpxtpx:depth></gpxtpx:TrackPointExtension></extensions></trkpt><trkpt lat="55.6424947456" lon="50.0090509001"><ele>215.18</ele><time>2018-08-16T13:08:17Z</time><extensions><gpxtpx:TrackPointExtension><gpxtpx:depth>0.00</gpxtpx:depth></gpxtpx:TrackPointExtension></extensions></trkpt><trkpt lat="55.6434300821" lon="50.0091607869"><ele>213.23</ele><time>2018-08-16T13:08:34Z</time><extensions><gpxtpx:TrackPointExtension><gpxtpx:depth>0.00</gpxtpx:depth></gpxtpx:TrackPointExtension></extensions></trkpt><trkpt lat="55.6441743113" lon="50.0098092109"><ele>210.98</ele><time>2018-08-16T13:08:49Z</time><extensions><gpxtpx:TrackPointExtension><gpxtpx:depth>0.00</gpxtpx:depth></gpxtpx:TrackPointExtension></extensions></trkpt><trkpt lat="55.6442976091" lon="50.0114710070"><ele>209.56</ele><time>2018-08-16T13:09:03Z</time><extensions><gpxtpx:TrackPointExtension><gpxtpx:depth>0.00</gpxtpx:depth></gpxtpx:TrackPointExtension></extensions></trkpt><trkpt lat="55.6444564462" lon="50.0130943302"><ele>207.83</ele><time>2018-08-16T13:09:16Z</time><extensions><gpxtpx:TrackPointExtension><gpxtpx:depth>0.00</gpxtpx:depth></gpxtpx:TrackPointExtension></extensions></trkpt><trkpt lat="55.6446349807" lon="50.0147495884"><ele>206.59</ele><time>2018-08-16T13:09:30Z</time><extensions><gpxtpx:TrackPointExtension><gpxtpx:depth>0.00</gpxtpx:depth></gpxtpx:TrackPointExtension></extensions></trkpt><trkpt lat="55.6448423490" lon="50.0163520407"><ele>205.71</ele><time>2018-08-16T13:09:46Z</time><extensions><gpxtpx:TrackPointExtension><gpxtpx:depth>0.00</gpxtpx:depth></gpxtpx:TrackPointExtension></extensions></trkpt><trkpt lat="55.6450376473" lon="50.0179131702"><ele>205.88</ele><time>2018-08-16T13:10:04Z</time><extensions><gpxtpx:TrackPointExtension><gpxtpx:depth>0.00</gpxtpx:depth></gpxtpx:TrackPointExtension></extensions></trkpt><trkpt lat="55.6452391483" lon="50.0194931589"><ele>206.45</ele><time>2018-08-16T13:10:23Z</time><extensions><gpxtpx:TrackPointExtension><gpxtpx:depth>0.00</gpxtpx:depth></gpxtpx:TrackPointExtension></extensions></trkpt><trkpt lat="55.6454418227" lon="50.0210702140"><ele>206.89</ele><time>2018-08-16T13:10:43Z</time><extensions><gpxtpx:TrackPointExtension><gpxtpx:depth>0.00</gpxtpx:depth></gpxtpx:TrackPointExtension></extensions></trkpt><trkpt lat="55.6456444133" lon="50.0226644520"><ele>208.56</ele><time>2018-08-16T13:11:06Z</time><extensions><gpxtpx:TrackPointExtension><gpxtpx:depth>0.00</gpxtpx:depth></gpxtpx:TrackPointExtension></extensions></trkpt><trkpt lat="55.6458360236" lon="50.0242461171"><ele>210.13</ele><time>2018-08-16T13:11:32Z</time><extensions><gpxtpx:TrackPointExtension><gpxtpx:depth>0.00</gpxtpx:depth></gpxtpx:TrackPointExtension></extensions></trkpt><trkpt lat="55.6460334174" lon="50.0258285366"><ele>211.36</ele><time>2018-08-16T13:11:57Z</time><extensions><gpxtpx:TrackPointExtension><gpxtpx:depth>0.00</gpxtpx:depth></gpxtpx:TrackPointExtension></extensions></trkpt><trkpt lat="55.6462476589" lon="50.0274036638"><ele>212.24</ele><time>2018-08-16T13:12:20Z</time><extensions><gpxtpx:TrackPointExtension><gpxtpx:depth>0.00</gpxtpx:depth></gpxtpx:TrackPointExtension></extensions></trkpt><trkpt lat="55.6464421190" lon="50.0290065352"><ele>212.72</ele><time>2018-08-16T13:12:42Z</time><extensions><gpxtpx:TrackPointExtension><gpxtpx:depth>0.00</gpxtpx:depth></gpxtpx:TrackPointExtension></extensions></trkpt><trkpt lat="55.6466484815" lon="50.0306130946"><ele>212.83</ele><time>2018-08-16T13:13:04Z</time><extensions><gpxtpx:TrackPointExtension><gpxtpx:depth>0.00</gpxtpx:depth></gpxtpx:TrackPointExtension></extensions></trkpt><trkpt lat="55.6468518265" lon="50.0321813487"><ele>212.79</ele><time>2018-08-16T13:13:24Z</time><extensions><gpxtpx:TrackPointExtension><gpxtpx:depth>0.00</gpxtpx:depth></gpxtpx:TrackPointExtension></extensions></trkpt><trkpt lat="55.6470542494" lon="50.0337384548"><ele>213.16</ele><time>2018-08-16T13:13:45Z</time><extensions><gpxtpx:TrackPointExtension><gpxtpx:depth>0.00</gpxtpx:depth></gpxtpx:TrackPointExtension></extensions></trkpt><trkpt lat="55.6472616177" lon="50.0353474449"><ele>213.87</ele><time>2018-08-16T13:14:08Z</time><extensions><gpxtpx:TrackPointExtension><gpxtpx:depth>0.00</gpxtpx:depth></gpxtpx:TrackPointExtension></extensions></trkpt><trkpt lat="55.6475108117" lon="50.0369045511"><ele>214.61</ele><time>2018-08-16T13:14:31Z</time><extensions><gpxtpx:TrackPointExtension><gpxtpx:depth>0.00</gpxtpx:depth></gpxtpx:TrackPointExtension></extensions></trkpt><trkpt lat="55.6477432419" lon="50.0385016389"><ele>215.36</ele><time>2018-08-16T13:14:57Z</time><extensions><gpxtpx:TrackPointExtension><gpxtpx:depth>0.00</gpxtpx:depth></gpxtpx:TrackPointExtension></extensions></trkpt><trkpt lat="55.6479287334" lon="50.0400781911"><ele>215.63</ele><time>2018-08-16T13:15:17Z</time><extensions><gpxtpx:TrackPointExtension><gpxtpx:depth>0.00</gpxtpx:depth></gpxtpx:TrackPointExtension></extensions></trkpt><trkpt lat="55.6481367722" lon="50.0417035259"><ele>215.55</ele><time>2018-08-16T13:15:36Z</time><extensions><gpxtpx:TrackPointExtension><gpxtpx:depth>0.00</gpxtpx:depth></gpxtpx:TrackPointExtension></extensions></trkpt><trkpt lat="55.6483453978" lon="50.0432984345"><ele>215.14</ele><time>2018-08-16T13:15:55Z</time><extensions><gpxtpx:TrackPointExtension><gpxtpx:depth>0.00</gpxtpx:depth></gpxtpx:TrackPointExtension></extensions></trkpt><trkpt lat="55.6485401094" lon="50.0449030660"><ele>214.80</ele><time>2018-08-16T13:16:13Z</time><extensions><gpxtpx:TrackPointExtension><gpxtpx:depth>0.00</gpxtpx:depth></gpxtpx:TrackPointExtension></extensions></trkpt><trkpt lat="55.6487377547" lon="50.0465025846"><ele>214.34</ele><time>2018-08-16T13:16:31Z</time><extensions><gpxtpx:TrackPointExtension><gpxtpx:depth>0.00</gpxtpx:depth></gpxtpx:TrackPointExtension></extensions></trkpt><trkpt lat="55.6489457935" lon="50.0480978284"><ele>214.14</ele><time>2018-08-16T13:16:49Z</time><extensions><gpxtpx:TrackPointExtension><gpxtpx:depth>0.00</gpxtpx:depth></gpxtpx:TrackPointExtension></extensions></trkpt><trkpt lat="55.6491461210" lon="50.0496899709"><ele>214.03</ele><time>2018-08-16T13:17:09Z</time><extensions><gpxtpx:TrackPointExtension><gpxtpx:depth>0.00</gpxtpx:depth></gpxtpx:TrackPointExtension></extensions></trkpt><trkpt lat="55.6493449397" lon="50.0512768328"><ele>214.04</ele><time>2018-08-16T13:17:28Z</time><extensions><gpxtpx:TrackPointExtension><gpxtpx:depth>0.00</gpxtpx:depth></gpxtpx:TrackPointExtension></extensions></trkpt><trkpt lat="55.6495387293" lon="50.0529041793"><ele>213.97</ele><time>2018-08-16T13:17:47Z</time><extensions><gpxtpx:TrackPointExtension><gpxtpx:depth>0.00</gpxtpx:depth></gpxtpx:TrackPointExtension></extensions></trkpt><trkpt lat="55.6497502886" lon="50.0545093138"><ele>214.15</ele><time>2018-08-16T13:18:07Z</time><extensions><gpxtpx:TrackPointExtension><gpxtpx:depth>0.00</gpxtpx:depth></gpxtpx:TrackPointExtension></extensions></trkpt><trkpt lat="55.6499551423" lon="50.0560662523"><ele>214.30</ele><time>2018-08-16T13:18:32Z</time><extensions><gpxtpx:TrackPointExtension><gpxtpx:depth>0.00</gpxtpx:depth></gpxtpx:TrackPointExtension></extensions></trkpt><trkpt lat="55.6501483452" lon="50.0576267112"><ele>214.40</ele><time>2018-08-16T13:18:53Z</time><extensions><gpxtpx:TrackPointExtension><gpxtpx:depth>0.00</gpxtpx:depth></gpxtpx:TrackPointExtension></extensions></trkpt><trkpt lat="55.6503513549" lon="50.0592398085"><ele>214.28</ele><time>2018-08-16T13:19:13Z</time><extensions><gpxtpx:TrackPointExtension><gpxtpx:depth>0.00</gpxtpx:depth></gpxtpx:TrackPointExtension></extensions></trkpt><trkpt lat="55.6505593937" lon="50.0608611200"><ele>214.26</ele><time>2018-08-16T13:19:32Z</time><extensions><gpxtpx:TrackPointExtension><gpxtpx:depth>0.00</gpxtpx:depth></gpxtpx:TrackPointExtension></extensions></trkpt><trkpt lat="55.6507604755" lon="50.0624588784"><ele>214.09</ele><time>2018-08-16T13:19:50Z</time><extensions><gpxtpx:TrackPointExtension><gpxtpx:depth>0.00</gpxtpx:depth></gpxtpx:TrackPointExtension></extensions></trkpt><trkpt lat="55.6509684306" lon="50.0640834589"><ele>214.04</ele><time>2018-08-16T13:20:08Z</time><extensions><gpxtpx:TrackPointExtension><gpxtpx:depth>0.00</gpxtpx:depth></gpxtpx:TrackPointExtension></extensions></trkpt><trkpt lat="55.6511757988" lon="50.0656588376"><ele>213.84</ele><time>2018-08-16T13:20:24Z</time><extensions><gpxtpx:TrackPointExtension><gpxtpx:depth>0.00</gpxtpx:depth></gpxtpx:TrackPointExtension></extensions></trkpt><trkpt lat="55.6513617095" lon="50.0672585238"><ele>213.77</ele><time>2018-08-16T13:20:40Z</time><extensions><gpxtpx:TrackPointExtension><gpxtpx:depth>0.00</gpxtpx:depth></gpxtpx:TrackPointExtension></extensions></trkpt><trkpt lat="55.6515575107" lon="50.0688130315"><ele>213.74</ele><time>2018-08-16T13:20:55Z</time><extensions><gpxtpx:TrackPointExtension><gpxtpx:depth>0.00</gpxtpx:depth></gpxtpx:TrackPointExtension></extensions></trkpt><trkpt lat="55.6517626159" lon="50.0704316609"><ele>213.63</ele><time>2018-08-16T13:21:10Z</time><extensions><gpxtpx:TrackPointExtension><gpxtpx:depth>0.00</gpxtpx:depth></gpxtpx:TrackPointExtension></extensions></trkpt><trkpt lat="55.6519641168" lon="50.0720600132"><ele>213.29</ele><time>2018-08-16T13:21:26Z</time><extensions><gpxtpx:TrackPointExtension><gpxtpx:depth>0.00</gpxtpx:depth></gpxtpx:TrackPointExtension></extensions></trkpt><trkpt lat="55.6521695573" lon="50.0737059675"><ele>213.22</ele><time>2018-08-16T13:21:42Z</time><extensions><gpxtpx:TrackPointExtension><gpxtpx:depth>0.00</gpxtpx:depth></gpxtpx:TrackPointExtension></extensions></trkpt><trkpt lat="55.6523722317" lon="50.0752877165"><ele>213.14</ele><time>2018-08-16T13:21:57Z</time><extensions><gpxtpx:TrackPointExtension><gpxtpx:depth>0.00</gpxtpx:depth></gpxtpx:TrackPointExtension></extensions></trkpt><trkpt lat="55.6525797676" lon="50.0768985506"><ele>212.87</ele><time>2018-08-16T13:22:12Z</time><extensions><gpxtpx:TrackPointExtension><gpxtpx:depth>0.00</gpxtpx:depth></gpxtpx:TrackPointExtension></extensions></trkpt><trkpt lat="55.6527734734" lon="50.0784626976"><ele>212.45</ele><time>2018-08-16T13:22:26Z</time><extensions><gpxtpx:TrackPointExtension><gpxtpx:depth>0.00</gpxtpx:depth></gpxtpx:TrackPointExtension></extensions></trkpt><trkpt lat="55.6529795006" lon="50.0800711010"><ele>211.79</ele><time>2018-08-16T13:22:41Z</time><extensions><gpxtpx:TrackPointExtension><gpxtpx:depth>0.00</gpxtpx:depth></gpxtpx:TrackPointExtension></extensions></trkpt><trkpt lat="55.6531786546" lon="50.0816834439"><ele>211.00</ele><time>2018-08-16T13:22:56Z</time><extensions><gpxtpx:TrackPointExtension><gpxtpx:depth>0.00</gpxtpx:depth></gpxtpx:TrackPointExtension></extensions></trkpt><trkpt lat="55.6533892918" lon="50.0833494309"><ele>210.31</ele><time>2018-08-16T13:23:11Z</time><extensions><gpxtpx:TrackPointExtension><gpxtpx:depth>0.00</gpxtpx:depth></gpxtpx:TrackPointExtension></extensions></trkpt><trkpt lat="55.6535936426" lon="50.0849188585"><ele>209.62</ele><time>2018-08-16T13:23:25Z</time><extensions><gpxtpx:TrackPointExtension><gpxtpx:depth>0.00</gpxtpx:depth></gpxtpx:TrackPointExtension></extensions></trkpt><trkpt lat="55.6538192835" lon="50.0864890404"><ele>208.45</ele><time>2018-08-16T13:23:39Z</time><extensions><gpxtpx:TrackPointExtension><gpxtpx:depth>0.00</gpxtpx:depth></gpxtpx:TrackPointExtension></extensions></trkpt><trkpt lat="55.6540793739" lon="50.0880383514"><ele>207.84</ele><time>2018-08-16T13:23:53Z</time><extensions><gpxtpx:TrackPointExtension><gpxtpx:depth>0.00</gpxtpx:depth></gpxtpx:TrackPointExtension></extensions></trkpt><trkpt lat="55.6543946173" lon="50.0895579066"><ele>207.29</ele><time>2018-08-16T13:24:07Z</time><extensions><gpxtpx:TrackPointExtension><gpxtpx:depth>0.00</gpxtpx:depth></gpxtpx:TrackPointExtension></extensions></trkpt><trkpt lat="55.6547195837" lon="50.0911190361"><ele>206.82</ele><time>2018-08-16T13:24:22Z</time><extensions><gpxtpx:TrackPointExtension><gpxtpx:depth>0.00</gpxtpx:depth></gpxtpx:TrackPointExtension></extensions></trkpt><trkpt lat="55.6550554466" lon="50.0925937481"><ele>206.61</ele><time>2018-08-16T13:24:37Z</time><extensions><gpxtpx:TrackPointExtension><gpxtpx:depth>0.00</gpxtpx:depth></gpxtpx:TrackPointExtension></extensions></trkpt><trkpt lat="55.6554245856" lon="50.0940478407"><ele>206.20</ele><time>2018-08-16T13:25:33Z</time><extensions><gpxtpx:TrackPointExtension><gpxtpx:depth>0.00</gpxtpx:depth></gpxtpx:TrackPointExtension></extensions></trkpt><trkpt lat="55.6558293477" lon="50.0956003368"><ele>206.53</ele><time>2018-08-16T13:25:50Z</time><extensions><gpxtpx:TrackPointExtension><gpxtpx:depth>0.00</gpxtpx:depth></gpxtpx:TrackPointExtension></extensions></trkpt><trkpt lat="55.6562329363" lon="50.0970702711"><ele>206.90</ele><time>2018-08-16T13:26:05Z</time><extensions><gpxtpx:TrackPointExtension><gpxtpx:depth>0.00</gpxtpx:depth></gpxtpx:TrackPointExtension></extensions></trkpt><trkpt lat="55.6566295680" lon="50.0985285547"><ele>207.48</ele><time>2018-08-16T13:26:22Z</time><extensions><gpxtpx:TrackPointExtension><gpxtpx:depth>0.00</gpxtpx:depth></gpxtpx:TrackPointExtension></extensions></trkpt><trkpt lat="55.6570238527" lon="50.0999843236"><ele>208.46</ele><time>2018-08-16T13:26:40Z</time><extensions><gpxtpx:TrackPointExtension><gpxtpx:depth>0.00</gpxtpx:depth></gpxtpx:TrackPointExtension></extensions></trkpt><trkpt lat="55.6574178021" lon="50.1014654897"><ele>209.52</ele><time>2018-08-16T13:26:59Z</time><extensions><gpxtpx:TrackPointExtension><gpxtpx:depth>0.00</gpxtpx:depth></gpxtpx:TrackPointExtension></extensions></trkpt><trkpt lat="55.6578113325" lon="50.1029481646"><ele>210.69</ele><time>2018-08-16T13:27:18Z</time><extensions><gpxtpx:TrackPointExtension><gpxtpx:depth>0.00</gpxtpx:depth></gpxtpx:TrackPointExtension></extensions></trkpt><trkpt lat="55.6582127418" lon="50.1044588350"><ele>212.11</ele><time>2018-08-16T13:27:40Z</time><extensions><gpxtpx:TrackPointExtension><gpxtpx:depth>0.00</gpxtpx:depth></gpxtpx:TrackPointExtension></extensions></trkpt><trkpt lat="55.6586087868" lon="50.1059263386"><ele>213.35</ele><time>2018-08-16T13:28:00Z</time><extensions><gpxtpx:TrackPointExtension><gpxtpx:depth>0.00</gpxtpx:depth></gpxtpx:TrackPointExtension></extensions></trkpt><trkpt lat="55.6590193324" lon="50.1073879749"><ele>214.47</ele><time>2018-08-16T13:28:21Z</time><extensions><gpxtpx:TrackPointExtension><gpxtpx:depth>0.00</gpxtpx:depth></gpxtpx:TrackPointExtension></extensions></trkpt><trkpt lat="55.6594039779" lon="50.1088472642"><ele>215.39</ele><time>2018-08-16T13:28:44Z</time><extensions><gpxtpx:TrackPointExtension><gpxtpx:depth>0.00</gpxtpx:depth></gpxtpx:TrackPointExtension></extensions></trkpt><trkpt lat="55.6598005258" lon="50.1103297714"><ele>215.93</ele><time>2018-08-16T13:29:06Z</time><extensions><gpxtpx:TrackPointExtension><gpxtpx:depth>0.00</gpxtpx:depth></gpxtpx:TrackPointExtension></extensions></trkpt><trkpt lat="55.6602131668" lon="50.1118045673"><ele>216.49</ele><time>2018-08-16T13:29:27Z</time><extensions><gpxtpx:TrackPointExtension><gpxtpx:depth>0.00</gpxtpx:depth></gpxtpx:TrackPointExtension></extensions></trkpt><trkpt lat="55.6605971418" lon="50.1132927742"><ele>216.76</ele><time>2018-08-16T13:29:46Z</time><extensions><gpxtpx:TrackPointExtension><gpxtpx:depth>0.00</gpxtpx:depth></gpxtpx:TrackPointExtension></extensions></trkpt><trkpt lat="55.6609937735" lon="50.1147647202"><ele>217.09</ele><time>2018-08-16T13:30:05Z</time><extensions><gpxtpx:TrackPointExtension><gpxtpx:depth>0.00</gpxtpx:depth></gpxtpx:TrackPointExtension></extensions></trkpt><trkpt lat="55.6613528542" lon="50.1162915677"><ele>217.21</ele><time>2018-08-16T13:30:22Z</time><extensions><gpxtpx:TrackPointExtension><gpxtpx:depth>0.00</gpxtpx:depth></gpxtpx:TrackPointExtension></extensions></trkpt><trkpt lat="55.6617858633" lon="50.1178363524"><ele>217.07</ele><time>2018-08-16T13:30:36Z</time><extensions><gpxtpx:TrackPointExtension><gpxtpx:depth>0.00</gpxtpx:depth></gpxtpx:TrackPointExtension></extensions></trkpt><trkpt lat="55.6621829141" lon="50.1192692388"><ele>216.69</ele><time>2018-08-16T13:30:48Z</time><extensions><gpxtpx:TrackPointExtension><gpxtpx:depth>0.00</gpxtpx:depth></gpxtpx:TrackPointExtension></extensions></trkpt><trkpt lat="55.6625664700" lon="50.1207010355"><ele>215.99</ele><time>2018-08-16T13:31:01Z</time><extensions><gpxtpx:TrackPointExtension><gpxtpx:depth>0.00</gpxtpx:depth></gpxtpx:TrackPointExtension></extensions></trkpt><trkpt lat="55.6629645266" lon="50.1222330797"><ele>215.09</ele><time>2018-08-16T13:31:15Z</time><extensions><gpxtpx:TrackPointExtension><gpxtpx:depth>0.00</gpxtpx:depth></gpxtpx:TrackPointExtension></extensions></trkpt><trkpt lat="55.6633457355" lon="50.1237151679"><ele>214.19</ele><time>2018-08-16T13:31:28Z</time><extensions><gpxtpx:TrackPointExtension><gpxtpx:depth>0.00</gpxtpx:depth></gpxtpx:TrackPointExtension></extensions></trkpt><trkpt lat="55.6637561973" lon="50.1252660714"><ele>213.28</ele><time>2018-08-16T13:31:42Z</time><extensions><gpxtpx:TrackPointExtension><gpxtpx:depth>0.00</gpxtpx:depth></gpxtpx:TrackPointExtension></extensions></trkpt><trkpt lat="55.6641220674" lon="50.1267309766"><ele>212.77</ele><time>2018-08-16T13:31:55Z</time><extensions><gpxtpx:TrackPointExtension><gpxtpx:depth>0.00</gpxtpx:depth></gpxtpx:TrackPointExtension></extensions></trkpt><trkpt lat="55.6645164359" lon="50.1282489393"><ele>212.44</ele><time>2018-08-16T13:32:09Z</time><extensions><gpxtpx:TrackPointExtension><gpxtpx:depth>0.00</gpxtpx:depth></gpxtpx:TrackPointExtension></extensions></trkpt><trkpt lat="55.6648977287" lon="50.1297866832"><ele>212.28</ele><time>2018-08-16T13:32:23Z</time><extensions><gpxtpx:TrackPointExtension><gpxtpx:depth>0.00</gpxtpx:depth></gpxtpx:TrackPointExtension></extensions></trkpt><trkpt lat="55.6652596593" lon="50.1312822662"><ele>212.40</ele><time>2018-08-16T13:32:37Z</time><extensions><gpxtpx:TrackPointExtension><gpxtpx:depth>0.00</gpxtpx:depth></gpxtpx:TrackPointExtension></extensions></trkpt><trkpt lat="55.6656301394" lon="50.1328304037"><ele>212.57</ele><time>2018-08-16T13:32:53Z</time><extensions><gpxtpx:TrackPointExtension><gpxtpx:depth>0.00</gpxtpx:depth></gpxtpx:TrackPointExtension></extensions></trkpt><trkpt lat="55.6659627333" lon="50.1343691535"><ele>212.56</ele><time>2018-08-16T13:33:08Z</time><extensions><gpxtpx:TrackPointExtension><gpxtpx:depth>0.00</gpxtpx:depth></gpxtpx:TrackPointExtension></extensions></trkpt><trkpt lat="55.6663436908" lon="50.1359319594"><ele>212.13</ele><time>2018-08-16T13:33:23Z</time><extensions><gpxtpx:TrackPointExtension><gpxtpx:depth>0.00</gpxtpx:depth></gpxtpx:TrackPointExtension></extensions></trkpt><trkpt lat="55.6667202897" lon="50.1374765765"><ele>210.84</ele><time>2018-08-16T13:33:37Z</time><extensions><gpxtpx:TrackPointExtension><gpxtpx:depth>0.00</gpxtpx:depth></gpxtpx:TrackPointExtension></extensions></trkpt><trkpt lat="55.6670871656" lon="50.1389631070"><ele>209.63</ele><time>2018-08-16T13:33:50Z</time><extensions><gpxtpx:TrackPointExtension><gpxtpx:depth>0.00</gpxtpx:depth></gpxtpx:TrackPointExtension></extensions></trkpt><trkpt lat="55.6674796902" lon="50.1405427605"><ele>208.00</ele><time>2018-08-16T13:34:03Z</time><extensions><gpxtpx:TrackPointExtension><gpxtpx:depth>0.00</gpxtpx:depth></gpxtpx:TrackPointExtension></extensions></trkpt><trkpt lat="55.6678699516" lon="50.1421276107"><ele>206.44</ele><time>2018-08-16T13:34:15Z</time><extensions><gpxtpx:TrackPointExtension><gpxtpx:depth>0.00</gpxtpx:depth></gpxtpx:TrackPointExtension></extensions></trkpt><trkpt lat="55.6682645716" lon="50.1437292248"><ele>204.94</ele><time>2018-08-16T13:34:27Z</time><extensions><gpxtpx:TrackPointExtension><gpxtpx:depth>0.00</gpxtpx:depth></gpxtpx:TrackPointExtension></extensions></trkpt><trkpt lat="55.6686372310" lon="50.1452562399"><ele>203.14</ele><time>2018-08-16T13:34:38Z</time><extensions><gpxtpx:TrackPointExtension><gpxtpx:depth>0.00</gpxtpx:depth></gpxtpx:TrackPointExtension></extensions></trkpt><trkpt lat="55.6690017600" lon="50.1467167865"><ele>201.15</ele><time>2018-08-16T13:34:48Z</time><extensions><gpxtpx:TrackPointExtension><gpxtpx:depth>0.00</gpxtpx:depth></gpxtpx:TrackPointExtension></extensions></trkpt><trkpt lat="55.6693734135" lon="50.1482992899"><ele>198.98</ele><time>2018-08-16T13:34:58Z</time><extensions><gpxtpx:TrackPointExtension><gpxtpx:depth>0.00</gpxtpx:depth></gpxtpx:TrackPointExtension></extensions></trkpt><trkpt lat="55.6697572209" lon="50.1498646941"><ele>195.92</ele><time>2018-08-16T13:35:08Z</time><extensions><gpxtpx:TrackPointExtension><gpxtpx:depth>0.00</gpxtpx:depth></gpxtpx:TrackPointExtension></extensions></trkpt><trkpt lat="55.6701323111" lon="50.1513636298"><ele>194.05</ele><time>2018-08-16T13:35:19Z</time><extensions><gpxtpx:TrackPointExtension><gpxtpx:depth>0.00</gpxtpx:depth></gpxtpx:TrackPointExtension></extensions></trkpt><trkpt lat="55.6704940740" lon="50.1528318040"><ele>193.72</ele><time>2018-08-16T13:35:31Z</time><extensions><gpxtpx:TrackPointExtension><gpxtpx:depth>0.00</gpxtpx:depth></gpxtpx:TrackPointExtension></extensions></trkpt><trkpt lat="55.6708296854" lon="50.1543800253"><ele>194.10</ele><time>2018-08-16T13:35:46Z</time><extensions><gpxtpx:TrackPointExtension><gpxtpx:depth>0.00</gpxtpx:depth></gpxtpx:TrackPointExtension></extensions></trkpt><trkpt lat="55.6711151730" lon="50.1559422445"><ele>195.17</ele><time>2018-08-16T13:36:04Z</time><extensions><gpxtpx:TrackPointExtension><gpxtpx:depth>0.00</gpxtpx:depth></gpxtpx:TrackPointExtension></extensions></trkpt><trkpt lat="55.6713578291" lon="50.1574674156"><ele>196.56</ele><time>2018-08-16T13:36:24Z</time><extensions><gpxtpx:TrackPointExtension><gpxtpx:depth>0.00</gpxtpx:depth></gpxtpx:TrackPointExtension></extensions></trkpt><trkpt lat="55.6715767644" lon="50.1590593066"><ele>197.54</ele><time>2018-08-16T13:36:48Z</time><extensions><gpxtpx:TrackPointExtension><gpxtpx:depth>0.00</gpxtpx:depth></gpxtpx:TrackPointExtension></extensions></trkpt><trkpt lat="55.6717635132" lon="50.1606158260"><ele>198.00</ele><time>2018-08-16T13:37:14Z</time><extensions><gpxtpx:TrackPointExtension><gpxtpx:depth>0.00</gpxtpx:depth></gpxtpx:TrackPointExtension></extensions></trkpt><trkpt lat="55.6719212607" lon="50.1621768717"><ele>198.45</ele><time>2018-08-16T13:37:37Z</time><extensions><gpxtpx:TrackPointExtension><gpxtpx:depth>0.00</gpxtpx:depth></gpxtpx:TrackPointExtension></extensions></trkpt><trkpt lat="55.6720562931" lon="50.1637828443"><ele>198.30</ele><time>2018-08-16T13:37:58Z</time><extensions><gpxtpx:TrackPointExtension><gpxtpx:depth>0.00</gpxtpx:depth></gpxtpx:TrackPointExtension></extensions></trkpt><trkpt lat="55.6721766572" lon="50.1654069219"><ele>198.75</ele><time>2018-08-16T13:38:17Z</time><extensions><gpxtpx:TrackPointExtension><gpxtpx:depth>0.00</gpxtpx:depth></gpxtpx:TrackPointExtension></extensions></trkpt><trkpt lat="55.6723342370" lon="50.1670372020"><ele>198.70</ele><time>2018-08-16T13:38:35Z</time><extensions><gpxtpx:TrackPointExtension><gpxtpx:depth>0.00</gpxtpx:depth></gpxtpx:TrackPointExtension></extensions></trkpt><trkpt lat="55.6724741310" lon="50.1686538197"><ele>198.68</ele><time>2018-08-16T13:38:53Z</time><extensions><gpxtpx:TrackPointExtension><gpxtpx:depth>0.00</gpxtpx:depth></gpxtpx:TrackPointExtension></extensions></trkpt><trkpt lat="55.6726120133" lon="50.1702789869"><ele>198.69</ele><time>2018-08-16T13:39:11Z</time><extensions><gpxtpx:TrackPointExtension><gpxtpx:depth>0.00</gpxtpx:depth></gpxtpx:TrackPointExtension></extensions></trkpt><trkpt lat="55.6727438606" lon="50.1719010528"><ele>198.61</ele><time>2018-08-16T13:39:28Z</time><extensions><gpxtpx:TrackPointExtension><gpxtpx:depth>0.00</gpxtpx:depth></gpxtpx:TrackPointExtension></extensions></trkpt><trkpt lat="55.6728713494" lon="50.1735180058"><ele>198.76</ele><time>2018-08-16T13:39:44Z</time><extensions><gpxtpx:TrackPointExtension><gpxtpx:depth>0.00</gpxtpx:depth></gpxtpx:TrackPointExtension></extensions></trkpt><trkpt lat="55.6729938090" lon="50.1751368027"><ele>198.48</ele><time>2018-08-16T13:39:59Z</time><extensions><gpxtpx:TrackPointExtension><gpxtpx:depth>0.00</gpxtpx:depth></gpxtpx:TrackPointExtension></extensions></trkpt><trkpt lat="55.6731301825" lon="50.1767587010"><ele>197.54</ele><time>2018-08-16T13:40:13Z</time><extensions><gpxtpx:TrackPointExtension><gpxtpx:depth>0.00</gpxtpx:depth></gpxtpx:TrackPointExtension></extensions></trkpt><trkpt lat="55.6732688192" lon="50.1784083433"><ele>196.27</ele><time>2018-08-16T13:40:26Z</time><extensions><gpxtpx:TrackPointExtension><gpxtpx:depth>0.00</gpxtpx:depth></gpxtpx:TrackPointExtension></extensions></trkpt><trkpt lat="55.6734016724" lon="50.1800220273"><ele>193.97</ele><time>2018-08-16T13:40:38Z</time><extensions><gpxtpx:TrackPointExtension><gpxtpx:depth>0.00</gpxtpx:depth></gpxtpx:TrackPointExtension></extensions></trkpt><trkpt lat="55.6735331006" lon="50.1816354599"><ele>191.70</ele><time>2018-08-16T13:40:50Z</time><extensions><gpxtpx:TrackPointExtension><gpxtpx:depth>0.00</gpxtpx:depth></gpxtpx:TrackPointExtension></extensions></trkpt><trkpt lat="55.6736718211" lon="50.1832695119"><ele>189.92</ele><time>2018-08-16T13:41:03Z</time><extensions><gpxtpx:TrackPointExtension><gpxtpx:depth>0.00</gpxtpx:depth></gpxtpx:TrackPointExtension></extensions></trkpt><trkpt lat="55.6738117151" lon="50.1849469822"><ele>189.06</ele><time>2018-08-16T13:41:17Z</time><extensions><gpxtpx:TrackPointExtension><gpxtpx:depth>0.00</gpxtpx:depth></gpxtpx:TrackPointExtension></extensions></trkpt><trkpt lat="55.6739454903" lon="50.1866070181"><ele>188.69</ele><time>2018-08-16T13:41:33Z</time><extensions><gpxtpx:TrackPointExtension><gpxtpx:depth>0.00</gpxtpx:depth></gpxtpx:TrackPointExtension></extensions></trkpt><trkpt lat="55.6740723923" lon="50.1882114820"><ele>188.48</ele><time>2018-08-16T13:41:50Z</time><extensions><gpxtpx:TrackPointExtension><gpxtpx:depth>0.00</gpxtpx:depth></gpxtpx:TrackPointExtension></extensions></trkpt><trkpt lat="55.6742088497" lon="50.1898473781"><ele>188.11</ele><time>2018-08-16T13:42:06Z</time><extensions><gpxtpx:TrackPointExtension><gpxtpx:depth>0.00</gpxtpx:depth></gpxtpx:TrackPointExtension></extensions></trkpt><trkpt lat="55.6743362546" lon="50.1914503332"><ele>187.08</ele><time>2018-08-16T13:42:20Z</time><extensions><gpxtpx:TrackPointExtension><gpxtpx:depth>0.00</gpxtpx:depth></gpxtpx:TrackPointExtension></extensions></trkpt><trkpt lat="55.6744669285" lon="50.1931291446"><ele>186.15</ele><time>2018-08-16T13:42:34Z</time><extensions><gpxtpx:TrackPointExtension><gpxtpx:depth>0.00</gpxtpx:depth></gpxtpx:TrackPointExtension></extensions></trkpt><trkpt lat="55.6746017095" lon="50.1947431639"><ele>185.30</ele><time>2018-08-16T13:42:49Z</time><extensions><gpxtpx:TrackPointExtension><gpxtpx:depth>0.00</gpxtpx:depth></gpxtpx:TrackPointExtension></extensions></trkpt><trkpt lat="55.6747349817" lon="50.1963861845"><ele>185.27</ele><time>2018-08-16T13:43:06Z</time><extensions><gpxtpx:TrackPointExtension><gpxtpx:depth>0.00</gpxtpx:depth></gpxtpx:TrackPointExtension></extensions></trkpt><trkpt lat="55.6748658232" lon="50.1979555283"><ele>186.16</ele><time>2018-08-16T13:43:26Z</time><extensions><gpxtpx:TrackPointExtension><gpxtpx:depth>0.00</gpxtpx:depth></gpxtpx:TrackPointExtension></extensions></trkpt><trkpt lat="55.6749928929" lon="50.1995515265"><ele>187.64</ele><time>2018-08-16T13:43:49Z</time><extensions><gpxtpx:TrackPointExtension><gpxtpx:depth>0.00</gpxtpx:depth></gpxtpx:TrackPointExtension></extensions></trkpt><trkpt lat="55.6751261652" lon="50.2011663001"><ele>189.27</ele><time>2018-08-16T13:44:19Z</time><extensions><gpxtpx:TrackPointExtension><gpxtpx:depth>0.00</gpxtpx:depth></gpxtpx:TrackPointExtension></extensions></trkpt><trkpt lat="55.6752560008" lon="50.2027926408"><ele>190.63</ele><time>2018-08-16T13:44:46Z</time><extensions><gpxtpx:TrackPointExtension><gpxtpx:depth>0.00</gpxtpx:depth></gpxtpx:TrackPointExtension></extensions></trkpt><trkpt lat="55.6753881834" lon="50.2043982781"><ele>191.95</ele><time>2018-08-16T13:45:09Z</time><extensions><gpxtpx:TrackPointExtension><gpxtpx:depth>0.00</gpxtpx:depth></gpxtpx:TrackPointExtension></extensions></trkpt><trkpt lat="55.6755227130" lon="50.2060173266"><ele>192.46</ele><time>2018-08-16T13:45:29Z</time><extensions><gpxtpx:TrackPointExtension><gpxtpx:depth>0.00</gpxtpx:depth></gpxtpx:TrackPointExtension></extensions></trkpt><trkpt lat="55.6756545603" lon="50.2076308429"><ele>192.36</ele><time>2018-08-16T13:45:49Z</time><extensions><gpxtpx:TrackPointExtension><gpxtpx:depth>0.00</gpxtpx:depth></gpxtpx:TrackPointExtension></extensions></trkpt><trkpt lat="55.6757905986" lon="50.2092360612"><ele>191.95</ele><time>2018-08-16T13:46:09Z</time><extensions><gpxtpx:TrackPointExtension><gpxtpx:depth>0.00</gpxtpx:depth></gpxtpx:TrackPointExtension></extensions></trkpt><trkpt lat="55.6759812869" lon="50.2108734660"><ele>191.58</ele><time>2018-08-16T13:46:28Z</time><extensions><gpxtpx:TrackPointExtension><gpxtpx:depth>0.00</gpxtpx:depth></gpxtpx:TrackPointExtension></extensions></trkpt><trkpt lat="55.6761851348" lon="50.2124311589"><ele>190.94</ele><time>2018-08-16T13:46:45Z</time><extensions><gpxtpx:TrackPointExtension><gpxtpx:depth>0.00</gpxtpx:depth></gpxtpx:TrackPointExtension></extensions></trkpt><trkpt lat="55.6764329877" lon="50.2140042745"><ele>190.50</ele><time>2018-08-16T13:47:02Z</time><extensions><gpxtpx:TrackPointExtension><gpxtpx:depth>0.00</gpxtpx:depth></gpxtpx:TrackPointExtension></extensions></trkpt><trkpt lat="55.6766954251" lon="50.2155247517"><ele>189.89</ele><time>2018-08-16T13:47:20Z</time><extensions><gpxtpx:TrackPointExtension><gpxtpx:depth>0.00</gpxtpx:depth></gpxtpx:TrackPointExtension></extensions></trkpt><trkpt lat="55.6769966707" lon="50.2170939278"><ele>189.93</ele><time>2018-08-16T13:47:39Z</time><extensions><gpxtpx:TrackPointExtension><gpxtpx:depth>0.00</gpxtpx:depth></gpxtpx:TrackPointExtension></extensions></trkpt><trkpt lat="55.6773204636" lon="50.2185995691"><ele>190.93</ele><time>2018-08-16T13:48:00Z</time><extensions><gpxtpx:TrackPointExtension><gpxtpx:depth>0.00</gpxtpx:depth></gpxtpx:TrackPointExtension></extensions></trkpt><trkpt lat="55.6776764430" lon="50.2200860158"><ele>192.30</ele><time>2018-08-16T13:48:22Z</time><extensions><gpxtpx:TrackPointExtension><gpxtpx:depth>0.00</gpxtpx:depth></gpxtpx:TrackPointExtension></extensions></trkpt><trkpt lat="55.6780575681" lon="50.2215339057"><ele>193.36</ele><time>2018-08-16T13:48:45Z</time><extensions><gpxtpx:TrackPointExtension><gpxtpx:depth>0.00</gpxtpx:depth></gpxtpx:TrackPointExtension></extensions></trkpt><trkpt lat="55.6784659345" lon="50.2230091207"><ele>194.17</ele><time>2018-08-16T13:49:08Z</time><extensions><gpxtpx:TrackPointExtension><gpxtpx:depth>0.00</gpxtpx:depth></gpxtpx:TrackPointExtension></extensions></trkpt><trkpt lat="55.6788825151" lon="50.2244465332"><ele>194.21</ele><time>2018-08-16T13:49:28Z</time><extensions><gpxtpx:TrackPointExtension><gpxtpx:depth>0.00</gpxtpx:depth></gpxtpx:TrackPointExtension></extensions></trkpt><trkpt lat="55.6792848464" lon="50.2258715406"><ele>194.22</ele><time>2018-08-16T13:49:48Z</time><extensions><gpxtpx:TrackPointExtension><gpxtpx:depth>0.00</gpxtpx:depth></gpxtpx:TrackPointExtension></extensions></trkpt><trkpt lat="55.6797037739" lon="50.2272879146"><ele>193.89</ele><time>2018-08-16T13:50:07Z</time><extensions><gpxtpx:TrackPointExtension><gpxtpx:depth>0.00</gpxtpx:depth></gpxtpx:TrackPointExtension></extensions></trkpt><trkpt lat="55.6801327597" lon="50.2287476230"><ele>193.75</ele><time>2018-08-16T13:50:26Z</time><extensions><gpxtpx:TrackPointExtension><gpxtpx:depth>0.00</gpxtpx:depth></gpxtpx:TrackPointExtension></extensions></trkpt><trkpt lat="55.6805484183" lon="50.2301890589"><ele>193.77</ele><time>2018-08-16T13:50:45Z</time><extensions><gpxtpx:TrackPointExtension><gpxtpx:depth>0.00</gpxtpx:depth></gpxtpx:TrackPointExtension></extensions></trkpt><trkpt lat="55.6809723750" lon="50.2316377871"><ele>194.18</ele><time>2018-08-16T13:51:07Z</time><extensions><gpxtpx:TrackPointExtension><gpxtpx:depth>0.00</gpxtpx:depth></gpxtpx:TrackPointExtension></extensions></trkpt><trkpt lat="55.6813965831" lon="50.2330896165"><ele>195.17</ele><time>2018-08-16T13:51:30Z</time><extensions><gpxtpx:TrackPointExtension><gpxtpx:depth>0.00</gpxtpx:depth></gpxtpx:TrackPointExtension></extensions></trkpt><trkpt lat="55.6818150915" lon="50.2345611434"><ele>196.50</ele><time>2018-08-16T13:51:52Z</time><extensions><gpxtpx:TrackPointExtension><gpxtpx:depth>0.00</gpxtpx:depth></gpxtpx:TrackPointExtension></extensions></trkpt><trkpt lat="55.6822366174" lon="50.2359905094"><ele>198.15</ele><time>2018-08-16T13:52:20Z</time><extensions><gpxtpx:TrackPointExtension><gpxtpx:depth>0.00</gpxtpx:depth></gpxtpx:TrackPointExtension></extensions></trkpt><trkpt lat="55.6826565508" lon="50.2374326158"><ele>200.05</ele><time>2018-08-16T13:52:49Z</time><extensions><gpxtpx:TrackPointExtension><gpxtpx:depth>0.00</gpxtpx:depth></gpxtpx:TrackPointExtension></extensions></trkpt><trkpt lat="55.6830413640" lon="50.2388851158"><ele>202.99</ele><time>2018-08-16T13:53:24Z</time><extensions><gpxtpx:TrackPointExtension><gpxtpx:depth>0.00</gpxtpx:depth></gpxtpx:TrackPointExtension></extensions></trkpt><trkpt lat="55.6834647339" lon="50.2402791940"><ele>205.20</ele><time>2018-08-16T13:53:57Z</time><extensions><gpxtpx:TrackPointExtension><gpxtpx:depth>0.00</gpxtpx:depth></gpxtpx:TrackPointExtension></extensions></trkpt><trkpt lat="55.6838924624" lon="50.2417046204"><ele>207.12</ele><time>2018-08-16T13:54:28Z</time><extensions><gpxtpx:TrackPointExtension><gpxtpx:depth>0.00</gpxtpx:depth></gpxtpx:TrackPointExtension></extensions></trkpt><trkpt lat="55.6842714082" lon="50.2431803383"><ele>208.68</ele><time>2018-08-16T13:54:57Z</time><extensions><gpxtpx:TrackPointExtension><gpxtpx:depth>0.00</gpxtpx:depth></gpxtpx:TrackPointExtension></extensions></trkpt><trkpt lat="55.6846889108" lon="50.2446053457"><ele>209.99</ele><time>2018-08-16T13:55:27Z</time><extensions><gpxtpx:TrackPointExtension><gpxtpx:depth>0.00</gpxtpx:depth></gpxtpx:TrackPointExtension></extensions></trkpt><trkpt lat="55.6851183157" lon="50.2460212167"><ele>211.15</ele><time>2018-08-16T13:55:54Z</time><extensions><gpxtpx:TrackPointExtension><gpxtpx:depth>0.00</gpxtpx:depth></gpxtpx:TrackPointExtension></extensions></trkpt><trkpt lat="55.6855462957" lon="50.2474611439"><ele>211.59</ele><time>2018-08-16T13:56:20Z</time><extensions><gpxtpx:TrackPointExtension><gpxtpx:depth>0.00</gpxtpx:depth></gpxtpx:TrackPointExtension></extensions></trkpt><trkpt lat="55.6859758683" lon="50.2489283122"><ele>211.53</ele><time>2018-08-16T13:56:45Z</time><extensions><gpxtpx:TrackPointExtension><gpxtpx:depth>0.00</gpxtpx:depth></gpxtpx:TrackPointExtension></extensions></trkpt><trkpt lat="55.6864035130" lon="50.2504019346"><ele>211.06</ele><time>2018-08-16T13:57:07Z</time><extensions><gpxtpx:TrackPointExtension><gpxtpx:depth>0.00</gpxtpx:depth></gpxtpx:TrackPointExtension></extensions></trkpt><trkpt lat="55.6868292298" lon="50.2518786583"><ele>210.24</ele><time>2018-08-16T13:57:27Z</time><extensions><gpxtpx:TrackPointExtension><gpxtpx:depth>0.00</gpxtpx:depth></gpxtpx:TrackPointExtension></extensions></trkpt><trkpt lat="55.6872631609" lon="50.2533475868"><ele>209.16</ele><time>2018-08-16T13:57:45Z</time><extensions><gpxtpx:TrackPointExtension><gpxtpx:depth>0.00</gpxtpx:depth></gpxtpx:TrackPointExtension></extensions></trkpt><trkpt lat="55.6876922306" lon="50.2548180241"><ele>207.70</ele><time>2018-08-16T13:58:02Z</time><extensions><gpxtpx:TrackPointExtension><gpxtpx:depth>0.00</gpxtpx:depth></gpxtpx:TrackPointExtension></extensions></trkpt><trkpt lat="55.6881031115" lon="50.2562688477"><ele>206.79</ele><time>2018-08-16T13:58:19Z</time><extensions><gpxtpx:TrackPointExtension><gpxtpx:depth>0.00</gpxtpx:depth></gpxtpx:TrackPointExtension></extensions></trkpt><trkpt lat="55.6885153335" lon="50.2577469964"><ele>206.73</ele><time>2018-08-16T13:58:38Z</time><extensions><gpxtpx:TrackPointExtension><gpxtpx:depth>0.00</gpxtpx:depth></gpxtpx:TrackPointExtension></extensions></trkpt><trkpt lat="55.6889195088" lon="50.2591905277"><ele>207.11</ele><time>2018-08-16T13:58:58Z</time><extensions><gpxtpx:TrackPointExtension><gpxtpx:depth>0.00</gpxtpx:depth></gpxtpx:TrackPointExtension></extensions></trkpt><trkpt lat="55.6893411186" lon="50.2606352326"><ele>208.05</ele><time>2018-08-16T13:59:20Z</time><extensions><gpxtpx:TrackPointExtension><gpxtpx:depth>0.00</gpxtpx:depth></gpxtpx:TrackPointExtension></extensions></trkpt><trkpt lat="55.6897618063" lon="50.2620844636"><ele>208.93</ele><time>2018-08-16T13:59:44Z</time><extensions><gpxtpx:TrackPointExtension><gpxtpx:depth>0.00</gpxtpx:depth></gpxtpx:TrackPointExtension></extensions></trkpt><trkpt lat="55.6901871879" lon="50.2635072917"><ele>209.77</ele><time>2018-08-16T14:00:09Z</time><extensions><gpxtpx:TrackPointExtension><gpxtpx:depth>0.00</gpxtpx:depth></gpxtpx:TrackPointExtension></extensions></trkpt><trkpt lat="55.6905974820" lon="50.2649530862"><ele>210.13</ele><time>2018-08-16T14:00:31Z</time><extensions><gpxtpx:TrackPointExtension><gpxtpx:depth>0.00</gpxtpx:depth></gpxtpx:TrackPointExtension></extensions></trkpt><trkpt lat="55.6909598317" lon="50.2664822806"><ele>210.14</ele><time>2018-08-16T14:00:51Z</time><extensions><gpxtpx:TrackPointExtension><gpxtpx:depth>0.00</gpxtpx:depth></gpxtpx:TrackPointExtension></extensions></trkpt><trkpt lat="55.6913148053" lon="50.2679771092"><ele>209.34</ele><time>2018-08-16T14:01:09Z</time><extensions><gpxtpx:TrackPointExtension><gpxtpx:depth>0.00</gpxtpx:depth></gpxtpx:TrackPointExtension></extensions></trkpt><trkpt lat="55.6916375924" lon="50.2695119195"><ele>208.54</ele><time>2018-08-16T14:01:25Z</time><extensions><gpxtpx:TrackPointExtension><gpxtpx:depth>0.00</gpxtpx:depth></gpxtpx:TrackPointExtension></extensions></trkpt><trkpt lat="55.6919286121" lon="50.2710341569"><ele>207.26</ele><time>2018-08-16T14:01:39Z</time><extensions><gpxtpx:TrackPointExtension><gpxtpx:depth>0.00</gpxtpx:depth></gpxtpx:TrackPointExtension></extensions></trkpt><trkpt lat="55.6921883672" lon="50.2726102062"><ele>206.09</ele><time>2018-08-16T14:01:52Z</time><extensions><gpxtpx:TrackPointExtension><gpxtpx:depth>0.00</gpxtpx:depth></gpxtpx:TrackPointExtension></extensions></trkpt><trkpt lat="55.6924071349" lon="50.2741581760"><ele>204.88</ele><time>2018-08-16T14:02:04Z</time><extensions><gpxtpx:TrackPointExtension><gpxtpx:depth>0.00</gpxtpx:depth></gpxtpx:TrackPointExtension></extensions></trkpt><trkpt lat="55.6926020142" lon="50.2757107560"><ele>203.53</ele><time>2018-08-16T14:02:16Z</time><extensions><gpxtpx:TrackPointExtension><gpxtpx:depth>0.00</gpxtpx:depth></gpxtpx:TrackPointExtension></extensions></trkpt><trkpt lat="55.6927811354" lon="50.2773666847"><ele>202.79</ele><time>2018-08-16T14:02:30Z</time><extensions><gpxtpx:TrackPointExtension><gpxtpx:depth>0.00</gpxtpx:depth></gpxtpx:TrackPointExtension></extensions></trkpt><trkpt lat="55.6929557305" lon="50.2789359447"><ele>202.93</ele><time>2018-08-16T14:02:47Z</time><extensions><gpxtpx:TrackPointExtension><gpxtpx:depth>0.00</gpxtpx:depth></gpxtpx:TrackPointExtension></extensions></trkpt><trkpt lat="55.6931171659" lon="50.2805445995"><ele>203.97</ele><time>2018-08-16T14:03:08Z</time><extensions><gpxtpx:TrackPointExtension><gpxtpx:depth>0.00</gpxtpx:depth></gpxtpx:TrackPointExtension></extensions></trkpt><trkpt lat="55.6932744943" lon="50.2821271867"><ele>204.52</ele><time>2018-08-16T14:03:30Z</time><extensions><gpxtpx:TrackPointExtension><gpxtpx:depth>0.00</gpxtpx:depth></gpxtpx:TrackPointExtension></extensions></trkpt><trkpt lat="55.6934224349" lon="50.2837487496"><ele>205.29</ele><time>2018-08-16T14:03:53Z</time><extensions><gpxtpx:TrackPointExtension><gpxtpx:depth>0.00</gpxtpx:depth></gpxtpx:TrackPointExtension></extensions></trkpt><trkpt lat="55.6935843732" lon="50.2853570692"><ele>205.67</ele><time>2018-08-16T14:04:17Z</time><extensions><gpxtpx:TrackPointExtension><gpxtpx:depth>0.00</gpxtpx:depth></gpxtpx:TrackPointExtension></extensions></trkpt><trkpt lat="55.6937867124" lon="50.2869291790"><ele>206.71</ele><time>2018-08-16T14:04:41Z</time><extensions><gpxtpx:TrackPointExtension><gpxtpx:depth>0.00</gpxtpx:depth></gpxtpx:TrackPointExtension></extensions></trkpt><trkpt lat="55.6939525902" lon="50.2885117661"><ele>207.16</ele><time>2018-08-16T14:05:04Z</time><extensions><gpxtpx:TrackPointExtension><gpxtpx:depth>0.00</gpxtpx:depth></gpxtpx:TrackPointExtension></extensions></trkpt><trkpt lat="55.6941212341" lon="50.2900954429"><ele>207.75</ele><time>2018-08-16T14:05:28Z</time><extensions><gpxtpx:TrackPointExtension><gpxtpx:depth>0.00</gpxtpx:depth></gpxtpx:TrackPointExtension></extensions></trkpt><trkpt lat="55.6942851841" lon="50.2917118091"><ele>208.38</ele><time>2018-08-16T14:05:53Z</time><extensions><gpxtpx:TrackPointExtension><gpxtpx:depth>0.00</gpxtpx:depth></gpxtpx:TrackPointExtension></extensions></trkpt><trkpt lat="55.6944611203" lon="50.2932992578"><ele>208.97</ele><time>2018-08-16T14:06:18Z</time><extensions><gpxtpx:TrackPointExtension><gpxtpx:depth>0.00</gpxtpx:depth></gpxtpx:TrackPointExtension></extensions></trkpt><trkpt lat="55.6946293451" lon="50.2949142829"><ele>209.57</ele><time>2018-08-16T14:06:42Z</time><extensions><gpxtpx:TrackPointExtension><gpxtpx:depth>0.00</gpxtpx:depth></gpxtpx:TrackPointExtension></extensions></trkpt><trkpt lat="55.6947763637" lon="50.2964661084"><ele>210.38</ele><time>2018-08-16T14:07:05Z</time><extensions><gpxtpx:TrackPointExtension><gpxtpx:depth>0.00</gpxtpx:depth></gpxtpx:TrackPointExtension></extensions></trkpt><trkpt lat="55.6949398108" lon="50.2980345301"><ele>210.95</ele><time>2018-08-16T14:07:30Z</time><extensions><gpxtpx:TrackPointExtension><gpxtpx:depth>0.00</gpxtpx:depth></gpxtpx:TrackPointExtension></extensions></trkpt><trkpt lat="55.6950878352" lon="50.2995833382"><ele>212.24</ele><time>2018-08-16T14:07:54Z</time><extensions><gpxtpx:TrackPointExtension><gpxtpx:depth>0.00</gpxtpx:depth></gpxtpx:TrackPointExtension></extensions></trkpt><trkpt lat="55.6952597480" lon="50.3011168912"><ele>213.10</ele><time>2018-08-16T14:08:17Z</time><extensions><gpxtpx:TrackPointExtension><gpxtpx:depth>0.00</gpxtpx:depth></gpxtpx:TrackPointExtension></extensions></trkpt><trkpt lat="55.6954195071" lon="50.3026572336"><ele>213.96</ele><time>2018-08-16T14:08:42Z</time><extensions><gpxtpx:TrackPointExtension><gpxtpx:depth>0.00</gpxtpx:depth></gpxtpx:TrackPointExtension></extensions></trkpt><trkpt lat="55.6955868099" lon="50.3041760344"><ele>214.57</ele><time>2018-08-16T14:09:07Z</time><extensions><gpxtpx:TrackPointExtension><gpxtpx:depth>0.00</gpxtpx:depth></gpxtpx:TrackPointExtension></extensions></trkpt><trkpt lat="55.6957468204" lon="50.3057224117"><ele>214.48</ele><time>2018-08-16T14:09:33Z</time><extensions><gpxtpx:TrackPointExtension><gpxtpx:depth>0.00</gpxtpx:depth></gpxtpx:TrackPointExtension></extensions></trkpt><trkpt lat="55.6959059928" lon="50.3072790988"><ele>214.40</ele><time>2018-08-16T14:09:57Z</time><extensions><gpxtpx:TrackPointExtension><gpxtpx:depth>0.00</gpxtpx:depth></gpxtpx:TrackPointExtension></extensions></trkpt><trkpt lat="55.6960829347" lon="50.3088568244"><ele>214.15</ele><time>2018-08-16T14:10:19Z</time><extensions><gpxtpx:TrackPointExtension><gpxtpx:depth>0.00</gpxtpx:depth></gpxtpx:TrackPointExtension></extensions></trkpt><trkpt lat="55.6962473039" lon="50.3104688320"><ele>213.85</ele><time>2018-08-16T14:10:41Z</time><extensions><gpxtpx:TrackPointExtension><gpxtpx:depth>0.00</gpxtpx:depth></gpxtpx:TrackPointExtension></extensions></trkpt><trkpt lat="55.6964248326" lon="50.3120312188"><ele>213.17</ele><time>2018-08-16T14:11:03Z</time><extensions><gpxtpx:TrackPointExtension><gpxtpx:depth>0.00</gpxtpx:depth></gpxtpx:TrackPointExtension></extensions></trkpt><trkpt lat="55.6965946499" lon="50.3136529494"><ele>212.60</ele><time>2018-08-16T14:11:24Z</time><extensions><gpxtpx:TrackPointExtension><gpxtpx:depth>0.00</gpxtpx:depth></gpxtpx:TrackPointExtension></extensions></trkpt><trkpt lat="55.6967379805" lon="50.3152905218"><ele>212.17</ele><time>2018-08-16T14:11:44Z</time><extensions><gpxtpx:TrackPointExtension><gpxtpx:depth>0.00</gpxtpx:depth></gpxtpx:TrackPointExtension></extensions></trkpt><trkpt lat="55.6968963984" lon="50.3168643918"><ele>211.78</ele><time>2018-08-16T14:12:03Z</time><extensions><gpxtpx:TrackPointExtension><gpxtpx:depth>0.00</gpxtpx:depth></gpxtpx:TrackPointExtension></extensions></trkpt><trkpt lat="55.6970807165" lon="50.3184852842"><ele>211.44</ele><time>2018-08-16T14:12:23Z</time><extensions><gpxtpx:TrackPointExtension><gpxtpx:depth>0.00</gpxtpx:depth></gpxtpx:TrackPointExtension></extensions></trkpt><trkpt lat="55.6971983984" lon="50.3200906701"><ele>211.24</ele><time>2018-08-16T14:12:41Z</time><extensions><gpxtpx:TrackPointExtension><gpxtpx:depth>0.00</gpxtpx:depth></gpxtpx:TrackPointExtension></extensions></trkpt><trkpt lat="55.6972925272" lon="50.3217218723"><ele>211.02</ele><time>2018-08-16T14:12:58Z</time><extensions><gpxtpx:TrackPointExtension><gpxtpx:depth>0.00</gpxtpx:depth></gpxtpx:TrackPointExtension></extensions></trkpt><trkpt lat="55.6973833870" lon="50.3234176990"><ele>209.99</ele><time>2018-08-16T14:13:15Z</time><extensions><gpxtpx:TrackPointExtension><gpxtpx:depth>0.00</gpxtpx:depth></gpxtpx:TrackPointExtension></extensions></trkpt><trkpt lat="55.6974749174" lon="50.3251021262"><ele>208.86</ele><time>2018-08-16T14:13:30Z</time><extensions><gpxtpx:TrackPointExtension><gpxtpx:depth>0.00</gpxtpx:depth></gpxtpx:TrackPointExtension></extensions></trkpt><trkpt lat="55.6975820381" lon="50.3267942648"><ele>207.52</ele><time>2018-08-16T14:13:44Z</time><extensions><gpxtpx:TrackPointExtension><gpxtpx:depth>0.00</gpxtpx:depth></gpxtpx:TrackPointExtension></extensions></trkpt><trkpt lat="55.6976357661" lon="50.3283812944"><ele>206.02</ele><time>2018-08-16T14:13:57Z</time><extensions><gpxtpx:TrackPointExtension><gpxtpx:depth>0.00</gpxtpx:depth></gpxtpx:TrackPointExtension></extensions></trkpt><trkpt lat="55.6976044178" lon="50.3299713414"><ele>204.52</ele><time>2018-08-16T14:14:10Z</time><extensions><gpxtpx:TrackPointExtension><gpxtpx:depth>0.00</gpxtpx:depth></gpxtpx:TrackPointExtension></extensions></trkpt><trkpt lat="55.6974771805" lon="50.3316060640"><ele>203.67</ele><time>2018-08-16T14:14:26Z</time><extensions><gpxtpx:TrackPointExtension><gpxtpx:depth>0.00</gpxtpx:depth></gpxtpx:TrackPointExtension></extensions></trkpt><trkpt lat="55.6973175891" lon="50.3331852984"><ele>204.06</ele><time>2018-08-16T14:14:47Z</time><extensions><gpxtpx:TrackPointExtension><gpxtpx:depth>0.00</gpxtpx:depth></gpxtpx:TrackPointExtension></extensions></trkpt><trkpt lat="55.6971590035" lon="50.3348220326"><ele>204.36</ele><time>2018-08-16T14:15:09Z</time><extensions><gpxtpx:TrackPointExtension><gpxtpx:depth>0.00</gpxtpx:depth></gpxtpx:TrackPointExtension></extensions></trkpt><trkpt lat="55.6970305089" lon="50.3364533186"><ele>204.61</ele><time>2018-08-16T14:15:30Z</time><extensions><gpxtpx:TrackPointExtension><gpxtpx:depth>0.00</gpxtpx:depth></gpxtpx:TrackPointExtension></extensions></trkpt><trkpt lat="55.6969027687" lon="50.3380461317"><ele>205.01</ele><time>2018-08-16T14:15:49Z</time><extensions><gpxtpx:TrackPointExtension><gpxtpx:depth>0.00</gpxtpx:depth></gpxtpx:TrackPointExtension></extensions></trkpt><trkpt lat="55.6967352983" lon="50.3396674432"><ele>205.39</ele><time>2018-08-16T14:16:10Z</time><extensions><gpxtpx:TrackPointExtension><gpxtpx:depth>0.00</gpxtpx:depth></gpxtpx:TrackPointExtension></extensions></trkpt><trkpt lat="55.6965845078" lon="50.3412640281"><ele>205.72</ele><time>2018-08-16T14:16:32Z</time><extensions><gpxtpx:TrackPointExtension><gpxtpx:depth>0.00</gpxtpx:depth></gpxtpx:TrackPointExtension></extensions></trkpt><trkpt lat="55.6965145189" lon="50.3419380169"><ele>205.52</ele><time>2018-08-16T14:20:10Z</time><extensions><gpxtpx:TrackPointExtension><gpxtpx:depth>0.00</gpxtpx:depth></gpxtpx:TrackPointExtension></extensions></trkpt><trkpt lat="55.6963586155" lon="50.3435401339"><ele>205.72</ele><time>2018-08-16T14:20:34Z</time><extensions><gpxtpx:TrackPointExtension><gpxtpx:depth>0.00</gpxtpx:depth></gpxtpx:TrackPointExtension></extensions></trkpt><trkpt lat="55.6962153688" lon="50.3451207932"><ele>205.72</ele><time>2018-08-16T14:20:56Z</time><extensions><gpxtpx:TrackPointExtension><gpxtpx:depth>0.00</gpxtpx:depth></gpxtpx:TrackPointExtension></extensions></trkpt><trkpt lat="55.6960600521" lon="50.3467512410"><ele>205.62</ele><time>2018-08-16T14:21:17Z</time><extensions><gpxtpx:TrackPointExtension><gpxtpx:depth>0.00</gpxtpx:depth></gpxtpx:TrackPointExtension></extensions></trkpt><trkpt lat="55.6959088426" lon="50.3483961895"><ele>206.46</ele><time>2018-08-16T14:21:39Z</time><extensions><gpxtpx:TrackPointExtension><gpxtpx:depth>0.00</gpxtpx:depth></gpxtpx:TrackPointExtension></extensions></trkpt><trkpt lat="55.6957567949" lon="50.3499242105"><ele>208.07</ele><time>2018-08-16T14:22:01Z</time><extensions><gpxtpx:TrackPointExtension><gpxtpx:depth>0.00</gpxtpx:depth></gpxtpx:TrackPointExtension></extensions></trkpt><trkpt lat="55.6956240255" lon="50.3515036125"><ele>210.01</ele><time>2018-08-16T14:22:26Z</time><extensions><gpxtpx:TrackPointExtension><gpxtpx:depth>0.00</gpxtpx:depth></gpxtpx:TrackPointExtension></extensions></trkpt><trkpt lat="55.6954754982" lon="50.3530518338"><ele>211.01</ele><time>2018-08-16T14:22:52Z</time><extensions><gpxtpx:TrackPointExtension><gpxtpx:depth>0.00</gpxtpx:depth></gpxtpx:TrackPointExtension></extensions></trkpt><trkpt lat="55.6953284796" lon="50.3546174057"><ele>211.88</ele><time>2018-08-16T14:23:18Z</time><extensions><gpxtpx:TrackPointExtension><gpxtpx:depth>0.00</gpxtpx:depth></gpxtpx:TrackPointExtension></extensions></trkpt><trkpt lat="55.6951729115" lon="50.3561932035"><ele>212.97</ele><time>2018-08-16T14:23:49Z</time><extensions><gpxtpx:TrackPointExtension><gpxtpx:depth>0.00</gpxtpx:depth></gpxtpx:TrackPointExtension></extensions></trkpt><trkpt lat="55.6950148288" lon="50.3578117490"><ele>214.29</ele><time>2018-08-16T14:24:16Z</time><extensions><gpxtpx:TrackPointExtension><gpxtpx:depth>0.00</gpxtpx:depth></gpxtpx:TrackPointExtension></extensions></trkpt><trkpt lat="55.6948705763" lon="50.3593851160"><ele>215.65</ele><time>2018-08-16T14:24:44Z</time><extensions><gpxtpx:TrackPointExtension><gpxtpx:depth>0.00</gpxtpx:depth></gpxtpx:TrackPointExtension></extensions></trkpt><trkpt lat="55.6947410759" lon="50.3608869016"><ele>217.77</ele><time>2018-08-16T14:25:12Z</time><extensions><gpxtpx:TrackPointExtension><gpxtpx:depth>0.00</gpxtpx:depth></gpxtpx:TrackPointExtension></extensions></trkpt><trkpt lat="55.6945879385" lon="50.3623821493"><ele>220.43</ele><time>2018-08-16T14:25:45Z</time><extensions><gpxtpx:TrackPointExtension><gpxtpx:depth>0.00</gpxtpx:depth></gpxtpx:TrackPointExtension></extensions></trkpt><trkpt lat="55.6944448594" lon="50.3639592044"><ele>224.01</ele><time>2018-08-16T14:26:18Z</time><extensions><gpxtpx:TrackPointExtension><gpxtpx:depth>0.00</gpxtpx:depth></gpxtpx:TrackPointExtension></extensions></trkpt><trkpt lat="55.6942762155" lon="50.3655270394"><ele>227.79</ele><time>2018-08-16T14:26:58Z</time><extensions><gpxtpx:TrackPointExtension><gpxtpx:depth>0.00</gpxtpx:depth></gpxtpx:TrackPointExtension></extensions></trkpt><trkpt lat="55.6941690110" lon="50.3671443276"><ele>230.17</ele><time>2018-08-16T14:27:35Z</time><extensions><gpxtpx:TrackPointExtension><gpxtpx:depth>0.00</gpxtpx:depth></gpxtpx:TrackPointExtension></extensions></trkpt><trkpt lat="55.6940157898" lon="50.3687124141"><ele>231.99</ele><time>2018-08-16T14:28:14Z</time><extensions><gpxtpx:TrackPointExtension><gpxtpx:depth>0.00</gpxtpx:depth></gpxtpx:TrackPointExtension></extensions></trkpt><trkpt lat="55.6938376743" lon="50.3702965938"><ele>233.19</ele><time>2018-08-16T14:28:48Z</time><extensions><gpxtpx:TrackPointExtension><gpxtpx:depth>0.00</gpxtpx:depth></gpxtpx:TrackPointExtension></extensions></trkpt><trkpt lat="55.6937064137" lon="50.3719310649"><ele>233.86</ele><time>2018-08-16T14:29:13Z</time><extensions><gpxtpx:TrackPointExtension><gpxtpx:depth>0.00</gpxtpx:depth></gpxtpx:TrackPointExtension></extensions></trkpt><trkpt lat="55.6935724709" lon="50.3735775221"><ele>233.58</ele><time>2018-08-16T14:29:36Z</time><extensions><gpxtpx:TrackPointExtension><gpxtpx:depth>0.00</gpxtpx:depth></gpxtpx:TrackPointExtension></extensions></trkpt><trkpt lat="55.6934386119" lon="50.3752413299"><ele>233.18</ele><time>2018-08-16T14:29:57Z</time><extensions><gpxtpx:TrackPointExtension><gpxtpx:depth>0.00</gpxtpx:depth></gpxtpx:TrackPointExtension></extensions></trkpt><trkpt lat="55.6932719797" lon="50.3768808302"><ele>231.95</ele><time>2018-08-16T14:30:15Z</time><extensions><gpxtpx:TrackPointExtension><gpxtpx:depth>0.00</gpxtpx:depth></gpxtpx:TrackPointExtension></extensions></trkpt><trkpt lat="55.6931009889" lon="50.3784706257"><ele>230.39</ele><time>2018-08-16T14:30:29Z</time><extensions><gpxtpx:TrackPointExtension><gpxtpx:depth>0.00</gpxtpx:depth></gpxtpx:TrackPointExtension></extensions></trkpt><trkpt lat="55.6929363683" lon="50.3800843935"><ele>227.92</ele><time>2018-08-16T14:30:41Z</time><extensions><gpxtpx:TrackPointExtension><gpxtpx:depth>0.00</gpxtpx:depth></gpxtpx:TrackPointExtension></extensions></trkpt><trkpt lat="55.6927858293" lon="50.3817679826"><ele>225.42</ele><time>2018-08-16T14:30:52Z</time><extensions><gpxtpx:TrackPointExtension><gpxtpx:depth>0.00</gpxtpx:depth></gpxtpx:TrackPointExtension></extensions></trkpt><trkpt lat="55.6926494557" lon="50.3834441956"><ele>222.90</ele><time>2018-08-16T14:31:03Z</time><extensions><gpxtpx:TrackPointExtension><gpxtpx:depth>0.00</gpxtpx:depth></gpxtpx:TrackPointExtension></extensions></trkpt><trkpt lat="55.6925052032" lon="50.3850332368"><ele>221.51</ele><time>2018-08-16T14:31:14Z</time><extensions><gpxtpx:TrackPointExtension><gpxtpx:depth>0.00</gpxtpx:depth></gpxtpx:TrackPointExtension></extensions></trkpt><trkpt lat="55.6923732720" lon="50.3866424784"><ele>219.84</ele><time>2018-08-16T14:31:25Z</time><extensions><gpxtpx:TrackPointExtension><gpxtpx:depth>0.00</gpxtpx:depth></gpxtpx:TrackPointExtension></extensions></trkpt><trkpt lat="55.6922328752" lon="50.3882769495"><ele>218.10</ele><time>2018-08-16T14:31:36Z</time><extensions><gpxtpx:TrackPointExtension><gpxtpx:depth>0.00</gpxtpx:depth></gpxtpx:TrackPointExtension></extensions></trkpt><trkpt lat="55.6920967530" lon="50.3898689244"><ele>216.85</ele><time>2018-08-16T14:31:47Z</time><extensions><gpxtpx:TrackPointExtension><gpxtpx:depth>0.00</gpxtpx:depth></gpxtpx:TrackPointExtension></extensions></trkpt><trkpt lat="55.6919387542" lon="50.3915540222"><ele>214.94</ele><time>2018-08-16T14:31:59Z</time><extensions><gpxtpx:TrackPointExtension><gpxtpx:depth>0.00</gpxtpx:depth></gpxtpx:TrackPointExtension></extensions></trkpt><trkpt lat="55.6917699426" lon="50.3931953665"><ele>214.10</ele><time>2018-08-16T14:32:12Z</time><extensions><gpxtpx:TrackPointExtension><gpxtpx:depth>0.00</gpxtpx:depth></gpxtpx:TrackPointExtension></extensions></trkpt><trkpt lat="55.6916367542" lon="50.3947634529"><ele>214.07</ele><time>2018-08-16T14:32:30Z</time><extensions><gpxtpx:TrackPointExtension><gpxtpx:depth>0.00</gpxtpx:depth></gpxtpx:TrackPointExtension></extensions></trkpt><trkpt lat="55.6914972793" lon="50.3963586129"><ele>215.53</ele><time>2018-08-16T14:32:53Z</time><extensions><gpxtpx:TrackPointExtension><gpxtpx:depth>0.00</gpxtpx:depth></gpxtpx:TrackPointExtension></extensions></trkpt><trkpt lat="55.6913287193" lon="50.3978909086"><ele>218.08</ele><time>2018-08-16T14:33:18Z</time><extensions><gpxtpx:TrackPointExtension><gpxtpx:depth>0.00</gpxtpx:depth></gpxtpx:TrackPointExtension></extensions></trkpt><trkpt lat="55.6911319122" lon="50.3994500265"><ele>220.46</ele><time>2018-08-16T14:33:48Z</time><extensions><gpxtpx:TrackPointExtension><gpxtpx:depth>0.00</gpxtpx:depth></gpxtpx:TrackPointExtension></extensions></trkpt><trkpt lat="55.6909770146" lon="50.4010193702"><ele>221.84</ele><time>2018-08-16T14:34:16Z</time><extensions><gpxtpx:TrackPointExtension><gpxtpx:depth>0.00</gpxtpx:depth></gpxtpx:TrackPointExtension></extensions></trkpt><trkpt lat="55.6908127293" lon="50.4025883786"><ele>222.92</ele><time>2018-08-16T14:34:44Z</time><extensions><gpxtpx:TrackPointExtension><gpxtpx:depth>0.00</gpxtpx:depth></gpxtpx:TrackPointExtension></extensions></trkpt><trkpt lat="55.6906550657" lon="50.4041760787"><ele>223.57</ele><time>2018-08-16T14:35:09Z</time><extensions><gpxtpx:TrackPointExtension><gpxtpx:depth>0.00</gpxtpx:depth></gpxtpx:TrackPointExtension></extensions></trkpt><trkpt lat="55.6905287504" lon="50.4057511222"><ele>224.08</ele><time>2018-08-16T14:35:33Z</time><extensions><gpxtpx:TrackPointExtension><gpxtpx:depth>0.00</gpxtpx:depth></gpxtpx:TrackPointExtension></extensions></trkpt><trkpt lat="55.6903751101" lon="50.4073960707"><ele>223.75</ele><time>2018-08-16T14:35:54Z</time><extensions><gpxtpx:TrackPointExtension><gpxtpx:depth>0.00</gpxtpx:depth></gpxtpx:TrackPointExtension></extensions></trkpt><trkpt lat="55.6902270019" lon="50.4089865368"><ele>223.30</ele><time>2018-08-16T14:36:14Z</time><extensions><gpxtpx:TrackPointExtension><gpxtpx:depth>0.00</gpxtpx:depth></gpxtpx:TrackPointExtension></extensions></trkpt><trkpt lat="55.6900760438" lon="50.4106042441"><ele>222.58</ele><time>2018-08-16T14:36:33Z</time><extensions><gpxtpx:TrackPointExtension><gpxtpx:depth>0.00</gpxtpx:depth></gpxtpx:TrackPointExtension></extensions></trkpt><trkpt lat="55.6899173744" lon="50.4122330155"><ele>222.46</ele><time>2018-08-16T14:36:52Z</time><extensions><gpxtpx:TrackPointExtension><gpxtpx:depth>0.00</gpxtpx:depth></gpxtpx:TrackPointExtension></extensions></trkpt><trkpt lat="55.6897603814" lon="50.4138736054"><ele>223.09</ele><time>2018-08-16T14:37:11Z</time><extensions><gpxtpx:TrackPointExtension><gpxtpx:depth>0.00</gpxtpx:depth></gpxtpx:TrackPointExtension></extensions></trkpt><trkpt lat="55.6896085013" lon="50.4154380038"><ele>224.80</ele><time>2018-08-16T14:37:32Z</time><extensions><gpxtpx:TrackPointExtension><gpxtpx:depth>0.00</gpxtpx:depth></gpxtpx:TrackPointExtension></extensions></trkpt><trkpt lat="55.6894642487" lon="50.4170004744"><ele>226.56</ele><time>2018-08-16T14:37:57Z</time><extensions><gpxtpx:TrackPointExtension><gpxtpx:depth>0.00</gpxtpx:depth></gpxtpx:TrackPointExtension></extensions></trkpt><trkpt lat="55.6893090159" lon="50.4186141584"><ele>227.80</ele><time>2018-08-16T14:38:23Z</time><extensions><gpxtpx:TrackPointExtension><gpxtpx:depth>0.00</gpxtpx:depth></gpxtpx:TrackPointExtension></extensions></trkpt><trkpt lat="55.6891659368" lon="50.4202042054"><ele>228.17</ele><time>2018-08-16T14:38:47Z</time><extensions><gpxtpx:TrackPointExtension><gpxtpx:depth>0.00</gpxtpx:depth></gpxtpx:TrackPointExtension></extensions></trkpt><trkpt lat="55.6890083570" lon="50.4218492378"><ele>228.14</ele><time>2018-08-16T14:39:09Z</time><extensions><gpxtpx:TrackPointExtension><gpxtpx:depth>0.00</gpxtpx:depth></gpxtpx:TrackPointExtension></extensions></trkpt><trkpt lat="55.6888594944" lon="50.4234796017"><ele>227.93</ele><time>2018-08-16T14:39:29Z</time><extensions><gpxtpx:TrackPointExtension><gpxtpx:depth>0.00</gpxtpx:depth></gpxtpx:TrackPointExtension></extensions></trkpt><trkpt lat="55.6887120567" lon="50.4250724148"><ele>227.03</ele><time>2018-08-16T14:39:47Z</time><extensions><gpxtpx:TrackPointExtension><gpxtpx:depth>0.00</gpxtpx:depth></gpxtpx:TrackPointExtension></extensions></trkpt><trkpt lat="55.6885668822" lon="50.4266674910"><ele>226.12</ele><time>2018-08-16T14:40:03Z</time><extensions><gpxtpx:TrackPointExtension><gpxtpx:depth>0.00</gpxtpx:depth></gpxtpx:TrackPointExtension></extensions></trkpt><trkpt lat="55.6884072907" lon="50.4283318017"><ele>224.36</ele><time>2018-08-16T14:40:16Z</time><extensions><gpxtpx:TrackPointExtension><gpxtpx:depth>0.00</gpxtpx:depth></gpxtpx:TrackPointExtension></extensions></trkpt><trkpt lat="55.6882326119" lon="50.4299930111"><ele>222.47</ele><time>2018-08-16T14:40:27Z</time><extensions><gpxtpx:TrackPointExtension><gpxtpx:depth>0.00</gpxtpx:depth></gpxtpx:TrackPointExtension></extensions></trkpt><trkpt lat="55.6880680751" lon="50.4317548033"><ele>220.06</ele><time>2018-08-16T14:40:37Z</time><extensions><gpxtpx:TrackPointExtension><gpxtpx:depth>0.00</gpxtpx:depth></gpxtpx:TrackPointExtension></extensions></trkpt><trkpt lat="55.6879140995" lon="50.4334648792"><ele>216.91</ele><time>2018-08-16T14:40:46Z</time><extensions><gpxtpx:TrackPointExtension><gpxtpx:depth>0.00</gpxtpx:depth></gpxtpx:TrackPointExtension></extensions></trkpt><trkpt lat="55.6877602078" lon="50.4351031221"><ele>214.60</ele><time>2018-08-16T14:40:55Z</time><extensions><gpxtpx:TrackPointExtension><gpxtpx:depth>0.00</gpxtpx:depth></gpxtpx:TrackPointExtension></extensions></trkpt><trkpt lat="55.6876137760" lon="50.4367293790"><ele>211.81</ele><time>2018-08-16T14:41:04Z</time><extensions><gpxtpx:TrackPointExtension><gpxtpx:depth>0.00</gpxtpx:depth></gpxtpx:TrackPointExtension></extensions></trkpt><trkpt lat="55.6874810066" lon="50.4382921010"><ele>209.97</ele><time>2018-08-16T14:41:13Z</time><extensions><gpxtpx:TrackPointExtension><gpxtpx:depth>0.00</gpxtpx:depth></gpxtpx:TrackPointExtension></extensions></trkpt><trkpt lat="55.6873508357" lon="50.4399994947"><ele>207.84</ele><time>2018-08-16T14:41:23Z</time><extensions><gpxtpx:TrackPointExtension><gpxtpx:depth>0.00</gpxtpx:depth></gpxtpx:TrackPointExtension></extensions></trkpt><trkpt lat="55.6872453075" lon="50.4417243227"><ele>205.74</ele><time>2018-08-16T14:41:33Z</time><extensions><gpxtpx:TrackPointExtension><gpxtpx:depth>0.00</gpxtpx:depth></gpxtpx:TrackPointExtension></extensions></trkpt><trkpt lat="55.6871293858" lon="50.4433373362"><ele>202.87</ele><time>2018-08-16T14:41:42Z</time><extensions><gpxtpx:TrackPointExtension><gpxtpx:depth>0.00</gpxtpx:depth></gpxtpx:TrackPointExtension></extensions></trkpt><trkpt lat="55.6870292220" lon="50.4449751601"><ele>199.66</ele><time>2018-08-16T14:41:51Z</time><extensions><gpxtpx:TrackPointExtension><gpxtpx:depth>0.00</gpxtpx:depth></gpxtpx:TrackPointExtension></extensions></trkpt><trkpt lat="55.6869449839" lon="50.4465907719"><ele>196.91</ele><time>2018-08-16T14:42:01Z</time><extensions><gpxtpx:TrackPointExtension><gpxtpx:depth>0.00</gpxtpx:depth></gpxtpx:TrackPointExtension></extensions></trkpt><trkpt lat="55.6868677028" lon="50.4481835850"><ele>197.02</ele><time>2018-08-16T14:42:16Z</time><extensions><gpxtpx:TrackPointExtension><gpxtpx:depth>0.00</gpxtpx:depth></gpxtpx:TrackPointExtension></extensions></trkpt><trkpt lat="55.6867814530" lon="50.4497282021"><ele>200.29</ele><time>2018-08-16T14:42:47Z</time><extensions><gpxtpx:TrackPointExtension><gpxtpx:depth>0.00</gpxtpx:depth></gpxtpx:TrackPointExtension></extensions></trkpt><trkpt lat="55.6867289823" lon="50.4512625933"><ele>204.45</ele><time>2018-08-16T14:43:27Z</time><extensions><gpxtpx:TrackPointExtension><gpxtpx:depth>0.00</gpxtpx:depth></gpxtpx:TrackPointExtension></extensions></trkpt><trkpt lat="55.6866553891" lon="50.4528683983"><ele>207.87</ele><time>2018-08-16T14:44:12Z</time><extensions><gpxtpx:TrackPointExtension><gpxtpx:depth>0.00</gpxtpx:depth></gpxtpx:TrackPointExtension></extensions></trkpt><trkpt lat="55.6866119709" lon="50.4544633068"><ele>211.40</ele><time>2018-08-16T14:44:50Z</time><extensions><gpxtpx:TrackPointExtension><gpxtpx:depth>0.00</gpxtpx:depth></gpxtpx:TrackPointExtension></extensions></trkpt><trkpt lat="55.6865899265" lon="50.4560749792"><ele>214.58</ele><time>2018-08-16T14:45:36Z</time><extensions><gpxtpx:TrackPointExtension><gpxtpx:depth>0.00</gpxtpx:depth></gpxtpx:TrackPointExtension></extensions></trkpt><trkpt lat="55.6865629368" lon="50.4573200271"><ele>217.05</ele><time>2018-08-16T14:47:46Z</time><extensions><gpxtpx:TrackPointExtension><gpxtpx:depth>0.00</gpxtpx:depth></gpxtpx:TrackPointExtension></extensions></trkpt><trkpt lat="55.6865631044" lon="50.4589368124"><ele>219.60</ele><time>2018-08-16T14:48:28Z</time><extensions><gpxtpx:TrackPointExtension><gpxtpx:depth>0.00</gpxtpx:depth></gpxtpx:TrackPointExtension></extensions></trkpt><trkpt lat="55.6865161657" lon="50.4605480656"><ele>221.33</ele><time>2018-08-16T14:49:04Z</time><extensions><gpxtpx:TrackPointExtension><gpxtpx:depth>0.00</gpxtpx:depth></gpxtpx:TrackPointExtension></extensions></trkpt><trkpt lat="55.6864504516" lon="50.4621099494"><ele>223.26</ele><time>2018-08-16T14:49:39Z</time><extensions><gpxtpx:TrackPointExtension><gpxtpx:depth>0.00</gpxtpx:depth></gpxtpx:TrackPointExtension></extensions></trkpt><trkpt lat="55.6864220370" lon="50.4637098871"><ele>224.12</ele><time>2018-08-16T14:50:07Z</time><extensions><gpxtpx:TrackPointExtension><gpxtpx:depth>0.00</gpxtpx:depth></gpxtpx:TrackPointExtension></extensions></trkpt><trkpt lat="55.6863914430" lon="50.4653376527"><ele>224.40</ele><time>2018-08-16T14:50:33Z</time><extensions><gpxtpx:TrackPointExtension><gpxtpx:depth>0.00</gpxtpx:depth></gpxtpx:TrackPointExtension></extensions></trkpt><trkpt lat="55.6863722485" lon="50.4670050647"><ele>223.92</ele><time>2018-08-16T14:50:57Z</time><extensions><gpxtpx:TrackPointExtension><gpxtpx:depth>0.00</gpxtpx:depth></gpxtpx:TrackPointExtension></extensions></trkpt><trkpt lat="55.6863512937" lon="50.4686697945"><ele>222.76</ele><time>2018-08-16T14:51:16Z</time><extensions><gpxtpx:TrackPointExtension><gpxtpx:depth>0.00</gpxtpx:depth></gpxtpx:TrackPointExtension></extensions></trkpt><trkpt lat="55.6863530539" lon="50.4703278188"><ele>221.38</ele><time>2018-08-16T14:51:31Z</time><extensions><gpxtpx:TrackPointExtension><gpxtpx:depth>0.00</gpxtpx:depth></gpxtpx:TrackPointExtension></extensions></trkpt><trkpt lat="55.6863250583" lon="50.4719784670"><ele>219.54</ele><time>2018-08-16T14:51:43Z</time><extensions><gpxtpx:TrackPointExtension><gpxtpx:depth>0.00</gpxtpx:depth></gpxtpx:TrackPointExtension></extensions></trkpt><trkpt lat="55.6862944644" lon="50.4736179672"><ele>217.33</ele><time>2018-08-16T14:51:53Z</time><extensions><gpxtpx:TrackPointExtension><gpxtpx:depth>0.00</gpxtpx:depth></gpxtpx:TrackPointExtension></extensions></trkpt><trkpt lat="55.6862639543" lon="50.4752718844"><ele>214.05</ele><time>2018-08-16T14:52:02Z</time><extensions><gpxtpx:TrackPointExtension><gpxtpx:depth>0.00</gpxtpx:depth></gpxtpx:TrackPointExtension></extensions></trkpt><trkpt lat="55.6862414069" lon="50.4769649450"><ele>210.74</ele><time>2018-08-16T14:52:11Z</time><extensions><gpxtpx:TrackPointExtension><gpxtpx:depth>0.00</gpxtpx:depth></gpxtpx:TrackPointExtension></extensions></trkpt><trkpt lat="55.6862139981" lon="50.4785840772"><ele>208.22</ele><time>2018-08-16T14:52:20Z</time><extensions><gpxtpx:TrackPointExtension><gpxtpx:depth>0.00</gpxtpx:depth></gpxtpx:TrackPointExtension></extensions></trkpt><trkpt lat="55.6861770339" lon="50.4803057201"><ele>205.48</ele><time>2018-08-16T14:52:30Z</time><extensions><gpxtpx:TrackPointExtension><gpxtpx:depth>0.00</gpxtpx:depth></gpxtpx:TrackPointExtension></extensions></trkpt><trkpt lat="55.6861327775" lon="50.4819168895"><ele>203.47</ele><time>2018-08-16T14:52:40Z</time><extensions><gpxtpx:TrackPointExtension><gpxtpx:depth>0.00</gpxtpx:depth></gpxtpx:TrackPointExtension></extensions></trkpt><trkpt lat="55.6860632915" lon="50.4835833795"><ele>202.88</ele><time>2018-08-16T14:52:52Z</time><extensions><gpxtpx:TrackPointExtension><gpxtpx:depth>0.00</gpxtpx:depth></gpxtpx:TrackPointExtension></extensions></trkpt><trkpt lat="55.6860158499" lon="50.4852291662"><ele>202.95</ele><time>2018-08-16T14:53:07Z</time><extensions><gpxtpx:TrackPointExtension><gpxtpx:depth>0.00</gpxtpx:depth></gpxtpx:TrackPointExtension></extensions></trkpt><trkpt lat="55.6860142574" lon="50.4868084006"><ele>203.11</ele><time>2018-08-16T14:53:27Z</time><extensions><gpxtpx:TrackPointExtension><gpxtpx:depth>0.00</gpxtpx:depth></gpxtpx:TrackPointExtension></extensions></trkpt><trkpt lat="55.6860156823" lon="50.4884219170"><ele>203.12</ele><time>2018-08-16T14:53:50Z</time><extensions><gpxtpx:TrackPointExtension><gpxtpx:depth>0.00</gpxtpx:depth></gpxtpx:TrackPointExtension></extensions></trkpt><trkpt lat="55.6859803107" lon="50.4900566395"><ele>203.17</ele><time>2018-08-16T14:54:10Z</time><extensions><gpxtpx:TrackPointExtension><gpxtpx:depth>0.00</gpxtpx:depth></gpxtpx:TrackPointExtension></extensions></trkpt><trkpt lat="55.6859557517" lon="50.4916845728"><ele>202.62</ele><time>2018-08-16T14:54:29Z</time><extensions><gpxtpx:TrackPointExtension><gpxtpx:depth>0.00</gpxtpx:depth></gpxtpx:TrackPointExtension></extensions></trkpt><trkpt lat="55.6859322824" lon="50.4933539126"><ele>201.93</ele><time>2018-08-16T14:54:48Z</time><extensions><gpxtpx:TrackPointExtension><gpxtpx:depth>0.00</gpxtpx:depth></gpxtpx:TrackPointExtension></extensions></trkpt><trkpt lat="55.6858968269" lon="50.4950202350"><ele>200.90</ele><time>2018-08-16T14:55:05Z</time><extensions><gpxtpx:TrackPointExtension><gpxtpx:depth>0.00</gpxtpx:depth></gpxtpx:TrackPointExtension></extensions></trkpt><trkpt lat="55.6858752854" lon="50.4966480844"><ele>199.54</ele><time>2018-08-16T14:55:19Z</time><extensions><gpxtpx:TrackPointExtension><gpxtpx:depth>0.00</gpxtpx:depth></gpxtpx:TrackPointExtension></extensions></trkpt><trkpt lat="55.6858809851" lon="50.4982312582"><ele>197.89</ele><time>2018-08-16T14:55:31Z</time><extensions><gpxtpx:TrackPointExtension><gpxtpx:depth>0.00</gpxtpx:depth></gpxtpx:TrackPointExtension></extensions></trkpt><trkpt lat="55.6858609524" lon="50.4998410866"><ele>195.25</ele><time>2018-08-16T14:55:42Z</time><extensions><gpxtpx:TrackPointExtension><gpxtpx:depth>0.00</gpxtpx:depth></gpxtpx:TrackPointExtension></extensions></trkpt><trkpt lat="55.6858289335" lon="50.5015704408"><ele>192.84</ele><time>2018-08-16T14:55:52Z</time><extensions><gpxtpx:TrackPointExtension><gpxtpx:depth>0.00</gpxtpx:depth></gpxtpx:TrackPointExtension></extensions></trkpt><trkpt lat="55.6857969146" lon="50.5033517629"><ele>189.03</ele><time>2018-08-16T14:56:01Z</time><extensions><gpxtpx:TrackPointExtension><gpxtpx:depth>0.00</gpxtpx:depth></gpxtpx:TrackPointExtension></extensions></trkpt><trkpt lat="55.6857657339" lon="50.5051213503"><ele>185.58</ele><time>2018-08-16T14:56:10Z</time><extensions><gpxtpx:TrackPointExtension><gpxtpx:depth>0.00</gpxtpx:depth></gpxtpx:TrackPointExtension></extensions></trkpt><trkpt lat="55.6857446954" lon="50.5067786202"><ele>184.71</ele><time>2018-08-16T14:56:21Z</time><extensions><gpxtpx:TrackPointExtension><gpxtpx:depth>0.00</gpxtpx:depth></gpxtpx:TrackPointExtension></extensions></trkpt><trkpt lat="55.6857289374" lon="50.5083723553"><ele>188.10</ele><time>2018-08-16T14:56:42Z</time><extensions><gpxtpx:TrackPointExtension><gpxtpx:depth>0.00</gpxtpx:depth></gpxtpx:TrackPointExtension></extensions></trkpt><trkpt lat="55.6857018638" lon="50.5099736340"><ele>191.75</ele><time>2018-08-16T14:57:07Z</time><extensions><gpxtpx:TrackPointExtension><gpxtpx:depth>0.00</gpxtpx:depth></gpxtpx:TrackPointExtension></extensions></trkpt><trkpt lat="55.6856865250" lon="50.5116127990"><ele>194.65</ele><time>2018-08-16T14:57:40Z</time><extensions><gpxtpx:TrackPointExtension><gpxtpx:depth>0.00</gpxtpx:depth></gpxtpx:TrackPointExtension></extensions></trkpt><trkpt lat="55.6856595352" lon="50.5132086296"><ele>197.14</ele><time>2018-08-16T14:58:11Z</time><extensions><gpxtpx:TrackPointExtension><gpxtpx:depth>0.00</gpxtpx:depth></gpxtpx:TrackPointExtension></extensions></trkpt><trkpt lat="55.6856294442" lon="50.5148209725"><ele>198.55</ele><time>2018-08-16T14:58:40Z</time><extensions><gpxtpx:TrackPointExtension><gpxtpx:depth>0.00</gpxtpx:depth></gpxtpx:TrackPointExtension></extensions></trkpt><trkpt lat="55.6855968386" lon="50.5164530966"><ele>199.01</ele><time>2018-08-16T14:59:09Z</time><extensions><gpxtpx:TrackPointExtension><gpxtpx:depth>0.00</gpxtpx:depth></gpxtpx:TrackPointExtension></extensions></trkpt><trkpt lat="55.6855822541" lon="50.5180432275"><ele>199.09</ele><time>2018-08-16T14:59:36Z</time><extensions><gpxtpx:TrackPointExtension><gpxtpx:depth>0.00</gpxtpx:depth></gpxtpx:TrackPointExtension></extensions></trkpt><trkpt lat="55.6855535880" lon="50.5196655449"><ele>200.18</ele><time>2018-08-16T15:00:03Z</time><extensions><gpxtpx:TrackPointExtension><gpxtpx:depth>0.00</gpxtpx:depth></gpxtpx:TrackPointExtension></extensions></trkpt><trkpt lat="55.6855234131" lon="50.5212793127"><ele>202.16</ele><time>2018-08-16T15:00:34Z</time><extensions><gpxtpx:TrackPointExtension><gpxtpx:depth>0.00</gpxtpx:depth></gpxtpx:TrackPointExtension></extensions></trkpt><trkpt lat="55.6855155341" lon="50.5228945892"><ele>203.47</ele><time>2018-08-16T15:01:03Z</time><extensions><gpxtpx:TrackPointExtension><gpxtpx:depth>0.00</gpxtpx:depth></gpxtpx:TrackPointExtension></extensions></trkpt><trkpt lat="55.6854906399" lon="50.5245457403"><ele>204.15</ele><time>2018-08-16T15:01:33Z</time><extensions><gpxtpx:TrackPointExtension><gpxtpx:depth>0.00</gpxtpx:depth></gpxtpx:TrackPointExtension></extensions></trkpt><trkpt lat="55.6854605488" lon="50.5261459295"><ele>204.63</ele><time>2018-08-16T15:02:01Z</time><extensions><gpxtpx:TrackPointExtension><gpxtpx:depth>0.00</gpxtpx:depth></gpxtpx:TrackPointExtension></extensions></trkpt><trkpt lat="55.6854349840" lon="50.5277434364"><ele>204.76</ele><time>2018-08-16T15:02:32Z</time><extensions><gpxtpx:TrackPointExtension><gpxtpx:depth>0.00</gpxtpx:depth></gpxtpx:TrackPointExtension></extensions></trkpt><trkpt lat="55.6853755563" lon="50.5293797515"><ele>204.16</ele><time>2018-08-16T15:03:00Z</time><extensions><gpxtpx:TrackPointExtension><gpxtpx:depth>0.00</gpxtpx:depth></gpxtpx:TrackPointExtension></extensions></trkpt><trkpt lat="55.6853256840" lon="50.5310466606"><ele>202.92</ele><time>2018-08-16T15:03:22Z</time><extensions><gpxtpx:TrackPointExtension><gpxtpx:depth>0.00</gpxtpx:depth></gpxtpx:TrackPointExtension></extensions></trkpt><trkpt lat="55.6846345123" lon="50.5310811941"><ele>201.34</ele><time>2018-08-16T15:03:47Z</time><extensions><gpxtpx:TrackPointExtension><gpxtpx:depth>0.00</gpxtpx:depth></gpxtpx:TrackPointExtension></extensions></trkpt><trkpt lat="55.6837597769" lon="50.5305183493"><ele>202.06</ele><time>2018-08-16T15:04:16Z</time><extensions><gpxtpx:TrackPointExtension><gpxtpx:depth>0.00</gpxtpx:depth></gpxtpx:TrackPointExtension></extensions></trkpt><trkpt lat="55.6836731918" lon="50.5318044685"><ele>201.70</ele><time>2018-08-16T15:04:54Z</time><extensions><gpxtpx:TrackPointExtension><gpxtpx:depth>0.00</gpxtpx:depth></gpxtpx:TrackPointExtension></extensions></trkpt><trkpt lat="55.6836566795" lon="50.5326973926"><ele>199.52</ele><time>2018-08-16T15:09:06Z</time><extensions><gpxtpx:TrackPointExtension><gpxtpx:depth>0.00</gpxtpx:depth></gpxtpx:TrackPointExtension></extensions></trkpt><trkpt lat="55.6838107388" lon="50.5324062891"><ele>196.33</ele><time>2018-08-16T15:14:35Z</time><extensions><gpxtpx:TrackPointExtension><gpxtpx:depth>0.00</gpxtpx:depth></gpxtpx:TrackPointExtension></extensions></trkpt><trkpt lat="55.6837580167" lon="50.5324964784"><ele>196.50</ele><time>2018-08-16T15:16:29Z</time><extensions><gpxtpx:TrackPointExtension><gpxtpx:depth>0.00</gpxtpx:depth></gpxtpx:TrackPointExtension></extensions></trkpt></trkseg></trk></gpx>