<?xml version="1.0" encoding="UTF-8" standalone="no" ?><gpx xmlns="http://www.topografix.com/GPX/1/1" xmlns:gpxx="http://www.garmin.com/xmlschemas/GpxExtensions/v3" xmlns:gpxtrkx="http://www.garmin.com/xmlschemas/TrackStatsExtension/v1" xmlns:wptx1="http://www.garmin.com/xmlschemas/WaypointExtension/v1" xmlns:gpxtpx="http://www.garmin.com/xmlschemas/TrackPointExtension/v1" creator="eTrex Touch 35t" version="1.1" xmlns:xsi="http://www.w3.org/2001/XMLSchema-instance" xsi:schemaLocation="http://www.topografix.com/GPX/1/1 http://www.topografix.com/GPX/1/1/gpx.xsd http://www.garmin.com/xmlschemas/GpxExtensions/v3 http://www8.garmin.com/xmlschemas/GpxExtensionsv3.xsd http://www.garmin.com/xmlschemas/TrackStatsExtension/v1 http://www8.garmin.com/xmlschemas/TrackStatsExtension.xsd http://www.garmin.com/xmlschemas/WaypointExtension/v1 http://www8.garmin.com/xmlschemas/WaypointExtensionv1.xsd http://www.garmin.com/xmlschemas/TrackPointExtension/v1 http://www.garmin.com/xmlschemas/TrackPointExtensionv1.xsd"><metadata><link href="http://www.garmin.com"><text>Garmin International</text></link><time>2018-09-22T11:09:06Z</time></metadata><trk><name>2018-09-22 19:09:05</name><extensions><gpxx:TrackExtension><gpxx:DisplayColor>Cyan</gpxx:DisplayColor></gpxx:TrackExtension><gpxtrkx:TrackStatsExtension><gpxtrkx:Distance>94116.000</gpxtrkx:Distance><gpxtrkx:TimerTime>18687</gpxtrkx:TimerTime><gpxtrkx:TotalElapsedTime>87971</gpxtrkx:TotalElapsedTime><gpxtrkx:MovingTime>18399</gpxtrkx:MovingTime><gpxtrkx:StoppedTime>316</gpxtrkx:StoppedTime><gpxtrkx:MovingSpeed>5.116</gpxtrkx:MovingSpeed><gpxtrkx:MaxSpeed>9.692</gpxtrkx:MaxSpeed><gpxtrkx:MaxElevation>1146.907</gpxtrkx:MaxElevation><gpxtrkx:MinElevation>924.048</gpxtrkx:MinElevation><gpxtrkx:Ascent>355.000</gpxtrkx:Ascent><gpxtrkx:Descent>468.625</gpxtrkx:Descent><gpxtrkx:AvgAscentRate>0.039</gpxtrkx:AvgAscentRate><gpxtrkx:MaxAscentRate>0.149</gpxtrkx:MaxAscentRate><gpxtrkx:AvgDescentRate>0.061</gpxtrkx:AvgDescentRate><gpxtrkx:MaxDescentRate>-0.345</gpxtrkx:MaxDescentRate><gpxtrkx:Calories>1872</gpxtrkx:Calories></gpxtrkx:TrackStatsExtension></extensions><trkseg><trkpt lat="44.1931932047" lon="111.0849403683"><ele>1082.64</ele><time>2018-09-21T10:42:55Z</time><extensions><gpxtpx:TrackPointExtension><gpxtpx:depth>0.00</gpxtpx:depth></gpxtpx:TrackPointExtension></extensions></trkpt><trkpt lat="44.1931934562" lon="111.0849395301"><ele>1082.64</ele><time>2018-09-21T10:42:56Z</time><extensions><gpxtpx:TrackPointExtension><gpxtpx:depth>0.00</gpxtpx:depth></gpxtpx:TrackPointExtension></extensions></trkpt><trkpt lat="44.1931935400" lon="111.0849391948"><ele>1082.57</ele><time>2018-09-21T10:42:57Z</time><extensions><gpxtpx:TrackPointExtension><gpxtpx:depth>0.00</gpxtpx:depth></gpxtpx:TrackPointExtension></extensions></trkpt><trkpt lat="44.1931668855" lon="111.0849270411"><ele>1070.23</ele><time>2018-09-21T12:33:09Z</time><extensions><gpxtpx:TrackPointExtension><gpxtpx:depth>0.00</gpxtpx:depth></gpxtpx:TrackPointExtension></extensions></trkpt><trkpt lat="44.1931595933" lon="111.0848759115"><ele>1070.16</ele><time>2018-09-21T12:33:38Z</time><extensions><gpxtpx:TrackPointExtension><gpxtpx:depth>0.00</gpxtpx:depth></gpxtpx:TrackPointExtension></extensions></trkpt><trkpt lat="44.1931112297" lon="111.0849151388"><ele>1044.74</ele><time>2018-09-22T01:50:39Z</time><extensions><gpxtpx:TrackPointExtension><gpxtpx:depth>0.00</gpxtpx:depth></gpxtpx:TrackPointExtension></extensions></trkpt><trkpt lat="44.1931099724" lon="111.0849131271"><ele>1045.04</ele><time>2018-09-22T01:51:08Z</time><extensions><gpxtpx:TrackPointExtension><gpxtpx:depth>0.00</gpxtpx:depth></gpxtpx:TrackPointExtension></extensions></trkpt><trkpt lat="44.1931203660" lon="111.0849111993"><ele>1045.05</ele><time>2018-09-22T01:51:50Z</time><extensions><gpxtpx:TrackPointExtension><gpxtpx:depth>0.00</gpxtpx:depth></gpxtpx:TrackPointExtension></extensions></trkpt><trkpt lat="44.1931277420" lon="111.0849111993"><ele>1044.59</ele><time>2018-09-22T01:52:19Z</time><extensions><gpxtpx:TrackPointExtension><gpxtpx:depth>0.00</gpxtpx:depth></gpxtpx:TrackPointExtension></extensions></trkpt><trkpt lat="44.1922887135" lon="111.0851816833"><ele>1047.13</ele><time>2018-09-22T01:54:45Z</time><extensions><gpxtpx:TrackPointExtension><gpxtpx:depth>0.00</gpxtpx:depth></gpxtpx:TrackPointExtension></extensions></trkpt><trkpt lat="44.1922806669" lon="111.0852060746"><ele>1046.80</ele><time>2018-09-22T01:55:04Z</time><extensions><gpxtpx:TrackPointExtension><gpxtpx:depth>0.00</gpxtpx:depth></gpxtpx:TrackPointExtension></extensions></trkpt><trkpt lat="44.1922798287" lon="111.0852083378"><ele>1046.72</ele><time>2018-09-22T01:55:17Z</time><extensions><gpxtpx:TrackPointExtension><gpxtpx:depth>0.00</gpxtpx:depth></gpxtpx:TrackPointExtension></extensions></trkpt><trkpt lat="44.1920928285" lon="111.0851577949"><ele>1046.96</ele><time>2018-09-22T01:59:59Z</time><extensions><gpxtpx:TrackPointExtension><gpxtpx:depth>0.00</gpxtpx:depth></gpxtpx:TrackPointExtension></extensions></trkpt><trkpt lat="44.1920681018" lon="111.0851546098"><ele>1046.93</ele><time>2018-09-22T02:00:01Z</time><extensions><gpxtpx:TrackPointExtension><gpxtpx:depth>0.00</gpxtpx:depth></gpxtpx:TrackPointExtension></extensions></trkpt><trkpt lat="44.1919526830" lon="111.0851278715"><ele>1046.59</ele><time>2018-09-22T02:00:15Z</time><extensions><gpxtpx:TrackPointExtension><gpxtpx:depth>0.00</gpxtpx:depth></gpxtpx:TrackPointExtension></extensions></trkpt><trkpt lat="44.1917950194" lon="111.0850894824"><ele>1047.23</ele><time>2018-09-22T02:00:34Z</time><extensions><gpxtpx:TrackPointExtension><gpxtpx:depth>0.00</gpxtpx:depth></gpxtpx:TrackPointExtension></extensions></trkpt><trkpt lat="44.1916492581" lon="111.0849728063"><ele>1047.65</ele><time>2018-09-22T02:00:51Z</time><extensions><gpxtpx:TrackPointExtension><gpxtpx:depth>0.00</gpxtpx:depth></gpxtpx:TrackPointExtension></extensions></trkpt><trkpt lat="44.1915623378" lon="111.0849061701"><ele>1047.61</ele><time>2018-09-22T02:01:01Z</time><extensions><gpxtpx:TrackPointExtension><gpxtpx:depth>0.00</gpxtpx:depth></gpxtpx:TrackPointExtension></extensions></trkpt><trkpt lat="44.1915214341" lon="111.0848976206"><ele>1047.49</ele><time>2018-09-22T02:01:06Z</time><extensions><gpxtpx:TrackPointExtension><gpxtpx:depth>0.00</gpxtpx:depth></gpxtpx:TrackPointExtension></extensions></trkpt><trkpt lat="44.1913801990" lon="111.0847894941"><ele>1047.47</ele><time>2018-09-22T02:01:24Z</time><extensions><gpxtpx:TrackPointExtension><gpxtpx:depth>0.00</gpxtpx:depth></gpxtpx:TrackPointExtension></extensions></trkpt><trkpt lat="44.1912288219" lon="111.0846124683"><ele>1047.51</ele><time>2018-09-22T02:01:47Z</time><extensions><gpxtpx:TrackPointExtension><gpxtpx:depth>0.00</gpxtpx:depth></gpxtpx:TrackPointExtension></extensions></trkpt><trkpt lat="44.1911604255" lon="111.0845573992"><ele>1047.90</ele><time>2018-09-22T02:02:17Z</time><extensions><gpxtpx:TrackPointExtension><gpxtpx:depth>0.00</gpxtpx:depth></gpxtpx:TrackPointExtension></extensions></trkpt><trkpt lat="44.1910259798" lon="111.0844622646"><ele>1047.77</ele><time>2018-09-22T02:02:33Z</time><extensions><gpxtpx:TrackPointExtension><gpxtpx:depth>0.00</gpxtpx:depth></gpxtpx:TrackPointExtension></extensions></trkpt><trkpt lat="44.1908658855" lon="111.0843770206"><ele>1047.69</ele><time>2018-09-22T02:02:50Z</time><extensions><gpxtpx:TrackPointExtension><gpxtpx:depth>0.00</gpxtpx:depth></gpxtpx:TrackPointExtension></extensions></trkpt><trkpt lat="44.1906430107" lon="111.0842462629"><ele>1047.32</ele><time>2018-09-22T02:03:14Z</time><extensions><gpxtpx:TrackPointExtension><gpxtpx:depth>0.00</gpxtpx:depth></gpxtpx:TrackPointExtension></extensions></trkpt><trkpt lat="44.1905214731" lon="111.0841885954"><ele>1047.32</ele><time>2018-09-22T02:03:34Z</time><extensions><gpxtpx:TrackPointExtension><gpxtpx:depth>0.00</gpxtpx:depth></gpxtpx:TrackPointExtension></extensions></trkpt><trkpt lat="44.1903884523" lon="111.0841599293"><ele>1047.25</ele><time>2018-09-22T02:04:03Z</time><extensions><gpxtpx:TrackPointExtension><gpxtpx:depth>0.00</gpxtpx:depth></gpxtpx:TrackPointExtension></extensions></trkpt><trkpt lat="44.1902864445" lon="111.0841531400"><ele>1048.20</ele><time>2018-09-22T02:04:21Z</time><extensions><gpxtpx:TrackPointExtension><gpxtpx:depth>0.00</gpxtpx:depth></gpxtpx:TrackPointExtension></extensions></trkpt><trkpt lat="44.1902851034" lon="111.0841645394"><ele>1048.69</ele><time>2018-09-22T02:04:46Z</time><extensions><gpxtpx:TrackPointExtension><gpxtpx:depth>0.00</gpxtpx:depth></gpxtpx:TrackPointExtension></extensions></trkpt><trkpt lat="44.1901715286" lon="111.0842069518"><ele>1048.03</ele><time>2018-09-22T02:10:02Z</time><extensions><gpxtpx:TrackPointExtension><gpxtpx:depth>0.00</gpxtpx:depth></gpxtpx:TrackPointExtension></extensions></trkpt><trkpt lat="44.1898178961" lon="111.0844520386"><ele>1047.71</ele><time>2018-09-22T02:10:15Z</time><extensions><gpxtpx:TrackPointExtension><gpxtpx:depth>0.00</gpxtpx:depth></gpxtpx:TrackPointExtension></extensions></trkpt><trkpt lat="44.1890524607" lon="111.0851453058"><ele>1045.32</ele><time>2018-09-22T02:10:34Z</time><extensions><gpxtpx:TrackPointExtension><gpxtpx:depth>0.00</gpxtpx:depth></gpxtpx:TrackPointExtension></extensions></trkpt><trkpt lat="44.1879506595" lon="111.0861300118"><ele>1043.50</ele><time>2018-09-22T02:10:57Z</time><extensions><gpxtpx:TrackPointExtension><gpxtpx:depth>0.00</gpxtpx:depth></gpxtpx:TrackPointExtension></extensions></trkpt><trkpt lat="44.1868302505" lon="111.0871403664"><ele>1042.45</ele><time>2018-09-22T02:11:21Z</time><extensions><gpxtpx:TrackPointExtension><gpxtpx:depth>0.00</gpxtpx:depth></gpxtpx:TrackPointExtension></extensions></trkpt><trkpt lat="44.1858016234" lon="111.0880684108"><ele>1041.43</ele><time>2018-09-22T02:11:44Z</time><extensions><gpxtpx:TrackPointExtension><gpxtpx:depth>0.00</gpxtpx:depth></gpxtpx:TrackPointExtension></extensions></trkpt><trkpt lat="44.1855365038" lon="111.0882842448"><ele>1041.21</ele><time>2018-09-22T02:11:50Z</time><extensions><gpxtpx:TrackPointExtension><gpxtpx:depth>0.00</gpxtpx:depth></gpxtpx:TrackPointExtension></extensions></trkpt><trkpt lat="44.1845571622" lon="111.0891598184"><ele>1040.64</ele><time>2018-09-22T02:12:13Z</time><extensions><gpxtpx:TrackPointExtension><gpxtpx:depth>0.00</gpxtpx:depth></gpxtpx:TrackPointExtension></extensions></trkpt><trkpt lat="44.1835260205" lon="111.0900875274"><ele>1040.12</ele><time>2018-09-22T02:12:35Z</time><extensions><gpxtpx:TrackPointExtension><gpxtpx:depth>0.00</gpxtpx:depth></gpxtpx:TrackPointExtension></extensions></trkpt><trkpt lat="44.1823821422" lon="111.0911078565"><ele>1038.25</ele><time>2018-09-22T02:12:56Z</time><extensions><gpxtpx:TrackPointExtension><gpxtpx:depth>0.00</gpxtpx:depth></gpxtpx:TrackPointExtension></extensions></trkpt><trkpt lat="44.1814396810" lon="111.0919571947"><ele>1035.21</ele><time>2018-09-22T02:13:12Z</time><extensions><gpxtpx:TrackPointExtension><gpxtpx:depth>0.00</gpxtpx:depth></gpxtpx:TrackPointExtension></extensions></trkpt><trkpt lat="44.1804346908" lon="111.0928596742"><ele>1032.17</ele><time>2018-09-22T02:13:29Z</time><extensions><gpxtpx:TrackPointExtension><gpxtpx:depth>0.00</gpxtpx:depth></gpxtpx:TrackPointExtension></extensions></trkpt><trkpt lat="44.1793937422" lon="111.0937894788"><ele>1031.75</ele><time>2018-09-22T02:13:49Z</time><extensions><gpxtpx:TrackPointExtension><gpxtpx:depth>0.00</gpxtpx:depth></gpxtpx:TrackPointExtension></extensions></trkpt><trkpt lat="44.1784774326" lon="111.0946143419"><ele>1031.61</ele><time>2018-09-22T02:14:08Z</time><extensions><gpxtpx:TrackPointExtension><gpxtpx:depth>0.00</gpxtpx:depth></gpxtpx:TrackPointExtension></extensions></trkpt><trkpt lat="44.1773126833" lon="111.0956318211"><ele>1032.30</ele><time>2018-09-22T02:14:35Z</time><extensions><gpxtpx:TrackPointExtension><gpxtpx:depth>0.00</gpxtpx:depth></gpxtpx:TrackPointExtension></extensions></trkpt><trkpt lat="44.1764197592" lon="111.0962571111"><ele>1033.22</ele><time>2018-09-22T02:14:57Z</time><extensions><gpxtpx:TrackPointExtension><gpxtpx:depth>0.00</gpxtpx:depth></gpxtpx:TrackPointExtension></extensions></trkpt><trkpt lat="44.1757094767" lon="111.0966550838"><ele>1033.85</ele><time>2018-09-22T02:15:16Z</time><extensions><gpxtpx:TrackPointExtension><gpxtpx:depth>0.00</gpxtpx:depth></gpxtpx:TrackPointExtension></extensions></trkpt><trkpt lat="44.1748342384" lon="111.0970170982"><ele>1034.14</ele><time>2018-09-22T02:15:37Z</time><extensions><gpxtpx:TrackPointExtension><gpxtpx:depth>0.00</gpxtpx:depth></gpxtpx:TrackPointExtension></extensions></trkpt><trkpt lat="44.1739287414" lon="111.0972632747"><ele>1033.96</ele><time>2018-09-22T02:15:58Z</time><extensions><gpxtpx:TrackPointExtension><gpxtpx:depth>0.00</gpxtpx:depth></gpxtpx:TrackPointExtension></extensions></trkpt><trkpt lat="44.1734079737" lon="111.0973798670"><ele>1033.85</ele><time>2018-09-22T02:16:12Z</time><extensions><gpxtpx:TrackPointExtension><gpxtpx:depth>0.00</gpxtpx:depth></gpxtpx:TrackPointExtension></extensions></trkpt><trkpt lat="44.1724588908" lon="111.0976005625"><ele>1034.14</ele><time>2018-09-22T02:16:33Z</time><extensions><gpxtpx:TrackPointExtension><gpxtpx:depth>0.00</gpxtpx:depth></gpxtpx:TrackPointExtension></extensions></trkpt><trkpt lat="44.1710834205" lon="111.0979307257"><ele>1032.27</ele><time>2018-09-22T02:16:59Z</time><extensions><gpxtpx:TrackPointExtension><gpxtpx:depth>0.00</gpxtpx:depth></gpxtpx:TrackPointExtension></extensions></trkpt><trkpt lat="44.1697673779" lon="111.0982354917"><ele>1030.10</ele><time>2018-09-22T02:17:22Z</time><extensions><gpxtpx:TrackPointExtension><gpxtpx:depth>0.00</gpxtpx:depth></gpxtpx:TrackPointExtension></extensions></trkpt><trkpt lat="44.1683021374" lon="111.0985789821"><ele>1028.86</ele><time>2018-09-22T02:17:47Z</time><extensions><gpxtpx:TrackPointExtension><gpxtpx:depth>0.00</gpxtpx:depth></gpxtpx:TrackPointExtension></extensions></trkpt><trkpt lat="44.1672494542" lon="111.0988226440"><ele>1027.89</ele><time>2018-09-22T02:18:08Z</time><extensions><gpxtpx:TrackPointExtension><gpxtpx:depth>0.00</gpxtpx:depth></gpxtpx:TrackPointExtension></extensions></trkpt><trkpt lat="44.1660980321" lon="111.0990952235"><ele>1028.79</ele><time>2018-09-22T02:18:34Z</time><extensions><gpxtpx:TrackPointExtension><gpxtpx:depth>0.00</gpxtpx:depth></gpxtpx:TrackPointExtension></extensions></trkpt><trkpt lat="44.1653570719" lon="111.0992686450"><ele>1029.60</ele><time>2018-09-22T02:18:53Z</time><extensions><gpxtpx:TrackPointExtension><gpxtpx:depth>0.00</gpxtpx:depth></gpxtpx:TrackPointExtension></extensions></trkpt><trkpt lat="44.1644129343" lon="111.0994883347"><ele>1030.12</ele><time>2018-09-22T02:19:15Z</time><extensions><gpxtpx:TrackPointExtension><gpxtpx:depth>0.00</gpxtpx:depth></gpxtpx:TrackPointExtension></extensions></trkpt><trkpt lat="44.1635607462" lon="111.0996853933"><ele>1031.09</ele><time>2018-09-22T02:19:35Z</time><extensions><gpxtpx:TrackPointExtension><gpxtpx:depth>0.00</gpxtpx:depth></gpxtpx:TrackPointExtension></extensions></trkpt><trkpt lat="44.1625755373" lon="111.0999205057"><ele>1031.45</ele><time>2018-09-22T02:19:57Z</time><extensions><gpxtpx:TrackPointExtension><gpxtpx:depth>0.00</gpxtpx:depth></gpxtpx:TrackPointExtension></extensions></trkpt><trkpt lat="44.1615590639" lon="111.1001592223"><ele>1031.37</ele><time>2018-09-22T02:20:19Z</time><extensions><gpxtpx:TrackPointExtension><gpxtpx:depth>0.00</gpxtpx:depth></gpxtpx:TrackPointExtension></extensions></trkpt><trkpt lat="44.1603991762" lon="111.1004432011"><ele>1031.80</ele><time>2018-09-22T02:20:44Z</time><extensions><gpxtpx:TrackPointExtension><gpxtpx:depth>0.00</gpxtpx:depth></gpxtpx:TrackPointExtension></extensions></trkpt><trkpt lat="44.1594623309" lon="111.1006739549"><ele>1033.65</ele><time>2018-09-22T02:21:07Z</time><extensions><gpxtpx:TrackPointExtension><gpxtpx:depth>0.00</gpxtpx:depth></gpxtpx:TrackPointExtension></extensions></trkpt><trkpt lat="44.1584057920" lon="111.1009744462"><ele>1034.82</ele><time>2018-09-22T02:21:33Z</time><extensions><gpxtpx:TrackPointExtension><gpxtpx:depth>0.00</gpxtpx:depth></gpxtpx:TrackPointExtension></extensions></trkpt><trkpt lat="44.1573556233" lon="111.1013152543"><ele>1034.32</ele><time>2018-09-22T02:21:57Z</time><extensions><gpxtpx:TrackPointExtension><gpxtpx:depth>0.00</gpxtpx:depth></gpxtpx:TrackPointExtension></extensions></trkpt><trkpt lat="44.1564957239" lon="111.1016368680"><ele>1034.00</ele><time>2018-09-22T02:22:16Z</time><extensions><gpxtpx:TrackPointExtension><gpxtpx:depth>0.00</gpxtpx:depth></gpxtpx:TrackPointExtension></extensions></trkpt><trkpt lat="44.1554001253" lon="111.1020705476"><ele>1033.35</ele><time>2018-09-22T02:22:39Z</time><extensions><gpxtpx:TrackPointExtension><gpxtpx:depth>0.00</gpxtpx:depth></gpxtpx:TrackPointExtension></extensions></trkpt><trkpt lat="44.1540337913" lon="111.1026142817"><ele>1032.86</ele><time>2018-09-22T02:23:08Z</time><extensions><gpxtpx:TrackPointExtension><gpxtpx:depth>0.00</gpxtpx:depth></gpxtpx:TrackPointExtension></extensions></trkpt><trkpt lat="44.1528480034" lon="111.1030917149"><ele>1032.83</ele><time>2018-09-22T02:23:34Z</time><extensions><gpxtpx:TrackPointExtension><gpxtpx:depth>0.00</gpxtpx:depth></gpxtpx:TrackPointExtension></extensions></trkpt><trkpt lat="44.1518563405" lon="111.1034850776"><ele>1032.15</ele><time>2018-09-22T02:23:55Z</time><extensions><gpxtpx:TrackPointExtension><gpxtpx:depth>0.00</gpxtpx:depth></gpxtpx:TrackPointExtension></extensions></trkpt><trkpt lat="44.1508112010" lon="111.1039340962"><ele>1030.80</ele><time>2018-09-22T02:24:15Z</time><extensions><gpxtpx:TrackPointExtension><gpxtpx:depth>0.00</gpxtpx:depth></gpxtpx:TrackPointExtension></extensions></trkpt><trkpt lat="44.1493234131" lon="111.1045186501"><ele>1028.06</ele><time>2018-09-22T02:24:40Z</time><extensions><gpxtpx:TrackPointExtension><gpxtpx:depth>0.00</gpxtpx:depth></gpxtpx:TrackPointExtension></extensions></trkpt><trkpt lat="44.1479847394" lon="111.1050404236"><ele>1027.01</ele><time>2018-09-22T02:25:05Z</time><extensions><gpxtpx:TrackPointExtension><gpxtpx:depth>0.00</gpxtpx:depth></gpxtpx:TrackPointExtension></extensions></trkpt><trkpt lat="44.1466609854" lon="111.1055666395"><ele>1026.60</ele><time>2018-09-22T02:25:32Z</time><extensions><gpxtpx:TrackPointExtension><gpxtpx:depth>0.00</gpxtpx:depth></gpxtpx:TrackPointExtension></extensions></trkpt><trkpt lat="44.1453971621" lon="111.1060700566"><ele>1026.27</ele><time>2018-09-22T02:25:58Z</time><extensions><gpxtpx:TrackPointExtension><gpxtpx:depth>0.00</gpxtpx:depth></gpxtpx:TrackPointExtension></extensions></trkpt><trkpt lat="44.1439769324" lon="111.1066418700"><ele>1025.94</ele><time>2018-09-22T02:26:27Z</time><extensions><gpxtpx:TrackPointExtension><gpxtpx:depth>0.00</gpxtpx:depth></gpxtpx:TrackPointExtension></extensions></trkpt><trkpt lat="44.1427685134" lon="111.1071281880"><ele>1025.21</ele><time>2018-09-22T02:26:52Z</time><extensions><gpxtpx:TrackPointExtension><gpxtpx:depth>0.00</gpxtpx:depth></gpxtpx:TrackPointExtension></extensions></trkpt><trkpt lat="44.1417839751" lon="111.1074977461"><ele>1025.65</ele><time>2018-09-22T02:27:15Z</time><extensions><gpxtpx:TrackPointExtension><gpxtpx:depth>0.00</gpxtpx:depth></gpxtpx:TrackPointExtension></extensions></trkpt><trkpt lat="44.1406864487" lon="111.1078709085"><ele>1026.82</ele><time>2018-09-22T02:27:41Z</time><extensions><gpxtpx:TrackPointExtension><gpxtpx:depth>0.00</gpxtpx:depth></gpxtpx:TrackPointExtension></extensions></trkpt><trkpt lat="44.1394985653" lon="111.1082328390"><ele>1028.39</ele><time>2018-09-22T02:28:09Z</time><extensions><gpxtpx:TrackPointExtension><gpxtpx:depth>0.00</gpxtpx:depth></gpxtpx:TrackPointExtension></extensions></trkpt><trkpt lat="44.1385911405" lon="111.1084883194"><ele>1029.39</ele><time>2018-09-22T02:28:31Z</time><extensions><gpxtpx:TrackPointExtension><gpxtpx:depth>0.00</gpxtpx:depth></gpxtpx:TrackPointExtension></extensions></trkpt><trkpt lat="44.1377015691" lon="111.1087305564"><ele>1029.96</ele><time>2018-09-22T02:28:52Z</time><extensions><gpxtpx:TrackPointExtension><gpxtpx:depth>0.00</gpxtpx:depth></gpxtpx:TrackPointExtension></extensions></trkpt><trkpt lat="44.1364405118" lon="111.1090768129"><ele>1029.91</ele><time>2018-09-22T02:29:19Z</time><extensions><gpxtpx:TrackPointExtension><gpxtpx:depth>0.00</gpxtpx:depth></gpxtpx:TrackPointExtension></extensions></trkpt><trkpt lat="44.1351314262" lon="111.1094403360"><ele>1029.74</ele><time>2018-09-22T02:29:46Z</time><extensions><gpxtpx:TrackPointExtension><gpxtpx:depth>0.00</gpxtpx:depth></gpxtpx:TrackPointExtension></extensions></trkpt><trkpt lat="44.1339952592" lon="111.1097496282"><ele>1029.61</ele><time>2018-09-22T02:30:10Z</time><extensions><gpxtpx:TrackPointExtension><gpxtpx:depth>0.00</gpxtpx:depth></gpxtpx:TrackPointExtension></extensions></trkpt><trkpt lat="44.1327829007" lon="111.1100833956"><ele>1030.85</ele><time>2018-09-22T02:30:37Z</time><extensions><gpxtpx:TrackPointExtension><gpxtpx:depth>0.00</gpxtpx:depth></gpxtpx:TrackPointExtension></extensions></trkpt><trkpt lat="44.1317727976" lon="111.1103594117"><ele>1030.83</ele><time>2018-09-22T02:30:59Z</time><extensions><gpxtpx:TrackPointExtension><gpxtpx:depth>0.00</gpxtpx:depth></gpxtpx:TrackPointExtension></extensions></trkpt><trkpt lat="44.1309475154" lon="111.1106417142"><ele>1030.02</ele><time>2018-09-22T02:31:18Z</time><extensions><gpxtpx:TrackPointExtension><gpxtpx:depth>0.00</gpxtpx:depth></gpxtpx:TrackPointExtension></extensions></trkpt><trkpt lat="44.1298795771" lon="111.1112708598"><ele>1029.17</ele><time>2018-09-22T02:31:43Z</time><extensions><gpxtpx:TrackPointExtension><gpxtpx:depth>0.00</gpxtpx:depth></gpxtpx:TrackPointExtension></extensions></trkpt><trkpt lat="44.1294377670" lon="111.1116835847"><ele>1028.78</ele><time>2018-09-22T02:31:54Z</time><extensions><gpxtpx:TrackPointExtension><gpxtpx:depth>0.00</gpxtpx:depth></gpxtpx:TrackPointExtension></extensions></trkpt><trkpt lat="44.1285629477" lon="111.1128158960"><ele>1028.11</ele><time>2018-09-22T02:32:17Z</time><extensions><gpxtpx:TrackPointExtension><gpxtpx:depth>0.00</gpxtpx:depth></gpxtpx:TrackPointExtension></extensions></trkpt><trkpt lat="44.1279068962" lon="111.1142415740"><ele>1027.34</ele><time>2018-09-22T02:32:39Z</time><extensions><gpxtpx:TrackPointExtension><gpxtpx:depth>0.00</gpxtpx:depth></gpxtpx:TrackPointExtension></extensions></trkpt><trkpt lat="44.1277773958" lon="111.1146345176"><ele>1027.18</ele><time>2018-09-22T02:32:45Z</time><extensions><gpxtpx:TrackPointExtension><gpxtpx:depth>0.00</gpxtpx:depth></gpxtpx:TrackPointExtension></extensions></trkpt><trkpt lat="44.1277734563" lon="111.1146909278"><ele>1027.16</ele><time>2018-09-22T02:32:46Z</time><extensions><gpxtpx:TrackPointExtension><gpxtpx:depth>0.00</gpxtpx:depth></gpxtpx:TrackPointExtension></extensions></trkpt><trkpt lat="44.1277728695" lon="111.1147447396"><ele>1027.12</ele><time>2018-09-22T02:32:47Z</time><extensions><gpxtpx:TrackPointExtension><gpxtpx:depth>0.00</gpxtpx:depth></gpxtpx:TrackPointExtension></extensions></trkpt><trkpt lat="44.1277688462" lon="111.1147991382"><ele>1027.08</ele><time>2018-09-22T02:32:48Z</time><extensions><gpxtpx:TrackPointExtension><gpxtpx:depth>0.00</gpxtpx:depth></gpxtpx:TrackPointExtension></extensions></trkpt><trkpt lat="44.1277597100" lon="111.1148506030"><ele>1027.06</ele><time>2018-09-22T02:32:49Z</time><extensions><gpxtpx:TrackPointExtension><gpxtpx:depth>0.00</gpxtpx:depth></gpxtpx:TrackPointExtension></extensions></trkpt><trkpt lat="44.1277503222" lon="111.1148981284"><ele>1027.05</ele><time>2018-09-22T02:32:50Z</time><extensions><gpxtpx:TrackPointExtension><gpxtpx:depth>0.00</gpxtpx:depth></gpxtpx:TrackPointExtension></extensions></trkpt><trkpt lat="44.1276752204" lon="111.1151659302"><ele>1026.90</ele><time>2018-09-22T02:33:01Z</time><extensions><gpxtpx:TrackPointExtension><gpxtpx:depth>0.00</gpxtpx:depth></gpxtpx:TrackPointExtension></extensions></trkpt><trkpt lat="44.1276754718" lon="111.1151612364"><ele>1026.92</ele><time>2018-09-22T02:33:03Z</time><extensions><gpxtpx:TrackPointExtension><gpxtpx:depth>0.00</gpxtpx:depth></gpxtpx:TrackPointExtension></extensions></trkpt><trkpt lat="44.1276203189" lon="111.1151704565"><ele>1027.63</ele><time>2018-09-22T02:33:42Z</time><extensions><gpxtpx:TrackPointExtension><gpxtpx:depth>0.00</gpxtpx:depth></gpxtpx:TrackPointExtension></extensions></trkpt><trkpt lat="44.1276063211" lon="111.1151718814"><ele>1027.63</ele><time>2018-09-22T02:33:43Z</time><extensions><gpxtpx:TrackPointExtension><gpxtpx:depth>0.00</gpxtpx:depth></gpxtpx:TrackPointExtension></extensions></trkpt><trkpt lat="44.1275919043" lon="111.1151785031"><ele>1027.63</ele><time>2018-09-22T02:33:44Z</time><extensions><gpxtpx:TrackPointExtension><gpxtpx:depth>0.00</gpxtpx:depth></gpxtpx:TrackPointExtension></extensions></trkpt><trkpt lat="44.1275795829" lon="111.1151949316"><ele>1027.63</ele><time>2018-09-22T02:33:45Z</time><extensions><gpxtpx:TrackPointExtension><gpxtpx:depth>0.00</gpxtpx:depth></gpxtpx:TrackPointExtension></extensions></trkpt><trkpt lat="44.1275196522" lon="111.1152911559"><ele>1027.15</ele><time>2018-09-22T02:33:54Z</time><extensions><gpxtpx:TrackPointExtension><gpxtpx:depth>0.00</gpxtpx:depth></gpxtpx:TrackPointExtension></extensions></trkpt><trkpt lat="44.1275051516" lon="111.1153634917"><ele>1026.53</ele><time>2018-09-22T02:36:15Z</time><extensions><gpxtpx:TrackPointExtension><gpxtpx:depth>0.00</gpxtpx:depth></gpxtpx:TrackPointExtension></extensions></trkpt><trkpt lat="44.1274866275" lon="111.1154397670"><ele>1026.40</ele><time>2018-09-22T02:36:23Z</time><extensions><gpxtpx:TrackPointExtension><gpxtpx:depth>0.00</gpxtpx:depth></gpxtpx:TrackPointExtension></extensions></trkpt><trkpt lat="44.1274559498" lon="111.1155183055"><ele>1026.46</ele><time>2018-09-22T02:36:49Z</time><extensions><gpxtpx:TrackPointExtension><gpxtpx:depth>0.00</gpxtpx:depth></gpxtpx:TrackPointExtension></extensions></trkpt><trkpt lat="44.1274428740" lon="111.1155747157"><ele>1026.43</ele><time>2018-09-22T02:36:51Z</time><extensions><gpxtpx:TrackPointExtension><gpxtpx:depth>0.00</gpxtpx:depth></gpxtpx:TrackPointExtension></extensions></trkpt><trkpt lat="44.1272435524" lon="111.1161306035"><ele>1025.82</ele><time>2018-09-22T02:37:03Z</time><extensions><gpxtpx:TrackPointExtension><gpxtpx:depth>0.00</gpxtpx:depth></gpxtpx:TrackPointExtension></extensions></trkpt><trkpt lat="44.1267969646" lon="111.1174037308"><ele>1025.36</ele><time>2018-09-22T02:37:24Z</time><extensions><gpxtpx:TrackPointExtension><gpxtpx:depth>0.00</gpxtpx:depth></gpxtpx:TrackPointExtension></extensions></trkpt><trkpt lat="44.1261881869" lon="111.1192096118"><ele>1024.41</ele><time>2018-09-22T02:37:49Z</time><extensions><gpxtpx:TrackPointExtension><gpxtpx:depth>0.00</gpxtpx:depth></gpxtpx:TrackPointExtension></extensions></trkpt><trkpt lat="44.1255918983" lon="111.1209709849"><ele>1023.18</ele><time>2018-09-22T02:38:12Z</time><extensions><gpxtpx:TrackPointExtension><gpxtpx:depth>0.00</gpxtpx:depth></gpxtpx:TrackPointExtension></extensions></trkpt><trkpt lat="44.1249878146" lon="111.1227544025"><ele>1022.56</ele><time>2018-09-22T02:38:35Z</time><extensions><gpxtpx:TrackPointExtension><gpxtpx:depth>0.00</gpxtpx:depth></gpxtpx:TrackPointExtension></extensions></trkpt><trkpt lat="44.1245613433" lon="111.1240087543"><ele>1023.25</ele><time>2018-09-22T02:38:54Z</time><extensions><gpxtpx:TrackPointExtension><gpxtpx:depth>0.00</gpxtpx:depth></gpxtpx:TrackPointExtension></extensions></trkpt><trkpt lat="44.1241226345" lon="111.1253003217"><ele>1024.90</ele><time>2018-09-22T02:39:17Z</time><extensions><gpxtpx:TrackPointExtension><gpxtpx:depth>0.00</gpxtpx:depth></gpxtpx:TrackPointExtension></extensions></trkpt><trkpt lat="44.1237270925" lon="111.1264619697"><ele>1025.68</ele><time>2018-09-22T02:39:40Z</time><extensions><gpxtpx:TrackPointExtension><gpxtpx:depth>0.00</gpxtpx:depth></gpxtpx:TrackPointExtension></extensions></trkpt><trkpt lat="44.1233416926" lon="111.1275862344"><ele>1026.71</ele><time>2018-09-22T02:40:01Z</time><extensions><gpxtpx:TrackPointExtension><gpxtpx:depth>0.00</gpxtpx:depth></gpxtpx:TrackPointExtension></extensions></trkpt><trkpt lat="44.1228289716" lon="111.1290698312"><ele>1027.78</ele><time>2018-09-22T02:40:28Z</time><extensions><gpxtpx:TrackPointExtension><gpxtpx:depth>0.00</gpxtpx:depth></gpxtpx:TrackPointExtension></extensions></trkpt><trkpt lat="44.1223273147" lon="111.1305272765"><ele>1028.48</ele><time>2018-09-22T02:40:55Z</time><extensions><gpxtpx:TrackPointExtension><gpxtpx:depth>0.00</gpxtpx:depth></gpxtpx:TrackPointExtension></extensions></trkpt><trkpt lat="44.1222860757" lon="111.1306421924"><ele>1028.58</ele><time>2018-09-22T02:40:57Z</time><extensions><gpxtpx:TrackPointExtension><gpxtpx:depth>0.00</gpxtpx:depth></gpxtpx:TrackPointExtension></extensions></trkpt><trkpt lat="44.1218577605" lon="111.1318895873"><ele>1029.60</ele><time>2018-09-22T02:41:19Z</time><extensions><gpxtpx:TrackPointExtension><gpxtpx:depth>0.00</gpxtpx:depth></gpxtpx:TrackPointExtension></extensions></trkpt><trkpt lat="44.1212932393" lon="111.1333929654"><ele>1030.45</ele><time>2018-09-22T02:41:46Z</time><extensions><gpxtpx:TrackPointExtension><gpxtpx:depth>0.00</gpxtpx:depth></gpxtpx:TrackPointExtension></extensions></trkpt><trkpt lat="44.1205941048" lon="111.1347810924"><ele>1031.65</ele><time>2018-09-22T02:42:14Z</time><extensions><gpxtpx:TrackPointExtension><gpxtpx:depth>0.00</gpxtpx:depth></gpxtpx:TrackPointExtension></extensions></trkpt><trkpt lat="44.1198137496" lon="111.1359791178"><ele>1032.79</ele><time>2018-09-22T02:42:40Z</time><extensions><gpxtpx:TrackPointExtension><gpxtpx:depth>0.00</gpxtpx:depth></gpxtpx:TrackPointExtension></extensions></trkpt><trkpt lat="44.1190463863" lon="111.1368970200"><ele>1034.04</ele><time>2018-09-22T02:43:03Z</time><extensions><gpxtpx:TrackPointExtension><gpxtpx:depth>0.00</gpxtpx:depth></gpxtpx:TrackPointExtension></extensions></trkpt><trkpt lat="44.1181624308" lon="111.1377567519"><ele>1035.14</ele><time>2018-09-22T02:43:27Z</time><extensions><gpxtpx:TrackPointExtension><gpxtpx:depth>0.00</gpxtpx:depth></gpxtpx:TrackPointExtension></extensions></trkpt><trkpt lat="44.1173585225" lon="111.1384712253"><ele>1036.42</ele><time>2018-09-22T02:43:49Z</time><extensions><gpxtpx:TrackPointExtension><gpxtpx:depth>0.00</gpxtpx:depth></gpxtpx:TrackPointExtension></extensions></trkpt><trkpt lat="44.1165347490" lon="111.1391950026"><ele>1037.22</ele><time>2018-09-22T02:44:11Z</time><extensions><gpxtpx:TrackPointExtension><gpxtpx:depth>0.00</gpxtpx:depth></gpxtpx:TrackPointExtension></extensions></trkpt><trkpt lat="44.1155932937" lon="111.1400392279"><ele>1039.21</ele><time>2018-09-22T02:44:36Z</time><extensions><gpxtpx:TrackPointExtension><gpxtpx:depth>0.00</gpxtpx:depth></gpxtpx:TrackPointExtension></extensions></trkpt><trkpt lat="44.1145004611" lon="111.1410064995"><ele>1041.39</ele><time>2018-09-22T02:45:06Z</time><extensions><gpxtpx:TrackPointExtension><gpxtpx:depth>0.00</gpxtpx:depth></gpxtpx:TrackPointExtension></extensions></trkpt><trkpt lat="44.1138357762" lon="111.1415981781"><ele>1042.57</ele><time>2018-09-22T02:45:26Z</time><extensions><gpxtpx:TrackPointExtension><gpxtpx:depth>0.00</gpxtpx:depth></gpxtpx:TrackPointExtension></extensions></trkpt><trkpt lat="44.1130088177" lon="111.1423229612"><ele>1044.22</ele><time>2018-09-22T02:45:51Z</time><extensions><gpxtpx:TrackPointExtension><gpxtpx:depth>0.00</gpxtpx:depth></gpxtpx:TrackPointExtension></extensions></trkpt><trkpt lat="44.1122163087" lon="111.1430360936"><ele>1045.80</ele><time>2018-09-22T02:46:14Z</time><extensions><gpxtpx:TrackPointExtension><gpxtpx:depth>0.00</gpxtpx:depth></gpxtpx:TrackPointExtension></extensions></trkpt><trkpt lat="44.1115992330" lon="111.1435742956"><ele>1046.79</ele><time>2018-09-22T02:46:32Z</time><extensions><gpxtpx:TrackPointExtension><gpxtpx:depth>0.00</gpxtpx:depth></gpxtpx:TrackPointExtension></extensions></trkpt><trkpt lat="44.1109924670" lon="111.1441086419"><ele>1048.34</ele><time>2018-09-22T02:46:49Z</time><extensions><gpxtpx:TrackPointExtension><gpxtpx:depth>0.00</gpxtpx:depth></gpxtpx:TrackPointExtension></extensions></trkpt><trkpt lat="44.1101311427" lon="111.1448802799"><ele>1049.66</ele><time>2018-09-22T02:47:12Z</time><extensions><gpxtpx:TrackPointExtension><gpxtpx:depth>0.00</gpxtpx:depth></gpxtpx:TrackPointExtension></extensions></trkpt><trkpt lat="44.1092834808" lon="111.1456204019"><ele>1050.56</ele><time>2018-09-22T02:47:34Z</time><extensions><gpxtpx:TrackPointExtension><gpxtpx:depth>0.00</gpxtpx:depth></gpxtpx:TrackPointExtension></extensions></trkpt><trkpt lat="44.1084310412" lon="111.1463775393"><ele>1051.25</ele><time>2018-09-22T02:47:56Z</time><extensions><gpxtpx:TrackPointExtension><gpxtpx:depth>0.00</gpxtpx:depth></gpxtpx:TrackPointExtension></extensions></trkpt><trkpt lat="44.1083972622" lon="111.1464083008"><ele>1051.27</ele><time>2018-09-22T02:47:57Z</time><extensions><gpxtpx:TrackPointExtension><gpxtpx:depth>0.00</gpxtpx:depth></gpxtpx:TrackPointExtension></extensions></trkpt><trkpt lat="44.1083628125" lon="111.1464364640"><ele>1051.30</ele><time>2018-09-22T02:47:58Z</time><extensions><gpxtpx:TrackPointExtension><gpxtpx:depth>0.00</gpxtpx:depth></gpxtpx:TrackPointExtension></extensions></trkpt><trkpt lat="44.1083301231" lon="111.1464665551"><ele>1051.36</ele><time>2018-09-22T02:47:59Z</time><extensions><gpxtpx:TrackPointExtension><gpxtpx:depth>0.00</gpxtpx:depth></gpxtpx:TrackPointExtension></extensions></trkpt><trkpt lat="44.1076915059" lon="111.1470438167"><ele>1051.82</ele><time>2018-09-22T02:48:17Z</time><extensions><gpxtpx:TrackPointExtension><gpxtpx:depth>0.00</gpxtpx:depth></gpxtpx:TrackPointExtension></extensions></trkpt><trkpt lat="44.1070494521" lon="111.1476177257"><ele>1052.22</ele><time>2018-09-22T02:48:34Z</time><extensions><gpxtpx:TrackPointExtension><gpxtpx:depth>0.00</gpxtpx:depth></gpxtpx:TrackPointExtension></extensions></trkpt><trkpt lat="44.1070133261" lon="111.1476518400"><ele>1052.28</ele><time>2018-09-22T02:48:35Z</time><extensions><gpxtpx:TrackPointExtension><gpxtpx:depth>0.00</gpxtpx:depth></gpxtpx:TrackPointExtension></extensions></trkpt><trkpt lat="44.1063675005" lon="111.1482279282"><ele>1052.81</ele><time>2018-09-22T02:48:52Z</time><extensions><gpxtpx:TrackPointExtension><gpxtpx:depth>0.00</gpxtpx:depth></gpxtpx:TrackPointExtension></extensions></trkpt><trkpt lat="44.1057048272" lon="111.1488400586"><ele>1054.59</ele><time>2018-09-22T02:49:11Z</time><extensions><gpxtpx:TrackPointExtension><gpxtpx:depth>0.00</gpxtpx:depth></gpxtpx:TrackPointExtension></extensions></trkpt><trkpt lat="44.1050450038" lon="111.1495177355"><ele>1057.10</ele><time>2018-09-22T02:49:33Z</time><extensions><gpxtpx:TrackPointExtension><gpxtpx:depth>0.00</gpxtpx:depth></gpxtpx:TrackPointExtension></extensions></trkpt><trkpt lat="44.1043604538" lon="111.1503469571"><ele>1059.06</ele><time>2018-09-22T02:49:57Z</time><extensions><gpxtpx:TrackPointExtension><gpxtpx:depth>0.00</gpxtpx:depth></gpxtpx:TrackPointExtension></extensions></trkpt><trkpt lat="44.1038331483" lon="111.1511038430"><ele>1060.29</ele><time>2018-09-22T02:50:17Z</time><extensions><gpxtpx:TrackPointExtension><gpxtpx:depth>0.00</gpxtpx:depth></gpxtpx:TrackPointExtension></extensions></trkpt><trkpt lat="44.1034614947" lon="111.1517217569"><ele>1061.23</ele><time>2018-09-22T02:50:33Z</time><extensions><gpxtpx:TrackPointExtension><gpxtpx:depth>0.00</gpxtpx:depth></gpxtpx:TrackPointExtension></extensions></trkpt><trkpt lat="44.1030359454" lon="111.1526073888"><ele>1062.69</ele><time>2018-09-22T02:50:54Z</time><extensions><gpxtpx:TrackPointExtension><gpxtpx:depth>0.00</gpxtpx:depth></gpxtpx:TrackPointExtension></extensions></trkpt><trkpt lat="44.1025549080" lon="111.1536141392"><ele>1063.49</ele><time>2018-09-22T02:51:16Z</time><extensions><gpxtpx:TrackPointExtension><gpxtpx:depth>0.00</gpxtpx:depth></gpxtpx:TrackPointExtension></extensions></trkpt><trkpt lat="44.1020825040" lon="111.1545918882"><ele>1065.29</ele><time>2018-09-22T02:51:36Z</time><extensions><gpxtpx:TrackPointExtension><gpxtpx:depth>0.00</gpxtpx:depth></gpxtpx:TrackPointExtension></extensions></trkpt><trkpt lat="44.1014154721" lon="111.1559909116"><ele>1067.17</ele><time>2018-09-22T02:52:04Z</time><extensions><gpxtpx:TrackPointExtension><gpxtpx:depth>0.00</gpxtpx:depth></gpxtpx:TrackPointExtension></extensions></trkpt><trkpt lat="44.1008319240" lon="111.1572310142"><ele>1068.91</ele><time>2018-09-22T02:52:30Z</time><extensions><gpxtpx:TrackPointExtension><gpxtpx:depth>0.00</gpxtpx:depth></gpxtpx:TrackPointExtension></extensions></trkpt><trkpt lat="44.1004204564" lon="111.1581188254"><ele>1070.67</ele><time>2018-09-22T02:52:49Z</time><extensions><gpxtpx:TrackPointExtension><gpxtpx:depth>0.00</gpxtpx:depth></gpxtpx:TrackPointExtension></extensions></trkpt><trkpt lat="44.0997881256" lon="111.1594360415"><ele>1072.35</ele><time>2018-09-22T02:53:17Z</time><extensions><gpxtpx:TrackPointExtension><gpxtpx:depth>0.00</gpxtpx:depth></gpxtpx:TrackPointExtension></extensions></trkpt><trkpt lat="44.0992571320" lon="111.1605505832"><ele>1074.08</ele><time>2018-09-22T02:53:41Z</time><extensions><gpxtpx:TrackPointExtension><gpxtpx:depth>0.00</gpxtpx:depth></gpxtpx:TrackPointExtension></extensions></trkpt><trkpt lat="44.0987947024" lon="111.1615281645"><ele>1075.88</ele><time>2018-09-22T02:54:02Z</time><extensions><gpxtpx:TrackPointExtension><gpxtpx:depth>0.00</gpxtpx:depth></gpxtpx:TrackPointExtension></extensions></trkpt><trkpt lat="44.0983725060" lon="111.1624205858"><ele>1077.70</ele><time>2018-09-22T02:54:22Z</time><extensions><gpxtpx:TrackPointExtension><gpxtpx:depth>0.00</gpxtpx:depth></gpxtpx:TrackPointExtension></extensions></trkpt><trkpt lat="44.0979604516" lon="111.1633074749"><ele>1079.53</ele><time>2018-09-22T02:54:43Z</time><extensions><gpxtpx:TrackPointExtension><gpxtpx:depth>0.00</gpxtpx:depth></gpxtpx:TrackPointExtension></extensions></trkpt><trkpt lat="44.0975659993" lon="111.1641174182"><ele>1081.24</ele><time>2018-09-22T02:55:03Z</time><extensions><gpxtpx:TrackPointExtension><gpxtpx:depth>0.00</gpxtpx:depth></gpxtpx:TrackPointExtension></extensions></trkpt><trkpt lat="44.0971426293" lon="111.1649500765"><ele>1083.66</ele><time>2018-09-22T02:55:24Z</time><extensions><gpxtpx:TrackPointExtension><gpxtpx:depth>0.00</gpxtpx:depth></gpxtpx:TrackPointExtension></extensions></trkpt><trkpt lat="44.0967441536" lon="111.1657183617"><ele>1084.75</ele><time>2018-09-22T02:55:43Z</time><extensions><gpxtpx:TrackPointExtension><gpxtpx:depth>0.00</gpxtpx:depth></gpxtpx:TrackPointExtension></extensions></trkpt><trkpt lat="44.0961956419" lon="111.1667231843"><ele>1086.26</ele><time>2018-09-22T02:56:07Z</time><extensions><gpxtpx:TrackPointExtension><gpxtpx:depth>0.00</gpxtpx:depth></gpxtpx:TrackPointExtension></extensions></trkpt><trkpt lat="44.0958583541" lon="111.1673225742"><ele>1086.80</ele><time>2018-09-22T02:56:22Z</time><extensions><gpxtpx:TrackPointExtension><gpxtpx:depth>0.00</gpxtpx:depth></gpxtpx:TrackPointExtension></extensions></trkpt><trkpt lat="44.0953515843" lon="111.1682191025"><ele>1087.66</ele><time>2018-09-22T02:56:43Z</time><extensions><gpxtpx:TrackPointExtension><gpxtpx:depth>0.00</gpxtpx:depth></gpxtpx:TrackPointExtension></extensions></trkpt><trkpt lat="44.0948868915" lon="111.1690532696"><ele>1088.59</ele><time>2018-09-22T02:57:03Z</time><extensions><gpxtpx:TrackPointExtension><gpxtpx:depth>0.00</gpxtpx:depth></gpxtpx:TrackPointExtension></extensions></trkpt><trkpt lat="44.0943965502" lon="111.1699170247"><ele>1090.15</ele><time>2018-09-22T02:57:24Z</time><extensions><gpxtpx:TrackPointExtension><gpxtpx:depth>0.00</gpxtpx:depth></gpxtpx:TrackPointExtension></extensions></trkpt><trkpt lat="44.0942104720" lon="111.1702564918"><ele>1091.17</ele><time>2018-09-22T02:57:37Z</time><extensions><gpxtpx:TrackPointExtension><gpxtpx:depth>0.00</gpxtpx:depth></gpxtpx:TrackPointExtension></extensions></trkpt><trkpt lat="44.0938863438" lon="111.1708176602"><ele>1092.32</ele><time>2018-09-22T02:57:54Z</time><extensions><gpxtpx:TrackPointExtension><gpxtpx:depth>0.00</gpxtpx:depth></gpxtpx:TrackPointExtension></extensions></trkpt><trkpt lat="44.0934449527" lon="111.1715922318"><ele>1094.12</ele><time>2018-09-22T02:58:17Z</time><extensions><gpxtpx:TrackPointExtension><gpxtpx:depth>0.00</gpxtpx:depth></gpxtpx:TrackPointExtension></extensions></trkpt><trkpt lat="44.0930181462" lon="111.1723472737"><ele>1095.95</ele><time>2018-09-22T02:58:39Z</time><extensions><gpxtpx:TrackPointExtension><gpxtpx:depth>0.00</gpxtpx:depth></gpxtpx:TrackPointExtension></extensions></trkpt><trkpt lat="44.0926650167" lon="111.1729728151"><ele>1097.94</ele><time>2018-09-22T02:58:57Z</time><extensions><gpxtpx:TrackPointExtension><gpxtpx:depth>0.00</gpxtpx:depth></gpxtpx:TrackPointExtension></extensions></trkpt><trkpt lat="44.0923667047" lon="111.1735001206"><ele>1099.74</ele><time>2018-09-22T02:59:15Z</time><extensions><gpxtpx:TrackPointExtension><gpxtpx:depth>0.00</gpxtpx:depth></gpxtpx:TrackPointExtension></extensions></trkpt><trkpt lat="44.0920493659" lon="111.1740656476"><ele>1101.38</ele><time>2018-09-22T02:59:34Z</time><extensions><gpxtpx:TrackPointExtension><gpxtpx:depth>0.00</gpxtpx:depth></gpxtpx:TrackPointExtension></extensions></trkpt><trkpt lat="44.0917523950" lon="111.1745927017"><ele>1103.34</ele><time>2018-09-22T02:59:52Z</time><extensions><gpxtpx:TrackPointExtension><gpxtpx:depth>0.00</gpxtpx:depth></gpxtpx:TrackPointExtension></extensions></trkpt><trkpt lat="44.0914193820" lon="111.1751824524"><ele>1105.22</ele><time>2018-09-22T03:00:12Z</time><extensions><gpxtpx:TrackPointExtension><gpxtpx:depth>0.00</gpxtpx:depth></gpxtpx:TrackPointExtension></extensions></trkpt><trkpt lat="44.0911139455" lon="111.1757281981"><ele>1107.73</ele><time>2018-09-22T03:00:30Z</time><extensions><gpxtpx:TrackPointExtension><gpxtpx:depth>0.00</gpxtpx:depth></gpxtpx:TrackPointExtension></extensions></trkpt><trkpt lat="44.0907362569" lon="111.1764409114"><ele>1109.76</ele><time>2018-09-22T03:00:52Z</time><extensions><gpxtpx:TrackPointExtension><gpxtpx:depth>0.00</gpxtpx:depth></gpxtpx:TrackPointExtension></extensions></trkpt><trkpt lat="44.0903380327" lon="111.1772257090"><ele>1111.70</ele><time>2018-09-22T03:01:16Z</time><extensions><gpxtpx:TrackPointExtension><gpxtpx:depth>0.00</gpxtpx:depth></gpxtpx:TrackPointExtension></extensions></trkpt><trkpt lat="44.0899838973" lon="111.1779463012"><ele>1112.64</ele><time>2018-09-22T03:01:36Z</time><extensions><gpxtpx:TrackPointExtension><gpxtpx:depth>0.00</gpxtpx:depth></gpxtpx:TrackPointExtension></extensions></trkpt><trkpt lat="44.0896121599" lon="111.1786917038"><ele>1113.31</ele><time>2018-09-22T03:01:56Z</time><extensions><gpxtpx:TrackPointExtension><gpxtpx:depth>0.00</gpxtpx:depth></gpxtpx:TrackPointExtension></extensions></trkpt><trkpt lat="44.0891545918" lon="111.1796138808"><ele>1114.16</ele><time>2018-09-22T03:02:20Z</time><extensions><gpxtpx:TrackPointExtension><gpxtpx:depth>0.00</gpxtpx:depth></gpxtpx:TrackPointExtension></extensions></trkpt><trkpt lat="44.0888217464" lon="111.1802857742"><ele>1114.95</ele><time>2018-09-22T03:02:38Z</time><extensions><gpxtpx:TrackPointExtension><gpxtpx:depth>0.00</gpxtpx:depth></gpxtpx:TrackPointExtension></extensions></trkpt><trkpt lat="44.0884173196" lon="111.1811052728"><ele>1115.47</ele><time>2018-09-22T03:03:00Z</time><extensions><gpxtpx:TrackPointExtension><gpxtpx:depth>0.00</gpxtpx:depth></gpxtpx:TrackPointExtension></extensions></trkpt><trkpt lat="44.0882703848" lon="111.1814015731"><ele>1116.05</ele><time>2018-09-22T03:03:13Z</time><extensions><gpxtpx:TrackPointExtension><gpxtpx:depth>0.00</gpxtpx:depth></gpxtpx:TrackPointExtension></extensions></trkpt><trkpt lat="44.0882571414" lon="111.1814605817"><ele>1117.00</ele><time>2018-09-22T03:04:37Z</time><extensions><gpxtpx:TrackPointExtension><gpxtpx:depth>0.00</gpxtpx:depth></gpxtpx:TrackPointExtension></extensions></trkpt><trkpt lat="44.0879980568" lon="111.1819593050"><ele>1115.74</ele><time>2018-09-22T03:04:52Z</time><extensions><gpxtpx:TrackPointExtension><gpxtpx:depth>0.00</gpxtpx:depth></gpxtpx:TrackPointExtension></extensions></trkpt><trkpt lat="44.0875828173" lon="111.1827943940"><ele>1116.21</ele><time>2018-09-22T03:05:12Z</time><extensions><gpxtpx:TrackPointExtension><gpxtpx:depth>0.00</gpxtpx:depth></gpxtpx:TrackPointExtension></extensions></trkpt><trkpt lat="44.0870612953" lon="111.1838547047"><ele>1115.92</ele><time>2018-09-22T03:05:32Z</time><extensions><gpxtpx:TrackPointExtension><gpxtpx:depth>0.00</gpxtpx:depth></gpxtpx:TrackPointExtension></extensions></trkpt><trkpt lat="44.0865479037" lon="111.1848816555"><ele>1114.63</ele><time>2018-09-22T03:05:49Z</time><extensions><gpxtpx:TrackPointExtension><gpxtpx:depth>0.00</gpxtpx:depth></gpxtpx:TrackPointExtension></extensions></trkpt><trkpt lat="44.0865223389" lon="111.1849421728"><ele>1114.57</ele><time>2018-09-22T03:05:50Z</time><extensions><gpxtpx:TrackPointExtension><gpxtpx:depth>0.00</gpxtpx:depth></gpxtpx:TrackPointExtension></extensions></trkpt><trkpt lat="44.0858833864" lon="111.1862443015"><ele>1114.13</ele><time>2018-09-22T03:06:14Z</time><extensions><gpxtpx:TrackPointExtension><gpxtpx:depth>0.00</gpxtpx:depth></gpxtpx:TrackPointExtension></extensions></trkpt><trkpt lat="44.0854710806" lon="111.1871015187"><ele>1115.88</ele><time>2018-09-22T03:06:33Z</time><extensions><gpxtpx:TrackPointExtension><gpxtpx:depth>0.00</gpxtpx:depth></gpxtpx:TrackPointExtension></extensions></trkpt><trkpt lat="44.0850877762" lon="111.1879346799"><ele>1117.40</ele><time>2018-09-22T03:06:54Z</time><extensions><gpxtpx:TrackPointExtension><gpxtpx:depth>0.00</gpxtpx:depth></gpxtpx:TrackPointExtension></extensions></trkpt><trkpt lat="44.0850513149" lon="111.1879765056"><ele>1117.86</ele><time>2018-09-22T03:07:04Z</time><extensions><gpxtpx:TrackPointExtension><gpxtpx:depth>0.00</gpxtpx:depth></gpxtpx:TrackPointExtension></extensions></trkpt><trkpt lat="44.0850508958" lon="111.1880237795"><ele>1118.43</ele><time>2018-09-22T03:08:17Z</time><extensions><gpxtpx:TrackPointExtension><gpxtpx:depth>0.00</gpxtpx:depth></gpxtpx:TrackPointExtension></extensions></trkpt><trkpt lat="44.0850389097" lon="111.1880439799"><ele>1118.42</ele><time>2018-09-22T03:08:18Z</time><extensions><gpxtpx:TrackPointExtension><gpxtpx:depth>0.00</gpxtpx:depth></gpxtpx:TrackPointExtension></extensions></trkpt><trkpt lat="44.0848143585" lon="111.1885654181"><ele>1118.37</ele><time>2018-09-22T03:08:33Z</time><extensions><gpxtpx:TrackPointExtension><gpxtpx:depth>0.00</gpxtpx:depth></gpxtpx:TrackPointExtension></extensions></trkpt><trkpt lat="44.0843533538" lon="111.1896782834"><ele>1119.30</ele><time>2018-09-22T03:08:58Z</time><extensions><gpxtpx:TrackPointExtension><gpxtpx:depth>0.00</gpxtpx:depth></gpxtpx:TrackPointExtension></extensions></trkpt><trkpt lat="44.0839066822" lon="111.1908586230"><ele>1119.90</ele><time>2018-09-22T03:09:19Z</time><extensions><gpxtpx:TrackPointExtension><gpxtpx:depth>0.00</gpxtpx:depth></gpxtpx:TrackPointExtension></extensions></trkpt><trkpt lat="44.0834677219" lon="111.1921398807"><ele>1119.53</ele><time>2018-09-22T03:09:39Z</time><extensions><gpxtpx:TrackPointExtension><gpxtpx:depth>0.00</gpxtpx:depth></gpxtpx:TrackPointExtension></extensions></trkpt><trkpt lat="44.0829518158" lon="111.1937457696"><ele>1119.15</ele><time>2018-09-22T03:10:02Z</time><extensions><gpxtpx:TrackPointExtension><gpxtpx:depth>0.00</gpxtpx:depth></gpxtpx:TrackPointExtension></extensions></trkpt><trkpt lat="44.0824806690" lon="111.1951918993"><ele>1120.65</ele><time>2018-09-22T03:10:26Z</time><extensions><gpxtpx:TrackPointExtension><gpxtpx:depth>0.00</gpxtpx:depth></gpxtpx:TrackPointExtension></extensions></trkpt><trkpt lat="44.0820651781" lon="111.1964683793"><ele>1121.98</ele><time>2018-09-22T03:10:50Z</time><extensions><gpxtpx:TrackPointExtension><gpxtpx:depth>0.00</gpxtpx:depth></gpxtpx:TrackPointExtension></extensions></trkpt><trkpt lat="44.0817273036" lon="111.1975151952"><ele>1123.31</ele><time>2018-09-22T03:11:10Z</time><extensions><gpxtpx:TrackPointExtension><gpxtpx:depth>0.00</gpxtpx:depth></gpxtpx:TrackPointExtension></extensions></trkpt><trkpt lat="44.0813884232" lon="111.1985423975"><ele>1124.53</ele><time>2018-09-22T03:11:31Z</time><extensions><gpxtpx:TrackPointExtension><gpxtpx:depth>0.00</gpxtpx:depth></gpxtpx:TrackPointExtension></extensions></trkpt><trkpt lat="44.0809360519" lon="111.1999039538"><ele>1125.94</ele><time>2018-09-22T03:11:57Z</time><extensions><gpxtpx:TrackPointExtension><gpxtpx:depth>0.00</gpxtpx:depth></gpxtpx:TrackPointExtension></extensions></trkpt><trkpt lat="44.0805824194" lon="111.2009661086"><ele>1126.65</ele><time>2018-09-22T03:12:18Z</time><extensions><gpxtpx:TrackPointExtension><gpxtpx:depth>0.00</gpxtpx:depth></gpxtpx:TrackPointExtension></extensions></trkpt><trkpt lat="44.0802241769" lon="111.2021020241"><ele>1127.44</ele><time>2018-09-22T03:12:41Z</time><extensions><gpxtpx:TrackPointExtension><gpxtpx:depth>0.00</gpxtpx:depth></gpxtpx:TrackPointExtension></extensions></trkpt><trkpt lat="44.0799375996" lon="111.2029471714"><ele>1129.30</ele><time>2018-09-22T03:13:01Z</time><extensions><gpxtpx:TrackPointExtension><gpxtpx:depth>0.00</gpxtpx:depth></gpxtpx:TrackPointExtension></extensions></trkpt><trkpt lat="44.0796998888" lon="111.2036591303"><ele>1131.65</ele><time>2018-09-22T03:13:20Z</time><extensions><gpxtpx:TrackPointExtension><gpxtpx:depth>0.00</gpxtpx:depth></gpxtpx:TrackPointExtension></extensions></trkpt><trkpt lat="44.0796008147" lon="111.2039828394"><ele>1132.69</ele><time>2018-09-22T03:13:30Z</time><extensions><gpxtpx:TrackPointExtension><gpxtpx:depth>0.00</gpxtpx:depth></gpxtpx:TrackPointExtension></extensions></trkpt><trkpt lat="44.0795903374" lon="111.2040068954"><ele>1132.85</ele><time>2018-09-22T03:13:31Z</time><extensions><gpxtpx:TrackPointExtension><gpxtpx:depth>0.00</gpxtpx:depth></gpxtpx:TrackPointExtension></extensions></trkpt><trkpt lat="44.0794131439" lon="111.2045310158"><ele>1135.30</ele><time>2018-09-22T03:13:48Z</time><extensions><gpxtpx:TrackPointExtension><gpxtpx:depth>0.00</gpxtpx:depth></gpxtpx:TrackPointExtension></extensions></trkpt><trkpt lat="44.0792005789" lon="111.2052476685"><ele>1137.49</ele><time>2018-09-22T03:14:09Z</time><extensions><gpxtpx:TrackPointExtension><gpxtpx:depth>0.00</gpxtpx:depth></gpxtpx:TrackPointExtension></extensions></trkpt><trkpt lat="44.0790175181" lon="111.2058206555"><ele>1139.73</ele><time>2018-09-22T03:14:26Z</time><extensions><gpxtpx:TrackPointExtension><gpxtpx:depth>0.00</gpxtpx:depth></gpxtpx:TrackPointExtension></extensions></trkpt><trkpt lat="44.0787713416" lon="111.2066383939"><ele>1142.02</ele><time>2018-09-22T03:14:49Z</time><extensions><gpxtpx:TrackPointExtension><gpxtpx:depth>0.00</gpxtpx:depth></gpxtpx:TrackPointExtension></extensions></trkpt><trkpt lat="44.0785800666" lon="111.2073269673"><ele>1144.29</ele><time>2018-09-22T03:15:08Z</time><extensions><gpxtpx:TrackPointExtension><gpxtpx:depth>0.00</gpxtpx:depth></gpxtpx:TrackPointExtension></extensions></trkpt><trkpt lat="44.0783480555" lon="111.2082178798"><ele>1145.05</ele><time>2018-09-22T03:15:32Z</time><extensions><gpxtpx:TrackPointExtension><gpxtpx:depth>0.00</gpxtpx:depth></gpxtpx:TrackPointExtension></extensions></trkpt><trkpt lat="44.0781639051" lon="111.2089481112"><ele>1146.20</ele><time>2018-09-22T03:15:50Z</time><extensions><gpxtpx:TrackPointExtension><gpxtpx:depth>0.00</gpxtpx:depth></gpxtpx:TrackPointExtension></extensions></trkpt><trkpt lat="44.0779494960" lon="111.2099039834"><ele>1146.58</ele><time>2018-09-22T03:16:11Z</time><extensions><gpxtpx:TrackPointExtension><gpxtpx:depth>0.00</gpxtpx:depth></gpxtpx:TrackPointExtension></extensions></trkpt><trkpt lat="44.0777228493" lon="111.2108786311"><ele>1145.86</ele><time>2018-09-22T03:16:31Z</time><extensions><gpxtpx:TrackPointExtension><gpxtpx:depth>0.00</gpxtpx:depth></gpxtpx:TrackPointExtension></extensions></trkpt><trkpt lat="44.0773825441" lon="111.2124291994"><ele>1145.03</ele><time>2018-09-22T03:16:55Z</time><extensions><gpxtpx:TrackPointExtension><gpxtpx:depth>0.00</gpxtpx:depth></gpxtpx:TrackPointExtension></extensions></trkpt><trkpt lat="44.0770154167" lon="111.2140966114"><ele>1143.01</ele><time>2018-09-22T03:17:14Z</time><extensions><gpxtpx:TrackPointExtension><gpxtpx:depth>0.00</gpxtpx:depth></gpxtpx:TrackPointExtension></extensions></trkpt><trkpt lat="44.0765924659" lon="111.2159998063"><ele>1139.93</ele><time>2018-09-22T03:17:32Z</time><extensions><gpxtpx:TrackPointExtension><gpxtpx:depth>0.00</gpxtpx:depth></gpxtpx:TrackPointExtension></extensions></trkpt><trkpt lat="44.0762052219" lon="111.2177382968"><ele>1138.64</ele><time>2018-09-22T03:17:51Z</time><extensions><gpxtpx:TrackPointExtension><gpxtpx:depth>0.00</gpxtpx:depth></gpxtpx:TrackPointExtension></extensions></trkpt><trkpt lat="44.0757881384" lon="111.2196518853"><ele>1138.35</ele><time>2018-09-22T03:18:15Z</time><extensions><gpxtpx:TrackPointExtension><gpxtpx:depth>0.00</gpxtpx:depth></gpxtpx:TrackPointExtension></extensions></trkpt><trkpt lat="44.0753659420" lon="111.2215972412"><ele>1137.80</ele><time>2018-09-22T03:18:40Z</time><extensions><gpxtpx:TrackPointExtension><gpxtpx:depth>0.00</gpxtpx:depth></gpxtpx:TrackPointExtension></extensions></trkpt><trkpt lat="44.0749177616" lon="111.2236420065"><ele>1136.52</ele><time>2018-09-22T03:19:06Z</time><extensions><gpxtpx:TrackPointExtension><gpxtpx:depth>0.00</gpxtpx:depth></gpxtpx:TrackPointExtension></extensions></trkpt><trkpt lat="44.0748320986" lon="111.2240164261"><ele>1136.20</ele><time>2018-09-22T03:19:11Z</time><extensions><gpxtpx:TrackPointExtension><gpxtpx:depth>0.00</gpxtpx:depth></gpxtpx:TrackPointExtension></extensions></trkpt><trkpt lat="44.0748129878" lon="111.2240918633"><ele>1136.19</ele><time>2018-09-22T03:19:12Z</time><extensions><gpxtpx:TrackPointExtension><gpxtpx:depth>0.00</gpxtpx:depth></gpxtpx:TrackPointExtension></extensions></trkpt><trkpt lat="44.0744296834" lon="111.2258125842"><ele>1136.23</ele><time>2018-09-22T03:19:35Z</time><extensions><gpxtpx:TrackPointExtension><gpxtpx:depth>0.00</gpxtpx:depth></gpxtpx:TrackPointExtension></extensions></trkpt><trkpt lat="44.0739424434" lon="111.2276296131"><ele>1136.84</ele><time>2018-09-22T03:20:02Z</time><extensions><gpxtpx:TrackPointExtension><gpxtpx:depth>0.00</gpxtpx:depth></gpxtpx:TrackPointExtension></extensions></trkpt><trkpt lat="44.0733438917" lon="111.2293434609"><ele>1136.79</ele><time>2018-09-22T03:20:27Z</time><extensions><gpxtpx:TrackPointExtension><gpxtpx:depth>0.00</gpxtpx:depth></gpxtpx:TrackPointExtension></extensions></trkpt><trkpt lat="44.0725412406" lon="111.2311980408"><ele>1135.18</ele><time>2018-09-22T03:20:51Z</time><extensions><gpxtpx:TrackPointExtension><gpxtpx:depth>0.00</gpxtpx:depth></gpxtpx:TrackPointExtension></extensions></trkpt><trkpt lat="44.0717860311" lon="111.2328939512"><ele>1132.84</ele><time>2018-09-22T03:21:12Z</time><extensions><gpxtpx:TrackPointExtension><gpxtpx:depth>0.00</gpxtpx:depth></gpxtpx:TrackPointExtension></extensions></trkpt><trkpt lat="44.0712737292" lon="111.2340820022"><ele>1131.81</ele><time>2018-09-22T03:21:26Z</time><extensions><gpxtpx:TrackPointExtension><gpxtpx:depth>0.00</gpxtpx:depth></gpxtpx:TrackPointExtension></extensions></trkpt><trkpt lat="44.0705849044" lon="111.2356571294"><ele>1128.94</ele><time>2018-09-22T03:21:45Z</time><extensions><gpxtpx:TrackPointExtension><gpxtpx:depth>0.00</gpxtpx:depth></gpxtpx:TrackPointExtension></extensions></trkpt><trkpt lat="44.0700960718" lon="111.2371828873"><ele>1127.90</ele><time>2018-09-22T03:22:04Z</time><extensions><gpxtpx:TrackPointExtension><gpxtpx:depth>0.00</gpxtpx:depth></gpxtpx:TrackPointExtension></extensions></trkpt><trkpt lat="44.0699812397" lon="111.2377316505"><ele>1127.75</ele><time>2018-09-22T03:22:14Z</time><extensions><gpxtpx:TrackPointExtension><gpxtpx:depth>0.00</gpxtpx:depth></gpxtpx:TrackPointExtension></extensions></trkpt><trkpt lat="44.0699839219" lon="111.2377260346"><ele>1127.81</ele><time>2018-09-22T03:22:17Z</time><extensions><gpxtpx:TrackPointExtension><gpxtpx:depth>0.00</gpxtpx:depth></gpxtpx:TrackPointExtension></extensions></trkpt><trkpt lat="44.0700137615" lon="111.2377474923"><ele>1128.41</ele><time>2018-09-22T03:22:36Z</time><extensions><gpxtpx:TrackPointExtension><gpxtpx:depth>0.00</gpxtpx:depth></gpxtpx:TrackPointExtension></extensions></trkpt><trkpt lat="44.0700447746" lon="111.2377087679"><ele>1128.41</ele><time>2018-09-22T03:22:38Z</time><extensions><gpxtpx:TrackPointExtension><gpxtpx:depth>0.00</gpxtpx:depth></gpxtpx:TrackPointExtension></extensions></trkpt><trkpt lat="44.0700498875" lon="111.2376711331"><ele>1128.37</ele><time>2018-09-22T03:22:39Z</time><extensions><gpxtpx:TrackPointExtension><gpxtpx:depth>0.00</gpxtpx:depth></gpxtpx:TrackPointExtension></extensions></trkpt><trkpt lat="44.0700556710" lon="111.2376314867"><ele>1128.36</ele><time>2018-09-22T03:22:40Z</time><extensions><gpxtpx:TrackPointExtension><gpxtpx:depth>0.00</gpxtpx:depth></gpxtpx:TrackPointExtension></extensions></trkpt><trkpt lat="44.0700660646" lon="111.2375928462"><ele>1128.35</ele><time>2018-09-22T03:22:41Z</time><extensions><gpxtpx:TrackPointExtension><gpxtpx:depth>0.00</gpxtpx:depth></gpxtpx:TrackPointExtension></extensions></trkpt><trkpt lat="44.0700786375" lon="111.2375508528"><ele>1128.34</ele><time>2018-09-22T03:22:42Z</time><extensions><gpxtpx:TrackPointExtension><gpxtpx:depth>0.00</gpxtpx:depth></gpxtpx:TrackPointExtension></extensions></trkpt><trkpt lat="44.0701415855" lon="111.2372160796"><ele>1128.21</ele><time>2018-09-22T03:22:49Z</time><extensions><gpxtpx:TrackPointExtension><gpxtpx:depth>0.00</gpxtpx:depth></gpxtpx:TrackPointExtension></extensions></trkpt><trkpt lat="44.0701298509" lon="111.2371942028"><ele>1128.20</ele><time>2018-09-22T03:22:50Z</time><extensions><gpxtpx:TrackPointExtension><gpxtpx:depth>0.00</gpxtpx:depth></gpxtpx:TrackPointExtension></extensions></trkpt><trkpt lat="44.0701036155" lon="111.2372332625"><ele>1128.19</ele><time>2018-09-22T03:22:52Z</time><extensions><gpxtpx:TrackPointExtension><gpxtpx:depth>0.00</gpxtpx:depth></gpxtpx:TrackPointExtension></extensions></trkpt><trkpt lat="44.0700943116" lon="111.2372671254"><ele>1128.19</ele><time>2018-09-22T03:22:53Z</time><extensions><gpxtpx:TrackPointExtension><gpxtpx:depth>0.00</gpxtpx:depth></gpxtpx:TrackPointExtension></extensions></trkpt><trkpt lat="44.0700873546" lon="111.2373057660"><ele>1128.11</ele><time>2018-09-22T03:22:54Z</time><extensions><gpxtpx:TrackPointExtension><gpxtpx:depth>0.00</gpxtpx:depth></gpxtpx:TrackPointExtension></extensions></trkpt><trkpt lat="44.0699885320" lon="111.2377572991"><ele>1127.76</ele><time>2018-09-22T03:23:05Z</time><extensions><gpxtpx:TrackPointExtension><gpxtpx:depth>0.00</gpxtpx:depth></gpxtpx:TrackPointExtension></extensions></trkpt><trkpt lat="44.0699890349" lon="111.2377517670"><ele>1127.92</ele><time>2018-09-22T03:23:08Z</time><extensions><gpxtpx:TrackPointExtension><gpxtpx:depth>0.00</gpxtpx:depth></gpxtpx:TrackPointExtension></extensions></trkpt><trkpt lat="44.0699803177" lon="111.2378325686"><ele>1128.89</ele><time>2018-09-22T03:24:11Z</time><extensions><gpxtpx:TrackPointExtension><gpxtpx:depth>0.00</gpxtpx:depth></gpxtpx:TrackPointExtension></extensions></trkpt><trkpt lat="44.0699756239" lon="111.2378624082"><ele>1128.89</ele><time>2018-09-22T03:24:12Z</time><extensions><gpxtpx:TrackPointExtension><gpxtpx:depth>0.00</gpxtpx:depth></gpxtpx:TrackPointExtension></extensions></trkpt><trkpt lat="44.0699327085" lon="111.2384805735"><ele>1128.13</ele><time>2018-09-22T03:24:25Z</time><extensions><gpxtpx:TrackPointExtension><gpxtpx:depth>0.00</gpxtpx:depth></gpxtpx:TrackPointExtension></extensions></trkpt><trkpt lat="44.0698913857" lon="111.2390739284"><ele>1127.91</ele><time>2018-09-22T03:24:36Z</time><extensions><gpxtpx:TrackPointExtension><gpxtpx:depth>0.00</gpxtpx:depth></gpxtpx:TrackPointExtension></extensions></trkpt><trkpt lat="44.0698942356" lon="111.2391334400"><ele>1127.90</ele><time>2018-09-22T03:24:37Z</time><extensions><gpxtpx:TrackPointExtension><gpxtpx:depth>0.00</gpxtpx:depth></gpxtpx:TrackPointExtension></extensions></trkpt><trkpt lat="44.0698932298" lon="111.2391948793"><ele>1127.88</ele><time>2018-09-22T03:24:38Z</time><extensions><gpxtpx:TrackPointExtension><gpxtpx:depth>0.00</gpxtpx:depth></gpxtpx:TrackPointExtension></extensions></trkpt><trkpt lat="44.0698479675" lon="111.2401216663"><ele>1127.06</ele><time>2018-09-22T03:24:52Z</time><extensions><gpxtpx:TrackPointExtension><gpxtpx:depth>0.00</gpxtpx:depth></gpxtpx:TrackPointExtension></extensions></trkpt><trkpt lat="44.0698115062" lon="111.2418951932"><ele>1126.55</ele><time>2018-09-22T03:25:15Z</time><extensions><gpxtpx:TrackPointExtension><gpxtpx:depth>0.00</gpxtpx:depth></gpxtpx:TrackPointExtension></extensions></trkpt><trkpt lat="44.0697184671" lon="111.2435724121"><ele>1126.22</ele><time>2018-09-22T03:25:35Z</time><extensions><gpxtpx:TrackPointExtension><gpxtpx:depth>0.00</gpxtpx:depth></gpxtpx:TrackPointExtension></extensions></trkpt><trkpt lat="44.0693997033" lon="111.2451194599"><ele>1125.18</ele><time>2018-09-22T03:25:54Z</time><extensions><gpxtpx:TrackPointExtension><gpxtpx:depth>0.00</gpxtpx:depth></gpxtpx:TrackPointExtension></extensions></trkpt><trkpt lat="44.0687446576" lon="111.2467618939"><ele>1124.45</ele><time>2018-09-22T03:26:16Z</time><extensions><gpxtpx:TrackPointExtension><gpxtpx:depth>0.00</gpxtpx:depth></gpxtpx:TrackPointExtension></extensions></trkpt><trkpt lat="44.0680489596" lon="111.2482498493"><ele>1123.61</ele><time>2018-09-22T03:26:37Z</time><extensions><gpxtpx:TrackPointExtension><gpxtpx:depth>0.00</gpxtpx:depth></gpxtpx:TrackPointExtension></extensions></trkpt><trkpt lat="44.0675658267" lon="111.2492697593"><ele>1124.04</ele><time>2018-09-22T03:26:55Z</time><extensions><gpxtpx:TrackPointExtension><gpxtpx:depth>0.00</gpxtpx:depth></gpxtpx:TrackPointExtension></extensions></trkpt><trkpt lat="44.0669354238" lon="111.2505837902"><ele>1125.26</ele><time>2018-09-22T03:27:21Z</time><extensions><gpxtpx:TrackPointExtension><gpxtpx:depth>0.00</gpxtpx:depth></gpxtpx:TrackPointExtension></extensions></trkpt><trkpt lat="44.0663860738" lon="111.2517870124"><ele>1126.00</ele><time>2018-09-22T03:27:45Z</time><extensions><gpxtpx:TrackPointExtension><gpxtpx:depth>0.00</gpxtpx:depth></gpxtpx:TrackPointExtension></extensions></trkpt><trkpt lat="44.0659905318" lon="111.2528401986"><ele>1126.50</ele><time>2018-09-22T03:28:05Z</time><extensions><gpxtpx:TrackPointExtension><gpxtpx:depth>0.00</gpxtpx:depth></gpxtpx:TrackPointExtension></extensions></trkpt><trkpt lat="44.0656526573" lon="111.2544347718"><ele>1127.60</ele><time>2018-09-22T03:28:32Z</time><extensions><gpxtpx:TrackPointExtension><gpxtpx:depth>0.00</gpxtpx:depth></gpxtpx:TrackPointExtension></extensions></trkpt><trkpt lat="44.0655666590" lon="111.2557955738"><ele>1127.33</ele><time>2018-09-22T03:28:54Z</time><extensions><gpxtpx:TrackPointExtension><gpxtpx:depth>0.00</gpxtpx:depth></gpxtpx:TrackPointExtension></extensions></trkpt><trkpt lat="44.0655422676" lon="111.2561880145"><ele>1127.02</ele><time>2018-09-22T03:29:05Z</time><extensions><gpxtpx:TrackPointExtension><gpxtpx:depth>0.00</gpxtpx:depth></gpxtpx:TrackPointExtension></extensions></trkpt><trkpt lat="44.0655400883" lon="111.2561852485"><ele>1127.02</ele><time>2018-09-22T03:29:07Z</time><extensions><gpxtpx:TrackPointExtension><gpxtpx:depth>0.00</gpxtpx:depth></gpxtpx:TrackPointExtension></extensions></trkpt><trkpt lat="44.0655680839" lon="111.2562517170"><ele>1127.60</ele><time>2018-09-22T03:30:17Z</time><extensions><gpxtpx:TrackPointExtension><gpxtpx:depth>0.00</gpxtpx:depth></gpxtpx:TrackPointExtension></extensions></trkpt><trkpt lat="44.0655664913" lon="111.2562838197"><ele>1127.56</ele><time>2018-09-22T03:30:18Z</time><extensions><gpxtpx:TrackPointExtension><gpxtpx:depth>0.00</gpxtpx:depth></gpxtpx:TrackPointExtension></extensions></trkpt><trkpt lat="44.0655661561" lon="111.2563207839"><ele>1127.54</ele><time>2018-09-22T03:30:19Z</time><extensions><gpxtpx:TrackPointExtension><gpxtpx:depth>0.00</gpxtpx:depth></gpxtpx:TrackPointExtension></extensions></trkpt><trkpt lat="44.0655211452" lon="111.2572277896"><ele>1126.82</ele><time>2018-09-22T03:30:35Z</time><extensions><gpxtpx:TrackPointExtension><gpxtpx:depth>0.00</gpxtpx:depth></gpxtpx:TrackPointExtension></extensions></trkpt><trkpt lat="44.0654829238" lon="111.2582269125"><ele>1126.68</ele><time>2018-09-22T03:30:50Z</time><extensions><gpxtpx:TrackPointExtension><gpxtpx:depth>0.00</gpxtpx:depth></gpxtpx:TrackPointExtension></extensions></trkpt><trkpt lat="44.0654803254" lon="111.2586683873"><ele>1126.64</ele><time>2018-09-22T03:30:57Z</time><extensions><gpxtpx:TrackPointExtension><gpxtpx:depth>0.00</gpxtpx:depth></gpxtpx:TrackPointExtension></extensions></trkpt><trkpt lat="44.0654757153" lon="111.2587289885"><ele>1126.64</ele><time>2018-09-22T03:30:58Z</time><extensions><gpxtpx:TrackPointExtension><gpxtpx:depth>0.00</gpxtpx:depth></gpxtpx:TrackPointExtension></extensions></trkpt><trkpt lat="44.0654323809" lon="111.2599447835"><ele>1126.30</ele><time>2018-09-22T03:31:16Z</time><extensions><gpxtpx:TrackPointExtension><gpxtpx:depth>0.00</gpxtpx:depth></gpxtpx:TrackPointExtension></extensions></trkpt><trkpt lat="44.0653689299" lon="111.2617182266"><ele>1126.26</ele><time>2018-09-22T03:31:41Z</time><extensions><gpxtpx:TrackPointExtension><gpxtpx:depth>0.00</gpxtpx:depth></gpxtpx:TrackPointExtension></extensions></trkpt><trkpt lat="44.0653309599" lon="111.2632941082"><ele>1126.44</ele><time>2018-09-22T03:32:03Z</time><extensions><gpxtpx:TrackPointExtension><gpxtpx:depth>0.00</gpxtpx:depth></gpxtpx:TrackPointExtension></extensions></trkpt><trkpt lat="44.0653744619" lon="111.2643506471"><ele>1126.27</ele><time>2018-09-22T03:32:17Z</time><extensions><gpxtpx:TrackPointExtension><gpxtpx:depth>0.00</gpxtpx:depth></gpxtpx:TrackPointExtension></extensions></trkpt><trkpt lat="44.0654544253" lon="111.2655994669"><ele>1124.68</ele><time>2018-09-22T03:32:32Z</time><extensions><gpxtpx:TrackPointExtension><gpxtpx:depth>0.00</gpxtpx:depth></gpxtpx:TrackPointExtension></extensions></trkpt><trkpt lat="44.0655872785" lon="111.2675205991"><ele>1123.01</ele><time>2018-09-22T03:32:55Z</time><extensions><gpxtpx:TrackPointExtension><gpxtpx:depth>0.00</gpxtpx:depth></gpxtpx:TrackPointExtension></extensions></trkpt><trkpt lat="44.0656586923" lon="111.2691849098"><ele>1122.82</ele><time>2018-09-22T03:33:17Z</time><extensions><gpxtpx:TrackPointExtension><gpxtpx:depth>0.00</gpxtpx:depth></gpxtpx:TrackPointExtension></extensions></trkpt><trkpt lat="44.0655854344" lon="111.2707836740"><ele>1121.24</ele><time>2018-09-22T03:33:36Z</time><extensions><gpxtpx:TrackPointExtension><gpxtpx:depth>0.00</gpxtpx:depth></gpxtpx:TrackPointExtension></extensions></trkpt><trkpt lat="44.0653431974" lon="111.2725023832"><ele>1118.75</ele><time>2018-09-22T03:33:54Z</time><extensions><gpxtpx:TrackPointExtension><gpxtpx:depth>0.00</gpxtpx:depth></gpxtpx:TrackPointExtension></extensions></trkpt><trkpt lat="44.0652055666" lon="111.2732187845"><ele>1115.82</ele><time>2018-09-22T03:34:01Z</time><extensions><gpxtpx:TrackPointExtension><gpxtpx:depth>0.00</gpxtpx:depth></gpxtpx:TrackPointExtension></extensions></trkpt><trkpt lat="44.0650018863" lon="111.2742862199"><ele>1112.58</ele><time>2018-09-22T03:34:11Z</time><extensions><gpxtpx:TrackPointExtension><gpxtpx:depth>0.00</gpxtpx:depth></gpxtpx:TrackPointExtension></extensions></trkpt><trkpt lat="44.0647581406" lon="111.2755647115"><ele>1109.42</ele><time>2018-09-22T03:34:23Z</time><extensions><gpxtpx:TrackPointExtension><gpxtpx:depth>0.00</gpxtpx:depth></gpxtpx:TrackPointExtension></extensions></trkpt><trkpt lat="44.0643453319" lon="111.2777518854"><ele>1106.81</ele><time>2018-09-22T03:34:45Z</time><extensions><gpxtpx:TrackPointExtension><gpxtpx:depth>0.00</gpxtpx:depth></gpxtpx:TrackPointExtension></extensions></trkpt><trkpt lat="44.0639934596" lon="111.2795824930"><ele>1106.52</ele><time>2018-09-22T03:35:06Z</time><extensions><gpxtpx:TrackPointExtension><gpxtpx:depth>0.00</gpxtpx:depth></gpxtpx:TrackPointExtension></extensions></trkpt><trkpt lat="44.0638112370" lon="111.2805376947"><ele>1108.58</ele><time>2018-09-22T03:35:22Z</time><extensions><gpxtpx:TrackPointExtension><gpxtpx:depth>0.00</gpxtpx:depth></gpxtpx:TrackPointExtension></extensions></trkpt><trkpt lat="44.0636627097" lon="111.2813568581"><ele>1110.84</ele><time>2018-09-22T03:35:40Z</time><extensions><gpxtpx:TrackPointExtension><gpxtpx:depth>0.00</gpxtpx:depth></gpxtpx:TrackPointExtension></extensions></trkpt><trkpt lat="44.0635433514" lon="111.2819857523"><ele>1112.64</ele><time>2018-09-22T03:35:56Z</time><extensions><gpxtpx:TrackPointExtension><gpxtpx:depth>0.00</gpxtpx:depth></gpxtpx:TrackPointExtension></extensions></trkpt><trkpt lat="44.0633980092" lon="111.2827815302"><ele>1114.28</ele><time>2018-09-22T03:36:14Z</time><extensions><gpxtpx:TrackPointExtension><gpxtpx:depth>0.00</gpxtpx:depth></gpxtpx:TrackPointExtension></extensions></trkpt><trkpt lat="44.0632402617" lon="111.2835103367"><ele>1114.85</ele><time>2018-09-22T03:36:30Z</time><extensions><gpxtpx:TrackPointExtension><gpxtpx:depth>0.00</gpxtpx:depth></gpxtpx:TrackPointExtension></extensions></trkpt><trkpt lat="44.0629638266" lon="111.2845444959"><ele>1115.38</ele><time>2018-09-22T03:36:49Z</time><extensions><gpxtpx:TrackPointExtension><gpxtpx:depth>0.00</gpxtpx:depth></gpxtpx:TrackPointExtension></extensions></trkpt><trkpt lat="44.0624882374" lon="111.2857232429"><ele>1115.32</ele><time>2018-09-22T03:37:10Z</time><extensions><gpxtpx:TrackPointExtension><gpxtpx:depth>0.00</gpxtpx:depth></gpxtpx:TrackPointExtension></extensions></trkpt><trkpt lat="44.0619039349" lon="111.2869421393"><ele>1113.78</ele><time>2018-09-22T03:37:29Z</time><extensions><gpxtpx:TrackPointExtension><gpxtpx:depth>0.00</gpxtpx:depth></gpxtpx:TrackPointExtension></extensions></trkpt><trkpt lat="44.0612676647" lon="111.2882145960"><ele>1112.07</ele><time>2018-09-22T03:37:47Z</time><extensions><gpxtpx:TrackPointExtension><gpxtpx:depth>0.00</gpxtpx:depth></gpxtpx:TrackPointExtension></extensions></trkpt><trkpt lat="44.0606914926" lon="111.2894604821"><ele>1109.91</ele><time>2018-09-22T03:38:03Z</time><extensions><gpxtpx:TrackPointExtension><gpxtpx:depth>0.00</gpxtpx:depth></gpxtpx:TrackPointExtension></extensions></trkpt><trkpt lat="44.0602923464" lon="111.2908963021"><ele>1106.78</ele><time>2018-09-22T03:38:19Z</time><extensions><gpxtpx:TrackPointExtension><gpxtpx:depth>0.00</gpxtpx:depth></gpxtpx:TrackPointExtension></extensions></trkpt><trkpt lat="44.0601543803" lon="111.2922631390"><ele>1104.15</ele><time>2018-09-22T03:38:33Z</time><extensions><gpxtpx:TrackPointExtension><gpxtpx:depth>0.00</gpxtpx:depth></gpxtpx:TrackPointExtension></extensions></trkpt><trkpt lat="44.0602076892" lon="111.2936122902"><ele>1101.13</ele><time>2018-09-22T03:38:47Z</time><extensions><gpxtpx:TrackPointExtension><gpxtpx:depth>0.00</gpxtpx:depth></gpxtpx:TrackPointExtension></extensions></trkpt><trkpt lat="44.0603615809" lon="111.2952237111"><ele>1097.86</ele><time>2018-09-22T03:39:03Z</time><extensions><gpxtpx:TrackPointExtension><gpxtpx:depth>0.00</gpxtpx:depth></gpxtpx:TrackPointExtension></extensions></trkpt><trkpt lat="44.0605011396" lon="111.2968070526"><ele>1095.33</ele><time>2018-09-22T03:39:20Z</time><extensions><gpxtpx:TrackPointExtension><gpxtpx:depth>0.00</gpxtpx:depth></gpxtpx:TrackPointExtension></extensions></trkpt><trkpt lat="44.0606316458" lon="111.2983423658"><ele>1092.23</ele><time>2018-09-22T03:39:36Z</time><extensions><gpxtpx:TrackPointExtension><gpxtpx:depth>0.00</gpxtpx:depth></gpxtpx:TrackPointExtension></extensions></trkpt><trkpt lat="44.0607711207" lon="111.2999998871"><ele>1089.05</ele><time>2018-09-22T03:39:53Z</time><extensions><gpxtpx:TrackPointExtension><gpxtpx:depth>0.00</gpxtpx:depth></gpxtpx:TrackPointExtension></extensions></trkpt><trkpt lat="44.0608580410" lon="111.3019273058"><ele>1086.06</ele><time>2018-09-22T03:40:12Z</time><extensions><gpxtpx:TrackPointExtension><gpxtpx:depth>0.00</gpxtpx:depth></gpxtpx:TrackPointExtension></extensions></trkpt><trkpt lat="44.0607038978" lon="111.3035256509"><ele>1082.96</ele><time>2018-09-22T03:40:28Z</time><extensions><gpxtpx:TrackPointExtension><gpxtpx:depth>0.00</gpxtpx:depth></gpxtpx:TrackPointExtension></extensions></trkpt><trkpt lat="44.0603107028" lon="111.3050864451"><ele>1081.34</ele><time>2018-09-22T03:40:46Z</time><extensions><gpxtpx:TrackPointExtension><gpxtpx:depth>0.00</gpxtpx:depth></gpxtpx:TrackPointExtension></extensions></trkpt><trkpt lat="44.0600074455" lon="111.3060502801"><ele>1081.12</ele><time>2018-09-22T03:40:58Z</time><extensions><gpxtpx:TrackPointExtension><gpxtpx:depth>0.00</gpxtpx:depth></gpxtpx:TrackPointExtension></extensions></trkpt><trkpt lat="44.0599784441" lon="111.3061291538"><ele>1081.12</ele><time>2018-09-22T03:40:59Z</time><extensions><gpxtpx:TrackPointExtension><gpxtpx:depth>0.00</gpxtpx:depth></gpxtpx:TrackPointExtension></extensions></trkpt><trkpt lat="44.0594246518" lon="111.3078365475"><ele>1079.87</ele><time>2018-09-22T03:41:19Z</time><extensions><gpxtpx:TrackPointExtension><gpxtpx:depth>0.00</gpxtpx:depth></gpxtpx:TrackPointExtension></extensions></trkpt><trkpt lat="44.0588943288" lon="111.3094763830"><ele>1076.80</ele><time>2018-09-22T03:41:36Z</time><extensions><gpxtpx:TrackPointExtension><gpxtpx:depth>0.00</gpxtpx:depth></gpxtpx:TrackPointExtension></extensions></trkpt><trkpt lat="44.0584054124" lon="111.3110117801"><ele>1073.66</ele><time>2018-09-22T03:41:52Z</time><extensions><gpxtpx:TrackPointExtension><gpxtpx:depth>0.00</gpxtpx:depth></gpxtpx:TrackPointExtension></extensions></trkpt><trkpt lat="44.0579747502" lon="111.3123082090"><ele>1073.49</ele><time>2018-09-22T03:42:08Z</time><extensions><gpxtpx:TrackPointExtension><gpxtpx:depth>0.00</gpxtpx:depth></gpxtpx:TrackPointExtension></extensions></trkpt><trkpt lat="44.0574880131" lon="111.3138250820"><ele>1074.08</ele><time>2018-09-22T03:42:29Z</time><extensions><gpxtpx:TrackPointExtension><gpxtpx:depth>0.00</gpxtpx:depth></gpxtpx:TrackPointExtension></extensions></trkpt><trkpt lat="44.0570400842" lon="111.3152977824"><ele>1075.80</ele><time>2018-09-22T03:42:51Z</time><extensions><gpxtpx:TrackPointExtension><gpxtpx:depth>0.00</gpxtpx:depth></gpxtpx:TrackPointExtension></extensions></trkpt><trkpt lat="44.0565452166" lon="111.3171045855"><ele>1076.32</ele><time>2018-09-22T03:43:18Z</time><extensions><gpxtpx:TrackPointExtension><gpxtpx:depth>0.00</gpxtpx:depth></gpxtpx:TrackPointExtension></extensions></trkpt><trkpt lat="44.0561333299" lon="111.3188046031"><ele>1076.79</ele><time>2018-09-22T03:43:44Z</time><extensions><gpxtpx:TrackPointExtension><gpxtpx:depth>0.00</gpxtpx:depth></gpxtpx:TrackPointExtension></extensions></trkpt><trkpt lat="44.0559058450" lon="111.3198264409"><ele>1076.11</ele><time>2018-09-22T03:44:01Z</time><extensions><gpxtpx:TrackPointExtension><gpxtpx:depth>0.00</gpxtpx:depth></gpxtpx:TrackPointExtension></extensions></trkpt><trkpt lat="44.0555820521" lon="111.3214327488"><ele>1075.20</ele><time>2018-09-22T03:44:21Z</time><extensions><gpxtpx:TrackPointExtension><gpxtpx:depth>0.00</gpxtpx:depth></gpxtpx:TrackPointExtension></extensions></trkpt><trkpt lat="44.0552627854" lon="111.3233245444"><ele>1073.14</ele><time>2018-09-22T03:44:43Z</time><extensions><gpxtpx:TrackPointExtension><gpxtpx:depth>0.00</gpxtpx:depth></gpxtpx:TrackPointExtension></extensions></trkpt><trkpt lat="44.0550321154" lon="111.3249274157"><ele>1072.46</ele><time>2018-09-22T03:45:04Z</time><extensions><gpxtpx:TrackPointExtension><gpxtpx:depth>0.00</gpxtpx:depth></gpxtpx:TrackPointExtension></extensions></trkpt><trkpt lat="44.0548659023" lon="111.3262877986"><ele>1072.74</ele><time>2018-09-22T03:45:24Z</time><extensions><gpxtpx:TrackPointExtension><gpxtpx:depth>0.00</gpxtpx:depth></gpxtpx:TrackPointExtension></extensions></trkpt><trkpt lat="44.0546661615" lon="111.3281153888"><ele>1072.46</ele><time>2018-09-22T03:45:48Z</time><extensions><gpxtpx:TrackPointExtension><gpxtpx:depth>0.00</gpxtpx:depth></gpxtpx:TrackPointExtension></extensions></trkpt><trkpt lat="44.0545084979" lon="111.3299679570"><ele>1070.39</ele><time>2018-09-22T03:46:10Z</time><extensions><gpxtpx:TrackPointExtension><gpxtpx:depth>0.00</gpxtpx:depth></gpxtpx:TrackPointExtension></extensions></trkpt><trkpt lat="44.0543976892" lon="111.3316510431"><ele>1067.20</ele><time>2018-09-22T03:46:28Z</time><extensions><gpxtpx:TrackPointExtension><gpxtpx:depth>0.00</gpxtpx:depth></gpxtpx:TrackPointExtension></extensions></trkpt><trkpt lat="44.0543224197" lon="111.3327770680"><ele>1064.02</ele><time>2018-09-22T03:46:40Z</time><extensions><gpxtpx:TrackPointExtension><gpxtpx:depth>0.00</gpxtpx:depth></gpxtpx:TrackPointExtension></extensions></trkpt><trkpt lat="44.0542140417" lon="111.3338841498"><ele>1060.85</ele><time>2018-09-22T03:46:52Z</time><extensions><gpxtpx:TrackPointExtension><gpxtpx:depth>0.00</gpxtpx:depth></gpxtpx:TrackPointExtension></extensions></trkpt><trkpt lat="44.0539832879" lon="111.3351105899"><ele>1057.63</ele><time>2018-09-22T03:47:05Z</time><extensions><gpxtpx:TrackPointExtension><gpxtpx:depth>0.00</gpxtpx:depth></gpxtpx:TrackPointExtension></extensions></trkpt><trkpt lat="44.0535555594" lon="111.3363857288"><ele>1053.94</ele><time>2018-09-22T03:47:19Z</time><extensions><gpxtpx:TrackPointExtension><gpxtpx:depth>0.00</gpxtpx:depth></gpxtpx:TrackPointExtension></extensions></trkpt><trkpt lat="44.0534805413" lon="111.3365582284"><ele>1053.28</ele><time>2018-09-22T03:47:21Z</time><extensions><gpxtpx:TrackPointExtension><gpxtpx:depth>0.00</gpxtpx:depth></gpxtpx:TrackPointExtension></extensions></trkpt><trkpt lat="44.0530551597" lon="111.3374151103"><ele>1050.18</ele><time>2018-09-22T03:47:31Z</time><extensions><gpxtpx:TrackPointExtension><gpxtpx:depth>0.00</gpxtpx:depth></gpxtpx:TrackPointExtension></extensions></trkpt><trkpt lat="44.0525131859" lon="111.3384442404"><ele>1046.88</ele><time>2018-09-22T03:47:43Z</time><extensions><gpxtpx:TrackPointExtension><gpxtpx:depth>0.00</gpxtpx:depth></gpxtpx:TrackPointExtension></extensions></trkpt><trkpt lat="44.0519760735" lon="111.3394550979"><ele>1043.86</ele><time>2018-09-22T03:47:55Z</time><extensions><gpxtpx:TrackPointExtension><gpxtpx:depth>0.00</gpxtpx:depth></gpxtpx:TrackPointExtension></extensions></trkpt><trkpt lat="44.0514421463" lon="111.3404752593"><ele>1040.57</ele><time>2018-09-22T03:48:07Z</time><extensions><gpxtpx:TrackPointExtension><gpxtpx:depth>0.00</gpxtpx:depth></gpxtpx:TrackPointExtension></extensions></trkpt><trkpt lat="44.0504641458" lon="111.3423507940"><ele>1038.86</ele><time>2018-09-22T03:48:30Z</time><extensions><gpxtpx:TrackPointExtension><gpxtpx:depth>0.00</gpxtpx:depth></gpxtpx:TrackPointExtension></extensions></trkpt><trkpt lat="44.0495355986" lon="111.3440956548"><ele>1036.99</ele><time>2018-09-22T03:48:52Z</time><extensions><gpxtpx:TrackPointExtension><gpxtpx:depth>0.00</gpxtpx:depth></gpxtpx:TrackPointExtension></extensions></trkpt><trkpt lat="44.0488740988" lon="111.3453502581"><ele>1035.66</ele><time>2018-09-22T03:49:08Z</time><extensions><gpxtpx:TrackPointExtension><gpxtpx:depth>0.00</gpxtpx:depth></gpxtpx:TrackPointExtension></extensions></trkpt><trkpt lat="44.0480177198" lon="111.3469673786"><ele>1034.33</ele><time>2018-09-22T03:49:29Z</time><extensions><gpxtpx:TrackPointExtension><gpxtpx:depth>0.00</gpxtpx:depth></gpxtpx:TrackPointExtension></extensions></trkpt><trkpt lat="44.0471885819" lon="111.3485517260"><ele>1033.75</ele><time>2018-09-22T03:49:51Z</time><extensions><gpxtpx:TrackPointExtension><gpxtpx:depth>0.00</gpxtpx:depth></gpxtpx:TrackPointExtension></extensions></trkpt><trkpt lat="44.0466853324" lon="111.3495001383"><ele>1033.27</ele><time>2018-09-22T03:50:05Z</time><extensions><gpxtpx:TrackPointExtension><gpxtpx:depth>0.00</gpxtpx:depth></gpxtpx:TrackPointExtension></extensions></trkpt><trkpt lat="44.0458746348" lon="111.3511666283"><ele>1033.02</ele><time>2018-09-22T03:50:29Z</time><extensions><gpxtpx:TrackPointExtension><gpxtpx:depth>0.00</gpxtpx:depth></gpxtpx:TrackPointExtension></extensions></trkpt><trkpt lat="44.0453075990" lon="111.3527912926"><ele>1032.87</ele><time>2018-09-22T03:50:52Z</time><extensions><gpxtpx:TrackPointExtension><gpxtpx:depth>0.00</gpxtpx:depth></gpxtpx:TrackPointExtension></extensions></trkpt><trkpt lat="44.0450052638" lon="111.3540693652"><ele>1033.43</ele><time>2018-09-22T03:51:12Z</time><extensions><gpxtpx:TrackPointExtension><gpxtpx:depth>0.00</gpxtpx:depth></gpxtpx:TrackPointExtension></extensions></trkpt><trkpt lat="44.0447772760" lon="111.3551793806"><ele>1035.82</ele><time>2018-09-22T03:51:31Z</time><extensions><gpxtpx:TrackPointExtension><gpxtpx:depth>0.00</gpxtpx:depth></gpxtpx:TrackPointExtension></extensions></trkpt><trkpt lat="44.0446292516" lon="111.3559381105"><ele>1037.59</ele><time>2018-09-22T03:51:48Z</time><extensions><gpxtpx:TrackPointExtension><gpxtpx:depth>0.00</gpxtpx:depth></gpxtpx:TrackPointExtension></extensions></trkpt><trkpt lat="44.0444782935" lon="111.3566276059"><ele>1039.82</ele><time>2018-09-22T03:52:05Z</time><extensions><gpxtpx:TrackPointExtension><gpxtpx:depth>0.00</gpxtpx:depth></gpxtpx:TrackPointExtension></extensions></trkpt><trkpt lat="44.0442935564" lon="111.3575186022"><ele>1042.15</ele><time>2018-09-22T03:52:27Z</time><extensions><gpxtpx:TrackPointExtension><gpxtpx:depth>0.00</gpxtpx:depth></gpxtpx:TrackPointExtension></extensions></trkpt><trkpt lat="44.0441259183" lon="111.3583277911"><ele>1044.31</ele><time>2018-09-22T03:52:47Z</time><extensions><gpxtpx:TrackPointExtension><gpxtpx:depth>0.00</gpxtpx:depth></gpxtpx:TrackPointExtension></extensions></trkpt><trkpt lat="44.0439612977" lon="111.3590951543"><ele>1046.12</ele><time>2018-09-22T03:53:06Z</time><extensions><gpxtpx:TrackPointExtension><gpxtpx:depth>0.00</gpxtpx:depth></gpxtpx:TrackPointExtension></extensions></trkpt><trkpt lat="44.0437736269" lon="111.3599890843"><ele>1047.71</ele><time>2018-09-22T03:53:27Z</time><extensions><gpxtpx:TrackPointExtension><gpxtpx:depth>0.00</gpxtpx:depth></gpxtpx:TrackPointExtension></extensions></trkpt><trkpt lat="44.0435334854" lon="111.3611546718"><ele>1048.98</ele><time>2018-09-22T03:53:52Z</time><extensions><gpxtpx:TrackPointExtension><gpxtpx:depth>0.00</gpxtpx:depth></gpxtpx:TrackPointExtension></extensions></trkpt><trkpt lat="44.0433871374" lon="111.3618217036"><ele>1049.04</ele><time>2018-09-22T03:54:08Z</time><extensions><gpxtpx:TrackPointExtension><gpxtpx:depth>0.00</gpxtpx:depth></gpxtpx:TrackPointExtension></extensions></trkpt><trkpt lat="44.0432130452" lon="111.3625843730"><ele>1048.66</ele><time>2018-09-22T03:54:24Z</time><extensions><gpxtpx:TrackPointExtension><gpxtpx:depth>0.00</gpxtpx:depth></gpxtpx:TrackPointExtension></extensions></trkpt><trkpt lat="44.0429227799" lon="111.3637748547"><ele>1047.84</ele><time>2018-09-22T03:54:44Z</time><extensions><gpxtpx:TrackPointExtension><gpxtpx:depth>0.00</gpxtpx:depth></gpxtpx:TrackPointExtension></extensions></trkpt><trkpt lat="44.0428054333" lon="111.3641646970"><ele>1046.42</ele><time>2018-09-22T03:54:55Z</time><extensions><gpxtpx:TrackPointExtension><gpxtpx:depth>0.00</gpxtpx:depth></gpxtpx:TrackPointExtension></extensions></trkpt><trkpt lat="44.0428035054" lon="111.3641618472"><ele>1046.41</ele><time>2018-09-22T03:54:57Z</time><extensions><gpxtpx:TrackPointExtension><gpxtpx:depth>0.00</gpxtpx:depth></gpxtpx:TrackPointExtension></extensions></trkpt><trkpt lat="44.0427899268" lon="111.3642709795"><ele>1046.55</ele><time>2018-09-22T03:56:49Z</time><extensions><gpxtpx:TrackPointExtension><gpxtpx:depth>0.00</gpxtpx:depth></gpxtpx:TrackPointExtension></extensions></trkpt><trkpt lat="44.0427809581" lon="111.3643021602"><ele>1046.55</ele><time>2018-09-22T03:56:50Z</time><extensions><gpxtpx:TrackPointExtension><gpxtpx:depth>0.00</gpxtpx:depth></gpxtpx:TrackPointExtension></extensions></trkpt><trkpt lat="44.0427700616" lon="111.3643401302"><ele>1046.47</ele><time>2018-09-22T03:56:51Z</time><extensions><gpxtpx:TrackPointExtension><gpxtpx:depth>0.00</gpxtpx:depth></gpxtpx:TrackPointExtension></extensions></trkpt><trkpt lat="44.0425569098" lon="111.3651414402"><ele>1044.67</ele><time>2018-09-22T03:57:04Z</time><extensions><gpxtpx:TrackPointExtension><gpxtpx:depth>0.00</gpxtpx:depth></gpxtpx:TrackPointExtension></extensions></trkpt><trkpt lat="44.0422041994" lon="111.3664119691"><ele>1041.47</ele><time>2018-09-22T03:57:18Z</time><extensions><gpxtpx:TrackPointExtension><gpxtpx:depth>0.00</gpxtpx:depth></gpxtpx:TrackPointExtension></extensions></trkpt><trkpt lat="44.0416767262" lon="111.3683769386"><ele>1038.96</ele><time>2018-09-22T03:57:39Z</time><extensions><gpxtpx:TrackPointExtension><gpxtpx:depth>0.00</gpxtpx:depth></gpxtpx:TrackPointExtension></extensions></trkpt><trkpt lat="44.0412476566" lon="111.3699020259"><ele>1038.81</ele><time>2018-09-22T03:57:58Z</time><extensions><gpxtpx:TrackPointExtension><gpxtpx:depth>0.00</gpxtpx:depth></gpxtpx:TrackPointExtension></extensions></trkpt><trkpt lat="44.0409275517" lon="111.3711482473"><ele>1040.24</ele><time>2018-09-22T03:58:18Z</time><extensions><gpxtpx:TrackPointExtension><gpxtpx:depth>0.00</gpxtpx:depth></gpxtpx:TrackPointExtension></extensions></trkpt><trkpt lat="44.0405574907" lon="111.3725018408"><ele>1041.53</ele><time>2018-09-22T03:58:42Z</time><extensions><gpxtpx:TrackPointExtension><gpxtpx:depth>0.00</gpxtpx:depth></gpxtpx:TrackPointExtension></extensions></trkpt><trkpt lat="44.0402290877" lon="111.3737125229"><ele>1042.44</ele><time>2018-09-22T03:59:04Z</time><extensions><gpxtpx:TrackPointExtension><gpxtpx:depth>0.00</gpxtpx:depth></gpxtpx:TrackPointExtension></extensions></trkpt><trkpt lat="44.0398996789" lon="111.3749108836"><ele>1043.55</ele><time>2018-09-22T03:59:28Z</time><extensions><gpxtpx:TrackPointExtension><gpxtpx:depth>0.00</gpxtpx:depth></gpxtpx:TrackPointExtension></extensions></trkpt><trkpt lat="44.0396386664" lon="111.3758453820"><ele>1044.71</ele><time>2018-09-22T03:59:47Z</time><extensions><gpxtpx:TrackPointExtension><gpxtpx:depth>0.00</gpxtpx:depth></gpxtpx:TrackPointExtension></extensions></trkpt><trkpt lat="44.0394147858" lon="111.3766504638"><ele>1045.63</ele><time>2018-09-22T04:00:07Z</time><extensions><gpxtpx:TrackPointExtension><gpxtpx:depth>0.00</gpxtpx:depth></gpxtpx:TrackPointExtension></extensions></trkpt><trkpt lat="44.0392096806" lon="111.3773895800"><ele>1046.67</ele><time>2018-09-22T04:00:26Z</time><extensions><gpxtpx:TrackPointExtension><gpxtpx:depth>0.00</gpxtpx:depth></gpxtpx:TrackPointExtension></extensions></trkpt><trkpt lat="44.0389157273" lon="111.3784527406"><ele>1047.98</ele><time>2018-09-22T04:00:51Z</time><extensions><gpxtpx:TrackPointExtension><gpxtpx:depth>0.00</gpxtpx:depth></gpxtpx:TrackPointExtension></extensions></trkpt><trkpt lat="44.0388733987" lon="111.3786009327"><ele>1048.49</ele><time>2018-09-22T04:01:00Z</time><extensions><gpxtpx:TrackPointExtension><gpxtpx:depth>0.00</gpxtpx:depth></gpxtpx:TrackPointExtension></extensions></trkpt><trkpt lat="44.0388830379" lon="111.3786529843"><ele>1050.02</ele><time>2018-09-22T04:02:18Z</time><extensions><gpxtpx:TrackPointExtension><gpxtpx:depth>0.00</gpxtpx:depth></gpxtpx:TrackPointExtension></extensions></trkpt><trkpt lat="44.0388776734" lon="111.3786756154"><ele>1049.99</ele><time>2018-09-22T04:02:19Z</time><extensions><gpxtpx:TrackPointExtension><gpxtpx:depth>0.00</gpxtpx:depth></gpxtpx:TrackPointExtension></extensions></trkpt><trkpt lat="44.0387239493" lon="111.3792182598"><ele>1049.66</ele><time>2018-09-22T04:02:33Z</time><extensions><gpxtpx:TrackPointExtension><gpxtpx:depth>0.00</gpxtpx:depth></gpxtpx:TrackPointExtension></extensions></trkpt><trkpt lat="44.0384290740" lon="111.3802825101"><ele>1051.19</ele><time>2018-09-22T04:02:55Z</time><extensions><gpxtpx:TrackPointExtension><gpxtpx:depth>0.00</gpxtpx:depth></gpxtpx:TrackPointExtension></extensions></trkpt><trkpt lat="44.0384139866" lon="111.3803327177"><ele>1051.51</ele><time>2018-09-22T04:03:01Z</time><extensions><gpxtpx:TrackPointExtension><gpxtpx:depth>0.00</gpxtpx:depth></gpxtpx:TrackPointExtension></extensions></trkpt><trkpt lat="44.0384013299" lon="111.3803937379"><ele>1052.66</ele><time>2018-09-22T04:03:24Z</time><extensions><gpxtpx:TrackPointExtension><gpxtpx:depth>0.00</gpxtpx:depth></gpxtpx:TrackPointExtension></extensions></trkpt><trkpt lat="44.0382211190" lon="111.3810514659"><ele>1052.67</ele><time>2018-09-22T04:03:42Z</time><extensions><gpxtpx:TrackPointExtension><gpxtpx:depth>0.00</gpxtpx:depth></gpxtpx:TrackPointExtension></extensions></trkpt><trkpt lat="44.0380123258" lon="111.3817898277"><ele>1053.60</ele><time>2018-09-22T04:04:00Z</time><extensions><gpxtpx:TrackPointExtension><gpxtpx:depth>0.00</gpxtpx:depth></gpxtpx:TrackPointExtension></extensions></trkpt><trkpt lat="44.0377235692" lon="111.3828388229"><ele>1054.90</ele><time>2018-09-22T04:04:24Z</time><extensions><gpxtpx:TrackPointExtension><gpxtpx:depth>0.00</gpxtpx:depth></gpxtpx:TrackPointExtension></extensions></trkpt><trkpt lat="44.0373832639" lon="111.3840736449"><ele>1057.10</ele><time>2018-09-22T04:04:50Z</time><extensions><gpxtpx:TrackPointExtension><gpxtpx:depth>0.00</gpxtpx:depth></gpxtpx:TrackPointExtension></extensions></trkpt><trkpt lat="44.0370153822" lon="111.3852078840"><ele>1058.70</ele><time>2018-09-22T04:05:14Z</time><extensions><gpxtpx:TrackPointExtension><gpxtpx:depth>0.00</gpxtpx:depth></gpxtpx:TrackPointExtension></extensions></trkpt><trkpt lat="44.0366231091" lon="111.3861780893"><ele>1060.38</ele><time>2018-09-22T04:05:35Z</time><extensions><gpxtpx:TrackPointExtension><gpxtpx:depth>0.00</gpxtpx:depth></gpxtpx:TrackPointExtension></extensions></trkpt><trkpt lat="44.0361858252" lon="111.3870770484"><ele>1060.89</ele><time>2018-09-22T04:05:55Z</time><extensions><gpxtpx:TrackPointExtension><gpxtpx:depth>0.00</gpxtpx:depth></gpxtpx:TrackPointExtension></extensions></trkpt><trkpt lat="44.0356770437" lon="111.3879659493"><ele>1061.73</ele><time>2018-09-22T04:06:15Z</time><extensions><gpxtpx:TrackPointExtension><gpxtpx:depth>0.00</gpxtpx:depth></gpxtpx:TrackPointExtension></extensions></trkpt><trkpt lat="44.0349953435" lon="111.3891147729"><ele>1062.17</ele><time>2018-09-22T04:06:40Z</time><extensions><gpxtpx:TrackPointExtension><gpxtpx:depth>0.00</gpxtpx:depth></gpxtpx:TrackPointExtension></extensions></trkpt><trkpt lat="44.0341139864" lon="111.3906182349"><ele>1062.62</ele><time>2018-09-22T04:07:12Z</time><extensions><gpxtpx:TrackPointExtension><gpxtpx:depth>0.00</gpxtpx:depth></gpxtpx:TrackPointExtension></extensions></trkpt><trkpt lat="44.0336541552" lon="111.3914192095"><ele>1063.19</ele><time>2018-09-22T04:07:30Z</time><extensions><gpxtpx:TrackPointExtension><gpxtpx:depth>0.00</gpxtpx:depth></gpxtpx:TrackPointExtension></extensions></trkpt><trkpt lat="44.0331265144" lon="111.3924770895"><ele>1064.10</ele><time>2018-09-22T04:07:52Z</time><extensions><gpxtpx:TrackPointExtension><gpxtpx:depth>0.00</gpxtpx:depth></gpxtpx:TrackPointExtension></extensions></trkpt><trkpt lat="44.0326356702" lon="111.3937430922"><ele>1063.48</ele><time>2018-09-22T04:08:14Z</time><extensions><gpxtpx:TrackPointExtension><gpxtpx:depth>0.00</gpxtpx:depth></gpxtpx:TrackPointExtension></extensions></trkpt><trkpt lat="44.0322407987" lon="111.3950773235"><ele>1063.07</ele><time>2018-09-22T04:08:34Z</time><extensions><gpxtpx:TrackPointExtension><gpxtpx:depth>0.00</gpxtpx:depth></gpxtpx:TrackPointExtension></extensions></trkpt><trkpt lat="44.0318557341" lon="111.3963921927"><ele>1062.08</ele><time>2018-09-22T04:08:53Z</time><extensions><gpxtpx:TrackPointExtension><gpxtpx:depth>0.00</gpxtpx:depth></gpxtpx:TrackPointExtension></extensions></trkpt><trkpt lat="44.0316279978" lon="111.3971909881"><ele>1061.26</ele><time>2018-09-22T04:09:08Z</time><extensions><gpxtpx:TrackPointExtension><gpxtpx:depth>0.00</gpxtpx:depth></gpxtpx:TrackPointExtension></extensions></trkpt><trkpt lat="44.0316279139" lon="111.3971867971"><ele>1061.23</ele><time>2018-09-22T04:09:11Z</time><extensions><gpxtpx:TrackPointExtension><gpxtpx:depth>0.00</gpxtpx:depth></gpxtpx:TrackPointExtension></extensions></trkpt><trkpt lat="44.0316157602" lon="111.3972316403"><ele>1061.52</ele><time>2018-09-22T04:09:56Z</time><extensions><gpxtpx:TrackPointExtension><gpxtpx:depth>0.00</gpxtpx:depth></gpxtpx:TrackPointExtension></extensions></trkpt><trkpt lat="44.0316115692" lon="111.3972587977"><ele>1061.51</ele><time>2018-09-22T04:09:57Z</time><extensions><gpxtpx:TrackPointExtension><gpxtpx:depth>0.00</gpxtpx:depth></gpxtpx:TrackPointExtension></extensions></trkpt><trkpt lat="44.0316048637" lon="111.3972922415"><ele>1061.50</ele><time>2018-09-22T04:09:58Z</time><extensions><gpxtpx:TrackPointExtension><gpxtpx:depth>0.00</gpxtpx:depth></gpxtpx:TrackPointExtension></extensions></trkpt><trkpt lat="44.0313674044" lon="111.3981299289"><ele>1060.03</ele><time>2018-09-22T04:10:15Z</time><extensions><gpxtpx:TrackPointExtension><gpxtpx:depth>0.00</gpxtpx:depth></gpxtpx:TrackPointExtension></extensions></trkpt><trkpt lat="44.0313514788" lon="111.3981902786"><ele>1059.98</ele><time>2018-09-22T04:10:16Z</time><extensions><gpxtpx:TrackPointExtension><gpxtpx:depth>0.00</gpxtpx:depth></gpxtpx:TrackPointExtension></extensions></trkpt><trkpt lat="44.0313104074" lon="111.3983703218"><ele>1059.83</ele><time>2018-09-22T04:10:19Z</time><extensions><gpxtpx:TrackPointExtension><gpxtpx:depth>0.00</gpxtpx:depth></gpxtpx:TrackPointExtension></extensions></trkpt><trkpt lat="44.0309483092" lon="111.3995976001"><ele>1058.74</ele><time>2018-09-22T04:10:37Z</time><extensions><gpxtpx:TrackPointExtension><gpxtpx:depth>0.00</gpxtpx:depth></gpxtpx:TrackPointExtension></extensions></trkpt><trkpt lat="44.0305566229" lon="111.4009930193"><ele>1058.40</ele><time>2018-09-22T04:10:57Z</time><extensions><gpxtpx:TrackPointExtension><gpxtpx:depth>0.00</gpxtpx:depth></gpxtpx:TrackPointExtension></extensions></trkpt><trkpt lat="44.0300831292" lon="111.4026652090"><ele>1059.22</ele><time>2018-09-22T04:11:23Z</time><extensions><gpxtpx:TrackPointExtension><gpxtpx:depth>0.00</gpxtpx:depth></gpxtpx:TrackPointExtension></extensions></trkpt><trkpt lat="44.0296723321" lon="111.4040796552"><ele>1059.51</ele><time>2018-09-22T04:11:46Z</time><extensions><gpxtpx:TrackPointExtension><gpxtpx:depth>0.00</gpxtpx:depth></gpxtpx:TrackPointExtension></extensions></trkpt><trkpt lat="44.0291575156" lon="111.4058786631"><ele>1060.19</ele><time>2018-09-22T04:12:15Z</time><extensions><gpxtpx:TrackPointExtension><gpxtpx:depth>0.00</gpxtpx:depth></gpxtpx:TrackPointExtension></extensions></trkpt><trkpt lat="44.0287504066" lon="111.4072990604"><ele>1060.51</ele><time>2018-09-22T04:12:38Z</time><extensions><gpxtpx:TrackPointExtension><gpxtpx:depth>0.00</gpxtpx:depth></gpxtpx:TrackPointExtension></extensions></trkpt><trkpt lat="44.0282531083" lon="111.4089684002"><ele>1062.00</ele><time>2018-09-22T04:13:05Z</time><extensions><gpxtpx:TrackPointExtension><gpxtpx:depth>0.00</gpxtpx:depth></gpxtpx:TrackPointExtension></extensions></trkpt><trkpt lat="44.0277843084" lon="111.4104796574"><ele>1062.06</ele><time>2018-09-22T04:13:30Z</time><extensions><gpxtpx:TrackPointExtension><gpxtpx:depth>0.00</gpxtpx:depth></gpxtpx:TrackPointExtension></extensions></trkpt><trkpt lat="44.0273648780" lon="111.4118419681"><ele>1062.57</ele><time>2018-09-22T04:13:52Z</time><extensions><gpxtpx:TrackPointExtension><gpxtpx:depth>0.00</gpxtpx:depth></gpxtpx:TrackPointExtension></extensions></trkpt><trkpt lat="44.0268879477" lon="111.4133860823"><ele>1062.40</ele><time>2018-09-22T04:14:13Z</time><extensions><gpxtpx:TrackPointExtension><gpxtpx:depth>0.00</gpxtpx:depth></gpxtpx:TrackPointExtension></extensions></trkpt><trkpt lat="44.0263467282" lon="111.4151425101"><ele>1060.76</ele><time>2018-09-22T04:14:35Z</time><extensions><gpxtpx:TrackPointExtension><gpxtpx:depth>0.00</gpxtpx:depth></gpxtpx:TrackPointExtension></extensions></trkpt><trkpt lat="44.0260566305" lon="111.4161653537"><ele>1060.05</ele><time>2018-09-22T04:14:47Z</time><extensions><gpxtpx:TrackPointExtension><gpxtpx:depth>0.00</gpxtpx:depth></gpxtpx:TrackPointExtension></extensions></trkpt><trkpt lat="44.0260259528" lon="111.4162480831"><ele>1060.04</ele><time>2018-09-22T04:14:48Z</time><extensions><gpxtpx:TrackPointExtension><gpxtpx:depth>0.00</gpxtpx:depth></gpxtpx:TrackPointExtension></extensions></trkpt><trkpt lat="44.0259616636" lon="111.4164123684"><ele>1059.97</ele><time>2018-09-22T04:14:50Z</time><extensions><gpxtpx:TrackPointExtension><gpxtpx:depth>0.00</gpxtpx:depth></gpxtpx:TrackPointExtension></extensions></trkpt><trkpt lat="44.0254622698" lon="111.4180164970"><ele>1058.94</ele><time>2018-09-22T04:15:09Z</time><extensions><gpxtpx:TrackPointExtension><gpxtpx:depth>0.00</gpxtpx:depth></gpxtpx:TrackPointExtension></extensions></trkpt><trkpt lat="44.0249972418" lon="111.4195141755"><ele>1058.78</ele><time>2018-09-22T04:15:28Z</time><extensions><gpxtpx:TrackPointExtension><gpxtpx:depth>0.00</gpxtpx:depth></gpxtpx:TrackPointExtension></extensions></trkpt><trkpt lat="44.0246908832" lon="111.4205428865"><ele>1058.58</ele><time>2018-09-22T04:15:41Z</time><extensions><gpxtpx:TrackPointExtension><gpxtpx:depth>0.00</gpxtpx:depth></gpxtpx:TrackPointExtension></extensions></trkpt><trkpt lat="44.0246667434" lon="111.4206187427"><ele>1058.57</ele><time>2018-09-22T04:15:42Z</time><extensions><gpxtpx:TrackPointExtension><gpxtpx:depth>0.00</gpxtpx:depth></gpxtpx:TrackPointExtension></extensions></trkpt><trkpt lat="44.0246423520" lon="111.4206955209"><ele>1058.56</ele><time>2018-09-22T04:15:43Z</time><extensions><gpxtpx:TrackPointExtension><gpxtpx:depth>0.00</gpxtpx:depth></gpxtpx:TrackPointExtension></extensions></trkpt><trkpt lat="44.0242570359" lon="111.4219208714"><ele>1057.71</ele><time>2018-09-22T04:15:58Z</time><extensions><gpxtpx:TrackPointExtension><gpxtpx:depth>0.00</gpxtpx:depth></gpxtpx:TrackPointExtension></extensions></trkpt><trkpt lat="44.0237220190" lon="111.4236391615"><ele>1056.46</ele><time>2018-09-22T04:16:18Z</time><extensions><gpxtpx:TrackPointExtension><gpxtpx:depth>0.00</gpxtpx:depth></gpxtpx:TrackPointExtension></extensions></trkpt><trkpt lat="44.0233564004" lon="111.4248138852"><ele>1057.20</ele><time>2018-09-22T04:16:36Z</time><extensions><gpxtpx:TrackPointExtension><gpxtpx:depth>0.00</gpxtpx:depth></gpxtpx:TrackPointExtension></extensions></trkpt><trkpt lat="44.0229506325" lon="111.4261158463"><ele>1058.85</ele><time>2018-09-22T04:16:59Z</time><extensions><gpxtpx:TrackPointExtension><gpxtpx:depth>0.00</gpxtpx:depth></gpxtpx:TrackPointExtension></extensions></trkpt><trkpt lat="44.0225449484" lon="111.4273938350"><ele>1059.37</ele><time>2018-09-22T04:17:22Z</time><extensions><gpxtpx:TrackPointExtension><gpxtpx:depth>0.00</gpxtpx:depth></gpxtpx:TrackPointExtension></extensions></trkpt><trkpt lat="44.0221480653" lon="111.4285623562"><ele>1059.20</ele><time>2018-09-22T04:17:40Z</time><extensions><gpxtpx:TrackPointExtension><gpxtpx:depth>0.00</gpxtpx:depth></gpxtpx:TrackPointExtension></extensions></trkpt><trkpt lat="44.0216151439" lon="111.4300499763"><ele>1057.24</ele><time>2018-09-22T04:17:59Z</time><extensions><gpxtpx:TrackPointExtension><gpxtpx:depth>0.00</gpxtpx:depth></gpxtpx:TrackPointExtension></extensions></trkpt><trkpt lat="44.0210875869" lon="111.4315074217"><ele>1057.11</ele><time>2018-09-22T04:18:19Z</time><extensions><gpxtpx:TrackPointExtension><gpxtpx:depth>0.00</gpxtpx:depth></gpxtpx:TrackPointExtension></extensions></trkpt><trkpt lat="44.0204964951" lon="111.4331054315"><ele>1057.38</ele><time>2018-09-22T04:18:43Z</time><extensions><gpxtpx:TrackPointExtension><gpxtpx:depth>0.00</gpxtpx:depth></gpxtpx:TrackPointExtension></extensions></trkpt><trkpt lat="44.0198150463" lon="111.4349807985"><ele>1056.71</ele><time>2018-09-22T04:19:10Z</time><extensions><gpxtpx:TrackPointExtension><gpxtpx:depth>0.00</gpxtpx:depth></gpxtpx:TrackPointExtension></extensions></trkpt><trkpt lat="44.0192458313" lon="111.4365499746"><ele>1055.58</ele><time>2018-09-22T04:19:31Z</time><extensions><gpxtpx:TrackPointExtension><gpxtpx:depth>0.00</gpxtpx:depth></gpxtpx:TrackPointExtension></extensions></trkpt><trkpt lat="44.0186478663" lon="111.4381978568"><ele>1055.11</ele><time>2018-09-22T04:19:54Z</time><extensions><gpxtpx:TrackPointExtension><gpxtpx:depth>0.00</gpxtpx:depth></gpxtpx:TrackPointExtension></extensions></trkpt><trkpt lat="44.0182557609" lon="111.4392233826"><ele>1055.47</ele><time>2018-09-22T04:20:11Z</time><extensions><gpxtpx:TrackPointExtension><gpxtpx:depth>0.00</gpxtpx:depth></gpxtpx:TrackPointExtension></extensions></trkpt><trkpt lat="44.0177250188" lon="111.4405062329"><ele>1056.41</ele><time>2018-09-22T04:20:34Z</time><extensions><gpxtpx:TrackPointExtension><gpxtpx:depth>0.00</gpxtpx:depth></gpxtpx:TrackPointExtension></extensions></trkpt><trkpt lat="44.0171321668" lon="111.4418392908"><ele>1055.43</ele><time>2018-09-22T04:20:55Z</time><extensions><gpxtpx:TrackPointExtension><gpxtpx:depth>0.00</gpxtpx:depth></gpxtpx:TrackPointExtension></extensions></trkpt><trkpt lat="44.0167281590" lon="111.4426322188"><ele>1054.32</ele><time>2018-09-22T04:21:08Z</time><extensions><gpxtpx:TrackPointExtension><gpxtpx:depth>0.00</gpxtpx:depth></gpxtpx:TrackPointExtension></extensions></trkpt><trkpt lat="44.0162911266" lon="111.4435473550"><ele>1053.71</ele><time>2018-09-22T04:21:25Z</time><extensions><gpxtpx:TrackPointExtension><gpxtpx:depth>0.00</gpxtpx:depth></gpxtpx:TrackPointExtension></extensions></trkpt><trkpt lat="44.0159265138" lon="111.4443303924"><ele>1053.01</ele><time>2018-09-22T04:21:38Z</time><extensions><gpxtpx:TrackPointExtension><gpxtpx:depth>0.00</gpxtpx:depth></gpxtpx:TrackPointExtension></extensions></trkpt><trkpt lat="44.0158533398" lon="111.4444543608"><ele>1052.98</ele><time>2018-09-22T04:21:40Z</time><extensions><gpxtpx:TrackPointExtension><gpxtpx:depth>0.00</gpxtpx:depth></gpxtpx:TrackPointExtension></extensions></trkpt><trkpt lat="44.0158243384" lon="111.4445278700"><ele>1052.96</ele><time>2018-09-22T04:21:41Z</time><extensions><gpxtpx:TrackPointExtension><gpxtpx:depth>0.00</gpxtpx:depth></gpxtpx:TrackPointExtension></extensions></trkpt><trkpt lat="44.0157939959" lon="111.4446012955"><ele>1052.92</ele><time>2018-09-22T04:21:42Z</time><extensions><gpxtpx:TrackPointExtension><gpxtpx:depth>0.00</gpxtpx:depth></gpxtpx:TrackPointExtension></extensions></trkpt><trkpt lat="44.0157581214" lon="111.4446730446"><ele>1052.88</ele><time>2018-09-22T04:21:43Z</time><extensions><gpxtpx:TrackPointExtension><gpxtpx:depth>0.00</gpxtpx:depth></gpxtpx:TrackPointExtension></extensions></trkpt><trkpt lat="44.0157210734" lon="111.4447464701"><ele>1052.86</ele><time>2018-09-22T04:21:44Z</time><extensions><gpxtpx:TrackPointExtension><gpxtpx:depth>0.00</gpxtpx:depth></gpxtpx:TrackPointExtension></extensions></trkpt><trkpt lat="44.0154800098" lon="111.4451911300"><ele>1052.28</ele><time>2018-09-22T04:21:50Z</time><extensions><gpxtpx:TrackPointExtension><gpxtpx:depth>0.00</gpxtpx:depth></gpxtpx:TrackPointExtension></extensions></trkpt><trkpt lat="44.0154434647" lon="111.4452718478"><ele>1052.22</ele><time>2018-09-22T04:21:51Z</time><extensions><gpxtpx:TrackPointExtension><gpxtpx:depth>0.00</gpxtpx:depth></gpxtpx:TrackPointExtension></extensions></trkpt><trkpt lat="44.0153692011" lon="111.4454353787"><ele>1052.03</ele><time>2018-09-22T04:21:53Z</time><extensions><gpxtpx:TrackPointExtension><gpxtpx:depth>0.00</gpxtpx:depth></gpxtpx:TrackPointExtension></extensions></trkpt><trkpt lat="44.0148667898" lon="111.4464572165"><ele>1050.38</ele><time>2018-09-22T04:22:05Z</time><extensions><gpxtpx:TrackPointExtension><gpxtpx:depth>0.00</gpxtpx:depth></gpxtpx:TrackPointExtension></extensions></trkpt><trkpt lat="44.0141844191" lon="111.4478307590"><ele>1047.71</ele><time>2018-09-22T04:22:20Z</time><extensions><gpxtpx:TrackPointExtension><gpxtpx:depth>0.00</gpxtpx:depth></gpxtpx:TrackPointExtension></extensions></trkpt><trkpt lat="44.0133945085" lon="111.4494265895"><ele>1044.86</ele><time>2018-09-22T04:22:38Z</time><extensions><gpxtpx:TrackPointExtension><gpxtpx:depth>0.00</gpxtpx:depth></gpxtpx:TrackPointExtension></extensions></trkpt><trkpt lat="44.0127783548" lon="111.4506909996"><ele>1045.23</ele><time>2018-09-22T04:22:56Z</time><extensions><gpxtpx:TrackPointExtension><gpxtpx:depth>0.00</gpxtpx:depth></gpxtpx:TrackPointExtension></extensions></trkpt><trkpt lat="44.0121578425" lon="111.4519449323"><ele>1046.35</ele><time>2018-09-22T04:23:17Z</time><extensions><gpxtpx:TrackPointExtension><gpxtpx:depth>0.00</gpxtpx:depth></gpxtpx:TrackPointExtension></extensions></trkpt><trkpt lat="44.0115395095" lon="111.4531992842"><ele>1046.78</ele><time>2018-09-22T04:23:40Z</time><extensions><gpxtpx:TrackPointExtension><gpxtpx:depth>0.00</gpxtpx:depth></gpxtpx:TrackPointExtension></extensions></trkpt><trkpt lat="44.0109573025" lon="111.4543667156"><ele>1047.54</ele><time>2018-09-22T04:24:03Z</time><extensions><gpxtpx:TrackPointExtension><gpxtpx:depth>0.00</gpxtpx:depth></gpxtpx:TrackPointExtension></extensions></trkpt><trkpt lat="44.0102798771" lon="111.4554641582"><ele>1047.18</ele><time>2018-09-22T04:24:25Z</time><extensions><gpxtpx:TrackPointExtension><gpxtpx:depth>0.00</gpxtpx:depth></gpxtpx:TrackPointExtension></extensions></trkpt><trkpt lat="44.0093219094" lon="111.4564918634"><ele>1046.61</ele><time>2018-09-22T04:24:47Z</time><extensions><gpxtpx:TrackPointExtension><gpxtpx:depth>0.00</gpxtpx:depth></gpxtpx:TrackPointExtension></extensions></trkpt><trkpt lat="44.0082043502" lon="111.4572385233"><ele>1044.68</ele><time>2018-09-22T04:25:06Z</time><extensions><gpxtpx:TrackPointExtension><gpxtpx:depth>0.00</gpxtpx:depth></gpxtpx:TrackPointExtension></extensions></trkpt><trkpt lat="44.0070769005" lon="111.4578685910"><ele>1041.64</ele><time>2018-09-22T04:25:23Z</time><extensions><gpxtpx:TrackPointExtension><gpxtpx:depth>0.00</gpxtpx:depth></gpxtpx:TrackPointExtension></extensions></trkpt><trkpt lat="44.0060407296" lon="111.4584445115"><ele>1038.53</ele><time>2018-09-22T04:25:38Z</time><extensions><gpxtpx:TrackPointExtension><gpxtpx:depth>0.00</gpxtpx:depth></gpxtpx:TrackPointExtension></extensions></trkpt><trkpt lat="44.0046534408" lon="111.4592306502"><ele>1035.98</ele><time>2018-09-22T04:25:59Z</time><extensions><gpxtpx:TrackPointExtension><gpxtpx:depth>0.00</gpxtpx:depth></gpxtpx:TrackPointExtension></extensions></trkpt><trkpt lat="44.0029214881" lon="111.4601995982"><ele>1033.24</ele><time>2018-09-22T04:26:25Z</time><extensions><gpxtpx:TrackPointExtension><gpxtpx:depth>0.00</gpxtpx:depth></gpxtpx:TrackPointExtension></extensions></trkpt><trkpt lat="44.0015903581" lon="111.4611703902"><ele>1031.78</ele><time>2018-09-22T04:26:47Z</time><extensions><gpxtpx:TrackPointExtension><gpxtpx:depth>0.00</gpxtpx:depth></gpxtpx:TrackPointExtension></extensions></trkpt><trkpt lat="44.0005027223" lon="111.4622790646"><ele>1028.83</ele><time>2018-09-22T04:27:07Z</time><extensions><gpxtpx:TrackPointExtension><gpxtpx:depth>0.00</gpxtpx:depth></gpxtpx:TrackPointExtension></extensions></trkpt><trkpt lat="43.9997093752" lon="111.4633156545"><ele>1025.73</ele><time>2018-09-22T04:27:23Z</time><extensions><gpxtpx:TrackPointExtension><gpxtpx:depth>0.00</gpxtpx:depth></gpxtpx:TrackPointExtension></extensions></trkpt><trkpt lat="43.9987492282" lon="111.4646413364"><ele>1023.02</ele><time>2018-09-22T04:27:42Z</time><extensions><gpxtpx:TrackPointExtension><gpxtpx:depth>0.00</gpxtpx:depth></gpxtpx:TrackPointExtension></extensions></trkpt><trkpt lat="43.9979431406" lon="111.4657505136"><ele>1019.90</ele><time>2018-09-22T04:27:57Z</time><extensions><gpxtpx:TrackPointExtension><gpxtpx:depth>0.00</gpxtpx:depth></gpxtpx:TrackPointExtension></extensions></trkpt><trkpt lat="43.9968751185" lon="111.4672034327"><ele>1016.85</ele><time>2018-09-22T04:28:16Z</time><extensions><gpxtpx:TrackPointExtension><gpxtpx:depth>0.00</gpxtpx:depth></gpxtpx:TrackPointExtension></extensions></trkpt><trkpt lat="43.9959564619" lon="111.4684647415"><ele>1013.83</ele><time>2018-09-22T04:28:33Z</time><extensions><gpxtpx:TrackPointExtension><gpxtpx:depth>0.00</gpxtpx:depth></gpxtpx:TrackPointExtension></extensions></trkpt><trkpt lat="43.9950688183" lon="111.4696736634"><ele>1013.98</ele><time>2018-09-22T04:28:53Z</time><extensions><gpxtpx:TrackPointExtension><gpxtpx:depth>0.00</gpxtpx:depth></gpxtpx:TrackPointExtension></extensions></trkpt><trkpt lat="43.9943678398" lon="111.4706495684"><ele>1015.48</ele><time>2018-09-22T04:29:14Z</time><extensions><gpxtpx:TrackPointExtension><gpxtpx:depth>0.00</gpxtpx:depth></gpxtpx:TrackPointExtension></extensions></trkpt><trkpt lat="43.9938766602" lon="111.4713050332"><ele>1018.36</ele><time>2018-09-22T04:29:33Z</time><extensions><gpxtpx:TrackPointExtension><gpxtpx:depth>0.00</gpxtpx:depth></gpxtpx:TrackPointExtension></extensions></trkpt><trkpt lat="43.9932915196" lon="111.4720951114"><ele>1020.85</ele><time>2018-09-22T04:29:59Z</time><extensions><gpxtpx:TrackPointExtension><gpxtpx:depth>0.00</gpxtpx:depth></gpxtpx:TrackPointExtension></extensions></trkpt><trkpt lat="43.9929628652" lon="111.4725551941"><ele>1023.24</ele><time>2018-09-22T04:30:14Z</time><extensions><gpxtpx:TrackPointExtension><gpxtpx:depth>0.00</gpxtpx:depth></gpxtpx:TrackPointExtension></extensions></trkpt><trkpt lat="43.9924213942" lon="111.4733066317"><ele>1024.91</ele><time>2018-09-22T04:30:38Z</time><extensions><gpxtpx:TrackPointExtension><gpxtpx:depth>0.00</gpxtpx:depth></gpxtpx:TrackPointExtension></extensions></trkpt><trkpt lat="43.9919798356" lon="111.4739166666"><ele>1024.99</ele><time>2018-09-22T04:30:57Z</time><extensions><gpxtpx:TrackPointExtension><gpxtpx:depth>0.00</gpxtpx:depth></gpxtpx:TrackPointExtension></extensions></trkpt><trkpt lat="43.9914018195" lon="111.4747191500"><ele>1025.26</ele><time>2018-09-22T04:31:20Z</time><extensions><gpxtpx:TrackPointExtension><gpxtpx:depth>0.00</gpxtpx:depth></gpxtpx:TrackPointExtension></extensions></trkpt><trkpt lat="43.9910946228" lon="111.4751585294"><ele>1025.08</ele><time>2018-09-22T04:31:31Z</time><extensions><gpxtpx:TrackPointExtension><gpxtpx:depth>0.00</gpxtpx:depth></gpxtpx:TrackPointExtension></extensions></trkpt><trkpt lat="43.9908545651" lon="111.4755036961"><ele>1024.90</ele><time>2018-09-22T04:31:39Z</time><extensions><gpxtpx:TrackPointExtension><gpxtpx:depth>0.00</gpxtpx:depth></gpxtpx:TrackPointExtension></extensions></trkpt><trkpt lat="43.9908233844" lon="111.4755466115"><ele>1024.87</ele><time>2018-09-22T04:31:40Z</time><extensions><gpxtpx:TrackPointExtension><gpxtpx:depth>0.00</gpxtpx:depth></gpxtpx:TrackPointExtension></extensions></trkpt><trkpt lat="43.9904277585" lon="111.4760869090"><ele>1024.07</ele><time>2018-09-22T04:31:56Z</time><extensions><gpxtpx:TrackPointExtension><gpxtpx:depth>0.00</gpxtpx:depth></gpxtpx:TrackPointExtension></extensions></trkpt><trkpt lat="43.9903711807" lon="111.4761614241"><ele>1023.72</ele><time>2018-09-22T04:32:04Z</time><extensions><gpxtpx:TrackPointExtension><gpxtpx:depth>0.00</gpxtpx:depth></gpxtpx:TrackPointExtension></extensions></trkpt><trkpt lat="43.9903311152" lon="111.4762048423"><ele>1024.28</ele><time>2018-09-22T04:37:15Z</time><extensions><gpxtpx:TrackPointExtension><gpxtpx:depth>0.00</gpxtpx:depth></gpxtpx:TrackPointExtension></extensions></trkpt><trkpt lat="43.9903230686" lon="111.4762268867"><ele>1024.26</ele><time>2018-09-22T04:37:16Z</time><extensions><gpxtpx:TrackPointExtension><gpxtpx:depth>0.00</gpxtpx:depth></gpxtpx:TrackPointExtension></extensions></trkpt><trkpt lat="43.9903125912" lon="111.4762532059"><ele>1024.25</ele><time>2018-09-22T04:37:17Z</time><extensions><gpxtpx:TrackPointExtension><gpxtpx:depth>0.00</gpxtpx:depth></gpxtpx:TrackPointExtension></extensions></trkpt><trkpt lat="43.9902961627" lon="111.4762812853"><ele>1024.23</ele><time>2018-09-22T04:37:18Z</time><extensions><gpxtpx:TrackPointExtension><gpxtpx:depth>0.00</gpxtpx:depth></gpxtpx:TrackPointExtension></extensions></trkpt><trkpt lat="43.9902754594" lon="111.4763096161"><ele>1024.21</ele><time>2018-09-22T04:37:19Z</time><extensions><gpxtpx:TrackPointExtension><gpxtpx:depth>0.00</gpxtpx:depth></gpxtpx:TrackPointExtension></extensions></trkpt><trkpt lat="43.9902508166" lon="111.4763402939"><ele>1024.19</ele><time>2018-09-22T04:37:20Z</time><extensions><gpxtpx:TrackPointExtension><gpxtpx:depth>0.00</gpxtpx:depth></gpxtpx:TrackPointExtension></extensions></trkpt><trkpt lat="43.9902255032" lon="111.4763728995"><ele>1024.17</ele><time>2018-09-22T04:37:21Z</time><extensions><gpxtpx:TrackPointExtension><gpxtpx:depth>0.00</gpxtpx:depth></gpxtpx:TrackPointExtension></extensions></trkpt><trkpt lat="43.9902006090" lon="111.4764090255"><ele>1024.14</ele><time>2018-09-22T04:37:22Z</time><extensions><gpxtpx:TrackPointExtension><gpxtpx:depth>0.00</gpxtpx:depth></gpxtpx:TrackPointExtension></extensions></trkpt><trkpt lat="43.9896131214" lon="111.4772406779"><ele>1021.64</ele><time>2018-09-22T04:37:38Z</time><extensions><gpxtpx:TrackPointExtension><gpxtpx:depth>0.00</gpxtpx:depth></gpxtpx:TrackPointExtension></extensions></trkpt><trkpt lat="43.9887655433" lon="111.4784340095"><ele>1018.62</ele><time>2018-09-22T04:37:55Z</time><extensions><gpxtpx:TrackPointExtension><gpxtpx:depth>0.00</gpxtpx:depth></gpxtpx:TrackPointExtension></extensions></trkpt><trkpt lat="43.9880281035" lon="111.4794745389"><ele>1015.58</ele><time>2018-09-22T04:38:08Z</time><extensions><gpxtpx:TrackPointExtension><gpxtpx:depth>0.00</gpxtpx:depth></gpxtpx:TrackPointExtension></extensions></trkpt><trkpt lat="43.9870327525" lon="111.4808855485"><ele>1013.04</ele><time>2018-09-22T04:38:27Z</time><extensions><gpxtpx:TrackPointExtension><gpxtpx:depth>0.00</gpxtpx:depth></gpxtpx:TrackPointExtension></extensions></trkpt><trkpt lat="43.9856972639" lon="111.4827708900"><ele>1009.90</ele><time>2018-09-22T04:38:52Z</time><extensions><gpxtpx:TrackPointExtension><gpxtpx:depth>0.00</gpxtpx:depth></gpxtpx:TrackPointExtension></extensions></trkpt><trkpt lat="43.9846278168" lon="111.4842941333"><ele>1007.22</ele><time>2018-09-22T04:39:12Z</time><extensions><gpxtpx:TrackPointExtension><gpxtpx:depth>0.00</gpxtpx:depth></gpxtpx:TrackPointExtension></extensions></trkpt><trkpt lat="43.9837814961" lon="111.4854879677"><ele>1003.97</ele><time>2018-09-22T04:39:28Z</time><extensions><gpxtpx:TrackPointExtension><gpxtpx:depth>0.00</gpxtpx:depth></gpxtpx:TrackPointExtension></extensions></trkpt><trkpt lat="43.9830380213" lon="111.4865336102"><ele>1000.94</ele><time>2018-09-22T04:39:41Z</time><extensions><gpxtpx:TrackPointExtension><gpxtpx:depth>0.00</gpxtpx:depth></gpxtpx:TrackPointExtension></extensions></trkpt><trkpt lat="43.9823717438" lon="111.4874774963"><ele>997.89</ele><time>2018-09-22T04:39:54Z</time><extensions><gpxtpx:TrackPointExtension><gpxtpx:depth>0.00</gpxtpx:depth></gpxtpx:TrackPointExtension></extensions></trkpt><trkpt lat="43.9814430289" lon="111.4886502083"><ele>996.97</ele><time>2018-09-22T04:40:13Z</time><extensions><gpxtpx:TrackPointExtension><gpxtpx:depth>0.00</gpxtpx:depth></gpxtpx:TrackPointExtension></extensions></trkpt><trkpt lat="43.9803670440" lon="111.4898193162"><ele>996.62</ele><time>2018-09-22T04:40:35Z</time><extensions><gpxtpx:TrackPointExtension><gpxtpx:depth>0.00</gpxtpx:depth></gpxtpx:TrackPointExtension></extensions></trkpt><trkpt lat="43.9795447793" lon="111.4906223025"><ele>996.07</ele><time>2018-09-22T04:40:52Z</time><extensions><gpxtpx:TrackPointExtension><gpxtpx:depth>0.00</gpxtpx:depth></gpxtpx:TrackPointExtension></extensions></trkpt><trkpt lat="43.9785671979" lon="111.4915157296"><ele>995.65</ele><time>2018-09-22T04:41:12Z</time><extensions><gpxtpx:TrackPointExtension><gpxtpx:depth>0.00</gpxtpx:depth></gpxtpx:TrackPointExtension></extensions></trkpt><trkpt lat="43.9775374811" lon="111.4924608730"><ele>995.23</ele><time>2018-09-22T04:41:33Z</time><extensions><gpxtpx:TrackPointExtension><gpxtpx:depth>0.00</gpxtpx:depth></gpxtpx:TrackPointExtension></extensions></trkpt><trkpt lat="43.9763521962" lon="111.4935532864"><ele>994.54</ele><time>2018-09-22T04:41:56Z</time><extensions><gpxtpx:TrackPointExtension><gpxtpx:depth>0.00</gpxtpx:depth></gpxtpx:TrackPointExtension></extensions></trkpt><trkpt lat="43.9751695096" lon="111.4946241584"><ele>991.69</ele><time>2018-09-22T04:42:16Z</time><extensions><gpxtpx:TrackPointExtension><gpxtpx:depth>0.00</gpxtpx:depth></gpxtpx:TrackPointExtension></extensions></trkpt><trkpt lat="43.9743858017" lon="111.4953423198"><ele>988.64</ele><time>2018-09-22T04:42:29Z</time><extensions><gpxtpx:TrackPointExtension><gpxtpx:depth>0.00</gpxtpx:depth></gpxtpx:TrackPointExtension></extensions></trkpt><trkpt lat="43.9734839089" lon="111.4961707033"><ele>985.50</ele><time>2018-09-22T04:42:43Z</time><extensions><gpxtpx:TrackPointExtension><gpxtpx:depth>0.00</gpxtpx:depth></gpxtpx:TrackPointExtension></extensions></trkpt><trkpt lat="43.9725152962" lon="111.4970569219"><ele>982.43</ele><time>2018-09-22T04:42:57Z</time><extensions><gpxtpx:TrackPointExtension><gpxtpx:depth>0.00</gpxtpx:depth></gpxtpx:TrackPointExtension></extensions></trkpt><trkpt lat="43.9714490343" lon="111.4980299771"><ele>979.41</ele><time>2018-09-22T04:43:12Z</time><extensions><gpxtpx:TrackPointExtension><gpxtpx:depth>0.00</gpxtpx:depth></gpxtpx:TrackPointExtension></extensions></trkpt><trkpt lat="43.9701874740" lon="111.4991845842"><ele>977.12</ele><time>2018-09-22T04:43:32Z</time><extensions><gpxtpx:TrackPointExtension><gpxtpx:depth>0.00</gpxtpx:depth></gpxtpx:TrackPointExtension></extensions></trkpt><trkpt lat="43.9686550107" lon="111.5005847812"><ele>974.72</ele><time>2018-09-22T04:43:57Z</time><extensions><gpxtpx:TrackPointExtension><gpxtpx:depth>0.00</gpxtpx:depth></gpxtpx:TrackPointExtension></extensions></trkpt><trkpt lat="43.9673774410" lon="111.5019803680"><ele>972.55</ele><time>2018-09-22T04:44:19Z</time><extensions><gpxtpx:TrackPointExtension><gpxtpx:depth>0.00</gpxtpx:depth></gpxtpx:TrackPointExtension></extensions></trkpt><trkpt lat="43.9666152745" lon="111.5031032916"><ele>970.58</ele><time>2018-09-22T04:44:34Z</time><extensions><gpxtpx:TrackPointExtension><gpxtpx:depth>0.00</gpxtpx:depth></gpxtpx:TrackPointExtension></extensions></trkpt><trkpt lat="43.9658094384" lon="111.5045863017"><ele>968.71</ele><time>2018-09-22T04:44:52Z</time><extensions><gpxtpx:TrackPointExtension><gpxtpx:depth>0.00</gpxtpx:depth></gpxtpx:TrackPointExtension></extensions></trkpt><trkpt lat="43.9647964016" lon="111.5065581445"><ele>966.07</ele><time>2018-09-22T04:45:15Z</time><extensions><gpxtpx:TrackPointExtension><gpxtpx:depth>0.00</gpxtpx:depth></gpxtpx:TrackPointExtension></extensions></trkpt><trkpt lat="43.9639845304" lon="111.5081267338"><ele>964.12</ele><time>2018-09-22T04:45:33Z</time><extensions><gpxtpx:TrackPointExtension><gpxtpx:depth>0.00</gpxtpx:depth></gpxtpx:TrackPointExtension></extensions></trkpt><trkpt lat="43.9630387165" lon="111.5099425893"><ele>962.10</ele><time>2018-09-22T04:45:54Z</time><extensions><gpxtpx:TrackPointExtension><gpxtpx:depth>0.00</gpxtpx:depth></gpxtpx:TrackPointExtension></extensions></trkpt><trkpt lat="43.9620567765" lon="111.5118520707"><ele>959.90</ele><time>2018-09-22T04:46:16Z</time><extensions><gpxtpx:TrackPointExtension><gpxtpx:depth>0.00</gpxtpx:depth></gpxtpx:TrackPointExtension></extensions></trkpt><trkpt lat="43.9610993117" lon="111.5136929881"><ele>957.62</ele><time>2018-09-22T04:46:38Z</time><extensions><gpxtpx:TrackPointExtension><gpxtpx:depth>0.00</gpxtpx:depth></gpxtpx:TrackPointExtension></extensions></trkpt><trkpt lat="43.9603520650" lon="111.5151466615"><ele>956.22</ele><time>2018-09-22T04:46:56Z</time><extensions><gpxtpx:TrackPointExtension><gpxtpx:depth>0.00</gpxtpx:depth></gpxtpx:TrackPointExtension></extensions></trkpt><trkpt lat="43.9593330771" lon="111.5171010699"><ele>954.71</ele><time>2018-09-22T04:47:22Z</time><extensions><gpxtpx:TrackPointExtension><gpxtpx:depth>0.00</gpxtpx:depth></gpxtpx:TrackPointExtension></extensions></trkpt><trkpt lat="43.9584245626" lon="111.5188182704"><ele>954.10</ele><time>2018-09-22T04:47:45Z</time><extensions><gpxtpx:TrackPointExtension><gpxtpx:depth>0.00</gpxtpx:depth></gpxtpx:TrackPointExtension></extensions></trkpt><trkpt lat="43.9576118533" lon="111.5201637335"><ele>955.02</ele><time>2018-09-22T04:48:07Z</time><extensions><gpxtpx:TrackPointExtension><gpxtpx:depth>0.00</gpxtpx:depth></gpxtpx:TrackPointExtension></extensions></trkpt><trkpt lat="43.9570392016" lon="111.5210083779"><ele>956.37</ele><time>2018-09-22T04:48:26Z</time><extensions><gpxtpx:TrackPointExtension><gpxtpx:depth>0.00</gpxtpx:depth></gpxtpx:TrackPointExtension></extensions></trkpt><trkpt lat="43.9562320244" lon="111.5220819321"><ele>958.85</ele><time>2018-09-22T04:48:52Z</time><extensions><gpxtpx:TrackPointExtension><gpxtpx:depth>0.00</gpxtpx:depth></gpxtpx:TrackPointExtension></extensions></trkpt><trkpt lat="43.9556407649" lon="111.5228022728"><ele>959.42</ele><time>2018-09-22T04:49:11Z</time><extensions><gpxtpx:TrackPointExtension><gpxtpx:depth>0.00</gpxtpx:depth></gpxtpx:TrackPointExtension></extensions></trkpt><trkpt lat="43.9551613200" lon="111.5233375411"><ele>959.91</ele><time>2018-09-22T04:49:27Z</time><extensions><gpxtpx:TrackPointExtension><gpxtpx:depth>0.00</gpxtpx:depth></gpxtpx:TrackPointExtension></extensions></trkpt><trkpt lat="43.9544424042" lon="111.5240735561"><ele>960.38</ele><time>2018-09-22T04:49:48Z</time><extensions><gpxtpx:TrackPointExtension><gpxtpx:depth>0.00</gpxtpx:depth></gpxtpx:TrackPointExtension></extensions></trkpt><trkpt lat="43.9538926352" lon="111.5246186312"><ele>960.91</ele><time>2018-09-22T04:50:04Z</time><extensions><gpxtpx:TrackPointExtension><gpxtpx:depth>0.00</gpxtpx:depth></gpxtpx:TrackPointExtension></extensions></trkpt><trkpt lat="43.9530282933" lon="111.5254637785"><ele>961.47</ele><time>2018-09-22T04:50:27Z</time><extensions><gpxtpx:TrackPointExtension><gpxtpx:depth>0.00</gpxtpx:depth></gpxtpx:TrackPointExtension></extensions></trkpt><trkpt lat="43.9522449207" lon="111.5262233466"><ele>961.43</ele><time>2018-09-22T04:50:47Z</time><extensions><gpxtpx:TrackPointExtension><gpxtpx:depth>0.00</gpxtpx:depth></gpxtpx:TrackPointExtension></extensions></trkpt><trkpt lat="43.9511511661" lon="111.5273019299"><ele>960.87</ele><time>2018-09-22T04:51:14Z</time><extensions><gpxtpx:TrackPointExtension><gpxtpx:depth>0.00</gpxtpx:depth></gpxtpx:TrackPointExtension></extensions></trkpt><trkpt lat="43.9499261510" lon="111.5285043139"><ele>960.71</ele><time>2018-09-22T04:51:42Z</time><extensions><gpxtpx:TrackPointExtension><gpxtpx:depth>0.00</gpxtpx:depth></gpxtpx:TrackPointExtension></extensions></trkpt><trkpt lat="43.9489179756" lon="111.5295003355"><ele>960.69</ele><time>2018-09-22T04:52:05Z</time><extensions><gpxtpx:TrackPointExtension><gpxtpx:depth>0.00</gpxtpx:depth></gpxtpx:TrackPointExtension></extensions></trkpt><trkpt lat="43.9479769394" lon="111.5304218419"><ele>960.57</ele><time>2018-09-22T04:52:26Z</time><extensions><gpxtpx:TrackPointExtension><gpxtpx:depth>0.00</gpxtpx:depth></gpxtpx:TrackPointExtension></extensions></trkpt><trkpt lat="43.9469196461" lon="111.5314539894"><ele>961.15</ele><time>2018-09-22T04:52:52Z</time><extensions><gpxtpx:TrackPointExtension><gpxtpx:depth>0.00</gpxtpx:depth></gpxtpx:TrackPointExtension></extensions></trkpt><trkpt lat="43.9460760076" lon="111.5322731528"><ele>961.91</ele><time>2018-09-22T04:53:15Z</time><extensions><gpxtpx:TrackPointExtension><gpxtpx:depth>0.00</gpxtpx:depth></gpxtpx:TrackPointExtension></extensions></trkpt><trkpt lat="43.9451390784" lon="111.5331945755"><ele>964.04</ele><time>2018-09-22T04:53:42Z</time><extensions><gpxtpx:TrackPointExtension><gpxtpx:depth>0.00</gpxtpx:depth></gpxtpx:TrackPointExtension></extensions></trkpt><trkpt lat="43.9445213322" lon="111.5338359587"><ele>965.88</ele><time>2018-09-22T04:54:04Z</time><extensions><gpxtpx:TrackPointExtension><gpxtpx:depth>0.00</gpxtpx:depth></gpxtpx:TrackPointExtension></extensions></trkpt><trkpt lat="43.9442039933" lon="111.5341225360"><ele>966.22</ele><time>2018-09-22T04:54:16Z</time><extensions><gpxtpx:TrackPointExtension><gpxtpx:depth>0.00</gpxtpx:depth></gpxtpx:TrackPointExtension></extensions></trkpt><trkpt lat="43.9435363747" lon="111.5347755700"><ele>966.96</ele><time>2018-09-22T04:54:39Z</time><extensions><gpxtpx:TrackPointExtension><gpxtpx:depth>0.00</gpxtpx:depth></gpxtpx:TrackPointExtension></extensions></trkpt><trkpt lat="43.9429922216" lon="111.5352987684"><ele>967.93</ele><time>2018-09-22T04:54:58Z</time><extensions><gpxtpx:TrackPointExtension><gpxtpx:depth>0.00</gpxtpx:depth></gpxtpx:TrackPointExtension></extensions></trkpt><trkpt lat="43.9423607290" lon="111.5359274112"><ele>968.85</ele><time>2018-09-22T04:55:19Z</time><extensions><gpxtpx:TrackPointExtension><gpxtpx:depth>0.00</gpxtpx:depth></gpxtpx:TrackPointExtension></extensions></trkpt><trkpt lat="43.9416822977" lon="111.5365884919"><ele>969.75</ele><time>2018-09-22T04:55:40Z</time><extensions><gpxtpx:TrackPointExtension><gpxtpx:depth>0.00</gpxtpx:depth></gpxtpx:TrackPointExtension></extensions></trkpt><trkpt lat="43.9409910422" lon="111.5372655820"><ele>971.15</ele><time>2018-09-22T04:56:01Z</time><extensions><gpxtpx:TrackPointExtension><gpxtpx:depth>0.00</gpxtpx:depth></gpxtpx:TrackPointExtension></extensions></trkpt><trkpt lat="43.9407797344" lon="111.5374623053"><ele>971.85</ele><time>2018-09-22T04:56:13Z</time><extensions><gpxtpx:TrackPointExtension><gpxtpx:depth>0.00</gpxtpx:depth></gpxtpx:TrackPointExtension></extensions></trkpt><trkpt lat="43.9407292753" lon="111.5375278518"><ele>972.83</ele><time>2018-09-22T04:59:37Z</time><extensions><gpxtpx:TrackPointExtension><gpxtpx:depth>0.00</gpxtpx:depth></gpxtpx:TrackPointExtension></extensions></trkpt><trkpt lat="43.9407146908" lon="111.5375396702"><ele>972.83</ele><time>2018-09-22T04:59:38Z</time><extensions><gpxtpx:TrackPointExtension><gpxtpx:depth>0.00</gpxtpx:depth></gpxtpx:TrackPointExtension></extensions></trkpt><trkpt lat="43.9406949095" lon="111.5375544224"><ele>972.83</ele><time>2018-09-22T04:59:39Z</time><extensions><gpxtpx:TrackPointExtension><gpxtpx:depth>0.00</gpxtpx:depth></gpxtpx:TrackPointExtension></extensions></trkpt><trkpt lat="43.9406754635" lon="111.5375723597"><ele>972.83</ele><time>2018-09-22T04:59:40Z</time><extensions><gpxtpx:TrackPointExtension><gpxtpx:depth>0.00</gpxtpx:depth></gpxtpx:TrackPointExtension></extensions></trkpt><trkpt lat="43.9406532515" lon="111.5375902969"><ele>972.83</ele><time>2018-09-22T04:59:41Z</time><extensions><gpxtpx:TrackPointExtension><gpxtpx:depth>0.00</gpxtpx:depth></gpxtpx:TrackPointExtension></extensions></trkpt><trkpt lat="43.9401839487" lon="111.5380488709"><ele>973.05</ele><time>2018-09-22T04:59:58Z</time><extensions><gpxtpx:TrackPointExtension><gpxtpx:depth>0.00</gpxtpx:depth></gpxtpx:TrackPointExtension></extensions></trkpt><trkpt lat="43.9395776857" lon="111.5386448242"><ele>974.06</ele><time>2018-09-22T05:00:18Z</time><extensions><gpxtpx:TrackPointExtension><gpxtpx:depth>0.00</gpxtpx:depth></gpxtpx:TrackPointExtension></extensions></trkpt><trkpt lat="43.9390055370" lon="111.5392047353"><ele>974.71</ele><time>2018-09-22T05:00:37Z</time><extensions><gpxtpx:TrackPointExtension><gpxtpx:depth>0.00</gpxtpx:depth></gpxtpx:TrackPointExtension></extensions></trkpt><trkpt lat="43.9384268504" lon="111.5397655685"><ele>976.01</ele><time>2018-09-22T05:00:55Z</time><extensions><gpxtpx:TrackPointExtension><gpxtpx:depth>0.00</gpxtpx:depth></gpxtpx:TrackPointExtension></extensions></trkpt><trkpt lat="43.9375803620" lon="111.5405662078"><ele>977.33</ele><time>2018-09-22T05:01:19Z</time><extensions><gpxtpx:TrackPointExtension><gpxtpx:depth>0.00</gpxtpx:depth></gpxtpx:TrackPointExtension></extensions></trkpt><trkpt lat="43.9367799740" lon="111.5412808489"><ele>977.63</ele><time>2018-09-22T05:01:39Z</time><extensions><gpxtpx:TrackPointExtension><gpxtpx:depth>0.00</gpxtpx:depth></gpxtpx:TrackPointExtension></extensions></trkpt><trkpt lat="43.9359292109" lon="111.5420087334"><ele>977.80</ele><time>2018-09-22T05:01:58Z</time><extensions><gpxtpx:TrackPointExtension><gpxtpx:depth>0.00</gpxtpx:depth></gpxtpx:TrackPointExtension></extensions></trkpt><trkpt lat="43.9350130688" lon="111.5427942015"><ele>977.49</ele><time>2018-09-22T05:02:17Z</time><extensions><gpxtpx:TrackPointExtension><gpxtpx:depth>0.00</gpxtpx:depth></gpxtpx:TrackPointExtension></extensions></trkpt><trkpt lat="43.9338656701" lon="111.5437699389"><ele>975.91</ele><time>2018-09-22T05:02:39Z</time><extensions><gpxtpx:TrackPointExtension><gpxtpx:depth>0.00</gpxtpx:depth></gpxtpx:TrackPointExtension></extensions></trkpt><trkpt lat="43.9329691418" lon="111.5446629468"><ele>972.83</ele><time>2018-09-22T05:02:56Z</time><extensions><gpxtpx:TrackPointExtension><gpxtpx:depth>0.00</gpxtpx:depth></gpxtpx:TrackPointExtension></extensions></trkpt><trkpt lat="43.9320865273" lon="111.5460165404"><ele>971.14</ele><time>2018-09-22T05:03:15Z</time><extensions><gpxtpx:TrackPointExtension><gpxtpx:depth>0.00</gpxtpx:depth></gpxtpx:TrackPointExtension></extensions></trkpt><trkpt lat="43.9315033983" lon="111.5474976227"><ele>970.28</ele><time>2018-09-22T05:03:34Z</time><extensions><gpxtpx:TrackPointExtension><gpxtpx:depth>0.00</gpxtpx:depth></gpxtpx:TrackPointExtension></extensions></trkpt><trkpt lat="43.9311485924" lon="111.5487581771"><ele>969.93</ele><time>2018-09-22T05:03:50Z</time><extensions><gpxtpx:TrackPointExtension><gpxtpx:depth>0.00</gpxtpx:depth></gpxtpx:TrackPointExtension></extensions></trkpt><trkpt lat="43.9307047706" lon="111.5503764711"><ele>969.48</ele><time>2018-09-22T05:04:10Z</time><extensions><gpxtpx:TrackPointExtension><gpxtpx:depth>0.00</gpxtpx:depth></gpxtpx:TrackPointExtension></extensions></trkpt><trkpt lat="43.9303058758" lon="111.5518340841"><ele>969.60</ele><time>2018-09-22T05:04:28Z</time><extensions><gpxtpx:TrackPointExtension><gpxtpx:depth>0.00</gpxtpx:depth></gpxtpx:TrackPointExtension></extensions></trkpt><trkpt lat="43.9297984354" lon="111.5536699723"><ele>969.17</ele><time>2018-09-22T05:04:51Z</time><extensions><gpxtpx:TrackPointExtension><gpxtpx:depth>0.00</gpxtpx:depth></gpxtpx:TrackPointExtension></extensions></trkpt><trkpt lat="43.9292717166" lon="111.5555920266"><ele>969.32</ele><time>2018-09-22T05:05:16Z</time><extensions><gpxtpx:TrackPointExtension><gpxtpx:depth>0.00</gpxtpx:depth></gpxtpx:TrackPointExtension></extensions></trkpt><trkpt lat="43.9288838021" lon="111.5570102446"><ele>969.55</ele><time>2018-09-22T05:05:37Z</time><extensions><gpxtpx:TrackPointExtension><gpxtpx:depth>0.00</gpxtpx:depth></gpxtpx:TrackPointExtension></extensions></trkpt><trkpt lat="43.9285306726" lon="111.5583306458"><ele>969.59</ele><time>2018-09-22T05:05:56Z</time><extensions><gpxtpx:TrackPointExtension><gpxtpx:depth>0.00</gpxtpx:depth></gpxtpx:TrackPointExtension></extensions></trkpt><trkpt lat="43.9281243179" lon="111.5599324275"><ele>969.57</ele><time>2018-09-22T05:06:19Z</time><extensions><gpxtpx:TrackPointExtension><gpxtpx:depth>0.00</gpxtpx:depth></gpxtpx:TrackPointExtension></extensions></trkpt><trkpt lat="43.9277608786" lon="111.5613930579"><ele>969.83</ele><time>2018-09-22T05:06:41Z</time><extensions><gpxtpx:TrackPointExtension><gpxtpx:depth>0.00</gpxtpx:depth></gpxtpx:TrackPointExtension></extensions></trkpt><trkpt lat="43.9273474831" lon="111.5631213225"><ele>970.06</ele><time>2018-09-22T05:07:06Z</time><extensions><gpxtpx:TrackPointExtension><gpxtpx:depth>0.00</gpxtpx:depth></gpxtpx:TrackPointExtension></extensions></trkpt><trkpt lat="43.9269959461" lon="111.5646835417"><ele>970.29</ele><time>2018-09-22T05:07:29Z</time><extensions><gpxtpx:TrackPointExtension><gpxtpx:depth>0.00</gpxtpx:depth></gpxtpx:TrackPointExtension></extensions></trkpt><trkpt lat="43.9267005678" lon="111.5659663919"><ele>970.33</ele><time>2018-09-22T05:07:49Z</time><extensions><gpxtpx:TrackPointExtension><gpxtpx:depth>0.00</gpxtpx:depth></gpxtpx:TrackPointExtension></extensions></trkpt><trkpt lat="43.9264366217" lon="111.5670941770"><ele>970.40</ele><time>2018-09-22T05:08:07Z</time><extensions><gpxtpx:TrackPointExtension><gpxtpx:depth>0.00</gpxtpx:depth></gpxtpx:TrackPointExtension></extensions></trkpt><trkpt lat="43.9259940572" lon="111.5690293908"><ele>970.82</ele><time>2018-09-22T05:08:37Z</time><extensions><gpxtpx:TrackPointExtension><gpxtpx:depth>0.00</gpxtpx:depth></gpxtpx:TrackPointExtension></extensions></trkpt><trkpt lat="43.9256548416" lon="111.5704999119"><ele>970.80</ele><time>2018-09-22T05:09:00Z</time><extensions><gpxtpx:TrackPointExtension><gpxtpx:depth>0.00</gpxtpx:depth></gpxtpx:TrackPointExtension></extensions></trkpt><trkpt lat="43.9253142849" lon="111.5720460378"><ele>971.41</ele><time>2018-09-22T05:09:25Z</time><extensions><gpxtpx:TrackPointExtension><gpxtpx:depth>0.00</gpxtpx:depth></gpxtpx:TrackPointExtension></extensions></trkpt><trkpt lat="43.9251756482" lon="111.5726671368"><ele>971.76</ele><time>2018-09-22T05:09:36Z</time><extensions><gpxtpx:TrackPointExtension><gpxtpx:depth>0.00</gpxtpx:depth></gpxtpx:TrackPointExtension></extensions></trkpt><trkpt lat="43.9251480717" lon="111.5727800410"><ele>971.77</ele><time>2018-09-22T05:09:38Z</time><extensions><gpxtpx:TrackPointExtension><gpxtpx:depth>0.00</gpxtpx:depth></gpxtpx:TrackPointExtension></extensions></trkpt><trkpt lat="43.9251236804" lon="111.5728935320"><ele>971.82</ele><time>2018-09-22T05:09:40Z</time><extensions><gpxtpx:TrackPointExtension><gpxtpx:depth>0.00</gpxtpx:depth></gpxtpx:TrackPointExtension></extensions></trkpt><trkpt lat="43.9250948466" lon="111.5730092023"><ele>971.86</ele><time>2018-09-22T05:09:42Z</time><extensions><gpxtpx:TrackPointExtension><gpxtpx:depth>0.00</gpxtpx:depth></gpxtpx:TrackPointExtension></extensions></trkpt><trkpt lat="43.9250734728" lon="111.5731277224"><ele>971.94</ele><time>2018-09-22T05:09:44Z</time><extensions><gpxtpx:TrackPointExtension><gpxtpx:depth>0.00</gpxtpx:depth></gpxtpx:TrackPointExtension></extensions></trkpt><trkpt lat="43.9250581339" lon="111.5731846355"><ele>971.97</ele><time>2018-09-22T05:09:45Z</time><extensions><gpxtpx:TrackPointExtension><gpxtpx:depth>0.00</gpxtpx:depth></gpxtpx:TrackPointExtension></extensions></trkpt><trkpt lat="43.9250431303" lon="111.5732404590"><ele>972.02</ele><time>2018-09-22T05:09:46Z</time><extensions><gpxtpx:TrackPointExtension><gpxtpx:depth>0.00</gpxtpx:depth></gpxtpx:TrackPointExtension></extensions></trkpt><trkpt lat="43.9250303898" lon="111.5732981265"><ele>972.05</ele><time>2018-09-22T05:09:47Z</time><extensions><gpxtpx:TrackPointExtension><gpxtpx:depth>0.00</gpxtpx:depth></gpxtpx:TrackPointExtension></extensions></trkpt><trkpt lat="43.9250183199" lon="111.5733574703"><ele>972.08</ele><time>2018-09-22T05:09:48Z</time><extensions><gpxtpx:TrackPointExtension><gpxtpx:depth>0.00</gpxtpx:depth></gpxtpx:TrackPointExtension></extensions></trkpt><trkpt lat="43.9247203432" lon="111.5746203717"><ele>972.53</ele><time>2018-09-22T05:10:09Z</time><extensions><gpxtpx:TrackPointExtension><gpxtpx:depth>0.00</gpxtpx:depth></gpxtpx:TrackPointExtension></extensions></trkpt><trkpt lat="43.9245496877" lon="111.5753911715"><ele>972.65</ele><time>2018-09-22T05:10:24Z</time><extensions><gpxtpx:TrackPointExtension><gpxtpx:depth>0.00</gpxtpx:depth></gpxtpx:TrackPointExtension></extensions></trkpt><trkpt lat="43.9243451692" lon="111.5762260091"><ele>973.08</ele><time>2018-09-22T05:10:40Z</time><extensions><gpxtpx:TrackPointExtension><gpxtpx:depth>0.00</gpxtpx:depth></gpxtpx:TrackPointExtension></extensions></trkpt><trkpt lat="43.9240355417" lon="111.5775481705"><ele>973.22</ele><time>2018-09-22T05:11:02Z</time><extensions><gpxtpx:TrackPointExtension><gpxtpx:depth>0.00</gpxtpx:depth></gpxtpx:TrackPointExtension></extensions></trkpt><trkpt lat="43.9237441868" lon="111.5788119938"><ele>973.62</ele><time>2018-09-22T05:11:23Z</time><extensions><gpxtpx:TrackPointExtension><gpxtpx:depth>0.00</gpxtpx:depth></gpxtpx:TrackPointExtension></extensions></trkpt><trkpt lat="43.9237185381" lon="111.5789309330"><ele>973.64</ele><time>2018-09-22T05:11:25Z</time><extensions><gpxtpx:TrackPointExtension><gpxtpx:depth>0.00</gpxtpx:depth></gpxtpx:TrackPointExtension></extensions></trkpt><trkpt lat="43.9234277699" lon="111.5801951755"><ele>973.77</ele><time>2018-09-22T05:11:46Z</time><extensions><gpxtpx:TrackPointExtension><gpxtpx:depth>0.00</gpxtpx:depth></gpxtpx:TrackPointExtension></extensions></trkpt><trkpt lat="43.9232706930" lon="111.5808754507"><ele>974.13</ele><time>2018-09-22T05:11:57Z</time><extensions><gpxtpx:TrackPointExtension><gpxtpx:depth>0.00</gpxtpx:depth></gpxtpx:TrackPointExtension></extensions></trkpt><trkpt lat="43.9232594613" lon="111.5809388179"><ele>974.14</ele><time>2018-09-22T05:11:58Z</time><extensions><gpxtpx:TrackPointExtension><gpxtpx:depth>0.00</gpxtpx:depth></gpxtpx:TrackPointExtension></extensions></trkpt><trkpt lat="43.9232403506" lon="111.5810015984"><ele>974.15</ele><time>2018-09-22T05:11:59Z</time><extensions><gpxtpx:TrackPointExtension><gpxtpx:depth>0.00</gpxtpx:depth></gpxtpx:TrackPointExtension></extensions></trkpt><trkpt lat="43.9229549468" lon="111.5822249372"><ele>974.32</ele><time>2018-09-22T05:12:19Z</time><extensions><gpxtpx:TrackPointExtension><gpxtpx:depth>0.00</gpxtpx:depth></gpxtpx:TrackPointExtension></extensions></trkpt><trkpt lat="43.9227698743" lon="111.5830972418"><ele>974.93</ele><time>2018-09-22T05:12:35Z</time><extensions><gpxtpx:TrackPointExtension><gpxtpx:depth>0.00</gpxtpx:depth></gpxtpx:TrackPointExtension></extensions></trkpt><trkpt lat="43.9224013221" lon="111.5849410929"><ele>975.34</ele><time>2018-09-22T05:13:04Z</time><extensions><gpxtpx:TrackPointExtension><gpxtpx:depth>0.00</gpxtpx:depth></gpxtpx:TrackPointExtension></extensions></trkpt><trkpt lat="43.9221248031" lon="111.5864815190"><ele>974.87</ele><time>2018-09-22T05:13:26Z</time><extensions><gpxtpx:TrackPointExtension><gpxtpx:depth>0.00</gpxtpx:depth></gpxtpx:TrackPointExtension></extensions></trkpt><trkpt lat="43.9218886010" lon="111.5879084542"><ele>973.95</ele><time>2018-09-22T05:13:45Z</time><extensions><gpxtpx:TrackPointExtension><gpxtpx:depth>0.00</gpxtpx:depth></gpxtpx:TrackPointExtension></extensions></trkpt><trkpt lat="43.9215708431" lon="111.5897545684"><ele>973.20</ele><time>2018-09-22T05:14:08Z</time><extensions><gpxtpx:TrackPointExtension><gpxtpx:depth>0.00</gpxtpx:depth></gpxtpx:TrackPointExtension></extensions></trkpt><trkpt lat="43.9212991018" lon="111.5913208947"><ele>973.29</ele><time>2018-09-22T05:14:30Z</time><extensions><gpxtpx:TrackPointExtension><gpxtpx:depth>0.00</gpxtpx:depth></gpxtpx:TrackPointExtension></extensions></trkpt><trkpt lat="43.9210517518" lon="111.5926191676"><ele>974.34</ele><time>2018-09-22T05:14:51Z</time><extensions><gpxtpx:TrackPointExtension><gpxtpx:depth>0.00</gpxtpx:depth></gpxtpx:TrackPointExtension></extensions></trkpt><trkpt lat="43.9206755720" lon="111.5943770204"><ele>973.99</ele><time>2018-09-22T05:15:16Z</time><extensions><gpxtpx:TrackPointExtension><gpxtpx:depth>0.00</gpxtpx:depth></gpxtpx:TrackPointExtension></extensions></trkpt><trkpt lat="43.9202412218" lon="111.5962378029"><ele>973.20</ele><time>2018-09-22T05:15:40Z</time><extensions><gpxtpx:TrackPointExtension><gpxtpx:depth>0.00</gpxtpx:depth></gpxtpx:TrackPointExtension></extensions></trkpt><trkpt lat="43.9198343642" lon="111.5979860164"><ele>971.91</ele><time>2018-09-22T05:16:01Z</time><extensions><gpxtpx:TrackPointExtension><gpxtpx:depth>0.00</gpxtpx:depth></gpxtpx:TrackPointExtension></extensions></trkpt><trkpt lat="43.9193716832" lon="111.5999690071"><ele>970.28</ele><time>2018-09-22T05:16:23Z</time><extensions><gpxtpx:TrackPointExtension><gpxtpx:depth>0.00</gpxtpx:depth></gpxtpx:TrackPointExtension></extensions></trkpt><trkpt lat="43.9189143665" lon="111.6019250918"><ele>968.64</ele><time>2018-09-22T05:16:44Z</time><extensions><gpxtpx:TrackPointExtension><gpxtpx:depth>0.00</gpxtpx:depth></gpxtpx:TrackPointExtension></extensions></trkpt><trkpt lat="43.9183590654" lon="111.6043726914"><ele>966.36</ele><time>2018-09-22T05:17:10Z</time><extensions><gpxtpx:TrackPointExtension><gpxtpx:depth>0.00</gpxtpx:depth></gpxtpx:TrackPointExtension></extensions></trkpt><trkpt lat="43.9179446641" lon="111.6060823482"><ele>965.66</ele><time>2018-09-22T05:17:30Z</time><extensions><gpxtpx:TrackPointExtension><gpxtpx:depth>0.00</gpxtpx:depth></gpxtpx:TrackPointExtension></extensions></trkpt><trkpt lat="43.9174238965" lon="111.6078185756"><ele>965.82</ele><time>2018-09-22T05:17:52Z</time><extensions><gpxtpx:TrackPointExtension><gpxtpx:depth>0.00</gpxtpx:depth></gpxtpx:TrackPointExtension></extensions></trkpt><trkpt lat="43.9166443795" lon="111.6095756739"><ele>964.20</ele><time>2018-09-22T05:18:14Z</time><extensions><gpxtpx:TrackPointExtension><gpxtpx:depth>0.00</gpxtpx:depth></gpxtpx:TrackPointExtension></extensions></trkpt><trkpt lat="43.9157775231" lon="111.6111745220"><ele>962.18</ele><time>2018-09-22T05:18:33Z</time><extensions><gpxtpx:TrackPointExtension><gpxtpx:depth>0.00</gpxtpx:depth></gpxtpx:TrackPointExtension></extensions></trkpt><trkpt lat="43.9148930646" lon="111.6127846856"><ele>959.35</ele><time>2018-09-22T05:18:52Z</time><extensions><gpxtpx:TrackPointExtension><gpxtpx:depth>0.00</gpxtpx:depth></gpxtpx:TrackPointExtension></extensions></trkpt><trkpt lat="43.9139344264" lon="111.6145349946"><ele>957.03</ele><time>2018-09-22T05:19:14Z</time><extensions><gpxtpx:TrackPointExtension><gpxtpx:depth>0.00</gpxtpx:depth></gpxtpx:TrackPointExtension></extensions></trkpt><trkpt lat="43.9129798952" lon="111.6162924282"><ele>956.89</ele><time>2018-09-22T05:19:39Z</time><extensions><gpxtpx:TrackPointExtension><gpxtpx:depth>0.00</gpxtpx:depth></gpxtpx:TrackPointExtension></extensions></trkpt><trkpt lat="43.9122701157" lon="111.6175922938"><ele>956.19</ele><time>2018-09-22T05:19:58Z</time><extensions><gpxtpx:TrackPointExtension><gpxtpx:depth>0.00</gpxtpx:depth></gpxtpx:TrackPointExtension></extensions></trkpt><trkpt lat="43.9114348590" lon="111.6191043053"><ele>955.69</ele><time>2018-09-22T05:20:20Z</time><extensions><gpxtpx:TrackPointExtension><gpxtpx:depth>0.00</gpxtpx:depth></gpxtpx:TrackPointExtension></extensions></trkpt><trkpt lat="43.9104499016" lon="111.6208861303"><ele>954.34</ele><time>2018-09-22T05:20:45Z</time><extensions><gpxtpx:TrackPointExtension><gpxtpx:depth>0.00</gpxtpx:depth></gpxtpx:TrackPointExtension></extensions></trkpt><trkpt lat="43.9094162453" lon="111.6227727290"><ele>953.28</ele><time>2018-09-22T05:21:10Z</time><extensions><gpxtpx:TrackPointExtension><gpxtpx:depth>0.00</gpxtpx:depth></gpxtpx:TrackPointExtension></extensions></trkpt><trkpt lat="43.9082804974" lon="111.6248481721"><ele>950.90</ele><time>2018-09-22T05:21:36Z</time><extensions><gpxtpx:TrackPointExtension><gpxtpx:depth>0.00</gpxtpx:depth></gpxtpx:TrackPointExtension></extensions></trkpt><trkpt lat="43.9074606635" lon="111.6263457667"><ele>949.98</ele><time>2018-09-22T05:21:56Z</time><extensions><gpxtpx:TrackPointExtension><gpxtpx:depth>0.00</gpxtpx:depth></gpxtpx:TrackPointExtension></extensions></trkpt><trkpt lat="43.9064120874" lon="111.6282401606"><ele>949.20</ele><time>2018-09-22T05:22:23Z</time><extensions><gpxtpx:TrackPointExtension><gpxtpx:depth>0.00</gpxtpx:depth></gpxtpx:TrackPointExtension></extensions></trkpt><trkpt lat="43.9054482523" lon="111.6299884580"><ele>948.62</ele><time>2018-09-22T05:22:48Z</time><extensions><gpxtpx:TrackPointExtension><gpxtpx:depth>0.00</gpxtpx:depth></gpxtpx:TrackPointExtension></extensions></trkpt><trkpt lat="43.9047613554" lon="111.6312540416"><ele>948.42</ele><time>2018-09-22T05:23:07Z</time><extensions><gpxtpx:TrackPointExtension><gpxtpx:depth>0.00</gpxtpx:depth></gpxtpx:TrackPointExtension></extensions></trkpt><trkpt lat="43.9040121809" lon="111.6326010972"><ele>948.36</ele><time>2018-09-22T05:23:30Z</time><extensions><gpxtpx:TrackPointExtension><gpxtpx:depth>0.00</gpxtpx:depth></gpxtpx:TrackPointExtension></extensions></trkpt><trkpt lat="43.9033392817" lon="111.6338282079"><ele>949.11</ele><time>2018-09-22T05:23:52Z</time><extensions><gpxtpx:TrackPointExtension><gpxtpx:depth>0.00</gpxtpx:depth></gpxtpx:TrackPointExtension></extensions></trkpt><trkpt lat="43.9027526323" lon="111.6348840762"><ele>949.66</ele><time>2018-09-22T05:24:12Z</time><extensions><gpxtpx:TrackPointExtension><gpxtpx:depth>0.00</gpxtpx:depth></gpxtpx:TrackPointExtension></extensions></trkpt><trkpt lat="43.9021675754" lon="111.6359665990"><ele>951.01</ele><time>2018-09-22T05:24:34Z</time><extensions><gpxtpx:TrackPointExtension><gpxtpx:depth>0.00</gpxtpx:depth></gpxtpx:TrackPointExtension></extensions></trkpt><trkpt lat="43.9016867056" lon="111.6368253250"><ele>952.42</ele><time>2018-09-22T05:24:54Z</time><extensions><gpxtpx:TrackPointExtension><gpxtpx:depth>0.00</gpxtpx:depth></gpxtpx:TrackPointExtension></extensions></trkpt><trkpt lat="43.9016162138" lon="111.6369241476"><ele>952.85</ele><time>2018-09-22T05:25:03Z</time><extensions><gpxtpx:TrackPointExtension><gpxtpx:depth>0.00</gpxtpx:depth></gpxtpx:TrackPointExtension></extensions></trkpt><trkpt lat="43.9016017970" lon="111.6369892750"><ele>952.85</ele><time>2018-09-22T05:26:19Z</time><extensions><gpxtpx:TrackPointExtension><gpxtpx:depth>0.00</gpxtpx:depth></gpxtpx:TrackPointExtension></extensions></trkpt><trkpt lat="43.9015917387" lon="111.6370078828"><ele>952.91</ele><time>2018-09-22T05:26:20Z</time><extensions><gpxtpx:TrackPointExtension><gpxtpx:depth>0.00</gpxtpx:depth></gpxtpx:TrackPointExtension></extensions></trkpt><trkpt lat="43.9015807584" lon="111.6370285861"><ele>952.94</ele><time>2018-09-22T05:26:21Z</time><extensions><gpxtpx:TrackPointExtension><gpxtpx:depth>0.00</gpxtpx:depth></gpxtpx:TrackPointExtension></extensions></trkpt><trkpt lat="43.9015687723" lon="111.6370525584"><ele>952.99</ele><time>2018-09-22T05:26:22Z</time><extensions><gpxtpx:TrackPointExtension><gpxtpx:depth>0.00</gpxtpx:depth></gpxtpx:TrackPointExtension></extensions></trkpt><trkpt lat="43.9012976177" lon="111.6375537124"><ele>953.64</ele><time>2018-09-22T05:26:38Z</time><extensions><gpxtpx:TrackPointExtension><gpxtpx:depth>0.00</gpxtpx:depth></gpxtpx:TrackPointExtension></extensions></trkpt><trkpt lat="43.9007563144" lon="111.6385335568"><ele>954.62</ele><time>2018-09-22T05:27:03Z</time><extensions><gpxtpx:TrackPointExtension><gpxtpx:depth>0.00</gpxtpx:depth></gpxtpx:TrackPointExtension></extensions></trkpt><trkpt lat="43.9002383966" lon="111.6394878365"><ele>956.63</ele><time>2018-09-22T05:27:27Z</time><extensions><gpxtpx:TrackPointExtension><gpxtpx:depth>0.00</gpxtpx:depth></gpxtpx:TrackPointExtension></extensions></trkpt><trkpt lat="43.8996671699" lon="111.6405326407"><ele>959.33</ele><time>2018-09-22T05:27:54Z</time><extensions><gpxtpx:TrackPointExtension><gpxtpx:depth>0.00</gpxtpx:depth></gpxtpx:TrackPointExtension></extensions></trkpt><trkpt lat="43.8991592266" lon="111.6414701566"><ele>962.17</ele><time>2018-09-22T05:28:20Z</time><extensions><gpxtpx:TrackPointExtension><gpxtpx:depth>0.00</gpxtpx:depth></gpxtpx:TrackPointExtension></extensions></trkpt><trkpt lat="43.8986662868" lon="111.6423691157"><ele>964.29</ele><time>2018-09-22T05:28:45Z</time><extensions><gpxtpx:TrackPointExtension><gpxtpx:depth>0.00</gpxtpx:depth></gpxtpx:TrackPointExtension></extensions></trkpt><trkpt lat="43.8982579205" lon="111.6431220621"><ele>965.53</ele><time>2018-09-22T05:29:06Z</time><extensions><gpxtpx:TrackPointExtension><gpxtpx:depth>0.00</gpxtpx:depth></gpxtpx:TrackPointExtension></extensions></trkpt><trkpt lat="43.8977969158" lon="111.6439662036"><ele>966.82</ele><time>2018-09-22T05:29:29Z</time><extensions><gpxtpx:TrackPointExtension><gpxtpx:depth>0.00</gpxtpx:depth></gpxtpx:TrackPointExtension></extensions></trkpt><trkpt lat="43.8973157108" lon="111.6448921524"><ele>966.79</ele><time>2018-09-22T05:29:52Z</time><extensions><gpxtpx:TrackPointExtension><gpxtpx:depth>0.00</gpxtpx:depth></gpxtpx:TrackPointExtension></extensions></trkpt><trkpt lat="43.8971272018" lon="111.6453362256"><ele>966.76</ele><time>2018-09-22T05:30:05Z</time><extensions><gpxtpx:TrackPointExtension><gpxtpx:depth>0.00</gpxtpx:depth></gpxtpx:TrackPointExtension></extensions></trkpt><trkpt lat="43.8971256930" lon="111.6453431826"><ele>966.79</ele><time>2018-09-22T05:30:08Z</time><extensions><gpxtpx:TrackPointExtension><gpxtpx:depth>0.00</gpxtpx:depth></gpxtpx:TrackPointExtension></extensions></trkpt><trkpt lat="43.8971189037" lon="111.6454715095"><ele>966.85</ele><time>2018-09-22T05:30:20Z</time><extensions><gpxtpx:TrackPointExtension><gpxtpx:depth>0.00</gpxtpx:depth></gpxtpx:TrackPointExtension></extensions></trkpt><trkpt lat="43.8971164729" lon="111.6454888601"><ele>966.84</ele><time>2018-09-22T05:30:21Z</time><extensions><gpxtpx:TrackPointExtension><gpxtpx:depth>0.00</gpxtpx:depth></gpxtpx:TrackPointExtension></extensions></trkpt><trkpt lat="43.8971126173" lon="111.6455027740"><ele>966.75</ele><time>2018-09-22T05:30:22Z</time><extensions><gpxtpx:TrackPointExtension><gpxtpx:depth>0.00</gpxtpx:depth></gpxtpx:TrackPointExtension></extensions></trkpt><trkpt lat="43.8971009664" lon="111.6455240641"><ele>966.57</ele><time>2018-09-22T05:30:24Z</time><extensions><gpxtpx:TrackPointExtension><gpxtpx:depth>0.00</gpxtpx:depth></gpxtpx:TrackPointExtension></extensions></trkpt><trkpt lat="43.8970413711" lon="111.6456084698"><ele>965.16</ele><time>2018-09-22T05:30:38Z</time><extensions><gpxtpx:TrackPointExtension><gpxtpx:depth>0.00</gpxtpx:depth></gpxtpx:TrackPointExtension></extensions></trkpt><trkpt lat="43.8970357552" lon="111.6456738487"><ele>965.18</ele><time>2018-09-22T05:30:47Z</time><extensions><gpxtpx:TrackPointExtension><gpxtpx:depth>0.00</gpxtpx:depth></gpxtpx:TrackPointExtension></extensions></trkpt><trkpt lat="43.8969496731" lon="111.6460956261"><ele>966.14</ele><time>2018-09-22T05:31:13Z</time><extensions><gpxtpx:TrackPointExtension><gpxtpx:depth>0.00</gpxtpx:depth></gpxtpx:TrackPointExtension></extensions></trkpt><trkpt lat="43.8969302271" lon="111.6462294850"><ele>965.99</ele><time>2018-09-22T05:31:21Z</time><extensions><gpxtpx:TrackPointExtension><gpxtpx:depth>0.00</gpxtpx:depth></gpxtpx:TrackPointExtension></extensions></trkpt><trkpt lat="43.8967637625" lon="111.6467577126"><ele>966.28</ele><time>2018-09-22T05:31:54Z</time><extensions><gpxtpx:TrackPointExtension><gpxtpx:depth>0.00</gpxtpx:depth></gpxtpx:TrackPointExtension></extensions></trkpt><trkpt lat="43.8966466673" lon="111.6471169610"><ele>967.44</ele><time>2018-09-22T05:32:18Z</time><extensions><gpxtpx:TrackPointExtension><gpxtpx:depth>0.00</gpxtpx:depth></gpxtpx:TrackPointExtension></extensions></trkpt><trkpt lat="43.8964403048" lon="111.6475049593"><ele>968.97</ele><time>2018-09-22T05:32:51Z</time><extensions><gpxtpx:TrackPointExtension><gpxtpx:depth>0.00</gpxtpx:depth></gpxtpx:TrackPointExtension></extensions></trkpt><trkpt lat="43.8964813761" lon="111.6479432490"><ele>970.56</ele><time>2018-09-22T05:33:22Z</time><extensions><gpxtpx:TrackPointExtension><gpxtpx:depth>0.00</gpxtpx:depth></gpxtpx:TrackPointExtension></extensions></trkpt><trkpt lat="43.8964777719" lon="111.6480937880"><ele>969.18</ele><time>2018-09-22T05:33:35Z</time><extensions><gpxtpx:TrackPointExtension><gpxtpx:depth>0.00</gpxtpx:depth></gpxtpx:TrackPointExtension></extensions></trkpt><trkpt lat="43.8964835554" lon="111.6480928659"><ele>970.17</ele><time>2018-09-22T07:33:49Z</time><extensions><gpxtpx:TrackPointExtension><gpxtpx:depth>0.00</gpxtpx:depth></gpxtpx:TrackPointExtension></extensions></trkpt><trkpt lat="43.8964872435" lon="111.6480978951"><ele>970.19</ele><time>2018-09-22T07:34:18Z</time><extensions><gpxtpx:TrackPointExtension><gpxtpx:depth>0.00</gpxtpx:depth></gpxtpx:TrackPointExtension></extensions></trkpt><trkpt lat="43.8964462560" lon="111.6477693245"><ele>973.39</ele><time>2018-09-22T07:36:40Z</time><extensions><gpxtpx:TrackPointExtension><gpxtpx:depth>0.00</gpxtpx:depth></gpxtpx:TrackPointExtension></extensions></trkpt><trkpt lat="43.8963257242" lon="111.6477622837"><ele>973.54</ele><time>2018-09-22T07:36:55Z</time><extensions><gpxtpx:TrackPointExtension><gpxtpx:depth>0.00</gpxtpx:depth></gpxtpx:TrackPointExtension></extensions></trkpt><trkpt lat="43.8962516282" lon="111.6477939673"><ele>973.76</ele><time>2018-09-22T07:37:02Z</time><extensions><gpxtpx:TrackPointExtension><gpxtpx:depth>0.00</gpxtpx:depth></gpxtpx:TrackPointExtension></extensions></trkpt><trkpt lat="43.8961597625" lon="111.6479576658"><ele>974.65</ele><time>2018-09-22T07:37:17Z</time><extensions><gpxtpx:TrackPointExtension><gpxtpx:depth>0.00</gpxtpx:depth></gpxtpx:TrackPointExtension></extensions></trkpt><trkpt lat="43.8961154222" lon="111.6480262298"><ele>974.83</ele><time>2018-09-22T07:37:33Z</time><extensions><gpxtpx:TrackPointExtension><gpxtpx:depth>0.00</gpxtpx:depth></gpxtpx:TrackPointExtension></extensions></trkpt><trkpt lat="43.8959611952" lon="111.6482707299"><ele>975.79</ele><time>2018-09-22T07:37:54Z</time><extensions><gpxtpx:TrackPointExtension><gpxtpx:depth>0.00</gpxtpx:depth></gpxtpx:TrackPointExtension></extensions></trkpt><trkpt lat="43.8958183676" lon="111.6485806089"><ele>974.91</ele><time>2018-09-22T07:38:14Z</time><extensions><gpxtpx:TrackPointExtension><gpxtpx:depth>0.00</gpxtpx:depth></gpxtpx:TrackPointExtension></extensions></trkpt><trkpt lat="43.8956845086" lon="111.6488588043"><ele>973.48</ele><time>2018-09-22T07:38:32Z</time><extensions><gpxtpx:TrackPointExtension><gpxtpx:depth>0.00</gpxtpx:depth></gpxtpx:TrackPointExtension></extensions></trkpt><trkpt lat="43.8955157809" lon="111.6491865367"><ele>972.92</ele><time>2018-09-22T07:38:54Z</time><extensions><gpxtpx:TrackPointExtension><gpxtpx:depth>0.00</gpxtpx:depth></gpxtpx:TrackPointExtension></extensions></trkpt><trkpt lat="43.8953897171" lon="111.6494666599"><ele>973.22</ele><time>2018-09-22T07:39:13Z</time><extensions><gpxtpx:TrackPointExtension><gpxtpx:depth>0.00</gpxtpx:depth></gpxtpx:TrackPointExtension></extensions></trkpt><trkpt lat="43.8952779025" lon="111.6497348808"><ele>973.18</ele><time>2018-09-22T07:39:31Z</time><extensions><gpxtpx:TrackPointExtension><gpxtpx:depth>0.00</gpxtpx:depth></gpxtpx:TrackPointExtension></extensions></trkpt><trkpt lat="43.8951548561" lon="111.6499790456"><ele>973.53</ele><time>2018-09-22T07:39:48Z</time><extensions><gpxtpx:TrackPointExtension><gpxtpx:depth>0.00</gpxtpx:depth></gpxtpx:TrackPointExtension></extensions></trkpt><trkpt lat="43.8949959353" lon="111.6502254736"><ele>973.43</ele><time>2018-09-22T07:40:07Z</time><extensions><gpxtpx:TrackPointExtension><gpxtpx:depth>0.00</gpxtpx:depth></gpxtpx:TrackPointExtension></extensions></trkpt><trkpt lat="43.8948383555" lon="111.6504850611"><ele>973.64</ele><time>2018-09-22T07:40:25Z</time><extensions><gpxtpx:TrackPointExtension><gpxtpx:depth>0.00</gpxtpx:depth></gpxtpx:TrackPointExtension></extensions></trkpt><trkpt lat="43.8946601562" lon="111.6507495102"><ele>973.51</ele><time>2018-09-22T07:40:46Z</time><extensions><gpxtpx:TrackPointExtension><gpxtpx:depth>0.00</gpxtpx:depth></gpxtpx:TrackPointExtension></extensions></trkpt><trkpt lat="43.8944633491" lon="111.6509415396"><ele>973.23</ele><time>2018-09-22T07:41:05Z</time><extensions><gpxtpx:TrackPointExtension><gpxtpx:depth>0.00</gpxtpx:depth></gpxtpx:TrackPointExtension></extensions></trkpt><trkpt lat="43.8943803683" lon="111.6510474030"><ele>972.58</ele><time>2018-09-22T07:41:18Z</time><extensions><gpxtpx:TrackPointExtension><gpxtpx:depth>0.00</gpxtpx:depth></gpxtpx:TrackPointExtension></extensions></trkpt><trkpt lat="43.8942085393" lon="111.6512378398"><ele>971.34</ele><time>2018-09-22T07:41:35Z</time><extensions><gpxtpx:TrackPointExtension><gpxtpx:depth>0.00</gpxtpx:depth></gpxtpx:TrackPointExtension></extensions></trkpt><trkpt lat="43.8940357883" lon="111.6513908934"><ele>970.74</ele><time>2018-09-22T07:41:53Z</time><extensions><gpxtpx:TrackPointExtension><gpxtpx:depth>0.00</gpxtpx:depth></gpxtpx:TrackPointExtension></extensions></trkpt><trkpt lat="43.8939929567" lon="111.6513426136"><ele>970.55</ele><time>2018-09-22T07:42:03Z</time><extensions><gpxtpx:TrackPointExtension><gpxtpx:depth>0.00</gpxtpx:depth></gpxtpx:TrackPointExtension></extensions></trkpt><trkpt lat="43.8939932920" lon="111.6512547713"><ele>970.24</ele><time>2018-09-22T07:42:20Z</time><extensions><gpxtpx:TrackPointExtension><gpxtpx:depth>0.00</gpxtpx:depth></gpxtpx:TrackPointExtension></extensions></trkpt><trkpt lat="43.8939947169" lon="111.6512543522"><ele>969.87</ele><time>2018-09-22T07:42:40Z</time><extensions><gpxtpx:TrackPointExtension><gpxtpx:depth>0.00</gpxtpx:depth></gpxtpx:TrackPointExtension></extensions></trkpt><trkpt lat="43.8938646298" lon="111.6513221618"><ele>970.35</ele><time>2018-09-22T07:46:59Z</time><extensions><gpxtpx:TrackPointExtension><gpxtpx:depth>0.00</gpxtpx:depth></gpxtpx:TrackPointExtension></extensions></trkpt><trkpt lat="43.8937756978" lon="111.6514204815"><ele>970.33</ele><time>2018-09-22T07:47:05Z</time><extensions><gpxtpx:TrackPointExtension><gpxtpx:depth>0.00</gpxtpx:depth></gpxtpx:TrackPointExtension></extensions></trkpt><trkpt lat="43.8934967481" lon="111.6519007646"><ele>970.81</ele><time>2018-09-22T07:47:20Z</time><extensions><gpxtpx:TrackPointExtension><gpxtpx:depth>0.00</gpxtpx:depth></gpxtpx:TrackPointExtension></extensions></trkpt><trkpt lat="43.8931229990" lon="111.6525874101"><ele>971.48</ele><time>2018-09-22T07:47:38Z</time><extensions><gpxtpx:TrackPointExtension><gpxtpx:depth>0.00</gpxtpx:depth></gpxtpx:TrackPointExtension></extensions></trkpt><trkpt lat="43.8926655147" lon="111.6534307972"><ele>971.93</ele><time>2018-09-22T07:48:00Z</time><extensions><gpxtpx:TrackPointExtension><gpxtpx:depth>0.00</gpxtpx:depth></gpxtpx:TrackPointExtension></extensions></trkpt><trkpt lat="43.8920571562" lon="111.6545390524"><ele>974.14</ele><time>2018-09-22T07:48:29Z</time><extensions><gpxtpx:TrackPointExtension><gpxtpx:depth>0.00</gpxtpx:depth></gpxtpx:TrackPointExtension></extensions></trkpt><trkpt lat="43.8917050324" lon="111.6551780049"><ele>975.40</ele><time>2018-09-22T07:48:47Z</time><extensions><gpxtpx:TrackPointExtension><gpxtpx:depth>0.00</gpxtpx:depth></gpxtpx:TrackPointExtension></extensions></trkpt><trkpt lat="43.8913440239" lon="111.6558391694"><ele>976.20</ele><time>2018-09-22T07:49:06Z</time><extensions><gpxtpx:TrackPointExtension><gpxtpx:depth>0.00</gpxtpx:depth></gpxtpx:TrackPointExtension></extensions></trkpt><trkpt lat="43.8908187300" lon="111.6568002384"><ele>978.10</ele><time>2018-09-22T07:49:31Z</time><extensions><gpxtpx:TrackPointExtension><gpxtpx:depth>0.00</gpxtpx:depth></gpxtpx:TrackPointExtension></extensions></trkpt><trkpt lat="43.8903267961" lon="111.6576629039"><ele>979.35</ele><time>2018-09-22T07:49:55Z</time><extensions><gpxtpx:TrackPointExtension><gpxtpx:depth>0.00</gpxtpx:depth></gpxtpx:TrackPointExtension></extensions></trkpt><trkpt lat="43.8900853973" lon="111.6580849327"><ele>980.11</ele><time>2018-09-22T07:50:08Z</time><extensions><gpxtpx:TrackPointExtension><gpxtpx:depth>0.00</gpxtpx:depth></gpxtpx:TrackPointExtension></extensions></trkpt><trkpt lat="43.8895187806" lon="111.6589969676"><ele>981.40</ele><time>2018-09-22T07:50:34Z</time><extensions><gpxtpx:TrackPointExtension><gpxtpx:depth>0.00</gpxtpx:depth></gpxtpx:TrackPointExtension></extensions></trkpt><trkpt lat="43.8890112564" lon="111.6598282848"><ele>982.51</ele><time>2018-09-22T07:50:58Z</time><extensions><gpxtpx:TrackPointExtension><gpxtpx:depth>0.00</gpxtpx:depth></gpxtpx:TrackPointExtension></extensions></trkpt><trkpt lat="43.8885237649" lon="111.6606380604"><ele>983.96</ele><time>2018-09-22T07:51:21Z</time><extensions><gpxtpx:TrackPointExtension><gpxtpx:depth>0.00</gpxtpx:depth></gpxtpx:TrackPointExtension></extensions></trkpt><trkpt lat="43.8881230261" lon="111.6612931900"><ele>984.77</ele><time>2018-09-22T07:51:41Z</time><extensions><gpxtpx:TrackPointExtension><gpxtpx:depth>0.00</gpxtpx:depth></gpxtpx:TrackPointExtension></extensions></trkpt><trkpt lat="43.8875618577" lon="111.6622090805"><ele>986.23</ele><time>2018-09-22T07:52:07Z</time><extensions><gpxtpx:TrackPointExtension><gpxtpx:depth>0.00</gpxtpx:depth></gpxtpx:TrackPointExtension></extensions></trkpt><trkpt lat="43.8871015236" lon="111.6629684810"><ele>987.42</ele><time>2018-09-22T07:52:30Z</time><extensions><gpxtpx:TrackPointExtension><gpxtpx:depth>0.00</gpxtpx:depth></gpxtpx:TrackPointExtension></extensions></trkpt><trkpt lat="43.8870367315" lon="111.6630554851"><ele>988.07</ele><time>2018-09-22T07:52:38Z</time><extensions><gpxtpx:TrackPointExtension><gpxtpx:depth>0.00</gpxtpx:depth></gpxtpx:TrackPointExtension></extensions></trkpt><trkpt lat="43.8870203868" lon="111.6631003283"><ele>988.49</ele><time>2018-09-22T07:54:28Z</time><extensions><gpxtpx:TrackPointExtension><gpxtpx:depth>0.00</gpxtpx:depth></gpxtpx:TrackPointExtension></extensions></trkpt><trkpt lat="43.8870125078" lon="111.6631165054"><ele>988.48</ele><time>2018-09-22T07:54:29Z</time><extensions><gpxtpx:TrackPointExtension><gpxtpx:depth>0.00</gpxtpx:depth></gpxtpx:TrackPointExtension></extensions></trkpt><trkpt lat="43.8870012760" lon="111.6631351132"><ele>988.48</ele><time>2018-09-22T07:54:30Z</time><extensions><gpxtpx:TrackPointExtension><gpxtpx:depth>0.00</gpxtpx:depth></gpxtpx:TrackPointExtension></extensions></trkpt><trkpt lat="43.8869891223" lon="111.6631584987"><ele>988.48</ele><time>2018-09-22T07:54:31Z</time><extensions><gpxtpx:TrackPointExtension><gpxtpx:depth>0.00</gpxtpx:depth></gpxtpx:TrackPointExtension></extensions></trkpt><trkpt lat="43.8869735319" lon="111.6631866619"><ele>988.45</ele><time>2018-09-22T07:54:32Z</time><extensions><gpxtpx:TrackPointExtension><gpxtpx:depth>0.00</gpxtpx:depth></gpxtpx:TrackPointExtension></extensions></trkpt><trkpt lat="43.8867702708" lon="111.6635220218"><ele>988.32</ele><time>2018-09-22T07:54:45Z</time><extensions><gpxtpx:TrackPointExtension><gpxtpx:depth>0.00</gpxtpx:depth></gpxtpx:TrackPointExtension></extensions></trkpt><trkpt lat="43.8863768242" lon="111.6641900595"><ele>988.69</ele><time>2018-09-22T07:55:04Z</time><extensions><gpxtpx:TrackPointExtension><gpxtpx:depth>0.00</gpxtpx:depth></gpxtpx:TrackPointExtension></extensions></trkpt><trkpt lat="43.8857810386" lon="111.6652194411"><ele>988.82</ele><time>2018-09-22T07:55:28Z</time><extensions><gpxtpx:TrackPointExtension><gpxtpx:depth>0.00</gpxtpx:depth></gpxtpx:TrackPointExtension></extensions></trkpt><trkpt lat="43.8851976581" lon="111.6662861221"><ele>988.03</ele><time>2018-09-22T07:55:50Z</time><extensions><gpxtpx:TrackPointExtension><gpxtpx:depth>0.00</gpxtpx:depth></gpxtpx:TrackPointExtension></extensions></trkpt><trkpt lat="43.8845170476" lon="111.6675311700"><ele>986.80</ele><time>2018-09-22T07:56:12Z</time><extensions><gpxtpx:TrackPointExtension><gpxtpx:depth>0.00</gpxtpx:depth></gpxtpx:TrackPointExtension></extensions></trkpt><trkpt lat="43.8838043343" lon="111.6688436922"><ele>985.66</ele><time>2018-09-22T07:56:33Z</time><extensions><gpxtpx:TrackPointExtension><gpxtpx:depth>0.00</gpxtpx:depth></gpxtpx:TrackPointExtension></extensions></trkpt><trkpt lat="43.8830837421" lon="111.6701874789"><ele>983.70</ele><time>2018-09-22T07:56:53Z</time><extensions><gpxtpx:TrackPointExtension><gpxtpx:depth>0.00</gpxtpx:depth></gpxtpx:TrackPointExtension></extensions></trkpt><trkpt lat="43.8825826719" lon="111.6710932273"><ele>981.33</ele><time>2018-09-22T07:57:06Z</time><extensions><gpxtpx:TrackPointExtension><gpxtpx:depth>0.00</gpxtpx:depth></gpxtpx:TrackPointExtension></extensions></trkpt><trkpt lat="43.8818066753" lon="111.6725158039"><ele>978.10</ele><time>2018-09-22T07:57:24Z</time><extensions><gpxtpx:TrackPointExtension><gpxtpx:depth>0.00</gpxtpx:depth></gpxtpx:TrackPointExtension></extensions></trkpt><trkpt lat="43.8810633682" lon="111.6738818865"><ele>976.59</ele><time>2018-09-22T07:57:44Z</time><extensions><gpxtpx:TrackPointExtension><gpxtpx:depth>0.00</gpxtpx:depth></gpxtpx:TrackPointExtension></extensions></trkpt><trkpt lat="43.8804812450" lon="111.6749443766"><ele>978.51</ele><time>2018-09-22T07:58:05Z</time><extensions><gpxtpx:TrackPointExtension><gpxtpx:depth>0.00</gpxtpx:depth></gpxtpx:TrackPointExtension></extensions></trkpt><trkpt lat="43.8799235970" lon="111.6759030148"><ele>981.00</ele><time>2018-09-22T07:58:27Z</time><extensions><gpxtpx:TrackPointExtension><gpxtpx:depth>0.00</gpxtpx:depth></gpxtpx:TrackPointExtension></extensions></trkpt><trkpt lat="43.8790651225" lon="111.6772565246"><ele>981.80</ele><time>2018-09-22T07:58:57Z</time><extensions><gpxtpx:TrackPointExtension><gpxtpx:depth>0.00</gpxtpx:depth></gpxtpx:TrackPointExtension></extensions></trkpt><trkpt lat="43.8781116810" lon="111.6786856391"><ele>981.25</ele><time>2018-09-22T07:59:24Z</time><extensions><gpxtpx:TrackPointExtension><gpxtpx:depth>0.00</gpxtpx:depth></gpxtpx:TrackPointExtension></extensions></trkpt><trkpt lat="43.8770227041" lon="111.6803179309"><ele>979.74</ele><time>2018-09-22T07:59:51Z</time><extensions><gpxtpx:TrackPointExtension><gpxtpx:depth>0.00</gpxtpx:depth></gpxtpx:TrackPointExtension></extensions></trkpt><trkpt lat="43.8760871999" lon="111.6817180440"><ele>977.73</ele><time>2018-09-22T08:00:12Z</time><extensions><gpxtpx:TrackPointExtension><gpxtpx:depth>0.00</gpxtpx:depth></gpxtpx:TrackPointExtension></extensions></trkpt><trkpt lat="43.8750720676" lon="111.6832598951"><ele>976.02</ele><time>2018-09-22T08:00:35Z</time><extensions><gpxtpx:TrackPointExtension><gpxtpx:depth>0.00</gpxtpx:depth></gpxtpx:TrackPointExtension></extensions></trkpt><trkpt lat="43.8748160005" lon="111.6836410202"><ele>975.45</ele><time>2018-09-22T08:00:45Z</time><extensions><gpxtpx:TrackPointExtension><gpxtpx:depth>0.00</gpxtpx:depth></gpxtpx:TrackPointExtension></extensions></trkpt><trkpt lat="43.8748188503" lon="111.6836351529"><ele>975.41</ele><time>2018-09-22T08:00:48Z</time><extensions><gpxtpx:TrackPointExtension><gpxtpx:depth>0.00</gpxtpx:depth></gpxtpx:TrackPointExtension></extensions></trkpt><trkpt lat="43.8747955486" lon="111.6836813372"><ele>975.39</ele><time>2018-09-22T08:01:03Z</time><extensions><gpxtpx:TrackPointExtension><gpxtpx:depth>0.00</gpxtpx:depth></gpxtpx:TrackPointExtension></extensions></trkpt><trkpt lat="43.8747864962" lon="111.6836961731"><ele>975.38</ele><time>2018-09-22T08:01:04Z</time><extensions><gpxtpx:TrackPointExtension><gpxtpx:depth>0.00</gpxtpx:depth></gpxtpx:TrackPointExtension></extensions></trkpt><trkpt lat="43.8746019267" lon="111.6839705128"><ele>975.24</ele><time>2018-09-22T08:01:28Z</time><extensions><gpxtpx:TrackPointExtension><gpxtpx:depth>0.00</gpxtpx:depth></gpxtpx:TrackPointExtension></extensions></trkpt><trkpt lat="43.8745850790" lon="111.6840140987"><ele>975.50</ele><time>2018-09-22T08:10:30Z</time><extensions><gpxtpx:TrackPointExtension><gpxtpx:depth>0.00</gpxtpx:depth></gpxtpx:TrackPointExtension></extensions></trkpt><trkpt lat="43.8745210413" lon="111.6841107421"><ele>975.40</ele><time>2018-09-22T08:10:35Z</time><extensions><gpxtpx:TrackPointExtension><gpxtpx:depth>0.00</gpxtpx:depth></gpxtpx:TrackPointExtension></extensions></trkpt><trkpt lat="43.8745087199" lon="111.6841332894"><ele>975.38</ele><time>2018-09-22T08:10:36Z</time><extensions><gpxtpx:TrackPointExtension><gpxtpx:depth>0.00</gpxtpx:depth></gpxtpx:TrackPointExtension></extensions></trkpt><trkpt lat="43.8742322009" lon="111.6845462658"><ele>974.89</ele><time>2018-09-22T08:10:50Z</time><extensions><gpxtpx:TrackPointExtension><gpxtpx:depth>0.00</gpxtpx:depth></gpxtpx:TrackPointExtension></extensions></trkpt><trkpt lat="43.8736862876" lon="111.6853710450"><ele>973.72</ele><time>2018-09-22T08:11:08Z</time><extensions><gpxtpx:TrackPointExtension><gpxtpx:depth>0.00</gpxtpx:depth></gpxtpx:TrackPointExtension></extensions></trkpt><trkpt lat="43.8729428966" lon="111.6865067091"><ele>972.42</ele><time>2018-09-22T08:11:29Z</time><extensions><gpxtpx:TrackPointExtension><gpxtpx:depth>0.00</gpxtpx:depth></gpxtpx:TrackPointExtension></extensions></trkpt><trkpt lat="43.8723154273" lon="111.6875963565"><ele>972.04</ele><time>2018-09-22T08:11:48Z</time><extensions><gpxtpx:TrackPointExtension><gpxtpx:depth>0.00</gpxtpx:depth></gpxtpx:TrackPointExtension></extensions></trkpt><trkpt lat="43.8717928156" lon="111.6889576614"><ele>971.04</ele><time>2018-09-22T08:12:08Z</time><extensions><gpxtpx:TrackPointExtension><gpxtpx:depth>0.00</gpxtpx:depth></gpxtpx:TrackPointExtension></extensions></trkpt><trkpt lat="43.8715040591" lon="111.6903310362"><ele>969.81</ele><time>2018-09-22T08:12:26Z</time><extensions><gpxtpx:TrackPointExtension><gpxtpx:depth>0.00</gpxtpx:depth></gpxtpx:TrackPointExtension></extensions></trkpt><trkpt lat="43.8712342456" lon="111.6922909766"><ele>968.01</ele><time>2018-09-22T08:12:49Z</time><extensions><gpxtpx:TrackPointExtension><gpxtpx:depth>0.00</gpxtpx:depth></gpxtpx:TrackPointExtension></extensions></trkpt><trkpt lat="43.8710612431" lon="111.6935147345"><ele>966.06</ele><time>2018-09-22T08:13:03Z</time><extensions><gpxtpx:TrackPointExtension><gpxtpx:depth>0.00</gpxtpx:depth></gpxtpx:TrackPointExtension></extensions></trkpt><trkpt lat="43.8707729056" lon="111.6956698056"><ele>963.75</ele><time>2018-09-22T08:13:26Z</time><extensions><gpxtpx:TrackPointExtension><gpxtpx:depth>0.00</gpxtpx:depth></gpxtpx:TrackPointExtension></extensions></trkpt><trkpt lat="43.8703793753" lon="111.6976466775"><ele>961.65</ele><time>2018-09-22T08:13:48Z</time><extensions><gpxtpx:TrackPointExtension><gpxtpx:depth>0.00</gpxtpx:depth></gpxtpx:TrackPointExtension></extensions></trkpt><trkpt lat="43.8698456157" lon="111.6992285941"><ele>960.79</ele><time>2018-09-22T08:14:10Z</time><extensions><gpxtpx:TrackPointExtension><gpxtpx:depth>0.00</gpxtpx:depth></gpxtpx:TrackPointExtension></extensions></trkpt><trkpt lat="43.8691764046" lon="111.7009405978"><ele>960.96</ele><time>2018-09-22T08:14:36Z</time><extensions><gpxtpx:TrackPointExtension><gpxtpx:depth>0.00</gpxtpx:depth></gpxtpx:TrackPointExtension></extensions></trkpt><trkpt lat="43.8685004879" lon="111.7026656773"><ele>960.26</ele><time>2018-09-22T08:15:00Z</time><extensions><gpxtpx:TrackPointExtension><gpxtpx:depth>0.00</gpxtpx:depth></gpxtpx:TrackPointExtension></extensions></trkpt><trkpt lat="43.8677420095" lon="111.7046397831"><ele>957.97</ele><time>2018-09-22T08:15:24Z</time><extensions><gpxtpx:TrackPointExtension><gpxtpx:depth>0.00</gpxtpx:depth></gpxtpx:TrackPointExtension></extensions></trkpt><trkpt lat="43.8669448905" lon="111.7065014876"><ele>955.46</ele><time>2018-09-22T08:15:46Z</time><extensions><gpxtpx:TrackPointExtension><gpxtpx:depth>0.00</gpxtpx:depth></gpxtpx:TrackPointExtension></extensions></trkpt><trkpt lat="43.8661092147" lon="111.7080534808"><ele>954.41</ele><time>2018-09-22T08:16:07Z</time><extensions><gpxtpx:TrackPointExtension><gpxtpx:depth>0.00</gpxtpx:depth></gpxtpx:TrackPointExtension></extensions></trkpt><trkpt lat="43.8654721063" lon="111.7091520969"><ele>954.13</ele><time>2018-09-22T08:16:25Z</time><extensions><gpxtpx:TrackPointExtension><gpxtpx:depth>0.00</gpxtpx:depth></gpxtpx:TrackPointExtension></extensions></trkpt><trkpt lat="43.8654730283" lon="111.7091504205"><ele>954.19</ele><time>2018-09-22T08:16:29Z</time><extensions><gpxtpx:TrackPointExtension><gpxtpx:depth>0.00</gpxtpx:depth></gpxtpx:TrackPointExtension></extensions></trkpt><trkpt lat="43.8654322922" lon="111.7092458066"><ele>954.04</ele><time>2018-09-22T08:27:06Z</time><extensions><gpxtpx:TrackPointExtension><gpxtpx:depth>0.00</gpxtpx:depth></gpxtpx:TrackPointExtension></extensions></trkpt><trkpt lat="43.8651437033" lon="111.7097499780"><ele>953.98</ele><time>2018-09-22T08:27:21Z</time><extensions><gpxtpx:TrackPointExtension><gpxtpx:depth>0.00</gpxtpx:depth></gpxtpx:TrackPointExtension></extensions></trkpt><trkpt lat="43.8649386819" lon="111.7101094779"><ele>953.96</ele><time>2018-09-22T08:27:29Z</time><extensions><gpxtpx:TrackPointExtension><gpxtpx:depth>0.00</gpxtpx:depth></gpxtpx:TrackPointExtension></extensions></trkpt><trkpt lat="43.8649152126" lon="111.7101569194"><ele>953.94</ele><time>2018-09-22T08:27:30Z</time><extensions><gpxtpx:TrackPointExtension><gpxtpx:depth>0.00</gpxtpx:depth></gpxtpx:TrackPointExtension></extensions></trkpt><trkpt lat="43.8643117994" lon="111.7112189066"><ele>953.56</ele><time>2018-09-22T08:27:51Z</time><extensions><gpxtpx:TrackPointExtension><gpxtpx:depth>0.00</gpxtpx:depth></gpxtpx:TrackPointExtension></extensions></trkpt><trkpt lat="43.8633745350" lon="111.7128500249"><ele>953.34</ele><time>2018-09-22T08:28:21Z</time><extensions><gpxtpx:TrackPointExtension><gpxtpx:depth>0.00</gpxtpx:depth></gpxtpx:TrackPointExtension></extensions></trkpt><trkpt lat="43.8623463269" lon="111.7144690733"><ele>952.42</ele><time>2018-09-22T08:28:51Z</time><extensions><gpxtpx:TrackPointExtension><gpxtpx:depth>0.00</gpxtpx:depth></gpxtpx:TrackPointExtension></extensions></trkpt><trkpt lat="43.8615303487" lon="111.7155616544"><ele>951.44</ele><time>2018-09-22T08:29:11Z</time><extensions><gpxtpx:TrackPointExtension><gpxtpx:depth>0.00</gpxtpx:depth></gpxtpx:TrackPointExtension></extensions></trkpt><trkpt lat="43.8605790865" lon="111.7167963926"><ele>949.39</ele><time>2018-09-22T08:29:32Z</time><extensions><gpxtpx:TrackPointExtension><gpxtpx:depth>0.00</gpxtpx:depth></gpxtpx:TrackPointExtension></extensions></trkpt><trkpt lat="43.8592859264" lon="111.7184672412"><ele>947.49</ele><time>2018-09-22T08:29:59Z</time><extensions><gpxtpx:TrackPointExtension><gpxtpx:depth>0.00</gpxtpx:depth></gpxtpx:TrackPointExtension></extensions></trkpt><trkpt lat="43.8581785094" lon="111.7199147120"><ele>945.33</ele><time>2018-09-22T08:30:21Z</time><extensions><gpxtpx:TrackPointExtension><gpxtpx:depth>0.00</gpxtpx:depth></gpxtpx:TrackPointExtension></extensions></trkpt><trkpt lat="43.8569092378" lon="111.7215538770"><ele>943.42</ele><time>2018-09-22T08:30:45Z</time><extensions><gpxtpx:TrackPointExtension><gpxtpx:depth>0.00</gpxtpx:depth></gpxtpx:TrackPointExtension></extensions></trkpt><trkpt lat="43.8558594882" lon="111.7229190376"><ele>941.56</ele><time>2018-09-22T08:31:05Z</time><extensions><gpxtpx:TrackPointExtension><gpxtpx:depth>0.00</gpxtpx:depth></gpxtpx:TrackPointExtension></extensions></trkpt><trkpt lat="43.8546892907" lon="111.7244393472"><ele>939.47</ele><time>2018-09-22T08:31:29Z</time><extensions><gpxtpx:TrackPointExtension><gpxtpx:depth>0.00</gpxtpx:depth></gpxtpx:TrackPointExtension></extensions></trkpt><trkpt lat="43.8535330072" lon="111.7259529512"><ele>938.81</ele><time>2018-09-22T08:31:55Z</time><extensions><gpxtpx:TrackPointExtension><gpxtpx:depth>0.00</gpxtpx:depth></gpxtpx:TrackPointExtension></extensions></trkpt><trkpt lat="43.8526961580" lon="111.7270343844"><ele>939.14</ele><time>2018-09-22T08:32:17Z</time><extensions><gpxtpx:TrackPointExtension><gpxtpx:depth>0.00</gpxtpx:depth></gpxtpx:TrackPointExtension></extensions></trkpt><trkpt lat="43.8525563478" lon="111.7272054590"><ele>939.26</ele><time>2018-09-22T08:32:27Z</time><extensions><gpxtpx:TrackPointExtension><gpxtpx:depth>0.00</gpxtpx:depth></gpxtpx:TrackPointExtension></extensions></trkpt><trkpt lat="43.8525167014" lon="111.7272506375"><ele>939.61</ele><time>2018-09-22T08:35:06Z</time><extensions><gpxtpx:TrackPointExtension><gpxtpx:depth>0.00</gpxtpx:depth></gpxtpx:TrackPointExtension></extensions></trkpt><trkpt lat="43.8522937428" lon="111.7275429145"><ele>939.13</ele><time>2018-09-22T08:35:18Z</time><extensions><gpxtpx:TrackPointExtension><gpxtpx:depth>0.00</gpxtpx:depth></gpxtpx:TrackPointExtension></extensions></trkpt><trkpt lat="43.8521538489" lon="111.7277188506"><ele>939.02</ele><time>2018-09-22T08:35:29Z</time><extensions><gpxtpx:TrackPointExtension><gpxtpx:depth>0.00</gpxtpx:depth></gpxtpx:TrackPointExtension></extensions></trkpt><trkpt lat="43.8521217462" lon="111.7277746741"><ele>939.36</ele><time>2018-09-22T08:35:37Z</time><extensions><gpxtpx:TrackPointExtension><gpxtpx:depth>0.00</gpxtpx:depth></gpxtpx:TrackPointExtension></extensions></trkpt><trkpt lat="43.8517512660" lon="111.7282624170"><ele>938.96</ele><time>2018-09-22T08:35:52Z</time><extensions><gpxtpx:TrackPointExtension><gpxtpx:depth>0.00</gpxtpx:depth></gpxtpx:TrackPointExtension></extensions></trkpt><trkpt lat="43.8507884368" lon="111.7295178585"><ele>939.35</ele><time>2018-09-22T08:36:21Z</time><extensions><gpxtpx:TrackPointExtension><gpxtpx:depth>0.00</gpxtpx:depth></gpxtpx:TrackPointExtension></extensions></trkpt><trkpt lat="43.8499735482" lon="111.7305652611"><ele>940.75</ele><time>2018-09-22T08:36:46Z</time><extensions><gpxtpx:TrackPointExtension><gpxtpx:depth>0.00</gpxtpx:depth></gpxtpx:TrackPointExtension></extensions></trkpt><trkpt lat="43.8499286212" lon="111.7305992916"><ele>941.47</ele><time>2018-09-22T08:36:53Z</time><extensions><gpxtpx:TrackPointExtension><gpxtpx:depth>0.00</gpxtpx:depth></gpxtpx:TrackPointExtension></extensions></trkpt><trkpt lat="43.8498872984" lon="111.7306691129"><ele>942.32</ele><time>2018-09-22T08:43:35Z</time><extensions><gpxtpx:TrackPointExtension><gpxtpx:depth>0.00</gpxtpx:depth></gpxtpx:TrackPointExtension></extensions></trkpt><trkpt lat="43.8498741388" lon="111.7306920793"><ele>942.28</ele><time>2018-09-22T08:43:36Z</time><extensions><gpxtpx:TrackPointExtension><gpxtpx:depth>0.00</gpxtpx:depth></gpxtpx:TrackPointExtension></extensions></trkpt><trkpt lat="43.8498595543" lon="111.7307152972"><ele>942.25</ele><time>2018-09-22T08:43:37Z</time><extensions><gpxtpx:TrackPointExtension><gpxtpx:depth>0.00</gpxtpx:depth></gpxtpx:TrackPointExtension></extensions></trkpt><trkpt lat="43.8498421200" lon="111.7307369225"><ele>942.22</ele><time>2018-09-22T08:43:38Z</time><extensions><gpxtpx:TrackPointExtension><gpxtpx:depth>0.00</gpxtpx:depth></gpxtpx:TrackPointExtension></extensions></trkpt><trkpt lat="43.8498232607" lon="111.7307569552"><ele>942.21</ele><time>2018-09-22T08:43:39Z</time><extensions><gpxtpx:TrackPointExtension><gpxtpx:depth>0.00</gpxtpx:depth></gpxtpx:TrackPointExtension></extensions></trkpt><trkpt lat="43.8494411297" lon="111.7312503979"><ele>942.39</ele><time>2018-09-22T08:43:56Z</time><extensions><gpxtpx:TrackPointExtension><gpxtpx:depth>0.00</gpxtpx:depth></gpxtpx:TrackPointExtension></extensions></trkpt><trkpt lat="43.8490916044" lon="111.7316977400"><ele>943.19</ele><time>2018-09-22T08:44:13Z</time><extensions><gpxtpx:TrackPointExtension><gpxtpx:depth>0.00</gpxtpx:depth></gpxtpx:TrackPointExtension></extensions></trkpt><trkpt lat="43.8486491237" lon="111.7322766781"><ele>943.96</ele><time>2018-09-22T08:44:31Z</time><extensions><gpxtpx:TrackPointExtension><gpxtpx:depth>0.00</gpxtpx:depth></gpxtpx:TrackPointExtension></extensions></trkpt><trkpt lat="43.8479877077" lon="111.7331205681"><ele>945.19</ele><time>2018-09-22T08:44:54Z</time><extensions><gpxtpx:TrackPointExtension><gpxtpx:depth>0.00</gpxtpx:depth></gpxtpx:TrackPointExtension></extensions></trkpt><trkpt lat="43.8472378626" lon="111.7339488678"><ele>946.38</ele><time>2018-09-22T08:45:17Z</time><extensions><gpxtpx:TrackPointExtension><gpxtpx:depth>0.00</gpxtpx:depth></gpxtpx:TrackPointExtension></extensions></trkpt><trkpt lat="43.8463414181" lon="111.7346967012"><ele>947.27</ele><time>2018-09-22T08:45:40Z</time><extensions><gpxtpx:TrackPointExtension><gpxtpx:depth>0.00</gpxtpx:depth></gpxtpx:TrackPointExtension></extensions></trkpt><trkpt lat="43.8451722264" lon="111.7354830075"><ele>947.92</ele><time>2018-09-22T08:46:08Z</time><extensions><gpxtpx:TrackPointExtension><gpxtpx:depth>0.00</gpxtpx:depth></gpxtpx:TrackPointExtension></extensions></trkpt><trkpt lat="43.8441378996" lon="111.7361548170"><ele>948.29</ele><time>2018-09-22T08:46:32Z</time><extensions><gpxtpx:TrackPointExtension><gpxtpx:depth>0.00</gpxtpx:depth></gpxtpx:TrackPointExtension></extensions></trkpt><trkpt lat="43.8433246035" lon="111.7367251217"><ele>948.51</ele><time>2018-09-22T08:46:51Z</time><extensions><gpxtpx:TrackPointExtension><gpxtpx:depth>0.00</gpxtpx:depth></gpxtpx:TrackPointExtension></extensions></trkpt><trkpt lat="43.8420673180" lon="111.7379396595"><ele>948.80</ele><time>2018-09-22T08:47:22Z</time><extensions><gpxtpx:TrackPointExtension><gpxtpx:depth>0.00</gpxtpx:depth></gpxtpx:TrackPointExtension></extensions></trkpt><trkpt lat="43.8412841968" lon="111.7388877366"><ele>949.54</ele><time>2018-09-22T08:47:45Z</time><extensions><gpxtpx:TrackPointExtension><gpxtpx:depth>0.00</gpxtpx:depth></gpxtpx:TrackPointExtension></extensions></trkpt><trkpt lat="43.8412874658" lon="111.7388824560"><ele>949.91</ele><time>2018-09-22T08:47:49Z</time><extensions><gpxtpx:TrackPointExtension><gpxtpx:depth>0.00</gpxtpx:depth></gpxtpx:TrackPointExtension></extensions></trkpt><trkpt lat="43.8412527647" lon="111.7389609106"><ele>950.37</ele><time>2018-09-22T08:47:55Z</time><extensions><gpxtpx:TrackPointExtension><gpxtpx:depth>0.00</gpxtpx:depth></gpxtpx:TrackPointExtension></extensions></trkpt><trkpt lat="43.8408399560" lon="111.7394821811"><ele>950.06</ele><time>2018-09-22T08:48:10Z</time><extensions><gpxtpx:TrackPointExtension><gpxtpx:depth>0.00</gpxtpx:depth></gpxtpx:TrackPointExtension></extensions></trkpt><trkpt lat="43.8400391489" lon="111.7405128200"><ele>950.49</ele><time>2018-09-22T08:48:34Z</time><extensions><gpxtpx:TrackPointExtension><gpxtpx:depth>0.00</gpxtpx:depth></gpxtpx:TrackPointExtension></extensions></trkpt><trkpt lat="43.8394875359" lon="111.7412200011"><ele>950.97</ele><time>2018-09-22T08:48:52Z</time><extensions><gpxtpx:TrackPointExtension><gpxtpx:depth>0.00</gpxtpx:depth></gpxtpx:TrackPointExtension></extensions></trkpt><trkpt lat="43.8392276969" lon="111.7416669242"><ele>950.77</ele><time>2018-09-22T08:49:04Z</time><extensions><gpxtpx:TrackPointExtension><gpxtpx:depth>0.00</gpxtpx:depth></gpxtpx:TrackPointExtension></extensions></trkpt><trkpt lat="43.8392703608" lon="111.7416971829"><ele>950.74</ele><time>2018-09-22T08:49:07Z</time><extensions><gpxtpx:TrackPointExtension><gpxtpx:depth>0.00</gpxtpx:depth></gpxtpx:TrackPointExtension></extensions></trkpt><trkpt lat="43.8393696025" lon="111.7416583747"><ele>950.26</ele><time>2018-09-22T08:49:17Z</time><extensions><gpxtpx:TrackPointExtension><gpxtpx:depth>0.00</gpxtpx:depth></gpxtpx:TrackPointExtension></extensions></trkpt><trkpt lat="43.8393766433" lon="111.7416628171"><ele>950.87</ele><time>2018-09-22T09:24:03Z</time><extensions><gpxtpx:TrackPointExtension><gpxtpx:depth>0.00</gpxtpx:depth></gpxtpx:TrackPointExtension></extensions></trkpt><trkpt lat="43.8391736336" lon="111.7418049742"><ele>950.56</ele><time>2018-09-22T09:24:17Z</time><extensions><gpxtpx:TrackPointExtension><gpxtpx:depth>0.00</gpxtpx:depth></gpxtpx:TrackPointExtension></extensions></trkpt><trkpt lat="43.8391737174" lon="111.7418081593"><ele>950.55</ele><time>2018-09-22T09:24:20Z</time><extensions><gpxtpx:TrackPointExtension><gpxtpx:depth>0.00</gpxtpx:depth></gpxtpx:TrackPointExtension></extensions></trkpt><trkpt lat="43.8391173910" lon="111.7418515775"><ele>950.46</ele><time>2018-09-22T09:24:36Z</time><extensions><gpxtpx:TrackPointExtension><gpxtpx:depth>0.00</gpxtpx:depth></gpxtpx:TrackPointExtension></extensions></trkpt><trkpt lat="43.8388199173" lon="111.7421180382"><ele>950.21</ele><time>2018-09-22T09:24:48Z</time><extensions><gpxtpx:TrackPointExtension><gpxtpx:depth>0.00</gpxtpx:depth></gpxtpx:TrackPointExtension></extensions></trkpt><trkpt lat="43.8380345330" lon="111.7431330867"><ele>948.93</ele><time>2018-09-22T09:25:10Z</time><extensions><gpxtpx:TrackPointExtension><gpxtpx:depth>0.00</gpxtpx:depth></gpxtpx:TrackPointExtension></extensions></trkpt><trkpt lat="43.8370867074" lon="111.7443545815"><ele>947.31</ele><time>2018-09-22T09:25:33Z</time><extensions><gpxtpx:TrackPointExtension><gpxtpx:depth>0.00</gpxtpx:depth></gpxtpx:TrackPointExtension></extensions></trkpt><trkpt lat="43.8358557411" lon="111.7459434550"><ele>945.55</ele><time>2018-09-22T09:25:59Z</time><extensions><gpxtpx:TrackPointExtension><gpxtpx:depth>0.00</gpxtpx:depth></gpxtpx:TrackPointExtension></extensions></trkpt><trkpt lat="43.8345386926" lon="111.7476421315"><ele>943.29</ele><time>2018-09-22T09:26:25Z</time><extensions><gpxtpx:TrackPointExtension><gpxtpx:depth>0.00</gpxtpx:depth></gpxtpx:TrackPointExtension></extensions></trkpt><trkpt lat="43.8336942159" lon="111.7487218883"><ele>943.63</ele><time>2018-09-22T09:26:45Z</time><extensions><gpxtpx:TrackPointExtension><gpxtpx:depth>0.00</gpxtpx:depth></gpxtpx:TrackPointExtension></extensions></trkpt><trkpt lat="43.8329911418" lon="111.7496256251"><ele>945.96</ele><time>2018-09-22T09:27:08Z</time><extensions><gpxtpx:TrackPointExtension><gpxtpx:depth>0.00</gpxtpx:depth></gpxtpx:TrackPointExtension></extensions></trkpt><trkpt lat="43.8322734833" lon="111.7505219858"><ele>948.15</ele><time>2018-09-22T09:27:33Z</time><extensions><gpxtpx:TrackPointExtension><gpxtpx:depth>0.00</gpxtpx:depth></gpxtpx:TrackPointExtension></extensions></trkpt><trkpt lat="43.8314770348" lon="111.7515548877"><ele>950.99</ele><time>2018-09-22T09:28:00Z</time><extensions><gpxtpx:TrackPointExtension><gpxtpx:depth>0.00</gpxtpx:depth></gpxtpx:TrackPointExtension></extensions></trkpt><trkpt lat="43.8306886330" lon="111.7525823414"><ele>952.92</ele><time>2018-09-22T09:28:26Z</time><extensions><gpxtpx:TrackPointExtension><gpxtpx:depth>0.00</gpxtpx:depth></gpxtpx:TrackPointExtension></extensions></trkpt><trkpt lat="43.8297009934" lon="111.7539225239"><ele>953.68</ele><time>2018-09-22T09:28:56Z</time><extensions><gpxtpx:TrackPointExtension><gpxtpx:depth>0.00</gpxtpx:depth></gpxtpx:TrackPointExtension></extensions></trkpt><trkpt lat="43.8287001941" lon="111.7552932166"><ele>953.01</ele><time>2018-09-22T09:29:23Z</time><extensions><gpxtpx:TrackPointExtension><gpxtpx:depth>0.00</gpxtpx:depth></gpxtpx:TrackPointExtension></extensions></trkpt><trkpt lat="43.8275274821" lon="111.7568921484"><ele>952.01</ele><time>2018-09-22T09:29:52Z</time><extensions><gpxtpx:TrackPointExtension><gpxtpx:depth>0.00</gpxtpx:depth></gpxtpx:TrackPointExtension></extensions></trkpt><trkpt lat="43.8263372518" lon="111.7585181538"><ele>951.46</ele><time>2018-09-22T09:30:20Z</time><extensions><gpxtpx:TrackPointExtension><gpxtpx:depth>0.00</gpxtpx:depth></gpxtpx:TrackPointExtension></extensions></trkpt><trkpt lat="43.8254569843" lon="111.7597073782"><ele>951.05</ele><time>2018-09-22T09:30:40Z</time><extensions><gpxtpx:TrackPointExtension><gpxtpx:depth>0.00</gpxtpx:depth></gpxtpx:TrackPointExtension></extensions></trkpt><trkpt lat="43.8241941668" lon="111.7613686714"><ele>949.95</ele><time>2018-09-22T09:31:08Z</time><extensions><gpxtpx:TrackPointExtension><gpxtpx:depth>0.00</gpxtpx:depth></gpxtpx:TrackPointExtension></extensions></trkpt><trkpt lat="43.8228464406" lon="111.7630641628"><ele>947.22</ele><time>2018-09-22T09:31:34Z</time><extensions><gpxtpx:TrackPointExtension><gpxtpx:depth>0.00</gpxtpx:depth></gpxtpx:TrackPointExtension></extensions></trkpt><trkpt lat="43.8213214371" lon="111.7649583891"><ele>944.54</ele><time>2018-09-22T09:32:01Z</time><extensions><gpxtpx:TrackPointExtension><gpxtpx:depth>0.00</gpxtpx:depth></gpxtpx:TrackPointExtension></extensions></trkpt><trkpt lat="43.8199947495" lon="111.7666124739"><ele>941.85</ele><time>2018-09-22T09:32:25Z</time><extensions><gpxtpx:TrackPointExtension><gpxtpx:depth>0.00</gpxtpx:depth></gpxtpx:TrackPointExtension></extensions></trkpt><trkpt lat="43.8184546586" lon="111.7685226258"><ele>938.87</ele><time>2018-09-22T09:32:55Z</time><extensions><gpxtpx:TrackPointExtension><gpxtpx:depth>0.00</gpxtpx:depth></gpxtpx:TrackPointExtension></extensions></trkpt><trkpt lat="43.8170383684" lon="111.7702760361"><ele>936.70</ele><time>2018-09-22T09:33:22Z</time><extensions><gpxtpx:TrackPointExtension><gpxtpx:depth>0.00</gpxtpx:depth></gpxtpx:TrackPointExtension></extensions></trkpt><trkpt lat="43.8156040572" lon="111.7720672488"><ele>934.40</ele><time>2018-09-22T09:33:50Z</time><extensions><gpxtpx:TrackPointExtension><gpxtpx:depth>0.00</gpxtpx:depth></gpxtpx:TrackPointExtension></extensions></trkpt><trkpt lat="43.8138949033" lon="111.7741954140"><ele>931.95</ele><time>2018-09-22T09:34:22Z</time><extensions><gpxtpx:TrackPointExtension><gpxtpx:depth>0.00</gpxtpx:depth></gpxtpx:TrackPointExtension></extensions></trkpt><trkpt lat="43.8125082012" lon="111.7759277858"><ele>929.85</ele><time>2018-09-22T09:34:48Z</time><extensions><gpxtpx:TrackPointExtension><gpxtpx:depth>0.00</gpxtpx:depth></gpxtpx:TrackPointExtension></extensions></trkpt><trkpt lat="43.8117118366" lon="111.7769288365"><ele>929.04</ele><time>2018-09-22T09:35:04Z</time><extensions><gpxtpx:TrackPointExtension><gpxtpx:depth>0.00</gpxtpx:depth></gpxtpx:TrackPointExtension></extensions></trkpt><trkpt lat="43.8107427210" lon="111.7781194020"><ele>928.25</ele><time>2018-09-22T09:35:25Z</time><extensions><gpxtpx:TrackPointExtension><gpxtpx:depth>0.00</gpxtpx:depth></gpxtpx:TrackPointExtension></extensions></trkpt><trkpt lat="43.8096344657" lon="111.7794942018"><ele>927.80</ele><time>2018-09-22T09:35:50Z</time><extensions><gpxtpx:TrackPointExtension><gpxtpx:depth>0.00</gpxtpx:depth></gpxtpx:TrackPointExtension></extensions></trkpt><trkpt lat="43.8086388633" lon="111.7807314545"><ele>927.26</ele><time>2018-09-22T09:36:13Z</time><extensions><gpxtpx:TrackPointExtension><gpxtpx:depth>0.00</gpxtpx:depth></gpxtpx:TrackPointExtension></extensions></trkpt><trkpt lat="43.8076768722" lon="111.7819202598"><ele>927.63</ele><time>2018-09-22T09:36:37Z</time><extensions><gpxtpx:TrackPointExtension><gpxtpx:depth>0.00</gpxtpx:depth></gpxtpx:TrackPointExtension></extensions></trkpt><trkpt lat="43.8066566270" lon="111.7831899505"><ele>927.93</ele><time>2018-09-22T09:37:03Z</time><extensions><gpxtpx:TrackPointExtension><gpxtpx:depth>0.00</gpxtpx:depth></gpxtpx:TrackPointExtension></extensions></trkpt><trkpt lat="43.8058590051" lon="111.7841852177"><ele>928.09</ele><time>2018-09-22T09:37:23Z</time><extensions><gpxtpx:TrackPointExtension><gpxtpx:depth>0.00</gpxtpx:depth></gpxtpx:TrackPointExtension></extensions></trkpt><trkpt lat="43.8058179338" lon="111.7842288036"><ele>928.10</ele><time>2018-09-22T09:37:24Z</time><extensions><gpxtpx:TrackPointExtension><gpxtpx:depth>0.00</gpxtpx:depth></gpxtpx:TrackPointExtension></extensions></trkpt><trkpt lat="43.8051110040" lon="111.7850923911"><ele>928.51</ele><time>2018-09-22T09:37:44Z</time><extensions><gpxtpx:TrackPointExtension><gpxtpx:depth>0.00</gpxtpx:depth></gpxtpx:TrackPointExtension></extensions></trkpt><trkpt lat="43.8042557146" lon="111.7861317471"><ele>928.75</ele><time>2018-09-22T09:38:06Z</time><extensions><gpxtpx:TrackPointExtension><gpxtpx:depth>0.00</gpxtpx:depth></gpxtpx:TrackPointExtension></extensions></trkpt><trkpt lat="43.8031804003" lon="111.7873988394"><ele>928.51</ele><time>2018-09-22T09:38:32Z</time><extensions><gpxtpx:TrackPointExtension><gpxtpx:depth>0.00</gpxtpx:depth></gpxtpx:TrackPointExtension></extensions></trkpt><trkpt lat="43.8020875677" lon="111.7886373494"><ele>928.28</ele><time>2018-09-22T09:38:57Z</time><extensions><gpxtpx:TrackPointExtension><gpxtpx:depth>0.00</gpxtpx:depth></gpxtpx:TrackPointExtension></extensions></trkpt><trkpt lat="43.8010849245" lon="111.7897847481"><ele>928.15</ele><time>2018-09-22T09:39:20Z</time><extensions><gpxtpx:TrackPointExtension><gpxtpx:depth>0.00</gpxtpx:depth></gpxtpx:TrackPointExtension></extensions></trkpt><trkpt lat="43.8000027370" lon="111.7910261080"><ele>927.63</ele><time>2018-09-22T09:39:44Z</time><extensions><gpxtpx:TrackPointExtension><gpxtpx:depth>0.00</gpxtpx:depth></gpxtpx:TrackPointExtension></extensions></trkpt><trkpt lat="43.7990349624" lon="111.7921302561"><ele>926.65</ele><time>2018-09-22T09:40:04Z</time><extensions><gpxtpx:TrackPointExtension><gpxtpx:depth>0.00</gpxtpx:depth></gpxtpx:TrackPointExtension></extensions></trkpt><trkpt lat="43.7979253661" lon="111.7934077419"><ele>925.60</ele><time>2018-09-22T09:40:27Z</time><extensions><gpxtpx:TrackPointExtension><gpxtpx:depth>0.00</gpxtpx:depth></gpxtpx:TrackPointExtension></extensions></trkpt><trkpt lat="43.7971082982" lon="111.7943387199"><ele>924.51</ele><time>2018-09-22T09:40:45Z</time><extensions><gpxtpx:TrackPointExtension><gpxtpx:depth>0.00</gpxtpx:depth></gpxtpx:TrackPointExtension></extensions></trkpt><trkpt lat="43.7970611919" lon="111.7943763547"><ele>924.52</ele><time>2018-09-22T09:40:50Z</time><extensions><gpxtpx:TrackPointExtension><gpxtpx:depth>0.00</gpxtpx:depth></gpxtpx:TrackPointExtension></extensions></trkpt><trkpt lat="43.7970418297" lon="111.7944196053"><ele>925.00</ele><time>2018-09-22T09:41:32Z</time><extensions><gpxtpx:TrackPointExtension><gpxtpx:depth>0.00</gpxtpx:depth></gpxtpx:TrackPointExtension></extensions></trkpt><trkpt lat="43.7970292568" lon="111.7944331840"><ele>925.00</ele><time>2018-09-22T09:41:33Z</time><extensions><gpxtpx:TrackPointExtension><gpxtpx:depth>0.00</gpxtpx:depth></gpxtpx:TrackPointExtension></extensions></trkpt><trkpt lat="43.7970109005" lon="111.7944531329"><ele>924.99</ele><time>2018-09-22T09:41:34Z</time><extensions><gpxtpx:TrackPointExtension><gpxtpx:depth>0.00</gpxtpx:depth></gpxtpx:TrackPointExtension></extensions></trkpt><trkpt lat="43.7969922926" lon="111.7944736686"><ele>924.96</ele><time>2018-09-22T09:41:35Z</time><extensions><gpxtpx:TrackPointExtension><gpxtpx:depth>0.00</gpxtpx:depth></gpxtpx:TrackPointExtension></extensions></trkpt><trkpt lat="43.7965501472" lon="111.7950103618"><ele>924.54</ele><time>2018-09-22T09:41:50Z</time><extensions><gpxtpx:TrackPointExtension><gpxtpx:depth>0.00</gpxtpx:depth></gpxtpx:TrackPointExtension></extensions></trkpt><trkpt lat="43.7958550360" lon="111.7957804911"><ele>924.73</ele><time>2018-09-22T09:42:09Z</time><extensions><gpxtpx:TrackPointExtension><gpxtpx:depth>0.00</gpxtpx:depth></gpxtpx:TrackPointExtension></extensions></trkpt><trkpt lat="43.7947763689" lon="111.7970138881"><ele>925.32</ele><time>2018-09-22T09:42:37Z</time><extensions><gpxtpx:TrackPointExtension><gpxtpx:depth>0.00</gpxtpx:depth></gpxtpx:TrackPointExtension></extensions></trkpt><trkpt lat="43.7937150523" lon="111.7982339580"><ele>925.94</ele><time>2018-09-22T09:43:05Z</time><extensions><gpxtpx:TrackPointExtension><gpxtpx:depth>0.00</gpxtpx:depth></gpxtpx:TrackPointExtension></extensions></trkpt><trkpt lat="43.7926544901" lon="111.7994548660"><ele>927.06</ele><time>2018-09-22T09:43:33Z</time><extensions><gpxtpx:TrackPointExtension><gpxtpx:depth>0.00</gpxtpx:depth></gpxtpx:TrackPointExtension></extensions></trkpt><trkpt lat="43.7917917408" lon="111.8004436791"><ele>928.15</ele><time>2018-09-22T09:43:55Z</time><extensions><gpxtpx:TrackPointExtension><gpxtpx:depth>0.00</gpxtpx:depth></gpxtpx:TrackPointExtension></extensions></trkpt><trkpt lat="43.7907768600" lon="111.8016089313"><ele>929.46</ele><time>2018-09-22T09:44:21Z</time><extensions><gpxtpx:TrackPointExtension><gpxtpx:depth>0.00</gpxtpx:depth></gpxtpx:TrackPointExtension></extensions></trkpt><trkpt lat="43.7899706047" lon="111.8025348801"><ele>930.38</ele><time>2018-09-22T09:44:43Z</time><extensions><gpxtpx:TrackPointExtension><gpxtpx:depth>0.00</gpxtpx:depth></gpxtpx:TrackPointExtension></extensions></trkpt><trkpt lat="43.7889048457" lon="111.8037535250"><ele>931.69</ele><time>2018-09-22T09:45:11Z</time><extensions><gpxtpx:TrackPointExtension><gpxtpx:depth>0.00</gpxtpx:depth></gpxtpx:TrackPointExtension></extensions></trkpt><trkpt lat="43.7880877778" lon="111.8046928849"><ele>932.83</ele><time>2018-09-22T09:45:34Z</time><extensions><gpxtpx:TrackPointExtension><gpxtpx:depth>0.00</gpxtpx:depth></gpxtpx:TrackPointExtension></extensions></trkpt><trkpt lat="43.7871733122" lon="111.8057376891"><ele>933.86</ele><time>2018-09-22T09:46:00Z</time><extensions><gpxtpx:TrackPointExtension><gpxtpx:depth>0.00</gpxtpx:depth></gpxtpx:TrackPointExtension></extensions></trkpt><trkpt lat="43.7863407377" lon="111.8066800665"><ele>934.56</ele><time>2018-09-22T09:46:24Z</time><extensions><gpxtpx:TrackPointExtension><gpxtpx:depth>0.00</gpxtpx:depth></gpxtpx:TrackPointExtension></extensions></trkpt><trkpt lat="43.7856318802" lon="111.8075023312"><ele>935.54</ele><time>2018-09-22T09:46:46Z</time><extensions><gpxtpx:TrackPointExtension><gpxtpx:depth>0.00</gpxtpx:depth></gpxtpx:TrackPointExtension></extensions></trkpt><trkpt lat="43.7853890564" lon="111.8077877350"><ele>935.89</ele><time>2018-09-22T09:47:01Z</time><extensions><gpxtpx:TrackPointExtension><gpxtpx:depth>0.00</gpxtpx:depth></gpxtpx:TrackPointExtension></extensions></trkpt><trkpt lat="43.7853897270" lon="111.8077879027"><ele>935.94</ele><time>2018-09-22T09:47:02Z</time><extensions><gpxtpx:TrackPointExtension><gpxtpx:depth>0.00</gpxtpx:depth></gpxtpx:TrackPointExtension></extensions></trkpt><trkpt lat="43.7853810936" lon="111.8078459054"><ele>936.75</ele><time>2018-09-22T09:48:20Z</time><extensions><gpxtpx:TrackPointExtension><gpxtpx:depth>0.00</gpxtpx:depth></gpxtpx:TrackPointExtension></extensions></trkpt><trkpt lat="43.7853662577" lon="111.8078594003"><ele>936.68</ele><time>2018-09-22T09:48:21Z</time><extensions><gpxtpx:TrackPointExtension><gpxtpx:depth>0.00</gpxtpx:depth></gpxtpx:TrackPointExtension></extensions></trkpt><trkpt lat="43.7853473984" lon="111.8078784272"><ele>936.63</ele><time>2018-09-22T09:48:22Z</time><extensions><gpxtpx:TrackPointExtension><gpxtpx:depth>0.00</gpxtpx:depth></gpxtpx:TrackPointExtension></extensions></trkpt><trkpt lat="43.7853282038" lon="111.8078982085"><ele>936.59</ele><time>2018-09-22T09:48:23Z</time><extensions><gpxtpx:TrackPointExtension><gpxtpx:depth>0.00</gpxtpx:depth></gpxtpx:TrackPointExtension></extensions></trkpt><trkpt lat="43.7851040717" lon="111.8081027269"><ele>936.34</ele><time>2018-09-22T09:48:34Z</time><extensions><gpxtpx:TrackPointExtension><gpxtpx:depth>0.00</gpxtpx:depth></gpxtpx:TrackPointExtension></extensions></trkpt><trkpt lat="43.7850584742" lon="111.8080744799"><ele>936.31</ele><time>2018-09-22T09:48:41Z</time><extensions><gpxtpx:TrackPointExtension><gpxtpx:depth>0.00</gpxtpx:depth></gpxtpx:TrackPointExtension></extensions></trkpt><trkpt lat="43.7850578036" lon="111.8081705365"><ele>936.60</ele><time>2018-09-22T09:49:21Z</time><extensions><gpxtpx:TrackPointExtension><gpxtpx:depth>0.00</gpxtpx:depth></gpxtpx:TrackPointExtension></extensions></trkpt><trkpt lat="43.7850150559" lon="111.8082753941"><ele>936.60</ele><time>2018-09-22T09:49:25Z</time><extensions><gpxtpx:TrackPointExtension><gpxtpx:depth>0.00</gpxtpx:depth></gpxtpx:TrackPointExtension></extensions></trkpt><trkpt lat="43.7846125569" lon="111.8087536655"><ele>936.09</ele><time>2018-09-22T09:49:40Z</time><extensions><gpxtpx:TrackPointExtension><gpxtpx:depth>0.00</gpxtpx:depth></gpxtpx:TrackPointExtension></extensions></trkpt><trkpt lat="43.7838134263" lon="111.8097293191"><ele>935.24</ele><time>2018-09-22T09:50:01Z</time><extensions><gpxtpx:TrackPointExtension><gpxtpx:depth>0.00</gpxtpx:depth></gpxtpx:TrackPointExtension></extensions></trkpt><trkpt lat="43.7826072704" lon="111.8112413306"><ele>932.48</ele><time>2018-09-22T09:50:26Z</time><extensions><gpxtpx:TrackPointExtension><gpxtpx:depth>0.00</gpxtpx:depth></gpxtpx:TrackPointExtension></extensions></trkpt><trkpt lat="43.7813202292" lon="111.8128613848"><ele>930.62</ele><time>2018-09-22T09:50:52Z</time><extensions><gpxtpx:TrackPointExtension><gpxtpx:depth>0.00</gpxtpx:depth></gpxtpx:TrackPointExtension></extensions></trkpt><trkpt lat="43.7801267300" lon="111.8143720552"><ele>930.17</ele><time>2018-09-22T09:51:18Z</time><extensions><gpxtpx:TrackPointExtension><gpxtpx:depth>0.00</gpxtpx:depth></gpxtpx:TrackPointExtension></extensions></trkpt><trkpt lat="43.7791241705" lon="111.8156409077"><ele>930.26</ele><time>2018-09-22T09:51:42Z</time><extensions><gpxtpx:TrackPointExtension><gpxtpx:depth>0.00</gpxtpx:depth></gpxtpx:TrackPointExtension></extensions></trkpt><trkpt lat="43.7781072780" lon="111.8169235904"><ele>930.86</ele><time>2018-09-22T09:52:09Z</time><extensions><gpxtpx:TrackPointExtension><gpxtpx:depth>0.00</gpxtpx:depth></gpxtpx:TrackPointExtension></extensions></trkpt><trkpt lat="43.7771244999" lon="111.8181631900"><ele>932.02</ele><time>2018-09-22T09:52:37Z</time><extensions><gpxtpx:TrackPointExtension><gpxtpx:depth>0.00</gpxtpx:depth></gpxtpx:TrackPointExtension></extensions></trkpt><trkpt lat="43.7762225233" lon="111.8193058111"><ele>933.16</ele><time>2018-09-22T09:53:04Z</time><extensions><gpxtpx:TrackPointExtension><gpxtpx:depth>0.00</gpxtpx:depth></gpxtpx:TrackPointExtension></extensions></trkpt><trkpt lat="43.7752664834" lon="111.8205195107"><ele>934.27</ele><time>2018-09-22T09:53:32Z</time><extensions><gpxtpx:TrackPointExtension><gpxtpx:depth>0.00</gpxtpx:depth></gpxtpx:TrackPointExtension></extensions></trkpt><trkpt lat="43.7745943386" lon="111.8213730399"><ele>934.62</ele><time>2018-09-22T09:53:52Z</time><extensions><gpxtpx:TrackPointExtension><gpxtpx:depth>0.00</gpxtpx:depth></gpxtpx:TrackPointExtension></extensions></trkpt><trkpt lat="43.7736186013" lon="111.8226045091"><ele>934.78</ele><time>2018-09-22T09:54:19Z</time><extensions><gpxtpx:TrackPointExtension><gpxtpx:depth>0.00</gpxtpx:depth></gpxtpx:TrackPointExtension></extensions></trkpt><trkpt lat="43.7727521639" lon="111.8237071484"><ele>934.48</ele><time>2018-09-22T09:54:43Z</time><extensions><gpxtpx:TrackPointExtension><gpxtpx:depth>0.00</gpxtpx:depth></gpxtpx:TrackPointExtension></extensions></trkpt><trkpt lat="43.7717570644" lon="111.8249494303"><ele>934.40</ele><time>2018-09-22T09:55:09Z</time><extensions><gpxtpx:TrackPointExtension><gpxtpx:depth>0.00</gpxtpx:depth></gpxtpx:TrackPointExtension></extensions></trkpt><trkpt lat="43.7707630545" lon="111.8262014352"><ele>934.16</ele><time>2018-09-22T09:55:33Z</time><extensions><gpxtpx:TrackPointExtension><gpxtpx:depth>0.00</gpxtpx:depth></gpxtpx:TrackPointExtension></extensions></trkpt><trkpt lat="43.7698205933" lon="111.8273721356"><ele>935.22</ele><time>2018-09-22T09:55:57Z</time><extensions><gpxtpx:TrackPointExtension><gpxtpx:depth>0.00</gpxtpx:depth></gpxtpx:TrackPointExtension></extensions></trkpt><trkpt lat="43.7689864263" lon="111.8283719290"><ele>936.08</ele><time>2018-09-22T09:56:19Z</time><extensions><gpxtpx:TrackPointExtension><gpxtpx:depth>0.00</gpxtpx:depth></gpxtpx:TrackPointExtension></extensions></trkpt><trkpt lat="43.7680197414" lon="111.8294961937"><ele>936.56</ele><time>2018-09-22T09:56:44Z</time><extensions><gpxtpx:TrackPointExtension><gpxtpx:depth>0.00</gpxtpx:depth></gpxtpx:TrackPointExtension></extensions></trkpt><trkpt lat="43.7670823932" lon="111.8305636290"><ele>936.82</ele><time>2018-09-22T09:57:07Z</time><extensions><gpxtpx:TrackPointExtension><gpxtpx:depth>0.00</gpxtpx:depth></gpxtpx:TrackPointExtension></extensions></trkpt><trkpt lat="43.7660198193" lon="111.8317357544"><ele>936.88</ele><time>2018-09-22T09:57:34Z</time><extensions><gpxtpx:TrackPointExtension><gpxtpx:depth>0.00</gpxtpx:depth></gpxtpx:TrackPointExtension></extensions></trkpt><trkpt lat="43.7650350295" lon="111.8328268267"><ele>937.16</ele><time>2018-09-22T09:58:00Z</time><extensions><gpxtpx:TrackPointExtension><gpxtpx:depth>0.00</gpxtpx:depth></gpxtpx:TrackPointExtension></extensions></trkpt><trkpt lat="43.7644775491" lon="111.8334424775"><ele>937.11</ele><time>2018-09-22T09:58:17Z</time><extensions><gpxtpx:TrackPointExtension><gpxtpx:depth>0.00</gpxtpx:depth></gpxtpx:TrackPointExtension></extensions></trkpt><trkpt lat="43.7640963402" lon="111.8338486645"><ele>937.35</ele><time>2018-09-22T09:58:30Z</time><extensions><gpxtpx:TrackPointExtension><gpxtpx:depth>0.00</gpxtpx:depth></gpxtpx:TrackPointExtension></extensions></trkpt><trkpt lat="43.7636640016" lon="111.8342371657"><ele>937.65</ele><time>2018-09-22T09:58:45Z</time><extensions><gpxtpx:TrackPointExtension><gpxtpx:depth>0.00</gpxtpx:depth></gpxtpx:TrackPointExtension></extensions></trkpt><trkpt lat="43.7634498440" lon="111.8344991840"><ele>937.91</ele><time>2018-09-22T09:58:55Z</time><extensions><gpxtpx:TrackPointExtension><gpxtpx:depth>0.00</gpxtpx:depth></gpxtpx:TrackPointExtension></extensions></trkpt><trkpt lat="43.7631544657" lon="111.8349021021"><ele>937.91</ele><time>2018-09-22T09:59:05Z</time><extensions><gpxtpx:TrackPointExtension><gpxtpx:depth>0.00</gpxtpx:depth></gpxtpx:TrackPointExtension></extensions></trkpt><trkpt lat="43.7631242909" lon="111.8349430058"><ele>937.89</ele><time>2018-09-22T09:59:06Z</time><extensions><gpxtpx:TrackPointExtension><gpxtpx:depth>0.00</gpxtpx:depth></gpxtpx:TrackPointExtension></extensions></trkpt><trkpt lat="43.7630944513" lon="111.8349817302"><ele>937.88</ele><time>2018-09-22T09:59:07Z</time><extensions><gpxtpx:TrackPointExtension><gpxtpx:depth>0.00</gpxtpx:depth></gpxtpx:TrackPointExtension></extensions></trkpt><trkpt lat="43.7630643602" lon="111.8350150064"><ele>937.88</ele><time>2018-09-22T09:59:08Z</time><extensions><gpxtpx:TrackPointExtension><gpxtpx:depth>0.00</gpxtpx:depth></gpxtpx:TrackPointExtension></extensions></trkpt><trkpt lat="43.7630351912" lon="111.8350462709"><ele>937.82</ele><time>2018-09-22T09:59:09Z</time><extensions><gpxtpx:TrackPointExtension><gpxtpx:depth>0.00</gpxtpx:depth></gpxtpx:TrackPointExtension></extensions></trkpt><trkpt lat="43.7630088720" lon="111.8350763619"><ele>937.79</ele><time>2018-09-22T09:59:10Z</time><extensions><gpxtpx:TrackPointExtension><gpxtpx:depth>0.00</gpxtpx:depth></gpxtpx:TrackPointExtension></extensions></trkpt><trkpt lat="43.7629868276" lon="111.8351039384"><ele>937.79</ele><time>2018-09-22T09:59:11Z</time><extensions><gpxtpx:TrackPointExtension><gpxtpx:depth>0.00</gpxtpx:depth></gpxtpx:TrackPointExtension></extensions></trkpt><trkpt lat="43.7626704946" lon="111.8354416452"><ele>937.86</ele><time>2018-09-22T09:59:24Z</time><extensions><gpxtpx:TrackPointExtension><gpxtpx:depth>0.00</gpxtpx:depth></gpxtpx:TrackPointExtension></extensions></trkpt><trkpt lat="43.7620131020" lon="111.8361609802"><ele>938.07</ele><time>2018-09-22T09:59:44Z</time><extensions><gpxtpx:TrackPointExtension><gpxtpx:depth>0.00</gpxtpx:depth></gpxtpx:TrackPointExtension></extensions></trkpt><trkpt lat="43.7611293979" lon="111.8371315207"><ele>938.41</ele><time>2018-09-22T10:00:09Z</time><extensions><gpxtpx:TrackPointExtension><gpxtpx:depth>0.00</gpxtpx:depth></gpxtpx:TrackPointExtension></extensions></trkpt><trkpt lat="43.7604601867" lon="111.8378813658"><ele>938.75</ele><time>2018-09-22T10:00:28Z</time><extensions><gpxtpx:TrackPointExtension><gpxtpx:depth>0.00</gpxtpx:depth></gpxtpx:TrackPointExtension></extensions></trkpt><trkpt lat="43.7598282751" lon="111.8385748006"><ele>939.16</ele><time>2018-09-22T10:00:45Z</time><extensions><gpxtpx:TrackPointExtension><gpxtpx:depth>0.00</gpxtpx:depth></gpxtpx:TrackPointExtension></extensions></trkpt><trkpt lat="43.7587675452" lon="111.8397475965"><ele>939.51</ele><time>2018-09-22T10:01:12Z</time><extensions><gpxtpx:TrackPointExtension><gpxtpx:depth>0.00</gpxtpx:depth></gpxtpx:TrackPointExtension></extensions></trkpt><trkpt lat="43.7579710968" lon="111.8406333122"><ele>939.46</ele><time>2018-09-22T10:01:33Z</time><extensions><gpxtpx:TrackPointExtension><gpxtpx:depth>0.00</gpxtpx:depth></gpxtpx:TrackPointExtension></extensions></trkpt><trkpt lat="43.7570310663" lon="111.8416552339"><ele>939.41</ele><time>2018-09-22T10:01:55Z</time><extensions><gpxtpx:TrackPointExtension><gpxtpx:depth>0.00</gpxtpx:depth></gpxtpx:TrackPointExtension></extensions></trkpt><trkpt lat="43.7559030298" lon="111.8428993598"><ele>939.46</ele><time>2018-09-22T10:02:23Z</time><extensions><gpxtpx:TrackPointExtension><gpxtpx:depth>0.00</gpxtpx:depth></gpxtpx:TrackPointExtension></extensions></trkpt><trkpt lat="43.7550871354" lon="111.8438075390"><ele>939.65</ele><time>2018-09-22T10:02:44Z</time><extensions><gpxtpx:TrackPointExtension><gpxtpx:depth>0.00</gpxtpx:depth></gpxtpx:TrackPointExtension></extensions></trkpt><trkpt lat="43.7545025814" lon="111.8444472458"><ele>939.92</ele><time>2018-09-22T10:02:59Z</time><extensions><gpxtpx:TrackPointExtension><gpxtpx:depth>0.00</gpxtpx:depth></gpxtpx:TrackPointExtension></extensions></trkpt><trkpt lat="43.7537544966" lon="111.8452762160"><ele>940.24</ele><time>2018-09-22T10:03:18Z</time><extensions><gpxtpx:TrackPointExtension><gpxtpx:depth>0.00</gpxtpx:depth></gpxtpx:TrackPointExtension></extensions></trkpt><trkpt lat="43.7533708569" lon="111.8457111530"><ele>940.27</ele><time>2018-09-22T10:03:28Z</time><extensions><gpxtpx:TrackPointExtension><gpxtpx:depth>0.00</gpxtpx:depth></gpxtpx:TrackPointExtension></extensions></trkpt><trkpt lat="43.7533369940" lon="111.8457554094"><ele>940.28</ele><time>2018-09-22T10:03:29Z</time><extensions><gpxtpx:TrackPointExtension><gpxtpx:depth>0.00</gpxtpx:depth></gpxtpx:TrackPointExtension></extensions></trkpt><trkpt lat="43.7532997783" lon="111.8457960617"><ele>940.28</ele><time>2018-09-22T10:03:30Z</time><extensions><gpxtpx:TrackPointExtension><gpxtpx:depth>0.00</gpxtpx:depth></gpxtpx:TrackPointExtension></extensions></trkpt><trkpt lat="43.7527953554" lon="111.8463352695"><ele>940.60</ele><time>2018-09-22T10:03:43Z</time><extensions><gpxtpx:TrackPointExtension><gpxtpx:depth>0.00</gpxtpx:depth></gpxtpx:TrackPointExtension></extensions></trkpt><trkpt lat="43.7521499489" lon="111.8470641598"><ele>940.85</ele><time>2018-09-22T10:04:01Z</time><extensions><gpxtpx:TrackPointExtension><gpxtpx:depth>0.00</gpxtpx:depth></gpxtpx:TrackPointExtension></extensions></trkpt><trkpt lat="43.7513439450" lon="111.8479516357"><ele>941.32</ele><time>2018-09-22T10:04:22Z</time><extensions><gpxtpx:TrackPointExtension><gpxtpx:depth>0.00</gpxtpx:depth></gpxtpx:TrackPointExtension></extensions></trkpt><trkpt lat="43.7507105246" lon="111.8486394547"><ele>941.28</ele><time>2018-09-22T10:04:39Z</time><extensions><gpxtpx:TrackPointExtension><gpxtpx:depth>0.00</gpxtpx:depth></gpxtpx:TrackPointExtension></extensions></trkpt><trkpt lat="43.7500283215" lon="111.8493743800"><ele>941.05</ele><time>2018-09-22T10:04:56Z</time><extensions><gpxtpx:TrackPointExtension><gpxtpx:depth>0.00</gpxtpx:depth></gpxtpx:TrackPointExtension></extensions></trkpt><trkpt lat="43.7499909382" lon="111.8494204804"><ele>941.05</ele><time>2018-09-22T10:04:57Z</time><extensions><gpxtpx:TrackPointExtension><gpxtpx:depth>0.00</gpxtpx:depth></gpxtpx:TrackPointExtension></extensions></trkpt><trkpt lat="43.7499494478" lon="111.8494555168"><ele>941.04</ele><time>2018-09-22T10:04:58Z</time><extensions><gpxtpx:TrackPointExtension><gpxtpx:depth>0.00</gpxtpx:depth></gpxtpx:TrackPointExtension></extensions></trkpt><trkpt lat="43.7498591747" lon="111.8495208118"><ele>941.04</ele><time>2018-09-22T10:05:00Z</time><extensions><gpxtpx:TrackPointExtension><gpxtpx:depth>0.00</gpxtpx:depth></gpxtpx:TrackPointExtension></extensions></trkpt><trkpt lat="43.7496393174" lon="111.8496694230"><ele>941.07</ele><time>2018-09-22T10:05:05Z</time><extensions><gpxtpx:TrackPointExtension><gpxtpx:depth>0.00</gpxtpx:depth></gpxtpx:TrackPointExtension></extensions></trkpt><trkpt lat="43.7494527362" lon="111.8497306947"><ele>941.12</ele><time>2018-09-22T10:05:09Z</time><extensions><gpxtpx:TrackPointExtension><gpxtpx:depth>0.00</gpxtpx:depth></gpxtpx:TrackPointExtension></extensions></trkpt><trkpt lat="43.7491820846" lon="111.8498787191"><ele>941.25</ele><time>2018-09-22T10:05:15Z</time><extensions><gpxtpx:TrackPointExtension><gpxtpx:depth>0.00</gpxtpx:depth></gpxtpx:TrackPointExtension></extensions></trkpt><trkpt lat="43.7491509877" lon="111.8499129172"><ele>941.27</ele><time>2018-09-22T10:05:16Z</time><extensions><gpxtpx:TrackPointExtension><gpxtpx:depth>0.00</gpxtpx:depth></gpxtpx:TrackPointExtension></extensions></trkpt><trkpt lat="43.7491241656" lon="111.8499534018"><ele>941.28</ele><time>2018-09-22T10:05:17Z</time><extensions><gpxtpx:TrackPointExtension><gpxtpx:depth>0.00</gpxtpx:depth></gpxtpx:TrackPointExtension></extensions></trkpt><trkpt lat="43.7491040491" lon="111.8499984127"><ele>941.28</ele><time>2018-09-22T10:05:18Z</time><extensions><gpxtpx:TrackPointExtension><gpxtpx:depth>0.00</gpxtpx:depth></gpxtpx:TrackPointExtension></extensions></trkpt><trkpt lat="43.7490897998" lon="111.8500461895"><ele>941.28</ele><time>2018-09-22T10:05:19Z</time><extensions><gpxtpx:TrackPointExtension><gpxtpx:depth>0.00</gpxtpx:depth></gpxtpx:TrackPointExtension></extensions></trkpt><trkpt lat="43.7490806635" lon="111.8500943016"><ele>941.28</ele><time>2018-09-22T10:05:20Z</time><extensions><gpxtpx:TrackPointExtension><gpxtpx:depth>0.00</gpxtpx:depth></gpxtpx:TrackPointExtension></extensions></trkpt><trkpt lat="43.7490737066" lon="111.8501409050"><ele>941.29</ele><time>2018-09-22T10:05:21Z</time><extensions><gpxtpx:TrackPointExtension><gpxtpx:depth>0.00</gpxtpx:depth></gpxtpx:TrackPointExtension></extensions></trkpt><trkpt lat="43.7491527479" lon="111.8505364470"><ele>941.62</ele><time>2018-09-22T10:05:33Z</time><extensions><gpxtpx:TrackPointExtension><gpxtpx:depth>0.00</gpxtpx:depth></gpxtpx:TrackPointExtension></extensions></trkpt><trkpt lat="43.7492071465" lon="111.8506153207"><ele>941.91</ele><time>2018-09-22T10:05:37Z</time><extensions><gpxtpx:TrackPointExtension><gpxtpx:depth>0.00</gpxtpx:depth></gpxtpx:TrackPointExtension></extensions></trkpt><trkpt lat="43.7492306996" lon="111.8506220262"><ele>941.93</ele><time>2018-09-22T10:05:38Z</time><extensions><gpxtpx:TrackPointExtension><gpxtpx:depth>0.00</gpxtpx:depth></gpxtpx:TrackPointExtension></extensions></trkpt><trkpt lat="43.7496383954" lon="111.8507477548"><ele>942.15</ele><time>2018-09-22T10:05:52Z</time><extensions><gpxtpx:TrackPointExtension><gpxtpx:depth>0.00</gpxtpx:depth></gpxtpx:TrackPointExtension></extensions></trkpt><trkpt lat="43.7498872541" lon="111.8510056660"><ele>942.27</ele><time>2018-09-22T10:06:06Z</time><extensions><gpxtpx:TrackPointExtension><gpxtpx:depth>0.00</gpxtpx:depth></gpxtpx:TrackPointExtension></extensions></trkpt><trkpt lat="43.7499087118" lon="111.8510368466"><ele>942.12</ele><time>2018-09-22T10:06:12Z</time><extensions><gpxtpx:TrackPointExtension><gpxtpx:depth>0.00</gpxtpx:depth></gpxtpx:TrackPointExtension></extensions></trkpt><trkpt lat="43.7498559896" lon="111.8509804364"><ele>942.10</ele><time>2018-09-22T10:06:34Z</time><extensions><gpxtpx:TrackPointExtension><gpxtpx:depth>0.00</gpxtpx:depth></gpxtpx:TrackPointExtension></extensions></trkpt><trkpt lat="43.7498435006" lon="111.8509596493"><ele>942.10</ele><time>2018-09-22T10:06:35Z</time><extensions><gpxtpx:TrackPointExtension><gpxtpx:depth>0.00</gpxtpx:depth></gpxtpx:TrackPointExtension></extensions></trkpt><trkpt lat="43.7498300895" lon="111.8509355932"><ele>942.10</ele><time>2018-09-22T10:06:36Z</time><extensions><gpxtpx:TrackPointExtension><gpxtpx:depth>0.00</gpxtpx:depth></gpxtpx:TrackPointExtension></extensions></trkpt><trkpt lat="43.7494078930" lon="111.8506635167"><ele>942.57</ele><time>2018-09-22T10:06:51Z</time><extensions><gpxtpx:TrackPointExtension><gpxtpx:depth>0.00</gpxtpx:depth></gpxtpx:TrackPointExtension></extensions></trkpt><trkpt lat="43.7489652447" lon="111.8507572263"><ele>941.84</ele><time>2018-09-22T10:07:03Z</time><extensions><gpxtpx:TrackPointExtension><gpxtpx:depth>0.00</gpxtpx:depth></gpxtpx:TrackPointExtension></extensions></trkpt><trkpt lat="43.7486836128" lon="111.8509327434"><ele>941.05</ele><time>2018-09-22T10:07:13Z</time><extensions><gpxtpx:TrackPointExtension><gpxtpx:depth>0.00</gpxtpx:depth></gpxtpx:TrackPointExtension></extensions></trkpt><trkpt lat="43.7483860552" lon="111.8511992041"><ele>940.21</ele><time>2018-09-22T10:07:26Z</time><extensions><gpxtpx:TrackPointExtension><gpxtpx:depth>0.00</gpxtpx:depth></gpxtpx:TrackPointExtension></extensions></trkpt><trkpt lat="43.7481120508" lon="111.8515203986"><ele>940.06</ele><time>2018-09-22T10:07:40Z</time><extensions><gpxtpx:TrackPointExtension><gpxtpx:depth>0.00</gpxtpx:depth></gpxtpx:TrackPointExtension></extensions></trkpt><trkpt lat="43.7478394713" lon="111.8518565129"><ele>940.22</ele><time>2018-09-22T10:07:54Z</time><extensions><gpxtpx:TrackPointExtension><gpxtpx:depth>0.00</gpxtpx:depth></gpxtpx:TrackPointExtension></extensions></trkpt><trkpt lat="43.7476326060" lon="111.8521352950"><ele>940.21</ele><time>2018-09-22T10:08:09Z</time><extensions><gpxtpx:TrackPointExtension><gpxtpx:depth>0.00</gpxtpx:depth></gpxtpx:TrackPointExtension></extensions></trkpt><trkpt lat="43.7473628763" lon="111.8525801226"><ele>940.07</ele><time>2018-09-22T10:08:27Z</time><extensions><gpxtpx:TrackPointExtension><gpxtpx:depth>0.00</gpxtpx:depth></gpxtpx:TrackPointExtension></extensions></trkpt><trkpt lat="43.7470913026" lon="111.8529757485"><ele>940.06</ele><time>2018-09-22T10:08:42Z</time><extensions><gpxtpx:TrackPointExtension><gpxtpx:depth>0.00</gpxtpx:depth></gpxtpx:TrackPointExtension></extensions></trkpt><trkpt lat="43.7465450540" lon="111.8534945883"><ele>939.40</ele><time>2018-09-22T10:09:01Z</time><extensions><gpxtpx:TrackPointExtension><gpxtpx:depth>0.00</gpxtpx:depth></gpxtpx:TrackPointExtension></extensions></trkpt><trkpt lat="43.7461497635" lon="111.8539027870"><ele>938.97</ele><time>2018-09-22T10:09:18Z</time><extensions><gpxtpx:TrackPointExtension><gpxtpx:depth>0.00</gpxtpx:depth></gpxtpx:TrackPointExtension></extensions></trkpt><trkpt lat="43.7458884157" lon="111.8540827464"><ele>939.12</ele><time>2018-09-22T10:09:32Z</time><extensions><gpxtpx:TrackPointExtension><gpxtpx:depth>0.00</gpxtpx:depth></gpxtpx:TrackPointExtension></extensions></trkpt><trkpt lat="43.7455427460" lon="111.8542933837"><ele>939.12</ele><time>2018-09-22T10:09:47Z</time><extensions><gpxtpx:TrackPointExtension><gpxtpx:depth>0.00</gpxtpx:depth></gpxtpx:TrackPointExtension></extensions></trkpt><trkpt lat="43.7453218829" lon="111.8547507003"><ele>938.62</ele><time>2018-09-22T10:10:01Z</time><extensions><gpxtpx:TrackPointExtension><gpxtpx:depth>0.00</gpxtpx:depth></gpxtpx:TrackPointExtension></extensions></trkpt><trkpt lat="43.7451171968" lon="111.8552080169"><ele>938.99</ele><time>2018-09-22T10:10:16Z</time><extensions><gpxtpx:TrackPointExtension><gpxtpx:depth>0.00</gpxtpx:depth></gpxtpx:TrackPointExtension></extensions></trkpt><trkpt lat="43.7448160350" lon="111.8555802573"><ele>939.08</ele><time>2018-09-22T10:10:31Z</time><extensions><gpxtpx:TrackPointExtension><gpxtpx:depth>0.00</gpxtpx:depth></gpxtpx:TrackPointExtension></extensions></trkpt><trkpt lat="43.7445668411" lon="111.8560161162"><ele>938.91</ele><time>2018-09-22T10:10:46Z</time><extensions><gpxtpx:TrackPointExtension><gpxtpx:depth>0.00</gpxtpx:depth></gpxtpx:TrackPointExtension></extensions></trkpt><trkpt lat="43.7442850415" lon="111.8565524742"><ele>938.48</ele><time>2018-09-22T10:11:04Z</time><extensions><gpxtpx:TrackPointExtension><gpxtpx:depth>0.00</gpxtpx:depth></gpxtpx:TrackPointExtension></extensions></trkpt><trkpt lat="43.7440275494" lon="111.8567809649"><ele>938.35</ele><time>2018-09-22T10:11:16Z</time><extensions><gpxtpx:TrackPointExtension><gpxtpx:depth>0.00</gpxtpx:depth></gpxtpx:TrackPointExtension></extensions></trkpt><trkpt lat="43.7437047623" lon="111.8568681367"><ele>938.92</ele><time>2018-09-22T10:11:30Z</time><extensions><gpxtpx:TrackPointExtension><gpxtpx:depth>0.00</gpxtpx:depth></gpxtpx:TrackPointExtension></extensions></trkpt><trkpt lat="43.7434592564" lon="111.8568163365"><ele>938.95</ele><time>2018-09-22T10:11:40Z</time><extensions><gpxtpx:TrackPointExtension><gpxtpx:depth>0.00</gpxtpx:depth></gpxtpx:TrackPointExtension></extensions></trkpt><trkpt lat="43.7430584338" lon="111.8567162566"><ele>938.95</ele><time>2018-09-22T10:11:53Z</time><extensions><gpxtpx:TrackPointExtension><gpxtpx:depth>0.00</gpxtpx:depth></gpxtpx:TrackPointExtension></extensions></trkpt><trkpt lat="43.7426088285" lon="111.8566010054"><ele>939.04</ele><time>2018-09-22T10:12:07Z</time><extensions><gpxtpx:TrackPointExtension><gpxtpx:depth>0.00</gpxtpx:depth></gpxtpx:TrackPointExtension></extensions></trkpt><trkpt lat="43.7421433814" lon="111.8564854190"><ele>939.17</ele><time>2018-09-22T10:12:21Z</time><extensions><gpxtpx:TrackPointExtension><gpxtpx:depth>0.00</gpxtpx:depth></gpxtpx:TrackPointExtension></extensions></trkpt><trkpt lat="43.7418096140" lon="111.8563779630"><ele>939.42</ele><time>2018-09-22T10:12:34Z</time><extensions><gpxtpx:TrackPointExtension><gpxtpx:depth>0.00</gpxtpx:depth></gpxtpx:TrackPointExtension></extensions></trkpt><trkpt lat="43.7415345199" lon="111.8563110754"><ele>939.43</ele><time>2018-09-22T10:12:46Z</time><extensions><gpxtpx:TrackPointExtension><gpxtpx:depth>0.00</gpxtpx:depth></gpxtpx:TrackPointExtension></extensions></trkpt><trkpt lat="43.7412681431" lon="111.8562368117"><ele>939.30</ele><time>2018-09-22T10:12:57Z</time><extensions><gpxtpx:TrackPointExtension><gpxtpx:depth>0.00</gpxtpx:depth></gpxtpx:TrackPointExtension></extensions></trkpt><trkpt lat="43.7412551511" lon="111.8562331237"><ele>939.30</ele><time>2018-09-22T10:13:02Z</time><extensions><gpxtpx:TrackPointExtension><gpxtpx:depth>0.00</gpxtpx:depth></gpxtpx:TrackPointExtension></extensions></trkpt><trkpt lat="43.7412564922" lon="111.8562789727"><ele>939.58</ele><time>2018-09-22T10:13:37Z</time><extensions><gpxtpx:TrackPointExtension><gpxtpx:depth>0.00</gpxtpx:depth></gpxtpx:TrackPointExtension></extensions></trkpt><trkpt lat="43.7412556540" lon="111.8562990893"><ele>939.55</ele><time>2018-09-22T10:13:38Z</time><extensions><gpxtpx:TrackPointExtension><gpxtpx:depth>0.00</gpxtpx:depth></gpxtpx:TrackPointExtension></extensions></trkpt><trkpt lat="43.7412872538" lon="111.8563706707"><ele>939.54</ele><time>2018-09-22T10:13:41Z</time><extensions><gpxtpx:TrackPointExtension><gpxtpx:depth>0.00</gpxtpx:depth></gpxtpx:TrackPointExtension></extensions></trkpt><trkpt lat="43.7413078733" lon="111.8563904520"><ele>939.55</ele><time>2018-09-22T10:13:42Z</time><extensions><gpxtpx:TrackPointExtension><gpxtpx:depth>0.00</gpxtpx:depth></gpxtpx:TrackPointExtension></extensions></trkpt><trkpt lat="43.7413339410" lon="111.8564062938"><ele>939.56</ele><time>2018-09-22T10:13:43Z</time><extensions><gpxtpx:TrackPointExtension><gpxtpx:depth>0.00</gpxtpx:depth></gpxtpx:TrackPointExtension></extensions></trkpt><trkpt lat="43.7413637806" lon="111.8564220518"><ele>939.56</ele><time>2018-09-22T10:13:44Z</time><extensions><gpxtpx:TrackPointExtension><gpxtpx:depth>0.00</gpxtpx:depth></gpxtpx:TrackPointExtension></extensions></trkpt><trkpt lat="43.7413920276" lon="111.8564394861"><ele>939.59</ele><time>2018-09-22T10:13:45Z</time><extensions><gpxtpx:TrackPointExtension><gpxtpx:depth>0.00</gpxtpx:depth></gpxtpx:TrackPointExtension></extensions></trkpt><trkpt lat="43.7417120486" lon="111.8565513846"><ele>939.81</ele><time>2018-09-22T10:13:56Z</time><extensions><gpxtpx:TrackPointExtension><gpxtpx:depth>0.00</gpxtpx:depth></gpxtpx:TrackPointExtension></extensions></trkpt><trkpt lat="43.7421614863" lon="111.8567069527"><ele>939.48</ele><time>2018-09-22T10:14:11Z</time><extensions><gpxtpx:TrackPointExtension><gpxtpx:depth>0.00</gpxtpx:depth></gpxtpx:TrackPointExtension></extensions></trkpt><trkpt lat="43.7426274363" lon="111.8567954656"><ele>939.15</ele><time>2018-09-22T10:14:26Z</time><extensions><gpxtpx:TrackPointExtension><gpxtpx:depth>0.00</gpxtpx:depth></gpxtpx:TrackPointExtension></extensions></trkpt><trkpt lat="43.7431277521" lon="111.8569169194"><ele>939.04</ele><time>2018-09-22T10:14:41Z</time><extensions><gpxtpx:TrackPointExtension><gpxtpx:depth>0.00</gpxtpx:depth></gpxtpx:TrackPointExtension></extensions></trkpt><trkpt lat="43.7437122222" lon="111.8570609204"><ele>938.97</ele><time>2018-09-22T10:14:58Z</time><extensions><gpxtpx:TrackPointExtension><gpxtpx:depth>0.00</gpxtpx:depth></gpxtpx:TrackPointExtension></extensions></trkpt><trkpt lat="43.7442577165" lon="111.8571957853"><ele>939.05</ele><time>2018-09-22T10:15:14Z</time><extensions><gpxtpx:TrackPointExtension><gpxtpx:depth>0.00</gpxtpx:depth></gpxtpx:TrackPointExtension></extensions></trkpt><trkpt lat="43.7449087389" lon="111.8573556282"><ele>939.17</ele><time>2018-09-22T10:15:34Z</time><extensions><gpxtpx:TrackPointExtension><gpxtpx:depth>0.00</gpxtpx:depth></gpxtpx:TrackPointExtension></extensions></trkpt><trkpt lat="43.7453025207" lon="111.8574592285"><ele>938.97</ele><time>2018-09-22T10:15:48Z</time><extensions><gpxtpx:TrackPointExtension><gpxtpx:depth>0.00</gpxtpx:depth></gpxtpx:TrackPointExtension></extensions></trkpt><trkpt lat="43.7454264052" lon="111.8574927561"><ele>938.98</ele><time>2018-09-22T10:15:54Z</time><extensions><gpxtpx:TrackPointExtension><gpxtpx:depth>0.00</gpxtpx:depth></gpxtpx:TrackPointExtension></extensions></trkpt><trkpt lat="43.7454408221" lon="111.8575063348"><ele>938.98</ele><time>2018-09-22T10:15:55Z</time><extensions><gpxtpx:TrackPointExtension><gpxtpx:depth>0.00</gpxtpx:depth></gpxtpx:TrackPointExtension></extensions></trkpt><trkpt lat="43.7454569992" lon="111.8575179856"><ele>939.00</ele><time>2018-09-22T10:15:56Z</time><extensions><gpxtpx:TrackPointExtension><gpxtpx:depth>0.00</gpxtpx:depth></gpxtpx:TrackPointExtension></extensions></trkpt><trkpt lat="43.7454724219" lon="111.8575235177"><ele>939.04</ele><time>2018-09-22T10:15:57Z</time><extensions><gpxtpx:TrackPointExtension><gpxtpx:depth>0.00</gpxtpx:depth></gpxtpx:TrackPointExtension></extensions></trkpt><trkpt lat="43.7454857491" lon="111.8575192429"><ele>939.05</ele><time>2018-09-22T10:15:58Z</time><extensions><gpxtpx:TrackPointExtension><gpxtpx:depth>0.00</gpxtpx:depth></gpxtpx:TrackPointExtension></extensions></trkpt><trkpt lat="43.7454937119" lon="111.8575034011"><ele>939.00</ele><time>2018-09-22T10:15:59Z</time><extensions><gpxtpx:TrackPointExtension><gpxtpx:depth>0.00</gpxtpx:depth></gpxtpx:TrackPointExtension></extensions></trkpt><trkpt lat="43.7454914488" lon="111.8574837875"><ele>938.97</ele><time>2018-09-22T10:16:00Z</time><extensions><gpxtpx:TrackPointExtension><gpxtpx:depth>0.00</gpxtpx:depth></gpxtpx:TrackPointExtension></extensions></trkpt><trkpt lat="43.7454777863" lon="111.8574681971"><ele>938.95</ele><time>2018-09-22T10:16:01Z</time><extensions><gpxtpx:TrackPointExtension><gpxtpx:depth>0.00</gpxtpx:depth></gpxtpx:TrackPointExtension></extensions></trkpt><trkpt lat="43.7454578374" lon="111.8574526068"><ele>938.94</ele><time>2018-09-22T10:16:02Z</time><extensions><gpxtpx:TrackPointExtension><gpxtpx:depth>0.00</gpxtpx:depth></gpxtpx:TrackPointExtension></extensions></trkpt><trkpt lat="43.7449845113" lon="111.8572402094"><ele>938.70</ele><time>2018-09-22T10:16:17Z</time><extensions><gpxtpx:TrackPointExtension><gpxtpx:depth>0.00</gpxtpx:depth></gpxtpx:TrackPointExtension></extensions></trkpt><trkpt lat="43.7449075654" lon="111.8572183326"><ele>938.70</ele><time>2018-09-22T10:16:19Z</time><extensions><gpxtpx:TrackPointExtension><gpxtpx:depth>0.00</gpxtpx:depth></gpxtpx:TrackPointExtension></extensions></trkpt><trkpt lat="43.7448676676" lon="111.8572008982"><ele>938.65</ele><time>2018-09-22T10:16:20Z</time><extensions><gpxtpx:TrackPointExtension><gpxtpx:depth>0.00</gpxtpx:depth></gpxtpx:TrackPointExtension></extensions></trkpt><trkpt lat="43.7448280212" lon="111.8571832124"><ele>938.60</ele><time>2018-09-22T10:16:21Z</time><extensions><gpxtpx:TrackPointExtension><gpxtpx:depth>0.00</gpxtpx:depth></gpxtpx:TrackPointExtension></extensions></trkpt><trkpt lat="43.7447873689" lon="111.8571724836"><ele>938.50</ele><time>2018-09-22T10:16:22Z</time><extensions><gpxtpx:TrackPointExtension><gpxtpx:depth>0.00</gpxtpx:depth></gpxtpx:TrackPointExtension></extensions></trkpt><trkpt lat="43.7447451241" lon="111.8571632635"><ele>938.41</ele><time>2018-09-22T10:16:23Z</time><extensions><gpxtpx:TrackPointExtension><gpxtpx:depth>0.00</gpxtpx:depth></gpxtpx:TrackPointExtension></extensions></trkpt><trkpt lat="43.7447028793" lon="111.8571511935"><ele>938.39</ele><time>2018-09-22T10:16:24Z</time><extensions><gpxtpx:TrackPointExtension><gpxtpx:depth>0.00</gpxtpx:depth></gpxtpx:TrackPointExtension></extensions></trkpt><trkpt lat="43.7437903415" lon="111.8569012452"><ele>938.39</ele><time>2018-09-22T10:16:44Z</time><extensions><gpxtpx:TrackPointExtension><gpxtpx:depth>0.00</gpxtpx:depth></gpxtpx:TrackPointExtension></extensions></trkpt><trkpt lat="43.7428628840" lon="111.8566694856"><ele>938.28</ele><time>2018-09-22T10:17:03Z</time><extensions><gpxtpx:TrackPointExtension><gpxtpx:depth>0.00</gpxtpx:depth></gpxtpx:TrackPointExtension></extensions></trkpt><trkpt lat="43.7419233564" lon="111.8564326130"><ele>938.35</ele><time>2018-09-22T10:17:23Z</time><extensions><gpxtpx:TrackPointExtension><gpxtpx:depth>0.00</gpxtpx:depth></gpxtpx:TrackPointExtension></extensions></trkpt><trkpt lat="43.7405528314" lon="111.8560850993"><ele>938.96</ele><time>2018-09-22T10:17:50Z</time><extensions><gpxtpx:TrackPointExtension><gpxtpx:depth>0.00</gpxtpx:depth></gpxtpx:TrackPointExtension></extensions></trkpt><trkpt lat="43.7394163292" lon="111.8558249250"><ele>939.26</ele><time>2018-09-22T10:18:13Z</time><extensions><gpxtpx:TrackPointExtension><gpxtpx:depth>0.00</gpxtpx:depth></gpxtpx:TrackPointExtension></extensions></trkpt><trkpt lat="43.7382866163" lon="111.8556799181"><ele>939.80</ele><time>2018-09-22T10:18:37Z</time><extensions><gpxtpx:TrackPointExtension><gpxtpx:depth>0.00</gpxtpx:depth></gpxtpx:TrackPointExtension></extensions></trkpt><trkpt lat="43.7372547202" lon="111.8557250965"><ele>940.14</ele><time>2018-09-22T10:18:59Z</time><extensions><gpxtpx:TrackPointExtension><gpxtpx:depth>0.00</gpxtpx:depth></gpxtpx:TrackPointExtension></extensions></trkpt><trkpt lat="43.7362965848" lon="111.8558951654"><ele>940.88</ele><time>2018-09-22T10:19:20Z</time><extensions><gpxtpx:TrackPointExtension><gpxtpx:depth>0.00</gpxtpx:depth></gpxtpx:TrackPointExtension></extensions></trkpt><trkpt lat="43.7351325899" lon="111.8563285097"><ele>939.68</ele><time>2018-09-22T10:19:45Z</time><extensions><gpxtpx:TrackPointExtension><gpxtpx:depth>0.00</gpxtpx:depth></gpxtpx:TrackPointExtension></extensions></trkpt><trkpt lat="43.7341903802" lon="111.8568567373"><ele>938.90</ele><time>2018-09-22T10:20:05Z</time><extensions><gpxtpx:TrackPointExtension><gpxtpx:depth>0.00</gpxtpx:depth></gpxtpx:TrackPointExtension></extensions></trkpt><trkpt lat="43.7334459834" lon="111.8573616631"><ele>938.06</ele><time>2018-09-22T10:20:20Z</time><extensions><gpxtpx:TrackPointExtension><gpxtpx:depth>0.00</gpxtpx:depth></gpxtpx:TrackPointExtension></extensions></trkpt><trkpt lat="43.7323929649" lon="111.8581455387"><ele>937.50</ele><time>2018-09-22T10:20:41Z</time><extensions><gpxtpx:TrackPointExtension><gpxtpx:depth>0.00</gpxtpx:depth></gpxtpx:TrackPointExtension></extensions></trkpt><trkpt lat="43.7314253580" lon="111.8588407338"><ele>937.45</ele><time>2018-09-22T10:21:01Z</time><extensions><gpxtpx:TrackPointExtension><gpxtpx:depth>0.00</gpxtpx:depth></gpxtpx:TrackPointExtension></extensions></trkpt><trkpt lat="43.7310212664" lon="111.8591451645"><ele>937.70</ele><time>2018-09-22T10:21:11Z</time><extensions><gpxtpx:TrackPointExtension><gpxtpx:depth>0.00</gpxtpx:depth></gpxtpx:TrackPointExtension></extensions></trkpt><trkpt lat="43.7309802789" lon="111.8591681309"><ele>937.73</ele><time>2018-09-22T10:21:12Z</time><extensions><gpxtpx:TrackPointExtension><gpxtpx:depth>0.00</gpxtpx:depth></gpxtpx:TrackPointExtension></extensions></trkpt><trkpt lat="43.7307687197" lon="111.8593251240"><ele>937.85</ele><time>2018-09-22T10:21:17Z</time><extensions><gpxtpx:TrackPointExtension><gpxtpx:depth>0.00</gpxtpx:depth></gpxtpx:TrackPointExtension></extensions></trkpt><trkpt lat="43.7307292409" lon="111.8593541253"><ele>937.86</ele><time>2018-09-22T10:21:18Z</time><extensions><gpxtpx:TrackPointExtension><gpxtpx:depth>0.00</gpxtpx:depth></gpxtpx:TrackPointExtension></extensions></trkpt><trkpt lat="43.7306915224" lon="111.8593825400"><ele>937.87</ele><time>2018-09-22T10:21:19Z</time><extensions><gpxtpx:TrackPointExtension><gpxtpx:depth>0.00</gpxtpx:depth></gpxtpx:TrackPointExtension></extensions></trkpt><trkpt lat="43.7302636262" lon="111.8596953526"><ele>938.16</ele><time>2018-09-22T10:21:30Z</time><extensions><gpxtpx:TrackPointExtension><gpxtpx:depth>0.00</gpxtpx:depth></gpxtpx:TrackPointExtension></extensions></trkpt><trkpt lat="43.7300136779" lon="111.8598831911"><ele>938.19</ele><time>2018-09-22T10:21:36Z</time><extensions><gpxtpx:TrackPointExtension><gpxtpx:depth>0.00</gpxtpx:depth></gpxtpx:TrackPointExtension></extensions></trkpt><trkpt lat="43.7292987015" lon="111.8604193814"><ele>938.42</ele><time>2018-09-22T10:21:53Z</time><extensions><gpxtpx:TrackPointExtension><gpxtpx:depth>0.00</gpxtpx:depth></gpxtpx:TrackPointExtension></extensions></trkpt><trkpt lat="43.7284921110" lon="111.8610207830"><ele>938.63</ele><time>2018-09-22T10:22:13Z</time><extensions><gpxtpx:TrackPointExtension><gpxtpx:depth>0.00</gpxtpx:depth></gpxtpx:TrackPointExtension></extensions></trkpt><trkpt lat="43.7277388293" lon="111.8615684565"><ele>938.86</ele><time>2018-09-22T10:22:31Z</time><extensions><gpxtpx:TrackPointExtension><gpxtpx:depth>0.00</gpxtpx:depth></gpxtpx:TrackPointExtension></extensions></trkpt><trkpt lat="43.7269552890" lon="111.8621502444"><ele>938.96</ele><time>2018-09-22T10:22:50Z</time><extensions><gpxtpx:TrackPointExtension><gpxtpx:depth>0.00</gpxtpx:depth></gpxtpx:TrackPointExtension></extensions></trkpt><trkpt lat="43.7259379774" lon="111.8629026040"><ele>938.81</ele><time>2018-09-22T10:23:13Z</time><extensions><gpxtpx:TrackPointExtension><gpxtpx:depth>0.00</gpxtpx:depth></gpxtpx:TrackPointExtension></extensions></trkpt><trkpt lat="43.7252051476" lon="111.8634309992"><ele>938.53</ele><time>2018-09-22T10:23:30Z</time><extensions><gpxtpx:TrackPointExtension><gpxtpx:depth>0.00</gpxtpx:depth></gpxtpx:TrackPointExtension></extensions></trkpt><trkpt lat="43.7244542968" lon="111.8639929220"><ele>938.29</ele><time>2018-09-22T10:23:48Z</time><extensions><gpxtpx:TrackPointExtension><gpxtpx:depth>0.00</gpxtpx:depth></gpxtpx:TrackPointExtension></extensions></trkpt><trkpt lat="43.7238933798" lon="111.8643988576"><ele>938.00</ele><time>2018-09-22T10:24:01Z</time><extensions><gpxtpx:TrackPointExtension><gpxtpx:depth>0.00</gpxtpx:depth></gpxtpx:TrackPointExtension></extensions></trkpt><trkpt lat="43.7232287787" lon="111.8649062142"><ele>937.66</ele><time>2018-09-22T10:24:17Z</time><extensions><gpxtpx:TrackPointExtension><gpxtpx:depth>0.00</gpxtpx:depth></gpxtpx:TrackPointExtension></extensions></trkpt><trkpt lat="43.7225547899" lon="111.8654678855"><ele>937.52</ele><time>2018-09-22T10:24:35Z</time><extensions><gpxtpx:TrackPointExtension><gpxtpx:depth>0.00</gpxtpx:depth></gpxtpx:TrackPointExtension></extensions></trkpt><trkpt lat="43.7218237203" lon="111.8661411200"><ele>937.10</ele><time>2018-09-22T10:24:54Z</time><extensions><gpxtpx:TrackPointExtension><gpxtpx:depth>0.00</gpxtpx:depth></gpxtpx:TrackPointExtension></extensions></trkpt><trkpt lat="43.7213141005" lon="111.8666448724"><ele>936.93</ele><time>2018-09-22T10:25:10Z</time><extensions><gpxtpx:TrackPointExtension><gpxtpx:depth>0.00</gpxtpx:depth></gpxtpx:TrackPointExtension></extensions></trkpt><trkpt lat="43.7212305330" lon="111.8666970078"><ele>936.95</ele><time>2018-09-22T10:25:14Z</time><extensions><gpxtpx:TrackPointExtension><gpxtpx:depth>0.00</gpxtpx:depth></gpxtpx:TrackPointExtension></extensions></trkpt><trkpt lat="43.7209939957" lon="111.8665479776"><ele>937.09</ele><time>2018-09-22T10:25:24Z</time><extensions><gpxtpx:TrackPointExtension><gpxtpx:depth>0.00</gpxtpx:depth></gpxtpx:TrackPointExtension></extensions></trkpt><trkpt lat="43.7208328955" lon="111.8664674275"><ele>937.09</ele><time>2018-09-22T10:25:34Z</time><extensions><gpxtpx:TrackPointExtension><gpxtpx:depth>0.00</gpxtpx:depth></gpxtpx:TrackPointExtension></extensions></trkpt><trkpt lat="43.7207603082" lon="111.8666706048"><ele>936.69</ele><time>2018-09-22T10:25:44Z</time><extensions><gpxtpx:TrackPointExtension><gpxtpx:depth>0.00</gpxtpx:depth></gpxtpx:TrackPointExtension></extensions></trkpt><trkpt lat="43.7206583004" lon="111.8670748640"><ele>936.73</ele><time>2018-09-22T10:25:56Z</time><extensions><gpxtpx:TrackPointExtension><gpxtpx:depth>0.00</gpxtpx:depth></gpxtpx:TrackPointExtension></extensions></trkpt><trkpt lat="43.7205928378" lon="111.8672533147"><ele>936.86</ele><time>2018-09-22T10:26:07Z</time><extensions><gpxtpx:TrackPointExtension><gpxtpx:depth>0.00</gpxtpx:depth></gpxtpx:TrackPointExtension></extensions></trkpt><trkpt lat="43.7206460629" lon="111.8672340363"><ele>936.93</ele><time>2018-09-22T10:26:14Z</time><extensions><gpxtpx:TrackPointExtension><gpxtpx:depth>0.00</gpxtpx:depth></gpxtpx:TrackPointExtension></extensions></trkpt><trkpt lat="43.7206576299" lon="111.8672261573"><ele>936.89</ele><time>2018-09-22T10:26:15Z</time><extensions><gpxtpx:TrackPointExtension><gpxtpx:depth>0.00</gpxtpx:depth></gpxtpx:TrackPointExtension></extensions></trkpt><trkpt lat="43.7207265291" lon="111.8672507163"><ele>937.30</ele><time>2018-09-22T10:26:27Z</time><extensions><gpxtpx:TrackPointExtension><gpxtpx:depth>0.00</gpxtpx:depth></gpxtpx:TrackPointExtension></extensions></trkpt><trkpt lat="43.7206494156" lon="111.8673663866"><ele>937.94</ele><time>2018-09-22T10:26:41Z</time><extensions><gpxtpx:TrackPointExtension><gpxtpx:depth>0.00</gpxtpx:depth></gpxtpx:TrackPointExtension></extensions></trkpt><trkpt lat="43.7202156521" lon="111.8678775989"><ele>937.56</ele><time>2018-09-22T10:26:57Z</time><extensions><gpxtpx:TrackPointExtension><gpxtpx:depth>0.00</gpxtpx:depth></gpxtpx:TrackPointExtension></extensions></trkpt><trkpt lat="43.7196197826" lon="111.8686234206"><ele>937.90</ele><time>2018-09-22T10:27:16Z</time><extensions><gpxtpx:TrackPointExtension><gpxtpx:depth>0.00</gpxtpx:depth></gpxtpx:TrackPointExtension></extensions></trkpt><trkpt lat="43.7190328818" lon="111.8693616148"><ele>938.31</ele><time>2018-09-22T10:27:34Z</time><extensions><gpxtpx:TrackPointExtension><gpxtpx:depth>0.00</gpxtpx:depth></gpxtpx:TrackPointExtension></extensions></trkpt><trkpt lat="43.7182500120" lon="111.8704204168"><ele>938.73</ele><time>2018-09-22T10:27:59Z</time><extensions><gpxtpx:TrackPointExtension><gpxtpx:depth>0.00</gpxtpx:depth></gpxtpx:TrackPointExtension></extensions></trkpt><trkpt lat="43.7174570840" lon="111.8715673126"><ele>938.69</ele><time>2018-09-22T10:28:22Z</time><extensions><gpxtpx:TrackPointExtension><gpxtpx:depth>0.00</gpxtpx:depth></gpxtpx:TrackPointExtension></extensions></trkpt><trkpt lat="43.7166916486" lon="111.8727670982"><ele>938.68</ele><time>2018-09-22T10:28:46Z</time><extensions><gpxtpx:TrackPointExtension><gpxtpx:depth>0.00</gpxtpx:depth></gpxtpx:TrackPointExtension></extensions></trkpt><trkpt lat="43.7160974555" lon="111.8739803787"><ele>938.67</ele><time>2018-09-22T10:29:08Z</time><extensions><gpxtpx:TrackPointExtension><gpxtpx:depth>0.00</gpxtpx:depth></gpxtpx:TrackPointExtension></extensions></trkpt><trkpt lat="43.7156569026" lon="111.8751967605"><ele>938.48</ele><time>2018-09-22T10:29:28Z</time><extensions><gpxtpx:TrackPointExtension><gpxtpx:depth>0.00</gpxtpx:depth></gpxtpx:TrackPointExtension></extensions></trkpt><trkpt lat="43.7155232951" lon="111.8755835015"><ele>938.38</ele><time>2018-09-22T10:29:34Z</time><extensions><gpxtpx:TrackPointExtension><gpxtpx:depth>0.00</gpxtpx:depth></gpxtpx:TrackPointExtension></extensions></trkpt><trkpt lat="43.7150189560" lon="111.8770092633"><ele>938.11</ele><time>2018-09-22T10:29:57Z</time><extensions><gpxtpx:TrackPointExtension><gpxtpx:depth>0.00</gpxtpx:depth></gpxtpx:TrackPointExtension></extensions></trkpt><trkpt lat="43.7145665847" lon="111.8783170916"><ele>937.89</ele><time>2018-09-22T10:30:19Z</time><extensions><gpxtpx:TrackPointExtension><gpxtpx:depth>0.00</gpxtpx:depth></gpxtpx:TrackPointExtension></extensions></trkpt><trkpt lat="43.7142712064" lon="111.8791576289"><ele>937.99</ele><time>2018-09-22T10:30:36Z</time><extensions><gpxtpx:TrackPointExtension><gpxtpx:depth>0.00</gpxtpx:depth></gpxtpx:TrackPointExtension></extensions></trkpt><trkpt lat="43.7139764987" lon="111.8799949810"><ele>937.59</ele><time>2018-09-22T10:30:53Z</time><extensions><gpxtpx:TrackPointExtension><gpxtpx:depth>0.00</gpxtpx:depth></gpxtpx:TrackPointExtension></extensions></trkpt><trkpt lat="43.7135920208" lon="111.8810828682"><ele>937.53</ele><time>2018-09-22T10:31:13Z</time><extensions><gpxtpx:TrackPointExtension><gpxtpx:depth>0.00</gpxtpx:depth></gpxtpx:TrackPointExtension></extensions></trkpt><trkpt lat="43.7134142406" lon="111.8815798312"><ele>937.33</ele><time>2018-09-22T10:31:22Z</time><extensions><gpxtpx:TrackPointExtension><gpxtpx:depth>0.00</gpxtpx:depth></gpxtpx:TrackPointExtension></extensions></trkpt><trkpt lat="43.7133781146" lon="111.8816897180"><ele>937.31</ele><time>2018-09-22T10:31:24Z</time><extensions><gpxtpx:TrackPointExtension><gpxtpx:depth>0.00</gpxtpx:depth></gpxtpx:TrackPointExtension></extensions></trkpt><trkpt lat="43.7132315151" lon="111.8821219727"><ele>937.28</ele><time>2018-09-22T10:31:33Z</time><extensions><gpxtpx:TrackPointExtension><gpxtpx:depth>0.00</gpxtpx:depth></gpxtpx:TrackPointExtension></extensions></trkpt><trkpt lat="43.7130474485" lon="111.8827092927"><ele>937.32</ele><time>2018-09-22T10:31:44Z</time><extensions><gpxtpx:TrackPointExtension><gpxtpx:depth>0.00</gpxtpx:depth></gpxtpx:TrackPointExtension></extensions></trkpt><trkpt lat="43.7130264100" lon="111.8827598356"><ele>937.36</ele><time>2018-09-22T10:31:45Z</time><extensions><gpxtpx:TrackPointExtension><gpxtpx:depth>0.00</gpxtpx:depth></gpxtpx:TrackPointExtension></extensions></trkpt><trkpt lat="43.7126003578" lon="111.8839692604"><ele>937.72</ele><time>2018-09-22T10:32:07Z</time><extensions><gpxtpx:TrackPointExtension><gpxtpx:depth>0.00</gpxtpx:depth></gpxtpx:TrackPointExtension></extensions></trkpt><trkpt lat="43.7122341525" lon="111.8851957843"><ele>938.22</ele><time>2018-09-22T10:32:28Z</time><extensions><gpxtpx:TrackPointExtension><gpxtpx:depth>0.00</gpxtpx:depth></gpxtpx:TrackPointExtension></extensions></trkpt><trkpt lat="43.7119327392" lon="111.8863796443"><ele>938.56</ele><time>2018-09-22T10:32:48Z</time><extensions><gpxtpx:TrackPointExtension><gpxtpx:depth>0.00</gpxtpx:depth></gpxtpx:TrackPointExtension></extensions></trkpt><trkpt lat="43.7116488442" lon="111.8877055775"><ele>938.78</ele><time>2018-09-22T10:33:10Z</time><extensions><gpxtpx:TrackPointExtension><gpxtpx:depth>0.00</gpxtpx:depth></gpxtpx:TrackPointExtension></extensions></trkpt><trkpt lat="43.7114470918" lon="111.8888885155"><ele>939.16</ele><time>2018-09-22T10:33:30Z</time><extensions><gpxtpx:TrackPointExtension><gpxtpx:depth>0.00</gpxtpx:depth></gpxtpx:TrackPointExtension></extensions></trkpt><trkpt lat="43.7112538051" lon="111.8904220685"><ele>938.90</ele><time>2018-09-22T10:33:55Z</time><extensions><gpxtpx:TrackPointExtension><gpxtpx:depth>0.00</gpxtpx:depth></gpxtpx:TrackPointExtension></extensions></trkpt><trkpt lat="43.7111818045" lon="111.8911613524"><ele>938.80</ele><time>2018-09-22T10:34:09Z</time><extensions><gpxtpx:TrackPointExtension><gpxtpx:depth>0.00</gpxtpx:depth></gpxtpx:TrackPointExtension></extensions></trkpt><trkpt lat="43.7111154199" lon="111.8922168016"><ele>938.55</ele><time>2018-09-22T10:34:26Z</time><extensions><gpxtpx:TrackPointExtension><gpxtpx:depth>0.00</gpxtpx:depth></gpxtpx:TrackPointExtension></extensions></trkpt><trkpt lat="43.7110683136" lon="111.8938510213"><ele>938.36</ele><time>2018-09-22T10:34:51Z</time><extensions><gpxtpx:TrackPointExtension><gpxtpx:depth>0.00</gpxtpx:depth></gpxtpx:TrackPointExtension></extensions></trkpt><trkpt lat="43.7110740971" lon="111.8950420059"><ele>938.23</ele><time>2018-09-22T10:35:10Z</time><extensions><gpxtpx:TrackPointExtension><gpxtpx:depth>0.00</gpxtpx:depth></gpxtpx:TrackPointExtension></extensions></trkpt><trkpt lat="43.7110995781" lon="111.8960307352"><ele>938.13</ele><time>2018-09-22T10:35:28Z</time><extensions><gpxtpx:TrackPointExtension><gpxtpx:depth>0.00</gpxtpx:depth></gpxtpx:TrackPointExtension></extensions></trkpt><trkpt lat="43.7111279089" lon="111.8969947379"><ele>937.80</ele><time>2018-09-22T10:35:45Z</time><extensions><gpxtpx:TrackPointExtension><gpxtpx:depth>0.00</gpxtpx:depth></gpxtpx:TrackPointExtension></extensions></trkpt><trkpt lat="43.7111288309" lon="111.8970555905"><ele>937.78</ele><time>2018-09-22T10:35:46Z</time><extensions><gpxtpx:TrackPointExtension><gpxtpx:depth>0.00</gpxtpx:depth></gpxtpx:TrackPointExtension></extensions></trkpt><trkpt lat="43.7111315131" lon="111.8971166108"><ele>937.76</ele><time>2018-09-22T10:35:47Z</time><extensions><gpxtpx:TrackPointExtension><gpxtpx:depth>0.00</gpxtpx:depth></gpxtpx:TrackPointExtension></extensions></trkpt><trkpt lat="43.7111392245" lon="111.8983796798"><ele>937.53</ele><time>2018-09-22T10:36:07Z</time><extensions><gpxtpx:TrackPointExtension><gpxtpx:depth>0.00</gpxtpx:depth></gpxtpx:TrackPointExtension></extensions></trkpt><trkpt lat="43.7110781204" lon="111.8998092972"><ele>937.56</ele><time>2018-09-22T10:36:30Z</time><extensions><gpxtpx:TrackPointExtension><gpxtpx:depth>0.00</gpxtpx:depth></gpxtpx:TrackPointExtension></extensions></trkpt><trkpt lat="43.7109893560" lon="111.9010542613"><ele>936.75</ele><time>2018-09-22T10:36:50Z</time><extensions><gpxtpx:TrackPointExtension><gpxtpx:depth>0.00</gpxtpx:depth></gpxtpx:TrackPointExtension></extensions></trkpt><trkpt lat="43.7108760327" lon="111.9026688673"><ele>936.43</ele><time>2018-09-22T10:37:15Z</time><extensions><gpxtpx:TrackPointExtension><gpxtpx:depth>0.00</gpxtpx:depth></gpxtpx:TrackPointExtension></extensions></trkpt><trkpt lat="43.7107679900" lon="111.9042666256"><ele>935.15</ele><time>2018-09-22T10:37:39Z</time><extensions><gpxtpx:TrackPointExtension><gpxtpx:depth>0.00</gpxtpx:depth></gpxtpx:TrackPointExtension></extensions></trkpt><trkpt lat="43.7106436864" lon="111.9060474448"><ele>933.56</ele><time>2018-09-22T10:38:03Z</time><extensions><gpxtpx:TrackPointExtension><gpxtpx:depth>0.00</gpxtpx:depth></gpxtpx:TrackPointExtension></extensions></trkpt><trkpt lat="43.7105420977" lon="111.9073976018"><ele>932.30</ele><time>2018-09-22T10:38:21Z</time><extensions><gpxtpx:TrackPointExtension><gpxtpx:depth>0.00</gpxtpx:depth></gpxtpx:TrackPointExtension></extensions></trkpt><trkpt lat="43.7104743719" lon="111.9084102195"><ele>931.81</ele><time>2018-09-22T10:38:38Z</time><extensions><gpxtpx:TrackPointExtension><gpxtpx:depth>0.00</gpxtpx:depth></gpxtpx:TrackPointExtension></extensions></trkpt><trkpt lat="43.7104298640" lon="111.9092113618"><ele>932.39</ele><time>2018-09-22T10:38:55Z</time><extensions><gpxtpx:TrackPointExtension><gpxtpx:depth>0.00</gpxtpx:depth></gpxtpx:TrackPointExtension></extensions></trkpt><trkpt lat="43.7103946600" lon="111.9098858535"><ele>932.79</ele><time>2018-09-22T10:39:12Z</time><extensions><gpxtpx:TrackPointExtension><gpxtpx:depth>0.00</gpxtpx:depth></gpxtpx:TrackPointExtension></extensions></trkpt><trkpt lat="43.7103700172" lon="111.9107876625"><ele>933.42</ele><time>2018-09-22T10:39:31Z</time><extensions><gpxtpx:TrackPointExtension><gpxtpx:depth>0.00</gpxtpx:depth></gpxtpx:TrackPointExtension></extensions></trkpt><trkpt lat="43.7103540916" lon="111.9117048942"><ele>933.93</ele><time>2018-09-22T10:39:49Z</time><extensions><gpxtpx:TrackPointExtension><gpxtpx:depth>0.00</gpxtpx:depth></gpxtpx:TrackPointExtension></extensions></trkpt><trkpt lat="43.7103580311" lon="111.9124583434"><ele>934.79</ele><time>2018-09-22T10:40:08Z</time><extensions><gpxtpx:TrackPointExtension><gpxtpx:depth>0.00</gpxtpx:depth></gpxtpx:TrackPointExtension></extensions></trkpt><trkpt lat="43.7103545945" lon="111.9128864072"><ele>934.77</ele><time>2018-09-22T10:40:26Z</time><extensions><gpxtpx:TrackPointExtension><gpxtpx:depth>0.00</gpxtpx:depth></gpxtpx:TrackPointExtension></extensions></trkpt><trkpt lat="43.7103569414" lon="111.9128863234"><ele>934.73</ele><time>2018-09-22T10:40:30Z</time><extensions><gpxtpx:TrackPointExtension><gpxtpx:depth>0.00</gpxtpx:depth></gpxtpx:TrackPointExtension></extensions></trkpt><trkpt lat="43.7104074843" lon="111.9129603356"><ele>934.88</ele><time>2018-09-22T10:42:01Z</time><extensions><gpxtpx:TrackPointExtension><gpxtpx:depth>0.00</gpxtpx:depth></gpxtpx:TrackPointExtension></extensions></trkpt><trkpt lat="43.7104281876" lon="111.9129755069"><ele>934.87</ele><time>2018-09-22T10:42:02Z</time><extensions><gpxtpx:TrackPointExtension><gpxtpx:depth>0.00</gpxtpx:depth></gpxtpx:TrackPointExtension></extensions></trkpt><trkpt lat="43.7104503158" lon="111.9129893370"><ele>934.89</ele><time>2018-09-22T10:42:03Z</time><extensions><gpxtpx:TrackPointExtension><gpxtpx:depth>0.00</gpxtpx:depth></gpxtpx:TrackPointExtension></extensions></trkpt><trkpt lat="43.7104697619" lon="111.9129969645"><ele>934.90</ele><time>2018-09-22T10:42:04Z</time><extensions><gpxtpx:TrackPointExtension><gpxtpx:depth>0.00</gpxtpx:depth></gpxtpx:TrackPointExtension></extensions></trkpt><trkpt lat="43.7104909681" lon="111.9130019937"><ele>934.97</ele><time>2018-09-22T10:42:05Z</time><extensions><gpxtpx:TrackPointExtension><gpxtpx:depth>0.00</gpxtpx:depth></gpxtpx:TrackPointExtension></extensions></trkpt><trkpt lat="43.7106658984" lon="111.9131429773"><ele>935.13</ele><time>2018-09-22T10:42:17Z</time><extensions><gpxtpx:TrackPointExtension><gpxtpx:depth>0.00</gpxtpx:depth></gpxtpx:TrackPointExtension></extensions></trkpt><trkpt lat="43.7107390724" lon="111.9131766725"><ele>935.39</ele><time>2018-09-22T10:42:27Z</time><extensions><gpxtpx:TrackPointExtension><gpxtpx:depth>0.00</gpxtpx:depth></gpxtpx:TrackPointExtension></extensions></trkpt><trkpt lat="43.7108130008" lon="111.9132004771"><ele>935.52</ele><time>2018-09-22T10:43:13Z</time><extensions><gpxtpx:TrackPointExtension><gpxtpx:depth>0.00</gpxtpx:depth></gpxtpx:TrackPointExtension></extensions></trkpt><trkpt lat="43.7108238135" lon="111.9132251199"><ele>935.52</ele><time>2018-09-22T10:43:14Z</time><extensions><gpxtpx:TrackPointExtension><gpxtpx:depth>0.00</gpxtpx:depth></gpxtpx:TrackPointExtension></extensions></trkpt><trkpt lat="43.7108363025" lon="111.9132540375"><ele>935.53</ele><time>2018-09-22T10:43:15Z</time><extensions><gpxtpx:TrackPointExtension><gpxtpx:depth>0.00</gpxtpx:depth></gpxtpx:TrackPointExtension></extensions></trkpt><trkpt lat="43.7108437624" lon="111.9132896606"><ele>935.54</ele><time>2018-09-22T10:43:16Z</time><extensions><gpxtpx:TrackPointExtension><gpxtpx:depth>0.00</gpxtpx:depth></gpxtpx:TrackPointExtension></extensions></trkpt><trkpt lat="43.7108486239" lon="111.9133299775"><ele>935.56</ele><time>2018-09-22T10:43:17Z</time><extensions><gpxtpx:TrackPointExtension><gpxtpx:depth>0.00</gpxtpx:depth></gpxtpx:TrackPointExtension></extensions></trkpt><trkpt lat="43.7108501326" lon="111.9133721385"><ele>935.56</ele><time>2018-09-22T10:43:18Z</time><extensions><gpxtpx:TrackPointExtension><gpxtpx:depth>0.00</gpxtpx:depth></gpxtpx:TrackPointExtension></extensions></trkpt><trkpt lat="43.7108482048" lon="111.9134163950"><ele>935.58</ele><time>2018-09-22T10:43:19Z</time><extensions><gpxtpx:TrackPointExtension><gpxtpx:depth>0.00</gpxtpx:depth></gpxtpx:TrackPointExtension></extensions></trkpt><trkpt lat="43.7108466960" lon="111.9134629145"><ele>935.60</ele><time>2018-09-22T10:43:20Z</time><extensions><gpxtpx:TrackPointExtension><gpxtpx:depth>0.00</gpxtpx:depth></gpxtpx:TrackPointExtension></extensions></trkpt><trkpt lat="43.7109039444" lon="111.9144172780"><ele>936.11</ele><time>2018-09-22T10:43:38Z</time><extensions><gpxtpx:TrackPointExtension><gpxtpx:depth>0.00</gpxtpx:depth></gpxtpx:TrackPointExtension></extensions></trkpt><trkpt lat="43.7109554932" lon="111.9149310049"><ele>936.36</ele><time>2018-09-22T10:43:50Z</time><extensions><gpxtpx:TrackPointExtension><gpxtpx:depth>0.00</gpxtpx:depth></gpxtpx:TrackPointExtension></extensions></trkpt><trkpt lat="43.7110264041" lon="111.9150206074"><ele>936.38</ele><time>2018-09-22T10:43:57Z</time><extensions><gpxtpx:TrackPointExtension><gpxtpx:depth>0.00</gpxtpx:depth></gpxtpx:TrackPointExtension></extensions></trkpt><trkpt lat="43.7110779528" lon="111.9149708189"><ele>936.38</ele><time>2018-09-22T10:44:05Z</time><extensions><gpxtpx:TrackPointExtension><gpxtpx:depth>0.00</gpxtpx:depth></gpxtpx:TrackPointExtension></extensions></trkpt><trkpt lat="43.7112057768" lon="111.9149586651"><ele>936.42</ele><time>2018-09-22T10:44:13Z</time><extensions><gpxtpx:TrackPointExtension><gpxtpx:depth>0.00</gpxtpx:depth></gpxtpx:TrackPointExtension></extensions></trkpt><trkpt lat="43.7112327665" lon="111.9149501156"><ele>936.53</ele><time>2018-09-22T10:44:14Z</time><extensions><gpxtpx:TrackPointExtension><gpxtpx:depth>0.00</gpxtpx:depth></gpxtpx:TrackPointExtension></extensions></trkpt><trkpt lat="43.7112572417" lon="111.9149336033"><ele>936.56</ele><time>2018-09-22T10:44:15Z</time><extensions><gpxtpx:TrackPointExtension><gpxtpx:depth>0.00</gpxtpx:depth></gpxtpx:TrackPointExtension></extensions></trkpt><trkpt lat="43.7115635164" lon="111.9145622849"><ele>936.62</ele><time>2018-09-22T10:44:28Z</time><extensions><gpxtpx:TrackPointExtension><gpxtpx:depth>0.00</gpxtpx:depth></gpxtpx:TrackPointExtension></extensions></trkpt><trkpt lat="43.7118967809" lon="111.9141386636"><ele>936.70</ele><time>2018-09-22T10:44:42Z</time><extensions><gpxtpx:TrackPointExtension><gpxtpx:depth>0.00</gpxtpx:depth></gpxtpx:TrackPointExtension></extensions></trkpt><trkpt lat="43.7122620642" lon="111.9136556983"><ele>936.89</ele><time>2018-09-22T10:44:58Z</time><extensions><gpxtpx:TrackPointExtension><gpxtpx:depth>0.00</gpxtpx:depth></gpxtpx:TrackPointExtension></extensions></trkpt><trkpt lat="43.7126550917" lon="111.9131324161"><ele>937.01</ele><time>2018-09-22T10:45:15Z</time><extensions><gpxtpx:TrackPointExtension><gpxtpx:depth>0.00</gpxtpx:depth></gpxtpx:TrackPointExtension></extensions></trkpt><trkpt lat="43.7130491249" lon="111.9126077928"><ele>937.10</ele><time>2018-09-22T10:45:32Z</time><extensions><gpxtpx:TrackPointExtension><gpxtpx:depth>0.00</gpxtpx:depth></gpxtpx:TrackPointExtension></extensions></trkpt><trkpt lat="43.7134414818" lon="111.9120806549"><ele>937.13</ele><time>2018-09-22T10:45:49Z</time><extensions><gpxtpx:TrackPointExtension><gpxtpx:depth>0.00</gpxtpx:depth></gpxtpx:TrackPointExtension></extensions></trkpt><trkpt lat="43.7138796877" lon="111.9114997052"><ele>936.91</ele><time>2018-09-22T10:46:09Z</time><extensions><gpxtpx:TrackPointExtension><gpxtpx:depth>0.00</gpxtpx:depth></gpxtpx:TrackPointExtension></extensions></trkpt><trkpt lat="43.7143582106" lon="111.9108548854"><ele>937.06</ele><time>2018-09-22T10:46:30Z</time><extensions><gpxtpx:TrackPointExtension><gpxtpx:depth>0.00</gpxtpx:depth></gpxtpx:TrackPointExtension></extensions></trkpt><trkpt lat="43.7147995178" lon="111.9102647156"><ele>936.98</ele><time>2018-09-22T10:46:49Z</time><extensions><gpxtpx:TrackPointExtension><gpxtpx:depth>0.00</gpxtpx:depth></gpxtpx:TrackPointExtension></extensions></trkpt><trkpt lat="43.7150828261" lon="111.9098982587"><ele>937.07</ele><time>2018-09-22T10:47:02Z</time><extensions><gpxtpx:TrackPointExtension><gpxtpx:depth>0.00</gpxtpx:depth></gpxtpx:TrackPointExtension></extensions></trkpt><trkpt lat="43.7154499535" lon="111.9093924947"><ele>937.10</ele><time>2018-09-22T10:47:19Z</time><extensions><gpxtpx:TrackPointExtension><gpxtpx:depth>0.00</gpxtpx:depth></gpxtpx:TrackPointExtension></extensions></trkpt><trkpt lat="43.7159220222" lon="111.9087525364"><ele>937.08</ele><time>2018-09-22T10:47:40Z</time><extensions><gpxtpx:TrackPointExtension><gpxtpx:depth>0.00</gpxtpx:depth></gpxtpx:TrackPointExtension></extensions></trkpt><trkpt lat="43.7164062448" lon="111.9080919586"><ele>936.96</ele><time>2018-09-22T10:48:03Z</time><extensions><gpxtpx:TrackPointExtension><gpxtpx:depth>0.00</gpxtpx:depth></gpxtpx:TrackPointExtension></extensions></trkpt><trkpt lat="43.7166390102" lon="111.9077457022"><ele>936.95</ele><time>2018-09-22T10:48:17Z</time><extensions><gpxtpx:TrackPointExtension><gpxtpx:depth>0.00</gpxtpx:depth></gpxtpx:TrackPointExtension></extensions></trkpt><trkpt lat="43.7169596180" lon="111.9073447119"><ele>936.82</ele><time>2018-09-22T10:48:30Z</time><extensions><gpxtpx:TrackPointExtension><gpxtpx:depth>0.00</gpxtpx:depth></gpxtpx:TrackPointExtension></extensions></trkpt><trkpt lat="43.7173617817" lon="111.9067626726"><ele>937.09</ele><time>2018-09-22T10:48:49Z</time><extensions><gpxtpx:TrackPointExtension><gpxtpx:depth>0.00</gpxtpx:depth></gpxtpx:TrackPointExtension></extensions></trkpt><trkpt lat="43.7176523823" lon="111.9064122252"><ele>937.05</ele><time>2018-09-22T10:49:02Z</time><extensions><gpxtpx:TrackPointExtension><gpxtpx:depth>0.00</gpxtpx:depth></gpxtpx:TrackPointExtension></extensions></trkpt><trkpt lat="43.7177691422" lon="111.9063663762"><ele>937.08</ele><time>2018-09-22T10:49:07Z</time><extensions><gpxtpx:TrackPointExtension><gpxtpx:depth>0.00</gpxtpx:depth></gpxtpx:TrackPointExtension></extensions></trkpt><trkpt lat="43.7177872472" lon="111.9063456729"><ele>937.08</ele><time>2018-09-22T10:49:08Z</time><extensions><gpxtpx:TrackPointExtension><gpxtpx:depth>0.00</gpxtpx:depth></gpxtpx:TrackPointExtension></extensions></trkpt><trkpt lat="43.7180195935" lon="111.9060913660"><ele>936.81</ele><time>2018-09-22T10:49:22Z</time><extensions><gpxtpx:TrackPointExtension><gpxtpx:depth>0.00</gpxtpx:depth></gpxtpx:TrackPointExtension></extensions></trkpt><trkpt lat="43.7181861419" lon="111.9059233088"><ele>936.91</ele><time>2018-09-22T10:49:32Z</time><extensions><gpxtpx:TrackPointExtension><gpxtpx:depth>0.00</gpxtpx:depth></gpxtpx:TrackPointExtension></extensions></trkpt><trkpt lat="43.7182570528" lon="111.9059347082"><ele>937.12</ele><time>2018-09-22T10:49:41Z</time><extensions><gpxtpx:TrackPointExtension><gpxtpx:depth>0.00</gpxtpx:depth></gpxtpx:TrackPointExtension></extensions></trkpt><trkpt lat="43.7182184123" lon="111.9058835786"><ele>937.15</ele><time>2018-09-22T10:51:32Z</time><extensions><gpxtpx:TrackPointExtension><gpxtpx:depth>0.00</gpxtpx:depth></gpxtpx:TrackPointExtension></extensions></trkpt><trkpt lat="43.7181607448" lon="111.9058480393"><ele>937.13</ele><time>2018-09-22T10:51:36Z</time><extensions><gpxtpx:TrackPointExtension><gpxtpx:depth>0.00</gpxtpx:depth></gpxtpx:TrackPointExtension></extensions></trkpt><trkpt lat="43.7181759160" lon="111.9057165273"><ele>937.15</ele><time>2018-09-22T10:51:42Z</time><extensions><gpxtpx:TrackPointExtension><gpxtpx:depth>0.00</gpxtpx:depth></gpxtpx:TrackPointExtension></extensions></trkpt><trkpt lat="43.7181919254" lon="111.9056920521"><ele>937.15</ele><time>2018-09-22T10:51:43Z</time><extensions><gpxtpx:TrackPointExtension><gpxtpx:depth>0.00</gpxtpx:depth></gpxtpx:TrackPointExtension></extensions></trkpt><trkpt lat="43.7182088569" lon="111.9056681637"><ele>937.15</ele><time>2018-09-22T10:51:44Z</time><extensions><gpxtpx:TrackPointExtension><gpxtpx:depth>0.00</gpxtpx:depth></gpxtpx:TrackPointExtension></extensions></trkpt><trkpt lat="43.7182259560" lon="111.9056441914"><ele>937.15</ele><time>2018-09-22T10:51:45Z</time><extensions><gpxtpx:TrackPointExtension><gpxtpx:depth>0.00</gpxtpx:depth></gpxtpx:TrackPointExtension></extensions></trkpt><trkpt lat="43.7182424683" lon="111.9056204706"><ele>937.15</ele><time>2018-09-22T10:51:46Z</time><extensions><gpxtpx:TrackPointExtension><gpxtpx:depth>0.00</gpxtpx:depth></gpxtpx:TrackPointExtension></extensions></trkpt><trkpt lat="43.7182575557" lon="111.9055995159"><ele>937.15</ele><time>2018-09-22T10:51:47Z</time><extensions><gpxtpx:TrackPointExtension><gpxtpx:depth>0.00</gpxtpx:depth></gpxtpx:TrackPointExtension></extensions></trkpt><trkpt lat="43.7182728946" lon="111.9055839255"><ele>937.15</ele><time>2018-09-22T10:51:48Z</time><extensions><gpxtpx:TrackPointExtension><gpxtpx:depth>0.00</gpxtpx:depth></gpxtpx:TrackPointExtension></extensions></trkpt><trkpt lat="43.7182852160" lon="111.9055714365"><ele>937.15</ele><time>2018-09-22T10:51:49Z</time><extensions><gpxtpx:TrackPointExtension><gpxtpx:depth>0.00</gpxtpx:depth></gpxtpx:TrackPointExtension></extensions></trkpt><trkpt lat="43.7183048297" lon="111.9055602048"><ele>937.15</ele><time>2018-09-22T10:51:54Z</time><extensions><gpxtpx:TrackPointExtension><gpxtpx:depth>0.00</gpxtpx:depth></gpxtpx:TrackPointExtension></extensions></trkpt><trkpt lat="43.7183353398" lon="111.9054948259"><ele>937.15</ele><time>2018-09-22T10:52:01Z</time><extensions><gpxtpx:TrackPointExtension><gpxtpx:depth>0.00</gpxtpx:depth></gpxtpx:TrackPointExtension></extensions></trkpt><trkpt lat="43.7183489185" lon="111.9054729491"><ele>937.15</ele><time>2018-09-22T10:52:02Z</time><extensions><gpxtpx:TrackPointExtension><gpxtpx:depth>0.00</gpxtpx:depth></gpxtpx:TrackPointExtension></extensions></trkpt><trkpt lat="43.7183609884" lon="111.9054480549"><ele>937.15</ele><time>2018-09-22T10:52:03Z</time><extensions><gpxtpx:TrackPointExtension><gpxtpx:depth>0.00</gpxtpx:depth></gpxtpx:TrackPointExtension></extensions></trkpt><trkpt lat="43.7185975257" lon="111.9050970208"><ele>937.24</ele><time>2018-09-22T10:52:18Z</time><extensions><gpxtpx:TrackPointExtension><gpxtpx:depth>0.00</gpxtpx:depth></gpxtpx:TrackPointExtension></extensions></trkpt><trkpt lat="43.7188247591" lon="111.9048145507"><ele>937.07</ele><time>2018-09-22T10:52:34Z</time><extensions><gpxtpx:TrackPointExtension><gpxtpx:depth>0.00</gpxtpx:depth></gpxtpx:TrackPointExtension></extensions></trkpt><trkpt lat="43.7189858593" lon="111.9046218507"><ele>936.96</ele><time>2018-09-22T10:52:50Z</time><extensions><gpxtpx:TrackPointExtension><gpxtpx:depth>0.00</gpxtpx:depth></gpxtpx:TrackPointExtension></extensions></trkpt><trkpt lat="43.7189961690" lon="111.9045630936"><ele>936.90</ele><time>2018-09-22T10:53:26Z</time><extensions><gpxtpx:TrackPointExtension><gpxtpx:depth>0.00</gpxtpx:depth></gpxtpx:TrackPointExtension></extensions></trkpt><trkpt lat="43.7190111727" lon="111.9045475032"><ele>936.90</ele><time>2018-09-22T10:53:27Z</time><extensions><gpxtpx:TrackPointExtension><gpxtpx:depth>0.00</gpxtpx:depth></gpxtpx:TrackPointExtension></extensions></trkpt><trkpt lat="43.7190275174" lon="111.9045282248"><ele>936.90</ele><time>2018-09-22T10:53:28Z</time><extensions><gpxtpx:TrackPointExtension><gpxtpx:depth>0.00</gpxtpx:depth></gpxtpx:TrackPointExtension></extensions></trkpt><trkpt lat="43.7190457899" lon="111.9045069348"><ele>936.90</ele><time>2018-09-22T10:53:29Z</time><extensions><gpxtpx:TrackPointExtension><gpxtpx:depth>0.00</gpxtpx:depth></gpxtpx:TrackPointExtension></extensions></trkpt><trkpt lat="43.7192228157" lon="111.9043030869"><ele>936.96</ele><time>2018-09-22T10:53:44Z</time><extensions><gpxtpx:TrackPointExtension><gpxtpx:depth>0.00</gpxtpx:depth></gpxtpx:TrackPointExtension></extensions></trkpt><trkpt lat="43.7192615401" lon="111.9042503648"><ele>936.96</ele><time>2018-09-22T10:53:47Z</time><extensions><gpxtpx:TrackPointExtension><gpxtpx:depth>0.00</gpxtpx:depth></gpxtpx:TrackPointExtension></extensions></trkpt><trkpt lat="43.7192749511" lon="111.9042305835"><ele>936.96</ele><time>2018-09-22T10:53:48Z</time><extensions><gpxtpx:TrackPointExtension><gpxtpx:depth>0.00</gpxtpx:depth></gpxtpx:TrackPointExtension></extensions></trkpt><trkpt lat="43.7195518892" lon="111.9038740173"><ele>937.08</ele><time>2018-09-22T10:54:04Z</time><extensions><gpxtpx:TrackPointExtension><gpxtpx:depth>0.00</gpxtpx:depth></gpxtpx:TrackPointExtension></extensions></trkpt><trkpt lat="43.7197915278" lon="111.9035579357"><ele>937.19</ele><time>2018-09-22T10:54:19Z</time><extensions><gpxtpx:TrackPointExtension><gpxtpx:depth>0.00</gpxtpx:depth></gpxtpx:TrackPointExtension></extensions></trkpt><trkpt lat="43.7198081240" lon="111.9035349693"><ele>937.27</ele><time>2018-09-22T10:54:24Z</time><extensions><gpxtpx:TrackPointExtension><gpxtpx:depth>0.00</gpxtpx:depth></gpxtpx:TrackPointExtension></extensions></trkpt><trkpt lat="43.7197451759" lon="111.9035046268"><ele>937.11</ele><time>2018-09-22T10:54:47Z</time><extensions><gpxtpx:TrackPointExtension><gpxtpx:depth>0.00</gpxtpx:depth></gpxtpx:TrackPointExtension></extensions></trkpt><trkpt lat="43.7195582595" lon="111.9036977459"><ele>937.10</ele><time>2018-09-22T10:54:56Z</time><extensions><gpxtpx:TrackPointExtension><gpxtpx:depth>0.00</gpxtpx:depth></gpxtpx:TrackPointExtension></extensions></trkpt><trkpt lat="43.7192927208" lon="111.9040520489"><ele>937.10</ele><time>2018-09-22T10:55:11Z</time><extensions><gpxtpx:TrackPointExtension><gpxtpx:depth>0.00</gpxtpx:depth></gpxtpx:TrackPointExtension></extensions></trkpt><trkpt lat="43.7190255895" lon="111.9044069387"><ele>936.82</ele><time>2018-09-22T10:55:25Z</time><extensions><gpxtpx:TrackPointExtension><gpxtpx:depth>0.00</gpxtpx:depth></gpxtpx:TrackPointExtension></extensions></trkpt><trkpt lat="43.7187842745" lon="111.9047531951"><ele>936.70</ele><time>2018-09-22T10:55:40Z</time><extensions><gpxtpx:TrackPointExtension><gpxtpx:depth>0.00</gpxtpx:depth></gpxtpx:TrackPointExtension></extensions></trkpt><trkpt lat="43.7186486553" lon="111.9049037341"><ele>936.45</ele><time>2018-09-22T10:55:52Z</time><extensions><gpxtpx:TrackPointExtension><gpxtpx:depth>0.00</gpxtpx:depth></gpxtpx:TrackPointExtension></extensions></trkpt><trkpt lat="43.7186078355" lon="111.9049736392"><ele>936.28</ele><time>2018-09-22T10:56:28Z</time><extensions><gpxtpx:TrackPointExtension><gpxtpx:depth>0.00</gpxtpx:depth></gpxtpx:TrackPointExtension></extensions></trkpt><trkpt lat="43.7183446437" lon="111.9053483102"><ele>936.45</ele><time>2018-09-22T10:56:43Z</time><extensions><gpxtpx:TrackPointExtension><gpxtpx:depth>0.00</gpxtpx:depth></gpxtpx:TrackPointExtension></extensions></trkpt><trkpt lat="43.7180098705" lon="111.9057838339"><ele>936.46</ele><time>2018-09-22T10:56:59Z</time><extensions><gpxtpx:TrackPointExtension><gpxtpx:depth>0.00</gpxtpx:depth></gpxtpx:TrackPointExtension></extensions></trkpt><trkpt lat="43.7177724112" lon="111.9060847443"><ele>936.27</ele><time>2018-09-22T10:57:15Z</time><extensions><gpxtpx:TrackPointExtension><gpxtpx:depth>0.00</gpxtpx:depth></gpxtpx:TrackPointExtension></extensions></trkpt><trkpt lat="43.7177703157" lon="111.9060870912"><ele>936.26</ele><time>2018-09-22T10:57:18Z</time><extensions><gpxtpx:TrackPointExtension><gpxtpx:depth>0.00</gpxtpx:depth></gpxtpx:TrackPointExtension></extensions></trkpt><trkpt lat="43.7177781109" lon="111.9061782863"><ele>935.75</ele><time>2018-09-22T10:58:26Z</time><extensions><gpxtpx:TrackPointExtension><gpxtpx:depth>0.00</gpxtpx:depth></gpxtpx:TrackPointExtension></extensions></trkpt><trkpt lat="43.7177743390" lon="111.9061778672"><ele>935.85</ele><time>2018-09-22T10:58:32Z</time><extensions><gpxtpx:TrackPointExtension><gpxtpx:depth>0.00</gpxtpx:depth></gpxtpx:TrackPointExtension></extensions></trkpt><trkpt lat="43.7177525461" lon="111.9057588559"><ele>935.98</ele><time>2018-09-22T11:01:21Z</time><extensions><gpxtpx:TrackPointExtension><gpxtpx:depth>0.00</gpxtpx:depth></gpxtpx:TrackPointExtension></extensions></trkpt><trkpt lat="43.7177493609" lon="111.9060231373"><ele>935.86</ele><time>2018-09-22T11:01:24Z</time><extensions><gpxtpx:TrackPointExtension><gpxtpx:depth>0.00</gpxtpx:depth></gpxtpx:TrackPointExtension></extensions></trkpt><trkpt lat="43.7177095469" lon="111.9060252327"><ele>935.81</ele><time>2018-09-22T11:01:28Z</time><extensions><gpxtpx:TrackPointExtension><gpxtpx:depth>0.00</gpxtpx:depth></gpxtpx:TrackPointExtension></extensions></trkpt><trkpt lat="43.7177386321" lon="111.9059932139"><ele>935.76</ele><time>2018-09-22T11:01:32Z</time><extensions><gpxtpx:TrackPointExtension><gpxtpx:depth>0.00</gpxtpx:depth></gpxtpx:TrackPointExtension></extensions></trkpt><trkpt lat="43.7177687231" lon="111.9059978239"><ele>935.74</ele><time>2018-09-22T11:01:41Z</time><extensions><gpxtpx:TrackPointExtension><gpxtpx:depth>0.00</gpxtpx:depth></gpxtpx:TrackPointExtension></extensions></trkpt><trkpt lat="43.7177663762" lon="111.9058643002"><ele>935.62</ele><time>2018-09-22T11:01:51Z</time><extensions><gpxtpx:TrackPointExtension><gpxtpx:depth>0.00</gpxtpx:depth></gpxtpx:TrackPointExtension></extensions></trkpt><trkpt lat="43.7177621014" lon="111.9058192894"><ele>935.54</ele><time>2018-09-22T11:01:54Z</time><extensions><gpxtpx:TrackPointExtension><gpxtpx:depth>0.00</gpxtpx:depth></gpxtpx:TrackPointExtension></extensions></trkpt><trkpt lat="43.7177571561" lon="111.9057242386"><ele>935.57</ele><time>2018-09-22T11:01:59Z</time><extensions><gpxtpx:TrackPointExtension><gpxtpx:depth>0.00</gpxtpx:depth></gpxtpx:TrackPointExtension></extensions></trkpt><trkpt lat="43.7177408114" lon="111.9058201276"><ele>935.77</ele><time>2018-09-22T11:04:16Z</time><extensions><gpxtpx:TrackPointExtension><gpxtpx:depth>0.00</gpxtpx:depth></gpxtpx:TrackPointExtension></extensions></trkpt><trkpt lat="43.7178807892" lon="111.9047153927"><ele>936.00</ele><time>2018-09-22T11:04:46Z</time><extensions><gpxtpx:TrackPointExtension><gpxtpx:depth>0.00</gpxtpx:depth></gpxtpx:TrackPointExtension></extensions></trkpt><trkpt lat="43.7176902685" lon="111.9052776508"><ele>935.89</ele><time>2018-09-22T11:05:06Z</time><extensions><gpxtpx:TrackPointExtension><gpxtpx:depth>0.00</gpxtpx:depth></gpxtpx:TrackPointExtension></extensions></trkpt><trkpt lat="43.7177939527" lon="111.9049849547"><ele>935.75</ele><time>2018-09-22T11:05:32Z</time><extensions><gpxtpx:TrackPointExtension><gpxtpx:depth>0.00</gpxtpx:depth></gpxtpx:TrackPointExtension></extensions></trkpt><trkpt lat="43.7178939488" lon="111.9044111297"><ele>935.98</ele><time>2018-09-22T11:05:57Z</time><extensions><gpxtpx:TrackPointExtension><gpxtpx:depth>0.00</gpxtpx:depth></gpxtpx:TrackPointExtension></extensions></trkpt><trkpt lat="43.7177644484" lon="111.9045568071"><ele>936.08</ele><time>2018-09-22T11:05:58Z</time><extensions><gpxtpx:TrackPointExtension><gpxtpx:depth>0.00</gpxtpx:depth></gpxtpx:TrackPointExtension></extensions></trkpt><trkpt lat="43.7178550567" lon="111.9043556415"><ele>936.84</ele><time>2018-09-22T11:06:02Z</time><extensions><gpxtpx:TrackPointExtension><gpxtpx:depth>0.00</gpxtpx:depth></gpxtpx:TrackPointExtension></extensions></trkpt><trkpt lat="43.7177237961" lon="111.9045470003"><ele>936.93</ele><time>2018-09-22T11:06:03Z</time><extensions><gpxtpx:TrackPointExtension><gpxtpx:depth>0.00</gpxtpx:depth></gpxtpx:TrackPointExtension></extensions></trkpt><trkpt lat="43.7176913582" lon="111.9045178313"><ele>937.12</ele><time>2018-09-22T11:06:08Z</time><extensions><gpxtpx:TrackPointExtension><gpxtpx:depth>0.00</gpxtpx:depth></gpxtpx:TrackPointExtension></extensions></trkpt><trkpt lat="43.7176901009" lon="111.9045026600"><ele>937.24</ele><time>2018-09-22T11:06:09Z</time><extensions><gpxtpx:TrackPointExtension><gpxtpx:depth>0.00</gpxtpx:depth></gpxtpx:TrackPointExtension></extensions></trkpt><trkpt lat="43.7176891789" lon="111.9044883270"><ele>937.44</ele><time>2018-09-22T11:06:10Z</time><extensions><gpxtpx:TrackPointExtension><gpxtpx:depth>0.00</gpxtpx:depth></gpxtpx:TrackPointExtension></extensions></trkpt><trkpt lat="43.7176117301" lon="111.9047496747"><ele>938.27</ele><time>2018-09-22T11:06:14Z</time><extensions><gpxtpx:TrackPointExtension><gpxtpx:depth>0.00</gpxtpx:depth></gpxtpx:TrackPointExtension></extensions></trkpt><trkpt lat="43.7169680838" lon="111.9070098549"><ele>942.48</ele><time>2018-09-22T11:08:36Z</time><extensions><gpxtpx:TrackPointExtension><gpxtpx:depth>0.00</gpxtpx:depth></gpxtpx:TrackPointExtension></extensions></trkpt><trkpt lat="43.7170044612" lon="111.9069934264"><ele>942.51</ele><time>2018-09-22T11:08:37Z</time><extensions><gpxtpx:TrackPointExtension><gpxtpx:depth>0.00</gpxtpx:depth></gpxtpx:TrackPointExtension></extensions></trkpt><trkpt lat="43.7170981709" lon="111.9069397822"><ele>942.53</ele><time>2018-09-22T11:08:38Z</time><extensions><gpxtpx:TrackPointExtension><gpxtpx:depth>0.00</gpxtpx:depth></gpxtpx:TrackPointExtension></extensions></trkpt><trkpt lat="43.7173368875" lon="111.9066739082"><ele>942.56</ele><time>2018-09-22T11:08:43Z</time><extensions><gpxtpx:TrackPointExtension><gpxtpx:depth>0.00</gpxtpx:depth></gpxtpx:TrackPointExtension></extensions></trkpt></trkseg></trk></gpx>