<?xml version="1.0" encoding="UTF-8" standalone="no" ?><gpx xmlns="http://www.topografix.com/GPX/1/1" xmlns:gpxx="http://www.garmin.com/xmlschemas/GpxExtensions/v3" xmlns:gpxtrkx="http://www.garmin.com/xmlschemas/TrackStatsExtension/v1" xmlns:wptx1="http://www.garmin.com/xmlschemas/WaypointExtension/v1" xmlns:gpxtpx="http://www.garmin.com/xmlschemas/TrackPointExtension/v1" creator="eTrex Touch 35t" version="1.1" xmlns:xsi="http://www.w3.org/2001/XMLSchema-instance" xsi:schemaLocation="http://www.topografix.com/GPX/1/1 http://www.topografix.com/GPX/1/1/gpx.xsd http://www.garmin.com/xmlschemas/GpxExtensions/v3 http://www8.garmin.com/xmlschemas/GpxExtensionsv3.xsd http://www.garmin.com/xmlschemas/TrackStatsExtension/v1 http://www8.garmin.com/xmlschemas/TrackStatsExtension.xsd http://www.garmin.com/xmlschemas/WaypointExtension/v1 http://www8.garmin.com/xmlschemas/WaypointExtensionv1.xsd http://www.garmin.com/xmlschemas/TrackPointExtension/v1 http://www.garmin.com/xmlschemas/TrackPointExtensionv1.xsd"><metadata><link href="http://www.garmin.com"><text>Garmin International</text></link><time>2018-08-20T14:50:37Z</time></metadata><trk><name>2018-08-20 19:50:17</name><extensions><gpxx:TrackExtension><gpxx:DisplayColor>Cyan</gpxx:DisplayColor></gpxx:TrackExtension><gpxtrkx:TrackStatsExtension><gpxtrkx:Distance>102117.000</gpxtrkx:Distance><gpxtrkx:TimerTime>33821</gpxtrkx:TimerTime><gpxtrkx:TotalElapsedTime>84063</gpxtrkx:TotalElapsedTime><gpxtrkx:MovingTime>26362</gpxtrkx:MovingTime><gpxtrkx:StoppedTime>8178</gpxtrkx:StoppedTime><gpxtrkx:MovingSpeed>3.887</gpxtrkx:MovingSpeed><gpxtrkx:MaxSpeed>12.829</gpxtrkx:MaxSpeed><gpxtrkx:MaxElevation>220.380</gpxtrkx:MaxElevation><gpxtrkx:MinElevation>103.135</gpxtrkx:MinElevation><gpxtrkx:Ascent>618.000</gpxtrkx:Ascent><gpxtrkx:Descent>548.776</gpxtrkx:Descent><gpxtrkx:AvgAscentRate>0.036</gpxtrkx:AvgAscentRate><gpxtrkx:MaxAscentRate>0.196</gpxtrkx:MaxAscentRate><gpxtrkx:AvgDescentRate>0.062</gpxtrkx:AvgDescentRate><gpxtrkx:MaxDescentRate>-0.467</gpxtrkx:MaxDescentRate><gpxtrkx:Calories>1751</gpxtrkx:Calories></gpxtrkx:TrackStatsExtension></extensions><trkseg><trkpt lat="55.4514777940" lon="54.2646355927"><ele>117.38</ele><time>2018-08-19T15:29:34Z</time><extensions><gpxtpx:TrackPointExtension><gpxtpx:depth>0.00</gpxtpx:depth></gpxtpx:TrackPointExtension></extensions></trkpt><trkpt lat="55.4514791351" lon="54.2646460701"><ele>117.38</ele><time>2018-08-19T15:30:06Z</time><extensions><gpxtpx:TrackPointExtension><gpxtpx:depth>0.00</gpxtpx:depth></gpxtpx:TrackPointExtension></extensions></trkpt><trkpt lat="55.4496663809" lon="54.2627521791"><ele>133.15</ele><time>2018-08-20T05:20:43Z</time><extensions><gpxtpx:TrackPointExtension><gpxtpx:depth>0.00</gpxtpx:depth></gpxtpx:TrackPointExtension></extensions></trkpt><trkpt lat="55.4487613868" lon="54.2623164877"><ele>134.66</ele><time>2018-08-20T05:23:41Z</time><extensions><gpxtpx:TrackPointExtension><gpxtpx:depth>0.00</gpxtpx:depth></gpxtpx:TrackPointExtension></extensions></trkpt><trkpt lat="55.4478677921" lon="54.2619672138"><ele>134.90</ele><time>2018-08-20T05:25:07Z</time><extensions><gpxtpx:TrackPointExtension><gpxtpx:depth>0.00</gpxtpx:depth></gpxtpx:TrackPointExtension></extensions></trkpt><trkpt lat="55.4469918832" lon="54.2615746055"><ele>136.63</ele><time>2018-08-20T05:26:10Z</time><extensions><gpxtpx:TrackPointExtension><gpxtpx:depth>0.00</gpxtpx:depth></gpxtpx:TrackPointExtension></extensions></trkpt><trkpt lat="55.4461201653" lon="54.2611886188"><ele>138.10</ele><time>2018-08-20T05:27:04Z</time><extensions><gpxtpx:TrackPointExtension><gpxtpx:depth>0.00</gpxtpx:depth></gpxtpx:TrackPointExtension></extensions></trkpt><trkpt lat="55.4452367965" lon="54.2609116808"><ele>140.51</ele><time>2018-08-20T05:29:16Z</time><extensions><gpxtpx:TrackPointExtension><gpxtpx:depth>0.00</gpxtpx:depth></gpxtpx:TrackPointExtension></extensions></trkpt><trkpt lat="55.4447778035" lon="54.2620818783"><ele>140.92</ele><time>2018-08-20T05:29:53Z</time><extensions><gpxtpx:TrackPointExtension><gpxtpx:depth>0.00</gpxtpx:depth></gpxtpx:TrackPointExtension></extensions></trkpt><trkpt lat="55.4444551002" lon="54.2635916267"><ele>139.94</ele><time>2018-08-20T05:30:21Z</time><extensions><gpxtpx:TrackPointExtension><gpxtpx:depth>0.00</gpxtpx:depth></gpxtpx:TrackPointExtension></extensions></trkpt><trkpt lat="55.4441251885" lon="54.2651294544"><ele>139.29</ele><time>2018-08-20T05:30:46Z</time><extensions><gpxtpx:TrackPointExtension><gpxtpx:depth>0.00</gpxtpx:depth></gpxtpx:TrackPointExtension></extensions></trkpt><trkpt lat="55.4438062571" lon="54.2666368559"><ele>138.46</ele><time>2018-08-20T05:31:08Z</time><extensions><gpxtpx:TrackPointExtension><gpxtpx:depth>0.00</gpxtpx:depth></gpxtpx:TrackPointExtension></extensions></trkpt><trkpt lat="55.4434714001" lon="54.2681986559"><ele>137.51</ele><time>2018-08-20T05:31:28Z</time><extensions><gpxtpx:TrackPointExtension><gpxtpx:depth>0.00</gpxtpx:depth></gpxtpx:TrackPointExtension></extensions></trkpt><trkpt lat="55.4431475233" lon="54.2697348911"><ele>137.17</ele><time>2018-08-20T05:31:46Z</time><extensions><gpxtpx:TrackPointExtension><gpxtpx:depth>0.00</gpxtpx:depth></gpxtpx:TrackPointExtension></extensions></trkpt><trkpt lat="55.4428188689" lon="54.2712884769"><ele>136.62</ele><time>2018-08-20T05:32:01Z</time><extensions><gpxtpx:TrackPointExtension><gpxtpx:depth>0.00</gpxtpx:depth></gpxtpx:TrackPointExtension></extensions></trkpt><trkpt lat="55.4424850177" lon="54.2728621792"><ele>135.76</ele><time>2018-08-20T05:32:15Z</time><extensions><gpxtpx:TrackPointExtension><gpxtpx:depth>0.00</gpxtpx:depth></gpxtpx:TrackPointExtension></extensions></trkpt><trkpt lat="55.4421582073" lon="54.2744279187"><ele>134.21</ele><time>2018-08-20T05:32:28Z</time><extensions><gpxtpx:TrackPointExtension><gpxtpx:depth>0.00</gpxtpx:depth></gpxtpx:TrackPointExtension></extensions></trkpt><trkpt lat="55.4418510944" lon="54.2759107612"><ele>132.86</ele><time>2018-08-20T05:32:41Z</time><extensions><gpxtpx:TrackPointExtension><gpxtpx:depth>0.00</gpxtpx:depth></gpxtpx:TrackPointExtension></extensions></trkpt><trkpt lat="55.4415345937" lon="54.2774000578"><ele>131.79</ele><time>2018-08-20T05:32:55Z</time><extensions><gpxtpx:TrackPointExtension><gpxtpx:depth>0.00</gpxtpx:depth></gpxtpx:TrackPointExtension></extensions></trkpt><trkpt lat="55.4411954619" lon="54.2790003307"><ele>130.34</ele><time>2018-08-20T05:33:09Z</time><extensions><gpxtpx:TrackPointExtension><gpxtpx:depth>0.00</gpxtpx:depth></gpxtpx:TrackPointExtension></extensions></trkpt><trkpt lat="55.4408560786" lon="54.2805816606"><ele>127.85</ele><time>2018-08-20T05:33:21Z</time><extensions><gpxtpx:TrackPointExtension><gpxtpx:depth>0.00</gpxtpx:depth></gpxtpx:TrackPointExtension></extensions></trkpt><trkpt lat="55.4405376501" lon="54.2821126990"><ele>125.92</ele><time>2018-08-20T05:33:34Z</time><extensions><gpxtpx:TrackPointExtension><gpxtpx:depth>0.00</gpxtpx:depth></gpxtpx:TrackPointExtension></extensions></trkpt><trkpt lat="55.4402173776" lon="54.2835982237"><ele>126.58</ele><time>2018-08-20T05:33:49Z</time><extensions><gpxtpx:TrackPointExtension><gpxtpx:depth>0.00</gpxtpx:depth></gpxtpx:TrackPointExtension></extensions></trkpt><trkpt lat="55.4398735519" lon="54.2851359677"><ele>127.08</ele><time>2018-08-20T05:34:05Z</time><extensions><gpxtpx:TrackPointExtension><gpxtpx:depth>0.00</gpxtpx:depth></gpxtpx:TrackPointExtension></extensions></trkpt><trkpt lat="55.4395568836" lon="54.2866412736"><ele>126.99</ele><time>2018-08-20T05:34:22Z</time><extensions><gpxtpx:TrackPointExtension><gpxtpx:depth>0.00</gpxtpx:depth></gpxtpx:TrackPointExtension></extensions></trkpt><trkpt lat="55.4392363597" lon="54.2881986313"><ele>127.72</ele><time>2018-08-20T05:34:40Z</time><extensions><gpxtpx:TrackPointExtension><gpxtpx:depth>0.00</gpxtpx:depth></gpxtpx:TrackPointExtension></extensions></trkpt><trkpt lat="55.4389190208" lon="54.2897239700"><ele>128.15</ele><time>2018-08-20T05:34:59Z</time><extensions><gpxtpx:TrackPointExtension><gpxtpx:depth>0.00</gpxtpx:depth></gpxtpx:TrackPointExtension></extensions></trkpt><trkpt lat="55.4385861754" lon="54.2912630551"><ele>127.82</ele><time>2018-08-20T05:35:18Z</time><extensions><gpxtpx:TrackPointExtension><gpxtpx:depth>0.00</gpxtpx:depth></gpxtpx:TrackPointExtension></extensions></trkpt><trkpt lat="55.4382711835" lon="54.2927869689"><ele>127.80</ele><time>2018-08-20T05:35:38Z</time><extensions><gpxtpx:TrackPointExtension><gpxtpx:depth>0.00</gpxtpx:depth></gpxtpx:TrackPointExtension></extensions></trkpt><trkpt lat="55.4379321355" lon="54.2943501100"><ele>127.59</ele><time>2018-08-20T05:36:00Z</time><extensions><gpxtpx:TrackPointExtension><gpxtpx:depth>0.00</gpxtpx:depth></gpxtpx:TrackPointExtension></extensions></trkpt><trkpt lat="55.4376531020" lon="54.2959038634"><ele>126.68</ele><time>2018-08-20T05:36:18Z</time><extensions><gpxtpx:TrackPointExtension><gpxtpx:depth>0.00</gpxtpx:depth></gpxtpx:TrackPointExtension></extensions></trkpt><trkpt lat="55.4377477337" lon="54.2975048069"><ele>125.27</ele><time>2018-08-20T05:36:35Z</time><extensions><gpxtpx:TrackPointExtension><gpxtpx:depth>0.00</gpxtpx:depth></gpxtpx:TrackPointExtension></extensions></trkpt><trkpt lat="55.4380557686" lon="54.2989956122"><ele>123.55</ele><time>2018-08-20T05:36:53Z</time><extensions><gpxtpx:TrackPointExtension><gpxtpx:depth>0.00</gpxtpx:depth></gpxtpx:TrackPointExtension></extensions></trkpt><trkpt lat="55.4384316970" lon="54.3004937097"><ele>122.84</ele><time>2018-08-20T05:37:12Z</time><extensions><gpxtpx:TrackPointExtension><gpxtpx:depth>0.00</gpxtpx:depth></gpxtpx:TrackPointExtension></extensions></trkpt><trkpt lat="55.4387877602" lon="54.3020322081"><ele>121.70</ele><time>2018-08-20T05:37:29Z</time><extensions><gpxtpx:TrackPointExtension><gpxtpx:depth>0.00</gpxtpx:depth></gpxtpx:TrackPointExtension></extensions></trkpt><trkpt lat="55.4391449131" lon="54.3035536911"><ele>120.16</ele><time>2018-08-20T05:37:45Z</time><extensions><gpxtpx:TrackPointExtension><gpxtpx:depth>0.00</gpxtpx:depth></gpxtpx:TrackPointExtension></extensions></trkpt><trkpt lat="55.4395034909" lon="54.3051137310"><ele>118.16</ele><time>2018-08-20T05:38:01Z</time><extensions><gpxtpx:TrackPointExtension><gpxtpx:depth>0.00</gpxtpx:depth></gpxtpx:TrackPointExtension></extensions></trkpt><trkpt lat="55.4398681875" lon="54.3066907860"><ele>115.77</ele><time>2018-08-20T05:38:16Z</time><extensions><gpxtpx:TrackPointExtension><gpxtpx:depth>0.00</gpxtpx:depth></gpxtpx:TrackPointExtension></extensions></trkpt><trkpt lat="55.4402235802" lon="54.3081751373"><ele>113.99</ele><time>2018-08-20T05:38:29Z</time><extensions><gpxtpx:TrackPointExtension><gpxtpx:depth>0.00</gpxtpx:depth></gpxtpx:TrackPointExtension></extensions></trkpt><trkpt lat="55.4403039627" lon="54.3096865620"><ele>112.22</ele><time>2018-08-20T05:38:43Z</time><extensions><gpxtpx:TrackPointExtension><gpxtpx:depth>0.00</gpxtpx:depth></gpxtpx:TrackPointExtension></extensions></trkpt><trkpt lat="55.4398158006" lon="54.3111513834"><ele>109.83</ele><time>2018-08-20T05:38:58Z</time><extensions><gpxtpx:TrackPointExtension><gpxtpx:depth>0.00</gpxtpx:depth></gpxtpx:TrackPointExtension></extensions></trkpt><trkpt lat="55.4393156525" lon="54.3124825973"><ele>108.15</ele><time>2018-08-20T05:39:14Z</time><extensions><gpxtpx:TrackPointExtension><gpxtpx:depth>0.00</gpxtpx:depth></gpxtpx:TrackPointExtension></extensions></trkpt><trkpt lat="55.4388207849" lon="54.3138045073"><ele>107.38</ele><time>2018-08-20T05:39:32Z</time><extensions><gpxtpx:TrackPointExtension><gpxtpx:depth>0.00</gpxtpx:depth></gpxtpx:TrackPointExtension></extensions></trkpt><trkpt lat="55.4383673239" lon="54.3152301852"><ele>106.65</ele><time>2018-08-20T05:39:51Z</time><extensions><gpxtpx:TrackPointExtension><gpxtpx:depth>0.00</gpxtpx:depth></gpxtpx:TrackPointExtension></extensions></trkpt><trkpt lat="55.4382637236" lon="54.3168539274"><ele>106.61</ele><time>2018-08-20T05:40:13Z</time><extensions><gpxtpx:TrackPointExtension><gpxtpx:depth>0.00</gpxtpx:depth></gpxtpx:TrackPointExtension></extensions></trkpt><trkpt lat="55.4383374006" lon="54.3184719700"><ele>106.99</ele><time>2018-08-20T05:40:36Z</time><extensions><gpxtpx:TrackPointExtension><gpxtpx:depth>0.00</gpxtpx:depth></gpxtpx:TrackPointExtension></extensions></trkpt><trkpt lat="55.4385178629" lon="54.3200419005"><ele>107.51</ele><time>2018-08-20T05:41:01Z</time><extensions><gpxtpx:TrackPointExtension><gpxtpx:depth>0.00</gpxtpx:depth></gpxtpx:TrackPointExtension></extensions></trkpt><trkpt lat="55.4386528116" lon="54.3216233980"><ele>106.98</ele><time>2018-08-20T05:41:25Z</time><extensions><gpxtpx:TrackPointExtension><gpxtpx:depth>0.00</gpxtpx:depth></gpxtpx:TrackPointExtension></extensions></trkpt><trkpt lat="55.4388359562" lon="54.3232078291"><ele>106.45</ele><time>2018-08-20T05:41:45Z</time><extensions><gpxtpx:TrackPointExtension><gpxtpx:depth>0.00</gpxtpx:depth></gpxtpx:TrackPointExtension></extensions></trkpt><trkpt lat="55.4391206056" lon="54.3247443158"><ele>105.79</ele><time>2018-08-20T05:42:05Z</time><extensions><gpxtpx:TrackPointExtension><gpxtpx:depth>0.00</gpxtpx:depth></gpxtpx:TrackPointExtension></extensions></trkpt><trkpt lat="55.4394613300" lon="54.3262449279"><ele>105.29</ele><time>2018-08-20T05:42:24Z</time><extensions><gpxtpx:TrackPointExtension><gpxtpx:depth>0.00</gpxtpx:depth></gpxtpx:TrackPointExtension></extensions></trkpt><trkpt lat="55.4397977795" lon="54.3277868629"><ele>104.96</ele><time>2018-08-20T05:42:43Z</time><extensions><gpxtpx:TrackPointExtension><gpxtpx:depth>0.00</gpxtpx:depth></gpxtpx:TrackPointExtension></extensions></trkpt><trkpt lat="55.4400795791" lon="54.3293223437"><ele>104.95</ele><time>2018-08-20T05:43:06Z</time><extensions><gpxtpx:TrackPointExtension><gpxtpx:depth>0.00</gpxtpx:depth></gpxtpx:TrackPointExtension></extensions></trkpt><trkpt lat="55.4402441997" lon="54.3308891729"><ele>105.17</ele><time>2018-08-20T05:43:30Z</time><extensions><gpxtpx:TrackPointExtension><gpxtpx:depth>0.00</gpxtpx:depth></gpxtpx:TrackPointExtension></extensions></trkpt><trkpt lat="55.4403847642" lon="54.3324953970"><ele>105.16</ele><time>2018-08-20T05:43:53Z</time><extensions><gpxtpx:TrackPointExtension><gpxtpx:depth>0.00</gpxtpx:depth></gpxtpx:TrackPointExtension></extensions></trkpt><trkpt lat="55.4405280948" lon="54.3340828456"><ele>105.47</ele><time>2018-08-20T05:44:17Z</time><extensions><gpxtpx:TrackPointExtension><gpxtpx:depth>0.00</gpxtpx:depth></gpxtpx:TrackPointExtension></extensions></trkpt><trkpt lat="55.4406604450" lon="54.3356635049"><ele>105.90</ele><time>2018-08-20T05:44:42Z</time><extensions><gpxtpx:TrackPointExtension><gpxtpx:depth>0.00</gpxtpx:depth></gpxtpx:TrackPointExtension></extensions></trkpt><trkpt lat="55.4407708347" lon="54.3372299988"><ele>110.40</ele><time>2018-08-20T05:45:26Z</time><extensions><gpxtpx:TrackPointExtension><gpxtpx:depth>0.00</gpxtpx:depth></gpxtpx:TrackPointExtension></extensions></trkpt><trkpt lat="55.4408962280" lon="54.3387904577"><ele>118.32</ele><time>2018-08-20T05:46:18Z</time><extensions><gpxtpx:TrackPointExtension><gpxtpx:depth>0.00</gpxtpx:depth></gpxtpx:TrackPointExtension></extensions></trkpt><trkpt lat="55.4410141613" lon="54.3403602205"><ele>124.37</ele><time>2018-08-20T05:47:19Z</time><extensions><gpxtpx:TrackPointExtension><gpxtpx:depth>0.00</gpxtpx:depth></gpxtpx:TrackPointExtension></extensions></trkpt><trkpt lat="55.4410237167" lon="54.3419899978"><ele>129.09</ele><time>2018-08-20T05:48:14Z</time><extensions><gpxtpx:TrackPointExtension><gpxtpx:depth>0.00</gpxtpx:depth></gpxtpx:TrackPointExtension></extensions></trkpt><trkpt lat="55.4410070367" lon="54.3436352815"><ele>134.56</ele><time>2018-08-20T05:49:10Z</time><extensions><gpxtpx:TrackPointExtension><gpxtpx:depth>0.00</gpxtpx:depth></gpxtpx:TrackPointExtension></extensions></trkpt><trkpt lat="55.4410346132" lon="54.3452962395"><ele>140.56</ele><time>2018-08-20T05:50:07Z</time><extensions><gpxtpx:TrackPointExtension><gpxtpx:depth>0.00</gpxtpx:depth></gpxtpx:TrackPointExtension></extensions></trkpt><trkpt lat="55.4410619382" lon="54.3469508272"><ele>145.94</ele><time>2018-08-20T05:51:02Z</time><extensions><gpxtpx:TrackPointExtension><gpxtpx:depth>0.00</gpxtpx:depth></gpxtpx:TrackPointExtension></extensions></trkpt><trkpt lat="55.4410958849" lon="54.3485514354"><ele>150.61</ele><time>2018-08-20T05:51:55Z</time><extensions><gpxtpx:TrackPointExtension><gpxtpx:depth>0.00</gpxtpx:depth></gpxtpx:TrackPointExtension></extensions></trkpt><trkpt lat="55.4411227070" lon="54.3501617666"><ele>153.75</ele><time>2018-08-20T05:52:48Z</time><extensions><gpxtpx:TrackPointExtension><gpxtpx:depth>0.00</gpxtpx:depth></gpxtpx:TrackPointExtension></extensions></trkpt><trkpt lat="55.4411591683" lon="54.3517460302"><ele>156.57</ele><time>2018-08-20T05:53:36Z</time><extensions><gpxtpx:TrackPointExtension><gpxtpx:depth>0.00</gpxtpx:depth></gpxtpx:TrackPointExtension></extensions></trkpt><trkpt lat="55.4411601741" lon="54.3532742187"><ele>159.10</ele><time>2018-08-20T05:54:53Z</time><extensions><gpxtpx:TrackPointExtension><gpxtpx:depth>0.00</gpxtpx:depth></gpxtpx:TrackPointExtension></extensions></trkpt><trkpt lat="55.4411912709" lon="54.3549127132"><ele>161.15</ele><time>2018-08-20T05:55:29Z</time><extensions><gpxtpx:TrackPointExtension><gpxtpx:depth>0.00</gpxtpx:depth></gpxtpx:TrackPointExtension></extensions></trkpt><trkpt lat="55.4412237927" lon="54.3564922828"><ele>162.80</ele><time>2018-08-20T05:56:05Z</time><extensions><gpxtpx:TrackPointExtension><gpxtpx:depth>0.00</gpxtpx:depth></gpxtpx:TrackPointExtension></extensions></trkpt><trkpt lat="55.4412662052" lon="54.3580927234"><ele>164.32</ele><time>2018-08-20T05:56:41Z</time><extensions><gpxtpx:TrackPointExtension><gpxtpx:depth>0.00</gpxtpx:depth></gpxtpx:TrackPointExtension></extensions></trkpt><trkpt lat="55.4412751738" lon="54.3596829381"><ele>164.97</ele><time>2018-08-20T05:57:08Z</time><extensions><gpxtpx:TrackPointExtension><gpxtpx:depth>0.00</gpxtpx:depth></gpxtpx:TrackPointExtension></extensions></trkpt><trkpt lat="55.4413024150" lon="54.3613345921"><ele>166.19</ele><time>2018-08-20T05:57:34Z</time><extensions><gpxtpx:TrackPointExtension><gpxtpx:depth>0.00</gpxtpx:depth></gpxtpx:TrackPointExtension></extensions></trkpt><trkpt lat="55.4413335957" lon="54.3629738409"><ele>167.11</ele><time>2018-08-20T05:58:02Z</time><extensions><gpxtpx:TrackPointExtension><gpxtpx:depth>0.00</gpxtpx:depth></gpxtpx:TrackPointExtension></extensions></trkpt><trkpt lat="55.4413449112" lon="54.3645819090"><ele>168.36</ele><time>2018-08-20T05:58:31Z</time><extensions><gpxtpx:TrackPointExtension><gpxtpx:depth>0.00</gpxtpx:depth></gpxtpx:TrackPointExtension></extensions></trkpt><trkpt lat="55.4413676262" lon="54.3662012927"><ele>171.09</ele><time>2018-08-20T05:59:02Z</time><extensions><gpxtpx:TrackPointExtension><gpxtpx:depth>0.00</gpxtpx:depth></gpxtpx:TrackPointExtension></extensions></trkpt><trkpt lat="55.4414010700" lon="54.3678423017"><ele>174.20</ele><time>2018-08-20T05:59:35Z</time><extensions><gpxtpx:TrackPointExtension><gpxtpx:depth>0.00</gpxtpx:depth></gpxtpx:TrackPointExtension></extensions></trkpt><trkpt lat="55.4414110444" lon="54.3694316782"><ele>175.51</ele><time>2018-08-20T06:00:04Z</time><extensions><gpxtpx:TrackPointExtension><gpxtpx:depth>0.00</gpxtpx:depth></gpxtpx:TrackPointExtension></extensions></trkpt><trkpt lat="55.4414389562" lon="54.3710513134"><ele>176.73</ele><time>2018-08-20T06:00:34Z</time><extensions><gpxtpx:TrackPointExtension><gpxtpx:depth>0.00</gpxtpx:depth></gpxtpx:TrackPointExtension></extensions></trkpt><trkpt lat="55.4414601624" lon="54.3726702780"><ele>178.38</ele><time>2018-08-20T06:01:04Z</time><extensions><gpxtpx:TrackPointExtension><gpxtpx:depth>0.00</gpxtpx:depth></gpxtpx:TrackPointExtension></extensions></trkpt><trkpt lat="55.4414672032" lon="54.3742611632"><ele>180.03</ele><time>2018-08-20T06:01:34Z</time><extensions><gpxtpx:TrackPointExtension><gpxtpx:depth>0.00</gpxtpx:depth></gpxtpx:TrackPointExtension></extensions></trkpt><trkpt lat="55.4414901696" lon="54.3758935388"><ele>181.48</ele><time>2018-08-20T06:02:04Z</time><extensions><gpxtpx:TrackPointExtension><gpxtpx:depth>0.00</gpxtpx:depth></gpxtpx:TrackPointExtension></extensions></trkpt><trkpt lat="55.4415183328" lon="54.3775393255"><ele>182.58</ele><time>2018-08-20T06:02:32Z</time><extensions><gpxtpx:TrackPointExtension><gpxtpx:depth>0.00</gpxtpx:depth></gpxtpx:TrackPointExtension></extensions></trkpt><trkpt lat="55.4415370245" lon="54.3791763950"><ele>183.71</ele><time>2018-08-20T06:03:04Z</time><extensions><gpxtpx:TrackPointExtension><gpxtpx:depth>0.00</gpxtpx:depth></gpxtpx:TrackPointExtension></extensions></trkpt><trkpt lat="55.4415380303" lon="54.3807531986"><ele>184.38</ele><time>2018-08-20T06:03:34Z</time><extensions><gpxtpx:TrackPointExtension><gpxtpx:depth>0.00</gpxtpx:depth></gpxtpx:TrackPointExtension></extensions></trkpt><trkpt lat="55.4415583145" lon="54.3823709060"><ele>184.91</ele><time>2018-08-20T06:04:03Z</time><extensions><gpxtpx:TrackPointExtension><gpxtpx:depth>0.00</gpxtpx:depth></gpxtpx:TrackPointExtension></extensions></trkpt><trkpt lat="55.4415651876" lon="54.3839841709"><ele>186.13</ele><time>2018-08-20T06:04:35Z</time><extensions><gpxtpx:TrackPointExtension><gpxtpx:depth>0.00</gpxtpx:depth></gpxtpx:TrackPointExtension></extensions></trkpt><trkpt lat="55.4416011460" lon="54.3855682667"><ele>187.28</ele><time>2018-08-20T06:05:06Z</time><extensions><gpxtpx:TrackPointExtension><gpxtpx:depth>0.00</gpxtpx:depth></gpxtpx:TrackPointExtension></extensions></trkpt><trkpt lat="55.4416269623" lon="54.3871824536"><ele>187.70</ele><time>2018-08-20T06:05:36Z</time><extensions><gpxtpx:TrackPointExtension><gpxtpx:depth>0.00</gpxtpx:depth></gpxtpx:TrackPointExtension></extensions></trkpt><trkpt lat="55.4416455701" lon="54.3887945451"><ele>187.45</ele><time>2018-08-20T06:06:00Z</time><extensions><gpxtpx:TrackPointExtension><gpxtpx:depth>0.00</gpxtpx:depth></gpxtpx:TrackPointExtension></extensions></trkpt><trkpt lat="55.4416741524" lon="54.3903856818"><ele>187.43</ele><time>2018-08-20T06:06:23Z</time><extensions><gpxtpx:TrackPointExtension><gpxtpx:depth>0.00</gpxtpx:depth></gpxtpx:TrackPointExtension></extensions></trkpt><trkpt lat="55.4417033214" lon="54.3920131121"><ele>187.07</ele><time>2018-08-20T06:06:46Z</time><extensions><gpxtpx:TrackPointExtension><gpxtpx:depth>0.00</gpxtpx:depth></gpxtpx:TrackPointExtension></extensions></trkpt><trkpt lat="55.4417139664" lon="54.3936611619"><ele>186.45</ele><time>2018-08-20T06:07:09Z</time><extensions><gpxtpx:TrackPointExtension><gpxtpx:depth>0.00</gpxtpx:depth></gpxtpx:TrackPointExtension></extensions></trkpt><trkpt lat="55.4417453147" lon="54.3952849042"><ele>185.80</ele><time>2018-08-20T06:07:33Z</time><extensions><gpxtpx:TrackPointExtension><gpxtpx:depth>0.00</gpxtpx:depth></gpxtpx:TrackPointExtension></extensions></trkpt><trkpt lat="55.4420323111" lon="54.3967840075"><ele>185.40</ele><time>2018-08-20T06:07:57Z</time><extensions><gpxtpx:TrackPointExtension><gpxtpx:depth>0.00</gpxtpx:depth></gpxtpx:TrackPointExtension></extensions></trkpt><trkpt lat="55.4425926413" lon="54.3981132098"><ele>184.95</ele><time>2018-08-20T06:08:20Z</time><extensions><gpxtpx:TrackPointExtension><gpxtpx:depth>0.00</gpxtpx:depth></gpxtpx:TrackPointExtension></extensions></trkpt><trkpt lat="55.4431191087" lon="54.3994204514"><ele>185.02</ele><time>2018-08-20T06:08:40Z</time><extensions><gpxtpx:TrackPointExtension><gpxtpx:depth>0.00</gpxtpx:depth></gpxtpx:TrackPointExtension></extensions></trkpt><trkpt lat="55.4436609149" lon="54.4007401820"><ele>184.65</ele><time>2018-08-20T06:09:01Z</time><extensions><gpxtpx:TrackPointExtension><gpxtpx:depth>0.00</gpxtpx:depth></gpxtpx:TrackPointExtension></extensions></trkpt><trkpt lat="55.4441910703" lon="54.4020270556"><ele>184.03</ele><time>2018-08-20T06:09:20Z</time><extensions><gpxtpx:TrackPointExtension><gpxtpx:depth>0.00</gpxtpx:depth></gpxtpx:TrackPointExtension></extensions></trkpt><trkpt lat="55.4447283503" lon="54.4033409189"><ele>183.61</ele><time>2018-08-20T06:09:40Z</time><extensions><gpxtpx:TrackPointExtension><gpxtpx:depth>0.00</gpxtpx:depth></gpxtpx:TrackPointExtension></extensions></trkpt><trkpt lat="55.4452758562" lon="54.4046743121"><ele>183.72</ele><time>2018-08-20T06:10:01Z</time><extensions><gpxtpx:TrackPointExtension><gpxtpx:depth>0.00</gpxtpx:depth></gpxtpx:TrackPointExtension></extensions></trkpt><trkpt lat="55.4458217695" lon="54.4060057774"><ele>183.07</ele><time>2018-08-20T06:10:23Z</time><extensions><gpxtpx:TrackPointExtension><gpxtpx:depth>0.00</gpxtpx:depth></gpxtpx:TrackPointExtension></extensions></trkpt><trkpt lat="55.4463808425" lon="54.4073564373"><ele>182.36</ele><time>2018-08-20T06:10:43Z</time><extensions><gpxtpx:TrackPointExtension><gpxtpx:depth>0.00</gpxtpx:depth></gpxtpx:TrackPointExtension></extensions></trkpt><trkpt lat="55.4469215591" lon="54.4086750783"><ele>182.02</ele><time>2018-08-20T06:11:02Z</time><extensions><gpxtpx:TrackPointExtension><gpxtpx:depth>0.00</gpxtpx:depth></gpxtpx:TrackPointExtension></extensions></trkpt><trkpt lat="55.4474684782" lon="54.4100160990"><ele>181.89</ele><time>2018-08-20T06:11:22Z</time><extensions><gpxtpx:TrackPointExtension><gpxtpx:depth>0.00</gpxtpx:depth></gpxtpx:TrackPointExtension></extensions></trkpt><trkpt lat="55.4480066802" lon="54.4113308843"><ele>181.41</ele><time>2018-08-20T06:11:43Z</time><extensions><gpxtpx:TrackPointExtension><gpxtpx:depth>0.00</gpxtpx:depth></gpxtpx:TrackPointExtension></extensions></trkpt><trkpt lat="55.4485396855" lon="54.4126412272"><ele>181.16</ele><time>2018-08-20T06:12:06Z</time><extensions><gpxtpx:TrackPointExtension><gpxtpx:depth>0.00</gpxtpx:depth></gpxtpx:TrackPointExtension></extensions></trkpt><trkpt lat="55.4490420967" lon="54.4139027875"><ele>181.53</ele><time>2018-08-20T06:14:18Z</time><extensions><gpxtpx:TrackPointExtension><gpxtpx:depth>0.00</gpxtpx:depth></gpxtpx:TrackPointExtension></extensions></trkpt><trkpt lat="55.4495832324" lon="54.4151996356"><ele>182.11</ele><time>2018-08-20T06:14:59Z</time><extensions><gpxtpx:TrackPointExtension><gpxtpx:depth>0.00</gpxtpx:depth></gpxtpx:TrackPointExtension></extensions></trkpt><trkpt lat="55.4501273856" lon="54.4165362976"><ele>181.57</ele><time>2018-08-20T06:15:28Z</time><extensions><gpxtpx:TrackPointExtension><gpxtpx:depth>0.00</gpxtpx:depth></gpxtpx:TrackPointExtension></extensions></trkpt><trkpt lat="55.4506638274" lon="54.4178489037"><ele>180.23</ele><time>2018-08-20T06:15:49Z</time><extensions><gpxtpx:TrackPointExtension><gpxtpx:depth>0.00</gpxtpx:depth></gpxtpx:TrackPointExtension></extensions></trkpt><trkpt lat="55.4512035381" lon="54.4191688858"><ele>179.50</ele><time>2018-08-20T06:16:08Z</time><extensions><gpxtpx:TrackPointExtension><gpxtpx:depth>0.00</gpxtpx:depth></gpxtpx:TrackPointExtension></extensions></trkpt><trkpt lat="55.4517322686" lon="54.4204585254"><ele>178.72</ele><time>2018-08-20T06:16:27Z</time><extensions><gpxtpx:TrackPointExtension><gpxtpx:depth>0.00</gpxtpx:depth></gpxtpx:TrackPointExtension></extensions></trkpt><trkpt lat="55.4522680398" lon="54.4217837881"><ele>177.71</ele><time>2018-08-20T06:16:45Z</time><extensions><gpxtpx:TrackPointExtension><gpxtpx:depth>0.00</gpxtpx:depth></gpxtpx:TrackPointExtension></extensions></trkpt><trkpt lat="55.4527909867" lon="54.4230740983"><ele>176.68</ele><time>2018-08-20T06:17:01Z</time><extensions><gpxtpx:TrackPointExtension><gpxtpx:depth>0.00</gpxtpx:depth></gpxtpx:TrackPointExtension></extensions></trkpt><trkpt lat="55.4533275962" lon="54.4243996963"><ele>175.51</ele><time>2018-08-20T06:17:16Z</time><extensions><gpxtpx:TrackPointExtension><gpxtpx:depth>0.00</gpxtpx:depth></gpxtpx:TrackPointExtension></extensions></trkpt><trkpt lat="55.4538543150" lon="54.4257021602"><ele>174.29</ele><time>2018-08-20T06:17:31Z</time><extensions><gpxtpx:TrackPointExtension><gpxtpx:depth>0.00</gpxtpx:depth></gpxtpx:TrackPointExtension></extensions></trkpt><trkpt lat="55.4543983843" lon="54.4270511437"><ele>173.10</ele><time>2018-08-20T06:17:46Z</time><extensions><gpxtpx:TrackPointExtension><gpxtpx:depth>0.00</gpxtpx:depth></gpxtpx:TrackPointExtension></extensions></trkpt><trkpt lat="55.4549373407" lon="54.4283796754"><ele>172.18</ele><time>2018-08-20T06:18:01Z</time><extensions><gpxtpx:TrackPointExtension><gpxtpx:depth>0.00</gpxtpx:depth></gpxtpx:TrackPointExtension></extensions></trkpt><trkpt lat="55.4554771353" lon="54.4297280721"><ele>171.52</ele><time>2018-08-20T06:18:16Z</time><extensions><gpxtpx:TrackPointExtension><gpxtpx:depth>0.00</gpxtpx:depth></gpxtpx:TrackPointExtension></extensions></trkpt><trkpt lat="55.4559997469" lon="54.4310139399"><ele>170.72</ele><time>2018-08-20T06:18:30Z</time><extensions><gpxtpx:TrackPointExtension><gpxtpx:depth>0.00</gpxtpx:depth></gpxtpx:TrackPointExtension></extensions></trkpt><trkpt lat="55.4565452412" lon="54.4323671982"><ele>169.91</ele><time>2018-08-20T06:18:44Z</time><extensions><gpxtpx:TrackPointExtension><gpxtpx:depth>0.00</gpxtpx:depth></gpxtpx:TrackPointExtension></extensions></trkpt><trkpt lat="55.4570948426" lon="54.4337220490"><ele>169.14</ele><time>2018-08-20T06:18:58Z</time><extensions><gpxtpx:TrackPointExtension><gpxtpx:depth>0.00</gpxtpx:depth></gpxtpx:TrackPointExtension></extensions></trkpt><trkpt lat="55.4576442763" lon="54.4350727089"><ele>168.41</ele><time>2018-08-20T06:19:12Z</time><extensions><gpxtpx:TrackPointExtension><gpxtpx:depth>0.00</gpxtpx:depth></gpxtpx:TrackPointExtension></extensions></trkpt><trkpt lat="55.4581836518" lon="54.4364354387"><ele>167.37</ele><time>2018-08-20T06:19:26Z</time><extensions><gpxtpx:TrackPointExtension><gpxtpx:depth>0.00</gpxtpx:depth></gpxtpx:TrackPointExtension></extensions></trkpt><trkpt lat="55.4587397072" lon="54.4377992582"><ele>166.41</ele><time>2018-08-20T06:19:40Z</time><extensions><gpxtpx:TrackPointExtension><gpxtpx:depth>0.00</gpxtpx:depth></gpxtpx:TrackPointExtension></extensions></trkpt><trkpt lat="55.4593266081" lon="54.4390510954"><ele>165.67</ele><time>2018-08-20T06:19:54Z</time><extensions><gpxtpx:TrackPointExtension><gpxtpx:depth>0.00</gpxtpx:depth></gpxtpx:TrackPointExtension></extensions></trkpt><trkpt lat="55.4599485453" lon="54.4403239712"><ele>165.08</ele><time>2018-08-20T06:20:09Z</time><extensions><gpxtpx:TrackPointExtension><gpxtpx:depth>0.00</gpxtpx:depth></gpxtpx:TrackPointExtension></extensions></trkpt><trkpt lat="55.4605442472" lon="54.4415282831"><ele>164.35</ele><time>2018-08-20T06:20:24Z</time><extensions><gpxtpx:TrackPointExtension><gpxtpx:depth>0.00</gpxtpx:depth></gpxtpx:TrackPointExtension></extensions></trkpt><trkpt lat="55.4611376859" lon="54.4427556451"><ele>163.92</ele><time>2018-08-20T06:20:41Z</time><extensions><gpxtpx:TrackPointExtension><gpxtpx:depth>0.00</gpxtpx:depth></gpxtpx:TrackPointExtension></extensions></trkpt><trkpt lat="55.4617441166" lon="54.4439962506"><ele>163.24</ele><time>2018-08-20T06:21:00Z</time><extensions><gpxtpx:TrackPointExtension><gpxtpx:depth>0.00</gpxtpx:depth></gpxtpx:TrackPointExtension></extensions></trkpt><trkpt lat="55.4623423330" lon="54.4452237803"><ele>162.66</ele><time>2018-08-20T06:21:19Z</time><extensions><gpxtpx:TrackPointExtension><gpxtpx:depth>0.00</gpxtpx:depth></gpxtpx:TrackPointExtension></extensions></trkpt><trkpt lat="55.4629566427" lon="54.4464834128"><ele>161.85</ele><time>2018-08-20T06:21:41Z</time><extensions><gpxtpx:TrackPointExtension><gpxtpx:depth>0.00</gpxtpx:depth></gpxtpx:TrackPointExtension></extensions></trkpt><trkpt lat="55.4635450523" lon="54.4476894010"><ele>161.45</ele><time>2018-08-20T06:22:01Z</time><extensions><gpxtpx:TrackPointExtension><gpxtpx:depth>0.00</gpxtpx:depth></gpxtpx:TrackPointExtension></extensions></trkpt><trkpt lat="55.4641615413" lon="54.4489444233"><ele>160.63</ele><time>2018-08-20T06:22:22Z</time><extensions><gpxtpx:TrackPointExtension><gpxtpx:depth>0.00</gpxtpx:depth></gpxtpx:TrackPointExtension></extensions></trkpt><trkpt lat="55.4647605121" lon="54.4501642417"><ele>159.95</ele><time>2018-08-20T06:22:41Z</time><extensions><gpxtpx:TrackPointExtension><gpxtpx:depth>0.00</gpxtpx:depth></gpxtpx:TrackPointExtension></extensions></trkpt><trkpt lat="55.4653720558" lon="54.4513860717"><ele>159.54</ele><time>2018-08-20T06:23:00Z</time><extensions><gpxtpx:TrackPointExtension><gpxtpx:depth>0.00</gpxtpx:depth></gpxtpx:TrackPointExtension></extensions></trkpt><trkpt lat="55.4660008661" lon="54.4526762143"><ele>159.32</ele><time>2018-08-20T06:23:20Z</time><extensions><gpxtpx:TrackPointExtension><gpxtpx:depth>0.00</gpxtpx:depth></gpxtpx:TrackPointExtension></extensions></trkpt><trkpt lat="55.4666155111" lon="54.4539403729"><ele>159.37</ele><time>2018-08-20T06:23:40Z</time><extensions><gpxtpx:TrackPointExtension><gpxtpx:depth>0.00</gpxtpx:depth></gpxtpx:TrackPointExtension></extensions></trkpt><trkpt lat="55.4672197625" lon="54.4551940542"><ele>158.80</ele><time>2018-08-20T06:24:00Z</time><extensions><gpxtpx:TrackPointExtension><gpxtpx:depth>0.00</gpxtpx:depth></gpxtpx:TrackPointExtension></extensions></trkpt><trkpt lat="55.4678094294" lon="54.4563899841"><ele>158.63</ele><time>2018-08-20T06:24:19Z</time><extensions><gpxtpx:TrackPointExtension><gpxtpx:depth>0.00</gpxtpx:depth></gpxtpx:TrackPointExtension></extensions></trkpt><trkpt lat="55.4684249964" lon="54.4576547295"><ele>158.70</ele><time>2018-08-20T06:24:38Z</time><extensions><gpxtpx:TrackPointExtension><gpxtpx:depth>0.00</gpxtpx:depth></gpxtpx:TrackPointExtension></extensions></trkpt><trkpt lat="55.4690300021" lon="54.4588975143"><ele>158.36</ele><time>2018-08-20T06:24:57Z</time><extensions><gpxtpx:TrackPointExtension><gpxtpx:depth>0.00</gpxtpx:depth></gpxtpx:TrackPointExtension></extensions></trkpt><trkpt lat="55.4696311522" lon="54.4601412211"><ele>158.24</ele><time>2018-08-20T06:25:17Z</time><extensions><gpxtpx:TrackPointExtension><gpxtpx:depth>0.00</gpxtpx:depth></gpxtpx:TrackPointExtension></extensions></trkpt><trkpt lat="55.4702373315" lon="54.4613998476"><ele>158.50</ele><time>2018-08-20T06:25:37Z</time><extensions><gpxtpx:TrackPointExtension><gpxtpx:depth>0.00</gpxtpx:depth></gpxtpx:TrackPointExtension></extensions></trkpt><trkpt lat="55.4708392359" lon="54.4626036566"><ele>158.76</ele><time>2018-08-20T06:25:59Z</time><extensions><gpxtpx:TrackPointExtension><gpxtpx:depth>0.00</gpxtpx:depth></gpxtpx:TrackPointExtension></extensions></trkpt><trkpt lat="55.4714465886" lon="54.4638280850"><ele>159.32</ele><time>2018-08-20T06:26:21Z</time><extensions><gpxtpx:TrackPointExtension><gpxtpx:depth>0.00</gpxtpx:depth></gpxtpx:TrackPointExtension></extensions></trkpt><trkpt lat="55.4720726330" lon="54.4650634937"><ele>159.63</ele><time>2018-08-20T06:26:46Z</time><extensions><gpxtpx:TrackPointExtension><gpxtpx:depth>0.00</gpxtpx:depth></gpxtpx:TrackPointExtension></extensions></trkpt><trkpt lat="55.4726540018" lon="54.4663623534"><ele>160.04</ele><time>2018-08-20T06:27:12Z</time><extensions><gpxtpx:TrackPointExtension><gpxtpx:depth>0.00</gpxtpx:depth></gpxtpx:TrackPointExtension></extensions></trkpt><trkpt lat="55.4731461871" lon="54.4677417632"><ele>160.30</ele><time>2018-08-20T06:27:36Z</time><extensions><gpxtpx:TrackPointExtension><gpxtpx:depth>0.00</gpxtpx:depth></gpxtpx:TrackPointExtension></extensions></trkpt><trkpt lat="55.4735962115" lon="54.4692015555"><ele>159.92</ele><time>2018-08-20T06:27:57Z</time><extensions><gpxtpx:TrackPointExtension><gpxtpx:depth>0.00</gpxtpx:depth></gpxtpx:TrackPointExtension></extensions></trkpt><trkpt lat="55.4740398657" lon="54.4706091285"><ele>160.05</ele><time>2018-08-20T06:28:18Z</time><extensions><gpxtpx:TrackPointExtension><gpxtpx:depth>0.00</gpxtpx:depth></gpxtpx:TrackPointExtension></extensions></trkpt><trkpt lat="55.4744767305" lon="54.4720151927"><ele>160.27</ele><time>2018-08-20T06:28:41Z</time><extensions><gpxtpx:TrackPointExtension><gpxtpx:depth>0.00</gpxtpx:depth></gpxtpx:TrackPointExtension></extensions></trkpt><trkpt lat="55.4749398306" lon="54.4734483305"><ele>160.52</ele><time>2018-08-20T06:29:08Z</time><extensions><gpxtpx:TrackPointExtension><gpxtpx:depth>0.00</gpxtpx:depth></gpxtpx:TrackPointExtension></extensions></trkpt><trkpt lat="55.4753809702" lon="54.4748644531"><ele>160.73</ele><time>2018-08-20T06:29:33Z</time><extensions><gpxtpx:TrackPointExtension><gpxtpx:depth>0.00</gpxtpx:depth></gpxtpx:TrackPointExtension></extensions></trkpt><trkpt lat="55.4758315813" lon="54.4762773067"><ele>160.98</ele><time>2018-08-20T06:29:56Z</time><extensions><gpxtpx:TrackPointExtension><gpxtpx:depth>0.00</gpxtpx:depth></gpxtpx:TrackPointExtension></extensions></trkpt><trkpt lat="55.4762806837" lon="54.4776759110"><ele>161.03</ele><time>2018-08-20T06:30:17Z</time><extensions><gpxtpx:TrackPointExtension><gpxtpx:depth>0.00</gpxtpx:depth></gpxtpx:TrackPointExtension></extensions></trkpt><trkpt lat="55.4767230805" lon="54.4790754374"><ele>160.97</ele><time>2018-08-20T06:30:40Z</time><extensions><gpxtpx:TrackPointExtension><gpxtpx:depth>0.00</gpxtpx:depth></gpxtpx:TrackPointExtension></extensions></trkpt><trkpt lat="55.4771793913" lon="54.4805153646"><ele>161.05</ele><time>2018-08-20T06:31:03Z</time><extensions><gpxtpx:TrackPointExtension><gpxtpx:depth>0.00</gpxtpx:depth></gpxtpx:TrackPointExtension></extensions></trkpt><trkpt lat="55.4776294995" lon="54.4819349237"><ele>160.87</ele><time>2018-08-20T06:31:24Z</time><extensions><gpxtpx:TrackPointExtension><gpxtpx:depth>0.00</gpxtpx:depth></gpxtpx:TrackPointExtension></extensions></trkpt><trkpt lat="55.4780821223" lon="54.4833405688"><ele>160.40</ele><time>2018-08-20T06:31:46Z</time><extensions><gpxtpx:TrackPointExtension><gpxtpx:depth>0.00</gpxtpx:depth></gpxtpx:TrackPointExtension></extensions></trkpt><trkpt lat="55.4785314761" lon="54.4847609662"><ele>160.66</ele><time>2018-08-20T06:32:07Z</time><extensions><gpxtpx:TrackPointExtension><gpxtpx:depth>0.00</gpxtpx:depth></gpxtpx:TrackPointExtension></extensions></trkpt><trkpt lat="55.4789828416" lon="54.4861687906"><ele>160.56</ele><time>2018-08-20T06:32:28Z</time><extensions><gpxtpx:TrackPointExtension><gpxtpx:depth>0.00</gpxtpx:depth></gpxtpx:TrackPointExtension></extensions></trkpt><trkpt lat="55.4794414155" lon="54.4876025990"><ele>160.45</ele><time>2018-08-20T06:32:48Z</time><extensions><gpxtpx:TrackPointExtension><gpxtpx:depth>0.00</gpxtpx:depth></gpxtpx:TrackPointExtension></extensions></trkpt><trkpt lat="55.4798892606" lon="54.4889902230"><ele>160.59</ele><time>2018-08-20T06:33:05Z</time><extensions><gpxtpx:TrackPointExtension><gpxtpx:depth>0.00</gpxtpx:depth></gpxtpx:TrackPointExtension></extensions></trkpt><trkpt lat="55.4803516902" lon="54.4904362690"><ele>160.73</ele><time>2018-08-20T06:33:24Z</time><extensions><gpxtpx:TrackPointExtension><gpxtpx:depth>0.00</gpxtpx:depth></gpxtpx:TrackPointExtension></extensions></trkpt><trkpt lat="55.4808110185" lon="54.4918534812"><ele>161.08</ele><time>2018-08-20T06:33:43Z</time><extensions><gpxtpx:TrackPointExtension><gpxtpx:depth>0.00</gpxtpx:depth></gpxtpx:TrackPointExtension></extensions></trkpt><trkpt lat="55.4812532477" lon="54.4932446256"><ele>161.11</ele><time>2018-08-20T06:34:04Z</time><extensions><gpxtpx:TrackPointExtension><gpxtpx:depth>0.00</gpxtpx:depth></gpxtpx:TrackPointExtension></extensions></trkpt><trkpt lat="55.4816989135" lon="54.4946325012"><ele>161.65</ele><time>2018-08-20T06:34:27Z</time><extensions><gpxtpx:TrackPointExtension><gpxtpx:depth>0.00</gpxtpx:depth></gpxtpx:TrackPointExtension></extensions></trkpt><trkpt lat="55.4821408913" lon="54.4960637949"><ele>161.69</ele><time>2018-08-20T06:34:50Z</time><extensions><gpxtpx:TrackPointExtension><gpxtpx:depth>0.00</gpxtpx:depth></gpxtpx:TrackPointExtension></extensions></trkpt><trkpt lat="55.4821466748" lon="54.4976759702"><ele>161.52</ele><time>2018-08-20T06:35:12Z</time><extensions><gpxtpx:TrackPointExtension><gpxtpx:depth>0.00</gpxtpx:depth></gpxtpx:TrackPointExtension></extensions></trkpt><trkpt lat="55.4819679726" lon="54.4991821982"><ele>161.29</ele><time>2018-08-20T06:35:39Z</time><extensions><gpxtpx:TrackPointExtension><gpxtpx:depth>0.00</gpxtpx:depth></gpxtpx:TrackPointExtension></extensions></trkpt><trkpt lat="55.4819610994" lon="54.5000167843"><ele>163.29</ele><time>2018-08-20T06:55:42Z</time><extensions><gpxtpx:TrackPointExtension><gpxtpx:depth>0.00</gpxtpx:depth></gpxtpx:TrackPointExtension></extensions></trkpt><trkpt lat="55.4818336945" lon="54.5016531833"><ele>164.10</ele><time>2018-08-20T06:56:08Z</time><extensions><gpxtpx:TrackPointExtension><gpxtpx:depth>0.00</gpxtpx:depth></gpxtpx:TrackPointExtension></extensions></trkpt><trkpt lat="55.4817128275" lon="54.5032358542"><ele>164.88</ele><time>2018-08-20T06:56:31Z</time><extensions><gpxtpx:TrackPointExtension><gpxtpx:depth>0.00</gpxtpx:depth></gpxtpx:TrackPointExtension></extensions></trkpt><trkpt lat="55.4815874342" lon="54.5048748516"><ele>165.13</ele><time>2018-08-20T06:56:53Z</time><extensions><gpxtpx:TrackPointExtension><gpxtpx:depth>0.00</gpxtpx:depth></gpxtpx:TrackPointExtension></extensions></trkpt><trkpt lat="55.4814527370" lon="54.5064750407"><ele>165.19</ele><time>2018-08-20T06:57:15Z</time><extensions><gpxtpx:TrackPointExtension><gpxtpx:depth>0.00</gpxtpx:depth></gpxtpx:TrackPointExtension></extensions></trkpt><trkpt lat="55.4813322052" lon="54.5081014652"><ele>165.44</ele><time>2018-08-20T06:57:37Z</time><extensions><gpxtpx:TrackPointExtension><gpxtpx:depth>0.00</gpxtpx:depth></gpxtpx:TrackPointExtension></extensions></trkpt><trkpt lat="55.4812070634" lon="54.5097242016"><ele>165.25</ele><time>2018-08-20T06:57:58Z</time><extensions><gpxtpx:TrackPointExtension><gpxtpx:depth>0.00</gpxtpx:depth></gpxtpx:TrackPointExtension></extensions></trkpt><trkpt lat="55.4810857773" lon="54.5113264862"><ele>165.33</ele><time>2018-08-20T06:58:18Z</time><extensions><gpxtpx:TrackPointExtension><gpxtpx:depth>0.00</gpxtpx:depth></gpxtpx:TrackPointExtension></extensions></trkpt><trkpt lat="55.4809395131" lon="54.5128884539"><ele>164.85</ele><time>2018-08-20T06:58:37Z</time><extensions><gpxtpx:TrackPointExtension><gpxtpx:depth>0.00</gpxtpx:depth></gpxtpx:TrackPointExtension></extensions></trkpt><trkpt lat="55.4808121081" lon="54.5145077538"><ele>164.07</ele><time>2018-08-20T06:58:55Z</time><extensions><gpxtpx:TrackPointExtension><gpxtpx:depth>0.00</gpxtpx:depth></gpxtpx:TrackPointExtension></extensions></trkpt><trkpt lat="55.4806857929" lon="54.5161563903"><ele>162.90</ele><time>2018-08-20T06:59:13Z</time><extensions><gpxtpx:TrackPointExtension><gpxtpx:depth>0.00</gpxtpx:depth></gpxtpx:TrackPointExtension></extensions></trkpt><trkpt lat="55.4805624951" lon="54.5178089663"><ele>160.34</ele><time>2018-08-20T06:59:27Z</time><extensions><gpxtpx:TrackPointExtension><gpxtpx:depth>0.00</gpxtpx:depth></gpxtpx:TrackPointExtension></extensions></trkpt><trkpt lat="55.4804189969" lon="54.5194553398"><ele>157.35</ele><time>2018-08-20T06:59:40Z</time><extensions><gpxtpx:TrackPointExtension><gpxtpx:depth>0.00</gpxtpx:depth></gpxtpx:TrackPointExtension></extensions></trkpt><trkpt lat="55.4803066794" lon="54.5210691914"><ele>153.42</ele><time>2018-08-20T06:59:51Z</time><extensions><gpxtpx:TrackPointExtension><gpxtpx:depth>0.00</gpxtpx:depth></gpxtpx:TrackPointExtension></extensions></trkpt><trkpt lat="55.4801919311" lon="54.5226719789"><ele>149.10</ele><time>2018-08-20T07:00:04Z</time><extensions><gpxtpx:TrackPointExtension><gpxtpx:depth>0.00</gpxtpx:depth></gpxtpx:TrackPointExtension></extensions></trkpt><trkpt lat="55.4799729120" lon="54.5236550085"><ele>144.49</ele><time>2018-08-20T07:04:14Z</time><extensions><gpxtpx:TrackPointExtension><gpxtpx:depth>0.00</gpxtpx:depth></gpxtpx:TrackPointExtension></extensions></trkpt><trkpt lat="55.4797887616" lon="54.5250577200"><ele>143.43</ele><time>2018-08-20T07:04:48Z</time><extensions><gpxtpx:TrackPointExtension><gpxtpx:depth>0.00</gpxtpx:depth></gpxtpx:TrackPointExtension></extensions></trkpt><trkpt lat="55.4790936504" lon="54.5262839925"><ele>139.64</ele><time>2018-08-20T07:05:03Z</time><extensions><gpxtpx:TrackPointExtension><gpxtpx:depth>0.00</gpxtpx:depth></gpxtpx:TrackPointExtension></extensions></trkpt><trkpt lat="55.4784034844" lon="54.5274347439"><ele>133.63</ele><time>2018-08-20T07:05:14Z</time><extensions><gpxtpx:TrackPointExtension><gpxtpx:depth>0.00</gpxtpx:depth></gpxtpx:TrackPointExtension></extensions></trkpt><trkpt lat="55.4777558986" lon="54.5285745990"><ele>131.14</ele><time>2018-08-20T07:05:30Z</time><extensions><gpxtpx:TrackPointExtension><gpxtpx:depth>0.00</gpxtpx:depth></gpxtpx:TrackPointExtension></extensions></trkpt><trkpt lat="55.4772315267" lon="54.5298782364"><ele>137.03</ele><time>2018-08-20T07:06:07Z</time><extensions><gpxtpx:TrackPointExtension><gpxtpx:depth>0.00</gpxtpx:depth></gpxtpx:TrackPointExtension></extensions></trkpt><trkpt lat="55.4770919681" lon="54.5314795990"><ele>139.46</ele><time>2018-08-20T07:06:45Z</time><extensions><gpxtpx:TrackPointExtension><gpxtpx:depth>0.00</gpxtpx:depth></gpxtpx:TrackPointExtension></extensions></trkpt><trkpt lat="55.4769428540" lon="54.5330454223"><ele>141.45</ele><time>2018-08-20T07:07:17Z</time><extensions><gpxtpx:TrackPointExtension><gpxtpx:depth>0.00</gpxtpx:depth></gpxtpx:TrackPointExtension></extensions></trkpt><trkpt lat="55.4768045526" lon="54.5346552506"><ele>142.86</ele><time>2018-08-20T07:07:49Z</time><extensions><gpxtpx:TrackPointExtension><gpxtpx:depth>0.00</gpxtpx:depth></gpxtpx:TrackPointExtension></extensions></trkpt><trkpt lat="55.4766732920" lon="54.5362651628"><ele>145.70</ele><time>2018-08-20T07:08:21Z</time><extensions><gpxtpx:TrackPointExtension><gpxtpx:depth>0.00</gpxtpx:depth></gpxtpx:TrackPointExtension></extensions></trkpt><trkpt lat="55.4765169695" lon="54.5378277171"><ele>148.09</ele><time>2018-08-20T07:08:55Z</time><extensions><gpxtpx:TrackPointExtension><gpxtpx:depth>0.00</gpxtpx:depth></gpxtpx:TrackPointExtension></extensions></trkpt><trkpt lat="55.4763954319" lon="54.5394124836"><ele>150.48</ele><time>2018-08-20T07:09:37Z</time><extensions><gpxtpx:TrackPointExtension><gpxtpx:depth>0.00</gpxtpx:depth></gpxtpx:TrackPointExtension></extensions></trkpt><trkpt lat="55.4762422945" lon="54.5410639700"><ele>152.16</ele><time>2018-08-20T07:10:13Z</time><extensions><gpxtpx:TrackPointExtension><gpxtpx:depth>0.00</gpxtpx:depth></gpxtpx:TrackPointExtension></extensions></trkpt><trkpt lat="55.4761087708" lon="54.5426613931"><ele>154.59</ele><time>2018-08-20T07:10:49Z</time><extensions><gpxtpx:TrackPointExtension><gpxtpx:depth>0.00</gpxtpx:depth></gpxtpx:TrackPointExtension></extensions></trkpt><trkpt lat="55.4759677034" lon="54.5442452375"><ele>155.91</ele><time>2018-08-20T07:11:21Z</time><extensions><gpxtpx:TrackPointExtension><gpxtpx:depth>0.00</gpxtpx:depth></gpxtpx:TrackPointExtension></extensions></trkpt><trkpt lat="55.4758422263" lon="54.5458072890"><ele>157.52</ele><time>2018-08-20T07:11:53Z</time><extensions><gpxtpx:TrackPointExtension><gpxtpx:depth>0.00</gpxtpx:depth></gpxtpx:TrackPointExtension></extensions></trkpt><trkpt lat="55.4756952915" lon="54.5474077296"><ele>158.08</ele><time>2018-08-20T07:12:21Z</time><extensions><gpxtpx:TrackPointExtension><gpxtpx:depth>0.00</gpxtpx:depth></gpxtpx:TrackPointExtension></extensions></trkpt><trkpt lat="55.4755543917" lon="54.5490075834"><ele>158.21</ele><time>2018-08-20T07:12:48Z</time><extensions><gpxtpx:TrackPointExtension><gpxtpx:depth>0.00</gpxtpx:depth></gpxtpx:TrackPointExtension></extensions></trkpt><trkpt lat="55.4754205327" lon="54.5505749993"><ele>158.49</ele><time>2018-08-20T07:13:13Z</time><extensions><gpxtpx:TrackPointExtension><gpxtpx:depth>0.00</gpxtpx:depth></gpxtpx:TrackPointExtension></extensions></trkpt><trkpt lat="55.4752748553" lon="54.5521884318"><ele>158.08</ele><time>2018-08-20T07:13:36Z</time><extensions><gpxtpx:TrackPointExtension><gpxtpx:depth>0.00</gpxtpx:depth></gpxtpx:TrackPointExtension></extensions></trkpt><trkpt lat="55.4751327820" lon="54.5538164489"><ele>157.92</ele><time>2018-08-20T07:13:58Z</time><extensions><gpxtpx:TrackPointExtension><gpxtpx:depth>0.00</gpxtpx:depth></gpxtpx:TrackPointExtension></extensions></trkpt><trkpt lat="55.4749953188" lon="54.5554005448"><ele>157.75</ele><time>2018-08-20T07:14:20Z</time><extensions><gpxtpx:TrackPointExtension><gpxtpx:depth>0.00</gpxtpx:depth></gpxtpx:TrackPointExtension></extensions></trkpt><trkpt lat="55.4748500604" lon="54.5570040029"><ele>157.47</ele><time>2018-08-20T07:14:40Z</time><extensions><gpxtpx:TrackPointExtension><gpxtpx:depth>0.00</gpxtpx:depth></gpxtpx:TrackPointExtension></extensions></trkpt><trkpt lat="55.4747006111" lon="54.5586535614"><ele>156.17</ele><time>2018-08-20T07:14:58Z</time><extensions><gpxtpx:TrackPointExtension><gpxtpx:depth>0.00</gpxtpx:depth></gpxtpx:TrackPointExtension></extensions></trkpt><trkpt lat="55.4745634831" lon="54.5602857694"><ele>155.30</ele><time>2018-08-20T07:15:14Z</time><extensions><gpxtpx:TrackPointExtension><gpxtpx:depth>0.00</gpxtpx:depth></gpxtpx:TrackPointExtension></extensions></trkpt><trkpt lat="55.4744287021" lon="54.5618883055"><ele>154.41</ele><time>2018-08-20T07:15:30Z</time><extensions><gpxtpx:TrackPointExtension><gpxtpx:depth>0.00</gpxtpx:depth></gpxtpx:TrackPointExtension></extensions></trkpt><trkpt lat="55.4742818512" lon="54.5635095332"><ele>153.73</ele><time>2018-08-20T07:15:46Z</time><extensions><gpxtpx:TrackPointExtension><gpxtpx:depth>0.00</gpxtpx:depth></gpxtpx:TrackPointExtension></extensions></trkpt><trkpt lat="55.4741427954" lon="54.5650875941"><ele>152.90</ele><time>2018-08-20T07:16:02Z</time><extensions><gpxtpx:TrackPointExtension><gpxtpx:depth>0.00</gpxtpx:depth></gpxtpx:TrackPointExtension></extensions></trkpt><trkpt lat="55.4739962798" lon="54.5667131804"><ele>151.63</ele><time>2018-08-20T07:16:18Z</time><extensions><gpxtpx:TrackPointExtension><gpxtpx:depth>0.00</gpxtpx:depth></gpxtpx:TrackPointExtension></extensions></trkpt><trkpt lat="55.4738429748" lon="54.5683173090"><ele>149.68</ele><time>2018-08-20T07:16:33Z</time><extensions><gpxtpx:TrackPointExtension><gpxtpx:depth>0.00</gpxtpx:depth></gpxtpx:TrackPointExtension></extensions></trkpt><trkpt lat="55.4737038352" lon="54.5699947793"><ele>148.34</ele><time>2018-08-20T07:16:48Z</time><extensions><gpxtpx:TrackPointExtension><gpxtpx:depth>0.00</gpxtpx:depth></gpxtpx:TrackPointExtension></extensions></trkpt><trkpt lat="55.4735635221" lon="54.5716120675"><ele>147.27</ele><time>2018-08-20T07:17:02Z</time><extensions><gpxtpx:TrackPointExtension><gpxtpx:depth>0.00</gpxtpx:depth></gpxtpx:TrackPointExtension></extensions></trkpt><trkpt lat="55.4734227061" lon="54.5731856860"><ele>145.81</ele><time>2018-08-20T07:17:15Z</time><extensions><gpxtpx:TrackPointExtension><gpxtpx:depth>0.00</gpxtpx:depth></gpxtpx:TrackPointExtension></extensions></trkpt><trkpt lat="55.4732702393" lon="54.5748220012"><ele>144.39</ele><time>2018-08-20T07:17:29Z</time><extensions><gpxtpx:TrackPointExtension><gpxtpx:depth>0.00</gpxtpx:depth></gpxtpx:TrackPointExtension></extensions></trkpt><trkpt lat="55.4731282499" lon="54.5764660276"><ele>143.97</ele><time>2018-08-20T07:17:44Z</time><extensions><gpxtpx:TrackPointExtension><gpxtpx:depth>0.00</gpxtpx:depth></gpxtpx:TrackPointExtension></extensions></trkpt><trkpt lat="55.4729859252" lon="54.5781348646"><ele>143.61</ele><time>2018-08-20T07:17:59Z</time><extensions><gpxtpx:TrackPointExtension><gpxtpx:depth>0.00</gpxtpx:depth></gpxtpx:TrackPointExtension></extensions></trkpt><trkpt lat="55.4728506412" lon="54.5797800645"><ele>143.17</ele><time>2018-08-20T07:18:15Z</time><extensions><gpxtpx:TrackPointExtension><gpxtpx:depth>0.00</gpxtpx:depth></gpxtpx:TrackPointExtension></extensions></trkpt><trkpt lat="55.4727039579" lon="54.5814360771"><ele>143.01</ele><time>2018-08-20T07:18:32Z</time><extensions><gpxtpx:TrackPointExtension><gpxtpx:depth>0.00</gpxtpx:depth></gpxtpx:TrackPointExtension></extensions></trkpt><trkpt lat="55.4725587834" lon="54.5830331650"><ele>141.73</ele><time>2018-08-20T07:18:49Z</time><extensions><gpxtpx:TrackPointExtension><gpxtpx:depth>0.00</gpxtpx:depth></gpxtpx:TrackPointExtension></extensions></trkpt><trkpt lat="55.4724259302" lon="54.5846020058"><ele>140.01</ele><time>2018-08-20T07:19:07Z</time><extensions><gpxtpx:TrackPointExtension><gpxtpx:depth>0.00</gpxtpx:depth></gpxtpx:TrackPointExtension></extensions></trkpt><trkpt lat="55.4722807556" lon="54.5862492174"><ele>138.57</ele><time>2018-08-20T07:19:25Z</time><extensions><gpxtpx:TrackPointExtension><gpxtpx:depth>0.00</gpxtpx:depth></gpxtpx:TrackPointExtension></extensions></trkpt><trkpt lat="55.4721277859" lon="54.5878441259"><ele>138.37</ele><time>2018-08-20T07:19:44Z</time><extensions><gpxtpx:TrackPointExtension><gpxtpx:depth>0.00</gpxtpx:depth></gpxtpx:TrackPointExtension></extensions></trkpt><trkpt lat="55.4719220940" lon="54.5894395374"><ele>137.77</ele><time>2018-08-20T07:20:01Z</time><extensions><gpxtpx:TrackPointExtension><gpxtpx:depth>0.00</gpxtpx:depth></gpxtpx:TrackPointExtension></extensions></trkpt><trkpt lat="55.4716927651" lon="54.5910346135"><ele>138.16</ele><time>2018-08-20T07:20:20Z</time><extensions><gpxtpx:TrackPointExtension><gpxtpx:depth>0.00</gpxtpx:depth></gpxtpx:TrackPointExtension></extensions></trkpt><trkpt lat="55.4714598320" lon="54.5925763808"><ele>138.38</ele><time>2018-08-20T07:20:42Z</time><extensions><gpxtpx:TrackPointExtension><gpxtpx:depth>0.00</gpxtpx:depth></gpxtpx:TrackPointExtension></extensions></trkpt><trkpt lat="55.4712395556" lon="54.5941786654"><ele>137.81</ele><time>2018-08-20T07:21:06Z</time><extensions><gpxtpx:TrackPointExtension><gpxtpx:depth>0.00</gpxtpx:depth></gpxtpx:TrackPointExtension></extensions></trkpt><trkpt lat="55.4710137472" lon="54.5957788546"><ele>137.27</ele><time>2018-08-20T07:21:29Z</time><extensions><gpxtpx:TrackPointExtension><gpxtpx:depth>0.00</gpxtpx:depth></gpxtpx:TrackPointExtension></extensions></trkpt><trkpt lat="55.4707756173" lon="54.5973113179"><ele>136.86</ele><time>2018-08-20T07:21:50Z</time><extensions><gpxtpx:TrackPointExtension><gpxtpx:depth>0.00</gpxtpx:depth></gpxtpx:TrackPointExtension></extensions></trkpt><trkpt lat="55.4705490544" lon="54.5989067294"><ele>136.70</ele><time>2018-08-20T07:22:12Z</time><extensions><gpxtpx:TrackPointExtension><gpxtpx:depth>0.00</gpxtpx:depth></gpxtpx:TrackPointExtension></extensions></trkpt><trkpt lat="55.4703290295" lon="54.6004479099"><ele>136.89</ele><time>2018-08-20T07:22:33Z</time><extensions><gpxtpx:TrackPointExtension><gpxtpx:depth>0.00</gpxtpx:depth></gpxtpx:TrackPointExtension></extensions></trkpt><trkpt lat="55.4700960126" lon="54.6019937843"><ele>137.14</ele><time>2018-08-20T07:22:55Z</time><extensions><gpxtpx:TrackPointExtension><gpxtpx:depth>0.00</gpxtpx:depth></gpxtpx:TrackPointExtension></extensions></trkpt><trkpt lat="55.4699163046" lon="54.6035570931"><ele>136.98</ele><time>2018-08-20T07:23:15Z</time><extensions><gpxtpx:TrackPointExtension><gpxtpx:depth>0.00</gpxtpx:depth></gpxtpx:TrackPointExtension></extensions></trkpt><trkpt lat="55.4699910711" lon="54.6052260138"><ele>133.82</ele><time>2018-08-20T07:23:28Z</time><extensions><gpxtpx:TrackPointExtension><gpxtpx:depth>0.00</gpxtpx:depth></gpxtpx:TrackPointExtension></extensions></trkpt><trkpt lat="55.4698236845" lon="54.6067386959"><ele>132.65</ele><time>2018-08-20T07:23:46Z</time><extensions><gpxtpx:TrackPointExtension><gpxtpx:depth>0.00</gpxtpx:depth></gpxtpx:TrackPointExtension></extensions></trkpt><trkpt lat="55.4693307448" lon="54.6080500446"><ele>139.47</ele><time>2018-08-20T07:24:26Z</time><extensions><gpxtpx:TrackPointExtension><gpxtpx:depth>0.00</gpxtpx:depth></gpxtpx:TrackPointExtension></extensions></trkpt><trkpt lat="55.4688191973" lon="54.6093749721"><ele>142.74</ele><time>2018-08-20T07:25:08Z</time><extensions><gpxtpx:TrackPointExtension><gpxtpx:depth>0.00</gpxtpx:depth></gpxtpx:TrackPointExtension></extensions></trkpt><trkpt lat="55.4682726972" lon="54.6107264701"><ele>144.00</ele><time>2018-08-20T07:25:45Z</time><extensions><gpxtpx:TrackPointExtension><gpxtpx:depth>0.00</gpxtpx:depth></gpxtpx:TrackPointExtension></extensions></trkpt><trkpt lat="55.4677511752" lon="54.6120458655"><ele>145.68</ele><time>2018-08-20T07:26:20Z</time><extensions><gpxtpx:TrackPointExtension><gpxtpx:depth>0.00</gpxtpx:depth></gpxtpx:TrackPointExtension></extensions></trkpt><trkpt lat="55.4672311619" lon="54.6133727208"><ele>147.16</ele><time>2018-08-20T07:26:53Z</time><extensions><gpxtpx:TrackPointExtension><gpxtpx:depth>0.00</gpxtpx:depth></gpxtpx:TrackPointExtension></extensions></trkpt><trkpt lat="55.4667235538" lon="54.6147244703"><ele>148.11</ele><time>2018-08-20T07:27:23Z</time><extensions><gpxtpx:TrackPointExtension><gpxtpx:depth>0.00</gpxtpx:depth></gpxtpx:TrackPointExtension></extensions></trkpt><trkpt lat="55.4661954939" lon="54.6160669997"><ele>148.94</ele><time>2018-08-20T07:27:50Z</time><extensions><gpxtpx:TrackPointExtension><gpxtpx:depth>0.00</gpxtpx:depth></gpxtpx:TrackPointExtension></extensions></trkpt><trkpt lat="55.4658034723" lon="54.6175231878"><ele>149.88</ele><time>2018-08-20T07:28:19Z</time><extensions><gpxtpx:TrackPointExtension><gpxtpx:depth>0.00</gpxtpx:depth></gpxtpx:TrackPointExtension></extensions></trkpt><trkpt lat="55.4655094352" lon="54.6190424077"><ele>150.00</ele><time>2018-08-20T07:28:44Z</time><extensions><gpxtpx:TrackPointExtension><gpxtpx:depth>0.00</gpxtpx:depth></gpxtpx:TrackPointExtension></extensions></trkpt><trkpt lat="55.4652173258" lon="54.6205808222"><ele>150.59</ele><time>2018-08-20T07:29:09Z</time><extensions><gpxtpx:TrackPointExtension><gpxtpx:depth>0.00</gpxtpx:depth></gpxtpx:TrackPointExtension></extensions></trkpt><trkpt lat="55.4649241269" lon="54.6221396048"><ele>150.95</ele><time>2018-08-20T07:29:34Z</time><extensions><gpxtpx:TrackPointExtension><gpxtpx:depth>0.00</gpxtpx:depth></gpxtpx:TrackPointExtension></extensions></trkpt><trkpt lat="55.4645994119" lon="54.6236776840"><ele>151.35</ele><time>2018-08-20T07:30:02Z</time><extensions><gpxtpx:TrackPointExtension><gpxtpx:depth>0.00</gpxtpx:depth></gpxtpx:TrackPointExtension></extensions></trkpt><trkpt lat="55.4643118288" lon="54.6252016816"><ele>152.31</ele><time>2018-08-20T07:30:28Z</time><extensions><gpxtpx:TrackPointExtension><gpxtpx:depth>0.00</gpxtpx:depth></gpxtpx:TrackPointExtension></extensions></trkpt><trkpt lat="55.4640151095" lon="54.6267405152"><ele>153.46</ele><time>2018-08-20T07:30:55Z</time><extensions><gpxtpx:TrackPointExtension><gpxtpx:depth>0.00</gpxtpx:depth></gpxtpx:TrackPointExtension></extensions></trkpt><trkpt lat="55.4637230001" lon="54.6282989625"><ele>154.12</ele><time>2018-08-20T07:31:19Z</time><extensions><gpxtpx:TrackPointExtension><gpxtpx:depth>0.00</gpxtpx:depth></gpxtpx:TrackPointExtension></extensions></trkpt><trkpt lat="55.4634077568" lon="54.6298225410"><ele>155.18</ele><time>2018-08-20T07:31:44Z</time><extensions><gpxtpx:TrackPointExtension><gpxtpx:depth>0.00</gpxtpx:depth></gpxtpx:TrackPointExtension></extensions></trkpt><trkpt lat="55.4631023202" lon="54.6313499752"><ele>156.15</ele><time>2018-08-20T07:32:09Z</time><extensions><gpxtpx:TrackPointExtension><gpxtpx:depth>0.00</gpxtpx:depth></gpxtpx:TrackPointExtension></extensions></trkpt><trkpt lat="55.4627858195" lon="54.6327981167"><ele>156.96</ele><time>2018-08-20T07:32:43Z</time><extensions><gpxtpx:TrackPointExtension><gpxtpx:depth>0.00</gpxtpx:depth></gpxtpx:TrackPointExtension></extensions></trkpt><trkpt lat="55.4626414832" lon="54.6327743959"><ele>155.01</ele><time>2018-08-20T07:57:30Z</time><extensions><gpxtpx:TrackPointExtension><gpxtpx:depth>0.00</gpxtpx:depth></gpxtpx:TrackPointExtension></extensions></trkpt><trkpt lat="55.4625829775" lon="54.6340962220"><ele>157.52</ele><time>2018-08-20T07:58:38Z</time><extensions><gpxtpx:TrackPointExtension><gpxtpx:depth>0.00</gpxtpx:depth></gpxtpx:TrackPointExtension></extensions></trkpt><trkpt lat="55.4622972384" lon="54.6356222313"><ele>158.84</ele><time>2018-08-20T07:59:15Z</time><extensions><gpxtpx:TrackPointExtension><gpxtpx:depth>0.00</gpxtpx:depth></gpxtpx:TrackPointExtension></extensions></trkpt><trkpt lat="55.4619934782" lon="54.6371774096"><ele>159.30</ele><time>2018-08-20T07:59:42Z</time><extensions><gpxtpx:TrackPointExtension><gpxtpx:depth>0.00</gpxtpx:depth></gpxtpx:TrackPointExtension></extensions></trkpt><trkpt lat="55.4616861977" lon="54.6387676243"><ele>159.34</ele><time>2018-08-20T08:00:07Z</time><extensions><gpxtpx:TrackPointExtension><gpxtpx:depth>0.00</gpxtpx:depth></gpxtpx:TrackPointExtension></extensions></trkpt><trkpt lat="55.4613792524" lon="54.6403113194"><ele>159.29</ele><time>2018-08-20T08:00:34Z</time><extensions><gpxtpx:TrackPointExtension><gpxtpx:depth>0.00</gpxtpx:depth></gpxtpx:TrackPointExtension></extensions></trkpt><trkpt lat="55.4610850476" lon="54.6418644022"><ele>159.28</ele><time>2018-08-20T08:00:59Z</time><extensions><gpxtpx:TrackPointExtension><gpxtpx:depth>0.00</gpxtpx:depth></gpxtpx:TrackPointExtension></extensions></trkpt><trkpt lat="55.4607801139" lon="54.6434321534"><ele>159.84</ele><time>2018-08-20T08:01:25Z</time><extensions><gpxtpx:TrackPointExtension><gpxtpx:depth>0.00</gpxtpx:depth></gpxtpx:TrackPointExtension></extensions></trkpt><trkpt lat="55.4604596738" lon="54.6449685562"><ele>160.07</ele><time>2018-08-20T08:01:54Z</time><extensions><gpxtpx:TrackPointExtension><gpxtpx:depth>0.00</gpxtpx:depth></gpxtpx:TrackPointExtension></extensions></trkpt><trkpt lat="55.4601650499" lon="54.6465313621"><ele>159.65</ele><time>2018-08-20T08:02:21Z</time><extensions><gpxtpx:TrackPointExtension><gpxtpx:depth>0.00</gpxtpx:depth></gpxtpx:TrackPointExtension></extensions></trkpt><trkpt lat="55.4598679114" lon="54.6480417810"><ele>159.40</ele><time>2018-08-20T08:02:43Z</time><extensions><gpxtpx:TrackPointExtension><gpxtpx:depth>0.00</gpxtpx:depth></gpxtpx:TrackPointExtension></extensions></trkpt><trkpt lat="55.4595647380" lon="54.6495885774"><ele>158.87</ele><time>2018-08-20T08:03:03Z</time><extensions><gpxtpx:TrackPointExtension><gpxtpx:depth>0.00</gpxtpx:depth></gpxtpx:TrackPointExtension></extensions></trkpt><trkpt lat="55.4592636600" lon="54.6511114016"><ele>158.49</ele><time>2018-08-20T08:03:20Z</time><extensions><gpxtpx:TrackPointExtension><gpxtpx:depth>0.00</gpxtpx:depth></gpxtpx:TrackPointExtension></extensions></trkpt><trkpt lat="55.4589661025" lon="54.6526189707"><ele>158.30</ele><time>2018-08-20T08:03:36Z</time><extensions><gpxtpx:TrackPointExtension><gpxtpx:depth>0.00</gpxtpx:depth></gpxtpx:TrackPointExtension></extensions></trkpt><trkpt lat="55.4586610012" lon="54.6541754901"><ele>158.21</ele><time>2018-08-20T08:03:53Z</time><extensions><gpxtpx:TrackPointExtension><gpxtpx:depth>0.00</gpxtpx:depth></gpxtpx:TrackPointExtension></extensions></trkpt><trkpt lat="55.4583507031" lon="54.6557254717"><ele>157.70</ele><time>2018-08-20T08:04:10Z</time><extensions><gpxtpx:TrackPointExtension><gpxtpx:depth>0.00</gpxtpx:depth></gpxtpx:TrackPointExtension></extensions></trkpt><trkpt lat="55.4580440931" lon="54.6573044546"><ele>156.96</ele><time>2018-08-20T08:04:26Z</time><extensions><gpxtpx:TrackPointExtension><gpxtpx:depth>0.00</gpxtpx:depth></gpxtpx:TrackPointExtension></extensions></trkpt><trkpt lat="55.4577289335" lon="54.6588801686"><ele>155.66</ele><time>2018-08-20T08:04:41Z</time><extensions><gpxtpx:TrackPointExtension><gpxtpx:depth>0.00</gpxtpx:depth></gpxtpx:TrackPointExtension></extensions></trkpt><trkpt lat="55.4574110080" lon="54.6604216006"><ele>155.07</ele><time>2018-08-20T08:04:56Z</time><extensions><gpxtpx:TrackPointExtension><gpxtpx:depth>0.00</gpxtpx:depth></gpxtpx:TrackPointExtension></extensions></trkpt><trkpt lat="55.4571116064" lon="54.6619235538"><ele>154.30</ele><time>2018-08-20T08:05:11Z</time><extensions><gpxtpx:TrackPointExtension><gpxtpx:depth>0.00</gpxtpx:depth></gpxtpx:TrackPointExtension></extensions></trkpt><trkpt lat="55.4568238556" lon="54.6634406783"><ele>153.83</ele><time>2018-08-20T08:05:26Z</time><extensions><gpxtpx:TrackPointExtension><gpxtpx:depth>0.00</gpxtpx:depth></gpxtpx:TrackPointExtension></extensions></trkpt><trkpt lat="55.4565289803" lon="54.6649339981"><ele>152.73</ele><time>2018-08-20T08:05:40Z</time><extensions><gpxtpx:TrackPointExtension><gpxtpx:depth>0.00</gpxtpx:depth></gpxtpx:TrackPointExtension></extensions></trkpt><trkpt lat="55.4562237114" lon="54.6664885897"><ele>151.61</ele><time>2018-08-20T08:05:56Z</time><extensions><gpxtpx:TrackPointExtension><gpxtpx:depth>0.00</gpxtpx:depth></gpxtpx:TrackPointExtension></extensions></trkpt><trkpt lat="55.4559127428" lon="54.6680073068"><ele>151.30</ele><time>2018-08-20T08:06:12Z</time><extensions><gpxtpx:TrackPointExtension><gpxtpx:depth>0.00</gpxtpx:depth></gpxtpx:TrackPointExtension></extensions></trkpt><trkpt lat="55.4556077253" lon="54.6695504989"><ele>150.61</ele><time>2018-08-20T08:06:27Z</time><extensions><gpxtpx:TrackPointExtension><gpxtpx:depth>0.00</gpxtpx:depth></gpxtpx:TrackPointExtension></extensions></trkpt><trkpt lat="55.4553058930" lon="54.6711281408"><ele>149.64</ele><time>2018-08-20T08:06:42Z</time><extensions><gpxtpx:TrackPointExtension><gpxtpx:depth>0.00</gpxtpx:depth></gpxtpx:TrackPointExtension></extensions></trkpt><trkpt lat="55.4550061561" lon="54.6726907790"><ele>149.16</ele><time>2018-08-20T08:06:57Z</time><extensions><gpxtpx:TrackPointExtension><gpxtpx:depth>0.00</gpxtpx:depth></gpxtpx:TrackPointExtension></extensions></trkpt><trkpt lat="55.4546968639" lon="54.6742706001"><ele>148.47</ele><time>2018-08-20T08:07:13Z</time><extensions><gpxtpx:TrackPointExtension><gpxtpx:depth>0.00</gpxtpx:depth></gpxtpx:TrackPointExtension></extensions></trkpt><trkpt lat="55.4543930199" lon="54.6757878922"><ele>147.17</ele><time>2018-08-20T08:07:28Z</time><extensions><gpxtpx:TrackPointExtension><gpxtpx:depth>0.00</gpxtpx:depth></gpxtpx:TrackPointExtension></extensions></trkpt><trkpt lat="55.4540759325" lon="54.6773572359"><ele>146.19</ele><time>2018-08-20T08:07:43Z</time><extensions><gpxtpx:TrackPointExtension><gpxtpx:depth>0.00</gpxtpx:depth></gpxtpx:TrackPointExtension></extensions></trkpt><trkpt lat="55.4537470266" lon="54.6789260767"><ele>145.50</ele><time>2018-08-20T08:07:58Z</time><extensions><gpxtpx:TrackPointExtension><gpxtpx:depth>0.00</gpxtpx:depth></gpxtpx:TrackPointExtension></extensions></trkpt><trkpt lat="55.4534335434" lon="54.6804814227"><ele>145.09</ele><time>2018-08-20T08:08:12Z</time><extensions><gpxtpx:TrackPointExtension><gpxtpx:depth>0.00</gpxtpx:depth></gpxtpx:TrackPointExtension></extensions></trkpt><trkpt lat="55.4532305337" lon="54.6814947948"><ele>144.44</ele><time>2018-08-20T08:10:01Z</time><extensions><gpxtpx:TrackPointExtension><gpxtpx:depth>0.00</gpxtpx:depth></gpxtpx:TrackPointExtension></extensions></trkpt><trkpt lat="55.4529173858" lon="54.6830099076"><ele>144.36</ele><time>2018-08-20T08:10:18Z</time><extensions><gpxtpx:TrackPointExtension><gpxtpx:depth>0.00</gpxtpx:depth></gpxtpx:TrackPointExtension></extensions></trkpt><trkpt lat="55.4525836185" lon="54.6845616493"><ele>144.30</ele><time>2018-08-20T08:10:34Z</time><extensions><gpxtpx:TrackPointExtension><gpxtpx:depth>0.00</gpxtpx:depth></gpxtpx:TrackPointExtension></extensions></trkpt><trkpt lat="55.4522848036" lon="54.6861304902"><ele>143.63</ele><time>2018-08-20T08:10:48Z</time><extensions><gpxtpx:TrackPointExtension><gpxtpx:depth>0.00</gpxtpx:depth></gpxtpx:TrackPointExtension></extensions></trkpt><trkpt lat="55.4519696441" lon="54.6877230518"><ele>142.78</ele><time>2018-08-20T08:11:02Z</time><extensions><gpxtpx:TrackPointExtension><gpxtpx:depth>0.00</gpxtpx:depth></gpxtpx:TrackPointExtension></extensions></trkpt><trkpt lat="55.4516564123" lon="54.6892965026"><ele>141.08</ele><time>2018-08-20T08:11:15Z</time><extensions><gpxtpx:TrackPointExtension><gpxtpx:depth>0.00</gpxtpx:depth></gpxtpx:TrackPointExtension></extensions></trkpt><trkpt lat="55.4513453599" lon="54.6908416227"><ele>139.75</ele><time>2018-08-20T08:11:29Z</time><extensions><gpxtpx:TrackPointExtension><gpxtpx:depth>0.00</gpxtpx:depth></gpxtpx:TrackPointExtension></extensions></trkpt><trkpt lat="55.4510297813" lon="54.6924087871"><ele>139.27</ele><time>2018-08-20T08:11:44Z</time><extensions><gpxtpx:TrackPointExtension><gpxtpx:depth>0.00</gpxtpx:depth></gpxtpx:TrackPointExtension></extensions></trkpt><trkpt lat="55.4507319722" lon="54.6938942280"><ele>138.91</ele><time>2018-08-20T08:12:00Z</time><extensions><gpxtpx:TrackPointExtension><gpxtpx:depth>0.00</gpxtpx:depth></gpxtpx:TrackPointExtension></extensions></trkpt><trkpt lat="55.4504281282" lon="54.6953909844"><ele>138.71</ele><time>2018-08-20T08:12:15Z</time><extensions><gpxtpx:TrackPointExtension><gpxtpx:depth>0.00</gpxtpx:depth></gpxtpx:TrackPointExtension></extensions></trkpt><trkpt lat="55.4501318280" lon="54.6969066001"><ele>137.66</ele><time>2018-08-20T08:12:29Z</time><extensions><gpxtpx:TrackPointExtension><gpxtpx:depth>0.00</gpxtpx:depth></gpxtpx:TrackPointExtension></extensions></trkpt><trkpt lat="55.4498021677" lon="54.6984789614"><ele>136.89</ele><time>2018-08-20T08:12:43Z</time><extensions><gpxtpx:TrackPointExtension><gpxtpx:depth>0.00</gpxtpx:depth></gpxtpx:TrackPointExtension></extensions></trkpt><trkpt lat="55.4494828172" lon="54.7000411805"><ele>136.16</ele><time>2018-08-20T08:12:57Z</time><extensions><gpxtpx:TrackPointExtension><gpxtpx:depth>0.00</gpxtpx:depth></gpxtpx:TrackPointExtension></extensions></trkpt><trkpt lat="55.4491720162" lon="54.7015660163"><ele>135.94</ele><time>2018-08-20T08:13:12Z</time><extensions><gpxtpx:TrackPointExtension><gpxtpx:depth>0.00</gpxtpx:depth></gpxtpx:TrackPointExtension></extensions></trkpt><trkpt lat="55.4488849360" lon="54.7030864097"><ele>135.14</ele><time>2018-08-20T08:13:26Z</time><extensions><gpxtpx:TrackPointExtension><gpxtpx:depth>0.00</gpxtpx:depth></gpxtpx:TrackPointExtension></extensions></trkpt><trkpt lat="55.4485627357" lon="54.7046657279"><ele>133.90</ele><time>2018-08-20T08:13:40Z</time><extensions><gpxtpx:TrackPointExtension><gpxtpx:depth>0.00</gpxtpx:depth></gpxtpx:TrackPointExtension></extensions></trkpt><trkpt lat="55.4482076783" lon="54.7062009573"><ele>132.52</ele><time>2018-08-20T08:13:53Z</time><extensions><gpxtpx:TrackPointExtension><gpxtpx:depth>0.00</gpxtpx:depth></gpxtpx:TrackPointExtension></extensions></trkpt><trkpt lat="55.4475984816" lon="54.7075213585"><ele>130.79</ele><time>2018-08-20T08:14:06Z</time><extensions><gpxtpx:TrackPointExtension><gpxtpx:depth>0.00</gpxtpx:depth></gpxtpx:TrackPointExtension></extensions></trkpt><trkpt lat="55.4469192121" lon="54.7085892968"><ele>128.48</ele><time>2018-08-20T08:14:18Z</time><extensions><gpxtpx:TrackPointExtension><gpxtpx:depth>0.00</gpxtpx:depth></gpxtpx:TrackPointExtension></extensions></trkpt><trkpt lat="55.4462251905" lon="54.7096331790"><ele>127.08</ele><time>2018-08-20T08:14:30Z</time><extensions><gpxtpx:TrackPointExtension><gpxtpx:depth>0.00</gpxtpx:depth></gpxtpx:TrackPointExtension></extensions></trkpt><trkpt lat="55.4454740882" lon="54.7107242513"><ele>124.49</ele><time>2018-08-20T08:14:42Z</time><extensions><gpxtpx:TrackPointExtension><gpxtpx:depth>0.00</gpxtpx:depth></gpxtpx:TrackPointExtension></extensions></trkpt><trkpt lat="55.4447357263" lon="54.7118381225"><ele>122.03</ele><time>2018-08-20T08:14:53Z</time><extensions><gpxtpx:TrackPointExtension><gpxtpx:depth>0.00</gpxtpx:depth></gpxtpx:TrackPointExtension></extensions></trkpt><trkpt lat="55.4440214206" lon="54.7129272670"><ele>118.75</ele><time>2018-08-20T08:15:03Z</time><extensions><gpxtpx:TrackPointExtension><gpxtpx:depth>0.00</gpxtpx:depth></gpxtpx:TrackPointExtension></extensions></trkpt><trkpt lat="55.4432888422" lon="54.7140479274"><ele>115.64</ele><time>2018-08-20T08:15:13Z</time><extensions><gpxtpx:TrackPointExtension><gpxtpx:depth>0.00</gpxtpx:depth></gpxtpx:TrackPointExtension></extensions></trkpt><trkpt lat="55.4425858520" lon="54.7151191346"><ele>112.87</ele><time>2018-08-20T08:15:23Z</time><extensions><gpxtpx:TrackPointExtension><gpxtpx:depth>0.00</gpxtpx:depth></gpxtpx:TrackPointExtension></extensions></trkpt><trkpt lat="55.4419208318" lon="54.7162207682"><ele>111.24</ele><time>2018-08-20T08:15:35Z</time><extensions><gpxtpx:TrackPointExtension><gpxtpx:depth>0.00</gpxtpx:depth></gpxtpx:TrackPointExtension></extensions></trkpt><trkpt lat="55.4413206037" lon="54.7174593620"><ele>109.25</ele><time>2018-08-20T08:15:50Z</time><extensions><gpxtpx:TrackPointExtension><gpxtpx:depth>0.00</gpxtpx:depth></gpxtpx:TrackPointExtension></extensions></trkpt><trkpt lat="55.4409120698" lon="54.7188934218"><ele>106.88</ele><time>2018-08-20T08:16:22Z</time><extensions><gpxtpx:TrackPointExtension><gpxtpx:depth>0.00</gpxtpx:depth></gpxtpx:TrackPointExtension></extensions></trkpt><trkpt lat="55.4405216407" lon="54.7203907650"><ele>105.53</ele><time>2018-08-20T08:16:44Z</time><extensions><gpxtpx:TrackPointExtension><gpxtpx:depth>0.00</gpxtpx:depth></gpxtpx:TrackPointExtension></extensions></trkpt><trkpt lat="55.4401443712" lon="54.7218680754"><ele>103.89</ele><time>2018-08-20T08:17:00Z</time><extensions><gpxtpx:TrackPointExtension><gpxtpx:depth>0.00</gpxtpx:depth></gpxtpx:TrackPointExtension></extensions></trkpt><trkpt lat="55.4397640005" lon="54.7233538516"><ele>103.68</ele><time>2018-08-20T08:17:23Z</time><extensions><gpxtpx:TrackPointExtension><gpxtpx:depth>0.00</gpxtpx:depth></gpxtpx:TrackPointExtension></extensions></trkpt><trkpt lat="55.4394012317" lon="54.7248198465"><ele>104.11</ele><time>2018-08-20T08:17:50Z</time><extensions><gpxtpx:TrackPointExtension><gpxtpx:depth>0.00</gpxtpx:depth></gpxtpx:TrackPointExtension></extensions></trkpt><trkpt lat="55.4390448332" lon="54.7262508050"><ele>105.25</ele><time>2018-08-20T08:18:27Z</time><extensions><gpxtpx:TrackPointExtension><gpxtpx:depth>0.00</gpxtpx:depth></gpxtpx:TrackPointExtension></extensions></trkpt><trkpt lat="55.4386718385" lon="54.7277058195"><ele>110.16</ele><time>2018-08-20T08:19:18Z</time><extensions><gpxtpx:TrackPointExtension><gpxtpx:depth>0.00</gpxtpx:depth></gpxtpx:TrackPointExtension></extensions></trkpt><trkpt lat="55.4382896237" lon="54.7291384544"><ele>117.14</ele><time>2018-08-20T08:20:16Z</time><extensions><gpxtpx:TrackPointExtension><gpxtpx:depth>0.00</gpxtpx:depth></gpxtpx:TrackPointExtension></extensions></trkpt><trkpt lat="55.4379555210" lon="54.7305996716"><ele>124.85</ele><time>2018-08-20T08:21:19Z</time><extensions><gpxtpx:TrackPointExtension><gpxtpx:depth>0.00</gpxtpx:depth></gpxtpx:TrackPointExtension></extensions></trkpt><trkpt lat="55.4375930037" lon="54.7320857830"><ele>130.28</ele><time>2018-08-20T08:24:09Z</time><extensions><gpxtpx:TrackPointExtension><gpxtpx:depth>0.00</gpxtpx:depth></gpxtpx:TrackPointExtension></extensions></trkpt><trkpt lat="55.4372811131" lon="54.7336008959"><ele>134.61</ele><time>2018-08-20T08:25:07Z</time><extensions><gpxtpx:TrackPointExtension><gpxtpx:depth>0.00</gpxtpx:depth></gpxtpx:TrackPointExtension></extensions></trkpt><trkpt lat="55.4369828850" lon="54.7350734286"><ele>138.31</ele><time>2018-08-20T08:26:03Z</time><extensions><gpxtpx:TrackPointExtension><gpxtpx:depth>0.00</gpxtpx:depth></gpxtpx:TrackPointExtension></extensions></trkpt><trkpt lat="55.4367750138" lon="54.7366359830"><ele>141.81</ele><time>2018-08-20T08:26:55Z</time><extensions><gpxtpx:TrackPointExtension><gpxtpx:depth>0.00</gpxtpx:depth></gpxtpx:TrackPointExtension></extensions></trkpt><trkpt lat="55.4365523066" lon="54.7381915804"><ele>145.02</ele><time>2018-08-20T08:27:47Z</time><extensions><gpxtpx:TrackPointExtension><gpxtpx:depth>0.00</gpxtpx:depth></gpxtpx:TrackPointExtension></extensions></trkpt><trkpt lat="55.4363431782" lon="54.7397571523"><ele>147.70</ele><time>2018-08-20T08:28:33Z</time><extensions><gpxtpx:TrackPointExtension><gpxtpx:depth>0.00</gpxtpx:depth></gpxtpx:TrackPointExtension></extensions></trkpt><trkpt lat="55.4361304455" lon="54.7413077205"><ele>150.69</ele><time>2018-08-20T08:29:19Z</time><extensions><gpxtpx:TrackPointExtension><gpxtpx:depth>0.00</gpxtpx:depth></gpxtpx:TrackPointExtension></extensions></trkpt><trkpt lat="55.4359204788" lon="54.7428868711"><ele>154.15</ele><time>2018-08-20T08:30:09Z</time><extensions><gpxtpx:TrackPointExtension><gpxtpx:depth>0.00</gpxtpx:depth></gpxtpx:TrackPointExtension></extensions></trkpt><trkpt lat="55.4357142001" lon="54.7444553766"><ele>156.45</ele><time>2018-08-20T08:30:52Z</time><extensions><gpxtpx:TrackPointExtension><gpxtpx:depth>0.00</gpxtpx:depth></gpxtpx:TrackPointExtension></extensions></trkpt><trkpt lat="55.4355054069" lon="54.7460087948"><ele>159.20</ele><time>2018-08-20T08:31:30Z</time><extensions><gpxtpx:TrackPointExtension><gpxtpx:depth>0.00</gpxtpx:depth></gpxtpx:TrackPointExtension></extensions></trkpt><trkpt lat="55.4352995474" lon="54.7475821618"><ele>161.92</ele><time>2018-08-20T08:32:12Z</time><extensions><gpxtpx:TrackPointExtension><gpxtpx:depth>0.00</gpxtpx:depth></gpxtpx:TrackPointExtension></extensions></trkpt><trkpt lat="55.4350807797" lon="54.7491168045"><ele>163.80</ele><time>2018-08-20T08:32:49Z</time><extensions><gpxtpx:TrackPointExtension><gpxtpx:depth>0.00</gpxtpx:depth></gpxtpx:TrackPointExtension></extensions></trkpt><trkpt lat="55.4348698910" lon="54.7506823763"><ele>165.39</ele><time>2018-08-20T08:33:25Z</time><extensions><gpxtpx:TrackPointExtension><gpxtpx:depth>0.00</gpxtpx:depth></gpxtpx:TrackPointExtension></extensions></trkpt><trkpt lat="55.4346535541" lon="54.7522386443"><ele>166.89</ele><time>2018-08-20T08:34:01Z</time><extensions><gpxtpx:TrackPointExtension><gpxtpx:depth>0.00</gpxtpx:depth></gpxtpx:TrackPointExtension></extensions></trkpt><trkpt lat="55.4344532266" lon="54.7537983488"><ele>168.30</ele><time>2018-08-20T08:34:34Z</time><extensions><gpxtpx:TrackPointExtension><gpxtpx:depth>0.00</gpxtpx:depth></gpxtpx:TrackPointExtension></extensions></trkpt><trkpt lat="55.4342550784" lon="54.7553466540"><ele>169.97</ele><time>2018-08-20T08:35:02Z</time><extensions><gpxtpx:TrackPointExtension><gpxtpx:depth>0.00</gpxtpx:depth></gpxtpx:TrackPointExtension></extensions></trkpt><trkpt lat="55.4340452794" lon="54.7568917740"><ele>170.76</ele><time>2018-08-20T08:35:26Z</time><extensions><gpxtpx:TrackPointExtension><gpxtpx:depth>0.00</gpxtpx:depth></gpxtpx:TrackPointExtension></extensions></trkpt><trkpt lat="55.4338290263" lon="54.7584412526"><ele>171.89</ele><time>2018-08-20T08:35:56Z</time><extensions><gpxtpx:TrackPointExtension><gpxtpx:depth>0.00</gpxtpx:depth></gpxtpx:TrackPointExtension></extensions></trkpt><trkpt lat="55.4336227477" lon="54.7600304615"><ele>172.22</ele><time>2018-08-20T08:36:23Z</time><extensions><gpxtpx:TrackPointExtension><gpxtpx:depth>0.00</gpxtpx:depth></gpxtpx:TrackPointExtension></extensions></trkpt><trkpt lat="55.4334145412" lon="54.7616118751"><ele>172.79</ele><time>2018-08-20T08:36:47Z</time><extensions><gpxtpx:TrackPointExtension><gpxtpx:depth>0.00</gpxtpx:depth></gpxtpx:TrackPointExtension></extensions></trkpt><trkpt lat="55.4332024790" lon="54.7632007487"><ele>173.31</ele><time>2018-08-20T08:37:11Z</time><extensions><gpxtpx:TrackPointExtension><gpxtpx:depth>0.00</gpxtpx:depth></gpxtpx:TrackPointExtension></extensions></trkpt><trkpt lat="55.4329889920" lon="54.7647902090"><ele>173.57</ele><time>2018-08-20T08:37:34Z</time><extensions><gpxtpx:TrackPointExtension><gpxtpx:depth>0.00</gpxtpx:depth></gpxtpx:TrackPointExtension></extensions></trkpt><trkpt lat="55.4327822942" lon="54.7663642466"><ele>173.92</ele><time>2018-08-20T08:37:59Z</time><extensions><gpxtpx:TrackPointExtension><gpxtpx:depth>0.00</gpxtpx:depth></gpxtpx:TrackPointExtension></extensions></trkpt><trkpt lat="55.4325881694" lon="54.7679185867"><ele>174.08</ele><time>2018-08-20T08:38:22Z</time><extensions><gpxtpx:TrackPointExtension><gpxtpx:depth>0.00</gpxtpx:depth></gpxtpx:TrackPointExtension></extensions></trkpt><trkpt lat="55.4323826451" lon="54.7694630362"><ele>174.06</ele><time>2018-08-20T08:38:42Z</time><extensions><gpxtpx:TrackPointExtension><gpxtpx:depth>0.00</gpxtpx:depth></gpxtpx:TrackPointExtension></extensions></trkpt><trkpt lat="55.4321751930" lon="54.7710426897"><ele>173.57</ele><time>2018-08-20T08:39:02Z</time><extensions><gpxtpx:TrackPointExtension><gpxtpx:depth>0.00</gpxtpx:depth></gpxtpx:TrackPointExtension></extensions></trkpt><trkpt lat="55.4319670703" lon="54.7725870553"><ele>173.37</ele><time>2018-08-20T08:39:22Z</time><extensions><gpxtpx:TrackPointExtension><gpxtpx:depth>0.00</gpxtpx:depth></gpxtpx:TrackPointExtension></extensions></trkpt><trkpt lat="55.4317685030" lon="54.7741361149"><ele>173.36</ele><time>2018-08-20T08:39:43Z</time><extensions><gpxtpx:TrackPointExtension><gpxtpx:depth>0.00</gpxtpx:depth></gpxtpx:TrackPointExtension></extensions></trkpt><trkpt lat="55.4315649904" lon="54.7757509723"><ele>172.90</ele><time>2018-08-20T08:40:05Z</time><extensions><gpxtpx:TrackPointExtension><gpxtpx:depth>0.00</gpxtpx:depth></gpxtpx:TrackPointExtension></extensions></trkpt><trkpt lat="55.4313620646" lon="54.7773356549"><ele>172.84</ele><time>2018-08-20T08:40:26Z</time><extensions><gpxtpx:TrackPointExtension><gpxtpx:depth>0.00</gpxtpx:depth></gpxtpx:TrackPointExtension></extensions></trkpt><trkpt lat="55.4311657604" lon="54.7788950242"><ele>173.06</ele><time>2018-08-20T08:40:44Z</time><extensions><gpxtpx:TrackPointExtension><gpxtpx:depth>0.00</gpxtpx:depth></gpxtpx:TrackPointExtension></extensions></trkpt><trkpt lat="55.4309658520" lon="54.7805127315"><ele>172.67</ele><time>2018-08-20T08:41:03Z</time><extensions><gpxtpx:TrackPointExtension><gpxtpx:depth>0.00</gpxtpx:depth></gpxtpx:TrackPointExtension></extensions></trkpt><trkpt lat="55.4307589866" lon="54.7820759565"><ele>172.50</ele><time>2018-08-20T08:41:23Z</time><extensions><gpxtpx:TrackPointExtension><gpxtpx:depth>0.00</gpxtpx:depth></gpxtpx:TrackPointExtension></extensions></trkpt><trkpt lat="55.4305592459" lon="54.7836723737"><ele>171.96</ele><time>2018-08-20T08:41:42Z</time><extensions><gpxtpx:TrackPointExtension><gpxtpx:depth>0.00</gpxtpx:depth></gpxtpx:TrackPointExtension></extensions></trkpt><trkpt lat="55.4303590860" lon="54.7852788493"><ele>171.78</ele><time>2018-08-20T08:42:01Z</time><extensions><gpxtpx:TrackPointExtension><gpxtpx:depth>0.00</gpxtpx:depth></gpxtpx:TrackPointExtension></extensions></trkpt><trkpt lat="55.4301519692" lon="54.7869092971"><ele>171.64</ele><time>2018-08-20T08:42:20Z</time><extensions><gpxtpx:TrackPointExtension><gpxtpx:depth>0.00</gpxtpx:depth></gpxtpx:TrackPointExtension></extensions></trkpt><trkpt lat="55.4299673997" lon="54.7884858493"><ele>171.32</ele><time>2018-08-20T08:42:39Z</time><extensions><gpxtpx:TrackPointExtension><gpxtpx:depth>0.00</gpxtpx:depth></gpxtpx:TrackPointExtension></extensions></trkpt><trkpt lat="55.4297689162" lon="54.7900597192"><ele>171.36</ele><time>2018-08-20T08:43:01Z</time><extensions><gpxtpx:TrackPointExtension><gpxtpx:depth>0.00</gpxtpx:depth></gpxtpx:TrackPointExtension></extensions></trkpt><trkpt lat="55.4295720253" lon="54.7916447371"><ele>171.29</ele><time>2018-08-20T08:43:22Z</time><extensions><gpxtpx:TrackPointExtension><gpxtpx:depth>0.00</gpxtpx:depth></gpxtpx:TrackPointExtension></extensions></trkpt><trkpt lat="55.4293736257" lon="54.7932524700"><ele>171.03</ele><time>2018-08-20T08:43:43Z</time><extensions><gpxtpx:TrackPointExtension><gpxtpx:depth>0.00</gpxtpx:depth></gpxtpx:TrackPointExtension></extensions></trkpt><trkpt lat="55.4291847814" lon="54.7948183771"><ele>171.33</ele><time>2018-08-20T08:44:04Z</time><extensions><gpxtpx:TrackPointExtension><gpxtpx:depth>0.00</gpxtpx:depth></gpxtpx:TrackPointExtension></extensions></trkpt><trkpt lat="55.4289803468" lon="54.7964237630"><ele>171.66</ele><time>2018-08-20T08:44:26Z</time><extensions><gpxtpx:TrackPointExtension><gpxtpx:depth>0.00</gpxtpx:depth></gpxtpx:TrackPointExtension></extensions></trkpt><trkpt lat="55.4287900776" lon="54.7979934420"><ele>171.33</ele><time>2018-08-20T08:44:48Z</time><extensions><gpxtpx:TrackPointExtension><gpxtpx:depth>0.00</gpxtpx:depth></gpxtpx:TrackPointExtension></extensions></trkpt><trkpt lat="55.4285967909" lon="54.7995891888"><ele>171.50</ele><time>2018-08-20T08:45:10Z</time><extensions><gpxtpx:TrackPointExtension><gpxtpx:depth>0.00</gpxtpx:depth></gpxtpx:TrackPointExtension></extensions></trkpt><trkpt lat="55.4284009896" lon="54.8011234123"><ele>171.81</ele><time>2018-08-20T08:45:31Z</time><extensions><gpxtpx:TrackPointExtension><gpxtpx:depth>0.00</gpxtpx:depth></gpxtpx:TrackPointExtension></extensions></trkpt><trkpt lat="55.4282196052" lon="54.8027016409"><ele>172.63</ele><time>2018-08-20T08:45:54Z</time><extensions><gpxtpx:TrackPointExtension><gpxtpx:depth>0.00</gpxtpx:depth></gpxtpx:TrackPointExtension></extensions></trkpt><trkpt lat="55.4280204512" lon="54.8042657878"><ele>172.94</ele><time>2018-08-20T08:46:20Z</time><extensions><gpxtpx:TrackPointExtension><gpxtpx:depth>0.00</gpxtpx:depth></gpxtpx:TrackPointExtension></extensions></trkpt><trkpt lat="55.4282115586" lon="54.8048293032"><ele>174.29</ele><time>2018-08-20T08:53:12Z</time><extensions><gpxtpx:TrackPointExtension><gpxtpx:depth>0.00</gpxtpx:depth></gpxtpx:TrackPointExtension></extensions></trkpt><trkpt lat="55.4277482908" lon="54.8062588368"><ele>174.26</ele><time>2018-08-20T08:54:06Z</time><extensions><gpxtpx:TrackPointExtension><gpxtpx:depth>0.00</gpxtpx:depth></gpxtpx:TrackPointExtension></extensions></trkpt><trkpt lat="55.4268637486" lon="54.8067437299"><ele>174.72</ele><time>2018-08-20T08:54:31Z</time><extensions><gpxtpx:TrackPointExtension><gpxtpx:depth>0.00</gpxtpx:depth></gpxtpx:TrackPointExtension></extensions></trkpt><trkpt lat="55.4259608500" lon="54.8069925047"><ele>174.99</ele><time>2018-08-20T08:54:54Z</time><extensions><gpxtpx:TrackPointExtension><gpxtpx:depth>0.00</gpxtpx:depth></gpxtpx:TrackPointExtension></extensions></trkpt><trkpt lat="55.4250466358" lon="54.8072652519"><ele>175.29</ele><time>2018-08-20T08:55:16Z</time><extensions><gpxtpx:TrackPointExtension><gpxtpx:depth>0.00</gpxtpx:depth></gpxtpx:TrackPointExtension></extensions></trkpt><trkpt lat="55.4241291527" lon="54.8075401783"><ele>174.88</ele><time>2018-08-20T08:55:38Z</time><extensions><gpxtpx:TrackPointExtension><gpxtpx:depth>0.00</gpxtpx:depth></gpxtpx:TrackPointExtension></extensions></trkpt><trkpt lat="55.4232107475" lon="54.8078152724"><ele>174.73</ele><time>2018-08-20T08:56:01Z</time><extensions><gpxtpx:TrackPointExtension><gpxtpx:depth>0.00</gpxtpx:depth></gpxtpx:TrackPointExtension></extensions></trkpt><trkpt lat="55.4223207571" lon="54.8081273306"><ele>174.18</ele><time>2018-08-20T08:56:24Z</time><extensions><gpxtpx:TrackPointExtension><gpxtpx:depth>0.00</gpxtpx:depth></gpxtpx:TrackPointExtension></extensions></trkpt><trkpt lat="55.4214175232" lon="54.8086490203"><ele>174.25</ele><time>2018-08-20T08:56:46Z</time><extensions><gpxtpx:TrackPointExtension><gpxtpx:depth>0.00</gpxtpx:depth></gpxtpx:TrackPointExtension></extensions></trkpt><trkpt lat="55.4206162971" lon="54.8093510885"><ele>173.93</ele><time>2018-08-20T08:57:07Z</time><extensions><gpxtpx:TrackPointExtension><gpxtpx:depth>0.00</gpxtpx:depth></gpxtpx:TrackPointExtension></extensions></trkpt><trkpt lat="55.4198043421" lon="54.8100833315"><ele>173.87</ele><time>2018-08-20T08:57:28Z</time><extensions><gpxtpx:TrackPointExtension><gpxtpx:depth>0.00</gpxtpx:depth></gpxtpx:TrackPointExtension></extensions></trkpt><trkpt lat="55.4189920519" lon="54.8107953742"><ele>174.46</ele><time>2018-08-20T08:57:49Z</time><extensions><gpxtpx:TrackPointExtension><gpxtpx:depth>0.00</gpxtpx:depth></gpxtpx:TrackPointExtension></extensions></trkpt><trkpt lat="55.4181810189" lon="54.8115277849"><ele>174.50</ele><time>2018-08-20T08:58:11Z</time><extensions><gpxtpx:TrackPointExtension><gpxtpx:depth>0.00</gpxtpx:depth></gpxtpx:TrackPointExtension></extensions></trkpt><trkpt lat="55.4173403140" lon="54.8122900352"><ele>174.42</ele><time>2018-08-20T08:58:32Z</time><extensions><gpxtpx:TrackPointExtension><gpxtpx:depth>0.00</gpxtpx:depth></gpxtpx:TrackPointExtension></extensions></trkpt><trkpt lat="55.4165347293" lon="54.8130112980"><ele>174.77</ele><time>2018-08-20T08:58:53Z</time><extensions><gpxtpx:TrackPointExtension><gpxtpx:depth>0.00</gpxtpx:depth></gpxtpx:TrackPointExtension></extensions></trkpt><trkpt lat="55.4157035798" lon="54.8137579579"><ele>174.54</ele><time>2018-08-20T08:59:14Z</time><extensions><gpxtpx:TrackPointExtension><gpxtpx:depth>0.00</gpxtpx:depth></gpxtpx:TrackPointExtension></extensions></trkpt><trkpt lat="55.4149036948" lon="54.8144929670"><ele>173.70</ele><time>2018-08-20T08:59:34Z</time><extensions><gpxtpx:TrackPointExtension><gpxtpx:depth>0.00</gpxtpx:depth></gpxtpx:TrackPointExtension></extensions></trkpt><trkpt lat="55.4140815977" lon="54.8152543791"><ele>172.74</ele><time>2018-08-20T08:59:53Z</time><extensions><gpxtpx:TrackPointExtension><gpxtpx:depth>0.00</gpxtpx:depth></gpxtpx:TrackPointExtension></extensions></trkpt><trkpt lat="55.4132227879" lon="54.8160297889"><ele>170.51</ele><time>2018-08-20T09:00:09Z</time><extensions><gpxtpx:TrackPointExtension><gpxtpx:depth>0.00</gpxtpx:depth></gpxtpx:TrackPointExtension></extensions></trkpt><trkpt lat="55.4123633076" lon="54.8167906981"><ele>167.35</ele><time>2018-08-20T09:00:23Z</time><extensions><gpxtpx:TrackPointExtension><gpxtpx:depth>0.00</gpxtpx:depth></gpxtpx:TrackPointExtension></extensions></trkpt><trkpt lat="55.4115259554" lon="54.8175574746"><ele>165.04</ele><time>2018-08-20T09:00:36Z</time><extensions><gpxtpx:TrackPointExtension><gpxtpx:depth>0.00</gpxtpx:depth></gpxtpx:TrackPointExtension></extensions></trkpt><trkpt lat="55.4106726777" lon="54.8183447868"><ele>162.29</ele><time>2018-08-20T09:00:49Z</time><extensions><gpxtpx:TrackPointExtension><gpxtpx:depth>0.00</gpxtpx:depth></gpxtpx:TrackPointExtension></extensions></trkpt><trkpt lat="55.4097821843" lon="54.8191420734"><ele>158.65</ele><time>2018-08-20T09:01:00Z</time><extensions><gpxtpx:TrackPointExtension><gpxtpx:depth>0.00</gpxtpx:depth></gpxtpx:TrackPointExtension></extensions></trkpt><trkpt lat="55.4089165851" lon="54.8198992107"><ele>155.44</ele><time>2018-08-20T09:01:10Z</time><extensions><gpxtpx:TrackPointExtension><gpxtpx:depth>0.00</gpxtpx:depth></gpxtpx:TrackPointExtension></extensions></trkpt><trkpt lat="55.4080628045" lon="54.8206553422"><ele>152.20</ele><time>2018-08-20T09:01:21Z</time><extensions><gpxtpx:TrackPointExtension><gpxtpx:depth>0.00</gpxtpx:depth></gpxtpx:TrackPointExtension></extensions></trkpt><trkpt lat="55.4072488379" lon="54.8212589230"><ele>152.15</ele><time>2018-08-20T09:01:42Z</time><extensions><gpxtpx:TrackPointExtension><gpxtpx:depth>0.00</gpxtpx:depth></gpxtpx:TrackPointExtension></extensions></trkpt><trkpt lat="55.4070136417" lon="54.8215815425"><ele>154.76</ele><time>2018-08-20T09:18:43Z</time><extensions><gpxtpx:TrackPointExtension><gpxtpx:depth>0.00</gpxtpx:depth></gpxtpx:TrackPointExtension></extensions></trkpt><trkpt lat="55.4061985016" lon="54.8223465588"><ele>158.74</ele><time>2018-08-20T09:19:27Z</time><extensions><gpxtpx:TrackPointExtension><gpxtpx:depth>0.00</gpxtpx:depth></gpxtpx:TrackPointExtension></extensions></trkpt><trkpt lat="55.4053945933" lon="54.8231073003"><ele>162.94</ele><time>2018-08-20T09:20:10Z</time><extensions><gpxtpx:TrackPointExtension><gpxtpx:depth>0.00</gpxtpx:depth></gpxtpx:TrackPointExtension></extensions></trkpt><trkpt lat="55.4046191834" lon="54.8239113763"><ele>167.01</ele><time>2018-08-20T09:20:56Z</time><extensions><gpxtpx:TrackPointExtension><gpxtpx:depth>0.00</gpxtpx:depth></gpxtpx:TrackPointExtension></extensions></trkpt><trkpt lat="55.4038249142" lon="54.8247350659"><ele>170.54</ele><time>2018-08-20T09:21:42Z</time><extensions><gpxtpx:TrackPointExtension><gpxtpx:depth>0.00</gpxtpx:depth></gpxtpx:TrackPointExtension></extensions></trkpt><trkpt lat="55.4030777514" lon="54.8256305885"><ele>174.10</ele><time>2018-08-20T09:22:25Z</time><extensions><gpxtpx:TrackPointExtension><gpxtpx:depth>0.00</gpxtpx:depth></gpxtpx:TrackPointExtension></extensions></trkpt><trkpt lat="55.4023481905" lon="54.8265826050"><ele>176.31</ele><time>2018-08-20T09:23:05Z</time><extensions><gpxtpx:TrackPointExtension><gpxtpx:depth>0.00</gpxtpx:depth></gpxtpx:TrackPointExtension></extensions></trkpt><trkpt lat="55.4016235750" lon="54.8275741003"><ele>178.59</ele><time>2018-08-20T09:23:43Z</time><extensions><gpxtpx:TrackPointExtension><gpxtpx:depth>0.00</gpxtpx:depth></gpxtpx:TrackPointExtension></extensions></trkpt><trkpt lat="55.4009175673" lon="54.8286063317"><ele>180.13</ele><time>2018-08-20T09:24:20Z</time><extensions><gpxtpx:TrackPointExtension><gpxtpx:depth>0.00</gpxtpx:depth></gpxtpx:TrackPointExtension></extensions></trkpt><trkpt lat="55.4002518766" lon="54.8297160119"><ele>181.77</ele><time>2018-08-20T09:24:57Z</time><extensions><gpxtpx:TrackPointExtension><gpxtpx:depth>0.00</gpxtpx:depth></gpxtpx:TrackPointExtension></extensions></trkpt><trkpt lat="55.3995969146" lon="54.8308304697"><ele>183.68</ele><time>2018-08-20T09:25:34Z</time><extensions><gpxtpx:TrackPointExtension><gpxtpx:depth>0.00</gpxtpx:depth></gpxtpx:TrackPointExtension></extensions></trkpt><trkpt lat="55.3989239316" lon="54.8319510464"><ele>184.54</ele><time>2018-08-20T09:26:07Z</time><extensions><gpxtpx:TrackPointExtension><gpxtpx:depth>0.00</gpxtpx:depth></gpxtpx:TrackPointExtension></extensions></trkpt><trkpt lat="55.3982661199" lon="54.8331236746"><ele>185.97</ele><time>2018-08-20T09:26:40Z</time><extensions><gpxtpx:TrackPointExtension><gpxtpx:depth>0.00</gpxtpx:depth></gpxtpx:TrackPointExtension></extensions></trkpt><trkpt lat="55.3976270836" lon="54.8342513759"><ele>187.04</ele><time>2018-08-20T09:27:09Z</time><extensions><gpxtpx:TrackPointExtension><gpxtpx:depth>0.00</gpxtpx:depth></gpxtpx:TrackPointExtension></extensions></trkpt><trkpt lat="55.3969928250" lon="54.8354064859"><ele>188.56</ele><time>2018-08-20T09:27:37Z</time><extensions><gpxtpx:TrackPointExtension><gpxtpx:depth>0.00</gpxtpx:depth></gpxtpx:TrackPointExtension></extensions></trkpt><trkpt lat="55.3961529583" lon="54.8356100824"><ele>189.31</ele><time>2018-08-20T09:28:14Z</time><extensions><gpxtpx:TrackPointExtension><gpxtpx:depth>0.00</gpxtpx:depth></gpxtpx:TrackPointExtension></extensions></trkpt><trkpt lat="55.3965496738" lon="54.8361644614"><ele>189.11</ele><time>2018-08-20T09:32:20Z</time><extensions><gpxtpx:TrackPointExtension><gpxtpx:depth>0.00</gpxtpx:depth></gpxtpx:TrackPointExtension></extensions></trkpt><trkpt lat="55.3959271498" lon="54.8372981139"><ele>189.64</ele><time>2018-08-20T09:32:49Z</time><extensions><gpxtpx:TrackPointExtension><gpxtpx:depth>0.00</gpxtpx:depth></gpxtpx:TrackPointExtension></extensions></trkpt><trkpt lat="55.3952859342" lon="54.8384315986"><ele>189.63</ele><time>2018-08-20T09:33:13Z</time><extensions><gpxtpx:TrackPointExtension><gpxtpx:depth>0.00</gpxtpx:depth></gpxtpx:TrackPointExtension></extensions></trkpt><trkpt lat="55.3946179803" lon="54.8396022152"><ele>190.05</ele><time>2018-08-20T09:33:39Z</time><extensions><gpxtpx:TrackPointExtension><gpxtpx:depth>0.00</gpxtpx:depth></gpxtpx:TrackPointExtension></extensions></trkpt><trkpt lat="55.3939481825" lon="54.8407510389"><ele>190.87</ele><time>2018-08-20T09:34:05Z</time><extensions><gpxtpx:TrackPointExtension><gpxtpx:depth>0.00</gpxtpx:depth></gpxtpx:TrackPointExtension></extensions></trkpt><trkpt lat="55.3932933044" lon="54.8419162910"><ele>191.82</ele><time>2018-08-20T09:34:31Z</time><extensions><gpxtpx:TrackPointExtension><gpxtpx:depth>0.00</gpxtpx:depth></gpxtpx:TrackPointExtension></extensions></trkpt><trkpt lat="55.3926511668" lon="54.8430460878"><ele>191.98</ele><time>2018-08-20T09:34:56Z</time><extensions><gpxtpx:TrackPointExtension><gpxtpx:depth>0.00</gpxtpx:depth></gpxtpx:TrackPointExtension></extensions></trkpt><trkpt lat="55.3920020722" lon="54.8442001082"><ele>192.83</ele><time>2018-08-20T09:35:22Z</time><extensions><gpxtpx:TrackPointExtension><gpxtpx:depth>0.00</gpxtpx:depth></gpxtpx:TrackPointExtension></extensions></trkpt><trkpt lat="55.3913658857" lon="54.8453198466"><ele>194.31</ele><time>2018-08-20T09:35:54Z</time><extensions><gpxtpx:TrackPointExtension><gpxtpx:depth>0.00</gpxtpx:depth></gpxtpx:TrackPointExtension></extensions></trkpt><trkpt lat="55.3907286096" lon="54.8464496434"><ele>195.60</ele><time>2018-08-20T09:36:23Z</time><extensions><gpxtpx:TrackPointExtension><gpxtpx:depth>0.00</gpxtpx:depth></gpxtpx:TrackPointExtension></extensions></trkpt><trkpt lat="55.3900715522" lon="54.8475770094"><ele>196.51</ele><time>2018-08-20T09:36:57Z</time><extensions><gpxtpx:TrackPointExtension><gpxtpx:depth>0.00</gpxtpx:depth></gpxtpx:TrackPointExtension></extensions></trkpt><trkpt lat="55.3894279897" lon="54.8486927245"><ele>197.06</ele><time>2018-08-20T09:37:28Z</time><extensions><gpxtpx:TrackPointExtension><gpxtpx:depth>0.00</gpxtpx:depth></gpxtpx:TrackPointExtension></extensions></trkpt><trkpt lat="55.3887643106" lon="54.8498610780"><ele>197.98</ele><time>2018-08-20T09:37:57Z</time><extensions><gpxtpx:TrackPointExtension><gpxtpx:depth>0.00</gpxtpx:depth></gpxtpx:TrackPointExtension></extensions></trkpt><trkpt lat="55.3881194070" lon="54.8510401603"><ele>198.51</ele><time>2018-08-20T09:38:23Z</time><extensions><gpxtpx:TrackPointExtension><gpxtpx:depth>0.00</gpxtpx:depth></gpxtpx:TrackPointExtension></extensions></trkpt><trkpt lat="55.3874483518" lon="54.8522031493"><ele>198.74</ele><time>2018-08-20T09:38:46Z</time><extensions><gpxtpx:TrackPointExtension><gpxtpx:depth>0.00</gpxtpx:depth></gpxtpx:TrackPointExtension></extensions></trkpt><trkpt lat="55.3867902048" lon="54.8533507157"><ele>199.23</ele><time>2018-08-20T09:39:08Z</time><extensions><gpxtpx:TrackPointExtension><gpxtpx:depth>0.00</gpxtpx:depth></gpxtpx:TrackPointExtension></extensions></trkpt><trkpt lat="55.3861355782" lon="54.8545274511"><ele>199.22</ele><time>2018-08-20T09:39:28Z</time><extensions><gpxtpx:TrackPointExtension><gpxtpx:depth>0.00</gpxtpx:depth></gpxtpx:TrackPointExtension></extensions></trkpt><trkpt lat="55.3854704741" lon="54.8556937929"><ele>198.93</ele><time>2018-08-20T09:39:50Z</time><extensions><gpxtpx:TrackPointExtension><gpxtpx:depth>0.00</gpxtpx:depth></gpxtpx:TrackPointExtension></extensions></trkpt><trkpt lat="55.3848210443" lon="54.8568369169"><ele>198.71</ele><time>2018-08-20T09:40:18Z</time><extensions><gpxtpx:TrackPointExtension><gpxtpx:depth>0.00</gpxtpx:depth></gpxtpx:TrackPointExtension></extensions></trkpt><trkpt lat="55.3841628972" lon="54.8580066115"><ele>199.12</ele><time>2018-08-20T09:40:44Z</time><extensions><gpxtpx:TrackPointExtension><gpxtpx:depth>0.00</gpxtpx:depth></gpxtpx:TrackPointExtension></extensions></trkpt><trkpt lat="55.3835131321" lon="54.8591682594"><ele>199.24</ele><time>2018-08-20T09:41:07Z</time><extensions><gpxtpx:TrackPointExtension><gpxtpx:depth>0.00</gpxtpx:depth></gpxtpx:TrackPointExtension></extensions></trkpt><trkpt lat="55.3828401491" lon="54.8603172507"><ele>198.99</ele><time>2018-08-20T09:41:29Z</time><extensions><gpxtpx:TrackPointExtension><gpxtpx:depth>0.00</gpxtpx:depth></gpxtpx:TrackPointExtension></extensions></trkpt><trkpt lat="55.3821939882" lon="54.8614634760"><ele>199.38</ele><time>2018-08-20T09:41:51Z</time><extensions><gpxtpx:TrackPointExtension><gpxtpx:depth>0.00</gpxtpx:depth></gpxtpx:TrackPointExtension></extensions></trkpt><trkpt lat="55.3815405350" lon="54.8626112100"><ele>199.42</ele><time>2018-08-20T09:42:12Z</time><extensions><gpxtpx:TrackPointExtension><gpxtpx:depth>0.00</gpxtpx:depth></gpxtpx:TrackPointExtension></extensions></trkpt><trkpt lat="55.3808887582" lon="54.8637322895"><ele>200.32</ele><time>2018-08-20T09:42:34Z</time><extensions><gpxtpx:TrackPointExtension><gpxtpx:depth>0.00</gpxtpx:depth></gpxtpx:TrackPointExtension></extensions></trkpt><trkpt lat="55.3802433517" lon="54.8648537043"><ele>201.87</ele><time>2018-08-20T09:42:57Z</time><extensions><gpxtpx:TrackPointExtension><gpxtpx:depth>0.00</gpxtpx:depth></gpxtpx:TrackPointExtension></extensions></trkpt><trkpt lat="55.3795696981" lon="54.8660139274"><ele>201.96</ele><time>2018-08-20T09:43:18Z</time><extensions><gpxtpx:TrackPointExtension><gpxtpx:depth>0.00</gpxtpx:depth></gpxtpx:TrackPointExtension></extensions></trkpt><trkpt lat="55.3789154906" lon="54.8671995476"><ele>202.69</ele><time>2018-08-20T09:43:43Z</time><extensions><gpxtpx:TrackPointExtension><gpxtpx:depth>0.00</gpxtpx:depth></gpxtpx:TrackPointExtension></extensions></trkpt><trkpt lat="55.3782545775" lon="54.8683166876"><ele>203.60</ele><time>2018-08-20T09:44:08Z</time><extensions><gpxtpx:TrackPointExtension><gpxtpx:depth>0.00</gpxtpx:depth></gpxtpx:TrackPointExtension></extensions></trkpt><trkpt lat="55.3776068240" lon="54.8694645893"><ele>204.30</ele><time>2018-08-20T09:44:38Z</time><extensions><gpxtpx:TrackPointExtension><gpxtpx:depth>0.00</gpxtpx:depth></gpxtpx:TrackPointExtension></extensions></trkpt><trkpt lat="55.3769511916" lon="54.8706074618"><ele>204.77</ele><time>2018-08-20T09:45:03Z</time><extensions><gpxtpx:TrackPointExtension><gpxtpx:depth>0.00</gpxtpx:depth></gpxtpx:TrackPointExtension></extensions></trkpt><trkpt lat="55.3763058688" lon="54.8717572913"><ele>205.30</ele><time>2018-08-20T09:45:28Z</time><extensions><gpxtpx:TrackPointExtension><gpxtpx:depth>0.00</gpxtpx:depth></gpxtpx:TrackPointExtension></extensions></trkpt><trkpt lat="55.3756759688" lon="54.8729243875"><ele>205.58</ele><time>2018-08-20T09:45:53Z</time><extensions><gpxtpx:TrackPointExtension><gpxtpx:depth>0.00</gpxtpx:depth></gpxtpx:TrackPointExtension></extensions></trkpt><trkpt lat="55.3750049975" lon="54.8741016258"><ele>205.68</ele><time>2018-08-20T09:46:15Z</time><extensions><gpxtpx:TrackPointExtension><gpxtpx:depth>0.00</gpxtpx:depth></gpxtpx:TrackPointExtension></extensions></trkpt><trkpt lat="55.3743320145" lon="54.8752622679"><ele>205.57</ele><time>2018-08-20T09:46:36Z</time><extensions><gpxtpx:TrackPointExtension><gpxtpx:depth>0.00</gpxtpx:depth></gpxtpx:TrackPointExtension></extensions></trkpt><trkpt lat="55.3736708499" lon="54.8764157854"><ele>205.52</ele><time>2018-08-20T09:46:57Z</time><extensions><gpxtpx:TrackPointExtension><gpxtpx:depth>0.00</gpxtpx:depth></gpxtpx:TrackPointExtension></extensions></trkpt><trkpt lat="55.3730017226" lon="54.8775992263"><ele>204.84</ele><time>2018-08-20T09:47:16Z</time><extensions><gpxtpx:TrackPointExtension><gpxtpx:depth>0.00</gpxtpx:depth></gpxtpx:TrackPointExtension></extensions></trkpt><trkpt lat="55.3723442461" lon="54.8787197191"><ele>203.91</ele><time>2018-08-20T09:47:35Z</time><extensions><gpxtpx:TrackPointExtension><gpxtpx:depth>0.00</gpxtpx:depth></gpxtpx:TrackPointExtension></extensions></trkpt><trkpt lat="55.3716918826" lon="54.8798729014"><ele>202.81</ele><time>2018-08-20T09:47:54Z</time><extensions><gpxtpx:TrackPointExtension><gpxtpx:depth>0.00</gpxtpx:depth></gpxtpx:TrackPointExtension></extensions></trkpt><trkpt lat="55.3710368369" lon="54.8810296040"><ele>201.25</ele><time>2018-08-20T09:48:11Z</time><extensions><gpxtpx:TrackPointExtension><gpxtpx:depth>0.00</gpxtpx:depth></gpxtpx:TrackPointExtension></extensions></trkpt><trkpt lat="55.3703902569" lon="54.8821525276"><ele>199.33</ele><time>2018-08-20T09:48:25Z</time><extensions><gpxtpx:TrackPointExtension><gpxtpx:depth>0.00</gpxtpx:depth></gpxtpx:TrackPointExtension></extensions></trkpt><trkpt lat="55.3697446827" lon="54.8833020218"><ele>196.88</ele><time>2018-08-20T09:48:36Z</time><extensions><gpxtpx:TrackPointExtension><gpxtpx:depth>0.00</gpxtpx:depth></gpxtpx:TrackPointExtension></extensions></trkpt><trkpt lat="55.3690983541" lon="54.8844332434"><ele>193.61</ele><time>2018-08-20T09:48:45Z</time><extensions><gpxtpx:TrackPointExtension><gpxtpx:depth>0.00</gpxtpx:depth></gpxtpx:TrackPointExtension></extensions></trkpt><trkpt lat="55.3684289753" lon="54.8856031895"><ele>189.79</ele><time>2018-08-20T09:48:54Z</time><extensions><gpxtpx:TrackPointExtension><gpxtpx:depth>0.00</gpxtpx:depth></gpxtpx:TrackPointExtension></extensions></trkpt><trkpt lat="55.3677661344" lon="54.8867544439"><ele>186.01</ele><time>2018-08-20T09:49:03Z</time><extensions><gpxtpx:TrackPointExtension><gpxtpx:depth>0.00</gpxtpx:depth></gpxtpx:TrackPointExtension></extensions></trkpt><trkpt lat="55.3671037126" lon="54.8879025970"><ele>183.07</ele><time>2018-08-20T09:49:12Z</time><extensions><gpxtpx:TrackPointExtension><gpxtpx:depth>0.00</gpxtpx:depth></gpxtpx:TrackPointExtension></extensions></trkpt><trkpt lat="55.3664052486" lon="54.8891168833"><ele>179.85</ele><time>2018-08-20T09:49:22Z</time><extensions><gpxtpx:TrackPointExtension><gpxtpx:depth>0.00</gpxtpx:depth></gpxtpx:TrackPointExtension></extensions></trkpt><trkpt lat="55.3657661285" lon="54.8902236298"><ele>176.38</ele><time>2018-08-20T09:49:32Z</time><extensions><gpxtpx:TrackPointExtension><gpxtpx:depth>0.00</gpxtpx:depth></gpxtpx:TrackPointExtension></extensions></trkpt><trkpt lat="55.3650933970" lon="54.8913838528"><ele>174.05</ele><time>2018-08-20T09:49:43Z</time><extensions><gpxtpx:TrackPointExtension><gpxtpx:depth>0.00</gpxtpx:depth></gpxtpx:TrackPointExtension></extensions></trkpt><trkpt lat="55.3644348308" lon="54.8925149068"><ele>171.28</ele><time>2018-08-20T09:49:54Z</time><extensions><gpxtpx:TrackPointExtension><gpxtpx:depth>0.00</gpxtpx:depth></gpxtpx:TrackPointExtension></extensions></trkpt><trkpt lat="55.3637379594" lon="54.8937270138"><ele>169.13</ele><time>2018-08-20T09:50:06Z</time><extensions><gpxtpx:TrackPointExtension><gpxtpx:depth>0.00</gpxtpx:depth></gpxtpx:TrackPointExtension></extensions></trkpt><trkpt lat="55.3631048743" lon="54.8948388733"><ele>167.67</ele><time>2018-08-20T09:50:18Z</time><extensions><gpxtpx:TrackPointExtension><gpxtpx:depth>0.00</gpxtpx:depth></gpxtpx:TrackPointExtension></extensions></trkpt><trkpt lat="55.3624313883" lon="54.8960082326"><ele>166.57</ele><time>2018-08-20T09:50:33Z</time><extensions><gpxtpx:TrackPointExtension><gpxtpx:depth>0.00</gpxtpx:depth></gpxtpx:TrackPointExtension></extensions></trkpt><trkpt lat="55.3617828805" lon="54.8971449025"><ele>167.53</ele><time>2018-08-20T09:50:54Z</time><extensions><gpxtpx:TrackPointExtension><gpxtpx:depth>0.00</gpxtpx:depth></gpxtpx:TrackPointExtension></extensions></trkpt><trkpt lat="55.3611371387" lon="54.8982534930"><ele>167.77</ele><time>2018-08-20T09:51:17Z</time><extensions><gpxtpx:TrackPointExtension><gpxtpx:depth>0.00</gpxtpx:depth></gpxtpx:TrackPointExtension></extensions></trkpt><trkpt lat="55.3604913130" lon="54.8993967846"><ele>168.42</ele><time>2018-08-20T09:51:42Z</time><extensions><gpxtpx:TrackPointExtension><gpxtpx:depth>0.00</gpxtpx:depth></gpxtpx:TrackPointExtension></extensions></trkpt><trkpt lat="55.3598464932" lon="54.9005301017"><ele>170.03</ele><time>2018-08-20T09:52:08Z</time><extensions><gpxtpx:TrackPointExtension><gpxtpx:depth>0.00</gpxtpx:depth></gpxtpx:TrackPointExtension></extensions></trkpt><trkpt lat="55.3591658827" lon="54.9016976170"><ele>171.31</ele><time>2018-08-20T09:52:37Z</time><extensions><gpxtpx:TrackPointExtension><gpxtpx:depth>0.00</gpxtpx:depth></gpxtpx:TrackPointExtension></extensions></trkpt><trkpt lat="55.3585037123" lon="54.9028357957"><ele>172.38</ele><time>2018-08-20T09:53:09Z</time><extensions><gpxtpx:TrackPointExtension><gpxtpx:depth>0.00</gpxtpx:depth></gpxtpx:TrackPointExtension></extensions></trkpt><trkpt lat="55.3578692861" lon="54.9039738905"><ele>173.70</ele><time>2018-08-20T09:53:38Z</time><extensions><gpxtpx:TrackPointExtension><gpxtpx:depth>0.00</gpxtpx:depth></gpxtpx:TrackPointExtension></extensions></trkpt><trkpt lat="55.3572206106" lon="54.9050968979"><ele>174.60</ele><time>2018-08-20T09:54:05Z</time><extensions><gpxtpx:TrackPointExtension><gpxtpx:depth>0.00</gpxtpx:depth></gpxtpx:TrackPointExtension></extensions></trkpt><trkpt lat="55.3565502260" lon="54.9062444642"><ele>175.26</ele><time>2018-08-20T09:54:31Z</time><extensions><gpxtpx:TrackPointExtension><gpxtpx:depth>0.00</gpxtpx:depth></gpxtpx:TrackPointExtension></extensions></trkpt><trkpt lat="55.3558915760" lon="54.9073751830"><ele>176.69</ele><time>2018-08-20T09:55:03Z</time><extensions><gpxtpx:TrackPointExtension><gpxtpx:depth>0.00</gpxtpx:depth></gpxtpx:TrackPointExtension></extensions></trkpt><trkpt lat="55.3552292380" lon="54.9085363280"><ele>177.96</ele><time>2018-08-20T09:55:33Z</time><extensions><gpxtpx:TrackPointExtension><gpxtpx:depth>0.00</gpxtpx:depth></gpxtpx:TrackPointExtension></extensions></trkpt><trkpt lat="55.3545832448" lon="54.9096682202"><ele>179.14</ele><time>2018-08-20T09:56:04Z</time><extensions><gpxtpx:TrackPointExtension><gpxtpx:depth>0.00</gpxtpx:depth></gpxtpx:TrackPointExtension></extensions></trkpt><trkpt lat="55.3539147880" lon="54.9108193070"><ele>180.23</ele><time>2018-08-20T09:56:31Z</time><extensions><gpxtpx:TrackPointExtension><gpxtpx:depth>0.00</gpxtpx:depth></gpxtpx:TrackPointExtension></extensions></trkpt><trkpt lat="55.3532462474" lon="54.9119745847"><ele>180.75</ele><time>2018-08-20T09:56:58Z</time><extensions><gpxtpx:TrackPointExtension><gpxtpx:depth>0.00</gpxtpx:depth></gpxtpx:TrackPointExtension></extensions></trkpt><trkpt lat="55.3525878489" lon="54.9130831752"><ele>180.08</ele><time>2018-08-20T09:57:23Z</time><extensions><gpxtpx:TrackPointExtension><gpxtpx:depth>0.00</gpxtpx:depth></gpxtpx:TrackPointExtension></extensions></trkpt><trkpt lat="55.3519846871" lon="54.9143148120"><ele>179.39</ele><time>2018-08-20T09:57:46Z</time><extensions><gpxtpx:TrackPointExtension><gpxtpx:depth>0.00</gpxtpx:depth></gpxtpx:TrackPointExtension></extensions></trkpt><trkpt lat="55.3514205012" lon="54.9156787153"><ele>177.94</ele><time>2018-08-20T09:58:04Z</time><extensions><gpxtpx:TrackPointExtension><gpxtpx:depth>0.00</gpxtpx:depth></gpxtpx:TrackPointExtension></extensions></trkpt><trkpt lat="55.3508601710" lon="54.9170221668"><ele>175.51</ele><time>2018-08-20T09:58:20Z</time><extensions><gpxtpx:TrackPointExtension><gpxtpx:depth>0.00</gpxtpx:depth></gpxtpx:TrackPointExtension></extensions></trkpt><trkpt lat="55.3503104020" lon="54.9183609243"><ele>174.02</ele><time>2018-08-20T09:58:37Z</time><extensions><gpxtpx:TrackPointExtension><gpxtpx:depth>0.00</gpxtpx:depth></gpxtpx:TrackPointExtension></extensions></trkpt><trkpt lat="55.3498002794" lon="54.9196042120"><ele>172.59</ele><time>2018-08-20T09:58:54Z</time><extensions><gpxtpx:TrackPointExtension><gpxtpx:depth>0.00</gpxtpx:depth></gpxtpx:TrackPointExtension></extensions></trkpt><trkpt lat="55.3492350876" lon="54.9209280498"><ele>173.01</ele><time>2018-08-20T09:59:16Z</time><extensions><gpxtpx:TrackPointExtension><gpxtpx:depth>0.00</gpxtpx:depth></gpxtpx:TrackPointExtension></extensions></trkpt><trkpt lat="55.3486642800" lon="54.9222679809"><ele>174.18</ele><time>2018-08-20T09:59:42Z</time><extensions><gpxtpx:TrackPointExtension><gpxtpx:depth>0.00</gpxtpx:depth></gpxtpx:TrackPointExtension></extensions></trkpt><trkpt lat="55.3481067158" lon="54.9235796649"><ele>174.83</ele><time>2018-08-20T10:00:08Z</time><extensions><gpxtpx:TrackPointExtension><gpxtpx:depth>0.00</gpxtpx:depth></gpxtpx:TrackPointExtension></extensions></trkpt><trkpt lat="55.3475856129" lon="54.9248715676"><ele>174.14</ele><time>2018-08-20T10:00:28Z</time><extensions><gpxtpx:TrackPointExtension><gpxtpx:depth>0.00</gpxtpx:depth></gpxtpx:TrackPointExtension></extensions></trkpt><trkpt lat="55.3470350057" lon="54.9261955731"><ele>173.36</ele><time>2018-08-20T10:00:48Z</time><extensions><gpxtpx:TrackPointExtension><gpxtpx:depth>0.00</gpxtpx:depth></gpxtpx:TrackPointExtension></extensions></trkpt><trkpt lat="55.3464904334" lon="54.9274907447"><ele>173.85</ele><time>2018-08-20T10:01:10Z</time><extensions><gpxtpx:TrackPointExtension><gpxtpx:depth>0.00</gpxtpx:depth></gpxtpx:TrackPointExtension></extensions></trkpt><trkpt lat="55.3459482081" lon="54.9287816416"><ele>174.61</ele><time>2018-08-20T10:01:31Z</time><extensions><gpxtpx:TrackPointExtension><gpxtpx:depth>0.00</gpxtpx:depth></gpxtpx:TrackPointExtension></extensions></trkpt><trkpt lat="55.3454061504" lon="54.9300802499"><ele>176.97</ele><time>2018-08-20T10:01:57Z</time><extensions><gpxtpx:TrackPointExtension><gpxtpx:depth>0.00</gpxtpx:depth></gpxtpx:TrackPointExtension></extensions></trkpt><trkpt lat="55.3448579740" lon="54.9313929398"><ele>178.86</ele><time>2018-08-20T10:02:29Z</time><extensions><gpxtpx:TrackPointExtension><gpxtpx:depth>0.00</gpxtpx:depth></gpxtpx:TrackPointExtension></extensions></trkpt><trkpt lat="55.3443225380" lon="54.9326862674"><ele>181.47</ele><time>2018-08-20T10:03:04Z</time><extensions><gpxtpx:TrackPointExtension><gpxtpx:depth>0.00</gpxtpx:depth></gpxtpx:TrackPointExtension></extensions></trkpt><trkpt lat="55.3437838331" lon="54.9339704588"><ele>183.48</ele><time>2018-08-20T10:03:45Z</time><extensions><gpxtpx:TrackPointExtension><gpxtpx:depth>0.00</gpxtpx:depth></gpxtpx:TrackPointExtension></extensions></trkpt><trkpt lat="55.3432312142" lon="54.9353022594"><ele>186.45</ele><time>2018-08-20T10:04:22Z</time><extensions><gpxtpx:TrackPointExtension><gpxtpx:depth>0.00</gpxtpx:depth></gpxtpx:TrackPointExtension></extensions></trkpt><trkpt lat="55.3426946886" lon="54.9365930725"><ele>190.03</ele><time>2018-08-20T10:04:59Z</time><extensions><gpxtpx:TrackPointExtension><gpxtpx:depth>0.00</gpxtpx:depth></gpxtpx:TrackPointExtension></extensions></trkpt><trkpt lat="55.3421463445" lon="54.9379075225"><ele>192.80</ele><time>2018-08-20T10:05:37Z</time><extensions><gpxtpx:TrackPointExtension><gpxtpx:depth>0.00</gpxtpx:depth></gpxtpx:TrackPointExtension></extensions></trkpt><trkpt lat="55.3415921330" lon="54.9392402451"><ele>194.87</ele><time>2018-08-20T10:06:12Z</time><extensions><gpxtpx:TrackPointExtension><gpxtpx:depth>0.00</gpxtpx:depth></gpxtpx:TrackPointExtension></extensions></trkpt><trkpt lat="55.3410474770" lon="54.9405448046"><ele>195.95</ele><time>2018-08-20T10:06:38Z</time><extensions><gpxtpx:TrackPointExtension><gpxtpx:depth>0.00</gpxtpx:depth></gpxtpx:TrackPointExtension></extensions></trkpt><trkpt lat="55.3404960316" lon="54.9418886751"><ele>196.27</ele><time>2018-08-20T10:07:02Z</time><extensions><gpxtpx:TrackPointExtension><gpxtpx:depth>0.00</gpxtpx:depth></gpxtpx:TrackPointExtension></extensions></trkpt><trkpt lat="55.3399554826" lon="54.9431711901"><ele>196.28</ele><time>2018-08-20T10:07:24Z</time><extensions><gpxtpx:TrackPointExtension><gpxtpx:depth>0.00</gpxtpx:depth></gpxtpx:TrackPointExtension></extensions></trkpt><trkpt lat="55.3394012712" lon="54.9445058405"><ele>196.72</ele><time>2018-08-20T10:07:46Z</time><extensions><gpxtpx:TrackPointExtension><gpxtpx:depth>0.00</gpxtpx:depth></gpxtpx:TrackPointExtension></extensions></trkpt><trkpt lat="55.3388579562" lon="54.9458098970"><ele>196.94</ele><time>2018-08-20T10:08:08Z</time><extensions><gpxtpx:TrackPointExtension><gpxtpx:depth>0.00</gpxtpx:depth></gpxtpx:TrackPointExtension></extensions></trkpt><trkpt lat="55.3383212630" lon="54.9470976926"><ele>197.18</ele><time>2018-08-20T10:08:29Z</time><extensions><gpxtpx:TrackPointExtension><gpxtpx:depth>0.00</gpxtpx:depth></gpxtpx:TrackPointExtension></extensions></trkpt><trkpt lat="55.3377826419" lon="54.9484153278"><ele>197.40</ele><time>2018-08-20T10:08:49Z</time><extensions><gpxtpx:TrackPointExtension><gpxtpx:depth>0.00</gpxtpx:depth></gpxtpx:TrackPointExtension></extensions></trkpt><trkpt lat="55.3372279275" lon="54.9497022014"><ele>196.77</ele><time>2018-08-20T10:09:10Z</time><extensions><gpxtpx:TrackPointExtension><gpxtpx:depth>0.00</gpxtpx:depth></gpxtpx:TrackPointExtension></extensions></trkpt><trkpt lat="55.3366185632" lon="54.9509456567"><ele>196.37</ele><time>2018-08-20T10:09:30Z</time><extensions><gpxtpx:TrackPointExtension><gpxtpx:depth>0.00</gpxtpx:depth></gpxtpx:TrackPointExtension></extensions></trkpt><trkpt lat="55.3359811194" lon="54.9521192908"><ele>195.80</ele><time>2018-08-20T10:09:48Z</time><extensions><gpxtpx:TrackPointExtension><gpxtpx:depth>0.00</gpxtpx:depth></gpxtpx:TrackPointExtension></extensions></trkpt><trkpt lat="55.3353243135" lon="54.9532781728"><ele>195.47</ele><time>2018-08-20T10:10:08Z</time><extensions><gpxtpx:TrackPointExtension><gpxtpx:depth>0.00</gpxtpx:depth></gpxtpx:TrackPointExtension></extensions></trkpt><trkpt lat="55.3346565273" lon="54.9544454366"><ele>194.61</ele><time>2018-08-20T10:10:23Z</time><extensions><gpxtpx:TrackPointExtension><gpxtpx:depth>0.00</gpxtpx:depth></gpxtpx:TrackPointExtension></extensions></trkpt><trkpt lat="55.3340216819" lon="54.9555755686"><ele>193.85</ele><time>2018-08-20T10:10:37Z</time><extensions><gpxtpx:TrackPointExtension><gpxtpx:depth>0.00</gpxtpx:depth></gpxtpx:TrackPointExtension></extensions></trkpt><trkpt lat="55.3333398979" lon="54.9567651283"><ele>192.78</ele><time>2018-08-20T10:10:51Z</time><extensions><gpxtpx:TrackPointExtension><gpxtpx:depth>0.00</gpxtpx:depth></gpxtpx:TrackPointExtension></extensions></trkpt><trkpt lat="55.3326826729" lon="54.9579004571"><ele>191.03</ele><time>2018-08-20T10:11:03Z</time><extensions><gpxtpx:TrackPointExtension><gpxtpx:depth>0.00</gpxtpx:depth></gpxtpx:TrackPointExtension></extensions></trkpt><trkpt lat="55.3320022300" lon="54.9591010809"><ele>189.18</ele><time>2018-08-20T10:11:15Z</time><extensions><gpxtpx:TrackPointExtension><gpxtpx:depth>0.00</gpxtpx:depth></gpxtpx:TrackPointExtension></extensions></trkpt><trkpt lat="55.3312968928" lon="54.9603258446"><ele>187.20</ele><time>2018-08-20T10:11:27Z</time><extensions><gpxtpx:TrackPointExtension><gpxtpx:depth>0.00</gpxtpx:depth></gpxtpx:TrackPointExtension></extensions></trkpt><trkpt lat="55.3306023683" lon="54.9615459982"><ele>184.70</ele><time>2018-08-20T10:11:39Z</time><extensions><gpxtpx:TrackPointExtension><gpxtpx:depth>0.00</gpxtpx:depth></gpxtpx:TrackPointExtension></extensions></trkpt><trkpt lat="55.3299444728" lon="54.9627011921"><ele>182.16</ele><time>2018-08-20T10:11:53Z</time><extensions><gpxtpx:TrackPointExtension><gpxtpx:depth>0.00</gpxtpx:depth></gpxtpx:TrackPointExtension></extensions></trkpt><trkpt lat="55.3292608447" lon="54.9638102017"><ele>179.21</ele><time>2018-08-20T10:12:11Z</time><extensions><gpxtpx:TrackPointExtension><gpxtpx:depth>0.00</gpxtpx:depth></gpxtpx:TrackPointExtension></extensions></trkpt><trkpt lat="55.3286000993" lon="54.9649583548"><ele>176.14</ele><time>2018-08-20T10:12:25Z</time><extensions><gpxtpx:TrackPointExtension><gpxtpx:depth>0.00</gpxtpx:depth></gpxtpx:TrackPointExtension></extensions></trkpt><trkpt lat="55.3280453850" lon="54.9659609981"><ele>171.75</ele><time>2018-08-20T10:28:56Z</time><extensions><gpxtpx:TrackPointExtension><gpxtpx:depth>0.00</gpxtpx:depth></gpxtpx:TrackPointExtension></extensions></trkpt><trkpt lat="55.3274071869" lon="54.9671026971"><ele>169.57</ele><time>2018-08-20T10:29:13Z</time><extensions><gpxtpx:TrackPointExtension><gpxtpx:depth>0.00</gpxtpx:depth></gpxtpx:TrackPointExtension></extensions></trkpt><trkpt lat="55.3267509677" lon="54.9682703800"><ele>167.42</ele><time>2018-08-20T10:29:26Z</time><extensions><gpxtpx:TrackPointExtension><gpxtpx:depth>0.00</gpxtpx:depth></gpxtpx:TrackPointExtension></extensions></trkpt><trkpt lat="55.3261045553" lon="54.9694026913"><ele>166.17</ele><time>2018-08-20T10:29:41Z</time><extensions><gpxtpx:TrackPointExtension><gpxtpx:depth>0.00</gpxtpx:depth></gpxtpx:TrackPointExtension></extensions></trkpt><trkpt lat="55.3254545387" lon="54.9705095217"><ele>167.95</ele><time>2018-08-20T10:30:09Z</time><extensions><gpxtpx:TrackPointExtension><gpxtpx:depth>0.00</gpxtpx:depth></gpxtpx:TrackPointExtension></extensions></trkpt><trkpt lat="55.3248091321" lon="54.9716474488"><ele>170.32</ele><time>2018-08-20T10:30:40Z</time><extensions><gpxtpx:TrackPointExtension><gpxtpx:depth>0.00</gpxtpx:depth></gpxtpx:TrackPointExtension></extensions></trkpt><trkpt lat="55.3241586965" lon="54.9727899022"><ele>171.46</ele><time>2018-08-20T10:31:12Z</time><extensions><gpxtpx:TrackPointExtension><gpxtpx:depth>0.00</gpxtpx:depth></gpxtpx:TrackPointExtension></extensions></trkpt><trkpt lat="55.3235090990" lon="54.9739197828"><ele>172.28</ele><time>2018-08-20T10:31:41Z</time><extensions><gpxtpx:TrackPointExtension><gpxtpx:depth>0.00</gpxtpx:depth></gpxtpx:TrackPointExtension></extensions></trkpt><trkpt lat="55.3228486888" lon="54.9750881363"><ele>173.62</ele><time>2018-08-20T10:32:10Z</time><extensions><gpxtpx:TrackPointExtension><gpxtpx:depth>0.00</gpxtpx:depth></gpxtpx:TrackPointExtension></extensions></trkpt><trkpt lat="55.3222036175" lon="54.9762165081"><ele>174.22</ele><time>2018-08-20T10:32:36Z</time><extensions><gpxtpx:TrackPointExtension><gpxtpx:depth>0.00</gpxtpx:depth></gpxtpx:TrackPointExtension></extensions></trkpt><trkpt lat="55.3215433750" lon="54.9773857836"><ele>172.87</ele><time>2018-08-20T10:32:56Z</time><extensions><gpxtpx:TrackPointExtension><gpxtpx:depth>0.00</gpxtpx:depth></gpxtpx:TrackPointExtension></extensions></trkpt><trkpt lat="55.3208856471" lon="54.9785427377"><ele>171.59</ele><time>2018-08-20T10:33:14Z</time><extensions><gpxtpx:TrackPointExtension><gpxtpx:depth>0.00</gpxtpx:depth></gpxtpx:TrackPointExtension></extensions></trkpt><trkpt lat="55.3202430066" lon="54.9796634819"><ele>172.75</ele><time>2018-08-20T10:33:39Z</time><extensions><gpxtpx:TrackPointExtension><gpxtpx:depth>0.00</gpxtpx:depth></gpxtpx:TrackPointExtension></extensions></trkpt><trkpt lat="55.3195742145" lon="54.9808337633"><ele>175.61</ele><time>2018-08-20T10:34:08Z</time><extensions><gpxtpx:TrackPointExtension><gpxtpx:depth>0.00</gpxtpx:depth></gpxtpx:TrackPointExtension></extensions></trkpt><trkpt lat="55.3189252876" lon="54.9819770548"><ele>177.56</ele><time>2018-08-20T10:34:38Z</time><extensions><gpxtpx:TrackPointExtension><gpxtpx:depth>0.00</gpxtpx:depth></gpxtpx:TrackPointExtension></extensions></trkpt><trkpt lat="55.3182808869" lon="54.9831119645"><ele>179.43</ele><time>2018-08-20T10:35:09Z</time><extensions><gpxtpx:TrackPointExtension><gpxtpx:depth>0.00</gpxtpx:depth></gpxtpx:TrackPointExtension></extensions></trkpt><trkpt lat="55.3176393360" lon="54.9842488021"><ele>181.85</ele><time>2018-08-20T10:35:43Z</time><extensions><gpxtpx:TrackPointExtension><gpxtpx:depth>0.00</gpxtpx:depth></gpxtpx:TrackPointExtension></extensions></trkpt><trkpt lat="55.3169925045" lon="54.9853943568"><ele>184.14</ele><time>2018-08-20T10:36:22Z</time><extensions><gpxtpx:TrackPointExtension><gpxtpx:depth>0.00</gpxtpx:depth></gpxtpx:TrackPointExtension></extensions></trkpt><trkpt lat="55.3163458407" lon="54.9865117483"><ele>186.88</ele><time>2018-08-20T10:37:04Z</time><extensions><gpxtpx:TrackPointExtension><gpxtpx:depth>0.00</gpxtpx:depth></gpxtpx:TrackPointExtension></extensions></trkpt><trkpt lat="55.3156958241" lon="54.9876642600"><ele>189.98</ele><time>2018-08-20T10:37:44Z</time><extensions><gpxtpx:TrackPointExtension><gpxtpx:depth>0.00</gpxtpx:depth></gpxtpx:TrackPointExtension></extensions></trkpt><trkpt lat="55.3150345758" lon="54.9888274167"><ele>193.83</ele><time>2018-08-20T10:38:24Z</time><extensions><gpxtpx:TrackPointExtension><gpxtpx:depth>0.00</gpxtpx:depth></gpxtpx:TrackPointExtension></extensions></trkpt><trkpt lat="55.3143799491" lon="54.9899552017"><ele>196.78</ele><time>2018-08-20T10:39:04Z</time><extensions><gpxtpx:TrackPointExtension><gpxtpx:depth>0.00</gpxtpx:depth></gpxtpx:TrackPointExtension></extensions></trkpt><trkpt lat="55.3137461096" lon="54.9910827354"><ele>199.26</ele><time>2018-08-20T10:39:41Z</time><extensions><gpxtpx:TrackPointExtension><gpxtpx:depth>0.00</gpxtpx:depth></gpxtpx:TrackPointExtension></extensions></trkpt><trkpt lat="55.3131036367" lon="54.9922177289"><ele>200.25</ele><time>2018-08-20T10:40:12Z</time><extensions><gpxtpx:TrackPointExtension><gpxtpx:depth>0.00</gpxtpx:depth></gpxtpx:TrackPointExtension></extensions></trkpt><trkpt lat="55.3124448191" lon="54.9933683127"><ele>200.38</ele><time>2018-08-20T10:40:41Z</time><extensions><gpxtpx:TrackPointExtension><gpxtpx:depth>0.00</gpxtpx:depth></gpxtpx:TrackPointExtension></extensions></trkpt><trkpt lat="55.3117770329" lon="54.9945260212"><ele>200.04</ele><time>2018-08-20T10:41:07Z</time><extensions><gpxtpx:TrackPointExtension><gpxtpx:depth>0.00</gpxtpx:depth></gpxtpx:TrackPointExtension></extensions></trkpt><trkpt lat="55.3111287765" lon="54.9956580810"><ele>199.42</ele><time>2018-08-20T10:41:30Z</time><extensions><gpxtpx:TrackPointExtension><gpxtpx:depth>0.00</gpxtpx:depth></gpxtpx:TrackPointExtension></extensions></trkpt><trkpt lat="55.3104811069" lon="54.9967899732"><ele>198.37</ele><time>2018-08-20T10:41:52Z</time><extensions><gpxtpx:TrackPointExtension><gpxtpx:depth>0.00</gpxtpx:depth></gpxtpx:TrackPointExtension></extensions></trkpt><trkpt lat="55.3098170087" lon="54.9979459215"><ele>197.31</ele><time>2018-08-20T10:42:12Z</time><extensions><gpxtpx:TrackPointExtension><gpxtpx:depth>0.00</gpxtpx:depth></gpxtpx:TrackPointExtension></extensions></trkpt><trkpt lat="55.3091337159" lon="54.9991438631"><ele>195.83</ele><time>2018-08-20T10:42:29Z</time><extensions><gpxtpx:TrackPointExtension><gpxtpx:depth>0.00</gpxtpx:depth></gpxtpx:TrackPointExtension></extensions></trkpt><trkpt lat="55.3084930032" lon="55.0002740789"><ele>193.87</ele><time>2018-08-20T10:42:43Z</time><extensions><gpxtpx:TrackPointExtension><gpxtpx:depth>0.00</gpxtpx:depth></gpxtpx:TrackPointExtension></extensions></trkpt><trkpt lat="55.3078157455" lon="55.0014643930"><ele>192.01</ele><time>2018-08-20T10:42:57Z</time><extensions><gpxtpx:TrackPointExtension><gpxtpx:depth>0.00</gpxtpx:depth></gpxtpx:TrackPointExtension></extensions></trkpt><trkpt lat="55.3071629629" lon="55.0026087742"><ele>190.60</ele><time>2018-08-20T10:43:10Z</time><extensions><gpxtpx:TrackPointExtension><gpxtpx:depth>0.00</gpxtpx:depth></gpxtpx:TrackPointExtension></extensions></trkpt><trkpt lat="55.3064963501" lon="55.0037768763"><ele>189.32</ele><time>2018-08-20T10:43:23Z</time><extensions><gpxtpx:TrackPointExtension><gpxtpx:depth>0.00</gpxtpx:depth></gpxtpx:TrackPointExtension></extensions></trkpt><trkpt lat="55.3058625944" lon="55.0048847124"><ele>187.69</ele><time>2018-08-20T10:43:36Z</time><extensions><gpxtpx:TrackPointExtension><gpxtpx:depth>0.00</gpxtpx:depth></gpxtpx:TrackPointExtension></extensions></trkpt><trkpt lat="55.3052088898" lon="55.0060321111"><ele>185.97</ele><time>2018-08-20T10:43:50Z</time><extensions><gpxtpx:TrackPointExtension><gpxtpx:depth>0.00</gpxtpx:depth></gpxtpx:TrackPointExtension></extensions></trkpt><trkpt lat="55.3045452107" lon="55.0071917474"><ele>184.14</ele><time>2018-08-20T10:44:05Z</time><extensions><gpxtpx:TrackPointExtension><gpxtpx:depth>0.00</gpxtpx:depth></gpxtpx:TrackPointExtension></extensions></trkpt><trkpt lat="55.3038528655" lon="55.0083533954"><ele>182.70</ele><time>2018-08-20T10:44:20Z</time><extensions><gpxtpx:TrackPointExtension><gpxtpx:depth>0.00</gpxtpx:depth></gpxtpx:TrackPointExtension></extensions></trkpt><trkpt lat="55.3031297587" lon="55.0094273686"><ele>180.66</ele><time>2018-08-20T10:44:35Z</time><extensions><gpxtpx:TrackPointExtension><gpxtpx:depth>0.00</gpxtpx:depth></gpxtpx:TrackPointExtension></extensions></trkpt><trkpt lat="55.3023761418" lon="55.0104569178"><ele>178.71</ele><time>2018-08-20T10:44:49Z</time><extensions><gpxtpx:TrackPointExtension><gpxtpx:depth>0.00</gpxtpx:depth></gpxtpx:TrackPointExtension></extensions></trkpt><trkpt lat="55.3016003966" lon="55.0114319846"><ele>176.32</ele><time>2018-08-20T10:45:02Z</time><extensions><gpxtpx:TrackPointExtension><gpxtpx:depth>0.00</gpxtpx:depth></gpxtpx:TrackPointExtension></extensions></trkpt><trkpt lat="55.3008276690" lon="55.0124089792"><ele>174.58</ele><time>2018-08-20T10:45:16Z</time><extensions><gpxtpx:TrackPointExtension><gpxtpx:depth>0.00</gpxtpx:depth></gpxtpx:TrackPointExtension></extensions></trkpt><trkpt lat="55.3000658378" lon="55.0133768376"><ele>173.83</ele><time>2018-08-20T10:45:31Z</time><extensions><gpxtpx:TrackPointExtension><gpxtpx:depth>0.00</gpxtpx:depth></gpxtpx:TrackPointExtension></extensions></trkpt><trkpt lat="55.2992988098" lon="55.0143072288"><ele>172.22</ele><time>2018-08-20T10:45:48Z</time><extensions><gpxtpx:TrackPointExtension><gpxtpx:depth>0.00</gpxtpx:depth></gpxtpx:TrackPointExtension></extensions></trkpt><trkpt lat="55.2985493839" lon="55.0152273104"><ele>171.44</ele><time>2018-08-20T10:46:08Z</time><extensions><gpxtpx:TrackPointExtension><gpxtpx:depth>0.00</gpxtpx:depth></gpxtpx:TrackPointExtension></extensions></trkpt><trkpt lat="55.2978039812" lon="55.0161679275"><ele>170.61</ele><time>2018-08-20T10:46:31Z</time><extensions><gpxtpx:TrackPointExtension><gpxtpx:depth>0.00</gpxtpx:depth></gpxtpx:TrackPointExtension></extensions></trkpt><trkpt lat="55.2970753424" lon="55.0171135738"><ele>169.74</ele><time>2018-08-20T10:46:55Z</time><extensions><gpxtpx:TrackPointExtension><gpxtpx:depth>0.00</gpxtpx:depth></gpxtpx:TrackPointExtension></extensions></trkpt><trkpt lat="55.2963308617" lon="55.0180911552"><ele>168.40</ele><time>2018-08-20T10:47:19Z</time><extensions><gpxtpx:TrackPointExtension><gpxtpx:depth>0.00</gpxtpx:depth></gpxtpx:TrackPointExtension></extensions></trkpt><trkpt lat="55.2955862973" lon="55.0190360472"><ele>167.79</ele><time>2018-08-20T10:47:43Z</time><extensions><gpxtpx:TrackPointExtension><gpxtpx:depth>0.00</gpxtpx:depth></gpxtpx:TrackPointExtension></extensions></trkpt><trkpt lat="55.2948567364" lon="55.0199593976"><ele>168.15</ele><time>2018-08-20T10:48:07Z</time><extensions><gpxtpx:TrackPointExtension><gpxtpx:depth>0.00</gpxtpx:depth></gpxtpx:TrackPointExtension></extensions></trkpt><trkpt lat="55.2941235714" lon="55.0208859332"><ele>170.33</ele><time>2018-08-20T10:48:41Z</time><extensions><gpxtpx:TrackPointExtension><gpxtpx:depth>0.00</gpxtpx:depth></gpxtpx:TrackPointExtension></extensions></trkpt><trkpt lat="55.2933707088" lon="55.0218416378"><ele>173.76</ele><time>2018-08-20T10:49:21Z</time><extensions><gpxtpx:TrackPointExtension><gpxtpx:depth>0.00</gpxtpx:depth></gpxtpx:TrackPointExtension></extensions></trkpt><trkpt lat="55.2926384658" lon="55.0228035450"><ele>177.18</ele><time>2018-08-20T10:50:04Z</time><extensions><gpxtpx:TrackPointExtension><gpxtpx:depth>0.00</gpxtpx:depth></gpxtpx:TrackPointExtension></extensions></trkpt><trkpt lat="55.2918846812" lon="55.0237598363"><ele>179.53</ele><time>2018-08-20T10:50:50Z</time><extensions><gpxtpx:TrackPointExtension><gpxtpx:depth>0.00</gpxtpx:depth></gpxtpx:TrackPointExtension></extensions></trkpt><trkpt lat="55.2911370154" lon="55.0247038901"><ele>181.73</ele><time>2018-08-20T10:51:28Z</time><extensions><gpxtpx:TrackPointExtension><gpxtpx:depth>0.00</gpxtpx:depth></gpxtpx:TrackPointExtension></extensions></trkpt><trkpt lat="55.2904044371" lon="55.0256421603"><ele>183.00</ele><time>2018-08-20T10:52:07Z</time><extensions><gpxtpx:TrackPointExtension><gpxtpx:depth>0.00</gpxtpx:depth></gpxtpx:TrackPointExtension></extensions></trkpt><trkpt lat="55.2897653170" lon="55.0263866410"><ele>185.65</ele><time>2018-08-20T10:55:49Z</time><extensions><gpxtpx:TrackPointExtension><gpxtpx:depth>0.00</gpxtpx:depth></gpxtpx:TrackPointExtension></extensions></trkpt><trkpt lat="55.2890412044" lon="55.0273713470"><ele>186.98</ele><time>2018-08-20T10:56:32Z</time><extensions><gpxtpx:TrackPointExtension><gpxtpx:depth>0.00</gpxtpx:depth></gpxtpx:TrackPointExtension></extensions></trkpt><trkpt lat="55.2883005794" lon="55.0283294823"><ele>188.45</ele><time>2018-08-20T10:57:10Z</time><extensions><gpxtpx:TrackPointExtension><gpxtpx:depth>0.00</gpxtpx:depth></gpxtpx:TrackPointExtension></extensions></trkpt><trkpt lat="55.2875479683" lon="55.0292784814"><ele>190.85</ele><time>2018-08-20T10:57:50Z</time><extensions><gpxtpx:TrackPointExtension><gpxtpx:depth>0.00</gpxtpx:depth></gpxtpx:TrackPointExtension></extensions></trkpt><trkpt lat="55.2867889032" lon="55.0302523747"><ele>193.34</ele><time>2018-08-20T10:58:30Z</time><extensions><gpxtpx:TrackPointExtension><gpxtpx:depth>0.00</gpxtpx:depth></gpxtpx:TrackPointExtension></extensions></trkpt><trkpt lat="55.2860500384" lon="55.0311897229"><ele>195.29</ele><time>2018-08-20T10:59:07Z</time><extensions><gpxtpx:TrackPointExtension><gpxtpx:depth>0.00</gpxtpx:depth></gpxtpx:TrackPointExtension></extensions></trkpt><trkpt lat="55.2852922305" lon="55.0321643706"><ele>196.00</ele><time>2018-08-20T10:59:37Z</time><extensions><gpxtpx:TrackPointExtension><gpxtpx:depth>0.00</gpxtpx:depth></gpxtpx:TrackPointExtension></extensions></trkpt><trkpt lat="55.2845397871" lon="55.0330979470"><ele>195.67</ele><time>2018-08-20T11:00:04Z</time><extensions><gpxtpx:TrackPointExtension><gpxtpx:depth>0.00</gpxtpx:depth></gpxtpx:TrackPointExtension></extensions></trkpt><trkpt lat="55.2838069573" lon="55.0340296794"><ele>195.42</ele><time>2018-08-20T11:00:29Z</time><extensions><gpxtpx:TrackPointExtension><gpxtpx:depth>0.00</gpxtpx:depth></gpxtpx:TrackPointExtension></extensions></trkpt><trkpt lat="55.2830642369" lon="55.0349701289"><ele>194.25</ele><time>2018-08-20T11:00:50Z</time><extensions><gpxtpx:TrackPointExtension><gpxtpx:depth>0.00</gpxtpx:depth></gpxtpx:TrackPointExtension></extensions></trkpt><trkpt lat="55.2823087759" lon="55.0359210558"><ele>192.81</ele><time>2018-08-20T11:01:07Z</time><extensions><gpxtpx:TrackPointExtension><gpxtpx:depth>0.00</gpxtpx:depth></gpxtpx:TrackPointExtension></extensions></trkpt><trkpt lat="55.2815372217" lon="55.0368998107"><ele>190.71</ele><time>2018-08-20T11:01:23Z</time><extensions><gpxtpx:TrackPointExtension><gpxtpx:depth>0.00</gpxtpx:depth></gpxtpx:TrackPointExtension></extensions></trkpt><trkpt lat="55.2807951719" lon="55.0378472172"><ele>188.55</ele><time>2018-08-20T11:01:39Z</time><extensions><gpxtpx:TrackPointExtension><gpxtpx:depth>0.00</gpxtpx:depth></gpxtpx:TrackPointExtension></extensions></trkpt><trkpt lat="55.2800557204" lon="55.0387721602"><ele>189.82</ele><time>2018-08-20T11:02:07Z</time><extensions><gpxtpx:TrackPointExtension><gpxtpx:depth>0.00</gpxtpx:depth></gpxtpx:TrackPointExtension></extensions></trkpt><trkpt lat="55.2793425042" lon="55.0396963488"><ele>191.16</ele><time>2018-08-20T11:02:41Z</time><extensions><gpxtpx:TrackPointExtension><gpxtpx:depth>0.00</gpxtpx:depth></gpxtpx:TrackPointExtension></extensions></trkpt><trkpt lat="55.2786061540" lon="55.0406333618"><ele>191.66</ele><time>2018-08-20T11:03:13Z</time><extensions><gpxtpx:TrackPointExtension><gpxtpx:depth>0.00</gpxtpx:depth></gpxtpx:TrackPointExtension></extensions></trkpt><trkpt lat="55.2778663673" lon="55.0415723026"><ele>191.75</ele><time>2018-08-20T11:03:43Z</time><extensions><gpxtpx:TrackPointExtension><gpxtpx:depth>0.00</gpxtpx:depth></gpxtpx:TrackPointExtension></extensions></trkpt><trkpt lat="55.2771243174" lon="55.0425054599"><ele>191.68</ele><time>2018-08-20T11:04:10Z</time><extensions><gpxtpx:TrackPointExtension><gpxtpx:depth>0.00</gpxtpx:depth></gpxtpx:TrackPointExtension></extensions></trkpt><trkpt lat="55.2763810940" lon="55.0434319954"><ele>191.49</ele><time>2018-08-20T11:04:37Z</time><extensions><gpxtpx:TrackPointExtension><gpxtpx:depth>0.00</gpxtpx:depth></gpxtpx:TrackPointExtension></extensions></trkpt><trkpt lat="55.2756309137" lon="55.0443883706"><ele>190.70</ele><time>2018-08-20T11:05:02Z</time><extensions><gpxtpx:TrackPointExtension><gpxtpx:depth>0.00</gpxtpx:depth></gpxtpx:TrackPointExtension></extensions></trkpt><trkpt lat="55.2748833317" lon="55.0453422312"><ele>190.69</ele><time>2018-08-20T11:05:29Z</time><extensions><gpxtpx:TrackPointExtension><gpxtpx:depth>0.00</gpxtpx:depth></gpxtpx:TrackPointExtension></extensions></trkpt><trkpt lat="55.2741367556" lon="55.0462848600"><ele>192.87</ele><time>2018-08-20T11:05:59Z</time><extensions><gpxtpx:TrackPointExtension><gpxtpx:depth>0.00</gpxtpx:depth></gpxtpx:TrackPointExtension></extensions></trkpt><trkpt lat="55.2733873297" lon="55.0472327694"><ele>195.17</ele><time>2018-08-20T11:06:31Z</time><extensions><gpxtpx:TrackPointExtension><gpxtpx:depth>0.00</gpxtpx:depth></gpxtpx:TrackPointExtension></extensions></trkpt><trkpt lat="55.2726627141" lon="55.0481729675"><ele>197.55</ele><time>2018-08-20T11:07:05Z</time><extensions><gpxtpx:TrackPointExtension><gpxtpx:depth>0.00</gpxtpx:depth></gpxtpx:TrackPointExtension></extensions></trkpt><trkpt lat="55.2719158027" lon="55.0490973238"><ele>198.52</ele><time>2018-08-20T11:07:37Z</time><extensions><gpxtpx:TrackPointExtension><gpxtpx:depth>0.00</gpxtpx:depth></gpxtpx:TrackPointExtension></extensions></trkpt><trkpt lat="55.2712015808" lon="55.0500141364"><ele>199.80</ele><time>2018-08-20T11:08:09Z</time><extensions><gpxtpx:TrackPointExtension><gpxtpx:depth>0.00</gpxtpx:depth></gpxtpx:TrackPointExtension></extensions></trkpt><trkpt lat="55.2704648953" lon="55.0509472098"><ele>200.93</ele><time>2018-08-20T11:08:40Z</time><extensions><gpxtpx:TrackPointExtension><gpxtpx:depth>0.00</gpxtpx:depth></gpxtpx:TrackPointExtension></extensions></trkpt><trkpt lat="55.2697153017" lon="55.0518759247"><ele>200.99</ele><time>2018-08-20T11:09:11Z</time><extensions><gpxtpx:TrackPointExtension><gpxtpx:depth>0.00</gpxtpx:depth></gpxtpx:TrackPointExtension></extensions></trkpt><trkpt lat="55.2689880878" lon="55.0528187212"><ele>201.52</ele><time>2018-08-20T11:09:42Z</time><extensions><gpxtpx:TrackPointExtension><gpxtpx:depth>0.00</gpxtpx:depth></gpxtpx:TrackPointExtension></extensions></trkpt><trkpt lat="55.2682549227" lon="55.0537529681"><ele>201.98</ele><time>2018-08-20T11:10:13Z</time><extensions><gpxtpx:TrackPointExtension><gpxtpx:depth>0.00</gpxtpx:depth></gpxtpx:TrackPointExtension></extensions></trkpt><trkpt lat="55.2675198298" lon="55.0546881370"><ele>202.16</ele><time>2018-08-20T11:10:43Z</time><extensions><gpxtpx:TrackPointExtension><gpxtpx:depth>0.00</gpxtpx:depth></gpxtpx:TrackPointExtension></extensions></trkpt><trkpt lat="55.2667230461" lon="55.0555679854"><ele>202.78</ele><time>2018-08-20T11:11:13Z</time><extensions><gpxtpx:TrackPointExtension><gpxtpx:depth>0.00</gpxtpx:depth></gpxtpx:TrackPointExtension></extensions></trkpt><trkpt lat="55.2659265976" lon="55.0563259609"><ele>202.83</ele><time>2018-08-20T11:11:39Z</time><extensions><gpxtpx:TrackPointExtension><gpxtpx:depth>0.00</gpxtpx:depth></gpxtpx:TrackPointExtension></extensions></trkpt><trkpt lat="55.2650943585" lon="55.0570768956"><ele>202.23</ele><time>2018-08-20T11:12:02Z</time><extensions><gpxtpx:TrackPointExtension><gpxtpx:depth>0.00</gpxtpx:depth></gpxtpx:TrackPointExtension></extensions></trkpt><trkpt lat="55.2642694116" lon="55.0577954762"><ele>201.18</ele><time>2018-08-20T11:12:23Z</time><extensions><gpxtpx:TrackPointExtension><gpxtpx:depth>0.00</gpxtpx:depth></gpxtpx:TrackPointExtension></extensions></trkpt><trkpt lat="55.2634261921" lon="55.0585086923"><ele>200.37</ele><time>2018-08-20T11:12:46Z</time><extensions><gpxtpx:TrackPointExtension><gpxtpx:depth>0.00</gpxtpx:depth></gpxtpx:TrackPointExtension></extensions></trkpt><trkpt lat="55.2625797037" lon="55.0592047255"><ele>199.30</ele><time>2018-08-20T11:13:06Z</time><extensions><gpxtpx:TrackPointExtension><gpxtpx:depth>0.00</gpxtpx:depth></gpxtpx:TrackPointExtension></extensions></trkpt><trkpt lat="55.2617544215" lon="55.0598790497"><ele>197.61</ele><time>2018-08-20T11:13:23Z</time><extensions><gpxtpx:TrackPointExtension><gpxtpx:depth>0.00</gpxtpx:depth></gpxtpx:TrackPointExtension></extensions></trkpt><trkpt lat="55.2609359287" lon="55.0605584867"><ele>196.30</ele><time>2018-08-20T11:13:41Z</time><extensions><gpxtpx:TrackPointExtension><gpxtpx:depth>0.00</gpxtpx:depth></gpxtpx:TrackPointExtension></extensions></trkpt><trkpt lat="55.2601088025" lon="55.0612355769"><ele>195.26</ele><time>2018-08-20T11:13:59Z</time><extensions><gpxtpx:TrackPointExtension><gpxtpx:depth>0.00</gpxtpx:depth></gpxtpx:TrackPointExtension></extensions></trkpt><trkpt lat="55.2592445444" lon="55.0619542412"><ele>193.11</ele><time>2018-08-20T11:14:16Z</time><extensions><gpxtpx:TrackPointExtension><gpxtpx:depth>0.00</gpxtpx:depth></gpxtpx:TrackPointExtension></extensions></trkpt><trkpt lat="55.2584241237" lon="55.0626469217"><ele>190.12</ele><time>2018-08-20T11:14:29Z</time><extensions><gpxtpx:TrackPointExtension><gpxtpx:depth>0.00</gpxtpx:depth></gpxtpx:TrackPointExtension></extensions></trkpt><trkpt lat="55.2575997636" lon="55.0633334834"><ele>187.53</ele><time>2018-08-20T11:14:42Z</time><extensions><gpxtpx:TrackPointExtension><gpxtpx:depth>0.00</gpxtpx:depth></gpxtpx:TrackPointExtension></extensions></trkpt><trkpt lat="55.2567670215" lon="55.0640285946"><ele>186.82</ele><time>2018-08-20T11:15:05Z</time><extensions><gpxtpx:TrackPointExtension><gpxtpx:depth>0.00</gpxtpx:depth></gpxtpx:TrackPointExtension></extensions></trkpt><trkpt lat="55.2559298370" lon="55.0647208560"><ele>188.18</ele><time>2018-08-20T11:15:37Z</time><extensions><gpxtpx:TrackPointExtension><gpxtpx:depth>0.00</gpxtpx:depth></gpxtpx:TrackPointExtension></extensions></trkpt><trkpt lat="55.2551086619" lon="55.0654012989"><ele>189.45</ele><time>2018-08-20T11:16:07Z</time><extensions><gpxtpx:TrackPointExtension><gpxtpx:depth>0.00</gpxtpx:depth></gpxtpx:TrackPointExtension></extensions></trkpt><trkpt lat="55.2542698011" lon="55.0660914648"><ele>190.65</ele><time>2018-08-20T11:16:43Z</time><extensions><gpxtpx:TrackPointExtension><gpxtpx:depth>0.00</gpxtpx:depth></gpxtpx:TrackPointExtension></extensions></trkpt><trkpt lat="55.2534393221" lon="55.0667672139"><ele>193.78</ele><time>2018-08-20T11:17:24Z</time><extensions><gpxtpx:TrackPointExtension><gpxtpx:depth>0.00</gpxtpx:depth></gpxtpx:TrackPointExtension></extensions></trkpt><trkpt lat="55.2526160516" lon="55.0674100220"><ele>197.82</ele><time>2018-08-20T11:18:08Z</time><extensions><gpxtpx:TrackPointExtension><gpxtpx:depth>0.00</gpxtpx:depth></gpxtpx:TrackPointExtension></extensions></trkpt><trkpt lat="55.2518028393" lon="55.0681176223"><ele>200.45</ele><time>2018-08-20T11:18:56Z</time><extensions><gpxtpx:TrackPointExtension><gpxtpx:depth>0.00</gpxtpx:depth></gpxtpx:TrackPointExtension></extensions></trkpt><trkpt lat="55.2509814128" lon="55.0687608495"><ele>202.33</ele><time>2018-08-20T11:19:42Z</time><extensions><gpxtpx:TrackPointExtension><gpxtpx:depth>0.00</gpxtpx:depth></gpxtpx:TrackPointExtension></extensions></trkpt><trkpt lat="55.2501894068" lon="55.0692888256"><ele>202.73</ele><time>2018-08-20T11:21:58Z</time><extensions><gpxtpx:TrackPointExtension><gpxtpx:depth>0.00</gpxtpx:depth></gpxtpx:TrackPointExtension></extensions></trkpt><trkpt lat="55.2500919253" lon="55.0688188523"><ele>203.19</ele><time>2018-08-20T11:30:51Z</time><extensions><gpxtpx:TrackPointExtension><gpxtpx:depth>0.00</gpxtpx:depth></gpxtpx:TrackPointExtension></extensions></trkpt><trkpt lat="55.2495684754" lon="55.0699218269"><ele>203.58</ele><time>2018-08-20T11:35:09Z</time><extensions><gpxtpx:TrackPointExtension><gpxtpx:depth>0.00</gpxtpx:depth></gpxtpx:TrackPointExtension></extensions></trkpt><trkpt lat="55.2487233281" lon="55.0706064608"><ele>203.80</ele><time>2018-08-20T11:35:38Z</time><extensions><gpxtpx:TrackPointExtension><gpxtpx:depth>0.00</gpxtpx:depth></gpxtpx:TrackPointExtension></extensions></trkpt><trkpt lat="55.2478739060" lon="55.0713132229"><ele>204.30</ele><time>2018-08-20T11:36:04Z</time><extensions><gpxtpx:TrackPointExtension><gpxtpx:depth>0.00</gpxtpx:depth></gpxtpx:TrackPointExtension></extensions></trkpt><trkpt lat="55.2470580954" lon="55.0719747227"><ele>204.89</ele><time>2018-08-20T11:36:26Z</time><extensions><gpxtpx:TrackPointExtension><gpxtpx:depth>0.00</gpxtpx:depth></gpxtpx:TrackPointExtension></extensions></trkpt><trkpt lat="55.2462242637" lon="55.0726449396"><ele>205.57</ele><time>2018-08-20T11:36:48Z</time><extensions><gpxtpx:TrackPointExtension><gpxtpx:depth>0.00</gpxtpx:depth></gpxtpx:TrackPointExtension></extensions></trkpt><trkpt lat="55.2454019990" lon="55.0733206049"><ele>206.59</ele><time>2018-08-20T11:37:10Z</time><extensions><gpxtpx:TrackPointExtension><gpxtpx:depth>0.00</gpxtpx:depth></gpxtpx:TrackPointExtension></extensions></trkpt><trkpt lat="55.2445624676" lon="55.0740003772"><ele>207.16</ele><time>2018-08-20T11:37:34Z</time><extensions><gpxtpx:TrackPointExtension><gpxtpx:depth>0.00</gpxtpx:depth></gpxtpx:TrackPointExtension></extensions></trkpt><trkpt lat="55.2437323239" lon="55.0746788923"><ele>206.54</ele><time>2018-08-20T11:37:58Z</time><extensions><gpxtpx:TrackPointExtension><gpxtpx:depth>0.00</gpxtpx:depth></gpxtpx:TrackPointExtension></extensions></trkpt><trkpt lat="55.2428939659" lon="55.0753338542"><ele>206.50</ele><time>2018-08-20T11:38:21Z</time><extensions><gpxtpx:TrackPointExtension><gpxtpx:depth>0.00</gpxtpx:depth></gpxtpx:TrackPointExtension></extensions></trkpt><trkpt lat="55.2420691028" lon="55.0759856310"><ele>207.36</ele><time>2018-08-20T11:38:44Z</time><extensions><gpxtpx:TrackPointExtension><gpxtpx:depth>0.00</gpxtpx:depth></gpxtpx:TrackPointExtension></extensions></trkpt><trkpt lat="55.2412258834" lon="55.0766324624"><ele>208.15</ele><time>2018-08-20T11:39:11Z</time><extensions><gpxtpx:TrackPointExtension><gpxtpx:depth>0.00</gpxtpx:depth></gpxtpx:TrackPointExtension></extensions></trkpt><trkpt lat="55.2403889503" lon="55.0773527194"><ele>208.58</ele><time>2018-08-20T11:39:39Z</time><extensions><gpxtpx:TrackPointExtension><gpxtpx:depth>0.00</gpxtpx:depth></gpxtpx:TrackPointExtension></extensions></trkpt><trkpt lat="55.2395089343" lon="55.0779981259"><ele>209.37</ele><time>2018-08-20T11:40:05Z</time><extensions><gpxtpx:TrackPointExtension><gpxtpx:depth>0.00</gpxtpx:depth></gpxtpx:TrackPointExtension></extensions></trkpt><trkpt lat="55.2386560757" lon="55.0786727853"><ele>209.96</ele><time>2018-08-20T11:40:32Z</time><extensions><gpxtpx:TrackPointExtension><gpxtpx:depth>0.00</gpxtpx:depth></gpxtpx:TrackPointExtension></extensions></trkpt><trkpt lat="55.2378250100" lon="55.0793273281"><ele>210.79</ele><time>2018-08-20T11:41:00Z</time><extensions><gpxtpx:TrackPointExtension><gpxtpx:depth>0.00</gpxtpx:depth></gpxtpx:TrackPointExtension></extensions></trkpt><trkpt lat="55.2370057628" lon="55.0799451582"><ele>212.47</ele><time>2018-08-20T11:41:30Z</time><extensions><gpxtpx:TrackPointExtension><gpxtpx:depth>0.00</gpxtpx:depth></gpxtpx:TrackPointExtension></extensions></trkpt><trkpt lat="55.2361617051" lon="55.0806276966"><ele>214.05</ele><time>2018-08-20T11:42:00Z</time><extensions><gpxtpx:TrackPointExtension><gpxtpx:depth>0.00</gpxtpx:depth></gpxtpx:TrackPointExtension></extensions></trkpt><trkpt lat="55.2353391889" lon="55.0812715106"><ele>215.41</ele><time>2018-08-20T11:42:30Z</time><extensions><gpxtpx:TrackPointExtension><gpxtpx:depth>0.00</gpxtpx:depth></gpxtpx:TrackPointExtension></extensions></trkpt><trkpt lat="55.2344774455" lon="55.0819503609"><ele>216.91</ele><time>2018-08-20T11:43:00Z</time><extensions><gpxtpx:TrackPointExtension><gpxtpx:depth>0.00</gpxtpx:depth></gpxtpx:TrackPointExtension></extensions></trkpt><trkpt lat="55.2336319629" lon="55.0826035626"><ele>218.60</ele><time>2018-08-20T11:43:30Z</time><extensions><gpxtpx:TrackPointExtension><gpxtpx:depth>0.00</gpxtpx:depth></gpxtpx:TrackPointExtension></extensions></trkpt><trkpt lat="55.2327734884" lon="55.0833040383"><ele>219.61</ele><time>2018-08-20T11:43:58Z</time><extensions><gpxtpx:TrackPointExtension><gpxtpx:depth>0.00</gpxtpx:depth></gpxtpx:TrackPointExtension></extensions></trkpt><trkpt lat="55.2319608629" lon="55.0838750973"><ele>220.01</ele><time>2018-08-20T11:44:25Z</time><extensions><gpxtpx:TrackPointExtension><gpxtpx:depth>0.00</gpxtpx:depth></gpxtpx:TrackPointExtension></extensions></trkpt><trkpt lat="55.2311126143" lon="55.0845389441"><ele>219.97</ele><time>2018-08-20T11:44:50Z</time><extensions><gpxtpx:TrackPointExtension><gpxtpx:depth>0.00</gpxtpx:depth></gpxtpx:TrackPointExtension></extensions></trkpt><trkpt lat="55.2302650362" lon="55.0852045510"><ele>220.02</ele><time>2018-08-20T11:45:15Z</time><extensions><gpxtpx:TrackPointExtension><gpxtpx:depth>0.00</gpxtpx:depth></gpxtpx:TrackPointExtension></extensions></trkpt><trkpt lat="55.2294268459" lon="55.0858592615"><ele>219.85</ele><time>2018-08-20T11:45:39Z</time><extensions><gpxtpx:TrackPointExtension><gpxtpx:depth>0.00</gpxtpx:depth></gpxtpx:TrackPointExtension></extensions></trkpt><trkpt lat="55.2285689581" lon="55.0865251198"><ele>219.56</ele><time>2018-08-20T11:46:04Z</time><extensions><gpxtpx:TrackPointExtension><gpxtpx:depth>0.00</gpxtpx:depth></gpxtpx:TrackPointExtension></extensions></trkpt><trkpt lat="55.2277441788" lon="55.0871584564"><ele>218.57</ele><time>2018-08-20T11:46:27Z</time><extensions><gpxtpx:TrackPointExtension><gpxtpx:depth>0.00</gpxtpx:depth></gpxtpx:TrackPointExtension></extensions></trkpt><trkpt lat="55.2268859558" lon="55.0878218003"><ele>217.39</ele><time>2018-08-20T11:46:51Z</time><extensions><gpxtpx:TrackPointExtension><gpxtpx:depth>0.00</gpxtpx:depth></gpxtpx:TrackPointExtension></extensions></trkpt><trkpt lat="55.2261170000" lon="55.0886862259"><ele>215.31</ele><time>2018-08-20T11:47:13Z</time><extensions><gpxtpx:TrackPointExtension><gpxtpx:depth>0.00</gpxtpx:depth></gpxtpx:TrackPointExtension></extensions></trkpt><trkpt lat="55.2262406331" lon="55.0890155509"><ele>214.12</ele><time>2018-08-20T12:01:30Z</time><extensions><gpxtpx:TrackPointExtension><gpxtpx:depth>0.00</gpxtpx:depth></gpxtpx:TrackPointExtension></extensions></trkpt><trkpt lat="55.2260518726" lon="55.0889628287"><ele>214.35</ele><time>2018-08-20T12:17:26Z</time><extensions><gpxtpx:TrackPointExtension><gpxtpx:depth>0.00</gpxtpx:depth></gpxtpx:TrackPointExtension></extensions></trkpt><trkpt lat="55.2251852676" lon="55.0891229231"><ele>213.83</ele><time>2018-08-20T12:17:56Z</time><extensions><gpxtpx:TrackPointExtension><gpxtpx:depth>0.00</gpxtpx:depth></gpxtpx:TrackPointExtension></extensions></trkpt><trkpt lat="55.2243375219" lon="55.0897458661"><ele>212.45</ele><time>2018-08-20T12:18:21Z</time><extensions><gpxtpx:TrackPointExtension><gpxtpx:depth>0.00</gpxtpx:depth></gpxtpx:TrackPointExtension></extensions></trkpt><trkpt lat="55.2235010918" lon="55.0904292427"><ele>210.78</ele><time>2018-08-20T12:18:51Z</time><extensions><gpxtpx:TrackPointExtension><gpxtpx:depth>0.00</gpxtpx:depth></gpxtpx:TrackPointExtension></extensions></trkpt><trkpt lat="55.2226587106" lon="55.0910866354"><ele>209.11</ele><time>2018-08-20T12:19:18Z</time><extensions><gpxtpx:TrackPointExtension><gpxtpx:depth>0.00</gpxtpx:depth></gpxtpx:TrackPointExtension></extensions></trkpt><trkpt lat="55.2218060195" lon="55.0917621329"><ele>207.43</ele><time>2018-08-20T12:19:38Z</time><extensions><gpxtpx:TrackPointExtension><gpxtpx:depth>0.00</gpxtpx:depth></gpxtpx:TrackPointExtension></extensions></trkpt><trkpt lat="55.2209590282" lon="55.0924387202"><ele>205.53</ele><time>2018-08-20T12:19:54Z</time><extensions><gpxtpx:TrackPointExtension><gpxtpx:depth>0.00</gpxtpx:depth></gpxtpx:TrackPointExtension></extensions></trkpt><trkpt lat="55.2201383561" lon="55.0930809416"><ele>204.47</ele><time>2018-08-20T12:20:10Z</time><extensions><gpxtpx:TrackPointExtension><gpxtpx:depth>0.00</gpxtpx:depth></gpxtpx:TrackPointExtension></extensions></trkpt><trkpt lat="55.2193302568" lon="55.0936849415"><ele>203.78</ele><time>2018-08-20T12:20:32Z</time><extensions><gpxtpx:TrackPointExtension><gpxtpx:depth>0.00</gpxtpx:depth></gpxtpx:TrackPointExtension></extensions></trkpt><trkpt lat="55.2185310423" lon="55.0943234749"><ele>203.43</ele><time>2018-08-20T12:22:01Z</time><extensions><gpxtpx:TrackPointExtension><gpxtpx:depth>0.00</gpxtpx:depth></gpxtpx:TrackPointExtension></extensions></trkpt><trkpt lat="55.2177143935" lon="55.0949781016"><ele>203.11</ele><time>2018-08-20T12:22:28Z</time><extensions><gpxtpx:TrackPointExtension><gpxtpx:depth>0.00</gpxtpx:depth></gpxtpx:TrackPointExtension></extensions></trkpt><trkpt lat="55.2168777119" lon="55.0956507493"><ele>202.46</ele><time>2018-08-20T12:22:55Z</time><extensions><gpxtpx:TrackPointExtension><gpxtpx:depth>0.00</gpxtpx:depth></gpxtpx:TrackPointExtension></extensions></trkpt><trkpt lat="55.2160449699" lon="55.0963172782"><ele>201.72</ele><time>2018-08-20T12:23:19Z</time><extensions><gpxtpx:TrackPointExtension><gpxtpx:depth>0.00</gpxtpx:depth></gpxtpx:TrackPointExtension></extensions></trkpt><trkpt lat="55.2152268123" lon="55.0969740842"><ele>201.00</ele><time>2018-08-20T12:23:42Z</time><extensions><gpxtpx:TrackPointExtension><gpxtpx:depth>0.00</gpxtpx:depth></gpxtpx:TrackPointExtension></extensions></trkpt><trkpt lat="55.2143820003" lon="55.0976387691"><ele>200.97</ele><time>2018-08-20T12:24:06Z</time><extensions><gpxtpx:TrackPointExtension><gpxtpx:depth>0.00</gpxtpx:depth></gpxtpx:TrackPointExtension></extensions></trkpt><trkpt lat="55.2135496773" lon="55.0983089022"><ele>200.26</ele><time>2018-08-20T12:24:28Z</time><extensions><gpxtpx:TrackPointExtension><gpxtpx:depth>0.00</gpxtpx:depth></gpxtpx:TrackPointExtension></extensions></trkpt><trkpt lat="55.2127020992" lon="55.0989807956"><ele>199.33</ele><time>2018-08-20T12:24:48Z</time><extensions><gpxtpx:TrackPointExtension><gpxtpx:depth>0.00</gpxtpx:depth></gpxtpx:TrackPointExtension></extensions></trkpt><trkpt lat="55.2118694410" lon="55.0996214245"><ele>198.17</ele><time>2018-08-20T12:25:06Z</time><extensions><gpxtpx:TrackPointExtension><gpxtpx:depth>0.00</gpxtpx:depth></gpxtpx:TrackPointExtension></extensions></trkpt><trkpt lat="55.2110050153" lon="55.1003156975"><ele>196.80</ele><time>2018-08-20T12:25:21Z</time><extensions><gpxtpx:TrackPointExtension><gpxtpx:depth>0.00</gpxtpx:depth></gpxtpx:TrackPointExtension></extensions></trkpt><trkpt lat="55.2101420145" lon="55.1010003313"><ele>195.60</ele><time>2018-08-20T12:25:35Z</time><extensions><gpxtpx:TrackPointExtension><gpxtpx:depth>0.00</gpxtpx:depth></gpxtpx:TrackPointExtension></extensions></trkpt><trkpt lat="55.2092745714" lon="55.1016858872"><ele>194.12</ele><time>2018-08-20T12:25:49Z</time><extensions><gpxtpx:TrackPointExtension><gpxtpx:depth>0.00</gpxtpx:depth></gpxtpx:TrackPointExtension></extensions></trkpt><trkpt lat="55.2084196173" lon="55.1023753826"><ele>192.68</ele><time>2018-08-20T12:26:04Z</time><extensions><gpxtpx:TrackPointExtension><gpxtpx:depth>0.00</gpxtpx:depth></gpxtpx:TrackPointExtension></extensions></trkpt><trkpt lat="55.2075861208" lon="55.1030568313"><ele>191.57</ele><time>2018-08-20T12:26:19Z</time><extensions><gpxtpx:TrackPointExtension><gpxtpx:depth>0.00</gpxtpx:depth></gpxtpx:TrackPointExtension></extensions></trkpt><trkpt lat="55.2067642752" lon="55.1037658565"><ele>190.55</ele><time>2018-08-20T12:26:36Z</time><extensions><gpxtpx:TrackPointExtension><gpxtpx:depth>0.00</gpxtpx:depth></gpxtpx:TrackPointExtension></extensions></trkpt><trkpt lat="55.2059641387" lon="55.1044707745"><ele>189.03</ele><time>2018-08-20T12:26:53Z</time><extensions><gpxtpx:TrackPointExtension><gpxtpx:depth>0.00</gpxtpx:depth></gpxtpx:TrackPointExtension></extensions></trkpt><trkpt lat="55.2051472384" lon="55.1051783748"><ele>188.62</ele><time>2018-08-20T12:27:13Z</time><extensions><gpxtpx:TrackPointExtension><gpxtpx:depth>0.00</gpxtpx:depth></gpxtpx:TrackPointExtension></extensions></trkpt><trkpt lat="55.2043099701" lon="55.1059009787"><ele>188.50</ele><time>2018-08-20T12:27:37Z</time><extensions><gpxtpx:TrackPointExtension><gpxtpx:depth>0.00</gpxtpx:depth></gpxtpx:TrackPointExtension></extensions></trkpt><trkpt lat="55.2034757193" lon="55.1066191401"><ele>187.99</ele><time>2018-08-20T12:28:00Z</time><extensions><gpxtpx:TrackPointExtension><gpxtpx:depth>0.00</gpxtpx:depth></gpxtpx:TrackPointExtension></extensions></trkpt><trkpt lat="55.2026535384" lon="55.1073386427"><ele>187.71</ele><time>2018-08-20T12:28:21Z</time><extensions><gpxtpx:TrackPointExtension><gpxtpx:depth>0.00</gpxtpx:depth></gpxtpx:TrackPointExtension></extensions></trkpt><trkpt lat="55.2018218860" lon="55.1081260387"><ele>186.42</ele><time>2018-08-20T12:28:54Z</time><extensions><gpxtpx:TrackPointExtension><gpxtpx:depth>0.00</gpxtpx:depth></gpxtpx:TrackPointExtension></extensions></trkpt><trkpt lat="55.2010302152" lon="55.1088923961"><ele>186.54</ele><time>2018-08-20T12:29:19Z</time><extensions><gpxtpx:TrackPointExtension><gpxtpx:depth>0.00</gpxtpx:depth></gpxtpx:TrackPointExtension></extensions></trkpt><trkpt lat="55.2002289891" lon="55.1096822228"><ele>186.65</ele><time>2018-08-20T12:29:41Z</time><extensions><gpxtpx:TrackPointExtension><gpxtpx:depth>0.00</gpxtpx:depth></gpxtpx:TrackPointExtension></extensions></trkpt><trkpt lat="55.1994394138" lon="55.1104821078"><ele>186.37</ele><time>2018-08-20T12:30:03Z</time><extensions><gpxtpx:TrackPointExtension><gpxtpx:depth>0.00</gpxtpx:depth></gpxtpx:TrackPointExtension></extensions></trkpt><trkpt lat="55.1986562088" lon="55.1112676598"><ele>186.38</ele><time>2018-08-20T12:30:27Z</time><extensions><gpxtpx:TrackPointExtension><gpxtpx:depth>0.00</gpxtpx:depth></gpxtpx:TrackPointExtension></extensions></trkpt><trkpt lat="55.1978673879" lon="55.1120157447"><ele>186.80</ele><time>2018-08-20T12:30:54Z</time><extensions><gpxtpx:TrackPointExtension><gpxtpx:depth>0.00</gpxtpx:depth></gpxtpx:TrackPointExtension></extensions></trkpt><trkpt lat="55.1970582828" lon="55.1128375903"><ele>186.50</ele><time>2018-08-20T12:31:17Z</time><extensions><gpxtpx:TrackPointExtension><gpxtpx:depth>0.00</gpxtpx:depth></gpxtpx:TrackPointExtension></extensions></trkpt><trkpt lat="55.1962828729" lon="55.1136995014"><ele>186.55</ele><time>2018-08-20T12:31:41Z</time><extensions><gpxtpx:TrackPointExtension><gpxtpx:depth>0.00</gpxtpx:depth></gpxtpx:TrackPointExtension></extensions></trkpt><trkpt lat="55.1954957284" lon="55.1145858038"><ele>186.48</ele><time>2018-08-20T12:32:05Z</time><extensions><gpxtpx:TrackPointExtension><gpxtpx:depth>0.00</gpxtpx:depth></gpxtpx:TrackPointExtension></extensions></trkpt><trkpt lat="55.1947514154" lon="55.1154662389"><ele>186.21</ele><time>2018-08-20T12:32:26Z</time><extensions><gpxtpx:TrackPointExtension><gpxtpx:depth>0.00</gpxtpx:depth></gpxtpx:TrackPointExtension></extensions></trkpt><trkpt lat="55.1940047555" lon="55.1164215244"><ele>185.13</ele><time>2018-08-20T12:32:44Z</time><extensions><gpxtpx:TrackPointExtension><gpxtpx:depth>0.00</gpxtpx:depth></gpxtpx:TrackPointExtension></extensions></trkpt><trkpt lat="55.1932419185" lon="55.1173075754"><ele>183.35</ele><time>2018-08-20T12:33:00Z</time><extensions><gpxtpx:TrackPointExtension><gpxtpx:depth>0.00</gpxtpx:depth></gpxtpx:TrackPointExtension></extensions></trkpt><trkpt lat="55.1924815122" lon="55.1181912795"><ele>181.77</ele><time>2018-08-20T12:33:15Z</time><extensions><gpxtpx:TrackPointExtension><gpxtpx:depth>0.00</gpxtpx:depth></gpxtpx:TrackPointExtension></extensions></trkpt><trkpt lat="55.1917165797" lon="55.1190734748"><ele>179.94</ele><time>2018-08-20T12:33:29Z</time><extensions><gpxtpx:TrackPointExtension><gpxtpx:depth>0.00</gpxtpx:depth></gpxtpx:TrackPointExtension></extensions></trkpt><trkpt lat="55.1909544133" lon="55.1199454442"><ele>178.62</ele><time>2018-08-20T12:33:44Z</time><extensions><gpxtpx:TrackPointExtension><gpxtpx:depth>0.00</gpxtpx:depth></gpxtpx:TrackPointExtension></extensions></trkpt><trkpt lat="55.1901639998" lon="55.1207841374"><ele>177.50</ele><time>2018-08-20T12:34:02Z</time><extensions><gpxtpx:TrackPointExtension><gpxtpx:depth>0.00</gpxtpx:depth></gpxtpx:TrackPointExtension></extensions></trkpt><trkpt lat="55.1893543918" lon="55.1215517521"><ele>176.29</ele><time>2018-08-20T12:34:20Z</time><extensions><gpxtpx:TrackPointExtension><gpxtpx:depth>0.00</gpxtpx:depth></gpxtpx:TrackPointExtension></extensions></trkpt><trkpt lat="55.1885369048" lon="55.1222276688"><ele>174.90</ele><time>2018-08-20T12:34:38Z</time><extensions><gpxtpx:TrackPointExtension><gpxtpx:depth>0.00</gpxtpx:depth></gpxtpx:TrackPointExtension></extensions></trkpt><trkpt lat="55.1876923442" lon="55.1228250470"><ele>173.71</ele><time>2018-08-20T12:34:57Z</time><extensions><gpxtpx:TrackPointExtension><gpxtpx:depth>0.00</gpxtpx:depth></gpxtpx:TrackPointExtension></extensions></trkpt><trkpt lat="55.1868232246" lon="55.1234453917"><ele>173.31</ele><time>2018-08-20T12:35:18Z</time><extensions><gpxtpx:TrackPointExtension><gpxtpx:depth>0.00</gpxtpx:depth></gpxtpx:TrackPointExtension></extensions></trkpt><trkpt lat="55.1859867107" lon="55.1240355615"><ele>173.48</ele><time>2018-08-20T12:35:41Z</time><extensions><gpxtpx:TrackPointExtension><gpxtpx:depth>0.00</gpxtpx:depth></gpxtpx:TrackPointExtension></extensions></trkpt><trkpt lat="55.1851167530" lon="55.1246306766"><ele>173.15</ele><time>2018-08-20T12:36:04Z</time><extensions><gpxtpx:TrackPointExtension><gpxtpx:depth>0.00</gpxtpx:depth></gpxtpx:TrackPointExtension></extensions></trkpt><trkpt lat="55.1842834242" lon="55.1252473332"><ele>172.94</ele><time>2018-08-20T12:36:27Z</time><extensions><gpxtpx:TrackPointExtension><gpxtpx:depth>0.00</gpxtpx:depth></gpxtpx:TrackPointExtension></extensions></trkpt><trkpt lat="55.1834159810" lon="55.1258686837"><ele>172.42</ele><time>2018-08-20T12:36:49Z</time><extensions><gpxtpx:TrackPointExtension><gpxtpx:depth>0.00</gpxtpx:depth></gpxtpx:TrackPointExtension></extensions></trkpt><trkpt lat="55.1825784612" lon="55.1264820714"><ele>172.50</ele><time>2018-08-20T12:37:12Z</time><extensions><gpxtpx:TrackPointExtension><gpxtpx:depth>0.00</gpxtpx:depth></gpxtpx:TrackPointExtension></extensions></trkpt><trkpt lat="55.1817181427" lon="55.1270782761"><ele>172.62</ele><time>2018-08-20T12:37:36Z</time><extensions><gpxtpx:TrackPointExtension><gpxtpx:depth>0.00</gpxtpx:depth></gpxtpx:TrackPointExtension></extensions></trkpt><trkpt lat="55.1808773540" lon="55.1276293024"><ele>172.51</ele><time>2018-08-20T12:38:01Z</time><extensions><gpxtpx:TrackPointExtension><gpxtpx:depth>0.00</gpxtpx:depth></gpxtpx:TrackPointExtension></extensions></trkpt><trkpt lat="55.1800266746" lon="55.1281289477"><ele>172.24</ele><time>2018-08-20T12:38:25Z</time><extensions><gpxtpx:TrackPointExtension><gpxtpx:depth>0.00</gpxtpx:depth></gpxtpx:TrackPointExtension></extensions></trkpt><trkpt lat="55.1791070960" lon="55.1282623038"><ele>172.28</ele><time>2018-08-20T12:38:51Z</time><extensions><gpxtpx:TrackPointExtension><gpxtpx:depth>0.00</gpxtpx:depth></gpxtpx:TrackPointExtension></extensions></trkpt><trkpt lat="55.1781885233" lon="55.1280737948"><ele>172.44</ele><time>2018-08-20T12:39:14Z</time><extensions><gpxtpx:TrackPointExtension><gpxtpx:depth>0.00</gpxtpx:depth></gpxtpx:TrackPointExtension></extensions></trkpt><trkpt lat="55.1772878040" lon="55.1278554462"><ele>173.01</ele><time>2018-08-20T12:39:41Z</time><extensions><gpxtpx:TrackPointExtension><gpxtpx:depth>0.00</gpxtpx:depth></gpxtpx:TrackPointExtension></extensions></trkpt><trkpt lat="55.1763825584" lon="55.1276174840"><ele>174.52</ele><time>2018-08-20T12:40:13Z</time><extensions><gpxtpx:TrackPointExtension><gpxtpx:depth>0.00</gpxtpx:depth></gpxtpx:TrackPointExtension></extensions></trkpt><trkpt lat="55.1754815876" lon="55.1273459103"><ele>176.01</ele><time>2018-08-20T12:40:49Z</time><extensions><gpxtpx:TrackPointExtension><gpxtpx:depth>0.00</gpxtpx:depth></gpxtpx:TrackPointExtension></extensions></trkpt><trkpt lat="55.1745968778" lon="55.1270727441"><ele>175.77</ele><time>2018-08-20T12:41:23Z</time><extensions><gpxtpx:TrackPointExtension><gpxtpx:depth>0.00</gpxtpx:depth></gpxtpx:TrackPointExtension></extensions></trkpt><trkpt lat="55.1737013552" lon="55.1268201973"><ele>175.23</ele><time>2018-08-20T12:41:53Z</time><extensions><gpxtpx:TrackPointExtension><gpxtpx:depth>0.00</gpxtpx:depth></gpxtpx:TrackPointExtension></extensions></trkpt><trkpt lat="55.1727906615" lon="55.1265772060"><ele>174.22</ele><time>2018-08-20T12:42:19Z</time><extensions><gpxtpx:TrackPointExtension><gpxtpx:depth>0.00</gpxtpx:depth></gpxtpx:TrackPointExtension></extensions></trkpt><trkpt lat="55.1718756091" lon="55.1263141818"><ele>173.47</ele><time>2018-08-20T12:42:43Z</time><extensions><gpxtpx:TrackPointExtension><gpxtpx:depth>0.00</gpxtpx:depth></gpxtpx:TrackPointExtension></extensions></trkpt><trkpt lat="55.1709908992" lon="55.1260603778"><ele>172.28</ele><time>2018-08-20T12:43:07Z</time><extensions><gpxtpx:TrackPointExtension><gpxtpx:depth>0.00</gpxtpx:depth></gpxtpx:TrackPointExtension></extensions></trkpt><trkpt lat="55.1700997353" lon="55.1258002874"><ele>171.07</ele><time>2018-08-20T12:43:29Z</time><extensions><gpxtpx:TrackPointExtension><gpxtpx:depth>0.00</gpxtpx:depth></gpxtpx:TrackPointExtension></extensions></trkpt><trkpt lat="55.1691883709" lon="55.1255164761"><ele>169.66</ele><time>2018-08-20T12:43:52Z</time><extensions><gpxtpx:TrackPointExtension><gpxtpx:depth>0.00</gpxtpx:depth></gpxtpx:TrackPointExtension></extensions></trkpt><trkpt lat="55.1682568062" lon="55.1252996363"><ele>167.70</ele><time>2018-08-20T12:44:16Z</time><extensions><gpxtpx:TrackPointExtension><gpxtpx:depth>0.00</gpxtpx:depth></gpxtpx:TrackPointExtension></extensions></trkpt><trkpt lat="55.1673425082" lon="55.1250212733"><ele>165.06</ele><time>2018-08-20T12:44:36Z</time><extensions><gpxtpx:TrackPointExtension><gpxtpx:depth>0.00</gpxtpx:depth></gpxtpx:TrackPointExtension></extensions></trkpt><trkpt lat="55.1664034836" lon="55.1247814670"><ele>162.15</ele><time>2018-08-20T12:44:52Z</time><extensions><gpxtpx:TrackPointExtension><gpxtpx:depth>0.00</gpxtpx:depth></gpxtpx:TrackPointExtension></extensions></trkpt><trkpt lat="55.1655066200" lon="55.1246405672"><ele>158.11</ele><time>2018-08-20T12:45:07Z</time><extensions><gpxtpx:TrackPointExtension><gpxtpx:depth>0.00</gpxtpx:depth></gpxtpx:TrackPointExtension></extensions></trkpt><trkpt lat="55.1645946689" lon="55.1249081176"><ele>152.90</ele><time>2018-08-20T12:45:23Z</time><extensions><gpxtpx:TrackPointExtension><gpxtpx:depth>0.00</gpxtpx:depth></gpxtpx:TrackPointExtension></extensions></trkpt><trkpt lat="55.1636774372" lon="55.1254784223"><ele>149.04</ele><time>2018-08-20T12:45:35Z</time><extensions><gpxtpx:TrackPointExtension><gpxtpx:depth>0.00</gpxtpx:depth></gpxtpx:TrackPointExtension></extensions></trkpt><trkpt lat="55.1628470421" lon="55.1262007747"><ele>145.13</ele><time>2018-08-20T12:45:46Z</time><extensions><gpxtpx:TrackPointExtension><gpxtpx:depth>0.00</gpxtpx:depth></gpxtpx:TrackPointExtension></extensions></trkpt><trkpt lat="55.1620020624" lon="55.1269827224"><ele>139.02</ele><time>2018-08-20T12:45:57Z</time><extensions><gpxtpx:TrackPointExtension><gpxtpx:depth>0.00</gpxtpx:depth></gpxtpx:TrackPointExtension></extensions></trkpt><trkpt lat="55.1611858327" lon="55.1277175639"><ele>132.97</ele><time>2018-08-20T12:46:11Z</time><extensions><gpxtpx:TrackPointExtension><gpxtpx:depth>0.00</gpxtpx:depth></gpxtpx:TrackPointExtension></extensions></trkpt><trkpt lat="55.1603969280" lon="55.1284602005"><ele>131.25</ele><time>2018-08-20T12:46:28Z</time><extensions><gpxtpx:TrackPointExtension><gpxtpx:depth>0.00</gpxtpx:depth></gpxtpx:TrackPointExtension></extensions></trkpt><trkpt lat="55.1596499328" lon="55.1292983070"><ele>131.04</ele><time>2018-08-20T12:46:52Z</time><extensions><gpxtpx:TrackPointExtension><gpxtpx:depth>0.00</gpxtpx:depth></gpxtpx:TrackPointExtension></extensions></trkpt><trkpt lat="55.1589518040" lon="55.1303638984"><ele>131.04</ele><time>2018-08-20T12:47:18Z</time><extensions><gpxtpx:TrackPointExtension><gpxtpx:depth>0.00</gpxtpx:depth></gpxtpx:TrackPointExtension></extensions></trkpt><trkpt lat="55.1582654100" lon="55.1314685494"><ele>131.32</ele><time>2018-08-20T12:47:45Z</time><extensions><gpxtpx:TrackPointExtension><gpxtpx:depth>0.00</gpxtpx:depth></gpxtpx:TrackPointExtension></extensions></trkpt><trkpt lat="55.1576059218" lon="55.1325775590"><ele>131.98</ele><time>2018-08-20T12:48:15Z</time><extensions><gpxtpx:TrackPointExtension><gpxtpx:depth>0.00</gpxtpx:depth></gpxtpx:TrackPointExtension></extensions></trkpt><trkpt lat="55.1569258142" lon="55.1336716488"><ele>132.37</ele><time>2018-08-20T12:48:46Z</time><extensions><gpxtpx:TrackPointExtension><gpxtpx:depth>0.00</gpxtpx:depth></gpxtpx:TrackPointExtension></extensions></trkpt><trkpt lat="55.1562440302" lon="55.1347401738"><ele>132.43</ele><time>2018-08-20T12:49:15Z</time><extensions><gpxtpx:TrackPointExtension><gpxtpx:depth>0.00</gpxtpx:depth></gpxtpx:TrackPointExtension></extensions></trkpt><trkpt lat="55.1555611566" lon="55.1358947810"><ele>131.27</ele><time>2018-08-20T12:49:38Z</time><extensions><gpxtpx:TrackPointExtension><gpxtpx:depth>0.00</gpxtpx:depth></gpxtpx:TrackPointExtension></extensions></trkpt><trkpt lat="55.1549393032" lon="55.1370705944"><ele>129.47</ele><time>2018-08-20T12:49:53Z</time><extensions><gpxtpx:TrackPointExtension><gpxtpx:depth>0.00</gpxtpx:depth></gpxtpx:TrackPointExtension></extensions></trkpt><trkpt lat="55.1543265861" lon="55.1382515207"><ele>127.81</ele><time>2018-08-20T12:50:06Z</time><extensions><gpxtpx:TrackPointExtension><gpxtpx:depth>0.00</gpxtpx:depth></gpxtpx:TrackPointExtension></extensions></trkpt><trkpt lat="55.1537131146" lon="55.1394511387"><ele>125.76</ele><time>2018-08-20T12:50:20Z</time><extensions><gpxtpx:TrackPointExtension><gpxtpx:depth>0.00</gpxtpx:depth></gpxtpx:TrackPointExtension></extensions></trkpt><trkpt lat="55.1530971285" lon="55.1406654250"><ele>124.94</ele><time>2018-08-20T12:50:37Z</time><extensions><gpxtpx:TrackPointExtension><gpxtpx:depth>0.00</gpxtpx:depth></gpxtpx:TrackPointExtension></extensions></trkpt><trkpt lat="55.1524908654" lon="55.1418393105"><ele>124.55</ele><time>2018-08-20T12:50:58Z</time><extensions><gpxtpx:TrackPointExtension><gpxtpx:depth>0.00</gpxtpx:depth></gpxtpx:TrackPointExtension></extensions></trkpt><trkpt lat="55.1518743765" lon="55.1430172194"><ele>124.85</ele><time>2018-08-20T12:51:24Z</time><extensions><gpxtpx:TrackPointExtension><gpxtpx:depth>0.00</gpxtpx:depth></gpxtpx:TrackPointExtension></extensions></trkpt><trkpt lat="55.1512776688" lon="55.1441913564"><ele>125.53</ele><time>2018-08-20T12:51:56Z</time><extensions><gpxtpx:TrackPointExtension><gpxtpx:depth>0.00</gpxtpx:depth></gpxtpx:TrackPointExtension></extensions></trkpt><trkpt lat="55.1506567374" lon="55.1453897171"><ele>125.54</ele><time>2018-08-20T12:52:27Z</time><extensions><gpxtpx:TrackPointExtension><gpxtpx:depth>0.00</gpxtpx:depth></gpxtpx:TrackPointExtension></extensions></trkpt><trkpt lat="55.1500322856" lon="55.1465873234"><ele>125.72</ele><time>2018-08-20T12:53:06Z</time><extensions><gpxtpx:TrackPointExtension><gpxtpx:depth>0.00</gpxtpx:depth></gpxtpx:TrackPointExtension></extensions></trkpt><trkpt lat="55.1494406909" lon="55.1477435231"><ele>125.77</ele><time>2018-08-20T12:53:36Z</time><extensions><gpxtpx:TrackPointExtension><gpxtpx:depth>0.00</gpxtpx:depth></gpxtpx:TrackPointExtension></extensions></trkpt><trkpt lat="55.1487867348" lon="55.1489106193"><ele>125.36</ele><time>2018-08-20T12:54:01Z</time><extensions><gpxtpx:TrackPointExtension><gpxtpx:depth>0.00</gpxtpx:depth></gpxtpx:TrackPointExtension></extensions></trkpt><trkpt lat="55.1480824873" lon="55.1499718521"><ele>125.11</ele><time>2018-08-20T12:54:26Z</time><extensions><gpxtpx:TrackPointExtension><gpxtpx:depth>0.00</gpxtpx:depth></gpxtpx:TrackPointExtension></extensions></trkpt><trkpt lat="55.1473803353" lon="55.1509881578"><ele>124.82</ele><time>2018-08-20T12:54:50Z</time><extensions><gpxtpx:TrackPointExtension><gpxtpx:depth>0.00</gpxtpx:depth></gpxtpx:TrackPointExtension></extensions></trkpt><trkpt lat="55.1466743276" lon="55.1519742049"><ele>125.58</ele><time>2018-08-20T12:55:20Z</time><extensions><gpxtpx:TrackPointExtension><gpxtpx:depth>0.00</gpxtpx:depth></gpxtpx:TrackPointExtension></extensions></trkpt><trkpt lat="55.1459825691" lon="55.1529915165"><ele>128.86</ele><time>2018-08-20T12:56:04Z</time><extensions><gpxtpx:TrackPointExtension><gpxtpx:depth>0.00</gpxtpx:depth></gpxtpx:TrackPointExtension></extensions></trkpt><trkpt lat="55.1452902239" lon="55.1540084928"><ele>134.64</ele><time>2018-08-20T12:56:55Z</time><extensions><gpxtpx:TrackPointExtension><gpxtpx:depth>0.00</gpxtpx:depth></gpxtpx:TrackPointExtension></extensions></trkpt><trkpt lat="55.1445875689" lon="55.1550259721"><ele>140.82</ele><time>2018-08-20T12:57:48Z</time><extensions><gpxtpx:TrackPointExtension><gpxtpx:depth>0.00</gpxtpx:depth></gpxtpx:TrackPointExtension></extensions></trkpt><trkpt lat="55.1439026836" lon="55.1560785715"><ele>146.65</ele><time>2018-08-20T12:58:46Z</time><extensions><gpxtpx:TrackPointExtension><gpxtpx:depth>0.00</gpxtpx:depth></gpxtpx:TrackPointExtension></extensions></trkpt><trkpt lat="55.1432716940" lon="55.1572489366"><ele>151.16</ele><time>2018-08-20T12:59:42Z</time><extensions><gpxtpx:TrackPointExtension><gpxtpx:depth>0.00</gpxtpx:depth></gpxtpx:TrackPointExtension></extensions></trkpt><trkpt lat="55.1426982041" lon="55.1584633905"><ele>154.35</ele><time>2018-08-20T13:00:35Z</time><extensions><gpxtpx:TrackPointExtension><gpxtpx:depth>0.00</gpxtpx:depth></gpxtpx:TrackPointExtension></extensions></trkpt><trkpt lat="55.1421559788" lon="55.1597521920"><ele>157.88</ele><time>2018-08-20T13:01:27Z</time><extensions><gpxtpx:TrackPointExtension><gpxtpx:depth>0.00</gpxtpx:depth></gpxtpx:TrackPointExtension></extensions></trkpt><trkpt lat="55.1416067127" lon="55.1610416640"><ele>160.41</ele><time>2018-08-20T13:02:19Z</time><extensions><gpxtpx:TrackPointExtension><gpxtpx:depth>0.00</gpxtpx:depth></gpxtpx:TrackPointExtension></extensions></trkpt><trkpt lat="55.1410998590" lon="55.1621889789"><ele>161.92</ele><time>2018-08-20T13:06:13Z</time><extensions><gpxtpx:TrackPointExtension><gpxtpx:depth>0.00</gpxtpx:depth></gpxtpx:TrackPointExtension></extensions></trkpt><trkpt lat="55.1405292191" lon="55.1634636149"><ele>162.67</ele><time>2018-08-20T13:06:59Z</time><extensions><gpxtpx:TrackPointExtension><gpxtpx:depth>0.00</gpxtpx:depth></gpxtpx:TrackPointExtension></extensions></trkpt><trkpt lat="55.1399947051" lon="55.1647593733"><ele>163.49</ele><time>2018-08-20T13:07:40Z</time><extensions><gpxtpx:TrackPointExtension><gpxtpx:depth>0.00</gpxtpx:depth></gpxtpx:TrackPointExtension></extensions></trkpt><trkpt lat="55.1394165214" lon="55.1659858972"><ele>165.16</ele><time>2018-08-20T13:08:20Z</time><extensions><gpxtpx:TrackPointExtension><gpxtpx:depth>0.00</gpxtpx:depth></gpxtpx:TrackPointExtension></extensions></trkpt><trkpt lat="55.1388065703" lon="55.1671767980"><ele>165.36</ele><time>2018-08-20T13:08:53Z</time><extensions><gpxtpx:TrackPointExtension><gpxtpx:depth>0.00</gpxtpx:depth></gpxtpx:TrackPointExtension></extensions></trkpt><trkpt lat="55.1382371876" lon="55.1684820279"><ele>164.46</ele><time>2018-08-20T13:09:17Z</time><extensions><gpxtpx:TrackPointExtension><gpxtpx:depth>0.00</gpxtpx:depth></gpxtpx:TrackPointExtension></extensions></trkpt><trkpt lat="55.1376745943" lon="55.1697896048"><ele>164.57</ele><time>2018-08-20T13:09:41Z</time><extensions><gpxtpx:TrackPointExtension><gpxtpx:depth>0.00</gpxtpx:depth></gpxtpx:TrackPointExtension></extensions></trkpt><trkpt lat="55.1371265855" lon="55.1710841060"><ele>165.02</ele><time>2018-08-20T13:10:05Z</time><extensions><gpxtpx:TrackPointExtension><gpxtpx:depth>0.00</gpxtpx:depth></gpxtpx:TrackPointExtension></extensions></trkpt><trkpt lat="55.1365810074" lon="55.1723554730"><ele>166.15</ele><time>2018-08-20T13:10:29Z</time><extensions><gpxtpx:TrackPointExtension><gpxtpx:depth>0.00</gpxtpx:depth></gpxtpx:TrackPointExtension></extensions></trkpt><trkpt lat="55.1360231917" lon="55.1736575179"><ele>167.62</ele><time>2018-08-20T13:10:58Z</time><extensions><gpxtpx:TrackPointExtension><gpxtpx:depth>0.00</gpxtpx:depth></gpxtpx:TrackPointExtension></extensions></trkpt><trkpt lat="55.1354895160" lon="55.1749767456"><ele>169.38</ele><time>2018-08-20T13:11:28Z</time><extensions><gpxtpx:TrackPointExtension><gpxtpx:depth>0.00</gpxtpx:depth></gpxtpx:TrackPointExtension></extensions></trkpt><trkpt lat="55.1349767949" lon="55.1762774494"><ele>171.37</ele><time>2018-08-20T13:11:58Z</time><extensions><gpxtpx:TrackPointExtension><gpxtpx:depth>0.00</gpxtpx:depth></gpxtpx:TrackPointExtension></extensions></trkpt><trkpt lat="55.1344727911" lon="55.1775929891"><ele>173.62</ele><time>2018-08-20T13:12:28Z</time><extensions><gpxtpx:TrackPointExtension><gpxtpx:depth>0.00</gpxtpx:depth></gpxtpx:TrackPointExtension></extensions></trkpt><trkpt lat="55.1339742355" lon="55.1789523661"><ele>176.48</ele><time>2018-08-20T13:12:55Z</time><extensions><gpxtpx:TrackPointExtension><gpxtpx:depth>0.00</gpxtpx:depth></gpxtpx:TrackPointExtension></extensions></trkpt><trkpt lat="55.1334942877" lon="55.1803181134"><ele>178.19</ele><time>2018-08-20T13:13:27Z</time><extensions><gpxtpx:TrackPointExtension><gpxtpx:depth>0.00</gpxtpx:depth></gpxtpx:TrackPointExtension></extensions></trkpt><trkpt lat="55.1330190338" lon="55.1817514189"><ele>179.49</ele><time>2018-08-20T13:13:53Z</time><extensions><gpxtpx:TrackPointExtension><gpxtpx:depth>0.00</gpxtpx:depth></gpxtpx:TrackPointExtension></extensions></trkpt><trkpt lat="55.1325610466" lon="55.1831132267"><ele>181.20</ele><time>2018-08-20T13:14:20Z</time><extensions><gpxtpx:TrackPointExtension><gpxtpx:depth>0.00</gpxtpx:depth></gpxtpx:TrackPointExtension></extensions></trkpt><trkpt lat="55.1320996229" lon="55.1844737772"><ele>181.82</ele><time>2018-08-20T13:14:45Z</time><extensions><gpxtpx:TrackPointExtension><gpxtpx:depth>0.00</gpxtpx:depth></gpxtpx:TrackPointExtension></extensions></trkpt><trkpt lat="55.1316431444" lon="55.1858509239"><ele>182.19</ele><time>2018-08-20T13:15:07Z</time><extensions><gpxtpx:TrackPointExtension><gpxtpx:depth>0.00</gpxtpx:depth></gpxtpx:TrackPointExtension></extensions></trkpt><trkpt lat="55.1311781164" lon="55.1872081216"><ele>182.10</ele><time>2018-08-20T13:15:28Z</time><extensions><gpxtpx:TrackPointExtension><gpxtpx:depth>0.00</gpxtpx:depth></gpxtpx:TrackPointExtension></extensions></trkpt><trkpt lat="55.1307047065" lon="55.1886143535"><ele>181.98</ele><time>2018-08-20T13:15:52Z</time><extensions><gpxtpx:TrackPointExtension><gpxtpx:depth>0.00</gpxtpx:depth></gpxtpx:TrackPointExtension></extensions></trkpt><trkpt lat="55.1302390918" lon="55.1899905782"><ele>181.97</ele><time>2018-08-20T13:16:15Z</time><extensions><gpxtpx:TrackPointExtension><gpxtpx:depth>0.00</gpxtpx:depth></gpxtpx:TrackPointExtension></extensions></trkpt><trkpt lat="55.1297618262" lon="55.1914204471"><ele>181.99</ele><time>2018-08-20T13:16:37Z</time><extensions><gpxtpx:TrackPointExtension><gpxtpx:depth>0.00</gpxtpx:depth></gpxtpx:TrackPointExtension></extensions></trkpt><trkpt lat="55.1292910147" lon="55.1928067300"><ele>181.83</ele><time>2018-08-20T13:16:57Z</time><extensions><gpxtpx:TrackPointExtension><gpxtpx:depth>0.00</gpxtpx:depth></gpxtpx:TrackPointExtension></extensions></trkpt><trkpt lat="55.1288214605" lon="55.1941811945"><ele>181.13</ele><time>2018-08-20T13:17:15Z</time><extensions><gpxtpx:TrackPointExtension><gpxtpx:depth>0.00</gpxtpx:depth></gpxtpx:TrackPointExtension></extensions></trkpt><trkpt lat="55.1283552591" lon="55.1955917850"><ele>180.10</ele><time>2018-08-20T13:17:30Z</time><extensions><gpxtpx:TrackPointExtension><gpxtpx:depth>0.00</gpxtpx:depth></gpxtpx:TrackPointExtension></extensions></trkpt><trkpt lat="55.1278882194" lon="55.1970082428"><ele>179.25</ele><time>2018-08-20T13:17:44Z</time><extensions><gpxtpx:TrackPointExtension><gpxtpx:depth>0.00</gpxtpx:depth></gpxtpx:TrackPointExtension></extensions></trkpt><trkpt lat="55.1274056733" lon="55.1984140556"><ele>178.55</ele><time>2018-08-20T13:17:57Z</time><extensions><gpxtpx:TrackPointExtension><gpxtpx:depth>0.00</gpxtpx:depth></gpxtpx:TrackPointExtension></extensions></trkpt><trkpt lat="55.1269160863" lon="55.1998809725"><ele>177.89</ele><time>2018-08-20T13:18:10Z</time><extensions><gpxtpx:TrackPointExtension><gpxtpx:depth>0.00</gpxtpx:depth></gpxtpx:TrackPointExtension></extensions></trkpt><trkpt lat="55.1264428440" lon="55.2012857795"><ele>177.06</ele><time>2018-08-20T13:18:23Z</time><extensions><gpxtpx:TrackPointExtension><gpxtpx:depth>0.00</gpxtpx:depth></gpxtpx:TrackPointExtension></extensions></trkpt><trkpt lat="55.1259560231" lon="55.2027154807"><ele>176.22</ele><time>2018-08-20T13:18:37Z</time><extensions><gpxtpx:TrackPointExtension><gpxtpx:depth>0.00</gpxtpx:depth></gpxtpx:TrackPointExtension></extensions></trkpt><trkpt lat="55.1254916657" lon="55.2040722594"><ele>175.91</ele><time>2018-08-20T13:18:51Z</time><extensions><gpxtpx:TrackPointExtension><gpxtpx:depth>0.00</gpxtpx:depth></gpxtpx:TrackPointExtension></extensions></trkpt><trkpt lat="55.1250083651" lon="55.2055154555"><ele>175.50</ele><time>2018-08-20T13:19:06Z</time><extensions><gpxtpx:TrackPointExtension><gpxtpx:depth>0.00</gpxtpx:depth></gpxtpx:TrackPointExtension></extensions></trkpt><trkpt lat="55.1245228853" lon="55.2069605794"><ele>175.16</ele><time>2018-08-20T13:19:20Z</time><extensions><gpxtpx:TrackPointExtension><gpxtpx:depth>0.00</gpxtpx:depth></gpxtpx:TrackPointExtension></extensions></trkpt><trkpt lat="55.1240556780" lon="55.2083387319"><ele>174.65</ele><time>2018-08-20T13:19:33Z</time><extensions><gpxtpx:TrackPointExtension><gpxtpx:depth>0.00</gpxtpx:depth></gpxtpx:TrackPointExtension></extensions></trkpt><trkpt lat="55.1235837769" lon="55.2096911520"><ele>173.77</ele><time>2018-08-20T13:19:46Z</time><extensions><gpxtpx:TrackPointExtension><gpxtpx:depth>0.00</gpxtpx:depth></gpxtpx:TrackPointExtension></extensions></trkpt><trkpt lat="55.1230691280" lon="55.2110232040"><ele>172.50</ele><time>2018-08-20T13:19:59Z</time><extensions><gpxtpx:TrackPointExtension><gpxtpx:depth>0.00</gpxtpx:depth></gpxtpx:TrackPointExtension></extensions></trkpt><trkpt lat="55.1225146651" lon="55.2123655658"><ele>170.99</ele><time>2018-08-20T13:20:12Z</time><extensions><gpxtpx:TrackPointExtension><gpxtpx:depth>0.00</gpxtpx:depth></gpxtpx:TrackPointExtension></extensions></trkpt><trkpt lat="55.1219357271" lon="55.2136973664"><ele>168.89</ele><time>2018-08-20T13:20:24Z</time><extensions><gpxtpx:TrackPointExtension><gpxtpx:depth>0.00</gpxtpx:depth></gpxtpx:TrackPointExtension></extensions></trkpt><trkpt lat="55.1213603932" lon="55.2149391454"><ele>166.90</ele><time>2018-08-20T13:20:35Z</time><extensions><gpxtpx:TrackPointExtension><gpxtpx:depth>0.00</gpxtpx:depth></gpxtpx:TrackPointExtension></extensions></trkpt><trkpt lat="55.1207371987" lon="55.2161785774"><ele>164.64</ele><time>2018-08-20T13:20:46Z</time><extensions><gpxtpx:TrackPointExtension><gpxtpx:depth>0.00</gpxtpx:depth></gpxtpx:TrackPointExtension></extensions></trkpt><trkpt lat="55.1201122440" lon="55.2173557319"><ele>162.76</ele><time>2018-08-20T13:20:57Z</time><extensions><gpxtpx:TrackPointExtension><gpxtpx:depth>0.00</gpxtpx:depth></gpxtpx:TrackPointExtension></extensions></trkpt><trkpt lat="55.1194399316" lon="55.2185454592"><ele>161.07</ele><time>2018-08-20T13:21:10Z</time><extensions><gpxtpx:TrackPointExtension><gpxtpx:depth>0.00</gpxtpx:depth></gpxtpx:TrackPointExtension></extensions></trkpt><trkpt lat="55.1187381987" lon="55.2196798660"><ele>160.87</ele><time>2018-08-20T13:21:26Z</time><extensions><gpxtpx:TrackPointExtension><gpxtpx:depth>0.00</gpxtpx:depth></gpxtpx:TrackPointExtension></extensions></trkpt><trkpt lat="55.1180494577" lon="55.2207135223"><ele>160.97</ele><time>2018-08-20T13:21:43Z</time><extensions><gpxtpx:TrackPointExtension><gpxtpx:depth>0.00</gpxtpx:depth></gpxtpx:TrackPointExtension></extensions></trkpt><trkpt lat="55.1173301227" lon="55.2217074484"><ele>161.18</ele><time>2018-08-20T13:22:03Z</time><extensions><gpxtpx:TrackPointExtension><gpxtpx:depth>0.00</gpxtpx:depth></gpxtpx:TrackPointExtension></extensions></trkpt><trkpt lat="55.1165880729" lon="55.2226774022"><ele>161.89</ele><time>2018-08-20T13:22:27Z</time><extensions><gpxtpx:TrackPointExtension><gpxtpx:depth>0.00</gpxtpx:depth></gpxtpx:TrackPointExtension></extensions></trkpt><trkpt lat="55.1158368867" lon="55.2235811390"><ele>162.57</ele><time>2018-08-20T13:22:52Z</time><extensions><gpxtpx:TrackPointExtension><gpxtpx:depth>0.00</gpxtpx:depth></gpxtpx:TrackPointExtension></extensions></trkpt><trkpt lat="55.1150601357" lon="55.2244789246"><ele>163.66</ele><time>2018-08-20T13:23:16Z</time><extensions><gpxtpx:TrackPointExtension><gpxtpx:depth>0.00</gpxtpx:depth></gpxtpx:TrackPointExtension></extensions></trkpt><trkpt lat="55.1142660342" lon="55.2253348846"><ele>164.85</ele><time>2018-08-20T13:23:42Z</time><extensions><gpxtpx:TrackPointExtension><gpxtpx:depth>0.00</gpxtpx:depth></gpxtpx:TrackPointExtension></extensions></trkpt><trkpt lat="55.1134959050" lon="55.2261828817"><ele>166.39</ele><time>2018-08-20T13:24:07Z</time><extensions><gpxtpx:TrackPointExtension><gpxtpx:depth>0.00</gpxtpx:depth></gpxtpx:TrackPointExtension></extensions></trkpt><trkpt lat="55.1127318945" lon="55.2270195633"><ele>167.12</ele><time>2018-08-20T13:24:32Z</time><extensions><gpxtpx:TrackPointExtension><gpxtpx:depth>0.00</gpxtpx:depth></gpxtpx:TrackPointExtension></extensions></trkpt><trkpt lat="55.1119652856" lon="55.2278574184"><ele>168.00</ele><time>2018-08-20T13:24:56Z</time><extensions><gpxtpx:TrackPointExtension><gpxtpx:depth>0.00</gpxtpx:depth></gpxtpx:TrackPointExtension></extensions></trkpt><trkpt lat="55.1111703459" lon="55.2287241910"><ele>168.48</ele><time>2018-08-20T13:25:19Z</time><extensions><gpxtpx:TrackPointExtension><gpxtpx:depth>0.00</gpxtpx:depth></gpxtpx:TrackPointExtension></extensions></trkpt><trkpt lat="55.1104004681" lon="55.2295682486"><ele>168.58</ele><time>2018-08-20T13:25:41Z</time><extensions><gpxtpx:TrackPointExtension><gpxtpx:depth>0.00</gpxtpx:depth></gpxtpx:TrackPointExtension></extensions></trkpt><trkpt lat="55.1096308418" lon="55.2304194309"><ele>168.52</ele><time>2018-08-20T13:26:01Z</time><extensions><gpxtpx:TrackPointExtension><gpxtpx:depth>0.00</gpxtpx:depth></gpxtpx:TrackPointExtension></extensions></trkpt><trkpt lat="55.1088524982" lon="55.2312612254"><ele>168.27</ele><time>2018-08-20T13:26:20Z</time><extensions><gpxtpx:TrackPointExtension><gpxtpx:depth>0.00</gpxtpx:depth></gpxtpx:TrackPointExtension></extensions></trkpt><trkpt lat="55.1080521941" lon="55.2321358770"><ele>167.19</ele><time>2018-08-20T13:26:38Z</time><extensions><gpxtpx:TrackPointExtension><gpxtpx:depth>0.00</gpxtpx:depth></gpxtpx:TrackPointExtension></extensions></trkpt><trkpt lat="55.1072432566" lon="55.2330419607"><ele>166.19</ele><time>2018-08-20T13:26:52Z</time><extensions><gpxtpx:TrackPointExtension><gpxtpx:depth>0.00</gpxtpx:depth></gpxtpx:TrackPointExtension></extensions></trkpt><trkpt lat="55.1064769831" lon="55.2338742837"><ele>165.24</ele><time>2018-08-20T13:27:04Z</time><extensions><gpxtpx:TrackPointExtension><gpxtpx:depth>0.00</gpxtpx:depth></gpxtpx:TrackPointExtension></extensions></trkpt><trkpt lat="55.1057023276" lon="55.2347246278"><ele>163.38</ele><time>2018-08-20T13:27:16Z</time><extensions><gpxtpx:TrackPointExtension><gpxtpx:depth>0.00</gpxtpx:depth></gpxtpx:TrackPointExtension></extensions></trkpt><trkpt lat="55.1049118303" lon="55.2355844434"><ele>161.78</ele><time>2018-08-20T13:27:29Z</time><extensions><gpxtpx:TrackPointExtension><gpxtpx:depth>0.00</gpxtpx:depth></gpxtpx:TrackPointExtension></extensions></trkpt><trkpt lat="55.1041137893" lon="55.2364517190"><ele>161.58</ele><time>2018-08-20T13:27:43Z</time><extensions><gpxtpx:TrackPointExtension><gpxtpx:depth>0.00</gpxtpx:depth></gpxtpx:TrackPointExtension></extensions></trkpt><trkpt lat="55.1033330150" lon="55.2373195812"><ele>162.94</ele><time>2018-08-20T13:28:01Z</time><extensions><gpxtpx:TrackPointExtension><gpxtpx:depth>0.00</gpxtpx:depth></gpxtpx:TrackPointExtension></extensions></trkpt><trkpt lat="55.1025563478" lon="55.2381595317"><ele>164.68</ele><time>2018-08-20T13:28:24Z</time><extensions><gpxtpx:TrackPointExtension><gpxtpx:depth>0.00</gpxtpx:depth></gpxtpx:TrackPointExtension></extensions></trkpt><trkpt lat="55.1017758250" lon="55.2390164137"><ele>167.13</ele><time>2018-08-20T13:28:51Z</time><extensions><gpxtpx:TrackPointExtension><gpxtpx:depth>0.00</gpxtpx:depth></gpxtpx:TrackPointExtension></extensions></trkpt><trkpt lat="55.1009999961" lon="55.2398576215"><ele>170.03</ele><time>2018-08-20T13:29:27Z</time><extensions><gpxtpx:TrackPointExtension><gpxtpx:depth>0.00</gpxtpx:depth></gpxtpx:TrackPointExtension></extensions></trkpt><trkpt lat="55.1002301183" lon="55.2406948898"><ele>172.74</ele><time>2018-08-20T13:30:03Z</time><extensions><gpxtpx:TrackPointExtension><gpxtpx:depth>0.00</gpxtpx:depth></gpxtpx:TrackPointExtension></extensions></trkpt><trkpt lat="55.0994578935" lon="55.2415336668"><ele>175.10</ele><time>2018-08-20T13:30:51Z</time><extensions><gpxtpx:TrackPointExtension><gpxtpx:depth>0.00</gpxtpx:depth></gpxtpx:TrackPointExtension></extensions></trkpt><trkpt lat="55.0986608583" lon="55.2424060553"><ele>176.74</ele><time>2018-08-20T13:31:26Z</time><extensions><gpxtpx:TrackPointExtension><gpxtpx:depth>0.00</gpxtpx:depth></gpxtpx:TrackPointExtension></extensions></trkpt><trkpt lat="55.0978852808" lon="55.2432564832"><ele>178.63</ele><time>2018-08-20T13:31:57Z</time><extensions><gpxtpx:TrackPointExtension><gpxtpx:depth>0.00</gpxtpx:depth></gpxtpx:TrackPointExtension></extensions></trkpt><trkpt lat="55.0970986392" lon="55.2441255189"><ele>179.76</ele><time>2018-08-20T13:32:29Z</time><extensions><gpxtpx:TrackPointExtension><gpxtpx:depth>0.00</gpxtpx:depth></gpxtpx:TrackPointExtension></extensions></trkpt><trkpt lat="55.0963299349" lon="55.2449673135"><ele>180.84</ele><time>2018-08-20T13:32:57Z</time><extensions><gpxtpx:TrackPointExtension><gpxtpx:depth>0.00</gpxtpx:depth></gpxtpx:TrackPointExtension></extensions></trkpt><trkpt lat="55.0955385156" lon="55.2458471619"><ele>182.30</ele><time>2018-08-20T13:33:25Z</time><extensions><gpxtpx:TrackPointExtension><gpxtpx:depth>0.00</gpxtpx:depth></gpxtpx:TrackPointExtension></extensions></trkpt><trkpt lat="55.0947575737" lon="55.2466796525"><ele>183.08</ele><time>2018-08-20T13:33:54Z</time><extensions><gpxtpx:TrackPointExtension><gpxtpx:depth>0.00</gpxtpx:depth></gpxtpx:TrackPointExtension></extensions></trkpt><trkpt lat="55.0939700939" lon="55.2475062758"><ele>183.72</ele><time>2018-08-20T13:34:22Z</time><extensions><gpxtpx:TrackPointExtension><gpxtpx:depth>0.00</gpxtpx:depth></gpxtpx:TrackPointExtension></extensions></trkpt><trkpt lat="55.0931974500" lon="55.2483663429"><ele>184.28</ele><time>2018-08-20T13:34:48Z</time><extensions><gpxtpx:TrackPointExtension><gpxtpx:depth>0.00</gpxtpx:depth></gpxtpx:TrackPointExtension></extensions></trkpt><trkpt lat="55.0924134068" lon="55.2492181119"><ele>184.01</ele><time>2018-08-20T13:35:13Z</time><extensions><gpxtpx:TrackPointExtension><gpxtpx:depth>0.00</gpxtpx:depth></gpxtpx:TrackPointExtension></extensions></trkpt><trkpt lat="55.0916179642" lon="55.2500853036"><ele>184.14</ele><time>2018-08-20T13:35:37Z</time><extensions><gpxtpx:TrackPointExtension><gpxtpx:depth>0.00</gpxtpx:depth></gpxtpx:TrackPointExtension></extensions></trkpt><trkpt lat="55.0908497628" lon="55.2509452030"><ele>184.39</ele><time>2018-08-20T13:36:02Z</time><extensions><gpxtpx:TrackPointExtension><gpxtpx:depth>0.00</gpxtpx:depth></gpxtpx:TrackPointExtension></extensions></trkpt><trkpt lat="55.0900628697" lon="55.2517962176"><ele>184.94</ele><time>2018-08-20T13:36:26Z</time><extensions><gpxtpx:TrackPointExtension><gpxtpx:depth>0.00</gpxtpx:depth></gpxtpx:TrackPointExtension></extensions></trkpt><trkpt lat="55.0893090013" lon="55.2526840288"><ele>184.77</ele><time>2018-08-20T13:36:50Z</time><extensions><gpxtpx:TrackPointExtension><gpxtpx:depth>0.00</gpxtpx:depth></gpxtpx:TrackPointExtension></extensions></trkpt><trkpt lat="55.0885501876" lon="55.2536305133"><ele>184.60</ele><time>2018-08-20T13:37:13Z</time><extensions><gpxtpx:TrackPointExtension><gpxtpx:depth>0.00</gpxtpx:depth></gpxtpx:TrackPointExtension></extensions></trkpt><trkpt lat="55.0878061261" lon="55.2546279598"><ele>184.18</ele><time>2018-08-20T13:37:35Z</time><extensions><gpxtpx:TrackPointExtension><gpxtpx:depth>0.00</gpxtpx:depth></gpxtpx:TrackPointExtension></extensions></trkpt><trkpt lat="55.0871002860" lon="55.2556427568"><ele>183.31</ele><time>2018-08-20T13:37:55Z</time><extensions><gpxtpx:TrackPointExtension><gpxtpx:depth>0.00</gpxtpx:depth></gpxtpx:TrackPointExtension></extensions></trkpt><trkpt lat="55.0864106230" lon="55.2566867229"><ele>182.34</ele><time>2018-08-20T13:38:12Z</time><extensions><gpxtpx:TrackPointExtension><gpxtpx:depth>0.00</gpxtpx:depth></gpxtpx:TrackPointExtension></extensions></trkpt><trkpt lat="55.0857505482" lon="55.2577764541"><ele>181.11</ele><time>2018-08-20T13:38:28Z</time><extensions><gpxtpx:TrackPointExtension><gpxtpx:depth>0.00</gpxtpx:depth></gpxtpx:TrackPointExtension></extensions></trkpt><trkpt lat="55.0851140264" lon="55.2589118667"><ele>179.66</ele><time>2018-08-20T13:38:43Z</time><extensions><gpxtpx:TrackPointExtension><gpxtpx:depth>0.00</gpxtpx:depth></gpxtpx:TrackPointExtension></extensions></trkpt><trkpt lat="55.0844697934" lon="55.2601102274"><ele>178.48</ele><time>2018-08-20T13:38:57Z</time><extensions><gpxtpx:TrackPointExtension><gpxtpx:depth>0.00</gpxtpx:depth></gpxtpx:TrackPointExtension></extensions></trkpt><trkpt lat="55.0838712417" lon="55.2613188140"><ele>176.39</ele><time>2018-08-20T13:39:09Z</time><extensions><gpxtpx:TrackPointExtension><gpxtpx:depth>0.00</gpxtpx:depth></gpxtpx:TrackPointExtension></extensions></trkpt><trkpt lat="55.0832757074" lon="55.2626258042"><ele>173.45</ele><time>2018-08-20T13:39:20Z</time><extensions><gpxtpx:TrackPointExtension><gpxtpx:depth>0.00</gpxtpx:depth></gpxtpx:TrackPointExtension></extensions></trkpt><trkpt lat="55.0827046484" lon="55.2639667410"><ele>171.01</ele><time>2018-08-20T13:39:30Z</time><extensions><gpxtpx:TrackPointExtension><gpxtpx:depth>0.00</gpxtpx:depth></gpxtpx:TrackPointExtension></extensions></trkpt><trkpt lat="55.0821484253" lon="55.2652934287"><ele>168.12</ele><time>2018-08-20T13:39:39Z</time><extensions><gpxtpx:TrackPointExtension><gpxtpx:depth>0.00</gpxtpx:depth></gpxtpx:TrackPointExtension></extensions></trkpt><trkpt lat="55.0815709960" lon="55.2666707430"><ele>164.24</ele><time>2018-08-20T13:39:48Z</time><extensions><gpxtpx:TrackPointExtension><gpxtpx:depth>0.00</gpxtpx:depth></gpxtpx:TrackPointExtension></extensions></trkpt><trkpt lat="55.0810356438" lon="55.2679327223"><ele>161.05</ele><time>2018-08-20T13:39:56Z</time><extensions><gpxtpx:TrackPointExtension><gpxtpx:depth>0.00</gpxtpx:depth></gpxtpx:TrackPointExtension></extensions></trkpt><trkpt lat="55.0804871321" lon="55.2692136448"><ele>157.29</ele><time>2018-08-20T13:40:04Z</time><extensions><gpxtpx:TrackPointExtension><gpxtpx:depth>0.00</gpxtpx:depth></gpxtpx:TrackPointExtension></extensions></trkpt><trkpt lat="55.0799646880" lon="55.2704959922"><ele>153.53</ele><time>2018-08-20T13:40:12Z</time><extensions><gpxtpx:TrackPointExtension><gpxtpx:depth>0.00</gpxtpx:depth></gpxtpx:TrackPointExtension></extensions></trkpt><trkpt lat="55.0794129912" lon="55.2718424611"><ele>149.87</ele><time>2018-08-20T13:40:21Z</time><extensions><gpxtpx:TrackPointExtension><gpxtpx:depth>0.00</gpxtpx:depth></gpxtpx:TrackPointExtension></extensions></trkpt><trkpt lat="55.0788785610" lon="55.2731305081"><ele>146.83</ele><time>2018-08-20T13:40:31Z</time><extensions><gpxtpx:TrackPointExtension><gpxtpx:depth>0.00</gpxtpx:depth></gpxtpx:TrackPointExtension></extensions></trkpt><trkpt lat="55.0783370901" lon="55.2744292002"><ele>146.75</ele><time>2018-08-20T13:40:45Z</time><extensions><gpxtpx:TrackPointExtension><gpxtpx:depth>0.00</gpxtpx:depth></gpxtpx:TrackPointExtension></extensions></trkpt><trkpt lat="55.0777862314" lon="55.2757252101"><ele>149.32</ele><time>2018-08-20T13:41:07Z</time><extensions><gpxtpx:TrackPointExtension><gpxtpx:depth>0.00</gpxtpx:depth></gpxtpx:TrackPointExtension></extensions></trkpt><trkpt lat="55.0772300083" lon="55.2770313621"><ele>152.23</ele><time>2018-08-20T13:41:37Z</time><extensions><gpxtpx:TrackPointExtension><gpxtpx:depth>0.00</gpxtpx:depth></gpxtpx:TrackPointExtension></extensions></trkpt><trkpt lat="55.0766848493" lon="55.2783138771"><ele>154.71</ele><time>2018-08-20T13:42:09Z</time><extensions><gpxtpx:TrackPointExtension><gpxtpx:depth>0.00</gpxtpx:depth></gpxtpx:TrackPointExtension></extensions></trkpt><trkpt lat="55.0761390198" lon="55.2796065342"><ele>156.44</ele><time>2018-08-20T13:42:42Z</time><extensions><gpxtpx:TrackPointExtension><gpxtpx:depth>0.00</gpxtpx:depth></gpxtpx:TrackPointExtension></extensions></trkpt><trkpt lat="55.0755902566" lon="55.2809012029"><ele>157.57</ele><time>2018-08-20T13:43:17Z</time><extensions><gpxtpx:TrackPointExtension><gpxtpx:depth>0.00</gpxtpx:depth></gpxtpx:TrackPointExtension></extensions></trkpt><trkpt lat="55.0750563294" lon="55.2821869869"><ele>158.07</ele><time>2018-08-20T13:43:48Z</time><extensions><gpxtpx:TrackPointExtension><gpxtpx:depth>0.00</gpxtpx:depth></gpxtpx:TrackPointExtension></extensions></trkpt><trkpt lat="55.0745312031" lon="55.2834655624"><ele>158.76</ele><time>2018-08-20T13:44:17Z</time><extensions><gpxtpx:TrackPointExtension><gpxtpx:depth>0.00</gpxtpx:depth></gpxtpx:TrackPointExtension></extensions></trkpt><trkpt lat="55.0740152132" lon="55.2847547829"><ele>159.34</ele><time>2018-08-20T13:44:48Z</time><extensions><gpxtpx:TrackPointExtension><gpxtpx:depth>0.00</gpxtpx:depth></gpxtpx:TrackPointExtension></extensions></trkpt><trkpt lat="55.0734922662" lon="55.2860092185"><ele>159.60</ele><time>2018-08-20T13:45:16Z</time><extensions><gpxtpx:TrackPointExtension><gpxtpx:depth>0.00</gpxtpx:depth></gpxtpx:TrackPointExtension></extensions></trkpt><trkpt lat="55.0729721691" lon="55.2872651629"><ele>159.26</ele><time>2018-08-20T13:45:43Z</time><extensions><gpxtpx:TrackPointExtension><gpxtpx:depth>0.00</gpxtpx:depth></gpxtpx:TrackPointExtension></extensions></trkpt><trkpt lat="55.0724130124" lon="55.2885541320"><ele>159.06</ele><time>2018-08-20T13:46:09Z</time><extensions><gpxtpx:TrackPointExtension><gpxtpx:depth>0.00</gpxtpx:depth></gpxtpx:TrackPointExtension></extensions></trkpt><trkpt lat="55.0718666799" lon="55.2898836695"><ele>158.25</ele><time>2018-08-20T13:46:34Z</time><extensions><gpxtpx:TrackPointExtension><gpxtpx:depth>0.00</gpxtpx:depth></gpxtpx:TrackPointExtension></extensions></trkpt><trkpt lat="55.0713480916" lon="55.2911870554"><ele>157.79</ele><time>2018-08-20T13:46:59Z</time><extensions><gpxtpx:TrackPointExtension><gpxtpx:depth>0.00</gpxtpx:depth></gpxtpx:TrackPointExtension></extensions></trkpt><trkpt lat="55.0707797147" lon="55.2924670558"><ele>157.29</ele><time>2018-08-20T13:47:25Z</time><extensions><gpxtpx:TrackPointExtension><gpxtpx:depth>0.00</gpxtpx:depth></gpxtpx:TrackPointExtension></extensions></trkpt><trkpt lat="55.0702383276" lon="55.2937434521"><ele>156.83</ele><time>2018-08-20T13:47:47Z</time><extensions><gpxtpx:TrackPointExtension><gpxtpx:depth>0.00</gpxtpx:depth></gpxtpx:TrackPointExtension></extensions></trkpt><trkpt lat="55.0697234273" lon="55.2950470895"><ele>156.58</ele><time>2018-08-20T13:48:11Z</time><extensions><gpxtpx:TrackPointExtension><gpxtpx:depth>0.00</gpxtpx:depth></gpxtpx:TrackPointExtension></extensions></trkpt><trkpt lat="55.0691827945" lon="55.2963135950"><ele>156.41</ele><time>2018-08-20T13:48:35Z</time><extensions><gpxtpx:TrackPointExtension><gpxtpx:depth>0.00</gpxtpx:depth></gpxtpx:TrackPointExtension></extensions></trkpt><trkpt lat="55.0686577521" lon="55.2975924220"><ele>156.09</ele><time>2018-08-20T13:48:57Z</time><extensions><gpxtpx:TrackPointExtension><gpxtpx:depth>0.00</gpxtpx:depth></gpxtpx:TrackPointExtension></extensions></trkpt><trkpt lat="55.0681035407" lon="55.2989196125"><ele>155.71</ele><time>2018-08-20T13:49:20Z</time><extensions><gpxtpx:TrackPointExtension><gpxtpx:depth>0.00</gpxtpx:depth></gpxtpx:TrackPointExtension></extensions></trkpt><trkpt lat="55.0675872155" lon="55.3002336435"><ele>155.14</ele><time>2018-08-20T13:49:43Z</time><extensions><gpxtpx:TrackPointExtension><gpxtpx:depth>0.00</gpxtpx:depth></gpxtpx:TrackPointExtension></extensions></trkpt><trkpt lat="55.0671033282" lon="55.3015398793"><ele>154.86</ele><time>2018-08-20T13:50:09Z</time><extensions><gpxtpx:TrackPointExtension><gpxtpx:depth>0.00</gpxtpx:depth></gpxtpx:TrackPointExtension></extensions></trkpt><trkpt lat="55.0666423235" lon="55.3029224742"><ele>156.42</ele><time>2018-08-20T13:50:50Z</time><extensions><gpxtpx:TrackPointExtension><gpxtpx:depth>0.00</gpxtpx:depth></gpxtpx:TrackPointExtension></extensions></trkpt><trkpt lat="55.0662054587" lon="55.3043417819"><ele>159.98</ele><time>2018-08-20T13:51:32Z</time><extensions><gpxtpx:TrackPointExtension><gpxtpx:depth>0.00</gpxtpx:depth></gpxtpx:TrackPointExtension></extensions></trkpt><trkpt lat="55.0658170413" lon="55.3057565633"><ele>163.54</ele><time>2018-08-20T13:52:17Z</time><extensions><gpxtpx:TrackPointExtension><gpxtpx:depth>0.00</gpxtpx:depth></gpxtpx:TrackPointExtension></extensions></trkpt><trkpt lat="55.0654670130" lon="55.3071995080"><ele>167.55</ele><time>2018-08-20T13:53:00Z</time><extensions><gpxtpx:TrackPointExtension><gpxtpx:depth>0.00</gpxtpx:depth></gpxtpx:TrackPointExtension></extensions></trkpt><trkpt lat="55.0651579723" lon="55.3086963482"><ele>171.01</ele><time>2018-08-20T13:53:45Z</time><extensions><gpxtpx:TrackPointExtension><gpxtpx:depth>0.00</gpxtpx:depth></gpxtpx:TrackPointExtension></extensions></trkpt><trkpt lat="55.0648673717" lon="55.3102295659"><ele>173.93</ele><time>2018-08-20T13:54:26Z</time><extensions><gpxtpx:TrackPointExtension><gpxtpx:depth>0.00</gpxtpx:depth></gpxtpx:TrackPointExtension></extensions></trkpt><trkpt lat="55.0646211952" lon="55.3117880970"><ele>175.88</ele><time>2018-08-20T13:55:04Z</time><extensions><gpxtpx:TrackPointExtension><gpxtpx:depth>0.00</gpxtpx:depth></gpxtpx:TrackPointExtension></extensions></trkpt><trkpt lat="55.0644220412" lon="55.3133279365"><ele>177.58</ele><time>2018-08-20T13:55:42Z</time><extensions><gpxtpx:TrackPointExtension><gpxtpx:depth>0.00</gpxtpx:depth></gpxtpx:TrackPointExtension></extensions></trkpt><trkpt lat="55.0642756931" lon="55.3149273712"><ele>178.60</ele><time>2018-08-20T13:56:18Z</time><extensions><gpxtpx:TrackPointExtension><gpxtpx:depth>0.00</gpxtpx:depth></gpxtpx:TrackPointExtension></extensions></trkpt><trkpt lat="55.0641499646" lon="55.3165294882"><ele>178.52</ele><time>2018-08-20T13:56:48Z</time><extensions><gpxtpx:TrackPointExtension><gpxtpx:depth>0.00</gpxtpx:depth></gpxtpx:TrackPointExtension></extensions></trkpt><trkpt lat="55.0640530698" lon="55.3181394003"><ele>178.40</ele><time>2018-08-20T13:57:14Z</time><extensions><gpxtpx:TrackPointExtension><gpxtpx:depth>0.00</gpxtpx:depth></gpxtpx:TrackPointExtension></extensions></trkpt><trkpt lat="55.0640671514" lon="55.3197003622"><ele>178.06</ele><time>2018-08-20T13:57:39Z</time><extensions><gpxtpx:TrackPointExtension><gpxtpx:depth>0.00</gpxtpx:depth></gpxtpx:TrackPointExtension></extensions></trkpt><trkpt lat="55.0640808139" lon="55.3212970309"><ele>177.76</ele><time>2018-08-20T13:58:05Z</time><extensions><gpxtpx:TrackPointExtension><gpxtpx:depth>0.00</gpxtpx:depth></gpxtpx:TrackPointExtension></extensions></trkpt><trkpt lat="55.0641132519" lon="55.3228933644"><ele>177.18</ele><time>2018-08-20T13:58:28Z</time><extensions><gpxtpx:TrackPointExtension><gpxtpx:depth>0.00</gpxtpx:depth></gpxtpx:TrackPointExtension></extensions></trkpt><trkpt lat="55.0642168522" lon="55.3245273326"><ele>176.77</ele><time>2018-08-20T13:58:50Z</time><extensions><gpxtpx:TrackPointExtension><gpxtpx:depth>0.00</gpxtpx:depth></gpxtpx:TrackPointExtension></extensions></trkpt><trkpt lat="55.0643698219" lon="55.3260711953"><ele>175.67</ele><time>2018-08-20T13:59:09Z</time><extensions><gpxtpx:TrackPointExtension><gpxtpx:depth>0.00</gpxtpx:depth></gpxtpx:TrackPointExtension></extensions></trkpt><trkpt lat="55.0645626895" lon="55.3276541177"><ele>174.44</ele><time>2018-08-20T13:59:26Z</time><extensions><gpxtpx:TrackPointExtension><gpxtpx:depth>0.00</gpxtpx:depth></gpxtpx:TrackPointExtension></extensions></trkpt><trkpt lat="55.0647912640" lon="55.3292201925"><ele>173.14</ele><time>2018-08-20T13:59:40Z</time><extensions><gpxtpx:TrackPointExtension><gpxtpx:depth>0.00</gpxtpx:depth></gpxtpx:TrackPointExtension></extensions></trkpt><trkpt lat="55.0650537014" lon="55.3308410011"><ele>171.22</ele><time>2018-08-20T13:59:53Z</time><extensions><gpxtpx:TrackPointExtension><gpxtpx:depth>0.00</gpxtpx:depth></gpxtpx:TrackPointExtension></extensions></trkpt><trkpt lat="55.0653601438" lon="55.3324652463"><ele>168.58</ele><time>2018-08-20T14:00:05Z</time><extensions><gpxtpx:TrackPointExtension><gpxtpx:depth>0.00</gpxtpx:depth></gpxtpx:TrackPointExtension></extensions></trkpt><trkpt lat="55.0656551030" lon="55.3340244479"><ele>166.37</ele><time>2018-08-20T14:00:16Z</time><extensions><gpxtpx:TrackPointExtension><gpxtpx:depth>0.00</gpxtpx:depth></gpxtpx:TrackPointExtension></extensions></trkpt><trkpt lat="55.0659609586" lon="55.3355967253"><ele>164.21</ele><time>2018-08-20T14:00:27Z</time><extensions><gpxtpx:TrackPointExtension><gpxtpx:depth>0.00</gpxtpx:depth></gpxtpx:TrackPointExtension></extensions></trkpt><trkpt lat="55.0662468653" lon="55.3371431027"><ele>161.57</ele><time>2018-08-20T14:00:38Z</time><extensions><gpxtpx:TrackPointExtension><gpxtpx:depth>0.00</gpxtpx:depth></gpxtpx:TrackPointExtension></extensions></trkpt><trkpt lat="55.0665395614" lon="55.3387841955"><ele>159.01</ele><time>2018-08-20T14:00:50Z</time><extensions><gpxtpx:TrackPointExtension><gpxtpx:depth>0.00</gpxtpx:depth></gpxtpx:TrackPointExtension></extensions></trkpt><trkpt lat="55.0667783618" lon="55.3403705545"><ele>156.71</ele><time>2018-08-20T14:01:02Z</time><extensions><gpxtpx:TrackPointExtension><gpxtpx:depth>0.00</gpxtpx:depth></gpxtpx:TrackPointExtension></extensions></trkpt><trkpt lat="55.0669865683" lon="55.3419885971"><ele>154.58</ele><time>2018-08-20T14:01:15Z</time><extensions><gpxtpx:TrackPointExtension><gpxtpx:depth>0.00</gpxtpx:depth></gpxtpx:TrackPointExtension></extensions></trkpt><trkpt lat="55.0671486743" lon="55.3436102439"><ele>152.91</ele><time>2018-08-20T14:01:29Z</time><extensions><gpxtpx:TrackPointExtension><gpxtpx:depth>0.00</gpxtpx:depth></gpxtpx:TrackPointExtension></extensions></trkpt><trkpt lat="55.0672792643" lon="55.3452320583"><ele>151.01</ele><time>2018-08-20T14:01:44Z</time><extensions><gpxtpx:TrackPointExtension><gpxtpx:depth>0.00</gpxtpx:depth></gpxtpx:TrackPointExtension></extensions></trkpt><trkpt lat="55.0673584733" lon="55.3468081914"><ele>149.93</ele><time>2018-08-20T14:02:00Z</time><extensions><gpxtpx:TrackPointExtension><gpxtpx:depth>0.00</gpxtpx:depth></gpxtpx:TrackPointExtension></extensions></trkpt><trkpt lat="55.0674047414" lon="55.3484452609"><ele>149.31</ele><time>2018-08-20T14:02:20Z</time><extensions><gpxtpx:TrackPointExtension><gpxtpx:depth>0.00</gpxtpx:depth></gpxtpx:TrackPointExtension></extensions></trkpt><trkpt lat="55.0673982874" lon="55.3500207234"><ele>149.22</ele><time>2018-08-20T14:02:41Z</time><extensions><gpxtpx:TrackPointExtension><gpxtpx:depth>0.00</gpxtpx:depth></gpxtpx:TrackPointExtension></extensions></trkpt><trkpt lat="55.0673681125" lon="55.3515915759"><ele>149.42</ele><time>2018-08-20T14:03:05Z</time><extensions><gpxtpx:TrackPointExtension><gpxtpx:depth>0.00</gpxtpx:depth></gpxtpx:TrackPointExtension></extensions></trkpt><trkpt lat="55.0672959443" lon="55.3531657811"><ele>149.81</ele><time>2018-08-20T14:03:31Z</time><extensions><gpxtpx:TrackPointExtension><gpxtpx:depth>0.00</gpxtpx:depth></gpxtpx:TrackPointExtension></extensions></trkpt><trkpt lat="55.0671827886" lon="55.3547275811"><ele>149.69</ele><time>2018-08-20T14:03:55Z</time><extensions><gpxtpx:TrackPointExtension><gpxtpx:depth>0.00</gpxtpx:depth></gpxtpx:TrackPointExtension></extensions></trkpt><trkpt lat="55.0670361053" lon="55.3562783170"><ele>149.29</ele><time>2018-08-20T14:04:20Z</time><extensions><gpxtpx:TrackPointExtension><gpxtpx:depth>0.00</gpxtpx:depth></gpxtpx:TrackPointExtension></extensions></trkpt><trkpt lat="55.0668587442" lon="55.3578597307"><ele>149.47</ele><time>2018-08-20T14:04:46Z</time><extensions><gpxtpx:TrackPointExtension><gpxtpx:depth>0.00</gpxtpx:depth></gpxtpx:TrackPointExtension></extensions></trkpt><trkpt lat="55.0666219555" lon="55.3594125621"><ele>149.33</ele><time>2018-08-20T14:05:15Z</time><extensions><gpxtpx:TrackPointExtension><gpxtpx:depth>0.00</gpxtpx:depth></gpxtpx:TrackPointExtension></extensions></trkpt><trkpt lat="55.0663294271" lon="55.3609595262"><ele>149.90</ele><time>2018-08-20T14:05:40Z</time><extensions><gpxtpx:TrackPointExtension><gpxtpx:depth>0.00</gpxtpx:depth></gpxtpx:TrackPointExtension></extensions></trkpt><trkpt lat="55.0660425145" lon="55.3624694422"><ele>150.39</ele><time>2018-08-20T14:06:04Z</time><extensions><gpxtpx:TrackPointExtension><gpxtpx:depth>0.00</gpxtpx:depth></gpxtpx:TrackPointExtension></extensions></trkpt><trkpt lat="55.0656915642" lon="55.3639757540"><ele>150.96</ele><time>2018-08-20T14:06:29Z</time><extensions><gpxtpx:TrackPointExtension><gpxtpx:depth>0.00</gpxtpx:depth></gpxtpx:TrackPointExtension></extensions></trkpt><trkpt lat="55.0653318129" lon="55.3654368874"><ele>151.58</ele><time>2018-08-20T14:06:53Z</time><extensions><gpxtpx:TrackPointExtension><gpxtpx:depth>0.00</gpxtpx:depth></gpxtpx:TrackPointExtension></extensions></trkpt><trkpt lat="55.0649174955" lon="55.3668725397"><ele>151.67</ele><time>2018-08-20T14:07:16Z</time><extensions><gpxtpx:TrackPointExtension><gpxtpx:depth>0.00</gpxtpx:depth></gpxtpx:TrackPointExtension></extensions></trkpt><trkpt lat="55.0645099673" lon="55.3682693001"><ele>151.30</ele><time>2018-08-20T14:07:38Z</time><extensions><gpxtpx:TrackPointExtension><gpxtpx:depth>0.00</gpxtpx:depth></gpxtpx:TrackPointExtension></extensions></trkpt><trkpt lat="55.0640777126" lon="55.3697005939"><ele>150.87</ele><time>2018-08-20T14:07:59Z</time><extensions><gpxtpx:TrackPointExtension><gpxtpx:depth>0.00</gpxtpx:depth></gpxtpx:TrackPointExtension></extensions></trkpt><trkpt lat="55.0636762194" lon="55.3711151239"><ele>150.53</ele><time>2018-08-20T14:08:19Z</time><extensions><gpxtpx:TrackPointExtension><gpxtpx:depth>0.00</gpxtpx:depth></gpxtpx:TrackPointExtension></extensions></trkpt><trkpt lat="55.0632822700" lon="55.3725748323"><ele>150.21</ele><time>2018-08-20T14:08:39Z</time><extensions><gpxtpx:TrackPointExtension><gpxtpx:depth>0.00</gpxtpx:depth></gpxtpx:TrackPointExtension></extensions></trkpt><trkpt lat="55.0629026536" lon="55.3740755282"><ele>150.07</ele><time>2018-08-20T14:09:00Z</time><extensions><gpxtpx:TrackPointExtension><gpxtpx:depth>0.00</gpxtpx:depth></gpxtpx:TrackPointExtension></extensions></trkpt><trkpt lat="55.0625818782" lon="55.3755861148"><ele>150.03</ele><time>2018-08-20T14:09:21Z</time><extensions><gpxtpx:TrackPointExtension><gpxtpx:depth>0.00</gpxtpx:depth></gpxtpx:TrackPointExtension></extensions></trkpt><trkpt lat="55.0622745138" lon="55.3771409579"><ele>149.87</ele><time>2018-08-20T14:09:43Z</time><extensions><gpxtpx:TrackPointExtension><gpxtpx:depth>0.00</gpxtpx:depth></gpxtpx:TrackPointExtension></extensions></trkpt><trkpt lat="55.0620009284" lon="55.3786438331"><ele>150.02</ele><time>2018-08-20T14:10:03Z</time><extensions><gpxtpx:TrackPointExtension><gpxtpx:depth>0.00</gpxtpx:depth></gpxtpx:TrackPointExtension></extensions></trkpt><trkpt lat="55.0617653131" lon="55.3801896237"><ele>150.33</ele><time>2018-08-20T14:10:24Z</time><extensions><gpxtpx:TrackPointExtension><gpxtpx:depth>0.00</gpxtpx:depth></gpxtpx:TrackPointExtension></extensions></trkpt><trkpt lat="55.0615524966" lon="55.3817495797"><ele>150.56</ele><time>2018-08-20T14:10:46Z</time><extensions><gpxtpx:TrackPointExtension><gpxtpx:depth>0.00</gpxtpx:depth></gpxtpx:TrackPointExtension></extensions></trkpt><trkpt lat="55.0613822602" lon="55.3832913470"><ele>151.00</ele><time>2018-08-20T14:11:08Z</time><extensions><gpxtpx:TrackPointExtension><gpxtpx:depth>0.00</gpxtpx:depth></gpxtpx:TrackPointExtension></extensions></trkpt><trkpt lat="55.0612349901" lon="55.3848369699"><ele>151.10</ele><time>2018-08-20T14:11:30Z</time><extensions><gpxtpx:TrackPointExtension><gpxtpx:depth>0.00</gpxtpx:depth></gpxtpx:TrackPointExtension></extensions></trkpt><trkpt lat="55.0610988680" lon="55.3864301182"><ele>151.12</ele><time>2018-08-20T14:11:50Z</time><extensions><gpxtpx:TrackPointExtension><gpxtpx:depth>0.00</gpxtpx:depth></gpxtpx:TrackPointExtension></extensions></trkpt><trkpt lat="55.0610144623" lon="55.3880067542"><ele>150.73</ele><time>2018-08-20T14:12:08Z</time><extensions><gpxtpx:TrackPointExtension><gpxtpx:depth>0.00</gpxtpx:depth></gpxtpx:TrackPointExtension></extensions></trkpt><trkpt lat="55.0609507598" lon="55.3896313347"><ele>150.45</ele><time>2018-08-20T14:12:24Z</time><extensions><gpxtpx:TrackPointExtension><gpxtpx:depth>0.00</gpxtpx:depth></gpxtpx:TrackPointExtension></extensions></trkpt><trkpt lat="55.0609141309" lon="55.3912345413"><ele>150.13</ele><time>2018-08-20T14:12:41Z</time><extensions><gpxtpx:TrackPointExtension><gpxtpx:depth>0.00</gpxtpx:depth></gpxtpx:TrackPointExtension></extensions></trkpt><trkpt lat="55.0608842913" lon="55.3928571939"><ele>150.15</ele><time>2018-08-20T14:12:59Z</time><extensions><gpxtpx:TrackPointExtension><gpxtpx:depth>0.00</gpxtpx:depth></gpxtpx:TrackPointExtension></extensions></trkpt><trkpt lat="55.0608526915" lon="55.3944974486"><ele>150.53</ele><time>2018-08-20T14:13:18Z</time><extensions><gpxtpx:TrackPointExtension><gpxtpx:depth>0.00</gpxtpx:depth></gpxtpx:TrackPointExtension></extensions></trkpt><trkpt lat="55.0608086027" lon="55.3961125575"><ele>150.94</ele><time>2018-08-20T14:13:37Z</time><extensions><gpxtpx:TrackPointExtension><gpxtpx:depth>0.00</gpxtpx:depth></gpxtpx:TrackPointExtension></extensions></trkpt><trkpt lat="55.0607794337" lon="55.3976891097"><ele>150.82</ele><time>2018-08-20T14:13:55Z</time><extensions><gpxtpx:TrackPointExtension><gpxtpx:depth>0.00</gpxtpx:depth></gpxtpx:TrackPointExtension></extensions></trkpt><trkpt lat="55.0607435592" lon="55.3993235808"><ele>151.13</ele><time>2018-08-20T14:14:12Z</time><extensions><gpxtpx:TrackPointExtension><gpxtpx:depth>0.00</gpxtpx:depth></gpxtpx:TrackPointExtension></extensions></trkpt><trkpt lat="55.0607005600" lon="55.4009120353"><ele>151.24</ele><time>2018-08-20T14:14:29Z</time><extensions><gpxtpx:TrackPointExtension><gpxtpx:depth>0.00</gpxtpx:depth></gpxtpx:TrackPointExtension></extensions></trkpt><trkpt lat="55.0606603269" lon="55.4025191814"><ele>151.11</ele><time>2018-08-20T14:14:45Z</time><extensions><gpxtpx:TrackPointExtension><gpxtpx:depth>0.00</gpxtpx:depth></gpxtpx:TrackPointExtension></extensions></trkpt><trkpt lat="55.0606252905" lon="55.4041109048"><ele>150.95</ele><time>2018-08-20T14:15:02Z</time><extensions><gpxtpx:TrackPointExtension><gpxtpx:depth>0.00</gpxtpx:depth></gpxtpx:TrackPointExtension></extensions></trkpt><trkpt lat="55.0605734065" lon="55.4057221580"><ele>150.95</ele><time>2018-08-20T14:15:19Z</time><extensions><gpxtpx:TrackPointExtension><gpxtpx:depth>0.00</gpxtpx:depth></gpxtpx:TrackPointExtension></extensions></trkpt><trkpt lat="55.0605390407" lon="55.4073082656"><ele>151.26</ele><time>2018-08-20T14:15:36Z</time><extensions><gpxtpx:TrackPointExtension><gpxtpx:depth>0.00</gpxtpx:depth></gpxtpx:TrackPointExtension></extensions></trkpt><trkpt lat="55.0605045911" lon="55.4088888410"><ele>151.58</ele><time>2018-08-20T14:15:55Z</time><extensions><gpxtpx:TrackPointExtension><gpxtpx:depth>0.00</gpxtpx:depth></gpxtpx:TrackPointExtension></extensions></trkpt><trkpt lat="55.0604822114" lon="55.4105135892"><ele>152.26</ele><time>2018-08-20T14:16:14Z</time><extensions><gpxtpx:TrackPointExtension><gpxtpx:depth>0.00</gpxtpx:depth></gpxtpx:TrackPointExtension></extensions></trkpt><trkpt lat="55.0604442414" lon="55.4120800830"><ele>152.77</ele><time>2018-08-20T14:16:32Z</time><extensions><gpxtpx:TrackPointExtension><gpxtpx:depth>0.00</gpxtpx:depth></gpxtpx:TrackPointExtension></extensions></trkpt><trkpt lat="55.0604019966" lon="55.4136916716"><ele>153.36</ele><time>2018-08-20T14:16:51Z</time><extensions><gpxtpx:TrackPointExtension><gpxtpx:depth>0.00</gpxtpx:depth></gpxtpx:TrackPointExtension></extensions></trkpt><trkpt lat="55.0603662897" lon="55.4153180122"><ele>153.63</ele><time>2018-08-20T14:17:11Z</time><extensions><gpxtpx:TrackPointExtension><gpxtpx:depth>0.00</gpxtpx:depth></gpxtpx:TrackPointExtension></extensions></trkpt><trkpt lat="55.0603282358" lon="55.4169358872"><ele>153.91</ele><time>2018-08-20T14:17:33Z</time><extensions><gpxtpx:TrackPointExtension><gpxtpx:depth>0.00</gpxtpx:depth></gpxtpx:TrackPointExtension></extensions></trkpt><trkpt lat="55.0602380466" lon="55.4185556062"><ele>153.85</ele><time>2018-08-20T14:17:54Z</time><extensions><gpxtpx:TrackPointExtension><gpxtpx:depth>0.00</gpxtpx:depth></gpxtpx:TrackPointExtension></extensions></trkpt><trkpt lat="55.0600815564" lon="55.4201547056"><ele>153.69</ele><time>2018-08-20T14:18:14Z</time><extensions><gpxtpx:TrackPointExtension><gpxtpx:depth>0.00</gpxtpx:depth></gpxtpx:TrackPointExtension></extensions></trkpt><trkpt lat="55.0598644651" lon="55.4217274021"><ele>153.71</ele><time>2018-08-20T14:18:34Z</time><extensions><gpxtpx:TrackPointExtension><gpxtpx:depth>0.00</gpxtpx:depth></gpxtpx:TrackPointExtension></extensions></trkpt><trkpt lat="55.0595785584" lon="55.4232866038"><ele>154.18</ele><time>2018-08-20T14:18:55Z</time><extensions><gpxtpx:TrackPointExtension><gpxtpx:depth>0.00</gpxtpx:depth></gpxtpx:TrackPointExtension></extensions></trkpt><trkpt lat="55.0592468027" lon="55.4247696139"><ele>155.42</ele><time>2018-08-20T14:19:21Z</time><extensions><gpxtpx:TrackPointExtension><gpxtpx:depth>0.00</gpxtpx:depth></gpxtpx:TrackPointExtension></extensions></trkpt><trkpt lat="55.0588609837" lon="55.4261779413"><ele>158.73</ele><time>2018-08-20T14:19:58Z</time><extensions><gpxtpx:TrackPointExtension><gpxtpx:depth>0.00</gpxtpx:depth></gpxtpx:TrackPointExtension></extensions></trkpt><trkpt lat="55.0584025774" lon="55.4275623802"><ele>162.54</ele><time>2018-08-20T14:20:43Z</time><extensions><gpxtpx:TrackPointExtension><gpxtpx:depth>0.00</gpxtpx:depth></gpxtpx:TrackPointExtension></extensions></trkpt><trkpt lat="55.0579279941" lon="55.4289099388"><ele>166.45</ele><time>2018-08-20T14:21:24Z</time><extensions><gpxtpx:TrackPointExtension><gpxtpx:depth>0.00</gpxtpx:depth></gpxtpx:TrackPointExtension></extensions></trkpt><trkpt lat="55.0573793985" lon="55.4301620275"><ele>170.34</ele><time>2018-08-20T14:22:13Z</time><extensions><gpxtpx:TrackPointExtension><gpxtpx:depth>0.00</gpxtpx:depth></gpxtpx:TrackPointExtension></extensions></trkpt><trkpt lat="55.0567655917" lon="55.4313163832"><ele>174.35</ele><time>2018-08-20T14:22:58Z</time><extensions><gpxtpx:TrackPointExtension><gpxtpx:depth>0.00</gpxtpx:depth></gpxtpx:TrackPointExtension></extensions></trkpt><trkpt lat="55.0562204327" lon="55.4322830681"><ele>177.30</ele><time>2018-08-20T14:27:11Z</time><extensions><gpxtpx:TrackPointExtension><gpxtpx:depth>0.00</gpxtpx:depth></gpxtpx:TrackPointExtension></extensions></trkpt><trkpt lat="55.0555278361" lon="55.4333724640"><ele>179.62</ele><time>2018-08-20T14:27:58Z</time><extensions><gpxtpx:TrackPointExtension><gpxtpx:depth>0.00</gpxtpx:depth></gpxtpx:TrackPointExtension></extensions></trkpt><trkpt lat="55.0548338145" lon="55.4344047792"><ele>181.78</ele><time>2018-08-20T14:28:42Z</time><extensions><gpxtpx:TrackPointExtension><gpxtpx:depth>0.00</gpxtpx:depth></gpxtpx:TrackPointExtension></extensions></trkpt><trkpt lat="55.0541346800" lon="55.4354058299"><ele>183.63</ele><time>2018-08-20T14:29:20Z</time><extensions><gpxtpx:TrackPointExtension><gpxtpx:depth>0.00</gpxtpx:depth></gpxtpx:TrackPointExtension></extensions></trkpt><trkpt lat="55.0534199551" lon="55.4363975767"><ele>186.10</ele><time>2018-08-20T14:29:51Z</time><extensions><gpxtpx:TrackPointExtension><gpxtpx:depth>0.00</gpxtpx:depth></gpxtpx:TrackPointExtension></extensions></trkpt><trkpt lat="55.0527007878" lon="55.4373951908"><ele>189.07</ele><time>2018-08-20T14:30:24Z</time><extensions><gpxtpx:TrackPointExtension><gpxtpx:depth>0.00</gpxtpx:depth></gpxtpx:TrackPointExtension></extensions></trkpt><trkpt lat="55.0519711431" lon="55.4383905418"><ele>191.94</ele><time>2018-08-20T14:30:57Z</time><extensions><gpxtpx:TrackPointExtension><gpxtpx:depth>0.00</gpxtpx:depth></gpxtpx:TrackPointExtension></extensions></trkpt><trkpt lat="55.0512509700" lon="55.4393984657"><ele>195.33</ele><time>2018-08-20T14:31:34Z</time><extensions><gpxtpx:TrackPointExtension><gpxtpx:depth>0.00</gpxtpx:depth></gpxtpx:TrackPointExtension></extensions></trkpt><trkpt lat="55.0505332276" lon="55.4404000193"><ele>198.48</ele><time>2018-08-20T14:32:08Z</time><extensions><gpxtpx:TrackPointExtension><gpxtpx:depth>0.00</gpxtpx:depth></gpxtpx:TrackPointExtension></extensions></trkpt><trkpt lat="55.0497913454" lon="55.4414069373"><ele>201.06</ele><time>2018-08-20T14:32:43Z</time><extensions><gpxtpx:TrackPointExtension><gpxtpx:depth>0.00</gpxtpx:depth></gpxtpx:TrackPointExtension></extensions></trkpt><trkpt lat="55.0490646344" lon="55.4424256738"><ele>202.71</ele><time>2018-08-20T14:33:16Z</time><extensions><gpxtpx:TrackPointExtension><gpxtpx:depth>0.00</gpxtpx:depth></gpxtpx:TrackPointExtension></extensions></trkpt><trkpt lat="55.0483377557" lon="55.4434136488"><ele>204.65</ele><time>2018-08-20T14:33:46Z</time><extensions><gpxtpx:TrackPointExtension><gpxtpx:depth>0.00</gpxtpx:depth></gpxtpx:TrackPointExtension></extensions></trkpt><trkpt lat="55.0476120505" lon="55.4443425313"><ele>205.19</ele><time>2018-08-20T14:34:14Z</time><extensions><gpxtpx:TrackPointExtension><gpxtpx:depth>0.00</gpxtpx:depth></gpxtpx:TrackPointExtension></extensions></trkpt><trkpt lat="55.0468377303" lon="55.4451834038"><ele>205.49</ele><time>2018-08-20T14:34:41Z</time><extensions><gpxtpx:TrackPointExtension><gpxtpx:depth>0.00</gpxtpx:depth></gpxtpx:TrackPointExtension></extensions></trkpt><trkpt lat="55.0461032242" lon="55.4452856630"><ele>204.74</ele><time>2018-08-20T14:35:14Z</time><extensions><gpxtpx:TrackPointExtension><gpxtpx:depth>0.00</gpxtpx:depth></gpxtpx:TrackPointExtension></extensions></trkpt><trkpt lat="55.0461056549" lon="55.4441380966"><ele>203.73</ele><time>2018-08-20T14:35:55Z</time><extensions><gpxtpx:TrackPointExtension><gpxtpx:depth>0.00</gpxtpx:depth></gpxtpx:TrackPointExtension></extensions></trkpt><trkpt lat="55.0468444359" lon="55.4432605952"><ele>202.56</ele><time>2018-08-20T14:36:29Z</time><extensions><gpxtpx:TrackPointExtension><gpxtpx:depth>0.00</gpxtpx:depth></gpxtpx:TrackPointExtension></extensions></trkpt><trkpt lat="55.0467829965" lon="55.4420089256"><ele>202.70</ele><time>2018-08-20T14:37:12Z</time><extensions><gpxtpx:TrackPointExtension><gpxtpx:depth>0.00</gpxtpx:depth></gpxtpx:TrackPointExtension></extensions></trkpt><trkpt lat="55.0467496365" lon="55.4423473869"><ele>202.82</ele><time>2018-08-20T14:47:09Z</time><extensions><gpxtpx:TrackPointExtension><gpxtpx:depth>0.00</gpxtpx:depth></gpxtpx:TrackPointExtension></extensions></trkpt><trkpt lat="55.0466966629" lon="55.4423799925"><ele>203.26</ele><time>2018-08-20T14:50:17Z</time><extensions><gpxtpx:TrackPointExtension><gpxtpx:depth>0.00</gpxtpx:depth></gpxtpx:TrackPointExtension></extensions></trkpt></trkseg></trk></gpx>