<?xml version="1.0" encoding="UTF-8" standalone="no" ?><gpx xmlns="http://www.topografix.com/GPX/1/1" xmlns:gpxx="http://www.garmin.com/xmlschemas/GpxExtensions/v3" xmlns:gpxtrkx="http://www.garmin.com/xmlschemas/TrackStatsExtension/v1" xmlns:wptx1="http://www.garmin.com/xmlschemas/WaypointExtension/v1" xmlns:gpxtpx="http://www.garmin.com/xmlschemas/TrackPointExtension/v1" creator="eTrex Touch 35t" version="1.1" xmlns:xsi="http://www.w3.org/2001/XMLSchema-instance" xsi:schemaLocation="http://www.topografix.com/GPX/1/1 http://www.topografix.com/GPX/1/1/gpx.xsd http://www.garmin.com/xmlschemas/GpxExtensions/v3 http://www8.garmin.com/xmlschemas/GpxExtensionsv3.xsd http://www.garmin.com/xmlschemas/TrackStatsExtension/v1 http://www8.garmin.com/xmlschemas/TrackStatsExtension.xsd http://www.garmin.com/xmlschemas/WaypointExtension/v1 http://www8.garmin.com/xmlschemas/WaypointExtensionv1.xsd http://www.garmin.com/xmlschemas/TrackPointExtension/v1 http://www.garmin.com/xmlschemas/TrackPointExtensionv1.xsd"><metadata><link href="http://www.garmin.com"><text>Garmin International</text></link><time>2018-08-15T16:53:55Z</time></metadata><trk><name>2018-08-15 19:53:51</name><extensions><gpxx:TrackExtension><gpxx:DisplayColor>Cyan</gpxx:DisplayColor></gpxx:TrackExtension><gpxtrkx:TrackStatsExtension><gpxtrkx:Distance>108111.000</gpxtrkx:Distance><gpxtrkx:TimerTime>38807</gpxtrkx:TimerTime><gpxtrkx:TotalElapsedTime>85638</gpxtrkx:TotalElapsedTime><gpxtrkx:MovingTime>28275</gpxtrkx:MovingTime><gpxtrkx:StoppedTime>10771</gpxtrkx:StoppedTime><gpxtrkx:MovingSpeed>3.825</gpxtrkx:MovingSpeed><gpxtrkx:MaxSpeed>13.349</gpxtrkx:MaxSpeed><gpxtrkx:MaxElevation>201.239</gpxtrkx:MaxElevation><gpxtrkx:MinElevation>54.720</gpxtrkx:MinElevation><gpxtrkx:Ascent>521.000</gpxtrkx:Ascent><gpxtrkx:Descent>498.002</gpxtrkx:Descent><gpxtrkx:AvgAscentRate>0.034</gpxtrkx:AvgAscentRate><gpxtrkx:MaxAscentRate>0.196</gpxtrkx:MaxAscentRate><gpxtrkx:AvgDescentRate>0.057</gpxtrkx:AvgDescentRate><gpxtrkx:MaxDescentRate>-0.513</gpxtrkx:MaxDescentRate><gpxtrkx:Calories>1941</gpxtrkx:Calories></gpxtrkx:TrackStatsExtension></extensions><trkseg><trkpt lat="56.0662038065" lon="48.3679144923"><ele>95.86</ele><time>2018-08-14T17:09:15Z</time><extensions><gpxtpx:TrackPointExtension><gpxtpx:depth>0.00</gpxtpx:depth></gpxtpx:TrackPointExtension></extensions></trkpt><trkpt lat="56.0662047286" lon="48.3679107204"><ele>95.86</ele><time>2018-08-14T17:09:16Z</time><extensions><gpxtpx:TrackPointExtension><gpxtpx:depth>0.00</gpxtpx:depth></gpxtpx:TrackPointExtension></extensions></trkpt><trkpt lat="56.0662071593" lon="48.3679001592"><ele>95.87</ele><time>2018-08-14T17:09:18Z</time><extensions><gpxtpx:TrackPointExtension><gpxtpx:depth>0.00</gpxtpx:depth></gpxtpx:TrackPointExtension></extensions></trkpt><trkpt lat="56.0662082490" lon="48.3678973932"><ele>95.87</ele><time>2018-08-14T17:09:19Z</time><extensions><gpxtpx:TrackPointExtension><gpxtpx:depth>0.00</gpxtpx:depth></gpxtpx:TrackPointExtension></extensions></trkpt><trkpt lat="56.0662094224" lon="48.3678949624"><ele>95.87</ele><time>2018-08-14T17:09:20Z</time><extensions><gpxtpx:TrackPointExtension><gpxtpx:depth>0.00</gpxtpx:depth></gpxtpx:TrackPointExtension></extensions></trkpt><trkpt lat="56.0662103444" lon="48.3678919449"><ele>95.87</ele><time>2018-08-14T17:09:21Z</time><extensions><gpxtpx:TrackPointExtension><gpxtpx:depth>0.00</gpxtpx:depth></gpxtpx:TrackPointExtension></extensions></trkpt><trkpt lat="56.0662162118" lon="48.3678720798"><ele>95.82</ele><time>2018-08-14T17:09:30Z</time><extensions><gpxtpx:TrackPointExtension><gpxtpx:depth>0.00</gpxtpx:depth></gpxtpx:TrackPointExtension></extensions></trkpt><trkpt lat="56.0661867075" lon="48.3682921808"><ele>64.76</ele><time>2018-08-15T06:05:18Z</time><extensions><gpxtpx:TrackPointExtension><gpxtpx:depth>0.00</gpxtpx:depth></gpxtpx:TrackPointExtension></extensions></trkpt><trkpt lat="56.0662043095" lon="48.3683304023"><ele>64.80</ele><time>2018-08-15T06:05:23Z</time><extensions><gpxtpx:TrackPointExtension><gpxtpx:depth>0.00</gpxtpx:depth></gpxtpx:TrackPointExtension></extensions></trkpt><trkpt lat="56.0662077460" lon="48.3681273926"><ele>64.66</ele><time>2018-08-15T06:06:02Z</time><extensions><gpxtpx:TrackPointExtension><gpxtpx:depth>0.00</gpxtpx:depth></gpxtpx:TrackPointExtension></extensions></trkpt><trkpt lat="56.0664843488" lon="48.3677877579"><ele>64.47</ele><time>2018-08-15T06:14:32Z</time><extensions><gpxtpx:TrackPointExtension><gpxtpx:depth>0.00</gpxtpx:depth></gpxtpx:TrackPointExtension></extensions></trkpt><trkpt lat="56.0666820779" lon="48.3663412090"><ele>64.27</ele><time>2018-08-15T06:17:11Z</time><extensions><gpxtpx:TrackPointExtension><gpxtpx:depth>0.00</gpxtpx:depth></gpxtpx:TrackPointExtension></extensions></trkpt><trkpt lat="56.0658231843" lon="48.3668634854"><ele>64.49</ele><time>2018-08-15T06:18:30Z</time><extensions><gpxtpx:TrackPointExtension><gpxtpx:depth>0.00</gpxtpx:depth></gpxtpx:TrackPointExtension></extensions></trkpt><trkpt lat="56.0649449285" lon="48.3674384002"><ele>64.56</ele><time>2018-08-15T06:19:16Z</time><extensions><gpxtpx:TrackPointExtension><gpxtpx:depth>0.00</gpxtpx:depth></gpxtpx:TrackPointExtension></extensions></trkpt><trkpt lat="56.0640948359" lon="48.3678823896"><ele>65.44</ele><time>2018-08-15T06:19:50Z</time><extensions><gpxtpx:TrackPointExtension><gpxtpx:depth>0.00</gpxtpx:depth></gpxtpx:TrackPointExtension></extensions></trkpt><trkpt lat="56.0632241238" lon="48.3685148880"><ele>66.21</ele><time>2018-08-15T06:20:14Z</time><extensions><gpxtpx:TrackPointExtension><gpxtpx:depth>0.00</gpxtpx:depth></gpxtpx:TrackPointExtension></extensions></trkpt><trkpt lat="56.0623828322" lon="48.3691270184"><ele>66.48</ele><time>2018-08-15T06:20:37Z</time><extensions><gpxtpx:TrackPointExtension><gpxtpx:depth>0.00</gpxtpx:depth></gpxtpx:TrackPointExtension></extensions></trkpt><trkpt lat="56.0614927579" lon="48.3697367180"><ele>66.45</ele><time>2018-08-15T06:20:59Z</time><extensions><gpxtpx:TrackPointExtension><gpxtpx:depth>0.00</gpxtpx:depth></gpxtpx:TrackPointExtension></extensions></trkpt><trkpt lat="56.0606247280" lon="48.3703456633"><ele>65.96</ele><time>2018-08-15T06:21:22Z</time><extensions><gpxtpx:TrackPointExtension><gpxtpx:depth>0.00</gpxtpx:depth></gpxtpx:TrackPointExtension></extensions></trkpt><trkpt lat="56.0597589612" lon="48.3708313107"><ele>65.18</ele><time>2018-08-15T06:21:42Z</time><extensions><gpxtpx:TrackPointExtension><gpxtpx:depth>0.00</gpxtpx:depth></gpxtpx:TrackPointExtension></extensions></trkpt><trkpt lat="56.0588657856" lon="48.3712515794"><ele>64.22</ele><time>2018-08-15T06:22:01Z</time><extensions><gpxtpx:TrackPointExtension><gpxtpx:depth>0.00</gpxtpx:depth></gpxtpx:TrackPointExtension></extensions></trkpt><trkpt lat="56.0579754598" lon="48.3716333751"><ele>63.68</ele><time>2018-08-15T06:22:20Z</time><extensions><gpxtpx:TrackPointExtension><gpxtpx:depth>0.00</gpxtpx:depth></gpxtpx:TrackPointExtension></extensions></trkpt><trkpt lat="56.0570696276" lon="48.3720081300"><ele>63.57</ele><time>2018-08-15T06:22:40Z</time><extensions><gpxtpx:TrackPointExtension><gpxtpx:depth>0.00</gpxtpx:depth></gpxtpx:TrackPointExtension></extensions></trkpt><trkpt lat="56.0561560001" lon="48.3723510336"><ele>63.85</ele><time>2018-08-15T06:23:01Z</time><extensions><gpxtpx:TrackPointExtension><gpxtpx:depth>0.00</gpxtpx:depth></gpxtpx:TrackPointExtension></extensions></trkpt><trkpt lat="56.0552429594" lon="48.3727348410"><ele>64.21</ele><time>2018-08-15T06:23:22Z</time><extensions><gpxtpx:TrackPointExtension><gpxtpx:depth>0.00</gpxtpx:depth></gpxtpx:TrackPointExtension></extensions></trkpt><trkpt lat="56.0543304216" lon="48.3730535209"><ele>65.02</ele><time>2018-08-15T06:23:45Z</time><extensions><gpxtpx:TrackPointExtension><gpxtpx:depth>0.00</gpxtpx:depth></gpxtpx:TrackPointExtension></extensions></trkpt><trkpt lat="56.0534200631" lon="48.3734087460"><ele>66.00</ele><time>2018-08-15T06:24:09Z</time><extensions><gpxtpx:TrackPointExtension><gpxtpx:depth>0.00</gpxtpx:depth></gpxtpx:TrackPointExtension></extensions></trkpt><trkpt lat="56.0525083635" lon="48.3737821598"><ele>67.32</ele><time>2018-08-15T06:24:34Z</time><extensions><gpxtpx:TrackPointExtension><gpxtpx:depth>0.00</gpxtpx:depth></gpxtpx:TrackPointExtension></extensions></trkpt><trkpt lat="56.0516016930" lon="48.3741453476"><ele>68.31</ele><time>2018-08-15T06:24:59Z</time><extensions><gpxtpx:TrackPointExtension><gpxtpx:depth>0.00</gpxtpx:depth></gpxtpx:TrackPointExtension></extensions></trkpt><trkpt lat="56.0506950226" lon="48.3745087031"><ele>68.77</ele><time>2018-08-15T06:25:23Z</time><extensions><gpxtpx:TrackPointExtension><gpxtpx:depth>0.00</gpxtpx:depth></gpxtpx:TrackPointExtension></extensions></trkpt><trkpt lat="56.0497541539" lon="48.3748502657"><ele>68.96</ele><time>2018-08-15T06:25:46Z</time><extensions><gpxtpx:TrackPointExtension><gpxtpx:depth>0.00</gpxtpx:depth></gpxtpx:TrackPointExtension></extensions></trkpt><trkpt lat="56.0488202423" lon="48.3752110228"><ele>68.70</ele><time>2018-08-15T06:26:07Z</time><extensions><gpxtpx:TrackPointExtension><gpxtpx:depth>0.00</gpxtpx:depth></gpxtpx:TrackPointExtension></extensions></trkpt><trkpt lat="56.0478992388" lon="48.3755655773"><ele>68.58</ele><time>2018-08-15T06:26:27Z</time><extensions><gpxtpx:TrackPointExtension><gpxtpx:depth>0.00</gpxtpx:depth></gpxtpx:TrackPointExtension></extensions></trkpt><trkpt lat="56.0469932389" lon="48.3759135939"><ele>67.87</ele><time>2018-08-15T06:26:49Z</time><extensions><gpxtpx:TrackPointExtension><gpxtpx:depth>0.00</gpxtpx:depth></gpxtpx:TrackPointExtension></extensions></trkpt><trkpt lat="56.0460817069" lon="48.3762813080"><ele>67.27</ele><time>2018-08-15T06:27:11Z</time><extensions><gpxtpx:TrackPointExtension><gpxtpx:depth>0.00</gpxtpx:depth></gpxtpx:TrackPointExtension></extensions></trkpt><trkpt lat="56.0451622959" lon="48.3765943721"><ele>66.91</ele><time>2018-08-15T06:27:31Z</time><extensions><gpxtpx:TrackPointExtension><gpxtpx:depth>0.00</gpxtpx:depth></gpxtpx:TrackPointExtension></extensions></trkpt><trkpt lat="56.0442801006" lon="48.3769371081"><ele>67.06</ele><time>2018-08-15T06:27:52Z</time><extensions><gpxtpx:TrackPointExtension><gpxtpx:depth>0.00</gpxtpx:depth></gpxtpx:TrackPointExtension></extensions></trkpt><trkpt lat="56.0433896910" lon="48.3772817720"><ele>67.46</ele><time>2018-08-15T06:28:13Z</time><extensions><gpxtpx:TrackPointExtension><gpxtpx:depth>0.00</gpxtpx:depth></gpxtpx:TrackPointExtension></extensions></trkpt><trkpt lat="56.0424603056" lon="48.3776472230"><ele>68.06</ele><time>2018-08-15T06:28:34Z</time><extensions><gpxtpx:TrackPointExtension><gpxtpx:depth>0.00</gpxtpx:depth></gpxtpx:TrackPointExtension></extensions></trkpt><trkpt lat="56.0415674653" lon="48.3780642226"><ele>68.44</ele><time>2018-08-15T06:28:55Z</time><extensions><gpxtpx:TrackPointExtension><gpxtpx:depth>0.00</gpxtpx:depth></gpxtpx:TrackPointExtension></extensions></trkpt><trkpt lat="56.0406242497" lon="48.3783647977"><ele>68.09</ele><time>2018-08-15T06:29:16Z</time><extensions><gpxtpx:TrackPointExtension><gpxtpx:depth>0.00</gpxtpx:depth></gpxtpx:TrackPointExtension></extensions></trkpt><trkpt lat="56.0397019051" lon="48.3787104674"><ele>67.55</ele><time>2018-08-15T06:29:36Z</time><extensions><gpxtpx:TrackPointExtension><gpxtpx:depth>0.00</gpxtpx:depth></gpxtpx:TrackPointExtension></extensions></trkpt><trkpt lat="56.0388203803" lon="48.3790754993"><ele>67.73</ele><time>2018-08-15T06:29:57Z</time><extensions><gpxtpx:TrackPointExtension><gpxtpx:depth>0.00</gpxtpx:depth></gpxtpx:TrackPointExtension></extensions></trkpt><trkpt lat="56.0378702078" lon="48.3794367593"><ele>68.12</ele><time>2018-08-15T06:30:21Z</time><extensions><gpxtpx:TrackPointExtension><gpxtpx:depth>0.00</gpxtpx:depth></gpxtpx:TrackPointExtension></extensions></trkpt><trkpt lat="56.0369744338" lon="48.3797796629"><ele>68.54</ele><time>2018-08-15T06:30:42Z</time><extensions><gpxtpx:TrackPointExtension><gpxtpx:depth>0.00</gpxtpx:depth></gpxtpx:TrackPointExtension></extensions></trkpt><trkpt lat="56.0360720381" lon="48.3801111672"><ele>68.70</ele><time>2018-08-15T06:31:02Z</time><extensions><gpxtpx:TrackPointExtension><gpxtpx:depth>0.00</gpxtpx:depth></gpxtpx:TrackPointExtension></extensions></trkpt><trkpt lat="56.0351073649" lon="48.3804749418"><ele>68.38</ele><time>2018-08-15T06:31:23Z</time><extensions><gpxtpx:TrackPointExtension><gpxtpx:depth>0.00</gpxtpx:depth></gpxtpx:TrackPointExtension></extensions></trkpt><trkpt lat="56.0342140216" lon="48.3808493614"><ele>68.25</ele><time>2018-08-15T06:31:42Z</time><extensions><gpxtpx:TrackPointExtension><gpxtpx:depth>0.00</gpxtpx:depth></gpxtpx:TrackPointExtension></extensions></trkpt><trkpt lat="56.0332894139" lon="48.3811796922"><ele>66.98</ele><time>2018-08-15T06:32:01Z</time><extensions><gpxtpx:TrackPointExtension><gpxtpx:depth>0.00</gpxtpx:depth></gpxtpx:TrackPointExtension></extensions></trkpt><trkpt lat="56.0323522333" lon="48.3815377671"><ele>66.07</ele><time>2018-08-15T06:32:19Z</time><extensions><gpxtpx:TrackPointExtension><gpxtpx:depth>0.00</gpxtpx:depth></gpxtpx:TrackPointExtension></extensions></trkpt><trkpt lat="56.0314407852" lon="48.3818872087"><ele>65.17</ele><time>2018-08-15T06:32:35Z</time><extensions><gpxtpx:TrackPointExtension><gpxtpx:depth>0.00</gpxtpx:depth></gpxtpx:TrackPointExtension></extensions></trkpt><trkpt lat="56.0305155069" lon="48.3821362350"><ele>64.07</ele><time>2018-08-15T06:32:51Z</time><extensions><gpxtpx:TrackPointExtension><gpxtpx:depth>0.00</gpxtpx:depth></gpxtpx:TrackPointExtension></extensions></trkpt><trkpt lat="56.0295763984" lon="48.3822770510"><ele>63.41</ele><time>2018-08-15T06:33:09Z</time><extensions><gpxtpx:TrackPointExtension><gpxtpx:depth>0.00</gpxtpx:depth></gpxtpx:TrackPointExtension></extensions></trkpt><trkpt lat="56.0286284052" lon="48.3823203016"><ele>62.54</ele><time>2018-08-15T06:33:29Z</time><extensions><gpxtpx:TrackPointExtension><gpxtpx:depth>0.00</gpxtpx:depth></gpxtpx:TrackPointExtension></extensions></trkpt><trkpt lat="56.0276892968" lon="48.3823027834"><ele>62.13</ele><time>2018-08-15T06:33:48Z</time><extensions><gpxtpx:TrackPointExtension><gpxtpx:depth>0.00</gpxtpx:depth></gpxtpx:TrackPointExtension></extensions></trkpt><trkpt lat="56.0267659463" lon="48.3821830899"><ele>61.43</ele><time>2018-08-15T06:34:06Z</time><extensions><gpxtpx:TrackPointExtension><gpxtpx:depth>0.00</gpxtpx:depth></gpxtpx:TrackPointExtension></extensions></trkpt><trkpt lat="56.0258372314" lon="48.3820010349"><ele>61.13</ele><time>2018-08-15T06:34:24Z</time><extensions><gpxtpx:TrackPointExtension><gpxtpx:depth>0.00</gpxtpx:depth></gpxtpx:TrackPointExtension></extensions></trkpt><trkpt lat="56.0249325726" lon="48.3818064909"><ele>62.31</ele><time>2018-08-15T06:34:47Z</time><extensions><gpxtpx:TrackPointExtension><gpxtpx:depth>0.00</gpxtpx:depth></gpxtpx:TrackPointExtension></extensions></trkpt><trkpt lat="56.0240171850" lon="48.3816411160"><ele>65.30</ele><time>2018-08-15T06:35:13Z</time><extensions><gpxtpx:TrackPointExtension><gpxtpx:depth>0.00</gpxtpx:depth></gpxtpx:TrackPointExtension></extensions></trkpt><trkpt lat="56.0230950918" lon="48.3814571332"><ele>66.48</ele><time>2018-08-15T06:35:38Z</time><extensions><gpxtpx:TrackPointExtension><gpxtpx:depth>0.00</gpxtpx:depth></gpxtpx:TrackPointExtension></extensions></trkpt><trkpt lat="56.0221542232" lon="48.3812760003"><ele>67.19</ele><time>2018-08-15T06:36:02Z</time><extensions><gpxtpx:TrackPointExtension><gpxtpx:depth>0.00</gpxtpx:depth></gpxtpx:TrackPointExtension></extensions></trkpt><trkpt lat="56.0212555155" lon="48.3810974658"><ele>67.34</ele><time>2018-08-15T06:36:25Z</time><extensions><gpxtpx:TrackPointExtension><gpxtpx:depth>0.00</gpxtpx:depth></gpxtpx:TrackPointExtension></extensions></trkpt><trkpt lat="56.0203136411" lon="48.3808615990"><ele>67.05</ele><time>2018-08-15T06:36:48Z</time><extensions><gpxtpx:TrackPointExtension><gpxtpx:depth>0.00</gpxtpx:depth></gpxtpx:TrackPointExtension></extensions></trkpt><trkpt lat="56.0193658993" lon="48.3807125688"><ele>66.72</ele><time>2018-08-15T06:37:09Z</time><extensions><gpxtpx:TrackPointExtension><gpxtpx:depth>0.00</gpxtpx:depth></gpxtpx:TrackPointExtension></extensions></trkpt><trkpt lat="56.0184604861" lon="48.3805442601"><ele>66.58</ele><time>2018-08-15T06:37:28Z</time><extensions><gpxtpx:TrackPointExtension><gpxtpx:depth>0.00</gpxtpx:depth></gpxtpx:TrackPointExtension></extensions></trkpt><trkpt lat="56.0175028536" lon="48.3803632110"><ele>65.23</ele><time>2018-08-15T06:37:45Z</time><extensions><gpxtpx:TrackPointExtension><gpxtpx:depth>0.00</gpxtpx:depth></gpxtpx:TrackPointExtension></extensions></trkpt><trkpt lat="56.0165748931" lon="48.3801489696"><ele>63.46</ele><time>2018-08-15T06:37:59Z</time><extensions><gpxtpx:TrackPointExtension><gpxtpx:depth>0.00</gpxtpx:depth></gpxtpx:TrackPointExtension></extensions></trkpt><trkpt lat="56.0156656243" lon="48.3799602930"><ele>61.47</ele><time>2018-08-15T06:38:12Z</time><extensions><gpxtpx:TrackPointExtension><gpxtpx:depth>0.00</gpxtpx:depth></gpxtpx:TrackPointExtension></extensions></trkpt><trkpt lat="56.0147508234" lon="48.3797639050"><ele>60.50</ele><time>2018-08-15T06:38:26Z</time><extensions><gpxtpx:TrackPointExtension><gpxtpx:depth>0.00</gpxtpx:depth></gpxtpx:TrackPointExtension></extensions></trkpt><trkpt lat="56.0138536245" lon="48.3795775753"><ele>59.58</ele><time>2018-08-15T06:38:40Z</time><extensions><gpxtpx:TrackPointExtension><gpxtpx:depth>0.00</gpxtpx:depth></gpxtpx:TrackPointExtension></extensions></trkpt><trkpt lat="56.0129175335" lon="48.3793875575"><ele>59.74</ele><time>2018-08-15T06:38:57Z</time><extensions><gpxtpx:TrackPointExtension><gpxtpx:depth>0.00</gpxtpx:depth></gpxtpx:TrackPointExtension></extensions></trkpt><trkpt lat="56.0119894054" lon="48.3791612461"><ele>59.80</ele><time>2018-08-15T06:39:16Z</time><extensions><gpxtpx:TrackPointExtension><gpxtpx:depth>0.00</gpxtpx:depth></gpxtpx:TrackPointExtension></extensions></trkpt><trkpt lat="56.0110858362" lon="48.3790223580"><ele>60.58</ele><time>2018-08-15T06:39:37Z</time><extensions><gpxtpx:TrackPointExtension><gpxtpx:depth>0.00</gpxtpx:depth></gpxtpx:TrackPointExtension></extensions></trkpt><trkpt lat="56.0101630725" lon="48.3789664507"><ele>60.78</ele><time>2018-08-15T06:39:59Z</time><extensions><gpxtpx:TrackPointExtension><gpxtpx:depth>0.00</gpxtpx:depth></gpxtpx:TrackPointExtension></extensions></trkpt><trkpt lat="56.0092137381" lon="48.3789990563"><ele>60.57</ele><time>2018-08-15T06:40:18Z</time><extensions><gpxtpx:TrackPointExtension><gpxtpx:depth>0.00</gpxtpx:depth></gpxtpx:TrackPointExtension></extensions></trkpt><trkpt lat="56.0082662478" lon="48.3790877368"><ele>60.36</ele><time>2018-08-15T06:40:36Z</time><extensions><gpxtpx:TrackPointExtension><gpxtpx:depth>0.00</gpxtpx:depth></gpxtpx:TrackPointExtension></extensions></trkpt><trkpt lat="56.0073219426" lon="48.3793663513"><ele>59.85</ele><time>2018-08-15T06:40:53Z</time><extensions><gpxtpx:TrackPointExtension><gpxtpx:depth>0.00</gpxtpx:depth></gpxtpx:TrackPointExtension></extensions></trkpt><trkpt lat="56.0064179543" lon="48.3796986099"><ele>58.75</ele><time>2018-08-15T06:41:09Z</time><extensions><gpxtpx:TrackPointExtension><gpxtpx:depth>0.00</gpxtpx:depth></gpxtpx:TrackPointExtension></extensions></trkpt><trkpt lat="56.0055212583" lon="48.3800784778"><ele>58.27</ele><time>2018-08-15T06:41:24Z</time><extensions><gpxtpx:TrackPointExtension><gpxtpx:depth>0.00</gpxtpx:depth></gpxtpx:TrackPointExtension></extensions></trkpt><trkpt lat="56.0046037752" lon="48.3805286698"><ele>58.36</ele><time>2018-08-15T06:41:41Z</time><extensions><gpxtpx:TrackPointExtension><gpxtpx:depth>0.00</gpxtpx:depth></gpxtpx:TrackPointExtension></extensions></trkpt><trkpt lat="56.0037275311" lon="48.3809529617"><ele>58.72</ele><time>2018-08-15T06:42:00Z</time><extensions><gpxtpx:TrackPointExtension><gpxtpx:depth>0.00</gpxtpx:depth></gpxtpx:TrackPointExtension></extensions></trkpt><trkpt lat="56.0027979780" lon="48.3813856356"><ele>59.26</ele><time>2018-08-15T06:42:22Z</time><extensions><gpxtpx:TrackPointExtension><gpxtpx:depth>0.00</gpxtpx:depth></gpxtpx:TrackPointExtension></extensions></trkpt><trkpt lat="56.0019011982" lon="48.3817673475"><ele>59.48</ele><time>2018-08-15T06:42:42Z</time><extensions><gpxtpx:TrackPointExtension><gpxtpx:depth>0.00</gpxtpx:depth></gpxtpx:TrackPointExtension></extensions></trkpt><trkpt lat="56.0009894986" lon="48.3820405975"><ele>59.37</ele><time>2018-08-15T06:43:02Z</time><extensions><gpxtpx:TrackPointExtension><gpxtpx:depth>0.00</gpxtpx:depth></gpxtpx:TrackPointExtension></extensions></trkpt><trkpt lat="56.0000567604" lon="48.3822798170"><ele>59.02</ele><time>2018-08-15T06:43:21Z</time><extensions><gpxtpx:TrackPointExtension><gpxtpx:depth>0.00</gpxtpx:depth></gpxtpx:TrackPointExtension></extensions></trkpt><trkpt lat="55.9991662670" lon="48.3824406657"><ele>58.56</ele><time>2018-08-15T06:43:39Z</time><extensions><gpxtpx:TrackPointExtension><gpxtpx:depth>0.00</gpxtpx:depth></gpxtpx:TrackPointExtension></extensions></trkpt><trkpt lat="55.9982607700" lon="48.3824924659"><ele>58.59</ele><time>2018-08-15T06:43:58Z</time><extensions><gpxtpx:TrackPointExtension><gpxtpx:depth>0.00</gpxtpx:depth></gpxtpx:TrackPointExtension></extensions></trkpt><trkpt lat="55.9973456338" lon="48.3824192081"><ele>59.03</ele><time>2018-08-15T06:44:21Z</time><extensions><gpxtpx:TrackPointExtension><gpxtpx:depth>0.00</gpxtpx:depth></gpxtpx:TrackPointExtension></extensions></trkpt><trkpt lat="55.9964314196" lon="48.3822099119"><ele>60.39</ele><time>2018-08-15T06:44:46Z</time><extensions><gpxtpx:TrackPointExtension><gpxtpx:depth>0.00</gpxtpx:depth></gpxtpx:TrackPointExtension></extensions></trkpt><trkpt lat="55.9955182951" lon="48.3819674235"><ele>61.92</ele><time>2018-08-15T06:45:12Z</time><extensions><gpxtpx:TrackPointExtension><gpxtpx:depth>0.00</gpxtpx:depth></gpxtpx:TrackPointExtension></extensions></trkpt><trkpt lat="55.9946081042" lon="48.3816239331"><ele>63.10</ele><time>2018-08-15T06:45:39Z</time><extensions><gpxtpx:TrackPointExtension><gpxtpx:depth>0.00</gpxtpx:depth></gpxtpx:TrackPointExtension></extensions></trkpt><trkpt lat="55.9937108215" lon="48.3811809495"><ele>63.45</ele><time>2018-08-15T06:46:02Z</time><extensions><gpxtpx:TrackPointExtension><gpxtpx:depth>0.00</gpxtpx:depth></gpxtpx:TrackPointExtension></extensions></trkpt><trkpt lat="55.9928196575" lon="48.3807411510"><ele>63.99</ele><time>2018-08-15T06:46:25Z</time><extensions><gpxtpx:TrackPointExtension><gpxtpx:depth>0.00</gpxtpx:depth></gpxtpx:TrackPointExtension></extensions></trkpt><trkpt lat="55.9919232130" lon="48.3802892826"><ele>65.22</ele><time>2018-08-15T06:46:50Z</time><extensions><gpxtpx:TrackPointExtension><gpxtpx:depth>0.00</gpxtpx:depth></gpxtpx:TrackPointExtension></extensions></trkpt><trkpt lat="55.9910415206" lon="48.3798504062"><ele>66.80</ele><time>2018-08-15T06:47:17Z</time><extensions><gpxtpx:TrackPointExtension><gpxtpx:depth>0.00</gpxtpx:depth></gpxtpx:TrackPointExtension></extensions></trkpt><trkpt lat="55.9901636839" lon="48.3794106916"><ele>67.76</ele><time>2018-08-15T06:47:42Z</time><extensions><gpxtpx:TrackPointExtension><gpxtpx:depth>0.00</gpxtpx:depth></gpxtpx:TrackPointExtension></extensions></trkpt><trkpt lat="55.9892835841" lon="48.3789676242"><ele>67.97</ele><time>2018-08-15T06:48:06Z</time><extensions><gpxtpx:TrackPointExtension><gpxtpx:depth>0.00</gpxtpx:depth></gpxtpx:TrackPointExtension></extensions></trkpt><trkpt lat="55.9884172305" lon="48.3785378840"><ele>67.80</ele><time>2018-08-15T06:48:28Z</time><extensions><gpxtpx:TrackPointExtension><gpxtpx:depth>0.00</gpxtpx:depth></gpxtpx:TrackPointExtension></extensions></trkpt><trkpt lat="55.9875328559" lon="48.3780175354"><ele>67.69</ele><time>2018-08-15T06:48:51Z</time><extensions><gpxtpx:TrackPointExtension><gpxtpx:depth>0.00</gpxtpx:depth></gpxtpx:TrackPointExtension></extensions></trkpt><trkpt lat="55.9866255987" lon="48.3776139468"><ele>68.28</ele><time>2018-08-15T06:49:15Z</time><extensions><gpxtpx:TrackPointExtension><gpxtpx:depth>0.00</gpxtpx:depth></gpxtpx:TrackPointExtension></extensions></trkpt><trkpt lat="55.9857608378" lon="48.3771708794"><ele>68.50</ele><time>2018-08-15T06:49:39Z</time><extensions><gpxtpx:TrackPointExtension><gpxtpx:depth>0.00</gpxtpx:depth></gpxtpx:TrackPointExtension></extensions></trkpt><trkpt lat="55.9848644771" lon="48.3767327573"><ele>68.72</ele><time>2018-08-15T06:50:01Z</time><extensions><gpxtpx:TrackPointExtension><gpxtpx:depth>0.00</gpxtpx:depth></gpxtpx:TrackPointExtension></extensions></trkpt><trkpt lat="55.9839587286" lon="48.3762812242"><ele>67.89</ele><time>2018-08-15T06:50:21Z</time><extensions><gpxtpx:TrackPointExtension><gpxtpx:depth>0.00</gpxtpx:depth></gpxtpx:TrackPointExtension></extensions></trkpt><trkpt lat="55.9830725938" lon="48.3758323733"><ele>66.35</ele><time>2018-08-15T06:50:38Z</time><extensions><gpxtpx:TrackPointExtension><gpxtpx:depth>0.00</gpxtpx:depth></gpxtpx:TrackPointExtension></extensions></trkpt><trkpt lat="55.9821696952" lon="48.3753695246"><ele>64.01</ele><time>2018-08-15T06:50:55Z</time><extensions><gpxtpx:TrackPointExtension><gpxtpx:depth>0.00</gpxtpx:depth></gpxtpx:TrackPointExtension></extensions></trkpt><trkpt lat="55.9812671319" lon="48.3749114536"><ele>63.01</ele><time>2018-08-15T06:51:14Z</time><extensions><gpxtpx:TrackPointExtension><gpxtpx:depth>0.00</gpxtpx:depth></gpxtpx:TrackPointExtension></extensions></trkpt><trkpt lat="55.9803987667" lon="48.3744755108"><ele>63.21</ele><time>2018-08-15T06:51:32Z</time><extensions><gpxtpx:TrackPointExtension><gpxtpx:depth>0.00</gpxtpx:depth></gpxtpx:TrackPointExtension></extensions></trkpt><trkpt lat="55.9795118775" lon="48.3740377240"><ele>64.31</ele><time>2018-08-15T06:51:54Z</time><extensions><gpxtpx:TrackPointExtension><gpxtpx:depth>0.00</gpxtpx:depth></gpxtpx:TrackPointExtension></extensions></trkpt><trkpt lat="55.9786289278" lon="48.3735882025"><ele>65.66</ele><time>2018-08-15T06:52:19Z</time><extensions><gpxtpx:TrackPointExtension><gpxtpx:depth>0.00</gpxtpx:depth></gpxtpx:TrackPointExtension></extensions></trkpt><trkpt lat="55.9777343273" lon="48.3731440455"><ele>67.18</ele><time>2018-08-15T06:52:48Z</time><extensions><gpxtpx:TrackPointExtension><gpxtpx:depth>0.00</gpxtpx:depth></gpxtpx:TrackPointExtension></extensions></trkpt><trkpt lat="55.9768460132" lon="48.3727037441"><ele>68.96</ele><time>2018-08-15T06:53:15Z</time><extensions><gpxtpx:TrackPointExtension><gpxtpx:depth>0.00</gpxtpx:depth></gpxtpx:TrackPointExtension></extensions></trkpt><trkpt lat="55.9759448748" lon="48.3722668793"><ele>70.65</ele><time>2018-08-15T06:53:43Z</time><extensions><gpxtpx:TrackPointExtension><gpxtpx:depth>0.00</gpxtpx:depth></gpxtpx:TrackPointExtension></extensions></trkpt><trkpt lat="55.9750729892" lon="48.3718279190"><ele>72.87</ele><time>2018-08-15T06:54:09Z</time><extensions><gpxtpx:TrackPointExtension><gpxtpx:depth>0.00</gpxtpx:depth></gpxtpx:TrackPointExtension></extensions></trkpt><trkpt lat="55.9741985053" lon="48.3713991009"><ele>74.31</ele><time>2018-08-15T06:54:35Z</time><extensions><gpxtpx:TrackPointExtension><gpxtpx:depth>0.00</gpxtpx:depth></gpxtpx:TrackPointExtension></extensions></trkpt><trkpt lat="55.9733116161" lon="48.3709621523"><ele>75.50</ele><time>2018-08-15T06:55:04Z</time><extensions><gpxtpx:TrackPointExtension><gpxtpx:depth>0.00</gpxtpx:depth></gpxtpx:TrackPointExtension></extensions></trkpt><trkpt lat="55.9724455141" lon="48.3705221023"><ele>76.80</ele><time>2018-08-15T06:55:32Z</time><extensions><gpxtpx:TrackPointExtension><gpxtpx:depth>0.00</gpxtpx:depth></gpxtpx:TrackPointExtension></extensions></trkpt><trkpt lat="55.9715831000" lon="48.3700819686"><ele>78.32</ele><time>2018-08-15T06:56:01Z</time><extensions><gpxtpx:TrackPointExtension><gpxtpx:depth>0.00</gpxtpx:depth></gpxtpx:TrackPointExtension></extensions></trkpt><trkpt lat="55.9706895892" lon="48.3696196228"><ele>80.09</ele><time>2018-08-15T06:56:30Z</time><extensions><gpxtpx:TrackPointExtension><gpxtpx:depth>0.00</gpxtpx:depth></gpxtpx:TrackPointExtension></extensions></trkpt><trkpt lat="55.9698130935" lon="48.3691439498"><ele>81.45</ele><time>2018-08-15T06:57:00Z</time><extensions><gpxtpx:TrackPointExtension><gpxtpx:depth>0.00</gpxtpx:depth></gpxtpx:TrackPointExtension></extensions></trkpt><trkpt lat="55.9689522721" lon="48.3686745632"><ele>82.54</ele><time>2018-08-15T06:57:30Z</time><extensions><gpxtpx:TrackPointExtension><gpxtpx:depth>0.00</gpxtpx:depth></gpxtpx:TrackPointExtension></extensions></trkpt><trkpt lat="55.9680797160" lon="48.3682063501"><ele>83.22</ele><time>2018-08-15T06:58:08Z</time><extensions><gpxtpx:TrackPointExtension><gpxtpx:depth>0.00</gpxtpx:depth></gpxtpx:TrackPointExtension></extensions></trkpt><trkpt lat="55.9672018792" lon="48.3677860815"><ele>83.67</ele><time>2018-08-15T06:58:39Z</time><extensions><gpxtpx:TrackPointExtension><gpxtpx:depth>0.00</gpxtpx:depth></gpxtpx:TrackPointExtension></extensions></trkpt><trkpt lat="55.9663157444" lon="48.3673362248"><ele>83.92</ele><time>2018-08-15T06:58:59Z</time><extensions><gpxtpx:TrackPointExtension><gpxtpx:depth>0.00</gpxtpx:depth></gpxtpx:TrackPointExtension></extensions></trkpt><trkpt lat="55.9654208086" lon="48.3669547644"><ele>84.31</ele><time>2018-08-15T06:59:21Z</time><extensions><gpxtpx:TrackPointExtension><gpxtpx:depth>0.00</gpxtpx:depth></gpxtpx:TrackPointExtension></extensions></trkpt><trkpt lat="55.9645402059" lon="48.3665149659"><ele>84.94</ele><time>2018-08-15T06:59:45Z</time><extensions><gpxtpx:TrackPointExtension><gpxtpx:depth>0.00</gpxtpx:depth></gpxtpx:TrackPointExtension></extensions></trkpt><trkpt lat="55.9636668116" lon="48.3660750836"><ele>85.41</ele><time>2018-08-15T07:00:09Z</time><extensions><gpxtpx:TrackPointExtension><gpxtpx:depth>0.00</gpxtpx:depth></gpxtpx:TrackPointExtension></extensions></trkpt><trkpt lat="55.9627917409" lon="48.3656516299"><ele>85.93</ele><time>2018-08-15T07:00:32Z</time><extensions><gpxtpx:TrackPointExtension><gpxtpx:depth>0.00</gpxtpx:depth></gpxtpx:TrackPointExtension></extensions></trkpt><trkpt lat="55.9618995711" lon="48.3652700018"><ele>86.27</ele><time>2018-08-15T07:00:57Z</time><extensions><gpxtpx:TrackPointExtension><gpxtpx:depth>0.00</gpxtpx:depth></gpxtpx:TrackPointExtension></extensions></trkpt><trkpt lat="55.9610176273" lon="48.3650338836"><ele>86.57</ele><time>2018-08-15T07:01:21Z</time><extensions><gpxtpx:TrackPointExtension><gpxtpx:depth>0.00</gpxtpx:depth></gpxtpx:TrackPointExtension></extensions></trkpt><trkpt lat="55.9600945283" lon="48.3650110848"><ele>87.47</ele><time>2018-08-15T07:01:47Z</time><extensions><gpxtpx:TrackPointExtension><gpxtpx:depth>0.00</gpxtpx:depth></gpxtpx:TrackPointExtension></extensions></trkpt><trkpt lat="55.9591683280" lon="48.3652073890"><ele>87.95</ele><time>2018-08-15T07:02:12Z</time><extensions><gpxtpx:TrackPointExtension><gpxtpx:depth>0.00</gpxtpx:depth></gpxtpx:TrackPointExtension></extensions></trkpt><trkpt lat="55.9582568798" lon="48.3654326946"><ele>88.38</ele><time>2018-08-15T07:02:38Z</time><extensions><gpxtpx:TrackPointExtension><gpxtpx:depth>0.00</gpxtpx:depth></gpxtpx:TrackPointExtension></extensions></trkpt><trkpt lat="55.9573274106" lon="48.3657080401"><ele>88.85</ele><time>2018-08-15T07:03:02Z</time><extensions><gpxtpx:TrackPointExtension><gpxtpx:depth>0.00</gpxtpx:depth></gpxtpx:TrackPointExtension></extensions></trkpt><trkpt lat="55.9564008750" lon="48.3659657836"><ele>88.67</ele><time>2018-08-15T07:03:25Z</time><extensions><gpxtpx:TrackPointExtension><gpxtpx:depth>0.00</gpxtpx:depth></gpxtpx:TrackPointExtension></extensions></trkpt><trkpt lat="55.9554760996" lon="48.3662485890"><ele>88.10</ele><time>2018-08-15T07:03:47Z</time><extensions><gpxtpx:TrackPointExtension><gpxtpx:depth>0.00</gpxtpx:depth></gpxtpx:TrackPointExtension></extensions></trkpt><trkpt lat="55.9545655735" lon="48.3665351663"><ele>87.56</ele><time>2018-08-15T07:04:08Z</time><extensions><gpxtpx:TrackPointExtension><gpxtpx:depth>0.00</gpxtpx:depth></gpxtpx:TrackPointExtension></extensions></trkpt><trkpt lat="55.9536441509" lon="48.3668210730"><ele>87.68</ele><time>2018-08-15T07:04:30Z</time><extensions><gpxtpx:TrackPointExtension><gpxtpx:depth>0.00</gpxtpx:depth></gpxtpx:TrackPointExtension></extensions></trkpt><trkpt lat="55.9527325351" lon="48.3671099972"><ele>88.09</ele><time>2018-08-15T07:04:51Z</time><extensions><gpxtpx:TrackPointExtension><gpxtpx:depth>0.00</gpxtpx:depth></gpxtpx:TrackPointExtension></extensions></trkpt><trkpt lat="55.9518492501" lon="48.3673876058"><ele>89.56</ele><time>2018-08-15T07:05:14Z</time><extensions><gpxtpx:TrackPointExtension><gpxtpx:depth>0.00</gpxtpx:depth></gpxtpx:TrackPointExtension></extensions></trkpt><trkpt lat="55.9509462677" lon="48.3676772006"><ele>90.68</ele><time>2018-08-15T07:05:38Z</time><extensions><gpxtpx:TrackPointExtension><gpxtpx:depth>0.00</gpxtpx:depth></gpxtpx:TrackPointExtension></extensions></trkpt><trkpt lat="55.9500319697" lon="48.3679558150"><ele>90.86</ele><time>2018-08-15T07:06:01Z</time><extensions><gpxtpx:TrackPointExtension><gpxtpx:depth>0.00</gpxtpx:depth></gpxtpx:TrackPointExtension></extensions></trkpt><trkpt lat="55.9490975551" lon="48.3682392910"><ele>91.34</ele><time>2018-08-15T07:06:23Z</time><extensions><gpxtpx:TrackPointExtension><gpxtpx:depth>0.00</gpxtpx:depth></gpxtpx:TrackPointExtension></extensions></trkpt><trkpt lat="55.9481728636" lon="48.3685070928"><ele>90.82</ele><time>2018-08-15T07:06:41Z</time><extensions><gpxtpx:TrackPointExtension><gpxtpx:depth>0.00</gpxtpx:depth></gpxtpx:TrackPointExtension></extensions></trkpt><trkpt lat="55.9472449031" lon="48.3687828574"><ele>90.05</ele><time>2018-08-15T07:06:57Z</time><extensions><gpxtpx:TrackPointExtension><gpxtpx:depth>0.00</gpxtpx:depth></gpxtpx:TrackPointExtension></extensions></trkpt><trkpt lat="55.9463404119" lon="48.3690087497"><ele>89.37</ele><time>2018-08-15T07:07:13Z</time><extensions><gpxtpx:TrackPointExtension><gpxtpx:depth>0.00</gpxtpx:depth></gpxtpx:TrackPointExtension></extensions></trkpt><trkpt lat="55.9453912452" lon="48.3692460414"><ele>89.68</ele><time>2018-08-15T07:07:35Z</time><extensions><gpxtpx:TrackPointExtension><gpxtpx:depth>0.00</gpxtpx:depth></gpxtpx:TrackPointExtension></extensions></trkpt><trkpt lat="55.9444777854" lon="48.3695153520"><ele>89.63</ele><time>2018-08-15T07:07:56Z</time><extensions><gpxtpx:TrackPointExtension><gpxtpx:depth>0.00</gpxtpx:depth></gpxtpx:TrackPointExtension></extensions></trkpt><trkpt lat="55.9435514174" lon="48.3698221296"><ele>89.68</ele><time>2018-08-15T07:08:17Z</time><extensions><gpxtpx:TrackPointExtension><gpxtpx:depth>0.00</gpxtpx:depth></gpxtpx:TrackPointExtension></extensions></trkpt><trkpt lat="55.9426506981" lon="48.3700685576"><ele>90.15</ele><time>2018-08-15T07:08:39Z</time><extensions><gpxtpx:TrackPointExtension><gpxtpx:depth>0.00</gpxtpx:depth></gpxtpx:TrackPointExtension></extensions></trkpt><trkpt lat="55.9417447820" lon="48.3702807035"><ele>90.07</ele><time>2018-08-15T07:09:00Z</time><extensions><gpxtpx:TrackPointExtension><gpxtpx:depth>0.00</gpxtpx:depth></gpxtpx:TrackPointExtension></extensions></trkpt><trkpt lat="55.9408176597" lon="48.3705423865"><ele>89.40</ele><time>2018-08-15T07:09:23Z</time><extensions><gpxtpx:TrackPointExtension><gpxtpx:depth>0.00</gpxtpx:depth></gpxtpx:TrackPointExtension></extensions></trkpt><trkpt lat="55.9398924652" lon="48.3708351664"><ele>88.57</ele><time>2018-08-15T07:09:44Z</time><extensions><gpxtpx:TrackPointExtension><gpxtpx:depth>0.00</gpxtpx:depth></gpxtpx:TrackPointExtension></extensions></trkpt><trkpt lat="55.9390028100" lon="48.3711423632"><ele>88.77</ele><time>2018-08-15T07:10:03Z</time><extensions><gpxtpx:TrackPointExtension><gpxtpx:depth>0.00</gpxtpx:depth></gpxtpx:TrackPointExtension></extensions></trkpt><trkpt lat="55.9381080419" lon="48.3714255039"><ele>89.18</ele><time>2018-08-15T07:10:21Z</time><extensions><gpxtpx:TrackPointExtension><gpxtpx:depth>0.00</gpxtpx:depth></gpxtpx:TrackPointExtension></extensions></trkpt><trkpt lat="55.9371781535" lon="48.3716978319"><ele>88.92</ele><time>2018-08-15T07:10:39Z</time><extensions><gpxtpx:TrackPointExtension><gpxtpx:depth>0.00</gpxtpx:depth></gpxtpx:TrackPointExtension></extensions></trkpt><trkpt lat="55.9362907615" lon="48.3719564136"><ele>88.57</ele><time>2018-08-15T07:10:58Z</time><extensions><gpxtpx:TrackPointExtension><gpxtpx:depth>0.00</gpxtpx:depth></gpxtpx:TrackPointExtension></extensions></trkpt><trkpt lat="55.9358360432" lon="48.3714421839"><ele>88.16</ele><time>2018-08-15T07:11:28Z</time><extensions><gpxtpx:TrackPointExtension><gpxtpx:depth>0.00</gpxtpx:depth></gpxtpx:TrackPointExtension></extensions></trkpt><trkpt lat="55.9356231429" lon="48.3719789609"><ele>90.28</ele><time>2018-08-15T07:48:14Z</time><extensions><gpxtpx:TrackPointExtension><gpxtpx:depth>0.00</gpxtpx:depth></gpxtpx:TrackPointExtension></extensions></trkpt><trkpt lat="55.9347559512" lon="48.3724266384"><ele>91.21</ele><time>2018-08-15T07:49:10Z</time><extensions><gpxtpx:TrackPointExtension><gpxtpx:depth>0.00</gpxtpx:depth></gpxtpx:TrackPointExtension></extensions></trkpt><trkpt lat="55.9338378813" lon="48.3727011457"><ele>91.56</ele><time>2018-08-15T07:49:34Z</time><extensions><gpxtpx:TrackPointExtension><gpxtpx:depth>0.00</gpxtpx:depth></gpxtpx:TrackPointExtension></extensions></trkpt><trkpt lat="55.9329325520" lon="48.3729691990"><ele>91.17</ele><time>2018-08-15T07:49:55Z</time><extensions><gpxtpx:TrackPointExtension><gpxtpx:depth>0.00</gpxtpx:depth></gpxtpx:TrackPointExtension></extensions></trkpt><trkpt lat="55.9320137277" lon="48.3732556924"><ele>90.62</ele><time>2018-08-15T07:50:15Z</time><extensions><gpxtpx:TrackPointExtension><gpxtpx:depth>0.00</gpxtpx:depth></gpxtpx:TrackPointExtension></extensions></trkpt><trkpt lat="55.9311058000" lon="48.3735307027"><ele>90.25</ele><time>2018-08-15T07:50:35Z</time><extensions><gpxtpx:TrackPointExtension><gpxtpx:depth>0.00</gpxtpx:depth></gpxtpx:TrackPointExtension></extensions></trkpt><trkpt lat="55.9301811922" lon="48.3737897035"><ele>90.50</ele><time>2018-08-15T07:50:56Z</time><extensions><gpxtpx:TrackPointExtension><gpxtpx:depth>0.00</gpxtpx:depth></gpxtpx:TrackPointExtension></extensions></trkpt><trkpt lat="55.9292833228" lon="48.3740474470"><ele>91.16</ele><time>2018-08-15T07:51:16Z</time><extensions><gpxtpx:TrackPointExtension><gpxtpx:depth>0.00</gpxtpx:depth></gpxtpx:TrackPointExtension></extensions></trkpt><trkpt lat="55.9283671807" lon="48.3743181825"><ele>91.21</ele><time>2018-08-15T07:51:36Z</time><extensions><gpxtpx:TrackPointExtension><gpxtpx:depth>0.00</gpxtpx:depth></gpxtpx:TrackPointExtension></extensions></trkpt><trkpt lat="55.9274411481" lon="48.3746030834"><ele>91.27</ele><time>2018-08-15T07:51:55Z</time><extensions><gpxtpx:TrackPointExtension><gpxtpx:depth>0.00</gpxtpx:depth></gpxtpx:TrackPointExtension></extensions></trkpt><trkpt lat="55.9265264310" lon="48.3748562168"><ele>91.40</ele><time>2018-08-15T07:52:14Z</time><extensions><gpxtpx:TrackPointExtension><gpxtpx:depth>0.00</gpxtpx:depth></gpxtpx:TrackPointExtension></extensions></trkpt><trkpt lat="55.9256085288" lon="48.3749505132"><ele>90.90</ele><time>2018-08-15T07:52:32Z</time><extensions><gpxtpx:TrackPointExtension><gpxtpx:depth>0.00</gpxtpx:depth></gpxtpx:TrackPointExtension></extensions></trkpt><trkpt lat="55.9246814065" lon="48.3749039099"><ele>90.70</ele><time>2018-08-15T07:52:50Z</time><extensions><gpxtpx:TrackPointExtension><gpxtpx:depth>0.00</gpxtpx:depth></gpxtpx:TrackPointExtension></extensions></trkpt><trkpt lat="55.9237737302" lon="48.3746896684"><ele>91.40</ele><time>2018-08-15T07:53:08Z</time><extensions><gpxtpx:TrackPointExtension><gpxtpx:depth>0.00</gpxtpx:depth></gpxtpx:TrackPointExtension></extensions></trkpt><trkpt lat="55.9228896908" lon="48.3742994070"><ele>92.15</ele><time>2018-08-15T07:53:27Z</time><extensions><gpxtpx:TrackPointExtension><gpxtpx:depth>0.00</gpxtpx:depth></gpxtpx:TrackPointExtension></extensions></trkpt><trkpt lat="55.9220333956" lon="48.3737642225"><ele>93.00</ele><time>2018-08-15T07:53:46Z</time><extensions><gpxtpx:TrackPointExtension><gpxtpx:depth>0.00</gpxtpx:depth></gpxtpx:TrackPointExtension></extensions></trkpt><trkpt lat="55.9212137293" lon="48.3730387688"><ele>93.77</ele><time>2018-08-15T07:54:04Z</time><extensions><gpxtpx:TrackPointExtension><gpxtpx:depth>0.00</gpxtpx:depth></gpxtpx:TrackPointExtension></extensions></trkpt><trkpt lat="55.9204083961" lon="48.3723159973"><ele>94.26</ele><time>2018-08-15T07:54:21Z</time><extensions><gpxtpx:TrackPointExtension><gpxtpx:depth>0.00</gpxtpx:depth></gpxtpx:TrackPointExtension></extensions></trkpt><trkpt lat="55.9196023922" lon="48.3715993445"><ele>94.54</ele><time>2018-08-15T07:54:39Z</time><extensions><gpxtpx:TrackPointExtension><gpxtpx:depth>0.00</gpxtpx:depth></gpxtpx:TrackPointExtension></extensions></trkpt><trkpt lat="55.9187432472" lon="48.3708298858"><ele>94.09</ele><time>2018-08-15T07:54:57Z</time><extensions><gpxtpx:TrackPointExtension><gpxtpx:depth>0.00</gpxtpx:depth></gpxtpx:TrackPointExtension></extensions></trkpt><trkpt lat="55.9179019555" lon="48.3700710721"><ele>93.11</ele><time>2018-08-15T07:55:13Z</time><extensions><gpxtpx:TrackPointExtension><gpxtpx:depth>0.00</gpxtpx:depth></gpxtpx:TrackPointExtension></extensions></trkpt><trkpt lat="55.9170495998" lon="48.3693162818"><ele>92.25</ele><time>2018-08-15T07:55:30Z</time><extensions><gpxtpx:TrackPointExtension><gpxtpx:depth>0.00</gpxtpx:depth></gpxtpx:TrackPointExtension></extensions></trkpt><trkpt lat="55.9162366390" lon="48.3685728908"><ele>92.19</ele><time>2018-08-15T07:55:49Z</time><extensions><gpxtpx:TrackPointExtension><gpxtpx:depth>0.00</gpxtpx:depth></gpxtpx:TrackPointExtension></extensions></trkpt><trkpt lat="55.9154199902" lon="48.3678317629"><ele>92.65</ele><time>2018-08-15T07:56:09Z</time><extensions><gpxtpx:TrackPointExtension><gpxtpx:depth>0.00</gpxtpx:depth></gpxtpx:TrackPointExtension></extensions></trkpt><trkpt lat="55.9146169201" lon="48.3670928143"><ele>92.85</ele><time>2018-08-15T07:56:30Z</time><extensions><gpxtpx:TrackPointExtension><gpxtpx:depth>0.00</gpxtpx:depth></gpxtpx:TrackPointExtension></extensions></trkpt><trkpt lat="55.9138176218" lon="48.3663820289"><ele>93.64</ele><time>2018-08-15T07:56:55Z</time><extensions><gpxtpx:TrackPointExtension><gpxtpx:depth>0.00</gpxtpx:depth></gpxtpx:TrackPointExtension></extensions></trkpt><trkpt lat="55.9129797667" lon="48.3657026757"><ele>94.84</ele><time>2018-08-15T07:57:21Z</time><extensions><gpxtpx:TrackPointExtension><gpxtpx:depth>0.00</gpxtpx:depth></gpxtpx:TrackPointExtension></extensions></trkpt><trkpt lat="55.9122993238" lon="48.3665831946"><ele>96.28</ele><time>2018-08-15T07:57:41Z</time><extensions><gpxtpx:TrackPointExtension><gpxtpx:depth>0.00</gpxtpx:depth></gpxtpx:TrackPointExtension></extensions></trkpt><trkpt lat="55.9119303524" lon="48.3680100460"><ele>95.42</ele><time>2018-08-15T07:58:00Z</time><extensions><gpxtpx:TrackPointExtension><gpxtpx:depth>0.00</gpxtpx:depth></gpxtpx:TrackPointExtension></extensions></trkpt><trkpt lat="55.9112719540" lon="48.3691601269"><ele>95.72</ele><time>2018-08-15T07:58:21Z</time><extensions><gpxtpx:TrackPointExtension><gpxtpx:depth>0.00</gpxtpx:depth></gpxtpx:TrackPointExtension></extensions></trkpt><trkpt lat="55.9105817042" lon="48.3702371176"><ele>96.63</ele><time>2018-08-15T07:58:43Z</time><extensions><gpxtpx:TrackPointExtension><gpxtpx:depth>0.00</gpxtpx:depth></gpxtpx:TrackPointExtension></extensions></trkpt><trkpt lat="55.9098777920" lon="48.3713299502"><ele>98.46</ele><time>2018-08-15T07:59:07Z</time><extensions><gpxtpx:TrackPointExtension><gpxtpx:depth>0.00</gpxtpx:depth></gpxtpx:TrackPointExtension></extensions></trkpt><trkpt lat="55.9091858659" lon="48.3724057674"><ele>100.93</ele><time>2018-08-15T07:59:33Z</time><extensions><gpxtpx:TrackPointExtension><gpxtpx:depth>0.00</gpxtpx:depth></gpxtpx:TrackPointExtension></extensions></trkpt><trkpt lat="55.9084746614" lon="48.3734991029"><ele>101.59</ele><time>2018-08-15T07:59:58Z</time><extensions><gpxtpx:TrackPointExtension><gpxtpx:depth>0.00</gpxtpx:depth></gpxtpx:TrackPointExtension></extensions></trkpt><trkpt lat="55.9077682346" lon="48.3745995630"><ele>100.32</ele><time>2018-08-15T08:00:21Z</time><extensions><gpxtpx:TrackPointExtension><gpxtpx:depth>0.00</gpxtpx:depth></gpxtpx:TrackPointExtension></extensions></trkpt><trkpt lat="55.9070809186" lon="48.3756671660"><ele>98.13</ele><time>2018-08-15T08:00:36Z</time><extensions><gpxtpx:TrackPointExtension><gpxtpx:depth>0.00</gpxtpx:depth></gpxtpx:TrackPointExtension></extensions></trkpt><trkpt lat="55.9064019006" lon="48.3767414745"><ele>95.18</ele><time>2018-08-15T08:00:47Z</time><extensions><gpxtpx:TrackPointExtension><gpxtpx:depth>0.00</gpxtpx:depth></gpxtpx:TrackPointExtension></extensions></trkpt><trkpt lat="55.9056570008" lon="48.3779207245"><ele>90.59</ele><time>2018-08-15T08:00:57Z</time><extensions><gpxtpx:TrackPointExtension><gpxtpx:depth>0.00</gpxtpx:depth></gpxtpx:TrackPointExtension></extensions></trkpt><trkpt lat="55.9049187228" lon="48.3790988009"><ele>86.21</ele><time>2018-08-15T08:01:06Z</time><extensions><gpxtpx:TrackPointExtension><gpxtpx:depth>0.00</gpxtpx:depth></gpxtpx:TrackPointExtension></extensions></trkpt><trkpt lat="55.9042187501" lon="48.3801894542"><ele>82.17</ele><time>2018-08-15T08:01:14Z</time><extensions><gpxtpx:TrackPointExtension><gpxtpx:depth>0.00</gpxtpx:depth></gpxtpx:TrackPointExtension></extensions></trkpt><trkpt lat="55.9034717549" lon="48.3813608252"><ele>77.21</ele><time>2018-08-15T08:01:23Z</time><extensions><gpxtpx:TrackPointExtension><gpxtpx:depth>0.00</gpxtpx:depth></gpxtpx:TrackPointExtension></extensions></trkpt><trkpt lat="55.9027290344" lon="48.3825370576"><ele>73.26</ele><time>2018-08-15T08:01:33Z</time><extensions><gpxtpx:TrackPointExtension><gpxtpx:depth>0.00</gpxtpx:depth></gpxtpx:TrackPointExtension></extensions></trkpt><trkpt lat="55.9020251222" lon="48.3836444747"><ele>70.60</ele><time>2018-08-15T08:01:43Z</time><extensions><gpxtpx:TrackPointExtension><gpxtpx:depth>0.00</gpxtpx:depth></gpxtpx:TrackPointExtension></extensions></trkpt><trkpt lat="55.9013060387" lon="48.3847813960"><ele>68.73</ele><time>2018-08-15T08:01:53Z</time><extensions><gpxtpx:TrackPointExtension><gpxtpx:depth>0.00</gpxtpx:depth></gpxtpx:TrackPointExtension></extensions></trkpt><trkpt lat="55.9006288648" lon="48.3858417906"><ele>65.96</ele><time>2018-08-15T08:02:02Z</time><extensions><gpxtpx:TrackPointExtension><gpxtpx:depth>0.00</gpxtpx:depth></gpxtpx:TrackPointExtension></extensions></trkpt><trkpt lat="55.8999272995" lon="48.3869309351"><ele>62.30</ele><time>2018-08-15T08:02:12Z</time><extensions><gpxtpx:TrackPointExtension><gpxtpx:depth>0.00</gpxtpx:depth></gpxtpx:TrackPointExtension></extensions></trkpt><trkpt lat="55.8992142510" lon="48.3880284615"><ele>60.57</ele><time>2018-08-15T08:02:25Z</time><extensions><gpxtpx:TrackPointExtension><gpxtpx:depth>0.00</gpxtpx:depth></gpxtpx:TrackPointExtension></extensions></trkpt><trkpt lat="55.8985124342" lon="48.3891207911"><ele>60.67</ele><time>2018-08-15T08:02:42Z</time><extensions><gpxtpx:TrackPointExtension><gpxtpx:depth>0.00</gpxtpx:depth></gpxtpx:TrackPointExtension></extensions></trkpt><trkpt lat="55.8978110366" lon="48.3902185690"><ele>62.35</ele><time>2018-08-15T08:03:04Z</time><extensions><gpxtpx:TrackPointExtension><gpxtpx:depth>0.00</gpxtpx:depth></gpxtpx:TrackPointExtension></extensions></trkpt><trkpt lat="55.8971403167" lon="48.3912846632"><ele>64.11</ele><time>2018-08-15T08:03:30Z</time><extensions><gpxtpx:TrackPointExtension><gpxtpx:depth>0.00</gpxtpx:depth></gpxtpx:TrackPointExtension></extensions></trkpt><trkpt lat="55.8964648191" lon="48.3923510090"><ele>65.94</ele><time>2018-08-15T08:03:58Z</time><extensions><gpxtpx:TrackPointExtension><gpxtpx:depth>0.00</gpxtpx:depth></gpxtpx:TrackPointExtension></extensions></trkpt><trkpt lat="55.8957599010" lon="48.3934706636"><ele>66.84</ele><time>2018-08-15T08:04:25Z</time><extensions><gpxtpx:TrackPointExtension><gpxtpx:depth>0.00</gpxtpx:depth></gpxtpx:TrackPointExtension></extensions></trkpt><trkpt lat="55.8950586710" lon="48.3945720457"><ele>68.17</ele><time>2018-08-15T08:04:51Z</time><extensions><gpxtpx:TrackPointExtension><gpxtpx:depth>0.00</gpxtpx:depth></gpxtpx:TrackPointExtension></extensions></trkpt><trkpt lat="55.8943679184" lon="48.3957061172"><ele>69.75</ele><time>2018-08-15T08:05:18Z</time><extensions><gpxtpx:TrackPointExtension><gpxtpx:depth>0.00</gpxtpx:depth></gpxtpx:TrackPointExtension></extensions></trkpt><trkpt lat="55.8937104419" lon="48.3968726266"><ele>72.62</ele><time>2018-08-15T08:05:49Z</time><extensions><gpxtpx:TrackPointExtension><gpxtpx:depth>0.00</gpxtpx:depth></gpxtpx:TrackPointExtension></extensions></trkpt><trkpt lat="55.8931323420" lon="48.3981390484"><ele>75.70</ele><time>2018-08-15T08:06:20Z</time><extensions><gpxtpx:TrackPointExtension><gpxtpx:depth>0.00</gpxtpx:depth></gpxtpx:TrackPointExtension></extensions></trkpt><trkpt lat="55.8926170226" lon="48.3995052148"><ele>77.48</ele><time>2018-08-15T08:06:52Z</time><extensions><gpxtpx:TrackPointExtension><gpxtpx:depth>0.00</gpxtpx:depth></gpxtpx:TrackPointExtension></extensions></trkpt><trkpt lat="55.8922001906" lon="48.4008474927"><ele>78.19</ele><time>2018-08-15T08:08:56Z</time><extensions><gpxtpx:TrackPointExtension><gpxtpx:depth>0.00</gpxtpx:depth></gpxtpx:TrackPointExtension></extensions></trkpt><trkpt lat="55.8918497432" lon="48.4024160821"><ele>78.03</ele><time>2018-08-15T08:09:20Z</time><extensions><gpxtpx:TrackPointExtension><gpxtpx:depth>0.00</gpxtpx:depth></gpxtpx:TrackPointExtension></extensions></trkpt><trkpt lat="55.8916005492" lon="48.4040131699"><ele>78.13</ele><time>2018-08-15T08:09:42Z</time><extensions><gpxtpx:TrackPointExtension><gpxtpx:depth>0.00</gpxtpx:depth></gpxtpx:TrackPointExtension></extensions></trkpt><trkpt lat="55.8914200030" lon="48.4056514129"><ele>78.34</ele><time>2018-08-15T08:10:04Z</time><extensions><gpxtpx:TrackPointExtension><gpxtpx:depth>0.00</gpxtpx:depth></gpxtpx:TrackPointExtension></extensions></trkpt><trkpt lat="55.8912459947" lon="48.4072754905"><ele>79.68</ele><time>2018-08-15T08:10:28Z</time><extensions><gpxtpx:TrackPointExtension><gpxtpx:depth>0.00</gpxtpx:depth></gpxtpx:TrackPointExtension></extensions></trkpt><trkpt lat="55.8910865709" lon="48.4088819660"><ele>81.74</ele><time>2018-08-15T08:11:00Z</time><extensions><gpxtpx:TrackPointExtension><gpxtpx:depth>0.00</gpxtpx:depth></gpxtpx:TrackPointExtension></extensions></trkpt><trkpt lat="55.8909025043" lon="48.4104529861"><ele>84.38</ele><time>2018-08-15T08:11:30Z</time><extensions><gpxtpx:TrackPointExtension><gpxtpx:depth>0.00</gpxtpx:depth></gpxtpx:TrackPointExtension></extensions></trkpt><trkpt lat="55.8907210361" lon="48.4120863676"><ele>86.84</ele><time>2018-08-15T08:12:00Z</time><extensions><gpxtpx:TrackPointExtension><gpxtpx:depth>0.00</gpxtpx:depth></gpxtpx:TrackPointExtension></extensions></trkpt><trkpt lat="55.8905248158" lon="48.4136960283"><ele>89.86</ele><time>2018-08-15T08:12:29Z</time><extensions><gpxtpx:TrackPointExtension><gpxtpx:depth>0.00</gpxtpx:depth></gpxtpx:TrackPointExtension></extensions></trkpt><trkpt lat="55.8903486282" lon="48.4152832255"><ele>91.84</ele><time>2018-08-15T08:12:55Z</time><extensions><gpxtpx:TrackPointExtension><gpxtpx:depth>0.00</gpxtpx:depth></gpxtpx:TrackPointExtension></extensions></trkpt><trkpt lat="55.8901763801" lon="48.4168871026"><ele>94.27</ele><time>2018-08-15T08:13:22Z</time><extensions><gpxtpx:TrackPointExtension><gpxtpx:depth>0.00</gpxtpx:depth></gpxtpx:TrackPointExtension></extensions></trkpt><trkpt lat="55.8900120109" lon="48.4185209870"><ele>96.18</ele><time>2018-08-15T08:13:50Z</time><extensions><gpxtpx:TrackPointExtension><gpxtpx:depth>0.00</gpxtpx:depth></gpxtpx:TrackPointExtension></extensions></trkpt><trkpt lat="55.8898613881" lon="48.4201073460"><ele>96.58</ele><time>2018-08-15T08:14:14Z</time><extensions><gpxtpx:TrackPointExtension><gpxtpx:depth>0.00</gpxtpx:depth></gpxtpx:TrackPointExtension></extensions></trkpt><trkpt lat="55.8897192311" lon="48.4217174258"><ele>96.01</ele><time>2018-08-15T08:14:35Z</time><extensions><gpxtpx:TrackPointExtension><gpxtpx:depth>0.00</gpxtpx:depth></gpxtpx:TrackPointExtension></extensions></trkpt><trkpt lat="55.8895566221" lon="48.4233169444"><ele>94.89</ele><time>2018-08-15T08:14:53Z</time><extensions><gpxtpx:TrackPointExtension><gpxtpx:depth>0.00</gpxtpx:depth></gpxtpx:TrackPointExtension></extensions></trkpt><trkpt lat="55.8894092683" lon="48.4249453805"><ele>95.03</ele><time>2018-08-15T08:15:15Z</time><extensions><gpxtpx:TrackPointExtension><gpxtpx:depth>0.00</gpxtpx:depth></gpxtpx:TrackPointExtension></extensions></trkpt><trkpt lat="55.8892656025" lon="48.4265847132"><ele>96.94</ele><time>2018-08-15T08:15:40Z</time><extensions><gpxtpx:TrackPointExtension><gpxtpx:depth>0.00</gpxtpx:depth></gpxtpx:TrackPointExtension></extensions></trkpt><trkpt lat="55.8891033288" lon="48.4281868301"><ele>99.08</ele><time>2018-08-15T08:16:08Z</time><extensions><gpxtpx:TrackPointExtension><gpxtpx:depth>0.00</gpxtpx:depth></gpxtpx:TrackPointExtension></extensions></trkpt><trkpt lat="55.8889521193" lon="48.4298243187"><ele>99.35</ele><time>2018-08-15T08:16:34Z</time><extensions><gpxtpx:TrackPointExtension><gpxtpx:depth>0.00</gpxtpx:depth></gpxtpx:TrackPointExtension></extensions></trkpt><trkpt lat="55.8888047654" lon="48.4314336441"><ele>99.74</ele><time>2018-08-15T08:16:56Z</time><extensions><gpxtpx:TrackPointExtension><gpxtpx:depth>0.00</gpxtpx:depth></gpxtpx:TrackPointExtension></extensions></trkpt><trkpt lat="55.8886486944" lon="48.4330365993"><ele>100.23</ele><time>2018-08-15T08:17:19Z</time><extensions><gpxtpx:TrackPointExtension><gpxtpx:depth>0.00</gpxtpx:depth></gpxtpx:TrackPointExtension></extensions></trkpt><trkpt lat="55.8884851635" lon="48.4346312564"><ele>100.72</ele><time>2018-08-15T08:17:43Z</time><extensions><gpxtpx:TrackPointExtension><gpxtpx:depth>0.00</gpxtpx:depth></gpxtpx:TrackPointExtension></extensions></trkpt><trkpt lat="55.8883575071" lon="48.4362380672"><ele>101.70</ele><time>2018-08-15T08:18:08Z</time><extensions><gpxtpx:TrackPointExtension><gpxtpx:depth>0.00</gpxtpx:depth></gpxtpx:TrackPointExtension></extensions></trkpt><trkpt lat="55.8882286772" lon="48.4378641564"><ele>102.25</ele><time>2018-08-15T08:18:37Z</time><extensions><gpxtpx:TrackPointExtension><gpxtpx:depth>0.00</gpxtpx:depth></gpxtpx:TrackPointExtension></extensions></trkpt><trkpt lat="55.8880955726" lon="48.4394809417"><ele>102.25</ele><time>2018-08-15T08:19:09Z</time><extensions><gpxtpx:TrackPointExtension><gpxtpx:depth>0.00</gpxtpx:depth></gpxtpx:TrackPointExtension></extensions></trkpt><trkpt lat="55.8879204746" lon="48.4411319252"><ele>101.14</ele><time>2018-08-15T08:19:30Z</time><extensions><gpxtpx:TrackPointExtension><gpxtpx:depth>0.00</gpxtpx:depth></gpxtpx:TrackPointExtension></extensions></trkpt><trkpt lat="55.8877690975" lon="48.4427360538"><ele>99.70</ele><time>2018-08-15T08:19:49Z</time><extensions><gpxtpx:TrackPointExtension><gpxtpx:depth>0.00</gpxtpx:depth></gpxtpx:TrackPointExtension></extensions></trkpt><trkpt lat="55.8876358252" lon="48.4443367459"><ele>99.75</ele><time>2018-08-15T08:20:11Z</time><extensions><gpxtpx:TrackPointExtension><gpxtpx:depth>0.00</gpxtpx:depth></gpxtpx:TrackPointExtension></extensions></trkpt><trkpt lat="55.8874799218" lon="48.4459379409"><ele>102.01</ele><time>2018-08-15T08:20:38Z</time><extensions><gpxtpx:TrackPointExtension><gpxtpx:depth>0.00</gpxtpx:depth></gpxtpx:TrackPointExtension></extensions></trkpt><trkpt lat="55.8872811869" lon="48.4475427400"><ele>103.55</ele><time>2018-08-15T08:21:04Z</time><extensions><gpxtpx:TrackPointExtension><gpxtpx:depth>0.00</gpxtpx:depth></gpxtpx:TrackPointExtension></extensions></trkpt><trkpt lat="55.8871104475" lon="48.4491388220"><ele>104.21</ele><time>2018-08-15T08:21:28Z</time><extensions><gpxtpx:TrackPointExtension><gpxtpx:depth>0.00</gpxtpx:depth></gpxtpx:TrackPointExtension></extensions></trkpt><trkpt lat="55.8869491797" lon="48.4508167952"><ele>103.93</ele><time>2018-08-15T08:21:49Z</time><extensions><gpxtpx:TrackPointExtension><gpxtpx:depth>0.00</gpxtpx:depth></gpxtpx:TrackPointExtension></extensions></trkpt><trkpt lat="55.8868724853" lon="48.4524712153"><ele>102.69</ele><time>2018-08-15T08:22:04Z</time><extensions><gpxtpx:TrackPointExtension><gpxtpx:depth>0.00</gpxtpx:depth></gpxtpx:TrackPointExtension></extensions></trkpt><trkpt lat="55.8866993990" lon="48.4541722387"><ele>100.23</ele><time>2018-08-15T08:22:18Z</time><extensions><gpxtpx:TrackPointExtension><gpxtpx:depth>0.00</gpxtpx:depth></gpxtpx:TrackPointExtension></extensions></trkpt><trkpt lat="55.8865470998" lon="48.4558142535"><ele>97.60</ele><time>2018-08-15T08:22:32Z</time><extensions><gpxtpx:TrackPointExtension><gpxtpx:depth>0.00</gpxtpx:depth></gpxtpx:TrackPointExtension></extensions></trkpt><trkpt lat="55.8863911126" lon="48.4574228246"><ele>97.21</ele><time>2018-08-15T08:22:48Z</time><extensions><gpxtpx:TrackPointExtension><gpxtpx:depth>0.00</gpxtpx:depth></gpxtpx:TrackPointExtension></extensions></trkpt><trkpt lat="55.8862630371" lon="48.4590193257"><ele>99.64</ele><time>2018-08-15T08:23:11Z</time><extensions><gpxtpx:TrackPointExtension><gpxtpx:depth>0.00</gpxtpx:depth></gpxtpx:TrackPointExtension></extensions></trkpt><trkpt lat="55.8861194551" lon="48.4606460016"><ele>102.34</ele><time>2018-08-15T08:23:39Z</time><extensions><gpxtpx:TrackPointExtension><gpxtpx:depth>0.00</gpxtpx:depth></gpxtpx:TrackPointExtension></extensions></trkpt><trkpt lat="55.8859603666" lon="48.4623030201"><ele>103.36</ele><time>2018-08-15T08:24:07Z</time><extensions><gpxtpx:TrackPointExtension><gpxtpx:depth>0.00</gpxtpx:depth></gpxtpx:TrackPointExtension></extensions></trkpt><trkpt lat="55.8857976738" lon="48.4638940729"><ele>104.09</ele><time>2018-08-15T08:24:34Z</time><extensions><gpxtpx:TrackPointExtension><gpxtpx:depth>0.00</gpxtpx:depth></gpxtpx:TrackPointExtension></extensions></trkpt><trkpt lat="55.8856507391" lon="48.4655023925"><ele>104.65</ele><time>2018-08-15T08:24:59Z</time><extensions><gpxtpx:TrackPointExtension><gpxtpx:depth>0.00</gpxtpx:depth></gpxtpx:TrackPointExtension></extensions></trkpt><trkpt lat="55.8854737133" lon="48.4671326727"><ele>105.25</ele><time>2018-08-15T08:25:23Z</time><extensions><gpxtpx:TrackPointExtension><gpxtpx:depth>0.00</gpxtpx:depth></gpxtpx:TrackPointExtension></extensions></trkpt><trkpt lat="55.8853147086" lon="48.4687347058"><ele>105.71</ele><time>2018-08-15T08:25:44Z</time><extensions><gpxtpx:TrackPointExtension><gpxtpx:depth>0.00</gpxtpx:depth></gpxtpx:TrackPointExtension></extensions></trkpt><trkpt lat="55.8851859625" lon="48.4703650698"><ele>105.68</ele><time>2018-08-15T08:26:04Z</time><extensions><gpxtpx:TrackPointExtension><gpxtpx:depth>0.00</gpxtpx:depth></gpxtpx:TrackPointExtension></extensions></trkpt><trkpt lat="55.8850265387" lon="48.4720156342"><ele>105.04</ele><time>2018-08-15T08:26:22Z</time><extensions><gpxtpx:TrackPointExtension><gpxtpx:depth>0.00</gpxtpx:depth></gpxtpx:TrackPointExtension></extensions></trkpt><trkpt lat="55.8848772570" lon="48.4736191761"><ele>104.55</ele><time>2018-08-15T08:26:39Z</time><extensions><gpxtpx:TrackPointExtension><gpxtpx:depth>0.00</gpxtpx:depth></gpxtpx:TrackPointExtension></extensions></trkpt><trkpt lat="55.8847578987" lon="48.4752217121"><ele>103.85</ele><time>2018-08-15T08:26:55Z</time><extensions><gpxtpx:TrackPointExtension><gpxtpx:depth>0.00</gpxtpx:depth></gpxtpx:TrackPointExtension></extensions></trkpt><trkpt lat="55.8846009057" lon="48.4768752940"><ele>103.50</ele><time>2018-08-15T08:27:13Z</time><extensions><gpxtpx:TrackPointExtension><gpxtpx:depth>0.00</gpxtpx:depth></gpxtpx:TrackPointExtension></extensions></trkpt><trkpt lat="55.8844246343" lon="48.4785025567"><ele>103.70</ele><time>2018-08-15T08:27:32Z</time><extensions><gpxtpx:TrackPointExtension><gpxtpx:depth>0.00</gpxtpx:depth></gpxtpx:TrackPointExtension></extensions></trkpt><trkpt lat="55.8842856623" lon="48.4801084455"><ele>103.73</ele><time>2018-08-15T08:27:50Z</time><extensions><gpxtpx:TrackPointExtension><gpxtpx:depth>0.00</gpxtpx:depth></gpxtpx:TrackPointExtension></extensions></trkpt><trkpt lat="55.8841382246" lon="48.4817760251"><ele>103.54</ele><time>2018-08-15T08:28:08Z</time><extensions><gpxtpx:TrackPointExtension><gpxtpx:depth>0.00</gpxtpx:depth></gpxtpx:TrackPointExtension></extensions></trkpt><trkpt lat="55.8839726821" lon="48.4834023658"><ele>103.42</ele><time>2018-08-15T08:28:26Z</time><extensions><gpxtpx:TrackPointExtension><gpxtpx:depth>0.00</gpxtpx:depth></gpxtpx:TrackPointExtension></extensions></trkpt><trkpt lat="55.8838440198" lon="48.4850548580"><ele>103.82</ele><time>2018-08-15T08:28:45Z</time><extensions><gpxtpx:TrackPointExtension><gpxtpx:depth>0.00</gpxtpx:depth></gpxtpx:TrackPointExtension></extensions></trkpt><trkpt lat="55.8837142680" lon="48.4866350982"><ele>103.95</ele><time>2018-08-15T08:29:07Z</time><extensions><gpxtpx:TrackPointExtension><gpxtpx:depth>0.00</gpxtpx:depth></gpxtpx:TrackPointExtension></extensions></trkpt><trkpt lat="55.8835788164" lon="48.4882891830"><ele>104.55</ele><time>2018-08-15T08:29:28Z</time><extensions><gpxtpx:TrackPointExtension><gpxtpx:depth>0.00</gpxtpx:depth></gpxtpx:TrackPointExtension></extensions></trkpt><trkpt lat="55.8834331390" lon="48.4898913000"><ele>104.78</ele><time>2018-08-15T08:29:48Z</time><extensions><gpxtpx:TrackPointExtension><gpxtpx:depth>0.00</gpxtpx:depth></gpxtpx:TrackPointExtension></extensions></trkpt><trkpt lat="55.8833008725" lon="48.4915419482"><ele>104.82</ele><time>2018-08-15T08:30:07Z</time><extensions><gpxtpx:TrackPointExtension><gpxtpx:depth>0.00</gpxtpx:depth></gpxtpx:TrackPointExtension></extensions></trkpt><trkpt lat="55.8831391018" lon="48.4932371881"><ele>104.60</ele><time>2018-08-15T08:30:25Z</time><extensions><gpxtpx:TrackPointExtension><gpxtpx:depth>0.00</gpxtpx:depth></gpxtpx:TrackPointExtension></extensions></trkpt><trkpt lat="55.8829620760" lon="48.4948859084"><ele>104.30</ele><time>2018-08-15T08:30:43Z</time><extensions><gpxtpx:TrackPointExtension><gpxtpx:depth>0.00</gpxtpx:depth></gpxtpx:TrackPointExtension></extensions></trkpt><trkpt lat="55.8828074299" lon="48.4965615347"><ele>104.34</ele><time>2018-08-15T08:31:02Z</time><extensions><gpxtpx:TrackPointExtension><gpxtpx:depth>0.00</gpxtpx:depth></gpxtpx:TrackPointExtension></extensions></trkpt><trkpt lat="55.8826396242" lon="48.4982447885"><ele>103.92</ele><time>2018-08-15T08:31:21Z</time><extensions><gpxtpx:TrackPointExtension><gpxtpx:depth>0.00</gpxtpx:depth></gpxtpx:TrackPointExtension></extensions></trkpt><trkpt lat="55.8824964613" lon="48.4998559579"><ele>103.09</ele><time>2018-08-15T08:31:39Z</time><extensions><gpxtpx:TrackPointExtension><gpxtpx:depth>0.00</gpxtpx:depth></gpxtpx:TrackPointExtension></extensions></trkpt><trkpt lat="55.8823390491" lon="48.5015155748"><ele>103.02</ele><time>2018-08-15T08:31:59Z</time><extensions><gpxtpx:TrackPointExtension><gpxtpx:depth>0.00</gpxtpx:depth></gpxtpx:TrackPointExtension></extensions></trkpt><trkpt lat="55.8821693156" lon="48.5031221341"><ele>103.18</ele><time>2018-08-15T08:32:18Z</time><extensions><gpxtpx:TrackPointExtension><gpxtpx:depth>0.00</gpxtpx:depth></gpxtpx:TrackPointExtension></extensions></trkpt><trkpt lat="55.8820394799" lon="48.5047358181"><ele>103.33</ele><time>2018-08-15T08:32:38Z</time><extensions><gpxtpx:TrackPointExtension><gpxtpx:depth>0.00</gpxtpx:depth></gpxtpx:TrackPointExtension></extensions></trkpt><trkpt lat="55.8819259889" lon="48.5064049065"><ele>103.48</ele><time>2018-08-15T08:32:58Z</time><extensions><gpxtpx:TrackPointExtension><gpxtpx:depth>0.00</gpxtpx:depth></gpxtpx:TrackPointExtension></extensions></trkpt><trkpt lat="55.8819343708" lon="48.5080927704"><ele>103.27</ele><time>2018-08-15T08:33:18Z</time><extensions><gpxtpx:TrackPointExtension><gpxtpx:depth>0.00</gpxtpx:depth></gpxtpx:TrackPointExtension></extensions></trkpt><trkpt lat="55.8820822276" lon="48.5096984077"><ele>102.63</ele><time>2018-08-15T08:33:38Z</time><extensions><gpxtpx:TrackPointExtension><gpxtpx:depth>0.00</gpxtpx:depth></gpxtpx:TrackPointExtension></extensions></trkpt><trkpt lat="55.8823834732" lon="48.5112106707"><ele>101.88</ele><time>2018-08-15T08:33:58Z</time><extensions><gpxtpx:TrackPointExtension><gpxtpx:depth>0.00</gpxtpx:depth></gpxtpx:TrackPointExtension></extensions></trkpt><trkpt lat="55.8827500977" lon="48.5126776714"><ele>100.93</ele><time>2018-08-15T08:34:17Z</time><extensions><gpxtpx:TrackPointExtension><gpxtpx:depth>0.00</gpxtpx:depth></gpxtpx:TrackPointExtension></extensions></trkpt><trkpt lat="55.8831870463" lon="48.5141680576"><ele>100.41</ele><time>2018-08-15T08:34:35Z</time><extensions><gpxtpx:TrackPointExtension><gpxtpx:depth>0.00</gpxtpx:depth></gpxtpx:TrackPointExtension></extensions></trkpt><trkpt lat="55.8836275991" lon="48.5156130977"><ele>100.60</ele><time>2018-08-15T08:34:52Z</time><extensions><gpxtpx:TrackPointExtension><gpxtpx:depth>0.00</gpxtpx:depth></gpxtpx:TrackPointExtension></extensions></trkpt><trkpt lat="55.8841108996" lon="48.5170357581"><ele>101.21</ele><time>2018-08-15T08:35:12Z</time><extensions><gpxtpx:TrackPointExtension><gpxtpx:depth>0.00</gpxtpx:depth></gpxtpx:TrackPointExtension></extensions></trkpt><trkpt lat="55.8845720720" lon="48.5184930358"><ele>102.76</ele><time>2018-08-15T08:35:34Z</time><extensions><gpxtpx:TrackPointExtension><gpxtpx:depth>0.00</gpxtpx:depth></gpxtpx:TrackPointExtension></extensions></trkpt><trkpt lat="55.8849981241" lon="48.5199059732"><ele>103.99</ele><time>2018-08-15T08:35:59Z</time><extensions><gpxtpx:TrackPointExtension><gpxtpx:depth>0.00</gpxtpx:depth></gpxtpx:TrackPointExtension></extensions></trkpt><trkpt lat="55.8854395151" lon="48.5213806853"><ele>104.41</ele><time>2018-08-15T08:36:23Z</time><extensions><gpxtpx:TrackPointExtension><gpxtpx:depth>0.00</gpxtpx:depth></gpxtpx:TrackPointExtension></extensions></trkpt><trkpt lat="55.8858759608" lon="48.5228367895"><ele>104.00</ele><time>2018-08-15T08:36:46Z</time><extensions><gpxtpx:TrackPointExtension><gpxtpx:depth>0.00</gpxtpx:depth></gpxtpx:TrackPointExtension></extensions></trkpt><trkpt lat="55.8863150049" lon="48.5242863558"><ele>102.88</ele><time>2018-08-15T08:37:04Z</time><extensions><gpxtpx:TrackPointExtension><gpxtpx:depth>0.00</gpxtpx:depth></gpxtpx:TrackPointExtension></extensions></trkpt><trkpt lat="55.8867009077" lon="48.5258189030"><ele>101.25</ele><time>2018-08-15T08:37:18Z</time><extensions><gpxtpx:TrackPointExtension><gpxtpx:depth>0.00</gpxtpx:depth></gpxtpx:TrackPointExtension></extensions></trkpt><trkpt lat="55.8869243693" lon="48.5274072737"><ele>98.40</ele><time>2018-08-15T08:37:29Z</time><extensions><gpxtpx:TrackPointExtension><gpxtpx:depth>0.00</gpxtpx:depth></gpxtpx:TrackPointExtension></extensions></trkpt><trkpt lat="55.8869920950" lon="48.5290581733"><ele>94.86</ele><time>2018-08-15T08:37:39Z</time><extensions><gpxtpx:TrackPointExtension><gpxtpx:depth>0.00</gpxtpx:depth></gpxtpx:TrackPointExtension></extensions></trkpt><trkpt lat="55.8869378641" lon="48.5306871124"><ele>91.48</ele><time>2018-08-15T08:37:49Z</time><extensions><gpxtpx:TrackPointExtension><gpxtpx:depth>0.00</gpxtpx:depth></gpxtpx:TrackPointExtension></extensions></trkpt><trkpt lat="55.8869561367" lon="48.5323820170"><ele>89.47</ele><time>2018-08-15T08:38:01Z</time><extensions><gpxtpx:TrackPointExtension><gpxtpx:depth>0.00</gpxtpx:depth></gpxtpx:TrackPointExtension></extensions></trkpt><trkpt lat="55.8870500140" lon="48.5340802744"><ele>89.45</ele><time>2018-08-15T08:38:18Z</time><extensions><gpxtpx:TrackPointExtension><gpxtpx:depth>0.00</gpxtpx:depth></gpxtpx:TrackPointExtension></extensions></trkpt><trkpt lat="55.8873221744" lon="48.5356951319"><ele>89.56</ele><time>2018-08-15T08:38:40Z</time><extensions><gpxtpx:TrackPointExtension><gpxtpx:depth>0.00</gpxtpx:depth></gpxtpx:TrackPointExtension></extensions></trkpt><trkpt lat="55.8877234999" lon="48.5371683352"><ele>89.51</ele><time>2018-08-15T08:39:02Z</time><extensions><gpxtpx:TrackPointExtension><gpxtpx:depth>0.00</gpxtpx:depth></gpxtpx:TrackPointExtension></extensions></trkpt><trkpt lat="55.8883157652" lon="48.5384499282"><ele>89.59</ele><time>2018-08-15T08:39:25Z</time><extensions><gpxtpx:TrackPointExtension><gpxtpx:depth>0.00</gpxtpx:depth></gpxtpx:TrackPointExtension></extensions></trkpt><trkpt lat="55.8889283985" lon="48.5397117399"><ele>89.75</ele><time>2018-08-15T08:39:50Z</time><extensions><gpxtpx:TrackPointExtension><gpxtpx:depth>0.00</gpxtpx:depth></gpxtpx:TrackPointExtension></extensions></trkpt><trkpt lat="55.8895804267" lon="48.5408941749"><ele>89.80</ele><time>2018-08-15T08:40:14Z</time><extensions><gpxtpx:TrackPointExtension><gpxtpx:depth>0.00</gpxtpx:depth></gpxtpx:TrackPointExtension></extensions></trkpt><trkpt lat="55.8903891128" lon="48.5416300222"><ele>89.12</ele><time>2018-08-15T08:40:35Z</time><extensions><gpxtpx:TrackPointExtension><gpxtpx:depth>0.00</gpxtpx:depth></gpxtpx:TrackPointExtension></extensions></trkpt><trkpt lat="55.8912039176" lon="48.5422853194"><ele>88.24</ele><time>2018-08-15T08:40:57Z</time><extensions><gpxtpx:TrackPointExtension><gpxtpx:depth>0.00</gpxtpx:depth></gpxtpx:TrackPointExtension></extensions></trkpt><trkpt lat="55.8920851909" lon="48.5426148959"><ele>88.09</ele><time>2018-08-15T08:41:23Z</time><extensions><gpxtpx:TrackPointExtension><gpxtpx:depth>0.00</gpxtpx:depth></gpxtpx:TrackPointExtension></extensions></trkpt><trkpt lat="55.8928963915" lon="48.5433302913"><ele>88.62</ele><time>2018-08-15T08:41:47Z</time><extensions><gpxtpx:TrackPointExtension><gpxtpx:depth>0.00</gpxtpx:depth></gpxtpx:TrackPointExtension></extensions></trkpt><trkpt lat="55.8936804347" lon="48.5441630334"><ele>89.56</ele><time>2018-08-15T08:42:13Z</time><extensions><gpxtpx:TrackPointExtension><gpxtpx:depth>0.00</gpxtpx:depth></gpxtpx:TrackPointExtension></extensions></trkpt><trkpt lat="55.8944579400" lon="48.5450678598"><ele>89.87</ele><time>2018-08-15T08:42:45Z</time><extensions><gpxtpx:TrackPointExtension><gpxtpx:depth>0.00</gpxtpx:depth></gpxtpx:TrackPointExtension></extensions></trkpt><trkpt lat="55.8951860759" lon="48.5460334551"><ele>90.37</ele><time>2018-08-15T08:43:10Z</time><extensions><gpxtpx:TrackPointExtension><gpxtpx:depth>0.00</gpxtpx:depth></gpxtpx:TrackPointExtension></extensions></trkpt><trkpt lat="55.8959059976" lon="48.5470920894"><ele>90.84</ele><time>2018-08-15T08:43:35Z</time><extensions><gpxtpx:TrackPointExtension><gpxtpx:depth>0.00</gpxtpx:depth></gpxtpx:TrackPointExtension></extensions></trkpt><trkpt lat="55.8966096584" lon="48.5481597763"><ele>91.05</ele><time>2018-08-15T08:43:59Z</time><extensions><gpxtpx:TrackPointExtension><gpxtpx:depth>0.00</gpxtpx:depth></gpxtpx:TrackPointExtension></extensions></trkpt><trkpt lat="55.8972398099" lon="48.5493236035"><ele>91.35</ele><time>2018-08-15T08:44:24Z</time><extensions><gpxtpx:TrackPointExtension><gpxtpx:depth>0.00</gpxtpx:depth></gpxtpx:TrackPointExtension></extensions></trkpt><trkpt lat="55.8977820352" lon="48.5507284105"><ele>91.82</ele><time>2018-08-15T08:44:49Z</time><extensions><gpxtpx:TrackPointExtension><gpxtpx:depth>0.00</gpxtpx:depth></gpxtpx:TrackPointExtension></extensions></trkpt><trkpt lat="55.8981295489" lon="48.5522318725"><ele>92.20</ele><time>2018-08-15T08:45:15Z</time><extensions><gpxtpx:TrackPointExtension><gpxtpx:depth>0.00</gpxtpx:depth></gpxtpx:TrackPointExtension></extensions></trkpt><trkpt lat="55.8983671758" lon="48.5537822731"><ele>92.51</ele><time>2018-08-15T08:45:39Z</time><extensions><gpxtpx:TrackPointExtension><gpxtpx:depth>0.00</gpxtpx:depth></gpxtpx:TrackPointExtension></extensions></trkpt><trkpt lat="55.8984354883" lon="48.5553898383"><ele>92.74</ele><time>2018-08-15T08:46:02Z</time><extensions><gpxtpx:TrackPointExtension><gpxtpx:depth>0.00</gpxtpx:depth></gpxtpx:TrackPointExtension></extensions></trkpt><trkpt lat="55.8983437903" lon="48.5570192803"><ele>92.62</ele><time>2018-08-15T08:46:25Z</time><extensions><gpxtpx:TrackPointExtension><gpxtpx:depth>0.00</gpxtpx:depth></gpxtpx:TrackPointExtension></extensions></trkpt><trkpt lat="55.8981494140" lon="48.5586502310"><ele>91.87</ele><time>2018-08-15T08:46:45Z</time><extensions><gpxtpx:TrackPointExtension><gpxtpx:depth>0.00</gpxtpx:depth></gpxtpx:TrackPointExtension></extensions></trkpt><trkpt lat="55.8977763355" lon="48.5602065828"><ele>90.95</ele><time>2018-08-15T08:47:06Z</time><extensions><gpxtpx:TrackPointExtension><gpxtpx:depth>0.00</gpxtpx:depth></gpxtpx:TrackPointExtension></extensions></trkpt><trkpt lat="55.8971844893" lon="48.5615915246"><ele>91.17</ele><time>2018-08-15T08:47:26Z</time><extensions><gpxtpx:TrackPointExtension><gpxtpx:depth>0.00</gpxtpx:depth></gpxtpx:TrackPointExtension></extensions></trkpt><trkpt lat="55.8966657333" lon="48.5629640613"><ele>91.76</ele><time>2018-08-15T08:47:46Z</time><extensions><gpxtpx:TrackPointExtension><gpxtpx:depth>0.00</gpxtpx:depth></gpxtpx:TrackPointExtension></extensions></trkpt><trkpt lat="55.8961359132" lon="48.5643376037"><ele>92.06</ele><time>2018-08-15T08:48:12Z</time><extensions><gpxtpx:TrackPointExtension><gpxtpx:depth>0.00</gpxtpx:depth></gpxtpx:TrackPointExtension></extensions></trkpt><trkpt lat="55.8955764212" lon="48.5656917002"><ele>92.41</ele><time>2018-08-15T08:48:31Z</time><extensions><gpxtpx:TrackPointExtension><gpxtpx:depth>0.00</gpxtpx:depth></gpxtpx:TrackPointExtension></extensions></trkpt><trkpt lat="55.8950245567" lon="48.5670755524"><ele>92.38</ele><time>2018-08-15T08:48:50Z</time><extensions><gpxtpx:TrackPointExtension><gpxtpx:depth>0.00</gpxtpx:depth></gpxtpx:TrackPointExtension></extensions></trkpt><trkpt lat="55.8945463691" lon="48.5685431398"><ele>92.50</ele><time>2018-08-15T08:49:10Z</time><extensions><gpxtpx:TrackPointExtension><gpxtpx:depth>0.00</gpxtpx:depth></gpxtpx:TrackPointExtension></extensions></trkpt><trkpt lat="55.8941953350" lon="48.5700782016"><ele>91.96</ele><time>2018-08-15T08:49:30Z</time><extensions><gpxtpx:TrackPointExtension><gpxtpx:depth>0.00</gpxtpx:depth></gpxtpx:TrackPointExtension></extensions></trkpt><trkpt lat="55.8939631563" lon="48.5717171989"><ele>90.40</ele><time>2018-08-15T08:49:47Z</time><extensions><gpxtpx:TrackPointExtension><gpxtpx:depth>0.00</gpxtpx:depth></gpxtpx:TrackPointExtension></extensions></trkpt><trkpt lat="55.8937577158" lon="48.5733306315"><ele>88.18</ele><time>2018-08-15T08:50:01Z</time><extensions><gpxtpx:TrackPointExtension><gpxtpx:depth>0.00</gpxtpx:depth></gpxtpx:TrackPointExtension></extensions></trkpt><trkpt lat="55.8935785107" lon="48.5749137215"><ele>86.25</ele><time>2018-08-15T08:50:14Z</time><extensions><gpxtpx:TrackPointExtension><gpxtpx:depth>0.00</gpxtpx:depth></gpxtpx:TrackPointExtension></extensions></trkpt><trkpt lat="55.8933890797" lon="48.5765145812"><ele>84.66</ele><time>2018-08-15T08:50:29Z</time><extensions><gpxtpx:TrackPointExtension><gpxtpx:depth>0.00</gpxtpx:depth></gpxtpx:TrackPointExtension></extensions></trkpt><trkpt lat="55.8932089526" lon="48.5781122558"><ele>84.41</ele><time>2018-08-15T08:50:46Z</time><extensions><gpxtpx:TrackPointExtension><gpxtpx:depth>0.00</gpxtpx:depth></gpxtpx:TrackPointExtension></extensions></trkpt><trkpt lat="55.8930014167" lon="48.5797204077"><ele>85.53</ele><time>2018-08-15T08:51:07Z</time><extensions><gpxtpx:TrackPointExtension><gpxtpx:depth>0.00</gpxtpx:depth></gpxtpx:TrackPointExtension></extensions></trkpt><trkpt lat="55.8928022627" lon="48.5813350976"><ele>87.65</ele><time>2018-08-15T08:51:34Z</time><extensions><gpxtpx:TrackPointExtension><gpxtpx:depth>0.00</gpxtpx:depth></gpxtpx:TrackPointExtension></extensions></trkpt><trkpt lat="55.8925887756" lon="48.5829223786"><ele>90.50</ele><time>2018-08-15T08:52:03Z</time><extensions><gpxtpx:TrackPointExtension><gpxtpx:depth>0.00</gpxtpx:depth></gpxtpx:TrackPointExtension></extensions></trkpt><trkpt lat="55.8922866080" lon="48.5844687559"><ele>92.21</ele><time>2018-08-15T08:52:31Z</time><extensions><gpxtpx:TrackPointExtension><gpxtpx:depth>0.00</gpxtpx:depth></gpxtpx:TrackPointExtension></extensions></trkpt><trkpt lat="55.8919211570" lon="48.5859698709"><ele>92.50</ele><time>2018-08-15T08:52:56Z</time><extensions><gpxtpx:TrackPointExtension><gpxtpx:depth>0.00</gpxtpx:depth></gpxtpx:TrackPointExtension></extensions></trkpt><trkpt lat="55.8915434685" lon="48.5875351913"><ele>92.21</ele><time>2018-08-15T08:53:18Z</time><extensions><gpxtpx:TrackPointExtension><gpxtpx:depth>0.00</gpxtpx:depth></gpxtpx:TrackPointExtension></extensions></trkpt><trkpt lat="55.8911347669" lon="48.5890870169"><ele>91.17</ele><time>2018-08-15T08:53:36Z</time><extensions><gpxtpx:TrackPointExtension><gpxtpx:depth>0.00</gpxtpx:depth></gpxtpx:TrackPointExtension></extensions></trkpt><trkpt lat="55.8907265682" lon="48.5906411055"><ele>89.32</ele><time>2018-08-15T08:53:51Z</time><extensions><gpxtpx:TrackPointExtension><gpxtpx:depth>0.00</gpxtpx:depth></gpxtpx:TrackPointExtension></extensions></trkpt><trkpt lat="55.8903362229" lon="48.5921236966"><ele>87.92</ele><time>2018-08-15T08:54:05Z</time><extensions><gpxtpx:TrackPointExtension><gpxtpx:depth>0.00</gpxtpx:depth></gpxtpx:TrackPointExtension></extensions></trkpt><trkpt lat="55.8899056446" lon="48.5935529787"><ele>87.17</ele><time>2018-08-15T08:54:21Z</time><extensions><gpxtpx:TrackPointExtension><gpxtpx:depth>0.00</gpxtpx:depth></gpxtpx:TrackPointExtension></extensions></trkpt><trkpt lat="55.8894482441" lon="48.5949997790"><ele>86.43</ele><time>2018-08-15T08:54:41Z</time><extensions><gpxtpx:TrackPointExtension><gpxtpx:depth>0.00</gpxtpx:depth></gpxtpx:TrackPointExtension></extensions></trkpt><trkpt lat="55.8886502031" lon="48.5956342053"><ele>84.48</ele><time>2018-08-15T08:55:08Z</time><extensions><gpxtpx:TrackPointExtension><gpxtpx:depth>0.00</gpxtpx:depth></gpxtpx:TrackPointExtension></extensions></trkpt><trkpt lat="55.8885550685" lon="48.5958982352"><ele>82.06</ele><time>2018-08-15T09:05:48Z</time><extensions><gpxtpx:TrackPointExtension><gpxtpx:depth>0.00</gpxtpx:depth></gpxtpx:TrackPointExtension></extensions></trkpt><trkpt lat="55.8885009214" lon="48.5957697406"><ele>83.22</ele><time>2018-08-15T09:20:19Z</time><extensions><gpxtpx:TrackPointExtension><gpxtpx:depth>0.00</gpxtpx:depth></gpxtpx:TrackPointExtension></extensions></trkpt><trkpt lat="55.8885412384" lon="48.5958819743"><ele>83.35</ele><time>2018-08-15T09:39:38Z</time><extensions><gpxtpx:TrackPointExtension><gpxtpx:depth>0.00</gpxtpx:depth></gpxtpx:TrackPointExtension></extensions></trkpt><trkpt lat="55.8890247904" lon="48.5960639454"><ele>86.50</ele><time>2018-08-15T09:44:05Z</time><extensions><gpxtpx:TrackPointExtension><gpxtpx:depth>0.00</gpxtpx:depth></gpxtpx:TrackPointExtension></extensions></trkpt><trkpt lat="55.8885990735" lon="48.5975365620"><ele>86.68</ele><time>2018-08-15T09:44:27Z</time><extensions><gpxtpx:TrackPointExtension><gpxtpx:depth>0.00</gpxtpx:depth></gpxtpx:TrackPointExtension></extensions></trkpt><trkpt lat="55.8881947305" lon="48.5990305524"><ele>85.44</ele><time>2018-08-15T09:44:47Z</time><extensions><gpxtpx:TrackPointExtension><gpxtpx:depth>0.00</gpxtpx:depth></gpxtpx:TrackPointExtension></extensions></trkpt><trkpt lat="55.8877765574" lon="48.6004745029"><ele>84.88</ele><time>2018-08-15T09:45:06Z</time><extensions><gpxtpx:TrackPointExtension><gpxtpx:depth>0.00</gpxtpx:depth></gpxtpx:TrackPointExtension></extensions></trkpt><trkpt lat="55.8873363398" lon="48.6019580159"><ele>83.98</ele><time>2018-08-15T09:45:25Z</time><extensions><gpxtpx:TrackPointExtension><gpxtpx:depth>0.00</gpxtpx:depth></gpxtpx:TrackPointExtension></extensions></trkpt><trkpt lat="55.8869384509" lon="48.6034012958"><ele>82.75</ele><time>2018-08-15T09:45:42Z</time><extensions><gpxtpx:TrackPointExtension><gpxtpx:depth>0.00</gpxtpx:depth></gpxtpx:TrackPointExtension></extensions></trkpt><trkpt lat="55.8865460940" lon="48.6048606690"><ele>81.69</ele><time>2018-08-15T09:45:58Z</time><extensions><gpxtpx:TrackPointExtension><gpxtpx:depth>0.00</gpxtpx:depth></gpxtpx:TrackPointExtension></extensions></trkpt><trkpt lat="55.8861969877" lon="48.6063410807"><ele>80.58</ele><time>2018-08-15T09:46:13Z</time><extensions><gpxtpx:TrackPointExtension><gpxtpx:depth>0.00</gpxtpx:depth></gpxtpx:TrackPointExtension></extensions></trkpt><trkpt lat="55.8857988473" lon="48.6078827642"><ele>79.20</ele><time>2018-08-15T09:46:28Z</time><extensions><gpxtpx:TrackPointExtension><gpxtpx:depth>0.00</gpxtpx:depth></gpxtpx:TrackPointExtension></extensions></trkpt><trkpt lat="55.8854141179" lon="48.6093830410"><ele>77.90</ele><time>2018-08-15T09:46:42Z</time><extensions><gpxtpx:TrackPointExtension><gpxtpx:depth>0.00</gpxtpx:depth></gpxtpx:TrackPointExtension></extensions></trkpt><trkpt lat="55.8850169834" lon="48.6108784564"><ele>77.06</ele><time>2018-08-15T09:46:56Z</time><extensions><gpxtpx:TrackPointExtension><gpxtpx:depth>0.00</gpxtpx:depth></gpxtpx:TrackPointExtension></extensions></trkpt><trkpt lat="55.8846289013" lon="48.6124263424"><ele>76.13</ele><time>2018-08-15T09:47:11Z</time><extensions><gpxtpx:TrackPointExtension><gpxtpx:depth>0.00</gpxtpx:depth></gpxtpx:TrackPointExtension></extensions></trkpt><trkpt lat="55.8842186071" lon="48.6139502563"><ele>75.97</ele><time>2018-08-15T09:47:28Z</time><extensions><gpxtpx:TrackPointExtension><gpxtpx:depth>0.00</gpxtpx:depth></gpxtpx:TrackPointExtension></extensions></trkpt><trkpt lat="55.8837997634" lon="48.6154220346"><ele>75.34</ele><time>2018-08-15T09:47:44Z</time><extensions><gpxtpx:TrackPointExtension><gpxtpx:depth>0.00</gpxtpx:depth></gpxtpx:TrackPointExtension></extensions></trkpt><trkpt lat="55.8833717834" lon="48.6168466229"><ele>74.53</ele><time>2018-08-15T09:47:59Z</time><extensions><gpxtpx:TrackPointExtension><gpxtpx:depth>0.00</gpxtpx:depth></gpxtpx:TrackPointExtension></extensions></trkpt><trkpt lat="55.8829124551" lon="48.6182302237"><ele>73.42</ele><time>2018-08-15T09:48:13Z</time><extensions><gpxtpx:TrackPointExtension><gpxtpx:depth>0.00</gpxtpx:depth></gpxtpx:TrackPointExtension></extensions></trkpt><trkpt lat="55.8824503608" lon="48.6196517106"><ele>72.30</ele><time>2018-08-15T09:48:29Z</time><extensions><gpxtpx:TrackPointExtension><gpxtpx:depth>0.00</gpxtpx:depth></gpxtpx:TrackPointExtension></extensions></trkpt><trkpt lat="55.8821074571" lon="48.6211922206"><ele>72.09</ele><time>2018-08-15T09:48:46Z</time><extensions><gpxtpx:TrackPointExtension><gpxtpx:depth>0.00</gpxtpx:depth></gpxtpx:TrackPointExtension></extensions></trkpt><trkpt lat="55.8819115721" lon="48.6227952596"><ele>71.81</ele><time>2018-08-15T09:49:05Z</time><extensions><gpxtpx:TrackPointExtension><gpxtpx:depth>0.00</gpxtpx:depth></gpxtpx:TrackPointExtension></extensions></trkpt><trkpt lat="55.8818608616" lon="48.6244336702"><ele>70.83</ele><time>2018-08-15T09:49:23Z</time><extensions><gpxtpx:TrackPointExtension><gpxtpx:depth>0.00</gpxtpx:depth></gpxtpx:TrackPointExtension></extensions></trkpt><trkpt lat="55.8819803037" lon="48.6260885093"><ele>70.70</ele><time>2018-08-15T09:49:41Z</time><extensions><gpxtpx:TrackPointExtension><gpxtpx:depth>0.00</gpxtpx:depth></gpxtpx:TrackPointExtension></extensions></trkpt><trkpt lat="55.8822394721" lon="48.6276265047"><ele>70.70</ele><time>2018-08-15T09:50:02Z</time><extensions><gpxtpx:TrackPointExtension><gpxtpx:depth>0.00</gpxtpx:depth></gpxtpx:TrackPointExtension></extensions></trkpt><trkpt lat="55.8825128898" lon="48.6292039789"><ele>70.84</ele><time>2018-08-15T09:50:24Z</time><extensions><gpxtpx:TrackPointExtension><gpxtpx:depth>0.00</gpxtpx:depth></gpxtpx:TrackPointExtension></extensions></trkpt><trkpt lat="55.8827658556" lon="48.6307675391"><ele>69.99</ele><time>2018-08-15T09:50:41Z</time><extensions><gpxtpx:TrackPointExtension><gpxtpx:depth>0.00</gpxtpx:depth></gpxtpx:TrackPointExtension></extensions></trkpt><trkpt lat="55.8829895686" lon="48.6324473564"><ele>68.37</ele><time>2018-08-15T09:50:56Z</time><extensions><gpxtpx:TrackPointExtension><gpxtpx:depth>0.00</gpxtpx:depth></gpxtpx:TrackPointExtension></extensions></trkpt><trkpt lat="55.8831429575" lon="48.6340733618"><ele>66.48</ele><time>2018-08-15T09:51:07Z</time><extensions><gpxtpx:TrackPointExtension><gpxtpx:depth>0.00</gpxtpx:depth></gpxtpx:TrackPointExtension></extensions></trkpt><trkpt lat="55.8831696119" lon="48.6358167138"><ele>62.91</ele><time>2018-08-15T09:51:18Z</time><extensions><gpxtpx:TrackPointExtension><gpxtpx:depth>0.00</gpxtpx:depth></gpxtpx:TrackPointExtension></extensions></trkpt><trkpt lat="55.8831447177" lon="48.6374971177"><ele>61.19</ele><time>2018-08-15T09:51:30Z</time><extensions><gpxtpx:TrackPointExtension><gpxtpx:depth>0.00</gpxtpx:depth></gpxtpx:TrackPointExtension></extensions></trkpt><trkpt lat="55.8830939233" lon="48.6391460896"><ele>61.12</ele><time>2018-08-15T09:51:44Z</time><extensions><gpxtpx:TrackPointExtension><gpxtpx:depth>0.00</gpxtpx:depth></gpxtpx:TrackPointExtension></extensions></trkpt><trkpt lat="55.8829874732" lon="48.6407912895"><ele>63.01</ele><time>2018-08-15T09:52:02Z</time><extensions><gpxtpx:TrackPointExtension><gpxtpx:depth>0.00</gpxtpx:depth></gpxtpx:TrackPointExtension></extensions></trkpt><trkpt lat="55.8828669414" lon="48.6424031295"><ele>63.96</ele><time>2018-08-15T09:52:23Z</time><extensions><gpxtpx:TrackPointExtension><gpxtpx:depth>0.00</gpxtpx:depth></gpxtpx:TrackPointExtension></extensions></trkpt><trkpt lat="55.8827112056" lon="48.6440283805"><ele>64.12</ele><time>2018-08-15T09:52:43Z</time><extensions><gpxtpx:TrackPointExtension><gpxtpx:depth>0.00</gpxtpx:depth></gpxtpx:TrackPointExtension></extensions></trkpt><trkpt lat="55.8824479301" lon="48.6456330121"><ele>63.09</ele><time>2018-08-15T09:53:00Z</time><extensions><gpxtpx:TrackPointExtension><gpxtpx:depth>0.00</gpxtpx:depth></gpxtpx:TrackPointExtension></extensions></trkpt><trkpt lat="55.8820647094" lon="48.6471974943"><ele>61.30</ele><time>2018-08-15T09:53:15Z</time><extensions><gpxtpx:TrackPointExtension><gpxtpx:depth>0.00</gpxtpx:depth></gpxtpx:TrackPointExtension></extensions></trkpt><trkpt lat="55.8816276770" lon="48.6486711167"><ele>59.38</ele><time>2018-08-15T09:53:29Z</time><extensions><gpxtpx:TrackPointExtension><gpxtpx:depth>0.00</gpxtpx:depth></gpxtpx:TrackPointExtension></extensions></trkpt><trkpt lat="55.8811656665" lon="48.6501182523"><ele>57.66</ele><time>2018-08-15T09:53:44Z</time><extensions><gpxtpx:TrackPointExtension><gpxtpx:depth>0.00</gpxtpx:depth></gpxtpx:TrackPointExtension></extensions></trkpt><trkpt lat="55.8807208389" lon="48.6515150964"><ele>56.85</ele><time>2018-08-15T09:54:01Z</time><extensions><gpxtpx:TrackPointExtension><gpxtpx:depth>0.00</gpxtpx:depth></gpxtpx:TrackPointExtension></extensions></trkpt><trkpt lat="55.8802553918" lon="48.6529403552"><ele>56.87</ele><time>2018-08-15T09:54:20Z</time><extensions><gpxtpx:TrackPointExtension><gpxtpx:depth>0.00</gpxtpx:depth></gpxtpx:TrackPointExtension></extensions></trkpt><trkpt lat="55.8797330316" lon="48.6542527098"><ele>57.00</ele><time>2018-08-15T09:54:41Z</time><extensions><gpxtpx:TrackPointExtension><gpxtpx:depth>0.00</gpxtpx:depth></gpxtpx:TrackPointExtension></extensions></trkpt><trkpt lat="55.8790799137" lon="48.6554215662"><ele>57.63</ele><time>2018-08-15T09:55:03Z</time><extensions><gpxtpx:TrackPointExtension><gpxtpx:depth>0.00</gpxtpx:depth></gpxtpx:TrackPointExtension></extensions></trkpt><trkpt lat="55.8783715591" lon="48.6564371176"><ele>60.12</ele><time>2018-08-15T09:55:31Z</time><extensions><gpxtpx:TrackPointExtension><gpxtpx:depth>0.00</gpxtpx:depth></gpxtpx:TrackPointExtension></extensions></trkpt><trkpt lat="55.8776392322" lon="48.6574192252"><ele>63.24</ele><time>2018-08-15T09:56:03Z</time><extensions><gpxtpx:TrackPointExtension><gpxtpx:depth>0.00</gpxtpx:depth></gpxtpx:TrackPointExtension></extensions></trkpt><trkpt lat="55.8769026306" lon="48.6584010813"><ele>67.43</ele><time>2018-08-15T09:56:37Z</time><extensions><gpxtpx:TrackPointExtension><gpxtpx:depth>0.00</gpxtpx:depth></gpxtpx:TrackPointExtension></extensions></trkpt><trkpt lat="55.8761019073" lon="48.6592396908"><ele>70.12</ele><time>2018-08-15T09:57:11Z</time><extensions><gpxtpx:TrackPointExtension><gpxtpx:depth>0.00</gpxtpx:depth></gpxtpx:TrackPointExtension></extensions></trkpt><trkpt lat="55.8752399962" lon="48.6597543396"><ele>72.13</ele><time>2018-08-15T09:57:42Z</time><extensions><gpxtpx:TrackPointExtension><gpxtpx:depth>0.00</gpxtpx:depth></gpxtpx:TrackPointExtension></extensions></trkpt><trkpt lat="55.8743545320" lon="48.6600529868"><ele>73.56</ele><time>2018-08-15T09:58:11Z</time><extensions><gpxtpx:TrackPointExtension><gpxtpx:depth>0.00</gpxtpx:depth></gpxtpx:TrackPointExtension></extensions></trkpt><trkpt lat="55.8734492026" lon="48.6601874325"><ele>74.62</ele><time>2018-08-15T09:58:37Z</time><extensions><gpxtpx:TrackPointExtension><gpxtpx:depth>0.00</gpxtpx:depth></gpxtpx:TrackPointExtension></extensions></trkpt><trkpt lat="55.8725302946" lon="48.6602880992"><ele>75.62</ele><time>2018-08-15T09:59:04Z</time><extensions><gpxtpx:TrackPointExtension><gpxtpx:depth>0.00</gpxtpx:depth></gpxtpx:TrackPointExtension></extensions></trkpt><trkpt lat="55.8716183435" lon="48.6603886820"><ele>76.39</ele><time>2018-08-15T09:59:30Z</time><extensions><gpxtpx:TrackPointExtension><gpxtpx:depth>0.00</gpxtpx:depth></gpxtpx:TrackPointExtension></extensions></trkpt><trkpt lat="55.8706983458" lon="48.6604821403"><ele>77.56</ele><time>2018-08-15T09:59:59Z</time><extensions><gpxtpx:TrackPointExtension><gpxtpx:depth>0.00</gpxtpx:depth></gpxtpx:TrackPointExtension></extensions></trkpt><trkpt lat="55.8698979579" lon="48.6611271277"><ele>78.98</ele><time>2018-08-15T10:00:29Z</time><extensions><gpxtpx:TrackPointExtension><gpxtpx:depth>0.00</gpxtpx:depth></gpxtpx:TrackPointExtension></extensions></trkpt><trkpt lat="55.8699195832" lon="48.6625921167"><ele>81.50</ele><time>2018-08-15T10:01:02Z</time><extensions><gpxtpx:TrackPointExtension><gpxtpx:depth>0.00</gpxtpx:depth></gpxtpx:TrackPointExtension></extensions></trkpt><trkpt lat="55.8706438635" lon="48.6636277847"><ele>83.76</ele><time>2018-08-15T10:01:37Z</time><extensions><gpxtpx:TrackPointExtension><gpxtpx:depth>0.00</gpxtpx:depth></gpxtpx:TrackPointExtension></extensions></trkpt><trkpt lat="55.8710603602" lon="48.6650268082"><ele>85.78</ele><time>2018-08-15T10:02:11Z</time><extensions><gpxtpx:TrackPointExtension><gpxtpx:depth>0.00</gpxtpx:depth></gpxtpx:TrackPointExtension></extensions></trkpt><trkpt lat="55.8711083047" lon="48.6666361336"><ele>87.35</ele><time>2018-08-15T10:02:43Z</time><extensions><gpxtpx:TrackPointExtension><gpxtpx:depth>0.00</gpxtpx:depth></gpxtpx:TrackPointExtension></extensions></trkpt><trkpt lat="55.8711089753" lon="48.6683008634"><ele>88.50</ele><time>2018-08-15T10:03:11Z</time><extensions><gpxtpx:TrackPointExtension><gpxtpx:depth>0.00</gpxtpx:depth></gpxtpx:TrackPointExtension></extensions></trkpt><trkpt lat="55.8711278345" lon="48.6699010525"><ele>89.89</ele><time>2018-08-15T10:03:38Z</time><extensions><gpxtpx:TrackPointExtension><gpxtpx:depth>0.00</gpxtpx:depth></gpxtpx:TrackPointExtension></extensions></trkpt><trkpt lat="55.8711360488" lon="48.6715364456"><ele>90.86</ele><time>2018-08-15T10:04:06Z</time><extensions><gpxtpx:TrackPointExtension><gpxtpx:depth>0.00</gpxtpx:depth></gpxtpx:TrackPointExtension></extensions></trkpt><trkpt lat="55.8711596858" lon="48.6731325276"><ele>91.67</ele><time>2018-08-15T10:04:34Z</time><extensions><gpxtpx:TrackPointExtension><gpxtpx:depth>0.00</gpxtpx:depth></gpxtpx:TrackPointExtension></extensions></trkpt><trkpt lat="55.8711411618" lon="48.6747593712"><ele>92.98</ele><time>2018-08-15T10:05:00Z</time><extensions><gpxtpx:TrackPointExtension><gpxtpx:depth>0.00</gpxtpx:depth></gpxtpx:TrackPointExtension></extensions></trkpt><trkpt lat="55.8711217158" lon="48.6763873044"><ele>93.88</ele><time>2018-08-15T10:05:27Z</time><extensions><gpxtpx:TrackPointExtension><gpxtpx:depth>0.00</gpxtpx:depth></gpxtpx:TrackPointExtension></extensions></trkpt><trkpt lat="55.8711450174" lon="48.6780358572"><ele>95.61</ele><time>2018-08-15T10:05:56Z</time><extensions><gpxtpx:TrackPointExtension><gpxtpx:depth>0.00</gpxtpx:depth></gpxtpx:TrackPointExtension></extensions></trkpt><trkpt lat="55.8711417485" lon="48.6796796322"><ele>96.60</ele><time>2018-08-15T10:06:24Z</time><extensions><gpxtpx:TrackPointExtension><gpxtpx:depth>0.00</gpxtpx:depth></gpxtpx:TrackPointExtension></extensions></trkpt><trkpt lat="55.8711912017" lon="48.6812655721"><ele>97.49</ele><time>2018-08-15T10:06:49Z</time><extensions><gpxtpx:TrackPointExtension><gpxtpx:depth>0.00</gpxtpx:depth></gpxtpx:TrackPointExtension></extensions></trkpt><trkpt lat="55.8712633699" lon="48.6828998756"><ele>98.00</ele><time>2018-08-15T10:07:15Z</time><extensions><gpxtpx:TrackPointExtension><gpxtpx:depth>0.00</gpxtpx:depth></gpxtpx:TrackPointExtension></extensions></trkpt><trkpt lat="55.8713225462" lon="48.6845633481"><ele>98.02</ele><time>2018-08-15T10:07:38Z</time><extensions><gpxtpx:TrackPointExtension><gpxtpx:depth>0.00</gpxtpx:depth></gpxtpx:TrackPointExtension></extensions></trkpt><trkpt lat="55.8713570796" lon="48.6862403154"><ele>97.32</ele><time>2018-08-15T10:07:55Z</time><extensions><gpxtpx:TrackPointExtension><gpxtpx:depth>0.00</gpxtpx:depth></gpxtpx:TrackPointExtension></extensions></trkpt><trkpt lat="55.8713894337" lon="48.6878778879"><ele>96.21</ele><time>2018-08-15T10:08:09Z</time><extensions><gpxtpx:TrackPointExtension><gpxtpx:depth>0.00</gpxtpx:depth></gpxtpx:TrackPointExtension></extensions></trkpt><trkpt lat="55.8714018390" lon="48.6895658355"><ele>94.43</ele><time>2018-08-15T10:08:22Z</time><extensions><gpxtpx:TrackPointExtension><gpxtpx:depth>0.00</gpxtpx:depth></gpxtpx:TrackPointExtension></extensions></trkpt><trkpt lat="55.8714088798" lon="48.6911649350"><ele>92.21</ele><time>2018-08-15T10:08:33Z</time><extensions><gpxtpx:TrackPointExtension><gpxtpx:depth>0.00</gpxtpx:depth></gpxtpx:TrackPointExtension></extensions></trkpt><trkpt lat="55.8714258112" lon="48.6927790381"><ele>89.74</ele><time>2018-08-15T10:08:45Z</time><extensions><gpxtpx:TrackPointExtension><gpxtpx:depth>0.00</gpxtpx:depth></gpxtpx:TrackPointExtension></extensions></trkpt><trkpt lat="55.8714686427" lon="48.6943984218"><ele>88.79</ele><time>2018-08-15T10:09:01Z</time><extensions><gpxtpx:TrackPointExtension><gpxtpx:depth>0.00</gpxtpx:depth></gpxtpx:TrackPointExtension></extensions></trkpt><trkpt lat="55.8715039305" lon="48.6960387602"><ele>90.92</ele><time>2018-08-15T10:09:23Z</time><extensions><gpxtpx:TrackPointExtension><gpxtpx:depth>0.00</gpxtpx:depth></gpxtpx:TrackPointExtension></extensions></trkpt><trkpt lat="55.8714989852" lon="48.6976967845"><ele>91.96</ele><time>2018-08-15T10:09:45Z</time><extensions><gpxtpx:TrackPointExtension><gpxtpx:depth>0.00</gpxtpx:depth></gpxtpx:TrackPointExtension></extensions></trkpt><trkpt lat="55.8714802098" lon="48.6992968898"><ele>92.34</ele><time>2018-08-15T10:10:07Z</time><extensions><gpxtpx:TrackPointExtension><gpxtpx:depth>0.00</gpxtpx:depth></gpxtpx:TrackPointExtension></extensions></trkpt><trkpt lat="55.8714305889" lon="48.7009281758"><ele>92.08</ele><time>2018-08-15T10:10:29Z</time><extensions><gpxtpx:TrackPointExtension><gpxtpx:depth>0.00</gpxtpx:depth></gpxtpx:TrackPointExtension></extensions></trkpt><trkpt lat="55.8713610191" lon="48.7025758903"><ele>92.19</ele><time>2018-08-15T10:10:51Z</time><extensions><gpxtpx:TrackPointExtension><gpxtpx:depth>0.00</gpxtpx:depth></gpxtpx:TrackPointExtension></extensions></trkpt><trkpt lat="55.8712772839" lon="48.7042035721"><ele>92.55</ele><time>2018-08-15T10:11:15Z</time><extensions><gpxtpx:TrackPointExtension><gpxtpx:depth>0.00</gpxtpx:depth></gpxtpx:TrackPointExtension></extensions></trkpt><trkpt lat="55.8712042775" lon="48.7058496941"><ele>92.90</ele><time>2018-08-15T10:11:39Z</time><extensions><gpxtpx:TrackPointExtension><gpxtpx:depth>0.00</gpxtpx:depth></gpxtpx:TrackPointExtension></extensions></trkpt><trkpt lat="55.8711241465" lon="48.7074890267"><ele>93.53</ele><time>2018-08-15T10:12:04Z</time><extensions><gpxtpx:TrackPointExtension><gpxtpx:depth>0.00</gpxtpx:depth></gpxtpx:TrackPointExtension></extensions></trkpt><trkpt lat="55.8710367233" lon="48.7091156188"><ele>94.20</ele><time>2018-08-15T10:12:31Z</time><extensions><gpxtpx:TrackPointExtension><gpxtpx:depth>0.00</gpxtpx:depth></gpxtpx:TrackPointExtension></extensions></trkpt><trkpt lat="55.8709315304" lon="48.7107494194"><ele>95.06</ele><time>2018-08-15T10:12:58Z</time><extensions><gpxtpx:TrackPointExtension><gpxtpx:depth>0.00</gpxtpx:depth></gpxtpx:TrackPointExtension></extensions></trkpt><trkpt lat="55.8707938995" lon="48.7123148236"><ele>95.89</ele><time>2018-08-15T10:13:32Z</time><extensions><gpxtpx:TrackPointExtension><gpxtpx:depth>0.00</gpxtpx:depth></gpxtpx:TrackPointExtension></extensions></trkpt><trkpt lat="55.8706291951" lon="48.7139425892"><ele>97.04</ele><time>2018-08-15T10:14:00Z</time><extensions><gpxtpx:TrackPointExtension><gpxtpx:depth>0.00</gpxtpx:depth></gpxtpx:TrackPointExtension></extensions></trkpt><trkpt lat="55.8704565279" lon="48.7155371625"><ele>97.67</ele><time>2018-08-15T10:14:27Z</time><extensions><gpxtpx:TrackPointExtension><gpxtpx:depth>0.00</gpxtpx:depth></gpxtpx:TrackPointExtension></extensions></trkpt><trkpt lat="55.8702547755" lon="48.7171594799"><ele>98.27</ele><time>2018-08-15T10:14:54Z</time><extensions><gpxtpx:TrackPointExtension><gpxtpx:depth>0.00</gpxtpx:depth></gpxtpx:TrackPointExtension></extensions></trkpt><trkpt lat="55.8700813539" lon="48.7187993992"><ele>98.97</ele><time>2018-08-15T10:15:21Z</time><extensions><gpxtpx:TrackPointExtension><gpxtpx:depth>0.00</gpxtpx:depth></gpxtpx:TrackPointExtension></extensions></trkpt><trkpt lat="55.8698933478" lon="48.7204317749"><ele>99.44</ele><time>2018-08-15T10:15:45Z</time><extensions><gpxtpx:TrackPointExtension><gpxtpx:depth>0.00</gpxtpx:depth></gpxtpx:TrackPointExtension></extensions></trkpt><trkpt lat="55.8697266318" lon="48.7220312096"><ele>99.73</ele><time>2018-08-15T10:16:08Z</time><extensions><gpxtpx:TrackPointExtension><gpxtpx:depth>0.00</gpxtpx:depth></gpxtpx:TrackPointExtension></extensions></trkpt><trkpt lat="55.8695540484" lon="48.7236523535"><ele>99.69</ele><time>2018-08-15T10:16:31Z</time><extensions><gpxtpx:TrackPointExtension><gpxtpx:depth>0.00</gpxtpx:depth></gpxtpx:TrackPointExtension></extensions></trkpt><trkpt lat="55.8693942055" lon="48.7252824660"><ele>99.38</ele><time>2018-08-15T10:16:54Z</time><extensions><gpxtpx:TrackPointExtension><gpxtpx:depth>0.00</gpxtpx:depth></gpxtpx:TrackPointExtension></extensions></trkpt><trkpt lat="55.8692248911" lon="48.7268941384"><ele>99.58</ele><time>2018-08-15T10:17:17Z</time><extensions><gpxtpx:TrackPointExtension><gpxtpx:depth>0.00</gpxtpx:depth></gpxtpx:TrackPointExtension></extensions></trkpt><trkpt lat="55.8690460213" lon="48.7284911424"><ele>99.63</ele><time>2018-08-15T10:17:39Z</time><extensions><gpxtpx:TrackPointExtension><gpxtpx:depth>0.00</gpxtpx:depth></gpxtpx:TrackPointExtension></extensions></trkpt><trkpt lat="55.8688542433" lon="48.7300469074"><ele>99.66</ele><time>2018-08-15T10:18:03Z</time><extensions><gpxtpx:TrackPointExtension><gpxtpx:depth>0.00</gpxtpx:depth></gpxtpx:TrackPointExtension></extensions></trkpt><trkpt lat="55.8686848450" lon="48.7316288240"><ele>99.53</ele><time>2018-08-15T10:18:25Z</time><extensions><gpxtpx:TrackPointExtension><gpxtpx:depth>0.00</gpxtpx:depth></gpxtpx:TrackPointExtension></extensions></trkpt><trkpt lat="55.8685043827" lon="48.7332359701"><ele>99.67</ele><time>2018-08-15T10:18:48Z</time><extensions><gpxtpx:TrackPointExtension><gpxtpx:depth>0.00</gpxtpx:depth></gpxtpx:TrackPointExtension></extensions></trkpt><trkpt lat="55.8683328889" lon="48.7348330580"><ele>99.67</ele><time>2018-08-15T10:19:11Z</time><extensions><gpxtpx:TrackPointExtension><gpxtpx:depth>0.00</gpxtpx:depth></gpxtpx:TrackPointExtension></extensions></trkpt><trkpt lat="55.8681546897" lon="48.7364573032"><ele>100.03</ele><time>2018-08-15T10:19:34Z</time><extensions><gpxtpx:TrackPointExtension><gpxtpx:depth>0.00</gpxtpx:depth></gpxtpx:TrackPointExtension></extensions></trkpt><trkpt lat="55.8679916617" lon="48.7380795367"><ele>100.07</ele><time>2018-08-15T10:20:00Z</time><extensions><gpxtpx:TrackPointExtension><gpxtpx:depth>0.00</gpxtpx:depth></gpxtpx:TrackPointExtension></extensions></trkpt><trkpt lat="55.8678246103" lon="48.7397269160"><ele>100.37</ele><time>2018-08-15T10:20:26Z</time><extensions><gpxtpx:TrackPointExtension><gpxtpx:depth>0.00</gpxtpx:depth></gpxtpx:TrackPointExtension></extensions></trkpt><trkpt lat="55.8676502667" lon="48.7413441204"><ele>100.87</ele><time>2018-08-15T10:20:48Z</time><extensions><gpxtpx:TrackPointExtension><gpxtpx:depth>0.00</gpxtpx:depth></gpxtpx:TrackPointExtension></extensions></trkpt><trkpt lat="55.8674576506" lon="48.7429690361"><ele>101.47</ele><time>2018-08-15T10:21:11Z</time><extensions><gpxtpx:TrackPointExtension><gpxtpx:depth>0.00</gpxtpx:depth></gpxtpx:TrackPointExtension></extensions></trkpt><trkpt lat="55.8672411460" lon="48.7445615977"><ele>101.31</ele><time>2018-08-15T10:21:33Z</time><extensions><gpxtpx:TrackPointExtension><gpxtpx:depth>0.00</gpxtpx:depth></gpxtpx:TrackPointExtension></extensions></trkpt><trkpt lat="55.8670112304" lon="48.7461756170"><ele>102.01</ele><time>2018-08-15T10:21:57Z</time><extensions><gpxtpx:TrackPointExtension><gpxtpx:depth>0.00</gpxtpx:depth></gpxtpx:TrackPointExtension></extensions></trkpt><trkpt lat="55.8668115735" lon="48.7477824278"><ele>102.45</ele><time>2018-08-15T10:22:21Z</time><extensions><gpxtpx:TrackPointExtension><gpxtpx:depth>0.00</gpxtpx:depth></gpxtpx:TrackPointExtension></extensions></trkpt><trkpt lat="55.8666265011" lon="48.7493909150"><ele>102.95</ele><time>2018-08-15T10:22:50Z</time><extensions><gpxtpx:TrackPointExtension><gpxtpx:depth>0.00</gpxtpx:depth></gpxtpx:TrackPointExtension></extensions></trkpt><trkpt lat="55.8664852660" lon="48.7509898469"><ele>103.16</ele><time>2018-08-15T10:23:14Z</time><extensions><gpxtpx:TrackPointExtension><gpxtpx:depth>0.00</gpxtpx:depth></gpxtpx:TrackPointExtension></extensions></trkpt><trkpt lat="55.8663675003" lon="48.7526342925"><ele>103.27</ele><time>2018-08-15T10:23:36Z</time><extensions><gpxtpx:TrackPointExtension><gpxtpx:depth>0.00</gpxtpx:depth></gpxtpx:TrackPointExtension></extensions></trkpt><trkpt lat="55.8662302047" lon="48.7542246748"><ele>103.02</ele><time>2018-08-15T10:23:55Z</time><extensions><gpxtpx:TrackPointExtension><gpxtpx:depth>0.00</gpxtpx:depth></gpxtpx:TrackPointExtension></extensions></trkpt><trkpt lat="55.8660783246" lon="48.7558071781"><ele>102.60</ele><time>2018-08-15T10:24:12Z</time><extensions><gpxtpx:TrackPointExtension><gpxtpx:depth>0.00</gpxtpx:depth></gpxtpx:TrackPointExtension></extensions></trkpt><trkpt lat="55.8658940904" lon="48.7574450858"><ele>102.37</ele><time>2018-08-15T10:24:30Z</time><extensions><gpxtpx:TrackPointExtension><gpxtpx:depth>0.00</gpxtpx:depth></gpxtpx:TrackPointExtension></extensions></trkpt><trkpt lat="55.8657075092" lon="48.7590715103"><ele>101.87</ele><time>2018-08-15T10:24:49Z</time><extensions><gpxtpx:TrackPointExtension><gpxtpx:depth>0.00</gpxtpx:depth></gpxtpx:TrackPointExtension></extensions></trkpt><trkpt lat="55.8655409608" lon="48.7606448773"><ele>101.35</ele><time>2018-08-15T10:25:08Z</time><extensions><gpxtpx:TrackPointExtension><gpxtpx:depth>0.00</gpxtpx:depth></gpxtpx:TrackPointExtension></extensions></trkpt><trkpt lat="55.8653625101" lon="48.7622800190"><ele>101.23</ele><time>2018-08-15T10:25:28Z</time><extensions><gpxtpx:TrackPointExtension><gpxtpx:depth>0.00</gpxtpx:depth></gpxtpx:TrackPointExtension></extensions></trkpt><trkpt lat="55.8651799522" lon="48.7639029231"><ele>101.21</ele><time>2018-08-15T10:25:47Z</time><extensions><gpxtpx:TrackPointExtension><gpxtpx:depth>0.00</gpxtpx:depth></gpxtpx:TrackPointExtension></extensions></trkpt><trkpt lat="55.8650094643" lon="48.7655264139"><ele>101.00</ele><time>2018-08-15T10:26:06Z</time><extensions><gpxtpx:TrackPointExtension><gpxtpx:depth>0.00</gpxtpx:depth></gpxtpx:TrackPointExtension></extensions></trkpt><trkpt lat="55.8648362942" lon="48.7671281956"><ele>100.72</ele><time>2018-08-15T10:26:27Z</time><extensions><gpxtpx:TrackPointExtension><gpxtpx:depth>0.00</gpxtpx:depth></gpxtpx:TrackPointExtension></extensions></trkpt><trkpt lat="55.8646448515" lon="48.7687664386"><ele>100.54</ele><time>2018-08-15T10:26:50Z</time><extensions><gpxtpx:TrackPointExtension><gpxtpx:depth>0.00</gpxtpx:depth></gpxtpx:TrackPointExtension></extensions></trkpt><trkpt lat="55.8644757885" lon="48.7703669630"><ele>100.72</ele><time>2018-08-15T10:27:24Z</time><extensions><gpxtpx:TrackPointExtension><gpxtpx:depth>0.00</gpxtpx:depth></gpxtpx:TrackPointExtension></extensions></trkpt><trkpt lat="55.8643732779" lon="48.7719913758"><ele>100.38</ele><time>2018-08-15T10:27:50Z</time><extensions><gpxtpx:TrackPointExtension><gpxtpx:depth>0.00</gpxtpx:depth></gpxtpx:TrackPointExtension></extensions></trkpt><trkpt lat="55.8643020317" lon="48.7736104243"><ele>100.10</ele><time>2018-08-15T10:28:10Z</time><extensions><gpxtpx:TrackPointExtension><gpxtpx:depth>0.00</gpxtpx:depth></gpxtpx:TrackPointExtension></extensions></trkpt><trkpt lat="55.8642639779" lon="48.7752155587"><ele>99.53</ele><time>2018-08-15T10:28:27Z</time><extensions><gpxtpx:TrackPointExtension><gpxtpx:depth>0.00</gpxtpx:depth></gpxtpx:TrackPointExtension></extensions></trkpt><trkpt lat="55.8642068133" lon="48.7768916041"><ele>99.52</ele><time>2018-08-15T10:28:45Z</time><extensions><gpxtpx:TrackPointExtension><gpxtpx:depth>0.00</gpxtpx:depth></gpxtpx:TrackPointExtension></extensions></trkpt><trkpt lat="55.8641630597" lon="48.7785708345"><ele>99.31</ele><time>2018-08-15T10:29:02Z</time><extensions><gpxtpx:TrackPointExtension><gpxtpx:depth>0.00</gpxtpx:depth></gpxtpx:TrackPointExtension></extensions></trkpt><trkpt lat="55.8641126845" lon="48.7802402582"><ele>98.83</ele><time>2018-08-15T10:29:19Z</time><extensions><gpxtpx:TrackPointExtension><gpxtpx:depth>0.00</gpxtpx:depth></gpxtpx:TrackPointExtension></extensions></trkpt><trkpt lat="55.8640473895" lon="48.7818855420"><ele>98.66</ele><time>2018-08-15T10:29:36Z</time><extensions><gpxtpx:TrackPointExtension><gpxtpx:depth>0.00</gpxtpx:depth></gpxtpx:TrackPointExtension></extensions></trkpt><trkpt lat="55.8639445435" lon="48.7834854797"><ele>98.89</ele><time>2018-08-15T10:29:54Z</time><extensions><gpxtpx:TrackPointExtension><gpxtpx:depth>0.00</gpxtpx:depth></gpxtpx:TrackPointExtension></extensions></trkpt><trkpt lat="55.8638375066" lon="48.7850770354"><ele>98.99</ele><time>2018-08-15T10:30:12Z</time><extensions><gpxtpx:TrackPointExtension><gpxtpx:depth>0.00</gpxtpx:depth></gpxtpx:TrackPointExtension></extensions></trkpt><trkpt lat="55.8637531009" lon="48.7866932340"><ele>98.84</ele><time>2018-08-15T10:30:32Z</time><extensions><gpxtpx:TrackPointExtension><gpxtpx:depth>0.00</gpxtpx:depth></gpxtpx:TrackPointExtension></extensions></trkpt><trkpt lat="55.8636924159" lon="48.7883203290"><ele>98.70</ele><time>2018-08-15T10:30:51Z</time><extensions><gpxtpx:TrackPointExtension><gpxtpx:depth>0.00</gpxtpx:depth></gpxtpx:TrackPointExtension></extensions></trkpt><trkpt lat="55.8636764064" lon="48.7899622601"><ele>98.13</ele><time>2018-08-15T10:31:09Z</time><extensions><gpxtpx:TrackPointExtension><gpxtpx:depth>0.00</gpxtpx:depth></gpxtpx:TrackPointExtension></extensions></trkpt><trkpt lat="55.8636660967" lon="48.7916274089"><ele>98.27</ele><time>2018-08-15T10:31:28Z</time><extensions><gpxtpx:TrackPointExtension><gpxtpx:depth>0.00</gpxtpx:depth></gpxtpx:TrackPointExtension></extensions></trkpt><trkpt lat="55.8636463154" lon="48.7932348065"><ele>99.39</ele><time>2018-08-15T10:31:50Z</time><extensions><gpxtpx:TrackPointExtension><gpxtpx:depth>0.00</gpxtpx:depth></gpxtpx:TrackPointExtension></extensions></trkpt><trkpt lat="55.8636113629" lon="48.7948997878"><ele>100.53</ele><time>2018-08-15T10:32:13Z</time><extensions><gpxtpx:TrackPointExtension><gpxtpx:depth>0.00</gpxtpx:depth></gpxtpx:TrackPointExtension></extensions></trkpt><trkpt lat="55.8635585569" lon="48.7965482567"><ele>101.07</ele><time>2018-08-15T10:32:36Z</time><extensions><gpxtpx:TrackPointExtension><gpxtpx:depth>0.00</gpxtpx:depth></gpxtpx:TrackPointExtension></extensions></trkpt><trkpt lat="55.8635019790" lon="48.7982144952"><ele>101.21</ele><time>2018-08-15T10:32:57Z</time><extensions><gpxtpx:TrackPointExtension><gpxtpx:depth>0.00</gpxtpx:depth></gpxtpx:TrackPointExtension></extensions></trkpt><trkpt lat="55.8634507656" lon="48.7998961564"><ele>101.46</ele><time>2018-08-15T10:33:17Z</time><extensions><gpxtpx:TrackPointExtension><gpxtpx:depth>0.00</gpxtpx:depth></gpxtpx:TrackPointExtension></extensions></trkpt><trkpt lat="55.8633680362" lon="48.8015489839"><ele>101.78</ele><time>2018-08-15T10:33:37Z</time><extensions><gpxtpx:TrackPointExtension><gpxtpx:depth>0.00</gpxtpx:depth></gpxtpx:TrackPointExtension></extensions></trkpt><trkpt lat="55.8632933535" lon="48.8031697087"><ele>101.62</ele><time>2018-08-15T10:33:57Z</time><extensions><gpxtpx:TrackPointExtension><gpxtpx:depth>0.00</gpxtpx:depth></gpxtpx:TrackPointExtension></extensions></trkpt><trkpt lat="55.8631740790" lon="48.8048234582"><ele>101.27</ele><time>2018-08-15T10:34:18Z</time><extensions><gpxtpx:TrackPointExtension><gpxtpx:depth>0.00</gpxtpx:depth></gpxtpx:TrackPointExtension></extensions></trkpt><trkpt lat="55.8630153257" lon="48.8064792193"><ele>100.09</ele><time>2018-08-15T10:34:38Z</time><extensions><gpxtpx:TrackPointExtension><gpxtpx:depth>0.00</gpxtpx:depth></gpxtpx:TrackPointExtension></extensions></trkpt><trkpt lat="55.8628795389" lon="48.8081218209"><ele>98.72</ele><time>2018-08-15T10:34:55Z</time><extensions><gpxtpx:TrackPointExtension><gpxtpx:depth>0.00</gpxtpx:depth></gpxtpx:TrackPointExtension></extensions></trkpt><trkpt lat="55.8627141640" lon="48.8097748999"><ele>97.13</ele><time>2018-08-15T10:35:09Z</time><extensions><gpxtpx:TrackPointExtension><gpxtpx:depth>0.00</gpxtpx:depth></gpxtpx:TrackPointExtension></extensions></trkpt><trkpt lat="55.8625556622" lon="48.8114326727"><ele>95.15</ele><time>2018-08-15T10:35:24Z</time><extensions><gpxtpx:TrackPointExtension><gpxtpx:depth>0.00</gpxtpx:depth></gpxtpx:TrackPointExtension></extensions></trkpt><trkpt lat="55.8623907901" lon="48.8130404893"><ele>95.84</ele><time>2018-08-15T10:35:43Z</time><extensions><gpxtpx:TrackPointExtension><gpxtpx:depth>0.00</gpxtpx:depth></gpxtpx:TrackPointExtension></extensions></trkpt><trkpt lat="55.8622369822" lon="48.8146186341"><ele>97.58</ele><time>2018-08-15T10:36:11Z</time><extensions><gpxtpx:TrackPointExtension><gpxtpx:depth>0.00</gpxtpx:depth></gpxtpx:TrackPointExtension></extensions></trkpt><trkpt lat="55.8620787319" lon="48.8162044063"><ele>99.11</ele><time>2018-08-15T10:36:34Z</time><extensions><gpxtpx:TrackPointExtension><gpxtpx:depth>0.00</gpxtpx:depth></gpxtpx:TrackPointExtension></extensions></trkpt><trkpt lat="55.8619072381" lon="48.8178347703"><ele>99.34</ele><time>2018-08-15T10:36:56Z</time><extensions><gpxtpx:TrackPointExtension><gpxtpx:depth>0.00</gpxtpx:depth></gpxtpx:TrackPointExtension></extensions></trkpt><trkpt lat="55.8617396001" lon="48.8194124121"><ele>99.17</ele><time>2018-08-15T10:37:16Z</time><extensions><gpxtpx:TrackPointExtension><gpxtpx:depth>0.00</gpxtpx:depth></gpxtpx:TrackPointExtension></extensions></trkpt><trkpt lat="55.8615789190" lon="48.8210332207"><ele>98.54</ele><time>2018-08-15T10:37:35Z</time><extensions><gpxtpx:TrackPointExtension><gpxtpx:depth>0.00</gpxtpx:depth></gpxtpx:TrackPointExtension></extensions></trkpt><trkpt lat="55.8614172321" lon="48.8226830307"><ele>97.45</ele><time>2018-08-15T10:37:51Z</time><extensions><gpxtpx:TrackPointExtension><gpxtpx:depth>0.00</gpxtpx:depth></gpxtpx:TrackPointExtension></extensions></trkpt><trkpt lat="55.8612610772" lon="48.8243513647"><ele>96.92</ele><time>2018-08-15T10:38:08Z</time><extensions><gpxtpx:TrackPointExtension><gpxtpx:depth>0.00</gpxtpx:depth></gpxtpx:TrackPointExtension></extensions></trkpt><trkpt lat="55.8611360192" lon="48.8259582594"><ele>97.39</ele><time>2018-08-15T10:38:26Z</time><extensions><gpxtpx:TrackPointExtension><gpxtpx:depth>0.00</gpxtpx:depth></gpxtpx:TrackPointExtension></extensions></trkpt><trkpt lat="55.8609673753" lon="48.8275423553"><ele>97.45</ele><time>2018-08-15T10:38:44Z</time><extensions><gpxtpx:TrackPointExtension><gpxtpx:depth>0.00</gpxtpx:depth></gpxtpx:TrackPointExtension></extensions></trkpt><trkpt lat="55.8607695624" lon="48.8291823585"><ele>97.70</ele><time>2018-08-15T10:39:03Z</time><extensions><gpxtpx:TrackPointExtension><gpxtpx:depth>0.00</gpxtpx:depth></gpxtpx:TrackPointExtension></extensions></trkpt><trkpt lat="55.8606128208" lon="48.8307977188"><ele>97.70</ele><time>2018-08-15T10:39:22Z</time><extensions><gpxtpx:TrackPointExtension><gpxtpx:depth>0.00</gpxtpx:depth></gpxtpx:TrackPointExtension></extensions></trkpt><trkpt lat="55.8604794648" lon="48.8324236404"><ele>97.80</ele><time>2018-08-15T10:39:39Z</time><extensions><gpxtpx:TrackPointExtension><gpxtpx:depth>0.00</gpxtpx:depth></gpxtpx:TrackPointExtension></extensions></trkpt><trkpt lat="55.8603294287" lon="48.8341149408"><ele>97.64</ele><time>2018-08-15T10:39:56Z</time><extensions><gpxtpx:TrackPointExtension><gpxtpx:depth>0.00</gpxtpx:depth></gpxtpx:TrackPointExtension></extensions></trkpt><trkpt lat="55.8601460326" lon="48.8357297983"><ele>97.08</ele><time>2018-08-15T10:40:13Z</time><extensions><gpxtpx:TrackPointExtension><gpxtpx:depth>0.00</gpxtpx:depth></gpxtpx:TrackPointExtension></extensions></trkpt><trkpt lat="55.8599849325" lon="48.8373042550"><ele>96.68</ele><time>2018-08-15T10:40:29Z</time><extensions><gpxtpx:TrackPointExtension><gpxtpx:depth>0.00</gpxtpx:depth></gpxtpx:TrackPointExtension></extensions></trkpt><trkpt lat="55.8598463796" lon="48.8389493711"><ele>96.78</ele><time>2018-08-15T10:40:48Z</time><extensions><gpxtpx:TrackPointExtension><gpxtpx:depth>0.00</gpxtpx:depth></gpxtpx:TrackPointExtension></extensions></trkpt><trkpt lat="55.8596910629" lon="48.8405716047"><ele>97.81</ele><time>2018-08-15T10:41:11Z</time><extensions><gpxtpx:TrackPointExtension><gpxtpx:depth>0.00</gpxtpx:depth></gpxtpx:TrackPointExtension></extensions></trkpt><trkpt lat="55.8595391829" lon="48.8421934191"><ele>98.64</ele><time>2018-08-15T10:41:38Z</time><extensions><gpxtpx:TrackPointExtension><gpxtpx:depth>0.00</gpxtpx:depth></gpxtpx:TrackPointExtension></extensions></trkpt><trkpt lat="55.8594133705" lon="48.8438029960"><ele>98.91</ele><time>2018-08-15T10:42:03Z</time><extensions><gpxtpx:TrackPointExtension><gpxtpx:depth>0.00</gpxtpx:depth></gpxtpx:TrackPointExtension></extensions></trkpt><trkpt lat="55.8592376020" lon="48.8451167755"><ele>98.33</ele><time>2018-08-15T10:43:28Z</time><extensions><gpxtpx:TrackPointExtension><gpxtpx:depth>0.00</gpxtpx:depth></gpxtpx:TrackPointExtension></extensions></trkpt><trkpt lat="55.8594892267" lon="48.8449752890"><ele>98.27</ele><time>2018-08-15T10:47:48Z</time><extensions><gpxtpx:TrackPointExtension><gpxtpx:depth>0.00</gpxtpx:depth></gpxtpx:TrackPointExtension></extensions></trkpt><trkpt lat="55.8593505900" lon="48.8452440966"><ele>98.06</ele><time>2018-08-15T10:52:09Z</time><extensions><gpxtpx:TrackPointExtension><gpxtpx:depth>0.00</gpxtpx:depth></gpxtpx:TrackPointExtension></extensions></trkpt><trkpt lat="55.8593183197" lon="48.8450180367"><ele>98.98</ele><time>2018-08-15T10:56:58Z</time><extensions><gpxtpx:TrackPointExtension><gpxtpx:depth>0.00</gpxtpx:depth></gpxtpx:TrackPointExtension></extensions></trkpt><trkpt lat="55.8592608199" lon="48.8451132551"><ele>99.24</ele><time>2018-08-15T11:02:34Z</time><extensions><gpxtpx:TrackPointExtension><gpxtpx:depth>0.00</gpxtpx:depth></gpxtpx:TrackPointExtension></extensions></trkpt><trkpt lat="55.8593890630" lon="48.8450846728"><ele>98.50</ele><time>2018-08-15T11:07:38Z</time><extensions><gpxtpx:TrackPointExtension><gpxtpx:depth>0.00</gpxtpx:depth></gpxtpx:TrackPointExtension></extensions></trkpt><trkpt lat="55.8592056669" lon="48.8455908559"><ele>98.42</ele><time>2018-08-15T11:19:47Z</time><extensions><gpxtpx:TrackPointExtension><gpxtpx:depth>0.00</gpxtpx:depth></gpxtpx:TrackPointExtension></extensions></trkpt><trkpt lat="55.8590832073" lon="48.8472408336"><ele>98.52</ele><time>2018-08-15T11:20:18Z</time><extensions><gpxtpx:TrackPointExtension><gpxtpx:depth>0.00</gpxtpx:depth></gpxtpx:TrackPointExtension></extensions></trkpt><trkpt lat="55.8589091990" lon="48.8488296233"><ele>98.25</ele><time>2018-08-15T11:20:44Z</time><extensions><gpxtpx:TrackPointExtension><gpxtpx:depth>0.00</gpxtpx:depth></gpxtpx:TrackPointExtension></extensions></trkpt><trkpt lat="55.8587287366" lon="48.8504846301"><ele>97.48</ele><time>2018-08-15T11:21:04Z</time><extensions><gpxtpx:TrackPointExtension><gpxtpx:depth>0.00</gpxtpx:depth></gpxtpx:TrackPointExtension></extensions></trkpt><trkpt lat="55.8584968932" lon="48.8520731684"><ele>96.60</ele><time>2018-08-15T11:21:22Z</time><extensions><gpxtpx:TrackPointExtension><gpxtpx:depth>0.00</gpxtpx:depth></gpxtpx:TrackPointExtension></extensions></trkpt><trkpt lat="55.8582467772" lon="48.8536249101"><ele>95.40</ele><time>2018-08-15T11:21:38Z</time><extensions><gpxtpx:TrackPointExtension><gpxtpx:depth>0.00</gpxtpx:depth></gpxtpx:TrackPointExtension></extensions></trkpt><trkpt lat="55.8579888660" lon="48.8552351575"><ele>93.57</ele><time>2018-08-15T11:21:54Z</time><extensions><gpxtpx:TrackPointExtension><gpxtpx:depth>0.00</gpxtpx:depth></gpxtpx:TrackPointExtension></extensions></trkpt><trkpt lat="55.8577540889" lon="48.8567793556"><ele>92.51</ele><time>2018-08-15T11:22:13Z</time><extensions><gpxtpx:TrackPointExtension><gpxtpx:depth>0.00</gpxtpx:depth></gpxtpx:TrackPointExtension></extensions></trkpt><trkpt lat="55.8574960940" lon="48.8583223801"><ele>92.26</ele><time>2018-08-15T11:22:34Z</time><extensions><gpxtpx:TrackPointExtension><gpxtpx:depth>0.00</gpxtpx:depth></gpxtpx:TrackPointExtension></extensions></trkpt><trkpt lat="55.8572163060" lon="48.8598759659"><ele>91.72</ele><time>2018-08-15T11:22:55Z</time><extensions><gpxtpx:TrackPointExtension><gpxtpx:depth>0.00</gpxtpx:depth></gpxtpx:TrackPointExtension></extensions></trkpt><trkpt lat="55.8568759169" lon="48.8613993768"><ele>91.68</ele><time>2018-08-15T11:23:15Z</time><extensions><gpxtpx:TrackPointExtension><gpxtpx:depth>0.00</gpxtpx:depth></gpxtpx:TrackPointExtension></extensions></trkpt><trkpt lat="55.8565751743" lon="48.8629105501"><ele>92.28</ele><time>2018-08-15T11:23:37Z</time><extensions><gpxtpx:TrackPointExtension><gpxtpx:depth>0.00</gpxtpx:depth></gpxtpx:TrackPointExtension></extensions></trkpt><trkpt lat="55.8562230505" lon="48.8644682430"><ele>92.57</ele><time>2018-08-15T11:24:00Z</time><extensions><gpxtpx:TrackPointExtension><gpxtpx:depth>0.00</gpxtpx:depth></gpxtpx:TrackPointExtension></extensions></trkpt><trkpt lat="55.8558774646" lon="48.8659896422"><ele>92.81</ele><time>2018-08-15T11:24:24Z</time><extensions><gpxtpx:TrackPointExtension><gpxtpx:depth>0.00</gpxtpx:depth></gpxtpx:TrackPointExtension></extensions></trkpt><trkpt lat="55.8555462118" lon="48.8674879074"><ele>92.77</ele><time>2018-08-15T11:24:48Z</time><extensions><gpxtpx:TrackPointExtension><gpxtpx:depth>0.00</gpxtpx:depth></gpxtpx:TrackPointExtension></extensions></trkpt><trkpt lat="55.8552215807" lon="48.8689865917"><ele>92.89</ele><time>2018-08-15T11:25:13Z</time><extensions><gpxtpx:TrackPointExtension><gpxtpx:depth>0.00</gpxtpx:depth></gpxtpx:TrackPointExtension></extensions></trkpt><trkpt lat="55.8548671100" lon="48.8704885449"><ele>93.43</ele><time>2018-08-15T11:25:40Z</time><extensions><gpxtpx:TrackPointExtension><gpxtpx:depth>0.00</gpxtpx:depth></gpxtpx:TrackPointExtension></extensions></trkpt><trkpt lat="55.8545494359" lon="48.8719817810"><ele>93.49</ele><time>2018-08-15T11:26:13Z</time><extensions><gpxtpx:TrackPointExtension><gpxtpx:depth>0.00</gpxtpx:depth></gpxtpx:TrackPointExtension></extensions></trkpt><trkpt lat="55.8541696519" lon="48.8732211292"><ele>94.18</ele><time>2018-08-15T11:34:02Z</time><extensions><gpxtpx:TrackPointExtension><gpxtpx:depth>0.00</gpxtpx:depth></gpxtpx:TrackPointExtension></extensions></trkpt><trkpt lat="55.8538293466" lon="48.8747468870"><ele>94.48</ele><time>2018-08-15T11:34:34Z</time><extensions><gpxtpx:TrackPointExtension><gpxtpx:depth>0.00</gpxtpx:depth></gpxtpx:TrackPointExtension></extensions></trkpt><trkpt lat="55.8534910530" lon="48.8762602396"><ele>94.42</ele><time>2018-08-15T11:35:02Z</time><extensions><gpxtpx:TrackPointExtension><gpxtpx:depth>0.00</gpxtpx:depth></gpxtpx:TrackPointExtension></extensions></trkpt><trkpt lat="55.8531646617" lon="48.8777953014"><ele>95.15</ele><time>2018-08-15T11:35:30Z</time><extensions><gpxtpx:TrackPointExtension><gpxtpx:depth>0.00</gpxtpx:depth></gpxtpx:TrackPointExtension></extensions></trkpt><trkpt lat="55.8528583869" lon="48.8792942371"><ele>96.07</ele><time>2018-08-15T11:36:22Z</time><extensions><gpxtpx:TrackPointExtension><gpxtpx:depth>0.00</gpxtpx:depth></gpxtpx:TrackPointExtension></extensions></trkpt><trkpt lat="55.8526982926" lon="48.8804802764"><ele>96.16</ele><time>2018-08-15T11:36:59Z</time><extensions><gpxtpx:TrackPointExtension><gpxtpx:depth>0.00</gpxtpx:depth></gpxtpx:TrackPointExtension></extensions></trkpt><trkpt lat="55.8523533773" lon="48.8820445072"><ele>96.35</ele><time>2018-08-15T11:37:19Z</time><extensions><gpxtpx:TrackPointExtension><gpxtpx:depth>0.00</gpxtpx:depth></gpxtpx:TrackPointExtension></extensions></trkpt><trkpt lat="55.8520228788" lon="48.8836191315"><ele>96.38</ele><time>2018-08-15T11:37:40Z</time><extensions><gpxtpx:TrackPointExtension><gpxtpx:depth>0.00</gpxtpx:depth></gpxtpx:TrackPointExtension></extensions></trkpt><trkpt lat="55.8516833279" lon="48.8851861283"><ele>96.91</ele><time>2018-08-15T11:38:00Z</time><extensions><gpxtpx:TrackPointExtension><gpxtpx:depth>0.00</gpxtpx:depth></gpxtpx:TrackPointExtension></extensions></trkpt><trkpt lat="55.8513528295" lon="48.8866745029"><ele>97.31</ele><time>2018-08-15T11:38:19Z</time><extensions><gpxtpx:TrackPointExtension><gpxtpx:depth>0.00</gpxtpx:depth></gpxtpx:TrackPointExtension></extensions></trkpt><trkpt lat="55.8510277793" lon="48.8882171921"><ele>98.12</ele><time>2018-08-15T11:38:42Z</time><extensions><gpxtpx:TrackPointExtension><gpxtpx:depth>0.00</gpxtpx:depth></gpxtpx:TrackPointExtension></extensions></trkpt><trkpt lat="55.8506785054" lon="48.8898244221"><ele>98.76</ele><time>2018-08-15T11:39:01Z</time><extensions><gpxtpx:TrackPointExtension><gpxtpx:depth>0.00</gpxtpx:depth></gpxtpx:TrackPointExtension></extensions></trkpt><trkpt lat="55.8503486775" lon="48.8913791813"><ele>99.66</ele><time>2018-08-15T11:39:20Z</time><extensions><gpxtpx:TrackPointExtension><gpxtpx:depth>0.00</gpxtpx:depth></gpxtpx:TrackPointExtension></extensions></trkpt><trkpt lat="55.8500142395" lon="48.8929957990"><ele>99.85</ele><time>2018-08-15T11:40:25Z</time><extensions><gpxtpx:TrackPointExtension><gpxtpx:depth>0.00</gpxtpx:depth></gpxtpx:TrackPointExtension></extensions></trkpt><trkpt lat="55.8497441746" lon="48.8945659809"><ele>99.74</ele><time>2018-08-15T11:40:39Z</time><extensions><gpxtpx:TrackPointExtension><gpxtpx:depth>0.00</gpxtpx:depth></gpxtpx:TrackPointExtension></extensions></trkpt><trkpt lat="55.8495154325" lon="48.8961774018"><ele>99.46</ele><time>2018-08-15T11:40:55Z</time><extensions><gpxtpx:TrackPointExtension><gpxtpx:depth>0.00</gpxtpx:depth></gpxtpx:TrackPointExtension></extensions></trkpt><trkpt lat="55.8492984250" lon="48.8978238590"><ele>98.85</ele><time>2018-08-15T11:41:14Z</time><extensions><gpxtpx:TrackPointExtension><gpxtpx:depth>0.00</gpxtpx:depth></gpxtpx:TrackPointExtension></extensions></trkpt><trkpt lat="55.8490818366" lon="48.8994309213"><ele>98.46</ele><time>2018-08-15T11:41:32Z</time><extensions><gpxtpx:TrackPointExtension><gpxtpx:depth>0.00</gpxtpx:depth></gpxtpx:TrackPointExtension></extensions></trkpt><trkpt lat="55.8488803357" lon="48.9010440186"><ele>98.08</ele><time>2018-08-15T11:41:50Z</time><extensions><gpxtpx:TrackPointExtension><gpxtpx:depth>0.00</gpxtpx:depth></gpxtpx:TrackPointExtension></extensions></trkpt><trkpt lat="55.8486639149" lon="48.9026412740"><ele>98.09</ele><time>2018-08-15T11:42:08Z</time><extensions><gpxtpx:TrackPointExtension><gpxtpx:depth>0.00</gpxtpx:depth></gpxtpx:TrackPointExtension></extensions></trkpt><trkpt lat="55.8484516013" lon="48.9042512700"><ele>97.58</ele><time>2018-08-15T11:42:26Z</time><extensions><gpxtpx:TrackPointExtension><gpxtpx:depth>0.00</gpxtpx:depth></gpxtpx:TrackPointExtension></extensions></trkpt><trkpt lat="55.8482438140" lon="48.9058444183"><ele>97.02</ele><time>2018-08-15T11:42:43Z</time><extensions><gpxtpx:TrackPointExtension><gpxtpx:depth>0.00</gpxtpx:depth></gpxtpx:TrackPointExtension></extensions></trkpt><trkpt lat="55.8480265550" lon="48.9074964914"><ele>96.55</ele><time>2018-08-15T11:42:59Z</time><extensions><gpxtpx:TrackPointExtension><gpxtpx:depth>0.00</gpxtpx:depth></gpxtpx:TrackPointExtension></extensions></trkpt><trkpt lat="55.8478152473" lon="48.9091235027"><ele>95.91</ele><time>2018-08-15T11:43:14Z</time><extensions><gpxtpx:TrackPointExtension><gpxtpx:depth>0.00</gpxtpx:depth></gpxtpx:TrackPointExtension></extensions></trkpt><trkpt lat="55.8475979045" lon="48.9107498433"><ele>94.74</ele><time>2018-08-15T11:43:30Z</time><extensions><gpxtpx:TrackPointExtension><gpxtpx:depth>0.00</gpxtpx:depth></gpxtpx:TrackPointExtension></extensions></trkpt><trkpt lat="55.8473908715" lon="48.9123922773"><ele>94.21</ele><time>2018-08-15T11:43:47Z</time><extensions><gpxtpx:TrackPointExtension><gpxtpx:depth>0.00</gpxtpx:depth></gpxtpx:TrackPointExtension></extensions></trkpt><trkpt lat="55.8471839223" lon="48.9140162710"><ele>93.51</ele><time>2018-08-15T11:44:05Z</time><extensions><gpxtpx:TrackPointExtension><gpxtpx:depth>0.00</gpxtpx:depth></gpxtpx:TrackPointExtension></extensions></trkpt><trkpt lat="55.8469844330" lon="48.9155944996"><ele>93.65</ele><time>2018-08-15T11:44:24Z</time><extensions><gpxtpx:TrackPointExtension><gpxtpx:depth>0.00</gpxtpx:depth></gpxtpx:TrackPointExtension></extensions></trkpt><trkpt lat="55.8467727900" lon="48.9172018971"><ele>94.16</ele><time>2018-08-15T11:44:51Z</time><extensions><gpxtpx:TrackPointExtension><gpxtpx:depth>0.00</gpxtpx:depth></gpxtpx:TrackPointExtension></extensions></trkpt><trkpt lat="55.8465676010" lon="48.9187748451"><ele>94.46</ele><time>2018-08-15T11:45:07Z</time><extensions><gpxtpx:TrackPointExtension><gpxtpx:depth>0.00</gpxtpx:depth></gpxtpx:TrackPointExtension></extensions></trkpt><trkpt lat="55.8463612385" lon="48.9203584380"><ele>94.24</ele><time>2018-08-15T11:45:23Z</time><extensions><gpxtpx:TrackPointExtension><gpxtpx:depth>0.00</gpxtpx:depth></gpxtpx:TrackPointExtension></extensions></trkpt><trkpt lat="55.8461526129" lon="48.9219850302"><ele>93.48</ele><time>2018-08-15T11:45:39Z</time><extensions><gpxtpx:TrackPointExtension><gpxtpx:depth>0.00</gpxtpx:depth></gpxtpx:TrackPointExtension></extensions></trkpt><trkpt lat="55.8459419757" lon="48.9235785138"><ele>92.37</ele><time>2018-08-15T11:45:55Z</time><extensions><gpxtpx:TrackPointExtension><gpxtpx:depth>0.00</gpxtpx:depth></gpxtpx:TrackPointExtension></extensions></trkpt><trkpt lat="55.8457320090" lon="48.9252068661"><ele>91.82</ele><time>2018-08-15T11:46:12Z</time><extensions><gpxtpx:TrackPointExtension><gpxtpx:depth>0.00</gpxtpx:depth></gpxtpx:TrackPointExtension></extensions></trkpt><trkpt lat="55.8454797976" lon="48.9267846756"><ele>91.33</ele><time>2018-08-15T11:46:29Z</time><extensions><gpxtpx:TrackPointExtension><gpxtpx:depth>0.00</gpxtpx:depth></gpxtpx:TrackPointExtension></extensions></trkpt><trkpt lat="55.8451976627" lon="48.9283374231"><ele>91.06</ele><time>2018-08-15T11:46:47Z</time><extensions><gpxtpx:TrackPointExtension><gpxtpx:depth>0.00</gpxtpx:depth></gpxtpx:TrackPointExtension></extensions></trkpt><trkpt lat="55.8448998537" lon="48.9299140591"><ele>90.78</ele><time>2018-08-15T11:47:06Z</time><extensions><gpxtpx:TrackPointExtension><gpxtpx:depth>0.00</gpxtpx:depth></gpxtpx:TrackPointExtension></extensions></trkpt><trkpt lat="55.8445758093" lon="48.9314966463"><ele>90.28</ele><time>2018-08-15T11:47:23Z</time><extensions><gpxtpx:TrackPointExtension><gpxtpx:depth>0.00</gpxtpx:depth></gpxtpx:TrackPointExtension></extensions></trkpt><trkpt lat="55.8442694508" lon="48.9330404252"><ele>88.93</ele><time>2018-08-15T11:47:39Z</time><extensions><gpxtpx:TrackPointExtension><gpxtpx:depth>0.00</gpxtpx:depth></gpxtpx:TrackPointExtension></extensions></trkpt><trkpt lat="55.8439490944" lon="48.9346111100"><ele>87.37</ele><time>2018-08-15T11:47:53Z</time><extensions><gpxtpx:TrackPointExtension><gpxtpx:depth>0.00</gpxtpx:depth></gpxtpx:TrackPointExtension></extensions></trkpt><trkpt lat="55.8436070289" lon="48.9362326730"><ele>84.87</ele><time>2018-08-15T11:48:05Z</time><extensions><gpxtpx:TrackPointExtension><gpxtpx:depth>0.00</gpxtpx:depth></gpxtpx:TrackPointExtension></extensions></trkpt><trkpt lat="55.8432929590" lon="48.9377447683"><ele>82.06</ele><time>2018-08-15T11:48:15Z</time><extensions><gpxtpx:TrackPointExtension><gpxtpx:depth>0.00</gpxtpx:depth></gpxtpx:TrackPointExtension></extensions></trkpt><trkpt lat="55.8429746982" lon="48.9393377490"><ele>80.72</ele><time>2018-08-15T11:48:27Z</time><extensions><gpxtpx:TrackPointExtension><gpxtpx:depth>0.00</gpxtpx:depth></gpxtpx:TrackPointExtension></extensions></trkpt><trkpt lat="55.8426722791" lon="48.9408532809"><ele>81.83</ele><time>2018-08-15T11:48:43Z</time><extensions><gpxtpx:TrackPointExtension><gpxtpx:depth>0.00</gpxtpx:depth></gpxtpx:TrackPointExtension></extensions></trkpt><trkpt lat="55.8423544373" lon="48.9423978981"><ele>83.50</ele><time>2018-08-15T11:49:05Z</time><extensions><gpxtpx:TrackPointExtension><gpxtpx:depth>0.00</gpxtpx:depth></gpxtpx:TrackPointExtension></extensions></trkpt><trkpt lat="55.8420448098" lon="48.9439568482"><ele>84.66</ele><time>2018-08-15T11:49:28Z</time><extensions><gpxtpx:TrackPointExtension><gpxtpx:depth>0.00</gpxtpx:depth></gpxtpx:TrackPointExtension></extensions></trkpt><trkpt lat="55.8417454921" lon="48.9454962686"><ele>84.88</ele><time>2018-08-15T11:49:50Z</time><extensions><gpxtpx:TrackPointExtension><gpxtpx:depth>0.00</gpxtpx:depth></gpxtpx:TrackPointExtension></extensions></trkpt><trkpt lat="55.8414356131" lon="48.9470190089"><ele>84.91</ele><time>2018-08-15T11:50:09Z</time><extensions><gpxtpx:TrackPointExtension><gpxtpx:depth>0.00</gpxtpx:depth></gpxtpx:TrackPointExtension></extensions></trkpt><trkpt lat="55.8411278296" lon="48.9485142566"><ele>84.77</ele><time>2018-08-15T11:50:28Z</time><extensions><gpxtpx:TrackPointExtension><gpxtpx:depth>0.00</gpxtpx:depth></gpxtpx:TrackPointExtension></extensions></trkpt><trkpt lat="55.8408101555" lon="48.9500920661"><ele>83.97</ele><time>2018-08-15T11:50:45Z</time><extensions><gpxtpx:TrackPointExtension><gpxtpx:depth>0.00</gpxtpx:depth></gpxtpx:TrackPointExtension></extensions></trkpt><trkpt lat="55.8404982649" lon="48.9516377728"><ele>82.66</ele><time>2018-08-15T11:51:00Z</time><extensions><gpxtpx:TrackPointExtension><gpxtpx:depth>0.00</gpxtpx:depth></gpxtpx:TrackPointExtension></extensions></trkpt><trkpt lat="55.8401753940" lon="48.9532005787"><ele>80.41</ele><time>2018-08-15T11:51:13Z</time><extensions><gpxtpx:TrackPointExtension><gpxtpx:depth>0.00</gpxtpx:depth></gpxtpx:TrackPointExtension></extensions></trkpt><trkpt lat="55.8398583904" lon="48.9547508955"><ele>78.07</ele><time>2018-08-15T11:51:25Z</time><extensions><gpxtpx:TrackPointExtension><gpxtpx:depth>0.00</gpxtpx:depth></gpxtpx:TrackPointExtension></extensions></trkpt><trkpt lat="55.8395431470" lon="48.9563158806"><ele>75.97</ele><time>2018-08-15T11:51:38Z</time><extensions><gpxtpx:TrackPointExtension><gpxtpx:depth>0.00</gpxtpx:depth></gpxtpx:TrackPointExtension></extensions></trkpt><trkpt lat="55.8392139059" lon="48.9578688797"><ele>75.57</ele><time>2018-08-15T11:51:53Z</time><extensions><gpxtpx:TrackPointExtension><gpxtpx:depth>0.00</gpxtpx:depth></gpxtpx:TrackPointExtension></extensions></trkpt><trkpt lat="55.8388949744" lon="48.9594648778"><ele>75.36</ele><time>2018-08-15T11:52:09Z</time><extensions><gpxtpx:TrackPointExtension><gpxtpx:depth>0.00</gpxtpx:depth></gpxtpx:TrackPointExtension></extensions></trkpt><trkpt lat="55.8385807369" lon="48.9610244147"><ele>74.98</ele><time>2018-08-15T11:52:25Z</time><extensions><gpxtpx:TrackPointExtension><gpxtpx:depth>0.00</gpxtpx:depth></gpxtpx:TrackPointExtension></extensions></trkpt><trkpt lat="55.8382362407" lon="48.9625979494"><ele>74.74</ele><time>2018-08-15T11:52:41Z</time><extensions><gpxtpx:TrackPointExtension><gpxtpx:depth>0.00</gpxtpx:depth></gpxtpx:TrackPointExtension></extensions></trkpt><trkpt lat="55.8379033115" lon="48.9641430695"><ele>74.33</ele><time>2018-08-15T11:52:58Z</time><extensions><gpxtpx:TrackPointExtension><gpxtpx:depth>0.00</gpxtpx:depth></gpxtpx:TrackPointExtension></extensions></trkpt><trkpt lat="55.8375931811" lon="48.9656642172"><ele>73.96</ele><time>2018-08-15T11:53:15Z</time><extensions><gpxtpx:TrackPointExtension><gpxtpx:depth>0.00</gpxtpx:depth></gpxtpx:TrackPointExtension></extensions></trkpt><trkpt lat="55.8372765966" lon="48.9671947528"><ele>73.86</ele><time>2018-08-15T11:53:31Z</time><extensions><gpxtpx:TrackPointExtension><gpxtpx:depth>0.00</gpxtpx:depth></gpxtpx:TrackPointExtension></extensions></trkpt><trkpt lat="55.8369664662" lon="48.9687361848"><ele>73.55</ele><time>2018-08-15T11:53:48Z</time><extensions><gpxtpx:TrackPointExtension><gpxtpx:depth>0.00</gpxtpx:depth></gpxtpx:TrackPointExtension></extensions></trkpt><trkpt lat="55.8366773743" lon="48.9703403134"><ele>73.56</ele><time>2018-08-15T11:54:06Z</time><extensions><gpxtpx:TrackPointExtension><gpxtpx:depth>0.00</gpxtpx:depth></gpxtpx:TrackPointExtension></extensions></trkpt><trkpt lat="55.8363812417" lon="48.9718902111"><ele>73.63</ele><time>2018-08-15T11:54:25Z</time><extensions><gpxtpx:TrackPointExtension><gpxtpx:depth>0.00</gpxtpx:depth></gpxtpx:TrackPointExtension></extensions></trkpt><trkpt lat="55.8360728715" lon="48.9734356664"><ele>73.73</ele><time>2018-08-15T11:54:44Z</time><extensions><gpxtpx:TrackPointExtension><gpxtpx:depth>0.00</gpxtpx:depth></gpxtpx:TrackPointExtension></extensions></trkpt><trkpt lat="55.8357388526" lon="48.9750044234"><ele>74.22</ele><time>2018-08-15T11:55:05Z</time><extensions><gpxtpx:TrackPointExtension><gpxtpx:depth>0.00</gpxtpx:depth></gpxtpx:TrackPointExtension></extensions></trkpt><trkpt lat="55.8354139701" lon="48.9765017666"><ele>74.49</ele><time>2018-08-15T11:55:26Z</time><extensions><gpxtpx:TrackPointExtension><gpxtpx:depth>0.00</gpxtpx:depth></gpxtpx:TrackPointExtension></extensions></trkpt><trkpt lat="55.8350796159" lon="48.9780052286"><ele>74.55</ele><time>2018-08-15T11:55:47Z</time><extensions><gpxtpx:TrackPointExtension><gpxtpx:depth>0.00</gpxtpx:depth></gpxtpx:TrackPointExtension></extensions></trkpt><trkpt lat="55.8347106446" lon="48.9794634283"><ele>73.95</ele><time>2018-08-15T11:56:06Z</time><extensions><gpxtpx:TrackPointExtension><gpxtpx:depth>0.00</gpxtpx:depth></gpxtpx:TrackPointExtension></extensions></trkpt><trkpt lat="55.8342098258" lon="48.9808460232"><ele>72.91</ele><time>2018-08-15T11:56:23Z</time><extensions><gpxtpx:TrackPointExtension><gpxtpx:depth>0.00</gpxtpx:depth></gpxtpx:TrackPointExtension></extensions></trkpt><trkpt lat="55.8336210810" lon="48.9820781630"><ele>72.15</ele><time>2018-08-15T11:56:40Z</time><extensions><gpxtpx:TrackPointExtension><gpxtpx:depth>0.00</gpxtpx:depth></gpxtpx:TrackPointExtension></extensions></trkpt><trkpt lat="55.8329908457" lon="48.9832891803"><ele>71.59</ele><time>2018-08-15T11:56:58Z</time><extensions><gpxtpx:TrackPointExtension><gpxtpx:depth>0.00</gpxtpx:depth></gpxtpx:TrackPointExtension></extensions></trkpt><trkpt lat="55.8323738538" lon="48.9844868705"><ele>71.41</ele><time>2018-08-15T11:57:15Z</time><extensions><gpxtpx:TrackPointExtension><gpxtpx:depth>0.00</gpxtpx:depth></gpxtpx:TrackPointExtension></extensions></trkpt><trkpt lat="55.8318037167" lon="48.9857483469"><ele>71.89</ele><time>2018-08-15T11:57:36Z</time><extensions><gpxtpx:TrackPointExtension><gpxtpx:depth>0.00</gpxtpx:depth></gpxtpx:TrackPointExtension></extensions></trkpt><trkpt lat="55.8313298039" lon="48.9871337917"><ele>73.35</ele><time>2018-08-15T11:58:02Z</time><extensions><gpxtpx:TrackPointExtension><gpxtpx:depth>0.00</gpxtpx:depth></gpxtpx:TrackPointExtension></extensions></trkpt><trkpt lat="55.8310092799" lon="48.9886348229"><ele>74.96</ele><time>2018-08-15T11:58:36Z</time><extensions><gpxtpx:TrackPointExtension><gpxtpx:depth>0.00</gpxtpx:depth></gpxtpx:TrackPointExtension></extensions></trkpt><trkpt lat="55.8308077790" lon="48.9902102016"><ele>76.48</ele><time>2018-08-15T11:59:06Z</time><extensions><gpxtpx:TrackPointExtension><gpxtpx:depth>0.00</gpxtpx:depth></gpxtpx:TrackPointExtension></extensions></trkpt><trkpt lat="55.8306247182" lon="48.9918112289"><ele>78.12</ele><time>2018-08-15T11:59:33Z</time><extensions><gpxtpx:TrackPointExtension><gpxtpx:depth>0.00</gpxtpx:depth></gpxtpx:TrackPointExtension></extensions></trkpt><trkpt lat="55.8304492012" lon="48.9933995157"><ele>79.28</ele><time>2018-08-15T12:00:00Z</time><extensions><gpxtpx:TrackPointExtension><gpxtpx:depth>0.00</gpxtpx:depth></gpxtpx:TrackPointExtension></extensions></trkpt><trkpt lat="55.8302647993" lon="48.9949867968"><ele>79.70</ele><time>2018-08-15T12:00:25Z</time><extensions><gpxtpx:TrackPointExtension><gpxtpx:depth>0.00</gpxtpx:depth></gpxtpx:TrackPointExtension></extensions></trkpt><trkpt lat="55.8300881088" lon="48.9965646062"><ele>79.39</ele><time>2018-08-15T12:00:47Z</time><extensions><gpxtpx:TrackPointExtension><gpxtpx:depth>0.00</gpxtpx:depth></gpxtpx:TrackPointExtension></extensions></trkpt><trkpt lat="55.8298836742" lon="48.9981824812"><ele>78.43</ele><time>2018-08-15T12:01:05Z</time><extensions><gpxtpx:TrackPointExtension><gpxtpx:depth>0.00</gpxtpx:depth></gpxtpx:TrackPointExtension></extensions></trkpt><trkpt lat="55.8296970092" lon="48.9998317044"><ele>77.24</ele><time>2018-08-15T12:01:22Z</time><extensions><gpxtpx:TrackPointExtension><gpxtpx:depth>0.00</gpxtpx:depth></gpxtpx:TrackPointExtension></extensions></trkpt><trkpt lat="55.8295188937" lon="49.0014008805"><ele>76.02</ele><time>2018-08-15T12:01:37Z</time><extensions><gpxtpx:TrackPointExtension><gpxtpx:depth>0.00</gpxtpx:depth></gpxtpx:TrackPointExtension></extensions></trkpt><trkpt lat="55.8293251041" lon="49.0030754171"><ele>75.18</ele><time>2018-08-15T12:01:53Z</time><extensions><gpxtpx:TrackPointExtension><gpxtpx:depth>0.00</gpxtpx:depth></gpxtpx:TrackPointExtension></extensions></trkpt><trkpt lat="55.8291449770" lon="49.0046839043"><ele>74.44</ele><time>2018-08-15T12:02:09Z</time><extensions><gpxtpx:TrackPointExtension><gpxtpx:depth>0.00</gpxtpx:depth></gpxtpx:TrackPointExtension></extensions></trkpt><trkpt lat="55.8289605752" lon="49.0062993485"><ele>74.07</ele><time>2018-08-15T12:02:26Z</time><extensions><gpxtpx:TrackPointExtension><gpxtpx:depth>0.00</gpxtpx:depth></gpxtpx:TrackPointExtension></extensions></trkpt><trkpt lat="55.8287844714" lon="49.0078784153"><ele>74.02</ele><time>2018-08-15T12:02:43Z</time><extensions><gpxtpx:TrackPointExtension><gpxtpx:depth>0.00</gpxtpx:depth></gpxtpx:TrackPointExtension></extensions></trkpt><trkpt lat="55.8285988960" lon="49.0094553027"><ele>73.98</ele><time>2018-08-15T12:03:02Z</time><extensions><gpxtpx:TrackPointExtension><gpxtpx:depth>0.00</gpxtpx:depth></gpxtpx:TrackPointExtension></extensions></trkpt><trkpt lat="55.8283949643" lon="49.0110199526"><ele>73.66</ele><time>2018-08-15T12:03:20Z</time><extensions><gpxtpx:TrackPointExtension><gpxtpx:depth>0.00</gpxtpx:depth></gpxtpx:TrackPointExtension></extensions></trkpt><trkpt lat="55.8282056171" lon="49.0126105025"><ele>72.85</ele><time>2018-08-15T12:03:36Z</time><extensions><gpxtpx:TrackPointExtension><gpxtpx:depth>0.00</gpxtpx:depth></gpxtpx:TrackPointExtension></extensions></trkpt><trkpt lat="55.8280105703" lon="49.0141887311"><ele>72.33</ele><time>2018-08-15T12:03:52Z</time><extensions><gpxtpx:TrackPointExtension><gpxtpx:depth>0.00</gpxtpx:depth></gpxtpx:TrackPointExtension></extensions></trkpt><trkpt lat="55.8278214745" lon="49.0158119705"><ele>71.29</ele><time>2018-08-15T12:04:08Z</time><extensions><gpxtpx:TrackPointExtension><gpxtpx:depth>0.00</gpxtpx:depth></gpxtpx:TrackPointExtension></extensions></trkpt><trkpt lat="55.8276353963" lon="49.0174170211"><ele>70.49</ele><time>2018-08-15T12:04:24Z</time><extensions><gpxtpx:TrackPointExtension><gpxtpx:depth>0.00</gpxtpx:depth></gpxtpx:TrackPointExtension></extensions></trkpt><trkpt lat="55.8274577837" lon="49.0190291125"><ele>69.61</ele><time>2018-08-15T12:04:41Z</time><extensions><gpxtpx:TrackPointExtension><gpxtpx:depth>0.00</gpxtpx:depth></gpxtpx:TrackPointExtension></extensions></trkpt><trkpt lat="55.8272861224" lon="49.0206258651"><ele>68.99</ele><time>2018-08-15T12:04:57Z</time><extensions><gpxtpx:TrackPointExtension><gpxtpx:depth>0.00</gpxtpx:depth></gpxtpx:TrackPointExtension></extensions></trkpt><trkpt lat="55.8270831127" lon="49.0222380403"><ele>68.38</ele><time>2018-08-15T12:05:13Z</time><extensions><gpxtpx:TrackPointExtension><gpxtpx:depth>0.00</gpxtpx:depth></gpxtpx:TrackPointExtension></extensions></trkpt><trkpt lat="55.8268880658" lon="49.0238997526"><ele>67.79</ele><time>2018-08-15T12:05:30Z</time><extensions><gpxtpx:TrackPointExtension><gpxtpx:depth>0.00</gpxtpx:depth></gpxtpx:TrackPointExtension></extensions></trkpt><trkpt lat="55.8266822901" lon="49.0255307034"><ele>67.34</ele><time>2018-08-15T12:05:48Z</time><extensions><gpxtpx:TrackPointExtension><gpxtpx:depth>0.00</gpxtpx:depth></gpxtpx:TrackPointExtension></extensions></trkpt><trkpt lat="55.8265141491" lon="49.0271740593"><ele>67.08</ele><time>2018-08-15T12:06:06Z</time><extensions><gpxtpx:TrackPointExtension><gpxtpx:depth>0.00</gpxtpx:depth></gpxtpx:TrackPointExtension></extensions></trkpt><trkpt lat="55.8263420686" lon="49.0287631005"><ele>67.47</ele><time>2018-08-15T12:06:26Z</time><extensions><gpxtpx:TrackPointExtension><gpxtpx:depth>0.00</gpxtpx:depth></gpxtpx:TrackPointExtension></extensions></trkpt><trkpt lat="55.8261762746" lon="49.0303559974"><ele>70.65</ele><time>2018-08-15T12:06:52Z</time><extensions><gpxtpx:TrackPointExtension><gpxtpx:depth>0.00</gpxtpx:depth></gpxtpx:TrackPointExtension></extensions></trkpt><trkpt lat="55.8259846643" lon="49.0319560189"><ele>72.60</ele><time>2018-08-15T12:07:16Z</time><extensions><gpxtpx:TrackPointExtension><gpxtpx:depth>0.00</gpxtpx:depth></gpxtpx:TrackPointExtension></extensions></trkpt><trkpt lat="55.8258250728" lon="49.0336119477"><ele>72.38</ele><time>2018-08-15T12:07:36Z</time><extensions><gpxtpx:TrackPointExtension><gpxtpx:depth>0.00</gpxtpx:depth></gpxtpx:TrackPointExtension></extensions></trkpt><trkpt lat="55.8256315347" lon="49.0352230333"><ele>72.16</ele><time>2018-08-15T12:07:54Z</time><extensions><gpxtpx:TrackPointExtension><gpxtpx:depth>0.00</gpxtpx:depth></gpxtpx:TrackPointExtension></extensions></trkpt><trkpt lat="55.8254235797" lon="49.0368507989"><ele>71.57</ele><time>2018-08-15T12:08:11Z</time><extensions><gpxtpx:TrackPointExtension><gpxtpx:depth>0.00</gpxtpx:depth></gpxtpx:TrackPointExtension></extensions></trkpt><trkpt lat="55.8252207376" lon="49.0384593699"><ele>71.63</ele><time>2018-08-15T12:08:31Z</time><extensions><gpxtpx:TrackPointExtension><gpxtpx:depth>0.00</gpxtpx:depth></gpxtpx:TrackPointExtension></extensions></trkpt><trkpt lat="55.8250250202" lon="49.0400741436"><ele>71.69</ele><time>2018-08-15T12:08:56Z</time><extensions><gpxtpx:TrackPointExtension><gpxtpx:depth>0.00</gpxtpx:depth></gpxtpx:TrackPointExtension></extensions></trkpt><trkpt lat="55.8247887343" lon="49.0416467562"><ele>70.95</ele><time>2018-08-15T12:09:15Z</time><extensions><gpxtpx:TrackPointExtension><gpxtpx:depth>0.00</gpxtpx:depth></gpxtpx:TrackPointExtension></extensions></trkpt><trkpt lat="55.8242703136" lon="49.0429845918"><ele>69.21</ele><time>2018-08-15T12:09:31Z</time><extensions><gpxtpx:TrackPointExtension><gpxtpx:depth>0.00</gpxtpx:depth></gpxtpx:TrackPointExtension></extensions></trkpt><trkpt lat="55.8237234782" lon="49.0443063341"><ele>67.76</ele><time>2018-08-15T12:09:50Z</time><extensions><gpxtpx:TrackPointExtension><gpxtpx:depth>0.00</gpxtpx:depth></gpxtpx:TrackPointExtension></extensions></trkpt><trkpt lat="55.8231597114" lon="49.0455777850"><ele>67.22</ele><time>2018-08-15T12:10:07Z</time><extensions><gpxtpx:TrackPointExtension><gpxtpx:depth>0.00</gpxtpx:depth></gpxtpx:TrackPointExtension></extensions></trkpt><trkpt lat="55.8225502633" lon="49.0468750522"><ele>66.75</ele><time>2018-08-15T12:10:27Z</time><extensions><gpxtpx:TrackPointExtension><gpxtpx:depth>0.00</gpxtpx:depth></gpxtpx:TrackPointExtension></extensions></trkpt><trkpt lat="55.8219505381" lon="49.0481143165"><ele>66.06</ele><time>2018-08-15T12:10:42Z</time><extensions><gpxtpx:TrackPointExtension><gpxtpx:depth>0.00</gpxtpx:depth></gpxtpx:TrackPointExtension></extensions></trkpt><trkpt lat="55.8213633019" lon="49.0493657347"><ele>62.64</ele><time>2018-08-15T12:11:02Z</time><extensions><gpxtpx:TrackPointExtension><gpxtpx:depth>0.00</gpxtpx:depth></gpxtpx:TrackPointExtension></extensions></trkpt><trkpt lat="55.8207121119" lon="49.0506429691"><ele>59.37</ele><time>2018-08-15T12:11:22Z</time><extensions><gpxtpx:TrackPointExtension><gpxtpx:depth>0.00</gpxtpx:depth></gpxtpx:TrackPointExtension></extensions></trkpt><trkpt lat="55.8200936113" lon="49.0518300142"><ele>58.36</ele><time>2018-08-15T12:11:34Z</time><extensions><gpxtpx:TrackPointExtension><gpxtpx:depth>0.00</gpxtpx:depth></gpxtpx:TrackPointExtension></extensions></trkpt><trkpt lat="55.8195276652" lon="49.0531184804"><ele>57.71</ele><time>2018-08-15T12:11:48Z</time><extensions><gpxtpx:TrackPointExtension><gpxtpx:depth>0.00</gpxtpx:depth></gpxtpx:TrackPointExtension></extensions></trkpt><trkpt lat="55.8190395031" lon="49.0544548910"><ele>56.95</ele><time>2018-08-15T12:12:17Z</time><extensions><gpxtpx:TrackPointExtension><gpxtpx:depth>0.00</gpxtpx:depth></gpxtpx:TrackPointExtension></extensions></trkpt><trkpt lat="55.8187115192" lon="49.0558765456"><ele>57.15</ele><time>2018-08-15T12:13:12Z</time><extensions><gpxtpx:TrackPointExtension><gpxtpx:depth>0.00</gpxtpx:depth></gpxtpx:TrackPointExtension></extensions></trkpt><trkpt lat="55.8183388598" lon="49.0574044827"><ele>56.87</ele><time>2018-08-15T12:13:34Z</time><extensions><gpxtpx:TrackPointExtension><gpxtpx:depth>0.00</gpxtpx:depth></gpxtpx:TrackPointExtension></extensions></trkpt><trkpt lat="55.8180703036" lon="49.0589307435"><ele>56.94</ele><time>2018-08-15T12:13:50Z</time><extensions><gpxtpx:TrackPointExtension><gpxtpx:depth>0.00</gpxtpx:depth></gpxtpx:TrackPointExtension></extensions></trkpt><trkpt lat="55.8177828882" lon="49.0605541505"><ele>56.92</ele><time>2018-08-15T12:14:06Z</time><extensions><gpxtpx:TrackPointExtension><gpxtpx:depth>0.00</gpxtpx:depth></gpxtpx:TrackPointExtension></extensions></trkpt><trkpt lat="55.8174446784" lon="49.0620464645"><ele>56.99</ele><time>2018-08-15T12:14:32Z</time><extensions><gpxtpx:TrackPointExtension><gpxtpx:depth>0.00</gpxtpx:depth></gpxtpx:TrackPointExtension></extensions></trkpt><trkpt lat="55.8170306124" lon="49.0635655168"><ele>57.05</ele><time>2018-08-15T12:14:56Z</time><extensions><gpxtpx:TrackPointExtension><gpxtpx:depth>0.00</gpxtpx:depth></gpxtpx:TrackPointExtension></extensions></trkpt><trkpt lat="55.8165706135" lon="49.0650647040"><ele>56.81</ele><time>2018-08-15T12:15:12Z</time><extensions><gpxtpx:TrackPointExtension><gpxtpx:depth>0.00</gpxtpx:depth></gpxtpx:TrackPointExtension></extensions></trkpt><trkpt lat="55.8160736505" lon="49.0664422698"><ele>56.37</ele><time>2018-08-15T12:15:28Z</time><extensions><gpxtpx:TrackPointExtension><gpxtpx:depth>0.00</gpxtpx:depth></gpxtpx:TrackPointExtension></extensions></trkpt><trkpt lat="55.8155579120" lon="49.0678403713"><ele>55.70</ele><time>2018-08-15T12:15:45Z</time><extensions><gpxtpx:TrackPointExtension><gpxtpx:depth>0.00</gpxtpx:depth></gpxtpx:TrackPointExtension></extensions></trkpt><trkpt lat="55.8150441851" lon="49.0692613553"><ele>55.51</ele><time>2018-08-15T12:16:02Z</time><extensions><gpxtpx:TrackPointExtension><gpxtpx:depth>0.00</gpxtpx:depth></gpxtpx:TrackPointExtension></extensions></trkpt><trkpt lat="55.8145351522" lon="49.0706078243"><ele>55.94</ele><time>2018-08-15T12:16:15Z</time><extensions><gpxtpx:TrackPointExtension><gpxtpx:depth>0.00</gpxtpx:depth></gpxtpx:TrackPointExtension></extensions></trkpt><trkpt lat="55.8140272927" lon="49.0719906706"><ele>55.58</ele><time>2018-08-15T12:16:29Z</time><extensions><gpxtpx:TrackPointExtension><gpxtpx:depth>0.00</gpxtpx:depth></gpxtpx:TrackPointExtension></extensions></trkpt><trkpt lat="55.8135175891" lon="49.0733719245"><ele>55.09</ele><time>2018-08-15T12:16:44Z</time><extensions><gpxtpx:TrackPointExtension><gpxtpx:depth>0.00</gpxtpx:depth></gpxtpx:TrackPointExtension></extensions></trkpt><trkpt lat="55.8130231407" lon="49.0747122746"><ele>55.48</ele><time>2018-08-15T12:17:05Z</time><extensions><gpxtpx:TrackPointExtension><gpxtpx:depth>0.00</gpxtpx:depth></gpxtpx:TrackPointExtension></extensions></trkpt><trkpt lat="55.8130060416" lon="49.0752036218"><ele>55.98</ele><time>2018-08-15T12:23:29Z</time><extensions><gpxtpx:TrackPointExtension><gpxtpx:depth>0.00</gpxtpx:depth></gpxtpx:TrackPointExtension></extensions></trkpt><trkpt lat="55.8138912544" lon="49.0754867624"><ele>56.68</ele><time>2018-08-15T12:24:25Z</time><extensions><gpxtpx:TrackPointExtension><gpxtpx:depth>0.00</gpxtpx:depth></gpxtpx:TrackPointExtension></extensions></trkpt><trkpt lat="55.8148384094" lon="49.0756383073"><ele>56.61</ele><time>2018-08-15T12:24:54Z</time><extensions><gpxtpx:TrackPointExtension><gpxtpx:depth>0.00</gpxtpx:depth></gpxtpx:TrackPointExtension></extensions></trkpt><trkpt lat="55.8157540485" lon="49.0755951405"><ele>56.16</ele><time>2018-08-15T12:25:18Z</time><extensions><gpxtpx:TrackPointExtension><gpxtpx:depth>0.00</gpxtpx:depth></gpxtpx:TrackPointExtension></extensions></trkpt><trkpt lat="55.8166683465" lon="49.0758859925"><ele>55.75</ele><time>2018-08-15T12:25:55Z</time><extensions><gpxtpx:TrackPointExtension><gpxtpx:depth>0.00</gpxtpx:depth></gpxtpx:TrackPointExtension></extensions></trkpt><trkpt lat="55.8175739273" lon="49.0760620963"><ele>56.06</ele><time>2018-08-15T12:26:23Z</time><extensions><gpxtpx:TrackPointExtension><gpxtpx:depth>0.00</gpxtpx:depth></gpxtpx:TrackPointExtension></extensions></trkpt><trkpt lat="55.8185240999" lon="49.0762957837"><ele>57.05</ele><time>2018-08-15T12:27:05Z</time><extensions><gpxtpx:TrackPointExtension><gpxtpx:depth>0.00</gpxtpx:depth></gpxtpx:TrackPointExtension></extensions></trkpt><trkpt lat="55.8194432594" lon="49.0764946863"><ele>56.89</ele><time>2018-08-15T12:27:49Z</time><extensions><gpxtpx:TrackPointExtension><gpxtpx:depth>0.00</gpxtpx:depth></gpxtpx:TrackPointExtension></extensions></trkpt><trkpt lat="55.8203625027" lon="49.0767001268"><ele>56.61</ele><time>2018-08-15T12:28:22Z</time><extensions><gpxtpx:TrackPointExtension><gpxtpx:depth>0.00</gpxtpx:depth></gpxtpx:TrackPointExtension></extensions></trkpt><trkpt lat="55.8213250805" lon="49.0770042222"><ele>56.82</ele><time>2018-08-15T12:29:01Z</time><extensions><gpxtpx:TrackPointExtension><gpxtpx:depth>0.00</gpxtpx:depth></gpxtpx:TrackPointExtension></extensions></trkpt><trkpt lat="55.8217909466" lon="49.0777294245"><ele>57.62</ele><time>2018-08-15T12:31:36Z</time><extensions><gpxtpx:TrackPointExtension><gpxtpx:depth>0.00</gpxtpx:depth></gpxtpx:TrackPointExtension></extensions></trkpt><trkpt lat="55.8219139930" lon="49.0788878035"><ele>57.71</ele><time>2018-08-15T12:33:37Z</time><extensions><gpxtpx:TrackPointExtension><gpxtpx:depth>0.00</gpxtpx:depth></gpxtpx:TrackPointExtension></extensions></trkpt><trkpt lat="55.8223123848" lon="49.0802138206"><ele>58.26</ele><time>2018-08-15T12:34:49Z</time><extensions><gpxtpx:TrackPointExtension><gpxtpx:depth>0.00</gpxtpx:depth></gpxtpx:TrackPointExtension></extensions></trkpt><trkpt lat="55.8228082582" lon="49.0815664921"><ele>59.34</ele><time>2018-08-15T12:35:29Z</time><extensions><gpxtpx:TrackPointExtension><gpxtpx:depth>0.00</gpxtpx:depth></gpxtpx:TrackPointExtension></extensions></trkpt><trkpt lat="55.8234080672" lon="49.0826718137"><ele>60.15</ele><time>2018-08-15T12:37:04Z</time><extensions><gpxtpx:TrackPointExtension><gpxtpx:depth>0.00</gpxtpx:depth></gpxtpx:TrackPointExtension></extensions></trkpt><trkpt lat="55.8239187766" lon="49.0840191208"><ele>61.20</ele><time>2018-08-15T12:37:29Z</time><extensions><gpxtpx:TrackPointExtension><gpxtpx:depth>0.00</gpxtpx:depth></gpxtpx:TrackPointExtension></extensions></trkpt><trkpt lat="55.8244575653" lon="49.0853400249"><ele>61.91</ele><time>2018-08-15T12:37:53Z</time><extensions><gpxtpx:TrackPointExtension><gpxtpx:depth>0.00</gpxtpx:depth></gpxtpx:TrackPointExtension></extensions></trkpt><trkpt lat="55.8250092622" lon="49.0865498688"><ele>62.43</ele><time>2018-08-15T12:38:15Z</time><extensions><gpxtpx:TrackPointExtension><gpxtpx:depth>0.00</gpxtpx:depth></gpxtpx:TrackPointExtension></extensions></trkpt><trkpt lat="55.8254970051" lon="49.0880438592"><ele>63.76</ele><time>2018-08-15T12:38:39Z</time><extensions><gpxtpx:TrackPointExtension><gpxtpx:depth>0.00</gpxtpx:depth></gpxtpx:TrackPointExtension></extensions></trkpt><trkpt lat="55.8259606920" lon="49.0894091874"><ele>68.72</ele><time>2018-08-15T12:39:13Z</time><extensions><gpxtpx:TrackPointExtension><gpxtpx:depth>0.00</gpxtpx:depth></gpxtpx:TrackPointExtension></extensions></trkpt><trkpt lat="55.8263505343" lon="49.0908267349"><ele>69.86</ele><time>2018-08-15T12:39:43Z</time><extensions><gpxtpx:TrackPointExtension><gpxtpx:depth>0.00</gpxtpx:depth></gpxtpx:TrackPointExtension></extensions></trkpt><trkpt lat="55.8266433980" lon="49.0923825838"><ele>68.30</ele><time>2018-08-15T12:40:04Z</time><extensions><gpxtpx:TrackPointExtension><gpxtpx:depth>0.00</gpxtpx:depth></gpxtpx:TrackPointExtension></extensions></trkpt><trkpt lat="55.8268273808" lon="49.0939510893"><ele>68.35</ele><time>2018-08-15T12:40:23Z</time><extensions><gpxtpx:TrackPointExtension><gpxtpx:depth>0.00</gpxtpx:depth></gpxtpx:TrackPointExtension></extensions></trkpt><trkpt lat="55.8269697055" lon="49.0955570620"><ele>67.33</ele><time>2018-08-15T12:40:37Z</time><extensions><gpxtpx:TrackPointExtension><gpxtpx:depth>0.00</gpxtpx:depth></gpxtpx:TrackPointExtension></extensions></trkpt><trkpt lat="55.8269578032" lon="49.0969856735"><ele>61.66</ele><time>2018-08-15T12:42:11Z</time><extensions><gpxtpx:TrackPointExtension><gpxtpx:depth>0.00</gpxtpx:depth></gpxtpx:TrackPointExtension></extensions></trkpt><trkpt lat="55.8268506825" lon="49.0986253414"><ele>60.66</ele><time>2018-08-15T12:42:36Z</time><extensions><gpxtpx:TrackPointExtension><gpxtpx:depth>0.00</gpxtpx:depth></gpxtpx:TrackPointExtension></extensions></trkpt><trkpt lat="55.8268299792" lon="49.1002743971"><ele>60.46</ele><time>2018-08-15T12:42:58Z</time><extensions><gpxtpx:TrackPointExtension><gpxtpx:depth>0.00</gpxtpx:depth></gpxtpx:TrackPointExtension></extensions></trkpt><trkpt lat="55.8263051882" lon="49.1010223143"><ele>59.91</ele><time>2018-08-15T12:43:42Z</time><extensions><gpxtpx:TrackPointExtension><gpxtpx:depth>0.00</gpxtpx:depth></gpxtpx:TrackPointExtension></extensions></trkpt><trkpt lat="55.8254017029" lon="49.1010620445"><ele>60.08</ele><time>2018-08-15T12:44:07Z</time><extensions><gpxtpx:TrackPointExtension><gpxtpx:depth>0.00</gpxtpx:depth></gpxtpx:TrackPointExtension></extensions></trkpt><trkpt lat="55.8244681265" lon="49.1010817420"><ele>59.74</ele><time>2018-08-15T12:44:31Z</time><extensions><gpxtpx:TrackPointExtension><gpxtpx:depth>0.00</gpxtpx:depth></gpxtpx:TrackPointExtension></extensions></trkpt><trkpt lat="55.8235578518" lon="49.1010576021"><ele>60.54</ele><time>2018-08-15T12:44:59Z</time><extensions><gpxtpx:TrackPointExtension><gpxtpx:depth>0.00</gpxtpx:depth></gpxtpx:TrackPointExtension></extensions></trkpt><trkpt lat="55.8226208389" lon="49.1010896210"><ele>60.08</ele><time>2018-08-15T12:45:25Z</time><extensions><gpxtpx:TrackPointExtension><gpxtpx:depth>0.00</gpxtpx:depth></gpxtpx:TrackPointExtension></extensions></trkpt><trkpt lat="55.8217207901" lon="49.1010949016"><ele>60.50</ele><time>2018-08-15T12:45:52Z</time><extensions><gpxtpx:TrackPointExtension><gpxtpx:depth>0.00</gpxtpx:depth></gpxtpx:TrackPointExtension></extensions></trkpt><trkpt lat="55.8208290394" lon="49.1014622804"><ele>60.63</ele><time>2018-08-15T12:46:21Z</time><extensions><gpxtpx:TrackPointExtension><gpxtpx:depth>0.00</gpxtpx:depth></gpxtpx:TrackPointExtension></extensions></trkpt><trkpt lat="55.8205453958" lon="49.1026577912"><ele>60.32</ele><time>2018-08-15T12:46:58Z</time><extensions><gpxtpx:TrackPointExtension><gpxtpx:depth>0.00</gpxtpx:depth></gpxtpx:TrackPointExtension></extensions></trkpt><trkpt lat="55.8207374252" lon="49.1042624228"><ele>60.37</ele><time>2018-08-15T12:47:25Z</time><extensions><gpxtpx:TrackPointExtension><gpxtpx:depth>0.00</gpxtpx:depth></gpxtpx:TrackPointExtension></extensions></trkpt><trkpt lat="55.8205953520" lon="49.1058445070"><ele>60.12</ele><time>2018-08-15T12:48:07Z</time><extensions><gpxtpx:TrackPointExtension><gpxtpx:depth>0.00</gpxtpx:depth></gpxtpx:TrackPointExtension></extensions></trkpt><trkpt lat="55.8205923345" lon="49.1074375715"><ele>60.02</ele><time>2018-08-15T12:48:32Z</time><extensions><gpxtpx:TrackPointExtension><gpxtpx:depth>0.00</gpxtpx:depth></gpxtpx:TrackPointExtension></extensions></trkpt><trkpt lat="55.8205681946" lon="49.1090253554"><ele>60.14</ele><time>2018-08-15T12:48:59Z</time><extensions><gpxtpx:TrackPointExtension><gpxtpx:depth>0.00</gpxtpx:depth></gpxtpx:TrackPointExtension></extensions></trkpt><trkpt lat="55.8201729879" lon="49.1100294236"><ele>59.81</ele><time>2018-08-15T12:49:31Z</time><extensions><gpxtpx:TrackPointExtension><gpxtpx:depth>0.00</gpxtpx:depth></gpxtpx:TrackPointExtension></extensions></trkpt><trkpt lat="55.8193809818" lon="49.1100016795"><ele>60.76</ele><time>2018-08-15T12:52:00Z</time><extensions><gpxtpx:TrackPointExtension><gpxtpx:depth>0.00</gpxtpx:depth></gpxtpx:TrackPointExtension></extensions></trkpt><trkpt lat="55.8188196458" lon="49.1101475246"><ele>61.14</ele><time>2018-08-15T12:53:31Z</time><extensions><gpxtpx:TrackPointExtension><gpxtpx:depth>0.00</gpxtpx:depth></gpxtpx:TrackPointExtension></extensions></trkpt><trkpt lat="55.8192742802" lon="49.1110602301"><ele>60.89</ele><time>2018-08-15T13:01:00Z</time><extensions><gpxtpx:TrackPointExtension><gpxtpx:depth>0.00</gpxtpx:depth></gpxtpx:TrackPointExtension></extensions></trkpt><trkpt lat="55.8193062153" lon="49.1127073579"><ele>60.80</ele><time>2018-08-15T13:01:25Z</time><extensions><gpxtpx:TrackPointExtension><gpxtpx:depth>0.00</gpxtpx:depth></gpxtpx:TrackPointExtension></extensions></trkpt><trkpt lat="55.8193268348" lon="49.1143515520"><ele>60.53</ele><time>2018-08-15T13:01:47Z</time><extensions><gpxtpx:TrackPointExtension><gpxtpx:depth>0.00</gpxtpx:depth></gpxtpx:TrackPointExtension></extensions></trkpt><trkpt lat="55.8192928880" lon="49.1159146093"><ele>60.55</ele><time>2018-08-15T13:02:05Z</time><extensions><gpxtpx:TrackPointExtension><gpxtpx:depth>0.00</gpxtpx:depth></gpxtpx:TrackPointExtension></extensions></trkpt><trkpt lat="55.8193112444" lon="49.1175551992"><ele>60.41</ele><time>2018-08-15T13:02:21Z</time><extensions><gpxtpx:TrackPointExtension><gpxtpx:depth>0.00</gpxtpx:depth></gpxtpx:TrackPointExtension></extensions></trkpt><trkpt lat="55.8193172794" lon="49.1191884130"><ele>60.24</ele><time>2018-08-15T13:02:37Z</time><extensions><gpxtpx:TrackPointExtension><gpxtpx:depth>0.00</gpxtpx:depth></gpxtpx:TrackPointExtension></extensions></trkpt><trkpt lat="55.8193249907" lon="49.1207984090"><ele>60.15</ele><time>2018-08-15T13:02:52Z</time><extensions><gpxtpx:TrackPointExtension><gpxtpx:depth>0.00</gpxtpx:depth></gpxtpx:TrackPointExtension></extensions></trkpt><trkpt lat="55.8193249069" lon="49.1224824172"><ele>60.60</ele><time>2018-08-15T13:03:09Z</time><extensions><gpxtpx:TrackPointExtension><gpxtpx:depth>0.00</gpxtpx:depth></gpxtpx:TrackPointExtension></extensions></trkpt><trkpt lat="55.8192914631" lon="49.1241330653"><ele>60.69</ele><time>2018-08-15T13:03:28Z</time><extensions><gpxtpx:TrackPointExtension><gpxtpx:depth>0.00</gpxtpx:depth></gpxtpx:TrackPointExtension></extensions></trkpt><trkpt lat="55.8193019405" lon="49.1257384513"><ele>60.50</ele><time>2018-08-15T13:03:52Z</time><extensions><gpxtpx:TrackPointExtension><gpxtpx:depth>0.00</gpxtpx:depth></gpxtpx:TrackPointExtension></extensions></trkpt><trkpt lat="55.8193249069" lon="49.1273969784"><ele>60.53</ele><time>2018-08-15T13:04:15Z</time><extensions><gpxtpx:TrackPointExtension><gpxtpx:depth>0.00</gpxtpx:depth></gpxtpx:TrackPointExtension></extensions></trkpt><trkpt lat="55.8193191234" lon="49.1290309466"><ele>60.40</ele><time>2018-08-15T13:04:28Z</time><extensions><gpxtpx:TrackPointExtension><gpxtpx:depth>0.00</gpxtpx:depth></gpxtpx:TrackPointExtension></extensions></trkpt><trkpt lat="55.8193565067" lon="49.1306945030"><ele>60.74</ele><time>2018-08-15T13:04:43Z</time><extensions><gpxtpx:TrackPointExtension><gpxtpx:depth>0.00</gpxtpx:depth></gpxtpx:TrackPointExtension></extensions></trkpt><trkpt lat="55.8193102386" lon="49.1323278006"><ele>65.73</ele><time>2018-08-15T13:05:12Z</time><extensions><gpxtpx:TrackPointExtension><gpxtpx:depth>0.00</gpxtpx:depth></gpxtpx:TrackPointExtension></extensions></trkpt><trkpt lat="55.8193083946" lon="49.1339474358"><ele>68.66</ele><time>2018-08-15T13:05:49Z</time><extensions><gpxtpx:TrackPointExtension><gpxtpx:depth>0.00</gpxtpx:depth></gpxtpx:TrackPointExtension></extensions></trkpt><trkpt lat="55.8193088137" lon="49.1356421728"><ele>68.04</ele><time>2018-08-15T13:06:11Z</time><extensions><gpxtpx:TrackPointExtension><gpxtpx:depth>0.00</gpxtpx:depth></gpxtpx:TrackPointExtension></extensions></trkpt><trkpt lat="55.8193165250" lon="49.1373591218"><ele>65.88</ele><time>2018-08-15T13:06:23Z</time><extensions><gpxtpx:TrackPointExtension><gpxtpx:depth>0.00</gpxtpx:depth></gpxtpx:TrackPointExtension></extensions></trkpt><trkpt lat="55.8193047065" lon="49.1390313953"><ele>61.71</ele><time>2018-08-15T13:06:34Z</time><extensions><gpxtpx:TrackPointExtension><gpxtpx:depth>0.00</gpxtpx:depth></gpxtpx:TrackPointExtension></extensions></trkpt><trkpt lat="55.8193026949" lon="49.1407209355"><ele>60.79</ele><time>2018-08-15T13:06:47Z</time><extensions><gpxtpx:TrackPointExtension><gpxtpx:depth>0.00</gpxtpx:depth></gpxtpx:TrackPointExtension></extensions></trkpt><trkpt lat="55.8193133399" lon="49.1423425823"><ele>60.78</ele><time>2018-08-15T13:07:02Z</time><extensions><gpxtpx:TrackPointExtension><gpxtpx:depth>0.00</gpxtpx:depth></gpxtpx:TrackPointExtension></extensions></trkpt><trkpt lat="55.8193146810" lon="49.1439831723"><ele>60.88</ele><time>2018-08-15T13:07:19Z</time><extensions><gpxtpx:TrackPointExtension><gpxtpx:depth>0.00</gpxtpx:depth></gpxtpx:TrackPointExtension></extensions></trkpt><trkpt lat="55.8193259966" lon="49.1456939187"><ele>61.04</ele><time>2018-08-15T13:07:39Z</time><extensions><gpxtpx:TrackPointExtension><gpxtpx:depth>0.00</gpxtpx:depth></gpxtpx:TrackPointExtension></extensions></trkpt><trkpt lat="55.8191837557" lon="49.1472571436"><ele>61.56</ele><time>2018-08-15T13:07:59Z</time><extensions><gpxtpx:TrackPointExtension><gpxtpx:depth>0.00</gpxtpx:depth></gpxtpx:TrackPointExtension></extensions></trkpt><trkpt lat="55.8183759078" lon="49.1481169593"><ele>61.71</ele><time>2018-08-15T13:08:18Z</time><extensions><gpxtpx:TrackPointExtension><gpxtpx:depth>0.00</gpxtpx:depth></gpxtpx:TrackPointExtension></extensions></trkpt><trkpt lat="55.8179911785" lon="49.1494864784"><ele>61.26</ele><time>2018-08-15T13:08:37Z</time><extensions><gpxtpx:TrackPointExtension><gpxtpx:depth>0.00</gpxtpx:depth></gpxtpx:TrackPointExtension></extensions></trkpt><trkpt lat="55.8185294643" lon="49.1508499626"><ele>60.56</ele><time>2018-08-15T13:08:53Z</time><extensions><gpxtpx:TrackPointExtension><gpxtpx:depth>0.00</gpxtpx:depth></gpxtpx:TrackPointExtension></extensions></trkpt><trkpt lat="55.8191496413" lon="49.1520052403"><ele>60.36</ele><time>2018-08-15T13:09:17Z</time><extensions><gpxtpx:TrackPointExtension><gpxtpx:depth>0.00</gpxtpx:depth></gpxtpx:TrackPointExtension></extensions></trkpt><trkpt lat="55.8194020204" lon="49.1524573602"><ele>59.97</ele><time>2018-08-15T13:17:00Z</time><extensions><gpxtpx:TrackPointExtension><gpxtpx:depth>0.00</gpxtpx:depth></gpxtpx:TrackPointExtension></extensions></trkpt><trkpt lat="55.8200786915" lon="49.1535938624"><ele>60.13</ele><time>2018-08-15T13:17:36Z</time><extensions><gpxtpx:TrackPointExtension><gpxtpx:depth>0.00</gpxtpx:depth></gpxtpx:TrackPointExtension></extensions></trkpt><trkpt lat="55.8207781613" lon="49.1546665784"><ele>60.34</ele><time>2018-08-15T13:18:10Z</time><extensions><gpxtpx:TrackPointExtension><gpxtpx:depth>0.00</gpxtpx:depth></gpxtpx:TrackPointExtension></extensions></trkpt><trkpt lat="55.8215192053" lon="49.1556062736"><ele>61.22</ele><time>2018-08-15T13:18:42Z</time><extensions><gpxtpx:TrackPointExtension><gpxtpx:depth>0.00</gpxtpx:depth></gpxtpx:TrackPointExtension></extensions></trkpt><trkpt lat="55.8222346846" lon="49.1566201486"><ele>62.59</ele><time>2018-08-15T13:19:15Z</time><extensions><gpxtpx:TrackPointExtension><gpxtpx:depth>0.00</gpxtpx:depth></gpxtpx:TrackPointExtension></extensions></trkpt><trkpt lat="55.8229324780" lon="49.1576952115"><ele>63.67</ele><time>2018-08-15T13:19:47Z</time><extensions><gpxtpx:TrackPointExtension><gpxtpx:depth>0.00</gpxtpx:depth></gpxtpx:TrackPointExtension></extensions></trkpt><trkpt lat="55.8235934749" lon="49.1588184703"><ele>64.13</ele><time>2018-08-15T13:20:16Z</time><extensions><gpxtpx:TrackPointExtension><gpxtpx:depth>0.00</gpxtpx:depth></gpxtpx:TrackPointExtension></extensions></trkpt><trkpt lat="55.8240009192" lon="49.1602350958"><ele>61.39</ele><time>2018-08-15T13:20:34Z</time><extensions><gpxtpx:TrackPointExtension><gpxtpx:depth>0.00</gpxtpx:depth></gpxtpx:TrackPointExtension></extensions></trkpt><trkpt lat="55.8235957380" lon="49.1617041081"><ele>61.83</ele><time>2018-08-15T13:21:26Z</time><extensions><gpxtpx:TrackPointExtension><gpxtpx:depth>0.00</gpxtpx:depth></gpxtpx:TrackPointExtension></extensions></trkpt><trkpt lat="55.8230672590" lon="49.1630439553"><ele>62.15</ele><time>2018-08-15T13:22:01Z</time><extensions><gpxtpx:TrackPointExtension><gpxtpx:depth>0.00</gpxtpx:depth></gpxtpx:TrackPointExtension></extensions></trkpt><trkpt lat="55.8226712141" lon="49.1644841339"><ele>62.88</ele><time>2018-08-15T13:22:33Z</time><extensions><gpxtpx:TrackPointExtension><gpxtpx:depth>0.00</gpxtpx:depth></gpxtpx:TrackPointExtension></extensions></trkpt><trkpt lat="55.8224103693" lon="49.1660049465"><ele>65.77</ele><time>2018-08-15T13:23:13Z</time><extensions><gpxtpx:TrackPointExtension><gpxtpx:depth>0.00</gpxtpx:depth></gpxtpx:TrackPointExtension></extensions></trkpt><trkpt lat="55.8220577426" lon="49.1674747970"><ele>67.68</ele><time>2018-08-15T13:23:53Z</time><extensions><gpxtpx:TrackPointExtension><gpxtpx:depth>0.00</gpxtpx:depth></gpxtpx:TrackPointExtension></extensions></trkpt><trkpt lat="55.8216629550" lon="49.1689381935"><ele>68.40</ele><time>2018-08-15T13:24:37Z</time><extensions><gpxtpx:TrackPointExtension><gpxtpx:depth>0.00</gpxtpx:depth></gpxtpx:TrackPointExtension></extensions></trkpt><trkpt lat="55.8212270960" lon="49.1703828983"><ele>69.44</ele><time>2018-08-15T13:25:22Z</time><extensions><gpxtpx:TrackPointExtension><gpxtpx:depth>0.00</gpxtpx:depth></gpxtpx:TrackPointExtension></extensions></trkpt><trkpt lat="55.8208387624" lon="49.1719170380"><ele>70.58</ele><time>2018-08-15T13:26:17Z</time><extensions><gpxtpx:TrackPointExtension><gpxtpx:depth>0.00</gpxtpx:depth></gpxtpx:TrackPointExtension></extensions></trkpt><trkpt lat="55.8204028197" lon="49.1734002158"><ele>74.27</ele><time>2018-08-15T13:26:57Z</time><extensions><gpxtpx:TrackPointExtension><gpxtpx:depth>0.00</gpxtpx:depth></gpxtpx:TrackPointExtension></extensions></trkpt><trkpt lat="55.8198754303" lon="49.1747908574"><ele>77.41</ele><time>2018-08-15T13:27:44Z</time><extensions><gpxtpx:TrackPointExtension><gpxtpx:depth>0.00</gpxtpx:depth></gpxtpx:TrackPointExtension></extensions></trkpt><trkpt lat="55.8192161098" lon="49.1759812552"><ele>78.57</ele><time>2018-08-15T13:28:33Z</time><extensions><gpxtpx:TrackPointExtension><gpxtpx:depth>0.00</gpxtpx:depth></gpxtpx:TrackPointExtension></extensions></trkpt><trkpt lat="55.8184495848" lon="49.1770323459"><ele>78.45</ele><time>2018-08-15T13:29:12Z</time><extensions><gpxtpx:TrackPointExtension><gpxtpx:depth>0.00</gpxtpx:depth></gpxtpx:TrackPointExtension></extensions></trkpt><trkpt lat="55.8177242149" lon="49.1781562753"><ele>77.42</ele><time>2018-08-15T13:29:32Z</time><extensions><gpxtpx:TrackPointExtension><gpxtpx:depth>0.00</gpxtpx:depth></gpxtpx:TrackPointExtension></extensions></trkpt><trkpt lat="55.8169859368" lon="49.1791783646"><ele>74.87</ele><time>2018-08-15T13:29:47Z</time><extensions><gpxtpx:TrackPointExtension><gpxtpx:depth>0.00</gpxtpx:depth></gpxtpx:TrackPointExtension></extensions></trkpt><trkpt lat="55.8162317332" lon="49.1800382640"><ele>73.94</ele><time>2018-08-15T13:30:02Z</time><extensions><gpxtpx:TrackPointExtension><gpxtpx:depth>0.00</gpxtpx:depth></gpxtpx:TrackPointExtension></extensions></trkpt><trkpt lat="55.8155214507" lon="49.1810745187"><ele>75.52</ele><time>2018-08-15T13:30:22Z</time><extensions><gpxtpx:TrackPointExtension><gpxtpx:depth>0.00</gpxtpx:depth></gpxtpx:TrackPointExtension></extensions></trkpt><trkpt lat="55.8150818199" lon="49.1825026274"><ele>79.70</ele><time>2018-08-15T13:30:56Z</time><extensions><gpxtpx:TrackPointExtension><gpxtpx:depth>0.00</gpxtpx:depth></gpxtpx:TrackPointExtension></extensions></trkpt><trkpt lat="55.8147535007" lon="49.1840782575"><ele>84.90</ele><time>2018-08-15T13:31:38Z</time><extensions><gpxtpx:TrackPointExtension><gpxtpx:depth>0.00</gpxtpx:depth></gpxtpx:TrackPointExtension></extensions></trkpt><trkpt lat="55.8143747225" lon="49.1855723318"><ele>87.40</ele><time>2018-08-15T13:32:14Z</time><extensions><gpxtpx:TrackPointExtension><gpxtpx:depth>0.00</gpxtpx:depth></gpxtpx:TrackPointExtension></extensions></trkpt><trkpt lat="55.8140665200" lon="49.1870938987"><ele>88.57</ele><time>2018-08-15T13:32:45Z</time><extensions><gpxtpx:TrackPointExtension><gpxtpx:depth>0.00</gpxtpx:depth></gpxtpx:TrackPointExtension></extensions></trkpt><trkpt lat="55.8137249574" lon="49.1886424553"><ele>89.31</ele><time>2018-08-15T13:33:26Z</time><extensions><gpxtpx:TrackPointExtension><gpxtpx:depth>0.00</gpxtpx:depth></gpxtpx:TrackPointExtension></extensions></trkpt><trkpt lat="55.8134065289" lon="49.1902234498"><ele>90.20</ele><time>2018-08-15T13:33:56Z</time><extensions><gpxtpx:TrackPointExtension><gpxtpx:depth>0.00</gpxtpx:depth></gpxtpx:TrackPointExtension></extensions></trkpt><trkpt lat="55.8131096419" lon="49.1917284206"><ele>90.10</ele><time>2018-08-15T13:34:20Z</time><extensions><gpxtpx:TrackPointExtension><gpxtpx:depth>0.00</gpxtpx:depth></gpxtpx:TrackPointExtension></extensions></trkpt><trkpt lat="55.8128275909" lon="49.1932624765"><ele>89.61</ele><time>2018-08-15T13:34:41Z</time><extensions><gpxtpx:TrackPointExtension><gpxtpx:depth>0.00</gpxtpx:depth></gpxtpx:TrackPointExtension></extensions></trkpt><trkpt lat="55.8125069831" lon="49.1948413756"><ele>89.02</ele><time>2018-08-15T13:35:02Z</time><extensions><gpxtpx:TrackPointExtension><gpxtpx:depth>0.00</gpxtpx:depth></gpxtpx:TrackPointExtension></extensions></trkpt><trkpt lat="55.8121950924" lon="49.1963613499"><ele>88.60</ele><time>2018-08-15T13:35:25Z</time><extensions><gpxtpx:TrackPointExtension><gpxtpx:depth>0.00</gpxtpx:depth></gpxtpx:TrackPointExtension></extensions></trkpt><trkpt lat="55.8116309065" lon="49.1977731138"><ele>88.05</ele><time>2018-08-15T13:35:47Z</time><extensions><gpxtpx:TrackPointExtension><gpxtpx:depth>0.00</gpxtpx:depth></gpxtpx:TrackPointExtension></extensions></trkpt><trkpt lat="55.8109092247" lon="49.1989146452"><ele>86.85</ele><time>2018-08-15T13:36:05Z</time><extensions><gpxtpx:TrackPointExtension><gpxtpx:depth>0.00</gpxtpx:depth></gpxtpx:TrackPointExtension></extensions></trkpt><trkpt lat="55.8101335634" lon="49.1998390015"><ele>83.98</ele><time>2018-08-15T13:36:27Z</time><extensions><gpxtpx:TrackPointExtension><gpxtpx:depth>0.00</gpxtpx:depth></gpxtpx:TrackPointExtension></extensions></trkpt><trkpt lat="55.8093340136" lon="49.2007442471"><ele>82.62</ele><time>2018-08-15T13:36:42Z</time><extensions><gpxtpx:TrackPointExtension><gpxtpx:depth>0.00</gpxtpx:depth></gpxtpx:TrackPointExtension></extensions></trkpt><trkpt lat="55.8085356373" lon="49.2017116025"><ele>80.32</ele><time>2018-08-15T13:36:55Z</time><extensions><gpxtpx:TrackPointExtension><gpxtpx:depth>0.00</gpxtpx:depth></gpxtpx:TrackPointExtension></extensions></trkpt><trkpt lat="55.8077518456" lon="49.2026372161"><ele>77.28</ele><time>2018-08-15T13:37:07Z</time><extensions><gpxtpx:TrackPointExtension><gpxtpx:depth>0.00</gpxtpx:depth></gpxtpx:TrackPointExtension></extensions></trkpt><trkpt lat="55.8069781121" lon="49.2035764083"><ele>76.32</ele><time>2018-08-15T13:37:20Z</time><extensions><gpxtpx:TrackPointExtension><gpxtpx:depth>0.00</gpxtpx:depth></gpxtpx:TrackPointExtension></extensions></trkpt><trkpt lat="55.8061945718" lon="49.2045047879"><ele>76.67</ele><time>2018-08-15T13:37:36Z</time><extensions><gpxtpx:TrackPointExtension><gpxtpx:depth>0.00</gpxtpx:depth></gpxtpx:TrackPointExtension></extensions></trkpt><trkpt lat="55.8054296393" lon="49.2054169066"><ele>76.93</ele><time>2018-08-15T13:37:52Z</time><extensions><gpxtpx:TrackPointExtension><gpxtpx:depth>0.00</gpxtpx:depth></gpxtpx:TrackPointExtension></extensions></trkpt><trkpt lat="55.8046705741" lon="49.2063101660"><ele>77.04</ele><time>2018-08-15T13:38:07Z</time><extensions><gpxtpx:TrackPointExtension><gpxtpx:depth>0.00</gpxtpx:depth></gpxtpx:TrackPointExtension></extensions></trkpt><trkpt lat="55.8039126825" lon="49.2072317563"><ele>76.53</ele><time>2018-08-15T13:38:22Z</time><extensions><gpxtpx:TrackPointExtension><gpxtpx:depth>0.00</gpxtpx:depth></gpxtpx:TrackPointExtension></extensions></trkpt><trkpt lat="55.8031283040" lon="49.2081538495"><ele>75.82</ele><time>2018-08-15T13:38:37Z</time><extensions><gpxtpx:TrackPointExtension><gpxtpx:depth>0.00</gpxtpx:depth></gpxtpx:TrackPointExtension></extensions></trkpt><trkpt lat="55.8023526426" lon="49.2090701591"><ele>75.28</ele><time>2018-08-15T13:38:53Z</time><extensions><gpxtpx:TrackPointExtension><gpxtpx:depth>0.00</gpxtpx:depth></gpxtpx:TrackPointExtension></extensions></trkpt><trkpt lat="55.8016005345" lon="49.2099596467"><ele>75.26</ele><time>2018-08-15T13:39:09Z</time><extensions><gpxtpx:TrackPointExtension><gpxtpx:depth>0.00</gpxtpx:depth></gpxtpx:TrackPointExtension></extensions></trkpt><trkpt lat="55.8008500189" lon="49.2108416744"><ele>77.20</ele><time>2018-08-15T13:39:36Z</time><extensions><gpxtpx:TrackPointExtension><gpxtpx:depth>0.00</gpxtpx:depth></gpxtpx:TrackPointExtension></extensions></trkpt><trkpt lat="55.8000745252" lon="49.2117972113"><ele>77.45</ele><time>2018-08-15T13:40:10Z</time><extensions><gpxtpx:TrackPointExtension><gpxtpx:depth>0.00</gpxtpx:depth></gpxtpx:TrackPointExtension></extensions></trkpt><trkpt lat="55.7992891409" lon="49.2126809992"><ele>79.77</ele><time>2018-08-15T13:40:33Z</time><extensions><gpxtpx:TrackPointExtension><gpxtpx:depth>0.00</gpxtpx:depth></gpxtpx:TrackPointExtension></extensions></trkpt><trkpt lat="55.7985075284" lon="49.2135664634"><ele>81.55</ele><time>2018-08-15T13:41:07Z</time><extensions><gpxtpx:TrackPointExtension><gpxtpx:depth>0.00</gpxtpx:depth></gpxtpx:TrackPointExtension></extensions></trkpt><trkpt lat="55.7977833319" lon="49.2145611439"><ele>83.91</ele><time>2018-08-15T13:41:42Z</time><extensions><gpxtpx:TrackPointExtension><gpxtpx:depth>0.00</gpxtpx:depth></gpxtpx:TrackPointExtension></extensions></trkpt><trkpt lat="55.7969652582" lon="49.2154088058"><ele>85.96</ele><time>2018-08-15T13:42:07Z</time><extensions><gpxtpx:TrackPointExtension><gpxtpx:depth>0.00</gpxtpx:depth></gpxtpx:TrackPointExtension></extensions></trkpt><trkpt lat="55.7961916924" lon="49.2162220180"><ele>86.63</ele><time>2018-08-15T13:42:33Z</time><extensions><gpxtpx:TrackPointExtension><gpxtpx:depth>0.00</gpxtpx:depth></gpxtpx:TrackPointExtension></extensions></trkpt><trkpt lat="55.7954907138" lon="49.2161785159"><ele>86.03</ele><time>2018-08-15T13:42:58Z</time><extensions><gpxtpx:TrackPointExtension><gpxtpx:depth>0.00</gpxtpx:depth></gpxtpx:TrackPointExtension></extensions></trkpt><trkpt lat="55.7959510479" lon="49.2147864494"><ele>84.78</ele><time>2018-08-15T13:43:19Z</time><extensions><gpxtpx:TrackPointExtension><gpxtpx:depth>0.00</gpxtpx:depth></gpxtpx:TrackPointExtension></extensions></trkpt><trkpt lat="55.7963892538" lon="49.2157755140"><ele>80.80</ele><time>2018-08-15T13:43:38Z</time><extensions><gpxtpx:TrackPointExtension><gpxtpx:depth>0.00</gpxtpx:depth></gpxtpx:TrackPointExtension></extensions></trkpt><trkpt lat="55.7963627670" lon="49.2174461950"><ele>79.35</ele><time>2018-08-15T13:43:56Z</time><extensions><gpxtpx:TrackPointExtension><gpxtpx:depth>0.00</gpxtpx:depth></gpxtpx:TrackPointExtension></extensions></trkpt><trkpt lat="55.7963512838" lon="49.2191591207"><ele>78.74</ele><time>2018-08-15T13:44:14Z</time><extensions><gpxtpx:TrackPointExtension><gpxtpx:depth>0.00</gpxtpx:depth></gpxtpx:TrackPointExtension></extensions></trkpt><trkpt lat="55.7963249646" lon="49.2207784206"><ele>77.98</ele><time>2018-08-15T13:44:31Z</time><extensions><gpxtpx:TrackPointExtension><gpxtpx:depth>0.00</gpxtpx:depth></gpxtpx:TrackPointExtension></extensions></trkpt><trkpt lat="55.7962498628" lon="49.2224351875"><ele>77.39</ele><time>2018-08-15T13:44:47Z</time><extensions><gpxtpx:TrackPointExtension><gpxtpx:depth>0.00</gpxtpx:depth></gpxtpx:TrackPointExtension></extensions></trkpt><trkpt lat="55.7962089591" lon="49.2240900267"><ele>76.76</ele><time>2018-08-15T13:45:02Z</time><extensions><gpxtpx:TrackPointExtension><gpxtpx:depth>0.00</gpxtpx:depth></gpxtpx:TrackPointExtension></extensions></trkpt><trkpt lat="55.7962095458" lon="49.2257362325"><ele>76.62</ele><time>2018-08-15T13:45:17Z</time><extensions><gpxtpx:TrackPointExtension><gpxtpx:depth>0.00</gpxtpx:depth></gpxtpx:TrackPointExtension></extensions></trkpt><trkpt lat="55.7962056063" lon="49.2273403611"><ele>77.03</ele><time>2018-08-15T13:45:33Z</time><extensions><gpxtpx:TrackPointExtension><gpxtpx:depth>0.00</gpxtpx:depth></gpxtpx:TrackPointExtension></extensions></trkpt><trkpt lat="55.7962108031" lon="49.2289774306"><ele>77.27</ele><time>2018-08-15T13:45:50Z</time><extensions><gpxtpx:TrackPointExtension><gpxtpx:depth>0.00</gpxtpx:depth></gpxtpx:TrackPointExtension></extensions></trkpt><trkpt lat="55.7962056901" lon="49.2305819783"><ele>77.65</ele><time>2018-08-15T13:46:08Z</time><extensions><gpxtpx:TrackPointExtension><gpxtpx:depth>0.00</gpxtpx:depth></gpxtpx:TrackPointExtension></extensions></trkpt><trkpt lat="55.7961989008" lon="49.2322524078"><ele>78.17</ele><time>2018-08-15T13:46:26Z</time><extensions><gpxtpx:TrackPointExtension><gpxtpx:depth>0.00</gpxtpx:depth></gpxtpx:TrackPointExtension></extensions></trkpt><trkpt lat="55.7961701509" lon="49.2339628190"><ele>78.46</ele><time>2018-08-15T13:46:42Z</time><extensions><gpxtpx:TrackPointExtension><gpxtpx:depth>0.00</gpxtpx:depth></gpxtpx:TrackPointExtension></extensions></trkpt><trkpt lat="55.7961898483" lon="49.2355313245"><ele>78.78</ele><time>2018-08-15T13:46:57Z</time><extensions><gpxtpx:TrackPointExtension><gpxtpx:depth>0.00</gpxtpx:depth></gpxtpx:TrackPointExtension></extensions></trkpt><trkpt lat="55.7963374536" lon="49.2371228803"><ele>79.04</ele><time>2018-08-15T13:47:12Z</time><extensions><gpxtpx:TrackPointExtension><gpxtpx:depth>0.00</gpxtpx:depth></gpxtpx:TrackPointExtension></extensions></trkpt><trkpt lat="55.7965270523" lon="49.2386928946"><ele>78.12</ele><time>2018-08-15T13:47:26Z</time><extensions><gpxtpx:TrackPointExtension><gpxtpx:depth>0.00</gpxtpx:depth></gpxtpx:TrackPointExtension></extensions></trkpt><trkpt lat="55.7967614941" lon="49.2403491586"><ele>75.88</ele><time>2018-08-15T13:47:40Z</time><extensions><gpxtpx:TrackPointExtension><gpxtpx:depth>0.00</gpxtpx:depth></gpxtpx:TrackPointExtension></extensions></trkpt><trkpt lat="55.7970960159" lon="49.2419434804"><ele>74.68</ele><time>2018-08-15T13:47:54Z</time><extensions><gpxtpx:TrackPointExtension><gpxtpx:depth>0.00</gpxtpx:depth></gpxtpx:TrackPointExtension></extensions></trkpt><trkpt lat="55.7975080702" lon="49.2434229702"><ele>73.45</ele><time>2018-08-15T13:48:09Z</time><extensions><gpxtpx:TrackPointExtension><gpxtpx:depth>0.00</gpxtpx:depth></gpxtpx:TrackPointExtension></extensions></trkpt><trkpt lat="55.7979268301" lon="49.2449311260"><ele>73.04</ele><time>2018-08-15T13:48:26Z</time><extensions><gpxtpx:TrackPointExtension><gpxtpx:depth>0.00</gpxtpx:depth></gpxtpx:TrackPointExtension></extensions></trkpt><trkpt lat="55.7983586658" lon="49.2463651858"><ele>73.48</ele><time>2018-08-15T13:48:45Z</time><extensions><gpxtpx:TrackPointExtension><gpxtpx:depth>0.00</gpxtpx:depth></gpxtpx:TrackPointExtension></extensions></trkpt><trkpt lat="55.7987562194" lon="49.2478228826"><ele>74.34</ele><time>2018-08-15T13:49:04Z</time><extensions><gpxtpx:TrackPointExtension><gpxtpx:depth>0.00</gpxtpx:depth></gpxtpx:TrackPointExtension></extensions></trkpt><trkpt lat="55.7991595566" lon="49.2492972594"><ele>75.10</ele><time>2018-08-15T13:49:23Z</time><extensions><gpxtpx:TrackPointExtension><gpxtpx:depth>0.00</gpxtpx:depth></gpxtpx:TrackPointExtension></extensions></trkpt><trkpt lat="55.7995237503" lon="49.2507785093"><ele>76.78</ele><time>2018-08-15T13:49:45Z</time><extensions><gpxtpx:TrackPointExtension><gpxtpx:depth>0.00</gpxtpx:depth></gpxtpx:TrackPointExtension></extensions></trkpt><trkpt lat="55.7998543326" lon="49.2523019202"><ele>78.01</ele><time>2018-08-15T13:50:17Z</time><extensions><gpxtpx:TrackPointExtension><gpxtpx:depth>0.00</gpxtpx:depth></gpxtpx:TrackPointExtension></extensions></trkpt><trkpt lat="55.8001801372" lon="49.2538417596"><ele>79.01</ele><time>2018-08-15T13:50:44Z</time><extensions><gpxtpx:TrackPointExtension><gpxtpx:depth>0.00</gpxtpx:depth></gpxtpx:TrackPointExtension></extensions></trkpt><trkpt lat="55.8004353661" lon="49.2554042302"><ele>80.37</ele><time>2018-08-15T13:51:08Z</time><extensions><gpxtpx:TrackPointExtension><gpxtpx:depth>0.00</gpxtpx:depth></gpxtpx:TrackPointExtension></extensions></trkpt><trkpt lat="55.8006875776" lon="49.2569957022"><ele>81.10</ele><time>2018-08-15T13:51:35Z</time><extensions><gpxtpx:TrackPointExtension><gpxtpx:depth>0.00</gpxtpx:depth></gpxtpx:TrackPointExtension></extensions></trkpt><trkpt lat="55.8009110391" lon="49.2586078774"><ele>82.55</ele><time>2018-08-15T13:52:01Z</time><extensions><gpxtpx:TrackPointExtension><gpxtpx:depth>0.00</gpxtpx:depth></gpxtpx:TrackPointExtension></extensions></trkpt><trkpt lat="55.8010878973" lon="49.2601366527"><ele>84.51</ele><time>2018-08-15T13:52:31Z</time><extensions><gpxtpx:TrackPointExtension><gpxtpx:depth>0.00</gpxtpx:depth></gpxtpx:TrackPointExtension></extensions></trkpt><trkpt lat="55.8012406994" lon="49.2616985366"><ele>87.62</ele><time>2018-08-15T13:53:09Z</time><extensions><gpxtpx:TrackPointExtension><gpxtpx:depth>0.00</gpxtpx:depth></gpxtpx:TrackPointExtension></extensions></trkpt><trkpt lat="55.8013480715" lon="49.2632968817"><ele>90.98</ele><time>2018-08-15T13:53:49Z</time><extensions><gpxtpx:TrackPointExtension><gpxtpx:depth>0.00</gpxtpx:depth></gpxtpx:TrackPointExtension></extensions></trkpt><trkpt lat="55.8014551084" lon="49.2649067100"><ele>94.93</ele><time>2018-08-15T13:54:28Z</time><extensions><gpxtpx:TrackPointExtension><gpxtpx:depth>0.00</gpxtpx:depth></gpxtpx:TrackPointExtension></extensions></trkpt><trkpt lat="55.8015283663" lon="49.2665277701"><ele>98.76</ele><time>2018-08-15T13:55:12Z</time><extensions><gpxtpx:TrackPointExtension><gpxtpx:depth>0.00</gpxtpx:depth></gpxtpx:TrackPointExtension></extensions></trkpt><trkpt lat="55.8015851956" lon="49.2680386081"><ele>102.78</ele><time>2018-08-15T13:58:50Z</time><extensions><gpxtpx:TrackPointExtension><gpxtpx:depth>0.00</gpxtpx:depth></gpxtpx:TrackPointExtension></extensions></trkpt><trkpt lat="55.8016411867" lon="49.2696643621"><ele>106.20</ele><time>2018-08-15T13:59:25Z</time><extensions><gpxtpx:TrackPointExtension><gpxtpx:depth>0.00</gpxtpx:depth></gpxtpx:TrackPointExtension></extensions></trkpt><trkpt lat="55.8016732056" lon="49.2712897807"><ele>109.77</ele><time>2018-08-15T14:00:04Z</time><extensions><gpxtpx:TrackPointExtension><gpxtpx:depth>0.00</gpxtpx:depth></gpxtpx:TrackPointExtension></extensions></trkpt><trkpt lat="55.8017165400" lon="49.2729184683"><ele>112.67</ele><time>2018-08-15T14:00:46Z</time><extensions><gpxtpx:TrackPointExtension><gpxtpx:depth>0.00</gpxtpx:depth></gpxtpx:TrackPointExtension></extensions></trkpt><trkpt lat="55.8017461281" lon="49.2745190766"><ele>116.25</ele><time>2018-08-15T14:01:29Z</time><extensions><gpxtpx:TrackPointExtension><gpxtpx:depth>0.00</gpxtpx:depth></gpxtpx:TrackPointExtension></extensions></trkpt><trkpt lat="55.8018004429" lon="49.2761174217"><ele>119.00</ele><time>2018-08-15T14:02:13Z</time><extensions><gpxtpx:TrackPointExtension><gpxtpx:depth>0.00</gpxtpx:depth></gpxtpx:TrackPointExtension></extensions></trkpt><trkpt lat="55.8018292766" lon="49.2777309380"><ele>122.46</ele><time>2018-08-15T14:02:59Z</time><extensions><gpxtpx:TrackPointExtension><gpxtpx:depth>0.00</gpxtpx:depth></gpxtpx:TrackPointExtension></extensions></trkpt><trkpt lat="55.8018260915" lon="49.2793378327"><ele>126.86</ele><time>2018-08-15T14:03:44Z</time><extensions><gpxtpx:TrackPointExtension><gpxtpx:depth>0.00</gpxtpx:depth></gpxtpx:TrackPointExtension></extensions></trkpt><trkpt lat="55.8018913027" lon="49.2809285503"><ele>130.48</ele><time>2018-08-15T14:04:31Z</time><extensions><gpxtpx:TrackPointExtension><gpxtpx:depth>0.00</gpxtpx:depth></gpxtpx:TrackPointExtension></extensions></trkpt><trkpt lat="55.8019218128" lon="49.2825546395"><ele>134.64</ele><time>2018-08-15T14:05:19Z</time><extensions><gpxtpx:TrackPointExtension><gpxtpx:depth>0.00</gpxtpx:depth></gpxtpx:TrackPointExtension></extensions></trkpt><trkpt lat="55.8019309491" lon="49.2841583490"><ele>139.02</ele><time>2018-08-15T14:06:13Z</time><extensions><gpxtpx:TrackPointExtension><gpxtpx:depth>0.00</gpxtpx:depth></gpxtpx:TrackPointExtension></extensions></trkpt><trkpt lat="55.8019812405" lon="49.2857595440"><ele>142.51</ele><time>2018-08-15T14:07:02Z</time><extensions><gpxtpx:TrackPointExtension><gpxtpx:depth>0.00</gpxtpx:depth></gpxtpx:TrackPointExtension></extensions></trkpt><trkpt lat="55.8020039555" lon="49.2873661034"><ele>146.42</ele><time>2018-08-15T14:07:50Z</time><extensions><gpxtpx:TrackPointExtension><gpxtpx:depth>0.00</gpxtpx:depth></gpxtpx:TrackPointExtension></extensions></trkpt><trkpt lat="55.8019612916" lon="49.2889737524"><ele>150.37</ele><time>2018-08-15T14:08:46Z</time><extensions><gpxtpx:TrackPointExtension><gpxtpx:depth>0.00</gpxtpx:depth></gpxtpx:TrackPointExtension></extensions></trkpt><trkpt lat="55.8018477168" lon="49.2905691639"><ele>154.11</ele><time>2018-08-15T14:09:37Z</time><extensions><gpxtpx:TrackPointExtension><gpxtpx:depth>0.00</gpxtpx:depth></gpxtpx:TrackPointExtension></extensions></trkpt><trkpt lat="55.8016668353" lon="49.2921395134"><ele>157.22</ele><time>2018-08-15T14:10:30Z</time><extensions><gpxtpx:TrackPointExtension><gpxtpx:depth>0.00</gpxtpx:depth></gpxtpx:TrackPointExtension></extensions></trkpt><trkpt lat="55.8014447987" lon="49.2937146407"><ele>159.72</ele><time>2018-08-15T14:11:24Z</time><extensions><gpxtpx:TrackPointExtension><gpxtpx:depth>0.00</gpxtpx:depth></gpxtpx:TrackPointExtension></extensions></trkpt><trkpt lat="55.8012084290" lon="49.2952914443"><ele>162.16</ele><time>2018-08-15T14:12:14Z</time><extensions><gpxtpx:TrackPointExtension><gpxtpx:depth>0.00</gpxtpx:depth></gpxtpx:TrackPointExtension></extensions></trkpt><trkpt lat="55.8009784296" lon="49.2968592793"><ele>164.77</ele><time>2018-08-15T14:13:03Z</time><extensions><gpxtpx:TrackPointExtension><gpxtpx:depth>0.00</gpxtpx:depth></gpxtpx:TrackPointExtension></extensions></trkpt><trkpt lat="55.8007812873" lon="49.2984091770"><ele>167.19</ele><time>2018-08-15T14:13:53Z</time><extensions><gpxtpx:TrackPointExtension><gpxtpx:depth>0.00</gpxtpx:depth></gpxtpx:TrackPointExtension></extensions></trkpt><trkpt lat="55.8005631901" lon="49.2992758658"><ele>169.52</ele><time>2018-08-15T14:14:45Z</time><extensions><gpxtpx:TrackPointExtension><gpxtpx:depth>0.00</gpxtpx:depth></gpxtpx:TrackPointExtension></extensions></trkpt><trkpt lat="55.8004130702" lon="49.2980387807"><ele>167.86</ele><time>2018-08-15T14:15:32Z</time><extensions><gpxtpx:TrackPointExtension><gpxtpx:depth>0.00</gpxtpx:depth></gpxtpx:TrackPointExtension></extensions></trkpt><trkpt lat="55.8005928621" lon="49.2989619635"><ele>169.05</ele><time>2018-08-15T14:45:20Z</time><extensions><gpxtpx:TrackPointExtension><gpxtpx:depth>0.00</gpxtpx:depth></gpxtpx:TrackPointExtension></extensions></trkpt><trkpt lat="55.8006221987" lon="49.3005100172"><ele>171.20</ele><time>2018-08-15T14:46:13Z</time><extensions><gpxtpx:TrackPointExtension><gpxtpx:depth>0.00</gpxtpx:depth></gpxtpx:TrackPointExtension></extensions></trkpt><trkpt lat="55.8004758507" lon="49.3021299876"><ele>173.55</ele><time>2018-08-15T14:47:00Z</time><extensions><gpxtpx:TrackPointExtension><gpxtpx:depth>0.00</gpxtpx:depth></gpxtpx:TrackPointExtension></extensions></trkpt><trkpt lat="55.8004170097" lon="49.3037663866"><ele>175.93</ele><time>2018-08-15T14:47:45Z</time><extensions><gpxtpx:TrackPointExtension><gpxtpx:depth>0.00</gpxtpx:depth></gpxtpx:TrackPointExtension></extensions></trkpt><trkpt lat="55.8003689814" lon="49.3053845130"><ele>178.72</ele><time>2018-08-15T14:48:31Z</time><extensions><gpxtpx:TrackPointExtension><gpxtpx:depth>0.00</gpxtpx:depth></gpxtpx:TrackPointExtension></extensions></trkpt><trkpt lat="55.8003531396" lon="49.3069943413"><ele>180.69</ele><time>2018-08-15T14:49:15Z</time><extensions><gpxtpx:TrackPointExtension><gpxtpx:depth>0.00</gpxtpx:depth></gpxtpx:TrackPointExtension></extensions></trkpt><trkpt lat="55.8003549837" lon="49.3085962068"><ele>183.40</ele><time>2018-08-15T14:50:01Z</time><extensions><gpxtpx:TrackPointExtension><gpxtpx:depth>0.00</gpxtpx:depth></gpxtpx:TrackPointExtension></extensions></trkpt><trkpt lat="55.8003704902" lon="49.3102082144"><ele>185.77</ele><time>2018-08-15T14:50:45Z</time><extensions><gpxtpx:TrackPointExtension><gpxtpx:depth>0.00</gpxtpx:depth></gpxtpx:TrackPointExtension></extensions></trkpt><trkpt lat="55.8004037663" lon="49.3118464574"><ele>187.76</ele><time>2018-08-15T14:51:24Z</time><extensions><gpxtpx:TrackPointExtension><gpxtpx:depth>0.00</gpxtpx:depth></gpxtpx:TrackPointExtension></extensions></trkpt><trkpt lat="55.8004264813" lon="49.3134739716"><ele>189.30</ele><time>2018-08-15T14:51:59Z</time><extensions><gpxtpx:TrackPointExtension><gpxtpx:depth>0.00</gpxtpx:depth></gpxtpx:TrackPointExtension></extensions></trkpt><trkpt lat="55.8004489448" lon="49.3150959536"><ele>190.42</ele><time>2018-08-15T14:52:31Z</time><extensions><gpxtpx:TrackPointExtension><gpxtpx:depth>0.00</gpxtpx:depth></gpxtpx:TrackPointExtension></extensions></trkpt><trkpt lat="55.8004745934" lon="49.3167104758"><ele>191.83</ele><time>2018-08-15T14:53:03Z</time><extensions><gpxtpx:TrackPointExtension><gpxtpx:depth>0.00</gpxtpx:depth></gpxtpx:TrackPointExtension></extensions></trkpt><trkpt lat="55.8004982304" lon="49.3182929792"><ele>193.21</ele><time>2018-08-15T14:53:35Z</time><extensions><gpxtpx:TrackPointExtension><gpxtpx:depth>0.00</gpxtpx:depth></gpxtpx:TrackPointExtension></extensions></trkpt><trkpt lat="55.8004712407" lon="49.3198857922"><ele>194.23</ele><time>2018-08-15T14:54:03Z</time><extensions><gpxtpx:TrackPointExtension><gpxtpx:depth>0.00</gpxtpx:depth></gpxtpx:TrackPointExtension></extensions></trkpt><trkpt lat="55.8004232962" lon="49.3215138093"><ele>195.28</ele><time>2018-08-15T14:54:32Z</time><extensions><gpxtpx:TrackPointExtension><gpxtpx:depth>0.00</gpxtpx:depth></gpxtpx:TrackPointExtension></extensions></trkpt><trkpt lat="55.8003910258" lon="49.3231383897"><ele>195.33</ele><time>2018-08-15T14:55:01Z</time><extensions><gpxtpx:TrackPointExtension><gpxtpx:depth>0.00</gpxtpx:depth></gpxtpx:TrackPointExtension></extensions></trkpt><trkpt lat="55.8002518024" lon="49.3247461226"><ele>195.52</ele><time>2018-08-15T14:55:27Z</time><extensions><gpxtpx:TrackPointExtension><gpxtpx:depth>0.00</gpxtpx:depth></gpxtpx:TrackPointExtension></extensions></trkpt><trkpt lat="55.8001253195" lon="49.3263287097"><ele>195.28</ele><time>2018-08-15T14:55:53Z</time><extensions><gpxtpx:TrackPointExtension><gpxtpx:depth>0.00</gpxtpx:depth></gpxtpx:TrackPointExtension></extensions></trkpt><trkpt lat="55.7999987528" lon="49.3279043399"><ele>195.26</ele><time>2018-08-15T14:56:20Z</time><extensions><gpxtpx:TrackPointExtension><gpxtpx:depth>0.00</gpxtpx:depth></gpxtpx:TrackPointExtension></extensions></trkpt><trkpt lat="55.7998591103" lon="49.3295450136"><ele>195.75</ele><time>2018-08-15T14:56:48Z</time><extensions><gpxtpx:TrackPointExtension><gpxtpx:depth>0.00</gpxtpx:depth></gpxtpx:TrackPointExtension></extensions></trkpt><trkpt lat="55.7997113373" lon="49.3311146088"><ele>195.94</ele><time>2018-08-15T14:57:16Z</time><extensions><gpxtpx:TrackPointExtension><gpxtpx:depth>0.00</gpxtpx:depth></gpxtpx:TrackPointExtension></extensions></trkpt><trkpt lat="55.7995723654" lon="49.3327432964"><ele>196.56</ele><time>2018-08-15T14:57:44Z</time><extensions><gpxtpx:TrackPointExtension><gpxtpx:depth>0.00</gpxtpx:depth></gpxtpx:TrackPointExtension></extensions></trkpt><trkpt lat="55.7994395122" lon="49.3343323376"><ele>197.65</ele><time>2018-08-15T14:58:13Z</time><extensions><gpxtpx:TrackPointExtension><gpxtpx:depth>0.00</gpxtpx:depth></gpxtpx:TrackPointExtension></extensions></trkpt><trkpt lat="55.7992483210" lon="49.3359241448"><ele>199.91</ele><time>2018-08-15T14:58:46Z</time><extensions><gpxtpx:TrackPointExtension><gpxtpx:depth>0.00</gpxtpx:depth></gpxtpx:TrackPointExtension></extensions></trkpt><trkpt lat="55.7986635156" lon="49.3371343240"><ele>201.12</ele><time>2018-08-15T14:59:18Z</time><extensions><gpxtpx:TrackPointExtension><gpxtpx:depth>0.00</gpxtpx:depth></gpxtpx:TrackPointExtension></extensions></trkpt><trkpt lat="55.7978073880" lon="49.3377060536"><ele>200.60</ele><time>2018-08-15T14:59:42Z</time><extensions><gpxtpx:TrackPointExtension><gpxtpx:depth>0.00</gpxtpx:depth></gpxtpx:TrackPointExtension></extensions></trkpt><trkpt lat="55.7968994603" lon="49.3382172659"><ele>199.24</ele><time>2018-08-15T15:00:03Z</time><extensions><gpxtpx:TrackPointExtension><gpxtpx:depth>0.00</gpxtpx:depth></gpxtpx:TrackPointExtension></extensions></trkpt><trkpt lat="55.7960029319" lon="49.3386495207"><ele>198.15</ele><time>2018-08-15T15:00:22Z</time><extensions><gpxtpx:TrackPointExtension><gpxtpx:depth>0.00</gpxtpx:depth></gpxtpx:TrackPointExtension></extensions></trkpt><trkpt lat="55.7951463852" lon="49.3391042389"><ele>197.91</ele><time>2018-08-15T15:00:46Z</time><extensions><gpxtpx:TrackPointExtension><gpxtpx:depth>0.00</gpxtpx:depth></gpxtpx:TrackPointExtension></extensions></trkpt><trkpt lat="55.7942540478" lon="49.3389837909"><ele>198.47</ele><time>2018-08-15T15:01:11Z</time><extensions><gpxtpx:TrackPointExtension><gpxtpx:depth>0.00</gpxtpx:depth></gpxtpx:TrackPointExtension></extensions></trkpt><trkpt lat="55.7933412585" lon="49.3387346808"><ele>198.94</ele><time>2018-08-15T15:01:36Z</time><extensions><gpxtpx:TrackPointExtension><gpxtpx:depth>0.00</gpxtpx:depth></gpxtpx:TrackPointExtension></extensions></trkpt><trkpt lat="55.7924253680" lon="49.3385080341"><ele>198.53</ele><time>2018-08-15T15:01:59Z</time><extensions><gpxtpx:TrackPointExtension><gpxtpx:depth>0.00</gpxtpx:depth></gpxtpx:TrackPointExtension></extensions></trkpt><trkpt lat="55.7915114053" lon="49.3383954652"><ele>198.40</ele><time>2018-08-15T15:02:20Z</time><extensions><gpxtpx:TrackPointExtension><gpxtpx:depth>0.00</gpxtpx:depth></gpxtpx:TrackPointExtension></extensions></trkpt><trkpt lat="55.7905733027" lon="49.3382118177"><ele>197.95</ele><time>2018-08-15T15:02:40Z</time><extensions><gpxtpx:TrackPointExtension><gpxtpx:depth>0.00</gpxtpx:depth></gpxtpx:TrackPointExtension></extensions></trkpt><trkpt lat="55.7896318473" lon="49.3380462751"><ele>196.94</ele><time>2018-08-15T15:02:59Z</time><extensions><gpxtpx:TrackPointExtension><gpxtpx:depth>0.00</gpxtpx:depth></gpxtpx:TrackPointExtension></extensions></trkpt><trkpt lat="55.7887147833" lon="49.3379583489"><ele>195.79</ele><time>2018-08-15T15:03:17Z</time><extensions><gpxtpx:TrackPointExtension><gpxtpx:depth>0.00</gpxtpx:depth></gpxtpx:TrackPointExtension></extensions></trkpt><trkpt lat="55.7877662033" lon="49.3379331194"><ele>194.55</ele><time>2018-08-15T15:03:35Z</time><extensions><gpxtpx:TrackPointExtension><gpxtpx:depth>0.00</gpxtpx:depth></gpxtpx:TrackPointExtension></extensions></trkpt><trkpt lat="55.7868419308" lon="49.3379778787"><ele>192.99</ele><time>2018-08-15T15:03:52Z</time><extensions><gpxtpx:TrackPointExtension><gpxtpx:depth>0.00</gpxtpx:depth></gpxtpx:TrackPointExtension></extensions></trkpt><trkpt lat="55.7859269623" lon="49.3381014280"><ele>191.87</ele><time>2018-08-15T15:04:09Z</time><extensions><gpxtpx:TrackPointExtension><gpxtpx:depth>0.00</gpxtpx:depth></gpxtpx:TrackPointExtension></extensions></trkpt><trkpt lat="55.7849969063" lon="49.3383500353"><ele>190.56</ele><time>2018-08-15T15:04:27Z</time><extensions><gpxtpx:TrackPointExtension><gpxtpx:depth>0.00</gpxtpx:depth></gpxtpx:TrackPointExtension></extensions></trkpt><trkpt lat="55.7840868831" lon="49.3386646081"><ele>189.26</ele><time>2018-08-15T15:04:44Z</time><extensions><gpxtpx:TrackPointExtension><gpxtpx:depth>0.00</gpxtpx:depth></gpxtpx:TrackPointExtension></extensions></trkpt><trkpt lat="55.7832072861" lon="49.3390844576"><ele>188.16</ele><time>2018-08-15T15:05:01Z</time><extensions><gpxtpx:TrackPointExtension><gpxtpx:depth>0.00</gpxtpx:depth></gpxtpx:TrackPointExtension></extensions></trkpt><trkpt lat="55.7823276892" lon="49.3395986874"><ele>187.43</ele><time>2018-08-15T15:05:18Z</time><extensions><gpxtpx:TrackPointExtension><gpxtpx:depth>0.00</gpxtpx:depth></gpxtpx:TrackPointExtension></extensions></trkpt><trkpt lat="55.7814702205" lon="49.3402083870"><ele>186.51</ele><time>2018-08-15T15:05:37Z</time><extensions><gpxtpx:TrackPointExtension><gpxtpx:depth>0.00</gpxtpx:depth></gpxtpx:TrackPointExtension></extensions></trkpt><trkpt lat="55.7805991732" lon="49.3408568949"><ele>185.83</ele><time>2018-08-15T15:05:56Z</time><extensions><gpxtpx:TrackPointExtension><gpxtpx:depth>0.00</gpxtpx:depth></gpxtpx:TrackPointExtension></extensions></trkpt><trkpt lat="55.7797605637" lon="49.3415510841"><ele>185.74</ele><time>2018-08-15T15:06:14Z</time><extensions><gpxtpx:TrackPointExtension><gpxtpx:depth>0.00</gpxtpx:depth></gpxtpx:TrackPointExtension></extensions></trkpt><trkpt lat="55.7789373770" lon="49.3423014320"><ele>185.81</ele><time>2018-08-15T15:06:32Z</time><extensions><gpxtpx:TrackPointExtension><gpxtpx:depth>0.00</gpxtpx:depth></gpxtpx:TrackPointExtension></extensions></trkpt><trkpt lat="55.7781113405" lon="49.3430902530"><ele>185.69</ele><time>2018-08-15T15:06:52Z</time><extensions><gpxtpx:TrackPointExtension><gpxtpx:depth>0.00</gpxtpx:depth></gpxtpx:TrackPointExtension></extensions></trkpt><trkpt lat="55.7772955298" lon="49.3438884616"><ele>185.97</ele><time>2018-08-15T15:07:12Z</time><extensions><gpxtpx:TrackPointExtension><gpxtpx:depth>0.00</gpxtpx:depth></gpxtpx:TrackPointExtension></extensions></trkpt><trkpt lat="55.7765045296" lon="49.3446539808"><ele>186.20</ele><time>2018-08-15T15:07:33Z</time><extensions><gpxtpx:TrackPointExtension><gpxtpx:depth>0.00</gpxtpx:depth></gpxtpx:TrackPointExtension></extensions></trkpt><trkpt lat="55.7757145353" lon="49.3454341684"><ele>186.66</ele><time>2018-08-15T15:07:52Z</time><extensions><gpxtpx:TrackPointExtension><gpxtpx:depth>0.00</gpxtpx:depth></gpxtpx:TrackPointExtension></extensions></trkpt><trkpt lat="55.7748912647" lon="49.3462345563"><ele>186.86</ele><time>2018-08-15T15:08:12Z</time><extensions><gpxtpx:TrackPointExtension><gpxtpx:depth>0.00</gpxtpx:depth></gpxtpx:TrackPointExtension></extensions></trkpt><trkpt lat="55.7740717661" lon="49.3470463436"><ele>187.35</ele><time>2018-08-15T15:08:33Z</time><extensions><gpxtpx:TrackPointExtension><gpxtpx:depth>0.00</gpxtpx:depth></gpxtpx:TrackPointExtension></extensions></trkpt><trkpt lat="55.7732655946" lon="49.3478187360"><ele>187.86</ele><time>2018-08-15T15:08:53Z</time><extensions><gpxtpx:TrackPointExtension><gpxtpx:depth>0.00</gpxtpx:depth></gpxtpx:TrackPointExtension></extensions></trkpt><trkpt lat="55.7724459283" lon="49.3486316968"><ele>187.98</ele><time>2018-08-15T15:09:14Z</time><extensions><gpxtpx:TrackPointExtension><gpxtpx:depth>0.00</gpxtpx:depth></gpxtpx:TrackPointExtension></extensions></trkpt><trkpt lat="55.7716410980" lon="49.3494171649"><ele>188.06</ele><time>2018-08-15T15:09:35Z</time><extensions><gpxtpx:TrackPointExtension><gpxtpx:depth>0.00</gpxtpx:depth></gpxtpx:TrackPointExtension></extensions></trkpt><trkpt lat="55.7708327472" lon="49.3501888867"><ele>188.37</ele><time>2018-08-15T15:09:56Z</time><extensions><gpxtpx:TrackPointExtension><gpxtpx:depth>0.00</gpxtpx:depth></gpxtpx:TrackPointExtension></extensions></trkpt><trkpt lat="55.7700193673" lon="49.3509912025"><ele>188.55</ele><time>2018-08-15T15:10:17Z</time><extensions><gpxtpx:TrackPointExtension><gpxtpx:depth>0.00</gpxtpx:depth></gpxtpx:TrackPointExtension></extensions></trkpt><trkpt lat="55.7692116033" lon="49.3517904170"><ele>188.62</ele><time>2018-08-15T15:10:37Z</time><extensions><gpxtpx:TrackPointExtension><gpxtpx:depth>0.00</gpxtpx:depth></gpxtpx:TrackPointExtension></extensions></trkpt><trkpt lat="55.7684079465" lon="49.3525747117"><ele>188.52</ele><time>2018-08-15T15:10:56Z</time><extensions><gpxtpx:TrackPointExtension><gpxtpx:depth>0.00</gpxtpx:depth></gpxtpx:TrackPointExtension></extensions></trkpt><trkpt lat="55.7675733604" lon="49.3533893488"><ele>187.78</ele><time>2018-08-15T15:11:15Z</time><extensions><gpxtpx:TrackPointExtension><gpxtpx:depth>0.00</gpxtpx:depth></gpxtpx:TrackPointExtension></extensions></trkpt><trkpt lat="55.7667463180" lon="49.3541921675"><ele>186.79</ele><time>2018-08-15T15:11:32Z</time><extensions><gpxtpx:TrackPointExtension><gpxtpx:depth>0.00</gpxtpx:depth></gpxtpx:TrackPointExtension></extensions></trkpt><trkpt lat="55.7659117319" lon="49.3550097384"><ele>185.62</ele><time>2018-08-15T15:11:49Z</time><extensions><gpxtpx:TrackPointExtension><gpxtpx:depth>0.00</gpxtpx:depth></gpxtpx:TrackPointExtension></extensions></trkpt><trkpt lat="55.7651276886" lon="49.3558303267"><ele>184.45</ele><time>2018-08-15T15:12:05Z</time><extensions><gpxtpx:TrackPointExtension><gpxtpx:depth>0.00</gpxtpx:depth></gpxtpx:TrackPointExtension></extensions></trkpt><trkpt lat="55.7643446513" lon="49.3566616438"><ele>183.00</ele><time>2018-08-15T15:12:21Z</time><extensions><gpxtpx:TrackPointExtension><gpxtpx:depth>0.00</gpxtpx:depth></gpxtpx:TrackPointExtension></extensions></trkpt><trkpt lat="55.7636006735" lon="49.3575629499"><ele>181.46</ele><time>2018-08-15T15:12:37Z</time><extensions><gpxtpx:TrackPointExtension><gpxtpx:depth>0.00</gpxtpx:depth></gpxtpx:TrackPointExtension></extensions></trkpt><trkpt lat="55.7628662512" lon="49.3585380167"><ele>180.45</ele><time>2018-08-15T15:12:53Z</time><extensions><gpxtpx:TrackPointExtension><gpxtpx:depth>0.00</gpxtpx:depth></gpxtpx:TrackPointExtension></extensions></trkpt><trkpt lat="55.7621415518" lon="49.3596373033"><ele>178.86</ele><time>2018-08-15T15:13:08Z</time><extensions><gpxtpx:TrackPointExtension><gpxtpx:depth>0.00</gpxtpx:depth></gpxtpx:TrackPointExtension></extensions></trkpt><trkpt lat="55.7614791300" lon="49.3607396912"><ele>177.76</ele><time>2018-08-15T15:13:21Z</time><extensions><gpxtpx:TrackPointExtension><gpxtpx:depth>0.00</gpxtpx:depth></gpxtpx:TrackPointExtension></extensions></trkpt><trkpt lat="55.7608395908" lon="49.3620295823"><ele>175.53</ele><time>2018-08-15T15:13:34Z</time><extensions><gpxtpx:TrackPointExtension><gpxtpx:depth>0.00</gpxtpx:depth></gpxtpx:TrackPointExtension></extensions></trkpt><trkpt lat="55.7603017241" lon="49.3633406796"><ele>173.22</ele><time>2018-08-15T15:13:45Z</time><extensions><gpxtpx:TrackPointExtension><gpxtpx:depth>0.00</gpxtpx:depth></gpxtpx:TrackPointExtension></extensions></trkpt><trkpt lat="55.7598298229" lon="49.3647153955"><ele>171.50</ele><time>2018-08-15T15:13:55Z</time><extensions><gpxtpx:TrackPointExtension><gpxtpx:depth>0.00</gpxtpx:depth></gpxtpx:TrackPointExtension></extensions></trkpt><trkpt lat="55.7593903597" lon="49.3662702385"><ele>168.48</ele><time>2018-08-15T15:14:05Z</time><extensions><gpxtpx:TrackPointExtension><gpxtpx:depth>0.00</gpxtpx:depth></gpxtpx:TrackPointExtension></extensions></trkpt><trkpt lat="55.7590286806" lon="49.3677624688"><ele>166.53</ele><time>2018-08-15T15:14:14Z</time><extensions><gpxtpx:TrackPointExtension><gpxtpx:depth>0.00</gpxtpx:depth></gpxtpx:TrackPointExtension></extensions></trkpt><trkpt lat="55.7587064803" lon="49.3693167251"><ele>163.76</ele><time>2018-08-15T15:14:23Z</time><extensions><gpxtpx:TrackPointExtension><gpxtpx:depth>0.00</gpxtpx:depth></gpxtpx:TrackPointExtension></extensions></trkpt><trkpt lat="55.7584291231" lon="49.3708870746"><ele>160.97</ele><time>2018-08-15T15:14:32Z</time><extensions><gpxtpx:TrackPointExtension><gpxtpx:depth>0.00</gpxtpx:depth></gpxtpx:TrackPointExtension></extensions></trkpt><trkpt lat="55.7581848744" lon="49.3724515568"><ele>158.06</ele><time>2018-08-15T15:14:41Z</time><extensions><gpxtpx:TrackPointExtension><gpxtpx:depth>0.00</gpxtpx:depth></gpxtpx:TrackPointExtension></extensions></trkpt><trkpt lat="55.7579635922" lon="49.3740296178"><ele>154.28</ele><time>2018-08-15T15:14:51Z</time><extensions><gpxtpx:TrackPointExtension><gpxtpx:depth>0.00</gpxtpx:depth></gpxtpx:TrackPointExtension></extensions></trkpt><trkpt lat="55.7577366941" lon="49.3756447267"><ele>151.31</ele><time>2018-08-15T15:15:01Z</time><extensions><gpxtpx:TrackPointExtension><gpxtpx:depth>0.00</gpxtpx:depth></gpxtpx:TrackPointExtension></extensions></trkpt><trkpt lat="55.7574967202" lon="49.3773224484"><ele>148.49</ele><time>2018-08-15T15:15:11Z</time><extensions><gpxtpx:TrackPointExtension><gpxtpx:depth>0.00</gpxtpx:depth></gpxtpx:TrackPointExtension></extensions></trkpt><trkpt lat="55.7572340313" lon="49.3789135013"><ele>145.58</ele><time>2018-08-15T15:15:21Z</time><extensions><gpxtpx:TrackPointExtension><gpxtpx:depth>0.00</gpxtpx:depth></gpxtpx:TrackPointExtension></extensions></trkpt><trkpt lat="55.7569527347" lon="49.3804400973"><ele>143.94</ele><time>2018-08-15T15:15:32Z</time><extensions><gpxtpx:TrackPointExtension><gpxtpx:depth>0.00</gpxtpx:depth></gpxtpx:TrackPointExtension></extensions></trkpt><trkpt lat="55.7566214819" lon="49.3820068426"><ele>142.60</ele><time>2018-08-15T15:15:45Z</time><extensions><gpxtpx:TrackPointExtension><gpxtpx:depth>0.00</gpxtpx:depth></gpxtpx:TrackPointExtension></extensions></trkpt><trkpt lat="55.7562346570" lon="49.3835764378"><ele>140.96</ele><time>2018-08-15T15:15:59Z</time><extensions><gpxtpx:TrackPointExtension><gpxtpx:depth>0.00</gpxtpx:depth></gpxtpx:TrackPointExtension></extensions></trkpt><trkpt lat="55.7558093593" lon="49.3850444444"><ele>139.15</ele><time>2018-08-15T15:16:12Z</time><extensions><gpxtpx:TrackPointExtension><gpxtpx:depth>0.00</gpxtpx:depth></gpxtpx:TrackPointExtension></extensions></trkpt><trkpt lat="55.7552641165" lon="49.3864420429"><ele>136.95</ele><time>2018-08-15T15:16:24Z</time><extensions><gpxtpx:TrackPointExtension><gpxtpx:depth>0.00</gpxtpx:depth></gpxtpx:TrackPointExtension></extensions></trkpt><trkpt lat="55.7546226494" lon="49.3877374660"><ele>134.55</ele><time>2018-08-15T15:16:35Z</time><extensions><gpxtpx:TrackPointExtension><gpxtpx:depth>0.00</gpxtpx:depth></gpxtpx:TrackPointExtension></extensions></trkpt><trkpt lat="55.7539150491" lon="49.3888962641"><ele>131.50</ele><time>2018-08-15T15:16:45Z</time><extensions><gpxtpx:TrackPointExtension><gpxtpx:depth>0.00</gpxtpx:depth></gpxtpx:TrackPointExtension></extensions></trkpt><trkpt lat="55.7531730831" lon="49.3899055291"><ele>127.32</ele><time>2018-08-15T15:16:54Z</time><extensions><gpxtpx:TrackPointExtension><gpxtpx:depth>0.00</gpxtpx:depth></gpxtpx:TrackPointExtension></extensions></trkpt><trkpt lat="55.7523429394" lon="49.3908668496"><ele>123.69</ele><time>2018-08-15T15:17:03Z</time><extensions><gpxtpx:TrackPointExtension><gpxtpx:depth>0.00</gpxtpx:depth></gpxtpx:TrackPointExtension></extensions></trkpt><trkpt lat="55.7515553758" lon="49.3916780502"><ele>120.38</ele><time>2018-08-15T15:17:11Z</time><extensions><gpxtpx:TrackPointExtension><gpxtpx:depth>0.00</gpxtpx:depth></gpxtpx:TrackPointExtension></extensions></trkpt><trkpt lat="55.7507270761" lon="49.3924515322"><ele>116.64</ele><time>2018-08-15T15:17:19Z</time><extensions><gpxtpx:TrackPointExtension><gpxtpx:depth>0.00</gpxtpx:depth></gpxtpx:TrackPointExtension></extensions></trkpt><trkpt lat="55.7498736307" lon="49.3932147045"><ele>112.55</ele><time>2018-08-15T15:17:27Z</time><extensions><gpxtpx:TrackPointExtension><gpxtpx:depth>0.00</gpxtpx:depth></gpxtpx:TrackPointExtension></extensions></trkpt><trkpt lat="55.7490276452" lon="49.3939474504"><ele>109.04</ele><time>2018-08-15T15:17:35Z</time><extensions><gpxtpx:TrackPointExtension><gpxtpx:depth>0.00</gpxtpx:depth></gpxtpx:TrackPointExtension></extensions></trkpt><trkpt lat="55.7481560111" lon="49.3947083596"><ele>105.46</ele><time>2018-08-15T15:17:44Z</time><extensions><gpxtpx:TrackPointExtension><gpxtpx:depth>0.00</gpxtpx:depth></gpxtpx:TrackPointExtension></extensions></trkpt><trkpt lat="55.7473395299" lon="49.3954608869"><ele>104.41</ele><time>2018-08-15T15:17:54Z</time><extensions><gpxtpx:TrackPointExtension><gpxtpx:depth>0.00</gpxtpx:depth></gpxtpx:TrackPointExtension></extensions></trkpt><trkpt lat="55.7465340290" lon="49.3961722590"><ele>104.78</ele><time>2018-08-15T15:18:08Z</time><extensions><gpxtpx:TrackPointExtension><gpxtpx:depth>0.00</gpxtpx:depth></gpxtpx:TrackPointExtension></extensions></trkpt><trkpt lat="55.7456870377" lon="49.3968397938"><ele>107.60</ele><time>2018-08-15T15:18:31Z</time><extensions><gpxtpx:TrackPointExtension><gpxtpx:depth>0.00</gpxtpx:depth></gpxtpx:TrackPointExtension></extensions></trkpt><trkpt lat="55.7448628452" lon="49.3975695223"><ele>109.69</ele><time>2018-08-15T15:19:02Z</time><extensions><gpxtpx:TrackPointExtension><gpxtpx:depth>0.00</gpxtpx:depth></gpxtpx:TrackPointExtension></extensions></trkpt><trkpt lat="55.7440451067" lon="49.3983026035"><ele>111.27</ele><time>2018-08-15T15:19:33Z</time><extensions><gpxtpx:TrackPointExtension><gpxtpx:depth>0.00</gpxtpx:depth></gpxtpx:TrackPointExtension></extensions></trkpt><trkpt lat="55.7432349119" lon="49.3990672845"><ele>112.01</ele><time>2018-08-15T15:20:02Z</time><extensions><gpxtpx:TrackPointExtension><gpxtpx:depth>0.00</gpxtpx:depth></gpxtpx:TrackPointExtension></extensions></trkpt><trkpt lat="55.7424026728" lon="49.3997949176"><ele>112.68</ele><time>2018-08-15T15:20:30Z</time><extensions><gpxtpx:TrackPointExtension><gpxtpx:depth>0.00</gpxtpx:depth></gpxtpx:TrackPointExtension></extensions></trkpt><trkpt lat="55.7415875327" lon="49.4005260710"><ele>113.09</ele><time>2018-08-15T15:20:56Z</time><extensions><gpxtpx:TrackPointExtension><gpxtpx:depth>0.00</gpxtpx:depth></gpxtpx:TrackPointExtension></extensions></trkpt><trkpt lat="55.7407749910" lon="49.4012419693"><ele>113.67</ele><time>2018-08-15T15:21:21Z</time><extensions><gpxtpx:TrackPointExtension><gpxtpx:depth>0.00</gpxtpx:depth></gpxtpx:TrackPointExtension></extensions></trkpt><trkpt lat="55.7399618626" lon="49.4019593764"><ele>114.65</ele><time>2018-08-15T15:21:48Z</time><extensions><gpxtpx:TrackPointExtension><gpxtpx:depth>0.00</gpxtpx:depth></gpxtpx:TrackPointExtension></extensions></trkpt><trkpt lat="55.7391437050" lon="49.4026788790"><ele>116.05</ele><time>2018-08-15T15:22:18Z</time><extensions><gpxtpx:TrackPointExtension><gpxtpx:depth>0.00</gpxtpx:depth></gpxtpx:TrackPointExtension></extensions></trkpt><trkpt lat="55.7383154891" lon="49.4034216832"><ele>118.55</ele><time>2018-08-15T15:22:56Z</time><extensions><gpxtpx:TrackPointExtension><gpxtpx:depth>0.00</gpxtpx:depth></gpxtpx:TrackPointExtension></extensions></trkpt><trkpt lat="55.7375118323" lon="49.4042176288"><ele>120.60</ele><time>2018-08-15T15:23:33Z</time><extensions><gpxtpx:TrackPointExtension><gpxtpx:depth>0.00</gpxtpx:depth></gpxtpx:TrackPointExtension></extensions></trkpt><trkpt lat="55.7367313933" lon="49.4050911069"><ele>122.40</ele><time>2018-08-15T15:24:12Z</time><extensions><gpxtpx:TrackPointExtension><gpxtpx:depth>0.00</gpxtpx:depth></gpxtpx:TrackPointExtension></extensions></trkpt><trkpt lat="55.7359984796" lon="49.4060194865"><ele>124.63</ele><time>2018-08-15T15:24:54Z</time><extensions><gpxtpx:TrackPointExtension><gpxtpx:depth>0.00</gpxtpx:depth></gpxtpx:TrackPointExtension></extensions></trkpt><trkpt lat="55.7352887839" lon="49.4069976546"><ele>126.96</ele><time>2018-08-15T15:25:30Z</time><extensions><gpxtpx:TrackPointExtension><gpxtpx:depth>0.00</gpxtpx:depth></gpxtpx:TrackPointExtension></extensions></trkpt><trkpt lat="55.7345984504" lon="49.4080559537"><ele>128.77</ele><time>2018-08-15T15:26:11Z</time><extensions><gpxtpx:TrackPointExtension><gpxtpx:depth>0.00</gpxtpx:depth></gpxtpx:TrackPointExtension></extensions></trkpt><trkpt lat="55.7339573186" lon="49.4091534801"><ele>131.00</ele><time>2018-08-15T15:26:55Z</time><extensions><gpxtpx:TrackPointExtension><gpxtpx:depth>0.00</gpxtpx:depth></gpxtpx:TrackPointExtension></extensions></trkpt><trkpt lat="55.7333334535" lon="49.4103412796"><ele>133.48</ele><time>2018-08-15T15:27:33Z</time><extensions><gpxtpx:TrackPointExtension><gpxtpx:depth>0.00</gpxtpx:depth></gpxtpx:TrackPointExtension></extensions></trkpt><trkpt lat="55.7327474747" lon="49.4115771912"><ele>135.86</ele><time>2018-08-15T15:28:16Z</time><extensions><gpxtpx:TrackPointExtension><gpxtpx:depth>0.00</gpxtpx:depth></gpxtpx:TrackPointExtension></extensions></trkpt><trkpt lat="55.7321885694" lon="49.4128488097"><ele>138.22</ele><time>2018-08-15T15:28:59Z</time><extensions><gpxtpx:TrackPointExtension><gpxtpx:depth>0.00</gpxtpx:depth></gpxtpx:TrackPointExtension></extensions></trkpt><trkpt lat="55.7316833921" lon="49.4141877349"><ele>140.28</ele><time>2018-08-15T15:29:45Z</time><extensions><gpxtpx:TrackPointExtension><gpxtpx:depth>0.00</gpxtpx:depth></gpxtpx:TrackPointExtension></extensions></trkpt><trkpt lat="55.7312029414" lon="49.4155900273"><ele>142.19</ele><time>2018-08-15T15:30:27Z</time><extensions><gpxtpx:TrackPointExtension><gpxtpx:depth>0.00</gpxtpx:depth></gpxtpx:TrackPointExtension></extensions></trkpt><trkpt lat="55.7307586167" lon="49.4169722032"><ele>144.05</ele><time>2018-08-15T15:31:08Z</time><extensions><gpxtpx:TrackPointExtension><gpxtpx:depth>0.00</gpxtpx:depth></gpxtpx:TrackPointExtension></extensions></trkpt><trkpt lat="55.7302844524" lon="49.4183438178"><ele>146.02</ele><time>2018-08-15T15:31:47Z</time><extensions><gpxtpx:TrackPointExtension><gpxtpx:depth>0.00</gpxtpx:depth></gpxtpx:TrackPointExtension></extensions></trkpt><trkpt lat="55.7298231125" lon="49.4197378960"><ele>148.02</ele><time>2018-08-15T15:32:30Z</time><extensions><gpxtpx:TrackPointExtension><gpxtpx:depth>0.00</gpxtpx:depth></gpxtpx:TrackPointExtension></extensions></trkpt><trkpt lat="55.7293564081" lon="49.4211458042"><ele>149.89</ele><time>2018-08-15T15:33:13Z</time><extensions><gpxtpx:TrackPointExtension><gpxtpx:depth>0.00</gpxtpx:depth></gpxtpx:TrackPointExtension></extensions></trkpt><trkpt lat="55.7289004326" lon="49.4225078635"><ele>152.46</ele><time>2018-08-15T15:33:55Z</time><extensions><gpxtpx:TrackPointExtension><gpxtpx:depth>0.00</gpxtpx:depth></gpxtpx:TrackPointExtension></extensions></trkpt><trkpt lat="55.7284322195" lon="49.4239296857"><ele>154.94</ele><time>2018-08-15T15:34:37Z</time><extensions><gpxtpx:TrackPointExtension><gpxtpx:depth>0.00</gpxtpx:depth></gpxtpx:TrackPointExtension></extensions></trkpt><trkpt lat="55.7279797643" lon="49.4253147952"><ele>158.26</ele><time>2018-08-15T15:35:18Z</time><extensions><gpxtpx:TrackPointExtension><gpxtpx:depth>0.00</gpxtpx:depth></gpxtpx:TrackPointExtension></extensions></trkpt><trkpt lat="55.7275045943" lon="49.4267247990"><ele>162.22</ele><time>2018-08-15T15:36:06Z</time><extensions><gpxtpx:TrackPointExtension><gpxtpx:depth>0.00</gpxtpx:depth></gpxtpx:TrackPointExtension></extensions></trkpt><trkpt lat="55.7270893548" lon="49.4281237386"><ele>166.36</ele><time>2018-08-15T15:36:57Z</time><extensions><gpxtpx:TrackPointExtension><gpxtpx:depth>0.00</gpxtpx:depth></gpxtpx:TrackPointExtension></extensions></trkpt><trkpt lat="55.7266892027" lon="49.4295469020"><ele>169.70</ele><time>2018-08-15T15:37:50Z</time><extensions><gpxtpx:TrackPointExtension><gpxtpx:depth>0.00</gpxtpx:depth></gpxtpx:TrackPointExtension></extensions></trkpt><trkpt lat="55.7263388392" lon="49.4310534652"><ele>172.46</ele><time>2018-08-15T15:38:35Z</time><extensions><gpxtpx:TrackPointExtension><gpxtpx:depth>0.00</gpxtpx:depth></gpxtpx:TrackPointExtension></extensions></trkpt><trkpt lat="55.7260219194" lon="49.4325841684"><ele>174.70</ele><time>2018-08-15T15:39:25Z</time><extensions><gpxtpx:TrackPointExtension><gpxtpx:depth>0.00</gpxtpx:depth></gpxtpx:TrackPointExtension></extensions></trkpt><trkpt lat="55.7257553749" lon="49.4341108482"><ele>176.18</ele><time>2018-08-15T15:40:08Z</time><extensions><gpxtpx:TrackPointExtension><gpxtpx:depth>0.00</gpxtpx:depth></gpxtpx:TrackPointExtension></extensions></trkpt><trkpt lat="55.7255171612" lon="49.4356732350"><ele>177.36</ele><time>2018-08-15T15:40:52Z</time><extensions><gpxtpx:TrackPointExtension><gpxtpx:depth>0.00</gpxtpx:depth></gpxtpx:TrackPointExtension></extensions></trkpt><trkpt lat="55.7253169175" lon="49.4372676406"><ele>177.58</ele><time>2018-08-15T15:41:27Z</time><extensions><gpxtpx:TrackPointExtension><gpxtpx:depth>0.00</gpxtpx:depth></gpxtpx:TrackPointExtension></extensions></trkpt><trkpt lat="55.7251419872" lon="49.4388372358"><ele>177.50</ele><time>2018-08-15T15:41:53Z</time><extensions><gpxtpx:TrackPointExtension><gpxtpx:depth>0.00</gpxtpx:depth></gpxtpx:TrackPointExtension></extensions></trkpt><trkpt lat="55.7249506284" lon="49.4404256064"><ele>178.00</ele><time>2018-08-15T15:42:18Z</time><extensions><gpxtpx:TrackPointExtension><gpxtpx:depth>0.00</gpxtpx:depth></gpxtpx:TrackPointExtension></extensions></trkpt><trkpt lat="55.7247823197" lon="49.4419826288"><ele>178.20</ele><time>2018-08-15T15:42:45Z</time><extensions><gpxtpx:TrackPointExtension><gpxtpx:depth>0.00</gpxtpx:depth></gpxtpx:TrackPointExtension></extensions></trkpt><trkpt lat="55.7246029470" lon="49.4435844105"><ele>178.26</ele><time>2018-08-15T15:43:12Z</time><extensions><gpxtpx:TrackPointExtension><gpxtpx:depth>0.00</gpxtpx:depth></gpxtpx:TrackPointExtension></extensions></trkpt><trkpt lat="55.7244161982" lon="49.4451655727"><ele>178.48</ele><time>2018-08-15T15:43:39Z</time><extensions><gpxtpx:TrackPointExtension><gpxtpx:depth>0.00</gpxtpx:depth></gpxtpx:TrackPointExtension></extensions></trkpt><trkpt lat="55.7242322993" lon="49.4467298035"><ele>178.58</ele><time>2018-08-15T15:44:07Z</time><extensions><gpxtpx:TrackPointExtension><gpxtpx:depth>0.00</gpxtpx:depth></gpxtpx:TrackPointExtension></extensions></trkpt><trkpt lat="55.7240460534" lon="49.4482946210"><ele>178.46</ele><time>2018-08-15T15:44:35Z</time><extensions><gpxtpx:TrackPointExtension><gpxtpx:depth>0.00</gpxtpx:depth></gpxtpx:TrackPointExtension></extensions></trkpt><trkpt lat="55.7238524314" lon="49.4499039464"><ele>177.86</ele><time>2018-08-15T15:45:00Z</time><extensions><gpxtpx:TrackPointExtension><gpxtpx:depth>0.00</gpxtpx:depth></gpxtpx:TrackPointExtension></extensions></trkpt><trkpt lat="55.7236593124" lon="49.4514836837"><ele>176.90</ele><time>2018-08-15T15:45:21Z</time><extensions><gpxtpx:TrackPointExtension><gpxtpx:depth>0.00</gpxtpx:depth></gpxtpx:TrackPointExtension></extensions></trkpt><trkpt lat="55.7234515250" lon="49.4531493355"><ele>175.96</ele><time>2018-08-15T15:45:40Z</time><extensions><gpxtpx:TrackPointExtension><gpxtpx:depth>0.00</gpxtpx:depth></gpxtpx:TrackPointExtension></extensions></trkpt><trkpt lat="55.7232513651" lon="49.4547764305"><ele>174.62</ele><time>2018-08-15T15:45:58Z</time><extensions><gpxtpx:TrackPointExtension><gpxtpx:depth>0.00</gpxtpx:depth></gpxtpx:TrackPointExtension></extensions></trkpt><trkpt lat="55.7230708189" lon="49.4563855883"><ele>173.12</ele><time>2018-08-15T15:46:16Z</time><extensions><gpxtpx:TrackPointExtension><gpxtpx:depth>0.00</gpxtpx:depth></gpxtpx:TrackPointExtension></extensions></trkpt><trkpt lat="55.7228991576" lon="49.4580023736"><ele>172.09</ele><time>2018-08-15T15:46:34Z</time><extensions><gpxtpx:TrackPointExtension><gpxtpx:depth>0.00</gpxtpx:depth></gpxtpx:TrackPointExtension></extensions></trkpt><trkpt lat="55.7226984948" lon="49.4595667720"><ele>170.89</ele><time>2018-08-15T15:46:51Z</time><extensions><gpxtpx:TrackPointExtension><gpxtpx:depth>0.00</gpxtpx:depth></gpxtpx:TrackPointExtension></extensions></trkpt><trkpt lat="55.7224876899" lon="49.4611825515"><ele>169.48</ele><time>2018-08-15T15:47:07Z</time><extensions><gpxtpx:TrackPointExtension><gpxtpx:depth>0.00</gpxtpx:depth></gpxtpx:TrackPointExtension></extensions></trkpt><trkpt lat="55.7223297749" lon="49.4628537353"><ele>167.46</ele><time>2018-08-15T15:47:22Z</time><extensions><gpxtpx:TrackPointExtension><gpxtpx:depth>0.00</gpxtpx:depth></gpxtpx:TrackPointExtension></extensions></trkpt><trkpt lat="55.7221643999" lon="49.4644549303"><ele>165.05</ele><time>2018-08-15T15:47:36Z</time><extensions><gpxtpx:TrackPointExtension><gpxtpx:depth>0.00</gpxtpx:depth></gpxtpx:TrackPointExtension></extensions></trkpt><trkpt lat="55.7219796628" lon="49.4660572149"><ele>163.15</ele><time>2018-08-15T15:47:49Z</time><extensions><gpxtpx:TrackPointExtension><gpxtpx:depth>0.00</gpxtpx:depth></gpxtpx:TrackPointExtension></extensions></trkpt><trkpt lat="55.7218002900" lon="49.4676415622"><ele>161.31</ele><time>2018-08-15T15:48:01Z</time><extensions><gpxtpx:TrackPointExtension><gpxtpx:depth>0.00</gpxtpx:depth></gpxtpx:TrackPointExtension></extensions></trkpt><trkpt lat="55.7213615812" lon="49.4688472990"><ele>156.26</ele><time>2018-08-15T15:48:29Z</time><extensions><gpxtpx:TrackPointExtension><gpxtpx:depth>0.00</gpxtpx:depth></gpxtpx:TrackPointExtension></extensions></trkpt><trkpt lat="55.7205243967" lon="49.4689914677"><ele>156.53</ele><time>2018-08-15T15:49:10Z</time><extensions><gpxtpx:TrackPointExtension><gpxtpx:depth>0.00</gpxtpx:depth></gpxtpx:TrackPointExtension></extensions></trkpt><trkpt lat="55.7197841909" lon="49.4680850487"><ele>156.12</ele><time>2018-08-15T15:49:50Z</time><extensions><gpxtpx:TrackPointExtension><gpxtpx:depth>0.00</gpxtpx:depth></gpxtpx:TrackPointExtension></extensions></trkpt><trkpt lat="55.7189801149" lon="49.4678854756"><ele>156.01</ele><time>2018-08-15T15:51:55Z</time><extensions><gpxtpx:TrackPointExtension><gpxtpx:depth>0.00</gpxtpx:depth></gpxtpx:TrackPointExtension></extensions></trkpt><trkpt lat="55.7190749142" lon="49.4678847212"><ele>155.85</ele><time>2018-08-15T15:54:40Z</time><extensions><gpxtpx:TrackPointExtension><gpxtpx:depth>0.00</gpxtpx:depth></gpxtpx:TrackPointExtension></extensions></trkpt><trkpt lat="55.7199728675" lon="49.4681832008"><ele>156.05</ele><time>2018-08-15T15:55:26Z</time><extensions><gpxtpx:TrackPointExtension><gpxtpx:depth>0.00</gpxtpx:depth></gpxtpx:TrackPointExtension></extensions></trkpt><trkpt lat="55.7206725050" lon="49.4691758696"><ele>155.92</ele><time>2018-08-15T15:56:04Z</time><extensions><gpxtpx:TrackPointExtension><gpxtpx:depth>0.00</gpxtpx:depth></gpxtpx:TrackPointExtension></extensions></trkpt><trkpt lat="55.7214864716" lon="49.4686372485"><ele>155.44</ele><time>2018-08-15T15:56:47Z</time><extensions><gpxtpx:TrackPointExtension><gpxtpx:depth>0.00</gpxtpx:depth></gpxtpx:TrackPointExtension></extensions></trkpt><trkpt lat="55.7215239387" lon="49.4699848071"><ele>155.93</ele><time>2018-08-15T15:57:24Z</time><extensions><gpxtpx:TrackPointExtension><gpxtpx:depth>0.00</gpxtpx:depth></gpxtpx:TrackPointExtension></extensions></trkpt><trkpt lat="55.7213304844" lon="49.4716103096"><ele>154.42</ele><time>2018-08-15T15:57:41Z</time><extensions><gpxtpx:TrackPointExtension><gpxtpx:depth>0.00</gpxtpx:depth></gpxtpx:TrackPointExtension></extensions></trkpt><trkpt lat="55.7211438194" lon="49.4732950721"><ele>152.30</ele><time>2018-08-15T15:57:55Z</time><extensions><gpxtpx:TrackPointExtension><gpxtpx:depth>0.00</gpxtpx:depth></gpxtpx:TrackPointExtension></extensions></trkpt><trkpt lat="55.7209545560" lon="49.4749408588"><ele>150.68</ele><time>2018-08-15T15:58:08Z</time><extensions><gpxtpx:TrackPointExtension><gpxtpx:depth>0.00</gpxtpx:depth></gpxtpx:TrackPointExtension></extensions></trkpt><trkpt lat="55.7207571622" lon="49.4765122980"><ele>149.79</ele><time>2018-08-15T15:58:21Z</time><extensions><gpxtpx:TrackPointExtension><gpxtpx:depth>0.00</gpxtpx:depth></gpxtpx:TrackPointExtension></extensions></trkpt><trkpt lat="55.7205704134" lon="49.4781357050"><ele>148.57</ele><time>2018-08-15T15:58:35Z</time><extensions><gpxtpx:TrackPointExtension><gpxtpx:depth>0.00</gpxtpx:depth></gpxtpx:TrackPointExtension></extensions></trkpt><trkpt lat="55.7203835808" lon="49.4797225669"><ele>147.50</ele><time>2018-08-15T15:58:49Z</time><extensions><gpxtpx:TrackPointExtension><gpxtpx:depth>0.00</gpxtpx:depth></gpxtpx:TrackPointExtension></extensions></trkpt><trkpt lat="55.7202121709" lon="49.4813269470"><ele>145.96</ele><time>2018-08-15T15:59:03Z</time><extensions><gpxtpx:TrackPointExtension><gpxtpx:depth>0.00</gpxtpx:depth></gpxtpx:TrackPointExtension></extensions></trkpt><trkpt lat="55.7200426888" lon="49.4828953687"><ele>144.32</ele><time>2018-08-15T15:59:17Z</time><extensions><gpxtpx:TrackPointExtension><gpxtpx:depth>0.00</gpxtpx:depth></gpxtpx:TrackPointExtension></extensions></trkpt><trkpt lat="55.7198529225" lon="49.4844548218"><ele>143.26</ele><time>2018-08-15T15:59:32Z</time><extensions><gpxtpx:TrackPointExtension><gpxtpx:depth>0.00</gpxtpx:depth></gpxtpx:TrackPointExtension></extensions></trkpt><trkpt lat="55.7196706999" lon="49.4860277697"><ele>141.53</ele><time>2018-08-15T15:59:48Z</time><extensions><gpxtpx:TrackPointExtension><gpxtpx:depth>0.00</gpxtpx:depth></gpxtpx:TrackPointExtension></extensions></trkpt><trkpt lat="55.7194800116" lon="49.4876049086"><ele>140.45</ele><time>2018-08-15T16:00:05Z</time><extensions><gpxtpx:TrackPointExtension><gpxtpx:depth>0.00</gpxtpx:depth></gpxtpx:TrackPointExtension></extensions></trkpt><trkpt lat="55.7193039916" lon="49.4891834725"><ele>139.53</ele><time>2018-08-15T16:00:23Z</time><extensions><gpxtpx:TrackPointExtension><gpxtpx:depth>0.00</gpxtpx:depth></gpxtpx:TrackPointExtension></extensions></trkpt><trkpt lat="55.7191105373" lon="49.4907487091"><ele>138.40</ele><time>2018-08-15T16:00:41Z</time><extensions><gpxtpx:TrackPointExtension><gpxtpx:depth>0.00</gpxtpx:depth></gpxtpx:TrackPointExtension></extensions></trkpt><trkpt lat="55.7189077791" lon="49.4924092479"><ele>137.13</ele><time>2018-08-15T16:00:59Z</time><extensions><gpxtpx:TrackPointExtension><gpxtpx:depth>0.00</gpxtpx:depth></gpxtpx:TrackPointExtension></extensions></trkpt><trkpt lat="55.7187145762" lon="49.4940519333"><ele>135.72</ele><time>2018-08-15T16:01:15Z</time><extensions><gpxtpx:TrackPointExtension><gpxtpx:depth>0.00</gpxtpx:depth></gpxtpx:TrackPointExtension></extensions></trkpt><trkpt lat="55.7184986584" lon="49.4957040902"><ele>133.35</ele><time>2018-08-15T16:01:29Z</time><extensions><gpxtpx:TrackPointExtension><gpxtpx:depth>0.00</gpxtpx:depth></gpxtpx:TrackPointExtension></extensions></trkpt><trkpt lat="55.7182990015" lon="49.4973826502"><ele>131.22</ele><time>2018-08-15T16:01:41Z</time><extensions><gpxtpx:TrackPointExtension><gpxtpx:depth>0.00</gpxtpx:depth></gpxtpx:TrackPointExtension></extensions></trkpt><trkpt lat="55.7181155216" lon="49.4991090707"><ele>128.36</ele><time>2018-08-15T16:01:52Z</time><extensions><gpxtpx:TrackPointExtension><gpxtpx:depth>0.00</gpxtpx:depth></gpxtpx:TrackPointExtension></extensions></trkpt><trkpt lat="55.7179131825" lon="49.5008391794"><ele>125.17</ele><time>2018-08-15T16:02:02Z</time><extensions><gpxtpx:TrackPointExtension><gpxtpx:depth>0.00</gpxtpx:depth></gpxtpx:TrackPointExtension></extensions></trkpt><trkpt lat="55.7177234162" lon="49.5024593174"><ele>121.98</ele><time>2018-08-15T16:02:11Z</time><extensions><gpxtpx:TrackPointExtension><gpxtpx:depth>0.00</gpxtpx:depth></gpxtpx:TrackPointExtension></extensions></trkpt><trkpt lat="55.7175224181" lon="49.5040833950"><ele>118.69</ele><time>2018-08-15T16:02:20Z</time><extensions><gpxtpx:TrackPointExtension><gpxtpx:depth>0.00</gpxtpx:depth></gpxtpx:TrackPointExtension></extensions></trkpt><trkpt lat="55.7173150498" lon="49.5057472866"><ele>114.96</ele><time>2018-08-15T16:02:30Z</time><extensions><gpxtpx:TrackPointExtension><gpxtpx:depth>0.00</gpxtpx:depth></gpxtpx:TrackPointExtension></extensions></trkpt><trkpt lat="55.7171027362" lon="49.5073136967"><ele>113.59</ele><time>2018-08-15T16:02:41Z</time><extensions><gpxtpx:TrackPointExtension><gpxtpx:depth>0.00</gpxtpx:depth></gpxtpx:TrackPointExtension></extensions></trkpt><trkpt lat="55.7168887462" lon="49.5089012291"><ele>113.12</ele><time>2018-08-15T16:02:54Z</time><extensions><gpxtpx:TrackPointExtension><gpxtpx:depth>0.00</gpxtpx:depth></gpxtpx:TrackPointExtension></extensions></trkpt><trkpt lat="55.7166615129" lon="49.5105354488"><ele>112.00</ele><time>2018-08-15T16:03:09Z</time><extensions><gpxtpx:TrackPointExtension><gpxtpx:depth>0.00</gpxtpx:depth></gpxtpx:TrackPointExtension></extensions></trkpt><trkpt lat="55.7164459303" lon="49.5120937284"><ele>110.48</ele><time>2018-08-15T16:03:25Z</time><extensions><gpxtpx:TrackPointExtension><gpxtpx:depth>0.00</gpxtpx:depth></gpxtpx:TrackPointExtension></extensions></trkpt><trkpt lat="55.7162305154" lon="49.5136624016"><ele>108.89</ele><time>2018-08-15T16:03:45Z</time><extensions><gpxtpx:TrackPointExtension><gpxtpx:depth>0.00</gpxtpx:depth></gpxtpx:TrackPointExtension></extensions></trkpt><trkpt lat="55.7160122506" lon="49.5151954517"><ele>107.98</ele><time>2018-08-15T16:04:09Z</time><extensions><gpxtpx:TrackPointExtension><gpxtpx:depth>0.00</gpxtpx:depth></gpxtpx:TrackPointExtension></extensions></trkpt><trkpt lat="55.7157876994" lon="49.5167941321"><ele>107.28</ele><time>2018-08-15T16:04:32Z</time><extensions><gpxtpx:TrackPointExtension><gpxtpx:depth>0.00</gpxtpx:depth></gpxtpx:TrackPointExtension></extensions></trkpt><trkpt lat="55.7155734580" lon="49.5183663256"><ele>106.51</ele><time>2018-08-15T16:04:54Z</time><extensions><gpxtpx:TrackPointExtension><gpxtpx:depth>0.00</gpxtpx:depth></gpxtpx:TrackPointExtension></extensions></trkpt><trkpt lat="55.7153447997" lon="49.5199400280"><ele>105.59</ele><time>2018-08-15T16:05:15Z</time><extensions><gpxtpx:TrackPointExtension><gpxtpx:depth>0.00</gpxtpx:depth></gpxtpx:TrackPointExtension></extensions></trkpt><trkpt lat="55.7151229307" lon="49.5215601660"><ele>104.50</ele><time>2018-08-15T16:05:34Z</time><extensions><gpxtpx:TrackPointExtension><gpxtpx:depth>0.00</gpxtpx:depth></gpxtpx:TrackPointExtension></extensions></trkpt><trkpt lat="55.7148982119" lon="49.5232154243"><ele>102.96</ele><time>2018-08-15T16:05:51Z</time><extensions><gpxtpx:TrackPointExtension><gpxtpx:depth>0.00</gpxtpx:depth></gpxtpx:TrackPointExtension></extensions></trkpt><trkpt lat="55.7146842219" lon="49.5247877855"><ele>101.76</ele><time>2018-08-15T16:06:07Z</time><extensions><gpxtpx:TrackPointExtension><gpxtpx:depth>0.00</gpxtpx:depth></gpxtpx:TrackPointExtension></extensions></trkpt><trkpt lat="55.7144721597" lon="49.5263432153"><ele>100.48</ele><time>2018-08-15T16:06:23Z</time><extensions><gpxtpx:TrackPointExtension><gpxtpx:depth>0.00</gpxtpx:depth></gpxtpx:TrackPointExtension></extensions></trkpt><trkpt lat="55.7142554037" lon="49.5279155765"><ele>99.53</ele><time>2018-08-15T16:06:42Z</time><extensions><gpxtpx:TrackPointExtension><gpxtpx:depth>0.00</gpxtpx:depth></gpxtpx:TrackPointExtension></extensions></trkpt><trkpt lat="55.7140350435" lon="49.5294663962"><ele>100.25</ele><time>2018-08-15T16:07:10Z</time><extensions><gpxtpx:TrackPointExtension><gpxtpx:depth>0.00</gpxtpx:depth></gpxtpx:TrackPointExtension></extensions></trkpt><trkpt lat="55.7138171140" lon="49.5310493186"><ele>101.19</ele><time>2018-08-15T16:07:38Z</time><extensions><gpxtpx:TrackPointExtension><gpxtpx:depth>0.00</gpxtpx:depth></gpxtpx:TrackPointExtension></extensions></trkpt><trkpt lat="55.7135962509" lon="49.5325936843"><ele>101.56</ele><time>2018-08-15T16:08:07Z</time><extensions><gpxtpx:TrackPointExtension><gpxtpx:depth>0.00</gpxtpx:depth></gpxtpx:TrackPointExtension></extensions></trkpt><trkpt lat="55.7133650780" lon="49.5333880372"><ele>101.41</ele><time>2018-08-15T16:11:14Z</time><extensions><gpxtpx:TrackPointExtension><gpxtpx:depth>0.00</gpxtpx:depth></gpxtpx:TrackPointExtension></extensions></trkpt><trkpt lat="55.7124594972" lon="49.5337196253"><ele>97.19</ele><time>2018-08-15T16:11:51Z</time><extensions><gpxtpx:TrackPointExtension><gpxtpx:depth>0.00</gpxtpx:depth></gpxtpx:TrackPointExtension></extensions></trkpt><trkpt lat="55.7115660701" lon="49.5337690786"><ele>93.47</ele><time>2018-08-15T16:12:21Z</time><extensions><gpxtpx:TrackPointExtension><gpxtpx:depth>0.00</gpxtpx:depth></gpxtpx:TrackPointExtension></extensions></trkpt><trkpt lat="55.7106806897" lon="49.5337161887"><ele>89.22</ele><time>2018-08-15T16:12:56Z</time><extensions><gpxtpx:TrackPointExtension><gpxtpx:depth>0.00</gpxtpx:depth></gpxtpx:TrackPointExtension></extensions></trkpt><trkpt lat="55.7111402694" lon="49.5330284536"><ele>90.03</ele><time>2018-08-15T16:14:55Z</time><extensions><gpxtpx:TrackPointExtension><gpxtpx:depth>0.00</gpxtpx:depth></gpxtpx:TrackPointExtension></extensions></trkpt><trkpt lat="55.7110266108" lon="49.5327012241"><ele>88.94</ele><time>2018-08-15T16:53:50Z</time><extensions><gpxtpx:TrackPointExtension><gpxtpx:depth>0.00</gpxtpx:depth></gpxtpx:TrackPointExtension></extensions></trkpt></trkseg></trk></gpx>